ID_Motif,Support,Document,Structure_Abstraite,Exemples_du_Texte
21,70,FR100003,[EVENT_BEFORE_N/A_ACTUAL] --(CONTAINS)--> [EVENT_BEFORE_N/A_ACTUAL] | [EVENT_BEFORE_N/A_ACTUAL] --(BEFORE)--> [EVENT_BEFORE_N/A_ACTUAL],"""streptococcus"" --(CONTAINS)--> ""culture"" | ""culture"" --(BEFORE)--> ""réajustée"""
21,70,FR100078,[EVENT_BEFORE_N/A_ACTUAL] --(CONTAINS)--> [EVENT_BEFORE_N/A_ACTUAL] | [EVENT_BEFORE_N/A_ACTUAL] --(BEFORE)--> [EVENT_BEFORE_N/A_ACTUAL],"""pouls"" --(CONTAINS)--> ""examen"" | ""examen"" --(BEFORE)--> ""doppler"""
21,70,FR100092,[EVENT_BEFORE_N/A_ACTUAL] --(CONTAINS)--> [EVENT_BEFORE_N/A_ACTUAL] | [EVENT_BEFORE_N/A_ACTUAL] --(BEFORE)--> [EVENT_BEFORE_N/A_ACTUAL],"""grossesse"" --(CONTAINS)--> ""étude"" | ""étude"" --(BEFORE)--> ""suites"""
21,70,FR100120,[EVENT_BEFORE_N/A_ACTUAL] --(CONTAINS)--> [EVENT_BEFORE_N/A_ACTUAL] | [EVENT_BEFORE_N/A_ACTUAL] --(BEFORE)--> [EVENT_BEFORE_N/A_ACTUAL],"""retard"" --(CONTAINS)--> ""rattaché"" | ""rattaché"" --(BEFORE)--> ""traitées"""
21,70,FR100130,[EVENT_BEFORE_N/A_ACTUAL] --(CONTAINS)--> [EVENT_BEFORE_N/A_ACTUAL] | [EVENT_BEFORE_N/A_ACTUAL] --(BEFORE)--> [EVENT_BEFORE_N/A_ACTUAL],"""apyrétique"" --(CONTAINS)--> ""examen"" | ""examen"" --(BEFORE)--> ""biologie"""
21,70,FR100132,[EVENT_BEFORE_N/A_ACTUAL] --(CONTAINS)--> [EVENT_BEFORE_N/A_ACTUAL] | [EVENT_BEFORE_N/A_ACTUAL] --(BEFORE)--> [EVENT_BEFORE_N/A_ACTUAL],"""baisse"" --(CONTAINS)--> ""examen"" | ""examen"" --(BEFORE)--> ""écho-Doppler"""
21,70,FR100142,[EVENT_BEFORE_N/A_ACTUAL] --(CONTAINS)--> [EVENT_BEFORE_N/A_ACTUAL] | [EVENT_BEFORE_N/A_ACTUAL] --(BEFORE)--> [EVENT_BEFORE_N/A_ACTUAL],"""éléments"" --(CONTAINS)--> ""biopsie"" | ""biopsie"" --(BEFORE)--> ""étude"""
21,70,FR100161,[EVENT_BEFORE_N/A_ACTUAL] --(CONTAINS)--> [EVENT_BEFORE_N/A_ACTUAL] | [EVENT_BEFORE_N/A_ACTUAL] --(BEFORE)--> [EVENT_BEFORE_N/A_ACTUAL],"""sérologie"" --(CONTAINS)--> ""examens"" | ""examens"" --(BEFORE)--> ""radiographie"""
21,70,FR100168,[EVENT_BEFORE_N/A_ACTUAL] --(CONTAINS)--> [EVENT_BEFORE_N/A_ACTUAL] | [EVENT_BEFORE_N/A_ACTUAL] --(BEFORE)--> [EVENT_BEFORE_N/A_ACTUAL],"""fibrinogène"" --(CONTAINS)--> ""bilan"" | ""bilan"" --(BEFORE)--> ""tests"""
21,70,FR100185,[EVENT_BEFORE_N/A_ACTUAL] --(CONTAINS)--> [EVENT_BEFORE_N/A_ACTUAL] | [EVENT_BEFORE_N/A_ACTUAL] --(BEFORE)--> [EVENT_BEFORE_N/A_ACTUAL],"""accuse"" --(CONTAINS)--> ""Electromyogramme"" | ""Electromyogramme"" --(BEFORE)--> ""IRM"""
21,70,FR100255,[EVENT_BEFORE_N/A_ACTUAL] --(CONTAINS)--> [EVENT_BEFORE_N/A_ACTUAL] | [EVENT_BEFORE_N/A_ACTUAL] --(BEFORE)--> [EVENT_BEFORE_N/A_ACTUAL],"""grossesse"" --(CONTAINS)--> ""admise"" | ""admise"" --(BEFORE)--> ""examen"""
21,70,FR100275,[EVENT_BEFORE_N/A_ACTUAL] --(CONTAINS)--> [EVENT_BEFORE_N/A_ACTUAL] | [EVENT_BEFORE_N/A_ACTUAL] --(BEFORE)--> [EVENT_BEFORE_N/A_ACTUAL],"""matières"" --(CONTAINS)--> ""arrivée"" | ""arrivée"" --(BEFORE)--> ""établi"""
21,70,FR100276,[EVENT_BEFORE_N/A_ACTUAL] --(CONTAINS)--> [EVENT_BEFORE_N/A_ACTUAL] | [EVENT_BEFORE_N/A_ACTUAL] --(BEFORE)--> [EVENT_BEFORE_N/A_ACTUAL],"""grossesse"" --(CONTAINS)--> ""posé"" | ""posé"" --(BEFORE)--> ""application"""
21,70,FR100282,[EVENT_BEFORE_N/A_ACTUAL] --(CONTAINS)--> [EVENT_BEFORE_N/A_ACTUAL] | [EVENT_BEFORE_N/A_ACTUAL] --(BEFORE)--> [EVENT_BEFORE_N/A_ACTUAL],"""tracé"" --(CONTAINS)--> ""électroencéphalogramme"" | ""électroencéphalogramme"" --(BEFORE)--> ""scanner"""
21,70,FR100283,[EVENT_BEFORE_N/A_ACTUAL] --(CONTAINS)--> [EVENT_BEFORE_N/A_ACTUAL] | [EVENT_BEFORE_N/A_ACTUAL] --(BEFORE)--> [EVENT_BEFORE_N/A_ACTUAL],"""processus"" --(CONTAINS)--> ""IRM"" | ""IRM"" --(BEFORE)--> ""hypophysiogramme"""
21,70,FR100296,[EVENT_BEFORE_N/A_ACTUAL] --(CONTAINS)--> [EVENT_BEFORE_N/A_ACTUAL] | [EVENT_BEFORE_N/A_ACTUAL] --(BEFORE)--> [EVENT_BEFORE_N/A_ACTUAL],"""phénomènes"" --(CONTAINS)--> ""examen"" | ""examen"" --(BEFORE)--> ""IRM"""
21,70,FR100314,[EVENT_BEFORE_N/A_ACTUAL] --(CONTAINS)--> [EVENT_BEFORE_N/A_ACTUAL] | [EVENT_BEFORE_N/A_ACTUAL] --(BEFORE)--> [EVENT_BEFORE_N/A_ACTUAL],"""traumatisme"" --(CONTAINS)--> ""admise"" | ""admise"" --(BEFORE)--> ""bilan"""
21,70,FR100344,[EVENT_BEFORE_N/A_ACTUAL] --(CONTAINS)--> [EVENT_BEFORE_N/A_ACTUAL] | [EVENT_BEFORE_N/A_ACTUAL] --(BEFORE)--> [EVENT_BEFORE_N/A_ACTUAL],"""évolution"" --(CONTAINS)--> ""déroulée"" | ""déroulée"" --(BEFORE)--> ""plainte"""
21,70,FR100346,[EVENT_BEFORE_N/A_ACTUAL] --(CONTAINS)--> [EVENT_BEFORE_N/A_ACTUAL] | [EVENT_BEFORE_N/A_ACTUAL] --(BEFORE)--> [EVENT_BEFORE_N/A_ACTUAL],"""angiomyolipome"" --(CONTAINS)--> ""scanner"" | ""scanner"" --(BEFORE)--> ""posé"""
21,70,FR100360,[EVENT_BEFORE_N/A_ACTUAL] --(CONTAINS)--> [EVENT_BEFORE_N/A_ACTUAL] | [EVENT_BEFORE_N/A_ACTUAL] --(BEFORE)--> [EVENT_BEFORE_N/A_ACTUAL],"""bilan"" --(CONTAINS)--> ""tomodensitométrie"" | ""tomodensitométrie"" --(BEFORE)--> ""radiothérapie"""
21,70,FR100361,[EVENT_BEFORE_N/A_ACTUAL] --(CONTAINS)--> [EVENT_BEFORE_N/A_ACTUAL] | [EVENT_BEFORE_N/A_ACTUAL] --(BEFORE)--> [EVENT_BEFORE_N/A_ACTUAL],"""processus"" --(CONTAINS)--> ""TDM"" | ""TDM"" --(BEFORE)--> ""ponction"""
21,70,FR100371,[EVENT_BEFORE_N/A_ACTUAL] --(CONTAINS)--> [EVENT_BEFORE_N/A_ACTUAL] | [EVENT_BEFORE_N/A_ACTUAL] --(BEFORE)--> [EVENT_BEFORE_N/A_ACTUAL],"""taux"" --(CONTAINS)--> ""bilan"" | ""bilan"" --(BEFORE)--> ""bilan"""
21,70,FR100400,[EVENT_BEFORE_N/A_ACTUAL] --(CONTAINS)--> [EVENT_BEFORE_N/A_ACTUAL] | [EVENT_BEFORE_N/A_ACTUAL] --(BEFORE)--> [EVENT_BEFORE_N/A_ACTUAL],"""kyste"" --(CONTAINS)--> ""diagnostic"" | ""diagnostic"" --(BEFORE)--> ""opérée"""
21,70,FR100439,[EVENT_BEFORE_N/A_ACTUAL] --(CONTAINS)--> [EVENT_BEFORE_N/A_ACTUAL] | [EVENT_BEFORE_N/A_ACTUAL] --(BEFORE)--> [EVENT_BEFORE_N/A_ACTUAL],"""foyer"" --(CONTAINS)--> ""scanner"" | ""scanner"" --(BEFORE)--> ""endoscopie"""
21,70,FR100453,[EVENT_BEFORE_N/A_ACTUAL] --(CONTAINS)--> [EVENT_BEFORE_N/A_ACTUAL] | [EVENT_BEFORE_N/A_ACTUAL] --(BEFORE)--> [EVENT_BEFORE_N/A_ACTUAL],"""développement"" --(CONTAINS)--> ""examen"" | ""examen"" --(BEFORE)--> ""radiographies"""
21,70,FR100480,[EVENT_BEFORE_N/A_ACTUAL] --(CONTAINS)--> [EVENT_BEFORE_N/A_ACTUAL] | [EVENT_BEFORE_N/A_ACTUAL] --(BEFORE)--> [EVENT_BEFORE_N/A_ACTUAL],"""nature"" --(CONTAINS)--> ""examen"" | ""examen"" --(BEFORE)--> ""bilan"""
21,70,FR100510,[EVENT_BEFORE_N/A_ACTUAL] --(CONTAINS)--> [EVENT_BEFORE_N/A_ACTUAL] | [EVENT_BEFORE_N/A_ACTUAL] --(BEFORE)--> [EVENT_BEFORE_N/A_ACTUAL],"""intervention"" --(CONTAINS)--> ""résection"" | ""résection"" --(BEFORE)--> ""examen"""
21,70,FR100515,[EVENT_BEFORE_N/A_ACTUAL] --(CONTAINS)--> [EVENT_BEFORE_N/A_ACTUAL] | [EVENT_BEFORE_N/A_ACTUAL] --(BEFORE)--> [EVENT_BEFORE_N/A_ACTUAL],"""déficit"" --(CONTAINS)--> ""testing"" | ""testing"" --(BEFORE)--> ""électromyogramme"""
21,70,FR100517,[EVENT_BEFORE_N/A_ACTUAL] --(CONTAINS)--> [EVENT_BEFORE_N/A_ACTUAL] | [EVENT_BEFORE_N/A_ACTUAL] --(BEFORE)--> [EVENT_BEFORE_N/A_ACTUAL],"""plaques"" --(CONTAINS)--> ""examen"" | ""examen"" --(BEFORE)--> ""bilan"""
21,70,FR100519,[EVENT_BEFORE_N/A_ACTUAL] --(CONTAINS)--> [EVENT_BEFORE_N/A_ACTUAL] | [EVENT_BEFORE_N/A_ACTUAL] --(BEFORE)--> [EVENT_BEFORE_N/A_ACTUAL],"""thrombose"" --(CONTAINS)--> ""échodoppler"" | ""échodoppler"" --(BEFORE)--> ""retenue"""
21,70,FR100579,[EVENT_BEFORE_N/A_ACTUAL] --(CONTAINS)--> [EVENT_BEFORE_N/A_ACTUAL] | [EVENT_BEFORE_N/A_ACTUAL] --(BEFORE)--> [EVENT_BEFORE_N/A_ACTUAL],"""dilatation"" --(CONTAINS)--> ""radiographie"" | ""radiographie"" --(BEFORE)--> ""échocardiographie"""
21,70,FR100589,[EVENT_BEFORE_N/A_ACTUAL] --(CONTAINS)--> [EVENT_BEFORE_N/A_ACTUAL] | [EVENT_BEFORE_N/A_ACTUAL] --(BEFORE)--> [EVENT_BEFORE_N/A_ACTUAL],"""taux"" --(CONTAINS)--> ""hémogramme"" | ""hémogramme"" --(BEFORE)--> ""Cytométrie"""
21,70,FR100597,[EVENT_BEFORE_N/A_ACTUAL] --(CONTAINS)--> [EVENT_BEFORE_N/A_ACTUAL] | [EVENT_BEFORE_N/A_ACTUAL] --(BEFORE)--> [EVENT_BEFORE_N/A_ACTUAL],"""hypervascularisation"" --(CONTAINS)--> ""échographie"" | ""échographie"" --(BEFORE)--> ""complété"""
21,70,FR100603,[EVENT_BEFORE_N/A_ACTUAL] --(CONTAINS)--> [EVENT_BEFORE_N/A_ACTUAL] | [EVENT_BEFORE_N/A_ACTUAL] --(BEFORE)--> [EVENT_BEFORE_N/A_ACTUAL],"""staphylococcus"" --(CONTAINS)--> ""hémocultures"" | ""hémocultures"" --(BEFORE)--> ""évolution"""
21,70,FR100611,[EVENT_BEFORE_N/A_ACTUAL] --(CONTAINS)--> [EVENT_BEFORE_N/A_ACTUAL] | [EVENT_BEFORE_N/A_ACTUAL] --(BEFORE)--> [EVENT_BEFORE_N/A_ACTUAL],"""micronodules"" --(CONTAINS)--> ""TDM"" | ""TDM"" --(BEFORE)--> ""biopsie"""
21,70,FR100614,[EVENT_BEFORE_N/A_ACTUAL] --(CONTAINS)--> [EVENT_BEFORE_N/A_ACTUAL] | [EVENT_BEFORE_N/A_ACTUAL] --(BEFORE)--> [EVENT_BEFORE_N/A_ACTUAL],"""augmentation"" --(CONTAINS)--> ""admission"" | ""admission"" --(BEFORE)--> ""examen"""
21,70,FR100620,[EVENT_BEFORE_N/A_ACTUAL] --(CONTAINS)--> [EVENT_BEFORE_N/A_ACTUAL] | [EVENT_BEFORE_N/A_ACTUAL] --(BEFORE)--> [EVENT_BEFORE_N/A_ACTUAL],"""toux"" --(CONTAINS)--> ""présenté"" | ""présenté"" --(BEFORE)--> ""examen"""
21,70,FR100623,[EVENT_BEFORE_N/A_ACTUAL] --(CONTAINS)--> [EVENT_BEFORE_N/A_ACTUAL] | [EVENT_BEFORE_N/A_ACTUAL] --(BEFORE)--> [EVENT_BEFORE_N/A_ACTUAL],"""disposition"" --(CONTAINS)--> ""tomodensitométrie"" | ""tomodensitométrie"" --(BEFORE)--> ""retenu"""
21,70,FR100629,[EVENT_BEFORE_N/A_ACTUAL] --(CONTAINS)--> [EVENT_BEFORE_N/A_ACTUAL] | [EVENT_BEFORE_N/A_ACTUAL] --(BEFORE)--> [EVENT_BEFORE_N/A_ACTUAL],"""opacité"" --(CONTAINS)--> ""radiographie"" | ""radiographie"" --(BEFORE)--> ""TDM"""
21,70,FR100632,[EVENT_BEFORE_N/A_ACTUAL] --(CONTAINS)--> [EVENT_BEFORE_N/A_ACTUAL] | [EVENT_BEFORE_N/A_ACTUAL] --(BEFORE)--> [EVENT_BEFORE_N/A_ACTUAL],"""diminuée"" --(CONTAINS)--> ""examen"" | ""examen"" --(BEFORE)--> ""IRM"""
21,70,FR100658,[EVENT_BEFORE_N/A_ACTUAL] --(CONTAINS)--> [EVENT_BEFORE_N/A_ACTUAL] | [EVENT_BEFORE_N/A_ACTUAL] --(BEFORE)--> [EVENT_BEFORE_N/A_ACTUAL],"""eupnéique"" --(CONTAINS)--> ""examen"" | ""examen"" --(BEFORE)--> ""laryngoscopie"""
21,70,FR100663,[EVENT_BEFORE_N/A_ACTUAL] --(CONTAINS)--> [EVENT_BEFORE_N/A_ACTUAL] | [EVENT_BEFORE_N/A_ACTUAL] --(BEFORE)--> [EVENT_BEFORE_N/A_ACTUAL],"""stable"" --(CONTAINS)--> ""examen"" | ""examen"" --(BEFORE)--> ""examen"""
21,70,FR100666,[EVENT_BEFORE_N/A_ACTUAL] --(CONTAINS)--> [EVENT_BEFORE_N/A_ACTUAL] | [EVENT_BEFORE_N/A_ACTUAL] --(BEFORE)--> [EVENT_BEFORE_N/A_ACTUAL],"""localisations"" --(CONTAINS)--> ""bilan"" | ""bilan"" --(BEFORE)--> ""classé"""
21,70,FR100683,[EVENT_BEFORE_N/A_ACTUAL] --(CONTAINS)--> [EVENT_BEFORE_N/A_ACTUAL] | [EVENT_BEFORE_N/A_ACTUAL] --(BEFORE)--> [EVENT_BEFORE_N/A_ACTUAL],"""T4"" --(CONTAINS)--> ""exploration"" | ""exploration"" --(BEFORE)--> ""IRM"""
21,70,FR100688,[EVENT_BEFORE_N/A_ACTUAL] --(CONTAINS)--> [EVENT_BEFORE_N/A_ACTUAL] | [EVENT_BEFORE_N/A_ACTUAL] --(BEFORE)--> [EVENT_BEFORE_N/A_ACTUAL],"""poids"" --(CONTAINS)--> ""examen"" | ""examen"" --(BEFORE)--> ""examen"""
21,70,FR100689,[EVENT_BEFORE_N/A_ACTUAL] --(CONTAINS)--> [EVENT_BEFORE_N/A_ACTUAL] | [EVENT_BEFORE_N/A_ACTUAL] --(BEFORE)--> [EVENT_BEFORE_N/A_ACTUAL],"""CRP"" --(CONTAINS)--> ""ionogramme"" | ""ionogramme"" --(BEFORE)--> ""examen"""
21,70,FR100697,[EVENT_BEFORE_N/A_ACTUAL] --(CONTAINS)--> [EVENT_BEFORE_N/A_ACTUAL] | [EVENT_BEFORE_N/A_ACTUAL] --(BEFORE)--> [EVENT_BEFORE_N/A_ACTUAL],"""rétraction"" --(CONTAINS)--> ""mammographie"" | ""mammographie"" --(BEFORE)--> ""échographie"""
21,70,FR100708,[EVENT_BEFORE_N/A_ACTUAL] --(CONTAINS)--> [EVENT_BEFORE_N/A_ACTUAL] | [EVENT_BEFORE_N/A_ACTUAL] --(BEFORE)--> [EVENT_BEFORE_N/A_ACTUAL],"""augmentation"" --(CONTAINS)--> ""constaté"" | ""constaté"" --(BEFORE)--> ""consulté"""
21,70,FR100717,[EVENT_BEFORE_N/A_ACTUAL] --(CONTAINS)--> [EVENT_BEFORE_N/A_ACTUAL] | [EVENT_BEFORE_N/A_ACTUAL] --(BEFORE)--> [EVENT_BEFORE_N/A_ACTUAL],"""Lasègue"" --(CONTAINS)--> ""examen"" | ""examen"" --(BEFORE)--> ""examens"""
21,70,FR100748,[EVENT_BEFORE_N/A_ACTUAL] --(CONTAINS)--> [EVENT_BEFORE_N/A_ACTUAL] | [EVENT_BEFORE_N/A_ACTUAL] --(BEFORE)--> [EVENT_BEFORE_N/A_ACTUAL],"""hospitalisation"" --(CONTAINS)--> ""indication"" | ""indication"" --(BEFORE)--> ""consultation"""
21,70,FR100766,[EVENT_BEFORE_N/A_ACTUAL] --(CONTAINS)--> [EVENT_BEFORE_N/A_ACTUAL] | [EVENT_BEFORE_N/A_ACTUAL] --(BEFORE)--> [EVENT_BEFORE_N/A_ACTUAL],"""opéré"" --(CONTAINS)--> ""amputation"" | ""amputation"" --(BEFORE)--> ""classé"""
21,70,FR100780,[EVENT_BEFORE_N/A_ACTUAL] --(CONTAINS)--> [EVENT_BEFORE_N/A_ACTUAL] | [EVENT_BEFORE_N/A_ACTUAL] --(BEFORE)--> [EVENT_BEFORE_N/A_ACTUAL],"""présentation"" --(CONTAINS)--> ""toucher"" | ""toucher"" --(BEFORE)--> ""échographie"""
21,70,FR100806,[EVENT_BEFORE_N/A_ACTUAL] --(CONTAINS)--> [EVENT_BEFORE_N/A_ACTUAL] | [EVENT_BEFORE_N/A_ACTUAL] --(BEFORE)--> [EVENT_BEFORE_N/A_ACTUAL],"""dédifférenciés"" --(CONTAINS)--> ""échographies"" | ""échographies"" --(BEFORE)--> ""ponction"""
21,70,FR100814,[EVENT_BEFORE_N/A_ACTUAL] --(CONTAINS)--> [EVENT_BEFORE_N/A_ACTUAL] | [EVENT_BEFORE_N/A_ACTUAL] --(BEFORE)--> [EVENT_BEFORE_N/A_ACTUAL],"""processus"" --(CONTAINS)--> ""IRM"" | ""IRM"" --(BEFORE)--> ""diagnostic"""
21,70,FR100826,[EVENT_BEFORE_N/A_ACTUAL] --(CONTAINS)--> [EVENT_BEFORE_N/A_ACTUAL] | [EVENT_BEFORE_N/A_ACTUAL] --(BEFORE)--> [EVENT_BEFORE_N/A_ACTUAL],"""termine"" --(CONTAINS)--> ""bilan"" | ""bilan"" --(BEFORE)--> ""bilan"""
21,70,FR100845,[EVENT_BEFORE_N/A_ACTUAL] --(CONTAINS)--> [EVENT_BEFORE_N/A_ACTUAL] | [EVENT_BEFORE_N/A_ACTUAL] --(BEFORE)--> [EVENT_BEFORE_N/A_ACTUAL],"""grossesse"" --(CONTAINS)--> ""échographie"" | ""échographie"" --(BEFORE)--> ""radiographie"""
21,70,FR100849,[EVENT_BEFORE_N/A_ACTUAL] --(CONTAINS)--> [EVENT_BEFORE_N/A_ACTUAL] | [EVENT_BEFORE_N/A_ACTUAL] --(BEFORE)--> [EVENT_BEFORE_N/A_ACTUAL],"""appendagite"" --(CONTAINS)--> ""tomodensitométrie"" | ""tomodensitométrie"" --(BEFORE)--> ""acheminé"""
21,70,FR100870,[EVENT_BEFORE_N/A_ACTUAL] --(CONTAINS)--> [EVENT_BEFORE_N/A_ACTUAL] | [EVENT_BEFORE_N/A_ACTUAL] --(BEFORE)--> [EVENT_BEFORE_N/A_ACTUAL],"""phosphore"" --(CONTAINS)--> ""bilan"" | ""bilan"" --(BEFORE)--> ""fonction"""
21,70,FR100874,[EVENT_BEFORE_N/A_ACTUAL] --(CONTAINS)--> [EVENT_BEFORE_N/A_ACTUAL] | [EVENT_BEFORE_N/A_ACTUAL] --(BEFORE)--> [EVENT_BEFORE_N/A_ACTUAL],"""refoulement"" --(CONTAINS)--> ""transit"" | ""transit"" --(BEFORE)--> ""tomodensitométrie"""
21,70,FR100882,[EVENT_BEFORE_N/A_ACTUAL] --(CONTAINS)--> [EVENT_BEFORE_N/A_ACTUAL] | [EVENT_BEFORE_N/A_ACTUAL] --(BEFORE)--> [EVENT_BEFORE_N/A_ACTUAL],"""signe"" --(CONTAINS)--> ""examen"" | ""examen"" --(BEFORE)--> ""examen"""
21,70,FR100883,[EVENT_BEFORE_N/A_ACTUAL] --(CONTAINS)--> [EVENT_BEFORE_N/A_ACTUAL] | [EVENT_BEFORE_N/A_ACTUAL] --(BEFORE)--> [EVENT_BEFORE_N/A_ACTUAL],"""prolifération"" --(CONTAINS)--> ""biopsie"" | ""biopsie"" --(BEFORE)--> ""bilan"""
21,70,FR100894,[EVENT_BEFORE_N/A_ACTUAL] --(CONTAINS)--> [EVENT_BEFORE_N/A_ACTUAL] | [EVENT_BEFORE_N/A_ACTUAL] --(BEFORE)--> [EVENT_BEFORE_N/A_ACTUAL],"""reçu"" --(CONTAINS)--> ""appuyés"" | ""appuyés"" --(BEFORE)--> ""diagnostic"""
21,70,FR100903,[EVENT_BEFORE_N/A_ACTUAL] --(CONTAINS)--> [EVENT_BEFORE_N/A_ACTUAL] | [EVENT_BEFORE_N/A_ACTUAL] --(BEFORE)--> [EVENT_BEFORE_N/A_ACTUAL],"""diamètre"" --(CONTAINS)--> ""échographie"" | ""échographie"" --(BEFORE)--> ""IRM"""
21,70,FR100921,[EVENT_BEFORE_N/A_ACTUAL] --(CONTAINS)--> [EVENT_BEFORE_N/A_ACTUAL] | [EVENT_BEFORE_N/A_ACTUAL] --(BEFORE)--> [EVENT_BEFORE_N/A_ACTUAL],"""signe"" --(CONTAINS)--> ""palpation"" | ""palpation"" --(BEFORE)--> ""imagerie"""
21,70,FR100944,[EVENT_BEFORE_N/A_ACTUAL] --(CONTAINS)--> [EVENT_BEFORE_N/A_ACTUAL] | [EVENT_BEFORE_N/A_ACTUAL] --(BEFORE)--> [EVENT_BEFORE_N/A_ACTUAL],"""fuite"" --(CONTAINS)--> ""échocardiographique"" | ""échocardiographique"" --(BEFORE)--> ""remplacement"""
21,70,FR100946,[EVENT_BEFORE_N/A_ACTUAL] --(CONTAINS)--> [EVENT_BEFORE_N/A_ACTUAL] | [EVENT_BEFORE_N/A_ACTUAL] --(BEFORE)--> [EVENT_BEFORE_N/A_ACTUAL],"""hémiparésie"" --(CONTAINS)--> ""examen"" | ""examen"" --(BEFORE)--> ""IRM"""
21,70,FR100959,[EVENT_BEFORE_N/A_ACTUAL] --(CONTAINS)--> [EVENT_BEFORE_N/A_ACTUAL] | [EVENT_BEFORE_N/A_ACTUAL] --(BEFORE)--> [EVENT_BEFORE_N/A_ACTUAL],"""orifice"" --(CONTAINS)--> ""Transit"" | ""Transit"" --(BEFORE)--> ""notée"""
21,70,FR100979,[EVENT_BEFORE_N/A_ACTUAL] --(CONTAINS)--> [EVENT_BEFORE_N/A_ACTUAL] | [EVENT_BEFORE_N/A_ACTUAL] --(BEFORE)--> [EVENT_BEFORE_N/A_ACTUAL],"""grossesse"" --(CONTAINS)--> ""admise"" | ""admise"" --(BEFORE)--> ""accident"""
21,70,FR100996,[EVENT_BEFORE_N/A_ACTUAL] --(CONTAINS)--> [EVENT_BEFORE_N/A_ACTUAL] | [EVENT_BEFORE_N/A_ACTUAL] --(BEFORE)--> [EVENT_BEFORE_N/A_ACTUAL],"""sac"" --(CONTAINS)--> ""tomodensitométrie"" | ""tomodensitométrie"" --(BEFORE)--> ""injection"""
21,70,FR100998,[EVENT_BEFORE_N/A_ACTUAL] --(CONTAINS)--> [EVENT_BEFORE_N/A_ACTUAL] | [EVENT_BEFORE_N/A_ACTUAL] --(BEFORE)--> [EVENT_BEFORE_N/A_ACTUAL],"""lésions"" --(CONTAINS)--> ""diagnostic"" | ""diagnostic"" --(BEFORE)--> ""traitée"""
143,69,FR100003,[EVENT_BEFORE_N/A_ACTUAL] --(BEFORE)--> [EVENT_BEFORE_N/A_ACTUAL] | [EVENT_BEFORE_N/A_ACTUAL] --(BEFORE)--> [EVENT_BEFORE_N/A_ACTUAL],"""bilan"" --(BEFORE)--> ""TDM"" | ""TDM"" --(BEFORE)--> ""panoramique"""
143,69,FR100078,[EVENT_BEFORE_N/A_ACTUAL] --(BEFORE)--> [EVENT_BEFORE_N/A_ACTUAL] | [EVENT_BEFORE_N/A_ACTUAL] --(BEFORE)--> [EVENT_BEFORE_N/A_ACTUAL],"""examen"" --(BEFORE)--> ""doppler"" | ""doppler"" --(BEFORE)--> ""doppler"""
143,69,FR100092,[EVENT_BEFORE_N/A_ACTUAL] --(BEFORE)--> [EVENT_BEFORE_N/A_ACTUAL] | [EVENT_BEFORE_N/A_ACTUAL] --(BEFORE)--> [EVENT_BEFORE_N/A_ACTUAL],"""examen"" --(BEFORE)--> ""examen"" | ""examen"" --(BEFORE)--> ""échographie"""
143,69,FR100120,[EVENT_BEFORE_N/A_ACTUAL] --(BEFORE)--> [EVENT_BEFORE_N/A_ACTUAL] | [EVENT_BEFORE_N/A_ACTUAL] --(BEFORE)--> [EVENT_BEFORE_N/A_ACTUAL],"""rattaché"" --(BEFORE)--> ""traitement"" | ""traitement"" --(BEFORE)--> ""sailli"""
143,69,FR100130,[EVENT_BEFORE_N/A_ACTUAL] --(BEFORE)--> [EVENT_BEFORE_N/A_ACTUAL] | [EVENT_BEFORE_N/A_ACTUAL] --(BEFORE)--> [EVENT_BEFORE_N/A_ACTUAL],"""confirmé"" --(BEFORE)--> ""recherche"" | ""recherche"" --(BEFORE)--> ""séjour"""
143,69,FR100132,[EVENT_BEFORE_N/A_ACTUAL] --(BEFORE)--> [EVENT_BEFORE_N/A_ACTUAL] | [EVENT_BEFORE_N/A_ACTUAL] --(BEFORE)--> [EVENT_BEFORE_N/A_ACTUAL],"""histologie"" --(BEFORE)--> ""examen"" | ""examen"" --(BEFORE)--> ""écho-Doppler"""
143,69,FR100142,[EVENT_BEFORE_N/A_ACTUAL] --(BEFORE)--> [EVENT_BEFORE_N/A_ACTUAL] | [EVENT_BEFORE_N/A_ACTUAL] --(BEFORE)--> [EVENT_BEFORE_N/A_ACTUAL],"""biopsie"" --(BEFORE)--> ""étude"" | ""étude"" --(BEFORE)--> ""sérologie"""
143,69,FR100161,[EVENT_BEFORE_N/A_ACTUAL] --(BEFORE)--> [EVENT_BEFORE_N/A_ACTUAL] | [EVENT_BEFORE_N/A_ACTUAL] --(BEFORE)--> [EVENT_BEFORE_N/A_ACTUAL],"""examens"" --(BEFORE)--> ""radiographie"" | ""radiographie"" --(BEFORE)--> ""complément"""
143,69,FR100168,[EVENT_BEFORE_N/A_ACTUAL] --(BEFORE)--> [EVENT_BEFORE_N/A_ACTUAL] | [EVENT_BEFORE_N/A_ACTUAL] --(BEFORE)--> [EVENT_BEFORE_N/A_ACTUAL],"""transfusion"" --(BEFORE)--> ""bilan"" | ""bilan"" --(BEFORE)--> ""tests"""
143,69,FR100255,[EVENT_BEFORE_N/A_ACTUAL] --(BEFORE)--> [EVENT_BEFORE_N/A_ACTUAL] | [EVENT_BEFORE_N/A_ACTUAL] --(BEFORE)--> [EVENT_BEFORE_N/A_ACTUAL],"""examen"" --(BEFORE)--> ""échographie"" | ""échographie"" --(BEFORE)--> ""mise"""
143,69,FR100275,[EVENT_BEFORE_N/A_ACTUAL] --(BEFORE)--> [EVENT_BEFORE_N/A_ACTUAL] | [EVENT_BEFORE_N/A_ACTUAL] --(BEFORE)--> [EVENT_BEFORE_N/A_ACTUAL],"""manœuvres"" --(BEFORE)--> ""transféré"" | ""transféré"" --(BEFORE)--> ""anamnèse"""
143,69,FR100276,[EVENT_BEFORE_N/A_ACTUAL] --(BEFORE)--> [EVENT_BEFORE_N/A_ACTUAL] | [EVENT_BEFORE_N/A_ACTUAL] --(BEFORE)--> [EVENT_BEFORE_N/A_ACTUAL],"""accouchement"" --(BEFORE)--> ""reste"" | ""reste"" --(BEFORE)--> ""bilan"""
143,69,FR100282,[EVENT_BEFORE_N/A_ACTUAL] --(BEFORE)--> [EVENT_BEFORE_N/A_ACTUAL] | [EVENT_BEFORE_N/A_ACTUAL] --(BEFORE)--> [EVENT_BEFORE_N/A_ACTUAL],"""examen"" --(BEFORE)--> ""électroencéphalogramme"" | ""électroencéphalogramme"" --(BEFORE)--> ""scanner"""
143,69,FR100283,[EVENT_BEFORE_N/A_ACTUAL] --(BEFORE)--> [EVENT_BEFORE_N/A_ACTUAL] | [EVENT_BEFORE_N/A_ACTUAL] --(BEFORE)--> [EVENT_BEFORE_N/A_ACTUAL],"""bilan"" --(BEFORE)--> ""IRM"" | ""IRM"" --(BEFORE)--> ""hypophysiogramme"""
143,69,FR100296,[EVENT_BEFORE_N/A_ACTUAL] --(BEFORE)--> [EVENT_BEFORE_N/A_ACTUAL] | [EVENT_BEFORE_N/A_ACTUAL] --(BEFORE)--> [EVENT_BEFORE_N/A_ACTUAL],"""IRM"" --(BEFORE)--> ""fenestration"" | ""fenestration"" --(BEFORE)--> ""suites"""
143,69,FR100314,[EVENT_BEFORE_N/A_ACTUAL] --(BEFORE)--> [EVENT_BEFORE_N/A_ACTUAL] | [EVENT_BEFORE_N/A_ACTUAL] --(BEFORE)--> [EVENT_BEFORE_N/A_ACTUAL],"""admise"" --(BEFORE)--> ""bilan"" | ""bilan"" --(BEFORE)--> ""drainage"""
143,69,FR100344,[EVENT_BEFORE_N/A_ACTUAL] --(BEFORE)--> [EVENT_BEFORE_N/A_ACTUAL] | [EVENT_BEFORE_N/A_ACTUAL] --(BEFORE)--> [EVENT_BEFORE_N/A_ACTUAL],"""déroulée"" --(BEFORE)--> ""plainte"" | ""plainte"" --(BEFORE)--> ""examen"""
143,69,FR100346,[EVENT_BEFORE_N/A_ACTUAL] --(BEFORE)--> [EVENT_BEFORE_N/A_ACTUAL] | [EVENT_BEFORE_N/A_ACTUAL] --(BEFORE)--> [EVENT_BEFORE_N/A_ACTUAL],"""gazométrie"" --(BEFORE)--> ""reste"" | ""reste"" --(BEFORE)--> ""radiographie"""
143,69,FR100360,[EVENT_BEFORE_N/A_ACTUAL] --(BEFORE)--> [EVENT_BEFORE_N/A_ACTUAL] | [EVENT_BEFORE_N/A_ACTUAL] --(BEFORE)--> [EVENT_BEFORE_N/A_ACTUAL],"""examen"" --(BEFORE)--> ""curage"" | ""curage"" --(BEFORE)--> ""classée"""
143,69,FR100361,[EVENT_BEFORE_N/A_ACTUAL] --(BEFORE)--> [EVENT_BEFORE_N/A_ACTUAL] | [EVENT_BEFORE_N/A_ACTUAL] --(BEFORE)--> [EVENT_BEFORE_N/A_ACTUAL],"""examen"" --(BEFORE)--> ""TDM"" | ""TDM"" --(BEFORE)--> ""ponction"""
143,69,FR100371,[EVENT_BEFORE_N/A_ACTUAL] --(BEFORE)--> [EVENT_BEFORE_N/A_ACTUAL] | [EVENT_BEFORE_N/A_ACTUAL] --(BEFORE)--> [EVENT_BEFORE_N/A_ACTUAL],"""exérèse"" --(BEFORE)--> ""envoyée"" | ""envoyée"" --(BEFORE)--> ""examen"""
143,69,FR100400,[EVENT_BEFORE_N/A_ACTUAL] --(BEFORE)--> [EVENT_BEFORE_N/A_ACTUAL] | [EVENT_BEFORE_N/A_ACTUAL] --(BEFORE)--> [EVENT_BEFORE_N/A_ACTUAL],"""Radiographie"" --(BEFORE)--> ""échographie"" | ""échographie"" --(BEFORE)--> ""scanner"""
143,69,FR100439,[EVENT_BEFORE_N/A_ACTUAL] --(BEFORE)--> [EVENT_BEFORE_N/A_ACTUAL] | [EVENT_BEFORE_N/A_ACTUAL] --(BEFORE)--> [EVENT_BEFORE_N/A_ACTUAL],"""analyse"" --(BEFORE)--> ""exploration"" | ""exploration"" --(BEFORE)--> ""posant"""
143,69,FR100448,[EVENT_BEFORE_N/A_ACTUAL] --(BEFORE)--> [EVENT_BEFORE_N/A_ACTUAL] | [EVENT_BEFORE_N/A_ACTUAL] --(BEFORE)--> [EVENT_BEFORE_N/A_ACTUAL],"""échotomographie"" --(BEFORE)--> ""hémi thyroïdectomie"" | ""hémi thyroïdectomie"" --(BEFORE)--> ""examen"""
143,69,FR100480,[EVENT_BEFORE_N/A_ACTUAL] --(BEFORE)--> [EVENT_BEFORE_N/A_ACTUAL] | [EVENT_BEFORE_N/A_ACTUAL] --(BEFORE)--> [EVENT_BEFORE_N/A_ACTUAL],"""examen"" --(BEFORE)--> ""bilan"" | ""bilan"" --(BEFORE)--> ""traitement"""
143,69,FR100510,[EVENT_BEFORE_N/A_ACTUAL] --(BEFORE)--> [EVENT_BEFORE_N/A_ACTUAL] | [EVENT_BEFORE_N/A_ACTUAL] --(BEFORE)--> [EVENT_BEFORE_N/A_ACTUAL],"""biopsie"" --(BEFORE)--> ""décision"" | ""décision"" --(BEFORE)--> ""intervention"""
143,69,FR100515,[EVENT_BEFORE_N/A_ACTUAL] --(BEFORE)--> [EVENT_BEFORE_N/A_ACTUAL] | [EVENT_BEFORE_N/A_ACTUAL] --(BEFORE)--> [EVENT_BEFORE_N/A_ACTUAL],"""testing"" --(BEFORE)--> ""dosage"" | ""dosage"" --(BEFORE)--> ""bilan"""
143,69,FR100517,[EVENT_BEFORE_N/A_ACTUAL] --(BEFORE)--> [EVENT_BEFORE_N/A_ACTUAL] | [EVENT_BEFORE_N/A_ACTUAL] --(BEFORE)--> [EVENT_BEFORE_N/A_ACTUAL],"""bilan"" --(BEFORE)--> ""électromyogramme"" | ""électromyogramme"" --(BEFORE)--> ""bilan"""
143,69,FR100519,[EVENT_BEFORE_N/A_ACTUAL] --(BEFORE)--> [EVENT_BEFORE_N/A_ACTUAL] | [EVENT_BEFORE_N/A_ACTUAL] --(BEFORE)--> [EVENT_BEFORE_N/A_ACTUAL],"""angioscanner"" --(BEFORE)--> ""échodoppler"" | ""échodoppler"" --(BEFORE)--> ""retenue"""
143,69,FR100579,[EVENT_BEFORE_N/A_ACTUAL] --(BEFORE)--> [EVENT_BEFORE_N/A_ACTUAL] | [EVENT_BEFORE_N/A_ACTUAL] --(BEFORE)--> [EVENT_BEFORE_N/A_ACTUAL],"""échocardiographie"" --(BEFORE)--> ""bilan"" | ""bilan"" --(BEFORE)--> ""recherche"""
143,69,FR100589,[EVENT_BEFORE_N/A_ACTUAL] --(BEFORE)--> [EVENT_BEFORE_N/A_ACTUAL] | [EVENT_BEFORE_N/A_ACTUAL] --(BEFORE)--> [EVENT_BEFORE_N/A_ACTUAL],"""Cytométrie"" --(BEFORE)--> ""biopsie"" | ""biopsie"" --(BEFORE)--> ""bilan"""
143,69,FR100597,[EVENT_BEFORE_N/A_ACTUAL] --(BEFORE)--> [EVENT_BEFORE_N/A_ACTUAL] | [EVENT_BEFORE_N/A_ACTUAL] --(BEFORE)--> [EVENT_BEFORE_N/A_ACTUAL],"""examen"" --(BEFORE)--> ""décide"" | ""décide"" --(BEFORE)--> ""étude"""
143,69,FR100603,[EVENT_BEFORE_N/A_ACTUAL] --(BEFORE)--> [EVENT_BEFORE_N/A_ACTUAL] | [EVENT_BEFORE_N/A_ACTUAL] --(BEFORE)--> [EVENT_BEFORE_N/A_ACTUAL],"""chirurgie"" --(BEFORE)--> ""hémocultures"" | ""hémocultures"" --(BEFORE)--> ""évolution"""
143,69,FR100611,[EVENT_BEFORE_N/A_ACTUAL] --(BEFORE)--> [EVENT_BEFORE_N/A_ACTUAL] | [EVENT_BEFORE_N/A_ACTUAL] --(BEFORE)--> [EVENT_BEFORE_N/A_ACTUAL],"""biopsie"" --(BEFORE)--> ""recherche"" | ""recherche"" --(BEFORE)--> ""sérologie"""
143,69,FR100614,[EVENT_BEFORE_N/A_ACTUAL] --(BEFORE)--> [EVENT_BEFORE_N/A_ACTUAL] | [EVENT_BEFORE_N/A_ACTUAL] --(BEFORE)--> [EVENT_BEFORE_N/A_ACTUAL],"""tomodensitométrie"" --(BEFORE)--> ""radiographie"" | ""radiographie"" --(BEFORE)--> ""taux"""
143,69,FR100620,[EVENT_BEFORE_N/A_ACTUAL] --(BEFORE)--> [EVENT_BEFORE_N/A_ACTUAL] | [EVENT_BEFORE_N/A_ACTUAL] --(BEFORE)--> [EVENT_BEFORE_N/A_ACTUAL],"""examen"" --(BEFORE)--> ""radiographie"" | ""radiographie"" --(BEFORE)--> ""drainage"""
143,69,FR100623,[EVENT_BEFORE_N/A_ACTUAL] --(BEFORE)--> [EVENT_BEFORE_N/A_ACTUAL] | [EVENT_BEFORE_N/A_ACTUAL] --(BEFORE)--> [EVENT_BEFORE_N/A_ACTUAL],"""échographie"" --(BEFORE)--> ""tomodensitométrie"" | ""tomodensitométrie"" --(BEFORE)--> ""retenu"""
143,69,FR100629,[EVENT_BEFORE_N/A_ACTUAL] --(BEFORE)--> [EVENT_BEFORE_N/A_ACTUAL] | [EVENT_BEFORE_N/A_ACTUAL] --(BEFORE)--> [EVENT_BEFORE_N/A_ACTUAL],"""marquage"" --(BEFORE)--> ""bilan"" | ""bilan"" --(BEFORE)--> ""décision"""
143,69,FR100632,[EVENT_BEFORE_N/A_ACTUAL] --(BEFORE)--> [EVENT_BEFORE_N/A_ACTUAL] | [EVENT_BEFORE_N/A_ACTUAL] --(BEFORE)--> [EVENT_BEFORE_N/A_ACTUAL],"""étude"" --(BEFORE)--> ""radiographie"" | ""radiographie"" --(BEFORE)--> ""tomodensitométrie"""
143,69,FR100658,[EVENT_BEFORE_N/A_ACTUAL] --(BEFORE)--> [EVENT_BEFORE_N/A_ACTUAL] | [EVENT_BEFORE_N/A_ACTUAL] --(BEFORE)--> [EVENT_BEFORE_N/A_ACTUAL],"""évaluation"" --(BEFORE)--> ""auscultation"" | ""auscultation"" --(BEFORE)--> ""examens"""
143,69,FR100663,[EVENT_BEFORE_N/A_ACTUAL] --(BEFORE)--> [EVENT_BEFORE_N/A_ACTUAL] | [EVENT_BEFORE_N/A_ACTUAL] --(BEFORE)--> [EVENT_BEFORE_N/A_ACTUAL],"""incisée"" --(BEFORE)--> ""vérifié"" | ""vérifié"" --(BEFORE)--> ""reprise"""
143,69,FR100666,[EVENT_BEFORE_N/A_ACTUAL] --(BEFORE)--> [EVENT_BEFORE_N/A_ACTUAL] | [EVENT_BEFORE_N/A_ACTUAL] --(BEFORE)--> [EVENT_BEFORE_N/A_ACTUAL],"""étude"" --(BEFORE)--> ""adressé"" | ""adressé"" --(BEFORE)--> ""bilan"""
143,69,FR100683,[EVENT_BEFORE_N/A_ACTUAL] --(BEFORE)--> [EVENT_BEFORE_N/A_ACTUAL] | [EVENT_BEFORE_N/A_ACTUAL] --(BEFORE)--> [EVENT_BEFORE_N/A_ACTUAL],"""examen"" --(BEFORE)--> ""exploration"" | ""exploration"" --(BEFORE)--> ""exploration"""
143,69,FR100688,[EVENT_BEFORE_N/A_ACTUAL] --(BEFORE)--> [EVENT_BEFORE_N/A_ACTUAL] | [EVENT_BEFORE_N/A_ACTUAL] --(BEFORE)--> [EVENT_BEFORE_N/A_ACTUAL],"""incision"" --(BEFORE)--> ""analyse"" | ""analyse"" --(BEFORE)--> ""traitement"""
143,69,FR100689,[EVENT_BEFORE_N/A_ACTUAL] --(BEFORE)--> [EVENT_BEFORE_N/A_ACTUAL] | [EVENT_BEFORE_N/A_ACTUAL] --(BEFORE)--> [EVENT_BEFORE_N/A_ACTUAL],"""IRM"" --(BEFORE)--> ""étude"" | ""étude"" --(BEFORE)--> ""examen"""
143,69,FR100697,[EVENT_BEFORE_N/A_ACTUAL] --(BEFORE)--> [EVENT_BEFORE_N/A_ACTUAL] | [EVENT_BEFORE_N/A_ACTUAL] --(BEFORE)--> [EVENT_BEFORE_N/A_ACTUAL],"""mammographie"" --(BEFORE)--> ""échographie"" | ""échographie"" --(BEFORE)--> ""examen"""
143,69,FR100708,[EVENT_BEFORE_N/A_ACTUAL] --(BEFORE)--> [EVENT_BEFORE_N/A_ACTUAL] | [EVENT_BEFORE_N/A_ACTUAL] --(BEFORE)--> [EVENT_BEFORE_N/A_ACTUAL],"""échographie"" --(BEFORE)--> ""ponction"" | ""ponction"" --(BEFORE)--> ""étude"""
143,69,FR100717,[EVENT_BEFORE_N/A_ACTUAL] --(BEFORE)--> [EVENT_BEFORE_N/A_ACTUAL] | [EVENT_BEFORE_N/A_ACTUAL] --(BEFORE)--> [EVENT_BEFORE_N/A_ACTUAL],"""consulté"" --(BEFORE)--> ""traitement"" | ""traitement"" --(BEFORE)--> ""examen"""
143,69,FR100748,[EVENT_BEFORE_N/A_ACTUAL] --(BEFORE)--> [EVENT_BEFORE_N/A_ACTUAL] | [EVENT_BEFORE_N/A_ACTUAL] --(BEFORE)--> [EVENT_BEFORE_N/A_ACTUAL],"""indication"" --(BEFORE)--> ""consultation"" | ""consultation"" --(BEFORE)--> ""ASA"""
143,69,FR100766,[EVENT_BEFORE_N/A_ACTUAL] --(BEFORE)--> [EVENT_BEFORE_N/A_ACTUAL] | [EVENT_BEFORE_N/A_ACTUAL] --(BEFORE)--> [EVENT_BEFORE_N/A_ACTUAL],"""examen"" --(BEFORE)--> ""hospitalisation"" | ""hospitalisation"" --(BEFORE)--> ""traitement"""
143,69,FR100780,[EVENT_BEFORE_N/A_ACTUAL] --(BEFORE)--> [EVENT_BEFORE_N/A_ACTUAL] | [EVENT_BEFORE_N/A_ACTUAL] --(BEFORE)--> [EVENT_BEFORE_N/A_ACTUAL],"""geste"" --(BEFORE)--> ""geste"" | ""geste"" --(BEFORE)--> ""geste"""
143,69,FR100806,[EVENT_BEFORE_N/A_ACTUAL] --(BEFORE)--> [EVENT_BEFORE_N/A_ACTUAL] | [EVENT_BEFORE_N/A_ACTUAL] --(BEFORE)--> [EVENT_BEFORE_N/A_ACTUAL],"""transfusions"" --(BEFORE)--> ""biologie"" | ""biologie"" --(BEFORE)--> ""tomodensitométrie"""
143,69,FR100814,[EVENT_BEFORE_N/A_ACTUAL] --(BEFORE)--> [EVENT_BEFORE_N/A_ACTUAL] | [EVENT_BEFORE_N/A_ACTUAL] --(BEFORE)--> [EVENT_BEFORE_N/A_ACTUAL],"""diagnostic"" --(BEFORE)--> ""réséquée"" | ""réséquée"" --(BEFORE)--> ""examen"""
143,69,FR100826,[EVENT_BEFORE_N/A_ACTUAL] --(BEFORE)--> [EVENT_BEFORE_N/A_ACTUAL] | [EVENT_BEFORE_N/A_ACTUAL] --(BEFORE)--> [EVENT_BEFORE_N/A_ACTUAL],"""bilan"" --(BEFORE)--> ""retenue"" | ""retenue"" --(BEFORE)--> ""exploration"""
143,69,FR100845,[EVENT_BEFORE_N/A_ACTUAL] --(BEFORE)--> [EVENT_BEFORE_N/A_ACTUAL] | [EVENT_BEFORE_N/A_ACTUAL] --(BEFORE)--> [EVENT_BEFORE_N/A_ACTUAL],"""informé"" --(BEFORE)--> ""décision"" | ""décision"" --(BEFORE)--> ""extraction"""
143,69,FR100849,[EVENT_BEFORE_N/A_ACTUAL] --(BEFORE)--> [EVENT_BEFORE_N/A_ACTUAL] | [EVENT_BEFORE_N/A_ACTUAL] --(BEFORE)--> [EVENT_BEFORE_N/A_ACTUAL],"""admission"" --(BEFORE)--> ""tomodensitométrie"" | ""tomodensitométrie"" --(BEFORE)--> ""acheminé"""
143,69,FR100870,[EVENT_BEFORE_N/A_ACTUAL] --(BEFORE)--> [EVENT_BEFORE_N/A_ACTUAL] | [EVENT_BEFORE_N/A_ACTUAL] --(BEFORE)--> [EVENT_BEFORE_N/A_ACTUAL],"""radiothérapie"" --(BEFORE)--> ""admis"" | ""admis"" --(BEFORE)--> ""imagerie"""
143,69,FR100874,[EVENT_BEFORE_N/A_ACTUAL] --(BEFORE)--> [EVENT_BEFORE_N/A_ACTUAL] | [EVENT_BEFORE_N/A_ACTUAL] --(BEFORE)--> [EVENT_BEFORE_N/A_ACTUAL],"""retenu"" --(BEFORE)--> ""mise"" | ""mise"" --(BEFORE)--> ""diverticulectomie"""
143,69,FR100882,[EVENT_BEFORE_N/A_ACTUAL] --(BEFORE)--> [EVENT_BEFORE_N/A_ACTUAL] | [EVENT_BEFORE_N/A_ACTUAL] --(BEFORE)--> [EVENT_BEFORE_N/A_ACTUAL],"""admise"" --(BEFORE)--> ""examen"" | ""examen"" --(BEFORE)--> ""examen"""
143,69,FR100883,[EVENT_BEFORE_N/A_ACTUAL] --(BEFORE)--> [EVENT_BEFORE_N/A_ACTUAL] | [EVENT_BEFORE_N/A_ACTUAL] --(BEFORE)--> [EVENT_BEFORE_N/A_ACTUAL],"""TDM"" --(BEFORE)--> ""biopsie"" | ""biopsie"" --(BEFORE)--> ""bilan"""
143,69,FR100894,[EVENT_BEFORE_N/A_ACTUAL] --(BEFORE)--> [EVENT_BEFORE_N/A_ACTUAL] | [EVENT_BEFORE_N/A_ACTUAL] --(BEFORE)--> [EVENT_BEFORE_N/A_ACTUAL],"""arrivée"" --(BEFORE)--> ""pris"" | ""pris"" --(BEFORE)--> ""incision"""
143,69,FR100903,[EVENT_BEFORE_N/A_ACTUAL] --(BEFORE)--> [EVENT_BEFORE_N/A_ACTUAL] | [EVENT_BEFORE_N/A_ACTUAL] --(BEFORE)--> [EVENT_BEFORE_N/A_ACTUAL],"""diagnostic"" --(BEFORE)--> ""écarté"" | ""écarté"" --(BEFORE)--> ""contrôles"""
143,69,FR100919,[EVENT_BEFORE_N/A_ACTUAL] --(BEFORE)--> [EVENT_BEFORE_N/A_ACTUAL] | [EVENT_BEFORE_N/A_ACTUAL] --(BEFORE)--> [EVENT_BEFORE_N/A_ACTUAL],"""correction"" --(BEFORE)--> ""adressée"" | ""adressée"" --(BEFORE)--> ""bilan"""
143,69,FR100921,[EVENT_BEFORE_N/A_ACTUAL] --(BEFORE)--> [EVENT_BEFORE_N/A_ACTUAL] | [EVENT_BEFORE_N/A_ACTUAL] --(BEFORE)--> [EVENT_BEFORE_N/A_ACTUAL],"""palpation"" --(BEFORE)--> ""imagerie"" | ""imagerie"" --(BEFORE)--> ""exérèse"""
143,69,FR100932,[EVENT_BEFORE_N/A_ACTUAL] --(BEFORE)--> [EVENT_BEFORE_N/A_ACTUAL] | [EVENT_BEFORE_N/A_ACTUAL] --(BEFORE)--> [EVENT_BEFORE_N/A_ACTUAL],"""mise"" --(BEFORE)--> ""opérée"" | ""opérée"" --(BEFORE)--> ""évolution"""
143,69,FR100946,[EVENT_BEFORE_N/A_ACTUAL] --(BEFORE)--> [EVENT_BEFORE_N/A_ACTUAL] | [EVENT_BEFORE_N/A_ACTUAL] --(BEFORE)--> [EVENT_BEFORE_N/A_ACTUAL],"""mise"" --(BEFORE)--> ""analyse"" | ""analyse"" --(BEFORE)--> ""mise"""
143,69,FR100959,[EVENT_BEFORE_N/A_ACTUAL] --(BEFORE)--> [EVENT_BEFORE_N/A_ACTUAL] | [EVENT_BEFORE_N/A_ACTUAL] --(BEFORE)--> [EVENT_BEFORE_N/A_ACTUAL],"""œsophagoscopie"" --(BEFORE)--> ""Transit"" | ""Transit"" --(BEFORE)--> ""notée"""
143,69,FR100996,[EVENT_BEFORE_N/A_ACTUAL] --(BEFORE)--> [EVENT_BEFORE_N/A_ACTUAL] | [EVENT_BEFORE_N/A_ACTUAL] --(BEFORE)--> [EVENT_BEFORE_N/A_ACTUAL],"""retenu"" --(BEFORE)--> ""chirurgical"" | ""chirurgical"" --(BEFORE)--> ""suites"""
143,69,FR100998,[EVENT_BEFORE_N/A_ACTUAL] --(BEFORE)--> [EVENT_BEFORE_N/A_ACTUAL] | [EVENT_BEFORE_N/A_ACTUAL] --(BEFORE)--> [EVENT_BEFORE_N/A_ACTUAL],"""diagnostic"" --(BEFORE)--> ""traitée"" | ""traitée"" --(BEFORE)--> ""bilan"""
22,65,FR100003,[EVENT_BEFORE_N/A_ACTUAL] --(CONTAINS)--> [EVENT_BEFORE_N/A_ACTUAL] | [EVENT_BEFORE_N/A_ACTUAL] --(BEFORE)--> [EVENT_BEFORE_N/A_ACTUAL] | [EVENT_BEFORE_N/A_ACTUAL] --(BEFORE)--> [EVENT_BEFORE_N/A_ACTUAL],"""épanchement"" --(CONTAINS)--> ""TDM"" | ""TDM"" --(BEFORE)--> ""panoramique"" | ""panoramique"" --(BEFORE)--> ""ponction"""
22,65,FR100078,[EVENT_BEFORE_N/A_ACTUAL] --(CONTAINS)--> [EVENT_BEFORE_N/A_ACTUAL] | [EVENT_BEFORE_N/A_ACTUAL] --(BEFORE)--> [EVENT_BEFORE_N/A_ACTUAL] | [EVENT_BEFORE_N/A_ACTUAL] --(BEFORE)--> [EVENT_BEFORE_N/A_ACTUAL],"""pouls"" --(CONTAINS)--> ""examen"" | ""examen"" --(BEFORE)--> ""doppler"" | ""doppler"" --(BEFORE)--> ""doppler"""
22,65,FR100092,[EVENT_BEFORE_N/A_ACTUAL] --(CONTAINS)--> [EVENT_BEFORE_N/A_ACTUAL] | [EVENT_BEFORE_N/A_ACTUAL] --(BEFORE)--> [EVENT_BEFORE_N/A_ACTUAL] | [EVENT_BEFORE_N/A_ACTUAL] --(BEFORE)--> [EVENT_BEFORE_N/A_ACTUAL],"""grossesse"" --(CONTAINS)--> ""étude"" | ""étude"" --(BEFORE)--> ""suites"" | ""suites"" --(BEFORE)--> ""sortante"""
22,65,FR100120,[EVENT_BEFORE_N/A_ACTUAL] --(CONTAINS)--> [EVENT_BEFORE_N/A_ACTUAL] | [EVENT_BEFORE_N/A_ACTUAL] --(BEFORE)--> [EVENT_BEFORE_N/A_ACTUAL] | [EVENT_BEFORE_N/A_ACTUAL] --(BEFORE)--> [EVENT_BEFORE_N/A_ACTUAL],"""retard"" --(CONTAINS)--> ""rattaché"" | ""rattaché"" --(BEFORE)--> ""traitement"" | ""traitement"" --(BEFORE)--> ""sailli"""
22,65,FR100130,[EVENT_BEFORE_N/A_ACTUAL] --(CONTAINS)--> [EVENT_BEFORE_N/A_ACTUAL] | [EVENT_BEFORE_N/A_ACTUAL] --(BEFORE)--> [EVENT_BEFORE_N/A_ACTUAL] | [EVENT_BEFORE_N/A_ACTUAL] --(BEFORE)--> [EVENT_BEFORE_N/A_ACTUAL],"""apyrétique"" --(CONTAINS)--> ""examen"" | ""examen"" --(BEFORE)--> ""biologie"" | ""biologie"" --(BEFORE)--> ""glycémie"""
22,65,FR100132,[EVENT_BEFORE_N/A_ACTUAL] --(CONTAINS)--> [EVENT_BEFORE_N/A_ACTUAL] | [EVENT_BEFORE_N/A_ACTUAL] --(BEFORE)--> [EVENT_BEFORE_N/A_ACTUAL] | [EVENT_BEFORE_N/A_ACTUAL] --(BEFORE)--> [EVENT_BEFORE_N/A_ACTUAL],"""examen"" --(CONTAINS)--> ""palpation"" | ""palpation"" --(BEFORE)--> ""histologie"" | ""histologie"" --(BEFORE)--> ""examen"""
22,65,FR100142,[EVENT_BEFORE_N/A_ACTUAL] --(CONTAINS)--> [EVENT_BEFORE_N/A_ACTUAL] | [EVENT_BEFORE_N/A_ACTUAL] --(BEFORE)--> [EVENT_BEFORE_N/A_ACTUAL] | [EVENT_BEFORE_N/A_ACTUAL] --(BEFORE)--> [EVENT_BEFORE_N/A_ACTUAL],"""éléments"" --(CONTAINS)--> ""biopsie"" | ""biopsie"" --(BEFORE)--> ""étude"" | ""étude"" --(BEFORE)--> ""sérologie"""
22,65,FR100161,[EVENT_BEFORE_N/A_ACTUAL] --(CONTAINS)--> [EVENT_BEFORE_N/A_ACTUAL] | [EVENT_BEFORE_N/A_ACTUAL] --(BEFORE)--> [EVENT_BEFORE_N/A_ACTUAL] | [EVENT_BEFORE_N/A_ACTUAL] --(BEFORE)--> [EVENT_BEFORE_N/A_ACTUAL],"""sérologie"" --(CONTAINS)--> ""examens"" | ""examens"" --(BEFORE)--> ""radiographie"" | ""radiographie"" --(BEFORE)--> ""complément"""
22,65,FR100168,[EVENT_BEFORE_N/A_ACTUAL] --(CONTAINS)--> [EVENT_BEFORE_N/A_ACTUAL] | [EVENT_BEFORE_N/A_ACTUAL] --(BEFORE)--> [EVENT_BEFORE_N/A_ACTUAL] | [EVENT_BEFORE_N/A_ACTUAL] --(BEFORE)--> [EVENT_BEFORE_N/A_ACTUAL],"""fibrinogène"" --(CONTAINS)--> ""bilan"" | ""bilan"" --(BEFORE)--> ""tests"" | ""tests"" --(BEFORE)--> ""entretien"""
22,65,FR100255,[EVENT_BEFORE_N/A_ACTUAL] --(CONTAINS)--> [EVENT_BEFORE_N/A_ACTUAL] | [EVENT_BEFORE_N/A_ACTUAL] --(BEFORE)--> [EVENT_BEFORE_N/A_ACTUAL] | [EVENT_BEFORE_N/A_ACTUAL] --(BEFORE)--> [EVENT_BEFORE_N/A_ACTUAL],"""grossesse"" --(CONTAINS)--> ""admise"" | ""admise"" --(BEFORE)--> ""examen"" | ""examen"" --(BEFORE)--> ""examen"""
22,65,FR100275,[EVENT_BEFORE_N/A_ACTUAL] --(CONTAINS)--> [EVENT_BEFORE_N/A_ACTUAL] | [EVENT_BEFORE_N/A_ACTUAL] --(BEFORE)--> [EVENT_BEFORE_N/A_ACTUAL] | [EVENT_BEFORE_N/A_ACTUAL] --(BEFORE)--> [EVENT_BEFORE_N/A_ACTUAL],"""matières"" --(CONTAINS)--> ""arrivée"" | ""arrivée"" --(BEFORE)--> ""établi"" | ""établi"" --(BEFORE)--> ""manœuvres"""
22,65,FR100276,[EVENT_BEFORE_N/A_ACTUAL] --(CONTAINS)--> [EVENT_BEFORE_N/A_ACTUAL] | [EVENT_BEFORE_N/A_ACTUAL] --(BEFORE)--> [EVENT_BEFORE_N/A_ACTUAL] | [EVENT_BEFORE_N/A_ACTUAL] --(BEFORE)--> [EVENT_BEFORE_N/A_ACTUAL],"""aplasie"" --(CONTAINS)--> ""accouchement"" | ""accouchement"" --(BEFORE)--> ""reste"" | ""reste"" --(BEFORE)--> ""bilan"""
22,65,FR100282,[EVENT_BEFORE_N/A_ACTUAL] --(CONTAINS)--> [EVENT_BEFORE_N/A_ACTUAL] | [EVENT_BEFORE_N/A_ACTUAL] --(BEFORE)--> [EVENT_BEFORE_N/A_ACTUAL] | [EVENT_BEFORE_N/A_ACTUAL] --(BEFORE)--> [EVENT_BEFORE_N/A_ACTUAL],"""tracé"" --(CONTAINS)--> ""électroencéphalogramme"" | ""électroencéphalogramme"" --(BEFORE)--> ""scanner"" | ""scanner"" --(BEFORE)--> ""conclus"""
22,65,FR100283,[EVENT_BEFORE_N/A_ACTUAL] --(CONTAINS)--> [EVENT_BEFORE_N/A_ACTUAL] | [EVENT_BEFORE_N/A_ACTUAL] --(BEFORE)--> [EVENT_BEFORE_N/A_ACTUAL] | [EVENT_BEFORE_N/A_ACTUAL] --(BEFORE)--> [EVENT_BEFORE_N/A_ACTUAL],"""processus"" --(CONTAINS)--> ""IRM"" | ""IRM"" --(BEFORE)--> ""hypophysiogramme"" | ""hypophysiogramme"" --(BEFORE)--> ""traitement"""
22,65,FR100296,[EVENT_BEFORE_N/A_ACTUAL] --(CONTAINS)--> [EVENT_BEFORE_N/A_ACTUAL] | [EVENT_BEFORE_N/A_ACTUAL] --(BEFORE)--> [EVENT_BEFORE_N/A_ACTUAL] | [EVENT_BEFORE_N/A_ACTUAL] --(BEFORE)--> [EVENT_BEFORE_N/A_ACTUAL],"""phénomènes"" --(CONTAINS)--> ""examen"" | ""examen"" --(BEFORE)--> ""IRM"" | ""IRM"" --(BEFORE)--> ""fenestration"""
22,65,FR100314,[EVENT_BEFORE_N/A_ACTUAL] --(CONTAINS)--> [EVENT_BEFORE_N/A_ACTUAL] | [EVENT_BEFORE_N/A_ACTUAL] --(BEFORE)--> [EVENT_BEFORE_N/A_ACTUAL] | [EVENT_BEFORE_N/A_ACTUAL] --(BEFORE)--> [EVENT_BEFORE_N/A_ACTUAL],"""traumatisme"" --(CONTAINS)--> ""admise"" | ""admise"" --(BEFORE)--> ""bilan"" | ""bilan"" --(BEFORE)--> ""drainage"""
22,65,FR100344,[EVENT_BEFORE_N/A_ACTUAL] --(CONTAINS)--> [EVENT_BEFORE_N/A_ACTUAL] | [EVENT_BEFORE_N/A_ACTUAL] --(BEFORE)--> [EVENT_BEFORE_N/A_ACTUAL] | [EVENT_BEFORE_N/A_ACTUAL] --(BEFORE)--> [EVENT_BEFORE_N/A_ACTUAL],"""évolution"" --(CONTAINS)--> ""déroulée"" | ""déroulée"" --(BEFORE)--> ""plainte"" | ""plainte"" --(BEFORE)--> ""examen"""
22,65,FR100346,[EVENT_BEFORE_N/A_ACTUAL] --(CONTAINS)--> [EVENT_BEFORE_N/A_ACTUAL] | [EVENT_BEFORE_N/A_ACTUAL] --(BEFORE)--> [EVENT_BEFORE_N/A_ACTUAL] | [EVENT_BEFORE_N/A_ACTUAL] --(BEFORE)--> [EVENT_BEFORE_N/A_ACTUAL],"""angiomyolipome"" --(CONTAINS)--> ""scanner"" | ""scanner"" --(BEFORE)--> ""posé"" | ""posé"" --(BEFORE)--> ""bilan"""
22,65,FR100360,[EVENT_BEFORE_N/A_ACTUAL] --(CONTAINS)--> [EVENT_BEFORE_N/A_ACTUAL] | [EVENT_BEFORE_N/A_ACTUAL] --(BEFORE)--> [EVENT_BEFORE_N/A_ACTUAL] | [EVENT_BEFORE_N/A_ACTUAL] --(BEFORE)--> [EVENT_BEFORE_N/A_ACTUAL],"""bilan"" --(CONTAINS)--> ""tomodensitométrie"" | ""tomodensitométrie"" --(BEFORE)--> ""radiothérapie"" | ""radiothérapie"" --(BEFORE)--> ""cures"""
22,65,FR100361,[EVENT_BEFORE_N/A_ACTUAL] --(CONTAINS)--> [EVENT_BEFORE_N/A_ACTUAL] | [EVENT_BEFORE_N/A_ACTUAL] --(BEFORE)--> [EVENT_BEFORE_N/A_ACTUAL] | [EVENT_BEFORE_N/A_ACTUAL] --(BEFORE)--> [EVENT_BEFORE_N/A_ACTUAL],"""processus"" --(CONTAINS)--> ""TDM"" | ""TDM"" --(BEFORE)--> ""ponction"" | ""ponction"" --(BEFORE)--> ""examen"""
22,65,FR100371,[EVENT_BEFORE_N/A_ACTUAL] --(CONTAINS)--> [EVENT_BEFORE_N/A_ACTUAL] | [EVENT_BEFORE_N/A_ACTUAL] --(BEFORE)--> [EVENT_BEFORE_N/A_ACTUAL] | [EVENT_BEFORE_N/A_ACTUAL] --(BEFORE)--> [EVENT_BEFORE_N/A_ACTUAL],"""taux"" --(CONTAINS)--> ""bilan"" | ""bilan"" --(BEFORE)--> ""bilan"" | ""bilan"" --(BEFORE)--> ""échographie"""
22,65,FR100400,[EVENT_BEFORE_N/A_ACTUAL] --(CONTAINS)--> [EVENT_BEFORE_N/A_ACTUAL] | [EVENT_BEFORE_N/A_ACTUAL] --(BEFORE)--> [EVENT_BEFORE_N/A_ACTUAL] | [EVENT_BEFORE_N/A_ACTUAL] --(BEFORE)--> [EVENT_BEFORE_N/A_ACTUAL],"""kyste"" --(CONTAINS)--> ""diagnostic"" | ""diagnostic"" --(BEFORE)--> ""exploration"" | ""exploration"" --(BEFORE)--> ""résection"""
22,65,FR100439,[EVENT_BEFORE_N/A_ACTUAL] --(CONTAINS)--> [EVENT_BEFORE_N/A_ACTUAL] | [EVENT_BEFORE_N/A_ACTUAL] --(BEFORE)--> [EVENT_BEFORE_N/A_ACTUAL] | [EVENT_BEFORE_N/A_ACTUAL] --(BEFORE)--> [EVENT_BEFORE_N/A_ACTUAL],"""foyer"" --(CONTAINS)--> ""scanner"" | ""scanner"" --(BEFORE)--> ""endoscopie"" | ""endoscopie"" --(BEFORE)--> ""biopsies"""
22,65,FR100480,[EVENT_BEFORE_N/A_ACTUAL] --(CONTAINS)--> [EVENT_BEFORE_N/A_ACTUAL] | [EVENT_BEFORE_N/A_ACTUAL] --(BEFORE)--> [EVENT_BEFORE_N/A_ACTUAL] | [EVENT_BEFORE_N/A_ACTUAL] --(BEFORE)--> [EVENT_BEFORE_N/A_ACTUAL],"""nature"" --(CONTAINS)--> ""examen"" | ""examen"" --(BEFORE)--> ""bilan"" | ""bilan"" --(BEFORE)--> ""traitement"""
22,65,FR100510,[EVENT_BEFORE_N/A_ACTUAL] --(CONTAINS)--> [EVENT_BEFORE_N/A_ACTUAL] | [EVENT_BEFORE_N/A_ACTUAL] --(BEFORE)--> [EVENT_BEFORE_N/A_ACTUAL] | [EVENT_BEFORE_N/A_ACTUAL] --(BEFORE)--> [EVENT_BEFORE_N/A_ACTUAL],"""intervention"" --(CONTAINS)--> ""résection"" | ""résection"" --(BEFORE)--> ""examen"" | ""examen"" --(BEFORE)--> ""examen"""
22,65,FR100515,[EVENT_BEFORE_N/A_ACTUAL] --(CONTAINS)--> [EVENT_BEFORE_N/A_ACTUAL] | [EVENT_BEFORE_N/A_ACTUAL] --(BEFORE)--> [EVENT_BEFORE_N/A_ACTUAL] | [EVENT_BEFORE_N/A_ACTUAL] --(BEFORE)--> [EVENT_BEFORE_N/A_ACTUAL],"""déficit"" --(CONTAINS)--> ""testing"" | ""testing"" --(BEFORE)--> ""dosage"" | ""dosage"" --(BEFORE)--> ""bilan"""
22,65,FR100517,[EVENT_BEFORE_N/A_ACTUAL] --(CONTAINS)--> [EVENT_BEFORE_N/A_ACTUAL] | [EVENT_BEFORE_N/A_ACTUAL] --(BEFORE)--> [EVENT_BEFORE_N/A_ACTUAL] | [EVENT_BEFORE_N/A_ACTUAL] --(BEFORE)--> [EVENT_BEFORE_N/A_ACTUAL],"""plaques"" --(CONTAINS)--> ""examen"" | ""examen"" --(BEFORE)--> ""bilan"" | ""bilan"" --(BEFORE)--> ""électromyogramme"""
22,65,FR100519,[EVENT_BEFORE_N/A_ACTUAL] --(CONTAINS)--> [EVENT_BEFORE_N/A_ACTUAL] | [EVENT_BEFORE_N/A_ACTUAL] --(BEFORE)--> [EVENT_BEFORE_N/A_ACTUAL] | [EVENT_BEFORE_N/A_ACTUAL] --(BEFORE)--> [EVENT_BEFORE_N/A_ACTUAL],"""aspect"" --(CONTAINS)--> ""bilan"" | ""bilan"" --(BEFORE)--> ""angioscanner"" | ""angioscanner"" --(BEFORE)--> ""échodoppler"""
22,65,FR100579,[EVENT_BEFORE_N/A_ACTUAL] --(CONTAINS)--> [EVENT_BEFORE_N/A_ACTUAL] | [EVENT_BEFORE_N/A_ACTUAL] --(BEFORE)--> [EVENT_BEFORE_N/A_ACTUAL] | [EVENT_BEFORE_N/A_ACTUAL] --(BEFORE)--> [EVENT_BEFORE_N/A_ACTUAL],"""dilatation"" --(CONTAINS)--> ""radiographie"" | ""radiographie"" --(BEFORE)--> ""échocardiographie"" | ""échocardiographie"" --(BEFORE)--> ""bilan"""
22,65,FR100589,[EVENT_BEFORE_N/A_ACTUAL] --(CONTAINS)--> [EVENT_BEFORE_N/A_ACTUAL] | [EVENT_BEFORE_N/A_ACTUAL] --(BEFORE)--> [EVENT_BEFORE_N/A_ACTUAL] | [EVENT_BEFORE_N/A_ACTUAL] --(BEFORE)--> [EVENT_BEFORE_N/A_ACTUAL],"""taux"" --(CONTAINS)--> ""hémogramme"" | ""hémogramme"" --(BEFORE)--> ""Cytométrie"" | ""Cytométrie"" --(BEFORE)--> ""biopsie"""
22,65,FR100597,[EVENT_BEFORE_N/A_ACTUAL] --(CONTAINS)--> [EVENT_BEFORE_N/A_ACTUAL] | [EVENT_BEFORE_N/A_ACTUAL] --(BEFORE)--> [EVENT_BEFORE_N/A_ACTUAL] | [EVENT_BEFORE_N/A_ACTUAL] --(BEFORE)--> [EVENT_BEFORE_N/A_ACTUAL],"""consultation"" --(CONTAINS)--> ""examen"" | ""examen"" --(BEFORE)--> ""examen"" | ""examen"" --(BEFORE)--> ""examen"""
22,65,FR100611,[EVENT_BEFORE_N/A_ACTUAL] --(CONTAINS)--> [EVENT_BEFORE_N/A_ACTUAL] | [EVENT_BEFORE_N/A_ACTUAL] --(BEFORE)--> [EVENT_BEFORE_N/A_ACTUAL] | [EVENT_BEFORE_N/A_ACTUAL] --(BEFORE)--> [EVENT_BEFORE_N/A_ACTUAL],"""micronodules"" --(CONTAINS)--> ""TDM"" | ""TDM"" --(BEFORE)--> ""biopsie"" | ""biopsie"" --(BEFORE)--> ""recherche"""
22,65,FR100614,[EVENT_BEFORE_N/A_ACTUAL] --(CONTAINS)--> [EVENT_BEFORE_N/A_ACTUAL] | [EVENT_BEFORE_N/A_ACTUAL] --(BEFORE)--> [EVENT_BEFORE_N/A_ACTUAL] | [EVENT_BEFORE_N/A_ACTUAL] --(BEFORE)--> [EVENT_BEFORE_N/A_ACTUAL],"""augmentation"" --(CONTAINS)--> ""admission"" | ""admission"" --(BEFORE)--> ""examen"" | ""examen"" --(BEFORE)--> ""échographique"""
22,65,FR100620,[EVENT_BEFORE_N/A_ACTUAL] --(CONTAINS)--> [EVENT_BEFORE_N/A_ACTUAL] | [EVENT_BEFORE_N/A_ACTUAL] --(BEFORE)--> [EVENT_BEFORE_N/A_ACTUAL] | [EVENT_BEFORE_N/A_ACTUAL] --(BEFORE)--> [EVENT_BEFORE_N/A_ACTUAL],"""toux"" --(CONTAINS)--> ""présenté"" | ""présenté"" --(BEFORE)--> ""examen"" | ""examen"" --(BEFORE)--> ""radiographie"""
22,65,FR100623,[EVENT_BEFORE_N/A_ACTUAL] --(CONTAINS)--> [EVENT_BEFORE_N/A_ACTUAL] | [EVENT_BEFORE_N/A_ACTUAL] --(BEFORE)--> [EVENT_BEFORE_N/A_ACTUAL] | [EVENT_BEFORE_N/A_ACTUAL] --(BEFORE)--> [EVENT_BEFORE_N/A_ACTUAL],"""disposition"" --(CONTAINS)--> ""tomodensitométrie"" | ""tomodensitométrie"" --(BEFORE)--> ""retenu"" | ""retenu"" --(BEFORE)--> ""prise"""
22,65,FR100629,[EVENT_BEFORE_N/A_ACTUAL] --(CONTAINS)--> [EVENT_BEFORE_N/A_ACTUAL] | [EVENT_BEFORE_N/A_ACTUAL] --(BEFORE)--> [EVENT_BEFORE_N/A_ACTUAL] | [EVENT_BEFORE_N/A_ACTUAL] --(BEFORE)--> [EVENT_BEFORE_N/A_ACTUAL],"""opacité"" --(CONTAINS)--> ""radiographie"" | ""radiographie"" --(BEFORE)--> ""thoracoscopie"" | ""thoracoscopie"" --(BEFORE)--> ""marquage"""
22,65,FR100632,[EVENT_BEFORE_N/A_ACTUAL] --(CONTAINS)--> [EVENT_BEFORE_N/A_ACTUAL] | [EVENT_BEFORE_N/A_ACTUAL] --(BEFORE)--> [EVENT_BEFORE_N/A_ACTUAL] | [EVENT_BEFORE_N/A_ACTUAL] --(BEFORE)--> [EVENT_BEFORE_N/A_ACTUAL],"""diminuée"" --(CONTAINS)--> ""examen"" | ""examen"" --(BEFORE)--> ""IRM"" | ""IRM"" --(BEFORE)--> ""IRM"""
22,65,FR100658,[EVENT_BEFORE_N/A_ACTUAL] --(CONTAINS)--> [EVENT_BEFORE_N/A_ACTUAL] | [EVENT_BEFORE_N/A_ACTUAL] --(BEFORE)--> [EVENT_BEFORE_N/A_ACTUAL] | [EVENT_BEFORE_N/A_ACTUAL] --(BEFORE)--> [EVENT_BEFORE_N/A_ACTUAL],"""eupnéique"" --(CONTAINS)--> ""examen"" | ""examen"" --(BEFORE)--> ""laryngoscopie"" | ""laryngoscopie"" --(BEFORE)--> ""tomodensitométrie"""
22,65,FR100663,[EVENT_BEFORE_N/A_ACTUAL] --(CONTAINS)--> [EVENT_BEFORE_N/A_ACTUAL] | [EVENT_BEFORE_N/A_ACTUAL] --(BEFORE)--> [EVENT_BEFORE_N/A_ACTUAL] | [EVENT_BEFORE_N/A_ACTUAL] --(BEFORE)--> [EVENT_BEFORE_N/A_ACTUAL],"""stable"" --(CONTAINS)--> ""examen"" | ""examen"" --(BEFORE)--> ""examen"" | ""examen"" --(BEFORE)--> ""échographie"""
22,65,FR100666,[EVENT_BEFORE_N/A_ACTUAL] --(CONTAINS)--> [EVENT_BEFORE_N/A_ACTUAL] | [EVENT_BEFORE_N/A_ACTUAL] --(BEFORE)--> [EVENT_BEFORE_N/A_ACTUAL] | [EVENT_BEFORE_N/A_ACTUAL] --(BEFORE)--> [EVENT_BEFORE_N/A_ACTUAL],"""localisations"" --(CONTAINS)--> ""bilan"" | ""bilan"" --(BEFORE)--> ""classé"" | ""classé"" --(BEFORE)--> ""traitement"""
22,65,FR100683,[EVENT_BEFORE_N/A_ACTUAL] --(CONTAINS)--> [EVENT_BEFORE_N/A_ACTUAL] | [EVENT_BEFORE_N/A_ACTUAL] --(BEFORE)--> [EVENT_BEFORE_N/A_ACTUAL] | [EVENT_BEFORE_N/A_ACTUAL] --(BEFORE)--> [EVENT_BEFORE_N/A_ACTUAL],"""T4"" --(CONTAINS)--> ""exploration"" | ""exploration"" --(BEFORE)--> ""IRM"" | ""IRM"" --(BEFORE)--> ""écho-mammographie"""
22,65,FR100688,[EVENT_BEFORE_N/A_ACTUAL] --(CONTAINS)--> [EVENT_BEFORE_N/A_ACTUAL] | [EVENT_BEFORE_N/A_ACTUAL] --(BEFORE)--> [EVENT_BEFORE_N/A_ACTUAL] | [EVENT_BEFORE_N/A_ACTUAL] --(BEFORE)--> [EVENT_BEFORE_N/A_ACTUAL],"""poids"" --(CONTAINS)--> ""examen"" | ""examen"" --(BEFORE)--> ""examen"" | ""examen"" --(BEFORE)--> ""examen"""
22,65,FR100689,[EVENT_BEFORE_N/A_ACTUAL] --(CONTAINS)--> [EVENT_BEFORE_N/A_ACTUAL] | [EVENT_BEFORE_N/A_ACTUAL] --(BEFORE)--> [EVENT_BEFORE_N/A_ACTUAL] | [EVENT_BEFORE_N/A_ACTUAL] --(BEFORE)--> [EVENT_BEFORE_N/A_ACTUAL],"""CRP"" --(CONTAINS)--> ""ionogramme"" | ""ionogramme"" --(BEFORE)--> ""examen"" | ""examen"" --(BEFORE)--> ""sérologie"""
22,65,FR100697,[EVENT_BEFORE_N/A_ACTUAL] --(CONTAINS)--> [EVENT_BEFORE_N/A_ACTUAL] | [EVENT_BEFORE_N/A_ACTUAL] --(BEFORE)--> [EVENT_BEFORE_N/A_ACTUAL] | [EVENT_BEFORE_N/A_ACTUAL] --(BEFORE)--> [EVENT_BEFORE_N/A_ACTUAL],"""rétraction"" --(CONTAINS)--> ""mammographie"" | ""mammographie"" --(BEFORE)--> ""échographie"" | ""échographie"" --(BEFORE)--> ""examen"""
22,65,FR100708,[EVENT_BEFORE_N/A_ACTUAL] --(CONTAINS)--> [EVENT_BEFORE_N/A_ACTUAL] | [EVENT_BEFORE_N/A_ACTUAL] --(BEFORE)--> [EVENT_BEFORE_N/A_ACTUAL] | [EVENT_BEFORE_N/A_ACTUAL] --(BEFORE)--> [EVENT_BEFORE_N/A_ACTUAL],"""masse"" --(CONTAINS)--> ""mammographie"" | ""mammographie"" --(BEFORE)--> ""échographie"" | ""échographie"" --(BEFORE)--> ""ponction"""
22,65,FR100717,[EVENT_BEFORE_N/A_ACTUAL] --(CONTAINS)--> [EVENT_BEFORE_N/A_ACTUAL] | [EVENT_BEFORE_N/A_ACTUAL] --(BEFORE)--> [EVENT_BEFORE_N/A_ACTUAL] | [EVENT_BEFORE_N/A_ACTUAL] --(BEFORE)--> [EVENT_BEFORE_N/A_ACTUAL],"""Lasègue"" --(CONTAINS)--> ""examen"" | ""examen"" --(BEFORE)--> ""examens"" | ""examens"" --(BEFORE)--> ""scanner"""
22,65,FR100748,[EVENT_BEFORE_N/A_ACTUAL] --(CONTAINS)--> [EVENT_BEFORE_N/A_ACTUAL] | [EVENT_BEFORE_N/A_ACTUAL] --(BEFORE)--> [EVENT_BEFORE_N/A_ACTUAL] | [EVENT_BEFORE_N/A_ACTUAL] --(BEFORE)--> [EVENT_BEFORE_N/A_ACTUAL],"""hospitalisation"" --(CONTAINS)--> ""indication"" | ""indication"" --(BEFORE)--> ""consultation"" | ""consultation"" --(BEFORE)--> ""ASA"""
22,65,FR100766,[EVENT_BEFORE_N/A_ACTUAL] --(CONTAINS)--> [EVENT_BEFORE_N/A_ACTUAL] | [EVENT_BEFORE_N/A_ACTUAL] --(BEFORE)--> [EVENT_BEFORE_N/A_ACTUAL] | [EVENT_BEFORE_N/A_ACTUAL] --(BEFORE)--> [EVENT_BEFORE_N/A_ACTUAL],"""prolabé"" --(CONTAINS)--> ""examen"" | ""examen"" --(BEFORE)--> ""hospitalisation"" | ""hospitalisation"" --(BEFORE)--> ""traitement"""
22,65,FR100780,[EVENT_BEFORE_N/A_ACTUAL] --(CONTAINS)--> [EVENT_BEFORE_N/A_ACTUAL] | [EVENT_BEFORE_N/A_ACTUAL] --(BEFORE)--> [EVENT_BEFORE_N/A_ACTUAL] | [EVENT_BEFORE_N/A_ACTUAL] --(BEFORE)--> [EVENT_BEFORE_N/A_ACTUAL],"""taille"" --(CONTAINS)--> ""examen"" | ""examen"" --(BEFORE)--> ""toucher"" | ""toucher"" --(BEFORE)--> ""échographie"""
22,65,FR100806,[EVENT_BEFORE_N/A_ACTUAL] --(CONTAINS)--> [EVENT_BEFORE_N/A_ACTUAL] | [EVENT_BEFORE_N/A_ACTUAL] --(BEFORE)--> [EVENT_BEFORE_N/A_ACTUAL] | [EVENT_BEFORE_N/A_ACTUAL] --(BEFORE)--> [EVENT_BEFORE_N/A_ACTUAL],"""TP"" --(CONTAINS)--> ""biologie"" | ""biologie"" --(BEFORE)--> ""tomodensitométrie"" | ""tomodensitométrie"" --(BEFORE)--> ""prise"""
22,65,FR100814,[EVENT_BEFORE_N/A_ACTUAL] --(CONTAINS)--> [EVENT_BEFORE_N/A_ACTUAL] | [EVENT_BEFORE_N/A_ACTUAL] --(BEFORE)--> [EVENT_BEFORE_N/A_ACTUAL] | [EVENT_BEFORE_N/A_ACTUAL] --(BEFORE)--> [EVENT_BEFORE_N/A_ACTUAL],"""processus"" --(CONTAINS)--> ""IRM"" | ""IRM"" --(BEFORE)--> ""diagnostic"" | ""diagnostic"" --(BEFORE)--> ""réséquée"""
22,65,FR100826,[EVENT_BEFORE_N/A_ACTUAL] --(CONTAINS)--> [EVENT_BEFORE_N/A_ACTUAL] | [EVENT_BEFORE_N/A_ACTUAL] --(BEFORE)--> [EVENT_BEFORE_N/A_ACTUAL] | [EVENT_BEFORE_N/A_ACTUAL] --(BEFORE)--> [EVENT_BEFORE_N/A_ACTUAL],"""termine"" --(CONTAINS)--> ""bilan"" | ""bilan"" --(BEFORE)--> ""bilan"" | ""bilan"" --(BEFORE)--> ""retenue"""
22,65,FR100845,[EVENT_BEFORE_N/A_ACTUAL] --(CONTAINS)--> [EVENT_BEFORE_N/A_ACTUAL] | [EVENT_BEFORE_N/A_ACTUAL] --(BEFORE)--> [EVENT_BEFORE_N/A_ACTUAL] | [EVENT_BEFORE_N/A_ACTUAL] --(BEFORE)--> [EVENT_BEFORE_N/A_ACTUAL],"""grossesse"" --(CONTAINS)--> ""échographie"" | ""échographie"" --(BEFORE)--> ""radiographie"" | ""radiographie"" --(BEFORE)--> ""décision"""
22,65,FR100849,[EVENT_BEFORE_N/A_ACTUAL] --(CONTAINS)--> [EVENT_BEFORE_N/A_ACTUAL] | [EVENT_BEFORE_N/A_ACTUAL] --(BEFORE)--> [EVENT_BEFORE_N/A_ACTUAL] | [EVENT_BEFORE_N/A_ACTUAL] --(BEFORE)--> [EVENT_BEFORE_N/A_ACTUAL],"""appendagite"" --(CONTAINS)--> ""tomodensitométrie"" | ""tomodensitométrie"" --(BEFORE)--> ""acheminé"" | ""acheminé"" --(BEFORE)--> ""suites"""
22,65,FR100870,[EVENT_BEFORE_N/A_ACTUAL] --(CONTAINS)--> [EVENT_BEFORE_N/A_ACTUAL] | [EVENT_BEFORE_N/A_ACTUAL] --(BEFORE)--> [EVENT_BEFORE_N/A_ACTUAL] | [EVENT_BEFORE_N/A_ACTUAL] --(BEFORE)--> [EVENT_BEFORE_N/A_ACTUAL],"""phosphore"" --(CONTAINS)--> ""bilan"" | ""bilan"" --(BEFORE)--> ""B2"" | ""B2"" --(BEFORE)--> ""myélogramme"""
22,65,FR100874,[EVENT_BEFORE_N/A_ACTUAL] --(CONTAINS)--> [EVENT_BEFORE_N/A_ACTUAL] | [EVENT_BEFORE_N/A_ACTUAL] --(BEFORE)--> [EVENT_BEFORE_N/A_ACTUAL] | [EVENT_BEFORE_N/A_ACTUAL] --(BEFORE)--> [EVENT_BEFORE_N/A_ACTUAL],"""refoulement"" --(CONTAINS)--> ""transit"" | ""transit"" --(BEFORE)--> ""tomodensitométrie"" | ""tomodensitométrie"" --(BEFORE)--> ""retenu"""
22,65,FR100882,[EVENT_BEFORE_N/A_ACTUAL] --(CONTAINS)--> [EVENT_BEFORE_N/A_ACTUAL] | [EVENT_BEFORE_N/A_ACTUAL] --(BEFORE)--> [EVENT_BEFORE_N/A_ACTUAL] | [EVENT_BEFORE_N/A_ACTUAL] --(BEFORE)--> [EVENT_BEFORE_N/A_ACTUAL],"""signe"" --(CONTAINS)--> ""examen"" | ""examen"" --(BEFORE)--> ""examen"" | ""examen"" --(BEFORE)--> ""examen"""
22,65,FR100883,[EVENT_BEFORE_N/A_ACTUAL] --(CONTAINS)--> [EVENT_BEFORE_N/A_ACTUAL] | [EVENT_BEFORE_N/A_ACTUAL] --(BEFORE)--> [EVENT_BEFORE_N/A_ACTUAL] | [EVENT_BEFORE_N/A_ACTUAL] --(BEFORE)--> [EVENT_BEFORE_N/A_ACTUAL],"""prolifération"" --(CONTAINS)--> ""biopsie"" | ""biopsie"" --(BEFORE)--> ""bilan"" | ""bilan"" --(BEFORE)--> ""reçu"""
22,65,FR100894,[EVENT_BEFORE_N/A_ACTUAL] --(CONTAINS)--> [EVENT_BEFORE_N/A_ACTUAL] | [EVENT_BEFORE_N/A_ACTUAL] --(BEFORE)--> [EVENT_BEFORE_N/A_ACTUAL] | [EVENT_BEFORE_N/A_ACTUAL] --(BEFORE)--> [EVENT_BEFORE_N/A_ACTUAL],"""reçu"" --(CONTAINS)--> ""appuyés"" | ""appuyés"" --(BEFORE)--> ""diagnostic"" | ""diagnostic"" --(BEFORE)--> ""pris"""
22,65,FR100903,[EVENT_BEFORE_N/A_ACTUAL] --(CONTAINS)--> [EVENT_BEFORE_N/A_ACTUAL] | [EVENT_BEFORE_N/A_ACTUAL] --(BEFORE)--> [EVENT_BEFORE_N/A_ACTUAL] | [EVENT_BEFORE_N/A_ACTUAL] --(BEFORE)--> [EVENT_BEFORE_N/A_ACTUAL],"""diamètre"" --(CONTAINS)--> ""échographie"" | ""échographie"" --(BEFORE)--> ""IRM"" | ""IRM"" --(BEFORE)--> ""diagnostic"""
22,65,FR100921,[EVENT_BEFORE_N/A_ACTUAL] --(CONTAINS)--> [EVENT_BEFORE_N/A_ACTUAL] | [EVENT_BEFORE_N/A_ACTUAL] --(BEFORE)--> [EVENT_BEFORE_N/A_ACTUAL] | [EVENT_BEFORE_N/A_ACTUAL] --(BEFORE)--> [EVENT_BEFORE_N/A_ACTUAL],"""signe"" --(CONTAINS)--> ""palpation"" | ""palpation"" --(BEFORE)--> ""imagerie"" | ""imagerie"" --(BEFORE)--> ""exérèse"""
22,65,FR100946,[EVENT_BEFORE_N/A_ACTUAL] --(CONTAINS)--> [EVENT_BEFORE_N/A_ACTUAL] | [EVENT_BEFORE_N/A_ACTUAL] --(BEFORE)--> [EVENT_BEFORE_N/A_ACTUAL] | [EVENT_BEFORE_N/A_ACTUAL] --(BEFORE)--> [EVENT_BEFORE_N/A_ACTUAL],"""hémiparésie"" --(CONTAINS)--> ""examen"" | ""examen"" --(BEFORE)--> ""IRM"" | ""IRM"" --(BEFORE)--> ""analyse"""
22,65,FR100959,[EVENT_BEFORE_N/A_ACTUAL] --(CONTAINS)--> [EVENT_BEFORE_N/A_ACTUAL] | [EVENT_BEFORE_N/A_ACTUAL] --(BEFORE)--> [EVENT_BEFORE_N/A_ACTUAL] | [EVENT_BEFORE_N/A_ACTUAL] --(BEFORE)--> [EVENT_BEFORE_N/A_ACTUAL],"""admis"" --(CONTAINS)--> ""œsophagoscopie"" | ""œsophagoscopie"" --(BEFORE)--> ""Transit"" | ""Transit"" --(BEFORE)--> ""notée"""
22,65,FR100996,[EVENT_BEFORE_N/A_ACTUAL] --(CONTAINS)--> [EVENT_BEFORE_N/A_ACTUAL] | [EVENT_BEFORE_N/A_ACTUAL] --(BEFORE)--> [EVENT_BEFORE_N/A_ACTUAL] | [EVENT_BEFORE_N/A_ACTUAL] --(BEFORE)--> [EVENT_BEFORE_N/A_ACTUAL],"""sac"" --(CONTAINS)--> ""tomodensitométrie"" | ""tomodensitométrie"" --(BEFORE)--> ""injection"" | ""injection"" --(BEFORE)--> ""rehaussait"""
22,65,FR100998,[EVENT_BEFORE_N/A_ACTUAL] --(CONTAINS)--> [EVENT_BEFORE_N/A_ACTUAL] | [EVENT_BEFORE_N/A_ACTUAL] --(BEFORE)--> [EVENT_BEFORE_N/A_ACTUAL] | [EVENT_BEFORE_N/A_ACTUAL] --(BEFORE)--> [EVENT_BEFORE_N/A_ACTUAL],"""lésions"" --(CONTAINS)--> ""diagnostic"" | ""diagnostic"" --(BEFORE)--> ""traitée"" | ""traitée"" --(BEFORE)--> ""bilan"""
144,60,FR100003,[EVENT_BEFORE_N/A_ACTUAL] --(BEFORE)--> [EVENT_BEFORE_N/A_ACTUAL] | [EVENT_BEFORE_N/A_ACTUAL] --(BEFORE)--> [EVENT_BEFORE_N/A_ACTUAL] | [EVENT_BEFORE_N/A_ACTUAL] --(BEFORE)--> [EVENT_BEFORE_N/A_ACTUAL],"""bilan"" --(BEFORE)--> ""TDM"" | ""TDM"" --(BEFORE)--> ""panoramique"" | ""panoramique"" --(BEFORE)--> ""ponction"""
144,60,FR100092,[EVENT_BEFORE_N/A_ACTUAL] --(BEFORE)--> [EVENT_BEFORE_N/A_ACTUAL] | [EVENT_BEFORE_N/A_ACTUAL] --(BEFORE)--> [EVENT_BEFORE_N/A_ACTUAL] | [EVENT_BEFORE_N/A_ACTUAL] --(BEFORE)--> [EVENT_BEFORE_N/A_ACTUAL],"""examen"" --(BEFORE)--> ""examen"" | ""examen"" --(BEFORE)--> ""échographie"" | ""échographie"" --(BEFORE)--> ""tableau"""
144,60,FR100120,[EVENT_BEFORE_N/A_ACTUAL] --(BEFORE)--> [EVENT_BEFORE_N/A_ACTUAL] | [EVENT_BEFORE_N/A_ACTUAL] --(BEFORE)--> [EVENT_BEFORE_N/A_ACTUAL] | [EVENT_BEFORE_N/A_ACTUAL] --(BEFORE)--> [EVENT_BEFORE_N/A_ACTUAL],"""rattaché"" --(BEFORE)--> ""traitement"" | ""traitement"" --(BEFORE)--> ""retirées"" | ""retirées"" --(BEFORE)--> ""conclure"""
144,60,FR100130,[EVENT_BEFORE_N/A_ACTUAL] --(BEFORE)--> [EVENT_BEFORE_N/A_ACTUAL] | [EVENT_BEFORE_N/A_ACTUAL] --(BEFORE)--> [EVENT_BEFORE_N/A_ACTUAL] | [EVENT_BEFORE_N/A_ACTUAL] --(BEFORE)--> [EVENT_BEFORE_N/A_ACTUAL],"""confirmé"" --(BEFORE)--> ""recherche"" | ""recherche"" --(BEFORE)--> ""séjour"" | ""séjour"" --(BEFORE)--> ""bilan"""
144,60,FR100132,[EVENT_BEFORE_N/A_ACTUAL] --(BEFORE)--> [EVENT_BEFORE_N/A_ACTUAL] | [EVENT_BEFORE_N/A_ACTUAL] --(BEFORE)--> [EVENT_BEFORE_N/A_ACTUAL] | [EVENT_BEFORE_N/A_ACTUAL] --(BEFORE)--> [EVENT_BEFORE_N/A_ACTUAL],"""palpation"" --(BEFORE)--> ""histologie"" | ""histologie"" --(BEFORE)--> ""examen"" | ""examen"" --(BEFORE)--> ""écho-Doppler"""
144,60,FR100142,[EVENT_BEFORE_N/A_ACTUAL] --(BEFORE)--> [EVENT_BEFORE_N/A_ACTUAL] | [EVENT_BEFORE_N/A_ACTUAL] --(BEFORE)--> [EVENT_BEFORE_N/A_ACTUAL] | [EVENT_BEFORE_N/A_ACTUAL] --(BEFORE)--> [EVENT_BEFORE_N/A_ACTUAL],"""biopsie"" --(BEFORE)--> ""étude"" | ""étude"" --(BEFORE)--> ""sérologie"" | ""sérologie"" --(BEFORE)--> ""évolution"""
144,60,FR100161,[EVENT_BEFORE_N/A_ACTUAL] --(BEFORE)--> [EVENT_BEFORE_N/A_ACTUAL] | [EVENT_BEFORE_N/A_ACTUAL] --(BEFORE)--> [EVENT_BEFORE_N/A_ACTUAL] | [EVENT_BEFORE_N/A_ACTUAL] --(BEFORE)--> [EVENT_BEFORE_N/A_ACTUAL],"""examens"" --(BEFORE)--> ""radiographie"" | ""radiographie"" --(BEFORE)--> ""complément"" | ""complément"" --(BEFORE)--> ""IRM"""
144,60,FR100168,[EVENT_BEFORE_N/A_ACTUAL] --(BEFORE)--> [EVENT_BEFORE_N/A_ACTUAL] | [EVENT_BEFORE_N/A_ACTUAL] --(BEFORE)--> [EVENT_BEFORE_N/A_ACTUAL] | [EVENT_BEFORE_N/A_ACTUAL] --(BEFORE)--> [EVENT_BEFORE_N/A_ACTUAL],"""transfusion"" --(BEFORE)--> ""bilan"" | ""bilan"" --(BEFORE)--> ""tests"" | ""tests"" --(BEFORE)--> ""entretien"""
144,60,FR100255,[EVENT_BEFORE_N/A_ACTUAL] --(BEFORE)--> [EVENT_BEFORE_N/A_ACTUAL] | [EVENT_BEFORE_N/A_ACTUAL] --(BEFORE)--> [EVENT_BEFORE_N/A_ACTUAL] | [EVENT_BEFORE_N/A_ACTUAL] --(BEFORE)--> [EVENT_BEFORE_N/A_ACTUAL],"""examen"" --(BEFORE)--> ""échographie"" | ""échographie"" --(BEFORE)--> ""mise"" | ""mise"" --(BEFORE)--> ""décubitus"""
144,60,FR100275,[EVENT_BEFORE_N/A_ACTUAL] --(BEFORE)--> [EVENT_BEFORE_N/A_ACTUAL] | [EVENT_BEFORE_N/A_ACTUAL] --(BEFORE)--> [EVENT_BEFORE_N/A_ACTUAL] | [EVENT_BEFORE_N/A_ACTUAL] --(BEFORE)--> [EVENT_BEFORE_N/A_ACTUAL],"""manœuvres"" --(BEFORE)--> ""transféré"" | ""transféré"" --(BEFORE)--> ""anamnèse"" | ""anamnèse"" --(BEFORE)--> ""examen"""
144,60,FR100276,[EVENT_BEFORE_N/A_ACTUAL] --(BEFORE)--> [EVENT_BEFORE_N/A_ACTUAL] | [EVENT_BEFORE_N/A_ACTUAL] --(BEFORE)--> [EVENT_BEFORE_N/A_ACTUAL] | [EVENT_BEFORE_N/A_ACTUAL] --(BEFORE)--> [EVENT_BEFORE_N/A_ACTUAL],"""accouchement"" --(BEFORE)--> ""reste"" | ""reste"" --(BEFORE)--> ""bilan"" | ""bilan"" --(BEFORE)--> ""régression"""
144,60,FR100282,[EVENT_BEFORE_N/A_ACTUAL] --(BEFORE)--> [EVENT_BEFORE_N/A_ACTUAL] | [EVENT_BEFORE_N/A_ACTUAL] --(BEFORE)--> [EVENT_BEFORE_N/A_ACTUAL] | [EVENT_BEFORE_N/A_ACTUAL] --(BEFORE)--> [EVENT_BEFORE_N/A_ACTUAL],"""examen"" --(BEFORE)--> ""électroencéphalogramme"" | ""électroencéphalogramme"" --(BEFORE)--> ""scanner"" | ""scanner"" --(BEFORE)--> ""conclus"""
144,60,FR100283,[EVENT_BEFORE_N/A_ACTUAL] --(BEFORE)--> [EVENT_BEFORE_N/A_ACTUAL] | [EVENT_BEFORE_N/A_ACTUAL] --(BEFORE)--> [EVENT_BEFORE_N/A_ACTUAL] | [EVENT_BEFORE_N/A_ACTUAL] --(BEFORE)--> [EVENT_BEFORE_N/A_ACTUAL],"""bilan"" --(BEFORE)--> ""IRM"" | ""IRM"" --(BEFORE)--> ""hypophysiogramme"" | ""hypophysiogramme"" --(BEFORE)--> ""traitement"""
144,60,FR100296,[EVENT_BEFORE_N/A_ACTUAL] --(BEFORE)--> [EVENT_BEFORE_N/A_ACTUAL] | [EVENT_BEFORE_N/A_ACTUAL] --(BEFORE)--> [EVENT_BEFORE_N/A_ACTUAL] | [EVENT_BEFORE_N/A_ACTUAL] --(BEFORE)--> [EVENT_BEFORE_N/A_ACTUAL],"""IRM"" --(BEFORE)--> ""fenestration"" | ""fenestration"" --(BEFORE)--> ""suites"" | ""suites"" --(BEFORE)--> ""exéaté"""
144,60,FR100314,[EVENT_BEFORE_N/A_ACTUAL] --(BEFORE)--> [EVENT_BEFORE_N/A_ACTUAL] | [EVENT_BEFORE_N/A_ACTUAL] --(BEFORE)--> [EVENT_BEFORE_N/A_ACTUAL] | [EVENT_BEFORE_N/A_ACTUAL] --(BEFORE)--> [EVENT_BEFORE_N/A_ACTUAL],"""admise"" --(BEFORE)--> ""bilan"" | ""bilan"" --(BEFORE)--> ""drainage"" | ""drainage"" --(BEFORE)--> ""angio-scanner"""
144,60,FR100344,[EVENT_BEFORE_N/A_ACTUAL] --(BEFORE)--> [EVENT_BEFORE_N/A_ACTUAL] | [EVENT_BEFORE_N/A_ACTUAL] --(BEFORE)--> [EVENT_BEFORE_N/A_ACTUAL] | [EVENT_BEFORE_N/A_ACTUAL] --(BEFORE)--> [EVENT_BEFORE_N/A_ACTUAL],"""déroulée"" --(BEFORE)--> ""plainte"" | ""plainte"" --(BEFORE)--> ""examen"" | ""examen"" --(BEFORE)--> ""césarienne"""
144,60,FR100346,[EVENT_BEFORE_N/A_ACTUAL] --(BEFORE)--> [EVENT_BEFORE_N/A_ACTUAL] | [EVENT_BEFORE_N/A_ACTUAL] --(BEFORE)--> [EVENT_BEFORE_N/A_ACTUAL] | [EVENT_BEFORE_N/A_ACTUAL] --(BEFORE)--> [EVENT_BEFORE_N/A_ACTUAL],"""gazométrie"" --(BEFORE)--> ""reste"" | ""reste"" --(BEFORE)--> ""radiographie"" | ""radiographie"" --(BEFORE)--> ""angioscanner"""
144,60,FR100360,[EVENT_BEFORE_N/A_ACTUAL] --(BEFORE)--> [EVENT_BEFORE_N/A_ACTUAL] | [EVENT_BEFORE_N/A_ACTUAL] --(BEFORE)--> [EVENT_BEFORE_N/A_ACTUAL] | [EVENT_BEFORE_N/A_ACTUAL] --(BEFORE)--> [EVENT_BEFORE_N/A_ACTUAL],"""examen"" --(BEFORE)--> ""curage"" | ""curage"" --(BEFORE)--> ""radiothérapie"" | ""radiothérapie"" --(BEFORE)--> ""curiethérapie"""
144,60,FR100361,[EVENT_BEFORE_N/A_ACTUAL] --(BEFORE)--> [EVENT_BEFORE_N/A_ACTUAL] | [EVENT_BEFORE_N/A_ACTUAL] --(BEFORE)--> [EVENT_BEFORE_N/A_ACTUAL] | [EVENT_BEFORE_N/A_ACTUAL] --(BEFORE)--> [EVENT_BEFORE_N/A_ACTUAL],"""examen"" --(BEFORE)--> ""TDM"" | ""TDM"" --(BEFORE)--> ""ponction"" | ""ponction"" --(BEFORE)--> ""examen"""
144,60,FR100371,[EVENT_BEFORE_N/A_ACTUAL] --(BEFORE)--> [EVENT_BEFORE_N/A_ACTUAL] | [EVENT_BEFORE_N/A_ACTUAL] --(BEFORE)--> [EVENT_BEFORE_N/A_ACTUAL] | [EVENT_BEFORE_N/A_ACTUAL] --(BEFORE)--> [EVENT_BEFORE_N/A_ACTUAL],"""examen"" --(BEFORE)--> ""bilan"" | ""bilan"" --(BEFORE)--> ""bilan"" | ""bilan"" --(BEFORE)--> ""échographie"""
144,60,FR100400,[EVENT_BEFORE_N/A_ACTUAL] --(BEFORE)--> [EVENT_BEFORE_N/A_ACTUAL] | [EVENT_BEFORE_N/A_ACTUAL] --(BEFORE)--> [EVENT_BEFORE_N/A_ACTUAL] | [EVENT_BEFORE_N/A_ACTUAL] --(BEFORE)--> [EVENT_BEFORE_N/A_ACTUAL],"""Radiographie"" --(BEFORE)--> ""échographie"" | ""échographie"" --(BEFORE)--> ""scanner"" | ""scanner"" --(BEFORE)--> ""diagnostic"""
144,60,FR100439,[EVENT_BEFORE_N/A_ACTUAL] --(BEFORE)--> [EVENT_BEFORE_N/A_ACTUAL] | [EVENT_BEFORE_N/A_ACTUAL] --(BEFORE)--> [EVENT_BEFORE_N/A_ACTUAL] | [EVENT_BEFORE_N/A_ACTUAL] --(BEFORE)--> [EVENT_BEFORE_N/A_ACTUAL],"""analyse"" --(BEFORE)--> ""demandée"" | ""demandée"" --(BEFORE)--> ""examen"" | ""examen"" --(BEFORE)--> ""classée"""
144,60,FR100448,[EVENT_BEFORE_N/A_ACTUAL] --(BEFORE)--> [EVENT_BEFORE_N/A_ACTUAL] | [EVENT_BEFORE_N/A_ACTUAL] --(BEFORE)--> [EVENT_BEFORE_N/A_ACTUAL] | [EVENT_BEFORE_N/A_ACTUAL] --(BEFORE)--> [EVENT_BEFORE_N/A_ACTUAL],"""échotomographie"" --(BEFORE)--> ""hémi thyroïdectomie"" | ""hémi thyroïdectomie"" --(BEFORE)--> ""examen"" | ""examen"" --(BEFORE)--> ""histochimie"""
144,60,FR100480,[EVENT_BEFORE_N/A_ACTUAL] --(BEFORE)--> [EVENT_BEFORE_N/A_ACTUAL] | [EVENT_BEFORE_N/A_ACTUAL] --(BEFORE)--> [EVENT_BEFORE_N/A_ACTUAL] | [EVENT_BEFORE_N/A_ACTUAL] --(BEFORE)--> [EVENT_BEFORE_N/A_ACTUAL],"""installation"" --(BEFORE)--> ""bilan"" | ""bilan"" --(BEFORE)--> ""analyse"" | ""analyse"" --(BEFORE)--> ""amputation"""
144,60,FR100515,[EVENT_BEFORE_N/A_ACTUAL] --(BEFORE)--> [EVENT_BEFORE_N/A_ACTUAL] | [EVENT_BEFORE_N/A_ACTUAL] --(BEFORE)--> [EVENT_BEFORE_N/A_ACTUAL] | [EVENT_BEFORE_N/A_ACTUAL] --(BEFORE)--> [EVENT_BEFORE_N/A_ACTUAL],"""testing"" --(BEFORE)--> ""dosage"" | ""dosage"" --(BEFORE)--> ""bilan"" | ""bilan"" --(BEFORE)--> ""biopsie"""
144,60,FR100517,[EVENT_BEFORE_N/A_ACTUAL] --(BEFORE)--> [EVENT_BEFORE_N/A_ACTUAL] | [EVENT_BEFORE_N/A_ACTUAL] --(BEFORE)--> [EVENT_BEFORE_N/A_ACTUAL] | [EVENT_BEFORE_N/A_ACTUAL] --(BEFORE)--> [EVENT_BEFORE_N/A_ACTUAL],"""bilan"" --(BEFORE)--> ""électromyogramme"" | ""électromyogramme"" --(BEFORE)--> ""bilan"" | ""bilan"" --(BEFORE)--> ""explorations"""
144,60,FR100519,[EVENT_BEFORE_N/A_ACTUAL] --(BEFORE)--> [EVENT_BEFORE_N/A_ACTUAL] | [EVENT_BEFORE_N/A_ACTUAL] --(BEFORE)--> [EVENT_BEFORE_N/A_ACTUAL] | [EVENT_BEFORE_N/A_ACTUAL] --(BEFORE)--> [EVENT_BEFORE_N/A_ACTUAL],"""bilan"" --(BEFORE)--> ""angioscanner"" | ""angioscanner"" --(BEFORE)--> ""échodoppler"" | ""échodoppler"" --(BEFORE)--> ""retenue"""
144,60,FR100579,[EVENT_BEFORE_N/A_ACTUAL] --(BEFORE)--> [EVENT_BEFORE_N/A_ACTUAL] | [EVENT_BEFORE_N/A_ACTUAL] --(BEFORE)--> [EVENT_BEFORE_N/A_ACTUAL] | [EVENT_BEFORE_N/A_ACTUAL] --(BEFORE)--> [EVENT_BEFORE_N/A_ACTUAL],"""radiographie"" --(BEFORE)--> ""échocardiographie"" | ""échocardiographie"" --(BEFORE)--> ""bilan"" | ""bilan"" --(BEFORE)--> ""recherche"""
144,60,FR100589,[EVENT_BEFORE_N/A_ACTUAL] --(BEFORE)--> [EVENT_BEFORE_N/A_ACTUAL] | [EVENT_BEFORE_N/A_ACTUAL] --(BEFORE)--> [EVENT_BEFORE_N/A_ACTUAL] | [EVENT_BEFORE_N/A_ACTUAL] --(BEFORE)--> [EVENT_BEFORE_N/A_ACTUAL],"""Cytométrie"" --(BEFORE)--> ""biopsie"" | ""biopsie"" --(BEFORE)--> ""bilan"" | ""bilan"" --(BEFORE)--> ""caryotype"""
144,60,FR100597,[EVENT_BEFORE_N/A_ACTUAL] --(BEFORE)--> [EVENT_BEFORE_N/A_ACTUAL] | [EVENT_BEFORE_N/A_ACTUAL] --(BEFORE)--> [EVENT_BEFORE_N/A_ACTUAL] | [EVENT_BEFORE_N/A_ACTUAL] --(BEFORE)--> [EVENT_BEFORE_N/A_ACTUAL],"""toucher"" --(BEFORE)--> ""reste"" | ""reste"" --(BEFORE)--> ""échographie"" | ""échographie"" --(BEFORE)--> ""complété"""
144,60,FR100611,[EVENT_BEFORE_N/A_ACTUAL] --(BEFORE)--> [EVENT_BEFORE_N/A_ACTUAL] | [EVENT_BEFORE_N/A_ACTUAL] --(BEFORE)--> [EVENT_BEFORE_N/A_ACTUAL] | [EVENT_BEFORE_N/A_ACTUAL] --(BEFORE)--> [EVENT_BEFORE_N/A_ACTUAL],"""biopsie"" --(BEFORE)--> ""recherche"" | ""recherche"" --(BEFORE)--> ""sérologie"" | ""sérologie"" --(BEFORE)--> ""hémogramme"""
144,60,FR100614,[EVENT_BEFORE_N/A_ACTUAL] --(BEFORE)--> [EVENT_BEFORE_N/A_ACTUAL] | [EVENT_BEFORE_N/A_ACTUAL] --(BEFORE)--> [EVENT_BEFORE_N/A_ACTUAL] | [EVENT_BEFORE_N/A_ACTUAL] --(BEFORE)--> [EVENT_BEFORE_N/A_ACTUAL],"""tomodensitométrie"" --(BEFORE)--> ""radiographie"" | ""radiographie"" --(BEFORE)--> ""taux"" | ""taux"" --(BEFORE)--> ""exploration"""
144,60,FR100620,[EVENT_BEFORE_N/A_ACTUAL] --(BEFORE)--> [EVENT_BEFORE_N/A_ACTUAL] | [EVENT_BEFORE_N/A_ACTUAL] --(BEFORE)--> [EVENT_BEFORE_N/A_ACTUAL] | [EVENT_BEFORE_N/A_ACTUAL] --(BEFORE)--> [EVENT_BEFORE_N/A_ACTUAL],"""examen"" --(BEFORE)--> ""radiographie"" | ""radiographie"" --(BEFORE)--> ""drainage"" | ""drainage"" --(BEFORE)--> ""radiographie"""
144,60,FR100623,[EVENT_BEFORE_N/A_ACTUAL] --(BEFORE)--> [EVENT_BEFORE_N/A_ACTUAL] | [EVENT_BEFORE_N/A_ACTUAL] --(BEFORE)--> [EVENT_BEFORE_N/A_ACTUAL] | [EVENT_BEFORE_N/A_ACTUAL] --(BEFORE)--> [EVENT_BEFORE_N/A_ACTUAL],"""échographie"" --(BEFORE)--> ""tomodensitométrie"" | ""tomodensitométrie"" --(BEFORE)--> ""retenu"" | ""retenu"" --(BEFORE)--> ""prise"""
144,60,FR100629,[EVENT_BEFORE_N/A_ACTUAL] --(BEFORE)--> [EVENT_BEFORE_N/A_ACTUAL] | [EVENT_BEFORE_N/A_ACTUAL] --(BEFORE)--> [EVENT_BEFORE_N/A_ACTUAL] | [EVENT_BEFORE_N/A_ACTUAL] --(BEFORE)--> [EVENT_BEFORE_N/A_ACTUAL],"""marquage"" --(BEFORE)--> ""bilan"" | ""bilan"" --(BEFORE)--> ""décision"" | ""décision"" --(BEFORE)--> ""évolution"""
144,60,FR100632,[EVENT_BEFORE_N/A_ACTUAL] --(BEFORE)--> [EVENT_BEFORE_N/A_ACTUAL] | [EVENT_BEFORE_N/A_ACTUAL] --(BEFORE)--> [EVENT_BEFORE_N/A_ACTUAL] | [EVENT_BEFORE_N/A_ACTUAL] --(BEFORE)--> [EVENT_BEFORE_N/A_ACTUAL],"""étude"" --(BEFORE)--> ""radiographie"" | ""radiographie"" --(BEFORE)--> ""examen"" | ""examen"" --(BEFORE)--> ""bilan"""
144,60,FR100663,[EVENT_BEFORE_N/A_ACTUAL] --(BEFORE)--> [EVENT_BEFORE_N/A_ACTUAL] | [EVENT_BEFORE_N/A_ACTUAL] --(BEFORE)--> [EVENT_BEFORE_N/A_ACTUAL] | [EVENT_BEFORE_N/A_ACTUAL] --(BEFORE)--> [EVENT_BEFORE_N/A_ACTUAL],"""incisée"" --(BEFORE)--> ""vérifié"" | ""vérifié"" --(BEFORE)--> ""reprise"" | ""reprise"" --(BEFORE)--> ""fermé"""
144,60,FR100666,[EVENT_BEFORE_N/A_ACTUAL] --(BEFORE)--> [EVENT_BEFORE_N/A_ACTUAL] | [EVENT_BEFORE_N/A_ACTUAL] --(BEFORE)--> [EVENT_BEFORE_N/A_ACTUAL] | [EVENT_BEFORE_N/A_ACTUAL] --(BEFORE)--> [EVENT_BEFORE_N/A_ACTUAL],"""étude"" --(BEFORE)--> ""adressé"" | ""adressé"" --(BEFORE)--> ""bilan"" | ""bilan"" --(BEFORE)--> ""myologramme"""
144,60,FR100683,[EVENT_BEFORE_N/A_ACTUAL] --(BEFORE)--> [EVENT_BEFORE_N/A_ACTUAL] | [EVENT_BEFORE_N/A_ACTUAL] --(BEFORE)--> [EVENT_BEFORE_N/A_ACTUAL] | [EVENT_BEFORE_N/A_ACTUAL] --(BEFORE)--> [EVENT_BEFORE_N/A_ACTUAL],"""examen"" --(BEFORE)--> ""exploration"" | ""exploration"" --(BEFORE)--> ""exploration"" | ""exploration"" --(BEFORE)--> ""IRM"""
144,60,FR100688,[EVENT_BEFORE_N/A_ACTUAL] --(BEFORE)--> [EVENT_BEFORE_N/A_ACTUAL] | [EVENT_BEFORE_N/A_ACTUAL] --(BEFORE)--> [EVENT_BEFORE_N/A_ACTUAL] | [EVENT_BEFORE_N/A_ACTUAL] --(BEFORE)--> [EVENT_BEFORE_N/A_ACTUAL],"""incision"" --(BEFORE)--> ""analyse"" | ""analyse"" --(BEFORE)--> ""traitement"" | ""traitement"" --(BEFORE)--> ""évolution"""
144,60,FR100689,[EVENT_BEFORE_N/A_ACTUAL] --(BEFORE)--> [EVENT_BEFORE_N/A_ACTUAL] | [EVENT_BEFORE_N/A_ACTUAL] --(BEFORE)--> [EVENT_BEFORE_N/A_ACTUAL] | [EVENT_BEFORE_N/A_ACTUAL] --(BEFORE)--> [EVENT_BEFORE_N/A_ACTUAL],"""IRM"" --(BEFORE)--> ""étude"" | ""étude"" --(BEFORE)--> ""examen"" | ""examen"" --(BEFORE)--> ""cultures"""
144,60,FR100697,[EVENT_BEFORE_N/A_ACTUAL] --(BEFORE)--> [EVENT_BEFORE_N/A_ACTUAL] | [EVENT_BEFORE_N/A_ACTUAL] --(BEFORE)--> [EVENT_BEFORE_N/A_ACTUAL] | [EVENT_BEFORE_N/A_ACTUAL] --(BEFORE)--> [EVENT_BEFORE_N/A_ACTUAL],"""mammographie"" --(BEFORE)--> ""échographie"" | ""échographie"" --(BEFORE)--> ""examen"" | ""examen"" --(BEFORE)--> ""immunomarquage"""
144,60,FR100708,[EVENT_BEFORE_N/A_ACTUAL] --(BEFORE)--> [EVENT_BEFORE_N/A_ACTUAL] | [EVENT_BEFORE_N/A_ACTUAL] --(BEFORE)--> [EVENT_BEFORE_N/A_ACTUAL] | [EVENT_BEFORE_N/A_ACTUAL] --(BEFORE)--> [EVENT_BEFORE_N/A_ACTUAL],"""mammographie"" --(BEFORE)--> ""échographie"" | ""échographie"" --(BEFORE)--> ""ponction"" | ""ponction"" --(BEFORE)--> ""étude"""
144,60,FR100717,[EVENT_BEFORE_N/A_ACTUAL] --(BEFORE)--> [EVENT_BEFORE_N/A_ACTUAL] | [EVENT_BEFORE_N/A_ACTUAL] --(BEFORE)--> [EVENT_BEFORE_N/A_ACTUAL] | [EVENT_BEFORE_N/A_ACTUAL] --(BEFORE)--> [EVENT_BEFORE_N/A_ACTUAL],"""consulté"" --(BEFORE)--> ""traitement"" | ""traitement"" --(BEFORE)--> ""examen"" | ""examen"" --(BEFORE)--> ""examens"""
144,60,FR100748,[EVENT_BEFORE_N/A_ACTUAL] --(BEFORE)--> [EVENT_BEFORE_N/A_ACTUAL] | [EVENT_BEFORE_N/A_ACTUAL] --(BEFORE)--> [EVENT_BEFORE_N/A_ACTUAL] | [EVENT_BEFORE_N/A_ACTUAL] --(BEFORE)--> [EVENT_BEFORE_N/A_ACTUAL],"""indication"" --(BEFORE)--> ""consultation"" | ""consultation"" --(BEFORE)--> ""ASA"" | ""ASA"" --(BEFORE)--> ""Nicardipine"""
144,60,FR100780,[EVENT_BEFORE_N/A_ACTUAL] --(BEFORE)--> [EVENT_BEFORE_N/A_ACTUAL] | [EVENT_BEFORE_N/A_ACTUAL] --(BEFORE)--> [EVENT_BEFORE_N/A_ACTUAL] | [EVENT_BEFORE_N/A_ACTUAL] --(BEFORE)--> [EVENT_BEFORE_N/A_ACTUAL],"""admise"" --(BEFORE)--> ""examen"" | ""examen"" --(BEFORE)--> ""toucher"" | ""toucher"" --(BEFORE)--> ""échographie"""
144,60,FR100806,[EVENT_BEFORE_N/A_ACTUAL] --(BEFORE)--> [EVENT_BEFORE_N/A_ACTUAL] | [EVENT_BEFORE_N/A_ACTUAL] --(BEFORE)--> [EVENT_BEFORE_N/A_ACTUAL] | [EVENT_BEFORE_N/A_ACTUAL] --(BEFORE)--> [EVENT_BEFORE_N/A_ACTUAL],"""transfusions"" --(BEFORE)--> ""biologie"" | ""biologie"" --(BEFORE)--> ""tomodensitométrie"" | ""tomodensitométrie"" --(BEFORE)--> ""prise"""
144,60,FR100814,[EVENT_BEFORE_N/A_ACTUAL] --(BEFORE)--> [EVENT_BEFORE_N/A_ACTUAL] | [EVENT_BEFORE_N/A_ACTUAL] --(BEFORE)--> [EVENT_BEFORE_N/A_ACTUAL] | [EVENT_BEFORE_N/A_ACTUAL] --(BEFORE)--> [EVENT_BEFORE_N/A_ACTUAL],"""IRM"" --(BEFORE)--> ""diagnostic"" | ""diagnostic"" --(BEFORE)--> ""réséquée"" | ""réséquée"" --(BEFORE)--> ""examen"""
144,60,FR100826,[EVENT_BEFORE_N/A_ACTUAL] --(BEFORE)--> [EVENT_BEFORE_N/A_ACTUAL] | [EVENT_BEFORE_N/A_ACTUAL] --(BEFORE)--> [EVENT_BEFORE_N/A_ACTUAL] | [EVENT_BEFORE_N/A_ACTUAL] --(BEFORE)--> [EVENT_BEFORE_N/A_ACTUAL],"""bilan"" --(BEFORE)--> ""retenue"" | ""retenue"" --(BEFORE)--> ""exploration"" | ""exploration"" --(BEFORE)--> ""suites"""
144,60,FR100845,[EVENT_BEFORE_N/A_ACTUAL] --(BEFORE)--> [EVENT_BEFORE_N/A_ACTUAL] | [EVENT_BEFORE_N/A_ACTUAL] --(BEFORE)--> [EVENT_BEFORE_N/A_ACTUAL] | [EVENT_BEFORE_N/A_ACTUAL] --(BEFORE)--> [EVENT_BEFORE_N/A_ACTUAL],"""informé"" --(BEFORE)--> ""décision"" | ""décision"" --(BEFORE)--> ""extraction"" | ""extraction"" --(BEFORE)--> ""examen"""
144,60,FR100849,[EVENT_BEFORE_N/A_ACTUAL] --(BEFORE)--> [EVENT_BEFORE_N/A_ACTUAL] | [EVENT_BEFORE_N/A_ACTUAL] --(BEFORE)--> [EVENT_BEFORE_N/A_ACTUAL] | [EVENT_BEFORE_N/A_ACTUAL] --(BEFORE)--> [EVENT_BEFORE_N/A_ACTUAL],"""admission"" --(BEFORE)--> ""tomodensitométrie"" | ""tomodensitométrie"" --(BEFORE)--> ""acheminé"" | ""acheminé"" --(BEFORE)--> ""suites"""
144,60,FR100870,[EVENT_BEFORE_N/A_ACTUAL] --(BEFORE)--> [EVENT_BEFORE_N/A_ACTUAL] | [EVENT_BEFORE_N/A_ACTUAL] --(BEFORE)--> [EVENT_BEFORE_N/A_ACTUAL] | [EVENT_BEFORE_N/A_ACTUAL] --(BEFORE)--> [EVENT_BEFORE_N/A_ACTUAL],"""radiothérapie"" --(BEFORE)--> ""admis"" | ""admis"" --(BEFORE)--> ""imagerie"" | ""imagerie"" --(BEFORE)--> ""hémogramme"""
144,60,FR100874,[EVENT_BEFORE_N/A_ACTUAL] --(BEFORE)--> [EVENT_BEFORE_N/A_ACTUAL] | [EVENT_BEFORE_N/A_ACTUAL] --(BEFORE)--> [EVENT_BEFORE_N/A_ACTUAL] | [EVENT_BEFORE_N/A_ACTUAL] --(BEFORE)--> [EVENT_BEFORE_N/A_ACTUAL],"""retenu"" --(BEFORE)--> ""mise"" | ""mise"" --(BEFORE)--> ""diverticulectomie"" | ""diverticulectomie"" --(BEFORE)--> ""décédée"""
144,60,FR100882,[EVENT_BEFORE_N/A_ACTUAL] --(BEFORE)--> [EVENT_BEFORE_N/A_ACTUAL] | [EVENT_BEFORE_N/A_ACTUAL] --(BEFORE)--> [EVENT_BEFORE_N/A_ACTUAL] | [EVENT_BEFORE_N/A_ACTUAL] --(BEFORE)--> [EVENT_BEFORE_N/A_ACTUAL],"""admise"" --(BEFORE)--> ""examen"" | ""examen"" --(BEFORE)--> ""examen"" | ""examen"" --(BEFORE)--> ""examen"""
144,60,FR100883,[EVENT_BEFORE_N/A_ACTUAL] --(BEFORE)--> [EVENT_BEFORE_N/A_ACTUAL] | [EVENT_BEFORE_N/A_ACTUAL] --(BEFORE)--> [EVENT_BEFORE_N/A_ACTUAL] | [EVENT_BEFORE_N/A_ACTUAL] --(BEFORE)--> [EVENT_BEFORE_N/A_ACTUAL],"""TDM"" --(BEFORE)--> ""biopsie"" | ""biopsie"" --(BEFORE)--> ""bilan"" | ""bilan"" --(BEFORE)--> ""reçu"""
144,60,FR100894,[EVENT_BEFORE_N/A_ACTUAL] --(BEFORE)--> [EVENT_BEFORE_N/A_ACTUAL] | [EVENT_BEFORE_N/A_ACTUAL] --(BEFORE)--> [EVENT_BEFORE_N/A_ACTUAL] | [EVENT_BEFORE_N/A_ACTUAL] --(BEFORE)--> [EVENT_BEFORE_N/A_ACTUAL],"""IRM"" --(BEFORE)--> ""appuyés"" | ""appuyés"" --(BEFORE)--> ""diagnostic"" | ""diagnostic"" --(BEFORE)--> ""pris"""
144,60,FR100903,[EVENT_BEFORE_N/A_ACTUAL] --(BEFORE)--> [EVENT_BEFORE_N/A_ACTUAL] | [EVENT_BEFORE_N/A_ACTUAL] --(BEFORE)--> [EVENT_BEFORE_N/A_ACTUAL] | [EVENT_BEFORE_N/A_ACTUAL] --(BEFORE)--> [EVENT_BEFORE_N/A_ACTUAL],"""diagnostic"" --(BEFORE)--> ""écarté"" | ""écarté"" --(BEFORE)--> ""contrôles"" | ""contrôles"" --(BEFORE)--> ""accouchement"""
144,60,FR100946,[EVENT_BEFORE_N/A_ACTUAL] --(BEFORE)--> [EVENT_BEFORE_N/A_ACTUAL] | [EVENT_BEFORE_N/A_ACTUAL] --(BEFORE)--> [EVENT_BEFORE_N/A_ACTUAL] | [EVENT_BEFORE_N/A_ACTUAL] --(BEFORE)--> [EVENT_BEFORE_N/A_ACTUAL],"""mise"" --(BEFORE)--> ""analyse"" | ""analyse"" --(BEFORE)--> ""mise"" | ""mise"" --(BEFORE)--> ""récupération"""
144,60,FR100996,[EVENT_BEFORE_N/A_ACTUAL] --(BEFORE)--> [EVENT_BEFORE_N/A_ACTUAL] | [EVENT_BEFORE_N/A_ACTUAL] --(BEFORE)--> [EVENT_BEFORE_N/A_ACTUAL] | [EVENT_BEFORE_N/A_ACTUAL] --(BEFORE)--> [EVENT_BEFORE_N/A_ACTUAL],"""consulté"" --(BEFORE)--> ""examen"" | ""examen"" --(BEFORE)--> ""tomodensitométrie"" | ""tomodensitométrie"" --(BEFORE)--> ""injection"""
144,60,FR100998,[EVENT_BEFORE_N/A_ACTUAL] --(BEFORE)--> [EVENT_BEFORE_N/A_ACTUAL] | [EVENT_BEFORE_N/A_ACTUAL] --(BEFORE)--> [EVENT_BEFORE_N/A_ACTUAL] | [EVENT_BEFORE_N/A_ACTUAL] --(BEFORE)--> [EVENT_BEFORE_N/A_ACTUAL],"""test"" --(BEFORE)--> ""diagnostic"" | ""diagnostic"" --(BEFORE)--> ""traitée"" | ""traitée"" --(BEFORE)--> ""bilan"""
0,59,FR100003,[EVENT_BEFORE_N/A_ACTUAL] --(CONTAINS)--> [EVENT_BEFORE_N/A_ACTUAL] | [EVENT_BEFORE_N/A_ACTUAL] --(CONTAINS)--> [EVENT_BEFORE_N/A_ACTUAL],"""observation"" --(CONTAINS)--> ""consulte"" | ""observation"" --(CONTAINS)--> ""Lexamen"""
0,59,FR100078,[EVENT_BEFORE_N/A_ACTUAL] --(CONTAINS)--> [EVENT_BEFORE_N/A_ACTUAL] | [EVENT_BEFORE_N/A_ACTUAL] --(CONTAINS)--> [EVENT_BEFORE_N/A_ACTUAL],"""signes"" --(CONTAINS)--> ""diagnostic"" | ""signes"" --(CONTAINS)--> ""C-réactive"""
0,59,FR100092,[EVENT_BEFORE_N/A_ACTUAL] --(CONTAINS)--> [EVENT_BEFORE_N/A_ACTUAL] | [EVENT_BEFORE_N/A_ACTUAL] --(CONTAINS)--> [EVENT_BEFORE_N/A_ACTUAL],"""examen"" --(CONTAINS)--> ""fréquence"" | ""examen"" --(CONTAINS)--> ""tension"""
0,59,FR100130,[EVENT_BEFORE_N/A_ACTUAL] --(CONTAINS)--> [EVENT_BEFORE_N/A_ACTUAL] | [EVENT_BEFORE_N/A_ACTUAL] --(CONTAINS)--> [EVENT_BEFORE_N/A_ACTUAL],"""activité"" --(CONTAINS)--> ""électromyogramme"" | ""activité"" --(CONTAINS)--> ""décharges"""
0,59,FR100132,[EVENT_BEFORE_N/A_ACTUAL] --(CONTAINS)--> [EVENT_BEFORE_N/A_ACTUAL] | [EVENT_BEFORE_N/A_ACTUAL] --(CONTAINS)--> [EVENT_BEFORE_N/A_ACTUAL],"""examen"" --(CONTAINS)--> ""tension"" | ""examen"" --(CONTAINS)--> ""angiographie"""
0,59,FR100161,[EVENT_BEFORE_N/A_ACTUAL] --(CONTAINS)--> [EVENT_BEFORE_N/A_ACTUAL] | [EVENT_BEFORE_N/A_ACTUAL] --(CONTAINS)--> [EVENT_BEFORE_N/A_ACTUAL],"""examens"" --(CONTAINS)--> ""Acti tests"" | ""examens"" --(CONTAINS)--> ""Fibro"""
0,59,FR100168,[EVENT_BEFORE_N/A_ACTUAL] --(CONTAINS)--> [EVENT_BEFORE_N/A_ACTUAL] | [EVENT_BEFORE_N/A_ACTUAL] --(CONTAINS)--> [EVENT_BEFORE_N/A_ACTUAL],"""circonstances"" --(CONTAINS)--> ""technique"" | ""circonstances"" --(CONTAINS)--> ""expérimenté"""
0,59,FR100185,[EVENT_BEFORE_N/A_ACTUAL] --(CONTAINS)--> [EVENT_BEFORE_N/A_ACTUAL] | [EVENT_BEFORE_N/A_ACTUAL] --(CONTAINS)--> [EVENT_BEFORE_N/A_ACTUAL],"""accuse"" --(CONTAINS)--> ""examen"" | ""accuse"" --(CONTAINS)--> ""Electromyogramme"""
0,59,FR100255,[EVENT_BEFORE_N/A_ACTUAL] --(CONTAINS)--> [EVENT_BEFORE_N/A_ACTUAL] | [EVENT_BEFORE_N/A_ACTUAL] --(CONTAINS)--> [EVENT_BEFORE_N/A_ACTUAL],"""bilan"" --(CONTAINS)--> ""TP"" | ""bilan"" --(CONTAINS)--> ""NFS"""
0,59,FR100275,[EVENT_BEFORE_N/A_ACTUAL] --(CONTAINS)--> [EVENT_BEFORE_N/A_ACTUAL] | [EVENT_BEFORE_N/A_ACTUAL] --(CONTAINS)--> [EVENT_BEFORE_N/A_ACTUAL],"""bilan"" --(CONTAINS)--> ""électroencéphalogramme"" | ""bilan"" --(CONTAINS)--> ""ionogramme"""
0,59,FR100276,[EVENT_BEFORE_N/A_ACTUAL] --(CONTAINS)--> [EVENT_BEFORE_N/A_ACTUAL] | [EVENT_BEFORE_N/A_ACTUAL] --(CONTAINS)--> [EVENT_BEFORE_N/A_ACTUAL],"""grossesse"" --(CONTAINS)--> ""lésions"" | ""grossesse"" --(CONTAINS)--> ""éruption"""
0,59,FR100283,[EVENT_BEFORE_N/A_ACTUAL] --(CONTAINS)--> [EVENT_BEFORE_N/A_ACTUAL] | [EVENT_BEFORE_N/A_ACTUAL] --(CONTAINS)--> [EVENT_BEFORE_N/A_ACTUAL],"""traitement"" --(CONTAINS)--> ""opothérapie"" | ""traitement"" --(CONTAINS)--> ""antibiothérapie"""
0,59,FR100296,[EVENT_BEFORE_N/A_ACTUAL] --(CONTAINS)--> [EVENT_BEFORE_N/A_ACTUAL] | [EVENT_BEFORE_N/A_ACTUAL] --(CONTAINS)--> [EVENT_BEFORE_N/A_ACTUAL],"""fenestration"" --(CONTAINS)--> ""geste"" | ""fenestration"" --(CONTAINS)--> ""ablation"""
0,59,FR100344,[EVENT_BEFORE_N/A_ACTUAL] --(CONTAINS)--> [EVENT_BEFORE_N/A_ACTUAL] | [EVENT_BEFORE_N/A_ACTUAL] --(CONTAINS)--> [EVENT_BEFORE_N/A_ACTUAL],"""césarienne"" --(CONTAINS)--> ""extraction"" | ""césarienne"" --(CONTAINS)--> ""laissé"""
0,59,FR100346,[EVENT_BEFORE_N/A_ACTUAL] --(CONTAINS)--> [EVENT_BEFORE_N/A_ACTUAL] | [EVENT_BEFORE_N/A_ACTUAL] --(CONTAINS)--> [EVENT_BEFORE_N/A_ACTUAL],"""enquête"" --(CONTAINS)--> ""bilan"" | ""enquête"" --(CONTAINS)--> ""réalisé"""
0,59,FR100360,[EVENT_BEFORE_N/A_ACTUAL] --(CONTAINS)--> [EVENT_BEFORE_N/A_ACTUAL] | [EVENT_BEFORE_N/A_ACTUAL] --(CONTAINS)--> [EVENT_BEFORE_N/A_ACTUAL],"""colpohystérectomie"" --(CONTAINS)--> ""annexectomie"" | ""colpohystérectomie"" --(CONTAINS)--> ""curage"""
0,59,FR100361,[EVENT_BEFORE_N/A_ACTUAL] --(CONTAINS)--> [EVENT_BEFORE_N/A_ACTUAL] | [EVENT_BEFORE_N/A_ACTUAL] --(CONTAINS)--> [EVENT_BEFORE_N/A_ACTUAL],"""antécédent"" --(CONTAINS)--> ""stérilité"" | ""antécédent"" --(CONTAINS)--> ""écoulement"""
0,59,FR100371,[EVENT_BEFORE_N/A_ACTUAL] --(CONTAINS)--> [EVENT_BEFORE_N/A_ACTUAL] | [EVENT_BEFORE_N/A_ACTUAL] --(CONTAINS)--> [EVENT_BEFORE_N/A_ACTUAL],"""tumeur"" --(CONTAINS)--> ""exérèse"" | ""tumeur"" --(CONTAINS)--> ""anamnèse"""
0,59,FR100400,[EVENT_BEFORE_N/A_ACTUAL] --(CONTAINS)--> [EVENT_BEFORE_N/A_ACTUAL] | [EVENT_BEFORE_N/A_ACTUAL] --(CONTAINS)--> [EVENT_BEFORE_N/A_ACTUAL],"""suivie"" --(CONTAINS)--> ""consultation"" | ""suivie"" --(CONTAINS)--> ""contrôles"""
0,59,FR100439,[EVENT_BEFORE_N/A_ACTUAL] --(CONTAINS)--> [EVENT_BEFORE_N/A_ACTUAL] | [EVENT_BEFORE_N/A_ACTUAL] --(CONTAINS)--> [EVENT_BEFORE_N/A_ACTUAL],"""obstruction"" --(CONTAINS)--> ""examen"" | ""obstruction"" --(CONTAINS)--> ""voix"""
0,59,FR100453,[EVENT_BEFORE_N/A_ACTUAL] --(CONTAINS)--> [EVENT_BEFORE_N/A_ACTUAL] | [EVENT_BEFORE_N/A_ACTUAL] --(CONTAINS)--> [EVENT_BEFORE_N/A_ACTUAL],"""développement"" --(CONTAINS)--> ""examen"" | ""développement"" --(CONTAINS)--> ""examen"""
0,59,FR100510,[EVENT_BEFORE_N/A_ACTUAL] --(CONTAINS)--> [EVENT_BEFORE_N/A_ACTUAL] | [EVENT_BEFORE_N/A_ACTUAL] --(CONTAINS)--> [EVENT_BEFORE_N/A_ACTUAL],"""intervention"" --(CONTAINS)--> ""exposée"" | ""intervention"" --(CONTAINS)--> ""hémostase"""
0,59,FR100515,[EVENT_BEFORE_N/A_ACTUAL] --(CONTAINS)--> [EVENT_BEFORE_N/A_ACTUAL] | [EVENT_BEFORE_N/A_ACTUAL] --(CONTAINS)--> [EVENT_BEFORE_N/A_ACTUAL],"""bilan"" --(CONTAINS)--> ""examen"" | ""bilan"" --(CONTAINS)--> ""recherche"""
0,59,FR100517,[EVENT_BEFORE_N/A_ACTUAL] --(CONTAINS)--> [EVENT_BEFORE_N/A_ACTUAL] | [EVENT_BEFORE_N/A_ACTUAL] --(CONTAINS)--> [EVENT_BEFORE_N/A_ACTUAL],"""traitement"" --(CONTAINS)--> ""nivaquine"" | ""traitement"" --(CONTAINS)--> ""corticothérapie"""
0,59,FR100519,[EVENT_BEFORE_N/A_ACTUAL] --(CONTAINS)--> [EVENT_BEFORE_N/A_ACTUAL] | [EVENT_BEFORE_N/A_ACTUAL] --(CONTAINS)--> [EVENT_BEFORE_N/A_ACTUAL],"""bilan"" --(CONTAINS)--> ""radiographie"" | ""bilan"" --(CONTAINS)--> ""ECG"""
0,59,FR100579,[EVENT_BEFORE_N/A_ACTUAL] --(CONTAINS)--> [EVENT_BEFORE_N/A_ACTUAL] | [EVENT_BEFORE_N/A_ACTUAL] --(CONTAINS)--> [EVENT_BEFORE_N/A_ACTUAL],"""processus"" --(CONTAINS)--> ""imagerie"" | ""processus"" --(CONTAINS)--> ""échocardiographie"""
0,59,FR100589,[EVENT_BEFORE_N/A_ACTUAL] --(CONTAINS)--> [EVENT_BEFORE_N/A_ACTUAL] | [EVENT_BEFORE_N/A_ACTUAL] --(CONTAINS)--> [EVENT_BEFORE_N/A_ACTUAL],"""aspect"" --(CONTAINS)--> ""tomodensitométrie"" | ""aspect"" --(CONTAINS)--> ""évoquer"""
0,59,FR100597,[EVENT_BEFORE_N/A_ACTUAL] --(CONTAINS)--> [EVENT_BEFORE_N/A_ACTUAL] | [EVENT_BEFORE_N/A_ACTUAL] --(CONTAINS)--> [EVENT_BEFORE_N/A_ACTUAL],"""masse"" --(CONTAINS)--> ""rehaussant"" | ""masse"" --(CONTAINS)--> ""scanner"""
0,59,FR100611,[EVENT_BEFORE_N/A_ACTUAL] --(CONTAINS)--> [EVENT_BEFORE_N/A_ACTUAL] | [EVENT_BEFORE_N/A_ACTUAL] --(CONTAINS)--> [EVENT_BEFORE_N/A_ACTUAL],"""traitement"" --(CONTAINS)--> ""bithérapie"" | ""traitement"" --(CONTAINS)--> ""corticothérapie"""
0,59,FR100620,[EVENT_BEFORE_N/A_ACTUAL] --(CONTAINS)--> [EVENT_BEFORE_N/A_ACTUAL] | [EVENT_BEFORE_N/A_ACTUAL] --(CONTAINS)--> [EVENT_BEFORE_N/A_ACTUAL],"""toux"" --(CONTAINS)--> ""expectorations"" | ""toux"" --(CONTAINS)--> ""présenté"""
0,59,FR100629,[EVENT_BEFORE_N/A_ACTUAL] --(CONTAINS)--> [EVENT_BEFORE_N/A_ACTUAL] | [EVENT_BEFORE_N/A_ACTUAL] --(CONTAINS)--> [EVENT_BEFORE_N/A_ACTUAL],"""bithérapie"" --(CONTAINS)--> ""Ifosfamide"" | ""bithérapie"" --(CONTAINS)--> ""doxorubicine"""
0,59,FR100632,[EVENT_BEFORE_N/A_ACTUAL] --(CONTAINS)--> [EVENT_BEFORE_N/A_ACTUAL] | [EVENT_BEFORE_N/A_ACTUAL] --(CONTAINS)--> [EVENT_BEFORE_N/A_ACTUAL],"""antécédent"" --(CONTAINS)--> ""épisode"" | ""antécédent"" --(CONTAINS)--> ""notion"""
0,59,FR100658,[EVENT_BEFORE_N/A_ACTUAL] --(CONTAINS)--> [EVENT_BEFORE_N/A_ACTUAL] | [EVENT_BEFORE_N/A_ACTUAL] --(CONTAINS)--> [EVENT_BEFORE_N/A_ACTUAL],"""examens"" --(CONTAINS)--> ""numération"" | ""examens"" --(CONTAINS)--> ""fonction"""
0,59,FR100663,[EVENT_BEFORE_N/A_ACTUAL] --(CONTAINS)--> [EVENT_BEFORE_N/A_ACTUAL] | [EVENT_BEFORE_N/A_ACTUAL] --(CONTAINS)--> [EVENT_BEFORE_N/A_ACTUAL],"""traitement"" --(CONTAINS)--> ""reprise"" | ""traitement"" --(CONTAINS)--> ""ouverture"""
0,59,FR100666,[EVENT_BEFORE_N/A_ACTUAL] --(CONTAINS)--> [EVENT_BEFORE_N/A_ACTUAL] | [EVENT_BEFORE_N/A_ACTUAL] --(CONTAINS)--> [EVENT_BEFORE_N/A_ACTUAL],"""état"" --(CONTAINS)--> ""prurit"" | ""état"" --(CONTAINS)--> ""sueurs"""
0,59,FR100683,[EVENT_BEFORE_N/A_ACTUAL] --(CONTAINS)--> [EVENT_BEFORE_N/A_ACTUAL] | [EVENT_BEFORE_N/A_ACTUAL] --(CONTAINS)--> [EVENT_BEFORE_N/A_ACTUAL],"""évolution"" --(CONTAINS)--> ""apparition"" | ""évolution"" --(CONTAINS)--> ""normalisation"""
0,59,FR100688,[EVENT_BEFORE_N/A_ACTUAL] --(CONTAINS)--> [EVENT_BEFORE_N/A_ACTUAL] | [EVENT_BEFORE_N/A_ACTUAL] --(CONTAINS)--> [EVENT_BEFORE_N/A_ACTUAL],"""Bacille"" --(CONTAINS)--> ""culture"" | ""Bacille"" --(CONTAINS)--> ""analyse"""
0,59,FR100689,[EVENT_BEFORE_N/A_ACTUAL] --(CONTAINS)--> [EVENT_BEFORE_N/A_ACTUAL] | [EVENT_BEFORE_N/A_ACTUAL] --(CONTAINS)--> [EVENT_BEFORE_N/A_ACTUAL],"""évolution"" --(CONTAINS)--> ""apparition"" | ""évolution"" --(CONTAINS)--> ""admission"""
0,59,FR100697,[EVENT_BEFORE_N/A_ACTUAL] --(CONTAINS)--> [EVENT_BEFORE_N/A_ACTUAL] | [EVENT_BEFORE_N/A_ACTUAL] --(CONTAINS)--> [EVENT_BEFORE_N/A_ACTUAL],"""bilan"" --(CONTAINS)--> ""biopsie"" | ""bilan"" --(CONTAINS)--> ""échographie"""
0,59,FR100717,[EVENT_BEFORE_N/A_ACTUAL] --(CONTAINS)--> [EVENT_BEFORE_N/A_ACTUAL] | [EVENT_BEFORE_N/A_ACTUAL] --(CONTAINS)--> [EVENT_BEFORE_N/A_ACTUAL],"""intervention"" --(CONTAINS)--> ""laminectomie"" | ""intervention"" --(CONTAINS)--> ""enlevée"""
0,59,FR100748,[EVENT_BEFORE_N/A_ACTUAL] --(CONTAINS)--> [EVENT_BEFORE_N/A_ACTUAL] | [EVENT_BEFORE_N/A_ACTUAL] --(CONTAINS)--> [EVENT_BEFORE_N/A_ACTUAL],"""ouverture"" --(CONTAINS)--> ""aborder"" | ""ouverture"" --(CONTAINS)--> ""récliner"""
0,59,FR100780,[EVENT_BEFORE_N/A_ACTUAL] --(CONTAINS)--> [EVENT_BEFORE_N/A_ACTUAL] | [EVENT_BEFORE_N/A_ACTUAL] --(CONTAINS)--> [EVENT_BEFORE_N/A_ACTUAL],"""examen"" --(CONTAINS)--> ""tension"" | ""examen"" --(CONTAINS)--> ""température"""
0,59,FR100814,[EVENT_BEFORE_N/A_ACTUAL] --(CONTAINS)--> [EVENT_BEFORE_N/A_ACTUAL] | [EVENT_BEFORE_N/A_ACTUAL] --(CONTAINS)--> [EVENT_BEFORE_N/A_ACTUAL],"""IRM"" --(CONTAINS)--> ""iso-signal"" | ""IRM"" --(CONTAINS)--> ""hypersignal"""
0,59,FR100845,[EVENT_BEFORE_N/A_ACTUAL] --(CONTAINS)--> [EVENT_BEFORE_N/A_ACTUAL] | [EVENT_BEFORE_N/A_ACTUAL] --(CONTAINS)--> [EVENT_BEFORE_N/A_ACTUAL],"""examen"" --(CONTAINS)--> ""BCF"" | ""examen"" --(CONTAINS)--> ""toucher"""
0,59,FR100874,[EVENT_BEFORE_N/A_ACTUAL] --(CONTAINS)--> [EVENT_BEFORE_N/A_ACTUAL] | [EVENT_BEFORE_N/A_ACTUAL] --(CONTAINS)--> [EVENT_BEFORE_N/A_ACTUAL],"""examen"" --(CONTAINS)--> ""constantes"" | ""examen"" --(CONTAINS)--> ""reste"""
0,59,FR100882,[EVENT_BEFORE_N/A_ACTUAL] --(CONTAINS)--> [EVENT_BEFORE_N/A_ACTUAL] | [EVENT_BEFORE_N/A_ACTUAL] --(CONTAINS)--> [EVENT_BEFORE_N/A_ACTUAL],"""troubles"" --(CONTAINS)--> ""admise"" | ""troubles"" --(CONTAINS)--> ""miction"""
0,59,FR100883,[EVENT_BEFORE_N/A_ACTUAL] --(CONTAINS)--> [EVENT_BEFORE_N/A_ACTUAL] | [EVENT_BEFORE_N/A_ACTUAL] --(CONTAINS)--> [EVENT_BEFORE_N/A_ACTUAL],"""reçu"" --(CONTAINS)--> ""cures"" | ""reçu"" --(CONTAINS)--> ""radiothérapie"""
0,59,FR100894,[EVENT_BEFORE_N/A_ACTUAL] --(CONTAINS)--> [EVENT_BEFORE_N/A_ACTUAL] | [EVENT_BEFORE_N/A_ACTUAL] --(CONTAINS)--> [EVENT_BEFORE_N/A_ACTUAL],"""reçu"" --(CONTAINS)--> ""plaignait"" | ""reçu"" --(CONTAINS)--> ""appuyés"""
0,59,FR100903,[EVENT_BEFORE_N/A_ACTUAL] --(CONTAINS)--> [EVENT_BEFORE_N/A_ACTUAL] | [EVENT_BEFORE_N/A_ACTUAL] --(CONTAINS)--> [EVENT_BEFORE_N/A_ACTUAL],"""hydrops"" --(CONTAINS)--> ""échographie"" | ""hydrops"" --(CONTAINS)--> ""circonférence"""
0,59,FR100925,[EVENT_BEFORE_N/A_ACTUAL] --(CONTAINS)--> [EVENT_BEFORE_N/A_ACTUAL] | [EVENT_BEFORE_N/A_ACTUAL] --(CONTAINS)--> [EVENT_BEFORE_N/A_ACTUAL],"""pic"" --(CONTAINS)--> ""arguments"" | ""pic"" --(CONTAINS)--> ""électrophorèse"""
0,59,FR100944,[EVENT_BEFORE_N/A_ACTUAL] --(CONTAINS)--> [EVENT_BEFORE_N/A_ACTUAL] | [EVENT_BEFORE_N/A_ACTUAL] --(CONTAINS)--> [EVENT_BEFORE_N/A_ACTUAL],"""suivi"" --(CONTAINS)--> ""hospitalisé"" | ""suivi"" --(CONTAINS)--> ""échocardiographique"""
0,59,FR100946,[EVENT_BEFORE_N/A_ACTUAL] --(CONTAINS)--> [EVENT_BEFORE_N/A_ACTUAL] | [EVENT_BEFORE_N/A_ACTUAL] --(CONTAINS)--> [EVENT_BEFORE_N/A_ACTUAL],"""marche"" --(CONTAINS)--> ""anomalie"" | ""marche"" --(CONTAINS)--> ""examen"""
0,59,FR100959,[EVENT_BEFORE_N/A_ACTUAL] --(CONTAINS)--> [EVENT_BEFORE_N/A_ACTUAL] | [EVENT_BEFORE_N/A_ACTUAL] --(CONTAINS)--> [EVENT_BEFORE_N/A_ACTUAL],"""œsophagoscopie"" --(CONTAINS)--> ""extraction"" | ""œsophagoscopie"" --(CONTAINS)--> ""permis"""
0,59,FR100960,[EVENT_BEFORE_N/A_ACTUAL] --(CONTAINS)--> [EVENT_BEFORE_N/A_ACTUAL] | [EVENT_BEFORE_N/A_ACTUAL] --(CONTAINS)--> [EVENT_BEFORE_N/A_ACTUAL],"""consulté"" --(CONTAINS)--> ""scanner"" | ""consulté"" --(CONTAINS)--> ""étude"""
0,59,FR100998,[EVENT_BEFORE_N/A_ACTUAL] --(CONTAINS)--> [EVENT_BEFORE_N/A_ACTUAL] | [EVENT_BEFORE_N/A_ACTUAL] --(CONTAINS)--> [EVENT_BEFORE_N/A_ACTUAL],"""traitée"" --(CONTAINS)--> ""développé"" | ""traitée"" --(CONTAINS)--> ""cures"""
23,55,FR100003,[EVENT_BEFORE_N/A_ACTUAL] --(CONTAINS)--> [EVENT_BEFORE_N/A_ACTUAL] | [EVENT_BEFORE_N/A_ACTUAL] --(BEFORE)--> [EVENT_BEFORE_N/A_ACTUAL] | [EVENT_BEFORE_N/A_ACTUAL] --(BEFORE)--> [EVENT_BEFORE_N/A_ACTUAL] | [EVENT_BEFORE_N/A_ACTUAL] --(BEFORE)--> [EVENT_BEFORE_N/A_ACTUAL],"""épanchement"" --(CONTAINS)--> ""TDM"" | ""TDM"" --(BEFORE)--> ""panoramique"" | ""panoramique"" --(BEFORE)--> ""ponction"" | ""ponction"" --(BEFORE)--> ""examen"""
23,55,FR100092,[EVENT_BEFORE_N/A_ACTUAL] --(CONTAINS)--> [EVENT_BEFORE_N/A_ACTUAL] | [EVENT_BEFORE_N/A_ACTUAL] --(BEFORE)--> [EVENT_BEFORE_N/A_ACTUAL] | [EVENT_BEFORE_N/A_ACTUAL] --(BEFORE)--> [EVENT_BEFORE_N/A_ACTUAL] | [EVENT_BEFORE_N/A_ACTUAL] --(BEFORE)--> [EVENT_BEFORE_N/A_ACTUAL],"""normal"" --(CONTAINS)--> ""échographie"" | ""échographie"" --(BEFORE)--> ""tableau"" | ""tableau"" --(BEFORE)--> ""reste"" | ""reste"" --(BEFORE)--> ""minilaparotomie"""
23,55,FR100120,[EVENT_BEFORE_N/A_ACTUAL] --(CONTAINS)--> [EVENT_BEFORE_N/A_ACTUAL] | [EVENT_BEFORE_N/A_ACTUAL] --(BEFORE)--> [EVENT_BEFORE_N/A_ACTUAL] | [EVENT_BEFORE_N/A_ACTUAL] --(BEFORE)--> [EVENT_BEFORE_N/A_ACTUAL] | [EVENT_BEFORE_N/A_ACTUAL] --(BEFORE)--> [EVENT_BEFORE_N/A_ACTUAL],"""retard"" --(CONTAINS)--> ""rattaché"" | ""rattaché"" --(BEFORE)--> ""traitement"" | ""traitement"" --(BEFORE)--> ""retirées"" | ""retirées"" --(BEFORE)--> ""conclure"""
23,55,FR100130,[EVENT_BEFORE_N/A_ACTUAL] --(CONTAINS)--> [EVENT_BEFORE_N/A_ACTUAL] | [EVENT_BEFORE_N/A_ACTUAL] --(BEFORE)--> [EVENT_BEFORE_N/A_ACTUAL] | [EVENT_BEFORE_N/A_ACTUAL] --(BEFORE)--> [EVENT_BEFORE_N/A_ACTUAL] | [EVENT_BEFORE_N/A_ACTUAL] --(BEFORE)--> [EVENT_BEFORE_N/A_ACTUAL],"""apyrétique"" --(CONTAINS)--> ""examen"" | ""examen"" --(BEFORE)--> ""biologie"" | ""biologie"" --(BEFORE)--> ""glycémie"" | ""glycémie"" --(BEFORE)--> ""bilan"""
23,55,FR100132,[EVENT_BEFORE_N/A_ACTUAL] --(CONTAINS)--> [EVENT_BEFORE_N/A_ACTUAL] | [EVENT_BEFORE_N/A_ACTUAL] --(BEFORE)--> [EVENT_BEFORE_N/A_ACTUAL] | [EVENT_BEFORE_N/A_ACTUAL] --(BEFORE)--> [EVENT_BEFORE_N/A_ACTUAL] | [EVENT_BEFORE_N/A_ACTUAL] --(BEFORE)--> [EVENT_BEFORE_N/A_ACTUAL],"""examen"" --(CONTAINS)--> ""palpation"" | ""palpation"" --(BEFORE)--> ""histologie"" | ""histologie"" --(BEFORE)--> ""examen"" | ""examen"" --(BEFORE)--> ""écho-Doppler"""
23,55,FR100142,[EVENT_BEFORE_N/A_ACTUAL] --(CONTAINS)--> [EVENT_BEFORE_N/A_ACTUAL] | [EVENT_BEFORE_N/A_ACTUAL] --(BEFORE)--> [EVENT_BEFORE_N/A_ACTUAL] | [EVENT_BEFORE_N/A_ACTUAL] --(BEFORE)--> [EVENT_BEFORE_N/A_ACTUAL] | [EVENT_BEFORE_N/A_ACTUAL] --(BEFORE)--> [EVENT_BEFORE_N/A_ACTUAL],"""éléments"" --(CONTAINS)--> ""biopsie"" | ""biopsie"" --(BEFORE)--> ""étude"" | ""étude"" --(BEFORE)--> ""sérologie"" | ""sérologie"" --(BEFORE)--> ""évolution"""
23,55,FR100161,[EVENT_BEFORE_N/A_ACTUAL] --(CONTAINS)--> [EVENT_BEFORE_N/A_ACTUAL] | [EVENT_BEFORE_N/A_ACTUAL] --(BEFORE)--> [EVENT_BEFORE_N/A_ACTUAL] | [EVENT_BEFORE_N/A_ACTUAL] --(BEFORE)--> [EVENT_BEFORE_N/A_ACTUAL] | [EVENT_BEFORE_N/A_ACTUAL] --(BEFORE)--> [EVENT_BEFORE_N/A_ACTUAL],"""sérologie"" --(CONTAINS)--> ""examens"" | ""examens"" --(BEFORE)--> ""radiographie"" | ""radiographie"" --(BEFORE)--> ""complément"" | ""complément"" --(BEFORE)--> ""IRM"""
23,55,FR100255,[EVENT_BEFORE_N/A_ACTUAL] --(CONTAINS)--> [EVENT_BEFORE_N/A_ACTUAL] | [EVENT_BEFORE_N/A_ACTUAL] --(BEFORE)--> [EVENT_BEFORE_N/A_ACTUAL] | [EVENT_BEFORE_N/A_ACTUAL] --(BEFORE)--> [EVENT_BEFORE_N/A_ACTUAL] | [EVENT_BEFORE_N/A_ACTUAL] --(BEFORE)--> [EVENT_BEFORE_N/A_ACTUAL],"""grossesse"" --(CONTAINS)--> ""admise"" | ""admise"" --(BEFORE)--> ""examen"" | ""examen"" --(BEFORE)--> ""examen"" | ""examen"" --(BEFORE)--> ""échographie"""
23,55,FR100275,[EVENT_BEFORE_N/A_ACTUAL] --(CONTAINS)--> [EVENT_BEFORE_N/A_ACTUAL] | [EVENT_BEFORE_N/A_ACTUAL] --(BEFORE)--> [EVENT_BEFORE_N/A_ACTUAL] | [EVENT_BEFORE_N/A_ACTUAL] --(BEFORE)--> [EVENT_BEFORE_N/A_ACTUAL] | [EVENT_BEFORE_N/A_ACTUAL] --(BEFORE)--> [EVENT_BEFORE_N/A_ACTUAL],"""matières"" --(CONTAINS)--> ""arrivée"" | ""arrivée"" --(BEFORE)--> ""établi"" | ""établi"" --(BEFORE)--> ""manœuvres"" | ""manœuvres"" --(BEFORE)--> ""transféré"""
23,55,FR100276,[EVENT_BEFORE_N/A_ACTUAL] --(CONTAINS)--> [EVENT_BEFORE_N/A_ACTUAL] | [EVENT_BEFORE_N/A_ACTUAL] --(BEFORE)--> [EVENT_BEFORE_N/A_ACTUAL] | [EVENT_BEFORE_N/A_ACTUAL] --(BEFORE)--> [EVENT_BEFORE_N/A_ACTUAL] | [EVENT_BEFORE_N/A_ACTUAL] --(BEFORE)--> [EVENT_BEFORE_N/A_ACTUAL],"""aplasie"" --(CONTAINS)--> ""accouchement"" | ""accouchement"" --(BEFORE)--> ""reste"" | ""reste"" --(BEFORE)--> ""bilan"" | ""bilan"" --(BEFORE)--> ""régression"""
23,55,FR100283,[EVENT_BEFORE_N/A_ACTUAL] --(CONTAINS)--> [EVENT_BEFORE_N/A_ACTUAL] | [EVENT_BEFORE_N/A_ACTUAL] --(BEFORE)--> [EVENT_BEFORE_N/A_ACTUAL] | [EVENT_BEFORE_N/A_ACTUAL] --(BEFORE)--> [EVENT_BEFORE_N/A_ACTUAL] | [EVENT_BEFORE_N/A_ACTUAL] --(BEFORE)--> [EVENT_BEFORE_N/A_ACTUAL],"""processus"" --(CONTAINS)--> ""IRM"" | ""IRM"" --(BEFORE)--> ""hypophysiogramme"" | ""hypophysiogramme"" --(BEFORE)--> ""traitement"" | ""traitement"" --(BEFORE)--> ""évolution"""
23,55,FR100296,[EVENT_BEFORE_N/A_ACTUAL] --(CONTAINS)--> [EVENT_BEFORE_N/A_ACTUAL] | [EVENT_BEFORE_N/A_ACTUAL] --(BEFORE)--> [EVENT_BEFORE_N/A_ACTUAL] | [EVENT_BEFORE_N/A_ACTUAL] --(BEFORE)--> [EVENT_BEFORE_N/A_ACTUAL] | [EVENT_BEFORE_N/A_ACTUAL] --(BEFORE)--> [EVENT_BEFORE_N/A_ACTUAL],"""phénomènes"" --(CONTAINS)--> ""examen"" | ""examen"" --(BEFORE)--> ""IRM"" | ""IRM"" --(BEFORE)--> ""fenestration"" | ""fenestration"" --(BEFORE)--> ""suites"""
23,55,FR100314,[EVENT_BEFORE_N/A_ACTUAL] --(CONTAINS)--> [EVENT_BEFORE_N/A_ACTUAL] | [EVENT_BEFORE_N/A_ACTUAL] --(BEFORE)--> [EVENT_BEFORE_N/A_ACTUAL] | [EVENT_BEFORE_N/A_ACTUAL] --(BEFORE)--> [EVENT_BEFORE_N/A_ACTUAL] | [EVENT_BEFORE_N/A_ACTUAL] --(BEFORE)--> [EVENT_BEFORE_N/A_ACTUAL],"""traumatisme"" --(CONTAINS)--> ""admise"" | ""admise"" --(BEFORE)--> ""bilan"" | ""bilan"" --(BEFORE)--> ""drainage"" | ""drainage"" --(BEFORE)--> ""angio-scanner"""
23,55,FR100344,[EVENT_BEFORE_N/A_ACTUAL] --(CONTAINS)--> [EVENT_BEFORE_N/A_ACTUAL] | [EVENT_BEFORE_N/A_ACTUAL] --(BEFORE)--> [EVENT_BEFORE_N/A_ACTUAL] | [EVENT_BEFORE_N/A_ACTUAL] --(BEFORE)--> [EVENT_BEFORE_N/A_ACTUAL] | [EVENT_BEFORE_N/A_ACTUAL] --(BEFORE)--> [EVENT_BEFORE_N/A_ACTUAL],"""évolution"" --(CONTAINS)--> ""déroulée"" | ""déroulée"" --(BEFORE)--> ""plainte"" | ""plainte"" --(BEFORE)--> ""examen"" | ""examen"" --(BEFORE)--> ""césarienne"""
23,55,FR100346,[EVENT_BEFORE_N/A_ACTUAL] --(CONTAINS)--> [EVENT_BEFORE_N/A_ACTUAL] | [EVENT_BEFORE_N/A_ACTUAL] --(BEFORE)--> [EVENT_BEFORE_N/A_ACTUAL] | [EVENT_BEFORE_N/A_ACTUAL] --(BEFORE)--> [EVENT_BEFORE_N/A_ACTUAL] | [EVENT_BEFORE_N/A_ACTUAL] --(BEFORE)--> [EVENT_BEFORE_N/A_ACTUAL],"""angiomyolipome"" --(CONTAINS)--> ""scanner"" | ""scanner"" --(BEFORE)--> ""posé"" | ""posé"" --(BEFORE)--> ""bilan"" | ""bilan"" --(BEFORE)--> ""héparinothérapie"""
23,55,FR100360,[EVENT_BEFORE_N/A_ACTUAL] --(CONTAINS)--> [EVENT_BEFORE_N/A_ACTUAL] | [EVENT_BEFORE_N/A_ACTUAL] --(BEFORE)--> [EVENT_BEFORE_N/A_ACTUAL] | [EVENT_BEFORE_N/A_ACTUAL] --(BEFORE)--> [EVENT_BEFORE_N/A_ACTUAL] | [EVENT_BEFORE_N/A_ACTUAL] --(BEFORE)--> [EVENT_BEFORE_N/A_ACTUAL],"""adénocarcinome"" --(CONTAINS)--> ""examen"" | ""examen"" --(BEFORE)--> ""curage"" | ""curage"" --(BEFORE)--> ""radiothérapie"" | ""radiothérapie"" --(BEFORE)--> ""curiethérapie"""
23,55,FR100361,[EVENT_BEFORE_N/A_ACTUAL] --(CONTAINS)--> [EVENT_BEFORE_N/A_ACTUAL] | [EVENT_BEFORE_N/A_ACTUAL] --(BEFORE)--> [EVENT_BEFORE_N/A_ACTUAL] | [EVENT_BEFORE_N/A_ACTUAL] --(BEFORE)--> [EVENT_BEFORE_N/A_ACTUAL] | [EVENT_BEFORE_N/A_ACTUAL] --(BEFORE)--> [EVENT_BEFORE_N/A_ACTUAL],"""processus"" --(CONTAINS)--> ""TDM"" | ""TDM"" --(BEFORE)--> ""ponction"" | ""ponction"" --(BEFORE)--> ""examen"" | ""examen"" --(BEFORE)--> ""examen"""
23,55,FR100371,[EVENT_BEFORE_N/A_ACTUAL] --(CONTAINS)--> [EVENT_BEFORE_N/A_ACTUAL] | [EVENT_BEFORE_N/A_ACTUAL] --(BEFORE)--> [EVENT_BEFORE_N/A_ACTUAL] | [EVENT_BEFORE_N/A_ACTUAL] --(BEFORE)--> [EVENT_BEFORE_N/A_ACTUAL] | [EVENT_BEFORE_N/A_ACTUAL] --(BEFORE)--> [EVENT_BEFORE_N/A_ACTUAL],"""tension"" --(CONTAINS)--> ""examen"" | ""examen"" --(BEFORE)--> ""examen"" | ""examen"" --(BEFORE)--> ""bilan"" | ""bilan"" --(BEFORE)--> ""bilan"""
23,55,FR100400,[EVENT_BEFORE_N/A_ACTUAL] --(CONTAINS)--> [EVENT_BEFORE_N/A_ACTUAL] | [EVENT_BEFORE_N/A_ACTUAL] --(BEFORE)--> [EVENT_BEFORE_N/A_ACTUAL] | [EVENT_BEFORE_N/A_ACTUAL] --(BEFORE)--> [EVENT_BEFORE_N/A_ACTUAL] | [EVENT_BEFORE_N/A_ACTUAL] --(BEFORE)--> [EVENT_BEFORE_N/A_ACTUAL],"""kyste"" --(CONTAINS)--> ""diagnostic"" | ""diagnostic"" --(BEFORE)--> ""exploration"" | ""exploration"" --(BEFORE)--> ""résection"" | ""résection"" --(BEFORE)--> ""drainage"""
23,55,FR100439,[EVENT_BEFORE_N/A_ACTUAL] --(CONTAINS)--> [EVENT_BEFORE_N/A_ACTUAL] | [EVENT_BEFORE_N/A_ACTUAL] --(BEFORE)--> [EVENT_BEFORE_N/A_ACTUAL] | [EVENT_BEFORE_N/A_ACTUAL] --(BEFORE)--> [EVENT_BEFORE_N/A_ACTUAL] | [EVENT_BEFORE_N/A_ACTUAL] --(BEFORE)--> [EVENT_BEFORE_N/A_ACTUAL],"""foyer"" --(CONTAINS)--> ""scanner"" | ""scanner"" --(BEFORE)--> ""endoscopie"" | ""endoscopie"" --(BEFORE)--> ""biopsies"" | ""biopsies"" --(BEFORE)--> ""envoyées"""
23,55,FR100480,[EVENT_BEFORE_N/A_ACTUAL] --(CONTAINS)--> [EVENT_BEFORE_N/A_ACTUAL] | [EVENT_BEFORE_N/A_ACTUAL] --(BEFORE)--> [EVENT_BEFORE_N/A_ACTUAL] | [EVENT_BEFORE_N/A_ACTUAL] --(BEFORE)--> [EVENT_BEFORE_N/A_ACTUAL] | [EVENT_BEFORE_N/A_ACTUAL] --(BEFORE)--> [EVENT_BEFORE_N/A_ACTUAL],"""libres"" --(CONTAINS)--> ""examen"" | ""examen"" --(BEFORE)--> ""imagerie"" | ""imagerie"" --(BEFORE)--> ""bilan"" | ""bilan"" --(BEFORE)--> ""scanner"""
23,55,FR100515,[EVENT_BEFORE_N/A_ACTUAL] --(CONTAINS)--> [EVENT_BEFORE_N/A_ACTUAL] | [EVENT_BEFORE_N/A_ACTUAL] --(BEFORE)--> [EVENT_BEFORE_N/A_ACTUAL] | [EVENT_BEFORE_N/A_ACTUAL] --(BEFORE)--> [EVENT_BEFORE_N/A_ACTUAL] | [EVENT_BEFORE_N/A_ACTUAL] --(BEFORE)--> [EVENT_BEFORE_N/A_ACTUAL],"""déficit"" --(CONTAINS)--> ""testing"" | ""testing"" --(BEFORE)--> ""dosage"" | ""dosage"" --(BEFORE)--> ""bilan"" | ""bilan"" --(BEFORE)--> ""biopsie"""
23,55,FR100517,[EVENT_BEFORE_N/A_ACTUAL] --(CONTAINS)--> [EVENT_BEFORE_N/A_ACTUAL] | [EVENT_BEFORE_N/A_ACTUAL] --(BEFORE)--> [EVENT_BEFORE_N/A_ACTUAL] | [EVENT_BEFORE_N/A_ACTUAL] --(BEFORE)--> [EVENT_BEFORE_N/A_ACTUAL] | [EVENT_BEFORE_N/A_ACTUAL] --(BEFORE)--> [EVENT_BEFORE_N/A_ACTUAL],"""plaques"" --(CONTAINS)--> ""examen"" | ""examen"" --(BEFORE)--> ""bilan"" | ""bilan"" --(BEFORE)--> ""électromyogramme"" | ""électromyogramme"" --(BEFORE)--> ""bilan"""
23,55,FR100519,[EVENT_BEFORE_N/A_ACTUAL] --(CONTAINS)--> [EVENT_BEFORE_N/A_ACTUAL] | [EVENT_BEFORE_N/A_ACTUAL] --(BEFORE)--> [EVENT_BEFORE_N/A_ACTUAL] | [EVENT_BEFORE_N/A_ACTUAL] --(BEFORE)--> [EVENT_BEFORE_N/A_ACTUAL] | [EVENT_BEFORE_N/A_ACTUAL] --(BEFORE)--> [EVENT_BEFORE_N/A_ACTUAL],"""aspect"" --(CONTAINS)--> ""bilan"" | ""bilan"" --(BEFORE)--> ""angioscanner"" | ""angioscanner"" --(BEFORE)--> ""échodoppler"" | ""échodoppler"" --(BEFORE)--> ""retenue"""
23,55,FR100579,[EVENT_BEFORE_N/A_ACTUAL] --(CONTAINS)--> [EVENT_BEFORE_N/A_ACTUAL] | [EVENT_BEFORE_N/A_ACTUAL] --(BEFORE)--> [EVENT_BEFORE_N/A_ACTUAL] | [EVENT_BEFORE_N/A_ACTUAL] --(BEFORE)--> [EVENT_BEFORE_N/A_ACTUAL] | [EVENT_BEFORE_N/A_ACTUAL] --(BEFORE)--> [EVENT_BEFORE_N/A_ACTUAL],"""dilatation"" --(CONTAINS)--> ""radiographie"" | ""radiographie"" --(BEFORE)--> ""échocardiographie"" | ""échocardiographie"" --(BEFORE)--> ""bilan"" | ""bilan"" --(BEFORE)--> ""recherche"""
23,55,FR100589,[EVENT_BEFORE_N/A_ACTUAL] --(CONTAINS)--> [EVENT_BEFORE_N/A_ACTUAL] | [EVENT_BEFORE_N/A_ACTUAL] --(BEFORE)--> [EVENT_BEFORE_N/A_ACTUAL] | [EVENT_BEFORE_N/A_ACTUAL] --(BEFORE)--> [EVENT_BEFORE_N/A_ACTUAL] | [EVENT_BEFORE_N/A_ACTUAL] --(BEFORE)--> [EVENT_BEFORE_N/A_ACTUAL],"""taux"" --(CONTAINS)--> ""hémogramme"" | ""hémogramme"" --(BEFORE)--> ""Cytométrie"" | ""Cytométrie"" --(BEFORE)--> ""biopsie"" | ""biopsie"" --(BEFORE)--> ""bilan"""
23,55,FR100597,[EVENT_BEFORE_N/A_ACTUAL] --(CONTAINS)--> [EVENT_BEFORE_N/A_ACTUAL] | [EVENT_BEFORE_N/A_ACTUAL] --(BEFORE)--> [EVENT_BEFORE_N/A_ACTUAL] | [EVENT_BEFORE_N/A_ACTUAL] --(BEFORE)--> [EVENT_BEFORE_N/A_ACTUAL] | [EVENT_BEFORE_N/A_ACTUAL] --(BEFORE)--> [EVENT_BEFORE_N/A_ACTUAL],"""consultation"" --(CONTAINS)--> ""examen"" | ""examen"" --(BEFORE)--> ""examen"" | ""examen"" --(BEFORE)--> ""examen"" | ""examen"" --(BEFORE)--> ""toucher"""
23,55,FR100611,[EVENT_BEFORE_N/A_ACTUAL] --(CONTAINS)--> [EVENT_BEFORE_N/A_ACTUAL] | [EVENT_BEFORE_N/A_ACTUAL] --(BEFORE)--> [EVENT_BEFORE_N/A_ACTUAL] | [EVENT_BEFORE_N/A_ACTUAL] --(BEFORE)--> [EVENT_BEFORE_N/A_ACTUAL] | [EVENT_BEFORE_N/A_ACTUAL] --(BEFORE)--> [EVENT_BEFORE_N/A_ACTUAL],"""micronodules"" --(CONTAINS)--> ""TDM"" | ""TDM"" --(BEFORE)--> ""biopsie"" | ""biopsie"" --(BEFORE)--> ""recherche"" | ""recherche"" --(BEFORE)--> ""sérologie"""
23,55,FR100614,[EVENT_BEFORE_N/A_ACTUAL] --(CONTAINS)--> [EVENT_BEFORE_N/A_ACTUAL] | [EVENT_BEFORE_N/A_ACTUAL] --(BEFORE)--> [EVENT_BEFORE_N/A_ACTUAL] | [EVENT_BEFORE_N/A_ACTUAL] --(BEFORE)--> [EVENT_BEFORE_N/A_ACTUAL] | [EVENT_BEFORE_N/A_ACTUAL] --(BEFORE)--> [EVENT_BEFORE_N/A_ACTUAL],"""augmentation"" --(CONTAINS)--> ""admission"" | ""admission"" --(BEFORE)--> ""examen"" | ""examen"" --(BEFORE)--> ""échographique"" | ""échographique"" --(BEFORE)--> ""tomodensitométrie"""
23,55,FR100620,[EVENT_BEFORE_N/A_ACTUAL] --(CONTAINS)--> [EVENT_BEFORE_N/A_ACTUAL] | [EVENT_BEFORE_N/A_ACTUAL] --(BEFORE)--> [EVENT_BEFORE_N/A_ACTUAL] | [EVENT_BEFORE_N/A_ACTUAL] --(BEFORE)--> [EVENT_BEFORE_N/A_ACTUAL] | [EVENT_BEFORE_N/A_ACTUAL] --(BEFORE)--> [EVENT_BEFORE_N/A_ACTUAL],"""toux"" --(CONTAINS)--> ""présenté"" | ""présenté"" --(BEFORE)--> ""examen"" | ""examen"" --(BEFORE)--> ""radiographie"" | ""radiographie"" --(BEFORE)--> ""drainage"""
23,55,FR100623,[EVENT_BEFORE_N/A_ACTUAL] --(CONTAINS)--> [EVENT_BEFORE_N/A_ACTUAL] | [EVENT_BEFORE_N/A_ACTUAL] --(BEFORE)--> [EVENT_BEFORE_N/A_ACTUAL] | [EVENT_BEFORE_N/A_ACTUAL] --(BEFORE)--> [EVENT_BEFORE_N/A_ACTUAL] | [EVENT_BEFORE_N/A_ACTUAL] --(BEFORE)--> [EVENT_BEFORE_N/A_ACTUAL],"""disposition"" --(CONTAINS)--> ""tomodensitométrie"" | ""tomodensitométrie"" --(BEFORE)--> ""retenu"" | ""retenu"" --(BEFORE)--> ""prise"" | ""prise"" --(BEFORE)--> ""analyse"""
23,55,FR100629,[EVENT_BEFORE_N/A_ACTUAL] --(CONTAINS)--> [EVENT_BEFORE_N/A_ACTUAL] | [EVENT_BEFORE_N/A_ACTUAL] --(BEFORE)--> [EVENT_BEFORE_N/A_ACTUAL] | [EVENT_BEFORE_N/A_ACTUAL] --(BEFORE)--> [EVENT_BEFORE_N/A_ACTUAL] | [EVENT_BEFORE_N/A_ACTUAL] --(BEFORE)--> [EVENT_BEFORE_N/A_ACTUAL],"""opacité"" --(CONTAINS)--> ""radiographie"" | ""radiographie"" --(BEFORE)--> ""thoracoscopie"" | ""thoracoscopie"" --(BEFORE)--> ""marquage"" | ""marquage"" --(BEFORE)--> ""bilan"""
23,55,FR100632,[EVENT_BEFORE_N/A_ACTUAL] --(CONTAINS)--> [EVENT_BEFORE_N/A_ACTUAL] | [EVENT_BEFORE_N/A_ACTUAL] --(BEFORE)--> [EVENT_BEFORE_N/A_ACTUAL] | [EVENT_BEFORE_N/A_ACTUAL] --(BEFORE)--> [EVENT_BEFORE_N/A_ACTUAL] | [EVENT_BEFORE_N/A_ACTUAL] --(BEFORE)--> [EVENT_BEFORE_N/A_ACTUAL],"""diminuée"" --(CONTAINS)--> ""examen"" | ""examen"" --(BEFORE)--> ""IRM"" | ""IRM"" --(BEFORE)--> ""IRM"" | ""IRM"" --(BEFORE)--> ""étude"""
23,55,FR100663,[EVENT_BEFORE_N/A_ACTUAL] --(CONTAINS)--> [EVENT_BEFORE_N/A_ACTUAL] | [EVENT_BEFORE_N/A_ACTUAL] --(BEFORE)--> [EVENT_BEFORE_N/A_ACTUAL] | [EVENT_BEFORE_N/A_ACTUAL] --(BEFORE)--> [EVENT_BEFORE_N/A_ACTUAL] | [EVENT_BEFORE_N/A_ACTUAL] --(BEFORE)--> [EVENT_BEFORE_N/A_ACTUAL],"""stable"" --(CONTAINS)--> ""examen"" | ""examen"" --(BEFORE)--> ""examen"" | ""examen"" --(BEFORE)--> ""échographie"" | ""échographie"" --(BEFORE)--> ""taux"""
23,55,FR100666,[EVENT_BEFORE_N/A_ACTUAL] --(CONTAINS)--> [EVENT_BEFORE_N/A_ACTUAL] | [EVENT_BEFORE_N/A_ACTUAL] --(BEFORE)--> [EVENT_BEFORE_N/A_ACTUAL] | [EVENT_BEFORE_N/A_ACTUAL] --(BEFORE)--> [EVENT_BEFORE_N/A_ACTUAL] | [EVENT_BEFORE_N/A_ACTUAL] --(BEFORE)--> [EVENT_BEFORE_N/A_ACTUAL],"""sérologie"" --(CONTAINS)--> ""bilan"" | ""bilan"" --(BEFORE)--> ""myologramme"" | ""myologramme"" --(BEFORE)--> ""bilan"" | ""bilan"" --(BEFORE)--> ""classé"""
23,55,FR100683,[EVENT_BEFORE_N/A_ACTUAL] --(CONTAINS)--> [EVENT_BEFORE_N/A_ACTUAL] | [EVENT_BEFORE_N/A_ACTUAL] --(BEFORE)--> [EVENT_BEFORE_N/A_ACTUAL] | [EVENT_BEFORE_N/A_ACTUAL] --(BEFORE)--> [EVENT_BEFORE_N/A_ACTUAL] | [EVENT_BEFORE_N/A_ACTUAL] --(BEFORE)--> [EVENT_BEFORE_N/A_ACTUAL],"""T4"" --(CONTAINS)--> ""exploration"" | ""exploration"" --(BEFORE)--> ""IRM"" | ""IRM"" --(BEFORE)--> ""écho-mammographie"" | ""écho-mammographie"" --(BEFORE)--> ""osteodensitométrie"""
23,55,FR100688,[EVENT_BEFORE_N/A_ACTUAL] --(CONTAINS)--> [EVENT_BEFORE_N/A_ACTUAL] | [EVENT_BEFORE_N/A_ACTUAL] --(BEFORE)--> [EVENT_BEFORE_N/A_ACTUAL] | [EVENT_BEFORE_N/A_ACTUAL] --(BEFORE)--> [EVENT_BEFORE_N/A_ACTUAL] | [EVENT_BEFORE_N/A_ACTUAL] --(BEFORE)--> [EVENT_BEFORE_N/A_ACTUAL],"""poids"" --(CONTAINS)--> ""examen"" | ""examen"" --(BEFORE)--> ""examen"" | ""examen"" --(BEFORE)--> ""examen"" | ""examen"" --(BEFORE)--> ""sérologie"""
23,55,FR100689,[EVENT_BEFORE_N/A_ACTUAL] --(CONTAINS)--> [EVENT_BEFORE_N/A_ACTUAL] | [EVENT_BEFORE_N/A_ACTUAL] --(BEFORE)--> [EVENT_BEFORE_N/A_ACTUAL] | [EVENT_BEFORE_N/A_ACTUAL] --(BEFORE)--> [EVENT_BEFORE_N/A_ACTUAL] | [EVENT_BEFORE_N/A_ACTUAL] --(BEFORE)--> [EVENT_BEFORE_N/A_ACTUAL],"""CRP"" --(CONTAINS)--> ""ionogramme"" | ""ionogramme"" --(BEFORE)--> ""examen"" | ""examen"" --(BEFORE)--> ""retenu"" | ""retenu"" --(BEFORE)--> ""évolution"""
23,55,FR100697,[EVENT_BEFORE_N/A_ACTUAL] --(CONTAINS)--> [EVENT_BEFORE_N/A_ACTUAL] | [EVENT_BEFORE_N/A_ACTUAL] --(BEFORE)--> [EVENT_BEFORE_N/A_ACTUAL] | [EVENT_BEFORE_N/A_ACTUAL] --(BEFORE)--> [EVENT_BEFORE_N/A_ACTUAL] | [EVENT_BEFORE_N/A_ACTUAL] --(BEFORE)--> [EVENT_BEFORE_N/A_ACTUAL],"""rétraction"" --(CONTAINS)--> ""mammographie"" | ""mammographie"" --(BEFORE)--> ""échographie"" | ""échographie"" --(BEFORE)--> ""examen"" | ""examen"" --(BEFORE)--> ""immunomarquage"""
23,55,FR100708,[EVENT_BEFORE_N/A_ACTUAL] --(CONTAINS)--> [EVENT_BEFORE_N/A_ACTUAL] | [EVENT_BEFORE_N/A_ACTUAL] --(BEFORE)--> [EVENT_BEFORE_N/A_ACTUAL] | [EVENT_BEFORE_N/A_ACTUAL] --(BEFORE)--> [EVENT_BEFORE_N/A_ACTUAL] | [EVENT_BEFORE_N/A_ACTUAL] --(BEFORE)--> [EVENT_BEFORE_N/A_ACTUAL],"""masse"" --(CONTAINS)--> ""mammographie"" | ""mammographie"" --(BEFORE)--> ""échographie"" | ""échographie"" --(BEFORE)--> ""ponction"" | ""ponction"" --(BEFORE)--> ""étude"""
23,55,FR100717,[EVENT_BEFORE_N/A_ACTUAL] --(CONTAINS)--> [EVENT_BEFORE_N/A_ACTUAL] | [EVENT_BEFORE_N/A_ACTUAL] --(BEFORE)--> [EVENT_BEFORE_N/A_ACTUAL] | [EVENT_BEFORE_N/A_ACTUAL] --(BEFORE)--> [EVENT_BEFORE_N/A_ACTUAL] | [EVENT_BEFORE_N/A_ACTUAL] --(BEFORE)--> [EVENT_BEFORE_N/A_ACTUAL],"""Lasègue"" --(CONTAINS)--> ""examen"" | ""examen"" --(BEFORE)--> ""examens"" | ""examens"" --(BEFORE)--> ""scanner"" | ""scanner"" --(BEFORE)--> ""IRM"""
23,55,FR100748,[EVENT_BEFORE_N/A_ACTUAL] --(CONTAINS)--> [EVENT_BEFORE_N/A_ACTUAL] | [EVENT_BEFORE_N/A_ACTUAL] --(BEFORE)--> [EVENT_BEFORE_N/A_ACTUAL] | [EVENT_BEFORE_N/A_ACTUAL] --(BEFORE)--> [EVENT_BEFORE_N/A_ACTUAL] | [EVENT_BEFORE_N/A_ACTUAL] --(BEFORE)--> [EVENT_BEFORE_N/A_ACTUAL],"""hospitalisation"" --(CONTAINS)--> ""indication"" | ""indication"" --(BEFORE)--> ""consultation"" | ""consultation"" --(BEFORE)--> ""ASA"" | ""ASA"" --(BEFORE)--> ""Nicardipine"""
23,55,FR100806,[EVENT_BEFORE_N/A_ACTUAL] --(CONTAINS)--> [EVENT_BEFORE_N/A_ACTUAL] | [EVENT_BEFORE_N/A_ACTUAL] --(BEFORE)--> [EVENT_BEFORE_N/A_ACTUAL] | [EVENT_BEFORE_N/A_ACTUAL] --(BEFORE)--> [EVENT_BEFORE_N/A_ACTUAL] | [EVENT_BEFORE_N/A_ACTUAL] --(BEFORE)--> [EVENT_BEFORE_N/A_ACTUAL],"""TP"" --(CONTAINS)--> ""biologie"" | ""biologie"" --(BEFORE)--> ""tomodensitométrie"" | ""tomodensitométrie"" --(BEFORE)--> ""prise"" | ""prise"" --(BEFORE)--> ""examen"""
23,55,FR100814,[EVENT_BEFORE_N/A_ACTUAL] --(CONTAINS)--> [EVENT_BEFORE_N/A_ACTUAL] | [EVENT_BEFORE_N/A_ACTUAL] --(BEFORE)--> [EVENT_BEFORE_N/A_ACTUAL] | [EVENT_BEFORE_N/A_ACTUAL] --(BEFORE)--> [EVENT_BEFORE_N/A_ACTUAL] | [EVENT_BEFORE_N/A_ACTUAL] --(BEFORE)--> [EVENT_BEFORE_N/A_ACTUAL],"""processus"" --(CONTAINS)--> ""IRM"" | ""IRM"" --(BEFORE)--> ""diagnostic"" | ""diagnostic"" --(BEFORE)--> ""réséquée"" | ""réséquée"" --(BEFORE)--> ""examen"""
23,55,FR100826,[EVENT_BEFORE_N/A_ACTUAL] --(CONTAINS)--> [EVENT_BEFORE_N/A_ACTUAL] | [EVENT_BEFORE_N/A_ACTUAL] --(BEFORE)--> [EVENT_BEFORE_N/A_ACTUAL] | [EVENT_BEFORE_N/A_ACTUAL] --(BEFORE)--> [EVENT_BEFORE_N/A_ACTUAL] | [EVENT_BEFORE_N/A_ACTUAL] --(BEFORE)--> [EVENT_BEFORE_N/A_ACTUAL],"""termine"" --(CONTAINS)--> ""bilan"" | ""bilan"" --(BEFORE)--> ""bilan"" | ""bilan"" --(BEFORE)--> ""retenue"" | ""retenue"" --(BEFORE)--> ""exploration"""
23,55,FR100845,[EVENT_BEFORE_N/A_ACTUAL] --(CONTAINS)--> [EVENT_BEFORE_N/A_ACTUAL] | [EVENT_BEFORE_N/A_ACTUAL] --(BEFORE)--> [EVENT_BEFORE_N/A_ACTUAL] | [EVENT_BEFORE_N/A_ACTUAL] --(BEFORE)--> [EVENT_BEFORE_N/A_ACTUAL] | [EVENT_BEFORE_N/A_ACTUAL] --(BEFORE)--> [EVENT_BEFORE_N/A_ACTUAL],"""grossesse"" --(CONTAINS)--> ""échographie"" | ""échographie"" --(BEFORE)--> ""radiographie"" | ""radiographie"" --(BEFORE)--> ""décision"" | ""décision"" --(BEFORE)--> ""extraction"""
23,55,FR100849,[EVENT_BEFORE_N/A_ACTUAL] --(CONTAINS)--> [EVENT_BEFORE_N/A_ACTUAL] | [EVENT_BEFORE_N/A_ACTUAL] --(BEFORE)--> [EVENT_BEFORE_N/A_ACTUAL] | [EVENT_BEFORE_N/A_ACTUAL] --(BEFORE)--> [EVENT_BEFORE_N/A_ACTUAL] | [EVENT_BEFORE_N/A_ACTUAL] --(BEFORE)--> [EVENT_BEFORE_N/A_ACTUAL],"""IMC"" --(CONTAINS)--> ""admission"" | ""admission"" --(BEFORE)--> ""tomodensitométrie"" | ""tomodensitométrie"" --(BEFORE)--> ""acheminé"" | ""acheminé"" --(BEFORE)--> ""suites"""
23,55,FR100870,[EVENT_BEFORE_N/A_ACTUAL] --(CONTAINS)--> [EVENT_BEFORE_N/A_ACTUAL] | [EVENT_BEFORE_N/A_ACTUAL] --(BEFORE)--> [EVENT_BEFORE_N/A_ACTUAL] | [EVENT_BEFORE_N/A_ACTUAL] --(BEFORE)--> [EVENT_BEFORE_N/A_ACTUAL] | [EVENT_BEFORE_N/A_ACTUAL] --(BEFORE)--> [EVENT_BEFORE_N/A_ACTUAL],"""phosphore"" --(CONTAINS)--> ""bilan"" | ""bilan"" --(BEFORE)--> ""B2"" | ""B2"" --(BEFORE)--> ""myélogramme"" | ""myélogramme"" --(BEFORE)--> ""dosage"""
23,55,FR100874,[EVENT_BEFORE_N/A_ACTUAL] --(CONTAINS)--> [EVENT_BEFORE_N/A_ACTUAL] | [EVENT_BEFORE_N/A_ACTUAL] --(BEFORE)--> [EVENT_BEFORE_N/A_ACTUAL] | [EVENT_BEFORE_N/A_ACTUAL] --(BEFORE)--> [EVENT_BEFORE_N/A_ACTUAL] | [EVENT_BEFORE_N/A_ACTUAL] --(BEFORE)--> [EVENT_BEFORE_N/A_ACTUAL],"""refoulement"" --(CONTAINS)--> ""transit"" | ""transit"" --(BEFORE)--> ""tomodensitométrie"" | ""tomodensitométrie"" --(BEFORE)--> ""retenu"" | ""retenu"" --(BEFORE)--> ""mise"""
23,55,FR100882,[EVENT_BEFORE_N/A_ACTUAL] --(CONTAINS)--> [EVENT_BEFORE_N/A_ACTUAL] | [EVENT_BEFORE_N/A_ACTUAL] --(BEFORE)--> [EVENT_BEFORE_N/A_ACTUAL] | [EVENT_BEFORE_N/A_ACTUAL] --(BEFORE)--> [EVENT_BEFORE_N/A_ACTUAL] | [EVENT_BEFORE_N/A_ACTUAL] --(BEFORE)--> [EVENT_BEFORE_N/A_ACTUAL],"""hospitalisation"" --(CONTAINS)--> ""admise"" | ""admise"" --(BEFORE)--> ""examen"" | ""examen"" --(BEFORE)--> ""examen"" | ""examen"" --(BEFORE)--> ""examen"""
23,55,FR100883,[EVENT_BEFORE_N/A_ACTUAL] --(CONTAINS)--> [EVENT_BEFORE_N/A_ACTUAL] | [EVENT_BEFORE_N/A_ACTUAL] --(BEFORE)--> [EVENT_BEFORE_N/A_ACTUAL] | [EVENT_BEFORE_N/A_ACTUAL] --(BEFORE)--> [EVENT_BEFORE_N/A_ACTUAL] | [EVENT_BEFORE_N/A_ACTUAL] --(BEFORE)--> [EVENT_BEFORE_N/A_ACTUAL],"""admission"" --(CONTAINS)--> ""TDM"" | ""TDM"" --(BEFORE)--> ""biopsie"" | ""biopsie"" --(BEFORE)--> ""bilan"" | ""bilan"" --(BEFORE)--> ""reçu"""
23,55,FR100894,[EVENT_BEFORE_N/A_ACTUAL] --(CONTAINS)--> [EVENT_BEFORE_N/A_ACTUAL] | [EVENT_BEFORE_N/A_ACTUAL] --(BEFORE)--> [EVENT_BEFORE_N/A_ACTUAL] | [EVENT_BEFORE_N/A_ACTUAL] --(BEFORE)--> [EVENT_BEFORE_N/A_ACTUAL] | [EVENT_BEFORE_N/A_ACTUAL] --(BEFORE)--> [EVENT_BEFORE_N/A_ACTUAL],"""reçu"" --(CONTAINS)--> ""appuyés"" | ""appuyés"" --(BEFORE)--> ""diagnostic"" | ""diagnostic"" --(BEFORE)--> ""pris"" | ""pris"" --(BEFORE)--> ""incision"""
23,55,FR100903,[EVENT_BEFORE_N/A_ACTUAL] --(CONTAINS)--> [EVENT_BEFORE_N/A_ACTUAL] | [EVENT_BEFORE_N/A_ACTUAL] --(BEFORE)--> [EVENT_BEFORE_N/A_ACTUAL] | [EVENT_BEFORE_N/A_ACTUAL] --(BEFORE)--> [EVENT_BEFORE_N/A_ACTUAL] | [EVENT_BEFORE_N/A_ACTUAL] --(BEFORE)--> [EVENT_BEFORE_N/A_ACTUAL],"""diamètre"" --(CONTAINS)--> ""échographie"" | ""échographie"" --(BEFORE)--> ""IRM"" | ""IRM"" --(BEFORE)--> ""diagnostic"" | ""diagnostic"" --(BEFORE)--> ""écarté"""
23,55,FR100946,[EVENT_BEFORE_N/A_ACTUAL] --(CONTAINS)--> [EVENT_BEFORE_N/A_ACTUAL] | [EVENT_BEFORE_N/A_ACTUAL] --(BEFORE)--> [EVENT_BEFORE_N/A_ACTUAL] | [EVENT_BEFORE_N/A_ACTUAL] --(BEFORE)--> [EVENT_BEFORE_N/A_ACTUAL] | [EVENT_BEFORE_N/A_ACTUAL] --(BEFORE)--> [EVENT_BEFORE_N/A_ACTUAL],"""hémiparésie"" --(CONTAINS)--> ""examen"" | ""examen"" --(BEFORE)--> ""IRM"" | ""IRM"" --(BEFORE)--> ""analyse"" | ""analyse"" --(BEFORE)--> ""mise"""
23,55,FR100996,[EVENT_BEFORE_N/A_ACTUAL] --(CONTAINS)--> [EVENT_BEFORE_N/A_ACTUAL] | [EVENT_BEFORE_N/A_ACTUAL] --(BEFORE)--> [EVENT_BEFORE_N/A_ACTUAL] | [EVENT_BEFORE_N/A_ACTUAL] --(BEFORE)--> [EVENT_BEFORE_N/A_ACTUAL] | [EVENT_BEFORE_N/A_ACTUAL] --(BEFORE)--> [EVENT_BEFORE_N/A_ACTUAL],"""sac"" --(CONTAINS)--> ""tomodensitométrie"" | ""tomodensitométrie"" --(BEFORE)--> ""injection"" | ""injection"" --(BEFORE)--> ""retenu"" | ""retenu"" --(BEFORE)--> ""chirurgical"""
89,52,FR100003,[EVENT_BEFORE_N/A_ACTUAL] --(CONTAINS)--> [EVENT_BEFORE_N/A_ACTUAL] | [EVENT_BEFORE_N/A_ACTUAL] --(BEFORE)--> [EVENT_BEFORE_N/A_ACTUAL],"""ponction"" --(CONTAINS)--> ""ramené"" | ""ponction"" --(BEFORE)--> ""examen"""
89,52,FR100092,[EVENT_BEFORE_N/A_ACTUAL] --(CONTAINS)--> [EVENT_BEFORE_N/A_ACTUAL] | [EVENT_BEFORE_N/A_ACTUAL] --(BEFORE)--> [EVENT_BEFORE_N/A_ACTUAL],"""examen"" --(CONTAINS)--> ""fréquence"" | ""examen"" --(BEFORE)--> ""examen"""
89,52,FR100120,[EVENT_BEFORE_N/A_ACTUAL] --(CONTAINS)--> [EVENT_BEFORE_N/A_ACTUAL] | [EVENT_BEFORE_N/A_ACTUAL] --(BEFORE)--> [EVENT_BEFORE_N/A_ACTUAL],"""reste"" --(CONTAINS)--> ""particularité"" | ""reste"" --(BEFORE)--> ""bilan"""
89,52,FR100130,[EVENT_BEFORE_N/A_ACTUAL] --(CONTAINS)--> [EVENT_BEFORE_N/A_ACTUAL] | [EVENT_BEFORE_N/A_ACTUAL] --(BEFORE)--> [EVENT_BEFORE_N/A_ACTUAL],"""biologie"" --(CONTAINS)--> ""créatine"" | ""biologie"" --(BEFORE)--> ""glycémie"""
89,52,FR100132,[EVENT_BEFORE_N/A_ACTUAL] --(CONTAINS)--> [EVENT_BEFORE_N/A_ACTUAL] | [EVENT_BEFORE_N/A_ACTUAL] --(BEFORE)--> [EVENT_BEFORE_N/A_ACTUAL],"""consultation"" --(CONTAINS)--> ""référée"" | ""consultation"" --(BEFORE)--> ""examen"""
89,52,FR100161,[EVENT_BEFORE_N/A_ACTUAL] --(CONTAINS)--> [EVENT_BEFORE_N/A_ACTUAL] | [EVENT_BEFORE_N/A_ACTUAL] --(BEFORE)--> [EVENT_BEFORE_N/A_ACTUAL],"""examens"" --(CONTAINS)--> ""Acti tests"" | ""examens"" --(BEFORE)--> ""radiographie"""
89,52,FR100168,[EVENT_BEFORE_N/A_ACTUAL] --(CONTAINS)--> [EVENT_BEFORE_N/A_ACTUAL] | [EVENT_BEFORE_N/A_ACTUAL] --(BEFORE)--> [EVENT_BEFORE_N/A_ACTUAL],"""tests"" --(CONTAINS)--> ""temps"" | ""tests"" --(BEFORE)--> ""entretien"""
89,52,FR100255,[EVENT_BEFORE_N/A_ACTUAL] --(CONTAINS)--> [EVENT_BEFORE_N/A_ACTUAL] | [EVENT_BEFORE_N/A_ACTUAL] --(BEFORE)--> [EVENT_BEFORE_N/A_ACTUAL],"""bilan"" --(CONTAINS)--> ""TP"" | ""bilan"" --(BEFORE)--> ""expulsé"""
89,52,FR100275,[EVENT_BEFORE_N/A_ACTUAL] --(CONTAINS)--> [EVENT_BEFORE_N/A_ACTUAL] | [EVENT_BEFORE_N/A_ACTUAL] --(BEFORE)--> [EVENT_BEFORE_N/A_ACTUAL],"""manœuvres"" --(CONTAINS)--> ""insufflations"" | ""manœuvres"" --(BEFORE)--> ""transféré"""
89,52,FR100276,[EVENT_BEFORE_N/A_ACTUAL] --(CONTAINS)--> [EVENT_BEFORE_N/A_ACTUAL] | [EVENT_BEFORE_N/A_ACTUAL] --(BEFORE)--> [EVENT_BEFORE_N/A_ACTUAL],"""reste"" --(CONTAINS)--> ""particularité"" | ""reste"" --(BEFORE)--> ""bilan"""
89,52,FR100283,[EVENT_BEFORE_N/A_ACTUAL] --(CONTAINS)--> [EVENT_BEFORE_N/A_ACTUAL] | [EVENT_BEFORE_N/A_ACTUAL] --(BEFORE)--> [EVENT_BEFORE_N/A_ACTUAL],"""traitement"" --(CONTAINS)--> ""opothérapie"" | ""traitement"" --(BEFORE)--> ""évolution"""
89,52,FR100296,[EVENT_BEFORE_N/A_ACTUAL] --(CONTAINS)--> [EVENT_BEFORE_N/A_ACTUAL] | [EVENT_BEFORE_N/A_ACTUAL] --(BEFORE)--> [EVENT_BEFORE_N/A_ACTUAL],"""fenestration"" --(CONTAINS)--> ""geste"" | ""fenestration"" --(BEFORE)--> ""suites"""
89,52,FR100344,[EVENT_BEFORE_N/A_ACTUAL] --(CONTAINS)--> [EVENT_BEFORE_N/A_ACTUAL] | [EVENT_BEFORE_N/A_ACTUAL] --(BEFORE)--> [EVENT_BEFORE_N/A_ACTUAL],"""bilan"" --(CONTAINS)--> ""échographie"" | ""bilan"" --(BEFORE)--> ""contrôle"""
89,52,FR100346,[EVENT_BEFORE_N/A_ACTUAL] --(CONTAINS)--> [EVENT_BEFORE_N/A_ACTUAL] | [EVENT_BEFORE_N/A_ACTUAL] --(BEFORE)--> [EVENT_BEFORE_N/A_ACTUAL],"""examen"" --(CONTAINS)--> ""reste"" | ""examen"" --(BEFORE)--> ""gazométrie"""
89,52,FR100360,[EVENT_BEFORE_N/A_ACTUAL] --(CONTAINS)--> [EVENT_BEFORE_N/A_ACTUAL] | [EVENT_BEFORE_N/A_ACTUAL] --(BEFORE)--> [EVENT_BEFORE_N/A_ACTUAL],"""colpohystérectomie"" --(CONTAINS)--> ""annexectomie"" | ""colpohystérectomie"" --(BEFORE)--> ""examen"""
89,52,FR100361,[EVENT_BEFORE_N/A_ACTUAL] --(CONTAINS)--> [EVENT_BEFORE_N/A_ACTUAL] | [EVENT_BEFORE_N/A_ACTUAL] --(BEFORE)--> [EVENT_BEFORE_N/A_ACTUAL],"""examen"" --(CONTAINS)--> ""mobilisait"" | ""examen"" --(BEFORE)--> ""TDM"""
89,52,FR100371,[EVENT_BEFORE_N/A_ACTUAL] --(CONTAINS)--> [EVENT_BEFORE_N/A_ACTUAL] | [EVENT_BEFORE_N/A_ACTUAL] --(BEFORE)--> [EVENT_BEFORE_N/A_ACTUAL],"""suite"" --(CONTAINS)--> ""tension"" | ""suite"" --(BEFORE)--> ""sortie"""
89,52,FR100400,[EVENT_BEFORE_N/A_ACTUAL] --(CONTAINS)--> [EVENT_BEFORE_N/A_ACTUAL] | [EVENT_BEFORE_N/A_ACTUAL] --(BEFORE)--> [EVENT_BEFORE_N/A_ACTUAL],"""histoire"" --(CONTAINS)--> ""douleurs"" | ""histoire"" --(BEFORE)--> ""examen"""
89,52,FR100448,[EVENT_BEFORE_N/A_ACTUAL] --(CONTAINS)--> [EVENT_BEFORE_N/A_ACTUAL] | [EVENT_BEFORE_N/A_ACTUAL] --(BEFORE)--> [EVENT_BEFORE_N/A_ACTUAL],"""examen"" --(CONTAINS)--> ""reste"" | ""examen"" --(BEFORE)--> ""échotomographie"""
89,52,FR100515,[EVENT_BEFORE_N/A_ACTUAL] --(CONTAINS)--> [EVENT_BEFORE_N/A_ACTUAL] | [EVENT_BEFORE_N/A_ACTUAL] --(BEFORE)--> [EVENT_BEFORE_N/A_ACTUAL],"""bilan"" --(CONTAINS)--> ""examen"" | ""bilan"" --(BEFORE)--> ""bilan"""
89,52,FR100517,[EVENT_BEFORE_N/A_ACTUAL] --(CONTAINS)--> [EVENT_BEFORE_N/A_ACTUAL] | [EVENT_BEFORE_N/A_ACTUAL] --(BEFORE)--> [EVENT_BEFORE_N/A_ACTUAL],"""bilan"" --(CONTAINS)--> ""fibroscopie"" | ""bilan"" --(BEFORE)--> ""mise"""
89,52,FR100519,[EVENT_BEFORE_N/A_ACTUAL] --(CONTAINS)--> [EVENT_BEFORE_N/A_ACTUAL] | [EVENT_BEFORE_N/A_ACTUAL] --(BEFORE)--> [EVENT_BEFORE_N/A_ACTUAL],"""bilan"" --(CONTAINS)--> ""radiographie"" | ""bilan"" --(BEFORE)--> ""angioscanner"""
89,52,FR100589,[EVENT_BEFORE_N/A_ACTUAL] --(CONTAINS)--> [EVENT_BEFORE_N/A_ACTUAL] | [EVENT_BEFORE_N/A_ACTUAL] --(BEFORE)--> [EVENT_BEFORE_N/A_ACTUAL],"""lavage"" --(CONTAINS)--> ""recherche"" | ""lavage"" --(BEFORE)--> ""biopsies"""
89,52,FR100597,[EVENT_BEFORE_N/A_ACTUAL] --(CONTAINS)--> [EVENT_BEFORE_N/A_ACTUAL] | [EVENT_BEFORE_N/A_ACTUAL] --(BEFORE)--> [EVENT_BEFORE_N/A_ACTUAL],"""suites"" --(CONTAINS)--> ""marquées"" | ""suites"" --(BEFORE)--> ""décédée"""
89,52,FR100603,[EVENT_BEFORE_N/A_ACTUAL] --(CONTAINS)--> [EVENT_BEFORE_N/A_ACTUAL] | [EVENT_BEFORE_N/A_ACTUAL] --(BEFORE)--> [EVENT_BEFORE_N/A_ACTUAL],"""chirurgie"" --(CONTAINS)--> ""remplacée"" | ""chirurgie"" --(BEFORE)--> ""hémocultures"""
89,52,FR100611,[EVENT_BEFORE_N/A_ACTUAL] --(CONTAINS)--> [EVENT_BEFORE_N/A_ACTUAL] | [EVENT_BEFORE_N/A_ACTUAL] --(BEFORE)--> [EVENT_BEFORE_N/A_ACTUAL],"""TDM"" --(CONTAINS)--> ""image"" | ""TDM"" --(BEFORE)--> ""biopsie"""
89,52,FR100614,[EVENT_BEFORE_N/A_ACTUAL] --(CONTAINS)--> [EVENT_BEFORE_N/A_ACTUAL] | [EVENT_BEFORE_N/A_ACTUAL] --(BEFORE)--> [EVENT_BEFORE_N/A_ACTUAL],"""intervention"" --(CONTAINS)--> ""éviter"" | ""intervention"" --(BEFORE)--> ""résection"""
89,52,FR100620,[EVENT_BEFORE_N/A_ACTUAL] --(CONTAINS)--> [EVENT_BEFORE_N/A_ACTUAL] | [EVENT_BEFORE_N/A_ACTUAL] --(BEFORE)--> [EVENT_BEFORE_N/A_ACTUAL],"""bilan"" --(CONTAINS)--> ""échographie"" | ""bilan"" --(BEFORE)--> ""bilan"""
89,52,FR100629,[EVENT_BEFORE_N/A_ACTUAL] --(CONTAINS)--> [EVENT_BEFORE_N/A_ACTUAL] | [EVENT_BEFORE_N/A_ACTUAL] --(BEFORE)--> [EVENT_BEFORE_N/A_ACTUAL],"""examen"" --(CONTAINS)--> ""examen"" | ""examen"" --(BEFORE)--> ""radiographie"""
89,52,FR100632,[EVENT_BEFORE_N/A_ACTUAL] --(CONTAINS)--> [EVENT_BEFORE_N/A_ACTUAL] | [EVENT_BEFORE_N/A_ACTUAL] --(BEFORE)--> [EVENT_BEFORE_N/A_ACTUAL],"""enquête"" --(CONTAINS)--> ""taux"" | ""enquête"" --(BEFORE)--> ""étude"""
89,52,FR100658,[EVENT_BEFORE_N/A_ACTUAL] --(CONTAINS)--> [EVENT_BEFORE_N/A_ACTUAL] | [EVENT_BEFORE_N/A_ACTUAL] --(BEFORE)--> [EVENT_BEFORE_N/A_ACTUAL],"""évaluation"" --(CONTAINS)--> ""examen"" | ""évaluation"" --(BEFORE)--> ""auscultation"""
89,52,FR100663,[EVENT_BEFORE_N/A_ACTUAL] --(CONTAINS)--> [EVENT_BEFORE_N/A_ACTUAL] | [EVENT_BEFORE_N/A_ACTUAL] --(BEFORE)--> [EVENT_BEFORE_N/A_ACTUAL],"""traitement"" --(CONTAINS)--> ""reprise"" | ""traitement"" --(BEFORE)--> ""exploration"""
89,52,FR100666,[EVENT_BEFORE_N/A_ACTUAL] --(CONTAINS)--> [EVENT_BEFORE_N/A_ACTUAL] | [EVENT_BEFORE_N/A_ACTUAL] --(BEFORE)--> [EVENT_BEFORE_N/A_ACTUAL],"""examen"" --(CONTAINS)--> ""palpation"" | ""examen"" --(BEFORE)--> ""examen"""
89,52,FR100688,[EVENT_BEFORE_N/A_ACTUAL] --(CONTAINS)--> [EVENT_BEFORE_N/A_ACTUAL] | [EVENT_BEFORE_N/A_ACTUAL] --(BEFORE)--> [EVENT_BEFORE_N/A_ACTUAL],"""traitement"" --(CONTAINS)--> ""phase"" | ""traitement"" --(BEFORE)--> ""évolution"""
89,52,FR100689,[EVENT_BEFORE_N/A_ACTUAL] --(CONTAINS)--> [EVENT_BEFORE_N/A_ACTUAL] | [EVENT_BEFORE_N/A_ACTUAL] --(BEFORE)--> [EVENT_BEFORE_N/A_ACTUAL],"""IRM"" --(CONTAINS)--> ""injection"" | ""IRM"" --(BEFORE)--> ""étude"""
89,52,FR100697,[EVENT_BEFORE_N/A_ACTUAL] --(CONTAINS)--> [EVENT_BEFORE_N/A_ACTUAL] | [EVENT_BEFORE_N/A_ACTUAL] --(BEFORE)--> [EVENT_BEFORE_N/A_ACTUAL],"""bilan"" --(CONTAINS)--> ""biopsie"" | ""bilan"" --(BEFORE)--> ""test"""
89,52,FR100708,[EVENT_BEFORE_N/A_ACTUAL] --(CONTAINS)--> [EVENT_BEFORE_N/A_ACTUAL] | [EVENT_BEFORE_N/A_ACTUAL] --(BEFORE)--> [EVENT_BEFORE_N/A_ACTUAL],"""ponction"" --(CONTAINS)--> ""ramenant"" | ""ponction"" --(BEFORE)--> ""étude"""
89,52,FR100748,[EVENT_BEFORE_N/A_ACTUAL] --(CONTAINS)--> [EVENT_BEFORE_N/A_ACTUAL] | [EVENT_BEFORE_N/A_ACTUAL] --(BEFORE)--> [EVENT_BEFORE_N/A_ACTUAL],"""préparation"" --(CONTAINS)--> ""laxatifs"" | ""préparation"" --(BEFORE)--> ""salle"""
89,52,FR100766,[EVENT_BEFORE_N/A_ACTUAL] --(CONTAINS)--> [EVENT_BEFORE_N/A_ACTUAL] | [EVENT_BEFORE_N/A_ACTUAL] --(BEFORE)--> [EVENT_BEFORE_N/A_ACTUAL],"""amputation"" --(CONTAINS)--> ""confection"" | ""amputation"" --(BEFORE)--> ""classé"""
89,52,FR100780,[EVENT_BEFORE_N/A_ACTUAL] --(CONTAINS)--> [EVENT_BEFORE_N/A_ACTUAL] | [EVENT_BEFORE_N/A_ACTUAL] --(BEFORE)--> [EVENT_BEFORE_N/A_ACTUAL],"""examen"" --(CONTAINS)--> ""tension"" | ""examen"" --(BEFORE)--> ""toucher"""
89,52,FR100806,[EVENT_BEFORE_N/A_ACTUAL] --(CONTAINS)--> [EVENT_BEFORE_N/A_ACTUAL] | [EVENT_BEFORE_N/A_ACTUAL] --(BEFORE)--> [EVENT_BEFORE_N/A_ACTUAL],"""prise"" --(CONTAINS)--> ""splénectomie"" | ""prise"" --(BEFORE)--> ""examen"""
89,52,FR100814,[EVENT_BEFORE_N/A_ACTUAL] --(CONTAINS)--> [EVENT_BEFORE_N/A_ACTUAL] | [EVENT_BEFORE_N/A_ACTUAL] --(BEFORE)--> [EVENT_BEFORE_N/A_ACTUAL],"""IRM"" --(CONTAINS)--> ""iso-signal"" | ""IRM"" --(BEFORE)--> ""diagnostic"""
89,52,FR100826,[EVENT_BEFORE_N/A_ACTUAL] --(CONTAINS)--> [EVENT_BEFORE_N/A_ACTUAL] | [EVENT_BEFORE_N/A_ACTUAL] --(BEFORE)--> [EVENT_BEFORE_N/A_ACTUAL],"""bilan"" --(CONTAINS)--> ""tomodensitométrie"" | ""bilan"" --(BEFORE)--> ""bilan"""
89,52,FR100845,[EVENT_BEFORE_N/A_ACTUAL] --(CONTAINS)--> [EVENT_BEFORE_N/A_ACTUAL] | [EVENT_BEFORE_N/A_ACTUAL] --(BEFORE)--> [EVENT_BEFORE_N/A_ACTUAL],"""examen"" --(CONTAINS)--> ""BCF"" | ""examen"" --(BEFORE)--> ""échographie"""
89,52,FR100849,[EVENT_BEFORE_N/A_ACTUAL] --(CONTAINS)--> [EVENT_BEFORE_N/A_ACTUAL] | [EVENT_BEFORE_N/A_ACTUAL] --(BEFORE)--> [EVENT_BEFORE_N/A_ACTUAL],"""admission"" --(CONTAINS)--> ""examen"" | ""admission"" --(BEFORE)--> ""tomodensitométrie"""
89,52,FR100870,[EVENT_BEFORE_N/A_ACTUAL] --(CONTAINS)--> [EVENT_BEFORE_N/A_ACTUAL] | [EVENT_BEFORE_N/A_ACTUAL] --(BEFORE)--> [EVENT_BEFORE_N/A_ACTUAL],"""électrophorèse"" --(CONTAINS)--> ""découverte"" | ""électrophorèse"" --(BEFORE)--> ""immunosoustraction"""
89,52,FR100874,[EVENT_BEFORE_N/A_ACTUAL] --(CONTAINS)--> [EVENT_BEFORE_N/A_ACTUAL] | [EVENT_BEFORE_N/A_ACTUAL] --(BEFORE)--> [EVENT_BEFORE_N/A_ACTUAL],"""transit"" --(CONTAINS)--> ""image"" | ""transit"" --(BEFORE)--> ""tomodensitométrie"""
89,52,FR100903,[EVENT_BEFORE_N/A_ACTUAL] --(CONTAINS)--> [EVENT_BEFORE_N/A_ACTUAL] | [EVENT_BEFORE_N/A_ACTUAL] --(BEFORE)--> [EVENT_BEFORE_N/A_ACTUAL],"""contrôles"" --(CONTAINS)--> ""biométrie"" | ""contrôles"" --(BEFORE)--> ""accouchement"""
89,52,FR100919,[EVENT_BEFORE_N/A_ACTUAL] --(CONTAINS)--> [EVENT_BEFORE_N/A_ACTUAL] | [EVENT_BEFORE_N/A_ACTUAL] --(BEFORE)--> [EVENT_BEFORE_N/A_ACTUAL],"""correction"" --(CONTAINS)--> ""injection"" | ""correction"" --(BEFORE)--> ""normalisation"""
89,52,FR100946,[EVENT_BEFORE_N/A_ACTUAL] --(CONTAINS)--> [EVENT_BEFORE_N/A_ACTUAL] | [EVENT_BEFORE_N/A_ACTUAL] --(BEFORE)--> [EVENT_BEFORE_N/A_ACTUAL],"""IRM"" --(CONTAINS)--> ""prise"" | ""IRM"" --(BEFORE)--> ""analyse"""
89,52,FR100959,[EVENT_BEFORE_N/A_ACTUAL] --(CONTAINS)--> [EVENT_BEFORE_N/A_ACTUAL] | [EVENT_BEFORE_N/A_ACTUAL] --(BEFORE)--> [EVENT_BEFORE_N/A_ACTUAL],"""œsophagoscopie"" --(CONTAINS)--> ""extraction"" | ""œsophagoscopie"" --(BEFORE)--> ""Transit"""
89,52,FR100998,[EVENT_BEFORE_N/A_ACTUAL] --(CONTAINS)--> [EVENT_BEFORE_N/A_ACTUAL] | [EVENT_BEFORE_N/A_ACTUAL] --(BEFORE)--> [EVENT_BEFORE_N/A_ACTUAL],"""traitée"" --(CONTAINS)--> ""développé"" | ""traitée"" --(BEFORE)--> ""bilan"""
205,52,FR100003,[EVENT_BEFORE_N/A_ACTUAL] --(BEFORE)--> [EVENT_BEFORE_N/A_ACTUAL] | [EVENT_BEFORE_N/A_ACTUAL] --(CONTAINS)--> [EVENT_BEFORE_N/A_ACTUAL],"""antibiothérapie"" --(BEFORE)--> ""bloc"" | ""bloc"" --(CONTAINS)--> ""abordé"""
205,52,FR100092,[EVENT_BEFORE_N/A_ACTUAL] --(BEFORE)--> [EVENT_BEFORE_N/A_ACTUAL] | [EVENT_BEFORE_N/A_ACTUAL] --(CONTAINS)--> [EVENT_BEFORE_N/A_ACTUAL],"""admise"" --(BEFORE)--> ""examen"" | ""examen"" --(CONTAINS)--> ""fréquence"""
205,52,FR100120,[EVENT_BEFORE_N/A_ACTUAL] --(BEFORE)--> [EVENT_BEFORE_N/A_ACTUAL] | [EVENT_BEFORE_N/A_ACTUAL] --(CONTAINS)--> [EVENT_BEFORE_N/A_ACTUAL],"""reste"" --(BEFORE)--> ""traitement"" | ""traitement"" --(CONTAINS)--> ""soins"""
205,52,FR100130,[EVENT_BEFORE_N/A_ACTUAL] --(BEFORE)--> [EVENT_BEFORE_N/A_ACTUAL] | [EVENT_BEFORE_N/A_ACTUAL] --(CONTAINS)--> [EVENT_BEFORE_N/A_ACTUAL],"""recherche"" --(BEFORE)--> ""séjour"" | ""séjour"" --(CONTAINS)--> ""réconforté"""
205,52,FR100132,[EVENT_BEFORE_N/A_ACTUAL] --(BEFORE)--> [EVENT_BEFORE_N/A_ACTUAL] | [EVENT_BEFORE_N/A_ACTUAL] --(CONTAINS)--> [EVENT_BEFORE_N/A_ACTUAL],"""consultation"" --(BEFORE)--> ""examen"" | ""examen"" --(CONTAINS)--> ""palpation"""
205,52,FR100142,[EVENT_BEFORE_N/A_ACTUAL] --(BEFORE)--> [EVENT_BEFORE_N/A_ACTUAL] | [EVENT_BEFORE_N/A_ACTUAL] --(CONTAINS)--> [EVENT_BEFORE_N/A_ACTUAL],"""mis"" --(BEFORE)--> ""évolution"" | ""évolution"" --(CONTAINS)--> ""taux"""
205,52,FR100161,[EVENT_BEFORE_N/A_ACTUAL] --(BEFORE)--> [EVENT_BEFORE_N/A_ACTUAL] | [EVENT_BEFORE_N/A_ACTUAL] --(CONTAINS)--> [EVENT_BEFORE_N/A_ACTUAL],"""examen"" --(BEFORE)--> ""examens"" | ""examens"" --(CONTAINS)--> ""Acti tests"""
205,52,FR100168,[EVENT_BEFORE_N/A_ACTUAL] --(BEFORE)--> [EVENT_BEFORE_N/A_ACTUAL] | [EVENT_BEFORE_N/A_ACTUAL] --(CONTAINS)--> [EVENT_BEFORE_N/A_ACTUAL],"""bilan"" --(BEFORE)--> ""dissection"" | ""dissection"" --(CONTAINS)--> ""saignement"""
205,52,FR100185,[EVENT_BEFORE_N/A_ACTUAL] --(BEFORE)--> [EVENT_BEFORE_N/A_ACTUAL] | [EVENT_BEFORE_N/A_ACTUAL] --(CONTAINS)--> [EVENT_BEFORE_N/A_ACTUAL],"""Electromyogramme"" --(BEFORE)--> ""IRM"" | ""IRM"" --(CONTAINS)--> ""aspect"""
205,52,FR100255,[EVENT_BEFORE_N/A_ACTUAL] --(BEFORE)--> [EVENT_BEFORE_N/A_ACTUAL] | [EVENT_BEFORE_N/A_ACTUAL] --(CONTAINS)--> [EVENT_BEFORE_N/A_ACTUAL],"""examen"" --(BEFORE)--> ""échographie"" | ""échographie"" --(CONTAINS)--> ""confirmation"""
205,52,FR100275,[EVENT_BEFORE_N/A_ACTUAL] --(BEFORE)--> [EVENT_BEFORE_N/A_ACTUAL] | [EVENT_BEFORE_N/A_ACTUAL] --(CONTAINS)--> [EVENT_BEFORE_N/A_ACTUAL],"""anamnèse"" --(BEFORE)--> ""examen"" | ""examen"" --(CONTAINS)--> ""pression"""
205,52,FR100276,[EVENT_BEFORE_N/A_ACTUAL] --(BEFORE)--> [EVENT_BEFORE_N/A_ACTUAL] | [EVENT_BEFORE_N/A_ACTUAL] --(CONTAINS)--> [EVENT_BEFORE_N/A_ACTUAL],"""accouchement"" --(BEFORE)--> ""reste"" | ""reste"" --(CONTAINS)--> ""particularité"""
205,52,FR100283,[EVENT_BEFORE_N/A_ACTUAL] --(BEFORE)--> [EVENT_BEFORE_N/A_ACTUAL] | [EVENT_BEFORE_N/A_ACTUAL] --(CONTAINS)--> [EVENT_BEFORE_N/A_ACTUAL],"""hypophysiogramme"" --(BEFORE)--> ""traitement"" | ""traitement"" --(CONTAINS)--> ""opothérapie"""
205,52,FR100296,[EVENT_BEFORE_N/A_ACTUAL] --(BEFORE)--> [EVENT_BEFORE_N/A_ACTUAL] | [EVENT_BEFORE_N/A_ACTUAL] --(CONTAINS)--> [EVENT_BEFORE_N/A_ACTUAL],"""IRM"" --(BEFORE)--> ""fenestration"" | ""fenestration"" --(CONTAINS)--> ""geste"""
205,52,FR100314,[EVENT_BEFORE_N/A_ACTUAL] --(BEFORE)--> [EVENT_BEFORE_N/A_ACTUAL] | [EVENT_BEFORE_N/A_ACTUAL] --(CONTAINS)--> [EVENT_BEFORE_N/A_ACTUAL],"""accident"" --(BEFORE)--> ""traumatisme"" | ""traumatisme"" --(CONTAINS)--> ""admise"""
205,52,FR100344,[EVENT_BEFORE_N/A_ACTUAL] --(BEFORE)--> [EVENT_BEFORE_N/A_ACTUAL] | [EVENT_BEFORE_N/A_ACTUAL] --(CONTAINS)--> [EVENT_BEFORE_N/A_ACTUAL],"""examen"" --(BEFORE)--> ""césarienne"" | ""césarienne"" --(CONTAINS)--> ""extraction"""
205,52,FR100361,[EVENT_BEFORE_N/A_ACTUAL] --(BEFORE)--> [EVENT_BEFORE_N/A_ACTUAL] | [EVENT_BEFORE_N/A_ACTUAL] --(CONTAINS)--> [EVENT_BEFORE_N/A_ACTUAL],"""admise"" --(BEFORE)--> ""examen"" | ""examen"" --(CONTAINS)--> ""mobilisait"""
205,52,FR100371,[EVENT_BEFORE_N/A_ACTUAL] --(BEFORE)--> [EVENT_BEFORE_N/A_ACTUAL] | [EVENT_BEFORE_N/A_ACTUAL] --(CONTAINS)--> [EVENT_BEFORE_N/A_ACTUAL],"""examen"" --(BEFORE)--> ""bilan"" | ""bilan"" --(CONTAINS)--> ""bilan"""
205,52,FR100400,[EVENT_BEFORE_N/A_ACTUAL] --(BEFORE)--> [EVENT_BEFORE_N/A_ACTUAL] | [EVENT_BEFORE_N/A_ACTUAL] --(CONTAINS)--> [EVENT_BEFORE_N/A_ACTUAL],"""résection"" --(BEFORE)--> ""suites"" | ""suites"" --(CONTAINS)--> ""retiré"""
205,52,FR100510,[EVENT_BEFORE_N/A_ACTUAL] --(BEFORE)--> [EVENT_BEFORE_N/A_ACTUAL] | [EVENT_BEFORE_N/A_ACTUAL] --(CONTAINS)--> [EVENT_BEFORE_N/A_ACTUAL],"""décision"" --(BEFORE)--> ""intervention"" | ""intervention"" --(CONTAINS)--> ""exposée"""
205,52,FR100515,[EVENT_BEFORE_N/A_ACTUAL] --(BEFORE)--> [EVENT_BEFORE_N/A_ACTUAL] | [EVENT_BEFORE_N/A_ACTUAL] --(CONTAINS)--> [EVENT_BEFORE_N/A_ACTUAL],"""prescrits"" --(BEFORE)--> ""évolution"" | ""évolution"" --(CONTAINS)--> ""amélioration"""
205,52,FR100519,[EVENT_BEFORE_N/A_ACTUAL] --(BEFORE)--> [EVENT_BEFORE_N/A_ACTUAL] | [EVENT_BEFORE_N/A_ACTUAL] --(CONTAINS)--> [EVENT_BEFORE_N/A_ACTUAL],"""admise"" --(BEFORE)--> ""évolution"" | ""évolution"" --(CONTAINS)--> ""ablation"""
205,52,FR100589,[EVENT_BEFORE_N/A_ACTUAL] --(BEFORE)--> [EVENT_BEFORE_N/A_ACTUAL] | [EVENT_BEFORE_N/A_ACTUAL] --(CONTAINS)--> [EVENT_BEFORE_N/A_ACTUAL],"""tomodensitométrie"" --(BEFORE)--> ""discuté"" | ""discuté"" --(CONTAINS)--> ""évoqué"""
205,52,FR100597,[EVENT_BEFORE_N/A_ACTUAL] --(BEFORE)--> [EVENT_BEFORE_N/A_ACTUAL] | [EVENT_BEFORE_N/A_ACTUAL] --(CONTAINS)--> [EVENT_BEFORE_N/A_ACTUAL],"""ménopausée"" --(BEFORE)--> ""consultation"" | ""consultation"" --(CONTAINS)--> ""examen"""
205,52,FR100611,[EVENT_BEFORE_N/A_ACTUAL] --(BEFORE)--> [EVENT_BEFORE_N/A_ACTUAL] | [EVENT_BEFORE_N/A_ACTUAL] --(CONTAINS)--> [EVENT_BEFORE_N/A_ACTUAL],"""PCR"" --(BEFORE)--> ""TDM"" | ""TDM"" --(CONTAINS)--> ""image"""
205,52,FR100614,[EVENT_BEFORE_N/A_ACTUAL] --(BEFORE)--> [EVENT_BEFORE_N/A_ACTUAL] | [EVENT_BEFORE_N/A_ACTUAL] --(CONTAINS)--> [EVENT_BEFORE_N/A_ACTUAL],"""résection"" --(BEFORE)--> ""étude"" | ""étude"" --(CONTAINS)--> ""concluante"""
205,52,FR100620,[EVENT_BEFORE_N/A_ACTUAL] --(BEFORE)--> [EVENT_BEFORE_N/A_ACTUAL] | [EVENT_BEFORE_N/A_ACTUAL] --(CONTAINS)--> [EVENT_BEFORE_N/A_ACTUAL],"""biopsie"" --(BEFORE)--> ""prise"" | ""prise"" --(CONTAINS)--> ""corticothérapie"""
205,52,FR100629,[EVENT_BEFORE_N/A_ACTUAL] --(BEFORE)--> [EVENT_BEFORE_N/A_ACTUAL] | [EVENT_BEFORE_N/A_ACTUAL] --(CONTAINS)--> [EVENT_BEFORE_N/A_ACTUAL],"""radiographie"" --(BEFORE)--> ""thoracoscopie"" | ""thoracoscopie"" --(CONTAINS)--> ""immuno histochimie"""
205,52,FR100632,[EVENT_BEFORE_N/A_ACTUAL] --(BEFORE)--> [EVENT_BEFORE_N/A_ACTUAL] | [EVENT_BEFORE_N/A_ACTUAL] --(CONTAINS)--> [EVENT_BEFORE_N/A_ACTUAL],"""bilan"" --(BEFORE)--> ""enquête"" | ""enquête"" --(CONTAINS)--> ""taux"""
205,52,FR100658,[EVENT_BEFORE_N/A_ACTUAL] --(BEFORE)--> [EVENT_BEFORE_N/A_ACTUAL] | [EVENT_BEFORE_N/A_ACTUAL] --(CONTAINS)--> [EVENT_BEFORE_N/A_ACTUAL],"""évaluation"" --(BEFORE)--> ""auscultation"" | ""auscultation"" --(CONTAINS)--> ""fréquence"""
205,52,FR100663,[EVENT_BEFORE_N/A_ACTUAL] --(BEFORE)--> [EVENT_BEFORE_N/A_ACTUAL] | [EVENT_BEFORE_N/A_ACTUAL] --(CONTAINS)--> [EVENT_BEFORE_N/A_ACTUAL],"""tenté"" --(BEFORE)--> ""bilan"" | ""bilan"" --(CONTAINS)--> ""Numération"""
205,52,FR100666,[EVENT_BEFORE_N/A_ACTUAL] --(BEFORE)--> [EVENT_BEFORE_N/A_ACTUAL] | [EVENT_BEFORE_N/A_ACTUAL] --(CONTAINS)--> [EVENT_BEFORE_N/A_ACTUAL],"""classé"" --(BEFORE)--> ""traitement"" | ""traitement"" --(CONTAINS)--> ""polychimiothérapie"""
205,52,FR100688,[EVENT_BEFORE_N/A_ACTUAL] --(BEFORE)--> [EVENT_BEFORE_N/A_ACTUAL] | [EVENT_BEFORE_N/A_ACTUAL] --(CONTAINS)--> [EVENT_BEFORE_N/A_ACTUAL],"""analyse"" --(BEFORE)--> ""traitement"" | ""traitement"" --(CONTAINS)--> ""phase"""
205,52,FR100689,[EVENT_BEFORE_N/A_ACTUAL] --(BEFORE)--> [EVENT_BEFORE_N/A_ACTUAL] | [EVENT_BEFORE_N/A_ACTUAL] --(CONTAINS)--> [EVENT_BEFORE_N/A_ACTUAL],"""retenu"" --(BEFORE)--> ""évolution"" | ""évolution"" --(CONTAINS)--> ""disparition"""
205,52,FR100697,[EVENT_BEFORE_N/A_ACTUAL] --(BEFORE)--> [EVENT_BEFORE_N/A_ACTUAL] | [EVENT_BEFORE_N/A_ACTUAL] --(CONTAINS)--> [EVENT_BEFORE_N/A_ACTUAL],"""tout"" --(BEFORE)--> ""bilan"" | ""bilan"" --(CONTAINS)--> ""biopsie"""
205,52,FR100708,[EVENT_BEFORE_N/A_ACTUAL] --(BEFORE)--> [EVENT_BEFORE_N/A_ACTUAL] | [EVENT_BEFORE_N/A_ACTUAL] --(CONTAINS)--> [EVENT_BEFORE_N/A_ACTUAL],"""échographie"" --(BEFORE)--> ""ponction"" | ""ponction"" --(CONTAINS)--> ""ramenant"""
205,52,FR100717,[EVENT_BEFORE_N/A_ACTUAL] --(BEFORE)--> [EVENT_BEFORE_N/A_ACTUAL] | [EVENT_BEFORE_N/A_ACTUAL] --(CONTAINS)--> [EVENT_BEFORE_N/A_ACTUAL],"""exploration"" --(BEFORE)--> ""suites"" | ""suites"" --(CONTAINS)--> ""régression"""
205,52,FR100748,[EVENT_BEFORE_N/A_ACTUAL] --(BEFORE)--> [EVENT_BEFORE_N/A_ACTUAL] | [EVENT_BEFORE_N/A_ACTUAL] --(CONTAINS)--> [EVENT_BEFORE_N/A_ACTUAL],"""indication"" --(BEFORE)--> ""consultation"" | ""consultation"" --(CONTAINS)--> ""examen"""
205,52,FR100766,[EVENT_BEFORE_N/A_ACTUAL] --(BEFORE)--> [EVENT_BEFORE_N/A_ACTUAL] | [EVENT_BEFORE_N/A_ACTUAL] --(CONTAINS)--> [EVENT_BEFORE_N/A_ACTUAL],"""retenu"" --(BEFORE)--> ""bénéficié"" | ""bénéficié"" --(CONTAINS)--> ""mucosectomie"""
205,52,FR100780,[EVENT_BEFORE_N/A_ACTUAL] --(BEFORE)--> [EVENT_BEFORE_N/A_ACTUAL] | [EVENT_BEFORE_N/A_ACTUAL] --(CONTAINS)--> [EVENT_BEFORE_N/A_ACTUAL],"""bilan"" --(BEFORE)--> ""séances"" | ""séances"" --(CONTAINS)--> ""circuit"""
205,52,FR100806,[EVENT_BEFORE_N/A_ACTUAL] --(BEFORE)--> [EVENT_BEFORE_N/A_ACTUAL] | [EVENT_BEFORE_N/A_ACTUAL] --(CONTAINS)--> [EVENT_BEFORE_N/A_ACTUAL],"""correction"" --(BEFORE)--> ""prise"" | ""prise"" --(CONTAINS)--> ""splénectomie"""
205,52,FR100826,[EVENT_BEFORE_N/A_ACTUAL] --(BEFORE)--> [EVENT_BEFORE_N/A_ACTUAL] | [EVENT_BEFORE_N/A_ACTUAL] --(CONTAINS)--> [EVENT_BEFORE_N/A_ACTUAL],"""examen"" --(BEFORE)--> ""bilan"" | ""bilan"" --(CONTAINS)--> ""tomodensitométrie"""
205,52,FR100845,[EVENT_BEFORE_N/A_ACTUAL] --(BEFORE)--> [EVENT_BEFORE_N/A_ACTUAL] | [EVENT_BEFORE_N/A_ACTUAL] --(CONTAINS)--> [EVENT_BEFORE_N/A_ACTUAL],"""examen"" --(BEFORE)--> ""examen"" | ""examen"" --(CONTAINS)--> ""BCF"""
205,52,FR100870,[EVENT_BEFORE_N/A_ACTUAL] --(BEFORE)--> [EVENT_BEFORE_N/A_ACTUAL] | [EVENT_BEFORE_N/A_ACTUAL] --(CONTAINS)--> [EVENT_BEFORE_N/A_ACTUAL],"""IRM"" --(BEFORE)--> ""électrophorèse"" | ""électrophorèse"" --(CONTAINS)--> ""découverte"""
205,52,FR100874,[EVENT_BEFORE_N/A_ACTUAL] --(BEFORE)--> [EVENT_BEFORE_N/A_ACTUAL] | [EVENT_BEFORE_N/A_ACTUAL] --(CONTAINS)--> [EVENT_BEFORE_N/A_ACTUAL],"""fibroscopie"" --(BEFORE)--> ""transit"" | ""transit"" --(CONTAINS)--> ""image"""
205,52,FR100882,[EVENT_BEFORE_N/A_ACTUAL] --(BEFORE)--> [EVENT_BEFORE_N/A_ACTUAL] | [EVENT_BEFORE_N/A_ACTUAL] --(CONTAINS)--> [EVENT_BEFORE_N/A_ACTUAL],"""sclérothérapie"" --(BEFORE)--> ""évolution"" | ""évolution"" --(CONTAINS)--> ""amélioration"""
205,52,FR100883,[EVENT_BEFORE_N/A_ACTUAL] --(BEFORE)--> [EVENT_BEFORE_N/A_ACTUAL] | [EVENT_BEFORE_N/A_ACTUAL] --(CONTAINS)--> [EVENT_BEFORE_N/A_ACTUAL],"""bilan"" --(BEFORE)--> ""reçu"" | ""reçu"" --(CONTAINS)--> ""radiothérapie"""
205,52,FR100894,[EVENT_BEFORE_N/A_ACTUAL] --(BEFORE)--> [EVENT_BEFORE_N/A_ACTUAL] | [EVENT_BEFORE_N/A_ACTUAL] --(CONTAINS)--> [EVENT_BEFORE_N/A_ACTUAL],"""pris"" --(BEFORE)--> ""incision"" | ""incision"" --(CONTAINS)--> ""décompression"""
205,52,FR100903,[EVENT_BEFORE_N/A_ACTUAL] --(BEFORE)--> [EVENT_BEFORE_N/A_ACTUAL] | [EVENT_BEFORE_N/A_ACTUAL] --(CONTAINS)--> [EVENT_BEFORE_N/A_ACTUAL],"""contrôles"" --(BEFORE)--> ""accouchement"" | ""accouchement"" --(CONTAINS)--> ""naissance"""
205,52,FR100946,[EVENT_BEFORE_N/A_ACTUAL] --(BEFORE)--> [EVENT_BEFORE_N/A_ACTUAL] | [EVENT_BEFORE_N/A_ACTUAL] --(CONTAINS)--> [EVENT_BEFORE_N/A_ACTUAL],"""examen"" --(BEFORE)--> ""IRM"" | ""IRM"" --(CONTAINS)--> ""prise"""
205,52,FR100960,[EVENT_BEFORE_N/A_ACTUAL] --(BEFORE)--> [EVENT_BEFORE_N/A_ACTUAL] | [EVENT_BEFORE_N/A_ACTUAL] --(CONTAINS)--> [EVENT_BEFORE_N/A_ACTUAL],"""opéré"" --(BEFORE)--> ""consulté"" | ""consulté"" --(CONTAINS)--> ""scanner"""
205,52,FR100998,[EVENT_BEFORE_N/A_ACTUAL] --(BEFORE)--> [EVENT_BEFORE_N/A_ACTUAL] | [EVENT_BEFORE_N/A_ACTUAL] --(CONTAINS)--> [EVENT_BEFORE_N/A_ACTUAL],"""diagnostic"" --(BEFORE)--> ""traitée"" | ""traitée"" --(CONTAINS)--> ""développé"""
212,52,FR100003,[EVENT_BEFORE_N/A_ACTUAL] --(BEFORE)--> [EVENT_BEFORE_N/A_ACTUAL] | [EVENT_BEFORE_N/A_ACTUAL] --(OVERLAP)--> [EVENT_BEFORE_N/A_ACTUAL],"""drainage"" --(BEFORE)--> ""traitement"" | ""traitement"" --(OVERLAP)--> ""prévenir"""
212,52,FR100078,[EVENT_BEFORE_N/A_ACTUAL] --(BEFORE)--> [EVENT_BEFORE_N/A_ACTUAL] | [EVENT_BEFORE_N/A_ACTUAL] --(OVERLAP)--> [EVENT_BEFORE_N/A_ACTUAL],"""doppler"" --(BEFORE)--> ""doppler"" | ""doppler"" --(OVERLAP)--> ""indice"""
212,52,FR100120,[EVENT_BEFORE_N/A_ACTUAL] --(BEFORE)--> [EVENT_BEFORE_N/A_ACTUAL] | [EVENT_BEFORE_N/A_ACTUAL] --(OVERLAP)--> [EVENT_BEFORE_N/A_ACTUAL],"""reste"" --(BEFORE)--> ""traitement"" | ""traitement"" --(OVERLAP)--> ""rattaché"""
212,52,FR100130,[EVENT_BEFORE_N/A_ACTUAL] --(BEFORE)--> [EVENT_BEFORE_N/A_ACTUAL] | [EVENT_BEFORE_N/A_ACTUAL] --(OVERLAP)--> [EVENT_BEFORE_N/A_ACTUAL],"""administrées"" --(BEFORE)--> ""reçu"" | ""reçu"" --(OVERLAP)--> ""amélioration"""
212,52,FR100132,[EVENT_BEFORE_N/A_ACTUAL] --(BEFORE)--> [EVENT_BEFORE_N/A_ACTUAL] | [EVENT_BEFORE_N/A_ACTUAL] --(OVERLAP)--> [EVENT_BEFORE_N/A_ACTUAL],"""examen"" --(BEFORE)--> ""écho-Doppler"" | ""écho-Doppler"" --(OVERLAP)--> ""atteinte"""
212,52,FR100142,[EVENT_BEFORE_N/A_ACTUAL] --(BEFORE)--> [EVENT_BEFORE_N/A_ACTUAL] | [EVENT_BEFORE_N/A_ACTUAL] --(OVERLAP)--> [EVENT_BEFORE_N/A_ACTUAL],"""sérologie"" --(BEFORE)--> ""évolution"" | ""évolution"" --(OVERLAP)--> ""altération"""
212,52,FR100161,[EVENT_BEFORE_N/A_ACTUAL] --(BEFORE)--> [EVENT_BEFORE_N/A_ACTUAL] | [EVENT_BEFORE_N/A_ACTUAL] --(OVERLAP)--> [EVENT_BEFORE_N/A_ACTUAL],"""interrogatoire"" --(BEFORE)--> ""examen"" | ""examen"" --(OVERLAP)--> ""TA"""
212,52,FR100168,[EVENT_BEFORE_N/A_ACTUAL] --(BEFORE)--> [EVENT_BEFORE_N/A_ACTUAL] | [EVENT_BEFORE_N/A_ACTUAL] --(OVERLAP)--> [EVENT_BEFORE_N/A_ACTUAL],"""transfusion"" --(BEFORE)--> ""bilan"" | ""bilan"" --(OVERLAP)--> ""déficit"""
212,52,FR100255,[EVENT_BEFORE_N/A_ACTUAL] --(BEFORE)--> [EVENT_BEFORE_N/A_ACTUAL] | [EVENT_BEFORE_N/A_ACTUAL] --(OVERLAP)--> [EVENT_BEFORE_N/A_ACTUAL],"""admission"" --(BEFORE)--> ""expulsé"" | ""expulsé"" --(OVERLAP)--> ""poids"""
212,52,FR100275,[EVENT_BEFORE_N/A_ACTUAL] --(BEFORE)--> [EVENT_BEFORE_N/A_ACTUAL] | [EVENT_BEFORE_N/A_ACTUAL] --(OVERLAP)--> [EVENT_BEFORE_N/A_ACTUAL],"""anamnèse"" --(BEFORE)--> ""examen"" | ""examen"" --(OVERLAP)--> ""bilan"""
212,52,FR100282,[EVENT_BEFORE_N/A_ACTUAL] --(BEFORE)--> [EVENT_BEFORE_N/A_ACTUAL] | [EVENT_BEFORE_N/A_ACTUAL] --(OVERLAP)--> [EVENT_BEFORE_N/A_ACTUAL],"""monothérapie"" --(BEFORE)--> ""multithérapie"" | ""multithérapie"" --(OVERLAP)--> ""succès"""
212,52,FR100314,[EVENT_BEFORE_N/A_ACTUAL] --(BEFORE)--> [EVENT_BEFORE_N/A_ACTUAL] | [EVENT_BEFORE_N/A_ACTUAL] --(OVERLAP)--> [EVENT_BEFORE_N/A_ACTUAL],"""admise"" --(BEFORE)--> ""bilan"" | ""bilan"" --(OVERLAP)--> ""fracture"""
212,52,FR100344,[EVENT_BEFORE_N/A_ACTUAL] --(BEFORE)--> [EVENT_BEFORE_N/A_ACTUAL] | [EVENT_BEFORE_N/A_ACTUAL] --(OVERLAP)--> [EVENT_BEFORE_N/A_ACTUAL],"""déroulée"" --(BEFORE)--> ""plainte"" | ""plainte"" --(OVERLAP)--> ""apparition"""
212,52,FR100346,[EVENT_BEFORE_N/A_ACTUAL] --(BEFORE)--> [EVENT_BEFORE_N/A_ACTUAL] | [EVENT_BEFORE_N/A_ACTUAL] --(OVERLAP)--> [EVENT_BEFORE_N/A_ACTUAL],"""héparinothérapie"" --(BEFORE)--> ""anti-vitamine"" | ""anti-vitamine"" --(OVERLAP)--> ""antibiothérapie"""
212,52,FR100360,[EVENT_BEFORE_N/A_ACTUAL] --(BEFORE)--> [EVENT_BEFORE_N/A_ACTUAL] | [EVENT_BEFORE_N/A_ACTUAL] --(OVERLAP)--> [EVENT_BEFORE_N/A_ACTUAL],"""radiothérapie"" --(BEFORE)--> ""cures"" | ""cures"" --(OVERLAP)--> ""tolérance"""
212,52,FR100361,[EVENT_BEFORE_N/A_ACTUAL] --(BEFORE)--> [EVENT_BEFORE_N/A_ACTUAL] | [EVENT_BEFORE_N/A_ACTUAL] --(OVERLAP)--> [EVENT_BEFORE_N/A_ACTUAL],"""culture"" --(BEFORE)--> ""protéine"" | ""protéine"" --(OVERLAP)--> ""traitée"""
212,52,FR100371,[EVENT_BEFORE_N/A_ACTUAL] --(BEFORE)--> [EVENT_BEFORE_N/A_ACTUAL] | [EVENT_BEFORE_N/A_ACTUAL] --(OVERLAP)--> [EVENT_BEFORE_N/A_ACTUAL],"""bilan"" --(BEFORE)--> ""échographie"" | ""échographie"" --(OVERLAP)--> ""scanner"""
212,52,FR100400,[EVENT_BEFORE_N/A_ACTUAL] --(BEFORE)--> [EVENT_BEFORE_N/A_ACTUAL] | [EVENT_BEFORE_N/A_ACTUAL] --(OVERLAP)--> [EVENT_BEFORE_N/A_ACTUAL],"""résection"" --(BEFORE)--> ""suites"" | ""suites"" --(OVERLAP)--> ""étude"""
212,52,FR100439,[EVENT_BEFORE_N/A_ACTUAL] --(BEFORE)--> [EVENT_BEFORE_N/A_ACTUAL] | [EVENT_BEFORE_N/A_ACTUAL] --(OVERLAP)--> [EVENT_BEFORE_N/A_ACTUAL],"""nasofibroscopie"" --(BEFORE)--> ""contrôles"" | ""contrôles"" --(OVERLAP)--> ""recul"""
212,52,FR100510,[EVENT_BEFORE_N/A_ACTUAL] --(BEFORE)--> [EVENT_BEFORE_N/A_ACTUAL] | [EVENT_BEFORE_N/A_ACTUAL] --(OVERLAP)--> [EVENT_BEFORE_N/A_ACTUAL],"""examen"" --(BEFORE)--> ""radiographie"" | ""radiographie"" --(OVERLAP)--> ""érosion"""
212,52,FR100517,[EVENT_BEFORE_N/A_ACTUAL] --(BEFORE)--> [EVENT_BEFORE_N/A_ACTUAL] | [EVENT_BEFORE_N/A_ACTUAL] --(OVERLAP)--> [EVENT_BEFORE_N/A_ACTUAL],"""adressée"" --(BEFORE)--> ""examen"" | ""examen"" --(OVERLAP)--> ""éléments"""
212,52,FR100519,[EVENT_BEFORE_N/A_ACTUAL] --(BEFORE)--> [EVENT_BEFORE_N/A_ACTUAL] | [EVENT_BEFORE_N/A_ACTUAL] --(OVERLAP)--> [EVENT_BEFORE_N/A_ACTUAL],"""hémogramme"" --(BEFORE)--> ""remplissage"" | ""remplissage"" --(OVERLAP)--> ""décidé"""
212,52,FR100589,[EVENT_BEFORE_N/A_ACTUAL] --(BEFORE)--> [EVENT_BEFORE_N/A_ACTUAL] | [EVENT_BEFORE_N/A_ACTUAL] --(OVERLAP)--> [EVENT_BEFORE_N/A_ACTUAL],"""diagnostic"" --(BEFORE)--> ""corticothérapie"" | ""corticothérapie"" --(OVERLAP)--> ""amélioration"""
212,52,FR100597,[EVENT_BEFORE_N/A_ACTUAL] --(BEFORE)--> [EVENT_BEFORE_N/A_ACTUAL] | [EVENT_BEFORE_N/A_ACTUAL] --(OVERLAP)--> [EVENT_BEFORE_N/A_ACTUAL],"""décide"" --(BEFORE)--> ""examen"" | ""examen"" --(OVERLAP)--> ""anomalies"""
212,52,FR100603,[EVENT_BEFORE_N/A_ACTUAL] --(BEFORE)--> [EVENT_BEFORE_N/A_ACTUAL] | [EVENT_BEFORE_N/A_ACTUAL] --(OVERLAP)--> [EVENT_BEFORE_N/A_ACTUAL],"""chirurgie"" --(BEFORE)--> ""hémocultures"" | ""hémocultures"" --(OVERLAP)--> ""culture"""
212,52,FR100611,[EVENT_BEFORE_N/A_ACTUAL] --(BEFORE)--> [EVENT_BEFORE_N/A_ACTUAL] | [EVENT_BEFORE_N/A_ACTUAL] --(OVERLAP)--> [EVENT_BEFORE_N/A_ACTUAL],"""instauré"" --(BEFORE)--> ""effacement"" | ""effacement"" --(OVERLAP)--> ""IRM"""
212,52,FR100614,[EVENT_BEFORE_N/A_ACTUAL] --(BEFORE)--> [EVENT_BEFORE_N/A_ACTUAL] | [EVENT_BEFORE_N/A_ACTUAL] --(OVERLAP)--> [EVENT_BEFORE_N/A_ACTUAL],"""tomodensitométrie"" --(BEFORE)--> ""radiographie"" | ""radiographie"" --(OVERLAP)--> ""anomalie"""
212,52,FR100620,[EVENT_BEFORE_N/A_ACTUAL] --(BEFORE)--> [EVENT_BEFORE_N/A_ACTUAL] | [EVENT_BEFORE_N/A_ACTUAL] --(OVERLAP)--> [EVENT_BEFORE_N/A_ACTUAL],"""biopsie"" --(BEFORE)--> ""prise"" | ""prise"" --(OVERLAP)--> ""sevrage"""
212,52,FR100623,[EVENT_BEFORE_N/A_ACTUAL] --(BEFORE)--> [EVENT_BEFORE_N/A_ACTUAL] | [EVENT_BEFORE_N/A_ACTUAL] --(OVERLAP)--> [EVENT_BEFORE_N/A_ACTUAL],"""prise"" --(BEFORE)--> ""analyse"" | ""analyse"" --(OVERLAP)--> ""diagnostic"""
212,52,FR100629,[EVENT_BEFORE_N/A_ACTUAL] --(BEFORE)--> [EVENT_BEFORE_N/A_ACTUAL] | [EVENT_BEFORE_N/A_ACTUAL] --(OVERLAP)--> [EVENT_BEFORE_N/A_ACTUAL],"""décision"" --(BEFORE)--> ""évolution"" | ""évolution"" --(OVERLAP)--> ""chimiothérapie"""
212,52,FR100632,[EVENT_BEFORE_N/A_ACTUAL] --(BEFORE)--> [EVENT_BEFORE_N/A_ACTUAL] | [EVENT_BEFORE_N/A_ACTUAL] --(OVERLAP)--> [EVENT_BEFORE_N/A_ACTUAL],"""diagnostic"" --(BEFORE)--> ""mis"" | ""mis"" --(OVERLAP)--> ""rééducation"""
212,52,FR100658,[EVENT_BEFORE_N/A_ACTUAL] --(BEFORE)--> [EVENT_BEFORE_N/A_ACTUAL] | [EVENT_BEFORE_N/A_ACTUAL] --(OVERLAP)--> [EVENT_BEFORE_N/A_ACTUAL],"""évaluation"" --(BEFORE)--> ""auscultation"" | ""auscultation"" --(OVERLAP)--> ""critères"""
212,52,FR100663,[EVENT_BEFORE_N/A_ACTUAL] --(BEFORE)--> [EVENT_BEFORE_N/A_ACTUAL] | [EVENT_BEFORE_N/A_ACTUAL] --(OVERLAP)--> [EVENT_BEFORE_N/A_ACTUAL],"""intervention"" --(BEFORE)--> ""négativation"" | ""négativation"" --(OVERLAP)--> ""surveillance"""
212,52,FR100666,[EVENT_BEFORE_N/A_ACTUAL] --(BEFORE)--> [EVENT_BEFORE_N/A_ACTUAL] | [EVENT_BEFORE_N/A_ACTUAL] --(OVERLAP)--> [EVENT_BEFORE_N/A_ACTUAL],"""étude"" --(BEFORE)--> ""adressé"" | ""adressé"" --(OVERLAP)--> ""prise"""
212,52,FR100683,[EVENT_BEFORE_N/A_ACTUAL] --(BEFORE)--> [EVENT_BEFORE_N/A_ACTUAL] | [EVENT_BEFORE_N/A_ACTUAL] --(OVERLAP)--> [EVENT_BEFORE_N/A_ACTUAL],"""rapportait"" --(BEFORE)--> ""examen"" | ""examen"" --(OVERLAP)--> ""syndrome"""
212,52,FR100688,[EVENT_BEFORE_N/A_ACTUAL] --(BEFORE)--> [EVENT_BEFORE_N/A_ACTUAL] | [EVENT_BEFORE_N/A_ACTUAL] --(OVERLAP)--> [EVENT_BEFORE_N/A_ACTUAL],"""échographie"" --(BEFORE)--> ""radiographie"" | ""radiographie"" --(OVERLAP)--> ""Scanner"""
212,52,FR100689,[EVENT_BEFORE_N/A_ACTUAL] --(BEFORE)--> [EVENT_BEFORE_N/A_ACTUAL] | [EVENT_BEFORE_N/A_ACTUAL] --(OVERLAP)--> [EVENT_BEFORE_N/A_ACTUAL],"""ionogramme"" --(BEFORE)--> ""examen"" | ""examen"" --(OVERLAP)--> ""anomalie"""
212,52,FR100697,[EVENT_BEFORE_N/A_ACTUAL] --(BEFORE)--> [EVENT_BEFORE_N/A_ACTUAL] | [EVENT_BEFORE_N/A_ACTUAL] --(OVERLAP)--> [EVENT_BEFORE_N/A_ACTUAL],"""examen"" --(BEFORE)--> ""immunomarquage"" | ""immunomarquage"" --(OVERLAP)--> ""tout"""
212,52,FR100708,[EVENT_BEFORE_N/A_ACTUAL] --(BEFORE)--> [EVENT_BEFORE_N/A_ACTUAL] | [EVENT_BEFORE_N/A_ACTUAL] --(OVERLAP)--> [EVENT_BEFORE_N/A_ACTUAL],"""tests"" --(BEFORE)--> ""mise"" | ""mise"" --(OVERLAP)--> ""évolution"""
212,52,FR100717,[EVENT_BEFORE_N/A_ACTUAL] --(BEFORE)--> [EVENT_BEFORE_N/A_ACTUAL] | [EVENT_BEFORE_N/A_ACTUAL] --(OVERLAP)--> [EVENT_BEFORE_N/A_ACTUAL],"""consulté"" --(BEFORE)--> ""traitement"" | ""traitement"" --(OVERLAP)--> ""succès"""
212,52,FR100748,[EVENT_BEFORE_N/A_ACTUAL] --(BEFORE)--> [EVENT_BEFORE_N/A_ACTUAL] | [EVENT_BEFORE_N/A_ACTUAL] --(OVERLAP)--> [EVENT_BEFORE_N/A_ACTUAL],"""ASA"" --(BEFORE)--> ""Nicardipine"" | ""Nicardipine"" --(OVERLAP)--> ""préparation"""
212,52,FR100766,[EVENT_BEFORE_N/A_ACTUAL] --(BEFORE)--> [EVENT_BEFORE_N/A_ACTUAL] | [EVENT_BEFORE_N/A_ACTUAL] --(OVERLAP)--> [EVENT_BEFORE_N/A_ACTUAL],"""irrigation"" --(BEFORE)--> ""propre"" | ""propre"" --(OVERLAP)--> ""satisfait"""
212,52,FR100780,[EVENT_BEFORE_N/A_ACTUAL] --(BEFORE)--> [EVENT_BEFORE_N/A_ACTUAL] | [EVENT_BEFORE_N/A_ACTUAL] --(OVERLAP)--> [EVENT_BEFORE_N/A_ACTUAL],"""geste"" --(BEFORE)--> ""accouchement"" | ""accouchement"" --(OVERLAP)--> ""développement"""
212,52,FR100806,[EVENT_BEFORE_N/A_ACTUAL] --(BEFORE)--> [EVENT_BEFORE_N/A_ACTUAL] | [EVENT_BEFORE_N/A_ACTUAL] --(OVERLAP)--> [EVENT_BEFORE_N/A_ACTUAL],"""transfusions"" --(BEFORE)--> ""biologie"" | ""biologie"" --(OVERLAP)--> ""troubles"""
212,52,FR100826,[EVENT_BEFORE_N/A_ACTUAL] --(BEFORE)--> [EVENT_BEFORE_N/A_ACTUAL] | [EVENT_BEFORE_N/A_ACTUAL] --(OVERLAP)--> [EVENT_BEFORE_N/A_ACTUAL],"""bilan"" --(BEFORE)--> ""retenue"" | ""retenue"" --(OVERLAP)--> ""indication"""
212,52,FR100845,[EVENT_BEFORE_N/A_ACTUAL] --(BEFORE)--> [EVENT_BEFORE_N/A_ACTUAL] | [EVENT_BEFORE_N/A_ACTUAL] --(OVERLAP)--> [EVENT_BEFORE_N/A_ACTUAL],"""examen"" --(BEFORE)--> ""échographie"" | ""échographie"" --(OVERLAP)--> ""nombre"""
212,52,FR100870,[EVENT_BEFORE_N/A_ACTUAL] --(BEFORE)--> [EVENT_BEFORE_N/A_ACTUAL] | [EVENT_BEFORE_N/A_ACTUAL] --(OVERLAP)--> [EVENT_BEFORE_N/A_ACTUAL],"""dosage"" --(BEFORE)--> ""dosage"" | ""dosage"" --(OVERLAP)--> ""rapport"""
212,52,FR100874,[EVENT_BEFORE_N/A_ACTUAL] --(BEFORE)--> [EVENT_BEFORE_N/A_ACTUAL] | [EVENT_BEFORE_N/A_ACTUAL] --(OVERLAP)--> [EVENT_BEFORE_N/A_ACTUAL],"""retenu"" --(BEFORE)--> ""mise"" | ""mise"" --(OVERLAP)--> ""transfusions"""
212,52,FR100882,[EVENT_BEFORE_N/A_ACTUAL] --(BEFORE)--> [EVENT_BEFORE_N/A_ACTUAL] | [EVENT_BEFORE_N/A_ACTUAL] --(OVERLAP)--> [EVENT_BEFORE_N/A_ACTUAL],"""bilan"" --(BEFORE)--> ""sérologies"" | ""sérologies"" --(OVERLAP)--> ""trouble"""
212,52,FR100894,[EVENT_BEFORE_N/A_ACTUAL] --(BEFORE)--> [EVENT_BEFORE_N/A_ACTUAL] | [EVENT_BEFORE_N/A_ACTUAL] --(OVERLAP)--> [EVENT_BEFORE_N/A_ACTUAL],"""libéré"" --(BEFORE)--> ""maintenue"" | ""maintenue"" --(OVERLAP)--> ""diminution"""
212,52,FR100903,[EVENT_BEFORE_N/A_ACTUAL] --(BEFORE)--> [EVENT_BEFORE_N/A_ACTUAL] | [EVENT_BEFORE_N/A_ACTUAL] --(OVERLAP)--> [EVENT_BEFORE_N/A_ACTUAL],"""diagnostic"" --(BEFORE)--> ""écarté"" | ""écarté"" --(OVERLAP)--> ""caryotype"""
212,52,FR100932,[EVENT_BEFORE_N/A_ACTUAL] --(BEFORE)--> [EVENT_BEFORE_N/A_ACTUAL] | [EVENT_BEFORE_N/A_ACTUAL] --(OVERLAP)--> [EVENT_BEFORE_N/A_ACTUAL],"""opérée"" --(BEFORE)--> ""évolution"" | ""évolution"" --(OVERLAP)--> ""suivie"""
208,51,FR100003,[EVENT_BEFORE_N/A_ACTUAL] --(BEFORE)--> [EVENT_BEFORE_N/A_ACTUAL] | [EVENT_BEFORE_N/A_ACTUAL] --(BEFORE)--> [EVENT_BEFORE_N/A_ACTUAL],"""drainage"" --(BEFORE)--> ""traitement"" | ""drainage"" --(BEFORE)--> ""extraction"""
208,51,FR100120,[EVENT_BEFORE_N/A_ACTUAL] --(BEFORE)--> [EVENT_BEFORE_N/A_ACTUAL] | [EVENT_BEFORE_N/A_ACTUAL] --(BEFORE)--> [EVENT_BEFORE_N/A_ACTUAL],"""rattaché"" --(BEFORE)--> ""traitées"" | ""rattaché"" --(BEFORE)--> ""traitement"""
208,51,FR100130,[EVENT_BEFORE_N/A_ACTUAL] --(BEFORE)--> [EVENT_BEFORE_N/A_ACTUAL] | [EVENT_BEFORE_N/A_ACTUAL] --(BEFORE)--> [EVENT_BEFORE_N/A_ACTUAL],"""glycémie"" --(BEFORE)--> ""bilan"" | ""glycémie"" --(BEFORE)--> ""confirmé"""
208,51,FR100142,[EVENT_BEFORE_N/A_ACTUAL] --(BEFORE)--> [EVENT_BEFORE_N/A_ACTUAL] | [EVENT_BEFORE_N/A_ACTUAL] --(BEFORE)--> [EVENT_BEFORE_N/A_ACTUAL],"""fibroscopie"" --(BEFORE)--> ""colonoscopie"" | ""fibroscopie"" --(BEFORE)--> ""biopsie"""
208,51,FR100161,[EVENT_BEFORE_N/A_ACTUAL] --(BEFORE)--> [EVENT_BEFORE_N/A_ACTUAL] | [EVENT_BEFORE_N/A_ACTUAL] --(BEFORE)--> [EVENT_BEFORE_N/A_ACTUAL],"""complément"" --(BEFORE)--> ""IRM"" | ""complément"" --(BEFORE)--> ""cortisol"""
208,51,FR100168,[EVENT_BEFORE_N/A_ACTUAL] --(BEFORE)--> [EVENT_BEFORE_N/A_ACTUAL] | [EVENT_BEFORE_N/A_ACTUAL] --(BEFORE)--> [EVENT_BEFORE_N/A_ACTUAL],"""examen"" --(BEFORE)--> ""ostéosynthèse"" | ""examen"" --(BEFORE)--> ""bilan"""
208,51,FR100255,[EVENT_BEFORE_N/A_ACTUAL] --(BEFORE)--> [EVENT_BEFORE_N/A_ACTUAL] | [EVENT_BEFORE_N/A_ACTUAL] --(BEFORE)--> [EVENT_BEFORE_N/A_ACTUAL],"""mise"" --(BEFORE)--> ""décubitus"" | ""mise"" --(BEFORE)--> ""traitement"""
208,51,FR100276,[EVENT_BEFORE_N/A_ACTUAL] --(BEFORE)--> [EVENT_BEFORE_N/A_ACTUAL] | [EVENT_BEFORE_N/A_ACTUAL] --(BEFORE)--> [EVENT_BEFORE_N/A_ACTUAL],"""accouchement"" --(BEFORE)--> ""reste"" | ""accouchement"" --(BEFORE)--> ""poids"""
208,51,FR100282,[EVENT_BEFORE_N/A_ACTUAL] --(BEFORE)--> [EVENT_BEFORE_N/A_ACTUAL] | [EVENT_BEFORE_N/A_ACTUAL] --(BEFORE)--> [EVENT_BEFORE_N/A_ACTUAL],"""monothérapie"" --(BEFORE)--> ""multithérapie"" | ""monothérapie"" --(BEFORE)--> ""consulte"""
208,51,FR100283,[EVENT_BEFORE_N/A_ACTUAL] --(BEFORE)--> [EVENT_BEFORE_N/A_ACTUAL] | [EVENT_BEFORE_N/A_ACTUAL] --(BEFORE)--> [EVENT_BEFORE_N/A_ACTUAL],"""bilan"" --(BEFORE)--> ""IRM"" | ""bilan"" --(BEFORE)--> ""ponction"""
208,51,FR100344,[EVENT_BEFORE_N/A_ACTUAL] --(BEFORE)--> [EVENT_BEFORE_N/A_ACTUAL] | [EVENT_BEFORE_N/A_ACTUAL] --(BEFORE)--> [EVENT_BEFORE_N/A_ACTUAL],"""développé"" --(BEFORE)--> ""suivie"" | ""développé"" --(BEFORE)--> ""contrôle"""
208,51,FR100360,[EVENT_BEFORE_N/A_ACTUAL] --(BEFORE)--> [EVENT_BEFORE_N/A_ACTUAL] | [EVENT_BEFORE_N/A_ACTUAL] --(BEFORE)--> [EVENT_BEFORE_N/A_ACTUAL],"""biopsie"" --(BEFORE)--> ""étude"" | ""biopsie"" --(BEFORE)--> ""tomodensitométrie"""
208,51,FR100371,[EVENT_BEFORE_N/A_ACTUAL] --(BEFORE)--> [EVENT_BEFORE_N/A_ACTUAL] | [EVENT_BEFORE_N/A_ACTUAL] --(BEFORE)--> [EVENT_BEFORE_N/A_ACTUAL],"""bilan"" --(BEFORE)--> ""intervention"" | ""bilan"" --(BEFORE)--> ""échographie"""
208,51,FR100400,[EVENT_BEFORE_N/A_ACTUAL] --(BEFORE)--> [EVENT_BEFORE_N/A_ACTUAL] | [EVENT_BEFORE_N/A_ACTUAL] --(BEFORE)--> [EVENT_BEFORE_N/A_ACTUAL],"""résection"" --(BEFORE)--> ""drainage"" | ""résection"" --(BEFORE)--> ""suites"""
208,51,FR100439,[EVENT_BEFORE_N/A_ACTUAL] --(BEFORE)--> [EVENT_BEFORE_N/A_ACTUAL] | [EVENT_BEFORE_N/A_ACTUAL] --(BEFORE)--> [EVENT_BEFORE_N/A_ACTUAL],"""nasofibroscopie"" --(BEFORE)--> ""contrôles"" | ""nasofibroscopie"" --(BEFORE)--> ""scanner"""
208,51,FR100480,[EVENT_BEFORE_N/A_ACTUAL] --(BEFORE)--> [EVENT_BEFORE_N/A_ACTUAL] | [EVENT_BEFORE_N/A_ACTUAL] --(BEFORE)--> [EVENT_BEFORE_N/A_ACTUAL],"""installation"" --(BEFORE)--> ""consulté"" | ""installation"" --(BEFORE)--> ""bilan"""
208,51,FR100510,[EVENT_BEFORE_N/A_ACTUAL] --(BEFORE)--> [EVENT_BEFORE_N/A_ACTUAL] | [EVENT_BEFORE_N/A_ACTUAL] --(BEFORE)--> [EVENT_BEFORE_N/A_ACTUAL],"""décision"" --(BEFORE)--> ""intervention"" | ""décision"" --(BEFORE)--> ""exerce"""
208,51,FR100515,[EVENT_BEFORE_N/A_ACTUAL] --(BEFORE)--> [EVENT_BEFORE_N/A_ACTUAL] | [EVENT_BEFORE_N/A_ACTUAL] --(BEFORE)--> [EVENT_BEFORE_N/A_ACTUAL],"""prescrits"" --(BEFORE)--> ""évolution"" | ""prescrits"" --(BEFORE)--> ""corticothérapie"""
208,51,FR100519,[EVENT_BEFORE_N/A_ACTUAL] --(BEFORE)--> [EVENT_BEFORE_N/A_ACTUAL] | [EVENT_BEFORE_N/A_ACTUAL] --(BEFORE)--> [EVENT_BEFORE_N/A_ACTUAL],"""hospitalisée"" --(BEFORE)--> ""entrée"" | ""hospitalisée"" --(BEFORE)--> ""transférée"""
208,51,FR100579,[EVENT_BEFORE_N/A_ACTUAL] --(BEFORE)--> [EVENT_BEFORE_N/A_ACTUAL] | [EVENT_BEFORE_N/A_ACTUAL] --(BEFORE)--> [EVENT_BEFORE_N/A_ACTUAL],"""échocardiographie"" --(BEFORE)--> ""bilan"" | ""échocardiographie"" --(BEFORE)--> ""angio-scanner"""
208,51,FR100589,[EVENT_BEFORE_N/A_ACTUAL] --(BEFORE)--> [EVENT_BEFORE_N/A_ACTUAL] | [EVENT_BEFORE_N/A_ACTUAL] --(BEFORE)--> [EVENT_BEFORE_N/A_ACTUAL],"""admis"" --(BEFORE)--> ""reste"" | ""admis"" --(BEFORE)--> ""examen"""
208,51,FR100597,[EVENT_BEFORE_N/A_ACTUAL] --(BEFORE)--> [EVENT_BEFORE_N/A_ACTUAL] | [EVENT_BEFORE_N/A_ACTUAL] --(BEFORE)--> [EVENT_BEFORE_N/A_ACTUAL],"""décide"" --(BEFORE)--> ""étude"" | ""décide"" --(BEFORE)--> ""examen"""
208,51,FR100611,[EVENT_BEFORE_N/A_ACTUAL] --(BEFORE)--> [EVENT_BEFORE_N/A_ACTUAL] | [EVENT_BEFORE_N/A_ACTUAL] --(BEFORE)--> [EVENT_BEFORE_N/A_ACTUAL],"""instauré"" --(BEFORE)--> ""effacement"" | ""instauré"" --(BEFORE)--> ""disparition"""
208,51,FR100614,[EVENT_BEFORE_N/A_ACTUAL] --(BEFORE)--> [EVENT_BEFORE_N/A_ACTUAL] | [EVENT_BEFORE_N/A_ACTUAL] --(BEFORE)--> [EVENT_BEFORE_N/A_ACTUAL],"""radiographie"" --(BEFORE)--> ""taux"" | ""radiographie"" --(BEFORE)--> ""échographie"""
208,51,FR100620,[EVENT_BEFORE_N/A_ACTUAL] --(BEFORE)--> [EVENT_BEFORE_N/A_ACTUAL] | [EVENT_BEFORE_N/A_ACTUAL] --(BEFORE)--> [EVENT_BEFORE_N/A_ACTUAL],"""demandé"" --(BEFORE)--> ""explorer"" | ""demandé"" --(BEFORE)--> ""aspect"""
208,51,FR100623,[EVENT_BEFORE_N/A_ACTUAL] --(BEFORE)--> [EVENT_BEFORE_N/A_ACTUAL] | [EVENT_BEFORE_N/A_ACTUAL] --(BEFORE)--> [EVENT_BEFORE_N/A_ACTUAL],"""examen"" --(BEFORE)--> ""bilan"" | ""examen"" --(BEFORE)--> ""échographie"""
208,51,FR100629,[EVENT_BEFORE_N/A_ACTUAL] --(BEFORE)--> [EVENT_BEFORE_N/A_ACTUAL] | [EVENT_BEFORE_N/A_ACTUAL] --(BEFORE)--> [EVENT_BEFORE_N/A_ACTUAL],"""marquage"" --(BEFORE)--> ""étude"" | ""marquage"" --(BEFORE)--> ""bilan"""
208,51,FR100632,[EVENT_BEFORE_N/A_ACTUAL] --(BEFORE)--> [EVENT_BEFORE_N/A_ACTUAL] | [EVENT_BEFORE_N/A_ACTUAL] --(BEFORE)--> [EVENT_BEFORE_N/A_ACTUAL],"""numération"" --(BEFORE)--> ""bilan"" | ""numération"" --(BEFORE)--> ""vitesse"""
208,51,FR100663,[EVENT_BEFORE_N/A_ACTUAL] --(BEFORE)--> [EVENT_BEFORE_N/A_ACTUAL] | [EVENT_BEFORE_N/A_ACTUAL] --(BEFORE)--> [EVENT_BEFORE_N/A_ACTUAL],"""incisée"" --(BEFORE)--> ""aspiration"" | ""incisée"" --(BEFORE)--> ""vérifié"""
208,51,FR100666,[EVENT_BEFORE_N/A_ACTUAL] --(BEFORE)--> [EVENT_BEFORE_N/A_ACTUAL] | [EVENT_BEFORE_N/A_ACTUAL] --(BEFORE)--> [EVENT_BEFORE_N/A_ACTUAL],"""biopsie"" --(BEFORE)--> ""examen"" | ""biopsie"" --(BEFORE)--> ""étude"""
208,51,FR100683,[EVENT_BEFORE_N/A_ACTUAL] --(BEFORE)--> [EVENT_BEFORE_N/A_ACTUAL] | [EVENT_BEFORE_N/A_ACTUAL] --(BEFORE)--> [EVENT_BEFORE_N/A_ACTUAL],"""osteodensitométrie"" --(BEFORE)--> ""traitée"" | ""osteodensitométrie"" --(BEFORE)--> ""IRM"""
208,51,FR100688,[EVENT_BEFORE_N/A_ACTUAL] --(BEFORE)--> [EVENT_BEFORE_N/A_ACTUAL] | [EVENT_BEFORE_N/A_ACTUAL] --(BEFORE)--> [EVENT_BEFORE_N/A_ACTUAL],"""sérologie"" --(BEFORE)--> ""recherche"" | ""sérologie"" --(BEFORE)--> ""radiographie"""
208,51,FR100689,[EVENT_BEFORE_N/A_ACTUAL] --(BEFORE)--> [EVENT_BEFORE_N/A_ACTUAL] | [EVENT_BEFORE_N/A_ACTUAL] --(BEFORE)--> [EVENT_BEFORE_N/A_ACTUAL],"""retenu"" --(BEFORE)--> ""traitement"" | ""retenu"" --(BEFORE)--> ""évolution"""
208,51,FR100697,[EVENT_BEFORE_N/A_ACTUAL] --(BEFORE)--> [EVENT_BEFORE_N/A_ACTUAL] | [EVENT_BEFORE_N/A_ACTUAL] --(BEFORE)--> [EVENT_BEFORE_N/A_ACTUAL],"""examen"" --(BEFORE)--> ""reste"" | ""examen"" --(BEFORE)--> ""mammographie"""
208,51,FR100708,[EVENT_BEFORE_N/A_ACTUAL] --(BEFORE)--> [EVENT_BEFORE_N/A_ACTUAL] | [EVENT_BEFORE_N/A_ACTUAL] --(BEFORE)--> [EVENT_BEFORE_N/A_ACTUAL],"""demandée"" --(BEFORE)--> ""tests"" | ""demandée"" --(BEFORE)--> ""IRM"""
208,51,FR100748,[EVENT_BEFORE_N/A_ACTUAL] --(BEFORE)--> [EVENT_BEFORE_N/A_ACTUAL] | [EVENT_BEFORE_N/A_ACTUAL] --(BEFORE)--> [EVENT_BEFORE_N/A_ACTUAL],"""mobilisation"" --(BEFORE)--> ""suites"" | ""mobilisation"" --(BEFORE)--> ""résection"""
208,51,FR100766,[EVENT_BEFORE_N/A_ACTUAL] --(BEFORE)--> [EVENT_BEFORE_N/A_ACTUAL] | [EVENT_BEFORE_N/A_ACTUAL] --(BEFORE)--> [EVENT_BEFORE_N/A_ACTUAL],"""amputation"" --(BEFORE)--> ""classé"" | ""amputation"" --(BEFORE)--> ""propre"""
208,51,FR100780,[EVENT_BEFORE_N/A_ACTUAL] --(BEFORE)--> [EVENT_BEFORE_N/A_ACTUAL] | [EVENT_BEFORE_N/A_ACTUAL] --(BEFORE)--> [EVENT_BEFORE_N/A_ACTUAL],"""geste"" --(BEFORE)--> ""accouchement"" | ""geste"" --(BEFORE)--> ""geste"""
208,51,FR100806,[EVENT_BEFORE_N/A_ACTUAL] --(BEFORE)--> [EVENT_BEFORE_N/A_ACTUAL] | [EVENT_BEFORE_N/A_ACTUAL] --(BEFORE)--> [EVENT_BEFORE_N/A_ACTUAL],"""hospitalisée"" --(BEFORE)--> ""transfusion"" | ""hospitalisée"" --(BEFORE)--> ""hémodialyse"""
208,51,FR100826,[EVENT_BEFORE_N/A_ACTUAL] --(BEFORE)--> [EVENT_BEFORE_N/A_ACTUAL] | [EVENT_BEFORE_N/A_ACTUAL] --(BEFORE)--> [EVENT_BEFORE_N/A_ACTUAL],"""admis"" --(BEFORE)--> ""transplantation"" | ""admis"" --(BEFORE)--> ""examen"""
208,51,FR100845,[EVENT_BEFORE_N/A_ACTUAL] --(BEFORE)--> [EVENT_BEFORE_N/A_ACTUAL] | [EVENT_BEFORE_N/A_ACTUAL] --(BEFORE)--> [EVENT_BEFORE_N/A_ACTUAL],"""extraction"" --(BEFORE)--> ""examen"" | ""extraction"" --(BEFORE)--> ""Apgar"""
208,51,FR100870,[EVENT_BEFORE_N/A_ACTUAL] --(BEFORE)--> [EVENT_BEFORE_N/A_ACTUAL] | [EVENT_BEFORE_N/A_ACTUAL] --(BEFORE)--> [EVENT_BEFORE_N/A_ACTUAL],"""immunosoustraction"" --(BEFORE)--> ""typer"" | ""immunosoustraction"" --(BEFORE)--> ""immunofixation"""
208,51,FR100882,[EVENT_BEFORE_N/A_ACTUAL] --(BEFORE)--> [EVENT_BEFORE_N/A_ACTUAL] | [EVENT_BEFORE_N/A_ACTUAL] --(BEFORE)--> [EVENT_BEFORE_N/A_ACTUAL],"""laminectomie"" --(BEFORE)--> ""suites"" | ""laminectomie"" --(BEFORE)--> ""Imagerie"""
208,51,FR100883,[EVENT_BEFORE_N/A_ACTUAL] --(BEFORE)--> [EVENT_BEFORE_N/A_ACTUAL] | [EVENT_BEFORE_N/A_ACTUAL] --(BEFORE)--> [EVENT_BEFORE_N/A_ACTUAL],"""bilan"" --(BEFORE)--> ""reçu"" | ""bilan"" --(BEFORE)--> ""sérologie"""
208,51,FR100894,[EVENT_BEFORE_N/A_ACTUAL] --(BEFORE)--> [EVENT_BEFORE_N/A_ACTUAL] | [EVENT_BEFORE_N/A_ACTUAL] --(BEFORE)--> [EVENT_BEFORE_N/A_ACTUAL],"""rejoint"" --(BEFORE)--> ""reçu"" | ""rejoint"" --(BEFORE)--> ""trajet"""
208,51,FR100903,[EVENT_BEFORE_N/A_ACTUAL] --(BEFORE)--> [EVENT_BEFORE_N/A_ACTUAL] | [EVENT_BEFORE_N/A_ACTUAL] --(BEFORE)--> [EVENT_BEFORE_N/A_ACTUAL],"""écarté"" --(BEFORE)--> ""contrôles"" | ""écarté"" --(BEFORE)--> ""réfléchir"""
208,51,FR100919,[EVENT_BEFORE_N/A_ACTUAL] --(BEFORE)--> [EVENT_BEFORE_N/A_ACTUAL] | [EVENT_BEFORE_N/A_ACTUAL] --(BEFORE)--> [EVENT_BEFORE_N/A_ACTUAL],"""correction"" --(BEFORE)--> ""normalisation"" | ""correction"" --(BEFORE)--> ""adressée"""
208,51,FR100932,[EVENT_BEFORE_N/A_ACTUAL] --(BEFORE)--> [EVENT_BEFORE_N/A_ACTUAL] | [EVENT_BEFORE_N/A_ACTUAL] --(BEFORE)--> [EVENT_BEFORE_N/A_ACTUAL],"""mise"" --(BEFORE)--> ""installation"" | ""mise"" --(BEFORE)--> ""imagerie"""
208,51,FR100946,[EVENT_BEFORE_N/A_ACTUAL] --(BEFORE)--> [EVENT_BEFORE_N/A_ACTUAL] | [EVENT_BEFORE_N/A_ACTUAL] --(BEFORE)--> [EVENT_BEFORE_N/A_ACTUAL],"""mise"" --(BEFORE)--> ""analyse"" | ""mise"" --(BEFORE)--> ""abord"""
208,51,FR100979,[EVENT_BEFORE_N/A_ACTUAL] --(BEFORE)--> [EVENT_BEFORE_N/A_ACTUAL] | [EVENT_BEFORE_N/A_ACTUAL] --(BEFORE)--> [EVENT_BEFORE_N/A_ACTUAL],"""admise"" --(BEFORE)--> ""accident"" | ""admise"" --(BEFORE)--> ""accident"""
208,51,FR100996,[EVENT_BEFORE_N/A_ACTUAL] --(BEFORE)--> [EVENT_BEFORE_N/A_ACTUAL] | [EVENT_BEFORE_N/A_ACTUAL] --(BEFORE)--> [EVENT_BEFORE_N/A_ACTUAL],"""injection"" --(BEFORE)--> ""rehaussait"" | ""injection"" --(BEFORE)--> ""retenu"""
100,50,FR100003,[EVENT_BEFORE_N/A_ACTUAL] --(CONTAINS)--> [EVENT_BEFORE_N/A_ACTUAL] | [EVENT_BEFORE_N/A_ACTUAL] --(CONTAINS)--> [EVENT_BEFORE_N/A_ACTUAL],"""foyer"" --(CONTAINS)--> ""abordé"" | ""abordé"" --(CONTAINS)--> ""incision"""
100,50,FR100092,[EVENT_BEFORE_N/A_ACTUAL] --(CONTAINS)--> [EVENT_BEFORE_N/A_ACTUAL] | [EVENT_BEFORE_N/A_ACTUAL] --(CONTAINS)--> [EVENT_BEFORE_N/A_ACTUAL],"""minilaparotomie"" --(CONTAINS)--> ""exploration"" | ""exploration"" --(CONTAINS)--> ""grossesse"""
100,50,FR100120,[EVENT_BEFORE_N/A_ACTUAL] --(CONTAINS)--> [EVENT_BEFORE_N/A_ACTUAL] | [EVENT_BEFORE_N/A_ACTUAL] --(CONTAINS)--> [EVENT_BEFORE_N/A_ACTUAL],"""consultation"" --(CONTAINS)--> ""examen"" | ""examen"" --(CONTAINS)--> ""reste"""
100,50,FR100130,[EVENT_BEFORE_N/A_ACTUAL] --(CONTAINS)--> [EVENT_BEFORE_N/A_ACTUAL] | [EVENT_BEFORE_N/A_ACTUAL] --(CONTAINS)--> [EVENT_BEFORE_N/A_ACTUAL],"""marqueurs"" --(CONTAINS)--> ""bilan"" | ""bilan"" --(CONTAINS)--> ""recherchée"""
100,50,FR100132,[EVENT_BEFORE_N/A_ACTUAL] --(CONTAINS)--> [EVENT_BEFORE_N/A_ACTUAL] | [EVENT_BEFORE_N/A_ACTUAL] --(CONTAINS)--> [EVENT_BEFORE_N/A_ACTUAL],"""baisse"" --(CONTAINS)--> ""examen"" | ""examen"" --(CONTAINS)--> ""tension"""
100,50,FR100142,[EVENT_BEFORE_N/A_ACTUAL] --(CONTAINS)--> [EVENT_BEFORE_N/A_ACTUAL] | [EVENT_BEFORE_N/A_ACTUAL] --(CONTAINS)--> [EVENT_BEFORE_N/A_ACTUAL],"""évolution"" --(CONTAINS)--> ""taux"" | ""taux"" --(CONTAINS)--> ""passé"""
100,50,FR100161,[EVENT_BEFORE_N/A_ACTUAL] --(CONTAINS)--> [EVENT_BEFORE_N/A_ACTUAL] | [EVENT_BEFORE_N/A_ACTUAL] --(CONTAINS)--> [EVENT_BEFORE_N/A_ACTUAL],"""sérologie"" --(CONTAINS)--> ""examens"" | ""examens"" --(CONTAINS)--> ""Acti tests"""
100,50,FR100168,[EVENT_BEFORE_N/A_ACTUAL] --(CONTAINS)--> [EVENT_BEFORE_N/A_ACTUAL] | [EVENT_BEFORE_N/A_ACTUAL] --(CONTAINS)--> [EVENT_BEFORE_N/A_ACTUAL],"""prise"" --(CONTAINS)--> ""entretien"" | ""entretien"" --(CONTAINS)--> ""dévoiler"""
100,50,FR100255,[EVENT_BEFORE_N/A_ACTUAL] --(CONTAINS)--> [EVENT_BEFORE_N/A_ACTUAL] | [EVENT_BEFORE_N/A_ACTUAL] --(CONTAINS)--> [EVENT_BEFORE_N/A_ACTUAL],"""analgésie"" --(CONTAINS)--> ""expulsé"" | ""expulsé"" --(CONTAINS)--> ""efforts"""
100,50,FR100275,[EVENT_BEFORE_N/A_ACTUAL] --(CONTAINS)--> [EVENT_BEFORE_N/A_ACTUAL] | [EVENT_BEFORE_N/A_ACTUAL] --(CONTAINS)--> [EVENT_BEFORE_N/A_ACTUAL],"""espace"" --(CONTAINS)--> ""électrocardiogramme"" | ""électrocardiogramme"" --(CONTAINS)--> ""rythme"""
100,50,FR100276,[EVENT_BEFORE_N/A_ACTUAL] --(CONTAINS)--> [EVENT_BEFORE_N/A_ACTUAL] | [EVENT_BEFORE_N/A_ACTUAL] --(CONTAINS)--> [EVENT_BEFORE_N/A_ACTUAL],"""pemphigoïde"" --(CONTAINS)--> ""signe"" | ""signe"" --(CONTAINS)--> ""posé"""
100,50,FR100283,[EVENT_BEFORE_N/A_ACTUAL] --(CONTAINS)--> [EVENT_BEFORE_N/A_ACTUAL] | [EVENT_BEFORE_N/A_ACTUAL] --(CONTAINS)--> [EVENT_BEFORE_N/A_ACTUAL],"""diplopie"" --(CONTAINS)--> ""consulté"" | ""consulté"" --(CONTAINS)--> ""examen"""
100,50,FR100296,[EVENT_BEFORE_N/A_ACTUAL] --(CONTAINS)--> [EVENT_BEFORE_N/A_ACTUAL] | [EVENT_BEFORE_N/A_ACTUAL] --(CONTAINS)--> [EVENT_BEFORE_N/A_ACTUAL],"""fin"" --(CONTAINS)--> ""signe"" | ""signe"" --(CONTAINS)--> ""examen"""
100,50,FR100346,[EVENT_BEFORE_N/A_ACTUAL] --(CONTAINS)--> [EVENT_BEFORE_N/A_ACTUAL] | [EVENT_BEFORE_N/A_ACTUAL] --(CONTAINS)--> [EVENT_BEFORE_N/A_ACTUAL],"""syndrome"" --(CONTAINS)--> ""examen"" | ""examen"" --(CONTAINS)--> ""reste"""
100,50,FR100361,[EVENT_BEFORE_N/A_ACTUAL] --(CONTAINS)--> [EVENT_BEFORE_N/A_ACTUAL] | [EVENT_BEFORE_N/A_ACTUAL] --(CONTAINS)--> [EVENT_BEFORE_N/A_ACTUAL],"""syndrome"" --(CONTAINS)--> ""examen"" | ""examen"" --(CONTAINS)--> ""mobilisait"""
100,50,FR100371,[EVENT_BEFORE_N/A_ACTUAL] --(CONTAINS)--> [EVENT_BEFORE_N/A_ACTUAL] | [EVENT_BEFORE_N/A_ACTUAL] --(CONTAINS)--> [EVENT_BEFORE_N/A_ACTUAL],"""taux"" --(CONTAINS)--> ""bilan"" | ""bilan"" --(CONTAINS)--> ""bilan"""
100,50,FR100400,[EVENT_BEFORE_N/A_ACTUAL] --(CONTAINS)--> [EVENT_BEFORE_N/A_ACTUAL] | [EVENT_BEFORE_N/A_ACTUAL] --(CONTAINS)--> [EVENT_BEFORE_N/A_ACTUAL],"""kyste"" --(CONTAINS)--> ""étude"" | ""étude"" --(CONTAINS)--> ""conclu"""
100,50,FR100439,[EVENT_BEFORE_N/A_ACTUAL] --(CONTAINS)--> [EVENT_BEFORE_N/A_ACTUAL] | [EVENT_BEFORE_N/A_ACTUAL] --(CONTAINS)--> [EVENT_BEFORE_N/A_ACTUAL],"""obstruction"" --(CONTAINS)--> ""examen"" | ""examen"" --(CONTAINS)--> ""fibroscopie"""
100,50,FR100510,[EVENT_BEFORE_N/A_ACTUAL] --(CONTAINS)--> [EVENT_BEFORE_N/A_ACTUAL] | [EVENT_BEFORE_N/A_ACTUAL] --(CONTAINS)--> [EVENT_BEFORE_N/A_ACTUAL],"""lésion"" --(CONTAINS)--> ""examen"" | ""examen"" --(CONTAINS)--> ""caractéristiques"""
100,50,FR100515,[EVENT_BEFORE_N/A_ACTUAL] --(CONTAINS)--> [EVENT_BEFORE_N/A_ACTUAL] | [EVENT_BEFORE_N/A_ACTUAL] --(CONTAINS)--> [EVENT_BEFORE_N/A_ACTUAL],"""évolution"" --(CONTAINS)--> ""amélioration"" | ""amélioration"" --(CONTAINS)--> ""normalisation"""
100,50,FR100519,[EVENT_BEFORE_N/A_ACTUAL] --(CONTAINS)--> [EVENT_BEFORE_N/A_ACTUAL] | [EVENT_BEFORE_N/A_ACTUAL] --(CONTAINS)--> [EVENT_BEFORE_N/A_ACTUAL],"""aspect"" --(CONTAINS)--> ""bilan"" | ""bilan"" --(CONTAINS)--> ""radiographie"""
100,50,FR100589,[EVENT_BEFORE_N/A_ACTUAL] --(CONTAINS)--> [EVENT_BEFORE_N/A_ACTUAL] | [EVENT_BEFORE_N/A_ACTUAL] --(CONTAINS)--> [EVENT_BEFORE_N/A_ACTUAL],"""Performance"" --(CONTAINS)--> ""examen"" | ""examen"" --(CONTAINS)--> ""examen"""
100,50,FR100611,[EVENT_BEFORE_N/A_ACTUAL] --(CONTAINS)--> [EVENT_BEFORE_N/A_ACTUAL] | [EVENT_BEFORE_N/A_ACTUAL] --(CONTAINS)--> [EVENT_BEFORE_N/A_ACTUAL],"""micronodules"" --(CONTAINS)--> ""TDM"" | ""TDM"" --(CONTAINS)--> ""image"""
100,50,FR100620,[EVENT_BEFORE_N/A_ACTUAL] --(CONTAINS)--> [EVENT_BEFORE_N/A_ACTUAL] | [EVENT_BEFORE_N/A_ACTUAL] --(CONTAINS)--> [EVENT_BEFORE_N/A_ACTUAL],"""aspect"" --(CONTAINS)--> ""bronchoscopie"" | ""bronchoscopie"" --(CONTAINS)--> ""lavage"""
100,50,FR100629,[EVENT_BEFORE_N/A_ACTUAL] --(CONTAINS)--> [EVENT_BEFORE_N/A_ACTUAL] | [EVENT_BEFORE_N/A_ACTUAL] --(CONTAINS)--> [EVENT_BEFORE_N/A_ACTUAL],"""sarcome"" --(CONTAINS)--> ""thoracoscopie"" | ""thoracoscopie"" --(CONTAINS)--> ""immuno histochimie"""
100,50,FR100632,[EVENT_BEFORE_N/A_ACTUAL] --(CONTAINS)--> [EVENT_BEFORE_N/A_ACTUAL] | [EVENT_BEFORE_N/A_ACTUAL] --(CONTAINS)--> [EVENT_BEFORE_N/A_ACTUAL],"""diminuée"" --(CONTAINS)--> ""examen"" | ""examen"" --(CONTAINS)--> ""conservée"""
100,50,FR100658,[EVENT_BEFORE_N/A_ACTUAL] --(CONTAINS)--> [EVENT_BEFORE_N/A_ACTUAL] | [EVENT_BEFORE_N/A_ACTUAL] --(CONTAINS)--> [EVENT_BEFORE_N/A_ACTUAL],"""eupnéique"" --(CONTAINS)--> ""examen"" | ""examen"" --(CONTAINS)--> ""reste"""
100,50,FR100663,[EVENT_BEFORE_N/A_ACTUAL] --(CONTAINS)--> [EVENT_BEFORE_N/A_ACTUAL] | [EVENT_BEFORE_N/A_ACTUAL] --(CONTAINS)--> [EVENT_BEFORE_N/A_ACTUAL],"""stable"" --(CONTAINS)--> ""examen"" | ""examen"" --(CONTAINS)--> ""particularités"""
100,50,FR100666,[EVENT_BEFORE_N/A_ACTUAL] --(CONTAINS)--> [EVENT_BEFORE_N/A_ACTUAL] | [EVENT_BEFORE_N/A_ACTUAL] --(CONTAINS)--> [EVENT_BEFORE_N/A_ACTUAL],"""traitement"" --(CONTAINS)--> ""polychimiothérapie"" | ""polychimiothérapie"" --(CONTAINS)--> ""COP"""
100,50,FR100683,[EVENT_BEFORE_N/A_ACTUAL] --(CONTAINS)--> [EVENT_BEFORE_N/A_ACTUAL] | [EVENT_BEFORE_N/A_ACTUAL] --(CONTAINS)--> [EVENT_BEFORE_N/A_ACTUAL],"""aménorrhée"" --(CONTAINS)--> ""consulte"" | ""consulte"" --(CONTAINS)--> ""anamnèse"""
100,50,FR100688,[EVENT_BEFORE_N/A_ACTUAL] --(CONTAINS)--> [EVENT_BEFORE_N/A_ACTUAL] | [EVENT_BEFORE_N/A_ACTUAL] --(CONTAINS)--> [EVENT_BEFORE_N/A_ACTUAL],"""séquelle"" --(CONTAINS)--> ""évolution"" | ""évolution"" --(CONTAINS)--> ""disparition"""
100,50,FR100689,[EVENT_BEFORE_N/A_ACTUAL] --(CONTAINS)--> [EVENT_BEFORE_N/A_ACTUAL] | [EVENT_BEFORE_N/A_ACTUAL] --(CONTAINS)--> [EVENT_BEFORE_N/A_ACTUAL],"""humeur"" --(CONTAINS)--> ""consultation"" | ""consultation"" --(CONTAINS)--> ""entretien"""
100,50,FR100748,[EVENT_BEFORE_N/A_ACTUAL] --(CONTAINS)--> [EVENT_BEFORE_N/A_ACTUAL] | [EVENT_BEFORE_N/A_ACTUAL] --(CONTAINS)--> [EVENT_BEFORE_N/A_ACTUAL],"""consultation"" --(CONTAINS)--> ""examen"" | ""examen"" --(CONTAINS)--> ""auscultation"""
100,50,FR100766,[EVENT_BEFORE_N/A_ACTUAL] --(CONTAINS)--> [EVENT_BEFORE_N/A_ACTUAL] | [EVENT_BEFORE_N/A_ACTUAL] --(CONTAINS)--> [EVENT_BEFORE_N/A_ACTUAL],"""opéré"" --(CONTAINS)--> ""amputation"" | ""amputation"" --(CONTAINS)--> ""confection"""
100,50,FR100780,[EVENT_BEFORE_N/A_ACTUAL] --(CONTAINS)--> [EVENT_BEFORE_N/A_ACTUAL] | [EVENT_BEFORE_N/A_ACTUAL] --(CONTAINS)--> [EVENT_BEFORE_N/A_ACTUAL],"""tracé"" --(CONTAINS)--> ""étude"" | ""étude"" --(CONTAINS)--> ""rythme"""
100,50,FR100806,[EVENT_BEFORE_N/A_ACTUAL] --(CONTAINS)--> [EVENT_BEFORE_N/A_ACTUAL] | [EVENT_BEFORE_N/A_ACTUAL] --(CONTAINS)--> [EVENT_BEFORE_N/A_ACTUAL],"""ionogramme"" --(CONTAINS)--> ""biologie"" | ""biologie"" --(CONTAINS)--> ""NFS"""
100,50,FR100814,[EVENT_BEFORE_N/A_ACTUAL] --(CONTAINS)--> [EVENT_BEFORE_N/A_ACTUAL] | [EVENT_BEFORE_N/A_ACTUAL] --(CONTAINS)--> [EVENT_BEFORE_N/A_ACTUAL],"""processus"" --(CONTAINS)--> ""IRM"" | ""IRM"" --(CONTAINS)--> ""iso-signal"""
100,50,FR100826,[EVENT_BEFORE_N/A_ACTUAL] --(CONTAINS)--> [EVENT_BEFORE_N/A_ACTUAL] | [EVENT_BEFORE_N/A_ACTUAL] --(CONTAINS)--> [EVENT_BEFORE_N/A_ACTUAL],"""termine"" --(CONTAINS)--> ""bilan"" | ""bilan"" --(CONTAINS)--> ""tomodensitométrie"""
100,50,FR100845,[EVENT_BEFORE_N/A_ACTUAL] --(CONTAINS)--> [EVENT_BEFORE_N/A_ACTUAL] | [EVENT_BEFORE_N/A_ACTUAL] --(CONTAINS)--> [EVENT_BEFORE_N/A_ACTUAL],"""contractions"" --(CONTAINS)--> ""examen"" | ""examen"" --(CONTAINS)--> ""BCF"""
100,50,FR100849,[EVENT_BEFORE_N/A_ACTUAL] --(CONTAINS)--> [EVENT_BEFORE_N/A_ACTUAL] | [EVENT_BEFORE_N/A_ACTUAL] --(CONTAINS)--> [EVENT_BEFORE_N/A_ACTUAL],"""défense"" --(CONTAINS)--> ""examen"" | ""examen"" --(CONTAINS)--> ""reste"""
100,50,FR100874,[EVENT_BEFORE_N/A_ACTUAL] --(CONTAINS)--> [EVENT_BEFORE_N/A_ACTUAL] | [EVENT_BEFORE_N/A_ACTUAL] --(CONTAINS)--> [EVENT_BEFORE_N/A_ACTUAL],"""refoulement"" --(CONTAINS)--> ""transit"" | ""transit"" --(CONTAINS)--> ""image"""
100,50,FR100882,[EVENT_BEFORE_N/A_ACTUAL] --(CONTAINS)--> [EVENT_BEFORE_N/A_ACTUAL] | [EVENT_BEFORE_N/A_ACTUAL] --(CONTAINS)--> [EVENT_BEFORE_N/A_ACTUAL],"""évolution"" --(CONTAINS)--> ""amélioration"" | ""amélioration"" --(CONTAINS)--> ""régression"""
100,50,FR100903,[EVENT_BEFORE_N/A_ACTUAL] --(CONTAINS)--> [EVENT_BEFORE_N/A_ACTUAL] | [EVENT_BEFORE_N/A_ACTUAL] --(CONTAINS)--> [EVENT_BEFORE_N/A_ACTUAL],"""diamètre"" --(CONTAINS)--> ""échographie"" | ""échographie"" --(CONTAINS)--> ""visualisation"""
100,50,FR100930,[EVENT_BEFORE_N/A_ACTUAL] --(CONTAINS)--> [EVENT_BEFORE_N/A_ACTUAL] | [EVENT_BEFORE_N/A_ACTUAL] --(CONTAINS)--> [EVENT_BEFORE_N/A_ACTUAL],"""admis"" --(CONTAINS)--> ""recours"" | ""recours"" --(CONTAINS)--> ""évolution"""
100,50,FR100944,[EVENT_BEFORE_N/A_ACTUAL] --(CONTAINS)--> [EVENT_BEFORE_N/A_ACTUAL] | [EVENT_BEFORE_N/A_ACTUAL] --(CONTAINS)--> [EVENT_BEFORE_N/A_ACTUAL],"""insuffisance"" --(CONTAINS)--> ""suivi"" | ""suivi"" --(CONTAINS)--> ""hospitalisé"""
100,50,FR100946,[EVENT_BEFORE_N/A_ACTUAL] --(CONTAINS)--> [EVENT_BEFORE_N/A_ACTUAL] | [EVENT_BEFORE_N/A_ACTUAL] --(CONTAINS)--> [EVENT_BEFORE_N/A_ACTUAL],"""lésion"" --(CONTAINS)--> ""IRM"" | ""IRM"" --(CONTAINS)--> ""prise"""
100,50,FR100959,[EVENT_BEFORE_N/A_ACTUAL] --(CONTAINS)--> [EVENT_BEFORE_N/A_ACTUAL] | [EVENT_BEFORE_N/A_ACTUAL] --(CONTAINS)--> [EVENT_BEFORE_N/A_ACTUAL],"""admis"" --(CONTAINS)--> ""œsophagoscopie"" | ""œsophagoscopie"" --(CONTAINS)--> ""extraction"""
100,50,FR100960,[EVENT_BEFORE_N/A_ACTUAL] --(CONTAINS)--> [EVENT_BEFORE_N/A_ACTUAL] | [EVENT_BEFORE_N/A_ACTUAL] --(CONTAINS)--> [EVENT_BEFORE_N/A_ACTUAL],"""consulté"" --(CONTAINS)--> ""étude"" | ""étude"" --(CONTAINS)--> ""localisation"""
100,50,FR100994,[EVENT_BEFORE_N/A_ACTUAL] --(CONTAINS)--> [EVENT_BEFORE_N/A_ACTUAL] | [EVENT_BEFORE_N/A_ACTUAL] --(CONTAINS)--> [EVENT_BEFORE_N/A_ACTUAL],"""observation"" --(CONTAINS)--> ""suivi"" | ""suivi"" --(CONTAINS)--> ""opéré"""
147,49,FR100003,[EVENT_BEFORE_N/A_ACTUAL] --(BEFORE)--> [EVENT_BEFORE_N/A_ACTUAL] | [EVENT_BEFORE_N/A_ACTUAL] --(BEFORE)--> [EVENT_BEFORE_N/A_ACTUAL] | [EVENT_BEFORE_N/A_ACTUAL] --(BEFORE)--> [EVENT_BEFORE_N/A_ACTUAL] | [EVENT_BEFORE_N/A_ACTUAL] --(BEFORE)--> [EVENT_BEFORE_N/A_ACTUAL],"""bilan"" --(BEFORE)--> ""TDM"" | ""TDM"" --(BEFORE)--> ""panoramique"" | ""panoramique"" --(BEFORE)--> ""ponction"" | ""ponction"" --(BEFORE)--> ""examen"""
147,49,FR100092,[EVENT_BEFORE_N/A_ACTUAL] --(BEFORE)--> [EVENT_BEFORE_N/A_ACTUAL] | [EVENT_BEFORE_N/A_ACTUAL] --(BEFORE)--> [EVENT_BEFORE_N/A_ACTUAL] | [EVENT_BEFORE_N/A_ACTUAL] --(BEFORE)--> [EVENT_BEFORE_N/A_ACTUAL] | [EVENT_BEFORE_N/A_ACTUAL] --(BEFORE)--> [EVENT_BEFORE_N/A_ACTUAL],"""examen"" --(BEFORE)--> ""examen"" | ""examen"" --(BEFORE)--> ""échographie"" | ""échographie"" --(BEFORE)--> ""tableau"" | ""tableau"" --(BEFORE)--> ""reste"""
147,49,FR100130,[EVENT_BEFORE_N/A_ACTUAL] --(BEFORE)--> [EVENT_BEFORE_N/A_ACTUAL] | [EVENT_BEFORE_N/A_ACTUAL] --(BEFORE)--> [EVENT_BEFORE_N/A_ACTUAL] | [EVENT_BEFORE_N/A_ACTUAL] --(BEFORE)--> [EVENT_BEFORE_N/A_ACTUAL] | [EVENT_BEFORE_N/A_ACTUAL] --(BEFORE)--> [EVENT_BEFORE_N/A_ACTUAL],"""confirmé"" --(BEFORE)--> ""recherche"" | ""recherche"" --(BEFORE)--> ""séjour"" | ""séjour"" --(BEFORE)--> ""bilan"" | ""bilan"" --(BEFORE)--> ""suspectée"""
147,49,FR100142,[EVENT_BEFORE_N/A_ACTUAL] --(BEFORE)--> [EVENT_BEFORE_N/A_ACTUAL] | [EVENT_BEFORE_N/A_ACTUAL] --(BEFORE)--> [EVENT_BEFORE_N/A_ACTUAL] | [EVENT_BEFORE_N/A_ACTUAL] --(BEFORE)--> [EVENT_BEFORE_N/A_ACTUAL] | [EVENT_BEFORE_N/A_ACTUAL] --(BEFORE)--> [EVENT_BEFORE_N/A_ACTUAL],"""électrophorèse"" --(BEFORE)--> ""scanner"" | ""scanner"" --(BEFORE)--> ""fibroscopie"" | ""fibroscopie"" --(BEFORE)--> ""biopsie"" | ""biopsie"" --(BEFORE)--> ""mis"""
147,49,FR100161,[EVENT_BEFORE_N/A_ACTUAL] --(BEFORE)--> [EVENT_BEFORE_N/A_ACTUAL] | [EVENT_BEFORE_N/A_ACTUAL] --(BEFORE)--> [EVENT_BEFORE_N/A_ACTUAL] | [EVENT_BEFORE_N/A_ACTUAL] --(BEFORE)--> [EVENT_BEFORE_N/A_ACTUAL] | [EVENT_BEFORE_N/A_ACTUAL] --(BEFORE)--> [EVENT_BEFORE_N/A_ACTUAL],"""examens"" --(BEFORE)--> ""radiographie"" | ""radiographie"" --(BEFORE)--> ""complément"" | ""complément"" --(BEFORE)--> ""cortisol"" | ""cortisol"" --(BEFORE)--> ""cortisol"""
147,49,FR100255,[EVENT_BEFORE_N/A_ACTUAL] --(BEFORE)--> [EVENT_BEFORE_N/A_ACTUAL] | [EVENT_BEFORE_N/A_ACTUAL] --(BEFORE)--> [EVENT_BEFORE_N/A_ACTUAL] | [EVENT_BEFORE_N/A_ACTUAL] --(BEFORE)--> [EVENT_BEFORE_N/A_ACTUAL] | [EVENT_BEFORE_N/A_ACTUAL] --(BEFORE)--> [EVENT_BEFORE_N/A_ACTUAL],"""examen"" --(BEFORE)--> ""échographie"" | ""échographie"" --(BEFORE)--> ""mise"" | ""mise"" --(BEFORE)--> ""réveillée"" | ""réveillée"" --(BEFORE)--> ""radio"""
147,49,FR100275,[EVENT_BEFORE_N/A_ACTUAL] --(BEFORE)--> [EVENT_BEFORE_N/A_ACTUAL] | [EVENT_BEFORE_N/A_ACTUAL] --(BEFORE)--> [EVENT_BEFORE_N/A_ACTUAL] | [EVENT_BEFORE_N/A_ACTUAL] --(BEFORE)--> [EVENT_BEFORE_N/A_ACTUAL] | [EVENT_BEFORE_N/A_ACTUAL] --(BEFORE)--> [EVENT_BEFORE_N/A_ACTUAL],"""établi"" --(BEFORE)--> ""manœuvres"" | ""manœuvres"" --(BEFORE)--> ""transféré"" | ""transféré"" --(BEFORE)--> ""anamnèse"" | ""anamnèse"" --(BEFORE)--> ""examen"""
147,49,FR100283,[EVENT_BEFORE_N/A_ACTUAL] --(BEFORE)--> [EVENT_BEFORE_N/A_ACTUAL] | [EVENT_BEFORE_N/A_ACTUAL] --(BEFORE)--> [EVENT_BEFORE_N/A_ACTUAL] | [EVENT_BEFORE_N/A_ACTUAL] --(BEFORE)--> [EVENT_BEFORE_N/A_ACTUAL] | [EVENT_BEFORE_N/A_ACTUAL] --(BEFORE)--> [EVENT_BEFORE_N/A_ACTUAL],"""bilan"" --(BEFORE)--> ""IRM"" | ""IRM"" --(BEFORE)--> ""hypophysiogramme"" | ""hypophysiogramme"" --(BEFORE)--> ""traitement"" | ""traitement"" --(BEFORE)--> ""évolution"""
147,49,FR100296,[EVENT_BEFORE_N/A_ACTUAL] --(BEFORE)--> [EVENT_BEFORE_N/A_ACTUAL] | [EVENT_BEFORE_N/A_ACTUAL] --(BEFORE)--> [EVENT_BEFORE_N/A_ACTUAL] | [EVENT_BEFORE_N/A_ACTUAL] --(BEFORE)--> [EVENT_BEFORE_N/A_ACTUAL] | [EVENT_BEFORE_N/A_ACTUAL] --(BEFORE)--> [EVENT_BEFORE_N/A_ACTUAL],"""examen"" --(BEFORE)--> ""IRM"" | ""IRM"" --(BEFORE)--> ""fenestration"" | ""fenestration"" --(BEFORE)--> ""suites"" | ""suites"" --(BEFORE)--> ""exéaté"""
147,49,FR100314,[EVENT_BEFORE_N/A_ACTUAL] --(BEFORE)--> [EVENT_BEFORE_N/A_ACTUAL] | [EVENT_BEFORE_N/A_ACTUAL] --(BEFORE)--> [EVENT_BEFORE_N/A_ACTUAL] | [EVENT_BEFORE_N/A_ACTUAL] --(BEFORE)--> [EVENT_BEFORE_N/A_ACTUAL] | [EVENT_BEFORE_N/A_ACTUAL] --(BEFORE)--> [EVENT_BEFORE_N/A_ACTUAL],"""admise"" --(BEFORE)--> ""bilan"" | ""bilan"" --(BEFORE)--> ""drainage"" | ""drainage"" --(BEFORE)--> ""angio-scanner"" | ""angio-scanner"" --(BEFORE)--> ""amputation"""
147,49,FR100344,[EVENT_BEFORE_N/A_ACTUAL] --(BEFORE)--> [EVENT_BEFORE_N/A_ACTUAL] | [EVENT_BEFORE_N/A_ACTUAL] --(BEFORE)--> [EVENT_BEFORE_N/A_ACTUAL] | [EVENT_BEFORE_N/A_ACTUAL] --(BEFORE)--> [EVENT_BEFORE_N/A_ACTUAL] | [EVENT_BEFORE_N/A_ACTUAL] --(BEFORE)--> [EVENT_BEFORE_N/A_ACTUAL],"""déroulée"" --(BEFORE)--> ""plainte"" | ""plainte"" --(BEFORE)--> ""examen"" | ""examen"" --(BEFORE)--> ""césarienne"" | ""césarienne"" --(BEFORE)--> ""pesait"""
147,49,FR100346,[EVENT_BEFORE_N/A_ACTUAL] --(BEFORE)--> [EVENT_BEFORE_N/A_ACTUAL] | [EVENT_BEFORE_N/A_ACTUAL] --(BEFORE)--> [EVENT_BEFORE_N/A_ACTUAL] | [EVENT_BEFORE_N/A_ACTUAL] --(BEFORE)--> [EVENT_BEFORE_N/A_ACTUAL] | [EVENT_BEFORE_N/A_ACTUAL] --(BEFORE)--> [EVENT_BEFORE_N/A_ACTUAL],"""gazométrie"" --(BEFORE)--> ""reste"" | ""reste"" --(BEFORE)--> ""radiographie"" | ""radiographie"" --(BEFORE)--> ""angioscanner"" | ""angioscanner"" --(BEFORE)--> ""echo-dopler"""
147,49,FR100360,[EVENT_BEFORE_N/A_ACTUAL] --(BEFORE)--> [EVENT_BEFORE_N/A_ACTUAL] | [EVENT_BEFORE_N/A_ACTUAL] --(BEFORE)--> [EVENT_BEFORE_N/A_ACTUAL] | [EVENT_BEFORE_N/A_ACTUAL] --(BEFORE)--> [EVENT_BEFORE_N/A_ACTUAL] | [EVENT_BEFORE_N/A_ACTUAL] --(BEFORE)--> [EVENT_BEFORE_N/A_ACTUAL],"""tomodensitométrie"" --(BEFORE)--> ""complément"" | ""complément"" --(BEFORE)--> ""biopsie"" | ""biopsie"" --(BEFORE)--> ""tomodensitométrie"" | ""tomodensitométrie"" --(BEFORE)--> ""radiothérapie"""
147,49,FR100361,[EVENT_BEFORE_N/A_ACTUAL] --(BEFORE)--> [EVENT_BEFORE_N/A_ACTUAL] | [EVENT_BEFORE_N/A_ACTUAL] --(BEFORE)--> [EVENT_BEFORE_N/A_ACTUAL] | [EVENT_BEFORE_N/A_ACTUAL] --(BEFORE)--> [EVENT_BEFORE_N/A_ACTUAL] | [EVENT_BEFORE_N/A_ACTUAL] --(BEFORE)--> [EVENT_BEFORE_N/A_ACTUAL],"""examen"" --(BEFORE)--> ""TDM"" | ""TDM"" --(BEFORE)--> ""ponction"" | ""ponction"" --(BEFORE)--> ""examen"" | ""examen"" --(BEFORE)--> ""examen"""
147,49,FR100371,[EVENT_BEFORE_N/A_ACTUAL] --(BEFORE)--> [EVENT_BEFORE_N/A_ACTUAL] | [EVENT_BEFORE_N/A_ACTUAL] --(BEFORE)--> [EVENT_BEFORE_N/A_ACTUAL] | [EVENT_BEFORE_N/A_ACTUAL] --(BEFORE)--> [EVENT_BEFORE_N/A_ACTUAL] | [EVENT_BEFORE_N/A_ACTUAL] --(BEFORE)--> [EVENT_BEFORE_N/A_ACTUAL],"""adressée"" --(BEFORE)--> ""admission"" | ""admission"" --(BEFORE)--> ""examen"" | ""examen"" --(BEFORE)--> ""examen"" | ""examen"" --(BEFORE)--> ""bilan"""
147,49,FR100400,[EVENT_BEFORE_N/A_ACTUAL] --(BEFORE)--> [EVENT_BEFORE_N/A_ACTUAL] | [EVENT_BEFORE_N/A_ACTUAL] --(BEFORE)--> [EVENT_BEFORE_N/A_ACTUAL] | [EVENT_BEFORE_N/A_ACTUAL] --(BEFORE)--> [EVENT_BEFORE_N/A_ACTUAL] | [EVENT_BEFORE_N/A_ACTUAL] --(BEFORE)--> [EVENT_BEFORE_N/A_ACTUAL],"""Radiographie"" --(BEFORE)--> ""échographie"" | ""échographie"" --(BEFORE)--> ""scanner"" | ""scanner"" --(BEFORE)--> ""diagnostic"" | ""diagnostic"" --(BEFORE)--> ""opérée"""
147,49,FR100439,[EVENT_BEFORE_N/A_ACTUAL] --(BEFORE)--> [EVENT_BEFORE_N/A_ACTUAL] | [EVENT_BEFORE_N/A_ACTUAL] --(BEFORE)--> [EVENT_BEFORE_N/A_ACTUAL] | [EVENT_BEFORE_N/A_ACTUAL] --(BEFORE)--> [EVENT_BEFORE_N/A_ACTUAL] | [EVENT_BEFORE_N/A_ACTUAL] --(BEFORE)--> [EVENT_BEFORE_N/A_ACTUAL],"""analyse"" --(BEFORE)--> ""demandée"" | ""demandée"" --(BEFORE)--> ""examen"" | ""examen"" --(BEFORE)--> ""classée"" | ""classée"" --(BEFORE)--> ""bénéficier"""
147,49,FR100448,[EVENT_BEFORE_N/A_ACTUAL] --(BEFORE)--> [EVENT_BEFORE_N/A_ACTUAL] | [EVENT_BEFORE_N/A_ACTUAL] --(BEFORE)--> [EVENT_BEFORE_N/A_ACTUAL] | [EVENT_BEFORE_N/A_ACTUAL] --(BEFORE)--> [EVENT_BEFORE_N/A_ACTUAL] | [EVENT_BEFORE_N/A_ACTUAL] --(BEFORE)--> [EVENT_BEFORE_N/A_ACTUAL],"""échotomographie"" --(BEFORE)--> ""hémi thyroïdectomie"" | ""hémi thyroïdectomie"" --(BEFORE)--> ""examen"" | ""examen"" --(BEFORE)--> ""histochimie"" | ""histochimie"" --(BEFORE)--> ""scanner"""
147,49,FR100480,[EVENT_BEFORE_N/A_ACTUAL] --(BEFORE)--> [EVENT_BEFORE_N/A_ACTUAL] | [EVENT_BEFORE_N/A_ACTUAL] --(BEFORE)--> [EVENT_BEFORE_N/A_ACTUAL] | [EVENT_BEFORE_N/A_ACTUAL] --(BEFORE)--> [EVENT_BEFORE_N/A_ACTUAL] | [EVENT_BEFORE_N/A_ACTUAL] --(BEFORE)--> [EVENT_BEFORE_N/A_ACTUAL],"""installation"" --(BEFORE)--> ""bilan"" | ""bilan"" --(BEFORE)--> ""analyse"" | ""analyse"" --(BEFORE)--> ""amputation"" | ""amputation"" --(BEFORE)--> ""examen"""
147,49,FR100515,[EVENT_BEFORE_N/A_ACTUAL] --(BEFORE)--> [EVENT_BEFORE_N/A_ACTUAL] | [EVENT_BEFORE_N/A_ACTUAL] --(BEFORE)--> [EVENT_BEFORE_N/A_ACTUAL] | [EVENT_BEFORE_N/A_ACTUAL] --(BEFORE)--> [EVENT_BEFORE_N/A_ACTUAL] | [EVENT_BEFORE_N/A_ACTUAL] --(BEFORE)--> [EVENT_BEFORE_N/A_ACTUAL],"""retenu"" --(BEFORE)--> ""bilan"" | ""bilan"" --(BEFORE)--> ""bilan"" | ""bilan"" --(BEFORE)--> ""prescrits"" | ""prescrits"" --(BEFORE)--> ""corticothérapie"""
147,49,FR100517,[EVENT_BEFORE_N/A_ACTUAL] --(BEFORE)--> [EVENT_BEFORE_N/A_ACTUAL] | [EVENT_BEFORE_N/A_ACTUAL] --(BEFORE)--> [EVENT_BEFORE_N/A_ACTUAL] | [EVENT_BEFORE_N/A_ACTUAL] --(BEFORE)--> [EVENT_BEFORE_N/A_ACTUAL] | [EVENT_BEFORE_N/A_ACTUAL] --(BEFORE)--> [EVENT_BEFORE_N/A_ACTUAL],"""bilan"" --(BEFORE)--> ""électromyogramme"" | ""électromyogramme"" --(BEFORE)--> ""bilan"" | ""bilan"" --(BEFORE)--> ""explorations"" | ""explorations"" --(BEFORE)--> ""porté"""
147,49,FR100519,[EVENT_BEFORE_N/A_ACTUAL] --(BEFORE)--> [EVENT_BEFORE_N/A_ACTUAL] | [EVENT_BEFORE_N/A_ACTUAL] --(BEFORE)--> [EVENT_BEFORE_N/A_ACTUAL] | [EVENT_BEFORE_N/A_ACTUAL] --(BEFORE)--> [EVENT_BEFORE_N/A_ACTUAL] | [EVENT_BEFORE_N/A_ACTUAL] --(BEFORE)--> [EVENT_BEFORE_N/A_ACTUAL],"""hospitalisée"" --(BEFORE)--> ""entrée"" | ""entrée"" --(BEFORE)--> ""bilan"" | ""bilan"" --(BEFORE)--> ""angioscanner"" | ""angioscanner"" --(BEFORE)--> ""échodoppler"""
147,49,FR100589,[EVENT_BEFORE_N/A_ACTUAL] --(BEFORE)--> [EVENT_BEFORE_N/A_ACTUAL] | [EVENT_BEFORE_N/A_ACTUAL] --(BEFORE)--> [EVENT_BEFORE_N/A_ACTUAL] | [EVENT_BEFORE_N/A_ACTUAL] --(BEFORE)--> [EVENT_BEFORE_N/A_ACTUAL] | [EVENT_BEFORE_N/A_ACTUAL] --(BEFORE)--> [EVENT_BEFORE_N/A_ACTUAL],"""Cytométrie"" --(BEFORE)--> ""biopsie"" | ""biopsie"" --(BEFORE)--> ""bilan"" | ""bilan"" --(BEFORE)--> ""caryotype"" | ""caryotype"" --(BEFORE)--> ""sérologie"""
147,49,FR100597,[EVENT_BEFORE_N/A_ACTUAL] --(BEFORE)--> [EVENT_BEFORE_N/A_ACTUAL] | [EVENT_BEFORE_N/A_ACTUAL] --(BEFORE)--> [EVENT_BEFORE_N/A_ACTUAL] | [EVENT_BEFORE_N/A_ACTUAL] --(BEFORE)--> [EVENT_BEFORE_N/A_ACTUAL] | [EVENT_BEFORE_N/A_ACTUAL] --(BEFORE)--> [EVENT_BEFORE_N/A_ACTUAL],"""examen"" --(BEFORE)--> ""toucher"" | ""toucher"" --(BEFORE)--> ""reste"" | ""reste"" --(BEFORE)--> ""échographie"" | ""échographie"" --(BEFORE)--> ""complété"""
147,49,FR100611,[EVENT_BEFORE_N/A_ACTUAL] --(BEFORE)--> [EVENT_BEFORE_N/A_ACTUAL] | [EVENT_BEFORE_N/A_ACTUAL] --(BEFORE)--> [EVENT_BEFORE_N/A_ACTUAL] | [EVENT_BEFORE_N/A_ACTUAL] --(BEFORE)--> [EVENT_BEFORE_N/A_ACTUAL] | [EVENT_BEFORE_N/A_ACTUAL] --(BEFORE)--> [EVENT_BEFORE_N/A_ACTUAL],"""biopsie"" --(BEFORE)--> ""recherche"" | ""recherche"" --(BEFORE)--> ""sérologie"" | ""sérologie"" --(BEFORE)--> ""hémogramme"" | ""hémogramme"" --(BEFORE)--> ""ionogramme"""
147,49,FR100614,[EVENT_BEFORE_N/A_ACTUAL] --(BEFORE)--> [EVENT_BEFORE_N/A_ACTUAL] | [EVENT_BEFORE_N/A_ACTUAL] --(BEFORE)--> [EVENT_BEFORE_N/A_ACTUAL] | [EVENT_BEFORE_N/A_ACTUAL] --(BEFORE)--> [EVENT_BEFORE_N/A_ACTUAL] | [EVENT_BEFORE_N/A_ACTUAL] --(BEFORE)--> [EVENT_BEFORE_N/A_ACTUAL],"""tomodensitométrie"" --(BEFORE)--> ""radiographie"" | ""radiographie"" --(BEFORE)--> ""taux"" | ""taux"" --(BEFORE)--> ""exploration"" | ""exploration"" --(BEFORE)--> ""exploration"""
147,49,FR100620,[EVENT_BEFORE_N/A_ACTUAL] --(BEFORE)--> [EVENT_BEFORE_N/A_ACTUAL] | [EVENT_BEFORE_N/A_ACTUAL] --(BEFORE)--> [EVENT_BEFORE_N/A_ACTUAL] | [EVENT_BEFORE_N/A_ACTUAL] --(BEFORE)--> [EVENT_BEFORE_N/A_ACTUAL] | [EVENT_BEFORE_N/A_ACTUAL] --(BEFORE)--> [EVENT_BEFORE_N/A_ACTUAL],"""examen"" --(BEFORE)--> ""radiographie"" | ""radiographie"" --(BEFORE)--> ""drainage"" | ""drainage"" --(BEFORE)--> ""radiographie"" | ""radiographie"" --(BEFORE)--> ""demandé"""
147,49,FR100623,[EVENT_BEFORE_N/A_ACTUAL] --(BEFORE)--> [EVENT_BEFORE_N/A_ACTUAL] | [EVENT_BEFORE_N/A_ACTUAL] --(BEFORE)--> [EVENT_BEFORE_N/A_ACTUAL] | [EVENT_BEFORE_N/A_ACTUAL] --(BEFORE)--> [EVENT_BEFORE_N/A_ACTUAL] | [EVENT_BEFORE_N/A_ACTUAL] --(BEFORE)--> [EVENT_BEFORE_N/A_ACTUAL],"""échographie"" --(BEFORE)--> ""tomodensitométrie"" | ""tomodensitométrie"" --(BEFORE)--> ""retenu"" | ""retenu"" --(BEFORE)--> ""prise"" | ""prise"" --(BEFORE)--> ""analyse"""
147,49,FR100629,[EVENT_BEFORE_N/A_ACTUAL] --(BEFORE)--> [EVENT_BEFORE_N/A_ACTUAL] | [EVENT_BEFORE_N/A_ACTUAL] --(BEFORE)--> [EVENT_BEFORE_N/A_ACTUAL] | [EVENT_BEFORE_N/A_ACTUAL] --(BEFORE)--> [EVENT_BEFORE_N/A_ACTUAL] | [EVENT_BEFORE_N/A_ACTUAL] --(BEFORE)--> [EVENT_BEFORE_N/A_ACTUAL],"""radiographie"" --(BEFORE)--> ""thoracoscopie"" | ""thoracoscopie"" --(BEFORE)--> ""marquage"" | ""marquage"" --(BEFORE)--> ""bilan"" | ""bilan"" --(BEFORE)--> ""décision"""
147,49,FR100632,[EVENT_BEFORE_N/A_ACTUAL] --(BEFORE)--> [EVENT_BEFORE_N/A_ACTUAL] | [EVENT_BEFORE_N/A_ACTUAL] --(BEFORE)--> [EVENT_BEFORE_N/A_ACTUAL] | [EVENT_BEFORE_N/A_ACTUAL] --(BEFORE)--> [EVENT_BEFORE_N/A_ACTUAL] | [EVENT_BEFORE_N/A_ACTUAL] --(BEFORE)--> [EVENT_BEFORE_N/A_ACTUAL],"""étude"" --(BEFORE)--> ""radiographie"" | ""radiographie"" --(BEFORE)--> ""examen"" | ""examen"" --(BEFORE)--> ""sérologie"" | ""sérologie"" --(BEFORE)--> ""diagnostic"""
147,49,FR100663,[EVENT_BEFORE_N/A_ACTUAL] --(BEFORE)--> [EVENT_BEFORE_N/A_ACTUAL] | [EVENT_BEFORE_N/A_ACTUAL] --(BEFORE)--> [EVENT_BEFORE_N/A_ACTUAL] | [EVENT_BEFORE_N/A_ACTUAL] --(BEFORE)--> [EVENT_BEFORE_N/A_ACTUAL] | [EVENT_BEFORE_N/A_ACTUAL] --(BEFORE)--> [EVENT_BEFORE_N/A_ACTUAL],"""incisée"" --(BEFORE)--> ""vérifié"" | ""vérifié"" --(BEFORE)--> ""reprise"" | ""reprise"" --(BEFORE)--> ""fermé"" | ""fermé"" --(BEFORE)--> ""sortie"""
147,49,FR100666,[EVENT_BEFORE_N/A_ACTUAL] --(BEFORE)--> [EVENT_BEFORE_N/A_ACTUAL] | [EVENT_BEFORE_N/A_ACTUAL] --(BEFORE)--> [EVENT_BEFORE_N/A_ACTUAL] | [EVENT_BEFORE_N/A_ACTUAL] --(BEFORE)--> [EVENT_BEFORE_N/A_ACTUAL] | [EVENT_BEFORE_N/A_ACTUAL] --(BEFORE)--> [EVENT_BEFORE_N/A_ACTUAL],"""étude"" --(BEFORE)--> ""adressé"" | ""adressé"" --(BEFORE)--> ""bilan"" | ""bilan"" --(BEFORE)--> ""myologramme"" | ""myologramme"" --(BEFORE)--> ""bilan"""
147,49,FR100683,[EVENT_BEFORE_N/A_ACTUAL] --(BEFORE)--> [EVENT_BEFORE_N/A_ACTUAL] | [EVENT_BEFORE_N/A_ACTUAL] --(BEFORE)--> [EVENT_BEFORE_N/A_ACTUAL] | [EVENT_BEFORE_N/A_ACTUAL] --(BEFORE)--> [EVENT_BEFORE_N/A_ACTUAL] | [EVENT_BEFORE_N/A_ACTUAL] --(BEFORE)--> [EVENT_BEFORE_N/A_ACTUAL],"""examen"" --(BEFORE)--> ""exploration"" | ""exploration"" --(BEFORE)--> ""exploration"" | ""exploration"" --(BEFORE)--> ""IRM"" | ""IRM"" --(BEFORE)--> ""écho-mammographie"""
147,49,FR100688,[EVENT_BEFORE_N/A_ACTUAL] --(BEFORE)--> [EVENT_BEFORE_N/A_ACTUAL] | [EVENT_BEFORE_N/A_ACTUAL] --(BEFORE)--> [EVENT_BEFORE_N/A_ACTUAL] | [EVENT_BEFORE_N/A_ACTUAL] --(BEFORE)--> [EVENT_BEFORE_N/A_ACTUAL] | [EVENT_BEFORE_N/A_ACTUAL] --(BEFORE)--> [EVENT_BEFORE_N/A_ACTUAL],"""examen"" --(BEFORE)--> ""sérologie"" | ""sérologie"" --(BEFORE)--> ""radiographie"" | ""radiographie"" --(BEFORE)--> ""échographie"" | ""échographie"" --(BEFORE)--> ""radiographie"""
147,49,FR100689,[EVENT_BEFORE_N/A_ACTUAL] --(BEFORE)--> [EVENT_BEFORE_N/A_ACTUAL] | [EVENT_BEFORE_N/A_ACTUAL] --(BEFORE)--> [EVENT_BEFORE_N/A_ACTUAL] | [EVENT_BEFORE_N/A_ACTUAL] --(BEFORE)--> [EVENT_BEFORE_N/A_ACTUAL] | [EVENT_BEFORE_N/A_ACTUAL] --(BEFORE)--> [EVENT_BEFORE_N/A_ACTUAL],"""IRM"" --(BEFORE)--> ""étude"" | ""étude"" --(BEFORE)--> ""examen"" | ""examen"" --(BEFORE)--> ""PCR"" | ""PCR"" --(BEFORE)--> ""scanner"""
147,49,FR100697,[EVENT_BEFORE_N/A_ACTUAL] --(BEFORE)--> [EVENT_BEFORE_N/A_ACTUAL] | [EVENT_BEFORE_N/A_ACTUAL] --(BEFORE)--> [EVENT_BEFORE_N/A_ACTUAL] | [EVENT_BEFORE_N/A_ACTUAL] --(BEFORE)--> [EVENT_BEFORE_N/A_ACTUAL] | [EVENT_BEFORE_N/A_ACTUAL] --(BEFORE)--> [EVENT_BEFORE_N/A_ACTUAL],"""palpation"" --(BEFORE)--> ""examen"" | ""examen"" --(BEFORE)--> ""mammographie"" | ""mammographie"" --(BEFORE)--> ""échographie"" | ""échographie"" --(BEFORE)--> ""examen"""
147,49,FR100708,[EVENT_BEFORE_N/A_ACTUAL] --(BEFORE)--> [EVENT_BEFORE_N/A_ACTUAL] | [EVENT_BEFORE_N/A_ACTUAL] --(BEFORE)--> [EVENT_BEFORE_N/A_ACTUAL] | [EVENT_BEFORE_N/A_ACTUAL] --(BEFORE)--> [EVENT_BEFORE_N/A_ACTUAL] | [EVENT_BEFORE_N/A_ACTUAL] --(BEFORE)--> [EVENT_BEFORE_N/A_ACTUAL],"""examen"" --(BEFORE)--> ""mammographie"" | ""mammographie"" --(BEFORE)--> ""échographie"" | ""échographie"" --(BEFORE)--> ""ponction"" | ""ponction"" --(BEFORE)--> ""étude"""
147,49,FR100717,[EVENT_BEFORE_N/A_ACTUAL] --(BEFORE)--> [EVENT_BEFORE_N/A_ACTUAL] | [EVENT_BEFORE_N/A_ACTUAL] --(BEFORE)--> [EVENT_BEFORE_N/A_ACTUAL] | [EVENT_BEFORE_N/A_ACTUAL] --(BEFORE)--> [EVENT_BEFORE_N/A_ACTUAL] | [EVENT_BEFORE_N/A_ACTUAL] --(BEFORE)--> [EVENT_BEFORE_N/A_ACTUAL],"""consulté"" --(BEFORE)--> ""traitement"" | ""traitement"" --(BEFORE)--> ""examen"" | ""examen"" --(BEFORE)--> ""examens"" | ""examens"" --(BEFORE)--> ""scanner"""
147,49,FR100748,[EVENT_BEFORE_N/A_ACTUAL] --(BEFORE)--> [EVENT_BEFORE_N/A_ACTUAL] | [EVENT_BEFORE_N/A_ACTUAL] --(BEFORE)--> [EVENT_BEFORE_N/A_ACTUAL] | [EVENT_BEFORE_N/A_ACTUAL] --(BEFORE)--> [EVENT_BEFORE_N/A_ACTUAL] | [EVENT_BEFORE_N/A_ACTUAL] --(BEFORE)--> [EVENT_BEFORE_N/A_ACTUAL],"""mobilisation"" --(BEFORE)--> ""suites"" | ""suites"" --(BEFORE)--> ""transférée"" | ""transférée"" --(BEFORE)--> ""regagné"" | ""regagné"" --(BEFORE)--> ""recul"""
147,49,FR100806,[EVENT_BEFORE_N/A_ACTUAL] --(BEFORE)--> [EVENT_BEFORE_N/A_ACTUAL] | [EVENT_BEFORE_N/A_ACTUAL] --(BEFORE)--> [EVENT_BEFORE_N/A_ACTUAL] | [EVENT_BEFORE_N/A_ACTUAL] --(BEFORE)--> [EVENT_BEFORE_N/A_ACTUAL] | [EVENT_BEFORE_N/A_ACTUAL] --(BEFORE)--> [EVENT_BEFORE_N/A_ACTUAL],"""transfusions"" --(BEFORE)--> ""biologie"" | ""biologie"" --(BEFORE)--> ""tomodensitométrie"" | ""tomodensitométrie"" --(BEFORE)--> ""prise"" | ""prise"" --(BEFORE)--> ""examen"""
147,49,FR100826,[EVENT_BEFORE_N/A_ACTUAL] --(BEFORE)--> [EVENT_BEFORE_N/A_ACTUAL] | [EVENT_BEFORE_N/A_ACTUAL] --(BEFORE)--> [EVENT_BEFORE_N/A_ACTUAL] | [EVENT_BEFORE_N/A_ACTUAL] --(BEFORE)--> [EVENT_BEFORE_N/A_ACTUAL] | [EVENT_BEFORE_N/A_ACTUAL] --(BEFORE)--> [EVENT_BEFORE_N/A_ACTUAL],"""examen"" --(BEFORE)--> ""bilan"" | ""bilan"" --(BEFORE)--> ""bilan"" | ""bilan"" --(BEFORE)--> ""retenue"" | ""retenue"" --(BEFORE)--> ""exploration"""
147,49,FR100845,[EVENT_BEFORE_N/A_ACTUAL] --(BEFORE)--> [EVENT_BEFORE_N/A_ACTUAL] | [EVENT_BEFORE_N/A_ACTUAL] --(BEFORE)--> [EVENT_BEFORE_N/A_ACTUAL] | [EVENT_BEFORE_N/A_ACTUAL] --(BEFORE)--> [EVENT_BEFORE_N/A_ACTUAL] | [EVENT_BEFORE_N/A_ACTUAL] --(BEFORE)--> [EVENT_BEFORE_N/A_ACTUAL],"""informé"" --(BEFORE)--> ""décision"" | ""décision"" --(BEFORE)--> ""extraction"" | ""extraction"" --(BEFORE)--> ""examen"" | ""examen"" --(BEFORE)--> ""examinés"""
147,49,FR100870,[EVENT_BEFORE_N/A_ACTUAL] --(BEFORE)--> [EVENT_BEFORE_N/A_ACTUAL] | [EVENT_BEFORE_N/A_ACTUAL] --(BEFORE)--> [EVENT_BEFORE_N/A_ACTUAL] | [EVENT_BEFORE_N/A_ACTUAL] --(BEFORE)--> [EVENT_BEFORE_N/A_ACTUAL] | [EVENT_BEFORE_N/A_ACTUAL] --(BEFORE)--> [EVENT_BEFORE_N/A_ACTUAL],"""radiothérapie"" --(BEFORE)--> ""admis"" | ""admis"" --(BEFORE)--> ""imagerie"" | ""imagerie"" --(BEFORE)--> ""hémogramme"" | ""hémogramme"" --(BEFORE)--> ""bilan"""
147,49,FR100874,[EVENT_BEFORE_N/A_ACTUAL] --(BEFORE)--> [EVENT_BEFORE_N/A_ACTUAL] | [EVENT_BEFORE_N/A_ACTUAL] --(BEFORE)--> [EVENT_BEFORE_N/A_ACTUAL] | [EVENT_BEFORE_N/A_ACTUAL] --(BEFORE)--> [EVENT_BEFORE_N/A_ACTUAL] | [EVENT_BEFORE_N/A_ACTUAL] --(BEFORE)--> [EVENT_BEFORE_N/A_ACTUAL],"""transit"" --(BEFORE)--> ""tomodensitométrie"" | ""tomodensitométrie"" --(BEFORE)--> ""retenu"" | ""retenu"" --(BEFORE)--> ""mise"" | ""mise"" --(BEFORE)--> ""diverticulectomie"""
147,49,FR100882,[EVENT_BEFORE_N/A_ACTUAL] --(BEFORE)--> [EVENT_BEFORE_N/A_ACTUAL] | [EVENT_BEFORE_N/A_ACTUAL] --(BEFORE)--> [EVENT_BEFORE_N/A_ACTUAL] | [EVENT_BEFORE_N/A_ACTUAL] --(BEFORE)--> [EVENT_BEFORE_N/A_ACTUAL] | [EVENT_BEFORE_N/A_ACTUAL] --(BEFORE)--> [EVENT_BEFORE_N/A_ACTUAL],"""prise"" --(BEFORE)--> ""laminectomie"" | ""laminectomie"" --(BEFORE)--> ""Imagerie"" | ""Imagerie"" --(BEFORE)--> ""bilan"" | ""bilan"" --(BEFORE)--> ""sérologies"""
147,49,FR100894,[EVENT_BEFORE_N/A_ACTUAL] --(BEFORE)--> [EVENT_BEFORE_N/A_ACTUAL] | [EVENT_BEFORE_N/A_ACTUAL] --(BEFORE)--> [EVENT_BEFORE_N/A_ACTUAL] | [EVENT_BEFORE_N/A_ACTUAL] --(BEFORE)--> [EVENT_BEFORE_N/A_ACTUAL] | [EVENT_BEFORE_N/A_ACTUAL] --(BEFORE)--> [EVENT_BEFORE_N/A_ACTUAL],"""IRM"" --(BEFORE)--> ""appuyés"" | ""appuyés"" --(BEFORE)--> ""diagnostic"" | ""diagnostic"" --(BEFORE)--> ""pris"" | ""pris"" --(BEFORE)--> ""incision"""
147,49,FR100903,[EVENT_BEFORE_N/A_ACTUAL] --(BEFORE)--> [EVENT_BEFORE_N/A_ACTUAL] | [EVENT_BEFORE_N/A_ACTUAL] --(BEFORE)--> [EVENT_BEFORE_N/A_ACTUAL] | [EVENT_BEFORE_N/A_ACTUAL] --(BEFORE)--> [EVENT_BEFORE_N/A_ACTUAL] | [EVENT_BEFORE_N/A_ACTUAL] --(BEFORE)--> [EVENT_BEFORE_N/A_ACTUAL],"""diagnostic"" --(BEFORE)--> ""écarté"" | ""écarté"" --(BEFORE)--> ""contrôles"" | ""contrôles"" --(BEFORE)--> ""accouchement"" | ""accouchement"" --(BEFORE)--> ""décédé"""
147,49,FR100946,[EVENT_BEFORE_N/A_ACTUAL] --(BEFORE)--> [EVENT_BEFORE_N/A_ACTUAL] | [EVENT_BEFORE_N/A_ACTUAL] --(BEFORE)--> [EVENT_BEFORE_N/A_ACTUAL] | [EVENT_BEFORE_N/A_ACTUAL] --(BEFORE)--> [EVENT_BEFORE_N/A_ACTUAL] | [EVENT_BEFORE_N/A_ACTUAL] --(BEFORE)--> [EVENT_BEFORE_N/A_ACTUAL],"""analyse"" --(BEFORE)--> ""mise"" | ""mise"" --(BEFORE)--> ""analyse"" | ""analyse"" --(BEFORE)--> ""mise"" | ""mise"" --(BEFORE)--> ""récupération"""
147,49,FR100996,[EVENT_BEFORE_N/A_ACTUAL] --(BEFORE)--> [EVENT_BEFORE_N/A_ACTUAL] | [EVENT_BEFORE_N/A_ACTUAL] --(BEFORE)--> [EVENT_BEFORE_N/A_ACTUAL] | [EVENT_BEFORE_N/A_ACTUAL] --(BEFORE)--> [EVENT_BEFORE_N/A_ACTUAL] | [EVENT_BEFORE_N/A_ACTUAL] --(BEFORE)--> [EVENT_BEFORE_N/A_ACTUAL],"""consulté"" --(BEFORE)--> ""examen"" | ""examen"" --(BEFORE)--> ""tomodensitométrie"" | ""tomodensitométrie"" --(BEFORE)--> ""injection"" | ""injection"" --(BEFORE)--> ""rehaussait"""
17,47,FR100003,[EVENT_BEFORE_N/A_ACTUAL] --(CONTAINS)--> [EVENT_BEFORE_N/A_ACTUAL] | [EVENT_BEFORE_N/A_ACTUAL] --(OVERLAP)--> [EVENT_BEFORE_N/A_ACTUAL],"""état"" --(CONTAINS)--> ""Lexamen"" | ""état"" --(OVERLAP)--> ""SaO2"""
17,47,FR100078,[EVENT_BEFORE_N/A_ACTUAL] --(CONTAINS)--> [EVENT_BEFORE_N/A_ACTUAL] | [EVENT_BEFORE_N/A_ACTUAL] --(OVERLAP)--> [EVENT_BEFORE_N/A_ACTUAL],"""ulcères"" --(CONTAINS)--> ""hospitalisation"" | ""ulcères"" --(OVERLAP)--> ""récidives"""
17,47,FR100092,[EVENT_BEFORE_N/A_ACTUAL] --(CONTAINS)--> [EVENT_BEFORE_N/A_ACTUAL] | [EVENT_BEFORE_N/A_ACTUAL] --(OVERLAP)--> [EVENT_BEFORE_N/A_ACTUAL],"""appendicite"" --(CONTAINS)--> ""étude"" | ""appendicite"" --(OVERLAP)--> ""réaction"""
17,47,FR100120,[EVENT_BEFORE_N/A_ACTUAL] --(CONTAINS)--> [EVENT_BEFORE_N/A_ACTUAL] | [EVENT_BEFORE_N/A_ACTUAL] --(OVERLAP)--> [EVENT_BEFORE_N/A_ACTUAL],"""traitement"" --(CONTAINS)--> ""soins"" | ""traitement"" --(OVERLAP)--> ""rattaché"""
17,47,FR100130,[EVENT_BEFORE_N/A_ACTUAL] --(CONTAINS)--> [EVENT_BEFORE_N/A_ACTUAL] | [EVENT_BEFORE_N/A_ACTUAL] --(OVERLAP)--> [EVENT_BEFORE_N/A_ACTUAL],"""réflexes"" --(CONTAINS)--> ""examen"" | ""réflexes"" --(OVERLAP)--> ""réflexe"""
17,47,FR100132,[EVENT_BEFORE_N/A_ACTUAL] --(CONTAINS)--> [EVENT_BEFORE_N/A_ACTUAL] | [EVENT_BEFORE_N/A_ACTUAL] --(OVERLAP)--> [EVENT_BEFORE_N/A_ACTUAL],"""consultation"" --(CONTAINS)--> ""référée"" | ""consultation"" --(OVERLAP)--> ""antécédents"""
17,47,FR100142,[EVENT_BEFORE_N/A_ACTUAL] --(CONTAINS)--> [EVENT_BEFORE_N/A_ACTUAL] | [EVENT_BEFORE_N/A_ACTUAL] --(OVERLAP)--> [EVENT_BEFORE_N/A_ACTUAL],"""anémie"" --(CONTAINS)--> ""examen"" | ""anémie"" --(OVERLAP)--> ""vitesse"""
17,47,FR100161,[EVENT_BEFORE_N/A_ACTUAL] --(CONTAINS)--> [EVENT_BEFORE_N/A_ACTUAL] | [EVENT_BEFORE_N/A_ACTUAL] --(OVERLAP)--> [EVENT_BEFORE_N/A_ACTUAL],"""sérologie"" --(CONTAINS)--> ""examens"" | ""sérologie"" --(OVERLAP)--> ""charge"""
17,47,FR100168,[EVENT_BEFORE_N/A_ACTUAL] --(CONTAINS)--> [EVENT_BEFORE_N/A_ACTUAL] | [EVENT_BEFORE_N/A_ACTUAL] --(OVERLAP)--> [EVENT_BEFORE_N/A_ACTUAL],"""circonstances"" --(CONTAINS)--> ""technique"" | ""circonstances"" --(OVERLAP)--> ""explication"""
17,47,FR100255,[EVENT_BEFORE_N/A_ACTUAL] --(CONTAINS)--> [EVENT_BEFORE_N/A_ACTUAL] | [EVENT_BEFORE_N/A_ACTUAL] --(OVERLAP)--> [EVENT_BEFORE_N/A_ACTUAL],"""expulsé"" --(CONTAINS)--> ""efforts"" | ""expulsé"" --(OVERLAP)--> ""poids"""
17,47,FR100275,[EVENT_BEFORE_N/A_ACTUAL] --(CONTAINS)--> [EVENT_BEFORE_N/A_ACTUAL] | [EVENT_BEFORE_N/A_ACTUAL] --(OVERLAP)--> [EVENT_BEFORE_N/A_ACTUAL],"""bilan"" --(CONTAINS)--> ""électroencéphalogramme"" | ""bilan"" --(OVERLAP)--> ""rassurant"""
17,47,FR100282,[EVENT_BEFORE_N/A_ACTUAL] --(CONTAINS)--> [EVENT_BEFORE_N/A_ACTUAL] | [EVENT_BEFORE_N/A_ACTUAL] --(OVERLAP)--> [EVENT_BEFORE_N/A_ACTUAL],"""crises"" --(CONTAINS)--> ""soumis"" | ""crises"" --(OVERLAP)--> ""perte"""
17,47,FR100296,[EVENT_BEFORE_N/A_ACTUAL] --(CONTAINS)--> [EVENT_BEFORE_N/A_ACTUAL] | [EVENT_BEFORE_N/A_ACTUAL] --(OVERLAP)--> [EVENT_BEFORE_N/A_ACTUAL],"""émergence"" --(CONTAINS)--> ""fenestration"" | ""émergence"" --(OVERLAP)--> ""conflit"""
17,47,FR100361,[EVENT_BEFORE_N/A_ACTUAL] --(CONTAINS)--> [EVENT_BEFORE_N/A_ACTUAL] | [EVENT_BEFORE_N/A_ACTUAL] --(OVERLAP)--> [EVENT_BEFORE_N/A_ACTUAL],"""envahit"" --(CONTAINS)--> ""étude"" | ""envahit"" --(OVERLAP)--> ""perméable"""
17,47,FR100371,[EVENT_BEFORE_N/A_ACTUAL] --(CONTAINS)--> [EVENT_BEFORE_N/A_ACTUAL] | [EVENT_BEFORE_N/A_ACTUAL] --(OVERLAP)--> [EVENT_BEFORE_N/A_ACTUAL],"""tension"" --(CONTAINS)--> ""examen"" | ""tension"" --(OVERLAP)--> ""fréquence"""
17,47,FR100400,[EVENT_BEFORE_N/A_ACTUAL] --(CONTAINS)--> [EVENT_BEFORE_N/A_ACTUAL] | [EVENT_BEFORE_N/A_ACTUAL] --(OVERLAP)--> [EVENT_BEFORE_N/A_ACTUAL],"""suites"" --(CONTAINS)--> ""retiré"" | ""suites"" --(OVERLAP)--> ""étude"""
17,47,FR100517,[EVENT_BEFORE_N/A_ACTUAL] --(CONTAINS)--> [EVENT_BEFORE_N/A_ACTUAL] | [EVENT_BEFORE_N/A_ACTUAL] --(OVERLAP)--> [EVENT_BEFORE_N/A_ACTUAL],"""bilan"" --(CONTAINS)--> ""fibroscopie"" | ""bilan"" --(OVERLAP)--> ""amélioration"""
17,47,FR100519,[EVENT_BEFORE_N/A_ACTUAL] --(CONTAINS)--> [EVENT_BEFORE_N/A_ACTUAL] | [EVENT_BEFORE_N/A_ACTUAL] --(OVERLAP)--> [EVENT_BEFORE_N/A_ACTUAL],"""opacité"" --(CONTAINS)--> ""radiographie"" | ""opacité"" --(OVERLAP)--> ""bronchogramme"""
17,47,FR100579,[EVENT_BEFORE_N/A_ACTUAL] --(CONTAINS)--> [EVENT_BEFORE_N/A_ACTUAL] | [EVENT_BEFORE_N/A_ACTUAL] --(OVERLAP)--> [EVENT_BEFORE_N/A_ACTUAL],"""antécédents"" --(CONTAINS)--> ""traumatisme"" | ""antécédents"" --(OVERLAP)--> ""consulte"""
17,47,FR100589,[EVENT_BEFORE_N/A_ACTUAL] --(CONTAINS)--> [EVENT_BEFORE_N/A_ACTUAL] | [EVENT_BEFORE_N/A_ACTUAL] --(OVERLAP)--> [EVENT_BEFORE_N/A_ACTUAL],"""toux"" --(CONTAINS)--> ""hospitalisation"" | ""toux"" --(OVERLAP)--> ""dyspnée"""
17,47,FR100597,[EVENT_BEFORE_N/A_ACTUAL] --(CONTAINS)--> [EVENT_BEFORE_N/A_ACTUAL] | [EVENT_BEFORE_N/A_ACTUAL] --(OVERLAP)--> [EVENT_BEFORE_N/A_ACTUAL],"""hystérectomie"" --(CONTAINS)--> ""exérèse"" | ""hystérectomie"" --(OVERLAP)--> ""examen"""
17,47,FR100620,[EVENT_BEFORE_N/A_ACTUAL] --(CONTAINS)--> [EVENT_BEFORE_N/A_ACTUAL] | [EVENT_BEFORE_N/A_ACTUAL] --(OVERLAP)--> [EVENT_BEFORE_N/A_ACTUAL],"""lésions"" --(CONTAINS)--> ""radiographie"" | ""lésions"" --(OVERLAP)--> ""visibles"""
17,47,FR100632,[EVENT_BEFORE_N/A_ACTUAL] --(CONTAINS)--> [EVENT_BEFORE_N/A_ACTUAL] | [EVENT_BEFORE_N/A_ACTUAL] --(OVERLAP)--> [EVENT_BEFORE_N/A_ACTUAL],"""myélite"" --(CONTAINS)--> ""diagnostic"" | ""myélite"" --(OVERLAP)--> ""hépatite"""
17,47,FR100658,[EVENT_BEFORE_N/A_ACTUAL] --(CONTAINS)--> [EVENT_BEFORE_N/A_ACTUAL] | [EVENT_BEFORE_N/A_ACTUAL] --(OVERLAP)--> [EVENT_BEFORE_N/A_ACTUAL],"""auscultation"" --(CONTAINS)--> ""fréquence"" | ""auscultation"" --(OVERLAP)--> ""critères"""
17,47,FR100666,[EVENT_BEFORE_N/A_ACTUAL] --(CONTAINS)--> [EVENT_BEFORE_N/A_ACTUAL] | [EVENT_BEFORE_N/A_ACTUAL] --(OVERLAP)--> [EVENT_BEFORE_N/A_ACTUAL],"""COPADEM"" --(CONTAINS)--> ""doxorubicine"" | ""COPADEM"" --(OVERLAP)--> ""CYVE"""
17,47,FR100683,[EVENT_BEFORE_N/A_ACTUAL] --(CONTAINS)--> [EVENT_BEFORE_N/A_ACTUAL] | [EVENT_BEFORE_N/A_ACTUAL] --(OVERLAP)--> [EVENT_BEFORE_N/A_ACTUAL],"""taux"" --(CONTAINS)--> ""exploration"" | ""taux"" --(OVERLAP)--> ""FSH"""
17,47,FR100689,[EVENT_BEFORE_N/A_ACTUAL] --(CONTAINS)--> [EVENT_BEFORE_N/A_ACTUAL] | [EVENT_BEFORE_N/A_ACTUAL] --(OVERLAP)--> [EVENT_BEFORE_N/A_ACTUAL],"""évolution"" --(CONTAINS)--> ""apparition"" | ""évolution"" --(OVERLAP)--> ""symptomatologie"""
17,47,FR100697,[EVENT_BEFORE_N/A_ACTUAL] --(CONTAINS)--> [EVENT_BEFORE_N/A_ACTUAL] | [EVENT_BEFORE_N/A_ACTUAL] --(OVERLAP)--> [EVENT_BEFORE_N/A_ACTUAL],"""adénopathies"" --(CONTAINS)--> ""échographie"" | ""adénopathies"" --(OVERLAP)--> ""épaississement"""
17,47,FR100717,[EVENT_BEFORE_N/A_ACTUAL] --(CONTAINS)--> [EVENT_BEFORE_N/A_ACTUAL] | [EVENT_BEFORE_N/A_ACTUAL] --(OVERLAP)--> [EVENT_BEFORE_N/A_ACTUAL],"""suites"" --(CONTAINS)--> ""régression"" | ""suites"" --(OVERLAP)--> ""évolution"""
17,47,FR100748,[EVENT_BEFORE_N/A_ACTUAL] --(CONTAINS)--> [EVENT_BEFORE_N/A_ACTUAL] | [EVENT_BEFORE_N/A_ACTUAL] --(OVERLAP)--> [EVENT_BEFORE_N/A_ACTUAL],"""ouverture"" --(CONTAINS)--> ""aborder"" | ""ouverture"" --(OVERLAP)--> ""libération"""
17,47,FR100766,[EVENT_BEFORE_N/A_ACTUAL] --(CONTAINS)--> [EVENT_BEFORE_N/A_ACTUAL] | [EVENT_BEFORE_N/A_ACTUAL] --(OVERLAP)--> [EVENT_BEFORE_N/A_ACTUAL],"""opéré"" --(CONTAINS)--> ""amputation"" | ""opéré"" --(OVERLAP)--> ""antécédents"""
17,47,FR100780,[EVENT_BEFORE_N/A_ACTUAL] --(CONTAINS)--> [EVENT_BEFORE_N/A_ACTUAL] | [EVENT_BEFORE_N/A_ACTUAL] --(OVERLAP)--> [EVENT_BEFORE_N/A_ACTUAL],"""grossesse"" --(CONTAINS)--> ""séances"" | ""grossesse"" --(OVERLAP)--> ""admise"""
17,47,FR100849,[EVENT_BEFORE_N/A_ACTUAL] --(CONTAINS)--> [EVENT_BEFORE_N/A_ACTUAL] | [EVENT_BEFORE_N/A_ACTUAL] --(OVERLAP)--> [EVENT_BEFORE_N/A_ACTUAL],"""admission"" --(CONTAINS)--> ""examen"" | ""admission"" --(OVERLAP)--> ""CRP"""
17,47,FR100870,[EVENT_BEFORE_N/A_ACTUAL] --(CONTAINS)--> [EVENT_BEFORE_N/A_ACTUAL] | [EVENT_BEFORE_N/A_ACTUAL] --(OVERLAP)--> [EVENT_BEFORE_N/A_ACTUAL],"""anomalie"" --(CONTAINS)--> ""imagerie"" | ""anomalie"" --(OVERLAP)--> ""processus"""
17,47,FR100882,[EVENT_BEFORE_N/A_ACTUAL] --(CONTAINS)--> [EVENT_BEFORE_N/A_ACTUAL] | [EVENT_BEFORE_N/A_ACTUAL] --(OVERLAP)--> [EVENT_BEFORE_N/A_ACTUAL],"""tumeur"" --(CONTAINS)--> ""examen"" | ""tumeur"" --(OVERLAP)--> ""signe"""
17,47,FR100894,[EVENT_BEFORE_N/A_ACTUAL] --(CONTAINS)--> [EVENT_BEFORE_N/A_ACTUAL] | [EVENT_BEFORE_N/A_ACTUAL] --(OVERLAP)--> [EVENT_BEFORE_N/A_ACTUAL],"""incision"" --(CONTAINS)--> ""décompression"" | ""incision"" --(OVERLAP)--> ""rompu"""
17,47,FR100903,[EVENT_BEFORE_N/A_ACTUAL] --(CONTAINS)--> [EVENT_BEFORE_N/A_ACTUAL] | [EVENT_BEFORE_N/A_ACTUAL] --(OVERLAP)--> [EVENT_BEFORE_N/A_ACTUAL],"""anatomie"" --(CONTAINS)--> ""échographie"" | ""anatomie"" --(OVERLAP)--> ""augmentation"""
17,47,FR100919,[EVENT_BEFORE_N/A_ACTUAL] --(CONTAINS)--> [EVENT_BEFORE_N/A_ACTUAL] | [EVENT_BEFORE_N/A_ACTUAL] --(OVERLAP)--> [EVENT_BEFORE_N/A_ACTUAL],"""signes"" --(CONTAINS)--> ""bilans"" | ""signes"" --(OVERLAP)--> ""prise"""
17,47,FR100925,[EVENT_BEFORE_N/A_ACTUAL] --(CONTAINS)--> [EVENT_BEFORE_N/A_ACTUAL] | [EVENT_BEFORE_N/A_ACTUAL] --(OVERLAP)--> [EVENT_BEFORE_N/A_ACTUAL],"""infection"" --(CONTAINS)--> ""bilan"" | ""infection"" --(OVERLAP)--> ""Ac"""
17,47,FR100979,[EVENT_BEFORE_N/A_ACTUAL] --(CONTAINS)--> [EVENT_BEFORE_N/A_ACTUAL] | [EVENT_BEFORE_N/A_ACTUAL] --(OVERLAP)--> [EVENT_BEFORE_N/A_ACTUAL],"""grossesse"" --(CONTAINS)--> ""admise"" | ""grossesse"" --(OVERLAP)--> ""suivie"""
17,47,FR100996,[EVENT_BEFORE_N/A_ACTUAL] --(CONTAINS)--> [EVENT_BEFORE_N/A_ACTUAL] | [EVENT_BEFORE_N/A_ACTUAL] --(OVERLAP)--> [EVENT_BEFORE_N/A_ACTUAL],"""hernie"" --(CONTAINS)--> ""retenu"" | ""hernie"" --(OVERLAP)--> ""signe"""
17,47,FR100998,[EVENT_BEFORE_N/A_ACTUAL] --(CONTAINS)--> [EVENT_BEFORE_N/A_ACTUAL] | [EVENT_BEFORE_N/A_ACTUAL] --(OVERLAP)--> [EVENT_BEFORE_N/A_ACTUAL],"""broncho-pneumopathie"" --(CONTAINS)--> ""bilan"" | ""broncho-pneumopathie"" --(OVERLAP)--> ""amélioré"""
17,47,FR101000,[EVENT_BEFORE_N/A_ACTUAL] --(CONTAINS)--> [EVENT_BEFORE_N/A_ACTUAL] | [EVENT_BEFORE_N/A_ACTUAL] --(OVERLAP)--> [EVENT_BEFORE_N/A_ACTUAL],"""dilatation"" --(CONTAINS)--> ""retrouvé"" | ""dilatation"" --(OVERLAP)--> ""cause"""
29,45,FR100003,[EVENT_BEFORE_N/A_ACTUAL] --(CONTAINS)--> [EVENT_BEFORE_N/A_ACTUAL] | [EVENT_BEFORE_N/A_ACTUAL] --(BEFORE)--> [EVENT_BEFORE_N/A_ACTUAL] | [EVENT_BEFORE_N/A_ACTUAL] --(BEFORE)--> [EVENT_BEFORE_N/A_ACTUAL] | [EVENT_BEFORE_N/A_ACTUAL] --(BEFORE)--> [EVENT_BEFORE_N/A_ACTUAL] | [EVENT_BEFORE_N/A_ACTUAL] --(BEFORE)--> [EVENT_BEFORE_N/A_ACTUAL],"""épanchement"" --(CONTAINS)--> ""TDM"" | ""TDM"" --(BEFORE)--> ""panoramique"" | ""panoramique"" --(BEFORE)--> ""ponction"" | ""ponction"" --(BEFORE)--> ""examen"" | ""examen"" --(BEFORE)--> ""examen"""
29,45,FR100092,[EVENT_BEFORE_N/A_ACTUAL] --(CONTAINS)--> [EVENT_BEFORE_N/A_ACTUAL] | [EVENT_BEFORE_N/A_ACTUAL] --(BEFORE)--> [EVENT_BEFORE_N/A_ACTUAL] | [EVENT_BEFORE_N/A_ACTUAL] --(BEFORE)--> [EVENT_BEFORE_N/A_ACTUAL] | [EVENT_BEFORE_N/A_ACTUAL] --(BEFORE)--> [EVENT_BEFORE_N/A_ACTUAL] | [EVENT_BEFORE_N/A_ACTUAL] --(BEFORE)--> [EVENT_BEFORE_N/A_ACTUAL],"""empâtement"" --(CONTAINS)--> ""examen"" | ""examen"" --(BEFORE)--> ""échographie"" | ""échographie"" --(BEFORE)--> ""tableau"" | ""tableau"" --(BEFORE)--> ""reste"" | ""reste"" --(BEFORE)--> ""minilaparotomie"""
29,45,FR100130,[EVENT_BEFORE_N/A_ACTUAL] --(CONTAINS)--> [EVENT_BEFORE_N/A_ACTUAL] | [EVENT_BEFORE_N/A_ACTUAL] --(BEFORE)--> [EVENT_BEFORE_N/A_ACTUAL] | [EVENT_BEFORE_N/A_ACTUAL] --(BEFORE)--> [EVENT_BEFORE_N/A_ACTUAL] | [EVENT_BEFORE_N/A_ACTUAL] --(BEFORE)--> [EVENT_BEFORE_N/A_ACTUAL] | [EVENT_BEFORE_N/A_ACTUAL] --(BEFORE)--> [EVENT_BEFORE_N/A_ACTUAL],"""apyrétique"" --(CONTAINS)--> ""examen"" | ""examen"" --(BEFORE)--> ""biologie"" | ""biologie"" --(BEFORE)--> ""glycémie"" | ""glycémie"" --(BEFORE)--> ""confirmé"" | ""confirmé"" --(BEFORE)--> ""recherche"""
29,45,FR100142,[EVENT_BEFORE_N/A_ACTUAL] --(CONTAINS)--> [EVENT_BEFORE_N/A_ACTUAL] | [EVENT_BEFORE_N/A_ACTUAL] --(BEFORE)--> [EVENT_BEFORE_N/A_ACTUAL] | [EVENT_BEFORE_N/A_ACTUAL] --(BEFORE)--> [EVENT_BEFORE_N/A_ACTUAL] | [EVENT_BEFORE_N/A_ACTUAL] --(BEFORE)--> [EVENT_BEFORE_N/A_ACTUAL] | [EVENT_BEFORE_N/A_ACTUAL] --(BEFORE)--> [EVENT_BEFORE_N/A_ACTUAL],"""anémie"" --(CONTAINS)--> ""examen"" | ""examen"" --(BEFORE)--> ""électrophorèse"" | ""électrophorèse"" --(BEFORE)--> ""scanner"" | ""scanner"" --(BEFORE)--> ""fibroscopie"" | ""fibroscopie"" --(BEFORE)--> ""biopsie"""
29,45,FR100161,[EVENT_BEFORE_N/A_ACTUAL] --(CONTAINS)--> [EVENT_BEFORE_N/A_ACTUAL] | [EVENT_BEFORE_N/A_ACTUAL] --(BEFORE)--> [EVENT_BEFORE_N/A_ACTUAL] | [EVENT_BEFORE_N/A_ACTUAL] --(BEFORE)--> [EVENT_BEFORE_N/A_ACTUAL] | [EVENT_BEFORE_N/A_ACTUAL] --(BEFORE)--> [EVENT_BEFORE_N/A_ACTUAL] | [EVENT_BEFORE_N/A_ACTUAL] --(BEFORE)--> [EVENT_BEFORE_N/A_ACTUAL],"""sérologie"" --(CONTAINS)--> ""examens"" | ""examens"" --(BEFORE)--> ""radiographie"" | ""radiographie"" --(BEFORE)--> ""complément"" | ""complément"" --(BEFORE)--> ""cortisol"" | ""cortisol"" --(BEFORE)--> ""cortisol"""
29,45,FR100255,[EVENT_BEFORE_N/A_ACTUAL] --(CONTAINS)--> [EVENT_BEFORE_N/A_ACTUAL] | [EVENT_BEFORE_N/A_ACTUAL] --(BEFORE)--> [EVENT_BEFORE_N/A_ACTUAL] | [EVENT_BEFORE_N/A_ACTUAL] --(BEFORE)--> [EVENT_BEFORE_N/A_ACTUAL] | [EVENT_BEFORE_N/A_ACTUAL] --(BEFORE)--> [EVENT_BEFORE_N/A_ACTUAL] | [EVENT_BEFORE_N/A_ACTUAL] --(BEFORE)--> [EVENT_BEFORE_N/A_ACTUAL],"""grossesse"" --(CONTAINS)--> ""admise"" | ""admise"" --(BEFORE)--> ""examen"" | ""examen"" --(BEFORE)--> ""examen"" | ""examen"" --(BEFORE)--> ""échographie"" | ""échographie"" --(BEFORE)--> ""mise"""
29,45,FR100275,[EVENT_BEFORE_N/A_ACTUAL] --(CONTAINS)--> [EVENT_BEFORE_N/A_ACTUAL] | [EVENT_BEFORE_N/A_ACTUAL] --(BEFORE)--> [EVENT_BEFORE_N/A_ACTUAL] | [EVENT_BEFORE_N/A_ACTUAL] --(BEFORE)--> [EVENT_BEFORE_N/A_ACTUAL] | [EVENT_BEFORE_N/A_ACTUAL] --(BEFORE)--> [EVENT_BEFORE_N/A_ACTUAL] | [EVENT_BEFORE_N/A_ACTUAL] --(BEFORE)--> [EVENT_BEFORE_N/A_ACTUAL],"""matières"" --(CONTAINS)--> ""arrivée"" | ""arrivée"" --(BEFORE)--> ""établi"" | ""établi"" --(BEFORE)--> ""manœuvres"" | ""manœuvres"" --(BEFORE)--> ""transféré"" | ""transféré"" --(BEFORE)--> ""anamnèse"""
29,45,FR100283,[EVENT_BEFORE_N/A_ACTUAL] --(CONTAINS)--> [EVENT_BEFORE_N/A_ACTUAL] | [EVENT_BEFORE_N/A_ACTUAL] --(BEFORE)--> [EVENT_BEFORE_N/A_ACTUAL] | [EVENT_BEFORE_N/A_ACTUAL] --(BEFORE)--> [EVENT_BEFORE_N/A_ACTUAL] | [EVENT_BEFORE_N/A_ACTUAL] --(BEFORE)--> [EVENT_BEFORE_N/A_ACTUAL] | [EVENT_BEFORE_N/A_ACTUAL] --(BEFORE)--> [EVENT_BEFORE_N/A_ACTUAL],"""syndrome"" --(CONTAINS)--> ""bilan"" | ""bilan"" --(BEFORE)--> ""IRM"" | ""IRM"" --(BEFORE)--> ""hypophysiogramme"" | ""hypophysiogramme"" --(BEFORE)--> ""traitement"" | ""traitement"" --(BEFORE)--> ""évolution"""
29,45,FR100296,[EVENT_BEFORE_N/A_ACTUAL] --(CONTAINS)--> [EVENT_BEFORE_N/A_ACTUAL] | [EVENT_BEFORE_N/A_ACTUAL] --(BEFORE)--> [EVENT_BEFORE_N/A_ACTUAL] | [EVENT_BEFORE_N/A_ACTUAL] --(BEFORE)--> [EVENT_BEFORE_N/A_ACTUAL] | [EVENT_BEFORE_N/A_ACTUAL] --(BEFORE)--> [EVENT_BEFORE_N/A_ACTUAL] | [EVENT_BEFORE_N/A_ACTUAL] --(BEFORE)--> [EVENT_BEFORE_N/A_ACTUAL],"""phénomènes"" --(CONTAINS)--> ""examen"" | ""examen"" --(BEFORE)--> ""IRM"" | ""IRM"" --(BEFORE)--> ""fenestration"" | ""fenestration"" --(BEFORE)--> ""suites"" | ""suites"" --(BEFORE)--> ""exéaté"""
29,45,FR100314,[EVENT_BEFORE_N/A_ACTUAL] --(CONTAINS)--> [EVENT_BEFORE_N/A_ACTUAL] | [EVENT_BEFORE_N/A_ACTUAL] --(BEFORE)--> [EVENT_BEFORE_N/A_ACTUAL] | [EVENT_BEFORE_N/A_ACTUAL] --(BEFORE)--> [EVENT_BEFORE_N/A_ACTUAL] | [EVENT_BEFORE_N/A_ACTUAL] --(BEFORE)--> [EVENT_BEFORE_N/A_ACTUAL] | [EVENT_BEFORE_N/A_ACTUAL] --(BEFORE)--> [EVENT_BEFORE_N/A_ACTUAL],"""traumatisme"" --(CONTAINS)--> ""admise"" | ""admise"" --(BEFORE)--> ""bilan"" | ""bilan"" --(BEFORE)--> ""drainage"" | ""drainage"" --(BEFORE)--> ""angio-scanner"" | ""angio-scanner"" --(BEFORE)--> ""amputation"""
29,45,FR100344,[EVENT_BEFORE_N/A_ACTUAL] --(CONTAINS)--> [EVENT_BEFORE_N/A_ACTUAL] | [EVENT_BEFORE_N/A_ACTUAL] --(BEFORE)--> [EVENT_BEFORE_N/A_ACTUAL] | [EVENT_BEFORE_N/A_ACTUAL] --(BEFORE)--> [EVENT_BEFORE_N/A_ACTUAL] | [EVENT_BEFORE_N/A_ACTUAL] --(BEFORE)--> [EVENT_BEFORE_N/A_ACTUAL] | [EVENT_BEFORE_N/A_ACTUAL] --(BEFORE)--> [EVENT_BEFORE_N/A_ACTUAL],"""évolution"" --(CONTAINS)--> ""déroulée"" | ""déroulée"" --(BEFORE)--> ""plainte"" | ""plainte"" --(BEFORE)--> ""examen"" | ""examen"" --(BEFORE)--> ""césarienne"" | ""césarienne"" --(BEFORE)--> ""pesait"""
29,45,FR100346,[EVENT_BEFORE_N/A_ACTUAL] --(CONTAINS)--> [EVENT_BEFORE_N/A_ACTUAL] | [EVENT_BEFORE_N/A_ACTUAL] --(BEFORE)--> [EVENT_BEFORE_N/A_ACTUAL] | [EVENT_BEFORE_N/A_ACTUAL] --(BEFORE)--> [EVENT_BEFORE_N/A_ACTUAL] | [EVENT_BEFORE_N/A_ACTUAL] --(BEFORE)--> [EVENT_BEFORE_N/A_ACTUAL] | [EVENT_BEFORE_N/A_ACTUAL] --(BEFORE)--> [EVENT_BEFORE_N/A_ACTUAL],"""angiomyolipome"" --(CONTAINS)--> ""scanner"" | ""scanner"" --(BEFORE)--> ""posé"" | ""posé"" --(BEFORE)--> ""bilan"" | ""bilan"" --(BEFORE)--> ""héparinothérapie"" | ""héparinothérapie"" --(BEFORE)--> ""anti-vitamine"""
29,45,FR100360,[EVENT_BEFORE_N/A_ACTUAL] --(CONTAINS)--> [EVENT_BEFORE_N/A_ACTUAL] | [EVENT_BEFORE_N/A_ACTUAL] --(BEFORE)--> [EVENT_BEFORE_N/A_ACTUAL] | [EVENT_BEFORE_N/A_ACTUAL] --(BEFORE)--> [EVENT_BEFORE_N/A_ACTUAL] | [EVENT_BEFORE_N/A_ACTUAL] --(BEFORE)--> [EVENT_BEFORE_N/A_ACTUAL] | [EVENT_BEFORE_N/A_ACTUAL] --(BEFORE)--> [EVENT_BEFORE_N/A_ACTUAL],"""lésion"" --(CONTAINS)--> ""tomodensitométrie"" | ""tomodensitométrie"" --(BEFORE)--> ""complément"" | ""complément"" --(BEFORE)--> ""biopsie"" | ""biopsie"" --(BEFORE)--> ""tomodensitométrie"" | ""tomodensitométrie"" --(BEFORE)--> ""radiothérapie"""
29,45,FR100361,[EVENT_BEFORE_N/A_ACTUAL] --(CONTAINS)--> [EVENT_BEFORE_N/A_ACTUAL] | [EVENT_BEFORE_N/A_ACTUAL] --(BEFORE)--> [EVENT_BEFORE_N/A_ACTUAL] | [EVENT_BEFORE_N/A_ACTUAL] --(BEFORE)--> [EVENT_BEFORE_N/A_ACTUAL] | [EVENT_BEFORE_N/A_ACTUAL] --(BEFORE)--> [EVENT_BEFORE_N/A_ACTUAL] | [EVENT_BEFORE_N/A_ACTUAL] --(BEFORE)--> [EVENT_BEFORE_N/A_ACTUAL],"""processus"" --(CONTAINS)--> ""TDM"" | ""TDM"" --(BEFORE)--> ""ponction"" | ""ponction"" --(BEFORE)--> ""examen"" | ""examen"" --(BEFORE)--> ""examen"" | ""examen"" --(BEFORE)--> ""culture"""
29,45,FR100371,[EVENT_BEFORE_N/A_ACTUAL] --(CONTAINS)--> [EVENT_BEFORE_N/A_ACTUAL] | [EVENT_BEFORE_N/A_ACTUAL] --(BEFORE)--> [EVENT_BEFORE_N/A_ACTUAL] | [EVENT_BEFORE_N/A_ACTUAL] --(BEFORE)--> [EVENT_BEFORE_N/A_ACTUAL] | [EVENT_BEFORE_N/A_ACTUAL] --(BEFORE)--> [EVENT_BEFORE_N/A_ACTUAL] | [EVENT_BEFORE_N/A_ACTUAL] --(BEFORE)--> [EVENT_BEFORE_N/A_ACTUAL],"""tension"" --(CONTAINS)--> ""examen"" | ""examen"" --(BEFORE)--> ""examen"" | ""examen"" --(BEFORE)--> ""bilan"" | ""bilan"" --(BEFORE)--> ""bilan"" | ""bilan"" --(BEFORE)--> ""échographie"""
29,45,FR100400,[EVENT_BEFORE_N/A_ACTUAL] --(CONTAINS)--> [EVENT_BEFORE_N/A_ACTUAL] | [EVENT_BEFORE_N/A_ACTUAL] --(BEFORE)--> [EVENT_BEFORE_N/A_ACTUAL] | [EVENT_BEFORE_N/A_ACTUAL] --(BEFORE)--> [EVENT_BEFORE_N/A_ACTUAL] | [EVENT_BEFORE_N/A_ACTUAL] --(BEFORE)--> [EVENT_BEFORE_N/A_ACTUAL] | [EVENT_BEFORE_N/A_ACTUAL] --(BEFORE)--> [EVENT_BEFORE_N/A_ACTUAL],"""kyste"" --(CONTAINS)--> ""diagnostic"" | ""diagnostic"" --(BEFORE)--> ""exploration"" | ""exploration"" --(BEFORE)--> ""résection"" | ""résection"" --(BEFORE)--> ""suites"" | ""suites"" --(BEFORE)--> ""suivie"""
29,45,FR100439,[EVENT_BEFORE_N/A_ACTUAL] --(CONTAINS)--> [EVENT_BEFORE_N/A_ACTUAL] | [EVENT_BEFORE_N/A_ACTUAL] --(BEFORE)--> [EVENT_BEFORE_N/A_ACTUAL] | [EVENT_BEFORE_N/A_ACTUAL] --(BEFORE)--> [EVENT_BEFORE_N/A_ACTUAL] | [EVENT_BEFORE_N/A_ACTUAL] --(BEFORE)--> [EVENT_BEFORE_N/A_ACTUAL] | [EVENT_BEFORE_N/A_ACTUAL] --(BEFORE)--> [EVENT_BEFORE_N/A_ACTUAL],"""foyer"" --(CONTAINS)--> ""scanner"" | ""scanner"" --(BEFORE)--> ""endoscopie"" | ""endoscopie"" --(BEFORE)--> ""biopsies"" | ""biopsies"" --(BEFORE)--> ""envoyées"" | ""envoyées"" --(BEFORE)--> ""analyse"""
29,45,FR100480,[EVENT_BEFORE_N/A_ACTUAL] --(CONTAINS)--> [EVENT_BEFORE_N/A_ACTUAL] | [EVENT_BEFORE_N/A_ACTUAL] --(BEFORE)--> [EVENT_BEFORE_N/A_ACTUAL] | [EVENT_BEFORE_N/A_ACTUAL] --(BEFORE)--> [EVENT_BEFORE_N/A_ACTUAL] | [EVENT_BEFORE_N/A_ACTUAL] --(BEFORE)--> [EVENT_BEFORE_N/A_ACTUAL] | [EVENT_BEFORE_N/A_ACTUAL] --(BEFORE)--> [EVENT_BEFORE_N/A_ACTUAL],"""libres"" --(CONTAINS)--> ""examen"" | ""examen"" --(BEFORE)--> ""imagerie"" | ""imagerie"" --(BEFORE)--> ""bilan"" | ""bilan"" --(BEFORE)--> ""scanner"" | ""scanner"" --(BEFORE)--> ""Tomographie"""
29,45,FR100517,[EVENT_BEFORE_N/A_ACTUAL] --(CONTAINS)--> [EVENT_BEFORE_N/A_ACTUAL] | [EVENT_BEFORE_N/A_ACTUAL] --(BEFORE)--> [EVENT_BEFORE_N/A_ACTUAL] | [EVENT_BEFORE_N/A_ACTUAL] --(BEFORE)--> [EVENT_BEFORE_N/A_ACTUAL] | [EVENT_BEFORE_N/A_ACTUAL] --(BEFORE)--> [EVENT_BEFORE_N/A_ACTUAL] | [EVENT_BEFORE_N/A_ACTUAL] --(BEFORE)--> [EVENT_BEFORE_N/A_ACTUAL],"""plaques"" --(CONTAINS)--> ""examen"" | ""examen"" --(BEFORE)--> ""bilan"" | ""bilan"" --(BEFORE)--> ""électromyogramme"" | ""électromyogramme"" --(BEFORE)--> ""bilan"" | ""bilan"" --(BEFORE)--> ""explorations"""
29,45,FR100589,[EVENT_BEFORE_N/A_ACTUAL] --(CONTAINS)--> [EVENT_BEFORE_N/A_ACTUAL] | [EVENT_BEFORE_N/A_ACTUAL] --(BEFORE)--> [EVENT_BEFORE_N/A_ACTUAL] | [EVENT_BEFORE_N/A_ACTUAL] --(BEFORE)--> [EVENT_BEFORE_N/A_ACTUAL] | [EVENT_BEFORE_N/A_ACTUAL] --(BEFORE)--> [EVENT_BEFORE_N/A_ACTUAL] | [EVENT_BEFORE_N/A_ACTUAL] --(BEFORE)--> [EVENT_BEFORE_N/A_ACTUAL],"""taux"" --(CONTAINS)--> ""hémogramme"" | ""hémogramme"" --(BEFORE)--> ""Cytométrie"" | ""Cytométrie"" --(BEFORE)--> ""biopsie"" | ""biopsie"" --(BEFORE)--> ""bilan"" | ""bilan"" --(BEFORE)--> ""caryotype"""
29,45,FR100597,[EVENT_BEFORE_N/A_ACTUAL] --(CONTAINS)--> [EVENT_BEFORE_N/A_ACTUAL] | [EVENT_BEFORE_N/A_ACTUAL] --(BEFORE)--> [EVENT_BEFORE_N/A_ACTUAL] | [EVENT_BEFORE_N/A_ACTUAL] --(BEFORE)--> [EVENT_BEFORE_N/A_ACTUAL] | [EVENT_BEFORE_N/A_ACTUAL] --(BEFORE)--> [EVENT_BEFORE_N/A_ACTUAL] | [EVENT_BEFORE_N/A_ACTUAL] --(BEFORE)--> [EVENT_BEFORE_N/A_ACTUAL],"""consultation"" --(CONTAINS)--> ""examen"" | ""examen"" --(BEFORE)--> ""examen"" | ""examen"" --(BEFORE)--> ""examen"" | ""examen"" --(BEFORE)--> ""toucher"" | ""toucher"" --(BEFORE)--> ""reste"""
29,45,FR100611,[EVENT_BEFORE_N/A_ACTUAL] --(CONTAINS)--> [EVENT_BEFORE_N/A_ACTUAL] | [EVENT_BEFORE_N/A_ACTUAL] --(BEFORE)--> [EVENT_BEFORE_N/A_ACTUAL] | [EVENT_BEFORE_N/A_ACTUAL] --(BEFORE)--> [EVENT_BEFORE_N/A_ACTUAL] | [EVENT_BEFORE_N/A_ACTUAL] --(BEFORE)--> [EVENT_BEFORE_N/A_ACTUAL] | [EVENT_BEFORE_N/A_ACTUAL] --(BEFORE)--> [EVENT_BEFORE_N/A_ACTUAL],"""micronodules"" --(CONTAINS)--> ""TDM"" | ""TDM"" --(BEFORE)--> ""biopsie"" | ""biopsie"" --(BEFORE)--> ""recherche"" | ""recherche"" --(BEFORE)--> ""sérologie"" | ""sérologie"" --(BEFORE)--> ""hémogramme"""
29,45,FR100614,[EVENT_BEFORE_N/A_ACTUAL] --(CONTAINS)--> [EVENT_BEFORE_N/A_ACTUAL] | [EVENT_BEFORE_N/A_ACTUAL] --(BEFORE)--> [EVENT_BEFORE_N/A_ACTUAL] | [EVENT_BEFORE_N/A_ACTUAL] --(BEFORE)--> [EVENT_BEFORE_N/A_ACTUAL] | [EVENT_BEFORE_N/A_ACTUAL] --(BEFORE)--> [EVENT_BEFORE_N/A_ACTUAL] | [EVENT_BEFORE_N/A_ACTUAL] --(BEFORE)--> [EVENT_BEFORE_N/A_ACTUAL],"""augmentation"" --(CONTAINS)--> ""admission"" | ""admission"" --(BEFORE)--> ""examen"" | ""examen"" --(BEFORE)--> ""échographique"" | ""échographique"" --(BEFORE)--> ""tomodensitométrie"" | ""tomodensitométrie"" --(BEFORE)--> ""radiographie"""
29,45,FR100620,[EVENT_BEFORE_N/A_ACTUAL] --(CONTAINS)--> [EVENT_BEFORE_N/A_ACTUAL] | [EVENT_BEFORE_N/A_ACTUAL] --(BEFORE)--> [EVENT_BEFORE_N/A_ACTUAL] | [EVENT_BEFORE_N/A_ACTUAL] --(BEFORE)--> [EVENT_BEFORE_N/A_ACTUAL] | [EVENT_BEFORE_N/A_ACTUAL] --(BEFORE)--> [EVENT_BEFORE_N/A_ACTUAL] | [EVENT_BEFORE_N/A_ACTUAL] --(BEFORE)--> [EVENT_BEFORE_N/A_ACTUAL],"""toux"" --(CONTAINS)--> ""présenté"" | ""présenté"" --(BEFORE)--> ""examen"" | ""examen"" --(BEFORE)--> ""radiographie"" | ""radiographie"" --(BEFORE)--> ""drainage"" | ""drainage"" --(BEFORE)--> ""radiographie"""
29,45,FR100623,[EVENT_BEFORE_N/A_ACTUAL] --(CONTAINS)--> [EVENT_BEFORE_N/A_ACTUAL] | [EVENT_BEFORE_N/A_ACTUAL] --(BEFORE)--> [EVENT_BEFORE_N/A_ACTUAL] | [EVENT_BEFORE_N/A_ACTUAL] --(BEFORE)--> [EVENT_BEFORE_N/A_ACTUAL] | [EVENT_BEFORE_N/A_ACTUAL] --(BEFORE)--> [EVENT_BEFORE_N/A_ACTUAL] | [EVENT_BEFORE_N/A_ACTUAL] --(BEFORE)--> [EVENT_BEFORE_N/A_ACTUAL],"""matières"" --(CONTAINS)--> ""consulté"" | ""consulté"" --(BEFORE)--> ""examen"" | ""examen"" --(BEFORE)--> ""échographie"" | ""échographie"" --(BEFORE)--> ""tomodensitométrie"" | ""tomodensitométrie"" --(BEFORE)--> ""retenu"""
29,45,FR100629,[EVENT_BEFORE_N/A_ACTUAL] --(CONTAINS)--> [EVENT_BEFORE_N/A_ACTUAL] | [EVENT_BEFORE_N/A_ACTUAL] --(BEFORE)--> [EVENT_BEFORE_N/A_ACTUAL] | [EVENT_BEFORE_N/A_ACTUAL] --(BEFORE)--> [EVENT_BEFORE_N/A_ACTUAL] | [EVENT_BEFORE_N/A_ACTUAL] --(BEFORE)--> [EVENT_BEFORE_N/A_ACTUAL] | [EVENT_BEFORE_N/A_ACTUAL] --(BEFORE)--> [EVENT_BEFORE_N/A_ACTUAL],"""opacité"" --(CONTAINS)--> ""radiographie"" | ""radiographie"" --(BEFORE)--> ""thoracoscopie"" | ""thoracoscopie"" --(BEFORE)--> ""marquage"" | ""marquage"" --(BEFORE)--> ""bilan"" | ""bilan"" --(BEFORE)--> ""décision"""
29,45,FR100632,[EVENT_BEFORE_N/A_ACTUAL] --(CONTAINS)--> [EVENT_BEFORE_N/A_ACTUAL] | [EVENT_BEFORE_N/A_ACTUAL] --(BEFORE)--> [EVENT_BEFORE_N/A_ACTUAL] | [EVENT_BEFORE_N/A_ACTUAL] --(BEFORE)--> [EVENT_BEFORE_N/A_ACTUAL] | [EVENT_BEFORE_N/A_ACTUAL] --(BEFORE)--> [EVENT_BEFORE_N/A_ACTUAL] | [EVENT_BEFORE_N/A_ACTUAL] --(BEFORE)--> [EVENT_BEFORE_N/A_ACTUAL],"""diminuée"" --(CONTAINS)--> ""examen"" | ""examen"" --(BEFORE)--> ""IRM"" | ""IRM"" --(BEFORE)--> ""IRM"" | ""IRM"" --(BEFORE)--> ""étude"" | ""étude"" --(BEFORE)--> ""numération"""
29,45,FR100663,[EVENT_BEFORE_N/A_ACTUAL] --(CONTAINS)--> [EVENT_BEFORE_N/A_ACTUAL] | [EVENT_BEFORE_N/A_ACTUAL] --(BEFORE)--> [EVENT_BEFORE_N/A_ACTUAL] | [EVENT_BEFORE_N/A_ACTUAL] --(BEFORE)--> [EVENT_BEFORE_N/A_ACTUAL] | [EVENT_BEFORE_N/A_ACTUAL] --(BEFORE)--> [EVENT_BEFORE_N/A_ACTUAL] | [EVENT_BEFORE_N/A_ACTUAL] --(BEFORE)--> [EVENT_BEFORE_N/A_ACTUAL],"""stable"" --(CONTAINS)--> ""examen"" | ""examen"" --(BEFORE)--> ""examen"" | ""examen"" --(BEFORE)--> ""échographie"" | ""échographie"" --(BEFORE)--> ""taux"" | ""taux"" --(BEFORE)--> ""tenté"""
29,45,FR100666,[EVENT_BEFORE_N/A_ACTUAL] --(CONTAINS)--> [EVENT_BEFORE_N/A_ACTUAL] | [EVENT_BEFORE_N/A_ACTUAL] --(BEFORE)--> [EVENT_BEFORE_N/A_ACTUAL] | [EVENT_BEFORE_N/A_ACTUAL] --(BEFORE)--> [EVENT_BEFORE_N/A_ACTUAL] | [EVENT_BEFORE_N/A_ACTUAL] --(BEFORE)--> [EVENT_BEFORE_N/A_ACTUAL] | [EVENT_BEFORE_N/A_ACTUAL] --(BEFORE)--> [EVENT_BEFORE_N/A_ACTUAL],"""sérologie"" --(CONTAINS)--> ""bilan"" | ""bilan"" --(BEFORE)--> ""myologramme"" | ""myologramme"" --(BEFORE)--> ""bilan"" | ""bilan"" --(BEFORE)--> ""classé"" | ""classé"" --(BEFORE)--> ""traitement"""
29,45,FR100683,[EVENT_BEFORE_N/A_ACTUAL] --(CONTAINS)--> [EVENT_BEFORE_N/A_ACTUAL] | [EVENT_BEFORE_N/A_ACTUAL] --(BEFORE)--> [EVENT_BEFORE_N/A_ACTUAL] | [EVENT_BEFORE_N/A_ACTUAL] --(BEFORE)--> [EVENT_BEFORE_N/A_ACTUAL] | [EVENT_BEFORE_N/A_ACTUAL] --(BEFORE)--> [EVENT_BEFORE_N/A_ACTUAL] | [EVENT_BEFORE_N/A_ACTUAL] --(BEFORE)--> [EVENT_BEFORE_N/A_ACTUAL],"""T4"" --(CONTAINS)--> ""exploration"" | ""exploration"" --(BEFORE)--> ""IRM"" | ""IRM"" --(BEFORE)--> ""écho-mammographie"" | ""écho-mammographie"" --(BEFORE)--> ""osteodensitométrie"" | ""osteodensitométrie"" --(BEFORE)--> ""traitée"""
29,45,FR100688,[EVENT_BEFORE_N/A_ACTUAL] --(CONTAINS)--> [EVENT_BEFORE_N/A_ACTUAL] | [EVENT_BEFORE_N/A_ACTUAL] --(BEFORE)--> [EVENT_BEFORE_N/A_ACTUAL] | [EVENT_BEFORE_N/A_ACTUAL] --(BEFORE)--> [EVENT_BEFORE_N/A_ACTUAL] | [EVENT_BEFORE_N/A_ACTUAL] --(BEFORE)--> [EVENT_BEFORE_N/A_ACTUAL] | [EVENT_BEFORE_N/A_ACTUAL] --(BEFORE)--> [EVENT_BEFORE_N/A_ACTUAL],"""poids"" --(CONTAINS)--> ""examen"" | ""examen"" --(BEFORE)--> ""examen"" | ""examen"" --(BEFORE)--> ""examen"" | ""examen"" --(BEFORE)--> ""sérologie"" | ""sérologie"" --(BEFORE)--> ""recherche"""
29,45,FR100689,[EVENT_BEFORE_N/A_ACTUAL] --(CONTAINS)--> [EVENT_BEFORE_N/A_ACTUAL] | [EVENT_BEFORE_N/A_ACTUAL] --(BEFORE)--> [EVENT_BEFORE_N/A_ACTUAL] | [EVENT_BEFORE_N/A_ACTUAL] --(BEFORE)--> [EVENT_BEFORE_N/A_ACTUAL] | [EVENT_BEFORE_N/A_ACTUAL] --(BEFORE)--> [EVENT_BEFORE_N/A_ACTUAL] | [EVENT_BEFORE_N/A_ACTUAL] --(BEFORE)--> [EVENT_BEFORE_N/A_ACTUAL],"""CRP"" --(CONTAINS)--> ""ionogramme"" | ""ionogramme"" --(BEFORE)--> ""examen"" | ""examen"" --(BEFORE)--> ""retenu"" | ""retenu"" --(BEFORE)--> ""traitement"" | ""traitement"" --(BEFORE)--> ""bithérapie"""
29,45,FR100697,[EVENT_BEFORE_N/A_ACTUAL] --(CONTAINS)--> [EVENT_BEFORE_N/A_ACTUAL] | [EVENT_BEFORE_N/A_ACTUAL] --(BEFORE)--> [EVENT_BEFORE_N/A_ACTUAL] | [EVENT_BEFORE_N/A_ACTUAL] --(BEFORE)--> [EVENT_BEFORE_N/A_ACTUAL] | [EVENT_BEFORE_N/A_ACTUAL] --(BEFORE)--> [EVENT_BEFORE_N/A_ACTUAL] | [EVENT_BEFORE_N/A_ACTUAL] --(BEFORE)--> [EVENT_BEFORE_N/A_ACTUAL],"""adénopathies"" --(CONTAINS)--> ""examen"" | ""examen"" --(BEFORE)--> ""mammographie"" | ""mammographie"" --(BEFORE)--> ""échographie"" | ""échographie"" --(BEFORE)--> ""examen"" | ""examen"" --(BEFORE)--> ""immunomarquage"""
29,45,FR100708,[EVENT_BEFORE_N/A_ACTUAL] --(CONTAINS)--> [EVENT_BEFORE_N/A_ACTUAL] | [EVENT_BEFORE_N/A_ACTUAL] --(BEFORE)--> [EVENT_BEFORE_N/A_ACTUAL] | [EVENT_BEFORE_N/A_ACTUAL] --(BEFORE)--> [EVENT_BEFORE_N/A_ACTUAL] | [EVENT_BEFORE_N/A_ACTUAL] --(BEFORE)--> [EVENT_BEFORE_N/A_ACTUAL] | [EVENT_BEFORE_N/A_ACTUAL] --(BEFORE)--> [EVENT_BEFORE_N/A_ACTUAL],"""consulté"" --(CONTAINS)--> ""examen"" | ""examen"" --(BEFORE)--> ""mammographie"" | ""mammographie"" --(BEFORE)--> ""échographie"" | ""échographie"" --(BEFORE)--> ""ponction"" | ""ponction"" --(BEFORE)--> ""étude"""
29,45,FR100717,[EVENT_BEFORE_N/A_ACTUAL] --(CONTAINS)--> [EVENT_BEFORE_N/A_ACTUAL] | [EVENT_BEFORE_N/A_ACTUAL] --(BEFORE)--> [EVENT_BEFORE_N/A_ACTUAL] | [EVENT_BEFORE_N/A_ACTUAL] --(BEFORE)--> [EVENT_BEFORE_N/A_ACTUAL] | [EVENT_BEFORE_N/A_ACTUAL] --(BEFORE)--> [EVENT_BEFORE_N/A_ACTUAL] | [EVENT_BEFORE_N/A_ACTUAL] --(BEFORE)--> [EVENT_BEFORE_N/A_ACTUAL],"""Lasègue"" --(CONTAINS)--> ""examen"" | ""examen"" --(BEFORE)--> ""examens"" | ""examens"" --(BEFORE)--> ""scanner"" | ""scanner"" --(BEFORE)--> ""IRM"" | ""IRM"" --(BEFORE)--> ""laminectomie"""
29,45,FR100748,[EVENT_BEFORE_N/A_ACTUAL] --(CONTAINS)--> [EVENT_BEFORE_N/A_ACTUAL] | [EVENT_BEFORE_N/A_ACTUAL] --(BEFORE)--> [EVENT_BEFORE_N/A_ACTUAL] | [EVENT_BEFORE_N/A_ACTUAL] --(BEFORE)--> [EVENT_BEFORE_N/A_ACTUAL] | [EVENT_BEFORE_N/A_ACTUAL] --(BEFORE)--> [EVENT_BEFORE_N/A_ACTUAL] | [EVENT_BEFORE_N/A_ACTUAL] --(BEFORE)--> [EVENT_BEFORE_N/A_ACTUAL],"""intervention"" --(CONTAINS)--> ""mobilisation"" | ""mobilisation"" --(BEFORE)--> ""suites"" | ""suites"" --(BEFORE)--> ""transférée"" | ""transférée"" --(BEFORE)--> ""regagné"" | ""regagné"" --(BEFORE)--> ""recul"""
29,45,FR100806,[EVENT_BEFORE_N/A_ACTUAL] --(CONTAINS)--> [EVENT_BEFORE_N/A_ACTUAL] | [EVENT_BEFORE_N/A_ACTUAL] --(BEFORE)--> [EVENT_BEFORE_N/A_ACTUAL] | [EVENT_BEFORE_N/A_ACTUAL] --(BEFORE)--> [EVENT_BEFORE_N/A_ACTUAL] | [EVENT_BEFORE_N/A_ACTUAL] --(BEFORE)--> [EVENT_BEFORE_N/A_ACTUAL] | [EVENT_BEFORE_N/A_ACTUAL] --(BEFORE)--> [EVENT_BEFORE_N/A_ACTUAL],"""TP"" --(CONTAINS)--> ""biologie"" | ""biologie"" --(BEFORE)--> ""tomodensitométrie"" | ""tomodensitométrie"" --(BEFORE)--> ""prise"" | ""prise"" --(BEFORE)--> ""examen"" | ""examen"" --(BEFORE)--> ""suites"""
29,45,FR100826,[EVENT_BEFORE_N/A_ACTUAL] --(CONTAINS)--> [EVENT_BEFORE_N/A_ACTUAL] | [EVENT_BEFORE_N/A_ACTUAL] --(BEFORE)--> [EVENT_BEFORE_N/A_ACTUAL] | [EVENT_BEFORE_N/A_ACTUAL] --(BEFORE)--> [EVENT_BEFORE_N/A_ACTUAL] | [EVENT_BEFORE_N/A_ACTUAL] --(BEFORE)--> [EVENT_BEFORE_N/A_ACTUAL] | [EVENT_BEFORE_N/A_ACTUAL] --(BEFORE)--> [EVENT_BEFORE_N/A_ACTUAL],"""termine"" --(CONTAINS)--> ""bilan"" | ""bilan"" --(BEFORE)--> ""bilan"" | ""bilan"" --(BEFORE)--> ""retenue"" | ""retenue"" --(BEFORE)--> ""exploration"" | ""exploration"" --(BEFORE)--> ""suites"""
29,45,FR100845,[EVENT_BEFORE_N/A_ACTUAL] --(CONTAINS)--> [EVENT_BEFORE_N/A_ACTUAL] | [EVENT_BEFORE_N/A_ACTUAL] --(BEFORE)--> [EVENT_BEFORE_N/A_ACTUAL] | [EVENT_BEFORE_N/A_ACTUAL] --(BEFORE)--> [EVENT_BEFORE_N/A_ACTUAL] | [EVENT_BEFORE_N/A_ACTUAL] --(BEFORE)--> [EVENT_BEFORE_N/A_ACTUAL] | [EVENT_BEFORE_N/A_ACTUAL] --(BEFORE)--> [EVENT_BEFORE_N/A_ACTUAL],"""grossesse"" --(CONTAINS)--> ""échographie"" | ""échographie"" --(BEFORE)--> ""radiographie"" | ""radiographie"" --(BEFORE)--> ""décision"" | ""décision"" --(BEFORE)--> ""extraction"" | ""extraction"" --(BEFORE)--> ""Apgar"""
29,45,FR100870,[EVENT_BEFORE_N/A_ACTUAL] --(CONTAINS)--> [EVENT_BEFORE_N/A_ACTUAL] | [EVENT_BEFORE_N/A_ACTUAL] --(BEFORE)--> [EVENT_BEFORE_N/A_ACTUAL] | [EVENT_BEFORE_N/A_ACTUAL] --(BEFORE)--> [EVENT_BEFORE_N/A_ACTUAL] | [EVENT_BEFORE_N/A_ACTUAL] --(BEFORE)--> [EVENT_BEFORE_N/A_ACTUAL] | [EVENT_BEFORE_N/A_ACTUAL] --(BEFORE)--> [EVENT_BEFORE_N/A_ACTUAL],"""phosphore"" --(CONTAINS)--> ""bilan"" | ""bilan"" --(BEFORE)--> ""B2"" | ""B2"" --(BEFORE)--> ""myélogramme"" | ""myélogramme"" --(BEFORE)--> ""dosage"" | ""dosage"" --(BEFORE)--> ""dosage"""
29,45,FR100874,[EVENT_BEFORE_N/A_ACTUAL] --(CONTAINS)--> [EVENT_BEFORE_N/A_ACTUAL] | [EVENT_BEFORE_N/A_ACTUAL] --(BEFORE)--> [EVENT_BEFORE_N/A_ACTUAL] | [EVENT_BEFORE_N/A_ACTUAL] --(BEFORE)--> [EVENT_BEFORE_N/A_ACTUAL] | [EVENT_BEFORE_N/A_ACTUAL] --(BEFORE)--> [EVENT_BEFORE_N/A_ACTUAL] | [EVENT_BEFORE_N/A_ACTUAL] --(BEFORE)--> [EVENT_BEFORE_N/A_ACTUAL],"""refoulement"" --(CONTAINS)--> ""transit"" | ""transit"" --(BEFORE)--> ""tomodensitométrie"" | ""tomodensitométrie"" --(BEFORE)--> ""retenu"" | ""retenu"" --(BEFORE)--> ""mise"" | ""mise"" --(BEFORE)--> ""diverticulectomie"""
29,45,FR100882,[EVENT_BEFORE_N/A_ACTUAL] --(CONTAINS)--> [EVENT_BEFORE_N/A_ACTUAL] | [EVENT_BEFORE_N/A_ACTUAL] --(BEFORE)--> [EVENT_BEFORE_N/A_ACTUAL] | [EVENT_BEFORE_N/A_ACTUAL] --(BEFORE)--> [EVENT_BEFORE_N/A_ACTUAL] | [EVENT_BEFORE_N/A_ACTUAL] --(BEFORE)--> [EVENT_BEFORE_N/A_ACTUAL] | [EVENT_BEFORE_N/A_ACTUAL] --(BEFORE)--> [EVENT_BEFORE_N/A_ACTUAL],"""persistance"" --(CONTAINS)--> ""Imagerie"" | ""Imagerie"" --(BEFORE)--> ""bilan"" | ""bilan"" --(BEFORE)--> ""sérologies"" | ""sérologies"" --(BEFORE)--> ""sclérothérapie"" | ""sclérothérapie"" --(BEFORE)--> ""évolution"""
29,45,FR100903,[EVENT_BEFORE_N/A_ACTUAL] --(CONTAINS)--> [EVENT_BEFORE_N/A_ACTUAL] | [EVENT_BEFORE_N/A_ACTUAL] --(BEFORE)--> [EVENT_BEFORE_N/A_ACTUAL] | [EVENT_BEFORE_N/A_ACTUAL] --(BEFORE)--> [EVENT_BEFORE_N/A_ACTUAL] | [EVENT_BEFORE_N/A_ACTUAL] --(BEFORE)--> [EVENT_BEFORE_N/A_ACTUAL] | [EVENT_BEFORE_N/A_ACTUAL] --(BEFORE)--> [EVENT_BEFORE_N/A_ACTUAL],"""diamètre"" --(CONTAINS)--> ""échographie"" | ""échographie"" --(BEFORE)--> ""IRM"" | ""IRM"" --(BEFORE)--> ""diagnostic"" | ""diagnostic"" --(BEFORE)--> ""écarté"" | ""écarté"" --(BEFORE)--> ""contrôles"""
29,45,FR100946,[EVENT_BEFORE_N/A_ACTUAL] --(CONTAINS)--> [EVENT_BEFORE_N/A_ACTUAL] | [EVENT_BEFORE_N/A_ACTUAL] --(BEFORE)--> [EVENT_BEFORE_N/A_ACTUAL] | [EVENT_BEFORE_N/A_ACTUAL] --(BEFORE)--> [EVENT_BEFORE_N/A_ACTUAL] | [EVENT_BEFORE_N/A_ACTUAL] --(BEFORE)--> [EVENT_BEFORE_N/A_ACTUAL] | [EVENT_BEFORE_N/A_ACTUAL] --(BEFORE)--> [EVENT_BEFORE_N/A_ACTUAL],"""hémiparésie"" --(CONTAINS)--> ""examen"" | ""examen"" --(BEFORE)--> ""IRM"" | ""IRM"" --(BEFORE)--> ""analyse"" | ""analyse"" --(BEFORE)--> ""mise"" | ""mise"" --(BEFORE)--> ""analyse"""
29,45,FR100996,[EVENT_BEFORE_N/A_ACTUAL] --(CONTAINS)--> [EVENT_BEFORE_N/A_ACTUAL] | [EVENT_BEFORE_N/A_ACTUAL] --(BEFORE)--> [EVENT_BEFORE_N/A_ACTUAL] | [EVENT_BEFORE_N/A_ACTUAL] --(BEFORE)--> [EVENT_BEFORE_N/A_ACTUAL] | [EVENT_BEFORE_N/A_ACTUAL] --(BEFORE)--> [EVENT_BEFORE_N/A_ACTUAL] | [EVENT_BEFORE_N/A_ACTUAL] --(BEFORE)--> [EVENT_BEFORE_N/A_ACTUAL],"""sac"" --(CONTAINS)--> ""tomodensitométrie"" | ""tomodensitométrie"" --(BEFORE)--> ""injection"" | ""injection"" --(BEFORE)--> ""retenu"" | ""retenu"" --(BEFORE)--> ""chirurgical"" | ""chirurgical"" --(BEFORE)--> ""suites"""
195,45,FR100078,[EVENT_BEFORE_N/A_ACTUAL] --(BEFORE)--> [EVENT_BEFORE_N/A_ACTUAL] | [EVENT_BEFORE_N/A_ACTUAL] --(BEFORE)--> [EVENT_BEFORE_N/A_ACTUAL] | [EVENT_BEFORE_N/A_ACTUAL] --(OVERLAP)--> [EVENT_BEFORE_N/A_ACTUAL],"""examen"" --(BEFORE)--> ""doppler"" | ""doppler"" --(BEFORE)--> ""doppler"" | ""doppler"" --(OVERLAP)--> ""indice"""
195,45,FR100120,[EVENT_BEFORE_N/A_ACTUAL] --(BEFORE)--> [EVENT_BEFORE_N/A_ACTUAL] | [EVENT_BEFORE_N/A_ACTUAL] --(BEFORE)--> [EVENT_BEFORE_N/A_ACTUAL] | [EVENT_BEFORE_N/A_ACTUAL] --(OVERLAP)--> [EVENT_BEFORE_N/A_ACTUAL],"""traitement"" --(BEFORE)--> ""retirées"" | ""retirées"" --(BEFORE)--> ""conclure"" | ""conclure"" --(OVERLAP)--> ""identifiées"""
195,45,FR100130,[EVENT_BEFORE_N/A_ACTUAL] --(BEFORE)--> [EVENT_BEFORE_N/A_ACTUAL] | [EVENT_BEFORE_N/A_ACTUAL] --(BEFORE)--> [EVENT_BEFORE_N/A_ACTUAL] | [EVENT_BEFORE_N/A_ACTUAL] --(OVERLAP)--> [EVENT_BEFORE_N/A_ACTUAL],"""traité"" --(BEFORE)--> ""administrées"" | ""administrées"" --(BEFORE)--> ""reçu"" | ""reçu"" --(OVERLAP)--> ""amélioration"""
195,45,FR100132,[EVENT_BEFORE_N/A_ACTUAL] --(BEFORE)--> [EVENT_BEFORE_N/A_ACTUAL] | [EVENT_BEFORE_N/A_ACTUAL] --(BEFORE)--> [EVENT_BEFORE_N/A_ACTUAL] | [EVENT_BEFORE_N/A_ACTUAL] --(OVERLAP)--> [EVENT_BEFORE_N/A_ACTUAL],"""histologie"" --(BEFORE)--> ""examen"" | ""examen"" --(BEFORE)--> ""écho-Doppler"" | ""écho-Doppler"" --(OVERLAP)--> ""atteinte"""
195,45,FR100142,[EVENT_BEFORE_N/A_ACTUAL] --(BEFORE)--> [EVENT_BEFORE_N/A_ACTUAL] | [EVENT_BEFORE_N/A_ACTUAL] --(BEFORE)--> [EVENT_BEFORE_N/A_ACTUAL] | [EVENT_BEFORE_N/A_ACTUAL] --(OVERLAP)--> [EVENT_BEFORE_N/A_ACTUAL],"""étude"" --(BEFORE)--> ""sérologie"" | ""sérologie"" --(BEFORE)--> ""évolution"" | ""évolution"" --(OVERLAP)--> ""altération"""
195,45,FR100168,[EVENT_BEFORE_N/A_ACTUAL] --(BEFORE)--> [EVENT_BEFORE_N/A_ACTUAL] | [EVENT_BEFORE_N/A_ACTUAL] --(BEFORE)--> [EVENT_BEFORE_N/A_ACTUAL] | [EVENT_BEFORE_N/A_ACTUAL] --(OVERLAP)--> [EVENT_BEFORE_N/A_ACTUAL],"""transfusion"" --(BEFORE)--> ""bilan"" | ""bilan"" --(BEFORE)--> ""tests"" | ""tests"" --(OVERLAP)--> ""réalisée"""
195,45,FR100255,[EVENT_BEFORE_N/A_ACTUAL] --(BEFORE)--> [EVENT_BEFORE_N/A_ACTUAL] | [EVENT_BEFORE_N/A_ACTUAL] --(BEFORE)--> [EVENT_BEFORE_N/A_ACTUAL] | [EVENT_BEFORE_N/A_ACTUAL] --(OVERLAP)--> [EVENT_BEFORE_N/A_ACTUAL],"""TDM"" --(BEFORE)--> ""bilan"" | ""bilan"" --(BEFORE)--> ""expulsé"" | ""expulsé"" --(OVERLAP)--> ""poids"""
195,45,FR100275,[EVENT_BEFORE_N/A_ACTUAL] --(BEFORE)--> [EVENT_BEFORE_N/A_ACTUAL] | [EVENT_BEFORE_N/A_ACTUAL] --(BEFORE)--> [EVENT_BEFORE_N/A_ACTUAL] | [EVENT_BEFORE_N/A_ACTUAL] --(OVERLAP)--> [EVENT_BEFORE_N/A_ACTUAL],"""posé"" --(BEFORE)--> ""pris"" | ""pris"" --(BEFORE)--> ""électroencéphalogramme"" | ""électroencéphalogramme"" --(OVERLAP)--> ""foyer"""
195,45,FR100314,[EVENT_BEFORE_N/A_ACTUAL] --(BEFORE)--> [EVENT_BEFORE_N/A_ACTUAL] | [EVENT_BEFORE_N/A_ACTUAL] --(BEFORE)--> [EVENT_BEFORE_N/A_ACTUAL] | [EVENT_BEFORE_N/A_ACTUAL] --(OVERLAP)--> [EVENT_BEFORE_N/A_ACTUAL],"""admise"" --(BEFORE)--> ""bilan"" | ""bilan"" --(BEFORE)--> ""drainage"" | ""drainage"" --(OVERLAP)--> ""analgésie"""
195,45,FR100344,[EVENT_BEFORE_N/A_ACTUAL] --(BEFORE)--> [EVENT_BEFORE_N/A_ACTUAL] | [EVENT_BEFORE_N/A_ACTUAL] --(BEFORE)--> [EVENT_BEFORE_N/A_ACTUAL] | [EVENT_BEFORE_N/A_ACTUAL] --(OVERLAP)--> [EVENT_BEFORE_N/A_ACTUAL],"""bilan"" --(BEFORE)--> ""contrôle"" | ""contrôle"" --(BEFORE)--> ""échographies"" | ""échographies"" --(OVERLAP)--> ""déroulée"""
195,45,FR100346,[EVENT_BEFORE_N/A_ACTUAL] --(BEFORE)--> [EVENT_BEFORE_N/A_ACTUAL] | [EVENT_BEFORE_N/A_ACTUAL] --(BEFORE)--> [EVENT_BEFORE_N/A_ACTUAL] | [EVENT_BEFORE_N/A_ACTUAL] --(OVERLAP)--> [EVENT_BEFORE_N/A_ACTUAL],"""bilan"" --(BEFORE)--> ""héparinothérapie"" | ""héparinothérapie"" --(BEFORE)--> ""anti-vitamine"" | ""anti-vitamine"" --(OVERLAP)--> ""antibiothérapie"""
195,45,FR100360,[EVENT_BEFORE_N/A_ACTUAL] --(BEFORE)--> [EVENT_BEFORE_N/A_ACTUAL] | [EVENT_BEFORE_N/A_ACTUAL] --(BEFORE)--> [EVENT_BEFORE_N/A_ACTUAL] | [EVENT_BEFORE_N/A_ACTUAL] --(OVERLAP)--> [EVENT_BEFORE_N/A_ACTUAL],"""tomodensitométrie"" --(BEFORE)--> ""radiothérapie"" | ""radiothérapie"" --(BEFORE)--> ""cures"" | ""cures"" --(OVERLAP)--> ""tolérance"""
195,45,FR100361,[EVENT_BEFORE_N/A_ACTUAL] --(BEFORE)--> [EVENT_BEFORE_N/A_ACTUAL] | [EVENT_BEFORE_N/A_ACTUAL] --(BEFORE)--> [EVENT_BEFORE_N/A_ACTUAL] | [EVENT_BEFORE_N/A_ACTUAL] --(OVERLAP)--> [EVENT_BEFORE_N/A_ACTUAL],"""bilan"" --(BEFORE)--> ""diagnostic"" | ""diagnostic"" --(BEFORE)--> ""traitement"" | ""traitement"" --(OVERLAP)--> ""améliorée"""
195,45,FR100371,[EVENT_BEFORE_N/A_ACTUAL] --(BEFORE)--> [EVENT_BEFORE_N/A_ACTUAL] | [EVENT_BEFORE_N/A_ACTUAL] --(BEFORE)--> [EVENT_BEFORE_N/A_ACTUAL] | [EVENT_BEFORE_N/A_ACTUAL] --(OVERLAP)--> [EVENT_BEFORE_N/A_ACTUAL],"""examen"" --(BEFORE)--> ""bilan"" | ""bilan"" --(BEFORE)--> ""bilan"" | ""bilan"" --(OVERLAP)--> ""anomalie"""
195,45,FR100400,[EVENT_BEFORE_N/A_ACTUAL] --(BEFORE)--> [EVENT_BEFORE_N/A_ACTUAL] | [EVENT_BEFORE_N/A_ACTUAL] --(BEFORE)--> [EVENT_BEFORE_N/A_ACTUAL] | [EVENT_BEFORE_N/A_ACTUAL] --(OVERLAP)--> [EVENT_BEFORE_N/A_ACTUAL],"""aspiration"" --(BEFORE)--> ""résection"" | ""résection"" --(BEFORE)--> ""suites"" | ""suites"" --(OVERLAP)--> ""étude"""
195,45,FR100439,[EVENT_BEFORE_N/A_ACTUAL] --(BEFORE)--> [EVENT_BEFORE_N/A_ACTUAL] | [EVENT_BEFORE_N/A_ACTUAL] --(BEFORE)--> [EVENT_BEFORE_N/A_ACTUAL] | [EVENT_BEFORE_N/A_ACTUAL] --(OVERLAP)--> [EVENT_BEFORE_N/A_ACTUAL],"""bénéficier"" --(BEFORE)--> ""nasofibroscopie"" | ""nasofibroscopie"" --(BEFORE)--> ""contrôles"" | ""contrôles"" --(OVERLAP)--> ""recul"""
195,45,FR100517,[EVENT_BEFORE_N/A_ACTUAL] --(BEFORE)--> [EVENT_BEFORE_N/A_ACTUAL] | [EVENT_BEFORE_N/A_ACTUAL] --(BEFORE)--> [EVENT_BEFORE_N/A_ACTUAL] | [EVENT_BEFORE_N/A_ACTUAL] --(OVERLAP)--> [EVENT_BEFORE_N/A_ACTUAL],"""bilan"" --(BEFORE)--> ""explorations"" | ""explorations"" --(BEFORE)--> ""porté"" | ""porté"" --(OVERLAP)--> ""totalité"""
195,45,FR100589,[EVENT_BEFORE_N/A_ACTUAL] --(BEFORE)--> [EVENT_BEFORE_N/A_ACTUAL] | [EVENT_BEFORE_N/A_ACTUAL] --(BEFORE)--> [EVENT_BEFORE_N/A_ACTUAL] | [EVENT_BEFORE_N/A_ACTUAL] --(OVERLAP)--> [EVENT_BEFORE_N/A_ACTUAL],"""sérologie"" --(BEFORE)--> ""diagnostic"" | ""diagnostic"" --(BEFORE)--> ""corticothérapie"" | ""corticothérapie"" --(OVERLAP)--> ""amélioration"""
195,45,FR100597,[EVENT_BEFORE_N/A_ACTUAL] --(BEFORE)--> [EVENT_BEFORE_N/A_ACTUAL] | [EVENT_BEFORE_N/A_ACTUAL] --(BEFORE)--> [EVENT_BEFORE_N/A_ACTUAL] | [EVENT_BEFORE_N/A_ACTUAL] --(OVERLAP)--> [EVENT_BEFORE_N/A_ACTUAL],"""examen"" --(BEFORE)--> ""décide"" | ""décide"" --(BEFORE)--> ""examen"" | ""examen"" --(OVERLAP)--> ""anomalies"""
195,45,FR100603,[EVENT_BEFORE_N/A_ACTUAL] --(BEFORE)--> [EVENT_BEFORE_N/A_ACTUAL] | [EVENT_BEFORE_N/A_ACTUAL] --(BEFORE)--> [EVENT_BEFORE_N/A_ACTUAL] | [EVENT_BEFORE_N/A_ACTUAL] --(OVERLAP)--> [EVENT_BEFORE_N/A_ACTUAL],"""chirurgie"" --(BEFORE)--> ""hémocultures"" | ""hémocultures"" --(BEFORE)--> ""évolution"" | ""évolution"" --(OVERLAP)--> ""récurrence"""
195,45,FR100611,[EVENT_BEFORE_N/A_ACTUAL] --(BEFORE)--> [EVENT_BEFORE_N/A_ACTUAL] | [EVENT_BEFORE_N/A_ACTUAL] --(BEFORE)--> [EVENT_BEFORE_N/A_ACTUAL] | [EVENT_BEFORE_N/A_ACTUAL] --(OVERLAP)--> [EVENT_BEFORE_N/A_ACTUAL],"""sérologie"" --(BEFORE)--> ""hémogramme"" | ""hémogramme"" --(BEFORE)--> ""ionogramme"" | ""ionogramme"" --(OVERLAP)--> ""reste"""
195,45,FR100614,[EVENT_BEFORE_N/A_ACTUAL] --(BEFORE)--> [EVENT_BEFORE_N/A_ACTUAL] | [EVENT_BEFORE_N/A_ACTUAL] --(BEFORE)--> [EVENT_BEFORE_N/A_ACTUAL] | [EVENT_BEFORE_N/A_ACTUAL] --(OVERLAP)--> [EVENT_BEFORE_N/A_ACTUAL],"""échographique"" --(BEFORE)--> ""tomodensitométrie"" | ""tomodensitométrie"" --(BEFORE)--> ""radiographie"" | ""radiographie"" --(OVERLAP)--> ""anomalie"""
195,45,FR100620,[EVENT_BEFORE_N/A_ACTUAL] --(BEFORE)--> [EVENT_BEFORE_N/A_ACTUAL] | [EVENT_BEFORE_N/A_ACTUAL] --(BEFORE)--> [EVENT_BEFORE_N/A_ACTUAL] | [EVENT_BEFORE_N/A_ACTUAL] --(OVERLAP)--> [EVENT_BEFORE_N/A_ACTUAL],"""bilan"" --(BEFORE)--> ""bilan"" | ""bilan"" --(BEFORE)--> ""évolution"" | ""évolution"" --(OVERLAP)--> ""pleurodèse"""
195,45,FR100623,[EVENT_BEFORE_N/A_ACTUAL] --(BEFORE)--> [EVENT_BEFORE_N/A_ACTUAL] | [EVENT_BEFORE_N/A_ACTUAL] --(BEFORE)--> [EVENT_BEFORE_N/A_ACTUAL] | [EVENT_BEFORE_N/A_ACTUAL] --(OVERLAP)--> [EVENT_BEFORE_N/A_ACTUAL],"""retenu"" --(BEFORE)--> ""prise"" | ""prise"" --(BEFORE)--> ""analyse"" | ""analyse"" --(OVERLAP)--> ""diagnostic"""
195,45,FR100629,[EVENT_BEFORE_N/A_ACTUAL] --(BEFORE)--> [EVENT_BEFORE_N/A_ACTUAL] | [EVENT_BEFORE_N/A_ACTUAL] --(BEFORE)--> [EVENT_BEFORE_N/A_ACTUAL] | [EVENT_BEFORE_N/A_ACTUAL] --(OVERLAP)--> [EVENT_BEFORE_N/A_ACTUAL],"""bilan"" --(BEFORE)--> ""décision"" | ""décision"" --(BEFORE)--> ""évolution"" | ""évolution"" --(OVERLAP)--> ""chimiothérapie"""
195,45,FR100632,[EVENT_BEFORE_N/A_ACTUAL] --(BEFORE)--> [EVENT_BEFORE_N/A_ACTUAL] | [EVENT_BEFORE_N/A_ACTUAL] --(BEFORE)--> [EVENT_BEFORE_N/A_ACTUAL] | [EVENT_BEFORE_N/A_ACTUAL] --(OVERLAP)--> [EVENT_BEFORE_N/A_ACTUAL],"""sérologie"" --(BEFORE)--> ""diagnostic"" | ""diagnostic"" --(BEFORE)--> ""mis"" | ""mis"" --(OVERLAP)--> ""rééducation"""
195,45,FR100663,[EVENT_BEFORE_N/A_ACTUAL] --(BEFORE)--> [EVENT_BEFORE_N/A_ACTUAL] | [EVENT_BEFORE_N/A_ACTUAL] --(BEFORE)--> [EVENT_BEFORE_N/A_ACTUAL] | [EVENT_BEFORE_N/A_ACTUAL] --(OVERLAP)--> [EVENT_BEFORE_N/A_ACTUAL],"""incisée"" --(BEFORE)--> ""vérifié"" | ""vérifié"" --(BEFORE)--> ""reprise"" | ""reprise"" --(OVERLAP)--> ""assurée"""
195,45,FR100666,[EVENT_BEFORE_N/A_ACTUAL] --(BEFORE)--> [EVENT_BEFORE_N/A_ACTUAL] | [EVENT_BEFORE_N/A_ACTUAL] --(BEFORE)--> [EVENT_BEFORE_N/A_ACTUAL] | [EVENT_BEFORE_N/A_ACTUAL] --(OVERLAP)--> [EVENT_BEFORE_N/A_ACTUAL],"""biopsie"" --(BEFORE)--> ""étude"" | ""étude"" --(BEFORE)--> ""adressé"" | ""adressé"" --(OVERLAP)--> ""prise"""
195,45,FR100683,[EVENT_BEFORE_N/A_ACTUAL] --(BEFORE)--> [EVENT_BEFORE_N/A_ACTUAL] | [EVENT_BEFORE_N/A_ACTUAL] --(BEFORE)--> [EVENT_BEFORE_N/A_ACTUAL] | [EVENT_BEFORE_N/A_ACTUAL] --(OVERLAP)--> [EVENT_BEFORE_N/A_ACTUAL],"""écho-mammographie"" --(BEFORE)--> ""osteodensitométrie"" | ""osteodensitométrie"" --(BEFORE)--> ""traitée"" | ""traitée"" --(OVERLAP)--> ""évolution"""
195,45,FR100688,[EVENT_BEFORE_N/A_ACTUAL] --(BEFORE)--> [EVENT_BEFORE_N/A_ACTUAL] | [EVENT_BEFORE_N/A_ACTUAL] --(BEFORE)--> [EVENT_BEFORE_N/A_ACTUAL] | [EVENT_BEFORE_N/A_ACTUAL] --(OVERLAP)--> [EVENT_BEFORE_N/A_ACTUAL],"""radiographie"" --(BEFORE)--> ""échographie"" | ""échographie"" --(BEFORE)--> ""radiographie"" | ""radiographie"" --(OVERLAP)--> ""Scanner"""
195,45,FR100689,[EVENT_BEFORE_N/A_ACTUAL] --(BEFORE)--> [EVENT_BEFORE_N/A_ACTUAL] | [EVENT_BEFORE_N/A_ACTUAL] --(BEFORE)--> [EVENT_BEFORE_N/A_ACTUAL] | [EVENT_BEFORE_N/A_ACTUAL] --(OVERLAP)--> [EVENT_BEFORE_N/A_ACTUAL],"""hémogramme"" --(BEFORE)--> ""ionogramme"" | ""ionogramme"" --(BEFORE)--> ""examen"" | ""examen"" --(OVERLAP)--> ""anomalie"""
195,45,FR100697,[EVENT_BEFORE_N/A_ACTUAL] --(BEFORE)--> [EVENT_BEFORE_N/A_ACTUAL] | [EVENT_BEFORE_N/A_ACTUAL] --(BEFORE)--> [EVENT_BEFORE_N/A_ACTUAL] | [EVENT_BEFORE_N/A_ACTUAL] --(OVERLAP)--> [EVENT_BEFORE_N/A_ACTUAL],"""échographie"" --(BEFORE)--> ""examen"" | ""examen"" --(BEFORE)--> ""immunomarquage"" | ""immunomarquage"" --(OVERLAP)--> ""tout"""
195,45,FR100708,[EVENT_BEFORE_N/A_ACTUAL] --(BEFORE)--> [EVENT_BEFORE_N/A_ACTUAL] | [EVENT_BEFORE_N/A_ACTUAL] --(BEFORE)--> [EVENT_BEFORE_N/A_ACTUAL] | [EVENT_BEFORE_N/A_ACTUAL] --(OVERLAP)--> [EVENT_BEFORE_N/A_ACTUAL],"""demandée"" --(BEFORE)--> ""tests"" | ""tests"" --(BEFORE)--> ""mise"" | ""mise"" --(OVERLAP)--> ""évolution"""
195,45,FR100717,[EVENT_BEFORE_N/A_ACTUAL] --(BEFORE)--> [EVENT_BEFORE_N/A_ACTUAL] | [EVENT_BEFORE_N/A_ACTUAL] --(BEFORE)--> [EVENT_BEFORE_N/A_ACTUAL] | [EVENT_BEFORE_N/A_ACTUAL] --(OVERLAP)--> [EVENT_BEFORE_N/A_ACTUAL],"""enlevée"" --(BEFORE)--> ""exploration"" | ""exploration"" --(BEFORE)--> ""suites"" | ""suites"" --(OVERLAP)--> ""évolution"""
195,45,FR100748,[EVENT_BEFORE_N/A_ACTUAL] --(BEFORE)--> [EVENT_BEFORE_N/A_ACTUAL] | [EVENT_BEFORE_N/A_ACTUAL] --(BEFORE)--> [EVENT_BEFORE_N/A_ACTUAL] | [EVENT_BEFORE_N/A_ACTUAL] --(OVERLAP)--> [EVENT_BEFORE_N/A_ACTUAL],"""transférée"" --(BEFORE)--> ""regagné"" | ""regagné"" --(BEFORE)--> ""recul"" | ""recul"" --(OVERLAP)--> ""signes"""
195,45,FR100780,[EVENT_BEFORE_N/A_ACTUAL] --(BEFORE)--> [EVENT_BEFORE_N/A_ACTUAL] | [EVENT_BEFORE_N/A_ACTUAL] --(BEFORE)--> [EVENT_BEFORE_N/A_ACTUAL] | [EVENT_BEFORE_N/A_ACTUAL] --(OVERLAP)--> [EVENT_BEFORE_N/A_ACTUAL],"""geste"" --(BEFORE)--> ""geste"" | ""geste"" --(BEFORE)--> ""geste"" | ""geste"" --(OVERLAP)--> ""antécédent"""
195,45,FR100806,[EVENT_BEFORE_N/A_ACTUAL] --(BEFORE)--> [EVENT_BEFORE_N/A_ACTUAL] | [EVENT_BEFORE_N/A_ACTUAL] --(BEFORE)--> [EVENT_BEFORE_N/A_ACTUAL] | [EVENT_BEFORE_N/A_ACTUAL] --(OVERLAP)--> [EVENT_BEFORE_N/A_ACTUAL],"""prise"" --(BEFORE)--> ""référée"" | ""référée"" --(BEFORE)--> ""examen"" | ""examen"" --(OVERLAP)--> ""pression"""
195,45,FR100826,[EVENT_BEFORE_N/A_ACTUAL] --(BEFORE)--> [EVENT_BEFORE_N/A_ACTUAL] | [EVENT_BEFORE_N/A_ACTUAL] --(BEFORE)--> [EVENT_BEFORE_N/A_ACTUAL] | [EVENT_BEFORE_N/A_ACTUAL] --(OVERLAP)--> [EVENT_BEFORE_N/A_ACTUAL],"""bilan"" --(BEFORE)--> ""bilan"" | ""bilan"" --(BEFORE)--> ""retenue"" | ""retenue"" --(OVERLAP)--> ""indication"""
195,45,FR100845,[EVENT_BEFORE_N/A_ACTUAL] --(BEFORE)--> [EVENT_BEFORE_N/A_ACTUAL] | [EVENT_BEFORE_N/A_ACTUAL] --(BEFORE)--> [EVENT_BEFORE_N/A_ACTUAL] | [EVENT_BEFORE_N/A_ACTUAL] --(OVERLAP)--> [EVENT_BEFORE_N/A_ACTUAL],"""décision"" --(BEFORE)--> ""extraction"" | ""extraction"" --(BEFORE)--> ""Apgar"" | ""Apgar"" --(OVERLAP)--> ""poids"""
195,45,FR100870,[EVENT_BEFORE_N/A_ACTUAL] --(BEFORE)--> [EVENT_BEFORE_N/A_ACTUAL] | [EVENT_BEFORE_N/A_ACTUAL] --(BEFORE)--> [EVENT_BEFORE_N/A_ACTUAL] | [EVENT_BEFORE_N/A_ACTUAL] --(OVERLAP)--> [EVENT_BEFORE_N/A_ACTUAL],"""sérologie"" --(BEFORE)--> ""retenu"" | ""retenu"" --(BEFORE)--> ""radiothérapie"" | ""radiothérapie"" --(OVERLAP)--> ""chimiothérapie"""
195,45,FR100874,[EVENT_BEFORE_N/A_ACTUAL] --(BEFORE)--> [EVENT_BEFORE_N/A_ACTUAL] | [EVENT_BEFORE_N/A_ACTUAL] --(BEFORE)--> [EVENT_BEFORE_N/A_ACTUAL] | [EVENT_BEFORE_N/A_ACTUAL] --(OVERLAP)--> [EVENT_BEFORE_N/A_ACTUAL],"""tomodensitométrie"" --(BEFORE)--> ""retenu"" | ""retenu"" --(BEFORE)--> ""mise"" | ""mise"" --(OVERLAP)--> ""transfusions"""
195,45,FR100882,[EVENT_BEFORE_N/A_ACTUAL] --(BEFORE)--> [EVENT_BEFORE_N/A_ACTUAL] | [EVENT_BEFORE_N/A_ACTUAL] --(BEFORE)--> [EVENT_BEFORE_N/A_ACTUAL] | [EVENT_BEFORE_N/A_ACTUAL] --(OVERLAP)--> [EVENT_BEFORE_N/A_ACTUAL],"""bilan"" --(BEFORE)--> ""sérologies"" | ""sérologies"" --(BEFORE)--> ""sclérothérapie"" | ""sclérothérapie"" --(OVERLAP)--> ""cimentoplastie"""
195,45,FR100894,[EVENT_BEFORE_N/A_ACTUAL] --(BEFORE)--> [EVENT_BEFORE_N/A_ACTUAL] | [EVENT_BEFORE_N/A_ACTUAL] --(BEFORE)--> [EVENT_BEFORE_N/A_ACTUAL] | [EVENT_BEFORE_N/A_ACTUAL] --(OVERLAP)--> [EVENT_BEFORE_N/A_ACTUAL],"""arrivée"" --(BEFORE)--> ""pris"" | ""pris"" --(BEFORE)--> ""incision"" | ""incision"" --(OVERLAP)--> ""rompu"""
195,45,FR100903,[EVENT_BEFORE_N/A_ACTUAL] --(BEFORE)--> [EVENT_BEFORE_N/A_ACTUAL] | [EVENT_BEFORE_N/A_ACTUAL] --(BEFORE)--> [EVENT_BEFORE_N/A_ACTUAL] | [EVENT_BEFORE_N/A_ACTUAL] --(OVERLAP)--> [EVENT_BEFORE_N/A_ACTUAL],"""IRM"" --(BEFORE)--> ""diagnostic"" | ""diagnostic"" --(BEFORE)--> ""écarté"" | ""écarté"" --(OVERLAP)--> ""caryotype"""
195,45,FR100932,[EVENT_BEFORE_N/A_ACTUAL] --(BEFORE)--> [EVENT_BEFORE_N/A_ACTUAL] | [EVENT_BEFORE_N/A_ACTUAL] --(BEFORE)--> [EVENT_BEFORE_N/A_ACTUAL] | [EVENT_BEFORE_N/A_ACTUAL] --(OVERLAP)--> [EVENT_BEFORE_N/A_ACTUAL],"""mise"" --(BEFORE)--> ""opérée"" | ""opérée"" --(BEFORE)--> ""évolution"" | ""évolution"" --(OVERLAP)--> ""suivie"""
90,44,FR100003,[EVENT_BEFORE_N/A_ACTUAL] --(CONTAINS)--> [EVENT_BEFORE_N/A_ACTUAL] | [EVENT_BEFORE_N/A_ACTUAL] --(BEFORE)--> [EVENT_BEFORE_N/A_ACTUAL] | [EVENT_BEFORE_N/A_ACTUAL] --(BEFORE)--> [EVENT_BEFORE_N/A_ACTUAL],"""ponction"" --(CONTAINS)--> ""ramené"" | ""ponction"" --(BEFORE)--> ""examen"" | ""examen"" --(BEFORE)--> ""examen"""
90,44,FR100092,[EVENT_BEFORE_N/A_ACTUAL] --(CONTAINS)--> [EVENT_BEFORE_N/A_ACTUAL] | [EVENT_BEFORE_N/A_ACTUAL] --(BEFORE)--> [EVENT_BEFORE_N/A_ACTUAL] | [EVENT_BEFORE_N/A_ACTUAL] --(BEFORE)--> [EVENT_BEFORE_N/A_ACTUAL],"""examen"" --(CONTAINS)--> ""fréquence"" | ""examen"" --(BEFORE)--> ""examen"" | ""examen"" --(BEFORE)--> ""examen"""
90,44,FR100130,[EVENT_BEFORE_N/A_ACTUAL] --(CONTAINS)--> [EVENT_BEFORE_N/A_ACTUAL] | [EVENT_BEFORE_N/A_ACTUAL] --(BEFORE)--> [EVENT_BEFORE_N/A_ACTUAL] | [EVENT_BEFORE_N/A_ACTUAL] --(BEFORE)--> [EVENT_BEFORE_N/A_ACTUAL],"""biologie"" --(CONTAINS)--> ""créatine"" | ""biologie"" --(BEFORE)--> ""glycémie"" | ""glycémie"" --(BEFORE)--> ""bilan"""
90,44,FR100161,[EVENT_BEFORE_N/A_ACTUAL] --(CONTAINS)--> [EVENT_BEFORE_N/A_ACTUAL] | [EVENT_BEFORE_N/A_ACTUAL] --(BEFORE)--> [EVENT_BEFORE_N/A_ACTUAL] | [EVENT_BEFORE_N/A_ACTUAL] --(BEFORE)--> [EVENT_BEFORE_N/A_ACTUAL],"""examens"" --(CONTAINS)--> ""Acti tests"" | ""examens"" --(BEFORE)--> ""radiographie"" | ""radiographie"" --(BEFORE)--> ""complément"""
90,44,FR100255,[EVENT_BEFORE_N/A_ACTUAL] --(CONTAINS)--> [EVENT_BEFORE_N/A_ACTUAL] | [EVENT_BEFORE_N/A_ACTUAL] --(BEFORE)--> [EVENT_BEFORE_N/A_ACTUAL] | [EVENT_BEFORE_N/A_ACTUAL] --(BEFORE)--> [EVENT_BEFORE_N/A_ACTUAL],"""bilan"" --(CONTAINS)--> ""TP"" | ""bilan"" --(BEFORE)--> ""expulsé"" | ""expulsé"" --(BEFORE)--> ""contrôle"""
90,44,FR100275,[EVENT_BEFORE_N/A_ACTUAL] --(CONTAINS)--> [EVENT_BEFORE_N/A_ACTUAL] | [EVENT_BEFORE_N/A_ACTUAL] --(BEFORE)--> [EVENT_BEFORE_N/A_ACTUAL] | [EVENT_BEFORE_N/A_ACTUAL] --(BEFORE)--> [EVENT_BEFORE_N/A_ACTUAL],"""manœuvres"" --(CONTAINS)--> ""insufflations"" | ""manœuvres"" --(BEFORE)--> ""transféré"" | ""transféré"" --(BEFORE)--> ""anamnèse"""
90,44,FR100276,[EVENT_BEFORE_N/A_ACTUAL] --(CONTAINS)--> [EVENT_BEFORE_N/A_ACTUAL] | [EVENT_BEFORE_N/A_ACTUAL] --(BEFORE)--> [EVENT_BEFORE_N/A_ACTUAL] | [EVENT_BEFORE_N/A_ACTUAL] --(BEFORE)--> [EVENT_BEFORE_N/A_ACTUAL],"""reste"" --(CONTAINS)--> ""particularité"" | ""reste"" --(BEFORE)--> ""bilan"" | ""bilan"" --(BEFORE)--> ""régression"""
90,44,FR100296,[EVENT_BEFORE_N/A_ACTUAL] --(CONTAINS)--> [EVENT_BEFORE_N/A_ACTUAL] | [EVENT_BEFORE_N/A_ACTUAL] --(BEFORE)--> [EVENT_BEFORE_N/A_ACTUAL] | [EVENT_BEFORE_N/A_ACTUAL] --(BEFORE)--> [EVENT_BEFORE_N/A_ACTUAL],"""fenestration"" --(CONTAINS)--> ""geste"" | ""fenestration"" --(BEFORE)--> ""suites"" | ""suites"" --(BEFORE)--> ""exéaté"""
90,44,FR100344,[EVENT_BEFORE_N/A_ACTUAL] --(CONTAINS)--> [EVENT_BEFORE_N/A_ACTUAL] | [EVENT_BEFORE_N/A_ACTUAL] --(BEFORE)--> [EVENT_BEFORE_N/A_ACTUAL] | [EVENT_BEFORE_N/A_ACTUAL] --(BEFORE)--> [EVENT_BEFORE_N/A_ACTUAL],"""bilan"" --(CONTAINS)--> ""échographie"" | ""bilan"" --(BEFORE)--> ""contrôle"" | ""contrôle"" --(BEFORE)--> ""échographies"""
90,44,FR100346,[EVENT_BEFORE_N/A_ACTUAL] --(CONTAINS)--> [EVENT_BEFORE_N/A_ACTUAL] | [EVENT_BEFORE_N/A_ACTUAL] --(BEFORE)--> [EVENT_BEFORE_N/A_ACTUAL] | [EVENT_BEFORE_N/A_ACTUAL] --(BEFORE)--> [EVENT_BEFORE_N/A_ACTUAL],"""examen"" --(CONTAINS)--> ""reste"" | ""examen"" --(BEFORE)--> ""gazométrie"" | ""gazométrie"" --(BEFORE)--> ""reste"""
90,44,FR100360,[EVENT_BEFORE_N/A_ACTUAL] --(CONTAINS)--> [EVENT_BEFORE_N/A_ACTUAL] | [EVENT_BEFORE_N/A_ACTUAL] --(BEFORE)--> [EVENT_BEFORE_N/A_ACTUAL] | [EVENT_BEFORE_N/A_ACTUAL] --(BEFORE)--> [EVENT_BEFORE_N/A_ACTUAL],"""colpohystérectomie"" --(CONTAINS)--> ""annexectomie"" | ""colpohystérectomie"" --(BEFORE)--> ""examen"" | ""examen"" --(BEFORE)--> ""curage"""
90,44,FR100361,[EVENT_BEFORE_N/A_ACTUAL] --(CONTAINS)--> [EVENT_BEFORE_N/A_ACTUAL] | [EVENT_BEFORE_N/A_ACTUAL] --(BEFORE)--> [EVENT_BEFORE_N/A_ACTUAL] | [EVENT_BEFORE_N/A_ACTUAL] --(BEFORE)--> [EVENT_BEFORE_N/A_ACTUAL],"""examen"" --(CONTAINS)--> ""mobilisait"" | ""examen"" --(BEFORE)--> ""TDM"" | ""TDM"" --(BEFORE)--> ""ponction"""
90,44,FR100371,[EVENT_BEFORE_N/A_ACTUAL] --(CONTAINS)--> [EVENT_BEFORE_N/A_ACTUAL] | [EVENT_BEFORE_N/A_ACTUAL] --(BEFORE)--> [EVENT_BEFORE_N/A_ACTUAL] | [EVENT_BEFORE_N/A_ACTUAL] --(BEFORE)--> [EVENT_BEFORE_N/A_ACTUAL],"""suite"" --(CONTAINS)--> ""tension"" | ""suite"" --(BEFORE)--> ""sortie"" | ""sortie"" --(BEFORE)--> ""perdue"""
90,44,FR100400,[EVENT_BEFORE_N/A_ACTUAL] --(CONTAINS)--> [EVENT_BEFORE_N/A_ACTUAL] | [EVENT_BEFORE_N/A_ACTUAL] --(BEFORE)--> [EVENT_BEFORE_N/A_ACTUAL] | [EVENT_BEFORE_N/A_ACTUAL] --(BEFORE)--> [EVENT_BEFORE_N/A_ACTUAL],"""histoire"" --(CONTAINS)--> ""douleurs"" | ""histoire"" --(BEFORE)--> ""examen"" | ""examen"" --(BEFORE)--> ""bilan"""
90,44,FR100448,[EVENT_BEFORE_N/A_ACTUAL] --(CONTAINS)--> [EVENT_BEFORE_N/A_ACTUAL] | [EVENT_BEFORE_N/A_ACTUAL] --(BEFORE)--> [EVENT_BEFORE_N/A_ACTUAL] | [EVENT_BEFORE_N/A_ACTUAL] --(BEFORE)--> [EVENT_BEFORE_N/A_ACTUAL],"""examen"" --(CONTAINS)--> ""reste"" | ""examen"" --(BEFORE)--> ""échotomographie"" | ""échotomographie"" --(BEFORE)--> ""hémi thyroïdectomie"""
90,44,FR100515,[EVENT_BEFORE_N/A_ACTUAL] --(CONTAINS)--> [EVENT_BEFORE_N/A_ACTUAL] | [EVENT_BEFORE_N/A_ACTUAL] --(BEFORE)--> [EVENT_BEFORE_N/A_ACTUAL] | [EVENT_BEFORE_N/A_ACTUAL] --(BEFORE)--> [EVENT_BEFORE_N/A_ACTUAL],"""bilan"" --(CONTAINS)--> ""examen"" | ""bilan"" --(BEFORE)--> ""bilan"" | ""bilan"" --(BEFORE)--> ""prescrits"""
90,44,FR100517,[EVENT_BEFORE_N/A_ACTUAL] --(CONTAINS)--> [EVENT_BEFORE_N/A_ACTUAL] | [EVENT_BEFORE_N/A_ACTUAL] --(BEFORE)--> [EVENT_BEFORE_N/A_ACTUAL] | [EVENT_BEFORE_N/A_ACTUAL] --(BEFORE)--> [EVENT_BEFORE_N/A_ACTUAL],"""bilan"" --(CONTAINS)--> ""fibroscopie"" | ""bilan"" --(BEFORE)--> ""mise"" | ""mise"" --(BEFORE)--> ""auscultation"""
90,44,FR100519,[EVENT_BEFORE_N/A_ACTUAL] --(CONTAINS)--> [EVENT_BEFORE_N/A_ACTUAL] | [EVENT_BEFORE_N/A_ACTUAL] --(BEFORE)--> [EVENT_BEFORE_N/A_ACTUAL] | [EVENT_BEFORE_N/A_ACTUAL] --(BEFORE)--> [EVENT_BEFORE_N/A_ACTUAL],"""bilan"" --(CONTAINS)--> ""radiographie"" | ""bilan"" --(BEFORE)--> ""angioscanner"" | ""angioscanner"" --(BEFORE)--> ""échodoppler"""
90,44,FR100589,[EVENT_BEFORE_N/A_ACTUAL] --(CONTAINS)--> [EVENT_BEFORE_N/A_ACTUAL] | [EVENT_BEFORE_N/A_ACTUAL] --(BEFORE)--> [EVENT_BEFORE_N/A_ACTUAL] | [EVENT_BEFORE_N/A_ACTUAL] --(BEFORE)--> [EVENT_BEFORE_N/A_ACTUAL],"""lavage"" --(CONTAINS)--> ""recherche"" | ""lavage"" --(BEFORE)--> ""biopsies"" | ""biopsies"" --(BEFORE)--> ""exploration"""
90,44,FR100597,[EVENT_BEFORE_N/A_ACTUAL] --(CONTAINS)--> [EVENT_BEFORE_N/A_ACTUAL] | [EVENT_BEFORE_N/A_ACTUAL] --(BEFORE)--> [EVENT_BEFORE_N/A_ACTUAL] | [EVENT_BEFORE_N/A_ACTUAL] --(BEFORE)--> [EVENT_BEFORE_N/A_ACTUAL],"""toucher"" --(CONTAINS)--> ""difficile"" | ""toucher"" --(BEFORE)--> ""reste"" | ""reste"" --(BEFORE)--> ""échographie"""
90,44,FR100603,[EVENT_BEFORE_N/A_ACTUAL] --(CONTAINS)--> [EVENT_BEFORE_N/A_ACTUAL] | [EVENT_BEFORE_N/A_ACTUAL] --(BEFORE)--> [EVENT_BEFORE_N/A_ACTUAL] | [EVENT_BEFORE_N/A_ACTUAL] --(BEFORE)--> [EVENT_BEFORE_N/A_ACTUAL],"""chirurgie"" --(CONTAINS)--> ""remplacée"" | ""chirurgie"" --(BEFORE)--> ""hémocultures"" | ""hémocultures"" --(BEFORE)--> ""évolution"""
90,44,FR100611,[EVENT_BEFORE_N/A_ACTUAL] --(CONTAINS)--> [EVENT_BEFORE_N/A_ACTUAL] | [EVENT_BEFORE_N/A_ACTUAL] --(BEFORE)--> [EVENT_BEFORE_N/A_ACTUAL] | [EVENT_BEFORE_N/A_ACTUAL] --(BEFORE)--> [EVENT_BEFORE_N/A_ACTUAL],"""TDM"" --(CONTAINS)--> ""image"" | ""TDM"" --(BEFORE)--> ""biopsie"" | ""biopsie"" --(BEFORE)--> ""recherche"""
90,44,FR100614,[EVENT_BEFORE_N/A_ACTUAL] --(CONTAINS)--> [EVENT_BEFORE_N/A_ACTUAL] | [EVENT_BEFORE_N/A_ACTUAL] --(BEFORE)--> [EVENT_BEFORE_N/A_ACTUAL] | [EVENT_BEFORE_N/A_ACTUAL] --(BEFORE)--> [EVENT_BEFORE_N/A_ACTUAL],"""intervention"" --(CONTAINS)--> ""éviter"" | ""intervention"" --(BEFORE)--> ""résection"" | ""résection"" --(BEFORE)--> ""étude"""
90,44,FR100620,[EVENT_BEFORE_N/A_ACTUAL] --(CONTAINS)--> [EVENT_BEFORE_N/A_ACTUAL] | [EVENT_BEFORE_N/A_ACTUAL] --(BEFORE)--> [EVENT_BEFORE_N/A_ACTUAL] | [EVENT_BEFORE_N/A_ACTUAL] --(BEFORE)--> [EVENT_BEFORE_N/A_ACTUAL],"""bilan"" --(CONTAINS)--> ""échographie"" | ""bilan"" --(BEFORE)--> ""bilan"" | ""bilan"" --(BEFORE)--> ""évolution"""
90,44,FR100629,[EVENT_BEFORE_N/A_ACTUAL] --(CONTAINS)--> [EVENT_BEFORE_N/A_ACTUAL] | [EVENT_BEFORE_N/A_ACTUAL] --(BEFORE)--> [EVENT_BEFORE_N/A_ACTUAL] | [EVENT_BEFORE_N/A_ACTUAL] --(BEFORE)--> [EVENT_BEFORE_N/A_ACTUAL],"""examen"" --(CONTAINS)--> ""examen"" | ""examen"" --(BEFORE)--> ""radiographie"" | ""radiographie"" --(BEFORE)--> ""TDM"""
90,44,FR100632,[EVENT_BEFORE_N/A_ACTUAL] --(CONTAINS)--> [EVENT_BEFORE_N/A_ACTUAL] | [EVENT_BEFORE_N/A_ACTUAL] --(BEFORE)--> [EVENT_BEFORE_N/A_ACTUAL] | [EVENT_BEFORE_N/A_ACTUAL] --(BEFORE)--> [EVENT_BEFORE_N/A_ACTUAL],"""enquête"" --(CONTAINS)--> ""taux"" | ""enquête"" --(BEFORE)--> ""étude"" | ""étude"" --(BEFORE)--> ""radiographie"""
90,44,FR100658,[EVENT_BEFORE_N/A_ACTUAL] --(CONTAINS)--> [EVENT_BEFORE_N/A_ACTUAL] | [EVENT_BEFORE_N/A_ACTUAL] --(BEFORE)--> [EVENT_BEFORE_N/A_ACTUAL] | [EVENT_BEFORE_N/A_ACTUAL] --(BEFORE)--> [EVENT_BEFORE_N/A_ACTUAL],"""évaluation"" --(CONTAINS)--> ""examen"" | ""évaluation"" --(BEFORE)--> ""auscultation"" | ""auscultation"" --(BEFORE)--> ""examens"""
90,44,FR100663,[EVENT_BEFORE_N/A_ACTUAL] --(CONTAINS)--> [EVENT_BEFORE_N/A_ACTUAL] | [EVENT_BEFORE_N/A_ACTUAL] --(BEFORE)--> [EVENT_BEFORE_N/A_ACTUAL] | [EVENT_BEFORE_N/A_ACTUAL] --(BEFORE)--> [EVENT_BEFORE_N/A_ACTUAL],"""examen"" --(CONTAINS)--> ""particularités"" | ""examen"" --(BEFORE)--> ""examen"" | ""examen"" --(BEFORE)--> ""échographie"""
90,44,FR100666,[EVENT_BEFORE_N/A_ACTUAL] --(CONTAINS)--> [EVENT_BEFORE_N/A_ACTUAL] | [EVENT_BEFORE_N/A_ACTUAL] --(BEFORE)--> [EVENT_BEFORE_N/A_ACTUAL] | [EVENT_BEFORE_N/A_ACTUAL] --(BEFORE)--> [EVENT_BEFORE_N/A_ACTUAL],"""examen"" --(CONTAINS)--> ""palpation"" | ""examen"" --(BEFORE)--> ""examen"" | ""examen"" --(BEFORE)--> ""palpation"""
90,44,FR100689,[EVENT_BEFORE_N/A_ACTUAL] --(CONTAINS)--> [EVENT_BEFORE_N/A_ACTUAL] | [EVENT_BEFORE_N/A_ACTUAL] --(BEFORE)--> [EVENT_BEFORE_N/A_ACTUAL] | [EVENT_BEFORE_N/A_ACTUAL] --(BEFORE)--> [EVENT_BEFORE_N/A_ACTUAL],"""IRM"" --(CONTAINS)--> ""injection"" | ""IRM"" --(BEFORE)--> ""étude"" | ""étude"" --(BEFORE)--> ""examen"""
90,44,FR100748,[EVENT_BEFORE_N/A_ACTUAL] --(CONTAINS)--> [EVENT_BEFORE_N/A_ACTUAL] | [EVENT_BEFORE_N/A_ACTUAL] --(BEFORE)--> [EVENT_BEFORE_N/A_ACTUAL] | [EVENT_BEFORE_N/A_ACTUAL] --(BEFORE)--> [EVENT_BEFORE_N/A_ACTUAL],"""consultation"" --(CONTAINS)--> ""examen"" | ""consultation"" --(BEFORE)--> ""ASA"" | ""ASA"" --(BEFORE)--> ""Nicardipine"""
90,44,FR100780,[EVENT_BEFORE_N/A_ACTUAL] --(CONTAINS)--> [EVENT_BEFORE_N/A_ACTUAL] | [EVENT_BEFORE_N/A_ACTUAL] --(BEFORE)--> [EVENT_BEFORE_N/A_ACTUAL] | [EVENT_BEFORE_N/A_ACTUAL] --(BEFORE)--> [EVENT_BEFORE_N/A_ACTUAL],"""examen"" --(CONTAINS)--> ""tension"" | ""examen"" --(BEFORE)--> ""toucher"" | ""toucher"" --(BEFORE)--> ""échographie"""
90,44,FR100806,[EVENT_BEFORE_N/A_ACTUAL] --(CONTAINS)--> [EVENT_BEFORE_N/A_ACTUAL] | [EVENT_BEFORE_N/A_ACTUAL] --(BEFORE)--> [EVENT_BEFORE_N/A_ACTUAL] | [EVENT_BEFORE_N/A_ACTUAL] --(BEFORE)--> [EVENT_BEFORE_N/A_ACTUAL],"""prise"" --(CONTAINS)--> ""splénectomie"" | ""prise"" --(BEFORE)--> ""examen"" | ""examen"" --(BEFORE)--> ""suites"""
90,44,FR100814,[EVENT_BEFORE_N/A_ACTUAL] --(CONTAINS)--> [EVENT_BEFORE_N/A_ACTUAL] | [EVENT_BEFORE_N/A_ACTUAL] --(BEFORE)--> [EVENT_BEFORE_N/A_ACTUAL] | [EVENT_BEFORE_N/A_ACTUAL] --(BEFORE)--> [EVENT_BEFORE_N/A_ACTUAL],"""IRM"" --(CONTAINS)--> ""iso-signal"" | ""IRM"" --(BEFORE)--> ""diagnostic"" | ""diagnostic"" --(BEFORE)--> ""réséquée"""
90,44,FR100826,[EVENT_BEFORE_N/A_ACTUAL] --(CONTAINS)--> [EVENT_BEFORE_N/A_ACTUAL] | [EVENT_BEFORE_N/A_ACTUAL] --(BEFORE)--> [EVENT_BEFORE_N/A_ACTUAL] | [EVENT_BEFORE_N/A_ACTUAL] --(BEFORE)--> [EVENT_BEFORE_N/A_ACTUAL],"""bilan"" --(CONTAINS)--> ""tomodensitométrie"" | ""bilan"" --(BEFORE)--> ""bilan"" | ""bilan"" --(BEFORE)--> ""retenue"""
90,44,FR100845,[EVENT_BEFORE_N/A_ACTUAL] --(CONTAINS)--> [EVENT_BEFORE_N/A_ACTUAL] | [EVENT_BEFORE_N/A_ACTUAL] --(BEFORE)--> [EVENT_BEFORE_N/A_ACTUAL] | [EVENT_BEFORE_N/A_ACTUAL] --(BEFORE)--> [EVENT_BEFORE_N/A_ACTUAL],"""examen"" --(CONTAINS)--> ""BCF"" | ""examen"" --(BEFORE)--> ""échographie"" | ""échographie"" --(BEFORE)--> ""radiographie"""
90,44,FR100849,[EVENT_BEFORE_N/A_ACTUAL] --(CONTAINS)--> [EVENT_BEFORE_N/A_ACTUAL] | [EVENT_BEFORE_N/A_ACTUAL] --(BEFORE)--> [EVENT_BEFORE_N/A_ACTUAL] | [EVENT_BEFORE_N/A_ACTUAL] --(BEFORE)--> [EVENT_BEFORE_N/A_ACTUAL],"""admission"" --(CONTAINS)--> ""examen"" | ""admission"" --(BEFORE)--> ""tomodensitométrie"" | ""tomodensitométrie"" --(BEFORE)--> ""acheminé"""
90,44,FR100870,[EVENT_BEFORE_N/A_ACTUAL] --(CONTAINS)--> [EVENT_BEFORE_N/A_ACTUAL] | [EVENT_BEFORE_N/A_ACTUAL] --(BEFORE)--> [EVENT_BEFORE_N/A_ACTUAL] | [EVENT_BEFORE_N/A_ACTUAL] --(BEFORE)--> [EVENT_BEFORE_N/A_ACTUAL],"""électrophorèse"" --(CONTAINS)--> ""découverte"" | ""électrophorèse"" --(BEFORE)--> ""immunosoustraction"" | ""immunosoustraction"" --(BEFORE)--> ""typer"""
90,44,FR100874,[EVENT_BEFORE_N/A_ACTUAL] --(CONTAINS)--> [EVENT_BEFORE_N/A_ACTUAL] | [EVENT_BEFORE_N/A_ACTUAL] --(BEFORE)--> [EVENT_BEFORE_N/A_ACTUAL] | [EVENT_BEFORE_N/A_ACTUAL] --(BEFORE)--> [EVENT_BEFORE_N/A_ACTUAL],"""transit"" --(CONTAINS)--> ""image"" | ""transit"" --(BEFORE)--> ""tomodensitométrie"" | ""tomodensitométrie"" --(BEFORE)--> ""retenu"""
90,44,FR100903,[EVENT_BEFORE_N/A_ACTUAL] --(CONTAINS)--> [EVENT_BEFORE_N/A_ACTUAL] | [EVENT_BEFORE_N/A_ACTUAL] --(BEFORE)--> [EVENT_BEFORE_N/A_ACTUAL] | [EVENT_BEFORE_N/A_ACTUAL] --(BEFORE)--> [EVENT_BEFORE_N/A_ACTUAL],"""contrôles"" --(CONTAINS)--> ""biométrie"" | ""contrôles"" --(BEFORE)--> ""accouchement"" | ""accouchement"" --(BEFORE)--> ""décédé"""
90,44,FR100919,[EVENT_BEFORE_N/A_ACTUAL] --(CONTAINS)--> [EVENT_BEFORE_N/A_ACTUAL] | [EVENT_BEFORE_N/A_ACTUAL] --(BEFORE)--> [EVENT_BEFORE_N/A_ACTUAL] | [EVENT_BEFORE_N/A_ACTUAL] --(BEFORE)--> [EVENT_BEFORE_N/A_ACTUAL],"""correction"" --(CONTAINS)--> ""injection"" | ""correction"" --(BEFORE)--> ""adressée"" | ""adressée"" --(BEFORE)--> ""bilan"""
90,44,FR100946,[EVENT_BEFORE_N/A_ACTUAL] --(CONTAINS)--> [EVENT_BEFORE_N/A_ACTUAL] | [EVENT_BEFORE_N/A_ACTUAL] --(BEFORE)--> [EVENT_BEFORE_N/A_ACTUAL] | [EVENT_BEFORE_N/A_ACTUAL] --(BEFORE)--> [EVENT_BEFORE_N/A_ACTUAL],"""IRM"" --(CONTAINS)--> ""prise"" | ""IRM"" --(BEFORE)--> ""analyse"" | ""analyse"" --(BEFORE)--> ""mise"""
90,44,FR100959,[EVENT_BEFORE_N/A_ACTUAL] --(CONTAINS)--> [EVENT_BEFORE_N/A_ACTUAL] | [EVENT_BEFORE_N/A_ACTUAL] --(BEFORE)--> [EVENT_BEFORE_N/A_ACTUAL] | [EVENT_BEFORE_N/A_ACTUAL] --(BEFORE)--> [EVENT_BEFORE_N/A_ACTUAL],"""œsophagoscopie"" --(CONTAINS)--> ""extraction"" | ""œsophagoscopie"" --(BEFORE)--> ""Transit"" | ""Transit"" --(BEFORE)--> ""notée"""
10,43,FR100003,[EVENT_BEFORE_N/A_ACTUAL] --(CONTAINS)--> [EVENT_BEFORE_N/A_ACTUAL] | [EVENT_BEFORE_N/A_ACTUAL] --(OVERLAP)--> [EVENT_BEFORE_N/A_ACTUAL],"""observation"" --(CONTAINS)--> ""Lexamen"" | ""Lexamen"" --(OVERLAP)--> ""fréquence"""
10,43,FR100078,[EVENT_BEFORE_N/A_ACTUAL] --(CONTAINS)--> [EVENT_BEFORE_N/A_ACTUAL] | [EVENT_BEFORE_N/A_ACTUAL] --(OVERLAP)--> [EVENT_BEFORE_N/A_ACTUAL],"""pouls"" --(CONTAINS)--> ""examen"" | ""examen"" --(OVERLAP)--> ""thrombophlébites"""
10,43,FR100120,[EVENT_BEFORE_N/A_ACTUAL] --(CONTAINS)--> [EVENT_BEFORE_N/A_ACTUAL] | [EVENT_BEFORE_N/A_ACTUAL] --(OVERLAP)--> [EVENT_BEFORE_N/A_ACTUAL],"""morphologie"" --(CONTAINS)--> ""conclure"" | ""conclure"" --(OVERLAP)--> ""identifiées"""
10,43,FR100130,[EVENT_BEFORE_N/A_ACTUAL] --(CONTAINS)--> [EVENT_BEFORE_N/A_ACTUAL] | [EVENT_BEFORE_N/A_ACTUAL] --(OVERLAP)--> [EVENT_BEFORE_N/A_ACTUAL],"""biologie"" --(CONTAINS)--> ""créatine"" | ""créatine"" --(OVERLAP)--> ""lactate"""
10,43,FR100132,[EVENT_BEFORE_N/A_ACTUAL] --(CONTAINS)--> [EVENT_BEFORE_N/A_ACTUAL] | [EVENT_BEFORE_N/A_ACTUAL] --(OVERLAP)--> [EVENT_BEFORE_N/A_ACTUAL],"""baisse"" --(CONTAINS)--> ""consultation"" | ""consultation"" --(OVERLAP)--> ""antécédents"""
10,43,FR100142,[EVENT_BEFORE_N/A_ACTUAL] --(CONTAINS)--> [EVENT_BEFORE_N/A_ACTUAL] | [EVENT_BEFORE_N/A_ACTUAL] --(OVERLAP)--> [EVENT_BEFORE_N/A_ACTUAL],"""évolution"" --(CONTAINS)--> ""taux"" | ""taux"" --(OVERLAP)--> ""ferritinémie"""
10,43,FR100168,[EVENT_BEFORE_N/A_ACTUAL] --(CONTAINS)--> [EVENT_BEFORE_N/A_ACTUAL] | [EVENT_BEFORE_N/A_ACTUAL] --(OVERLAP)--> [EVENT_BEFORE_N/A_ACTUAL],"""fibrinogène"" --(CONTAINS)--> ""bilan"" | ""bilan"" --(OVERLAP)--> ""déficit"""
10,43,FR100227,[EVENT_BEFORE_N/A_ACTUAL] --(CONTAINS)--> [EVENT_BEFORE_N/A_ACTUAL] | [EVENT_BEFORE_N/A_ACTUAL] --(OVERLAP)--> [EVENT_BEFORE_N/A_ACTUAL],"""pouvoir"" --(CONTAINS)--> ""bilan"" | ""bilan"" --(OVERLAP)--> ""IRM"""
10,43,FR100255,[EVENT_BEFORE_N/A_ACTUAL] --(CONTAINS)--> [EVENT_BEFORE_N/A_ACTUAL] | [EVENT_BEFORE_N/A_ACTUAL] --(OVERLAP)--> [EVENT_BEFORE_N/A_ACTUAL],"""analgésie"" --(CONTAINS)--> ""expulsé"" | ""expulsé"" --(OVERLAP)--> ""poids"""
10,43,FR100275,[EVENT_BEFORE_N/A_ACTUAL] --(CONTAINS)--> [EVENT_BEFORE_N/A_ACTUAL] | [EVENT_BEFORE_N/A_ACTUAL] --(OVERLAP)--> [EVENT_BEFORE_N/A_ACTUAL],"""bilan"" --(CONTAINS)--> ""électroencéphalogramme"" | ""électroencéphalogramme"" --(OVERLAP)--> ""foyer"""
10,43,FR100296,[EVENT_BEFORE_N/A_ACTUAL] --(CONTAINS)--> [EVENT_BEFORE_N/A_ACTUAL] | [EVENT_BEFORE_N/A_ACTUAL] --(OVERLAP)--> [EVENT_BEFORE_N/A_ACTUAL],"""fenestration"" --(CONTAINS)--> ""geste"" | ""geste"" --(OVERLAP)--> ""discectomie"""
10,43,FR100314,[EVENT_BEFORE_N/A_ACTUAL] --(CONTAINS)--> [EVENT_BEFORE_N/A_ACTUAL] | [EVENT_BEFORE_N/A_ACTUAL] --(OVERLAP)--> [EVENT_BEFORE_N/A_ACTUAL],"""fracture"" --(CONTAINS)--> ""bilan"" | ""bilan"" --(OVERLAP)--> ""fracture"""
10,43,FR100344,[EVENT_BEFORE_N/A_ACTUAL] --(CONTAINS)--> [EVENT_BEFORE_N/A_ACTUAL] | [EVENT_BEFORE_N/A_ACTUAL] --(OVERLAP)--> [EVENT_BEFORE_N/A_ACTUAL],"""superposés"" --(CONTAINS)--> ""échographies"" | ""échographies"" --(OVERLAP)--> ""déroulée"""
10,43,FR100360,[EVENT_BEFORE_N/A_ACTUAL] --(CONTAINS)--> [EVENT_BEFORE_N/A_ACTUAL] | [EVENT_BEFORE_N/A_ACTUAL] --(OVERLAP)--> [EVENT_BEFORE_N/A_ACTUAL],"""adénocarcinome"" --(CONTAINS)--> ""traitée"" | ""traitée"" --(OVERLAP)--> ""colpohystérectomie"""
10,43,FR100361,[EVENT_BEFORE_N/A_ACTUAL] --(CONTAINS)--> [EVENT_BEFORE_N/A_ACTUAL] | [EVENT_BEFORE_N/A_ACTUAL] --(OVERLAP)--> [EVENT_BEFORE_N/A_ACTUAL],"""troubles"" --(CONTAINS)--> ""admise"" | ""admise"" --(OVERLAP)--> ""antécédent"""
10,43,FR100371,[EVENT_BEFORE_N/A_ACTUAL] --(CONTAINS)--> [EVENT_BEFORE_N/A_ACTUAL] | [EVENT_BEFORE_N/A_ACTUAL] --(OVERLAP)--> [EVENT_BEFORE_N/A_ACTUAL],"""opacité"" --(CONTAINS)--> ""bilan"" | ""bilan"" --(OVERLAP)--> ""anomalie"""
10,43,FR100439,[EVENT_BEFORE_N/A_ACTUAL] --(CONTAINS)--> [EVENT_BEFORE_N/A_ACTUAL] | [EVENT_BEFORE_N/A_ACTUAL] --(OVERLAP)--> [EVENT_BEFORE_N/A_ACTUAL],"""rémission"" --(CONTAINS)--> ""contrôles"" | ""contrôles"" --(OVERLAP)--> ""recul"""
10,43,FR100448,[EVENT_BEFORE_N/A_ACTUAL] --(CONTAINS)--> [EVENT_BEFORE_N/A_ACTUAL] | [EVENT_BEFORE_N/A_ACTUAL] --(OVERLAP)--> [EVENT_BEFORE_N/A_ACTUAL],"""examen"" --(CONTAINS)--> ""reste"" | ""reste"" --(OVERLAP)--> ""particularités"""
10,43,FR100453,[EVENT_BEFORE_N/A_ACTUAL] --(CONTAINS)--> [EVENT_BEFORE_N/A_ACTUAL] | [EVENT_BEFORE_N/A_ACTUAL] --(OVERLAP)--> [EVENT_BEFORE_N/A_ACTUAL],"""thrombose"" --(CONTAINS)--> ""hospitalisé"" | ""hospitalisé"" --(OVERLAP)--> ""évolution"""
10,43,FR100510,[EVENT_BEFORE_N/A_ACTUAL] --(CONTAINS)--> [EVENT_BEFORE_N/A_ACTUAL] | [EVENT_BEFORE_N/A_ACTUAL] --(OVERLAP)--> [EVENT_BEFORE_N/A_ACTUAL],"""lésion"" --(CONTAINS)--> ""radiographie"" | ""radiographie"" --(OVERLAP)--> ""érosion"""
10,43,FR100515,[EVENT_BEFORE_N/A_ACTUAL] --(CONTAINS)--> [EVENT_BEFORE_N/A_ACTUAL] | [EVENT_BEFORE_N/A_ACTUAL] --(OVERLAP)--> [EVENT_BEFORE_N/A_ACTUAL],"""évolution"" --(CONTAINS)--> ""inefficaces"" | ""inefficaces"" --(OVERLAP)--> ""résistance"""
10,43,FR100517,[EVENT_BEFORE_N/A_ACTUAL] --(CONTAINS)--> [EVENT_BEFORE_N/A_ACTUAL] | [EVENT_BEFORE_N/A_ACTUAL] --(OVERLAP)--> [EVENT_BEFORE_N/A_ACTUAL],"""plaques"" --(CONTAINS)--> ""examen"" | ""examen"" --(OVERLAP)--> ""éléments"""
10,43,FR100519,[EVENT_BEFORE_N/A_ACTUAL] --(CONTAINS)--> [EVENT_BEFORE_N/A_ACTUAL] | [EVENT_BEFORE_N/A_ACTUAL] --(OVERLAP)--> [EVENT_BEFORE_N/A_ACTUAL],"""évolution"" --(CONTAINS)--> ""immobilisation"" | ""immobilisation"" --(OVERLAP)--> ""mise"""
10,43,FR100597,[EVENT_BEFORE_N/A_ACTUAL] --(CONTAINS)--> [EVENT_BEFORE_N/A_ACTUAL] | [EVENT_BEFORE_N/A_ACTUAL] --(OVERLAP)--> [EVENT_BEFORE_N/A_ACTUAL],"""tumeur"" --(CONTAINS)--> ""examen"" | ""examen"" --(OVERLAP)--> ""anomalies"""
10,43,FR100611,[EVENT_BEFORE_N/A_ACTUAL] --(CONTAINS)--> [EVENT_BEFORE_N/A_ACTUAL] | [EVENT_BEFORE_N/A_ACTUAL] --(OVERLAP)--> [EVENT_BEFORE_N/A_ACTUAL],"""CRP"" --(CONTAINS)--> ""ionogramme"" | ""ionogramme"" --(OVERLAP)--> ""reste"""
10,43,FR100620,[EVENT_BEFORE_N/A_ACTUAL] --(CONTAINS)--> [EVENT_BEFORE_N/A_ACTUAL] | [EVENT_BEFORE_N/A_ACTUAL] --(OVERLAP)--> [EVENT_BEFORE_N/A_ACTUAL],"""bilan"" --(CONTAINS)--> ""échographie"" | ""échographie"" --(OVERLAP)--> ""nodules"""
10,43,FR100658,[EVENT_BEFORE_N/A_ACTUAL] --(CONTAINS)--> [EVENT_BEFORE_N/A_ACTUAL] | [EVENT_BEFORE_N/A_ACTUAL] --(OVERLAP)--> [EVENT_BEFORE_N/A_ACTUAL],"""sibilants"" --(CONTAINS)--> ""auscultation"" | ""auscultation"" --(OVERLAP)--> ""critères"""
10,43,FR100663,[EVENT_BEFORE_N/A_ACTUAL] --(CONTAINS)--> [EVENT_BEFORE_N/A_ACTUAL] | [EVENT_BEFORE_N/A_ACTUAL] --(OVERLAP)--> [EVENT_BEFORE_N/A_ACTUAL],"""présence"" --(CONTAINS)--> ""contrôle"" | ""contrôle"" --(OVERLAP)--> ""stable"""
10,43,FR100683,[EVENT_BEFORE_N/A_ACTUAL] --(CONTAINS)--> [EVENT_BEFORE_N/A_ACTUAL] | [EVENT_BEFORE_N/A_ACTUAL] --(OVERLAP)--> [EVENT_BEFORE_N/A_ACTUAL],"""indice"" --(CONTAINS)--> ""examen"" | ""examen"" --(OVERLAP)--> ""syndrome"""
10,43,FR100689,[EVENT_BEFORE_N/A_ACTUAL] --(CONTAINS)--> [EVENT_BEFORE_N/A_ACTUAL] | [EVENT_BEFORE_N/A_ACTUAL] --(OVERLAP)--> [EVENT_BEFORE_N/A_ACTUAL],"""consultation"" --(CONTAINS)--> ""entretien"" | ""entretien"" --(OVERLAP)--> ""épisode"""
10,43,FR100697,[EVENT_BEFORE_N/A_ACTUAL] --(CONTAINS)--> [EVENT_BEFORE_N/A_ACTUAL] | [EVENT_BEFORE_N/A_ACTUAL] --(OVERLAP)--> [EVENT_BEFORE_N/A_ACTUAL],"""anticorps"" --(CONTAINS)--> ""immunomarquage"" | ""immunomarquage"" --(OVERLAP)--> ""tout"""
10,43,FR100748,[EVENT_BEFORE_N/A_ACTUAL] --(CONTAINS)--> [EVENT_BEFORE_N/A_ACTUAL] | [EVENT_BEFORE_N/A_ACTUAL] --(OVERLAP)--> [EVENT_BEFORE_N/A_ACTUAL],"""hospitalisation"" --(CONTAINS)--> ""dosage"" | ""dosage"" --(OVERLAP)--> ""VMA"""
10,43,FR100766,[EVENT_BEFORE_N/A_ACTUAL] --(CONTAINS)--> [EVENT_BEFORE_N/A_ACTUAL] | [EVENT_BEFORE_N/A_ACTUAL] --(OVERLAP)--> [EVENT_BEFORE_N/A_ACTUAL],"""adénocarcinome"" --(CONTAINS)--> ""opéré"" | ""opéré"" --(OVERLAP)--> ""antécédents"""
10,43,FR100780,[EVENT_BEFORE_N/A_ACTUAL] --(CONTAINS)--> [EVENT_BEFORE_N/A_ACTUAL] | [EVENT_BEFORE_N/A_ACTUAL] --(OVERLAP)--> [EVENT_BEFORE_N/A_ACTUAL],"""présentation"" --(CONTAINS)--> ""échographie"" | ""échographie"" --(OVERLAP)--> ""doppler"""
10,43,FR100806,[EVENT_BEFORE_N/A_ACTUAL] --(CONTAINS)--> [EVENT_BEFORE_N/A_ACTUAL] | [EVENT_BEFORE_N/A_ACTUAL] --(OVERLAP)--> [EVENT_BEFORE_N/A_ACTUAL],"""TP"" --(CONTAINS)--> ""biologie"" | ""biologie"" --(OVERLAP)--> ""troubles"""
10,43,FR100826,[EVENT_BEFORE_N/A_ACTUAL] --(CONTAINS)--> [EVENT_BEFORE_N/A_ACTUAL] | [EVENT_BEFORE_N/A_ACTUAL] --(OVERLAP)--> [EVENT_BEFORE_N/A_ACTUAL],"""présence"" --(CONTAINS)--> ""retenue"" | ""retenue"" --(OVERLAP)--> ""indication"""
10,43,FR100845,[EVENT_BEFORE_N/A_ACTUAL] --(CONTAINS)--> [EVENT_BEFORE_N/A_ACTUAL] | [EVENT_BEFORE_N/A_ACTUAL] --(OVERLAP)--> [EVENT_BEFORE_N/A_ACTUAL],"""grossesse"" --(CONTAINS)--> ""échographie"" | ""échographie"" --(OVERLAP)--> ""nombre"""
10,43,FR100849,[EVENT_BEFORE_N/A_ACTUAL] --(CONTAINS)--> [EVENT_BEFORE_N/A_ACTUAL] | [EVENT_BEFORE_N/A_ACTUAL] --(OVERLAP)--> [EVENT_BEFORE_N/A_ACTUAL],"""IMC"" --(CONTAINS)--> ""admission"" | ""admission"" --(OVERLAP)--> ""CRP"""
10,43,FR100882,[EVENT_BEFORE_N/A_ACTUAL] --(CONTAINS)--> [EVENT_BEFORE_N/A_ACTUAL] | [EVENT_BEFORE_N/A_ACTUAL] --(OVERLAP)--> [EVENT_BEFORE_N/A_ACTUAL],"""tumeur"" --(CONTAINS)--> ""examen"" | ""examen"" --(OVERLAP)--> ""pièce"""
10,43,FR100894,[EVENT_BEFORE_N/A_ACTUAL] --(CONTAINS)--> [EVENT_BEFORE_N/A_ACTUAL] | [EVENT_BEFORE_N/A_ACTUAL] --(OVERLAP)--> [EVENT_BEFORE_N/A_ACTUAL],"""reçu"" --(CONTAINS)--> ""plaignait"" | ""plaignait"" --(OVERLAP)--> ""sensible"""
10,43,FR100903,[EVENT_BEFORE_N/A_ACTUAL] --(CONTAINS)--> [EVENT_BEFORE_N/A_ACTUAL] | [EVENT_BEFORE_N/A_ACTUAL] --(OVERLAP)--> [EVENT_BEFORE_N/A_ACTUAL],"""Coombs"" --(CONTAINS)--> ""écarté"" | ""écarté"" --(OVERLAP)--> ""caryotype"""
10,43,FR100925,[EVENT_BEFORE_N/A_ACTUAL] --(CONTAINS)--> [EVENT_BEFORE_N/A_ACTUAL] | [EVENT_BEFORE_N/A_ACTUAL] --(OVERLAP)--> [EVENT_BEFORE_N/A_ACTUAL],"""libres"" --(CONTAINS)--> ""Doppler"" | ""Doppler"" --(OVERLAP)--> ""hépatites"""
121,43,FR100003,[EVENT_BEFORE_N/A_ACTUAL] --(OVERLAP)--> [EVENT_BEFORE_N/A_ACTUAL] | [EVENT_BEFORE_N/A_ACTUAL] --(BEFORE)--> [EVENT_BEFORE_N/A_ACTUAL],"""état"" --(OVERLAP)--> ""bilan"" | ""bilan"" --(BEFORE)--> ""TDM"""
121,43,FR100078,[EVENT_BEFORE_N/A_ACTUAL] --(OVERLAP)--> [EVENT_BEFORE_N/A_ACTUAL] | [EVENT_BEFORE_N/A_ACTUAL] --(BEFORE)--> [EVENT_BEFORE_N/A_ACTUAL],"""récidives"" --(OVERLAP)--> ""examen"" | ""examen"" --(BEFORE)--> ""doppler"""
121,43,FR100092,[EVENT_BEFORE_N/A_ACTUAL] --(OVERLAP)--> [EVENT_BEFORE_N/A_ACTUAL] | [EVENT_BEFORE_N/A_ACTUAL] --(BEFORE)--> [EVENT_BEFORE_N/A_ACTUAL],"""visualisé"" --(OVERLAP)--> ""échographie"" | ""échographie"" --(BEFORE)--> ""tableau"""
121,43,FR100120,[EVENT_BEFORE_N/A_ACTUAL] --(OVERLAP)--> [EVENT_BEFORE_N/A_ACTUAL] | [EVENT_BEFORE_N/A_ACTUAL] --(BEFORE)--> [EVENT_BEFORE_N/A_ACTUAL],"""traitement"" --(OVERLAP)--> ""rattaché"" | ""rattaché"" --(BEFORE)--> ""traitées"""
121,43,FR100130,[EVENT_BEFORE_N/A_ACTUAL] --(OVERLAP)--> [EVENT_BEFORE_N/A_ACTUAL] | [EVENT_BEFORE_N/A_ACTUAL] --(BEFORE)--> [EVENT_BEFORE_N/A_ACTUAL],"""signes"" --(OVERLAP)--> ""bilan"" | ""bilan"" --(BEFORE)--> ""suspectée"""
121,43,FR100132,[EVENT_BEFORE_N/A_ACTUAL] --(OVERLAP)--> [EVENT_BEFORE_N/A_ACTUAL] | [EVENT_BEFORE_N/A_ACTUAL] --(BEFORE)--> [EVENT_BEFORE_N/A_ACTUAL],"""diagnostic"" --(OVERLAP)--> ""consultation"" | ""consultation"" --(BEFORE)--> ""examen"""
121,43,FR100142,[EVENT_BEFORE_N/A_ACTUAL] --(OVERLAP)--> [EVENT_BEFORE_N/A_ACTUAL] | [EVENT_BEFORE_N/A_ACTUAL] --(BEFORE)--> [EVENT_BEFORE_N/A_ACTUAL],"""anomalies"" --(OVERLAP)--> ""scanner"" | ""scanner"" --(BEFORE)--> ""fibroscopie"""
121,43,FR100161,[EVENT_BEFORE_N/A_ACTUAL] --(OVERLAP)--> [EVENT_BEFORE_N/A_ACTUAL] | [EVENT_BEFORE_N/A_ACTUAL] --(BEFORE)--> [EVENT_BEFORE_N/A_ACTUAL],"""anomalies"" --(OVERLAP)--> ""radiographie"" | ""radiographie"" --(BEFORE)--> ""complément"""
121,43,FR100168,[EVENT_BEFORE_N/A_ACTUAL] --(OVERLAP)--> [EVENT_BEFORE_N/A_ACTUAL] | [EVENT_BEFORE_N/A_ACTUAL] --(BEFORE)--> [EVENT_BEFORE_N/A_ACTUAL],"""anomalies"" --(OVERLAP)--> ""tests"" | ""tests"" --(BEFORE)--> ""entretien"""
121,43,FR100255,[EVENT_BEFORE_N/A_ACTUAL] --(OVERLAP)--> [EVENT_BEFORE_N/A_ACTUAL] | [EVENT_BEFORE_N/A_ACTUAL] --(BEFORE)--> [EVENT_BEFORE_N/A_ACTUAL],"""signe"" --(OVERLAP)--> ""examen"" | ""examen"" --(BEFORE)--> ""examen"""
121,43,FR100275,[EVENT_BEFORE_N/A_ACTUAL] --(OVERLAP)--> [EVENT_BEFORE_N/A_ACTUAL] | [EVENT_BEFORE_N/A_ACTUAL] --(BEFORE)--> [EVENT_BEFORE_N/A_ACTUAL],"""évolution"" --(OVERLAP)--> ""posé"" | ""posé"" --(BEFORE)--> ""pris"""
121,43,FR100276,[EVENT_BEFORE_N/A_ACTUAL] --(OVERLAP)--> [EVENT_BEFORE_N/A_ACTUAL] | [EVENT_BEFORE_N/A_ACTUAL] --(BEFORE)--> [EVENT_BEFORE_N/A_ACTUAL],"""menée"" --(OVERLAP)--> ""accouchement"" | ""accouchement"" --(BEFORE)--> ""reste"""
121,43,FR100344,[EVENT_BEFORE_N/A_ACTUAL] --(OVERLAP)--> [EVENT_BEFORE_N/A_ACTUAL] | [EVENT_BEFORE_N/A_ACTUAL] --(BEFORE)--> [EVENT_BEFORE_N/A_ACTUAL],"""consultations"" --(OVERLAP)--> ""bilan"" | ""bilan"" --(BEFORE)--> ""contrôle"""
121,43,FR100360,[EVENT_BEFORE_N/A_ACTUAL] --(OVERLAP)--> [EVENT_BEFORE_N/A_ACTUAL] | [EVENT_BEFORE_N/A_ACTUAL] --(BEFORE)--> [EVENT_BEFORE_N/A_ACTUAL],"""traitée"" --(OVERLAP)--> ""colpohystérectomie"" | ""colpohystérectomie"" --(BEFORE)--> ""examen"""
121,43,FR100361,[EVENT_BEFORE_N/A_ACTUAL] --(OVERLAP)--> [EVENT_BEFORE_N/A_ACTUAL] | [EVENT_BEFORE_N/A_ACTUAL] --(BEFORE)--> [EVENT_BEFORE_N/A_ACTUAL],"""hémiplégie"" --(OVERLAP)--> ""scanner"" | ""scanner"" --(BEFORE)--> ""IRM"""
121,43,FR100448,[EVENT_BEFORE_N/A_ACTUAL] --(OVERLAP)--> [EVENT_BEFORE_N/A_ACTUAL] | [EVENT_BEFORE_N/A_ACTUAL] --(BEFORE)--> [EVENT_BEFORE_N/A_ACTUAL],"""origine"" --(OVERLAP)--> ""histochimie"" | ""histochimie"" --(BEFORE)--> ""scanner"""
121,43,FR100453,[EVENT_BEFORE_N/A_ACTUAL] --(OVERLAP)--> [EVENT_BEFORE_N/A_ACTUAL] | [EVENT_BEFORE_N/A_ACTUAL] --(BEFORE)--> [EVENT_BEFORE_N/A_ACTUAL],"""anomalie"" --(OVERLAP)--> ""examen"" | ""examen"" --(BEFORE)--> ""radiographies"""
121,43,FR100480,[EVENT_BEFORE_N/A_ACTUAL] --(OVERLAP)--> [EVENT_BEFORE_N/A_ACTUAL] | [EVENT_BEFORE_N/A_ACTUAL] --(BEFORE)--> [EVENT_BEFORE_N/A_ACTUAL],"""localisation"" --(OVERLAP)--> ""bilan"" | ""bilan"" --(BEFORE)--> ""traitement"""
121,43,FR100515,[EVENT_BEFORE_N/A_ACTUAL] --(OVERLAP)--> [EVENT_BEFORE_N/A_ACTUAL] | [EVENT_BEFORE_N/A_ACTUAL] --(BEFORE)--> [EVENT_BEFORE_N/A_ACTUAL],"""thérapeutiques"" --(OVERLAP)--> ""résistance"" | ""résistance"" --(BEFORE)--> ""évolution"""
121,43,FR100519,[EVENT_BEFORE_N/A_ACTUAL] --(OVERLAP)--> [EVENT_BEFORE_N/A_ACTUAL] | [EVENT_BEFORE_N/A_ACTUAL] --(BEFORE)--> [EVENT_BEFORE_N/A_ACTUAL],"""remplissage"" --(OVERLAP)--> ""décidé"" | ""décidé"" --(BEFORE)--> ""tomodensitométrie"""
121,43,FR100589,[EVENT_BEFORE_N/A_ACTUAL] --(OVERLAP)--> [EVENT_BEFORE_N/A_ACTUAL] | [EVENT_BEFORE_N/A_ACTUAL] --(BEFORE)--> [EVENT_BEFORE_N/A_ACTUAL],"""toux"" --(OVERLAP)--> ""admis"" | ""admis"" --(BEFORE)--> ""reste"""
121,43,FR100597,[EVENT_BEFORE_N/A_ACTUAL] --(OVERLAP)--> [EVENT_BEFORE_N/A_ACTUAL] | [EVENT_BEFORE_N/A_ACTUAL] --(BEFORE)--> [EVENT_BEFORE_N/A_ACTUAL],"""anomalie"" --(OVERLAP)--> ""examen"" | ""examen"" --(BEFORE)--> ""examen"""
121,43,FR100611,[EVENT_BEFORE_N/A_ACTUAL] --(OVERLAP)--> [EVENT_BEFORE_N/A_ACTUAL] | [EVENT_BEFORE_N/A_ACTUAL] --(BEFORE)--> [EVENT_BEFORE_N/A_ACTUAL],"""ionogramme"" --(OVERLAP)--> ""reste"" | ""reste"" --(BEFORE)--> ""retenu"""
121,43,FR100614,[EVENT_BEFORE_N/A_ACTUAL] --(OVERLAP)--> [EVENT_BEFORE_N/A_ACTUAL] | [EVENT_BEFORE_N/A_ACTUAL] --(BEFORE)--> [EVENT_BEFORE_N/A_ACTUAL],"""antécédent"" --(OVERLAP)--> ""admission"" | ""admission"" --(BEFORE)--> ""examen"""
121,43,FR100620,[EVENT_BEFORE_N/A_ACTUAL] --(OVERLAP)--> [EVENT_BEFORE_N/A_ACTUAL] | [EVENT_BEFORE_N/A_ACTUAL] --(BEFORE)--> [EVENT_BEFORE_N/A_ACTUAL],"""antécédents"" --(OVERLAP)--> ""présenté"" | ""présenté"" --(BEFORE)--> ""examen"""
121,43,FR100629,[EVENT_BEFORE_N/A_ACTUAL] --(OVERLAP)--> [EVENT_BEFORE_N/A_ACTUAL] | [EVENT_BEFORE_N/A_ACTUAL] --(BEFORE)--> [EVENT_BEFORE_N/A_ACTUAL],"""anomalies"" --(OVERLAP)--> ""examen"" | ""examen"" --(BEFORE)--> ""radiographie"""
121,43,FR100632,[EVENT_BEFORE_N/A_ACTUAL] --(OVERLAP)--> [EVENT_BEFORE_N/A_ACTUAL] | [EVENT_BEFORE_N/A_ACTUAL] --(BEFORE)--> [EVENT_BEFORE_N/A_ACTUAL],"""trouble"" --(OVERLAP)--> ""examen"" | ""examen"" --(BEFORE)--> ""IRM"""
121,43,FR100663,[EVENT_BEFORE_N/A_ACTUAL] --(OVERLAP)--> [EVENT_BEFORE_N/A_ACTUAL] | [EVENT_BEFORE_N/A_ACTUAL] --(BEFORE)--> [EVENT_BEFORE_N/A_ACTUAL],"""stable"" --(OVERLAP)--> ""décidé"" | ""décidé"" --(BEFORE)--> ""ligature"""
121,43,FR100666,[EVENT_BEFORE_N/A_ACTUAL] --(OVERLAP)--> [EVENT_BEFORE_N/A_ACTUAL] | [EVENT_BEFORE_N/A_ACTUAL] --(BEFORE)--> [EVENT_BEFORE_N/A_ACTUAL],"""traitement"" --(OVERLAP)--> ""pris"" | ""pris"" --(BEFORE)--> ""contrôle"""
121,43,FR100697,[EVENT_BEFORE_N/A_ACTUAL] --(OVERLAP)--> [EVENT_BEFORE_N/A_ACTUAL] | [EVENT_BEFORE_N/A_ACTUAL] --(BEFORE)--> [EVENT_BEFORE_N/A_ACTUAL],"""immunomarquage"" --(OVERLAP)--> ""tout"" | ""tout"" --(BEFORE)--> ""bilan"""
121,43,FR100708,[EVENT_BEFORE_N/A_ACTUAL] --(OVERLAP)--> [EVENT_BEFORE_N/A_ACTUAL] | [EVENT_BEFORE_N/A_ACTUAL] --(BEFORE)--> [EVENT_BEFORE_N/A_ACTUAL],"""particularités"" --(OVERLAP)--> ""examen"" | ""examen"" --(BEFORE)--> ""mammographie"""
121,43,FR100717,[EVENT_BEFORE_N/A_ACTUAL] --(OVERLAP)--> [EVENT_BEFORE_N/A_ACTUAL] | [EVENT_BEFORE_N/A_ACTUAL] --(BEFORE)--> [EVENT_BEFORE_N/A_ACTUAL],"""évolution"" --(OVERLAP)--> ""traitement"" | ""traitement"" --(BEFORE)--> ""examen"""
121,43,FR100748,[EVENT_BEFORE_N/A_ACTUAL] --(OVERLAP)--> [EVENT_BEFORE_N/A_ACTUAL] | [EVENT_BEFORE_N/A_ACTUAL] --(BEFORE)--> [EVENT_BEFORE_N/A_ACTUAL],"""Nicardipine"" --(OVERLAP)--> ""préparation"" | ""préparation"" --(BEFORE)--> ""salle"""
121,43,FR100766,[EVENT_BEFORE_N/A_ACTUAL] --(OVERLAP)--> [EVENT_BEFORE_N/A_ACTUAL] | [EVENT_BEFORE_N/A_ACTUAL] --(BEFORE)--> [EVENT_BEFORE_N/A_ACTUAL],"""satisfait"" --(OVERLAP)--> ""retenu"" | ""retenu"" --(BEFORE)--> ""bénéficié"""
121,43,FR100780,[EVENT_BEFORE_N/A_ACTUAL] --(OVERLAP)--> [EVENT_BEFORE_N/A_ACTUAL] | [EVENT_BEFORE_N/A_ACTUAL] --(BEFORE)--> [EVENT_BEFORE_N/A_ACTUAL],"""grossesse"" --(OVERLAP)--> ""admise"" | ""admise"" --(BEFORE)--> ""examen"""
121,43,FR100806,[EVENT_BEFORE_N/A_ACTUAL] --(OVERLAP)--> [EVENT_BEFORE_N/A_ACTUAL] | [EVENT_BEFORE_N/A_ACTUAL] --(BEFORE)--> [EVENT_BEFORE_N/A_ACTUAL],"""malignité"" --(OVERLAP)--> ""examen"" | ""examen"" --(BEFORE)--> ""suites"""
121,43,FR100826,[EVENT_BEFORE_N/A_ACTUAL] --(OVERLAP)--> [EVENT_BEFORE_N/A_ACTUAL] | [EVENT_BEFORE_N/A_ACTUAL] --(BEFORE)--> [EVENT_BEFORE_N/A_ACTUAL],"""autres"" --(OVERLAP)--> ""exploration"" | ""exploration"" --(BEFORE)--> ""suites"""
121,43,FR100870,[EVENT_BEFORE_N/A_ACTUAL] --(OVERLAP)--> [EVENT_BEFORE_N/A_ACTUAL] | [EVENT_BEFORE_N/A_ACTUAL] --(BEFORE)--> [EVENT_BEFORE_N/A_ACTUAL],"""lésions"" --(OVERLAP)--> ""IRM"" | ""IRM"" --(BEFORE)--> ""électrophorèse"""
121,43,FR100882,[EVENT_BEFORE_N/A_ACTUAL] --(OVERLAP)--> [EVENT_BEFORE_N/A_ACTUAL] | [EVENT_BEFORE_N/A_ACTUAL] --(BEFORE)--> [EVENT_BEFORE_N/A_ACTUAL],"""réflexes"" --(OVERLAP)--> ""examen"" | ""examen"" --(BEFORE)--> ""examen"""
121,43,FR100894,[EVENT_BEFORE_N/A_ACTUAL] --(OVERLAP)--> [EVENT_BEFORE_N/A_ACTUAL] | [EVENT_BEFORE_N/A_ACTUAL] --(BEFORE)--> [EVENT_BEFORE_N/A_ACTUAL],"""ressentir"" --(OVERLAP)--> ""trouvait"" | ""trouvait"" --(BEFORE)--> ""abandonner"""
121,43,FR100903,[EVENT_BEFORE_N/A_ACTUAL] --(OVERLAP)--> [EVENT_BEFORE_N/A_ACTUAL] | [EVENT_BEFORE_N/A_ACTUAL] --(BEFORE)--> [EVENT_BEFORE_N/A_ACTUAL],"""anomalies"" --(OVERLAP)--> ""échographie"" | ""échographie"" --(BEFORE)--> ""IRM"""
121,43,FR100919,[EVENT_BEFORE_N/A_ACTUAL] --(OVERLAP)--> [EVENT_BEFORE_N/A_ACTUAL] | [EVENT_BEFORE_N/A_ACTUAL] --(BEFORE)--> [EVENT_BEFORE_N/A_ACTUAL],"""prise"" --(OVERLAP)--> ""correction"" | ""correction"" --(BEFORE)--> ""normalisation"""
121,43,FR100946,[EVENT_BEFORE_N/A_ACTUAL] --(OVERLAP)--> [EVENT_BEFORE_N/A_ACTUAL] | [EVENT_BEFORE_N/A_ACTUAL] --(BEFORE)--> [EVENT_BEFORE_N/A_ACTUAL],"""signes"" --(OVERLAP)--> ""examen"" | ""examen"" --(BEFORE)--> ""IRM"""
148,43,FR100003,[EVENT_BEFORE_N/A_ACTUAL] --(BEFORE)--> [EVENT_BEFORE_N/A_ACTUAL] | [EVENT_BEFORE_N/A_ACTUAL] --(BEFORE)--> [EVENT_BEFORE_N/A_ACTUAL] | [EVENT_BEFORE_N/A_ACTUAL] --(BEFORE)--> [EVENT_BEFORE_N/A_ACTUAL] | [EVENT_BEFORE_N/A_ACTUAL] --(BEFORE)--> [EVENT_BEFORE_N/A_ACTUAL] | [EVENT_BEFORE_N/A_ACTUAL] --(BEFORE)--> [EVENT_BEFORE_N/A_ACTUAL],"""bilan"" --(BEFORE)--> ""TDM"" | ""TDM"" --(BEFORE)--> ""panoramique"" | ""panoramique"" --(BEFORE)--> ""ponction"" | ""ponction"" --(BEFORE)--> ""examen"" | ""examen"" --(BEFORE)--> ""examen"""
148,43,FR100092,[EVENT_BEFORE_N/A_ACTUAL] --(BEFORE)--> [EVENT_BEFORE_N/A_ACTUAL] | [EVENT_BEFORE_N/A_ACTUAL] --(BEFORE)--> [EVENT_BEFORE_N/A_ACTUAL] | [EVENT_BEFORE_N/A_ACTUAL] --(BEFORE)--> [EVENT_BEFORE_N/A_ACTUAL] | [EVENT_BEFORE_N/A_ACTUAL] --(BEFORE)--> [EVENT_BEFORE_N/A_ACTUAL] | [EVENT_BEFORE_N/A_ACTUAL] --(BEFORE)--> [EVENT_BEFORE_N/A_ACTUAL],"""examen"" --(BEFORE)--> ""examen"" | ""examen"" --(BEFORE)--> ""échographie"" | ""échographie"" --(BEFORE)--> ""tableau"" | ""tableau"" --(BEFORE)--> ""reste"" | ""reste"" --(BEFORE)--> ""minilaparotomie"""
148,43,FR100130,[EVENT_BEFORE_N/A_ACTUAL] --(BEFORE)--> [EVENT_BEFORE_N/A_ACTUAL] | [EVENT_BEFORE_N/A_ACTUAL] --(BEFORE)--> [EVENT_BEFORE_N/A_ACTUAL] | [EVENT_BEFORE_N/A_ACTUAL] --(BEFORE)--> [EVENT_BEFORE_N/A_ACTUAL] | [EVENT_BEFORE_N/A_ACTUAL] --(BEFORE)--> [EVENT_BEFORE_N/A_ACTUAL] | [EVENT_BEFORE_N/A_ACTUAL] --(BEFORE)--> [EVENT_BEFORE_N/A_ACTUAL],"""confirmé"" --(BEFORE)--> ""recherche"" | ""recherche"" --(BEFORE)--> ""séjour"" | ""séjour"" --(BEFORE)--> ""bilan"" | ""bilan"" --(BEFORE)--> ""suspectée"" | ""suspectée"" --(BEFORE)--> ""bilan"""
148,43,FR100142,[EVENT_BEFORE_N/A_ACTUAL] --(BEFORE)--> [EVENT_BEFORE_N/A_ACTUAL] | [EVENT_BEFORE_N/A_ACTUAL] --(BEFORE)--> [EVENT_BEFORE_N/A_ACTUAL] | [EVENT_BEFORE_N/A_ACTUAL] --(BEFORE)--> [EVENT_BEFORE_N/A_ACTUAL] | [EVENT_BEFORE_N/A_ACTUAL] --(BEFORE)--> [EVENT_BEFORE_N/A_ACTUAL] | [EVENT_BEFORE_N/A_ACTUAL] --(BEFORE)--> [EVENT_BEFORE_N/A_ACTUAL],"""électrophorèse"" --(BEFORE)--> ""scanner"" | ""scanner"" --(BEFORE)--> ""fibroscopie"" | ""fibroscopie"" --(BEFORE)--> ""biopsie"" | ""biopsie"" --(BEFORE)--> ""mis"" | ""mis"" --(BEFORE)--> ""bithérapie"""
148,43,FR100161,[EVENT_BEFORE_N/A_ACTUAL] --(BEFORE)--> [EVENT_BEFORE_N/A_ACTUAL] | [EVENT_BEFORE_N/A_ACTUAL] --(BEFORE)--> [EVENT_BEFORE_N/A_ACTUAL] | [EVENT_BEFORE_N/A_ACTUAL] --(BEFORE)--> [EVENT_BEFORE_N/A_ACTUAL] | [EVENT_BEFORE_N/A_ACTUAL] --(BEFORE)--> [EVENT_BEFORE_N/A_ACTUAL] | [EVENT_BEFORE_N/A_ACTUAL] --(BEFORE)--> [EVENT_BEFORE_N/A_ACTUAL],"""examens"" --(BEFORE)--> ""radiographie"" | ""radiographie"" --(BEFORE)--> ""complément"" | ""complément"" --(BEFORE)--> ""cortisol"" | ""cortisol"" --(BEFORE)--> ""exérèse"" | ""exérèse"" --(BEFORE)--> ""examen"""
148,43,FR100255,[EVENT_BEFORE_N/A_ACTUAL] --(BEFORE)--> [EVENT_BEFORE_N/A_ACTUAL] | [EVENT_BEFORE_N/A_ACTUAL] --(BEFORE)--> [EVENT_BEFORE_N/A_ACTUAL] | [EVENT_BEFORE_N/A_ACTUAL] --(BEFORE)--> [EVENT_BEFORE_N/A_ACTUAL] | [EVENT_BEFORE_N/A_ACTUAL] --(BEFORE)--> [EVENT_BEFORE_N/A_ACTUAL] | [EVENT_BEFORE_N/A_ACTUAL] --(BEFORE)--> [EVENT_BEFORE_N/A_ACTUAL],"""examen"" --(BEFORE)--> ""échographie"" | ""échographie"" --(BEFORE)--> ""mise"" | ""mise"" --(BEFORE)--> ""réveillée"" | ""réveillée"" --(BEFORE)--> ""radio"" | ""radio"" --(BEFORE)--> ""TDM"""
148,43,FR100275,[EVENT_BEFORE_N/A_ACTUAL] --(BEFORE)--> [EVENT_BEFORE_N/A_ACTUAL] | [EVENT_BEFORE_N/A_ACTUAL] --(BEFORE)--> [EVENT_BEFORE_N/A_ACTUAL] | [EVENT_BEFORE_N/A_ACTUAL] --(BEFORE)--> [EVENT_BEFORE_N/A_ACTUAL] | [EVENT_BEFORE_N/A_ACTUAL] --(BEFORE)--> [EVENT_BEFORE_N/A_ACTUAL] | [EVENT_BEFORE_N/A_ACTUAL] --(BEFORE)--> [EVENT_BEFORE_N/A_ACTUAL],"""découverte"" --(BEFORE)--> ""arrivée"" | ""arrivée"" --(BEFORE)--> ""établi"" | ""établi"" --(BEFORE)--> ""manœuvres"" | ""manœuvres"" --(BEFORE)--> ""transféré"" | ""transféré"" --(BEFORE)--> ""anamnèse"""
148,43,FR100314,[EVENT_BEFORE_N/A_ACTUAL] --(BEFORE)--> [EVENT_BEFORE_N/A_ACTUAL] | [EVENT_BEFORE_N/A_ACTUAL] --(BEFORE)--> [EVENT_BEFORE_N/A_ACTUAL] | [EVENT_BEFORE_N/A_ACTUAL] --(BEFORE)--> [EVENT_BEFORE_N/A_ACTUAL] | [EVENT_BEFORE_N/A_ACTUAL] --(BEFORE)--> [EVENT_BEFORE_N/A_ACTUAL] | [EVENT_BEFORE_N/A_ACTUAL] --(BEFORE)--> [EVENT_BEFORE_N/A_ACTUAL],"""admise"" --(BEFORE)--> ""bilan"" | ""bilan"" --(BEFORE)--> ""drainage"" | ""drainage"" --(BEFORE)--> ""angio-scanner"" | ""angio-scanner"" --(BEFORE)--> ""amputation"" | ""amputation"" --(BEFORE)--> ""mise"""
148,43,FR100346,[EVENT_BEFORE_N/A_ACTUAL] --(BEFORE)--> [EVENT_BEFORE_N/A_ACTUAL] | [EVENT_BEFORE_N/A_ACTUAL] --(BEFORE)--> [EVENT_BEFORE_N/A_ACTUAL] | [EVENT_BEFORE_N/A_ACTUAL] --(BEFORE)--> [EVENT_BEFORE_N/A_ACTUAL] | [EVENT_BEFORE_N/A_ACTUAL] --(BEFORE)--> [EVENT_BEFORE_N/A_ACTUAL] | [EVENT_BEFORE_N/A_ACTUAL] --(BEFORE)--> [EVENT_BEFORE_N/A_ACTUAL],"""gazométrie"" --(BEFORE)--> ""reste"" | ""reste"" --(BEFORE)--> ""radiographie"" | ""radiographie"" --(BEFORE)--> ""angioscanner"" | ""angioscanner"" --(BEFORE)--> ""echo-dopler"" | ""echo-dopler"" --(BEFORE)--> ""IRM"""
148,43,FR100360,[EVENT_BEFORE_N/A_ACTUAL] --(BEFORE)--> [EVENT_BEFORE_N/A_ACTUAL] | [EVENT_BEFORE_N/A_ACTUAL] --(BEFORE)--> [EVENT_BEFORE_N/A_ACTUAL] | [EVENT_BEFORE_N/A_ACTUAL] --(BEFORE)--> [EVENT_BEFORE_N/A_ACTUAL] | [EVENT_BEFORE_N/A_ACTUAL] --(BEFORE)--> [EVENT_BEFORE_N/A_ACTUAL] | [EVENT_BEFORE_N/A_ACTUAL] --(BEFORE)--> [EVENT_BEFORE_N/A_ACTUAL],"""tomodensitométrie"" --(BEFORE)--> ""complément"" | ""complément"" --(BEFORE)--> ""biopsie"" | ""biopsie"" --(BEFORE)--> ""tomodensitométrie"" | ""tomodensitométrie"" --(BEFORE)--> ""radiothérapie"" | ""radiothérapie"" --(BEFORE)--> ""cures"""
148,43,FR100361,[EVENT_BEFORE_N/A_ACTUAL] --(BEFORE)--> [EVENT_BEFORE_N/A_ACTUAL] | [EVENT_BEFORE_N/A_ACTUAL] --(BEFORE)--> [EVENT_BEFORE_N/A_ACTUAL] | [EVENT_BEFORE_N/A_ACTUAL] --(BEFORE)--> [EVENT_BEFORE_N/A_ACTUAL] | [EVENT_BEFORE_N/A_ACTUAL] --(BEFORE)--> [EVENT_BEFORE_N/A_ACTUAL] | [EVENT_BEFORE_N/A_ACTUAL] --(BEFORE)--> [EVENT_BEFORE_N/A_ACTUAL],"""examen"" --(BEFORE)--> ""TDM"" | ""TDM"" --(BEFORE)--> ""ponction"" | ""ponction"" --(BEFORE)--> ""examen"" | ""examen"" --(BEFORE)--> ""examen"" | ""examen"" --(BEFORE)--> ""culture"""
148,43,FR100371,[EVENT_BEFORE_N/A_ACTUAL] --(BEFORE)--> [EVENT_BEFORE_N/A_ACTUAL] | [EVENT_BEFORE_N/A_ACTUAL] --(BEFORE)--> [EVENT_BEFORE_N/A_ACTUAL] | [EVENT_BEFORE_N/A_ACTUAL] --(BEFORE)--> [EVENT_BEFORE_N/A_ACTUAL] | [EVENT_BEFORE_N/A_ACTUAL] --(BEFORE)--> [EVENT_BEFORE_N/A_ACTUAL] | [EVENT_BEFORE_N/A_ACTUAL] --(BEFORE)--> [EVENT_BEFORE_N/A_ACTUAL],"""adressée"" --(BEFORE)--> ""admission"" | ""admission"" --(BEFORE)--> ""examen"" | ""examen"" --(BEFORE)--> ""examen"" | ""examen"" --(BEFORE)--> ""bilan"" | ""bilan"" --(BEFORE)--> ""bilan"""
148,43,FR100400,[EVENT_BEFORE_N/A_ACTUAL] --(BEFORE)--> [EVENT_BEFORE_N/A_ACTUAL] | [EVENT_BEFORE_N/A_ACTUAL] --(BEFORE)--> [EVENT_BEFORE_N/A_ACTUAL] | [EVENT_BEFORE_N/A_ACTUAL] --(BEFORE)--> [EVENT_BEFORE_N/A_ACTUAL] | [EVENT_BEFORE_N/A_ACTUAL] --(BEFORE)--> [EVENT_BEFORE_N/A_ACTUAL] | [EVENT_BEFORE_N/A_ACTUAL] --(BEFORE)--> [EVENT_BEFORE_N/A_ACTUAL],"""Radiographie"" --(BEFORE)--> ""échographie"" | ""échographie"" --(BEFORE)--> ""scanner"" | ""scanner"" --(BEFORE)--> ""diagnostic"" | ""diagnostic"" --(BEFORE)--> ""exploration"" | ""exploration"" --(BEFORE)--> ""résection"""
148,43,FR100439,[EVENT_BEFORE_N/A_ACTUAL] --(BEFORE)--> [EVENT_BEFORE_N/A_ACTUAL] | [EVENT_BEFORE_N/A_ACTUAL] --(BEFORE)--> [EVENT_BEFORE_N/A_ACTUAL] | [EVENT_BEFORE_N/A_ACTUAL] --(BEFORE)--> [EVENT_BEFORE_N/A_ACTUAL] | [EVENT_BEFORE_N/A_ACTUAL] --(BEFORE)--> [EVENT_BEFORE_N/A_ACTUAL] | [EVENT_BEFORE_N/A_ACTUAL] --(BEFORE)--> [EVENT_BEFORE_N/A_ACTUAL],"""analyse"" --(BEFORE)--> ""demandée"" | ""demandée"" --(BEFORE)--> ""examen"" | ""examen"" --(BEFORE)--> ""classée"" | ""classée"" --(BEFORE)--> ""bénéficier"" | ""bénéficier"" --(BEFORE)--> ""nasofibroscopie"""
148,43,FR100448,[EVENT_BEFORE_N/A_ACTUAL] --(BEFORE)--> [EVENT_BEFORE_N/A_ACTUAL] | [EVENT_BEFORE_N/A_ACTUAL] --(BEFORE)--> [EVENT_BEFORE_N/A_ACTUAL] | [EVENT_BEFORE_N/A_ACTUAL] --(BEFORE)--> [EVENT_BEFORE_N/A_ACTUAL] | [EVENT_BEFORE_N/A_ACTUAL] --(BEFORE)--> [EVENT_BEFORE_N/A_ACTUAL] | [EVENT_BEFORE_N/A_ACTUAL] --(BEFORE)--> [EVENT_BEFORE_N/A_ACTUAL],"""échotomographie"" --(BEFORE)--> ""hémi thyroïdectomie"" | ""hémi thyroïdectomie"" --(BEFORE)--> ""examen"" | ""examen"" --(BEFORE)--> ""histochimie"" | ""histochimie"" --(BEFORE)--> ""scanner"" | ""scanner"" --(BEFORE)--> ""tomographie"""
148,43,FR100480,[EVENT_BEFORE_N/A_ACTUAL] --(BEFORE)--> [EVENT_BEFORE_N/A_ACTUAL] | [EVENT_BEFORE_N/A_ACTUAL] --(BEFORE)--> [EVENT_BEFORE_N/A_ACTUAL] | [EVENT_BEFORE_N/A_ACTUAL] --(BEFORE)--> [EVENT_BEFORE_N/A_ACTUAL] | [EVENT_BEFORE_N/A_ACTUAL] --(BEFORE)--> [EVENT_BEFORE_N/A_ACTUAL] | [EVENT_BEFORE_N/A_ACTUAL] --(BEFORE)--> [EVENT_BEFORE_N/A_ACTUAL],"""installation"" --(BEFORE)--> ""bilan"" | ""bilan"" --(BEFORE)--> ""analyse"" | ""analyse"" --(BEFORE)--> ""amputation"" | ""amputation"" --(BEFORE)--> ""examen"" | ""examen"" --(BEFORE)--> ""bilan"""
148,43,FR100517,[EVENT_BEFORE_N/A_ACTUAL] --(BEFORE)--> [EVENT_BEFORE_N/A_ACTUAL] | [EVENT_BEFORE_N/A_ACTUAL] --(BEFORE)--> [EVENT_BEFORE_N/A_ACTUAL] | [EVENT_BEFORE_N/A_ACTUAL] --(BEFORE)--> [EVENT_BEFORE_N/A_ACTUAL] | [EVENT_BEFORE_N/A_ACTUAL] --(BEFORE)--> [EVENT_BEFORE_N/A_ACTUAL] | [EVENT_BEFORE_N/A_ACTUAL] --(BEFORE)--> [EVENT_BEFORE_N/A_ACTUAL],"""bilan"" --(BEFORE)--> ""électromyogramme"" | ""électromyogramme"" --(BEFORE)--> ""bilan"" | ""bilan"" --(BEFORE)--> ""explorations"" | ""explorations"" --(BEFORE)--> ""porté"" | ""porté"" --(BEFORE)--> ""échographie"""
148,43,FR100519,[EVENT_BEFORE_N/A_ACTUAL] --(BEFORE)--> [EVENT_BEFORE_N/A_ACTUAL] | [EVENT_BEFORE_N/A_ACTUAL] --(BEFORE)--> [EVENT_BEFORE_N/A_ACTUAL] | [EVENT_BEFORE_N/A_ACTUAL] --(BEFORE)--> [EVENT_BEFORE_N/A_ACTUAL] | [EVENT_BEFORE_N/A_ACTUAL] --(BEFORE)--> [EVENT_BEFORE_N/A_ACTUAL] | [EVENT_BEFORE_N/A_ACTUAL] --(BEFORE)--> [EVENT_BEFORE_N/A_ACTUAL],"""hospitalisée"" --(BEFORE)--> ""entrée"" | ""entrée"" --(BEFORE)--> ""bilan"" | ""bilan"" --(BEFORE)--> ""angioscanner"" | ""angioscanner"" --(BEFORE)--> ""échodoppler"" | ""échodoppler"" --(BEFORE)--> ""retenue"""
148,43,FR100589,[EVENT_BEFORE_N/A_ACTUAL] --(BEFORE)--> [EVENT_BEFORE_N/A_ACTUAL] | [EVENT_BEFORE_N/A_ACTUAL] --(BEFORE)--> [EVENT_BEFORE_N/A_ACTUAL] | [EVENT_BEFORE_N/A_ACTUAL] --(BEFORE)--> [EVENT_BEFORE_N/A_ACTUAL] | [EVENT_BEFORE_N/A_ACTUAL] --(BEFORE)--> [EVENT_BEFORE_N/A_ACTUAL] | [EVENT_BEFORE_N/A_ACTUAL] --(BEFORE)--> [EVENT_BEFORE_N/A_ACTUAL],"""Cytométrie"" --(BEFORE)--> ""biopsie"" | ""biopsie"" --(BEFORE)--> ""bilan"" | ""bilan"" --(BEFORE)--> ""caryotype"" | ""caryotype"" --(BEFORE)--> ""sérologie"" | ""sérologie"" --(BEFORE)--> ""diagnostic"""
148,43,FR100597,[EVENT_BEFORE_N/A_ACTUAL] --(BEFORE)--> [EVENT_BEFORE_N/A_ACTUAL] | [EVENT_BEFORE_N/A_ACTUAL] --(BEFORE)--> [EVENT_BEFORE_N/A_ACTUAL] | [EVENT_BEFORE_N/A_ACTUAL] --(BEFORE)--> [EVENT_BEFORE_N/A_ACTUAL] | [EVENT_BEFORE_N/A_ACTUAL] --(BEFORE)--> [EVENT_BEFORE_N/A_ACTUAL] | [EVENT_BEFORE_N/A_ACTUAL] --(BEFORE)--> [EVENT_BEFORE_N/A_ACTUAL],"""examen"" --(BEFORE)--> ""examen"" | ""examen"" --(BEFORE)--> ""toucher"" | ""toucher"" --(BEFORE)--> ""reste"" | ""reste"" --(BEFORE)--> ""échographie"" | ""échographie"" --(BEFORE)--> ""complété"""
148,43,FR100611,[EVENT_BEFORE_N/A_ACTUAL] --(BEFORE)--> [EVENT_BEFORE_N/A_ACTUAL] | [EVENT_BEFORE_N/A_ACTUAL] --(BEFORE)--> [EVENT_BEFORE_N/A_ACTUAL] | [EVENT_BEFORE_N/A_ACTUAL] --(BEFORE)--> [EVENT_BEFORE_N/A_ACTUAL] | [EVENT_BEFORE_N/A_ACTUAL] --(BEFORE)--> [EVENT_BEFORE_N/A_ACTUAL] | [EVENT_BEFORE_N/A_ACTUAL] --(BEFORE)--> [EVENT_BEFORE_N/A_ACTUAL],"""examen"" --(BEFORE)--> ""IRM"" | ""IRM"" --(BEFORE)--> ""étude"" | ""étude"" --(BEFORE)--> ""examen"" | ""examen"" --(BEFORE)--> ""PCR"" | ""PCR"" --(BEFORE)--> ""TDM"""
148,43,FR100614,[EVENT_BEFORE_N/A_ACTUAL] --(BEFORE)--> [EVENT_BEFORE_N/A_ACTUAL] | [EVENT_BEFORE_N/A_ACTUAL] --(BEFORE)--> [EVENT_BEFORE_N/A_ACTUAL] | [EVENT_BEFORE_N/A_ACTUAL] --(BEFORE)--> [EVENT_BEFORE_N/A_ACTUAL] | [EVENT_BEFORE_N/A_ACTUAL] --(BEFORE)--> [EVENT_BEFORE_N/A_ACTUAL] | [EVENT_BEFORE_N/A_ACTUAL] --(BEFORE)--> [EVENT_BEFORE_N/A_ACTUAL],"""tomodensitométrie"" --(BEFORE)--> ""radiographie"" | ""radiographie"" --(BEFORE)--> ""taux"" | ""taux"" --(BEFORE)--> ""exploration"" | ""exploration"" --(BEFORE)--> ""rupture"" | ""rupture"" --(BEFORE)--> ""intervention"""
148,43,FR100620,[EVENT_BEFORE_N/A_ACTUAL] --(BEFORE)--> [EVENT_BEFORE_N/A_ACTUAL] | [EVENT_BEFORE_N/A_ACTUAL] --(BEFORE)--> [EVENT_BEFORE_N/A_ACTUAL] | [EVENT_BEFORE_N/A_ACTUAL] --(BEFORE)--> [EVENT_BEFORE_N/A_ACTUAL] | [EVENT_BEFORE_N/A_ACTUAL] --(BEFORE)--> [EVENT_BEFORE_N/A_ACTUAL] | [EVENT_BEFORE_N/A_ACTUAL] --(BEFORE)--> [EVENT_BEFORE_N/A_ACTUAL],"""examen"" --(BEFORE)--> ""radiographie"" | ""radiographie"" --(BEFORE)--> ""drainage"" | ""drainage"" --(BEFORE)--> ""radiographie"" | ""radiographie"" --(BEFORE)--> ""demandé"" | ""demandé"" --(BEFORE)--> ""explorer"""
148,43,FR100623,[EVENT_BEFORE_N/A_ACTUAL] --(BEFORE)--> [EVENT_BEFORE_N/A_ACTUAL] | [EVENT_BEFORE_N/A_ACTUAL] --(BEFORE)--> [EVENT_BEFORE_N/A_ACTUAL] | [EVENT_BEFORE_N/A_ACTUAL] --(BEFORE)--> [EVENT_BEFORE_N/A_ACTUAL] | [EVENT_BEFORE_N/A_ACTUAL] --(BEFORE)--> [EVENT_BEFORE_N/A_ACTUAL] | [EVENT_BEFORE_N/A_ACTUAL] --(BEFORE)--> [EVENT_BEFORE_N/A_ACTUAL],"""examen"" --(BEFORE)--> ""échographie"" | ""échographie"" --(BEFORE)--> ""tomodensitométrie"" | ""tomodensitométrie"" --(BEFORE)--> ""retenu"" | ""retenu"" --(BEFORE)--> ""prise"" | ""prise"" --(BEFORE)--> ""analyse"""
148,43,FR100629,[EVENT_BEFORE_N/A_ACTUAL] --(BEFORE)--> [EVENT_BEFORE_N/A_ACTUAL] | [EVENT_BEFORE_N/A_ACTUAL] --(BEFORE)--> [EVENT_BEFORE_N/A_ACTUAL] | [EVENT_BEFORE_N/A_ACTUAL] --(BEFORE)--> [EVENT_BEFORE_N/A_ACTUAL] | [EVENT_BEFORE_N/A_ACTUAL] --(BEFORE)--> [EVENT_BEFORE_N/A_ACTUAL] | [EVENT_BEFORE_N/A_ACTUAL] --(BEFORE)--> [EVENT_BEFORE_N/A_ACTUAL],"""radiographie"" --(BEFORE)--> ""thoracoscopie"" | ""thoracoscopie"" --(BEFORE)--> ""marquage"" | ""marquage"" --(BEFORE)--> ""bilan"" | ""bilan"" --(BEFORE)--> ""décision"" | ""décision"" --(BEFORE)--> ""évolution"""
148,43,FR100632,[EVENT_BEFORE_N/A_ACTUAL] --(BEFORE)--> [EVENT_BEFORE_N/A_ACTUAL] | [EVENT_BEFORE_N/A_ACTUAL] --(BEFORE)--> [EVENT_BEFORE_N/A_ACTUAL] | [EVENT_BEFORE_N/A_ACTUAL] --(BEFORE)--> [EVENT_BEFORE_N/A_ACTUAL] | [EVENT_BEFORE_N/A_ACTUAL] --(BEFORE)--> [EVENT_BEFORE_N/A_ACTUAL] | [EVENT_BEFORE_N/A_ACTUAL] --(BEFORE)--> [EVENT_BEFORE_N/A_ACTUAL],"""étude"" --(BEFORE)--> ""radiographie"" | ""radiographie"" --(BEFORE)--> ""examen"" | ""examen"" --(BEFORE)--> ""sérologie"" | ""sérologie"" --(BEFORE)--> ""diagnostic"" | ""diagnostic"" --(BEFORE)--> ""mis"""
148,43,FR100663,[EVENT_BEFORE_N/A_ACTUAL] --(BEFORE)--> [EVENT_BEFORE_N/A_ACTUAL] | [EVENT_BEFORE_N/A_ACTUAL] --(BEFORE)--> [EVENT_BEFORE_N/A_ACTUAL] | [EVENT_BEFORE_N/A_ACTUAL] --(BEFORE)--> [EVENT_BEFORE_N/A_ACTUAL] | [EVENT_BEFORE_N/A_ACTUAL] --(BEFORE)--> [EVENT_BEFORE_N/A_ACTUAL] | [EVENT_BEFORE_N/A_ACTUAL] --(BEFORE)--> [EVENT_BEFORE_N/A_ACTUAL],"""incisée"" --(BEFORE)--> ""vérifié"" | ""vérifié"" --(BEFORE)--> ""reprise"" | ""reprise"" --(BEFORE)--> ""fermé"" | ""fermé"" --(BEFORE)--> ""sortie"" | ""sortie"" --(BEFORE)--> ""surveillance"""
148,43,FR100666,[EVENT_BEFORE_N/A_ACTUAL] --(BEFORE)--> [EVENT_BEFORE_N/A_ACTUAL] | [EVENT_BEFORE_N/A_ACTUAL] --(BEFORE)--> [EVENT_BEFORE_N/A_ACTUAL] | [EVENT_BEFORE_N/A_ACTUAL] --(BEFORE)--> [EVENT_BEFORE_N/A_ACTUAL] | [EVENT_BEFORE_N/A_ACTUAL] --(BEFORE)--> [EVENT_BEFORE_N/A_ACTUAL] | [EVENT_BEFORE_N/A_ACTUAL] --(BEFORE)--> [EVENT_BEFORE_N/A_ACTUAL],"""étude"" --(BEFORE)--> ""adressé"" | ""adressé"" --(BEFORE)--> ""bilan"" | ""bilan"" --(BEFORE)--> ""myologramme"" | ""myologramme"" --(BEFORE)--> ""bilan"" | ""bilan"" --(BEFORE)--> ""classé"""
148,43,FR100683,[EVENT_BEFORE_N/A_ACTUAL] --(BEFORE)--> [EVENT_BEFORE_N/A_ACTUAL] | [EVENT_BEFORE_N/A_ACTUAL] --(BEFORE)--> [EVENT_BEFORE_N/A_ACTUAL] | [EVENT_BEFORE_N/A_ACTUAL] --(BEFORE)--> [EVENT_BEFORE_N/A_ACTUAL] | [EVENT_BEFORE_N/A_ACTUAL] --(BEFORE)--> [EVENT_BEFORE_N/A_ACTUAL] | [EVENT_BEFORE_N/A_ACTUAL] --(BEFORE)--> [EVENT_BEFORE_N/A_ACTUAL],"""examen"" --(BEFORE)--> ""exploration"" | ""exploration"" --(BEFORE)--> ""exploration"" | ""exploration"" --(BEFORE)--> ""IRM"" | ""IRM"" --(BEFORE)--> ""écho-mammographie"" | ""écho-mammographie"" --(BEFORE)--> ""osteodensitométrie"""
148,43,FR100688,[EVENT_BEFORE_N/A_ACTUAL] --(BEFORE)--> [EVENT_BEFORE_N/A_ACTUAL] | [EVENT_BEFORE_N/A_ACTUAL] --(BEFORE)--> [EVENT_BEFORE_N/A_ACTUAL] | [EVENT_BEFORE_N/A_ACTUAL] --(BEFORE)--> [EVENT_BEFORE_N/A_ACTUAL] | [EVENT_BEFORE_N/A_ACTUAL] --(BEFORE)--> [EVENT_BEFORE_N/A_ACTUAL] | [EVENT_BEFORE_N/A_ACTUAL] --(BEFORE)--> [EVENT_BEFORE_N/A_ACTUAL],"""examen"" --(BEFORE)--> ""sérologie"" | ""sérologie"" --(BEFORE)--> ""radiographie"" | ""radiographie"" --(BEFORE)--> ""échographie"" | ""échographie"" --(BEFORE)--> ""radiographie"" | ""radiographie"" --(BEFORE)--> ""incision"""
148,43,FR100689,[EVENT_BEFORE_N/A_ACTUAL] --(BEFORE)--> [EVENT_BEFORE_N/A_ACTUAL] | [EVENT_BEFORE_N/A_ACTUAL] --(BEFORE)--> [EVENT_BEFORE_N/A_ACTUAL] | [EVENT_BEFORE_N/A_ACTUAL] --(BEFORE)--> [EVENT_BEFORE_N/A_ACTUAL] | [EVENT_BEFORE_N/A_ACTUAL] --(BEFORE)--> [EVENT_BEFORE_N/A_ACTUAL] | [EVENT_BEFORE_N/A_ACTUAL] --(BEFORE)--> [EVENT_BEFORE_N/A_ACTUAL],"""IRM"" --(BEFORE)--> ""étude"" | ""étude"" --(BEFORE)--> ""examen"" | ""examen"" --(BEFORE)--> ""PCR"" | ""PCR"" --(BEFORE)--> ""scanner"" | ""scanner"" --(BEFORE)--> ""hémogramme"""
148,43,FR100697,[EVENT_BEFORE_N/A_ACTUAL] --(BEFORE)--> [EVENT_BEFORE_N/A_ACTUAL] | [EVENT_BEFORE_N/A_ACTUAL] --(BEFORE)--> [EVENT_BEFORE_N/A_ACTUAL] | [EVENT_BEFORE_N/A_ACTUAL] --(BEFORE)--> [EVENT_BEFORE_N/A_ACTUAL] | [EVENT_BEFORE_N/A_ACTUAL] --(BEFORE)--> [EVENT_BEFORE_N/A_ACTUAL] | [EVENT_BEFORE_N/A_ACTUAL] --(BEFORE)--> [EVENT_BEFORE_N/A_ACTUAL],"""palpation"" --(BEFORE)--> ""examen"" | ""examen"" --(BEFORE)--> ""mammographie"" | ""mammographie"" --(BEFORE)--> ""échographie"" | ""échographie"" --(BEFORE)--> ""examen"" | ""examen"" --(BEFORE)--> ""immunomarquage"""
148,43,FR100717,[EVENT_BEFORE_N/A_ACTUAL] --(BEFORE)--> [EVENT_BEFORE_N/A_ACTUAL] | [EVENT_BEFORE_N/A_ACTUAL] --(BEFORE)--> [EVENT_BEFORE_N/A_ACTUAL] | [EVENT_BEFORE_N/A_ACTUAL] --(BEFORE)--> [EVENT_BEFORE_N/A_ACTUAL] | [EVENT_BEFORE_N/A_ACTUAL] --(BEFORE)--> [EVENT_BEFORE_N/A_ACTUAL] | [EVENT_BEFORE_N/A_ACTUAL] --(BEFORE)--> [EVENT_BEFORE_N/A_ACTUAL],"""consulté"" --(BEFORE)--> ""traitement"" | ""traitement"" --(BEFORE)--> ""examen"" | ""examen"" --(BEFORE)--> ""examens"" | ""examens"" --(BEFORE)--> ""scanner"" | ""scanner"" --(BEFORE)--> ""IRM"""
148,43,FR100806,[EVENT_BEFORE_N/A_ACTUAL] --(BEFORE)--> [EVENT_BEFORE_N/A_ACTUAL] | [EVENT_BEFORE_N/A_ACTUAL] --(BEFORE)--> [EVENT_BEFORE_N/A_ACTUAL] | [EVENT_BEFORE_N/A_ACTUAL] --(BEFORE)--> [EVENT_BEFORE_N/A_ACTUAL] | [EVENT_BEFORE_N/A_ACTUAL] --(BEFORE)--> [EVENT_BEFORE_N/A_ACTUAL] | [EVENT_BEFORE_N/A_ACTUAL] --(BEFORE)--> [EVENT_BEFORE_N/A_ACTUAL],"""transfusions"" --(BEFORE)--> ""biologie"" | ""biologie"" --(BEFORE)--> ""tomodensitométrie"" | ""tomodensitométrie"" --(BEFORE)--> ""prise"" | ""prise"" --(BEFORE)--> ""examen"" | ""examen"" --(BEFORE)--> ""suites"""
148,43,FR100826,[EVENT_BEFORE_N/A_ACTUAL] --(BEFORE)--> [EVENT_BEFORE_N/A_ACTUAL] | [EVENT_BEFORE_N/A_ACTUAL] --(BEFORE)--> [EVENT_BEFORE_N/A_ACTUAL] | [EVENT_BEFORE_N/A_ACTUAL] --(BEFORE)--> [EVENT_BEFORE_N/A_ACTUAL] | [EVENT_BEFORE_N/A_ACTUAL] --(BEFORE)--> [EVENT_BEFORE_N/A_ACTUAL] | [EVENT_BEFORE_N/A_ACTUAL] --(BEFORE)--> [EVENT_BEFORE_N/A_ACTUAL],"""examen"" --(BEFORE)--> ""bilan"" | ""bilan"" --(BEFORE)--> ""bilan"" | ""bilan"" --(BEFORE)--> ""retenue"" | ""retenue"" --(BEFORE)--> ""exploration"" | ""exploration"" --(BEFORE)--> ""suites"""
148,43,FR100845,[EVENT_BEFORE_N/A_ACTUAL] --(BEFORE)--> [EVENT_BEFORE_N/A_ACTUAL] | [EVENT_BEFORE_N/A_ACTUAL] --(BEFORE)--> [EVENT_BEFORE_N/A_ACTUAL] | [EVENT_BEFORE_N/A_ACTUAL] --(BEFORE)--> [EVENT_BEFORE_N/A_ACTUAL] | [EVENT_BEFORE_N/A_ACTUAL] --(BEFORE)--> [EVENT_BEFORE_N/A_ACTUAL] | [EVENT_BEFORE_N/A_ACTUAL] --(BEFORE)--> [EVENT_BEFORE_N/A_ACTUAL],"""informé"" --(BEFORE)--> ""décision"" | ""décision"" --(BEFORE)--> ""extraction"" | ""extraction"" --(BEFORE)--> ""examen"" | ""examen"" --(BEFORE)--> ""examinés"" | ""examinés"" --(BEFORE)--> ""détresse"""
148,43,FR100870,[EVENT_BEFORE_N/A_ACTUAL] --(BEFORE)--> [EVENT_BEFORE_N/A_ACTUAL] | [EVENT_BEFORE_N/A_ACTUAL] --(BEFORE)--> [EVENT_BEFORE_N/A_ACTUAL] | [EVENT_BEFORE_N/A_ACTUAL] --(BEFORE)--> [EVENT_BEFORE_N/A_ACTUAL] | [EVENT_BEFORE_N/A_ACTUAL] --(BEFORE)--> [EVENT_BEFORE_N/A_ACTUAL] | [EVENT_BEFORE_N/A_ACTUAL] --(BEFORE)--> [EVENT_BEFORE_N/A_ACTUAL],"""radiothérapie"" --(BEFORE)--> ""admis"" | ""admis"" --(BEFORE)--> ""imagerie"" | ""imagerie"" --(BEFORE)--> ""hémogramme"" | ""hémogramme"" --(BEFORE)--> ""bilan"" | ""bilan"" --(BEFORE)--> ""IRM"""
148,43,FR100874,[EVENT_BEFORE_N/A_ACTUAL] --(BEFORE)--> [EVENT_BEFORE_N/A_ACTUAL] | [EVENT_BEFORE_N/A_ACTUAL] --(BEFORE)--> [EVENT_BEFORE_N/A_ACTUAL] | [EVENT_BEFORE_N/A_ACTUAL] --(BEFORE)--> [EVENT_BEFORE_N/A_ACTUAL] | [EVENT_BEFORE_N/A_ACTUAL] --(BEFORE)--> [EVENT_BEFORE_N/A_ACTUAL] | [EVENT_BEFORE_N/A_ACTUAL] --(BEFORE)--> [EVENT_BEFORE_N/A_ACTUAL],"""transit"" --(BEFORE)--> ""tomodensitométrie"" | ""tomodensitométrie"" --(BEFORE)--> ""retenu"" | ""retenu"" --(BEFORE)--> ""mise"" | ""mise"" --(BEFORE)--> ""diverticulectomie"" | ""diverticulectomie"" --(BEFORE)--> ""décédée"""
148,43,FR100882,[EVENT_BEFORE_N/A_ACTUAL] --(BEFORE)--> [EVENT_BEFORE_N/A_ACTUAL] | [EVENT_BEFORE_N/A_ACTUAL] --(BEFORE)--> [EVENT_BEFORE_N/A_ACTUAL] | [EVENT_BEFORE_N/A_ACTUAL] --(BEFORE)--> [EVENT_BEFORE_N/A_ACTUAL] | [EVENT_BEFORE_N/A_ACTUAL] --(BEFORE)--> [EVENT_BEFORE_N/A_ACTUAL] | [EVENT_BEFORE_N/A_ACTUAL] --(BEFORE)--> [EVENT_BEFORE_N/A_ACTUAL],"""prise"" --(BEFORE)--> ""laminectomie"" | ""laminectomie"" --(BEFORE)--> ""Imagerie"" | ""Imagerie"" --(BEFORE)--> ""bilan"" | ""bilan"" --(BEFORE)--> ""sérologies"" | ""sérologies"" --(BEFORE)--> ""sclérothérapie"""
148,43,FR100903,[EVENT_BEFORE_N/A_ACTUAL] --(BEFORE)--> [EVENT_BEFORE_N/A_ACTUAL] | [EVENT_BEFORE_N/A_ACTUAL] --(BEFORE)--> [EVENT_BEFORE_N/A_ACTUAL] | [EVENT_BEFORE_N/A_ACTUAL] --(BEFORE)--> [EVENT_BEFORE_N/A_ACTUAL] | [EVENT_BEFORE_N/A_ACTUAL] --(BEFORE)--> [EVENT_BEFORE_N/A_ACTUAL] | [EVENT_BEFORE_N/A_ACTUAL] --(BEFORE)--> [EVENT_BEFORE_N/A_ACTUAL],"""diagnostic"" --(BEFORE)--> ""écarté"" | ""écarté"" --(BEFORE)--> ""contrôles"" | ""contrôles"" --(BEFORE)--> ""accouchement"" | ""accouchement"" --(BEFORE)--> ""décédé"" | ""décédé"" --(BEFORE)--> ""caryotype"""
148,43,FR100946,[EVENT_BEFORE_N/A_ACTUAL] --(BEFORE)--> [EVENT_BEFORE_N/A_ACTUAL] | [EVENT_BEFORE_N/A_ACTUAL] --(BEFORE)--> [EVENT_BEFORE_N/A_ACTUAL] | [EVENT_BEFORE_N/A_ACTUAL] --(BEFORE)--> [EVENT_BEFORE_N/A_ACTUAL] | [EVENT_BEFORE_N/A_ACTUAL] --(BEFORE)--> [EVENT_BEFORE_N/A_ACTUAL] | [EVENT_BEFORE_N/A_ACTUAL] --(BEFORE)--> [EVENT_BEFORE_N/A_ACTUAL],"""examen"" --(BEFORE)--> ""IRM"" | ""IRM"" --(BEFORE)--> ""analyse"" | ""analyse"" --(BEFORE)--> ""mise"" | ""mise"" --(BEFORE)--> ""analyse"" | ""analyse"" --(BEFORE)--> ""mise"""
148,43,FR100996,[EVENT_BEFORE_N/A_ACTUAL] --(BEFORE)--> [EVENT_BEFORE_N/A_ACTUAL] | [EVENT_BEFORE_N/A_ACTUAL] --(BEFORE)--> [EVENT_BEFORE_N/A_ACTUAL] | [EVENT_BEFORE_N/A_ACTUAL] --(BEFORE)--> [EVENT_BEFORE_N/A_ACTUAL] | [EVENT_BEFORE_N/A_ACTUAL] --(BEFORE)--> [EVENT_BEFORE_N/A_ACTUAL] | [EVENT_BEFORE_N/A_ACTUAL] --(BEFORE)--> [EVENT_BEFORE_N/A_ACTUAL],"""consulté"" --(BEFORE)--> ""examen"" | ""examen"" --(BEFORE)--> ""tomodensitométrie"" | ""tomodensitométrie"" --(BEFORE)--> ""injection"" | ""injection"" --(BEFORE)--> ""retenu"" | ""retenu"" --(BEFORE)--> ""chirurgical"""
200,43,FR100120,[EVENT_BEFORE_N/A_ACTUAL] --(BEFORE)--> [EVENT_BEFORE_N/A_ACTUAL] | [EVENT_BEFORE_N/A_ACTUAL] --(BEFORE)--> [EVENT_BEFORE_N/A_ACTUAL] | [EVENT_BEFORE_N/A_ACTUAL] --(BEFORE)--> [EVENT_BEFORE_N/A_ACTUAL],"""rattaché"" --(BEFORE)--> ""traitement"" | ""rattaché"" --(BEFORE)--> ""traitées"" | ""traitement"" --(BEFORE)--> ""sailli"""
200,43,FR100130,[EVENT_BEFORE_N/A_ACTUAL] --(BEFORE)--> [EVENT_BEFORE_N/A_ACTUAL] | [EVENT_BEFORE_N/A_ACTUAL] --(BEFORE)--> [EVENT_BEFORE_N/A_ACTUAL] | [EVENT_BEFORE_N/A_ACTUAL] --(BEFORE)--> [EVENT_BEFORE_N/A_ACTUAL],"""glycémie"" --(BEFORE)--> ""confirmé"" | ""glycémie"" --(BEFORE)--> ""bilan"" | ""confirmé"" --(BEFORE)--> ""recherche"""
200,43,FR100142,[EVENT_BEFORE_N/A_ACTUAL] --(BEFORE)--> [EVENT_BEFORE_N/A_ACTUAL] | [EVENT_BEFORE_N/A_ACTUAL] --(BEFORE)--> [EVENT_BEFORE_N/A_ACTUAL] | [EVENT_BEFORE_N/A_ACTUAL] --(BEFORE)--> [EVENT_BEFORE_N/A_ACTUAL],"""fibroscopie"" --(BEFORE)--> ""biopsie"" | ""fibroscopie"" --(BEFORE)--> ""colonoscopie"" | ""biopsie"" --(BEFORE)--> ""mis"""
200,43,FR100161,[EVENT_BEFORE_N/A_ACTUAL] --(BEFORE)--> [EVENT_BEFORE_N/A_ACTUAL] | [EVENT_BEFORE_N/A_ACTUAL] --(BEFORE)--> [EVENT_BEFORE_N/A_ACTUAL] | [EVENT_BEFORE_N/A_ACTUAL] --(BEFORE)--> [EVENT_BEFORE_N/A_ACTUAL],"""complément"" --(BEFORE)--> ""cortisol"" | ""complément"" --(BEFORE)--> ""IRM"" | ""cortisol"" --(BEFORE)--> ""cortisol"""
200,43,FR100168,[EVENT_BEFORE_N/A_ACTUAL] --(BEFORE)--> [EVENT_BEFORE_N/A_ACTUAL] | [EVENT_BEFORE_N/A_ACTUAL] --(BEFORE)--> [EVENT_BEFORE_N/A_ACTUAL] | [EVENT_BEFORE_N/A_ACTUAL] --(BEFORE)--> [EVENT_BEFORE_N/A_ACTUAL],"""examen"" --(BEFORE)--> ""bilan"" | ""examen"" --(BEFORE)--> ""ostéosynthèse"" | ""bilan"" --(BEFORE)--> ""dissection"""
200,43,FR100255,[EVENT_BEFORE_N/A_ACTUAL] --(BEFORE)--> [EVENT_BEFORE_N/A_ACTUAL] | [EVENT_BEFORE_N/A_ACTUAL] --(BEFORE)--> [EVENT_BEFORE_N/A_ACTUAL] | [EVENT_BEFORE_N/A_ACTUAL] --(BEFORE)--> [EVENT_BEFORE_N/A_ACTUAL],"""mise"" --(BEFORE)--> ""réveillée"" | ""mise"" --(BEFORE)--> ""décubitus"" | ""réveillée"" --(BEFORE)--> ""radio"""
200,43,FR100276,[EVENT_BEFORE_N/A_ACTUAL] --(BEFORE)--> [EVENT_BEFORE_N/A_ACTUAL] | [EVENT_BEFORE_N/A_ACTUAL] --(BEFORE)--> [EVENT_BEFORE_N/A_ACTUAL] | [EVENT_BEFORE_N/A_ACTUAL] --(BEFORE)--> [EVENT_BEFORE_N/A_ACTUAL],"""accouchement"" --(BEFORE)--> ""reste"" | ""accouchement"" --(BEFORE)--> ""poids"" | ""reste"" --(BEFORE)--> ""bilan"""
200,43,FR100283,[EVENT_BEFORE_N/A_ACTUAL] --(BEFORE)--> [EVENT_BEFORE_N/A_ACTUAL] | [EVENT_BEFORE_N/A_ACTUAL] --(BEFORE)--> [EVENT_BEFORE_N/A_ACTUAL] | [EVENT_BEFORE_N/A_ACTUAL] --(BEFORE)--> [EVENT_BEFORE_N/A_ACTUAL],"""bilan"" --(BEFORE)--> ""IRM"" | ""bilan"" --(BEFORE)--> ""ponction"" | ""IRM"" --(BEFORE)--> ""hypophysiogramme"""
200,43,FR100344,[EVENT_BEFORE_N/A_ACTUAL] --(BEFORE)--> [EVENT_BEFORE_N/A_ACTUAL] | [EVENT_BEFORE_N/A_ACTUAL] --(BEFORE)--> [EVENT_BEFORE_N/A_ACTUAL] | [EVENT_BEFORE_N/A_ACTUAL] --(BEFORE)--> [EVENT_BEFORE_N/A_ACTUAL],"""développé"" --(BEFORE)--> ""contrôle"" | ""développé"" --(BEFORE)--> ""suivie"" | ""contrôle"" --(BEFORE)--> ""tombée"""
200,43,FR100360,[EVENT_BEFORE_N/A_ACTUAL] --(BEFORE)--> [EVENT_BEFORE_N/A_ACTUAL] | [EVENT_BEFORE_N/A_ACTUAL] --(BEFORE)--> [EVENT_BEFORE_N/A_ACTUAL] | [EVENT_BEFORE_N/A_ACTUAL] --(BEFORE)--> [EVENT_BEFORE_N/A_ACTUAL],"""biopsie"" --(BEFORE)--> ""tomodensitométrie"" | ""biopsie"" --(BEFORE)--> ""étude"" | ""tomodensitométrie"" --(BEFORE)--> ""radiothérapie"""
200,43,FR100371,[EVENT_BEFORE_N/A_ACTUAL] --(BEFORE)--> [EVENT_BEFORE_N/A_ACTUAL] | [EVENT_BEFORE_N/A_ACTUAL] --(BEFORE)--> [EVENT_BEFORE_N/A_ACTUAL] | [EVENT_BEFORE_N/A_ACTUAL] --(BEFORE)--> [EVENT_BEFORE_N/A_ACTUAL],"""incision"" --(BEFORE)--> ""envoyée"" | ""incision"" --(BEFORE)--> ""suite"" | ""envoyée"" --(BEFORE)--> ""examen"""
200,43,FR100400,[EVENT_BEFORE_N/A_ACTUAL] --(BEFORE)--> [EVENT_BEFORE_N/A_ACTUAL] | [EVENT_BEFORE_N/A_ACTUAL] --(BEFORE)--> [EVENT_BEFORE_N/A_ACTUAL] | [EVENT_BEFORE_N/A_ACTUAL] --(BEFORE)--> [EVENT_BEFORE_N/A_ACTUAL],"""résection"" --(BEFORE)--> ""suites"" | ""résection"" --(BEFORE)--> ""drainage"" | ""suites"" --(BEFORE)--> ""suivie"""
200,43,FR100439,[EVENT_BEFORE_N/A_ACTUAL] --(BEFORE)--> [EVENT_BEFORE_N/A_ACTUAL] | [EVENT_BEFORE_N/A_ACTUAL] --(BEFORE)--> [EVENT_BEFORE_N/A_ACTUAL] | [EVENT_BEFORE_N/A_ACTUAL] --(BEFORE)--> [EVENT_BEFORE_N/A_ACTUAL],"""analyse"" --(BEFORE)--> ""exploration"" | ""analyse"" --(BEFORE)--> ""demandée"" | ""exploration"" --(BEFORE)--> ""posant"""
200,43,FR100480,[EVENT_BEFORE_N/A_ACTUAL] --(BEFORE)--> [EVENT_BEFORE_N/A_ACTUAL] | [EVENT_BEFORE_N/A_ACTUAL] --(BEFORE)--> [EVENT_BEFORE_N/A_ACTUAL] | [EVENT_BEFORE_N/A_ACTUAL] --(BEFORE)--> [EVENT_BEFORE_N/A_ACTUAL],"""installation"" --(BEFORE)--> ""bilan"" | ""installation"" --(BEFORE)--> ""consulté"" | ""bilan"" --(BEFORE)--> ""biopsie"""
200,43,FR100515,[EVENT_BEFORE_N/A_ACTUAL] --(BEFORE)--> [EVENT_BEFORE_N/A_ACTUAL] | [EVENT_BEFORE_N/A_ACTUAL] --(BEFORE)--> [EVENT_BEFORE_N/A_ACTUAL] | [EVENT_BEFORE_N/A_ACTUAL] --(BEFORE)--> [EVENT_BEFORE_N/A_ACTUAL],"""testing"" --(BEFORE)--> ""dosage"" | ""testing"" --(BEFORE)--> ""électromyogramme"" | ""dosage"" --(BEFORE)--> ""bilan"""
200,43,FR100519,[EVENT_BEFORE_N/A_ACTUAL] --(BEFORE)--> [EVENT_BEFORE_N/A_ACTUAL] | [EVENT_BEFORE_N/A_ACTUAL] --(BEFORE)--> [EVENT_BEFORE_N/A_ACTUAL] | [EVENT_BEFORE_N/A_ACTUAL] --(BEFORE)--> [EVENT_BEFORE_N/A_ACTUAL],"""hospitalisée"" --(BEFORE)--> ""entrée"" | ""hospitalisée"" --(BEFORE)--> ""transférée"" | ""entrée"" --(BEFORE)--> ""bilan"""
200,43,FR100579,[EVENT_BEFORE_N/A_ACTUAL] --(BEFORE)--> [EVENT_BEFORE_N/A_ACTUAL] | [EVENT_BEFORE_N/A_ACTUAL] --(BEFORE)--> [EVENT_BEFORE_N/A_ACTUAL] | [EVENT_BEFORE_N/A_ACTUAL] --(BEFORE)--> [EVENT_BEFORE_N/A_ACTUAL],"""échocardiographie"" --(BEFORE)--> ""bilan"" | ""échocardiographie"" --(BEFORE)--> ""angio-scanner"" | ""bilan"" --(BEFORE)--> ""recherche"""
200,43,FR100589,[EVENT_BEFORE_N/A_ACTUAL] --(BEFORE)--> [EVENT_BEFORE_N/A_ACTUAL] | [EVENT_BEFORE_N/A_ACTUAL] --(BEFORE)--> [EVENT_BEFORE_N/A_ACTUAL] | [EVENT_BEFORE_N/A_ACTUAL] --(BEFORE)--> [EVENT_BEFORE_N/A_ACTUAL],"""admis"" --(BEFORE)--> ""reste"" | ""admis"" --(BEFORE)--> ""examen"" | ""reste"" --(BEFORE)--> ""radiographie"""
200,43,FR100597,[EVENT_BEFORE_N/A_ACTUAL] --(BEFORE)--> [EVENT_BEFORE_N/A_ACTUAL] | [EVENT_BEFORE_N/A_ACTUAL] --(BEFORE)--> [EVENT_BEFORE_N/A_ACTUAL] | [EVENT_BEFORE_N/A_ACTUAL] --(BEFORE)--> [EVENT_BEFORE_N/A_ACTUAL],"""accouchements"" --(BEFORE)--> ""ménopausée"" | ""accouchements"" --(BEFORE)--> ""ligature"" | ""ménopausée"" --(BEFORE)--> ""consultation"""
200,43,FR100611,[EVENT_BEFORE_N/A_ACTUAL] --(BEFORE)--> [EVENT_BEFORE_N/A_ACTUAL] | [EVENT_BEFORE_N/A_ACTUAL] --(BEFORE)--> [EVENT_BEFORE_N/A_ACTUAL] | [EVENT_BEFORE_N/A_ACTUAL] --(BEFORE)--> [EVENT_BEFORE_N/A_ACTUAL],"""examen"" --(BEFORE)--> ""PCR"" | ""examen"" --(BEFORE)--> ""cultures"" | ""PCR"" --(BEFORE)--> ""TDM"""
200,43,FR100614,[EVENT_BEFORE_N/A_ACTUAL] --(BEFORE)--> [EVENT_BEFORE_N/A_ACTUAL] | [EVENT_BEFORE_N/A_ACTUAL] --(BEFORE)--> [EVENT_BEFORE_N/A_ACTUAL] | [EVENT_BEFORE_N/A_ACTUAL] --(BEFORE)--> [EVENT_BEFORE_N/A_ACTUAL],"""radiographie"" --(BEFORE)--> ""taux"" | ""radiographie"" --(BEFORE)--> ""échographie"" | ""taux"" --(BEFORE)--> ""exploration"""
200,43,FR100620,[EVENT_BEFORE_N/A_ACTUAL] --(BEFORE)--> [EVENT_BEFORE_N/A_ACTUAL] | [EVENT_BEFORE_N/A_ACTUAL] --(BEFORE)--> [EVENT_BEFORE_N/A_ACTUAL] | [EVENT_BEFORE_N/A_ACTUAL] --(BEFORE)--> [EVENT_BEFORE_N/A_ACTUAL],"""demandé"" --(BEFORE)--> ""aspect"" | ""demandé"" --(BEFORE)--> ""explorer"" | ""aspect"" --(BEFORE)--> ""bronchoscopie"""
200,43,FR100623,[EVENT_BEFORE_N/A_ACTUAL] --(BEFORE)--> [EVENT_BEFORE_N/A_ACTUAL] | [EVENT_BEFORE_N/A_ACTUAL] --(BEFORE)--> [EVENT_BEFORE_N/A_ACTUAL] | [EVENT_BEFORE_N/A_ACTUAL] --(BEFORE)--> [EVENT_BEFORE_N/A_ACTUAL],"""examen"" --(BEFORE)--> ""échographie"" | ""examen"" --(BEFORE)--> ""bilan"" | ""échographie"" --(BEFORE)--> ""tomodensitométrie"""
200,43,FR100629,[EVENT_BEFORE_N/A_ACTUAL] --(BEFORE)--> [EVENT_BEFORE_N/A_ACTUAL] | [EVENT_BEFORE_N/A_ACTUAL] --(BEFORE)--> [EVENT_BEFORE_N/A_ACTUAL] | [EVENT_BEFORE_N/A_ACTUAL] --(BEFORE)--> [EVENT_BEFORE_N/A_ACTUAL],"""marquage"" --(BEFORE)--> ""bilan"" | ""marquage"" --(BEFORE)--> ""étude"" | ""bilan"" --(BEFORE)--> ""décision"""
200,43,FR100632,[EVENT_BEFORE_N/A_ACTUAL] --(BEFORE)--> [EVENT_BEFORE_N/A_ACTUAL] | [EVENT_BEFORE_N/A_ACTUAL] --(BEFORE)--> [EVENT_BEFORE_N/A_ACTUAL] | [EVENT_BEFORE_N/A_ACTUAL] --(BEFORE)--> [EVENT_BEFORE_N/A_ACTUAL],"""numération"" --(BEFORE)--> ""bilan"" | ""numération"" --(BEFORE)--> ""vitesse"" | ""bilan"" --(BEFORE)--> ""enquête"""
200,43,FR100663,[EVENT_BEFORE_N/A_ACTUAL] --(BEFORE)--> [EVENT_BEFORE_N/A_ACTUAL] | [EVENT_BEFORE_N/A_ACTUAL] --(BEFORE)--> [EVENT_BEFORE_N/A_ACTUAL] | [EVENT_BEFORE_N/A_ACTUAL] --(BEFORE)--> [EVENT_BEFORE_N/A_ACTUAL],"""incisée"" --(BEFORE)--> ""vérifié"" | ""incisée"" --(BEFORE)--> ""aspiration"" | ""vérifié"" --(BEFORE)--> ""reprise"""
200,43,FR100666,[EVENT_BEFORE_N/A_ACTUAL] --(BEFORE)--> [EVENT_BEFORE_N/A_ACTUAL] | [EVENT_BEFORE_N/A_ACTUAL] --(BEFORE)--> [EVENT_BEFORE_N/A_ACTUAL] | [EVENT_BEFORE_N/A_ACTUAL] --(BEFORE)--> [EVENT_BEFORE_N/A_ACTUAL],"""biopsie"" --(BEFORE)--> ""étude"" | ""biopsie"" --(BEFORE)--> ""examen"" | ""étude"" --(BEFORE)--> ""adressé"""
200,43,FR100688,[EVENT_BEFORE_N/A_ACTUAL] --(BEFORE)--> [EVENT_BEFORE_N/A_ACTUAL] | [EVENT_BEFORE_N/A_ACTUAL] --(BEFORE)--> [EVENT_BEFORE_N/A_ACTUAL] | [EVENT_BEFORE_N/A_ACTUAL] --(BEFORE)--> [EVENT_BEFORE_N/A_ACTUAL],"""sérologie"" --(BEFORE)--> ""radiographie"" | ""sérologie"" --(BEFORE)--> ""recherche"" | ""radiographie"" --(BEFORE)--> ""échographie"""
200,43,FR100689,[EVENT_BEFORE_N/A_ACTUAL] --(BEFORE)--> [EVENT_BEFORE_N/A_ACTUAL] | [EVENT_BEFORE_N/A_ACTUAL] --(BEFORE)--> [EVENT_BEFORE_N/A_ACTUAL] | [EVENT_BEFORE_N/A_ACTUAL] --(BEFORE)--> [EVENT_BEFORE_N/A_ACTUAL],"""retenu"" --(BEFORE)--> ""traitement"" | ""retenu"" --(BEFORE)--> ""évolution"" | ""traitement"" --(BEFORE)--> ""corticothérapie"""
200,43,FR100697,[EVENT_BEFORE_N/A_ACTUAL] --(BEFORE)--> [EVENT_BEFORE_N/A_ACTUAL] | [EVENT_BEFORE_N/A_ACTUAL] --(BEFORE)--> [EVENT_BEFORE_N/A_ACTUAL] | [EVENT_BEFORE_N/A_ACTUAL] --(BEFORE)--> [EVENT_BEFORE_N/A_ACTUAL],"""examen"" --(BEFORE)--> ""mammographie"" | ""examen"" --(BEFORE)--> ""reste"" | ""mammographie"" --(BEFORE)--> ""échographie"""
200,43,FR100708,[EVENT_BEFORE_N/A_ACTUAL] --(BEFORE)--> [EVENT_BEFORE_N/A_ACTUAL] | [EVENT_BEFORE_N/A_ACTUAL] --(BEFORE)--> [EVENT_BEFORE_N/A_ACTUAL] | [EVENT_BEFORE_N/A_ACTUAL] --(BEFORE)--> [EVENT_BEFORE_N/A_ACTUAL],"""demandée"" --(BEFORE)--> ""tests"" | ""demandée"" --(BEFORE)--> ""IRM"" | ""tests"" --(BEFORE)--> ""mise"""
200,43,FR100748,[EVENT_BEFORE_N/A_ACTUAL] --(BEFORE)--> [EVENT_BEFORE_N/A_ACTUAL] | [EVENT_BEFORE_N/A_ACTUAL] --(BEFORE)--> [EVENT_BEFORE_N/A_ACTUAL] | [EVENT_BEFORE_N/A_ACTUAL] --(BEFORE)--> [EVENT_BEFORE_N/A_ACTUAL],"""mobilisation"" --(BEFORE)--> ""suites"" | ""mobilisation"" --(BEFORE)--> ""résection"" | ""suites"" --(BEFORE)--> ""transférée"""
200,43,FR100780,[EVENT_BEFORE_N/A_ACTUAL] --(BEFORE)--> [EVENT_BEFORE_N/A_ACTUAL] | [EVENT_BEFORE_N/A_ACTUAL] --(BEFORE)--> [EVENT_BEFORE_N/A_ACTUAL] | [EVENT_BEFORE_N/A_ACTUAL] --(BEFORE)--> [EVENT_BEFORE_N/A_ACTUAL],"""geste"" --(BEFORE)--> ""geste"" | ""geste"" --(BEFORE)--> ""accouchement"" | ""geste"" --(BEFORE)--> ""geste"""
200,43,FR100826,[EVENT_BEFORE_N/A_ACTUAL] --(BEFORE)--> [EVENT_BEFORE_N/A_ACTUAL] | [EVENT_BEFORE_N/A_ACTUAL] --(BEFORE)--> [EVENT_BEFORE_N/A_ACTUAL] | [EVENT_BEFORE_N/A_ACTUAL] --(BEFORE)--> [EVENT_BEFORE_N/A_ACTUAL],"""admis"" --(BEFORE)--> ""examen"" | ""admis"" --(BEFORE)--> ""transplantation"" | ""examen"" --(BEFORE)--> ""bilan"""
200,43,FR100845,[EVENT_BEFORE_N/A_ACTUAL] --(BEFORE)--> [EVENT_BEFORE_N/A_ACTUAL] | [EVENT_BEFORE_N/A_ACTUAL] --(BEFORE)--> [EVENT_BEFORE_N/A_ACTUAL] | [EVENT_BEFORE_N/A_ACTUAL] --(BEFORE)--> [EVENT_BEFORE_N/A_ACTUAL],"""extraction"" --(BEFORE)--> ""examen"" | ""extraction"" --(BEFORE)--> ""Apgar"" | ""examen"" --(BEFORE)--> ""examinés"""
200,43,FR100870,[EVENT_BEFORE_N/A_ACTUAL] --(BEFORE)--> [EVENT_BEFORE_N/A_ACTUAL] | [EVENT_BEFORE_N/A_ACTUAL] --(BEFORE)--> [EVENT_BEFORE_N/A_ACTUAL] | [EVENT_BEFORE_N/A_ACTUAL] --(BEFORE)--> [EVENT_BEFORE_N/A_ACTUAL],"""immunosoustraction"" --(BEFORE)--> ""immunofixation"" | ""immunosoustraction"" --(BEFORE)--> ""typer"" | ""immunofixation"" --(BEFORE)--> ""bilan"""
200,43,FR100882,[EVENT_BEFORE_N/A_ACTUAL] --(BEFORE)--> [EVENT_BEFORE_N/A_ACTUAL] | [EVENT_BEFORE_N/A_ACTUAL] --(BEFORE)--> [EVENT_BEFORE_N/A_ACTUAL] | [EVENT_BEFORE_N/A_ACTUAL] --(BEFORE)--> [EVENT_BEFORE_N/A_ACTUAL],"""laminectomie"" --(BEFORE)--> ""Imagerie"" | ""laminectomie"" --(BEFORE)--> ""suites"" | ""Imagerie"" --(BEFORE)--> ""bilan"""
200,43,FR100903,[EVENT_BEFORE_N/A_ACTUAL] --(BEFORE)--> [EVENT_BEFORE_N/A_ACTUAL] | [EVENT_BEFORE_N/A_ACTUAL] --(BEFORE)--> [EVENT_BEFORE_N/A_ACTUAL] | [EVENT_BEFORE_N/A_ACTUAL] --(BEFORE)--> [EVENT_BEFORE_N/A_ACTUAL],"""écarté"" --(BEFORE)--> ""contrôles"" | ""écarté"" --(BEFORE)--> ""réfléchir"" | ""contrôles"" --(BEFORE)--> ""accouchement"""
200,43,FR100919,[EVENT_BEFORE_N/A_ACTUAL] --(BEFORE)--> [EVENT_BEFORE_N/A_ACTUAL] | [EVENT_BEFORE_N/A_ACTUAL] --(BEFORE)--> [EVENT_BEFORE_N/A_ACTUAL] | [EVENT_BEFORE_N/A_ACTUAL] --(BEFORE)--> [EVENT_BEFORE_N/A_ACTUAL],"""correction"" --(BEFORE)--> ""adressée"" | ""correction"" --(BEFORE)--> ""normalisation"" | ""adressée"" --(BEFORE)--> ""bilan"""
200,43,FR100932,[EVENT_BEFORE_N/A_ACTUAL] --(BEFORE)--> [EVENT_BEFORE_N/A_ACTUAL] | [EVENT_BEFORE_N/A_ACTUAL] --(BEFORE)--> [EVENT_BEFORE_N/A_ACTUAL] | [EVENT_BEFORE_N/A_ACTUAL] --(BEFORE)--> [EVENT_BEFORE_N/A_ACTUAL],"""mise"" --(BEFORE)--> ""opérée"" | ""mise"" --(BEFORE)--> ""installation"" | ""opérée"" --(BEFORE)--> ""évolution"""
200,43,FR100946,[EVENT_BEFORE_N/A_ACTUAL] --(BEFORE)--> [EVENT_BEFORE_N/A_ACTUAL] | [EVENT_BEFORE_N/A_ACTUAL] --(BEFORE)--> [EVENT_BEFORE_N/A_ACTUAL] | [EVENT_BEFORE_N/A_ACTUAL] --(BEFORE)--> [EVENT_BEFORE_N/A_ACTUAL],"""mise"" --(BEFORE)--> ""analyse"" | ""mise"" --(BEFORE)--> ""abord"" | ""analyse"" --(BEFORE)--> ""mise"""
200,43,FR100996,[EVENT_BEFORE_N/A_ACTUAL] --(BEFORE)--> [EVENT_BEFORE_N/A_ACTUAL] | [EVENT_BEFORE_N/A_ACTUAL] --(BEFORE)--> [EVENT_BEFORE_N/A_ACTUAL] | [EVENT_BEFORE_N/A_ACTUAL] --(BEFORE)--> [EVENT_BEFORE_N/A_ACTUAL],"""injection"" --(BEFORE)--> ""retenu"" | ""injection"" --(BEFORE)--> ""rehaussait"" | ""retenu"" --(BEFORE)--> ""chirurgical"""
192,42,FR100003,[EVENT_BEFORE_N/A_ACTUAL] --(BEFORE)--> [EVENT_BEFORE_N/A_ACTUAL] | [EVENT_BEFORE_N/A_ACTUAL] --(BEFORE)--> [EVENT_BEFORE_N/A_ACTUAL] | [EVENT_BEFORE_N/A_ACTUAL] --(CONTAINS)--> [EVENT_BEFORE_N/A_ACTUAL],"""examen"" --(BEFORE)--> ""antibiothérapie"" | ""antibiothérapie"" --(BEFORE)--> ""bloc"" | ""bloc"" --(CONTAINS)--> ""abordé"""
192,42,FR100092,[EVENT_BEFORE_N/A_ACTUAL] --(BEFORE)--> [EVENT_BEFORE_N/A_ACTUAL] | [EVENT_BEFORE_N/A_ACTUAL] --(BEFORE)--> [EVENT_BEFORE_N/A_ACTUAL] | [EVENT_BEFORE_N/A_ACTUAL] --(CONTAINS)--> [EVENT_BEFORE_N/A_ACTUAL],"""tableau"" --(BEFORE)--> ""reste"" | ""reste"" --(BEFORE)--> ""minilaparotomie"" | ""minilaparotomie"" --(CONTAINS)--> ""salpingectomie"""
192,42,FR100130,[EVENT_BEFORE_N/A_ACTUAL] --(BEFORE)--> [EVENT_BEFORE_N/A_ACTUAL] | [EVENT_BEFORE_N/A_ACTUAL] --(BEFORE)--> [EVENT_BEFORE_N/A_ACTUAL] | [EVENT_BEFORE_N/A_ACTUAL] --(CONTAINS)--> [EVENT_BEFORE_N/A_ACTUAL],"""confirmé"" --(BEFORE)--> ""recherche"" | ""recherche"" --(BEFORE)--> ""séjour"" | ""séjour"" --(CONTAINS)--> ""réconforté"""
192,42,FR100132,[EVENT_BEFORE_N/A_ACTUAL] --(BEFORE)--> [EVENT_BEFORE_N/A_ACTUAL] | [EVENT_BEFORE_N/A_ACTUAL] --(BEFORE)--> [EVENT_BEFORE_N/A_ACTUAL] | [EVENT_BEFORE_N/A_ACTUAL] --(CONTAINS)--> [EVENT_BEFORE_N/A_ACTUAL],"""palpation"" --(BEFORE)--> ""histologie"" | ""histologie"" --(BEFORE)--> ""examen"" | ""examen"" --(CONTAINS)--> ""tension"""
192,42,FR100142,[EVENT_BEFORE_N/A_ACTUAL] --(BEFORE)--> [EVENT_BEFORE_N/A_ACTUAL] | [EVENT_BEFORE_N/A_ACTUAL] --(BEFORE)--> [EVENT_BEFORE_N/A_ACTUAL] | [EVENT_BEFORE_N/A_ACTUAL] --(CONTAINS)--> [EVENT_BEFORE_N/A_ACTUAL],"""biopsie"" --(BEFORE)--> ""mis"" | ""mis"" --(BEFORE)--> ""évolution"" | ""évolution"" --(CONTAINS)--> ""taux"""
192,42,FR100161,[EVENT_BEFORE_N/A_ACTUAL] --(BEFORE)--> [EVENT_BEFORE_N/A_ACTUAL] | [EVENT_BEFORE_N/A_ACTUAL] --(BEFORE)--> [EVENT_BEFORE_N/A_ACTUAL] | [EVENT_BEFORE_N/A_ACTUAL] --(CONTAINS)--> [EVENT_BEFORE_N/A_ACTUAL],"""interrogatoire"" --(BEFORE)--> ""examen"" | ""examen"" --(BEFORE)--> ""examens"" | ""examens"" --(CONTAINS)--> ""Fibro"""
192,42,FR100168,[EVENT_BEFORE_N/A_ACTUAL] --(BEFORE)--> [EVENT_BEFORE_N/A_ACTUAL] | [EVENT_BEFORE_N/A_ACTUAL] --(BEFORE)--> [EVENT_BEFORE_N/A_ACTUAL] | [EVENT_BEFORE_N/A_ACTUAL] --(CONTAINS)--> [EVENT_BEFORE_N/A_ACTUAL],"""transfusion"" --(BEFORE)--> ""bilan"" | ""bilan"" --(BEFORE)--> ""tests"" | ""tests"" --(CONTAINS)--> ""recherche"""
192,42,FR100255,[EVENT_BEFORE_N/A_ACTUAL] --(BEFORE)--> [EVENT_BEFORE_N/A_ACTUAL] | [EVENT_BEFORE_N/A_ACTUAL] --(BEFORE)--> [EVENT_BEFORE_N/A_ACTUAL] | [EVENT_BEFORE_N/A_ACTUAL] --(CONTAINS)--> [EVENT_BEFORE_N/A_ACTUAL],"""examen"" --(BEFORE)--> ""examen"" | ""examen"" --(BEFORE)--> ""échographie"" | ""échographie"" --(CONTAINS)--> ""confirmation"""
192,42,FR100275,[EVENT_BEFORE_N/A_ACTUAL] --(BEFORE)--> [EVENT_BEFORE_N/A_ACTUAL] | [EVENT_BEFORE_N/A_ACTUAL] --(BEFORE)--> [EVENT_BEFORE_N/A_ACTUAL] | [EVENT_BEFORE_N/A_ACTUAL] --(CONTAINS)--> [EVENT_BEFORE_N/A_ACTUAL],"""arrivée"" --(BEFORE)--> ""établi"" | ""établi"" --(BEFORE)--> ""manœuvres"" | ""manœuvres"" --(CONTAINS)--> ""insufflations"""
192,42,FR100276,[EVENT_BEFORE_N/A_ACTUAL] --(BEFORE)--> [EVENT_BEFORE_N/A_ACTUAL] | [EVENT_BEFORE_N/A_ACTUAL] --(BEFORE)--> [EVENT_BEFORE_N/A_ACTUAL] | [EVENT_BEFORE_N/A_ACTUAL] --(CONTAINS)--> [EVENT_BEFORE_N/A_ACTUAL],"""accouchement"" --(BEFORE)--> ""reste"" | ""reste"" --(BEFORE)--> ""bilan"" | ""bilan"" --(CONTAINS)--> ""bilan"""
192,42,FR100283,[EVENT_BEFORE_N/A_ACTUAL] --(BEFORE)--> [EVENT_BEFORE_N/A_ACTUAL] | [EVENT_BEFORE_N/A_ACTUAL] --(BEFORE)--> [EVENT_BEFORE_N/A_ACTUAL] | [EVENT_BEFORE_N/A_ACTUAL] --(CONTAINS)--> [EVENT_BEFORE_N/A_ACTUAL],"""IRM"" --(BEFORE)--> ""hypophysiogramme"" | ""hypophysiogramme"" --(BEFORE)--> ""traitement"" | ""traitement"" --(CONTAINS)--> ""opothérapie"""
192,42,FR100296,[EVENT_BEFORE_N/A_ACTUAL] --(BEFORE)--> [EVENT_BEFORE_N/A_ACTUAL] | [EVENT_BEFORE_N/A_ACTUAL] --(BEFORE)--> [EVENT_BEFORE_N/A_ACTUAL] | [EVENT_BEFORE_N/A_ACTUAL] --(CONTAINS)--> [EVENT_BEFORE_N/A_ACTUAL],"""IRM"" --(BEFORE)--> ""fenestration"" | ""fenestration"" --(BEFORE)--> ""suites"" | ""suites"" --(CONTAINS)--> ""déambulation"""
192,42,FR100344,[EVENT_BEFORE_N/A_ACTUAL] --(BEFORE)--> [EVENT_BEFORE_N/A_ACTUAL] | [EVENT_BEFORE_N/A_ACTUAL] --(BEFORE)--> [EVENT_BEFORE_N/A_ACTUAL] | [EVENT_BEFORE_N/A_ACTUAL] --(CONTAINS)--> [EVENT_BEFORE_N/A_ACTUAL],"""plainte"" --(BEFORE)--> ""examen"" | ""examen"" --(BEFORE)--> ""césarienne"" | ""césarienne"" --(CONTAINS)--> ""extraction"""
192,42,FR100371,[EVENT_BEFORE_N/A_ACTUAL] --(BEFORE)--> [EVENT_BEFORE_N/A_ACTUAL] | [EVENT_BEFORE_N/A_ACTUAL] --(BEFORE)--> [EVENT_BEFORE_N/A_ACTUAL] | [EVENT_BEFORE_N/A_ACTUAL] --(CONTAINS)--> [EVENT_BEFORE_N/A_ACTUAL],"""examen"" --(BEFORE)--> ""bilan"" | ""bilan"" --(BEFORE)--> ""bilan"" | ""bilan"" --(CONTAINS)--> ""radiographie"""
192,42,FR100400,[EVENT_BEFORE_N/A_ACTUAL] --(BEFORE)--> [EVENT_BEFORE_N/A_ACTUAL] | [EVENT_BEFORE_N/A_ACTUAL] --(BEFORE)--> [EVENT_BEFORE_N/A_ACTUAL] | [EVENT_BEFORE_N/A_ACTUAL] --(CONTAINS)--> [EVENT_BEFORE_N/A_ACTUAL],"""aspiration"" --(BEFORE)--> ""résection"" | ""résection"" --(BEFORE)--> ""suites"" | ""suites"" --(CONTAINS)--> ""retiré"""
192,42,FR100510,[EVENT_BEFORE_N/A_ACTUAL] --(BEFORE)--> [EVENT_BEFORE_N/A_ACTUAL] | [EVENT_BEFORE_N/A_ACTUAL] --(BEFORE)--> [EVENT_BEFORE_N/A_ACTUAL] | [EVENT_BEFORE_N/A_ACTUAL] --(CONTAINS)--> [EVENT_BEFORE_N/A_ACTUAL],"""biopsie"" --(BEFORE)--> ""décision"" | ""décision"" --(BEFORE)--> ""intervention"" | ""intervention"" --(CONTAINS)--> ""exposée"""
192,42,FR100515,[EVENT_BEFORE_N/A_ACTUAL] --(BEFORE)--> [EVENT_BEFORE_N/A_ACTUAL] | [EVENT_BEFORE_N/A_ACTUAL] --(BEFORE)--> [EVENT_BEFORE_N/A_ACTUAL] | [EVENT_BEFORE_N/A_ACTUAL] --(CONTAINS)--> [EVENT_BEFORE_N/A_ACTUAL],"""retenu"" --(BEFORE)--> ""bilan"" | ""bilan"" --(BEFORE)--> ""bilan"" | ""bilan"" --(CONTAINS)--> ""scanner"""
192,42,FR100519,[EVENT_BEFORE_N/A_ACTUAL] --(BEFORE)--> [EVENT_BEFORE_N/A_ACTUAL] | [EVENT_BEFORE_N/A_ACTUAL] --(BEFORE)--> [EVENT_BEFORE_N/A_ACTUAL] | [EVENT_BEFORE_N/A_ACTUAL] --(CONTAINS)--> [EVENT_BEFORE_N/A_ACTUAL],"""hospitalisée"" --(BEFORE)--> ""entrée"" | ""entrée"" --(BEFORE)--> ""bilan"" | ""bilan"" --(CONTAINS)--> ""radiographie"""
192,42,FR100589,[EVENT_BEFORE_N/A_ACTUAL] --(BEFORE)--> [EVENT_BEFORE_N/A_ACTUAL] | [EVENT_BEFORE_N/A_ACTUAL] --(BEFORE)--> [EVENT_BEFORE_N/A_ACTUAL] | [EVENT_BEFORE_N/A_ACTUAL] --(CONTAINS)--> [EVENT_BEFORE_N/A_ACTUAL],"""Cytométrie"" --(BEFORE)--> ""biopsie"" | ""biopsie"" --(BEFORE)--> ""bilan"" | ""bilan"" --(CONTAINS)--> ""sérologies"""
192,42,FR100597,[EVENT_BEFORE_N/A_ACTUAL] --(BEFORE)--> [EVENT_BEFORE_N/A_ACTUAL] | [EVENT_BEFORE_N/A_ACTUAL] --(BEFORE)--> [EVENT_BEFORE_N/A_ACTUAL] | [EVENT_BEFORE_N/A_ACTUAL] --(CONTAINS)--> [EVENT_BEFORE_N/A_ACTUAL],"""accouchements"" --(BEFORE)--> ""ménopausée"" | ""ménopausée"" --(BEFORE)--> ""consultation"" | ""consultation"" --(CONTAINS)--> ""examen"""
192,42,FR100611,[EVENT_BEFORE_N/A_ACTUAL] --(BEFORE)--> [EVENT_BEFORE_N/A_ACTUAL] | [EVENT_BEFORE_N/A_ACTUAL] --(BEFORE)--> [EVENT_BEFORE_N/A_ACTUAL] | [EVENT_BEFORE_N/A_ACTUAL] --(CONTAINS)--> [EVENT_BEFORE_N/A_ACTUAL],"""examen"" --(BEFORE)--> ""PCR"" | ""PCR"" --(BEFORE)--> ""TDM"" | ""TDM"" --(CONTAINS)--> ""image"""
192,42,FR100614,[EVENT_BEFORE_N/A_ACTUAL] --(BEFORE)--> [EVENT_BEFORE_N/A_ACTUAL] | [EVENT_BEFORE_N/A_ACTUAL] --(BEFORE)--> [EVENT_BEFORE_N/A_ACTUAL] | [EVENT_BEFORE_N/A_ACTUAL] --(CONTAINS)--> [EVENT_BEFORE_N/A_ACTUAL],"""exploration"" --(BEFORE)--> ""rupture"" | ""rupture"" --(BEFORE)--> ""intervention"" | ""intervention"" --(CONTAINS)--> ""éviter"""
192,42,FR100620,[EVENT_BEFORE_N/A_ACTUAL] --(BEFORE)--> [EVENT_BEFORE_N/A_ACTUAL] | [EVENT_BEFORE_N/A_ACTUAL] --(BEFORE)--> [EVENT_BEFORE_N/A_ACTUAL] | [EVENT_BEFORE_N/A_ACTUAL] --(CONTAINS)--> [EVENT_BEFORE_N/A_ACTUAL],"""bilan"" --(BEFORE)--> ""bilan"" | ""bilan"" --(BEFORE)--> ""évolution"" | ""évolution"" --(CONTAINS)--> ""récidive"""
192,42,FR100629,[EVENT_BEFORE_N/A_ACTUAL] --(BEFORE)--> [EVENT_BEFORE_N/A_ACTUAL] | [EVENT_BEFORE_N/A_ACTUAL] --(BEFORE)--> [EVENT_BEFORE_N/A_ACTUAL] | [EVENT_BEFORE_N/A_ACTUAL] --(CONTAINS)--> [EVENT_BEFORE_N/A_ACTUAL],"""bilan"" --(BEFORE)--> ""décision"" | ""décision"" --(BEFORE)--> ""chimiothérapie"" | ""chimiothérapie"" --(CONTAINS)--> ""bithérapie"""
192,42,FR100632,[EVENT_BEFORE_N/A_ACTUAL] --(BEFORE)--> [EVENT_BEFORE_N/A_ACTUAL] | [EVENT_BEFORE_N/A_ACTUAL] --(BEFORE)--> [EVENT_BEFORE_N/A_ACTUAL] | [EVENT_BEFORE_N/A_ACTUAL] --(CONTAINS)--> [EVENT_BEFORE_N/A_ACTUAL],"""admis"" --(BEFORE)--> ""interrogatoire"" | ""interrogatoire"" --(BEFORE)--> ""examen"" | ""examen"" --(CONTAINS)--> ""constantes"""
192,42,FR100658,[EVENT_BEFORE_N/A_ACTUAL] --(BEFORE)--> [EVENT_BEFORE_N/A_ACTUAL] | [EVENT_BEFORE_N/A_ACTUAL] --(BEFORE)--> [EVENT_BEFORE_N/A_ACTUAL] | [EVENT_BEFORE_N/A_ACTUAL] --(CONTAINS)--> [EVENT_BEFORE_N/A_ACTUAL],"""évaluation"" --(BEFORE)--> ""auscultation"" | ""auscultation"" --(BEFORE)--> ""examens"" | ""examens"" --(CONTAINS)--> ""fonction"""
192,42,FR100663,[EVENT_BEFORE_N/A_ACTUAL] --(BEFORE)--> [EVENT_BEFORE_N/A_ACTUAL] | [EVENT_BEFORE_N/A_ACTUAL] --(BEFORE)--> [EVENT_BEFORE_N/A_ACTUAL] | [EVENT_BEFORE_N/A_ACTUAL] --(CONTAINS)--> [EVENT_BEFORE_N/A_ACTUAL],"""taux"" --(BEFORE)--> ""tenté"" | ""tenté"" --(BEFORE)--> ""bilan"" | ""bilan"" --(CONTAINS)--> ""Numération"""
192,42,FR100666,[EVENT_BEFORE_N/A_ACTUAL] --(BEFORE)--> [EVENT_BEFORE_N/A_ACTUAL] | [EVENT_BEFORE_N/A_ACTUAL] --(BEFORE)--> [EVENT_BEFORE_N/A_ACTUAL] | [EVENT_BEFORE_N/A_ACTUAL] --(CONTAINS)--> [EVENT_BEFORE_N/A_ACTUAL],"""bilan"" --(BEFORE)--> ""classé"" | ""classé"" --(BEFORE)--> ""traitement"" | ""traitement"" --(CONTAINS)--> ""polychimiothérapie"""
192,42,FR100688,[EVENT_BEFORE_N/A_ACTUAL] --(BEFORE)--> [EVENT_BEFORE_N/A_ACTUAL] | [EVENT_BEFORE_N/A_ACTUAL] --(BEFORE)--> [EVENT_BEFORE_N/A_ACTUAL] | [EVENT_BEFORE_N/A_ACTUAL] --(CONTAINS)--> [EVENT_BEFORE_N/A_ACTUAL],"""incision"" --(BEFORE)--> ""analyse"" | ""analyse"" --(BEFORE)--> ""traitement"" | ""traitement"" --(CONTAINS)--> ""phase"""
192,42,FR100689,[EVENT_BEFORE_N/A_ACTUAL] --(BEFORE)--> [EVENT_BEFORE_N/A_ACTUAL] | [EVENT_BEFORE_N/A_ACTUAL] --(BEFORE)--> [EVENT_BEFORE_N/A_ACTUAL] | [EVENT_BEFORE_N/A_ACTUAL] --(CONTAINS)--> [EVENT_BEFORE_N/A_ACTUAL],"""examen"" --(BEFORE)--> ""retenu"" | ""retenu"" --(BEFORE)--> ""évolution"" | ""évolution"" --(CONTAINS)--> ""disparition"""
192,42,FR100708,[EVENT_BEFORE_N/A_ACTUAL] --(BEFORE)--> [EVENT_BEFORE_N/A_ACTUAL] | [EVENT_BEFORE_N/A_ACTUAL] --(BEFORE)--> [EVENT_BEFORE_N/A_ACTUAL] | [EVENT_BEFORE_N/A_ACTUAL] --(CONTAINS)--> [EVENT_BEFORE_N/A_ACTUAL],"""mammographie"" --(BEFORE)--> ""échographie"" | ""échographie"" --(BEFORE)--> ""ponction"" | ""ponction"" --(CONTAINS)--> ""ramenant"""
192,42,FR100717,[EVENT_BEFORE_N/A_ACTUAL] --(BEFORE)--> [EVENT_BEFORE_N/A_ACTUAL] | [EVENT_BEFORE_N/A_ACTUAL] --(BEFORE)--> [EVENT_BEFORE_N/A_ACTUAL] | [EVENT_BEFORE_N/A_ACTUAL] --(CONTAINS)--> [EVENT_BEFORE_N/A_ACTUAL],"""enlevée"" --(BEFORE)--> ""exploration"" | ""exploration"" --(BEFORE)--> ""suites"" | ""suites"" --(CONTAINS)--> ""régression"""
192,42,FR100806,[EVENT_BEFORE_N/A_ACTUAL] --(BEFORE)--> [EVENT_BEFORE_N/A_ACTUAL] | [EVENT_BEFORE_N/A_ACTUAL] --(BEFORE)--> [EVENT_BEFORE_N/A_ACTUAL] | [EVENT_BEFORE_N/A_ACTUAL] --(CONTAINS)--> [EVENT_BEFORE_N/A_ACTUAL],"""référée"" --(BEFORE)--> ""examen"" | ""examen"" --(BEFORE)--> ""biologie"" | ""biologie"" --(CONTAINS)--> ""NFS"""
192,42,FR100826,[EVENT_BEFORE_N/A_ACTUAL] --(BEFORE)--> [EVENT_BEFORE_N/A_ACTUAL] | [EVENT_BEFORE_N/A_ACTUAL] --(BEFORE)--> [EVENT_BEFORE_N/A_ACTUAL] | [EVENT_BEFORE_N/A_ACTUAL] --(CONTAINS)--> [EVENT_BEFORE_N/A_ACTUAL],"""retenue"" --(BEFORE)--> ""exploration"" | ""exploration"" --(BEFORE)--> ""suites"" | ""suites"" --(CONTAINS)--> ""sortie"""
192,42,FR100845,[EVENT_BEFORE_N/A_ACTUAL] --(BEFORE)--> [EVENT_BEFORE_N/A_ACTUAL] | [EVENT_BEFORE_N/A_ACTUAL] --(BEFORE)--> [EVENT_BEFORE_N/A_ACTUAL] | [EVENT_BEFORE_N/A_ACTUAL] --(CONTAINS)--> [EVENT_BEFORE_N/A_ACTUAL],"""Consulte"" --(BEFORE)--> ""examen"" | ""examen"" --(BEFORE)--> ""examen"" | ""examen"" --(CONTAINS)--> ""BCF"""
192,42,FR100870,[EVENT_BEFORE_N/A_ACTUAL] --(BEFORE)--> [EVENT_BEFORE_N/A_ACTUAL] | [EVENT_BEFORE_N/A_ACTUAL] --(BEFORE)--> [EVENT_BEFORE_N/A_ACTUAL] | [EVENT_BEFORE_N/A_ACTUAL] --(CONTAINS)--> [EVENT_BEFORE_N/A_ACTUAL],"""bilan"" --(BEFORE)--> ""IRM"" | ""IRM"" --(BEFORE)--> ""électrophorèse"" | ""électrophorèse"" --(CONTAINS)--> ""découverte"""
192,42,FR100874,[EVENT_BEFORE_N/A_ACTUAL] --(BEFORE)--> [EVENT_BEFORE_N/A_ACTUAL] | [EVENT_BEFORE_N/A_ACTUAL] --(BEFORE)--> [EVENT_BEFORE_N/A_ACTUAL] | [EVENT_BEFORE_N/A_ACTUAL] --(CONTAINS)--> [EVENT_BEFORE_N/A_ACTUAL],"""hémogramme"" --(BEFORE)--> ""fibroscopie"" | ""fibroscopie"" --(BEFORE)--> ""transit"" | ""transit"" --(CONTAINS)--> ""image"""
192,42,FR100882,[EVENT_BEFORE_N/A_ACTUAL] --(BEFORE)--> [EVENT_BEFORE_N/A_ACTUAL] | [EVENT_BEFORE_N/A_ACTUAL] --(BEFORE)--> [EVENT_BEFORE_N/A_ACTUAL] | [EVENT_BEFORE_N/A_ACTUAL] --(CONTAINS)--> [EVENT_BEFORE_N/A_ACTUAL],"""sérologies"" --(BEFORE)--> ""sclérothérapie"" | ""sclérothérapie"" --(BEFORE)--> ""évolution"" | ""évolution"" --(CONTAINS)--> ""amélioration"""
192,42,FR100883,[EVENT_BEFORE_N/A_ACTUAL] --(BEFORE)--> [EVENT_BEFORE_N/A_ACTUAL] | [EVENT_BEFORE_N/A_ACTUAL] --(BEFORE)--> [EVENT_BEFORE_N/A_ACTUAL] | [EVENT_BEFORE_N/A_ACTUAL] --(CONTAINS)--> [EVENT_BEFORE_N/A_ACTUAL],"""biopsie"" --(BEFORE)--> ""bilan"" | ""bilan"" --(BEFORE)--> ""reçu"" | ""reçu"" --(CONTAINS)--> ""radiothérapie"""
192,42,FR100894,[EVENT_BEFORE_N/A_ACTUAL] --(BEFORE)--> [EVENT_BEFORE_N/A_ACTUAL] | [EVENT_BEFORE_N/A_ACTUAL] --(BEFORE)--> [EVENT_BEFORE_N/A_ACTUAL] | [EVENT_BEFORE_N/A_ACTUAL] --(CONTAINS)--> [EVENT_BEFORE_N/A_ACTUAL],"""arrivée"" --(BEFORE)--> ""pris"" | ""pris"" --(BEFORE)--> ""incision"" | ""incision"" --(CONTAINS)--> ""décompression"""
192,42,FR100903,[EVENT_BEFORE_N/A_ACTUAL] --(BEFORE)--> [EVENT_BEFORE_N/A_ACTUAL] | [EVENT_BEFORE_N/A_ACTUAL] --(BEFORE)--> [EVENT_BEFORE_N/A_ACTUAL] | [EVENT_BEFORE_N/A_ACTUAL] --(CONTAINS)--> [EVENT_BEFORE_N/A_ACTUAL],"""diagnostic"" --(BEFORE)--> ""écarté"" | ""écarté"" --(BEFORE)--> ""contrôles"" | ""contrôles"" --(CONTAINS)--> ""biométrie"""
192,42,FR100998,[EVENT_BEFORE_N/A_ACTUAL] --(BEFORE)--> [EVENT_BEFORE_N/A_ACTUAL] | [EVENT_BEFORE_N/A_ACTUAL] --(BEFORE)--> [EVENT_BEFORE_N/A_ACTUAL] | [EVENT_BEFORE_N/A_ACTUAL] --(CONTAINS)--> [EVENT_BEFORE_N/A_ACTUAL],"""test"" --(BEFORE)--> ""diagnostic"" | ""diagnostic"" --(BEFORE)--> ""traitée"" | ""traitée"" --(CONTAINS)--> ""développé"""
134,41,FR100078,[EVENT_BEFORE_N/A_ACTUAL] --(OVERLAP)--> [EVENT_BEFORE_N/A_ACTUAL] | [EVENT_BEFORE_N/A_ACTUAL] --(BEFORE)--> [EVENT_BEFORE_N/A_ACTUAL],"""doppler"" --(OVERLAP)--> ""thrombose"" | ""doppler"" --(BEFORE)--> ""doppler"""
134,41,FR100130,[EVENT_BEFORE_N/A_ACTUAL] --(OVERLAP)--> [EVENT_BEFORE_N/A_ACTUAL] | [EVENT_BEFORE_N/A_ACTUAL] --(BEFORE)--> [EVENT_BEFORE_N/A_ACTUAL],"""reçu"" --(OVERLAP)--> ""amélioration"" | ""reçu"" --(BEFORE)--> ""série"""
134,41,FR100132,[EVENT_BEFORE_N/A_ACTUAL] --(OVERLAP)--> [EVENT_BEFORE_N/A_ACTUAL] | [EVENT_BEFORE_N/A_ACTUAL] --(BEFORE)--> [EVENT_BEFORE_N/A_ACTUAL],"""consultation"" --(OVERLAP)--> ""antécédents"" | ""consultation"" --(BEFORE)--> ""examen"""
134,41,FR100161,[EVENT_BEFORE_N/A_ACTUAL] --(OVERLAP)--> [EVENT_BEFORE_N/A_ACTUAL] | [EVENT_BEFORE_N/A_ACTUAL] --(BEFORE)--> [EVENT_BEFORE_N/A_ACTUAL],"""examen"" --(OVERLAP)--> ""TA"" | ""examen"" --(BEFORE)--> ""examens"""
134,41,FR100168,[EVENT_BEFORE_N/A_ACTUAL] --(OVERLAP)--> [EVENT_BEFORE_N/A_ACTUAL] | [EVENT_BEFORE_N/A_ACTUAL] --(BEFORE)--> [EVENT_BEFORE_N/A_ACTUAL],"""tests"" --(OVERLAP)--> ""réalisée"" | ""tests"" --(BEFORE)--> ""entretien"""
134,41,FR100255,[EVENT_BEFORE_N/A_ACTUAL] --(OVERLAP)--> [EVENT_BEFORE_N/A_ACTUAL] | [EVENT_BEFORE_N/A_ACTUAL] --(BEFORE)--> [EVENT_BEFORE_N/A_ACTUAL],"""expulsé"" --(OVERLAP)--> ""poids"" | ""expulsé"" --(BEFORE)--> ""contrôle"""
134,41,FR100275,[EVENT_BEFORE_N/A_ACTUAL] --(OVERLAP)--> [EVENT_BEFORE_N/A_ACTUAL] | [EVENT_BEFORE_N/A_ACTUAL] --(BEFORE)--> [EVENT_BEFORE_N/A_ACTUAL],"""établi"" --(OVERLAP)--> ""pouls"" | ""établi"" --(BEFORE)--> ""manœuvres"""
134,41,FR100282,[EVENT_BEFORE_N/A_ACTUAL] --(OVERLAP)--> [EVENT_BEFORE_N/A_ACTUAL] | [EVENT_BEFORE_N/A_ACTUAL] --(BEFORE)--> [EVENT_BEFORE_N/A_ACTUAL],"""monothérapie"" --(OVERLAP)--> ""résultats"" | ""monothérapie"" --(BEFORE)--> ""multithérapie"""
134,41,FR100296,[EVENT_BEFORE_N/A_ACTUAL] --(OVERLAP)--> [EVENT_BEFORE_N/A_ACTUAL] | [EVENT_BEFORE_N/A_ACTUAL] --(BEFORE)--> [EVENT_BEFORE_N/A_ACTUAL],"""interrogatoire"" --(OVERLAP)--> ""notion"" | ""interrogatoire"" --(BEFORE)--> ""examen"""
134,41,FR100314,[EVENT_BEFORE_N/A_ACTUAL] --(OVERLAP)--> [EVENT_BEFORE_N/A_ACTUAL] | [EVENT_BEFORE_N/A_ACTUAL] --(BEFORE)--> [EVENT_BEFORE_N/A_ACTUAL],"""bilan"" --(OVERLAP)--> ""fracture"" | ""bilan"" --(BEFORE)--> ""drainage"""
134,41,FR100344,[EVENT_BEFORE_N/A_ACTUAL] --(OVERLAP)--> [EVENT_BEFORE_N/A_ACTUAL] | [EVENT_BEFORE_N/A_ACTUAL] --(BEFORE)--> [EVENT_BEFORE_N/A_ACTUAL],"""plainte"" --(OVERLAP)--> ""apparition"" | ""plainte"" --(BEFORE)--> ""examen"""
134,41,FR100361,[EVENT_BEFORE_N/A_ACTUAL] --(OVERLAP)--> [EVENT_BEFORE_N/A_ACTUAL] | [EVENT_BEFORE_N/A_ACTUAL] --(BEFORE)--> [EVENT_BEFORE_N/A_ACTUAL],"""admise"" --(OVERLAP)--> ""antécédent"" | ""admise"" --(BEFORE)--> ""examen"""
134,41,FR100371,[EVENT_BEFORE_N/A_ACTUAL] --(OVERLAP)--> [EVENT_BEFORE_N/A_ACTUAL] | [EVENT_BEFORE_N/A_ACTUAL] --(BEFORE)--> [EVENT_BEFORE_N/A_ACTUAL],"""bilan"" --(OVERLAP)--> ""anomalie"" | ""bilan"" --(BEFORE)--> ""intervention"""
134,41,FR100400,[EVENT_BEFORE_N/A_ACTUAL] --(OVERLAP)--> [EVENT_BEFORE_N/A_ACTUAL] | [EVENT_BEFORE_N/A_ACTUAL] --(BEFORE)--> [EVENT_BEFORE_N/A_ACTUAL],"""suites"" --(OVERLAP)--> ""étude"" | ""suites"" --(BEFORE)--> ""suivie"""
134,41,FR100517,[EVENT_BEFORE_N/A_ACTUAL] --(OVERLAP)--> [EVENT_BEFORE_N/A_ACTUAL] | [EVENT_BEFORE_N/A_ACTUAL] --(BEFORE)--> [EVENT_BEFORE_N/A_ACTUAL],"""examen"" --(OVERLAP)--> ""éléments"" | ""examen"" --(BEFORE)--> ""bilan"""
134,41,FR100597,[EVENT_BEFORE_N/A_ACTUAL] --(OVERLAP)--> [EVENT_BEFORE_N/A_ACTUAL] | [EVENT_BEFORE_N/A_ACTUAL] --(BEFORE)--> [EVENT_BEFORE_N/A_ACTUAL],"""décision"" --(OVERLAP)--> ""évoqué"" | ""décision"" --(BEFORE)--> ""IRM"""
134,41,FR100603,[EVENT_BEFORE_N/A_ACTUAL] --(OVERLAP)--> [EVENT_BEFORE_N/A_ACTUAL] | [EVENT_BEFORE_N/A_ACTUAL] --(BEFORE)--> [EVENT_BEFORE_N/A_ACTUAL],"""hémocultures"" --(OVERLAP)--> ""culture"" | ""hémocultures"" --(BEFORE)--> ""évolution"""
134,41,FR100611,[EVENT_BEFORE_N/A_ACTUAL] --(OVERLAP)--> [EVENT_BEFORE_N/A_ACTUAL] | [EVENT_BEFORE_N/A_ACTUAL] --(BEFORE)--> [EVENT_BEFORE_N/A_ACTUAL],"""admission"" --(OVERLAP)--> ""antécédent"" | ""admission"" --(BEFORE)--> ""examen"""
134,41,FR100614,[EVENT_BEFORE_N/A_ACTUAL] --(OVERLAP)--> [EVENT_BEFORE_N/A_ACTUAL] | [EVENT_BEFORE_N/A_ACTUAL] --(BEFORE)--> [EVENT_BEFORE_N/A_ACTUAL],"""radiographie"" --(OVERLAP)--> ""anomalie"" | ""radiographie"" --(BEFORE)--> ""taux"""
134,41,FR100620,[EVENT_BEFORE_N/A_ACTUAL] --(OVERLAP)--> [EVENT_BEFORE_N/A_ACTUAL] | [EVENT_BEFORE_N/A_ACTUAL] --(BEFORE)--> [EVENT_BEFORE_N/A_ACTUAL],"""bilan"" --(OVERLAP)--> ""anomalies"" | ""bilan"" --(BEFORE)--> ""évolution"""
134,41,FR100623,[EVENT_BEFORE_N/A_ACTUAL] --(OVERLAP)--> [EVENT_BEFORE_N/A_ACTUAL] | [EVENT_BEFORE_N/A_ACTUAL] --(BEFORE)--> [EVENT_BEFORE_N/A_ACTUAL],"""examen"" --(OVERLAP)--> ""particularité"" | ""examen"" --(BEFORE)--> ""échographie"""
134,41,FR100632,[EVENT_BEFORE_N/A_ACTUAL] --(OVERLAP)--> [EVENT_BEFORE_N/A_ACTUAL] | [EVENT_BEFORE_N/A_ACTUAL] --(BEFORE)--> [EVENT_BEFORE_N/A_ACTUAL],"""interrogatoire"" --(OVERLAP)--> ""antécédent"" | ""interrogatoire"" --(BEFORE)--> ""examen"""
134,41,FR100658,[EVENT_BEFORE_N/A_ACTUAL] --(OVERLAP)--> [EVENT_BEFORE_N/A_ACTUAL] | [EVENT_BEFORE_N/A_ACTUAL] --(BEFORE)--> [EVENT_BEFORE_N/A_ACTUAL],"""auscultation"" --(OVERLAP)--> ""critères"" | ""auscultation"" --(BEFORE)--> ""examens"""
134,41,FR100663,[EVENT_BEFORE_N/A_ACTUAL] --(OVERLAP)--> [EVENT_BEFORE_N/A_ACTUAL] | [EVENT_BEFORE_N/A_ACTUAL] --(BEFORE)--> [EVENT_BEFORE_N/A_ACTUAL],"""reprise"" --(OVERLAP)--> ""assurée"" | ""reprise"" --(BEFORE)--> ""fermé"""
134,41,FR100666,[EVENT_BEFORE_N/A_ACTUAL] --(OVERLAP)--> [EVENT_BEFORE_N/A_ACTUAL] | [EVENT_BEFORE_N/A_ACTUAL] --(BEFORE)--> [EVENT_BEFORE_N/A_ACTUAL],"""adressé"" --(OVERLAP)--> ""antécédents"" | ""adressé"" --(BEFORE)--> ""interrogatoire"""
134,41,FR100683,[EVENT_BEFORE_N/A_ACTUAL] --(OVERLAP)--> [EVENT_BEFORE_N/A_ACTUAL] | [EVENT_BEFORE_N/A_ACTUAL] --(BEFORE)--> [EVENT_BEFORE_N/A_ACTUAL],"""examen"" --(OVERLAP)--> ""syndrome"" | ""examen"" --(BEFORE)--> ""exploration"""
134,41,FR100688,[EVENT_BEFORE_N/A_ACTUAL] --(OVERLAP)--> [EVENT_BEFORE_N/A_ACTUAL] | [EVENT_BEFORE_N/A_ACTUAL] --(BEFORE)--> [EVENT_BEFORE_N/A_ACTUAL],"""radiographie"" --(OVERLAP)--> ""Scanner"" | ""radiographie"" --(BEFORE)--> ""incision"""
134,41,FR100689,[EVENT_BEFORE_N/A_ACTUAL] --(OVERLAP)--> [EVENT_BEFORE_N/A_ACTUAL] | [EVENT_BEFORE_N/A_ACTUAL] --(BEFORE)--> [EVENT_BEFORE_N/A_ACTUAL],"""examen"" --(OVERLAP)--> ""anomalie"" | ""examen"" --(BEFORE)--> ""sérologie"""
134,41,FR100717,[EVENT_BEFORE_N/A_ACTUAL] --(OVERLAP)--> [EVENT_BEFORE_N/A_ACTUAL] | [EVENT_BEFORE_N/A_ACTUAL] --(BEFORE)--> [EVENT_BEFORE_N/A_ACTUAL],"""traitement"" --(OVERLAP)--> ""succès"" | ""traitement"" --(BEFORE)--> ""examen"""
134,41,FR100780,[EVENT_BEFORE_N/A_ACTUAL] --(OVERLAP)--> [EVENT_BEFORE_N/A_ACTUAL] | [EVENT_BEFORE_N/A_ACTUAL] --(BEFORE)--> [EVENT_BEFORE_N/A_ACTUAL],"""admise"" --(OVERLAP)--> ""chiffres"" | ""admise"" --(BEFORE)--> ""examen"""
134,41,FR100806,[EVENT_BEFORE_N/A_ACTUAL] --(OVERLAP)--> [EVENT_BEFORE_N/A_ACTUAL] | [EVENT_BEFORE_N/A_ACTUAL] --(BEFORE)--> [EVENT_BEFORE_N/A_ACTUAL],"""prise"" --(OVERLAP)--> ""antécédent"" | ""prise"" --(BEFORE)--> ""référée"""
134,41,FR100826,[EVENT_BEFORE_N/A_ACTUAL] --(OVERLAP)--> [EVENT_BEFORE_N/A_ACTUAL] | [EVENT_BEFORE_N/A_ACTUAL] --(BEFORE)--> [EVENT_BEFORE_N/A_ACTUAL],"""retenue"" --(OVERLAP)--> ""indication"" | ""retenue"" --(BEFORE)--> ""exploration"""
134,41,FR100845,[EVENT_BEFORE_N/A_ACTUAL] --(OVERLAP)--> [EVENT_BEFORE_N/A_ACTUAL] | [EVENT_BEFORE_N/A_ACTUAL] --(BEFORE)--> [EVENT_BEFORE_N/A_ACTUAL],"""diagnostic"" --(OVERLAP)--> ""échographie"" | ""diagnostic"" --(BEFORE)--> ""perdu"""
134,41,FR100849,[EVENT_BEFORE_N/A_ACTUAL] --(OVERLAP)--> [EVENT_BEFORE_N/A_ACTUAL] | [EVENT_BEFORE_N/A_ACTUAL] --(BEFORE)--> [EVENT_BEFORE_N/A_ACTUAL],"""admission"" --(OVERLAP)--> ""CRP"" | ""admission"" --(BEFORE)--> ""tomodensitométrie"""
134,41,FR100870,[EVENT_BEFORE_N/A_ACTUAL] --(OVERLAP)--> [EVENT_BEFORE_N/A_ACTUAL] | [EVENT_BEFORE_N/A_ACTUAL] --(BEFORE)--> [EVENT_BEFORE_N/A_ACTUAL],"""dosage"" --(OVERLAP)--> ""rapport"" | ""dosage"" --(BEFORE)--> ""étude"""
134,41,FR100874,[EVENT_BEFORE_N/A_ACTUAL] --(OVERLAP)--> [EVENT_BEFORE_N/A_ACTUAL] | [EVENT_BEFORE_N/A_ACTUAL] --(BEFORE)--> [EVENT_BEFORE_N/A_ACTUAL],"""mise"" --(OVERLAP)--> ""transfusions"" | ""mise"" --(BEFORE)--> ""diverticulectomie"""
134,41,FR100882,[EVENT_BEFORE_N/A_ACTUAL] --(OVERLAP)--> [EVENT_BEFORE_N/A_ACTUAL] | [EVENT_BEFORE_N/A_ACTUAL] --(BEFORE)--> [EVENT_BEFORE_N/A_ACTUAL],"""sérologies"" --(OVERLAP)--> ""trouble"" | ""sérologies"" --(BEFORE)--> ""sclérothérapie"""
134,41,FR100894,[EVENT_BEFORE_N/A_ACTUAL] --(OVERLAP)--> [EVENT_BEFORE_N/A_ACTUAL] | [EVENT_BEFORE_N/A_ACTUAL] --(BEFORE)--> [EVENT_BEFORE_N/A_ACTUAL],"""appuyés"" --(OVERLAP)--> ""éliminer"" | ""appuyés"" --(BEFORE)--> ""diagnostic"""
134,41,FR100903,[EVENT_BEFORE_N/A_ACTUAL] --(OVERLAP)--> [EVENT_BEFORE_N/A_ACTUAL] | [EVENT_BEFORE_N/A_ACTUAL] --(BEFORE)--> [EVENT_BEFORE_N/A_ACTUAL],"""écarté"" --(OVERLAP)--> ""caryotype"" | ""écarté"" --(BEFORE)--> ""contrôles"""
134,41,FR100930,[EVENT_BEFORE_N/A_ACTUAL] --(OVERLAP)--> [EVENT_BEFORE_N/A_ACTUAL] | [EVENT_BEFORE_N/A_ACTUAL] --(BEFORE)--> [EVENT_BEFORE_N/A_ACTUAL],"""apparition"" --(OVERLAP)--> ""thrombophlébite"" | ""apparition"" --(BEFORE)--> ""diagnostiquée"""
134,41,FR100932,[EVENT_BEFORE_N/A_ACTUAL] --(OVERLAP)--> [EVENT_BEFORE_N/A_ACTUAL] | [EVENT_BEFORE_N/A_ACTUAL] --(BEFORE)--> [EVENT_BEFORE_N/A_ACTUAL],"""opérée"" --(OVERLAP)--> ""drainage"" | ""opérée"" --(BEFORE)--> ""évolution"""
215,41,FR100003,[EVENT_BEFORE_N/A_ACTUAL] --(BEFORE)--> [EVENT_BEFORE_N/A_ACTUAL] | [EVENT_BEFORE_N/A_ACTUAL] --(SIMULTANEOUS)--> [EVENT_BEFORE_N/A_ACTUAL],"""drainage"" --(BEFORE)--> ""traitement"" | ""traitement"" --(SIMULTANEOUS)--> ""nécessaire"""
215,41,FR100120,[EVENT_BEFORE_N/A_ACTUAL] --(BEFORE)--> [EVENT_BEFORE_N/A_ACTUAL] | [EVENT_BEFORE_N/A_ACTUAL] --(SIMULTANEOUS)--> [EVENT_BEFORE_N/A_ACTUAL],"""reste"" --(BEFORE)--> ""traitement"" | ""traitement"" --(SIMULTANEOUS)--> ""inefficace"""
215,41,FR100130,[EVENT_BEFORE_N/A_ACTUAL] --(BEFORE)--> [EVENT_BEFORE_N/A_ACTUAL] | [EVENT_BEFORE_N/A_ACTUAL] --(SIMULTANEOUS)--> [EVENT_BEFORE_N/A_ACTUAL],"""administrées"" --(BEFORE)--> ""reçu"" | ""reçu"" --(SIMULTANEOUS)--> ""cures"""
215,41,FR100142,[EVENT_BEFORE_N/A_ACTUAL] --(BEFORE)--> [EVENT_BEFORE_N/A_ACTUAL] | [EVENT_BEFORE_N/A_ACTUAL] --(SIMULTANEOUS)--> [EVENT_BEFORE_N/A_ACTUAL],"""scanner"" --(BEFORE)--> ""fibroscopie"" | ""fibroscopie"" --(SIMULTANEOUS)--> ""anomalies"""
215,41,FR100161,[EVENT_BEFORE_N/A_ACTUAL] --(BEFORE)--> [EVENT_BEFORE_N/A_ACTUAL] | [EVENT_BEFORE_N/A_ACTUAL] --(SIMULTANEOUS)--> [EVENT_BEFORE_N/A_ACTUAL],"""complément"" --(BEFORE)--> ""IRM"" | ""IRM"" --(SIMULTANEOUS)--> ""réalisée"""
215,41,FR100168,[EVENT_BEFORE_N/A_ACTUAL] --(BEFORE)--> [EVENT_BEFORE_N/A_ACTUAL] | [EVENT_BEFORE_N/A_ACTUAL] --(SIMULTANEOUS)--> [EVENT_BEFORE_N/A_ACTUAL],"""administrées"" --(BEFORE)--> ""suites"" | ""suites"" --(SIMULTANEOUS)--> ""simples"""
215,41,FR100275,[EVENT_BEFORE_N/A_ACTUAL] --(BEFORE)--> [EVENT_BEFORE_N/A_ACTUAL] | [EVENT_BEFORE_N/A_ACTUAL] --(SIMULTANEOUS)--> [EVENT_BEFORE_N/A_ACTUAL],"""pris"" --(BEFORE)--> ""trouvée"" | ""trouvée"" --(SIMULTANEOUS)--> ""découverte"""
215,41,FR100276,[EVENT_BEFORE_N/A_ACTUAL] --(BEFORE)--> [EVENT_BEFORE_N/A_ACTUAL] | [EVENT_BEFORE_N/A_ACTUAL] --(SIMULTANEOUS)--> [EVENT_BEFORE_N/A_ACTUAL],"""bilan"" --(BEFORE)--> ""régression"" | ""régression"" --(SIMULTANEOUS)--> ""rapide"""
215,41,FR100282,[EVENT_BEFORE_N/A_ACTUAL] --(BEFORE)--> [EVENT_BEFORE_N/A_ACTUAL] | [EVENT_BEFORE_N/A_ACTUAL] --(SIMULTANEOUS)--> [EVENT_BEFORE_N/A_ACTUAL],"""monothérapie"" --(BEFORE)--> ""multithérapie"" | ""multithérapie"" --(SIMULTANEOUS)--> ""administrée"""
215,41,FR100283,[EVENT_BEFORE_N/A_ACTUAL] --(BEFORE)--> [EVENT_BEFORE_N/A_ACTUAL] | [EVENT_BEFORE_N/A_ACTUAL] --(SIMULTANEOUS)--> [EVENT_BEFORE_N/A_ACTUAL],"""traitement"" --(BEFORE)--> ""évolution"" | ""évolution"" --(SIMULTANEOUS)--> ""favorable"""
215,41,FR100296,[EVENT_BEFORE_N/A_ACTUAL] --(BEFORE)--> [EVENT_BEFORE_N/A_ACTUAL] | [EVENT_BEFORE_N/A_ACTUAL] --(SIMULTANEOUS)--> [EVENT_BEFORE_N/A_ACTUAL],"""fenestration"" --(BEFORE)--> ""suites"" | ""suites"" --(SIMULTANEOUS)--> ""simples"""
215,41,FR100344,[EVENT_BEFORE_N/A_ACTUAL] --(BEFORE)--> [EVENT_BEFORE_N/A_ACTUAL] | [EVENT_BEFORE_N/A_ACTUAL] --(SIMULTANEOUS)--> [EVENT_BEFORE_N/A_ACTUAL],"""contrôle"" --(BEFORE)--> ""échographies"" | ""échographies"" --(SIMULTANEOUS)--> ""difficiles"""
215,41,FR100346,[EVENT_BEFORE_N/A_ACTUAL] --(BEFORE)--> [EVENT_BEFORE_N/A_ACTUAL] | [EVENT_BEFORE_N/A_ACTUAL] --(SIMULTANEOUS)--> [EVENT_BEFORE_N/A_ACTUAL],"""gazométrie"" --(BEFORE)--> ""reste"" | ""reste"" --(SIMULTANEOUS)--> ""normal"""
215,41,FR100361,[EVENT_BEFORE_N/A_ACTUAL] --(BEFORE)--> [EVENT_BEFORE_N/A_ACTUAL] | [EVENT_BEFORE_N/A_ACTUAL] --(SIMULTANEOUS)--> [EVENT_BEFORE_N/A_ACTUAL],"""culture"" --(BEFORE)--> ""protéine"" | ""protéine"" --(SIMULTANEOUS)--> ""CRP"""
215,41,FR100371,[EVENT_BEFORE_N/A_ACTUAL] --(BEFORE)--> [EVENT_BEFORE_N/A_ACTUAL] | [EVENT_BEFORE_N/A_ACTUAL] --(SIMULTANEOUS)--> [EVENT_BEFORE_N/A_ACTUAL],"""incision"" --(BEFORE)--> ""suite"" | ""suite"" --(SIMULTANEOUS)--> ""simple"""
215,41,FR100400,[EVENT_BEFORE_N/A_ACTUAL] --(BEFORE)--> [EVENT_BEFORE_N/A_ACTUAL] | [EVENT_BEFORE_N/A_ACTUAL] --(SIMULTANEOUS)--> [EVENT_BEFORE_N/A_ACTUAL],"""résection"" --(BEFORE)--> ""suites"" | ""suites"" --(SIMULTANEOUS)--> ""favorables"""
215,41,FR100439,[EVENT_BEFORE_N/A_ACTUAL] --(BEFORE)--> [EVENT_BEFORE_N/A_ACTUAL] | [EVENT_BEFORE_N/A_ACTUAL] --(SIMULTANEOUS)--> [EVENT_BEFORE_N/A_ACTUAL],"""demandée"" --(BEFORE)--> ""Tomographie"" | ""Tomographie"" --(SIMULTANEOUS)--> ""TEP"""
215,41,FR100515,[EVENT_BEFORE_N/A_ACTUAL] --(BEFORE)--> [EVENT_BEFORE_N/A_ACTUAL] | [EVENT_BEFORE_N/A_ACTUAL] --(SIMULTANEOUS)--> [EVENT_BEFORE_N/A_ACTUAL],"""résistance"" --(BEFORE)--> ""évolution"" | ""évolution"" --(SIMULTANEOUS)--> ""spectaculaire"""
215,41,FR100517,[EVENT_BEFORE_N/A_ACTUAL] --(BEFORE)--> [EVENT_BEFORE_N/A_ACTUAL] | [EVENT_BEFORE_N/A_ACTUAL] --(SIMULTANEOUS)--> [EVENT_BEFORE_N/A_ACTUAL],"""radiographie"" --(BEFORE)--> ""tomodensitométrie"" | ""tomodensitométrie"" --(SIMULTANEOUS)--> ""coupes"""
215,41,FR100519,[EVENT_BEFORE_N/A_ACTUAL] --(BEFORE)--> [EVENT_BEFORE_N/A_ACTUAL] | [EVENT_BEFORE_N/A_ACTUAL] --(SIMULTANEOUS)--> [EVENT_BEFORE_N/A_ACTUAL],"""transfusion"" --(BEFORE)--> ""tomodensitométrie"" | ""tomodensitométrie"" --(SIMULTANEOUS)--> ""TDM"""
215,41,FR100589,[EVENT_BEFORE_N/A_ACTUAL] --(BEFORE)--> [EVENT_BEFORE_N/A_ACTUAL] | [EVENT_BEFORE_N/A_ACTUAL] --(SIMULTANEOUS)--> [EVENT_BEFORE_N/A_ACTUAL],"""admis"" --(BEFORE)--> ""reste"" | ""reste"" --(SIMULTANEOUS)--> ""particularité"""
215,41,FR100597,[EVENT_BEFORE_N/A_ACTUAL] --(BEFORE)--> [EVENT_BEFORE_N/A_ACTUAL] | [EVENT_BEFORE_N/A_ACTUAL] --(SIMULTANEOUS)--> [EVENT_BEFORE_N/A_ACTUAL],"""échographie"" --(BEFORE)--> ""complété"" | ""complété"" --(SIMULTANEOUS)--> ""scanner"""
215,41,FR100603,[EVENT_BEFORE_N/A_ACTUAL] --(BEFORE)--> [EVENT_BEFORE_N/A_ACTUAL] | [EVENT_BEFORE_N/A_ACTUAL] --(SIMULTANEOUS)--> [EVENT_BEFORE_N/A_ACTUAL],"""hémocultures"" --(BEFORE)--> ""évolution"" | ""évolution"" --(SIMULTANEOUS)--> ""favorable"""
215,41,FR100614,[EVENT_BEFORE_N/A_ACTUAL] --(BEFORE)--> [EVENT_BEFORE_N/A_ACTUAL] | [EVENT_BEFORE_N/A_ACTUAL] --(SIMULTANEOUS)--> [EVENT_BEFORE_N/A_ACTUAL],"""rupture"" --(BEFORE)--> ""intervention"" | ""intervention"" --(SIMULTANEOUS)--> ""mesures"""
215,41,FR100629,[EVENT_BEFORE_N/A_ACTUAL] --(BEFORE)--> [EVENT_BEFORE_N/A_ACTUAL] | [EVENT_BEFORE_N/A_ACTUAL] --(SIMULTANEOUS)--> [EVENT_BEFORE_N/A_ACTUAL],"""radiographie"" --(BEFORE)--> ""TDM"" | ""TDM"" --(SIMULTANEOUS)--> ""tomodensitométrie"""
215,41,FR100658,[EVENT_BEFORE_N/A_ACTUAL] --(BEFORE)--> [EVENT_BEFORE_N/A_ACTUAL] | [EVENT_BEFORE_N/A_ACTUAL] --(SIMULTANEOUS)--> [EVENT_BEFORE_N/A_ACTUAL],"""laryngoscopie"" --(BEFORE)--> ""tomodensitométrie"" | ""tomodensitométrie"" --(SIMULTANEOUS)--> ""TDM"""
215,41,FR100688,[EVENT_BEFORE_N/A_ACTUAL] --(BEFORE)--> [EVENT_BEFORE_N/A_ACTUAL] | [EVENT_BEFORE_N/A_ACTUAL] --(SIMULTANEOUS)--> [EVENT_BEFORE_N/A_ACTUAL],"""traitement"" --(BEFORE)--> ""évolution"" | ""évolution"" --(SIMULTANEOUS)--> ""favorable"""
215,41,FR100689,[EVENT_BEFORE_N/A_ACTUAL] --(BEFORE)--> [EVENT_BEFORE_N/A_ACTUAL] | [EVENT_BEFORE_N/A_ACTUAL] --(SIMULTANEOUS)--> [EVENT_BEFORE_N/A_ACTUAL],"""traitement"" --(BEFORE)--> ""bithérapie"" | ""bithérapie"" --(SIMULTANEOUS)--> ""traitement"""
215,41,FR100717,[EVENT_BEFORE_N/A_ACTUAL] --(BEFORE)--> [EVENT_BEFORE_N/A_ACTUAL] | [EVENT_BEFORE_N/A_ACTUAL] --(SIMULTANEOUS)--> [EVENT_BEFORE_N/A_ACTUAL],"""consulté"" --(BEFORE)--> ""traitement"" | ""traitement"" --(SIMULTANEOUS)--> ""rééducation"""
215,41,FR100748,[EVENT_BEFORE_N/A_ACTUAL] --(BEFORE)--> [EVENT_BEFORE_N/A_ACTUAL] | [EVENT_BEFORE_N/A_ACTUAL] --(SIMULTANEOUS)--> [EVENT_BEFORE_N/A_ACTUAL],"""préparation"" --(BEFORE)--> ""salle"" | ""salle"" --(SIMULTANEOUS)--> ""intervention"""
215,41,FR100780,[EVENT_BEFORE_N/A_ACTUAL] --(BEFORE)--> [EVENT_BEFORE_N/A_ACTUAL] | [EVENT_BEFORE_N/A_ACTUAL] --(SIMULTANEOUS)--> [EVENT_BEFORE_N/A_ACTUAL],"""geste"" --(BEFORE)--> ""geste"" | ""geste"" --(SIMULTANEOUS)--> ""grossesse"""
215,41,FR100806,[EVENT_BEFORE_N/A_ACTUAL] --(BEFORE)--> [EVENT_BEFORE_N/A_ACTUAL] | [EVENT_BEFORE_N/A_ACTUAL] --(SIMULTANEOUS)--> [EVENT_BEFORE_N/A_ACTUAL],"""examen"" --(BEFORE)--> ""suites"" | ""suites"" --(SIMULTANEOUS)--> ""simples"""
215,41,FR100826,[EVENT_BEFORE_N/A_ACTUAL] --(BEFORE)--> [EVENT_BEFORE_N/A_ACTUAL] | [EVENT_BEFORE_N/A_ACTUAL] --(SIMULTANEOUS)--> [EVENT_BEFORE_N/A_ACTUAL],"""exploration"" --(BEFORE)--> ""suites"" | ""suites"" --(SIMULTANEOUS)--> ""simples"""
215,41,FR100845,[EVENT_BEFORE_N/A_ACTUAL] --(BEFORE)--> [EVENT_BEFORE_N/A_ACTUAL] | [EVENT_BEFORE_N/A_ACTUAL] --(SIMULTANEOUS)--> [EVENT_BEFORE_N/A_ACTUAL],"""informé"" --(BEFORE)--> ""décision"" | ""décision"" --(SIMULTANEOUS)--> ""césarisée"""
215,41,FR100849,[EVENT_BEFORE_N/A_ACTUAL] --(BEFORE)--> [EVENT_BEFORE_N/A_ACTUAL] | [EVENT_BEFORE_N/A_ACTUAL] --(SIMULTANEOUS)--> [EVENT_BEFORE_N/A_ACTUAL],"""admission"" --(BEFORE)--> ""tomodensitométrie"" | ""tomodensitométrie"" --(SIMULTANEOUS)--> ""TDM"""
215,41,FR100870,[EVENT_BEFORE_N/A_ACTUAL] --(BEFORE)--> [EVENT_BEFORE_N/A_ACTUAL] | [EVENT_BEFORE_N/A_ACTUAL] --(SIMULTANEOUS)--> [EVENT_BEFORE_N/A_ACTUAL],"""dosage"" --(BEFORE)--> ""étude"" | ""étude"" --(SIMULTANEOUS)--> ""FISH"""
215,41,FR100882,[EVENT_BEFORE_N/A_ACTUAL] --(BEFORE)--> [EVENT_BEFORE_N/A_ACTUAL] | [EVENT_BEFORE_N/A_ACTUAL] --(SIMULTANEOUS)--> [EVENT_BEFORE_N/A_ACTUAL],"""laminectomie"" --(BEFORE)--> ""Imagerie"" | ""Imagerie"" --(SIMULTANEOUS)--> ""IRM"""
215,41,FR100894,[EVENT_BEFORE_N/A_ACTUAL] --(BEFORE)--> [EVENT_BEFORE_N/A_ACTUAL] | [EVENT_BEFORE_N/A_ACTUAL] --(SIMULTANEOUS)--> [EVENT_BEFORE_N/A_ACTUAL],"""incision"" --(BEFORE)--> ""immobilisé"" | ""immobilisé"" --(SIMULTANEOUS)--> ""plâtre"""
215,41,FR100921,[EVENT_BEFORE_N/A_ACTUAL] --(BEFORE)--> [EVENT_BEFORE_N/A_ACTUAL] | [EVENT_BEFORE_N/A_ACTUAL] --(SIMULTANEOUS)--> [EVENT_BEFORE_N/A_ACTUAL],"""imagerie"" --(BEFORE)--> ""exérèse"" | ""exérèse"" --(SIMULTANEOUS)--> ""exérèse"""
215,41,FR100932,[EVENT_BEFORE_N/A_ACTUAL] --(BEFORE)--> [EVENT_BEFORE_N/A_ACTUAL] | [EVENT_BEFORE_N/A_ACTUAL] --(SIMULTANEOUS)--> [EVENT_BEFORE_N/A_ACTUAL],"""opérée"" --(BEFORE)--> ""évolution"" | ""évolution"" --(SIMULTANEOUS)--> ""favorable"""
215,41,FR100959,[EVENT_BEFORE_N/A_ACTUAL] --(BEFORE)--> [EVENT_BEFORE_N/A_ACTUAL] | [EVENT_BEFORE_N/A_ACTUAL] --(SIMULTANEOUS)--> [EVENT_BEFORE_N/A_ACTUAL],"""œsophagoscopie"" --(BEFORE)--> ""Transit"" | ""Transit"" --(SIMULTANEOUS)--> ""TOGD"""
