ID_Motif,Support,Document,Structure_Abstraite,Mot_1,Relation_1,Mot_2,Relation_2,Mot_3,Relation_3,Mot_4,Relation_4,Mot_5,Relation_5,Mot_6
23,73,FR100003,[EVENT_N/A_ACTUAL_POS] --(CONTAINS)--> [EVENT_N/A_ACTUAL_POS] | [EVENT_N/A_ACTUAL_POS] --(BEFORE)--> [EVENT_N/A_ACTUAL_POS],délabrement,CONTAINS,panoramique,BEFORE,ponction,,,,,,
23,73,FR100078,[EVENT_N/A_ACTUAL_POS] --(CONTAINS)--> [EVENT_N/A_ACTUAL_POS] | [EVENT_N/A_ACTUAL_POS] --(BEFORE)--> [EVENT_N/A_ACTUAL_POS],pouls,CONTAINS,examen,BEFORE,doppler,,,,,,
23,73,FR100092,[EVENT_N/A_ACTUAL_POS] --(CONTAINS)--> [EVENT_N/A_ACTUAL_POS] | [EVENT_N/A_ACTUAL_POS] --(BEFORE)--> [EVENT_N/A_ACTUAL_POS],appendicite,CONTAINS,étude,BEFORE,suites,,,,,,
23,73,FR100120,[EVENT_N/A_ACTUAL_POS] --(CONTAINS)--> [EVENT_N/A_ACTUAL_POS] | [EVENT_N/A_ACTUAL_POS] --(BEFORE)--> [EVENT_N/A_ACTUAL_POS],examen,CONTAINS,reste,BEFORE,bilan,,,,,,
23,73,FR100130,[EVENT_N/A_ACTUAL_POS] --(CONTAINS)--> [EVENT_N/A_ACTUAL_POS] | [EVENT_N/A_ACTUAL_POS] --(BEFORE)--> [EVENT_N/A_ACTUAL_POS],changements,CONTAINS,examen,BEFORE,imagerie,,,,,,
23,73,FR100132,[EVENT_N/A_ACTUAL_POS] --(CONTAINS)--> [EVENT_N/A_ACTUAL_POS] | [EVENT_N/A_ACTUAL_POS] --(BEFORE)--> [EVENT_N/A_ACTUAL_POS],baisse,CONTAINS,examen,BEFORE,écho-Doppler,,,,,,
23,73,FR100142,[EVENT_N/A_ACTUAL_POS] --(CONTAINS)--> [EVENT_N/A_ACTUAL_POS] | [EVENT_N/A_ACTUAL_POS] --(BEFORE)--> [EVENT_N/A_ACTUAL_POS],éléments,CONTAINS,biopsie,BEFORE,étude,,,,,,
23,73,FR100161,[EVENT_N/A_ACTUAL_POS] --(CONTAINS)--> [EVENT_N/A_ACTUAL_POS] | [EVENT_N/A_ACTUAL_POS] --(BEFORE)--> [EVENT_N/A_ACTUAL_POS],sérologie,CONTAINS,examens,BEFORE,radiographie,,,,,,
23,73,FR100168,[EVENT_N/A_ACTUAL_POS] --(CONTAINS)--> [EVENT_N/A_ACTUAL_POS] | [EVENT_N/A_ACTUAL_POS] --(BEFORE)--> [EVENT_N/A_ACTUAL_POS],suites,CONTAINS,bilan,BEFORE,tests,,,,,,
23,73,FR100185,[EVENT_N/A_ACTUAL_POS] --(CONTAINS)--> [EVENT_N/A_ACTUAL_POS] | [EVENT_N/A_ACTUAL_POS] --(BEFORE)--> [EVENT_N/A_ACTUAL_POS],abolition,CONTAINS,Electromyogramme,BEFORE,IRM,,,,,,
23,73,FR100255,[EVENT_N/A_ACTUAL_POS] --(CONTAINS)--> [EVENT_N/A_ACTUAL_POS] | [EVENT_N/A_ACTUAL_POS] --(BEFORE)--> [EVENT_N/A_ACTUAL_POS],analgésie,CONTAINS,expulsé,BEFORE,contrôle,,,,,,
23,73,FR100275,[EVENT_N/A_ACTUAL_POS] --(CONTAINS)--> [EVENT_N/A_ACTUAL_POS] | [EVENT_N/A_ACTUAL_POS] --(BEFORE)--> [EVENT_N/A_ACTUAL_POS],voisin,CONTAINS,arrivée,BEFORE,établi,,,,,,
23,73,FR100276,[EVENT_N/A_ACTUAL_POS] --(CONTAINS)--> [EVENT_N/A_ACTUAL_POS] | [EVENT_N/A_ACTUAL_POS] --(BEFORE)--> [EVENT_N/A_ACTUAL_POS],pemphigoïde,CONTAINS,posé,BEFORE,application,,,,,,
23,73,FR100282,[EVENT_N/A_ACTUAL_POS] --(CONTAINS)--> [EVENT_N/A_ACTUAL_POS] | [EVENT_N/A_ACTUAL_POS] --(BEFORE)--> [EVENT_N/A_ACTUAL_POS],tracé,CONTAINS,électroencéphalogramme,BEFORE,scanner,,,,,,
23,73,FR100283,[EVENT_N/A_ACTUAL_POS] --(CONTAINS)--> [EVENT_N/A_ACTUAL_POS] | [EVENT_N/A_ACTUAL_POS] --(BEFORE)--> [EVENT_N/A_ACTUAL_POS],sinusite,CONTAINS,IRM,BEFORE,hypophysiogramme,,,,,,
23,73,FR100296,[EVENT_N/A_ACTUAL_POS] --(CONTAINS)--> [EVENT_N/A_ACTUAL_POS] | [EVENT_N/A_ACTUAL_POS] --(BEFORE)--> [EVENT_N/A_ACTUAL_POS],phénomènes,CONTAINS,examen,BEFORE,IRM,,,,,,
23,73,FR100314,[EVENT_N/A_ACTUAL_POS] --(CONTAINS)--> [EVENT_N/A_ACTUAL_POS] | [EVENT_N/A_ACTUAL_POS] --(BEFORE)--> [EVENT_N/A_ACTUAL_POS],traumatisme,CONTAINS,admise,BEFORE,bilan,,,,,,
23,73,FR100344,[EVENT_N/A_ACTUAL_POS] --(CONTAINS)--> [EVENT_N/A_ACTUAL_POS] | [EVENT_N/A_ACTUAL_POS] --(BEFORE)--> [EVENT_N/A_ACTUAL_POS],césarienne,CONTAINS,laissé,BEFORE,délivrance,,,,,,
23,73,FR100346,[EVENT_N/A_ACTUAL_POS] --(CONTAINS)--> [EVENT_N/A_ACTUAL_POS] | [EVENT_N/A_ACTUAL_POS] --(BEFORE)--> [EVENT_N/A_ACTUAL_POS],lésions,CONTAINS,angioscanner,BEFORE,echo-dopler,,,,,,
23,73,FR100360,[EVENT_N/A_ACTUAL_POS] --(CONTAINS)--> [EVENT_N/A_ACTUAL_POS] | [EVENT_N/A_ACTUAL_POS] --(BEFORE)--> [EVENT_N/A_ACTUAL_POS],lésion,CONTAINS,tomodensitométrie,BEFORE,complément,,,,,,
23,73,FR100361,[EVENT_N/A_ACTUAL_POS] --(CONTAINS)--> [EVENT_N/A_ACTUAL_POS] | [EVENT_N/A_ACTUAL_POS] --(BEFORE)--> [EVENT_N/A_ACTUAL_POS],troubles,CONTAINS,admise,BEFORE,examen,,,,,,
23,73,FR100371,[EVENT_N/A_ACTUAL_POS] --(CONTAINS)--> [EVENT_N/A_ACTUAL_POS] | [EVENT_N/A_ACTUAL_POS] --(BEFORE)--> [EVENT_N/A_ACTUAL_POS],opacité,CONTAINS,bilan,BEFORE,intervention,,,,,,
23,73,FR100400,[EVENT_N/A_ACTUAL_POS] --(CONTAINS)--> [EVENT_N/A_ACTUAL_POS] | [EVENT_N/A_ACTUAL_POS] --(BEFORE)--> [EVENT_N/A_ACTUAL_POS],état,CONTAINS,examen,BEFORE,bilan,,,,,,
23,73,FR100439,[EVENT_N/A_ACTUAL_POS] --(CONTAINS)--> [EVENT_N/A_ACTUAL_POS] | [EVENT_N/A_ACTUAL_POS] --(BEFORE)--> [EVENT_N/A_ACTUAL_POS],anesthésie,CONTAINS,endoscopie,BEFORE,biopsies,,,,,,
23,73,FR100453,[EVENT_N/A_ACTUAL_POS] --(CONTAINS)--> [EVENT_N/A_ACTUAL_POS] | [EVENT_N/A_ACTUAL_POS] --(BEFORE)--> [EVENT_N/A_ACTUAL_POS],développement,CONTAINS,examen,BEFORE,radiographies,,,,,,
23,73,FR100480,[EVENT_N/A_ACTUAL_POS] --(CONTAINS)--> [EVENT_N/A_ACTUAL_POS] | [EVENT_N/A_ACTUAL_POS] --(BEFORE)--> [EVENT_N/A_ACTUAL_POS],mélanome,CONTAINS,analyse,BEFORE,amputation,,,,,,
23,73,FR100510,[EVENT_N/A_ACTUAL_POS] --(CONTAINS)--> [EVENT_N/A_ACTUAL_POS] | [EVENT_N/A_ACTUAL_POS] --(BEFORE)--> [EVENT_N/A_ACTUAL_POS],kyste,CONTAINS,biopsie,BEFORE,décision,,,,,,
23,73,FR100515,[EVENT_N/A_ACTUAL_POS] --(CONTAINS)--> [EVENT_N/A_ACTUAL_POS] | [EVENT_N/A_ACTUAL_POS] --(BEFORE)--> [EVENT_N/A_ACTUAL_POS],créatine,CONTAINS,dosage,BEFORE,bilan,,,,,,
23,73,FR100517,[EVENT_N/A_ACTUAL_POS] --(CONTAINS)--> [EVENT_N/A_ACTUAL_POS] | [EVENT_N/A_ACTUAL_POS] --(BEFORE)--> [EVENT_N/A_ACTUAL_POS],syndrome,CONTAINS,bilan,BEFORE,électromyogramme,,,,,,
23,73,FR100519,[EVENT_N/A_ACTUAL_POS] --(CONTAINS)--> [EVENT_N/A_ACTUAL_POS] | [EVENT_N/A_ACTUAL_POS] --(BEFORE)--> [EVENT_N/A_ACTUAL_POS],opacité,CONTAINS,bilan,BEFORE,angioscanner,,,,,,
23,73,FR100579,[EVENT_N/A_ACTUAL_POS] --(CONTAINS)--> [EVENT_N/A_ACTUAL_POS] | [EVENT_N/A_ACTUAL_POS] --(BEFORE)--> [EVENT_N/A_ACTUAL_POS],consulte,CONTAINS,radiographie,BEFORE,échocardiographie,,,,,,
23,73,FR100589,[EVENT_N/A_ACTUAL_POS] --(CONTAINS)--> [EVENT_N/A_ACTUAL_POS] | [EVENT_N/A_ACTUAL_POS] --(BEFORE)--> [EVENT_N/A_ACTUAL_POS],pneumopathie,CONTAINS,diagnostic,BEFORE,corticothérapie,,,,,,
23,73,FR100597,[EVENT_N/A_ACTUAL_POS] --(CONTAINS)--> [EVENT_N/A_ACTUAL_POS] | [EVENT_N/A_ACTUAL_POS] --(BEFORE)--> [EVENT_N/A_ACTUAL_POS],hypervascularisation,CONTAINS,échographie,BEFORE,complété,,,,,,
23,73,FR100603,[EVENT_N/A_ACTUAL_POS] --(CONTAINS)--> [EVENT_N/A_ACTUAL_POS] | [EVENT_N/A_ACTUAL_POS] --(BEFORE)--> [EVENT_N/A_ACTUAL_POS],staphylococcus,CONTAINS,hémocultures,BEFORE,évolution,,,,,,
23,73,FR100611,[EVENT_N/A_ACTUAL_POS] --(CONTAINS)--> [EVENT_N/A_ACTUAL_POS] | [EVENT_N/A_ACTUAL_POS] --(BEFORE)--> [EVENT_N/A_ACTUAL_POS],épaississement,CONTAINS,IRM,BEFORE,étude,,,,,,
23,73,FR100614,[EVENT_N/A_ACTUAL_POS] --(CONTAINS)--> [EVENT_N/A_ACTUAL_POS] | [EVENT_N/A_ACTUAL_POS] --(BEFORE)--> [EVENT_N/A_ACTUAL_POS],kyste,CONTAINS,exploration,BEFORE,rupture,,,,,,
23,73,FR100620,[EVENT_N/A_ACTUAL_POS] --(CONTAINS)--> [EVENT_N/A_ACTUAL_POS] | [EVENT_N/A_ACTUAL_POS] --(BEFORE)--> [EVENT_N/A_ACTUAL_POS],aspect,CONTAINS,bronchoscopie,BEFORE,bilan,,,,,,
23,73,FR100623,[EVENT_N/A_ACTUAL_POS] --(CONTAINS)--> [EVENT_N/A_ACTUAL_POS] | [EVENT_N/A_ACTUAL_POS] --(BEFORE)--> [EVENT_N/A_ACTUAL_POS],matières,CONTAINS,consulté,BEFORE,examen,,,,,,
23,73,FR100629,[EVENT_N/A_ACTUAL_POS] --(CONTAINS)--> [EVENT_N/A_ACTUAL_POS] | [EVENT_N/A_ACTUAL_POS] --(BEFORE)--> [EVENT_N/A_ACTUAL_POS],syndrome,CONTAINS,examen,BEFORE,radiographie,,,,,,
23,73,FR100632,[EVENT_N/A_ACTUAL_POS] --(CONTAINS)--> [EVENT_N/A_ACTUAL_POS] | [EVENT_N/A_ACTUAL_POS] --(BEFORE)--> [EVENT_N/A_ACTUAL_POS],glycorachie,CONTAINS,étude,BEFORE,numération,,,,,,
23,73,FR100658,[EVENT_N/A_ACTUAL_POS] --(CONTAINS)--> [EVENT_N/A_ACTUAL_POS] | [EVENT_N/A_ACTUAL_POS] --(BEFORE)--> [EVENT_N/A_ACTUAL_POS],eupnéique,CONTAINS,examen,BEFORE,laryngoscopie,,,,,,
23,73,FR100663,[EVENT_N/A_ACTUAL_POS] --(CONTAINS)--> [EVENT_N/A_ACTUAL_POS] | [EVENT_N/A_ACTUAL_POS] --(BEFORE)--> [EVENT_N/A_ACTUAL_POS],grossesse,CONTAINS,examen,BEFORE,examen,,,,,,
23,73,FR100666,[EVENT_N/A_ACTUAL_POS] --(CONTAINS)--> [EVENT_N/A_ACTUAL_POS] | [EVENT_N/A_ACTUAL_POS] --(BEFORE)--> [EVENT_N/A_ACTUAL_POS],asymétrie,CONTAINS,examen,BEFORE,examen,,,,,,
23,73,FR100683,[EVENT_N/A_ACTUAL_POS] --(CONTAINS)--> [EVENT_N/A_ACTUAL_POS] | [EVENT_N/A_ACTUAL_POS] --(BEFORE)--> [EVENT_N/A_ACTUAL_POS],T score,CONTAINS,osteodensitométrie,BEFORE,traitée,,,,,,
23,73,FR100688,[EVENT_N/A_ACTUAL_POS] --(CONTAINS)--> [EVENT_N/A_ACTUAL_POS] | [EVENT_N/A_ACTUAL_POS] --(BEFORE)--> [EVENT_N/A_ACTUAL_POS],poids,CONTAINS,examen,BEFORE,examen,,,,,,
23,73,FR100689,[EVENT_N/A_ACTUAL_POS] --(CONTAINS)--> [EVENT_N/A_ACTUAL_POS] | [EVENT_N/A_ACTUAL_POS] --(BEFORE)--> [EVENT_N/A_ACTUAL_POS],opacités,CONTAINS,scanner,BEFORE,hémogramme,,,,,,
23,73,FR100697,[EVENT_N/A_ACTUAL_POS] --(CONTAINS)--> [EVENT_N/A_ACTUAL_POS] | [EVENT_N/A_ACTUAL_POS] --(BEFORE)--> [EVENT_N/A_ACTUAL_POS],lymphome,CONTAINS,tout,BEFORE,bilan,,,,,,
23,73,FR100708,[EVENT_N/A_ACTUAL_POS] --(CONTAINS)--> [EVENT_N/A_ACTUAL_POS] | [EVENT_N/A_ACTUAL_POS] --(BEFORE)--> [EVENT_N/A_ACTUAL_POS],consulté,CONTAINS,examen,BEFORE,mammographie,,,,,,
23,73,FR100717,[EVENT_N/A_ACTUAL_POS] --(CONTAINS)--> [EVENT_N/A_ACTUAL_POS] | [EVENT_N/A_ACTUAL_POS] --(BEFORE)--> [EVENT_N/A_ACTUAL_POS],Lasègue,CONTAINS,examen,BEFORE,examens,,,,,,
23,73,FR100748,[EVENT_N/A_ACTUAL_POS] --(CONTAINS)--> [EVENT_N/A_ACTUAL_POS] | [EVENT_N/A_ACTUAL_POS] --(BEFORE)--> [EVENT_N/A_ACTUAL_POS],hospitalisation,CONTAINS,indication,BEFORE,consultation,,,,,,
23,73,FR100766,[EVENT_N/A_ACTUAL_POS] --(CONTAINS)--> [EVENT_N/A_ACTUAL_POS] | [EVENT_N/A_ACTUAL_POS] --(BEFORE)--> [EVENT_N/A_ACTUAL_POS],opéré,CONTAINS,amputation,BEFORE,décision,,,,,,
23,73,FR100780,[EVENT_N/A_ACTUAL_POS] --(CONTAINS)--> [EVENT_N/A_ACTUAL_POS] | [EVENT_N/A_ACTUAL_POS] --(BEFORE)--> [EVENT_N/A_ACTUAL_POS],orientée,CONTAINS,examen,BEFORE,toucher,,,,,,
23,73,FR100806,[EVENT_N/A_ACTUAL_POS] --(CONTAINS)--> [EVENT_N/A_ACTUAL_POS] | [EVENT_N/A_ACTUAL_POS] --(BEFORE)--> [EVENT_N/A_ACTUAL_POS],état,CONTAINS,examen,BEFORE,biologie,,,,,,
23,73,FR100814,[EVENT_N/A_ACTUAL_POS] --(CONTAINS)--> [EVENT_N/A_ACTUAL_POS] | [EVENT_N/A_ACTUAL_POS] --(BEFORE)--> [EVENT_N/A_ACTUAL_POS],processus,CONTAINS,IRM,BEFORE,diagnostic,,,,,,
23,73,FR100826,[EVENT_N/A_ACTUAL_POS] --(CONTAINS)--> [EVENT_N/A_ACTUAL_POS] | [EVENT_N/A_ACTUAL_POS] --(BEFORE)--> [EVENT_N/A_ACTUAL_POS],qualité,CONTAINS,retenue,BEFORE,exploration,,,,,,
23,73,FR100845,[EVENT_N/A_ACTUAL_POS] --(CONTAINS)--> [EVENT_N/A_ACTUAL_POS] | [EVENT_N/A_ACTUAL_POS] --(BEFORE)--> [EVENT_N/A_ACTUAL_POS],hauteur,CONTAINS,examen,BEFORE,échographie,,,,,,
23,73,FR100849,[EVENT_N/A_ACTUAL_POS] --(CONTAINS)--> [EVENT_N/A_ACTUAL_POS] | [EVENT_N/A_ACTUAL_POS] --(BEFORE)--> [EVENT_N/A_ACTUAL_POS],appendagite,CONTAINS,tomodensitométrie,BEFORE,acheminé,,,,,,
23,73,FR100870,[EVENT_N/A_ACTUAL_POS] --(CONTAINS)--> [EVENT_N/A_ACTUAL_POS] | [EVENT_N/A_ACTUAL_POS] --(BEFORE)--> [EVENT_N/A_ACTUAL_POS],anémie,CONTAINS,hémogramme,BEFORE,bilan,,,,,,
23,73,FR100874,[EVENT_N/A_ACTUAL_POS] --(CONTAINS)--> [EVENT_N/A_ACTUAL_POS] | [EVENT_N/A_ACTUAL_POS] --(BEFORE)--> [EVENT_N/A_ACTUAL_POS],perte,CONTAINS,examen,BEFORE,hémogramme,,,,,,
23,73,FR100882,[EVENT_N/A_ACTUAL_POS] --(CONTAINS)--> [EVENT_N/A_ACTUAL_POS] | [EVENT_N/A_ACTUAL_POS] --(BEFORE)--> [EVENT_N/A_ACTUAL_POS],troubles,CONTAINS,admise,BEFORE,examen,,,,,,
23,73,FR100883,[EVENT_N/A_ACTUAL_POS] --(CONTAINS)--> [EVENT_N/A_ACTUAL_POS] | [EVENT_N/A_ACTUAL_POS] --(BEFORE)--> [EVENT_N/A_ACTUAL_POS],admission,CONTAINS,TDM,BEFORE,biopsie,,,,,,
23,73,FR100894,[EVENT_N/A_ACTUAL_POS] --(CONTAINS)--> [EVENT_N/A_ACTUAL_POS] | [EVENT_N/A_ACTUAL_POS] --(BEFORE)--> [EVENT_N/A_ACTUAL_POS],reçu,CONTAINS,appuyés,BEFORE,diagnostic,,,,,,
23,73,FR100903,[EVENT_N/A_ACTUAL_POS] --(CONTAINS)--> [EVENT_N/A_ACTUAL_POS] | [EVENT_N/A_ACTUAL_POS] --(BEFORE)--> [EVENT_N/A_ACTUAL_POS],allongés,CONTAINS,échographie,BEFORE,IRM,,,,,,
23,73,FR100921,[EVENT_N/A_ACTUAL_POS] --(CONTAINS)--> [EVENT_N/A_ACTUAL_POS] | [EVENT_N/A_ACTUAL_POS] --(BEFORE)--> [EVENT_N/A_ACTUAL_POS],signe,CONTAINS,palpation,BEFORE,imagerie,,,,,,
23,73,FR100930,[EVENT_N/A_ACTUAL_POS] --(CONTAINS)--> [EVENT_N/A_ACTUAL_POS] | [EVENT_N/A_ACTUAL_POS] --(BEFORE)--> [EVENT_N/A_ACTUAL_POS],trouble,CONTAINS,admis,BEFORE,rapportons,,,,,,
23,73,FR100944,[EVENT_N/A_ACTUAL_POS] --(CONTAINS)--> [EVENT_N/A_ACTUAL_POS] | [EVENT_N/A_ACTUAL_POS] --(BEFORE)--> [EVENT_N/A_ACTUAL_POS],fuite,CONTAINS,échocardiographique,BEFORE,remplacement,,,,,,
23,73,FR100946,[EVENT_N/A_ACTUAL_POS] --(CONTAINS)--> [EVENT_N/A_ACTUAL_POS] | [EVENT_N/A_ACTUAL_POS] --(BEFORE)--> [EVENT_N/A_ACTUAL_POS],tumeur,CONTAINS,analyse,BEFORE,mise,,,,,,
23,73,FR100959,[EVENT_N/A_ACTUAL_POS] --(CONTAINS)--> [EVENT_N/A_ACTUAL_POS] | [EVENT_N/A_ACTUAL_POS] --(BEFORE)--> [EVENT_N/A_ACTUAL_POS],orifice,CONTAINS,Transit,BEFORE,notée,,,,,,
23,73,FR100979,[EVENT_N/A_ACTUAL_POS] --(CONTAINS)--> [EVENT_N/A_ACTUAL_POS] | [EVENT_N/A_ACTUAL_POS] --(BEFORE)--> [EVENT_N/A_ACTUAL_POS],grossesse,CONTAINS,admise,BEFORE,accident,,,,,,
23,73,FR100986,[EVENT_N/A_ACTUAL_POS] --(CONTAINS)--> [EVENT_N/A_ACTUAL_POS] | [EVENT_N/A_ACTUAL_POS] --(BEFORE)--> [EVENT_N/A_ACTUAL_POS],drépanocytose,CONTAINS,découverte,BEFORE,rapportons,,,,,,
23,73,FR100996,[EVENT_N/A_ACTUAL_POS] --(CONTAINS)--> [EVENT_N/A_ACTUAL_POS] | [EVENT_N/A_ACTUAL_POS] --(BEFORE)--> [EVENT_N/A_ACTUAL_POS],paroi,CONTAINS,injection,BEFORE,retenu,,,,,,
23,73,FR100998,[EVENT_N/A_ACTUAL_POS] --(CONTAINS)--> [EVENT_N/A_ACTUAL_POS] | [EVENT_N/A_ACTUAL_POS] --(BEFORE)--> [EVENT_N/A_ACTUAL_POS],lésions,CONTAINS,diagnostic,BEFORE,traitée,,,,,,
128,71,FR100003,[EVENT_N/A_ACTUAL_POS] --(BEFORE)--> [EVENT_N/A_ACTUAL_POS] | [EVENT_N/A_ACTUAL_POS] --(BEFORE)--> [EVENT_N/A_ACTUAL_POS],injection,BEFORE,ponction,BEFORE,examen,,,,,,
128,71,FR100078,[EVENT_N/A_ACTUAL_POS] --(BEFORE)--> [EVENT_N/A_ACTUAL_POS] | [EVENT_N/A_ACTUAL_POS] --(BEFORE)--> [EVENT_N/A_ACTUAL_POS],examen,BEFORE,doppler,BEFORE,doppler,,,,,,
128,71,FR100092,[EVENT_N/A_ACTUAL_POS] --(BEFORE)--> [EVENT_N/A_ACTUAL_POS] | [EVENT_N/A_ACTUAL_POS] --(BEFORE)--> [EVENT_N/A_ACTUAL_POS],examen,BEFORE,examen,BEFORE,échographie,,,,,,
128,71,FR100120,[EVENT_N/A_ACTUAL_POS] --(BEFORE)--> [EVENT_N/A_ACTUAL_POS] | [EVENT_N/A_ACTUAL_POS] --(BEFORE)--> [EVENT_N/A_ACTUAL_POS],traitement,BEFORE,retirées,BEFORE,conclure,,,,,,
128,71,FR100130,[EVENT_N/A_ACTUAL_POS] --(BEFORE)--> [EVENT_N/A_ACTUAL_POS] | [EVENT_N/A_ACTUAL_POS] --(BEFORE)--> [EVENT_N/A_ACTUAL_POS],confirmé,BEFORE,recherche,BEFORE,séjour,,,,,,
128,71,FR100132,[EVENT_N/A_ACTUAL_POS] --(BEFORE)--> [EVENT_N/A_ACTUAL_POS] | [EVENT_N/A_ACTUAL_POS] --(BEFORE)--> [EVENT_N/A_ACTUAL_POS],histologie,BEFORE,examen,BEFORE,écho-Doppler,,,,,,
128,71,FR100142,[EVENT_N/A_ACTUAL_POS] --(BEFORE)--> [EVENT_N/A_ACTUAL_POS] | [EVENT_N/A_ACTUAL_POS] --(BEFORE)--> [EVENT_N/A_ACTUAL_POS],électrophorèse,BEFORE,scanner,BEFORE,fibroscopie,,,,,,
128,71,FR100161,[EVENT_N/A_ACTUAL_POS] --(BEFORE)--> [EVENT_N/A_ACTUAL_POS] | [EVENT_N/A_ACTUAL_POS] --(BEFORE)--> [EVENT_N/A_ACTUAL_POS],examens,BEFORE,radiographie,BEFORE,échographie,,,,,,
128,71,FR100168,[EVENT_N/A_ACTUAL_POS] --(BEFORE)--> [EVENT_N/A_ACTUAL_POS] | [EVENT_N/A_ACTUAL_POS] --(BEFORE)--> [EVENT_N/A_ACTUAL_POS],bilan,BEFORE,tests,BEFORE,entretien,,,,,,
128,71,FR100255,[EVENT_N/A_ACTUAL_POS] --(BEFORE)--> [EVENT_N/A_ACTUAL_POS] | [EVENT_N/A_ACTUAL_POS] --(BEFORE)--> [EVENT_N/A_ACTUAL_POS],réveillée,BEFORE,radio,BEFORE,TDM,,,,,,
128,71,FR100275,[EVENT_N/A_ACTUAL_POS] --(BEFORE)--> [EVENT_N/A_ACTUAL_POS] | [EVENT_N/A_ACTUAL_POS] --(BEFORE)--> [EVENT_N/A_ACTUAL_POS],découverte,BEFORE,arrivée,BEFORE,établi,,,,,,
128,71,FR100276,[EVENT_N/A_ACTUAL_POS] --(BEFORE)--> [EVENT_N/A_ACTUAL_POS] | [EVENT_N/A_ACTUAL_POS] --(BEFORE)--> [EVENT_N/A_ACTUAL_POS],biopsie,BEFORE,posé,BEFORE,application,,,,,,
128,71,FR100282,[EVENT_N/A_ACTUAL_POS] --(BEFORE)--> [EVENT_N/A_ACTUAL_POS] | [EVENT_N/A_ACTUAL_POS] --(BEFORE)--> [EVENT_N/A_ACTUAL_POS],examen,BEFORE,électroencéphalogramme,BEFORE,scanner,,,,,,
128,71,FR100283,[EVENT_N/A_ACTUAL_POS] --(BEFORE)--> [EVENT_N/A_ACTUAL_POS] | [EVENT_N/A_ACTUAL_POS] --(BEFORE)--> [EVENT_N/A_ACTUAL_POS],hypophysiogramme,BEFORE,traitement,BEFORE,évolution,,,,,,
128,71,FR100296,[EVENT_N/A_ACTUAL_POS] --(BEFORE)--> [EVENT_N/A_ACTUAL_POS] | [EVENT_N/A_ACTUAL_POS] --(BEFORE)--> [EVENT_N/A_ACTUAL_POS],fenestration,BEFORE,suites,BEFORE,exéaté,,,,,,
128,71,FR100314,[EVENT_N/A_ACTUAL_POS] --(BEFORE)--> [EVENT_N/A_ACTUAL_POS] | [EVENT_N/A_ACTUAL_POS] --(BEFORE)--> [EVENT_N/A_ACTUAL_POS],signes,BEFORE,angio-scanner,BEFORE,amputation,,,,,,
128,71,FR100344,[EVENT_N/A_ACTUAL_POS] --(BEFORE)--> [EVENT_N/A_ACTUAL_POS] | [EVENT_N/A_ACTUAL_POS] --(BEFORE)--> [EVENT_N/A_ACTUAL_POS],bilan,BEFORE,contrôle,BEFORE,échographies,,,,,,
128,71,FR100346,[EVENT_N/A_ACTUAL_POS] --(BEFORE)--> [EVENT_N/A_ACTUAL_POS] | [EVENT_N/A_ACTUAL_POS] --(BEFORE)--> [EVENT_N/A_ACTUAL_POS],gazométrie,BEFORE,reste,BEFORE,radiographie,,,,,,
128,71,FR100360,[EVENT_N/A_ACTUAL_POS] --(BEFORE)--> [EVENT_N/A_ACTUAL_POS] | [EVENT_N/A_ACTUAL_POS] --(BEFORE)--> [EVENT_N/A_ACTUAL_POS],tomodensitométrie,BEFORE,complément,BEFORE,biopsie,,,,,,
128,71,FR100361,[EVENT_N/A_ACTUAL_POS] --(BEFORE)--> [EVENT_N/A_ACTUAL_POS] | [EVENT_N/A_ACTUAL_POS] --(BEFORE)--> [EVENT_N/A_ACTUAL_POS],scanner,BEFORE,IRM,BEFORE,MR,,,,,,
128,71,FR100371,[EVENT_N/A_ACTUAL_POS] --(BEFORE)--> [EVENT_N/A_ACTUAL_POS] | [EVENT_N/A_ACTUAL_POS] --(BEFORE)--> [EVENT_N/A_ACTUAL_POS],bilan,BEFORE,bilan,BEFORE,intervention,,,,,,
128,71,FR100400,[EVENT_N/A_ACTUAL_POS] --(BEFORE)--> [EVENT_N/A_ACTUAL_POS] | [EVENT_N/A_ACTUAL_POS] --(BEFORE)--> [EVENT_N/A_ACTUAL_POS],histoire,BEFORE,examen,BEFORE,bilan,,,,,,
128,71,FR100439,[EVENT_N/A_ACTUAL_POS] --(BEFORE)--> [EVENT_N/A_ACTUAL_POS] | [EVENT_N/A_ACTUAL_POS] --(BEFORE)--> [EVENT_N/A_ACTUAL_POS],prélèvements,BEFORE,IRM,BEFORE,scanner,,,,,,
128,71,FR100448,[EVENT_N/A_ACTUAL_POS] --(BEFORE)--> [EVENT_N/A_ACTUAL_POS] | [EVENT_N/A_ACTUAL_POS] --(BEFORE)--> [EVENT_N/A_ACTUAL_POS],échotomographie,BEFORE,hémi thyroïdectomie,BEFORE,examen,,,,,,
128,71,FR100480,[EVENT_N/A_ACTUAL_POS] --(BEFORE)--> [EVENT_N/A_ACTUAL_POS] | [EVENT_N/A_ACTUAL_POS] --(BEFORE)--> [EVENT_N/A_ACTUAL_POS],amputation,BEFORE,examen,BEFORE,bilan,,,,,,
128,71,FR100510,[EVENT_N/A_ACTUAL_POS] --(BEFORE)--> [EVENT_N/A_ACTUAL_POS] | [EVENT_N/A_ACTUAL_POS] --(BEFORE)--> [EVENT_N/A_ACTUAL_POS],résection,BEFORE,examen,BEFORE,examen,,,,,,
128,71,FR100515,[EVENT_N/A_ACTUAL_POS] --(BEFORE)--> [EVENT_N/A_ACTUAL_POS] | [EVENT_N/A_ACTUAL_POS] --(BEFORE)--> [EVENT_N/A_ACTUAL_POS],bilan,BEFORE,bilan,BEFORE,prescrits,,,,,,
128,71,FR100517,[EVENT_N/A_ACTUAL_POS] --(BEFORE)--> [EVENT_N/A_ACTUAL_POS] | [EVENT_N/A_ACTUAL_POS] --(BEFORE)--> [EVENT_N/A_ACTUAL_POS],électromyogramme,BEFORE,bilan,BEFORE,explorations,,,,,,
128,71,FR100519,[EVENT_N/A_ACTUAL_POS] --(BEFORE)--> [EVENT_N/A_ACTUAL_POS] | [EVENT_N/A_ACTUAL_POS] --(BEFORE)--> [EVENT_N/A_ACTUAL_POS],transfusion,BEFORE,tomodensitométrie,BEFORE,laparotomie,,,,,,
128,71,FR100579,[EVENT_N/A_ACTUAL_POS] --(BEFORE)--> [EVENT_N/A_ACTUAL_POS] | [EVENT_N/A_ACTUAL_POS] --(BEFORE)--> [EVENT_N/A_ACTUAL_POS],radiographie,BEFORE,échocardiographie,BEFORE,angio-scanner,,,,,,
128,71,FR100589,[EVENT_N/A_ACTUAL_POS] --(BEFORE)--> [EVENT_N/A_ACTUAL_POS] | [EVENT_N/A_ACTUAL_POS] --(BEFORE)--> [EVENT_N/A_ACTUAL_POS],lavage,BEFORE,biopsies,BEFORE,exploration,,,,,,
128,71,FR100597,[EVENT_N/A_ACTUAL_POS] --(BEFORE)--> [EVENT_N/A_ACTUAL_POS] | [EVENT_N/A_ACTUAL_POS] --(BEFORE)--> [EVENT_N/A_ACTUAL_POS],marqueurs,BEFORE,décidée,BEFORE,laparotomie,,,,,,
128,71,FR100603,[EVENT_N/A_ACTUAL_POS] --(BEFORE)--> [EVENT_N/A_ACTUAL_POS] | [EVENT_N/A_ACTUAL_POS] --(BEFORE)--> [EVENT_N/A_ACTUAL_POS],chirurgie,BEFORE,hémocultures,BEFORE,évolution,,,,,,
128,71,FR100611,[EVENT_N/A_ACTUAL_POS] --(BEFORE)--> [EVENT_N/A_ACTUAL_POS] | [EVENT_N/A_ACTUAL_POS] --(BEFORE)--> [EVENT_N/A_ACTUAL_POS],examen,BEFORE,PCR,BEFORE,TDM,,,,,,
128,71,FR100614,[EVENT_N/A_ACTUAL_POS] --(BEFORE)--> [EVENT_N/A_ACTUAL_POS] | [EVENT_N/A_ACTUAL_POS] --(BEFORE)--> [EVENT_N/A_ACTUAL_POS],suites,BEFORE,sérologie,BEFORE,traitement,,,,,,
128,71,FR100620,[EVENT_N/A_ACTUAL_POS] --(BEFORE)--> [EVENT_N/A_ACTUAL_POS] | [EVENT_N/A_ACTUAL_POS] --(BEFORE)--> [EVENT_N/A_ACTUAL_POS],radiographie,BEFORE,demandé,BEFORE,complément,,,,,,
128,71,FR100623,[EVENT_N/A_ACTUAL_POS] --(BEFORE)--> [EVENT_N/A_ACTUAL_POS] | [EVENT_N/A_ACTUAL_POS] --(BEFORE)--> [EVENT_N/A_ACTUAL_POS],tomodensitométrie,BEFORE,retenu,BEFORE,prise,,,,,,
128,71,FR100629,[EVENT_N/A_ACTUAL_POS] --(BEFORE)--> [EVENT_N/A_ACTUAL_POS] | [EVENT_N/A_ACTUAL_POS] --(BEFORE)--> [EVENT_N/A_ACTUAL_POS],bilan,BEFORE,décision,BEFORE,chimiothérapie,,,,,,
128,71,FR100632,[EVENT_N/A_ACTUAL_POS] --(BEFORE)--> [EVENT_N/A_ACTUAL_POS] | [EVENT_N/A_ACTUAL_POS] --(BEFORE)--> [EVENT_N/A_ACTUAL_POS],IRM,BEFORE,étude,BEFORE,numération,,,,,,
128,71,FR100658,[EVENT_N/A_ACTUAL_POS] --(BEFORE)--> [EVENT_N/A_ACTUAL_POS] | [EVENT_N/A_ACTUAL_POS] --(BEFORE)--> [EVENT_N/A_ACTUAL_POS],monitorage,BEFORE,prise,BEFORE,anesthésie,,,,,,
128,71,FR100663,[EVENT_N/A_ACTUAL_POS] --(BEFORE)--> [EVENT_N/A_ACTUAL_POS] | [EVENT_N/A_ACTUAL_POS] --(BEFORE)--> [EVENT_N/A_ACTUAL_POS],ligature,BEFORE,incisée,BEFORE,vérifié,,,,,,
128,71,FR100666,[EVENT_N/A_ACTUAL_POS] --(BEFORE)--> [EVENT_N/A_ACTUAL_POS] | [EVENT_N/A_ACTUAL_POS] --(BEFORE)--> [EVENT_N/A_ACTUAL_POS],étude,BEFORE,adressé,BEFORE,bilan,,,,,,
128,71,FR100683,[EVENT_N/A_ACTUAL_POS] --(BEFORE)--> [EVENT_N/A_ACTUAL_POS] | [EVENT_N/A_ACTUAL_POS] --(BEFORE)--> [EVENT_N/A_ACTUAL_POS],exploration,BEFORE,IRM,BEFORE,écho-mammographie,,,,,,
128,71,FR100688,[EVENT_N/A_ACTUAL_POS] --(BEFORE)--> [EVENT_N/A_ACTUAL_POS] | [EVENT_N/A_ACTUAL_POS] --(BEFORE)--> [EVENT_N/A_ACTUAL_POS],radiographie,BEFORE,incision,BEFORE,analyse,,,,,,
128,71,FR100689,[EVENT_N/A_ACTUAL_POS] --(BEFORE)--> [EVENT_N/A_ACTUAL_POS] | [EVENT_N/A_ACTUAL_POS] --(BEFORE)--> [EVENT_N/A_ACTUAL_POS],ionogramme,BEFORE,examen,BEFORE,sérologie,,,,,,
128,71,FR100697,[EVENT_N/A_ACTUAL_POS] --(BEFORE)--> [EVENT_N/A_ACTUAL_POS] | [EVENT_N/A_ACTUAL_POS] --(BEFORE)--> [EVENT_N/A_ACTUAL_POS],palpation,BEFORE,examen,BEFORE,mammographie,,,,,,
128,71,FR100708,[EVENT_N/A_ACTUAL_POS] --(BEFORE)--> [EVENT_N/A_ACTUAL_POS] | [EVENT_N/A_ACTUAL_POS] --(BEFORE)--> [EVENT_N/A_ACTUAL_POS],mammographie,BEFORE,échographie,BEFORE,ponction,,,,,,
128,71,FR100717,[EVENT_N/A_ACTUAL_POS] --(BEFORE)--> [EVENT_N/A_ACTUAL_POS] | [EVENT_N/A_ACTUAL_POS] --(BEFORE)--> [EVENT_N/A_ACTUAL_POS],traitement,BEFORE,examen,BEFORE,examens,,,,,,
128,71,FR100748,[EVENT_N/A_ACTUAL_POS] --(BEFORE)--> [EVENT_N/A_ACTUAL_POS] | [EVENT_N/A_ACTUAL_POS] --(BEFORE)--> [EVENT_N/A_ACTUAL_POS],mobilisation,BEFORE,suites,BEFORE,transférée,,,,,,
128,71,FR100766,[EVENT_N/A_ACTUAL_POS] --(BEFORE)--> [EVENT_N/A_ACTUAL_POS] | [EVENT_N/A_ACTUAL_POS] --(BEFORE)--> [EVENT_N/A_ACTUAL_POS],examen,BEFORE,hospitalisation,BEFORE,traitement,,,,,,
128,71,FR100780,[EVENT_N/A_ACTUAL_POS] --(BEFORE)--> [EVENT_N/A_ACTUAL_POS] | [EVENT_N/A_ACTUAL_POS] --(BEFORE)--> [EVENT_N/A_ACTUAL_POS],admise,BEFORE,examen,BEFORE,toucher,,,,,,
128,71,FR100806,[EVENT_N/A_ACTUAL_POS] --(BEFORE)--> [EVENT_N/A_ACTUAL_POS] | [EVENT_N/A_ACTUAL_POS] --(BEFORE)--> [EVENT_N/A_ACTUAL_POS],examen,BEFORE,biologie,BEFORE,hospitalisée,,,,,,
128,71,FR100814,[EVENT_N/A_ACTUAL_POS] --(BEFORE)--> [EVENT_N/A_ACTUAL_POS] | [EVENT_N/A_ACTUAL_POS] --(BEFORE)--> [EVENT_N/A_ACTUAL_POS],diagnostic,BEFORE,réséquée,BEFORE,examen,,,,,,
128,71,FR100826,[EVENT_N/A_ACTUAL_POS] --(BEFORE)--> [EVENT_N/A_ACTUAL_POS] | [EVENT_N/A_ACTUAL_POS] --(BEFORE)--> [EVENT_N/A_ACTUAL_POS],examen,BEFORE,bilan,BEFORE,bilan,,,,,,
128,71,FR100845,[EVENT_N/A_ACTUAL_POS] --(BEFORE)--> [EVENT_N/A_ACTUAL_POS] | [EVENT_N/A_ACTUAL_POS] --(BEFORE)--> [EVENT_N/A_ACTUAL_POS],Consulte,BEFORE,examen,BEFORE,examen,,,,,,
128,71,FR100849,[EVENT_N/A_ACTUAL_POS] --(BEFORE)--> [EVENT_N/A_ACTUAL_POS] | [EVENT_N/A_ACTUAL_POS] --(BEFORE)--> [EVENT_N/A_ACTUAL_POS],admission,BEFORE,tomodensitométrie,BEFORE,acheminé,,,,,,
128,71,FR100870,[EVENT_N/A_ACTUAL_POS] --(BEFORE)--> [EVENT_N/A_ACTUAL_POS] | [EVENT_N/A_ACTUAL_POS] --(BEFORE)--> [EVENT_N/A_ACTUAL_POS],retenu,BEFORE,radiothérapie,BEFORE,admis,,,,,,
128,71,FR100874,[EVENT_N/A_ACTUAL_POS] --(BEFORE)--> [EVENT_N/A_ACTUAL_POS] | [EVENT_N/A_ACTUAL_POS] --(BEFORE)--> [EVENT_N/A_ACTUAL_POS],tomodensitométrie,BEFORE,retenu,BEFORE,mise,,,,,,
128,71,FR100882,[EVENT_N/A_ACTUAL_POS] --(BEFORE)--> [EVENT_N/A_ACTUAL_POS] | [EVENT_N/A_ACTUAL_POS] --(BEFORE)--> [EVENT_N/A_ACTUAL_POS],IRM,BEFORE,scanner,BEFORE,laminectomie,,,,,,
128,71,FR100883,[EVENT_N/A_ACTUAL_POS] --(BEFORE)--> [EVENT_N/A_ACTUAL_POS] | [EVENT_N/A_ACTUAL_POS] --(BEFORE)--> [EVENT_N/A_ACTUAL_POS],biopsie,BEFORE,bilan,BEFORE,reçu,,,,,,
128,71,FR100894,[EVENT_N/A_ACTUAL_POS] --(BEFORE)--> [EVENT_N/A_ACTUAL_POS] | [EVENT_N/A_ACTUAL_POS] --(BEFORE)--> [EVENT_N/A_ACTUAL_POS],appuyés,BEFORE,diagnostic,BEFORE,pris,,,,,,
128,71,FR100903,[EVENT_N/A_ACTUAL_POS] --(BEFORE)--> [EVENT_N/A_ACTUAL_POS] | [EVENT_N/A_ACTUAL_POS] --(BEFORE)--> [EVENT_N/A_ACTUAL_POS],échographie,BEFORE,IRM,BEFORE,diagnostic,,,,,,
128,71,FR100919,[EVENT_N/A_ACTUAL_POS] --(BEFORE)--> [EVENT_N/A_ACTUAL_POS] | [EVENT_N/A_ACTUAL_POS] --(BEFORE)--> [EVENT_N/A_ACTUAL_POS],correction,BEFORE,adressée,BEFORE,bilan,,,,,,
128,71,FR100921,[EVENT_N/A_ACTUAL_POS] --(BEFORE)--> [EVENT_N/A_ACTUAL_POS] | [EVENT_N/A_ACTUAL_POS] --(BEFORE)--> [EVENT_N/A_ACTUAL_POS],palpation,BEFORE,imagerie,BEFORE,exérèse,,,,,,
128,71,FR100932,[EVENT_N/A_ACTUAL_POS] --(BEFORE)--> [EVENT_N/A_ACTUAL_POS] | [EVENT_N/A_ACTUAL_POS] --(BEFORE)--> [EVENT_N/A_ACTUAL_POS],mise,BEFORE,opérée,BEFORE,évolution,,,,,,
128,71,FR100946,[EVENT_N/A_ACTUAL_POS] --(BEFORE)--> [EVENT_N/A_ACTUAL_POS] | [EVENT_N/A_ACTUAL_POS] --(BEFORE)--> [EVENT_N/A_ACTUAL_POS],IRM,BEFORE,analyse,BEFORE,mise,,,,,,
128,71,FR100959,[EVENT_N/A_ACTUAL_POS] --(BEFORE)--> [EVENT_N/A_ACTUAL_POS] | [EVENT_N/A_ACTUAL_POS] --(BEFORE)--> [EVENT_N/A_ACTUAL_POS],œsophagoscopie,BEFORE,Transit,BEFORE,notée,,,,,,
128,71,FR100971,[EVENT_N/A_ACTUAL_POS] --(BEFORE)--> [EVENT_N/A_ACTUAL_POS] | [EVENT_N/A_ACTUAL_POS] --(BEFORE)--> [EVENT_N/A_ACTUAL_POS],infarctus,BEFORE,admis,BEFORE,rapportons,,,,,,
128,71,FR100986,[EVENT_N/A_ACTUAL_POS] --(BEFORE)--> [EVENT_N/A_ACTUAL_POS] | [EVENT_N/A_ACTUAL_POS] --(BEFORE)--> [EVENT_N/A_ACTUAL_POS],hospitalisée,BEFORE,découverte,BEFORE,rapportons,,,,,,
128,71,FR100996,[EVENT_N/A_ACTUAL_POS] --(BEFORE)--> [EVENT_N/A_ACTUAL_POS] | [EVENT_N/A_ACTUAL_POS] --(BEFORE)--> [EVENT_N/A_ACTUAL_POS],injection,BEFORE,retenu,BEFORE,chirurgical,,,,,,
128,71,FR100998,[EVENT_N/A_ACTUAL_POS] --(BEFORE)--> [EVENT_N/A_ACTUAL_POS] | [EVENT_N/A_ACTUAL_POS] --(BEFORE)--> [EVENT_N/A_ACTUAL_POS],test,BEFORE,diagnostic,BEFORE,traitée,,,,,,
24,66,FR100003,[EVENT_N/A_ACTUAL_POS] --(CONTAINS)--> [EVENT_N/A_ACTUAL_POS] | [EVENT_N/A_ACTUAL_POS] --(BEFORE)--> [EVENT_N/A_ACTUAL_POS] | [EVENT_N/A_ACTUAL_POS] --(BEFORE)--> [EVENT_N/A_ACTUAL_POS],délabrement,CONTAINS,panoramique,BEFORE,ponction,BEFORE,examen,,,,
24,66,FR100078,[EVENT_N/A_ACTUAL_POS] --(CONTAINS)--> [EVENT_N/A_ACTUAL_POS] | [EVENT_N/A_ACTUAL_POS] --(BEFORE)--> [EVENT_N/A_ACTUAL_POS] | [EVENT_N/A_ACTUAL_POS] --(BEFORE)--> [EVENT_N/A_ACTUAL_POS],pouls,CONTAINS,examen,BEFORE,doppler,BEFORE,doppler,,,,
24,66,FR100092,[EVENT_N/A_ACTUAL_POS] --(CONTAINS)--> [EVENT_N/A_ACTUAL_POS] | [EVENT_N/A_ACTUAL_POS] --(BEFORE)--> [EVENT_N/A_ACTUAL_POS] | [EVENT_N/A_ACTUAL_POS] --(BEFORE)--> [EVENT_N/A_ACTUAL_POS],appendicite,CONTAINS,étude,BEFORE,suites,BEFORE,sortante,,,,
24,66,FR100120,[EVENT_N/A_ACTUAL_POS] --(CONTAINS)--> [EVENT_N/A_ACTUAL_POS] | [EVENT_N/A_ACTUAL_POS] --(BEFORE)--> [EVENT_N/A_ACTUAL_POS] | [EVENT_N/A_ACTUAL_POS] --(BEFORE)--> [EVENT_N/A_ACTUAL_POS],retard,CONTAINS,rattaché,BEFORE,traitement,BEFORE,retirées,,,,
24,66,FR100130,[EVENT_N/A_ACTUAL_POS] --(CONTAINS)--> [EVENT_N/A_ACTUAL_POS] | [EVENT_N/A_ACTUAL_POS] --(BEFORE)--> [EVENT_N/A_ACTUAL_POS] | [EVENT_N/A_ACTUAL_POS] --(BEFORE)--> [EVENT_N/A_ACTUAL_POS],sensibilité,CONTAINS,examen,BEFORE,biologie,BEFORE,glycémie,,,,
24,66,FR100132,[EVENT_N/A_ACTUAL_POS] --(CONTAINS)--> [EVENT_N/A_ACTUAL_POS] | [EVENT_N/A_ACTUAL_POS] --(BEFORE)--> [EVENT_N/A_ACTUAL_POS] | [EVENT_N/A_ACTUAL_POS] --(BEFORE)--> [EVENT_N/A_ACTUAL_POS],amas,CONTAINS,histologie,BEFORE,examen,BEFORE,écho-Doppler,,,,
24,66,FR100142,[EVENT_N/A_ACTUAL_POS] --(CONTAINS)--> [EVENT_N/A_ACTUAL_POS] | [EVENT_N/A_ACTUAL_POS] --(BEFORE)--> [EVENT_N/A_ACTUAL_POS] | [EVENT_N/A_ACTUAL_POS] --(BEFORE)--> [EVENT_N/A_ACTUAL_POS],éléments,CONTAINS,biopsie,BEFORE,étude,BEFORE,sérologie,,,,
24,66,FR100161,[EVENT_N/A_ACTUAL_POS] --(CONTAINS)--> [EVENT_N/A_ACTUAL_POS] | [EVENT_N/A_ACTUAL_POS] --(BEFORE)--> [EVENT_N/A_ACTUAL_POS] | [EVENT_N/A_ACTUAL_POS] --(BEFORE)--> [EVENT_N/A_ACTUAL_POS],sérologie,CONTAINS,examens,BEFORE,radiographie,BEFORE,échographie,,,,
24,66,FR100168,[EVENT_N/A_ACTUAL_POS] --(CONTAINS)--> [EVENT_N/A_ACTUAL_POS] | [EVENT_N/A_ACTUAL_POS] --(BEFORE)--> [EVENT_N/A_ACTUAL_POS] | [EVENT_N/A_ACTUAL_POS] --(BEFORE)--> [EVENT_N/A_ACTUAL_POS],suites,CONTAINS,bilan,BEFORE,tests,BEFORE,entretien,,,,
24,66,FR100255,[EVENT_N/A_ACTUAL_POS] --(CONTAINS)--> [EVENT_N/A_ACTUAL_POS] | [EVENT_N/A_ACTUAL_POS] --(BEFORE)--> [EVENT_N/A_ACTUAL_POS] | [EVENT_N/A_ACTUAL_POS] --(BEFORE)--> [EVENT_N/A_ACTUAL_POS],analgésie,CONTAINS,expulsé,BEFORE,contrôle,BEFORE,quitté,,,,
24,66,FR100275,[EVENT_N/A_ACTUAL_POS] --(CONTAINS)--> [EVENT_N/A_ACTUAL_POS] | [EVENT_N/A_ACTUAL_POS] --(BEFORE)--> [EVENT_N/A_ACTUAL_POS] | [EVENT_N/A_ACTUAL_POS] --(BEFORE)--> [EVENT_N/A_ACTUAL_POS],voisin,CONTAINS,arrivée,BEFORE,établi,BEFORE,manœuvres,,,,
24,66,FR100276,[EVENT_N/A_ACTUAL_POS] --(CONTAINS)--> [EVENT_N/A_ACTUAL_POS] | [EVENT_N/A_ACTUAL_POS] --(BEFORE)--> [EVENT_N/A_ACTUAL_POS] | [EVENT_N/A_ACTUAL_POS] --(BEFORE)--> [EVENT_N/A_ACTUAL_POS],aplasie,CONTAINS,accouchement,BEFORE,reste,BEFORE,bilan,,,,
24,66,FR100282,[EVENT_N/A_ACTUAL_POS] --(CONTAINS)--> [EVENT_N/A_ACTUAL_POS] | [EVENT_N/A_ACTUAL_POS] --(BEFORE)--> [EVENT_N/A_ACTUAL_POS] | [EVENT_N/A_ACTUAL_POS] --(BEFORE)--> [EVENT_N/A_ACTUAL_POS],tracé,CONTAINS,électroencéphalogramme,BEFORE,scanner,BEFORE,conclus,,,,
24,66,FR100283,[EVENT_N/A_ACTUAL_POS] --(CONTAINS)--> [EVENT_N/A_ACTUAL_POS] | [EVENT_N/A_ACTUAL_POS] --(BEFORE)--> [EVENT_N/A_ACTUAL_POS] | [EVENT_N/A_ACTUAL_POS] --(BEFORE)--> [EVENT_N/A_ACTUAL_POS],sinusite,CONTAINS,IRM,BEFORE,hypophysiogramme,BEFORE,traitement,,,,
24,66,FR100296,[EVENT_N/A_ACTUAL_POS] --(CONTAINS)--> [EVENT_N/A_ACTUAL_POS] | [EVENT_N/A_ACTUAL_POS] --(BEFORE)--> [EVENT_N/A_ACTUAL_POS] | [EVENT_N/A_ACTUAL_POS] --(BEFORE)--> [EVENT_N/A_ACTUAL_POS],phénomènes,CONTAINS,examen,BEFORE,IRM,BEFORE,fenestration,,,,
24,66,FR100314,[EVENT_N/A_ACTUAL_POS] --(CONTAINS)--> [EVENT_N/A_ACTUAL_POS] | [EVENT_N/A_ACTUAL_POS] --(BEFORE)--> [EVENT_N/A_ACTUAL_POS] | [EVENT_N/A_ACTUAL_POS] --(BEFORE)--> [EVENT_N/A_ACTUAL_POS],traumatisme,CONTAINS,admise,BEFORE,bilan,BEFORE,drainage,,,,
24,66,FR100344,[EVENT_N/A_ACTUAL_POS] --(CONTAINS)--> [EVENT_N/A_ACTUAL_POS] | [EVENT_N/A_ACTUAL_POS] --(BEFORE)--> [EVENT_N/A_ACTUAL_POS] | [EVENT_N/A_ACTUAL_POS] --(BEFORE)--> [EVENT_N/A_ACTUAL_POS],évolution,CONTAINS,déroulée,BEFORE,plainte,BEFORE,examen,,,,
24,66,FR100346,[EVENT_N/A_ACTUAL_POS] --(CONTAINS)--> [EVENT_N/A_ACTUAL_POS] | [EVENT_N/A_ACTUAL_POS] --(BEFORE)--> [EVENT_N/A_ACTUAL_POS] | [EVENT_N/A_ACTUAL_POS] --(BEFORE)--> [EVENT_N/A_ACTUAL_POS],lésions,CONTAINS,angioscanner,BEFORE,echo-dopler,BEFORE,IRM,,,,
24,66,FR100360,[EVENT_N/A_ACTUAL_POS] --(CONTAINS)--> [EVENT_N/A_ACTUAL_POS] | [EVENT_N/A_ACTUAL_POS] --(BEFORE)--> [EVENT_N/A_ACTUAL_POS] | [EVENT_N/A_ACTUAL_POS] --(BEFORE)--> [EVENT_N/A_ACTUAL_POS],lésion,CONTAINS,tomodensitométrie,BEFORE,complément,BEFORE,biopsie,,,,
24,66,FR100361,[EVENT_N/A_ACTUAL_POS] --(CONTAINS)--> [EVENT_N/A_ACTUAL_POS] | [EVENT_N/A_ACTUAL_POS] --(BEFORE)--> [EVENT_N/A_ACTUAL_POS] | [EVENT_N/A_ACTUAL_POS] --(BEFORE)--> [EVENT_N/A_ACTUAL_POS],troubles,CONTAINS,admise,BEFORE,examen,BEFORE,TDM,,,,
24,66,FR100371,[EVENT_N/A_ACTUAL_POS] --(CONTAINS)--> [EVENT_N/A_ACTUAL_POS] | [EVENT_N/A_ACTUAL_POS] --(BEFORE)--> [EVENT_N/A_ACTUAL_POS] | [EVENT_N/A_ACTUAL_POS] --(BEFORE)--> [EVENT_N/A_ACTUAL_POS],taux,CONTAINS,bilan,BEFORE,bilan,BEFORE,intervention,,,,
24,66,FR100400,[EVENT_N/A_ACTUAL_POS] --(CONTAINS)--> [EVENT_N/A_ACTUAL_POS] | [EVENT_N/A_ACTUAL_POS] --(BEFORE)--> [EVENT_N/A_ACTUAL_POS] | [EVENT_N/A_ACTUAL_POS] --(BEFORE)--> [EVENT_N/A_ACTUAL_POS],état,CONTAINS,examen,BEFORE,bilan,BEFORE,Radiographie,,,,
24,66,FR100439,[EVENT_N/A_ACTUAL_POS] --(CONTAINS)--> [EVENT_N/A_ACTUAL_POS] | [EVENT_N/A_ACTUAL_POS] --(BEFORE)--> [EVENT_N/A_ACTUAL_POS] | [EVENT_N/A_ACTUAL_POS] --(BEFORE)--> [EVENT_N/A_ACTUAL_POS],anesthésie,CONTAINS,endoscopie,BEFORE,biopsies,BEFORE,analyse,,,,
24,66,FR100480,[EVENT_N/A_ACTUAL_POS] --(CONTAINS)--> [EVENT_N/A_ACTUAL_POS] | [EVENT_N/A_ACTUAL_POS] --(BEFORE)--> [EVENT_N/A_ACTUAL_POS] | [EVENT_N/A_ACTUAL_POS] --(BEFORE)--> [EVENT_N/A_ACTUAL_POS],mélanome,CONTAINS,analyse,BEFORE,amputation,BEFORE,examen,,,,
24,66,FR100510,[EVENT_N/A_ACTUAL_POS] --(CONTAINS)--> [EVENT_N/A_ACTUAL_POS] | [EVENT_N/A_ACTUAL_POS] --(BEFORE)--> [EVENT_N/A_ACTUAL_POS] | [EVENT_N/A_ACTUAL_POS] --(BEFORE)--> [EVENT_N/A_ACTUAL_POS],kyste,CONTAINS,biopsie,BEFORE,décision,BEFORE,exerce,,,,
24,66,FR100515,[EVENT_N/A_ACTUAL_POS] --(CONTAINS)--> [EVENT_N/A_ACTUAL_POS] | [EVENT_N/A_ACTUAL_POS] --(BEFORE)--> [EVENT_N/A_ACTUAL_POS] | [EVENT_N/A_ACTUAL_POS] --(BEFORE)--> [EVENT_N/A_ACTUAL_POS],créatine,CONTAINS,dosage,BEFORE,bilan,BEFORE,biopsie,,,,
24,66,FR100517,[EVENT_N/A_ACTUAL_POS] --(CONTAINS)--> [EVENT_N/A_ACTUAL_POS] | [EVENT_N/A_ACTUAL_POS] --(BEFORE)--> [EVENT_N/A_ACTUAL_POS] | [EVENT_N/A_ACTUAL_POS] --(BEFORE)--> [EVENT_N/A_ACTUAL_POS],syndrome,CONTAINS,bilan,BEFORE,électromyogramme,BEFORE,bilan,,,,
24,66,FR100519,[EVENT_N/A_ACTUAL_POS] --(CONTAINS)--> [EVENT_N/A_ACTUAL_POS] | [EVENT_N/A_ACTUAL_POS] --(BEFORE)--> [EVENT_N/A_ACTUAL_POS] | [EVENT_N/A_ACTUAL_POS] --(BEFORE)--> [EVENT_N/A_ACTUAL_POS],opacité,CONTAINS,bilan,BEFORE,angioscanner,BEFORE,échodoppler,,,,
24,66,FR100579,[EVENT_N/A_ACTUAL_POS] --(CONTAINS)--> [EVENT_N/A_ACTUAL_POS] | [EVENT_N/A_ACTUAL_POS] --(BEFORE)--> [EVENT_N/A_ACTUAL_POS] | [EVENT_N/A_ACTUAL_POS] --(BEFORE)--> [EVENT_N/A_ACTUAL_POS],consulte,CONTAINS,radiographie,BEFORE,échocardiographie,BEFORE,angio-scanner,,,,
24,66,FR100589,[EVENT_N/A_ACTUAL_POS] --(CONTAINS)--> [EVENT_N/A_ACTUAL_POS] | [EVENT_N/A_ACTUAL_POS] --(BEFORE)--> [EVENT_N/A_ACTUAL_POS] | [EVENT_N/A_ACTUAL_POS] --(BEFORE)--> [EVENT_N/A_ACTUAL_POS],pneumopathie,CONTAINS,diagnostic,BEFORE,corticothérapie,BEFORE,adressé,,,,
24,66,FR100597,[EVENT_N/A_ACTUAL_POS] --(CONTAINS)--> [EVENT_N/A_ACTUAL_POS] | [EVENT_N/A_ACTUAL_POS] --(BEFORE)--> [EVENT_N/A_ACTUAL_POS] | [EVENT_N/A_ACTUAL_POS] --(BEFORE)--> [EVENT_N/A_ACTUAL_POS],consultation,CONTAINS,examen,BEFORE,examen,BEFORE,examen,,,,
24,66,FR100611,[EVENT_N/A_ACTUAL_POS] --(CONTAINS)--> [EVENT_N/A_ACTUAL_POS] | [EVENT_N/A_ACTUAL_POS] --(BEFORE)--> [EVENT_N/A_ACTUAL_POS] | [EVENT_N/A_ACTUAL_POS] --(BEFORE)--> [EVENT_N/A_ACTUAL_POS],épaississement,CONTAINS,IRM,BEFORE,étude,BEFORE,examen,,,,
24,66,FR100614,[EVENT_N/A_ACTUAL_POS] --(CONTAINS)--> [EVENT_N/A_ACTUAL_POS] | [EVENT_N/A_ACTUAL_POS] --(BEFORE)--> [EVENT_N/A_ACTUAL_POS] | [EVENT_N/A_ACTUAL_POS] --(BEFORE)--> [EVENT_N/A_ACTUAL_POS],kyste,CONTAINS,exploration,BEFORE,rupture,BEFORE,intervention,,,,
24,66,FR100620,[EVENT_N/A_ACTUAL_POS] --(CONTAINS)--> [EVENT_N/A_ACTUAL_POS] | [EVENT_N/A_ACTUAL_POS] --(BEFORE)--> [EVENT_N/A_ACTUAL_POS] | [EVENT_N/A_ACTUAL_POS] --(BEFORE)--> [EVENT_N/A_ACTUAL_POS],aspect,CONTAINS,bronchoscopie,BEFORE,bilan,BEFORE,bilan,,,,
24,66,FR100623,[EVENT_N/A_ACTUAL_POS] --(CONTAINS)--> [EVENT_N/A_ACTUAL_POS] | [EVENT_N/A_ACTUAL_POS] --(BEFORE)--> [EVENT_N/A_ACTUAL_POS] | [EVENT_N/A_ACTUAL_POS] --(BEFORE)--> [EVENT_N/A_ACTUAL_POS],matières,CONTAINS,consulté,BEFORE,examen,BEFORE,bilan,,,,
24,66,FR100629,[EVENT_N/A_ACTUAL_POS] --(CONTAINS)--> [EVENT_N/A_ACTUAL_POS] | [EVENT_N/A_ACTUAL_POS] --(BEFORE)--> [EVENT_N/A_ACTUAL_POS] | [EVENT_N/A_ACTUAL_POS] --(BEFORE)--> [EVENT_N/A_ACTUAL_POS],syndrome,CONTAINS,examen,BEFORE,radiographie,BEFORE,thoracoscopie,,,,
24,66,FR100632,[EVENT_N/A_ACTUAL_POS] --(CONTAINS)--> [EVENT_N/A_ACTUAL_POS] | [EVENT_N/A_ACTUAL_POS] --(BEFORE)--> [EVENT_N/A_ACTUAL_POS] | [EVENT_N/A_ACTUAL_POS] --(BEFORE)--> [EVENT_N/A_ACTUAL_POS],glycorachie,CONTAINS,étude,BEFORE,numération,BEFORE,vitesse,,,,
24,66,FR100658,[EVENT_N/A_ACTUAL_POS] --(CONTAINS)--> [EVENT_N/A_ACTUAL_POS] | [EVENT_N/A_ACTUAL_POS] --(BEFORE)--> [EVENT_N/A_ACTUAL_POS] | [EVENT_N/A_ACTUAL_POS] --(BEFORE)--> [EVENT_N/A_ACTUAL_POS],eupnéique,CONTAINS,examen,BEFORE,laryngoscopie,BEFORE,tomodensitométrie,,,,
24,66,FR100663,[EVENT_N/A_ACTUAL_POS] --(CONTAINS)--> [EVENT_N/A_ACTUAL_POS] | [EVENT_N/A_ACTUAL_POS] --(BEFORE)--> [EVENT_N/A_ACTUAL_POS] | [EVENT_N/A_ACTUAL_POS] --(BEFORE)--> [EVENT_N/A_ACTUAL_POS],grossesse,CONTAINS,examen,BEFORE,examen,BEFORE,échographie,,,,
24,66,FR100666,[EVENT_N/A_ACTUAL_POS] --(CONTAINS)--> [EVENT_N/A_ACTUAL_POS] | [EVENT_N/A_ACTUAL_POS] --(BEFORE)--> [EVENT_N/A_ACTUAL_POS] | [EVENT_N/A_ACTUAL_POS] --(BEFORE)--> [EVENT_N/A_ACTUAL_POS],asymétrie,CONTAINS,examen,BEFORE,examen,BEFORE,palpation,,,,
24,66,FR100683,[EVENT_N/A_ACTUAL_POS] --(CONTAINS)--> [EVENT_N/A_ACTUAL_POS] | [EVENT_N/A_ACTUAL_POS] --(BEFORE)--> [EVENT_N/A_ACTUAL_POS] | [EVENT_N/A_ACTUAL_POS] --(BEFORE)--> [EVENT_N/A_ACTUAL_POS],indice,CONTAINS,examen,BEFORE,exploration,BEFORE,exploration,,,,
24,66,FR100688,[EVENT_N/A_ACTUAL_POS] --(CONTAINS)--> [EVENT_N/A_ACTUAL_POS] | [EVENT_N/A_ACTUAL_POS] --(BEFORE)--> [EVENT_N/A_ACTUAL_POS] | [EVENT_N/A_ACTUAL_POS] --(BEFORE)--> [EVENT_N/A_ACTUAL_POS],poids,CONTAINS,examen,BEFORE,examen,BEFORE,examen,,,,
24,66,FR100689,[EVENT_N/A_ACTUAL_POS] --(CONTAINS)--> [EVENT_N/A_ACTUAL_POS] | [EVENT_N/A_ACTUAL_POS] --(BEFORE)--> [EVENT_N/A_ACTUAL_POS] | [EVENT_N/A_ACTUAL_POS] --(BEFORE)--> [EVENT_N/A_ACTUAL_POS],opacités,CONTAINS,scanner,BEFORE,hémogramme,BEFORE,ionogramme,,,,
24,66,FR100697,[EVENT_N/A_ACTUAL_POS] --(CONTAINS)--> [EVENT_N/A_ACTUAL_POS] | [EVENT_N/A_ACTUAL_POS] --(BEFORE)--> [EVENT_N/A_ACTUAL_POS] | [EVENT_N/A_ACTUAL_POS] --(BEFORE)--> [EVENT_N/A_ACTUAL_POS],lymphome,CONTAINS,tout,BEFORE,bilan,BEFORE,test,,,,
24,66,FR100708,[EVENT_N/A_ACTUAL_POS] --(CONTAINS)--> [EVENT_N/A_ACTUAL_POS] | [EVENT_N/A_ACTUAL_POS] --(BEFORE)--> [EVENT_N/A_ACTUAL_POS] | [EVENT_N/A_ACTUAL_POS] --(BEFORE)--> [EVENT_N/A_ACTUAL_POS],consulté,CONTAINS,examen,BEFORE,mammographie,BEFORE,échographie,,,,
24,66,FR100717,[EVENT_N/A_ACTUAL_POS] --(CONTAINS)--> [EVENT_N/A_ACTUAL_POS] | [EVENT_N/A_ACTUAL_POS] --(BEFORE)--> [EVENT_N/A_ACTUAL_POS] | [EVENT_N/A_ACTUAL_POS] --(BEFORE)--> [EVENT_N/A_ACTUAL_POS],Lasègue,CONTAINS,examen,BEFORE,examens,BEFORE,scanner,,,,
24,66,FR100748,[EVENT_N/A_ACTUAL_POS] --(CONTAINS)--> [EVENT_N/A_ACTUAL_POS] | [EVENT_N/A_ACTUAL_POS] --(BEFORE)--> [EVENT_N/A_ACTUAL_POS] | [EVENT_N/A_ACTUAL_POS] --(BEFORE)--> [EVENT_N/A_ACTUAL_POS],hospitalisation,CONTAINS,indication,BEFORE,consultation,BEFORE,ASA,,,,
24,66,FR100766,[EVENT_N/A_ACTUAL_POS] --(CONTAINS)--> [EVENT_N/A_ACTUAL_POS] | [EVENT_N/A_ACTUAL_POS] --(BEFORE)--> [EVENT_N/A_ACTUAL_POS] | [EVENT_N/A_ACTUAL_POS] --(BEFORE)--> [EVENT_N/A_ACTUAL_POS],prolabé,CONTAINS,examen,BEFORE,hospitalisation,BEFORE,traitement,,,,
24,66,FR100780,[EVENT_N/A_ACTUAL_POS] --(CONTAINS)--> [EVENT_N/A_ACTUAL_POS] | [EVENT_N/A_ACTUAL_POS] --(BEFORE)--> [EVENT_N/A_ACTUAL_POS] | [EVENT_N/A_ACTUAL_POS] --(BEFORE)--> [EVENT_N/A_ACTUAL_POS],orientée,CONTAINS,examen,BEFORE,toucher,BEFORE,échographie,,,,
24,66,FR100806,[EVENT_N/A_ACTUAL_POS] --(CONTAINS)--> [EVENT_N/A_ACTUAL_POS] | [EVENT_N/A_ACTUAL_POS] --(BEFORE)--> [EVENT_N/A_ACTUAL_POS] | [EVENT_N/A_ACTUAL_POS] --(BEFORE)--> [EVENT_N/A_ACTUAL_POS],état,CONTAINS,examen,BEFORE,biologie,BEFORE,hospitalisée,,,,
24,66,FR100814,[EVENT_N/A_ACTUAL_POS] --(CONTAINS)--> [EVENT_N/A_ACTUAL_POS] | [EVENT_N/A_ACTUAL_POS] --(BEFORE)--> [EVENT_N/A_ACTUAL_POS] | [EVENT_N/A_ACTUAL_POS] --(BEFORE)--> [EVENT_N/A_ACTUAL_POS],processus,CONTAINS,IRM,BEFORE,diagnostic,BEFORE,réséquée,,,,
24,66,FR100826,[EVENT_N/A_ACTUAL_POS] --(CONTAINS)--> [EVENT_N/A_ACTUAL_POS] | [EVENT_N/A_ACTUAL_POS] --(BEFORE)--> [EVENT_N/A_ACTUAL_POS] | [EVENT_N/A_ACTUAL_POS] --(BEFORE)--> [EVENT_N/A_ACTUAL_POS],qualité,CONTAINS,retenue,BEFORE,exploration,BEFORE,suites,,,,
24,66,FR100845,[EVENT_N/A_ACTUAL_POS] --(CONTAINS)--> [EVENT_N/A_ACTUAL_POS] | [EVENT_N/A_ACTUAL_POS] --(BEFORE)--> [EVENT_N/A_ACTUAL_POS] | [EVENT_N/A_ACTUAL_POS] --(BEFORE)--> [EVENT_N/A_ACTUAL_POS],hauteur,CONTAINS,examen,BEFORE,échographie,BEFORE,radiographie,,,,
24,66,FR100849,[EVENT_N/A_ACTUAL_POS] --(CONTAINS)--> [EVENT_N/A_ACTUAL_POS] | [EVENT_N/A_ACTUAL_POS] --(BEFORE)--> [EVENT_N/A_ACTUAL_POS] | [EVENT_N/A_ACTUAL_POS] --(BEFORE)--> [EVENT_N/A_ACTUAL_POS],appendagite,CONTAINS,tomodensitométrie,BEFORE,acheminé,BEFORE,suites,,,,
24,66,FR100870,[EVENT_N/A_ACTUAL_POS] --(CONTAINS)--> [EVENT_N/A_ACTUAL_POS] | [EVENT_N/A_ACTUAL_POS] --(BEFORE)--> [EVENT_N/A_ACTUAL_POS] | [EVENT_N/A_ACTUAL_POS] --(BEFORE)--> [EVENT_N/A_ACTUAL_POS],anémie,CONTAINS,hémogramme,BEFORE,bilan,BEFORE,IRM,,,,
24,66,FR100874,[EVENT_N/A_ACTUAL_POS] --(CONTAINS)--> [EVENT_N/A_ACTUAL_POS] | [EVENT_N/A_ACTUAL_POS] --(BEFORE)--> [EVENT_N/A_ACTUAL_POS] | [EVENT_N/A_ACTUAL_POS] --(BEFORE)--> [EVENT_N/A_ACTUAL_POS],perte,CONTAINS,examen,BEFORE,hémogramme,BEFORE,fibroscopie,,,,
24,66,FR100882,[EVENT_N/A_ACTUAL_POS] --(CONTAINS)--> [EVENT_N/A_ACTUAL_POS] | [EVENT_N/A_ACTUAL_POS] --(BEFORE)--> [EVENT_N/A_ACTUAL_POS] | [EVENT_N/A_ACTUAL_POS] --(BEFORE)--> [EVENT_N/A_ACTUAL_POS],troubles,CONTAINS,admise,BEFORE,examen,BEFORE,examen,,,,
24,66,FR100883,[EVENT_N/A_ACTUAL_POS] --(CONTAINS)--> [EVENT_N/A_ACTUAL_POS] | [EVENT_N/A_ACTUAL_POS] --(BEFORE)--> [EVENT_N/A_ACTUAL_POS] | [EVENT_N/A_ACTUAL_POS] --(BEFORE)--> [EVENT_N/A_ACTUAL_POS],admission,CONTAINS,TDM,BEFORE,biopsie,BEFORE,bilan,,,,
24,66,FR100894,[EVENT_N/A_ACTUAL_POS] --(CONTAINS)--> [EVENT_N/A_ACTUAL_POS] | [EVENT_N/A_ACTUAL_POS] --(BEFORE)--> [EVENT_N/A_ACTUAL_POS] | [EVENT_N/A_ACTUAL_POS] --(BEFORE)--> [EVENT_N/A_ACTUAL_POS],reçu,CONTAINS,appuyés,BEFORE,diagnostic,BEFORE,pris,,,,
24,66,FR100903,[EVENT_N/A_ACTUAL_POS] --(CONTAINS)--> [EVENT_N/A_ACTUAL_POS] | [EVENT_N/A_ACTUAL_POS] --(BEFORE)--> [EVENT_N/A_ACTUAL_POS] | [EVENT_N/A_ACTUAL_POS] --(BEFORE)--> [EVENT_N/A_ACTUAL_POS],allongés,CONTAINS,échographie,BEFORE,IRM,BEFORE,diagnostic,,,,
24,66,FR100921,[EVENT_N/A_ACTUAL_POS] --(CONTAINS)--> [EVENT_N/A_ACTUAL_POS] | [EVENT_N/A_ACTUAL_POS] --(BEFORE)--> [EVENT_N/A_ACTUAL_POS] | [EVENT_N/A_ACTUAL_POS] --(BEFORE)--> [EVENT_N/A_ACTUAL_POS],signe,CONTAINS,palpation,BEFORE,imagerie,BEFORE,exérèse,,,,
24,66,FR100946,[EVENT_N/A_ACTUAL_POS] --(CONTAINS)--> [EVENT_N/A_ACTUAL_POS] | [EVENT_N/A_ACTUAL_POS] --(BEFORE)--> [EVENT_N/A_ACTUAL_POS] | [EVENT_N/A_ACTUAL_POS] --(BEFORE)--> [EVENT_N/A_ACTUAL_POS],tumeur,CONTAINS,analyse,BEFORE,mise,BEFORE,exérèse,,,,
24,66,FR100959,[EVENT_N/A_ACTUAL_POS] --(CONTAINS)--> [EVENT_N/A_ACTUAL_POS] | [EVENT_N/A_ACTUAL_POS] --(BEFORE)--> [EVENT_N/A_ACTUAL_POS] | [EVENT_N/A_ACTUAL_POS] --(BEFORE)--> [EVENT_N/A_ACTUAL_POS],admis,CONTAINS,œsophagoscopie,BEFORE,Transit,BEFORE,notée,,,,
24,66,FR100986,[EVENT_N/A_ACTUAL_POS] --(CONTAINS)--> [EVENT_N/A_ACTUAL_POS] | [EVENT_N/A_ACTUAL_POS] --(BEFORE)--> [EVENT_N/A_ACTUAL_POS] | [EVENT_N/A_ACTUAL_POS] --(BEFORE)--> [EVENT_N/A_ACTUAL_POS],antécédents,CONTAINS,mise,BEFORE,hospitalisée,BEFORE,découverte,,,,
24,66,FR100996,[EVENT_N/A_ACTUAL_POS] --(CONTAINS)--> [EVENT_N/A_ACTUAL_POS] | [EVENT_N/A_ACTUAL_POS] --(BEFORE)--> [EVENT_N/A_ACTUAL_POS] | [EVENT_N/A_ACTUAL_POS] --(BEFORE)--> [EVENT_N/A_ACTUAL_POS],paroi,CONTAINS,injection,BEFORE,retenu,BEFORE,chirurgical,,,,
24,66,FR100998,[EVENT_N/A_ACTUAL_POS] --(CONTAINS)--> [EVENT_N/A_ACTUAL_POS] | [EVENT_N/A_ACTUAL_POS] --(BEFORE)--> [EVENT_N/A_ACTUAL_POS] | [EVENT_N/A_ACTUAL_POS] --(BEFORE)--> [EVENT_N/A_ACTUAL_POS],lésions,CONTAINS,diagnostic,BEFORE,traitée,BEFORE,bilan,,,,
0,62,FR100003,[EVENT_N/A_ACTUAL_POS] --(CONTAINS)--> [EVENT_N/A_ACTUAL_POS] | [EVENT_N/A_ACTUAL_POS] --(CONTAINS)--> [EVENT_N/A_ACTUAL_POS],observation,CONTAINS,consulte,[RETOUR],observation,CONTAINS,Lexamen,,,,
0,62,FR100078,[EVENT_N/A_ACTUAL_POS] --(CONTAINS)--> [EVENT_N/A_ACTUAL_POS] | [EVENT_N/A_ACTUAL_POS] --(CONTAINS)--> [EVENT_N/A_ACTUAL_POS],signes,CONTAINS,C-réactive,[RETOUR],signes,CONTAINS,diagnostic,,,,
0,62,FR100092,[EVENT_N/A_ACTUAL_POS] --(CONTAINS)--> [EVENT_N/A_ACTUAL_POS] | [EVENT_N/A_ACTUAL_POS] --(CONTAINS)--> [EVENT_N/A_ACTUAL_POS],minilaparotomie,CONTAINS,exploration,[RETOUR],minilaparotomie,CONTAINS,reste,,,,
0,62,FR100130,[EVENT_N/A_ACTUAL_POS] --(CONTAINS)--> [EVENT_N/A_ACTUAL_POS] | [EVENT_N/A_ACTUAL_POS] --(CONTAINS)--> [EVENT_N/A_ACTUAL_POS],traité,CONTAINS,amélioration,[RETOUR],traité,CONTAINS,kinésithérapie,,,,
0,62,FR100132,[EVENT_N/A_ACTUAL_POS] --(CONTAINS)--> [EVENT_N/A_ACTUAL_POS] | [EVENT_N/A_ACTUAL_POS] --(CONTAINS)--> [EVENT_N/A_ACTUAL_POS],examen,CONTAINS,angiographie,[RETOUR],examen,CONTAINS,tension,,,,
0,62,FR100161,[EVENT_N/A_ACTUAL_POS] --(CONTAINS)--> [EVENT_N/A_ACTUAL_POS] | [EVENT_N/A_ACTUAL_POS] --(CONTAINS)--> [EVENT_N/A_ACTUAL_POS],examens,CONTAINS,Acti tests,[RETOUR],examens,CONTAINS,Fibro,,,,
0,62,FR100168,[EVENT_N/A_ACTUAL_POS] --(CONTAINS)--> [EVENT_N/A_ACTUAL_POS] | [EVENT_N/A_ACTUAL_POS] --(CONTAINS)--> [EVENT_N/A_ACTUAL_POS],suites,CONTAINS,extubé,[RETOUR],suites,CONTAINS,bilan,,,,
0,62,FR100185,[EVENT_N/A_ACTUAL_POS] --(CONTAINS)--> [EVENT_N/A_ACTUAL_POS] | [EVENT_N/A_ACTUAL_POS] --(CONTAINS)--> [EVENT_N/A_ACTUAL_POS],accuse,CONTAINS,Electromyogramme,[RETOUR],accuse,CONTAINS,examen,,,,
0,62,FR100255,[EVENT_N/A_ACTUAL_POS] --(CONTAINS)--> [EVENT_N/A_ACTUAL_POS] | [EVENT_N/A_ACTUAL_POS] --(CONTAINS)--> [EVENT_N/A_ACTUAL_POS],bilan,CONTAINS,TCA,[RETOUR],bilan,CONTAINS,bilan,,,,
0,62,FR100275,[EVENT_N/A_ACTUAL_POS] --(CONTAINS)--> [EVENT_N/A_ACTUAL_POS] | [EVENT_N/A_ACTUAL_POS] --(CONTAINS)--> [EVENT_N/A_ACTUAL_POS],manœuvres,CONTAINS,insufflations,[RETOUR],manœuvres,CONTAINS,dégagement,,,,
0,62,FR100276,[EVENT_N/A_ACTUAL_POS] --(CONTAINS)--> [EVENT_N/A_ACTUAL_POS] | [EVENT_N/A_ACTUAL_POS] --(CONTAINS)--> [EVENT_N/A_ACTUAL_POS],bilan,CONTAINS,bilan,[RETOUR],bilan,CONTAINS,recherche,,,,
0,62,FR100283,[EVENT_N/A_ACTUAL_POS] --(CONTAINS)--> [EVENT_N/A_ACTUAL_POS] | [EVENT_N/A_ACTUAL_POS] --(CONTAINS)--> [EVENT_N/A_ACTUAL_POS],consulté,CONTAINS,bilan,[RETOUR],consulté,CONTAINS,examen,,,,
0,62,FR100296,[EVENT_N/A_ACTUAL_POS] --(CONTAINS)--> [EVENT_N/A_ACTUAL_POS] | [EVENT_N/A_ACTUAL_POS] --(CONTAINS)--> [EVENT_N/A_ACTUAL_POS],phénomènes,CONTAINS,froid,[RETOUR],phénomènes,CONTAINS,examen,,,,
0,62,FR100344,[EVENT_N/A_ACTUAL_POS] --(CONTAINS)--> [EVENT_N/A_ACTUAL_POS] | [EVENT_N/A_ACTUAL_POS] --(CONTAINS)--> [EVENT_N/A_ACTUAL_POS],césarienne,CONTAINS,extraction,[RETOUR],césarienne,CONTAINS,laissé,,,,
0,62,FR100346,[EVENT_N/A_ACTUAL_POS] --(CONTAINS)--> [EVENT_N/A_ACTUAL_POS] | [EVENT_N/A_ACTUAL_POS] --(CONTAINS)--> [EVENT_N/A_ACTUAL_POS],enquête,CONTAINS,bilan,[RETOUR],enquête,CONTAINS,réalisé,,,,
0,62,FR100360,[EVENT_N/A_ACTUAL_POS] --(CONTAINS)--> [EVENT_N/A_ACTUAL_POS] | [EVENT_N/A_ACTUAL_POS] --(CONTAINS)--> [EVENT_N/A_ACTUAL_POS],adénocarcinome,CONTAINS,traitée,[RETOUR],adénocarcinome,CONTAINS,hysteroscopie,,,,
0,62,FR100361,[EVENT_N/A_ACTUAL_POS] --(CONTAINS)--> [EVENT_N/A_ACTUAL_POS] | [EVENT_N/A_ACTUAL_POS] --(CONTAINS)--> [EVENT_N/A_ACTUAL_POS],antécédent,CONTAINS,stérilité,[RETOUR],antécédent,CONTAINS,écoulement,,,,
0,62,FR100371,[EVENT_N/A_ACTUAL_POS] --(CONTAINS)--> [EVENT_N/A_ACTUAL_POS] | [EVENT_N/A_ACTUAL_POS] --(CONTAINS)--> [EVENT_N/A_ACTUAL_POS],ablation,CONTAINS,hémostase,[RETOUR],ablation,CONTAINS,incision,,,,
0,62,FR100400,[EVENT_N/A_ACTUAL_POS] --(CONTAINS)--> [EVENT_N/A_ACTUAL_POS] | [EVENT_N/A_ACTUAL_POS] --(CONTAINS)--> [EVENT_N/A_ACTUAL_POS],suivie,CONTAINS,contrôles,[RETOUR],suivie,CONTAINS,consultation,,,,
0,62,FR100439,[EVENT_N/A_ACTUAL_POS] --(CONTAINS)--> [EVENT_N/A_ACTUAL_POS] | [EVENT_N/A_ACTUAL_POS] --(CONTAINS)--> [EVENT_N/A_ACTUAL_POS],obstruction,CONTAINS,examen,[RETOUR],obstruction,CONTAINS,voix,,,,
0,62,FR100453,[EVENT_N/A_ACTUAL_POS] --(CONTAINS)--> [EVENT_N/A_ACTUAL_POS] | [EVENT_N/A_ACTUAL_POS] --(CONTAINS)--> [EVENT_N/A_ACTUAL_POS],développement,CONTAINS,examen,[RETOUR],développement,CONTAINS,examen,,,,
0,62,FR100510,[EVENT_N/A_ACTUAL_POS] --(CONTAINS)--> [EVENT_N/A_ACTUAL_POS] | [EVENT_N/A_ACTUAL_POS] --(CONTAINS)--> [EVENT_N/A_ACTUAL_POS],intervention,CONTAINS,résection,[RETOUR],intervention,CONTAINS,exposée,,,,
0,62,FR100515,[EVENT_N/A_ACTUAL_POS] --(CONTAINS)--> [EVENT_N/A_ACTUAL_POS] | [EVENT_N/A_ACTUAL_POS] --(CONTAINS)--> [EVENT_N/A_ACTUAL_POS],bilan,CONTAINS,recherche,[RETOUR],bilan,CONTAINS,fibroscopie,,,,
0,62,FR100517,[EVENT_N/A_ACTUAL_POS] --(CONTAINS)--> [EVENT_N/A_ACTUAL_POS] | [EVENT_N/A_ACTUAL_POS] --(CONTAINS)--> [EVENT_N/A_ACTUAL_POS],traitement,CONTAINS,corticothérapie,[RETOUR],traitement,CONTAINS,nivaquine,,,,
0,62,FR100519,[EVENT_N/A_ACTUAL_POS] --(CONTAINS)--> [EVENT_N/A_ACTUAL_POS] | [EVENT_N/A_ACTUAL_POS] --(CONTAINS)--> [EVENT_N/A_ACTUAL_POS],bilan,CONTAINS,radiographie,[RETOUR],bilan,CONTAINS,ECG,,,,
0,62,FR100579,[EVENT_N/A_ACTUAL_POS] --(CONTAINS)--> [EVENT_N/A_ACTUAL_POS] | [EVENT_N/A_ACTUAL_POS] --(CONTAINS)--> [EVENT_N/A_ACTUAL_POS],processus,CONTAINS,imagerie,[RETOUR],processus,CONTAINS,échocardiographie,,,,
0,62,FR100589,[EVENT_N/A_ACTUAL_POS] --(CONTAINS)--> [EVENT_N/A_ACTUAL_POS] | [EVENT_N/A_ACTUAL_POS] --(CONTAINS)--> [EVENT_N/A_ACTUAL_POS],bilan,CONTAINS,myélogramme,[RETOUR],bilan,CONTAINS,sérologies,,,,
0,62,FR100597,[EVENT_N/A_ACTUAL_POS] --(CONTAINS)--> [EVENT_N/A_ACTUAL_POS] | [EVENT_N/A_ACTUAL_POS] --(CONTAINS)--> [EVENT_N/A_ACTUAL_POS],hystérectomie,CONTAINS,annexectomie,[RETOUR],hystérectomie,CONTAINS,exérèse,,,,
0,62,FR100603,[EVENT_N/A_ACTUAL_POS] --(CONTAINS)--> [EVENT_N/A_ACTUAL_POS] | [EVENT_N/A_ACTUAL_POS] --(CONTAINS)--> [EVENT_N/A_ACTUAL_POS],endocardite,CONTAINS,confirmé,[RETOUR],endocardite,CONTAINS,rapportons,,,,
0,62,FR100611,[EVENT_N/A_ACTUAL_POS] --(CONTAINS)--> [EVENT_N/A_ACTUAL_POS] | [EVENT_N/A_ACTUAL_POS] --(CONTAINS)--> [EVENT_N/A_ACTUAL_POS],traitement,CONTAINS,quadrithérapie,[RETOUR],traitement,CONTAINS,corticothérapie,,,,
0,62,FR100620,[EVENT_N/A_ACTUAL_POS] --(CONTAINS)--> [EVENT_N/A_ACTUAL_POS] | [EVENT_N/A_ACTUAL_POS] --(CONTAINS)--> [EVENT_N/A_ACTUAL_POS],aspect,CONTAINS,bronchoscopie,[RETOUR],aspect,CONTAINS,résultats,,,,
0,62,FR100629,[EVENT_N/A_ACTUAL_POS] --(CONTAINS)--> [EVENT_N/A_ACTUAL_POS] | [EVENT_N/A_ACTUAL_POS] --(CONTAINS)--> [EVENT_N/A_ACTUAL_POS],thoracoscopie,CONTAINS,biopsie,[RETOUR],thoracoscopie,CONTAINS,immuno histochimie,,,,
0,62,FR100632,[EVENT_N/A_ACTUAL_POS] --(CONTAINS)--> [EVENT_N/A_ACTUAL_POS] | [EVENT_N/A_ACTUAL_POS] --(CONTAINS)--> [EVENT_N/A_ACTUAL_POS],enquête,CONTAINS,taux,[RETOUR],enquête,CONTAINS,bilan,,,,
0,62,FR100658,[EVENT_N/A_ACTUAL_POS] --(CONTAINS)--> [EVENT_N/A_ACTUAL_POS] | [EVENT_N/A_ACTUAL_POS] --(CONTAINS)--> [EVENT_N/A_ACTUAL_POS],anesthésie,CONTAINS,monitorage,[RETOUR],anesthésie,CONTAINS,intubé,,,,
0,62,FR100663,[EVENT_N/A_ACTUAL_POS] --(CONTAINS)--> [EVENT_N/A_ACTUAL_POS] | [EVENT_N/A_ACTUAL_POS] --(CONTAINS)--> [EVENT_N/A_ACTUAL_POS],grossesse,CONTAINS,consultation,[RETOUR],grossesse,CONTAINS,examen,,,,
0,62,FR100666,[EVENT_N/A_ACTUAL_POS] --(CONTAINS)--> [EVENT_N/A_ACTUAL_POS] | [EVENT_N/A_ACTUAL_POS] --(CONTAINS)--> [EVENT_N/A_ACTUAL_POS],COPADEM,CONTAINS,vincristine,[RETOUR],COPADEM,CONTAINS,doxorubicine,,,,
0,62,FR100683,[EVENT_N/A_ACTUAL_POS] --(CONTAINS)--> [EVENT_N/A_ACTUAL_POS] | [EVENT_N/A_ACTUAL_POS] --(CONTAINS)--> [EVENT_N/A_ACTUAL_POS],augmentation,CONTAINS,LH,[RETOUR],augmentation,CONTAINS,FSH,,,,
0,62,FR100688,[EVENT_N/A_ACTUAL_POS] --(CONTAINS)--> [EVENT_N/A_ACTUAL_POS] | [EVENT_N/A_ACTUAL_POS] --(CONTAINS)--> [EVENT_N/A_ACTUAL_POS],bacille,CONTAINS,analyse,[RETOUR],bacille,CONTAINS,examen,,,,
0,62,FR100689,[EVENT_N/A_ACTUAL_POS] --(CONTAINS)--> [EVENT_N/A_ACTUAL_POS] | [EVENT_N/A_ACTUAL_POS] --(CONTAINS)--> [EVENT_N/A_ACTUAL_POS],évolution,CONTAINS,effacement,[RETOUR],évolution,CONTAINS,disparition,,,,
0,62,FR100697,[EVENT_N/A_ACTUAL_POS] --(CONTAINS)--> [EVENT_N/A_ACTUAL_POS] | [EVENT_N/A_ACTUAL_POS] --(CONTAINS)--> [EVENT_N/A_ACTUAL_POS],bilan,CONTAINS,échographie,[RETOUR],bilan,CONTAINS,TDM,,,,
0,62,FR100708,[EVENT_N/A_ACTUAL_POS] --(CONTAINS)--> [EVENT_N/A_ACTUAL_POS] | [EVENT_N/A_ACTUAL_POS] --(CONTAINS)--> [EVENT_N/A_ACTUAL_POS],cas,CONTAINS,second,[RETOUR],cas,CONTAINS,rapportons,,,,
0,62,FR100717,[EVENT_N/A_ACTUAL_POS] --(CONTAINS)--> [EVENT_N/A_ACTUAL_POS] | [EVENT_N/A_ACTUAL_POS] --(CONTAINS)--> [EVENT_N/A_ACTUAL_POS],évolution,CONTAINS,disparition,[RETOUR],évolution,CONTAINS,reprise,,,,
0,62,FR100748,[EVENT_N/A_ACTUAL_POS] --(CONTAINS)--> [EVENT_N/A_ACTUAL_POS] | [EVENT_N/A_ACTUAL_POS] --(CONTAINS)--> [EVENT_N/A_ACTUAL_POS],examen,CONTAINS,auscultation,[RETOUR],examen,CONTAINS,tension,,,,
0,62,FR100780,[EVENT_N/A_ACTUAL_POS] --(CONTAINS)--> [EVENT_N/A_ACTUAL_POS] | [EVENT_N/A_ACTUAL_POS] --(CONTAINS)--> [EVENT_N/A_ACTUAL_POS],circuit,CONTAINS,héparine,[RETOUR],circuit,CONTAINS,héparine,,,,
0,62,FR100814,[EVENT_N/A_ACTUAL_POS] --(CONTAINS)--> [EVENT_N/A_ACTUAL_POS] | [EVENT_N/A_ACTUAL_POS] --(CONTAINS)--> [EVENT_N/A_ACTUAL_POS],IRM,CONTAINS,injection,[RETOUR],IRM,CONTAINS,iso-signal,,,,
0,62,FR100845,[EVENT_N/A_ACTUAL_POS] --(CONTAINS)--> [EVENT_N/A_ACTUAL_POS] | [EVENT_N/A_ACTUAL_POS] --(CONTAINS)--> [EVENT_N/A_ACTUAL_POS],examen,CONTAINS,toucher,[RETOUR],examen,CONTAINS,spéculum,,,,
0,62,FR100874,[EVENT_N/A_ACTUAL_POS] --(CONTAINS)--> [EVENT_N/A_ACTUAL_POS] | [EVENT_N/A_ACTUAL_POS] --(CONTAINS)--> [EVENT_N/A_ACTUAL_POS],constantes,CONTAINS,pression,[RETOUR],constantes,CONTAINS,température,,,,
0,62,FR100882,[EVENT_N/A_ACTUAL_POS] --(CONTAINS)--> [EVENT_N/A_ACTUAL_POS] | [EVENT_N/A_ACTUAL_POS] --(CONTAINS)--> [EVENT_N/A_ACTUAL_POS],troubles,CONTAINS,miction,[RETOUR],troubles,CONTAINS,admise,,,,
0,62,FR100883,[EVENT_N/A_ACTUAL_POS] --(CONTAINS)--> [EVENT_N/A_ACTUAL_POS] | [EVENT_N/A_ACTUAL_POS] --(CONTAINS)--> [EVENT_N/A_ACTUAL_POS],reçu,CONTAINS,radiothérapie,[RETOUR],reçu,CONTAINS,cures,,,,
0,62,FR100894,[EVENT_N/A_ACTUAL_POS] --(CONTAINS)--> [EVENT_N/A_ACTUAL_POS] | [EVENT_N/A_ACTUAL_POS] --(CONTAINS)--> [EVENT_N/A_ACTUAL_POS],reçu,CONTAINS,appuyés,[RETOUR],reçu,CONTAINS,plaignait,,,,
0,62,FR100903,[EVENT_N/A_ACTUAL_POS] --(CONTAINS)--> [EVENT_N/A_ACTUAL_POS] | [EVENT_N/A_ACTUAL_POS] --(CONTAINS)--> [EVENT_N/A_ACTUAL_POS],échographie,CONTAINS,visualisation,[RETOUR],échographie,CONTAINS,visualisé,,,,
0,62,FR100919,[EVENT_N/A_ACTUAL_POS] --(CONTAINS)--> [EVENT_N/A_ACTUAL_POS] | [EVENT_N/A_ACTUAL_POS] --(CONTAINS)--> [EVENT_N/A_ACTUAL_POS],signes,CONTAINS,rapportons,[RETOUR],signes,CONTAINS,bilans,,,,
0,62,FR100921,[EVENT_N/A_ACTUAL_POS] --(CONTAINS)--> [EVENT_N/A_ACTUAL_POS] | [EVENT_N/A_ACTUAL_POS] --(CONTAINS)--> [EVENT_N/A_ACTUAL_POS],douleur,CONTAINS,palpation,[RETOUR],douleur,CONTAINS,rapportons,,,,
0,62,FR100925,[EVENT_N/A_ACTUAL_POS] --(CONTAINS)--> [EVENT_N/A_ACTUAL_POS] | [EVENT_N/A_ACTUAL_POS] --(CONTAINS)--> [EVENT_N/A_ACTUAL_POS],pic,CONTAINS,électrophorèse,[RETOUR],pic,CONTAINS,arguments,,,,
0,62,FR100944,[EVENT_N/A_ACTUAL_POS] --(CONTAINS)--> [EVENT_N/A_ACTUAL_POS] | [EVENT_N/A_ACTUAL_POS] --(CONTAINS)--> [EVENT_N/A_ACTUAL_POS],complication,CONTAINS,traiter,[RETOUR],complication,CONTAINS,reconnaître,,,,
0,62,FR100946,[EVENT_N/A_ACTUAL_POS] --(CONTAINS)--> [EVENT_N/A_ACTUAL_POS] | [EVENT_N/A_ACTUAL_POS] --(CONTAINS)--> [EVENT_N/A_ACTUAL_POS],compliquées,CONTAINS,lourdeur,[RETOUR],compliquées,CONTAINS,crises,,,,
0,62,FR100959,[EVENT_N/A_ACTUAL_POS] --(CONTAINS)--> [EVENT_N/A_ACTUAL_POS] | [EVENT_N/A_ACTUAL_POS] --(CONTAINS)--> [EVENT_N/A_ACTUAL_POS],œsophagoscopie,CONTAINS,permis,[RETOUR],œsophagoscopie,CONTAINS,extraction,,,,
0,62,FR100960,[EVENT_N/A_ACTUAL_POS] --(CONTAINS)--> [EVENT_N/A_ACTUAL_POS] | [EVENT_N/A_ACTUAL_POS] --(CONTAINS)--> [EVENT_N/A_ACTUAL_POS],consulté,CONTAINS,étude,[RETOUR],consulté,CONTAINS,scanner,,,,
0,62,FR100998,[EVENT_N/A_ACTUAL_POS] --(CONTAINS)--> [EVENT_N/A_ACTUAL_POS] | [EVENT_N/A_ACTUAL_POS] --(CONTAINS)--> [EVENT_N/A_ACTUAL_POS],traitée,CONTAINS,développé,[RETOUR],traitée,CONTAINS,cycles,,,,
129,61,FR100003,[EVENT_N/A_ACTUAL_POS] --(BEFORE)--> [EVENT_N/A_ACTUAL_POS] | [EVENT_N/A_ACTUAL_POS] --(BEFORE)--> [EVENT_N/A_ACTUAL_POS] | [EVENT_N/A_ACTUAL_POS] --(BEFORE)--> [EVENT_N/A_ACTUAL_POS],injection,BEFORE,ponction,BEFORE,examen,BEFORE,examen,,,,
129,61,FR100092,[EVENT_N/A_ACTUAL_POS] --(BEFORE)--> [EVENT_N/A_ACTUAL_POS] | [EVENT_N/A_ACTUAL_POS] --(BEFORE)--> [EVENT_N/A_ACTUAL_POS] | [EVENT_N/A_ACTUAL_POS] --(BEFORE)--> [EVENT_N/A_ACTUAL_POS],examen,BEFORE,examen,BEFORE,échographie,BEFORE,tableau,,,,
129,61,FR100120,[EVENT_N/A_ACTUAL_POS] --(BEFORE)--> [EVENT_N/A_ACTUAL_POS] | [EVENT_N/A_ACTUAL_POS] --(BEFORE)--> [EVENT_N/A_ACTUAL_POS] | [EVENT_N/A_ACTUAL_POS] --(BEFORE)--> [EVENT_N/A_ACTUAL_POS],rattaché,BEFORE,traitement,BEFORE,retirées,BEFORE,conclure,,,,
129,61,FR100130,[EVENT_N/A_ACTUAL_POS] --(BEFORE)--> [EVENT_N/A_ACTUAL_POS] | [EVENT_N/A_ACTUAL_POS] --(BEFORE)--> [EVENT_N/A_ACTUAL_POS] | [EVENT_N/A_ACTUAL_POS] --(BEFORE)--> [EVENT_N/A_ACTUAL_POS],confirmé,BEFORE,recherche,BEFORE,séjour,BEFORE,bilan,,,,
129,61,FR100132,[EVENT_N/A_ACTUAL_POS] --(BEFORE)--> [EVENT_N/A_ACTUAL_POS] | [EVENT_N/A_ACTUAL_POS] --(BEFORE)--> [EVENT_N/A_ACTUAL_POS] | [EVENT_N/A_ACTUAL_POS] --(BEFORE)--> [EVENT_N/A_ACTUAL_POS],palpation,BEFORE,histologie,BEFORE,examen,BEFORE,écho-Doppler,,,,
129,61,FR100142,[EVENT_N/A_ACTUAL_POS] --(BEFORE)--> [EVENT_N/A_ACTUAL_POS] | [EVENT_N/A_ACTUAL_POS] --(BEFORE)--> [EVENT_N/A_ACTUAL_POS] | [EVENT_N/A_ACTUAL_POS] --(BEFORE)--> [EVENT_N/A_ACTUAL_POS],électrophorèse,BEFORE,scanner,BEFORE,fibroscopie,BEFORE,biopsie,,,,
129,61,FR100161,[EVENT_N/A_ACTUAL_POS] --(BEFORE)--> [EVENT_N/A_ACTUAL_POS] | [EVENT_N/A_ACTUAL_POS] --(BEFORE)--> [EVENT_N/A_ACTUAL_POS] | [EVENT_N/A_ACTUAL_POS] --(BEFORE)--> [EVENT_N/A_ACTUAL_POS],examens,BEFORE,radiographie,BEFORE,complément,BEFORE,cortisol,,,,
129,61,FR100168,[EVENT_N/A_ACTUAL_POS] --(BEFORE)--> [EVENT_N/A_ACTUAL_POS] | [EVENT_N/A_ACTUAL_POS] --(BEFORE)--> [EVENT_N/A_ACTUAL_POS] | [EVENT_N/A_ACTUAL_POS] --(BEFORE)--> [EVENT_N/A_ACTUAL_POS],transfusion,BEFORE,bilan,BEFORE,tests,BEFORE,entretien,,,,
129,61,FR100255,[EVENT_N/A_ACTUAL_POS] --(BEFORE)--> [EVENT_N/A_ACTUAL_POS] | [EVENT_N/A_ACTUAL_POS] --(BEFORE)--> [EVENT_N/A_ACTUAL_POS] | [EVENT_N/A_ACTUAL_POS] --(BEFORE)--> [EVENT_N/A_ACTUAL_POS],réveillée,BEFORE,radio,BEFORE,TDM,BEFORE,bilan,,,,
129,61,FR100275,[EVENT_N/A_ACTUAL_POS] --(BEFORE)--> [EVENT_N/A_ACTUAL_POS] | [EVENT_N/A_ACTUAL_POS] --(BEFORE)--> [EVENT_N/A_ACTUAL_POS] | [EVENT_N/A_ACTUAL_POS] --(BEFORE)--> [EVENT_N/A_ACTUAL_POS],découverte,BEFORE,arrivée,BEFORE,établi,BEFORE,manœuvres,,,,
129,61,FR100276,[EVENT_N/A_ACTUAL_POS] --(BEFORE)--> [EVENT_N/A_ACTUAL_POS] | [EVENT_N/A_ACTUAL_POS] --(BEFORE)--> [EVENT_N/A_ACTUAL_POS] | [EVENT_N/A_ACTUAL_POS] --(BEFORE)--> [EVENT_N/A_ACTUAL_POS],accouchement,BEFORE,reste,BEFORE,bilan,BEFORE,régression,,,,
129,61,FR100282,[EVENT_N/A_ACTUAL_POS] --(BEFORE)--> [EVENT_N/A_ACTUAL_POS] | [EVENT_N/A_ACTUAL_POS] --(BEFORE)--> [EVENT_N/A_ACTUAL_POS] | [EVENT_N/A_ACTUAL_POS] --(BEFORE)--> [EVENT_N/A_ACTUAL_POS],examen,BEFORE,électroencéphalogramme,BEFORE,scanner,BEFORE,conclus,,,,
129,61,FR100283,[EVENT_N/A_ACTUAL_POS] --(BEFORE)--> [EVENT_N/A_ACTUAL_POS] | [EVENT_N/A_ACTUAL_POS] --(BEFORE)--> [EVENT_N/A_ACTUAL_POS] | [EVENT_N/A_ACTUAL_POS] --(BEFORE)--> [EVENT_N/A_ACTUAL_POS],IRM,BEFORE,hypophysiogramme,BEFORE,traitement,BEFORE,évolution,,,,
129,61,FR100296,[EVENT_N/A_ACTUAL_POS] --(BEFORE)--> [EVENT_N/A_ACTUAL_POS] | [EVENT_N/A_ACTUAL_POS] --(BEFORE)--> [EVENT_N/A_ACTUAL_POS] | [EVENT_N/A_ACTUAL_POS] --(BEFORE)--> [EVENT_N/A_ACTUAL_POS],examen,BEFORE,IRM,BEFORE,fenestration,BEFORE,suites,,,,
129,61,FR100314,[EVENT_N/A_ACTUAL_POS] --(BEFORE)--> [EVENT_N/A_ACTUAL_POS] | [EVENT_N/A_ACTUAL_POS] --(BEFORE)--> [EVENT_N/A_ACTUAL_POS] | [EVENT_N/A_ACTUAL_POS] --(BEFORE)--> [EVENT_N/A_ACTUAL_POS],signes,BEFORE,angio-scanner,BEFORE,amputation,BEFORE,mise,,,,
129,61,FR100344,[EVENT_N/A_ACTUAL_POS] --(BEFORE)--> [EVENT_N/A_ACTUAL_POS] | [EVENT_N/A_ACTUAL_POS] --(BEFORE)--> [EVENT_N/A_ACTUAL_POS] | [EVENT_N/A_ACTUAL_POS] --(BEFORE)--> [EVENT_N/A_ACTUAL_POS],déroulée,BEFORE,plainte,BEFORE,examen,BEFORE,césarienne,,,,
129,61,FR100346,[EVENT_N/A_ACTUAL_POS] --(BEFORE)--> [EVENT_N/A_ACTUAL_POS] | [EVENT_N/A_ACTUAL_POS] --(BEFORE)--> [EVENT_N/A_ACTUAL_POS] | [EVENT_N/A_ACTUAL_POS] --(BEFORE)--> [EVENT_N/A_ACTUAL_POS],gazométrie,BEFORE,reste,BEFORE,radiographie,BEFORE,angioscanner,,,,
129,61,FR100360,[EVENT_N/A_ACTUAL_POS] --(BEFORE)--> [EVENT_N/A_ACTUAL_POS] | [EVENT_N/A_ACTUAL_POS] --(BEFORE)--> [EVENT_N/A_ACTUAL_POS] | [EVENT_N/A_ACTUAL_POS] --(BEFORE)--> [EVENT_N/A_ACTUAL_POS],tomodensitométrie,BEFORE,complément,BEFORE,biopsie,BEFORE,étude,,,,
129,61,FR100361,[EVENT_N/A_ACTUAL_POS] --(BEFORE)--> [EVENT_N/A_ACTUAL_POS] | [EVENT_N/A_ACTUAL_POS] --(BEFORE)--> [EVENT_N/A_ACTUAL_POS] | [EVENT_N/A_ACTUAL_POS] --(BEFORE)--> [EVENT_N/A_ACTUAL_POS],scanner,BEFORE,IRM,BEFORE,MR,BEFORE,étude,,,,
129,61,FR100371,[EVENT_N/A_ACTUAL_POS] --(BEFORE)--> [EVENT_N/A_ACTUAL_POS] | [EVENT_N/A_ACTUAL_POS] --(BEFORE)--> [EVENT_N/A_ACTUAL_POS] | [EVENT_N/A_ACTUAL_POS] --(BEFORE)--> [EVENT_N/A_ACTUAL_POS],incision,BEFORE,suite,BEFORE,sortie,BEFORE,perdue,,,,
129,61,FR100400,[EVENT_N/A_ACTUAL_POS] --(BEFORE)--> [EVENT_N/A_ACTUAL_POS] | [EVENT_N/A_ACTUAL_POS] --(BEFORE)--> [EVENT_N/A_ACTUAL_POS] | [EVENT_N/A_ACTUAL_POS] --(BEFORE)--> [EVENT_N/A_ACTUAL_POS],histoire,BEFORE,examen,BEFORE,bilan,BEFORE,Radiographie,,,,
129,61,FR100439,[EVENT_N/A_ACTUAL_POS] --(BEFORE)--> [EVENT_N/A_ACTUAL_POS] | [EVENT_N/A_ACTUAL_POS] --(BEFORE)--> [EVENT_N/A_ACTUAL_POS] | [EVENT_N/A_ACTUAL_POS] --(BEFORE)--> [EVENT_N/A_ACTUAL_POS],prélèvements,BEFORE,IRM,BEFORE,scanner,BEFORE,endoscopie,,,,
129,61,FR100448,[EVENT_N/A_ACTUAL_POS] --(BEFORE)--> [EVENT_N/A_ACTUAL_POS] | [EVENT_N/A_ACTUAL_POS] --(BEFORE)--> [EVENT_N/A_ACTUAL_POS] | [EVENT_N/A_ACTUAL_POS] --(BEFORE)--> [EVENT_N/A_ACTUAL_POS],échotomographie,BEFORE,hémi thyroïdectomie,BEFORE,examen,BEFORE,histochimie,,,,
129,61,FR100480,[EVENT_N/A_ACTUAL_POS] --(BEFORE)--> [EVENT_N/A_ACTUAL_POS] | [EVENT_N/A_ACTUAL_POS] --(BEFORE)--> [EVENT_N/A_ACTUAL_POS] | [EVENT_N/A_ACTUAL_POS] --(BEFORE)--> [EVENT_N/A_ACTUAL_POS],imagerie,BEFORE,bilan,BEFORE,scanner,BEFORE,Tomographie,,,,
129,61,FR100515,[EVENT_N/A_ACTUAL_POS] --(BEFORE)--> [EVENT_N/A_ACTUAL_POS] | [EVENT_N/A_ACTUAL_POS] --(BEFORE)--> [EVENT_N/A_ACTUAL_POS] | [EVENT_N/A_ACTUAL_POS] --(BEFORE)--> [EVENT_N/A_ACTUAL_POS],bilan,BEFORE,bilan,BEFORE,prescrits,BEFORE,corticothérapie,,,,
129,61,FR100517,[EVENT_N/A_ACTUAL_POS] --(BEFORE)--> [EVENT_N/A_ACTUAL_POS] | [EVENT_N/A_ACTUAL_POS] --(BEFORE)--> [EVENT_N/A_ACTUAL_POS] | [EVENT_N/A_ACTUAL_POS] --(BEFORE)--> [EVENT_N/A_ACTUAL_POS],électromyogramme,BEFORE,bilan,BEFORE,explorations,BEFORE,porté,,,,
129,61,FR100519,[EVENT_N/A_ACTUAL_POS] --(BEFORE)--> [EVENT_N/A_ACTUAL_POS] | [EVENT_N/A_ACTUAL_POS] --(BEFORE)--> [EVENT_N/A_ACTUAL_POS] | [EVENT_N/A_ACTUAL_POS] --(BEFORE)--> [EVENT_N/A_ACTUAL_POS],transfusion,BEFORE,tomodensitométrie,BEFORE,laparotomie,BEFORE,suites,,,,
129,61,FR100579,[EVENT_N/A_ACTUAL_POS] --(BEFORE)--> [EVENT_N/A_ACTUAL_POS] | [EVENT_N/A_ACTUAL_POS] --(BEFORE)--> [EVENT_N/A_ACTUAL_POS] | [EVENT_N/A_ACTUAL_POS] --(BEFORE)--> [EVENT_N/A_ACTUAL_POS],radiographie,BEFORE,échocardiographie,BEFORE,angio-scanner,BEFORE,imagerie,,,,
129,61,FR100589,[EVENT_N/A_ACTUAL_POS] --(BEFORE)--> [EVENT_N/A_ACTUAL_POS] | [EVENT_N/A_ACTUAL_POS] --(BEFORE)--> [EVENT_N/A_ACTUAL_POS] | [EVENT_N/A_ACTUAL_POS] --(BEFORE)--> [EVENT_N/A_ACTUAL_POS],lavage,BEFORE,biopsies,BEFORE,exploration,BEFORE,hémogramme,,,,
129,61,FR100597,[EVENT_N/A_ACTUAL_POS] --(BEFORE)--> [EVENT_N/A_ACTUAL_POS] | [EVENT_N/A_ACTUAL_POS] --(BEFORE)--> [EVENT_N/A_ACTUAL_POS] | [EVENT_N/A_ACTUAL_POS] --(BEFORE)--> [EVENT_N/A_ACTUAL_POS],marqueurs,BEFORE,décidée,BEFORE,laparotomie,BEFORE,hystérectomie,,,,
129,61,FR100611,[EVENT_N/A_ACTUAL_POS] --(BEFORE)--> [EVENT_N/A_ACTUAL_POS] | [EVENT_N/A_ACTUAL_POS] --(BEFORE)--> [EVENT_N/A_ACTUAL_POS] | [EVENT_N/A_ACTUAL_POS] --(BEFORE)--> [EVENT_N/A_ACTUAL_POS],examen,BEFORE,PCR,BEFORE,TDM,BEFORE,biopsie,,,,
129,61,FR100614,[EVENT_N/A_ACTUAL_POS] --(BEFORE)--> [EVENT_N/A_ACTUAL_POS] | [EVENT_N/A_ACTUAL_POS] --(BEFORE)--> [EVENT_N/A_ACTUAL_POS] | [EVENT_N/A_ACTUAL_POS] --(BEFORE)--> [EVENT_N/A_ACTUAL_POS],échographique,BEFORE,tomodensitométrie,BEFORE,radiographie,BEFORE,taux,,,,
129,61,FR100620,[EVENT_N/A_ACTUAL_POS] --(BEFORE)--> [EVENT_N/A_ACTUAL_POS] | [EVENT_N/A_ACTUAL_POS] --(BEFORE)--> [EVENT_N/A_ACTUAL_POS] | [EVENT_N/A_ACTUAL_POS] --(BEFORE)--> [EVENT_N/A_ACTUAL_POS],radiographie,BEFORE,demandé,BEFORE,aspect,BEFORE,bronchoscopie,,,,
129,61,FR100623,[EVENT_N/A_ACTUAL_POS] --(BEFORE)--> [EVENT_N/A_ACTUAL_POS] | [EVENT_N/A_ACTUAL_POS] --(BEFORE)--> [EVENT_N/A_ACTUAL_POS] | [EVENT_N/A_ACTUAL_POS] --(BEFORE)--> [EVENT_N/A_ACTUAL_POS],tomodensitométrie,BEFORE,retenu,BEFORE,prise,BEFORE,analyse,,,,
129,61,FR100629,[EVENT_N/A_ACTUAL_POS] --(BEFORE)--> [EVENT_N/A_ACTUAL_POS] | [EVENT_N/A_ACTUAL_POS] --(BEFORE)--> [EVENT_N/A_ACTUAL_POS] | [EVENT_N/A_ACTUAL_POS] --(BEFORE)--> [EVENT_N/A_ACTUAL_POS],marquage,BEFORE,bilan,BEFORE,décision,BEFORE,chimiothérapie,,,,
129,61,FR100632,[EVENT_N/A_ACTUAL_POS] --(BEFORE)--> [EVENT_N/A_ACTUAL_POS] | [EVENT_N/A_ACTUAL_POS] --(BEFORE)--> [EVENT_N/A_ACTUAL_POS] | [EVENT_N/A_ACTUAL_POS] --(BEFORE)--> [EVENT_N/A_ACTUAL_POS],IRM,BEFORE,étude,BEFORE,numération,BEFORE,vitesse,,,,
129,61,FR100663,[EVENT_N/A_ACTUAL_POS] --(BEFORE)--> [EVENT_N/A_ACTUAL_POS] | [EVENT_N/A_ACTUAL_POS] --(BEFORE)--> [EVENT_N/A_ACTUAL_POS] | [EVENT_N/A_ACTUAL_POS] --(BEFORE)--> [EVENT_N/A_ACTUAL_POS],ligature,BEFORE,incisée,BEFORE,vérifié,BEFORE,assuré,,,,
129,61,FR100666,[EVENT_N/A_ACTUAL_POS] --(BEFORE)--> [EVENT_N/A_ACTUAL_POS] | [EVENT_N/A_ACTUAL_POS] --(BEFORE)--> [EVENT_N/A_ACTUAL_POS] | [EVENT_N/A_ACTUAL_POS] --(BEFORE)--> [EVENT_N/A_ACTUAL_POS],étude,BEFORE,adressé,BEFORE,bilan,BEFORE,myologramme,,,,
129,61,FR100683,[EVENT_N/A_ACTUAL_POS] --(BEFORE)--> [EVENT_N/A_ACTUAL_POS] | [EVENT_N/A_ACTUAL_POS] --(BEFORE)--> [EVENT_N/A_ACTUAL_POS] | [EVENT_N/A_ACTUAL_POS] --(BEFORE)--> [EVENT_N/A_ACTUAL_POS],exploration,BEFORE,IRM,BEFORE,écho-mammographie,BEFORE,osteodensitométrie,,,,
129,61,FR100688,[EVENT_N/A_ACTUAL_POS] --(BEFORE)--> [EVENT_N/A_ACTUAL_POS] | [EVENT_N/A_ACTUAL_POS] --(BEFORE)--> [EVENT_N/A_ACTUAL_POS] | [EVENT_N/A_ACTUAL_POS] --(BEFORE)--> [EVENT_N/A_ACTUAL_POS],radiographie,BEFORE,incision,BEFORE,analyse,BEFORE,traitement,,,,
129,61,FR100689,[EVENT_N/A_ACTUAL_POS] --(BEFORE)--> [EVENT_N/A_ACTUAL_POS] | [EVENT_N/A_ACTUAL_POS] --(BEFORE)--> [EVENT_N/A_ACTUAL_POS] | [EVENT_N/A_ACTUAL_POS] --(BEFORE)--> [EVENT_N/A_ACTUAL_POS],ionogramme,BEFORE,examen,BEFORE,retenu,BEFORE,évolution,,,,
129,61,FR100697,[EVENT_N/A_ACTUAL_POS] --(BEFORE)--> [EVENT_N/A_ACTUAL_POS] | [EVENT_N/A_ACTUAL_POS] --(BEFORE)--> [EVENT_N/A_ACTUAL_POS] | [EVENT_N/A_ACTUAL_POS] --(BEFORE)--> [EVENT_N/A_ACTUAL_POS],palpation,BEFORE,examen,BEFORE,mammographie,BEFORE,échographie,,,,
129,61,FR100708,[EVENT_N/A_ACTUAL_POS] --(BEFORE)--> [EVENT_N/A_ACTUAL_POS] | [EVENT_N/A_ACTUAL_POS] --(BEFORE)--> [EVENT_N/A_ACTUAL_POS] | [EVENT_N/A_ACTUAL_POS] --(BEFORE)--> [EVENT_N/A_ACTUAL_POS],mammographie,BEFORE,échographie,BEFORE,ponction,BEFORE,étude,,,,
129,61,FR100717,[EVENT_N/A_ACTUAL_POS] --(BEFORE)--> [EVENT_N/A_ACTUAL_POS] | [EVENT_N/A_ACTUAL_POS] --(BEFORE)--> [EVENT_N/A_ACTUAL_POS] | [EVENT_N/A_ACTUAL_POS] --(BEFORE)--> [EVENT_N/A_ACTUAL_POS],traitement,BEFORE,examen,BEFORE,examens,BEFORE,scanner,,,,
129,61,FR100748,[EVENT_N/A_ACTUAL_POS] --(BEFORE)--> [EVENT_N/A_ACTUAL_POS] | [EVENT_N/A_ACTUAL_POS] --(BEFORE)--> [EVENT_N/A_ACTUAL_POS] | [EVENT_N/A_ACTUAL_POS] --(BEFORE)--> [EVENT_N/A_ACTUAL_POS],mobilisation,BEFORE,suites,BEFORE,transférée,BEFORE,regagné,,,,
129,61,FR100780,[EVENT_N/A_ACTUAL_POS] --(BEFORE)--> [EVENT_N/A_ACTUAL_POS] | [EVENT_N/A_ACTUAL_POS] --(BEFORE)--> [EVENT_N/A_ACTUAL_POS] | [EVENT_N/A_ACTUAL_POS] --(BEFORE)--> [EVENT_N/A_ACTUAL_POS],admise,BEFORE,examen,BEFORE,toucher,BEFORE,échographie,,,,
129,61,FR100806,[EVENT_N/A_ACTUAL_POS] --(BEFORE)--> [EVENT_N/A_ACTUAL_POS] | [EVENT_N/A_ACTUAL_POS] --(BEFORE)--> [EVENT_N/A_ACTUAL_POS] | [EVENT_N/A_ACTUAL_POS] --(BEFORE)--> [EVENT_N/A_ACTUAL_POS],examen,BEFORE,biologie,BEFORE,hospitalisée,BEFORE,transfusion,,,,
129,61,FR100814,[EVENT_N/A_ACTUAL_POS] --(BEFORE)--> [EVENT_N/A_ACTUAL_POS] | [EVENT_N/A_ACTUAL_POS] --(BEFORE)--> [EVENT_N/A_ACTUAL_POS] | [EVENT_N/A_ACTUAL_POS] --(BEFORE)--> [EVENT_N/A_ACTUAL_POS],IRM,BEFORE,diagnostic,BEFORE,réséquée,BEFORE,examen,,,,
129,61,FR100826,[EVENT_N/A_ACTUAL_POS] --(BEFORE)--> [EVENT_N/A_ACTUAL_POS] | [EVENT_N/A_ACTUAL_POS] --(BEFORE)--> [EVENT_N/A_ACTUAL_POS] | [EVENT_N/A_ACTUAL_POS] --(BEFORE)--> [EVENT_N/A_ACTUAL_POS],examen,BEFORE,bilan,BEFORE,bilan,BEFORE,retenue,,,,
129,61,FR100845,[EVENT_N/A_ACTUAL_POS] --(BEFORE)--> [EVENT_N/A_ACTUAL_POS] | [EVENT_N/A_ACTUAL_POS] --(BEFORE)--> [EVENT_N/A_ACTUAL_POS] | [EVENT_N/A_ACTUAL_POS] --(BEFORE)--> [EVENT_N/A_ACTUAL_POS],Consulte,BEFORE,examen,BEFORE,examen,BEFORE,échographie,,,,
129,61,FR100849,[EVENT_N/A_ACTUAL_POS] --(BEFORE)--> [EVENT_N/A_ACTUAL_POS] | [EVENT_N/A_ACTUAL_POS] --(BEFORE)--> [EVENT_N/A_ACTUAL_POS] | [EVENT_N/A_ACTUAL_POS] --(BEFORE)--> [EVENT_N/A_ACTUAL_POS],admission,BEFORE,tomodensitométrie,BEFORE,acheminé,BEFORE,suites,,,,
129,61,FR100870,[EVENT_N/A_ACTUAL_POS] --(BEFORE)--> [EVENT_N/A_ACTUAL_POS] | [EVENT_N/A_ACTUAL_POS] --(BEFORE)--> [EVENT_N/A_ACTUAL_POS] | [EVENT_N/A_ACTUAL_POS] --(BEFORE)--> [EVENT_N/A_ACTUAL_POS],retenu,BEFORE,radiothérapie,BEFORE,admis,BEFORE,imagerie,,,,
129,61,FR100874,[EVENT_N/A_ACTUAL_POS] --(BEFORE)--> [EVENT_N/A_ACTUAL_POS] | [EVENT_N/A_ACTUAL_POS] --(BEFORE)--> [EVENT_N/A_ACTUAL_POS] | [EVENT_N/A_ACTUAL_POS] --(BEFORE)--> [EVENT_N/A_ACTUAL_POS],tomodensitométrie,BEFORE,retenu,BEFORE,mise,BEFORE,diverticulectomie,,,,
129,61,FR100882,[EVENT_N/A_ACTUAL_POS] --(BEFORE)--> [EVENT_N/A_ACTUAL_POS] | [EVENT_N/A_ACTUAL_POS] --(BEFORE)--> [EVENT_N/A_ACTUAL_POS] | [EVENT_N/A_ACTUAL_POS] --(BEFORE)--> [EVENT_N/A_ACTUAL_POS],IRM,BEFORE,scanner,BEFORE,laminectomie,BEFORE,suites,,,,
129,61,FR100883,[EVENT_N/A_ACTUAL_POS] --(BEFORE)--> [EVENT_N/A_ACTUAL_POS] | [EVENT_N/A_ACTUAL_POS] --(BEFORE)--> [EVENT_N/A_ACTUAL_POS] | [EVENT_N/A_ACTUAL_POS] --(BEFORE)--> [EVENT_N/A_ACTUAL_POS],TDM,BEFORE,biopsie,BEFORE,bilan,BEFORE,reçu,,,,
129,61,FR100894,[EVENT_N/A_ACTUAL_POS] --(BEFORE)--> [EVENT_N/A_ACTUAL_POS] | [EVENT_N/A_ACTUAL_POS] --(BEFORE)--> [EVENT_N/A_ACTUAL_POS] | [EVENT_N/A_ACTUAL_POS] --(BEFORE)--> [EVENT_N/A_ACTUAL_POS],appuyés,BEFORE,diagnostic,BEFORE,pris,BEFORE,incision,,,,
129,61,FR100903,[EVENT_N/A_ACTUAL_POS] --(BEFORE)--> [EVENT_N/A_ACTUAL_POS] | [EVENT_N/A_ACTUAL_POS] --(BEFORE)--> [EVENT_N/A_ACTUAL_POS] | [EVENT_N/A_ACTUAL_POS] --(BEFORE)--> [EVENT_N/A_ACTUAL_POS],échographie,BEFORE,IRM,BEFORE,diagnostic,BEFORE,écarté,,,,
129,61,FR100946,[EVENT_N/A_ACTUAL_POS] --(BEFORE)--> [EVENT_N/A_ACTUAL_POS] | [EVENT_N/A_ACTUAL_POS] --(BEFORE)--> [EVENT_N/A_ACTUAL_POS] | [EVENT_N/A_ACTUAL_POS] --(BEFORE)--> [EVENT_N/A_ACTUAL_POS],IRM,BEFORE,analyse,BEFORE,mise,BEFORE,exérèse,,,,
129,61,FR100986,[EVENT_N/A_ACTUAL_POS] --(BEFORE)--> [EVENT_N/A_ACTUAL_POS] | [EVENT_N/A_ACTUAL_POS] --(BEFORE)--> [EVENT_N/A_ACTUAL_POS] | [EVENT_N/A_ACTUAL_POS] --(BEFORE)--> [EVENT_N/A_ACTUAL_POS],mise,BEFORE,hospitalisée,BEFORE,découverte,BEFORE,rapportons,,,,
129,61,FR100996,[EVENT_N/A_ACTUAL_POS] --(BEFORE)--> [EVENT_N/A_ACTUAL_POS] | [EVENT_N/A_ACTUAL_POS] --(BEFORE)--> [EVENT_N/A_ACTUAL_POS] | [EVENT_N/A_ACTUAL_POS] --(BEFORE)--> [EVENT_N/A_ACTUAL_POS],injection,BEFORE,retenu,BEFORE,chirurgical,BEFORE,suites,,,,
129,61,FR100998,[EVENT_N/A_ACTUAL_POS] --(BEFORE)--> [EVENT_N/A_ACTUAL_POS] | [EVENT_N/A_ACTUAL_POS] --(BEFORE)--> [EVENT_N/A_ACTUAL_POS] | [EVENT_N/A_ACTUAL_POS] --(BEFORE)--> [EVENT_N/A_ACTUAL_POS],test,BEFORE,diagnostic,BEFORE,traitée,BEFORE,bilan,,,,
25,56,FR100003,[EVENT_N/A_ACTUAL_POS] --(CONTAINS)--> [EVENT_N/A_ACTUAL_POS] | [EVENT_N/A_ACTUAL_POS] --(BEFORE)--> [EVENT_N/A_ACTUAL_POS] | [EVENT_N/A_ACTUAL_POS] --(BEFORE)--> [EVENT_N/A_ACTUAL_POS] | [EVENT_N/A_ACTUAL_POS] --(BEFORE)--> [EVENT_N/A_ACTUAL_POS],délabrement,CONTAINS,panoramique,BEFORE,ponction,BEFORE,examen,BEFORE,examen,,
25,56,FR100092,[EVENT_N/A_ACTUAL_POS] --(CONTAINS)--> [EVENT_N/A_ACTUAL_POS] | [EVENT_N/A_ACTUAL_POS] --(BEFORE)--> [EVENT_N/A_ACTUAL_POS] | [EVENT_N/A_ACTUAL_POS] --(BEFORE)--> [EVENT_N/A_ACTUAL_POS] | [EVENT_N/A_ACTUAL_POS] --(BEFORE)--> [EVENT_N/A_ACTUAL_POS],minilaparotomie,CONTAINS,reste,BEFORE,étude,BEFORE,suites,BEFORE,sortante,,
25,56,FR100120,[EVENT_N/A_ACTUAL_POS] --(CONTAINS)--> [EVENT_N/A_ACTUAL_POS] | [EVENT_N/A_ACTUAL_POS] --(BEFORE)--> [EVENT_N/A_ACTUAL_POS] | [EVENT_N/A_ACTUAL_POS] --(BEFORE)--> [EVENT_N/A_ACTUAL_POS] | [EVENT_N/A_ACTUAL_POS] --(BEFORE)--> [EVENT_N/A_ACTUAL_POS],retard,CONTAINS,rattaché,BEFORE,traitement,BEFORE,retirées,BEFORE,conclure,,
25,56,FR100130,[EVENT_N/A_ACTUAL_POS] --(CONTAINS)--> [EVENT_N/A_ACTUAL_POS] | [EVENT_N/A_ACTUAL_POS] --(BEFORE)--> [EVENT_N/A_ACTUAL_POS] | [EVENT_N/A_ACTUAL_POS] --(BEFORE)--> [EVENT_N/A_ACTUAL_POS] | [EVENT_N/A_ACTUAL_POS] --(BEFORE)--> [EVENT_N/A_ACTUAL_POS],sensibilité,CONTAINS,examen,BEFORE,biologie,BEFORE,glycémie,BEFORE,confirmé,,
25,56,FR100132,[EVENT_N/A_ACTUAL_POS] --(CONTAINS)--> [EVENT_N/A_ACTUAL_POS] | [EVENT_N/A_ACTUAL_POS] --(BEFORE)--> [EVENT_N/A_ACTUAL_POS] | [EVENT_N/A_ACTUAL_POS] --(BEFORE)--> [EVENT_N/A_ACTUAL_POS] | [EVENT_N/A_ACTUAL_POS] --(BEFORE)--> [EVENT_N/A_ACTUAL_POS],examen,CONTAINS,palpation,BEFORE,histologie,BEFORE,examen,BEFORE,écho-Doppler,,
25,56,FR100142,[EVENT_N/A_ACTUAL_POS] --(CONTAINS)--> [EVENT_N/A_ACTUAL_POS] | [EVENT_N/A_ACTUAL_POS] --(BEFORE)--> [EVENT_N/A_ACTUAL_POS] | [EVENT_N/A_ACTUAL_POS] --(BEFORE)--> [EVENT_N/A_ACTUAL_POS] | [EVENT_N/A_ACTUAL_POS] --(BEFORE)--> [EVENT_N/A_ACTUAL_POS],éléments,CONTAINS,biopsie,BEFORE,étude,BEFORE,sérologie,BEFORE,évolution,,
25,56,FR100161,[EVENT_N/A_ACTUAL_POS] --(CONTAINS)--> [EVENT_N/A_ACTUAL_POS] | [EVENT_N/A_ACTUAL_POS] --(BEFORE)--> [EVENT_N/A_ACTUAL_POS] | [EVENT_N/A_ACTUAL_POS] --(BEFORE)--> [EVENT_N/A_ACTUAL_POS] | [EVENT_N/A_ACTUAL_POS] --(BEFORE)--> [EVENT_N/A_ACTUAL_POS],sérologie,CONTAINS,examens,BEFORE,radiographie,BEFORE,complément,BEFORE,cortisol,,
25,56,FR100255,[EVENT_N/A_ACTUAL_POS] --(CONTAINS)--> [EVENT_N/A_ACTUAL_POS] | [EVENT_N/A_ACTUAL_POS] --(BEFORE)--> [EVENT_N/A_ACTUAL_POS] | [EVENT_N/A_ACTUAL_POS] --(BEFORE)--> [EVENT_N/A_ACTUAL_POS] | [EVENT_N/A_ACTUAL_POS] --(BEFORE)--> [EVENT_N/A_ACTUAL_POS],score,CONTAINS,examen,BEFORE,examen,BEFORE,échographie,BEFORE,mise,,
25,56,FR100275,[EVENT_N/A_ACTUAL_POS] --(CONTAINS)--> [EVENT_N/A_ACTUAL_POS] | [EVENT_N/A_ACTUAL_POS] --(BEFORE)--> [EVENT_N/A_ACTUAL_POS] | [EVENT_N/A_ACTUAL_POS] --(BEFORE)--> [EVENT_N/A_ACTUAL_POS] | [EVENT_N/A_ACTUAL_POS] --(BEFORE)--> [EVENT_N/A_ACTUAL_POS],voisin,CONTAINS,arrivée,BEFORE,établi,BEFORE,manœuvres,BEFORE,transféré,,
25,56,FR100276,[EVENT_N/A_ACTUAL_POS] --(CONTAINS)--> [EVENT_N/A_ACTUAL_POS] | [EVENT_N/A_ACTUAL_POS] --(BEFORE)--> [EVENT_N/A_ACTUAL_POS] | [EVENT_N/A_ACTUAL_POS] --(BEFORE)--> [EVENT_N/A_ACTUAL_POS] | [EVENT_N/A_ACTUAL_POS] --(BEFORE)--> [EVENT_N/A_ACTUAL_POS],aplasie,CONTAINS,accouchement,BEFORE,reste,BEFORE,bilan,BEFORE,régression,,
25,56,FR100283,[EVENT_N/A_ACTUAL_POS] --(CONTAINS)--> [EVENT_N/A_ACTUAL_POS] | [EVENT_N/A_ACTUAL_POS] --(BEFORE)--> [EVENT_N/A_ACTUAL_POS] | [EVENT_N/A_ACTUAL_POS] --(BEFORE)--> [EVENT_N/A_ACTUAL_POS] | [EVENT_N/A_ACTUAL_POS] --(BEFORE)--> [EVENT_N/A_ACTUAL_POS],sinusite,CONTAINS,IRM,BEFORE,hypophysiogramme,BEFORE,traitement,BEFORE,évolution,,
25,56,FR100296,[EVENT_N/A_ACTUAL_POS] --(CONTAINS)--> [EVENT_N/A_ACTUAL_POS] | [EVENT_N/A_ACTUAL_POS] --(BEFORE)--> [EVENT_N/A_ACTUAL_POS] | [EVENT_N/A_ACTUAL_POS] --(BEFORE)--> [EVENT_N/A_ACTUAL_POS] | [EVENT_N/A_ACTUAL_POS] --(BEFORE)--> [EVENT_N/A_ACTUAL_POS],phénomènes,CONTAINS,examen,BEFORE,IRM,BEFORE,fenestration,BEFORE,suites,,
25,56,FR100314,[EVENT_N/A_ACTUAL_POS] --(CONTAINS)--> [EVENT_N/A_ACTUAL_POS] | [EVENT_N/A_ACTUAL_POS] --(BEFORE)--> [EVENT_N/A_ACTUAL_POS] | [EVENT_N/A_ACTUAL_POS] --(BEFORE)--> [EVENT_N/A_ACTUAL_POS] | [EVENT_N/A_ACTUAL_POS] --(BEFORE)--> [EVENT_N/A_ACTUAL_POS],traumatisme,CONTAINS,admise,BEFORE,bilan,BEFORE,drainage,BEFORE,angio-scanner,,
25,56,FR100344,[EVENT_N/A_ACTUAL_POS] --(CONTAINS)--> [EVENT_N/A_ACTUAL_POS] | [EVENT_N/A_ACTUAL_POS] --(BEFORE)--> [EVENT_N/A_ACTUAL_POS] | [EVENT_N/A_ACTUAL_POS] --(BEFORE)--> [EVENT_N/A_ACTUAL_POS] | [EVENT_N/A_ACTUAL_POS] --(BEFORE)--> [EVENT_N/A_ACTUAL_POS],évolution,CONTAINS,déroulée,BEFORE,plainte,BEFORE,examen,BEFORE,césarienne,,
25,56,FR100346,[EVENT_N/A_ACTUAL_POS] --(CONTAINS)--> [EVENT_N/A_ACTUAL_POS] | [EVENT_N/A_ACTUAL_POS] --(BEFORE)--> [EVENT_N/A_ACTUAL_POS] | [EVENT_N/A_ACTUAL_POS] --(BEFORE)--> [EVENT_N/A_ACTUAL_POS] | [EVENT_N/A_ACTUAL_POS] --(BEFORE)--> [EVENT_N/A_ACTUAL_POS],lésions,CONTAINS,angioscanner,BEFORE,echo-dopler,BEFORE,IRM,BEFORE,scanner,,
25,56,FR100360,[EVENT_N/A_ACTUAL_POS] --(CONTAINS)--> [EVENT_N/A_ACTUAL_POS] | [EVENT_N/A_ACTUAL_POS] --(BEFORE)--> [EVENT_N/A_ACTUAL_POS] | [EVENT_N/A_ACTUAL_POS] --(BEFORE)--> [EVENT_N/A_ACTUAL_POS] | [EVENT_N/A_ACTUAL_POS] --(BEFORE)--> [EVENT_N/A_ACTUAL_POS],lésion,CONTAINS,tomodensitométrie,BEFORE,complément,BEFORE,biopsie,BEFORE,étude,,
25,56,FR100361,[EVENT_N/A_ACTUAL_POS] --(CONTAINS)--> [EVENT_N/A_ACTUAL_POS] | [EVENT_N/A_ACTUAL_POS] --(BEFORE)--> [EVENT_N/A_ACTUAL_POS] | [EVENT_N/A_ACTUAL_POS] --(BEFORE)--> [EVENT_N/A_ACTUAL_POS] | [EVENT_N/A_ACTUAL_POS] --(BEFORE)--> [EVENT_N/A_ACTUAL_POS],troubles,CONTAINS,admise,BEFORE,examen,BEFORE,TDM,BEFORE,ponction,,
25,56,FR100371,[EVENT_N/A_ACTUAL_POS] --(CONTAINS)--> [EVENT_N/A_ACTUAL_POS] | [EVENT_N/A_ACTUAL_POS] --(BEFORE)--> [EVENT_N/A_ACTUAL_POS] | [EVENT_N/A_ACTUAL_POS] --(BEFORE)--> [EVENT_N/A_ACTUAL_POS] | [EVENT_N/A_ACTUAL_POS] --(BEFORE)--> [EVENT_N/A_ACTUAL_POS],ablation,CONTAINS,incision,BEFORE,suite,BEFORE,sortie,BEFORE,perdue,,
25,56,FR100400,[EVENT_N/A_ACTUAL_POS] --(CONTAINS)--> [EVENT_N/A_ACTUAL_POS] | [EVENT_N/A_ACTUAL_POS] --(BEFORE)--> [EVENT_N/A_ACTUAL_POS] | [EVENT_N/A_ACTUAL_POS] --(BEFORE)--> [EVENT_N/A_ACTUAL_POS] | [EVENT_N/A_ACTUAL_POS] --(BEFORE)--> [EVENT_N/A_ACTUAL_POS],état,CONTAINS,examen,BEFORE,bilan,BEFORE,Radiographie,BEFORE,échographie,,
25,56,FR100439,[EVENT_N/A_ACTUAL_POS] --(CONTAINS)--> [EVENT_N/A_ACTUAL_POS] | [EVENT_N/A_ACTUAL_POS] --(BEFORE)--> [EVENT_N/A_ACTUAL_POS] | [EVENT_N/A_ACTUAL_POS] --(BEFORE)--> [EVENT_N/A_ACTUAL_POS] | [EVENT_N/A_ACTUAL_POS] --(BEFORE)--> [EVENT_N/A_ACTUAL_POS],anesthésie,CONTAINS,endoscopie,BEFORE,biopsies,BEFORE,envoyées,BEFORE,analyse,,
25,56,FR100480,[EVENT_N/A_ACTUAL_POS] --(CONTAINS)--> [EVENT_N/A_ACTUAL_POS] | [EVENT_N/A_ACTUAL_POS] --(BEFORE)--> [EVENT_N/A_ACTUAL_POS] | [EVENT_N/A_ACTUAL_POS] --(BEFORE)--> [EVENT_N/A_ACTUAL_POS] | [EVENT_N/A_ACTUAL_POS] --(BEFORE)--> [EVENT_N/A_ACTUAL_POS],mélanome,CONTAINS,analyse,BEFORE,amputation,BEFORE,examen,BEFORE,bilan,,
25,56,FR100515,[EVENT_N/A_ACTUAL_POS] --(CONTAINS)--> [EVENT_N/A_ACTUAL_POS] | [EVENT_N/A_ACTUAL_POS] --(BEFORE)--> [EVENT_N/A_ACTUAL_POS] | [EVENT_N/A_ACTUAL_POS] --(BEFORE)--> [EVENT_N/A_ACTUAL_POS] | [EVENT_N/A_ACTUAL_POS] --(BEFORE)--> [EVENT_N/A_ACTUAL_POS],déficit,CONTAINS,testing,BEFORE,dosage,BEFORE,bilan,BEFORE,biopsie,,
25,56,FR100517,[EVENT_N/A_ACTUAL_POS] --(CONTAINS)--> [EVENT_N/A_ACTUAL_POS] | [EVENT_N/A_ACTUAL_POS] --(BEFORE)--> [EVENT_N/A_ACTUAL_POS] | [EVENT_N/A_ACTUAL_POS] --(BEFORE)--> [EVENT_N/A_ACTUAL_POS] | [EVENT_N/A_ACTUAL_POS] --(BEFORE)--> [EVENT_N/A_ACTUAL_POS],syndrome,CONTAINS,bilan,BEFORE,électromyogramme,BEFORE,bilan,BEFORE,explorations,,
25,56,FR100519,[EVENT_N/A_ACTUAL_POS] --(CONTAINS)--> [EVENT_N/A_ACTUAL_POS] | [EVENT_N/A_ACTUAL_POS] --(BEFORE)--> [EVENT_N/A_ACTUAL_POS] | [EVENT_N/A_ACTUAL_POS] --(BEFORE)--> [EVENT_N/A_ACTUAL_POS] | [EVENT_N/A_ACTUAL_POS] --(BEFORE)--> [EVENT_N/A_ACTUAL_POS],opacité,CONTAINS,bilan,BEFORE,angioscanner,BEFORE,échodoppler,BEFORE,retenue,,
25,56,FR100579,[EVENT_N/A_ACTUAL_POS] --(CONTAINS)--> [EVENT_N/A_ACTUAL_POS] | [EVENT_N/A_ACTUAL_POS] --(BEFORE)--> [EVENT_N/A_ACTUAL_POS] | [EVENT_N/A_ACTUAL_POS] --(BEFORE)--> [EVENT_N/A_ACTUAL_POS] | [EVENT_N/A_ACTUAL_POS] --(BEFORE)--> [EVENT_N/A_ACTUAL_POS],consulte,CONTAINS,radiographie,BEFORE,échocardiographie,BEFORE,angio-scanner,BEFORE,imagerie,,
25,56,FR100589,[EVENT_N/A_ACTUAL_POS] --(CONTAINS)--> [EVENT_N/A_ACTUAL_POS] | [EVENT_N/A_ACTUAL_POS] --(BEFORE)--> [EVENT_N/A_ACTUAL_POS] | [EVENT_N/A_ACTUAL_POS] --(BEFORE)--> [EVENT_N/A_ACTUAL_POS] | [EVENT_N/A_ACTUAL_POS] --(BEFORE)--> [EVENT_N/A_ACTUAL_POS],pneumopathie,CONTAINS,diagnostic,BEFORE,corticothérapie,BEFORE,adressé,BEFORE,chimiothérapie,,
25,56,FR100597,[EVENT_N/A_ACTUAL_POS] --(CONTAINS)--> [EVENT_N/A_ACTUAL_POS] | [EVENT_N/A_ACTUAL_POS] --(BEFORE)--> [EVENT_N/A_ACTUAL_POS] | [EVENT_N/A_ACTUAL_POS] --(BEFORE)--> [EVENT_N/A_ACTUAL_POS] | [EVENT_N/A_ACTUAL_POS] --(BEFORE)--> [EVENT_N/A_ACTUAL_POS],consultation,CONTAINS,examen,BEFORE,examen,BEFORE,examen,BEFORE,toucher,,
25,56,FR100611,[EVENT_N/A_ACTUAL_POS] --(CONTAINS)--> [EVENT_N/A_ACTUAL_POS] | [EVENT_N/A_ACTUAL_POS] --(BEFORE)--> [EVENT_N/A_ACTUAL_POS] | [EVENT_N/A_ACTUAL_POS] --(BEFORE)--> [EVENT_N/A_ACTUAL_POS] | [EVENT_N/A_ACTUAL_POS] --(BEFORE)--> [EVENT_N/A_ACTUAL_POS],épaississement,CONTAINS,IRM,BEFORE,étude,BEFORE,examen,BEFORE,cultures,,
25,56,FR100614,[EVENT_N/A_ACTUAL_POS] --(CONTAINS)--> [EVENT_N/A_ACTUAL_POS] | [EVENT_N/A_ACTUAL_POS] --(BEFORE)--> [EVENT_N/A_ACTUAL_POS] | [EVENT_N/A_ACTUAL_POS] --(BEFORE)--> [EVENT_N/A_ACTUAL_POS] | [EVENT_N/A_ACTUAL_POS] --(BEFORE)--> [EVENT_N/A_ACTUAL_POS],kyste,CONTAINS,exploration,BEFORE,rupture,BEFORE,intervention,BEFORE,résection,,
25,56,FR100620,[EVENT_N/A_ACTUAL_POS] --(CONTAINS)--> [EVENT_N/A_ACTUAL_POS] | [EVENT_N/A_ACTUAL_POS] --(BEFORE)--> [EVENT_N/A_ACTUAL_POS] | [EVENT_N/A_ACTUAL_POS] --(BEFORE)--> [EVENT_N/A_ACTUAL_POS] | [EVENT_N/A_ACTUAL_POS] --(BEFORE)--> [EVENT_N/A_ACTUAL_POS],aspect,CONTAINS,bronchoscopie,BEFORE,bilan,BEFORE,bilan,BEFORE,bilan,,
25,56,FR100623,[EVENT_N/A_ACTUAL_POS] --(CONTAINS)--> [EVENT_N/A_ACTUAL_POS] | [EVENT_N/A_ACTUAL_POS] --(BEFORE)--> [EVENT_N/A_ACTUAL_POS] | [EVENT_N/A_ACTUAL_POS] --(BEFORE)--> [EVENT_N/A_ACTUAL_POS] | [EVENT_N/A_ACTUAL_POS] --(BEFORE)--> [EVENT_N/A_ACTUAL_POS],matières,CONTAINS,consulté,BEFORE,examen,BEFORE,échographie,BEFORE,tomodensitométrie,,
25,56,FR100629,[EVENT_N/A_ACTUAL_POS] --(CONTAINS)--> [EVENT_N/A_ACTUAL_POS] | [EVENT_N/A_ACTUAL_POS] --(BEFORE)--> [EVENT_N/A_ACTUAL_POS] | [EVENT_N/A_ACTUAL_POS] --(BEFORE)--> [EVENT_N/A_ACTUAL_POS] | [EVENT_N/A_ACTUAL_POS] --(BEFORE)--> [EVENT_N/A_ACTUAL_POS],syndrome,CONTAINS,examen,BEFORE,radiographie,BEFORE,thoracoscopie,BEFORE,marquage,,
25,56,FR100632,[EVENT_N/A_ACTUAL_POS] --(CONTAINS)--> [EVENT_N/A_ACTUAL_POS] | [EVENT_N/A_ACTUAL_POS] --(BEFORE)--> [EVENT_N/A_ACTUAL_POS] | [EVENT_N/A_ACTUAL_POS] --(BEFORE)--> [EVENT_N/A_ACTUAL_POS] | [EVENT_N/A_ACTUAL_POS] --(BEFORE)--> [EVENT_N/A_ACTUAL_POS],glycorachie,CONTAINS,étude,BEFORE,numération,BEFORE,bilan,BEFORE,enquête,,
25,56,FR100663,[EVENT_N/A_ACTUAL_POS] --(CONTAINS)--> [EVENT_N/A_ACTUAL_POS] | [EVENT_N/A_ACTUAL_POS] --(BEFORE)--> [EVENT_N/A_ACTUAL_POS] | [EVENT_N/A_ACTUAL_POS] --(BEFORE)--> [EVENT_N/A_ACTUAL_POS] | [EVENT_N/A_ACTUAL_POS] --(BEFORE)--> [EVENT_N/A_ACTUAL_POS],grossesse,CONTAINS,examen,BEFORE,examen,BEFORE,échographie,BEFORE,taux,,
25,56,FR100666,[EVENT_N/A_ACTUAL_POS] --(CONTAINS)--> [EVENT_N/A_ACTUAL_POS] | [EVENT_N/A_ACTUAL_POS] --(BEFORE)--> [EVENT_N/A_ACTUAL_POS] | [EVENT_N/A_ACTUAL_POS] --(BEFORE)--> [EVENT_N/A_ACTUAL_POS] | [EVENT_N/A_ACTUAL_POS] --(BEFORE)--> [EVENT_N/A_ACTUAL_POS],asymétrie,CONTAINS,examen,BEFORE,examen,BEFORE,palpation,BEFORE,radiographie,,
25,56,FR100683,[EVENT_N/A_ACTUAL_POS] --(CONTAINS)--> [EVENT_N/A_ACTUAL_POS] | [EVENT_N/A_ACTUAL_POS] --(BEFORE)--> [EVENT_N/A_ACTUAL_POS] | [EVENT_N/A_ACTUAL_POS] --(BEFORE)--> [EVENT_N/A_ACTUAL_POS] | [EVENT_N/A_ACTUAL_POS] --(BEFORE)--> [EVENT_N/A_ACTUAL_POS],indice,CONTAINS,examen,BEFORE,exploration,BEFORE,exploration,BEFORE,IRM,,
25,56,FR100688,[EVENT_N/A_ACTUAL_POS] --(CONTAINS)--> [EVENT_N/A_ACTUAL_POS] | [EVENT_N/A_ACTUAL_POS] --(BEFORE)--> [EVENT_N/A_ACTUAL_POS] | [EVENT_N/A_ACTUAL_POS] --(BEFORE)--> [EVENT_N/A_ACTUAL_POS] | [EVENT_N/A_ACTUAL_POS] --(BEFORE)--> [EVENT_N/A_ACTUAL_POS],poids,CONTAINS,examen,BEFORE,examen,BEFORE,examen,BEFORE,sérologie,,
25,56,FR100689,[EVENT_N/A_ACTUAL_POS] --(CONTAINS)--> [EVENT_N/A_ACTUAL_POS] | [EVENT_N/A_ACTUAL_POS] --(BEFORE)--> [EVENT_N/A_ACTUAL_POS] | [EVENT_N/A_ACTUAL_POS] --(BEFORE)--> [EVENT_N/A_ACTUAL_POS] | [EVENT_N/A_ACTUAL_POS] --(BEFORE)--> [EVENT_N/A_ACTUAL_POS],opacités,CONTAINS,scanner,BEFORE,hémogramme,BEFORE,ionogramme,BEFORE,examen,,
25,56,FR100697,[EVENT_N/A_ACTUAL_POS] --(CONTAINS)--> [EVENT_N/A_ACTUAL_POS] | [EVENT_N/A_ACTUAL_POS] --(BEFORE)--> [EVENT_N/A_ACTUAL_POS] | [EVENT_N/A_ACTUAL_POS] --(BEFORE)--> [EVENT_N/A_ACTUAL_POS] | [EVENT_N/A_ACTUAL_POS] --(BEFORE)--> [EVENT_N/A_ACTUAL_POS],lymphome,CONTAINS,tout,BEFORE,bilan,BEFORE,test,BEFORE,adressée,,
25,56,FR100708,[EVENT_N/A_ACTUAL_POS] --(CONTAINS)--> [EVENT_N/A_ACTUAL_POS] | [EVENT_N/A_ACTUAL_POS] --(BEFORE)--> [EVENT_N/A_ACTUAL_POS] | [EVENT_N/A_ACTUAL_POS] --(BEFORE)--> [EVENT_N/A_ACTUAL_POS] | [EVENT_N/A_ACTUAL_POS] --(BEFORE)--> [EVENT_N/A_ACTUAL_POS],consulté,CONTAINS,examen,BEFORE,mammographie,BEFORE,échographie,BEFORE,ponction,,
25,56,FR100717,[EVENT_N/A_ACTUAL_POS] --(CONTAINS)--> [EVENT_N/A_ACTUAL_POS] | [EVENT_N/A_ACTUAL_POS] --(BEFORE)--> [EVENT_N/A_ACTUAL_POS] | [EVENT_N/A_ACTUAL_POS] --(BEFORE)--> [EVENT_N/A_ACTUAL_POS] | [EVENT_N/A_ACTUAL_POS] --(BEFORE)--> [EVENT_N/A_ACTUAL_POS],Lasègue,CONTAINS,examen,BEFORE,examens,BEFORE,scanner,BEFORE,IRM,,
25,56,FR100748,[EVENT_N/A_ACTUAL_POS] --(CONTAINS)--> [EVENT_N/A_ACTUAL_POS] | [EVENT_N/A_ACTUAL_POS] --(BEFORE)--> [EVENT_N/A_ACTUAL_POS] | [EVENT_N/A_ACTUAL_POS] --(BEFORE)--> [EVENT_N/A_ACTUAL_POS] | [EVENT_N/A_ACTUAL_POS] --(BEFORE)--> [EVENT_N/A_ACTUAL_POS],hospitalisation,CONTAINS,indication,BEFORE,consultation,BEFORE,ASA,BEFORE,Nicardipine,,
25,56,FR100806,[EVENT_N/A_ACTUAL_POS] --(CONTAINS)--> [EVENT_N/A_ACTUAL_POS] | [EVENT_N/A_ACTUAL_POS] --(BEFORE)--> [EVENT_N/A_ACTUAL_POS] | [EVENT_N/A_ACTUAL_POS] --(BEFORE)--> [EVENT_N/A_ACTUAL_POS] | [EVENT_N/A_ACTUAL_POS] --(BEFORE)--> [EVENT_N/A_ACTUAL_POS],état,CONTAINS,examen,BEFORE,biologie,BEFORE,hospitalisée,BEFORE,transfusion,,
25,56,FR100814,[EVENT_N/A_ACTUAL_POS] --(CONTAINS)--> [EVENT_N/A_ACTUAL_POS] | [EVENT_N/A_ACTUAL_POS] --(BEFORE)--> [EVENT_N/A_ACTUAL_POS] | [EVENT_N/A_ACTUAL_POS] --(BEFORE)--> [EVENT_N/A_ACTUAL_POS] | [EVENT_N/A_ACTUAL_POS] --(BEFORE)--> [EVENT_N/A_ACTUAL_POS],processus,CONTAINS,IRM,BEFORE,diagnostic,BEFORE,réséquée,BEFORE,examen,,
25,56,FR100826,[EVENT_N/A_ACTUAL_POS] --(CONTAINS)--> [EVENT_N/A_ACTUAL_POS] | [EVENT_N/A_ACTUAL_POS] --(BEFORE)--> [EVENT_N/A_ACTUAL_POS] | [EVENT_N/A_ACTUAL_POS] --(BEFORE)--> [EVENT_N/A_ACTUAL_POS] | [EVENT_N/A_ACTUAL_POS] --(BEFORE)--> [EVENT_N/A_ACTUAL_POS],draine,CONTAINS,bilan,BEFORE,bilan,BEFORE,retenue,BEFORE,exploration,,
25,56,FR100845,[EVENT_N/A_ACTUAL_POS] --(CONTAINS)--> [EVENT_N/A_ACTUAL_POS] | [EVENT_N/A_ACTUAL_POS] --(BEFORE)--> [EVENT_N/A_ACTUAL_POS] | [EVENT_N/A_ACTUAL_POS] --(BEFORE)--> [EVENT_N/A_ACTUAL_POS] | [EVENT_N/A_ACTUAL_POS] --(BEFORE)--> [EVENT_N/A_ACTUAL_POS],hauteur,CONTAINS,examen,BEFORE,échographie,BEFORE,radiographie,BEFORE,décision,,
25,56,FR100849,[EVENT_N/A_ACTUAL_POS] --(CONTAINS)--> [EVENT_N/A_ACTUAL_POS] | [EVENT_N/A_ACTUAL_POS] --(BEFORE)--> [EVENT_N/A_ACTUAL_POS] | [EVENT_N/A_ACTUAL_POS] --(BEFORE)--> [EVENT_N/A_ACTUAL_POS] | [EVENT_N/A_ACTUAL_POS] --(BEFORE)--> [EVENT_N/A_ACTUAL_POS],IMC,CONTAINS,admission,BEFORE,tomodensitométrie,BEFORE,acheminé,BEFORE,suites,,
25,56,FR100870,[EVENT_N/A_ACTUAL_POS] --(CONTAINS)--> [EVENT_N/A_ACTUAL_POS] | [EVENT_N/A_ACTUAL_POS] --(BEFORE)--> [EVENT_N/A_ACTUAL_POS] | [EVENT_N/A_ACTUAL_POS] --(BEFORE)--> [EVENT_N/A_ACTUAL_POS] | [EVENT_N/A_ACTUAL_POS] --(BEFORE)--> [EVENT_N/A_ACTUAL_POS],anémie,CONTAINS,hémogramme,BEFORE,bilan,BEFORE,IRM,BEFORE,électrophorèse,,
25,56,FR100874,[EVENT_N/A_ACTUAL_POS] --(CONTAINS)--> [EVENT_N/A_ACTUAL_POS] | [EVENT_N/A_ACTUAL_POS] --(BEFORE)--> [EVENT_N/A_ACTUAL_POS] | [EVENT_N/A_ACTUAL_POS] --(BEFORE)--> [EVENT_N/A_ACTUAL_POS] | [EVENT_N/A_ACTUAL_POS] --(BEFORE)--> [EVENT_N/A_ACTUAL_POS],perte,CONTAINS,examen,BEFORE,hémogramme,BEFORE,fibroscopie,BEFORE,transit,,
25,56,FR100882,[EVENT_N/A_ACTUAL_POS] --(CONTAINS)--> [EVENT_N/A_ACTUAL_POS] | [EVENT_N/A_ACTUAL_POS] --(BEFORE)--> [EVENT_N/A_ACTUAL_POS] | [EVENT_N/A_ACTUAL_POS] --(BEFORE)--> [EVENT_N/A_ACTUAL_POS] | [EVENT_N/A_ACTUAL_POS] --(BEFORE)--> [EVENT_N/A_ACTUAL_POS],troubles,CONTAINS,admise,BEFORE,examen,BEFORE,examen,BEFORE,examen,,
25,56,FR100883,[EVENT_N/A_ACTUAL_POS] --(CONTAINS)--> [EVENT_N/A_ACTUAL_POS] | [EVENT_N/A_ACTUAL_POS] --(BEFORE)--> [EVENT_N/A_ACTUAL_POS] | [EVENT_N/A_ACTUAL_POS] --(BEFORE)--> [EVENT_N/A_ACTUAL_POS] | [EVENT_N/A_ACTUAL_POS] --(BEFORE)--> [EVENT_N/A_ACTUAL_POS],admission,CONTAINS,TDM,BEFORE,biopsie,BEFORE,bilan,BEFORE,reçu,,
25,56,FR100894,[EVENT_N/A_ACTUAL_POS] --(CONTAINS)--> [EVENT_N/A_ACTUAL_POS] | [EVENT_N/A_ACTUAL_POS] --(BEFORE)--> [EVENT_N/A_ACTUAL_POS] | [EVENT_N/A_ACTUAL_POS] --(BEFORE)--> [EVENT_N/A_ACTUAL_POS] | [EVENT_N/A_ACTUAL_POS] --(BEFORE)--> [EVENT_N/A_ACTUAL_POS],reçu,CONTAINS,appuyés,BEFORE,diagnostic,BEFORE,pris,BEFORE,incision,,
25,56,FR100903,[EVENT_N/A_ACTUAL_POS] --(CONTAINS)--> [EVENT_N/A_ACTUAL_POS] | [EVENT_N/A_ACTUAL_POS] --(BEFORE)--> [EVENT_N/A_ACTUAL_POS] | [EVENT_N/A_ACTUAL_POS] --(BEFORE)--> [EVENT_N/A_ACTUAL_POS] | [EVENT_N/A_ACTUAL_POS] --(BEFORE)--> [EVENT_N/A_ACTUAL_POS],allongés,CONTAINS,échographie,BEFORE,IRM,BEFORE,diagnostic,BEFORE,écarté,,
25,56,FR100946,[EVENT_N/A_ACTUAL_POS] --(CONTAINS)--> [EVENT_N/A_ACTUAL_POS] | [EVENT_N/A_ACTUAL_POS] --(BEFORE)--> [EVENT_N/A_ACTUAL_POS] | [EVENT_N/A_ACTUAL_POS] --(BEFORE)--> [EVENT_N/A_ACTUAL_POS] | [EVENT_N/A_ACTUAL_POS] --(BEFORE)--> [EVENT_N/A_ACTUAL_POS],tumeur,CONTAINS,analyse,BEFORE,mise,BEFORE,analyse,BEFORE,mise,,
25,56,FR100986,[EVENT_N/A_ACTUAL_POS] --(CONTAINS)--> [EVENT_N/A_ACTUAL_POS] | [EVENT_N/A_ACTUAL_POS] --(BEFORE)--> [EVENT_N/A_ACTUAL_POS] | [EVENT_N/A_ACTUAL_POS] --(BEFORE)--> [EVENT_N/A_ACTUAL_POS] | [EVENT_N/A_ACTUAL_POS] --(BEFORE)--> [EVENT_N/A_ACTUAL_POS],antécédents,CONTAINS,mise,BEFORE,hospitalisée,BEFORE,découverte,BEFORE,rapportons,,
25,56,FR100996,[EVENT_N/A_ACTUAL_POS] --(CONTAINS)--> [EVENT_N/A_ACTUAL_POS] | [EVENT_N/A_ACTUAL_POS] --(BEFORE)--> [EVENT_N/A_ACTUAL_POS] | [EVENT_N/A_ACTUAL_POS] --(BEFORE)--> [EVENT_N/A_ACTUAL_POS] | [EVENT_N/A_ACTUAL_POS] --(BEFORE)--> [EVENT_N/A_ACTUAL_POS],paroi,CONTAINS,injection,BEFORE,retenu,BEFORE,chirurgical,BEFORE,suites,,
13,55,FR100003,[EVENT_N/A_ACTUAL_POS] --(CONTAINS)--> [EVENT_N/A_ACTUAL_POS] | [EVENT_N/A_ACTUAL_POS] --(BEFORE)--> [EVENT_N/A_ACTUAL_POS],observation,CONTAINS,consulte,[RETOUR],observation,BEFORE,rapportons,,,,
13,55,FR100092,[EVENT_N/A_ACTUAL_POS] --(CONTAINS)--> [EVENT_N/A_ACTUAL_POS] | [EVENT_N/A_ACTUAL_POS] --(BEFORE)--> [EVENT_N/A_ACTUAL_POS],reste,CONTAINS,appendicectomie,[RETOUR],reste,BEFORE,étude,,,,
13,55,FR100130,[EVENT_N/A_ACTUAL_POS] --(CONTAINS)--> [EVENT_N/A_ACTUAL_POS] | [EVENT_N/A_ACTUAL_POS] --(BEFORE)--> [EVENT_N/A_ACTUAL_POS],bilan,CONTAINS,recherchée,[RETOUR],bilan,BEFORE,suspectée,,,,
13,55,FR100132,[EVENT_N/A_ACTUAL_POS] --(CONTAINS)--> [EVENT_N/A_ACTUAL_POS] | [EVENT_N/A_ACTUAL_POS] --(BEFORE)--> [EVENT_N/A_ACTUAL_POS],consultation,CONTAINS,référée,[RETOUR],consultation,BEFORE,examen,,,,
13,55,FR100161,[EVENT_N/A_ACTUAL_POS] --(CONTAINS)--> [EVENT_N/A_ACTUAL_POS] | [EVENT_N/A_ACTUAL_POS] --(BEFORE)--> [EVENT_N/A_ACTUAL_POS],examens,CONTAINS,Acti tests,[RETOUR],examens,BEFORE,radiographie,,,,
13,55,FR100168,[EVENT_N/A_ACTUAL_POS] --(CONTAINS)--> [EVENT_N/A_ACTUAL_POS] | [EVENT_N/A_ACTUAL_POS] --(BEFORE)--> [EVENT_N/A_ACTUAL_POS],tests,CONTAINS,temps,[RETOUR],tests,BEFORE,entretien,,,,
13,55,FR100255,[EVENT_N/A_ACTUAL_POS] --(CONTAINS)--> [EVENT_N/A_ACTUAL_POS] | [EVENT_N/A_ACTUAL_POS] --(BEFORE)--> [EVENT_N/A_ACTUAL_POS],bilan,CONTAINS,TCA,[RETOUR],bilan,BEFORE,expulsé,,,,
13,55,FR100275,[EVENT_N/A_ACTUAL_POS] --(CONTAINS)--> [EVENT_N/A_ACTUAL_POS] | [EVENT_N/A_ACTUAL_POS] --(BEFORE)--> [EVENT_N/A_ACTUAL_POS],manœuvres,CONTAINS,insufflations,[RETOUR],manœuvres,BEFORE,transféré,,,,
13,55,FR100276,[EVENT_N/A_ACTUAL_POS] --(CONTAINS)--> [EVENT_N/A_ACTUAL_POS] | [EVENT_N/A_ACTUAL_POS] --(BEFORE)--> [EVENT_N/A_ACTUAL_POS],biopsie,CONTAINS,examen,[RETOUR],biopsie,BEFORE,posé,,,,
13,55,FR100283,[EVENT_N/A_ACTUAL_POS] --(CONTAINS)--> [EVENT_N/A_ACTUAL_POS] | [EVENT_N/A_ACTUAL_POS] --(BEFORE)--> [EVENT_N/A_ACTUAL_POS],traitement,CONTAINS,antibiothérapie,[RETOUR],traitement,BEFORE,évolution,,,,
13,55,FR100296,[EVENT_N/A_ACTUAL_POS] --(CONTAINS)--> [EVENT_N/A_ACTUAL_POS] | [EVENT_N/A_ACTUAL_POS] --(BEFORE)--> [EVENT_N/A_ACTUAL_POS],fenestration,CONTAINS,geste,[RETOUR],fenestration,BEFORE,suites,,,,
13,55,FR100344,[EVENT_N/A_ACTUAL_POS] --(CONTAINS)--> [EVENT_N/A_ACTUAL_POS] | [EVENT_N/A_ACTUAL_POS] --(BEFORE)--> [EVENT_N/A_ACTUAL_POS],bilan,CONTAINS,échographie,[RETOUR],bilan,BEFORE,contrôle,,,,
13,55,FR100346,[EVENT_N/A_ACTUAL_POS] --(CONTAINS)--> [EVENT_N/A_ACTUAL_POS] | [EVENT_N/A_ACTUAL_POS] --(BEFORE)--> [EVENT_N/A_ACTUAL_POS],examen,CONTAINS,reste,[RETOUR],examen,BEFORE,gazométrie,,,,
13,55,FR100360,[EVENT_N/A_ACTUAL_POS] --(CONTAINS)--> [EVENT_N/A_ACTUAL_POS] | [EVENT_N/A_ACTUAL_POS] --(BEFORE)--> [EVENT_N/A_ACTUAL_POS],colpohystérectomie,CONTAINS,annexectomie,[RETOUR],colpohystérectomie,BEFORE,examen,,,,
13,55,FR100361,[EVENT_N/A_ACTUAL_POS] --(CONTAINS)--> [EVENT_N/A_ACTUAL_POS] | [EVENT_N/A_ACTUAL_POS] --(BEFORE)--> [EVENT_N/A_ACTUAL_POS],prolactinémie,CONTAINS,passée,[RETOUR],prolactinémie,BEFORE,améliorée,,,,
13,55,FR100371,[EVENT_N/A_ACTUAL_POS] --(CONTAINS)--> [EVENT_N/A_ACTUAL_POS] | [EVENT_N/A_ACTUAL_POS] --(BEFORE)--> [EVENT_N/A_ACTUAL_POS],bilan,CONTAINS,bilan,[RETOUR],bilan,BEFORE,bilan,,,,
13,55,FR100400,[EVENT_N/A_ACTUAL_POS] --(CONTAINS)--> [EVENT_N/A_ACTUAL_POS] | [EVENT_N/A_ACTUAL_POS] --(BEFORE)--> [EVENT_N/A_ACTUAL_POS],histoire,CONTAINS,douleurs,[RETOUR],histoire,BEFORE,examen,,,,
13,55,FR100448,[EVENT_N/A_ACTUAL_POS] --(CONTAINS)--> [EVENT_N/A_ACTUAL_POS] | [EVENT_N/A_ACTUAL_POS] --(BEFORE)--> [EVENT_N/A_ACTUAL_POS],examen,CONTAINS,reste,[RETOUR],examen,BEFORE,échotomographie,,,,
13,55,FR100515,[EVENT_N/A_ACTUAL_POS] --(CONTAINS)--> [EVENT_N/A_ACTUAL_POS] | [EVENT_N/A_ACTUAL_POS] --(BEFORE)--> [EVENT_N/A_ACTUAL_POS],bilan,CONTAINS,recherche,[RETOUR],bilan,BEFORE,bilan,,,,
13,55,FR100517,[EVENT_N/A_ACTUAL_POS] --(CONTAINS)--> [EVENT_N/A_ACTUAL_POS] | [EVENT_N/A_ACTUAL_POS] --(BEFORE)--> [EVENT_N/A_ACTUAL_POS],bilan,CONTAINS,radiographie,[RETOUR],bilan,BEFORE,mise,,,,
13,55,FR100519,[EVENT_N/A_ACTUAL_POS] --(CONTAINS)--> [EVENT_N/A_ACTUAL_POS] | [EVENT_N/A_ACTUAL_POS] --(BEFORE)--> [EVENT_N/A_ACTUAL_POS],bilan,CONTAINS,radiographie,[RETOUR],bilan,BEFORE,angioscanner,,,,
13,55,FR100579,[EVENT_N/A_ACTUAL_POS] --(CONTAINS)--> [EVENT_N/A_ACTUAL_POS] | [EVENT_N/A_ACTUAL_POS] --(BEFORE)--> [EVENT_N/A_ACTUAL_POS],consulte,CONTAINS,radiographie,[RETOUR],consulte,BEFORE,rapportent,,,,
13,55,FR100589,[EVENT_N/A_ACTUAL_POS] --(CONTAINS)--> [EVENT_N/A_ACTUAL_POS] | [EVENT_N/A_ACTUAL_POS] --(BEFORE)--> [EVENT_N/A_ACTUAL_POS],lavage,CONTAINS,recherche,[RETOUR],lavage,BEFORE,biopsies,,,,
13,55,FR100597,[EVENT_N/A_ACTUAL_POS] --(CONTAINS)--> [EVENT_N/A_ACTUAL_POS] | [EVENT_N/A_ACTUAL_POS] --(BEFORE)--> [EVENT_N/A_ACTUAL_POS],suites,CONTAINS,transfert,[RETOUR],suites,BEFORE,décédée,,,,
13,55,FR100603,[EVENT_N/A_ACTUAL_POS] --(CONTAINS)--> [EVENT_N/A_ACTUAL_POS] | [EVENT_N/A_ACTUAL_POS] --(BEFORE)--> [EVENT_N/A_ACTUAL_POS],chirurgie,CONTAINS,remplacée,[RETOUR],chirurgie,BEFORE,hémocultures,,,,
13,55,FR100611,[EVENT_N/A_ACTUAL_POS] --(CONTAINS)--> [EVENT_N/A_ACTUAL_POS] | [EVENT_N/A_ACTUAL_POS] --(BEFORE)--> [EVENT_N/A_ACTUAL_POS],TDM,CONTAINS,image,[RETOUR],TDM,BEFORE,biopsie,,,,
13,55,FR100614,[EVENT_N/A_ACTUAL_POS] --(CONTAINS)--> [EVENT_N/A_ACTUAL_POS] | [EVENT_N/A_ACTUAL_POS] --(BEFORE)--> [EVENT_N/A_ACTUAL_POS],intervention,CONTAINS,éviter,[RETOUR],intervention,BEFORE,résection,,,,
13,55,FR100620,[EVENT_N/A_ACTUAL_POS] --(CONTAINS)--> [EVENT_N/A_ACTUAL_POS] | [EVENT_N/A_ACTUAL_POS] --(BEFORE)--> [EVENT_N/A_ACTUAL_POS],bronchoscopie,CONTAINS,biopsies,[RETOUR],bronchoscopie,BEFORE,bilan,,,,
13,55,FR100629,[EVENT_N/A_ACTUAL_POS] --(CONTAINS)--> [EVENT_N/A_ACTUAL_POS] | [EVENT_N/A_ACTUAL_POS] --(BEFORE)--> [EVENT_N/A_ACTUAL_POS],thoracoscopie,CONTAINS,biopsie,[RETOUR],thoracoscopie,BEFORE,marquage,,,,
13,55,FR100632,[EVENT_N/A_ACTUAL_POS] --(CONTAINS)--> [EVENT_N/A_ACTUAL_POS] | [EVENT_N/A_ACTUAL_POS] --(BEFORE)--> [EVENT_N/A_ACTUAL_POS],examen,CONTAINS,constantes,[RETOUR],examen,BEFORE,examen,,,,
13,55,FR100658,[EVENT_N/A_ACTUAL_POS] --(CONTAINS)--> [EVENT_N/A_ACTUAL_POS] | [EVENT_N/A_ACTUAL_POS] --(BEFORE)--> [EVENT_N/A_ACTUAL_POS],auscultation,CONTAINS,fréquence,[RETOUR],auscultation,BEFORE,examens,,,,
13,55,FR100663,[EVENT_N/A_ACTUAL_POS] --(CONTAINS)--> [EVENT_N/A_ACTUAL_POS] | [EVENT_N/A_ACTUAL_POS] --(BEFORE)--> [EVENT_N/A_ACTUAL_POS],bilan,CONTAINS,Numération,[RETOUR],bilan,BEFORE,répétée,,,,
13,55,FR100666,[EVENT_N/A_ACTUAL_POS] --(CONTAINS)--> [EVENT_N/A_ACTUAL_POS] | [EVENT_N/A_ACTUAL_POS] --(BEFORE)--> [EVENT_N/A_ACTUAL_POS],polychimiothérapie,CONTAINS,COP,[RETOUR],polychimiothérapie,BEFORE,COPADEM,,,,
13,55,FR100688,[EVENT_N/A_ACTUAL_POS] --(CONTAINS)--> [EVENT_N/A_ACTUAL_POS] | [EVENT_N/A_ACTUAL_POS] --(BEFORE)--> [EVENT_N/A_ACTUAL_POS],traitement,CONTAINS,phase,[RETOUR],traitement,BEFORE,évolution,,,,
13,55,FR100689,[EVENT_N/A_ACTUAL_POS] --(CONTAINS)--> [EVENT_N/A_ACTUAL_POS] | [EVENT_N/A_ACTUAL_POS] --(BEFORE)--> [EVENT_N/A_ACTUAL_POS],IRM,CONTAINS,injection,[RETOUR],IRM,BEFORE,étude,,,,
13,55,FR100697,[EVENT_N/A_ACTUAL_POS] --(CONTAINS)--> [EVENT_N/A_ACTUAL_POS] | [EVENT_N/A_ACTUAL_POS] --(BEFORE)--> [EVENT_N/A_ACTUAL_POS],bilan,CONTAINS,échographie,[RETOUR],bilan,BEFORE,test,,,,
13,55,FR100708,[EVENT_N/A_ACTUAL_POS] --(CONTAINS)--> [EVENT_N/A_ACTUAL_POS] | [EVENT_N/A_ACTUAL_POS] --(BEFORE)--> [EVENT_N/A_ACTUAL_POS],ponction,CONTAINS,ramenant,[RETOUR],ponction,BEFORE,étude,,,,
13,55,FR100748,[EVENT_N/A_ACTUAL_POS] --(CONTAINS)--> [EVENT_N/A_ACTUAL_POS] | [EVENT_N/A_ACTUAL_POS] --(BEFORE)--> [EVENT_N/A_ACTUAL_POS],consultation,CONTAINS,examen,[RETOUR],consultation,BEFORE,ASA,,,,
13,55,FR100766,[EVENT_N/A_ACTUAL_POS] --(CONTAINS)--> [EVENT_N/A_ACTUAL_POS] | [EVENT_N/A_ACTUAL_POS] --(BEFORE)--> [EVENT_N/A_ACTUAL_POS],amputation,CONTAINS,confection,[RETOUR],amputation,BEFORE,décision,,,,
13,55,FR100780,[EVENT_N/A_ACTUAL_POS] --(CONTAINS)--> [EVENT_N/A_ACTUAL_POS] | [EVENT_N/A_ACTUAL_POS] --(BEFORE)--> [EVENT_N/A_ACTUAL_POS],examen,CONTAINS,tension,[RETOUR],examen,BEFORE,toucher,,,,
13,55,FR100806,[EVENT_N/A_ACTUAL_POS] --(CONTAINS)--> [EVENT_N/A_ACTUAL_POS] | [EVENT_N/A_ACTUAL_POS] --(BEFORE)--> [EVENT_N/A_ACTUAL_POS],biologie,CONTAINS,NFS,[RETOUR],biologie,BEFORE,hospitalisée,,,,
13,55,FR100814,[EVENT_N/A_ACTUAL_POS] --(CONTAINS)--> [EVENT_N/A_ACTUAL_POS] | [EVENT_N/A_ACTUAL_POS] --(BEFORE)--> [EVENT_N/A_ACTUAL_POS],IRM,CONTAINS,injection,[RETOUR],IRM,BEFORE,diagnostic,,,,
13,55,FR100826,[EVENT_N/A_ACTUAL_POS] --(CONTAINS)--> [EVENT_N/A_ACTUAL_POS] | [EVENT_N/A_ACTUAL_POS] --(BEFORE)--> [EVENT_N/A_ACTUAL_POS],bilan,CONTAINS,tomodensitométrie,[RETOUR],bilan,BEFORE,bilan,,,,
13,55,FR100845,[EVENT_N/A_ACTUAL_POS] --(CONTAINS)--> [EVENT_N/A_ACTUAL_POS] | [EVENT_N/A_ACTUAL_POS] --(BEFORE)--> [EVENT_N/A_ACTUAL_POS],examinés,CONTAINS,examen,[RETOUR],examinés,BEFORE,détresse,,,,
13,55,FR100849,[EVENT_N/A_ACTUAL_POS] --(CONTAINS)--> [EVENT_N/A_ACTUAL_POS] | [EVENT_N/A_ACTUAL_POS] --(BEFORE)--> [EVENT_N/A_ACTUAL_POS],admission,CONTAINS,examen,[RETOUR],admission,BEFORE,tomodensitométrie,,,,
13,55,FR100870,[EVENT_N/A_ACTUAL_POS] --(CONTAINS)--> [EVENT_N/A_ACTUAL_POS] | [EVENT_N/A_ACTUAL_POS] --(BEFORE)--> [EVENT_N/A_ACTUAL_POS],électrophorèse,CONTAINS,découverte,[RETOUR],électrophorèse,BEFORE,immunosoustraction,,,,
13,55,FR100874,[EVENT_N/A_ACTUAL_POS] --(CONTAINS)--> [EVENT_N/A_ACTUAL_POS] | [EVENT_N/A_ACTUAL_POS] --(BEFORE)--> [EVENT_N/A_ACTUAL_POS],examen,CONTAINS,constantes,[RETOUR],examen,BEFORE,hémogramme,,,,
13,55,FR100903,[EVENT_N/A_ACTUAL_POS] --(CONTAINS)--> [EVENT_N/A_ACTUAL_POS] | [EVENT_N/A_ACTUAL_POS] --(BEFORE)--> [EVENT_N/A_ACTUAL_POS],échographie,CONTAINS,visualisation,[RETOUR],échographie,BEFORE,IRM,,,,
13,55,FR100919,[EVENT_N/A_ACTUAL_POS] --(CONTAINS)--> [EVENT_N/A_ACTUAL_POS] | [EVENT_N/A_ACTUAL_POS] --(BEFORE)--> [EVENT_N/A_ACTUAL_POS],correction,CONTAINS,injection,[RETOUR],correction,BEFORE,normalisation,,,,
13,55,FR100930,[EVENT_N/A_ACTUAL_POS] --(CONTAINS)--> [EVENT_N/A_ACTUAL_POS] | [EVENT_N/A_ACTUAL_POS] --(BEFORE)--> [EVENT_N/A_ACTUAL_POS],admis,CONTAINS,recours,[RETOUR],admis,BEFORE,rapportons,,,,
13,55,FR100946,[EVENT_N/A_ACTUAL_POS] --(CONTAINS)--> [EVENT_N/A_ACTUAL_POS] | [EVENT_N/A_ACTUAL_POS] --(BEFORE)--> [EVENT_N/A_ACTUAL_POS],IRM,CONTAINS,prise,[RETOUR],IRM,BEFORE,analyse,,,,
13,55,FR100959,[EVENT_N/A_ACTUAL_POS] --(CONTAINS)--> [EVENT_N/A_ACTUAL_POS] | [EVENT_N/A_ACTUAL_POS] --(BEFORE)--> [EVENT_N/A_ACTUAL_POS],œsophagoscopie,CONTAINS,permis,[RETOUR],œsophagoscopie,BEFORE,Transit,,,,
13,55,FR100994,[EVENT_N/A_ACTUAL_POS] --(CONTAINS)--> [EVENT_N/A_ACTUAL_POS] | [EVENT_N/A_ACTUAL_POS] --(BEFORE)--> [EVENT_N/A_ACTUAL_POS],observation,CONTAINS,suivi,[RETOUR],observation,BEFORE,relatons,,,,
13,55,FR100998,[EVENT_N/A_ACTUAL_POS] --(CONTAINS)--> [EVENT_N/A_ACTUAL_POS] | [EVENT_N/A_ACTUAL_POS] --(BEFORE)--> [EVENT_N/A_ACTUAL_POS],traitée,CONTAINS,développé,[RETOUR],traitée,BEFORE,bilan,,,,
189,55,FR100003,[EVENT_N/A_ACTUAL_POS] --(BEFORE)--> [EVENT_N/A_ACTUAL_POS] | [EVENT_N/A_ACTUAL_POS] --(BEFORE)--> [EVENT_N/A_ACTUAL_POS],drainage,BEFORE,extraction,[RETOUR],drainage,BEFORE,traitement,,,,
189,55,FR100120,[EVENT_N/A_ACTUAL_POS] --(BEFORE)--> [EVENT_N/A_ACTUAL_POS] | [EVENT_N/A_ACTUAL_POS] --(BEFORE)--> [EVENT_N/A_ACTUAL_POS],traitement,BEFORE,sailli,[RETOUR],traitement,BEFORE,retirées,,,,
189,55,FR100130,[EVENT_N/A_ACTUAL_POS] --(BEFORE)--> [EVENT_N/A_ACTUAL_POS] | [EVENT_N/A_ACTUAL_POS] --(BEFORE)--> [EVENT_N/A_ACTUAL_POS],glycémie,BEFORE,confirmé,[RETOUR],glycémie,BEFORE,bilan,,,,
189,55,FR100142,[EVENT_N/A_ACTUAL_POS] --(BEFORE)--> [EVENT_N/A_ACTUAL_POS] | [EVENT_N/A_ACTUAL_POS] --(BEFORE)--> [EVENT_N/A_ACTUAL_POS],mis,BEFORE,évolution,[RETOUR],mis,BEFORE,bithérapie,,,,
189,55,FR100161,[EVENT_N/A_ACTUAL_POS] --(BEFORE)--> [EVENT_N/A_ACTUAL_POS] | [EVENT_N/A_ACTUAL_POS] --(BEFORE)--> [EVENT_N/A_ACTUAL_POS],cortisol,BEFORE,cortisol,[RETOUR],cortisol,BEFORE,dérivés,,,,
189,55,FR100168,[EVENT_N/A_ACTUAL_POS] --(BEFORE)--> [EVENT_N/A_ACTUAL_POS] | [EVENT_N/A_ACTUAL_POS] --(BEFORE)--> [EVENT_N/A_ACTUAL_POS],examen,BEFORE,ostéosynthèse,[RETOUR],examen,BEFORE,bilan,,,,
189,55,FR100227,[EVENT_N/A_ACTUAL_POS] --(BEFORE)--> [EVENT_N/A_ACTUAL_POS] | [EVENT_N/A_ACTUAL_POS] --(BEFORE)--> [EVENT_N/A_ACTUAL_POS],chirurgie,BEFORE,présentons,[RETOUR],chirurgie,BEFORE,bilan,,,,
189,55,FR100255,[EVENT_N/A_ACTUAL_POS] --(BEFORE)--> [EVENT_N/A_ACTUAL_POS] | [EVENT_N/A_ACTUAL_POS] --(BEFORE)--> [EVENT_N/A_ACTUAL_POS],mise,BEFORE,réveillée,[RETOUR],mise,BEFORE,traitement,,,,
189,55,FR100276,[EVENT_N/A_ACTUAL_POS] --(BEFORE)--> [EVENT_N/A_ACTUAL_POS] | [EVENT_N/A_ACTUAL_POS] --(BEFORE)--> [EVENT_N/A_ACTUAL_POS],accouchement,BEFORE,poids,[RETOUR],accouchement,BEFORE,reste,,,,
189,55,FR100282,[EVENT_N/A_ACTUAL_POS] --(BEFORE)--> [EVENT_N/A_ACTUAL_POS] | [EVENT_N/A_ACTUAL_POS] --(BEFORE)--> [EVENT_N/A_ACTUAL_POS],monothérapie,BEFORE,consulte,[RETOUR],monothérapie,BEFORE,multithérapie,,,,
189,55,FR100283,[EVENT_N/A_ACTUAL_POS] --(BEFORE)--> [EVENT_N/A_ACTUAL_POS] | [EVENT_N/A_ACTUAL_POS] --(BEFORE)--> [EVENT_N/A_ACTUAL_POS],bilan,BEFORE,IRM,[RETOUR],bilan,BEFORE,ponction,,,,
189,55,FR100344,[EVENT_N/A_ACTUAL_POS] --(BEFORE)--> [EVENT_N/A_ACTUAL_POS] | [EVENT_N/A_ACTUAL_POS] --(BEFORE)--> [EVENT_N/A_ACTUAL_POS],développé,BEFORE,suivie,[RETOUR],développé,BEFORE,contrôle,,,,
189,55,FR100360,[EVENT_N/A_ACTUAL_POS] --(BEFORE)--> [EVENT_N/A_ACTUAL_POS] | [EVENT_N/A_ACTUAL_POS] --(BEFORE)--> [EVENT_N/A_ACTUAL_POS],curage,BEFORE,radiothérapie,[RETOUR],curage,BEFORE,classée,,,,
189,55,FR100371,[EVENT_N/A_ACTUAL_POS] --(BEFORE)--> [EVENT_N/A_ACTUAL_POS] | [EVENT_N/A_ACTUAL_POS] --(BEFORE)--> [EVENT_N/A_ACTUAL_POS],incision,BEFORE,envoyée,[RETOUR],incision,BEFORE,suite,,,,
189,55,FR100400,[EVENT_N/A_ACTUAL_POS] --(BEFORE)--> [EVENT_N/A_ACTUAL_POS] | [EVENT_N/A_ACTUAL_POS] --(BEFORE)--> [EVENT_N/A_ACTUAL_POS],histoire,BEFORE,examen,[RETOUR],histoire,BEFORE,admise,,,,
189,55,FR100439,[EVENT_N/A_ACTUAL_POS] --(BEFORE)--> [EVENT_N/A_ACTUAL_POS] | [EVENT_N/A_ACTUAL_POS] --(BEFORE)--> [EVENT_N/A_ACTUAL_POS],nasofibroscopie,BEFORE,contrôles,[RETOUR],nasofibroscopie,BEFORE,scanner,,,,
189,55,FR100480,[EVENT_N/A_ACTUAL_POS] --(BEFORE)--> [EVENT_N/A_ACTUAL_POS] | [EVENT_N/A_ACTUAL_POS] --(BEFORE)--> [EVENT_N/A_ACTUAL_POS],installation,BEFORE,bilan,[RETOUR],installation,BEFORE,consulté,,,,
189,55,FR100510,[EVENT_N/A_ACTUAL_POS] --(BEFORE)--> [EVENT_N/A_ACTUAL_POS] | [EVENT_N/A_ACTUAL_POS] --(BEFORE)--> [EVENT_N/A_ACTUAL_POS],décision,BEFORE,exerce,[RETOUR],décision,BEFORE,intervention,,,,
189,55,FR100515,[EVENT_N/A_ACTUAL_POS] --(BEFORE)--> [EVENT_N/A_ACTUAL_POS] | [EVENT_N/A_ACTUAL_POS] --(BEFORE)--> [EVENT_N/A_ACTUAL_POS],résistance,BEFORE,traitement,[RETOUR],résistance,BEFORE,évolution,,,,
189,55,FR100519,[EVENT_N/A_ACTUAL_POS] --(BEFORE)--> [EVENT_N/A_ACTUAL_POS] | [EVENT_N/A_ACTUAL_POS] --(BEFORE)--> [EVENT_N/A_ACTUAL_POS],admise,BEFORE,admise,[RETOUR],admise,BEFORE,évolution,,,,
189,55,FR100579,[EVENT_N/A_ACTUAL_POS] --(BEFORE)--> [EVENT_N/A_ACTUAL_POS] | [EVENT_N/A_ACTUAL_POS] --(BEFORE)--> [EVENT_N/A_ACTUAL_POS],bilan,BEFORE,recherche,[RETOUR],bilan,BEFORE,étude,,,,
189,55,FR100589,[EVENT_N/A_ACTUAL_POS] --(BEFORE)--> [EVENT_N/A_ACTUAL_POS] | [EVENT_N/A_ACTUAL_POS] --(BEFORE)--> [EVENT_N/A_ACTUAL_POS],caryotype,BEFORE,biopsie,[RETOUR],caryotype,BEFORE,sérologie,,,,
189,55,FR100597,[EVENT_N/A_ACTUAL_POS] --(BEFORE)--> [EVENT_N/A_ACTUAL_POS] | [EVENT_N/A_ACTUAL_POS] --(BEFORE)--> [EVENT_N/A_ACTUAL_POS],accouchements,BEFORE,ligature,[RETOUR],accouchements,BEFORE,ménopausée,,,,
189,55,FR100611,[EVENT_N/A_ACTUAL_POS] --(BEFORE)--> [EVENT_N/A_ACTUAL_POS] | [EVENT_N/A_ACTUAL_POS] --(BEFORE)--> [EVENT_N/A_ACTUAL_POS],examen,BEFORE,cultures,[RETOUR],examen,BEFORE,PCR,,,,
189,55,FR100614,[EVENT_N/A_ACTUAL_POS] --(BEFORE)--> [EVENT_N/A_ACTUAL_POS] | [EVENT_N/A_ACTUAL_POS] --(BEFORE)--> [EVENT_N/A_ACTUAL_POS],sérologie,BEFORE,traitement,[RETOUR],sérologie,BEFORE,suivie,,,,
189,55,FR100620,[EVENT_N/A_ACTUAL_POS] --(BEFORE)--> [EVENT_N/A_ACTUAL_POS] | [EVENT_N/A_ACTUAL_POS] --(BEFORE)--> [EVENT_N/A_ACTUAL_POS],pleurodèse,BEFORE,biopsie,[RETOUR],pleurodèse,BEFORE,biopsie,,,,
189,55,FR100623,[EVENT_N/A_ACTUAL_POS] --(BEFORE)--> [EVENT_N/A_ACTUAL_POS] | [EVENT_N/A_ACTUAL_POS] --(BEFORE)--> [EVENT_N/A_ACTUAL_POS],consulté,BEFORE,examen,[RETOUR],consulté,BEFORE,rapportons,,,,
189,55,FR100629,[EVENT_N/A_ACTUAL_POS] --(BEFORE)--> [EVENT_N/A_ACTUAL_POS] | [EVENT_N/A_ACTUAL_POS] --(BEFORE)--> [EVENT_N/A_ACTUAL_POS],marquage,BEFORE,étude,[RETOUR],marquage,BEFORE,bilan,,,,
189,55,FR100632,[EVENT_N/A_ACTUAL_POS] --(BEFORE)--> [EVENT_N/A_ACTUAL_POS] | [EVENT_N/A_ACTUAL_POS] --(BEFORE)--> [EVENT_N/A_ACTUAL_POS],numération,BEFORE,vitesse,[RETOUR],numération,BEFORE,bilan,,,,
189,55,FR100663,[EVENT_N/A_ACTUAL_POS] --(BEFORE)--> [EVENT_N/A_ACTUAL_POS] | [EVENT_N/A_ACTUAL_POS] --(BEFORE)--> [EVENT_N/A_ACTUAL_POS],ligature,BEFORE,décollé,[RETOUR],ligature,BEFORE,incisée,,,,
189,55,FR100666,[EVENT_N/A_ACTUAL_POS] --(BEFORE)--> [EVENT_N/A_ACTUAL_POS] | [EVENT_N/A_ACTUAL_POS] --(BEFORE)--> [EVENT_N/A_ACTUAL_POS],biopsie,BEFORE,étude,[RETOUR],biopsie,BEFORE,examen,,,,
189,55,FR100683,[EVENT_N/A_ACTUAL_POS] --(BEFORE)--> [EVENT_N/A_ACTUAL_POS] | [EVENT_N/A_ACTUAL_POS] --(BEFORE)--> [EVENT_N/A_ACTUAL_POS],osteodensitométrie,BEFORE,traitée,[RETOUR],osteodensitométrie,BEFORE,IRM,,,,
189,55,FR100688,[EVENT_N/A_ACTUAL_POS] --(BEFORE)--> [EVENT_N/A_ACTUAL_POS] | [EVENT_N/A_ACTUAL_POS] --(BEFORE)--> [EVENT_N/A_ACTUAL_POS],sérologie,BEFORE,radiographie,[RETOUR],sérologie,BEFORE,intradermoréaction,,,,
189,55,FR100689,[EVENT_N/A_ACTUAL_POS] --(BEFORE)--> [EVENT_N/A_ACTUAL_POS] | [EVENT_N/A_ACTUAL_POS] --(BEFORE)--> [EVENT_N/A_ACTUAL_POS],retenu,BEFORE,évolution,[RETOUR],retenu,BEFORE,traitement,,,,
189,55,FR100697,[EVENT_N/A_ACTUAL_POS] --(BEFORE)--> [EVENT_N/A_ACTUAL_POS] | [EVENT_N/A_ACTUAL_POS] --(BEFORE)--> [EVENT_N/A_ACTUAL_POS],examen,BEFORE,mammographie,[RETOUR],examen,BEFORE,reste,,,,
189,55,FR100708,[EVENT_N/A_ACTUAL_POS] --(BEFORE)--> [EVENT_N/A_ACTUAL_POS] | [EVENT_N/A_ACTUAL_POS] --(BEFORE)--> [EVENT_N/A_ACTUAL_POS],demandée,BEFORE,tests,[RETOUR],demandée,BEFORE,IRM,,,,
189,55,FR100748,[EVENT_N/A_ACTUAL_POS] --(BEFORE)--> [EVENT_N/A_ACTUAL_POS] | [EVENT_N/A_ACTUAL_POS] --(BEFORE)--> [EVENT_N/A_ACTUAL_POS],mobilisation,BEFORE,résection,[RETOUR],mobilisation,BEFORE,suites,,,,
189,55,FR100766,[EVENT_N/A_ACTUAL_POS] --(BEFORE)--> [EVENT_N/A_ACTUAL_POS] | [EVENT_N/A_ACTUAL_POS] --(BEFORE)--> [EVENT_N/A_ACTUAL_POS],retenu,BEFORE,bénéficié,[RETOUR],retenu,BEFORE,traitement,,,,
189,55,FR100780,[EVENT_N/A_ACTUAL_POS] --(BEFORE)--> [EVENT_N/A_ACTUAL_POS] | [EVENT_N/A_ACTUAL_POS] --(BEFORE)--> [EVENT_N/A_ACTUAL_POS],geste,BEFORE,geste,[RETOUR],geste,BEFORE,gestes,,,,
189,55,FR100806,[EVENT_N/A_ACTUAL_POS] --(BEFORE)--> [EVENT_N/A_ACTUAL_POS] | [EVENT_N/A_ACTUAL_POS] --(BEFORE)--> [EVENT_N/A_ACTUAL_POS],hospitalisée,BEFORE,transfusion,[RETOUR],hospitalisée,BEFORE,hémodialyse,,,,
189,55,FR100826,[EVENT_N/A_ACTUAL_POS] --(BEFORE)--> [EVENT_N/A_ACTUAL_POS] | [EVENT_N/A_ACTUAL_POS] --(BEFORE)--> [EVENT_N/A_ACTUAL_POS],admis,BEFORE,don,[RETOUR],admis,BEFORE,examen,,,,
189,55,FR100845,[EVENT_N/A_ACTUAL_POS] --(BEFORE)--> [EVENT_N/A_ACTUAL_POS] | [EVENT_N/A_ACTUAL_POS] --(BEFORE)--> [EVENT_N/A_ACTUAL_POS],extraction,BEFORE,Apgar,[RETOUR],extraction,BEFORE,examen,,,,
189,55,FR100870,[EVENT_N/A_ACTUAL_POS] --(BEFORE)--> [EVENT_N/A_ACTUAL_POS] | [EVENT_N/A_ACTUAL_POS] --(BEFORE)--> [EVENT_N/A_ACTUAL_POS],immunosoustraction,BEFORE,typer,[RETOUR],immunosoustraction,BEFORE,immunofixation,,,,
189,55,FR100882,[EVENT_N/A_ACTUAL_POS] --(BEFORE)--> [EVENT_N/A_ACTUAL_POS] | [EVENT_N/A_ACTUAL_POS] --(BEFORE)--> [EVENT_N/A_ACTUAL_POS],laminectomie,BEFORE,suites,[RETOUR],laminectomie,BEFORE,Imagerie,,,,
189,55,FR100883,[EVENT_N/A_ACTUAL_POS] --(BEFORE)--> [EVENT_N/A_ACTUAL_POS] | [EVENT_N/A_ACTUAL_POS] --(BEFORE)--> [EVENT_N/A_ACTUAL_POS],bilan,BEFORE,reçu,[RETOUR],bilan,BEFORE,sérologie,,,,
189,55,FR100894,[EVENT_N/A_ACTUAL_POS] --(BEFORE)--> [EVENT_N/A_ACTUAL_POS] | [EVENT_N/A_ACTUAL_POS] --(BEFORE)--> [EVENT_N/A_ACTUAL_POS],rejoint,BEFORE,trajet,[RETOUR],rejoint,BEFORE,reçu,,,,
189,55,FR100903,[EVENT_N/A_ACTUAL_POS] --(BEFORE)--> [EVENT_N/A_ACTUAL_POS] | [EVENT_N/A_ACTUAL_POS] --(BEFORE)--> [EVENT_N/A_ACTUAL_POS],écarté,BEFORE,contrôles,[RETOUR],écarté,BEFORE,réfléchir,,,,
189,55,FR100919,[EVENT_N/A_ACTUAL_POS] --(BEFORE)--> [EVENT_N/A_ACTUAL_POS] | [EVENT_N/A_ACTUAL_POS] --(BEFORE)--> [EVENT_N/A_ACTUAL_POS],correction,BEFORE,normalisation,[RETOUR],correction,BEFORE,adressée,,,,
189,55,FR100932,[EVENT_N/A_ACTUAL_POS] --(BEFORE)--> [EVENT_N/A_ACTUAL_POS] | [EVENT_N/A_ACTUAL_POS] --(BEFORE)--> [EVENT_N/A_ACTUAL_POS],mise,BEFORE,installation,[RETOUR],mise,BEFORE,opérée,,,,
189,55,FR100944,[EVENT_N/A_ACTUAL_POS] --(BEFORE)--> [EVENT_N/A_ACTUAL_POS] | [EVENT_N/A_ACTUAL_POS] --(BEFORE)--> [EVENT_N/A_ACTUAL_POS],imagerie,BEFORE,traiter,[RETOUR],imagerie,BEFORE,reconnaître,,,,
189,55,FR100946,[EVENT_N/A_ACTUAL_POS] --(BEFORE)--> [EVENT_N/A_ACTUAL_POS] | [EVENT_N/A_ACTUAL_POS] --(BEFORE)--> [EVENT_N/A_ACTUAL_POS],mise,BEFORE,exérèse,[RETOUR],mise,BEFORE,abord,,,,
189,55,FR100960,[EVENT_N/A_ACTUAL_POS] --(BEFORE)--> [EVENT_N/A_ACTUAL_POS] | [EVENT_N/A_ACTUAL_POS] --(BEFORE)--> [EVENT_N/A_ACTUAL_POS],opéré,BEFORE,consulté,[RETOUR],opéré,BEFORE,rapportons,,,,
189,55,FR100979,[EVENT_N/A_ACTUAL_POS] --(BEFORE)--> [EVENT_N/A_ACTUAL_POS] | [EVENT_N/A_ACTUAL_POS] --(BEFORE)--> [EVENT_N/A_ACTUAL_POS],admise,BEFORE,accident,[RETOUR],admise,BEFORE,césarienne,,,,
189,55,FR100994,[EVENT_N/A_ACTUAL_POS] --(BEFORE)--> [EVENT_N/A_ACTUAL_POS] | [EVENT_N/A_ACTUAL_POS] --(BEFORE)--> [EVENT_N/A_ACTUAL_POS],rapportons,BEFORE,observation,[RETOUR],rapportons,BEFORE,enrichir,,,,
189,55,FR100996,[EVENT_N/A_ACTUAL_POS] --(BEFORE)--> [EVENT_N/A_ACTUAL_POS] | [EVENT_N/A_ACTUAL_POS] --(BEFORE)--> [EVENT_N/A_ACTUAL_POS],consulté,BEFORE,rapportons,[RETOUR],consulté,BEFORE,examen,,,,
90,53,FR100003,[EVENT_N/A_ACTUAL_POS] --(CONTAINS)--> [EVENT_N/A_ACTUAL_POS] | [EVENT_N/A_ACTUAL_POS] --(CONTAINS)--> [EVENT_N/A_ACTUAL_POS],foyer,CONTAINS,abordé,CONTAINS,incision,,,,,,
90,53,FR100092,[EVENT_N/A_ACTUAL_POS] --(CONTAINS)--> [EVENT_N/A_ACTUAL_POS] | [EVENT_N/A_ACTUAL_POS] --(CONTAINS)--> [EVENT_N/A_ACTUAL_POS],minilaparotomie,CONTAINS,exploration,CONTAINS,grossesse,,,,,,
90,53,FR100120,[EVENT_N/A_ACTUAL_POS] --(CONTAINS)--> [EVENT_N/A_ACTUAL_POS] | [EVENT_N/A_ACTUAL_POS] --(CONTAINS)--> [EVENT_N/A_ACTUAL_POS],diabète,CONTAINS,traitement,CONTAINS,soins,,,,,,
90,53,FR100130,[EVENT_N/A_ACTUAL_POS] --(CONTAINS)--> [EVENT_N/A_ACTUAL_POS] | [EVENT_N/A_ACTUAL_POS] --(CONTAINS)--> [EVENT_N/A_ACTUAL_POS],marqueurs,CONTAINS,bilan,CONTAINS,recherchée,,,,,,
90,53,FR100132,[EVENT_N/A_ACTUAL_POS] --(CONTAINS)--> [EVENT_N/A_ACTUAL_POS] | [EVENT_N/A_ACTUAL_POS] --(CONTAINS)--> [EVENT_N/A_ACTUAL_POS],baisse,CONTAINS,examen,CONTAINS,angiographie,,,,,,
90,53,FR100142,[EVENT_N/A_ACTUAL_POS] --(CONTAINS)--> [EVENT_N/A_ACTUAL_POS] | [EVENT_N/A_ACTUAL_POS] --(CONTAINS)--> [EVENT_N/A_ACTUAL_POS],évolution,CONTAINS,taux,CONTAINS,passé,,,,,,
90,53,FR100161,[EVENT_N/A_ACTUAL_POS] --(CONTAINS)--> [EVENT_N/A_ACTUAL_POS] | [EVENT_N/A_ACTUAL_POS] --(CONTAINS)--> [EVENT_N/A_ACTUAL_POS],sérologie,CONTAINS,examens,CONTAINS,Acti tests,,,,,,
90,53,FR100168,[EVENT_N/A_ACTUAL_POS] --(CONTAINS)--> [EVENT_N/A_ACTUAL_POS] | [EVENT_N/A_ACTUAL_POS] --(CONTAINS)--> [EVENT_N/A_ACTUAL_POS],prise,CONTAINS,entretien,CONTAINS,dévoiler,,,,,,
90,53,FR100185,[EVENT_N/A_ACTUAL_POS] --(CONTAINS)--> [EVENT_N/A_ACTUAL_POS] | [EVENT_N/A_ACTUAL_POS] --(CONTAINS)--> [EVENT_N/A_ACTUAL_POS],tumeur,CONTAINS,suivie,CONTAINS,mastectomie,,,,,,
90,53,FR100275,[EVENT_N/A_ACTUAL_POS] --(CONTAINS)--> [EVENT_N/A_ACTUAL_POS] | [EVENT_N/A_ACTUAL_POS] --(CONTAINS)--> [EVENT_N/A_ACTUAL_POS],hospitalisation,CONTAINS,bilan,CONTAINS,électroencéphalogramme,,,,,,
90,53,FR100276,[EVENT_N/A_ACTUAL_POS] --(CONTAINS)--> [EVENT_N/A_ACTUAL_POS] | [EVENT_N/A_ACTUAL_POS] --(CONTAINS)--> [EVENT_N/A_ACTUAL_POS],bilan,CONTAINS,bilan,CONTAINS,bilans,,,,,,
90,53,FR100283,[EVENT_N/A_ACTUAL_POS] --(CONTAINS)--> [EVENT_N/A_ACTUAL_POS] | [EVENT_N/A_ACTUAL_POS] --(CONTAINS)--> [EVENT_N/A_ACTUAL_POS],hémodialysé,CONTAINS,consulté,CONTAINS,bilan,,,,,,
90,53,FR100296,[EVENT_N/A_ACTUAL_POS] --(CONTAINS)--> [EVENT_N/A_ACTUAL_POS] | [EVENT_N/A_ACTUAL_POS] --(CONTAINS)--> [EVENT_N/A_ACTUAL_POS],émergence,CONTAINS,fenestration,CONTAINS,geste,,,,,,
90,53,FR100346,[EVENT_N/A_ACTUAL_POS] --(CONTAINS)--> [EVENT_N/A_ACTUAL_POS] | [EVENT_N/A_ACTUAL_POS] --(CONTAINS)--> [EVENT_N/A_ACTUAL_POS],syndrome,CONTAINS,examen,CONTAINS,reste,,,,,,
90,53,FR100361,[EVENT_N/A_ACTUAL_POS] --(CONTAINS)--> [EVENT_N/A_ACTUAL_POS] | [EVENT_N/A_ACTUAL_POS] --(CONTAINS)--> [EVENT_N/A_ACTUAL_POS],GCS,CONTAINS,examen,CONTAINS,mobilisait,,,,,,
90,53,FR100371,[EVENT_N/A_ACTUAL_POS] --(CONTAINS)--> [EVENT_N/A_ACTUAL_POS] | [EVENT_N/A_ACTUAL_POS] --(CONTAINS)--> [EVENT_N/A_ACTUAL_POS],opacité,CONTAINS,bilan,CONTAINS,radiographie,,,,,,
90,53,FR100400,[EVENT_N/A_ACTUAL_POS] --(CONTAINS)--> [EVENT_N/A_ACTUAL_POS] | [EVENT_N/A_ACTUAL_POS] --(CONTAINS)--> [EVENT_N/A_ACTUAL_POS],kyste,CONTAINS,étude,CONTAINS,conclu,,,,,,
90,53,FR100439,[EVENT_N/A_ACTUAL_POS] --(CONTAINS)--> [EVENT_N/A_ACTUAL_POS] | [EVENT_N/A_ACTUAL_POS] --(CONTAINS)--> [EVENT_N/A_ACTUAL_POS],obstruction,CONTAINS,examen,CONTAINS,fibroscopie,,,,,,
90,53,FR100453,[EVENT_N/A_ACTUAL_POS] --(CONTAINS)--> [EVENT_N/A_ACTUAL_POS] | [EVENT_N/A_ACTUAL_POS] --(CONTAINS)--> [EVENT_N/A_ACTUAL_POS],syndrome,CONTAINS,suivi,CONTAINS,examen,,,,,,
90,53,FR100510,[EVENT_N/A_ACTUAL_POS] --(CONTAINS)--> [EVENT_N/A_ACTUAL_POS] | [EVENT_N/A_ACTUAL_POS] --(CONTAINS)--> [EVENT_N/A_ACTUAL_POS],lésion,CONTAINS,examen,CONTAINS,caractéristiques,,,,,,
90,53,FR100515,[EVENT_N/A_ACTUAL_POS] --(CONTAINS)--> [EVENT_N/A_ACTUAL_POS] | [EVENT_N/A_ACTUAL_POS] --(CONTAINS)--> [EVENT_N/A_ACTUAL_POS],évolution,CONTAINS,amélioration,CONTAINS,disparition,,,,,,
90,53,FR100519,[EVENT_N/A_ACTUAL_POS] --(CONTAINS)--> [EVENT_N/A_ACTUAL_POS] | [EVENT_N/A_ACTUAL_POS] --(CONTAINS)--> [EVENT_N/A_ACTUAL_POS],opacité,CONTAINS,bilan,CONTAINS,ECG,,,,,,
90,53,FR100589,[EVENT_N/A_ACTUAL_POS] --(CONTAINS)--> [EVENT_N/A_ACTUAL_POS] | [EVENT_N/A_ACTUAL_POS] --(CONTAINS)--> [EVENT_N/A_ACTUAL_POS],Performance,CONTAINS,examen,CONTAINS,examen,,,,,,
90,53,FR100611,[EVENT_N/A_ACTUAL_POS] --(CONTAINS)--> [EVENT_N/A_ACTUAL_POS] | [EVENT_N/A_ACTUAL_POS] --(CONTAINS)--> [EVENT_N/A_ACTUAL_POS],DDB,CONTAINS,TDM,CONTAINS,image,,,,,,
90,53,FR100620,[EVENT_N/A_ACTUAL_POS] --(CONTAINS)--> [EVENT_N/A_ACTUAL_POS] | [EVENT_N/A_ACTUAL_POS] --(CONTAINS)--> [EVENT_N/A_ACTUAL_POS],aspect,CONTAINS,bronchoscopie,CONTAINS,biopsies,,,,,,
90,53,FR100629,[EVENT_N/A_ACTUAL_POS] --(CONTAINS)--> [EVENT_N/A_ACTUAL_POS] | [EVENT_N/A_ACTUAL_POS] --(CONTAINS)--> [EVENT_N/A_ACTUAL_POS],chimiothérapie,CONTAINS,bithérapie,CONTAINS,doxorubicine,,,,,,
90,53,FR100632,[EVENT_N/A_ACTUAL_POS] --(CONTAINS)--> [EVENT_N/A_ACTUAL_POS] | [EVENT_N/A_ACTUAL_POS] --(CONTAINS)--> [EVENT_N/A_ACTUAL_POS],glycorachie,CONTAINS,étude,CONTAINS,recherche,,,,,,
90,53,FR100658,[EVENT_N/A_ACTUAL_POS] --(CONTAINS)--> [EVENT_N/A_ACTUAL_POS] | [EVENT_N/A_ACTUAL_POS] --(CONTAINS)--> [EVENT_N/A_ACTUAL_POS],anesthésie,CONTAINS,monitorage,CONTAINS,surveillance,,,,,,
90,53,FR100663,[EVENT_N/A_ACTUAL_POS] --(CONTAINS)--> [EVENT_N/A_ACTUAL_POS] | [EVENT_N/A_ACTUAL_POS] --(CONTAINS)--> [EVENT_N/A_ACTUAL_POS],cas,CONTAINS,grossesse,CONTAINS,consultation,,,,,,
90,53,FR100666,[EVENT_N/A_ACTUAL_POS] --(CONTAINS)--> [EVENT_N/A_ACTUAL_POS] | [EVENT_N/A_ACTUAL_POS] --(CONTAINS)--> [EVENT_N/A_ACTUAL_POS],asymétrie,CONTAINS,examen,CONTAINS,palpation,,,,,,
90,53,FR100683,[EVENT_N/A_ACTUAL_POS] --(CONTAINS)--> [EVENT_N/A_ACTUAL_POS] | [EVENT_N/A_ACTUAL_POS] --(CONTAINS)--> [EVENT_N/A_ACTUAL_POS],évolution,CONTAINS,augmentation,CONTAINS,LH,,,,,,
90,53,FR100688,[EVENT_N/A_ACTUAL_POS] --(CONTAINS)--> [EVENT_N/A_ACTUAL_POS] | [EVENT_N/A_ACTUAL_POS] --(CONTAINS)--> [EVENT_N/A_ACTUAL_POS],séquelle,CONTAINS,évolution,CONTAINS,disparition,,,,,,
90,53,FR100689,[EVENT_N/A_ACTUAL_POS] --(CONTAINS)--> [EVENT_N/A_ACTUAL_POS] | [EVENT_N/A_ACTUAL_POS] --(CONTAINS)--> [EVENT_N/A_ACTUAL_POS],épisode,CONTAINS,évolution,CONTAINS,apparition,,,,,,
90,53,FR100748,[EVENT_N/A_ACTUAL_POS] --(CONTAINS)--> [EVENT_N/A_ACTUAL_POS] | [EVENT_N/A_ACTUAL_POS] --(CONTAINS)--> [EVENT_N/A_ACTUAL_POS],critère,CONTAINS,examen,CONTAINS,auscultation,,,,,,
90,53,FR100766,[EVENT_N/A_ACTUAL_POS] --(CONTAINS)--> [EVENT_N/A_ACTUAL_POS] | [EVENT_N/A_ACTUAL_POS] --(CONTAINS)--> [EVENT_N/A_ACTUAL_POS],adénocarcinome,CONTAINS,opéré,CONTAINS,amputation,,,,,,
90,53,FR100780,[EVENT_N/A_ACTUAL_POS] --(CONTAINS)--> [EVENT_N/A_ACTUAL_POS] | [EVENT_N/A_ACTUAL_POS] --(CONTAINS)--> [EVENT_N/A_ACTUAL_POS],orientée,CONTAINS,examen,CONTAINS,tension,,,,,,
90,53,FR100806,[EVENT_N/A_ACTUAL_POS] --(CONTAINS)--> [EVENT_N/A_ACTUAL_POS] | [EVENT_N/A_ACTUAL_POS] --(CONTAINS)--> [EVENT_N/A_ACTUAL_POS],ionogramme,CONTAINS,biologie,CONTAINS,NFS,,,,,,
90,53,FR100814,[EVENT_N/A_ACTUAL_POS] --(CONTAINS)--> [EVENT_N/A_ACTUAL_POS] | [EVENT_N/A_ACTUAL_POS] --(CONTAINS)--> [EVENT_N/A_ACTUAL_POS],processus,CONTAINS,IRM,CONTAINS,injection,,,,,,
90,53,FR100826,[EVENT_N/A_ACTUAL_POS] --(CONTAINS)--> [EVENT_N/A_ACTUAL_POS] | [EVENT_N/A_ACTUAL_POS] --(CONTAINS)--> [EVENT_N/A_ACTUAL_POS],draine,CONTAINS,bilan,CONTAINS,tomodensitométrie,,,,,,
90,53,FR100845,[EVENT_N/A_ACTUAL_POS] --(CONTAINS)--> [EVENT_N/A_ACTUAL_POS] | [EVENT_N/A_ACTUAL_POS] --(CONTAINS)--> [EVENT_N/A_ACTUAL_POS],hauteur,CONTAINS,examen,CONTAINS,toucher,,,,,,
90,53,FR100849,[EVENT_N/A_ACTUAL_POS] --(CONTAINS)--> [EVENT_N/A_ACTUAL_POS] | [EVENT_N/A_ACTUAL_POS] --(CONTAINS)--> [EVENT_N/A_ACTUAL_POS],admission,CONTAINS,examen,CONTAINS,reste,,,,,,
90,53,FR100874,[EVENT_N/A_ACTUAL_POS] --(CONTAINS)--> [EVENT_N/A_ACTUAL_POS] | [EVENT_N/A_ACTUAL_POS] --(CONTAINS)--> [EVENT_N/A_ACTUAL_POS],perte,CONTAINS,examen,CONTAINS,constantes,,,,,,
90,53,FR100882,[EVENT_N/A_ACTUAL_POS] --(CONTAINS)--> [EVENT_N/A_ACTUAL_POS] | [EVENT_N/A_ACTUAL_POS] --(CONTAINS)--> [EVENT_N/A_ACTUAL_POS],évolution,CONTAINS,amélioration,CONTAINS,régression,,,,,,
90,53,FR100903,[EVENT_N/A_ACTUAL_POS] --(CONTAINS)--> [EVENT_N/A_ACTUAL_POS] | [EVENT_N/A_ACTUAL_POS] --(CONTAINS)--> [EVENT_N/A_ACTUAL_POS],allongés,CONTAINS,échographie,CONTAINS,visualisé,,,,,,
90,53,FR100925,[EVENT_N/A_ACTUAL_POS] --(CONTAINS)--> [EVENT_N/A_ACTUAL_POS] | [EVENT_N/A_ACTUAL_POS] --(CONTAINS)--> [EVENT_N/A_ACTUAL_POS],carcinome,CONTAINS,hospitalisée,CONTAINS,Doppler,,,,,,
90,53,FR100930,[EVENT_N/A_ACTUAL_POS] --(CONTAINS)--> [EVENT_N/A_ACTUAL_POS] | [EVENT_N/A_ACTUAL_POS] --(CONTAINS)--> [EVENT_N/A_ACTUAL_POS],trouble,CONTAINS,admis,CONTAINS,recours,,,,,,
90,53,FR100944,[EVENT_N/A_ACTUAL_POS] --(CONTAINS)--> [EVENT_N/A_ACTUAL_POS] | [EVENT_N/A_ACTUAL_POS] --(CONTAINS)--> [EVENT_N/A_ACTUAL_POS],insuffisance,CONTAINS,suivi,CONTAINS,hospitalisé,,,,,,
90,53,FR100946,[EVENT_N/A_ACTUAL_POS] --(CONTAINS)--> [EVENT_N/A_ACTUAL_POS] | [EVENT_N/A_ACTUAL_POS] --(CONTAINS)--> [EVENT_N/A_ACTUAL_POS],hétérogène,CONTAINS,IRM,CONTAINS,prise,,,,,,
90,53,FR100959,[EVENT_N/A_ACTUAL_POS] --(CONTAINS)--> [EVENT_N/A_ACTUAL_POS] | [EVENT_N/A_ACTUAL_POS] --(CONTAINS)--> [EVENT_N/A_ACTUAL_POS],admis,CONTAINS,œsophagoscopie,CONTAINS,permis,,,,,,
90,53,FR100960,[EVENT_N/A_ACTUAL_POS] --(CONTAINS)--> [EVENT_N/A_ACTUAL_POS] | [EVENT_N/A_ACTUAL_POS] --(CONTAINS)--> [EVENT_N/A_ACTUAL_POS],douleurs,CONTAINS,consulté,CONTAINS,étude,,,,,,
90,53,FR100994,[EVENT_N/A_ACTUAL_POS] --(CONTAINS)--> [EVENT_N/A_ACTUAL_POS] | [EVENT_N/A_ACTUAL_POS] --(CONTAINS)--> [EVENT_N/A_ACTUAL_POS],observation,CONTAINS,suivi,CONTAINS,opéré,,,,,,
186,52,FR100003,[EVENT_N/A_ACTUAL_POS] --(BEFORE)--> [EVENT_N/A_ACTUAL_POS] | [EVENT_N/A_ACTUAL_POS] --(CONTAINS)--> [EVENT_N/A_ACTUAL_POS],injection,BEFORE,ponction,CONTAINS,ramené,,,,,,
186,52,FR100092,[EVENT_N/A_ACTUAL_POS] --(BEFORE)--> [EVENT_N/A_ACTUAL_POS] | [EVENT_N/A_ACTUAL_POS] --(CONTAINS)--> [EVENT_N/A_ACTUAL_POS],admise,BEFORE,examen,CONTAINS,fréquence,,,,,,
186,52,FR100120,[EVENT_N/A_ACTUAL_POS] --(BEFORE)--> [EVENT_N/A_ACTUAL_POS] | [EVENT_N/A_ACTUAL_POS] --(CONTAINS)--> [EVENT_N/A_ACTUAL_POS],reste,BEFORE,traitement,CONTAINS,soins,,,,,,
186,52,FR100130,[EVENT_N/A_ACTUAL_POS] --(BEFORE)--> [EVENT_N/A_ACTUAL_POS] | [EVENT_N/A_ACTUAL_POS] --(CONTAINS)--> [EVENT_N/A_ACTUAL_POS],bilan,BEFORE,traité,CONTAINS,amélioration,,,,,,
186,52,FR100132,[EVENT_N/A_ACTUAL_POS] --(BEFORE)--> [EVENT_N/A_ACTUAL_POS] | [EVENT_N/A_ACTUAL_POS] --(CONTAINS)--> [EVENT_N/A_ACTUAL_POS],histologie,BEFORE,examen,CONTAINS,angiographie,,,,,,
186,52,FR100142,[EVENT_N/A_ACTUAL_POS] --(BEFORE)--> [EVENT_N/A_ACTUAL_POS] | [EVENT_N/A_ACTUAL_POS] --(CONTAINS)--> [EVENT_N/A_ACTUAL_POS],mis,BEFORE,évolution,CONTAINS,taux,,,,,,
186,52,FR100161,[EVENT_N/A_ACTUAL_POS] --(BEFORE)--> [EVENT_N/A_ACTUAL_POS] | [EVENT_N/A_ACTUAL_POS] --(CONTAINS)--> [EVENT_N/A_ACTUAL_POS],examen,BEFORE,examens,CONTAINS,Acti tests,,,,,,
186,52,FR100168,[EVENT_N/A_ACTUAL_POS] --(BEFORE)--> [EVENT_N/A_ACTUAL_POS] | [EVENT_N/A_ACTUAL_POS] --(CONTAINS)--> [EVENT_N/A_ACTUAL_POS],bilan,BEFORE,tests,CONTAINS,temps,,,,,,
186,52,FR100185,[EVENT_N/A_ACTUAL_POS] --(BEFORE)--> [EVENT_N/A_ACTUAL_POS] | [EVENT_N/A_ACTUAL_POS] --(CONTAINS)--> [EVENT_N/A_ACTUAL_POS],Electromyogramme,BEFORE,IRM,CONTAINS,aspect,,,,,,
186,52,FR100255,[EVENT_N/A_ACTUAL_POS] --(BEFORE)--> [EVENT_N/A_ACTUAL_POS] | [EVENT_N/A_ACTUAL_POS] --(CONTAINS)--> [EVENT_N/A_ACTUAL_POS],TDM,BEFORE,bilan,CONTAINS,TCA,,,,,,
186,52,FR100275,[EVENT_N/A_ACTUAL_POS] --(BEFORE)--> [EVENT_N/A_ACTUAL_POS] | [EVENT_N/A_ACTUAL_POS] --(CONTAINS)--> [EVENT_N/A_ACTUAL_POS],anamnèse,BEFORE,examen,CONTAINS,fréquence,,,,,,
186,52,FR100276,[EVENT_N/A_ACTUAL_POS] --(BEFORE)--> [EVENT_N/A_ACTUAL_POS] | [EVENT_N/A_ACTUAL_POS] --(CONTAINS)--> [EVENT_N/A_ACTUAL_POS],reste,BEFORE,bilan,CONTAINS,bilan,,,,,,
186,52,FR100283,[EVENT_N/A_ACTUAL_POS] --(BEFORE)--> [EVENT_N/A_ACTUAL_POS] | [EVENT_N/A_ACTUAL_POS] --(CONTAINS)--> [EVENT_N/A_ACTUAL_POS],maladie,BEFORE,hémodialysé,CONTAINS,consulté,,,,,,
186,52,FR100296,[EVENT_N/A_ACTUAL_POS] --(BEFORE)--> [EVENT_N/A_ACTUAL_POS] | [EVENT_N/A_ACTUAL_POS] --(CONTAINS)--> [EVENT_N/A_ACTUAL_POS],fenestration,BEFORE,suites,CONTAINS,déambulation,,,,,,
186,52,FR100314,[EVENT_N/A_ACTUAL_POS] --(BEFORE)--> [EVENT_N/A_ACTUAL_POS] | [EVENT_N/A_ACTUAL_POS] --(CONTAINS)--> [EVENT_N/A_ACTUAL_POS],accident,BEFORE,traumatisme,CONTAINS,admise,,,,,,
186,52,FR100344,[EVENT_N/A_ACTUAL_POS] --(BEFORE)--> [EVENT_N/A_ACTUAL_POS] | [EVENT_N/A_ACTUAL_POS] --(CONTAINS)--> [EVENT_N/A_ACTUAL_POS],développé,BEFORE,suivie,CONTAINS,traitement,,,,,,
186,52,FR100361,[EVENT_N/A_ACTUAL_POS] --(BEFORE)--> [EVENT_N/A_ACTUAL_POS] | [EVENT_N/A_ACTUAL_POS] --(CONTAINS)--> [EVENT_N/A_ACTUAL_POS],admise,BEFORE,examen,CONTAINS,mobilisait,,,,,,
186,52,FR100371,[EVENT_N/A_ACTUAL_POS] --(BEFORE)--> [EVENT_N/A_ACTUAL_POS] | [EVENT_N/A_ACTUAL_POS] --(CONTAINS)--> [EVENT_N/A_ACTUAL_POS],bilan,BEFORE,bilan,CONTAINS,radiographie,,,,,,
186,52,FR100400,[EVENT_N/A_ACTUAL_POS] --(BEFORE)--> [EVENT_N/A_ACTUAL_POS] | [EVENT_N/A_ACTUAL_POS] --(CONTAINS)--> [EVENT_N/A_ACTUAL_POS],suites,BEFORE,suivie,CONTAINS,contrôles,,,,,,
186,52,FR100510,[EVENT_N/A_ACTUAL_POS] --(BEFORE)--> [EVENT_N/A_ACTUAL_POS] | [EVENT_N/A_ACTUAL_POS] --(CONTAINS)--> [EVENT_N/A_ACTUAL_POS],décision,BEFORE,intervention,CONTAINS,résection,,,,,,
186,52,FR100515,[EVENT_N/A_ACTUAL_POS] --(BEFORE)--> [EVENT_N/A_ACTUAL_POS] | [EVENT_N/A_ACTUAL_POS] --(CONTAINS)--> [EVENT_N/A_ACTUAL_POS],résistance,BEFORE,traitement,CONTAINS,cures,,,,,,
186,52,FR100519,[EVENT_N/A_ACTUAL_POS] --(BEFORE)--> [EVENT_N/A_ACTUAL_POS] | [EVENT_N/A_ACTUAL_POS] --(CONTAINS)--> [EVENT_N/A_ACTUAL_POS],entrée,BEFORE,bilan,CONTAINS,radiographie,,,,,,
186,52,FR100589,[EVENT_N/A_ACTUAL_POS] --(BEFORE)--> [EVENT_N/A_ACTUAL_POS] | [EVENT_N/A_ACTUAL_POS] --(CONTAINS)--> [EVENT_N/A_ACTUAL_POS],demandé,BEFORE,bilan,CONTAINS,myélogramme,,,,,,
186,52,FR100597,[EVENT_N/A_ACTUAL_POS] --(BEFORE)--> [EVENT_N/A_ACTUAL_POS] | [EVENT_N/A_ACTUAL_POS] --(CONTAINS)--> [EVENT_N/A_ACTUAL_POS],décidée,BEFORE,laparotomie,CONTAINS,exploration,,,,,,
186,52,FR100611,[EVENT_N/A_ACTUAL_POS] --(BEFORE)--> [EVENT_N/A_ACTUAL_POS] | [EVENT_N/A_ACTUAL_POS] --(CONTAINS)--> [EVENT_N/A_ACTUAL_POS],PCR,BEFORE,TDM,CONTAINS,image,,,,,,
186,52,FR100614,[EVENT_N/A_ACTUAL_POS] --(BEFORE)--> [EVENT_N/A_ACTUAL_POS] | [EVENT_N/A_ACTUAL_POS] --(CONTAINS)--> [EVENT_N/A_ACTUAL_POS],rupture,BEFORE,intervention,CONTAINS,éviter,,,,,,
186,52,FR100620,[EVENT_N/A_ACTUAL_POS] --(BEFORE)--> [EVENT_N/A_ACTUAL_POS] | [EVENT_N/A_ACTUAL_POS] --(CONTAINS)--> [EVENT_N/A_ACTUAL_POS],bronchoscopie,BEFORE,bilan,CONTAINS,pléthysmographie,,,,,,
186,52,FR100629,[EVENT_N/A_ACTUAL_POS] --(BEFORE)--> [EVENT_N/A_ACTUAL_POS] | [EVENT_N/A_ACTUAL_POS] --(CONTAINS)--> [EVENT_N/A_ACTUAL_POS],décision,BEFORE,chimiothérapie,CONTAINS,bithérapie,,,,,,
186,52,FR100632,[EVENT_N/A_ACTUAL_POS] --(BEFORE)--> [EVENT_N/A_ACTUAL_POS] | [EVENT_N/A_ACTUAL_POS] --(CONTAINS)--> [EVENT_N/A_ACTUAL_POS],IRM,BEFORE,étude,CONTAINS,recherche,,,,,,
186,52,FR100658,[EVENT_N/A_ACTUAL_POS] --(BEFORE)--> [EVENT_N/A_ACTUAL_POS] | [EVENT_N/A_ACTUAL_POS] --(CONTAINS)--> [EVENT_N/A_ACTUAL_POS],auscultation,BEFORE,examens,CONTAINS,fonction,,,,,,
186,52,FR100663,[EVENT_N/A_ACTUAL_POS] --(BEFORE)--> [EVENT_N/A_ACTUAL_POS] | [EVENT_N/A_ACTUAL_POS] --(CONTAINS)--> [EVENT_N/A_ACTUAL_POS],tenté,BEFORE,bilan,CONTAINS,Numération,,,,,,
186,52,FR100666,[EVENT_N/A_ACTUAL_POS] --(BEFORE)--> [EVENT_N/A_ACTUAL_POS] | [EVENT_N/A_ACTUAL_POS] --(CONTAINS)--> [EVENT_N/A_ACTUAL_POS],polychimiothérapie,BEFORE,COPADEM,CONTAINS,vincristine,,,,,,
186,52,FR100688,[EVENT_N/A_ACTUAL_POS] --(BEFORE)--> [EVENT_N/A_ACTUAL_POS] | [EVENT_N/A_ACTUAL_POS] --(CONTAINS)--> [EVENT_N/A_ACTUAL_POS],traitement,BEFORE,évolution,CONTAINS,disparition,,,,,,
186,52,FR100689,[EVENT_N/A_ACTUAL_POS] --(BEFORE)--> [EVENT_N/A_ACTUAL_POS] | [EVENT_N/A_ACTUAL_POS] --(CONTAINS)--> [EVENT_N/A_ACTUAL_POS],scanner,BEFORE,IRM,CONTAINS,injection,,,,,,
186,52,FR100697,[EVENT_N/A_ACTUAL_POS] --(BEFORE)--> [EVENT_N/A_ACTUAL_POS] | [EVENT_N/A_ACTUAL_POS] --(CONTAINS)--> [EVENT_N/A_ACTUAL_POS],tout,BEFORE,bilan,CONTAINS,échographie,,,,,,
186,52,FR100708,[EVENT_N/A_ACTUAL_POS] --(BEFORE)--> [EVENT_N/A_ACTUAL_POS] | [EVENT_N/A_ACTUAL_POS] --(CONTAINS)--> [EVENT_N/A_ACTUAL_POS],constaté,BEFORE,consulté,CONTAINS,examen,,,,,,
186,52,FR100717,[EVENT_N/A_ACTUAL_POS] --(BEFORE)--> [EVENT_N/A_ACTUAL_POS] | [EVENT_N/A_ACTUAL_POS] --(CONTAINS)--> [EVENT_N/A_ACTUAL_POS],exploration,BEFORE,suites,CONTAINS,régression,,,,,,
186,52,FR100748,[EVENT_N/A_ACTUAL_POS] --(BEFORE)--> [EVENT_N/A_ACTUAL_POS] | [EVENT_N/A_ACTUAL_POS] --(CONTAINS)--> [EVENT_N/A_ACTUAL_POS],adressée,BEFORE,hospitalisation,CONTAINS,scanner,,,,,,
186,52,FR100766,[EVENT_N/A_ACTUAL_POS] --(BEFORE)--> [EVENT_N/A_ACTUAL_POS] | [EVENT_N/A_ACTUAL_POS] --(CONTAINS)--> [EVENT_N/A_ACTUAL_POS],retenu,BEFORE,bénéficié,CONTAINS,fixation,,,,,,
186,52,FR100780,[EVENT_N/A_ACTUAL_POS] --(BEFORE)--> [EVENT_N/A_ACTUAL_POS] | [EVENT_N/A_ACTUAL_POS] --(CONTAINS)--> [EVENT_N/A_ACTUAL_POS],admise,BEFORE,examen,CONTAINS,tension,,,,,,
186,52,FR100806,[EVENT_N/A_ACTUAL_POS] --(BEFORE)--> [EVENT_N/A_ACTUAL_POS] | [EVENT_N/A_ACTUAL_POS] --(CONTAINS)--> [EVENT_N/A_ACTUAL_POS],examen,BEFORE,biologie,CONTAINS,NFS,,,,,,
186,52,FR100826,[EVENT_N/A_ACTUAL_POS] --(BEFORE)--> [EVENT_N/A_ACTUAL_POS] | [EVENT_N/A_ACTUAL_POS] --(CONTAINS)--> [EVENT_N/A_ACTUAL_POS],exploration,BEFORE,suites,CONTAINS,sortie,,,,,,
186,52,FR100845,[EVENT_N/A_ACTUAL_POS] --(BEFORE)--> [EVENT_N/A_ACTUAL_POS] | [EVENT_N/A_ACTUAL_POS] --(CONTAINS)--> [EVENT_N/A_ACTUAL_POS],examen,BEFORE,examen,CONTAINS,toucher,,,,,,
186,52,FR100870,[EVENT_N/A_ACTUAL_POS] --(BEFORE)--> [EVENT_N/A_ACTUAL_POS] | [EVENT_N/A_ACTUAL_POS] --(CONTAINS)--> [EVENT_N/A_ACTUAL_POS],IRM,BEFORE,électrophorèse,CONTAINS,découverte,,,,,,
186,52,FR100874,[EVENT_N/A_ACTUAL_POS] --(BEFORE)--> [EVENT_N/A_ACTUAL_POS] | [EVENT_N/A_ACTUAL_POS] --(CONTAINS)--> [EVENT_N/A_ACTUAL_POS],admission,BEFORE,examen,CONTAINS,constantes,,,,,,
186,52,FR100882,[EVENT_N/A_ACTUAL_POS] --(BEFORE)--> [EVENT_N/A_ACTUAL_POS] | [EVENT_N/A_ACTUAL_POS] --(CONTAINS)--> [EVENT_N/A_ACTUAL_POS],sclérothérapie,BEFORE,évolution,CONTAINS,amélioration,,,,,,
186,52,FR100883,[EVENT_N/A_ACTUAL_POS] --(BEFORE)--> [EVENT_N/A_ACTUAL_POS] | [EVENT_N/A_ACTUAL_POS] --(CONTAINS)--> [EVENT_N/A_ACTUAL_POS],bilan,BEFORE,reçu,CONTAINS,radiothérapie,,,,,,
186,52,FR100894,[EVENT_N/A_ACTUAL_POS] --(BEFORE)--> [EVENT_N/A_ACTUAL_POS] | [EVENT_N/A_ACTUAL_POS] --(CONTAINS)--> [EVENT_N/A_ACTUAL_POS],prescrites,BEFORE,séances,CONTAINS,réentraînement,,,,,,
186,52,FR100903,[EVENT_N/A_ACTUAL_POS] --(BEFORE)--> [EVENT_N/A_ACTUAL_POS] | [EVENT_N/A_ACTUAL_POS] --(CONTAINS)--> [EVENT_N/A_ACTUAL_POS],écarté,BEFORE,contrôles,CONTAINS,biométrie,,,,,,
186,52,FR100946,[EVENT_N/A_ACTUAL_POS] --(BEFORE)--> [EVENT_N/A_ACTUAL_POS] | [EVENT_N/A_ACTUAL_POS] --(CONTAINS)--> [EVENT_N/A_ACTUAL_POS],examen,BEFORE,IRM,CONTAINS,prise,,,,,,
186,52,FR100960,[EVENT_N/A_ACTUAL_POS] --(BEFORE)--> [EVENT_N/A_ACTUAL_POS] | [EVENT_N/A_ACTUAL_POS] --(CONTAINS)--> [EVENT_N/A_ACTUAL_POS],opéré,BEFORE,consulté,CONTAINS,étude,,,,,,
186,52,FR100998,[EVENT_N/A_ACTUAL_POS] --(BEFORE)--> [EVENT_N/A_ACTUAL_POS] | [EVENT_N/A_ACTUAL_POS] --(CONTAINS)--> [EVENT_N/A_ACTUAL_POS],diagnostic,BEFORE,traitée,CONTAINS,développé,,,,,,
131,49,FR100003,[EVENT_N/A_ACTUAL_POS] --(BEFORE)--> [EVENT_N/A_ACTUAL_POS] | [EVENT_N/A_ACTUAL_POS] --(BEFORE)--> [EVENT_N/A_ACTUAL_POS] | [EVENT_N/A_ACTUAL_POS] --(BEFORE)--> [EVENT_N/A_ACTUAL_POS] | [EVENT_N/A_ACTUAL_POS] --(BEFORE)--> [EVENT_N/A_ACTUAL_POS],injection,BEFORE,ponction,BEFORE,examen,BEFORE,examen,BEFORE,antibiothérapie,,
131,49,FR100092,[EVENT_N/A_ACTUAL_POS] --(BEFORE)--> [EVENT_N/A_ACTUAL_POS] | [EVENT_N/A_ACTUAL_POS] --(BEFORE)--> [EVENT_N/A_ACTUAL_POS] | [EVENT_N/A_ACTUAL_POS] --(BEFORE)--> [EVENT_N/A_ACTUAL_POS] | [EVENT_N/A_ACTUAL_POS] --(BEFORE)--> [EVENT_N/A_ACTUAL_POS],examen,BEFORE,examen,BEFORE,échographie,BEFORE,tableau,BEFORE,reste,,
131,49,FR100130,[EVENT_N/A_ACTUAL_POS] --(BEFORE)--> [EVENT_N/A_ACTUAL_POS] | [EVENT_N/A_ACTUAL_POS] --(BEFORE)--> [EVENT_N/A_ACTUAL_POS] | [EVENT_N/A_ACTUAL_POS] --(BEFORE)--> [EVENT_N/A_ACTUAL_POS] | [EVENT_N/A_ACTUAL_POS] --(BEFORE)--> [EVENT_N/A_ACTUAL_POS],confirmé,BEFORE,recherche,BEFORE,séjour,BEFORE,bilan,BEFORE,suspectée,,
131,49,FR100142,[EVENT_N/A_ACTUAL_POS] --(BEFORE)--> [EVENT_N/A_ACTUAL_POS] | [EVENT_N/A_ACTUAL_POS] --(BEFORE)--> [EVENT_N/A_ACTUAL_POS] | [EVENT_N/A_ACTUAL_POS] --(BEFORE)--> [EVENT_N/A_ACTUAL_POS] | [EVENT_N/A_ACTUAL_POS] --(BEFORE)--> [EVENT_N/A_ACTUAL_POS],électrophorèse,BEFORE,scanner,BEFORE,fibroscopie,BEFORE,biopsie,BEFORE,mis,,
131,49,FR100161,[EVENT_N/A_ACTUAL_POS] --(BEFORE)--> [EVENT_N/A_ACTUAL_POS] | [EVENT_N/A_ACTUAL_POS] --(BEFORE)--> [EVENT_N/A_ACTUAL_POS] | [EVENT_N/A_ACTUAL_POS] --(BEFORE)--> [EVENT_N/A_ACTUAL_POS] | [EVENT_N/A_ACTUAL_POS] --(BEFORE)--> [EVENT_N/A_ACTUAL_POS],examens,BEFORE,radiographie,BEFORE,complément,BEFORE,cortisol,BEFORE,dérivés,,
131,49,FR100255,[EVENT_N/A_ACTUAL_POS] --(BEFORE)--> [EVENT_N/A_ACTUAL_POS] | [EVENT_N/A_ACTUAL_POS] --(BEFORE)--> [EVENT_N/A_ACTUAL_POS] | [EVENT_N/A_ACTUAL_POS] --(BEFORE)--> [EVENT_N/A_ACTUAL_POS] | [EVENT_N/A_ACTUAL_POS] --(BEFORE)--> [EVENT_N/A_ACTUAL_POS],réveillée,BEFORE,radio,BEFORE,TDM,BEFORE,bilan,BEFORE,expulsé,,
131,49,FR100275,[EVENT_N/A_ACTUAL_POS] --(BEFORE)--> [EVENT_N/A_ACTUAL_POS] | [EVENT_N/A_ACTUAL_POS] --(BEFORE)--> [EVENT_N/A_ACTUAL_POS] | [EVENT_N/A_ACTUAL_POS] --(BEFORE)--> [EVENT_N/A_ACTUAL_POS] | [EVENT_N/A_ACTUAL_POS] --(BEFORE)--> [EVENT_N/A_ACTUAL_POS],découverte,BEFORE,arrivée,BEFORE,établi,BEFORE,manœuvres,BEFORE,transféré,,
131,49,FR100283,[EVENT_N/A_ACTUAL_POS] --(BEFORE)--> [EVENT_N/A_ACTUAL_POS] | [EVENT_N/A_ACTUAL_POS] --(BEFORE)--> [EVENT_N/A_ACTUAL_POS] | [EVENT_N/A_ACTUAL_POS] --(BEFORE)--> [EVENT_N/A_ACTUAL_POS] | [EVENT_N/A_ACTUAL_POS] --(BEFORE)--> [EVENT_N/A_ACTUAL_POS],bilan,BEFORE,IRM,BEFORE,hypophysiogramme,BEFORE,traitement,BEFORE,évolution,,
131,49,FR100296,[EVENT_N/A_ACTUAL_POS] --(BEFORE)--> [EVENT_N/A_ACTUAL_POS] | [EVENT_N/A_ACTUAL_POS] --(BEFORE)--> [EVENT_N/A_ACTUAL_POS] | [EVENT_N/A_ACTUAL_POS] --(BEFORE)--> [EVENT_N/A_ACTUAL_POS] | [EVENT_N/A_ACTUAL_POS] --(BEFORE)--> [EVENT_N/A_ACTUAL_POS],examen,BEFORE,IRM,BEFORE,fenestration,BEFORE,suites,BEFORE,exéaté,,
131,49,FR100314,[EVENT_N/A_ACTUAL_POS] --(BEFORE)--> [EVENT_N/A_ACTUAL_POS] | [EVENT_N/A_ACTUAL_POS] --(BEFORE)--> [EVENT_N/A_ACTUAL_POS] | [EVENT_N/A_ACTUAL_POS] --(BEFORE)--> [EVENT_N/A_ACTUAL_POS] | [EVENT_N/A_ACTUAL_POS] --(BEFORE)--> [EVENT_N/A_ACTUAL_POS],admise,BEFORE,bilan,BEFORE,drainage,BEFORE,angio-scanner,BEFORE,amputation,,
131,49,FR100344,[EVENT_N/A_ACTUAL_POS] --(BEFORE)--> [EVENT_N/A_ACTUAL_POS] | [EVENT_N/A_ACTUAL_POS] --(BEFORE)--> [EVENT_N/A_ACTUAL_POS] | [EVENT_N/A_ACTUAL_POS] --(BEFORE)--> [EVENT_N/A_ACTUAL_POS] | [EVENT_N/A_ACTUAL_POS] --(BEFORE)--> [EVENT_N/A_ACTUAL_POS],déroulée,BEFORE,plainte,BEFORE,examen,BEFORE,césarienne,BEFORE,pesait,,
131,49,FR100346,[EVENT_N/A_ACTUAL_POS] --(BEFORE)--> [EVENT_N/A_ACTUAL_POS] | [EVENT_N/A_ACTUAL_POS] --(BEFORE)--> [EVENT_N/A_ACTUAL_POS] | [EVENT_N/A_ACTUAL_POS] --(BEFORE)--> [EVENT_N/A_ACTUAL_POS] | [EVENT_N/A_ACTUAL_POS] --(BEFORE)--> [EVENT_N/A_ACTUAL_POS],gazométrie,BEFORE,reste,BEFORE,radiographie,BEFORE,angioscanner,BEFORE,echo-dopler,,
131,49,FR100360,[EVENT_N/A_ACTUAL_POS] --(BEFORE)--> [EVENT_N/A_ACTUAL_POS] | [EVENT_N/A_ACTUAL_POS] --(BEFORE)--> [EVENT_N/A_ACTUAL_POS] | [EVENT_N/A_ACTUAL_POS] --(BEFORE)--> [EVENT_N/A_ACTUAL_POS] | [EVENT_N/A_ACTUAL_POS] --(BEFORE)--> [EVENT_N/A_ACTUAL_POS],tomodensitométrie,BEFORE,complément,BEFORE,biopsie,BEFORE,tomodensitométrie,BEFORE,radiothérapie,,
131,49,FR100361,[EVENT_N/A_ACTUAL_POS] --(BEFORE)--> [EVENT_N/A_ACTUAL_POS] | [EVENT_N/A_ACTUAL_POS] --(BEFORE)--> [EVENT_N/A_ACTUAL_POS] | [EVENT_N/A_ACTUAL_POS] --(BEFORE)--> [EVENT_N/A_ACTUAL_POS] | [EVENT_N/A_ACTUAL_POS] --(BEFORE)--> [EVENT_N/A_ACTUAL_POS],admise,BEFORE,examen,BEFORE,TDM,BEFORE,ponction,BEFORE,examen,,
131,49,FR100371,[EVENT_N/A_ACTUAL_POS] --(BEFORE)--> [EVENT_N/A_ACTUAL_POS] | [EVENT_N/A_ACTUAL_POS] --(BEFORE)--> [EVENT_N/A_ACTUAL_POS] | [EVENT_N/A_ACTUAL_POS] --(BEFORE)--> [EVENT_N/A_ACTUAL_POS] | [EVENT_N/A_ACTUAL_POS] --(BEFORE)--> [EVENT_N/A_ACTUAL_POS],adressée,BEFORE,admission,BEFORE,examen,BEFORE,examen,BEFORE,bilan,,
131,49,FR100400,[EVENT_N/A_ACTUAL_POS] --(BEFORE)--> [EVENT_N/A_ACTUAL_POS] | [EVENT_N/A_ACTUAL_POS] --(BEFORE)--> [EVENT_N/A_ACTUAL_POS] | [EVENT_N/A_ACTUAL_POS] --(BEFORE)--> [EVENT_N/A_ACTUAL_POS] | [EVENT_N/A_ACTUAL_POS] --(BEFORE)--> [EVENT_N/A_ACTUAL_POS],histoire,BEFORE,examen,BEFORE,bilan,BEFORE,Radiographie,BEFORE,échographie,,
131,49,FR100439,[EVENT_N/A_ACTUAL_POS] --(BEFORE)--> [EVENT_N/A_ACTUAL_POS] | [EVENT_N/A_ACTUAL_POS] --(BEFORE)--> [EVENT_N/A_ACTUAL_POS] | [EVENT_N/A_ACTUAL_POS] --(BEFORE)--> [EVENT_N/A_ACTUAL_POS] | [EVENT_N/A_ACTUAL_POS] --(BEFORE)--> [EVENT_N/A_ACTUAL_POS],prélèvements,BEFORE,IRM,BEFORE,scanner,BEFORE,endoscopie,BEFORE,biopsies,,
131,49,FR100448,[EVENT_N/A_ACTUAL_POS] --(BEFORE)--> [EVENT_N/A_ACTUAL_POS] | [EVENT_N/A_ACTUAL_POS] --(BEFORE)--> [EVENT_N/A_ACTUAL_POS] | [EVENT_N/A_ACTUAL_POS] --(BEFORE)--> [EVENT_N/A_ACTUAL_POS] | [EVENT_N/A_ACTUAL_POS] --(BEFORE)--> [EVENT_N/A_ACTUAL_POS],échotomographie,BEFORE,hémi thyroïdectomie,BEFORE,examen,BEFORE,histochimie,BEFORE,scanner,,
131,49,FR100480,[EVENT_N/A_ACTUAL_POS] --(BEFORE)--> [EVENT_N/A_ACTUAL_POS] | [EVENT_N/A_ACTUAL_POS] --(BEFORE)--> [EVENT_N/A_ACTUAL_POS] | [EVENT_N/A_ACTUAL_POS] --(BEFORE)--> [EVENT_N/A_ACTUAL_POS] | [EVENT_N/A_ACTUAL_POS] --(BEFORE)--> [EVENT_N/A_ACTUAL_POS],installation,BEFORE,bilan,BEFORE,analyse,BEFORE,amputation,BEFORE,examen,,
131,49,FR100515,[EVENT_N/A_ACTUAL_POS] --(BEFORE)--> [EVENT_N/A_ACTUAL_POS] | [EVENT_N/A_ACTUAL_POS] --(BEFORE)--> [EVENT_N/A_ACTUAL_POS] | [EVENT_N/A_ACTUAL_POS] --(BEFORE)--> [EVENT_N/A_ACTUAL_POS] | [EVENT_N/A_ACTUAL_POS] --(BEFORE)--> [EVENT_N/A_ACTUAL_POS],retenu,BEFORE,bilan,BEFORE,bilan,BEFORE,prescrits,BEFORE,corticothérapie,,
131,49,FR100517,[EVENT_N/A_ACTUAL_POS] --(BEFORE)--> [EVENT_N/A_ACTUAL_POS] | [EVENT_N/A_ACTUAL_POS] --(BEFORE)--> [EVENT_N/A_ACTUAL_POS] | [EVENT_N/A_ACTUAL_POS] --(BEFORE)--> [EVENT_N/A_ACTUAL_POS] | [EVENT_N/A_ACTUAL_POS] --(BEFORE)--> [EVENT_N/A_ACTUAL_POS],électromyogramme,BEFORE,bilan,BEFORE,explorations,BEFORE,porté,BEFORE,échographie,,
131,49,FR100519,[EVENT_N/A_ACTUAL_POS] --(BEFORE)--> [EVENT_N/A_ACTUAL_POS] | [EVENT_N/A_ACTUAL_POS] --(BEFORE)--> [EVENT_N/A_ACTUAL_POS] | [EVENT_N/A_ACTUAL_POS] --(BEFORE)--> [EVENT_N/A_ACTUAL_POS] | [EVENT_N/A_ACTUAL_POS] --(BEFORE)--> [EVENT_N/A_ACTUAL_POS],entrée,BEFORE,bilan,BEFORE,angioscanner,BEFORE,échodoppler,BEFORE,retenue,,
131,49,FR100589,[EVENT_N/A_ACTUAL_POS] --(BEFORE)--> [EVENT_N/A_ACTUAL_POS] | [EVENT_N/A_ACTUAL_POS] --(BEFORE)--> [EVENT_N/A_ACTUAL_POS] | [EVENT_N/A_ACTUAL_POS] --(BEFORE)--> [EVENT_N/A_ACTUAL_POS] | [EVENT_N/A_ACTUAL_POS] --(BEFORE)--> [EVENT_N/A_ACTUAL_POS],lavage,BEFORE,biopsies,BEFORE,exploration,BEFORE,hémogramme,BEFORE,Cytométrie,,
131,49,FR100597,[EVENT_N/A_ACTUAL_POS] --(BEFORE)--> [EVENT_N/A_ACTUAL_POS] | [EVENT_N/A_ACTUAL_POS] --(BEFORE)--> [EVENT_N/A_ACTUAL_POS] | [EVENT_N/A_ACTUAL_POS] --(BEFORE)--> [EVENT_N/A_ACTUAL_POS] | [EVENT_N/A_ACTUAL_POS] --(BEFORE)--> [EVENT_N/A_ACTUAL_POS],marqueurs,BEFORE,décidée,BEFORE,laparotomie,BEFORE,hystérectomie,BEFORE,suites,,
131,49,FR100611,[EVENT_N/A_ACTUAL_POS] --(BEFORE)--> [EVENT_N/A_ACTUAL_POS] | [EVENT_N/A_ACTUAL_POS] --(BEFORE)--> [EVENT_N/A_ACTUAL_POS] | [EVENT_N/A_ACTUAL_POS] --(BEFORE)--> [EVENT_N/A_ACTUAL_POS] | [EVENT_N/A_ACTUAL_POS] --(BEFORE)--> [EVENT_N/A_ACTUAL_POS],examen,BEFORE,PCR,BEFORE,TDM,BEFORE,biopsie,BEFORE,recherche,,
131,49,FR100614,[EVENT_N/A_ACTUAL_POS] --(BEFORE)--> [EVENT_N/A_ACTUAL_POS] | [EVENT_N/A_ACTUAL_POS] --(BEFORE)--> [EVENT_N/A_ACTUAL_POS] | [EVENT_N/A_ACTUAL_POS] --(BEFORE)--> [EVENT_N/A_ACTUAL_POS] | [EVENT_N/A_ACTUAL_POS] --(BEFORE)--> [EVENT_N/A_ACTUAL_POS],échographique,BEFORE,tomodensitométrie,BEFORE,radiographie,BEFORE,taux,BEFORE,exploration,,
131,49,FR100620,[EVENT_N/A_ACTUAL_POS] --(BEFORE)--> [EVENT_N/A_ACTUAL_POS] | [EVENT_N/A_ACTUAL_POS] --(BEFORE)--> [EVENT_N/A_ACTUAL_POS] | [EVENT_N/A_ACTUAL_POS] --(BEFORE)--> [EVENT_N/A_ACTUAL_POS] | [EVENT_N/A_ACTUAL_POS] --(BEFORE)--> [EVENT_N/A_ACTUAL_POS],radiographie,BEFORE,demandé,BEFORE,aspect,BEFORE,bronchoscopie,BEFORE,bilan,,
131,49,FR100623,[EVENT_N/A_ACTUAL_POS] --(BEFORE)--> [EVENT_N/A_ACTUAL_POS] | [EVENT_N/A_ACTUAL_POS] --(BEFORE)--> [EVENT_N/A_ACTUAL_POS] | [EVENT_N/A_ACTUAL_POS] --(BEFORE)--> [EVENT_N/A_ACTUAL_POS] | [EVENT_N/A_ACTUAL_POS] --(BEFORE)--> [EVENT_N/A_ACTUAL_POS],consulté,BEFORE,examen,BEFORE,échographie,BEFORE,tomodensitométrie,BEFORE,retenu,,
131,49,FR100629,[EVENT_N/A_ACTUAL_POS] --(BEFORE)--> [EVENT_N/A_ACTUAL_POS] | [EVENT_N/A_ACTUAL_POS] --(BEFORE)--> [EVENT_N/A_ACTUAL_POS] | [EVENT_N/A_ACTUAL_POS] --(BEFORE)--> [EVENT_N/A_ACTUAL_POS] | [EVENT_N/A_ACTUAL_POS] --(BEFORE)--> [EVENT_N/A_ACTUAL_POS],thoracoscopie,BEFORE,marquage,BEFORE,bilan,BEFORE,décision,BEFORE,chimiothérapie,,
131,49,FR100632,[EVENT_N/A_ACTUAL_POS] --(BEFORE)--> [EVENT_N/A_ACTUAL_POS] | [EVENT_N/A_ACTUAL_POS] --(BEFORE)--> [EVENT_N/A_ACTUAL_POS] | [EVENT_N/A_ACTUAL_POS] --(BEFORE)--> [EVENT_N/A_ACTUAL_POS] | [EVENT_N/A_ACTUAL_POS] --(BEFORE)--> [EVENT_N/A_ACTUAL_POS],IRM,BEFORE,étude,BEFORE,numération,BEFORE,bilan,BEFORE,enquête,,
131,49,FR100663,[EVENT_N/A_ACTUAL_POS] --(BEFORE)--> [EVENT_N/A_ACTUAL_POS] | [EVENT_N/A_ACTUAL_POS] --(BEFORE)--> [EVENT_N/A_ACTUAL_POS] | [EVENT_N/A_ACTUAL_POS] --(BEFORE)--> [EVENT_N/A_ACTUAL_POS] | [EVENT_N/A_ACTUAL_POS] --(BEFORE)--> [EVENT_N/A_ACTUAL_POS],ligature,BEFORE,incisée,BEFORE,vérifié,BEFORE,reprise,BEFORE,fermé,,
131,49,FR100666,[EVENT_N/A_ACTUAL_POS] --(BEFORE)--> [EVENT_N/A_ACTUAL_POS] | [EVENT_N/A_ACTUAL_POS] --(BEFORE)--> [EVENT_N/A_ACTUAL_POS] | [EVENT_N/A_ACTUAL_POS] --(BEFORE)--> [EVENT_N/A_ACTUAL_POS] | [EVENT_N/A_ACTUAL_POS] --(BEFORE)--> [EVENT_N/A_ACTUAL_POS],étude,BEFORE,adressé,BEFORE,bilan,BEFORE,myologramme,BEFORE,bilan,,
131,49,FR100683,[EVENT_N/A_ACTUAL_POS] --(BEFORE)--> [EVENT_N/A_ACTUAL_POS] | [EVENT_N/A_ACTUAL_POS] --(BEFORE)--> [EVENT_N/A_ACTUAL_POS] | [EVENT_N/A_ACTUAL_POS] --(BEFORE)--> [EVENT_N/A_ACTUAL_POS] | [EVENT_N/A_ACTUAL_POS] --(BEFORE)--> [EVENT_N/A_ACTUAL_POS],exploration,BEFORE,IRM,BEFORE,écho-mammographie,BEFORE,osteodensitométrie,BEFORE,traitée,,
131,49,FR100688,[EVENT_N/A_ACTUAL_POS] --(BEFORE)--> [EVENT_N/A_ACTUAL_POS] | [EVENT_N/A_ACTUAL_POS] --(BEFORE)--> [EVENT_N/A_ACTUAL_POS] | [EVENT_N/A_ACTUAL_POS] --(BEFORE)--> [EVENT_N/A_ACTUAL_POS] | [EVENT_N/A_ACTUAL_POS] --(BEFORE)--> [EVENT_N/A_ACTUAL_POS],radiographie,BEFORE,incision,BEFORE,analyse,BEFORE,traitement,BEFORE,évolution,,
131,49,FR100689,[EVENT_N/A_ACTUAL_POS] --(BEFORE)--> [EVENT_N/A_ACTUAL_POS] | [EVENT_N/A_ACTUAL_POS] --(BEFORE)--> [EVENT_N/A_ACTUAL_POS] | [EVENT_N/A_ACTUAL_POS] --(BEFORE)--> [EVENT_N/A_ACTUAL_POS] | [EVENT_N/A_ACTUAL_POS] --(BEFORE)--> [EVENT_N/A_ACTUAL_POS],ionogramme,BEFORE,examen,BEFORE,retenu,BEFORE,traitement,BEFORE,corticothérapie,,
131,49,FR100697,[EVENT_N/A_ACTUAL_POS] --(BEFORE)--> [EVENT_N/A_ACTUAL_POS] | [EVENT_N/A_ACTUAL_POS] --(BEFORE)--> [EVENT_N/A_ACTUAL_POS] | [EVENT_N/A_ACTUAL_POS] --(BEFORE)--> [EVENT_N/A_ACTUAL_POS] | [EVENT_N/A_ACTUAL_POS] --(BEFORE)--> [EVENT_N/A_ACTUAL_POS],palpation,BEFORE,examen,BEFORE,mammographie,BEFORE,échographie,BEFORE,examen,,
131,49,FR100708,[EVENT_N/A_ACTUAL_POS] --(BEFORE)--> [EVENT_N/A_ACTUAL_POS] | [EVENT_N/A_ACTUAL_POS] --(BEFORE)--> [EVENT_N/A_ACTUAL_POS] | [EVENT_N/A_ACTUAL_POS] --(BEFORE)--> [EVENT_N/A_ACTUAL_POS] | [EVENT_N/A_ACTUAL_POS] --(BEFORE)--> [EVENT_N/A_ACTUAL_POS],examen,BEFORE,mammographie,BEFORE,échographie,BEFORE,ponction,BEFORE,étude,,
131,49,FR100717,[EVENT_N/A_ACTUAL_POS] --(BEFORE)--> [EVENT_N/A_ACTUAL_POS] | [EVENT_N/A_ACTUAL_POS] --(BEFORE)--> [EVENT_N/A_ACTUAL_POS] | [EVENT_N/A_ACTUAL_POS] --(BEFORE)--> [EVENT_N/A_ACTUAL_POS] | [EVENT_N/A_ACTUAL_POS] --(BEFORE)--> [EVENT_N/A_ACTUAL_POS],traitement,BEFORE,examen,BEFORE,examens,BEFORE,scanner,BEFORE,IRM,,
131,49,FR100748,[EVENT_N/A_ACTUAL_POS] --(BEFORE)--> [EVENT_N/A_ACTUAL_POS] | [EVENT_N/A_ACTUAL_POS] --(BEFORE)--> [EVENT_N/A_ACTUAL_POS] | [EVENT_N/A_ACTUAL_POS] --(BEFORE)--> [EVENT_N/A_ACTUAL_POS] | [EVENT_N/A_ACTUAL_POS] --(BEFORE)--> [EVENT_N/A_ACTUAL_POS],mobilisation,BEFORE,suites,BEFORE,transférée,BEFORE,regagné,BEFORE,recul,,
131,49,FR100806,[EVENT_N/A_ACTUAL_POS] --(BEFORE)--> [EVENT_N/A_ACTUAL_POS] | [EVENT_N/A_ACTUAL_POS] --(BEFORE)--> [EVENT_N/A_ACTUAL_POS] | [EVENT_N/A_ACTUAL_POS] --(BEFORE)--> [EVENT_N/A_ACTUAL_POS] | [EVENT_N/A_ACTUAL_POS] --(BEFORE)--> [EVENT_N/A_ACTUAL_POS],référée,BEFORE,examen,BEFORE,biologie,BEFORE,hospitalisée,BEFORE,hémodialyse,,
131,49,FR100826,[EVENT_N/A_ACTUAL_POS] --(BEFORE)--> [EVENT_N/A_ACTUAL_POS] | [EVENT_N/A_ACTUAL_POS] --(BEFORE)--> [EVENT_N/A_ACTUAL_POS] | [EVENT_N/A_ACTUAL_POS] --(BEFORE)--> [EVENT_N/A_ACTUAL_POS] | [EVENT_N/A_ACTUAL_POS] --(BEFORE)--> [EVENT_N/A_ACTUAL_POS],examen,BEFORE,bilan,BEFORE,bilan,BEFORE,retenue,BEFORE,exploration,,
131,49,FR100845,[EVENT_N/A_ACTUAL_POS] --(BEFORE)--> [EVENT_N/A_ACTUAL_POS] | [EVENT_N/A_ACTUAL_POS] --(BEFORE)--> [EVENT_N/A_ACTUAL_POS] | [EVENT_N/A_ACTUAL_POS] --(BEFORE)--> [EVENT_N/A_ACTUAL_POS] | [EVENT_N/A_ACTUAL_POS] --(BEFORE)--> [EVENT_N/A_ACTUAL_POS],Consulte,BEFORE,examen,BEFORE,examen,BEFORE,échographie,BEFORE,radiographie,,
131,49,FR100870,[EVENT_N/A_ACTUAL_POS] --(BEFORE)--> [EVENT_N/A_ACTUAL_POS] | [EVENT_N/A_ACTUAL_POS] --(BEFORE)--> [EVENT_N/A_ACTUAL_POS] | [EVENT_N/A_ACTUAL_POS] --(BEFORE)--> [EVENT_N/A_ACTUAL_POS] | [EVENT_N/A_ACTUAL_POS] --(BEFORE)--> [EVENT_N/A_ACTUAL_POS],retenu,BEFORE,radiothérapie,BEFORE,admis,BEFORE,imagerie,BEFORE,hémogramme,,
131,49,FR100874,[EVENT_N/A_ACTUAL_POS] --(BEFORE)--> [EVENT_N/A_ACTUAL_POS] | [EVENT_N/A_ACTUAL_POS] --(BEFORE)--> [EVENT_N/A_ACTUAL_POS] | [EVENT_N/A_ACTUAL_POS] --(BEFORE)--> [EVENT_N/A_ACTUAL_POS] | [EVENT_N/A_ACTUAL_POS] --(BEFORE)--> [EVENT_N/A_ACTUAL_POS],tomodensitométrie,BEFORE,retenu,BEFORE,mise,BEFORE,diverticulectomie,BEFORE,décédée,,
131,49,FR100882,[EVENT_N/A_ACTUAL_POS] --(BEFORE)--> [EVENT_N/A_ACTUAL_POS] | [EVENT_N/A_ACTUAL_POS] --(BEFORE)--> [EVENT_N/A_ACTUAL_POS] | [EVENT_N/A_ACTUAL_POS] --(BEFORE)--> [EVENT_N/A_ACTUAL_POS] | [EVENT_N/A_ACTUAL_POS] --(BEFORE)--> [EVENT_N/A_ACTUAL_POS],IRM,BEFORE,scanner,BEFORE,laminectomie,BEFORE,Imagerie,BEFORE,bilan,,
131,49,FR100894,[EVENT_N/A_ACTUAL_POS] --(BEFORE)--> [EVENT_N/A_ACTUAL_POS] | [EVENT_N/A_ACTUAL_POS] --(BEFORE)--> [EVENT_N/A_ACTUAL_POS] | [EVENT_N/A_ACTUAL_POS] --(BEFORE)--> [EVENT_N/A_ACTUAL_POS] | [EVENT_N/A_ACTUAL_POS] --(BEFORE)--> [EVENT_N/A_ACTUAL_POS],IRM,BEFORE,appuyés,BEFORE,diagnostic,BEFORE,pris,BEFORE,incision,,
131,49,FR100903,[EVENT_N/A_ACTUAL_POS] --(BEFORE)--> [EVENT_N/A_ACTUAL_POS] | [EVENT_N/A_ACTUAL_POS] --(BEFORE)--> [EVENT_N/A_ACTUAL_POS] | [EVENT_N/A_ACTUAL_POS] --(BEFORE)--> [EVENT_N/A_ACTUAL_POS] | [EVENT_N/A_ACTUAL_POS] --(BEFORE)--> [EVENT_N/A_ACTUAL_POS],échographie,BEFORE,IRM,BEFORE,diagnostic,BEFORE,écarté,BEFORE,réfléchir,,
131,49,FR100946,[EVENT_N/A_ACTUAL_POS] --(BEFORE)--> [EVENT_N/A_ACTUAL_POS] | [EVENT_N/A_ACTUAL_POS] --(BEFORE)--> [EVENT_N/A_ACTUAL_POS] | [EVENT_N/A_ACTUAL_POS] --(BEFORE)--> [EVENT_N/A_ACTUAL_POS] | [EVENT_N/A_ACTUAL_POS] --(BEFORE)--> [EVENT_N/A_ACTUAL_POS],IRM,BEFORE,analyse,BEFORE,mise,BEFORE,analyse,BEFORE,mise,,
131,49,FR100996,[EVENT_N/A_ACTUAL_POS] --(BEFORE)--> [EVENT_N/A_ACTUAL_POS] | [EVENT_N/A_ACTUAL_POS] --(BEFORE)--> [EVENT_N/A_ACTUAL_POS] | [EVENT_N/A_ACTUAL_POS] --(BEFORE)--> [EVENT_N/A_ACTUAL_POS] | [EVENT_N/A_ACTUAL_POS] --(BEFORE)--> [EVENT_N/A_ACTUAL_POS],tomodensitométrie,BEFORE,injection,BEFORE,retenu,BEFORE,chirurgical,BEFORE,suites,,
193,46,FR100003,[EVENT_N/A_ACTUAL_POS] --(BEFORE)--> [EVENT_N/A_ACTUAL_POS] | [EVENT_N/A_ACTUAL_POS] --(OVERLAP)--> [EVENT_N/A_ACTUAL_POS],drainage,BEFORE,traitement,OVERLAP,prévenir,,,,,,
193,46,FR100078,[EVENT_N/A_ACTUAL_POS] --(BEFORE)--> [EVENT_N/A_ACTUAL_POS] | [EVENT_N/A_ACTUAL_POS] --(OVERLAP)--> [EVENT_N/A_ACTUAL_POS],Pathergy,BEFORE,diagnostic,OVERLAP,colchicine,,,,,,
193,46,FR100120,[EVENT_N/A_ACTUAL_POS] --(BEFORE)--> [EVENT_N/A_ACTUAL_POS] | [EVENT_N/A_ACTUAL_POS] --(OVERLAP)--> [EVENT_N/A_ACTUAL_POS],retirées,BEFORE,conclure,OVERLAP,identifiées,,,,,,
193,46,FR100130,[EVENT_N/A_ACTUAL_POS] --(BEFORE)--> [EVENT_N/A_ACTUAL_POS] | [EVENT_N/A_ACTUAL_POS] --(OVERLAP)--> [EVENT_N/A_ACTUAL_POS],administrées,BEFORE,reçu,OVERLAP,amélioration,,,,,,
193,46,FR100132,[EVENT_N/A_ACTUAL_POS] --(BEFORE)--> [EVENT_N/A_ACTUAL_POS] | [EVENT_N/A_ACTUAL_POS] --(OVERLAP)--> [EVENT_N/A_ACTUAL_POS],examen,BEFORE,écho-Doppler,OVERLAP,fibroscopie,,,,,,
193,46,FR100142,[EVENT_N/A_ACTUAL_POS] --(BEFORE)--> [EVENT_N/A_ACTUAL_POS] | [EVENT_N/A_ACTUAL_POS] --(OVERLAP)--> [EVENT_N/A_ACTUAL_POS],sérologie,BEFORE,évolution,OVERLAP,altération,,,,,,
193,46,FR100161,[EVENT_N/A_ACTUAL_POS] --(BEFORE)--> [EVENT_N/A_ACTUAL_POS] | [EVENT_N/A_ACTUAL_POS] --(OVERLAP)--> [EVENT_N/A_ACTUAL_POS],interrogatoire,BEFORE,examen,OVERLAP,TA,,,,,,
193,46,FR100168,[EVENT_N/A_ACTUAL_POS] --(BEFORE)--> [EVENT_N/A_ACTUAL_POS] | [EVENT_N/A_ACTUAL_POS] --(OVERLAP)--> [EVENT_N/A_ACTUAL_POS],tests,BEFORE,entretien,OVERLAP,habitude,,,,,,
193,46,FR100255,[EVENT_N/A_ACTUAL_POS] --(BEFORE)--> [EVENT_N/A_ACTUAL_POS] | [EVENT_N/A_ACTUAL_POS] --(OVERLAP)--> [EVENT_N/A_ACTUAL_POS],admission,BEFORE,expulsé,OVERLAP,poids,,,,,,
193,46,FR100275,[EVENT_N/A_ACTUAL_POS] --(BEFORE)--> [EVENT_N/A_ACTUAL_POS] | [EVENT_N/A_ACTUAL_POS] --(OVERLAP)--> [EVENT_N/A_ACTUAL_POS],anamnèse,BEFORE,examen,OVERLAP,bilan,,,,,,
193,46,FR100314,[EVENT_N/A_ACTUAL_POS] --(BEFORE)--> [EVENT_N/A_ACTUAL_POS] | [EVENT_N/A_ACTUAL_POS] --(OVERLAP)--> [EVENT_N/A_ACTUAL_POS],bilan,BEFORE,drainage,OVERLAP,analgésie,,,,,,
193,46,FR100344,[EVENT_N/A_ACTUAL_POS] --(BEFORE)--> [EVENT_N/A_ACTUAL_POS] | [EVENT_N/A_ACTUAL_POS] --(OVERLAP)--> [EVENT_N/A_ACTUAL_POS],césarienne,BEFORE,pesait,OVERLAP,pesaient,,,,,,
193,46,FR100346,[EVENT_N/A_ACTUAL_POS] --(BEFORE)--> [EVENT_N/A_ACTUAL_POS] | [EVENT_N/A_ACTUAL_POS] --(OVERLAP)--> [EVENT_N/A_ACTUAL_POS],héparinothérapie,BEFORE,anti-vitamine,OVERLAP,antibiothérapie,,,,,,
193,46,FR100360,[EVENT_N/A_ACTUAL_POS] --(BEFORE)--> [EVENT_N/A_ACTUAL_POS] | [EVENT_N/A_ACTUAL_POS] --(OVERLAP)--> [EVENT_N/A_ACTUAL_POS],radiothérapie,BEFORE,cures,OVERLAP,tolérance,,,,,,
193,46,FR100361,[EVENT_N/A_ACTUAL_POS] --(BEFORE)--> [EVENT_N/A_ACTUAL_POS] | [EVENT_N/A_ACTUAL_POS] --(OVERLAP)--> [EVENT_N/A_ACTUAL_POS],culture,BEFORE,protéine,OVERLAP,traitée,,,,,,
193,46,FR100400,[EVENT_N/A_ACTUAL_POS] --(BEFORE)--> [EVENT_N/A_ACTUAL_POS] | [EVENT_N/A_ACTUAL_POS] --(OVERLAP)--> [EVENT_N/A_ACTUAL_POS],résection,BEFORE,suites,OVERLAP,étude,,,,,,
193,46,FR100439,[EVENT_N/A_ACTUAL_POS] --(BEFORE)--> [EVENT_N/A_ACTUAL_POS] | [EVENT_N/A_ACTUAL_POS] --(OVERLAP)--> [EVENT_N/A_ACTUAL_POS],nasofibroscopie,BEFORE,contrôles,OVERLAP,recul,,,,,,
193,46,FR100517,[EVENT_N/A_ACTUAL_POS] --(BEFORE)--> [EVENT_N/A_ACTUAL_POS] | [EVENT_N/A_ACTUAL_POS] --(OVERLAP)--> [EVENT_N/A_ACTUAL_POS],adressée,BEFORE,examen,OVERLAP,éléments,,,,,,
193,46,FR100519,[EVENT_N/A_ACTUAL_POS] --(BEFORE)--> [EVENT_N/A_ACTUAL_POS] | [EVENT_N/A_ACTUAL_POS] --(OVERLAP)--> [EVENT_N/A_ACTUAL_POS],hémogramme,BEFORE,remplissage,OVERLAP,transfusion,,,,,,
193,46,FR100589,[EVENT_N/A_ACTUAL_POS] --(BEFORE)--> [EVENT_N/A_ACTUAL_POS] | [EVENT_N/A_ACTUAL_POS] --(OVERLAP)--> [EVENT_N/A_ACTUAL_POS],diagnostic,BEFORE,corticothérapie,OVERLAP,amélioration,,,,,,
193,46,FR100597,[EVENT_N/A_ACTUAL_POS] --(BEFORE)--> [EVENT_N/A_ACTUAL_POS] | [EVENT_N/A_ACTUAL_POS] --(OVERLAP)--> [EVENT_N/A_ACTUAL_POS],laparotomie,BEFORE,hystérectomie,OVERLAP,examen,,,,,,
193,46,FR100603,[EVENT_N/A_ACTUAL_POS] --(BEFORE)--> [EVENT_N/A_ACTUAL_POS] | [EVENT_N/A_ACTUAL_POS] --(OVERLAP)--> [EVENT_N/A_ACTUAL_POS],chirurgie,BEFORE,hémocultures,OVERLAP,culture,,,,,,
193,46,FR100611,[EVENT_N/A_ACTUAL_POS] --(BEFORE)--> [EVENT_N/A_ACTUAL_POS] | [EVENT_N/A_ACTUAL_POS] --(OVERLAP)--> [EVENT_N/A_ACTUAL_POS],instauré,BEFORE,disparition,OVERLAP,IRM,,,,,,
193,46,FR100620,[EVENT_N/A_ACTUAL_POS] --(BEFORE)--> [EVENT_N/A_ACTUAL_POS] | [EVENT_N/A_ACTUAL_POS] --(OVERLAP)--> [EVENT_N/A_ACTUAL_POS],bilan,BEFORE,évolution,OVERLAP,pleurodèse,,,,,,
193,46,FR100623,[EVENT_N/A_ACTUAL_POS] --(BEFORE)--> [EVENT_N/A_ACTUAL_POS] | [EVENT_N/A_ACTUAL_POS] --(OVERLAP)--> [EVENT_N/A_ACTUAL_POS],prise,BEFORE,analyse,OVERLAP,diagnostic,,,,,,
193,46,FR100629,[EVENT_N/A_ACTUAL_POS] --(BEFORE)--> [EVENT_N/A_ACTUAL_POS] | [EVENT_N/A_ACTUAL_POS] --(OVERLAP)--> [EVENT_N/A_ACTUAL_POS],décision,BEFORE,évolution,OVERLAP,chimiothérapie,,,,,,
193,46,FR100632,[EVENT_N/A_ACTUAL_POS] --(BEFORE)--> [EVENT_N/A_ACTUAL_POS] | [EVENT_N/A_ACTUAL_POS] --(OVERLAP)--> [EVENT_N/A_ACTUAL_POS],diagnostic,BEFORE,mis,OVERLAP,rééducation,,,,,,
193,46,FR100663,[EVENT_N/A_ACTUAL_POS] --(BEFORE)--> [EVENT_N/A_ACTUAL_POS] | [EVENT_N/A_ACTUAL_POS] --(OVERLAP)--> [EVENT_N/A_ACTUAL_POS],vérifié,BEFORE,reprise,OVERLAP,assurée,,,,,,
193,46,FR100666,[EVENT_N/A_ACTUAL_POS] --(BEFORE)--> [EVENT_N/A_ACTUAL_POS] | [EVENT_N/A_ACTUAL_POS] --(OVERLAP)--> [EVENT_N/A_ACTUAL_POS],étude,BEFORE,adressé,OVERLAP,prise,,,,,,
193,46,FR100683,[EVENT_N/A_ACTUAL_POS] --(BEFORE)--> [EVENT_N/A_ACTUAL_POS] | [EVENT_N/A_ACTUAL_POS] --(OVERLAP)--> [EVENT_N/A_ACTUAL_POS],osteodensitométrie,BEFORE,traitée,OVERLAP,évolution,,,,,,
193,46,FR100697,[EVENT_N/A_ACTUAL_POS] --(BEFORE)--> [EVENT_N/A_ACTUAL_POS] | [EVENT_N/A_ACTUAL_POS] --(OVERLAP)--> [EVENT_N/A_ACTUAL_POS],examen,BEFORE,immunomarquage,OVERLAP,tout,,,,,,
193,46,FR100708,[EVENT_N/A_ACTUAL_POS] --(BEFORE)--> [EVENT_N/A_ACTUAL_POS] | [EVENT_N/A_ACTUAL_POS] --(OVERLAP)--> [EVENT_N/A_ACTUAL_POS],tests,BEFORE,mise,OVERLAP,évolution,,,,,,
193,46,FR100717,[EVENT_N/A_ACTUAL_POS] --(BEFORE)--> [EVENT_N/A_ACTUAL_POS] | [EVENT_N/A_ACTUAL_POS] --(OVERLAP)--> [EVENT_N/A_ACTUAL_POS],exploration,BEFORE,suites,OVERLAP,évolution,,,,,,
193,46,FR100748,[EVENT_N/A_ACTUAL_POS] --(BEFORE)--> [EVENT_N/A_ACTUAL_POS] | [EVENT_N/A_ACTUAL_POS] --(OVERLAP)--> [EVENT_N/A_ACTUAL_POS],regagné,BEFORE,recul,OVERLAP,chiffres,,,,,,
193,46,FR100766,[EVENT_N/A_ACTUAL_POS] --(BEFORE)--> [EVENT_N/A_ACTUAL_POS] | [EVENT_N/A_ACTUAL_POS] --(OVERLAP)--> [EVENT_N/A_ACTUAL_POS],irrigation,BEFORE,propre,OVERLAP,satisfait,,,,,,
193,46,FR100780,[EVENT_N/A_ACTUAL_POS] --(BEFORE)--> [EVENT_N/A_ACTUAL_POS] | [EVENT_N/A_ACTUAL_POS] --(OVERLAP)--> [EVENT_N/A_ACTUAL_POS],admise,BEFORE,examen,OVERLAP,obstétrical,,,,,,
193,46,FR100806,[EVENT_N/A_ACTUAL_POS] --(BEFORE)--> [EVENT_N/A_ACTUAL_POS] | [EVENT_N/A_ACTUAL_POS] --(OVERLAP)--> [EVENT_N/A_ACTUAL_POS],référée,BEFORE,examen,OVERLAP,pression,,,,,,
193,46,FR100826,[EVENT_N/A_ACTUAL_POS] --(BEFORE)--> [EVENT_N/A_ACTUAL_POS] | [EVENT_N/A_ACTUAL_POS] --(OVERLAP)--> [EVENT_N/A_ACTUAL_POS],bilan,BEFORE,retenue,OVERLAP,indication,,,,,,
193,46,FR100845,[EVENT_N/A_ACTUAL_POS] --(BEFORE)--> [EVENT_N/A_ACTUAL_POS] | [EVENT_N/A_ACTUAL_POS] --(OVERLAP)--> [EVENT_N/A_ACTUAL_POS],intubée,BEFORE,ventilées,OVERLAP,échec,,,,,,
193,46,FR100870,[EVENT_N/A_ACTUAL_POS] --(BEFORE)--> [EVENT_N/A_ACTUAL_POS] | [EVENT_N/A_ACTUAL_POS] --(OVERLAP)--> [EVENT_N/A_ACTUAL_POS],retenu,BEFORE,radiothérapie,OVERLAP,chimiothérapie,,,,,,
193,46,FR100874,[EVENT_N/A_ACTUAL_POS] --(BEFORE)--> [EVENT_N/A_ACTUAL_POS] | [EVENT_N/A_ACTUAL_POS] --(OVERLAP)--> [EVENT_N/A_ACTUAL_POS],retenu,BEFORE,mise,OVERLAP,transfusions,,,,,,
193,46,FR100882,[EVENT_N/A_ACTUAL_POS] --(BEFORE)--> [EVENT_N/A_ACTUAL_POS] | [EVENT_N/A_ACTUAL_POS] --(OVERLAP)--> [EVENT_N/A_ACTUAL_POS],sclérothérapie,BEFORE,évolution,OVERLAP,favorable,,,,,,
193,46,FR100894,[EVENT_N/A_ACTUAL_POS] --(BEFORE)--> [EVENT_N/A_ACTUAL_POS] | [EVENT_N/A_ACTUAL_POS] --(OVERLAP)--> [EVENT_N/A_ACTUAL_POS],IRM,BEFORE,appuyés,OVERLAP,éliminer,,,,,,
193,46,FR100932,[EVENT_N/A_ACTUAL_POS] --(BEFORE)--> [EVENT_N/A_ACTUAL_POS] | [EVENT_N/A_ACTUAL_POS] --(OVERLAP)--> [EVENT_N/A_ACTUAL_POS],mise,BEFORE,opérée,OVERLAP,stabilisation,,,,,,
193,46,FR100986,[EVENT_N/A_ACTUAL_POS] --(BEFORE)--> [EVENT_N/A_ACTUAL_POS] | [EVENT_N/A_ACTUAL_POS] --(OVERLAP)--> [EVENT_N/A_ACTUAL_POS],mise,BEFORE,hospitalisée,OVERLAP,rebelle,,,,,,
193,46,FR100996,[EVENT_N/A_ACTUAL_POS] --(BEFORE)--> [EVENT_N/A_ACTUAL_POS] | [EVENT_N/A_ACTUAL_POS] --(OVERLAP)--> [EVENT_N/A_ACTUAL_POS],consulté,BEFORE,rapportons,OVERLAP,hernie,,,,,,
10,45,FR100003,[EVENT_N/A_ACTUAL_POS] --(CONTAINS)--> [EVENT_N/A_ACTUAL_POS] | [EVENT_N/A_ACTUAL_POS] --(OVERLAP)--> [EVENT_N/A_ACTUAL_POS],observation,CONTAINS,consulte,[RETOUR],observation,OVERLAP,antécédents,,,,
10,45,FR100078,[EVENT_N/A_ACTUAL_POS] --(CONTAINS)--> [EVENT_N/A_ACTUAL_POS] | [EVENT_N/A_ACTUAL_POS] --(OVERLAP)--> [EVENT_N/A_ACTUAL_POS],ulcères,CONTAINS,hospitalisation,[RETOUR],ulcères,OVERLAP,récidives,,,,
10,45,FR100092,[EVENT_N/A_ACTUAL_POS] --(CONTAINS)--> [EVENT_N/A_ACTUAL_POS] | [EVENT_N/A_ACTUAL_POS] --(OVERLAP)--> [EVENT_N/A_ACTUAL_POS],appendicite,CONTAINS,étude,[RETOUR],appendicite,OVERLAP,réaction,,,,
10,45,FR100120,[EVENT_N/A_ACTUAL_POS] --(CONTAINS)--> [EVENT_N/A_ACTUAL_POS] | [EVENT_N/A_ACTUAL_POS] --(OVERLAP)--> [EVENT_N/A_ACTUAL_POS],antécédents,CONTAINS,diabète,[RETOUR],antécédents,OVERLAP,détachement,,,,
10,45,FR100130,[EVENT_N/A_ACTUAL_POS] --(CONTAINS)--> [EVENT_N/A_ACTUAL_POS] | [EVENT_N/A_ACTUAL_POS] --(OVERLAP)--> [EVENT_N/A_ACTUAL_POS],réflexes,CONTAINS,examen,[RETOUR],réflexes,OVERLAP,réflexe,,,,
10,45,FR100132,[EVENT_N/A_ACTUAL_POS] --(CONTAINS)--> [EVENT_N/A_ACTUAL_POS] | [EVENT_N/A_ACTUAL_POS] --(OVERLAP)--> [EVENT_N/A_ACTUAL_POS],consultation,CONTAINS,référée,[RETOUR],consultation,OVERLAP,antécédents,,,,
10,45,FR100142,[EVENT_N/A_ACTUAL_POS] --(CONTAINS)--> [EVENT_N/A_ACTUAL_POS] | [EVENT_N/A_ACTUAL_POS] --(OVERLAP)--> [EVENT_N/A_ACTUAL_POS],marqueurs,CONTAINS,électrophorèse,[RETOUR],marqueurs,OVERLAP,réaction,,,,
10,45,FR100161,[EVENT_N/A_ACTUAL_POS] --(CONTAINS)--> [EVENT_N/A_ACTUAL_POS] | [EVENT_N/A_ACTUAL_POS] --(OVERLAP)--> [EVENT_N/A_ACTUAL_POS],sérologie,CONTAINS,examens,[RETOUR],sérologie,OVERLAP,charge,,,,
10,45,FR100168,[EVENT_N/A_ACTUAL_POS] --(CONTAINS)--> [EVENT_N/A_ACTUAL_POS] | [EVENT_N/A_ACTUAL_POS] --(OVERLAP)--> [EVENT_N/A_ACTUAL_POS],entretien,CONTAINS,dévoiler,[RETOUR],entretien,OVERLAP,habitude,,,,
10,45,FR100185,[EVENT_N/A_ACTUAL_POS] --(CONTAINS)--> [EVENT_N/A_ACTUAL_POS] | [EVENT_N/A_ACTUAL_POS] --(OVERLAP)--> [EVENT_N/A_ACTUAL_POS],suivie,CONTAINS,mastectomie,[RETOUR],suivie,OVERLAP,accuse,,,,
10,45,FR100275,[EVENT_N/A_ACTUAL_POS] --(CONTAINS)--> [EVENT_N/A_ACTUAL_POS] | [EVENT_N/A_ACTUAL_POS] --(OVERLAP)--> [EVENT_N/A_ACTUAL_POS],bilan,CONTAINS,électroencéphalogramme,[RETOUR],bilan,OVERLAP,échographie,,,,
10,45,FR100282,[EVENT_N/A_ACTUAL_POS] --(CONTAINS)--> [EVENT_N/A_ACTUAL_POS] | [EVENT_N/A_ACTUAL_POS] --(OVERLAP)--> [EVENT_N/A_ACTUAL_POS],crises,CONTAINS,soumis,[RETOUR],crises,OVERLAP,perte,,,,
10,45,FR100296,[EVENT_N/A_ACTUAL_POS] --(CONTAINS)--> [EVENT_N/A_ACTUAL_POS] | [EVENT_N/A_ACTUAL_POS] --(OVERLAP)--> [EVENT_N/A_ACTUAL_POS],émergence,CONTAINS,fenestration,[RETOUR],émergence,OVERLAP,sténosé,,,,
10,45,FR100361,[EVENT_N/A_ACTUAL_POS] --(CONTAINS)--> [EVENT_N/A_ACTUAL_POS] | [EVENT_N/A_ACTUAL_POS] --(OVERLAP)--> [EVENT_N/A_ACTUAL_POS],méningo-vascularite,CONTAINS,diagnostic,[RETOUR],méningo-vascularite,OVERLAP,adénome,,,,
10,45,FR100371,[EVENT_N/A_ACTUAL_POS] --(CONTAINS)--> [EVENT_N/A_ACTUAL_POS] | [EVENT_N/A_ACTUAL_POS] --(OVERLAP)--> [EVENT_N/A_ACTUAL_POS],pesait,CONTAINS,examen,[RETOUR],pesait,OVERLAP,taille,,,,
10,45,FR100400,[EVENT_N/A_ACTUAL_POS] --(CONTAINS)--> [EVENT_N/A_ACTUAL_POS] | [EVENT_N/A_ACTUAL_POS] --(OVERLAP)--> [EVENT_N/A_ACTUAL_POS],suites,CONTAINS,sortante,[RETOUR],suites,OVERLAP,étude,,,,
10,45,FR100517,[EVENT_N/A_ACTUAL_POS] --(CONTAINS)--> [EVENT_N/A_ACTUAL_POS] | [EVENT_N/A_ACTUAL_POS] --(OVERLAP)--> [EVENT_N/A_ACTUAL_POS],lésions,CONTAINS,hospitalisée,[RETOUR],lésions,OVERLAP,traitement,,,,
10,45,FR100579,[EVENT_N/A_ACTUAL_POS] --(CONTAINS)--> [EVENT_N/A_ACTUAL_POS] | [EVENT_N/A_ACTUAL_POS] --(OVERLAP)--> [EVENT_N/A_ACTUAL_POS],antécédents,CONTAINS,traumatisme,[RETOUR],antécédents,OVERLAP,consulte,,,,
10,45,FR100589,[EVENT_N/A_ACTUAL_POS] --(CONTAINS)--> [EVENT_N/A_ACTUAL_POS] | [EVENT_N/A_ACTUAL_POS] --(OVERLAP)--> [EVENT_N/A_ACTUAL_POS],toux,CONTAINS,hospitalisation,[RETOUR],toux,OVERLAP,douleurs,,,,
10,45,FR100597,[EVENT_N/A_ACTUAL_POS] --(CONTAINS)--> [EVENT_N/A_ACTUAL_POS] | [EVENT_N/A_ACTUAL_POS] --(OVERLAP)--> [EVENT_N/A_ACTUAL_POS],hystérectomie,CONTAINS,annexectomie,[RETOUR],hystérectomie,OVERLAP,examen,,,,
10,45,FR100603,[EVENT_N/A_ACTUAL_POS] --(CONTAINS)--> [EVENT_N/A_ACTUAL_POS] | [EVENT_N/A_ACTUAL_POS] --(OVERLAP)--> [EVENT_N/A_ACTUAL_POS],observation,CONTAINS,confirmé,[RETOUR],observation,OVERLAP,communication,,,,
10,45,FR100620,[EVENT_N/A_ACTUAL_POS] --(CONTAINS)--> [EVENT_N/A_ACTUAL_POS] | [EVENT_N/A_ACTUAL_POS] --(OVERLAP)--> [EVENT_N/A_ACTUAL_POS],lésions,CONTAINS,radiographie,[RETOUR],lésions,OVERLAP,bilatérales,,,,
10,45,FR100632,[EVENT_N/A_ACTUAL_POS] --(CONTAINS)--> [EVENT_N/A_ACTUAL_POS] | [EVENT_N/A_ACTUAL_POS] --(OVERLAP)--> [EVENT_N/A_ACTUAL_POS],myélite,CONTAINS,diagnostic,[RETOUR],myélite,OVERLAP,hépatite,,,,
10,45,FR100658,[EVENT_N/A_ACTUAL_POS] --(CONTAINS)--> [EVENT_N/A_ACTUAL_POS] | [EVENT_N/A_ACTUAL_POS] --(OVERLAP)--> [EVENT_N/A_ACTUAL_POS],Opéré,CONTAINS,exérèse,[RETOUR],Opéré,OVERLAP,antécédents,,,,
10,45,FR100663,[EVENT_N/A_ACTUAL_POS] --(CONTAINS)--> [EVENT_N/A_ACTUAL_POS] | [EVENT_N/A_ACTUAL_POS] --(OVERLAP)--> [EVENT_N/A_ACTUAL_POS],cas,CONTAINS,accouché,[RETOUR],cas,OVERLAP,cycle,,,,
10,45,FR100666,[EVENT_N/A_ACTUAL_POS] --(CONTAINS)--> [EVENT_N/A_ACTUAL_POS] | [EVENT_N/A_ACTUAL_POS] --(OVERLAP)--> [EVENT_N/A_ACTUAL_POS],COPADEM,CONTAINS,vincristine,[RETOUR],COPADEM,OVERLAP,CYVE,,,,
10,45,FR100683,[EVENT_N/A_ACTUAL_POS] --(CONTAINS)--> [EVENT_N/A_ACTUAL_POS] | [EVENT_N/A_ACTUAL_POS] --(OVERLAP)--> [EVENT_N/A_ACTUAL_POS],taux,CONTAINS,exploration,[RETOUR],taux,OVERLAP,FSH,,,,
10,45,FR100689,[EVENT_N/A_ACTUAL_POS] --(CONTAINS)--> [EVENT_N/A_ACTUAL_POS] | [EVENT_N/A_ACTUAL_POS] --(OVERLAP)--> [EVENT_N/A_ACTUAL_POS],épisode,CONTAINS,évolution,[RETOUR],épisode,OVERLAP,mis,,,,
10,45,FR100697,[EVENT_N/A_ACTUAL_POS] --(CONTAINS)--> [EVENT_N/A_ACTUAL_POS] | [EVENT_N/A_ACTUAL_POS] --(OVERLAP)--> [EVENT_N/A_ACTUAL_POS],adénopathies,CONTAINS,échographie,[RETOUR],adénopathies,OVERLAP,épaississement,,,,
10,45,FR100717,[EVENT_N/A_ACTUAL_POS] --(CONTAINS)--> [EVENT_N/A_ACTUAL_POS] | [EVENT_N/A_ACTUAL_POS] --(OVERLAP)--> [EVENT_N/A_ACTUAL_POS],évolution,CONTAINS,installation,[RETOUR],évolution,OVERLAP,traitement,,,,
10,45,FR100748,[EVENT_N/A_ACTUAL_POS] --(CONTAINS)--> [EVENT_N/A_ACTUAL_POS] | [EVENT_N/A_ACTUAL_POS] --(OVERLAP)--> [EVENT_N/A_ACTUAL_POS],ouverture,CONTAINS,récliner,[RETOUR],ouverture,OVERLAP,libération,,,,
10,45,FR100780,[EVENT_N/A_ACTUAL_POS] --(CONTAINS)--> [EVENT_N/A_ACTUAL_POS] | [EVENT_N/A_ACTUAL_POS] --(OVERLAP)--> [EVENT_N/A_ACTUAL_POS],grossesse,CONTAINS,séances,[RETOUR],grossesse,OVERLAP,admise,,,,
10,45,FR100849,[EVENT_N/A_ACTUAL_POS] --(CONTAINS)--> [EVENT_N/A_ACTUAL_POS] | [EVENT_N/A_ACTUAL_POS] --(OVERLAP)--> [EVENT_N/A_ACTUAL_POS],admission,CONTAINS,examen,[RETOUR],admission,OVERLAP,CRP,,,,
10,45,FR100870,[EVENT_N/A_ACTUAL_POS] --(CONTAINS)--> [EVENT_N/A_ACTUAL_POS] | [EVENT_N/A_ACTUAL_POS] --(OVERLAP)--> [EVENT_N/A_ACTUAL_POS],anomalie,CONTAINS,imagerie,[RETOUR],anomalie,OVERLAP,processus,,,,
10,45,FR100882,[EVENT_N/A_ACTUAL_POS] --(CONTAINS)--> [EVENT_N/A_ACTUAL_POS] | [EVENT_N/A_ACTUAL_POS] --(OVERLAP)--> [EVENT_N/A_ACTUAL_POS],parésie,CONTAINS,examen,[RETOUR],parésie,OVERLAP,force,,,,
10,45,FR100894,[EVENT_N/A_ACTUAL_POS] --(CONTAINS)--> [EVENT_N/A_ACTUAL_POS] | [EVENT_N/A_ACTUAL_POS] --(OVERLAP)--> [EVENT_N/A_ACTUAL_POS],incision,CONTAINS,décompression,[RETOUR],incision,OVERLAP,rompu,,,,
10,45,FR100903,[EVENT_N/A_ACTUAL_POS] --(CONTAINS)--> [EVENT_N/A_ACTUAL_POS] | [EVENT_N/A_ACTUAL_POS] --(OVERLAP)--> [EVENT_N/A_ACTUAL_POS],anatomie,CONTAINS,échographie,[RETOUR],anatomie,OVERLAP,augmentation,,,,
10,45,FR100919,[EVENT_N/A_ACTUAL_POS] --(CONTAINS)--> [EVENT_N/A_ACTUAL_POS] | [EVENT_N/A_ACTUAL_POS] --(OVERLAP)--> [EVENT_N/A_ACTUAL_POS],signes,CONTAINS,rapportons,[RETOUR],signes,OVERLAP,prise,,,,
10,45,FR100925,[EVENT_N/A_ACTUAL_POS] --(CONTAINS)--> [EVENT_N/A_ACTUAL_POS] | [EVENT_N/A_ACTUAL_POS] --(OVERLAP)--> [EVENT_N/A_ACTUAL_POS],infection,CONTAINS,bilan,[RETOUR],infection,OVERLAP,Ac,,,,
10,45,FR100959,[EVENT_N/A_ACTUAL_POS] --(CONTAINS)--> [EVENT_N/A_ACTUAL_POS] | [EVENT_N/A_ACTUAL_POS] --(OVERLAP)--> [EVENT_N/A_ACTUAL_POS],admis,CONTAINS,œsophagoscopie,[RETOUR],admis,OVERLAP,traitement,,,,
10,45,FR100996,[EVENT_N/A_ACTUAL_POS] --(CONTAINS)--> [EVENT_N/A_ACTUAL_POS] | [EVENT_N/A_ACTUAL_POS] --(OVERLAP)--> [EVENT_N/A_ACTUAL_POS],hernie,CONTAINS,retenu,[RETOUR],hernie,OVERLAP,signe,,,,
31,45,FR100003,[EVENT_N/A_ACTUAL_POS] --(CONTAINS)--> [EVENT_N/A_ACTUAL_POS] | [EVENT_N/A_ACTUAL_POS] --(BEFORE)--> [EVENT_N/A_ACTUAL_POS] | [EVENT_N/A_ACTUAL_POS] --(BEFORE)--> [EVENT_N/A_ACTUAL_POS] | [EVENT_N/A_ACTUAL_POS] --(BEFORE)--> [EVENT_N/A_ACTUAL_POS] | [EVENT_N/A_ACTUAL_POS] --(BEFORE)--> [EVENT_N/A_ACTUAL_POS],délabrement,CONTAINS,panoramique,BEFORE,ponction,BEFORE,examen,BEFORE,examen,BEFORE,antibiothérapie
31,45,FR100092,[EVENT_N/A_ACTUAL_POS] --(CONTAINS)--> [EVENT_N/A_ACTUAL_POS] | [EVENT_N/A_ACTUAL_POS] --(BEFORE)--> [EVENT_N/A_ACTUAL_POS] | [EVENT_N/A_ACTUAL_POS] --(BEFORE)--> [EVENT_N/A_ACTUAL_POS] | [EVENT_N/A_ACTUAL_POS] --(BEFORE)--> [EVENT_N/A_ACTUAL_POS] | [EVENT_N/A_ACTUAL_POS] --(BEFORE)--> [EVENT_N/A_ACTUAL_POS],conjonctives,CONTAINS,examen,BEFORE,examen,BEFORE,examen,BEFORE,échographie,BEFORE,tableau
31,45,FR100130,[EVENT_N/A_ACTUAL_POS] --(CONTAINS)--> [EVENT_N/A_ACTUAL_POS] | [EVENT_N/A_ACTUAL_POS] --(BEFORE)--> [EVENT_N/A_ACTUAL_POS] | [EVENT_N/A_ACTUAL_POS] --(BEFORE)--> [EVENT_N/A_ACTUAL_POS] | [EVENT_N/A_ACTUAL_POS] --(BEFORE)--> [EVENT_N/A_ACTUAL_POS] | [EVENT_N/A_ACTUAL_POS] --(BEFORE)--> [EVENT_N/A_ACTUAL_POS],sensibilité,CONTAINS,examen,BEFORE,biologie,BEFORE,glycémie,BEFORE,confirmé,BEFORE,recherche
31,45,FR100142,[EVENT_N/A_ACTUAL_POS] --(CONTAINS)--> [EVENT_N/A_ACTUAL_POS] | [EVENT_N/A_ACTUAL_POS] --(BEFORE)--> [EVENT_N/A_ACTUAL_POS] | [EVENT_N/A_ACTUAL_POS] --(BEFORE)--> [EVENT_N/A_ACTUAL_POS] | [EVENT_N/A_ACTUAL_POS] --(BEFORE)--> [EVENT_N/A_ACTUAL_POS] | [EVENT_N/A_ACTUAL_POS] --(BEFORE)--> [EVENT_N/A_ACTUAL_POS],marqueurs,CONTAINS,électrophorèse,BEFORE,scanner,BEFORE,fibroscopie,BEFORE,biopsie,BEFORE,mis
31,45,FR100161,[EVENT_N/A_ACTUAL_POS] --(CONTAINS)--> [EVENT_N/A_ACTUAL_POS] | [EVENT_N/A_ACTUAL_POS] --(BEFORE)--> [EVENT_N/A_ACTUAL_POS] | [EVENT_N/A_ACTUAL_POS] --(BEFORE)--> [EVENT_N/A_ACTUAL_POS] | [EVENT_N/A_ACTUAL_POS] --(BEFORE)--> [EVENT_N/A_ACTUAL_POS] | [EVENT_N/A_ACTUAL_POS] --(BEFORE)--> [EVENT_N/A_ACTUAL_POS],sérologie,CONTAINS,examens,BEFORE,radiographie,BEFORE,complément,BEFORE,cortisol,BEFORE,dérivés
31,45,FR100255,[EVENT_N/A_ACTUAL_POS] --(CONTAINS)--> [EVENT_N/A_ACTUAL_POS] | [EVENT_N/A_ACTUAL_POS] --(BEFORE)--> [EVENT_N/A_ACTUAL_POS] | [EVENT_N/A_ACTUAL_POS] --(BEFORE)--> [EVENT_N/A_ACTUAL_POS] | [EVENT_N/A_ACTUAL_POS] --(BEFORE)--> [EVENT_N/A_ACTUAL_POS] | [EVENT_N/A_ACTUAL_POS] --(BEFORE)--> [EVENT_N/A_ACTUAL_POS],score,CONTAINS,examen,BEFORE,examen,BEFORE,échographie,BEFORE,mise,BEFORE,réveillée
31,45,FR100275,[EVENT_N/A_ACTUAL_POS] --(CONTAINS)--> [EVENT_N/A_ACTUAL_POS] | [EVENT_N/A_ACTUAL_POS] --(BEFORE)--> [EVENT_N/A_ACTUAL_POS] | [EVENT_N/A_ACTUAL_POS] --(BEFORE)--> [EVENT_N/A_ACTUAL_POS] | [EVENT_N/A_ACTUAL_POS] --(BEFORE)--> [EVENT_N/A_ACTUAL_POS] | [EVENT_N/A_ACTUAL_POS] --(BEFORE)--> [EVENT_N/A_ACTUAL_POS],voisin,CONTAINS,arrivée,BEFORE,établi,BEFORE,manœuvres,BEFORE,transféré,BEFORE,anamnèse
31,45,FR100283,[EVENT_N/A_ACTUAL_POS] --(CONTAINS)--> [EVENT_N/A_ACTUAL_POS] | [EVENT_N/A_ACTUAL_POS] --(BEFORE)--> [EVENT_N/A_ACTUAL_POS] | [EVENT_N/A_ACTUAL_POS] --(BEFORE)--> [EVENT_N/A_ACTUAL_POS] | [EVENT_N/A_ACTUAL_POS] --(BEFORE)--> [EVENT_N/A_ACTUAL_POS] | [EVENT_N/A_ACTUAL_POS] --(BEFORE)--> [EVENT_N/A_ACTUAL_POS],syndrome,CONTAINS,bilan,BEFORE,IRM,BEFORE,hypophysiogramme,BEFORE,traitement,BEFORE,évolution
31,45,FR100296,[EVENT_N/A_ACTUAL_POS] --(CONTAINS)--> [EVENT_N/A_ACTUAL_POS] | [EVENT_N/A_ACTUAL_POS] --(BEFORE)--> [EVENT_N/A_ACTUAL_POS] | [EVENT_N/A_ACTUAL_POS] --(BEFORE)--> [EVENT_N/A_ACTUAL_POS] | [EVENT_N/A_ACTUAL_POS] --(BEFORE)--> [EVENT_N/A_ACTUAL_POS] | [EVENT_N/A_ACTUAL_POS] --(BEFORE)--> [EVENT_N/A_ACTUAL_POS],phénomènes,CONTAINS,examen,BEFORE,IRM,BEFORE,fenestration,BEFORE,suites,BEFORE,exéaté
31,45,FR100314,[EVENT_N/A_ACTUAL_POS] --(CONTAINS)--> [EVENT_N/A_ACTUAL_POS] | [EVENT_N/A_ACTUAL_POS] --(BEFORE)--> [EVENT_N/A_ACTUAL_POS] | [EVENT_N/A_ACTUAL_POS] --(BEFORE)--> [EVENT_N/A_ACTUAL_POS] | [EVENT_N/A_ACTUAL_POS] --(BEFORE)--> [EVENT_N/A_ACTUAL_POS] | [EVENT_N/A_ACTUAL_POS] --(BEFORE)--> [EVENT_N/A_ACTUAL_POS],traumatisme,CONTAINS,admise,BEFORE,bilan,BEFORE,drainage,BEFORE,angio-scanner,BEFORE,amputation
31,45,FR100344,[EVENT_N/A_ACTUAL_POS] --(CONTAINS)--> [EVENT_N/A_ACTUAL_POS] | [EVENT_N/A_ACTUAL_POS] --(BEFORE)--> [EVENT_N/A_ACTUAL_POS] | [EVENT_N/A_ACTUAL_POS] --(BEFORE)--> [EVENT_N/A_ACTUAL_POS] | [EVENT_N/A_ACTUAL_POS] --(BEFORE)--> [EVENT_N/A_ACTUAL_POS] | [EVENT_N/A_ACTUAL_POS] --(BEFORE)--> [EVENT_N/A_ACTUAL_POS],évolution,CONTAINS,déroulée,BEFORE,plainte,BEFORE,examen,BEFORE,césarienne,BEFORE,pesait
31,45,FR100346,[EVENT_N/A_ACTUAL_POS] --(CONTAINS)--> [EVENT_N/A_ACTUAL_POS] | [EVENT_N/A_ACTUAL_POS] --(BEFORE)--> [EVENT_N/A_ACTUAL_POS] | [EVENT_N/A_ACTUAL_POS] --(BEFORE)--> [EVENT_N/A_ACTUAL_POS] | [EVENT_N/A_ACTUAL_POS] --(BEFORE)--> [EVENT_N/A_ACTUAL_POS] | [EVENT_N/A_ACTUAL_POS] --(BEFORE)--> [EVENT_N/A_ACTUAL_POS],lésions,CONTAINS,angioscanner,BEFORE,echo-dopler,BEFORE,IRM,BEFORE,scanner,BEFORE,posé
31,45,FR100360,[EVENT_N/A_ACTUAL_POS] --(CONTAINS)--> [EVENT_N/A_ACTUAL_POS] | [EVENT_N/A_ACTUAL_POS] --(BEFORE)--> [EVENT_N/A_ACTUAL_POS] | [EVENT_N/A_ACTUAL_POS] --(BEFORE)--> [EVENT_N/A_ACTUAL_POS] | [EVENT_N/A_ACTUAL_POS] --(BEFORE)--> [EVENT_N/A_ACTUAL_POS] | [EVENT_N/A_ACTUAL_POS] --(BEFORE)--> [EVENT_N/A_ACTUAL_POS],lésion,CONTAINS,tomodensitométrie,BEFORE,complément,BEFORE,biopsie,BEFORE,tomodensitométrie,BEFORE,radiothérapie
31,45,FR100361,[EVENT_N/A_ACTUAL_POS] --(CONTAINS)--> [EVENT_N/A_ACTUAL_POS] | [EVENT_N/A_ACTUAL_POS] --(BEFORE)--> [EVENT_N/A_ACTUAL_POS] | [EVENT_N/A_ACTUAL_POS] --(BEFORE)--> [EVENT_N/A_ACTUAL_POS] | [EVENT_N/A_ACTUAL_POS] --(BEFORE)--> [EVENT_N/A_ACTUAL_POS] | [EVENT_N/A_ACTUAL_POS] --(BEFORE)--> [EVENT_N/A_ACTUAL_POS],troubles,CONTAINS,admise,BEFORE,examen,BEFORE,TDM,BEFORE,ponction,BEFORE,examen
31,45,FR100371,[EVENT_N/A_ACTUAL_POS] --(CONTAINS)--> [EVENT_N/A_ACTUAL_POS] | [EVENT_N/A_ACTUAL_POS] --(BEFORE)--> [EVENT_N/A_ACTUAL_POS] | [EVENT_N/A_ACTUAL_POS] --(BEFORE)--> [EVENT_N/A_ACTUAL_POS] | [EVENT_N/A_ACTUAL_POS] --(BEFORE)--> [EVENT_N/A_ACTUAL_POS] | [EVENT_N/A_ACTUAL_POS] --(BEFORE)--> [EVENT_N/A_ACTUAL_POS],pesait,CONTAINS,examen,BEFORE,examen,BEFORE,bilan,BEFORE,bilan,BEFORE,intervention
31,45,FR100400,[EVENT_N/A_ACTUAL_POS] --(CONTAINS)--> [EVENT_N/A_ACTUAL_POS] | [EVENT_N/A_ACTUAL_POS] --(BEFORE)--> [EVENT_N/A_ACTUAL_POS] | [EVENT_N/A_ACTUAL_POS] --(BEFORE)--> [EVENT_N/A_ACTUAL_POS] | [EVENT_N/A_ACTUAL_POS] --(BEFORE)--> [EVENT_N/A_ACTUAL_POS] | [EVENT_N/A_ACTUAL_POS] --(BEFORE)--> [EVENT_N/A_ACTUAL_POS],état,CONTAINS,examen,BEFORE,bilan,BEFORE,Radiographie,BEFORE,échographie,BEFORE,scanner
31,45,FR100439,[EVENT_N/A_ACTUAL_POS] --(CONTAINS)--> [EVENT_N/A_ACTUAL_POS] | [EVENT_N/A_ACTUAL_POS] --(BEFORE)--> [EVENT_N/A_ACTUAL_POS] | [EVENT_N/A_ACTUAL_POS] --(BEFORE)--> [EVENT_N/A_ACTUAL_POS] | [EVENT_N/A_ACTUAL_POS] --(BEFORE)--> [EVENT_N/A_ACTUAL_POS] | [EVENT_N/A_ACTUAL_POS] --(BEFORE)--> [EVENT_N/A_ACTUAL_POS],anesthésie,CONTAINS,endoscopie,BEFORE,biopsies,BEFORE,analyse,BEFORE,demandée,BEFORE,examen
31,45,FR100480,[EVENT_N/A_ACTUAL_POS] --(CONTAINS)--> [EVENT_N/A_ACTUAL_POS] | [EVENT_N/A_ACTUAL_POS] --(BEFORE)--> [EVENT_N/A_ACTUAL_POS] | [EVENT_N/A_ACTUAL_POS] --(BEFORE)--> [EVENT_N/A_ACTUAL_POS] | [EVENT_N/A_ACTUAL_POS] --(BEFORE)--> [EVENT_N/A_ACTUAL_POS] | [EVENT_N/A_ACTUAL_POS] --(BEFORE)--> [EVENT_N/A_ACTUAL_POS],libres,CONTAINS,examen,BEFORE,imagerie,BEFORE,bilan,BEFORE,scanner,BEFORE,Tomographie
31,45,FR100517,[EVENT_N/A_ACTUAL_POS] --(CONTAINS)--> [EVENT_N/A_ACTUAL_POS] | [EVENT_N/A_ACTUAL_POS] --(BEFORE)--> [EVENT_N/A_ACTUAL_POS] | [EVENT_N/A_ACTUAL_POS] --(BEFORE)--> [EVENT_N/A_ACTUAL_POS] | [EVENT_N/A_ACTUAL_POS] --(BEFORE)--> [EVENT_N/A_ACTUAL_POS] | [EVENT_N/A_ACTUAL_POS] --(BEFORE)--> [EVENT_N/A_ACTUAL_POS],syndrome,CONTAINS,bilan,BEFORE,électromyogramme,BEFORE,bilan,BEFORE,explorations,BEFORE,porté
31,45,FR100589,[EVENT_N/A_ACTUAL_POS] --(CONTAINS)--> [EVENT_N/A_ACTUAL_POS] | [EVENT_N/A_ACTUAL_POS] --(BEFORE)--> [EVENT_N/A_ACTUAL_POS] | [EVENT_N/A_ACTUAL_POS] --(BEFORE)--> [EVENT_N/A_ACTUAL_POS] | [EVENT_N/A_ACTUAL_POS] --(BEFORE)--> [EVENT_N/A_ACTUAL_POS] | [EVENT_N/A_ACTUAL_POS] --(BEFORE)--> [EVENT_N/A_ACTUAL_POS],remaniement,CONTAINS,biopsies,BEFORE,exploration,BEFORE,hémogramme,BEFORE,Cytométrie,BEFORE,biopsie
31,45,FR100597,[EVENT_N/A_ACTUAL_POS] --(CONTAINS)--> [EVENT_N/A_ACTUAL_POS] | [EVENT_N/A_ACTUAL_POS] --(BEFORE)--> [EVENT_N/A_ACTUAL_POS] | [EVENT_N/A_ACTUAL_POS] --(BEFORE)--> [EVENT_N/A_ACTUAL_POS] | [EVENT_N/A_ACTUAL_POS] --(BEFORE)--> [EVENT_N/A_ACTUAL_POS] | [EVENT_N/A_ACTUAL_POS] --(BEFORE)--> [EVENT_N/A_ACTUAL_POS],consultation,CONTAINS,examen,BEFORE,examen,BEFORE,examen,BEFORE,toucher,BEFORE,reste
31,45,FR100611,[EVENT_N/A_ACTUAL_POS] --(CONTAINS)--> [EVENT_N/A_ACTUAL_POS] | [EVENT_N/A_ACTUAL_POS] --(BEFORE)--> [EVENT_N/A_ACTUAL_POS] | [EVENT_N/A_ACTUAL_POS] --(BEFORE)--> [EVENT_N/A_ACTUAL_POS] | [EVENT_N/A_ACTUAL_POS] --(BEFORE)--> [EVENT_N/A_ACTUAL_POS] | [EVENT_N/A_ACTUAL_POS] --(BEFORE)--> [EVENT_N/A_ACTUAL_POS],épaississement,CONTAINS,IRM,BEFORE,étude,BEFORE,examen,BEFORE,PCR,BEFORE,TDM
31,45,FR100614,[EVENT_N/A_ACTUAL_POS] --(CONTAINS)--> [EVENT_N/A_ACTUAL_POS] | [EVENT_N/A_ACTUAL_POS] --(BEFORE)--> [EVENT_N/A_ACTUAL_POS] | [EVENT_N/A_ACTUAL_POS] --(BEFORE)--> [EVENT_N/A_ACTUAL_POS] | [EVENT_N/A_ACTUAL_POS] --(BEFORE)--> [EVENT_N/A_ACTUAL_POS] | [EVENT_N/A_ACTUAL_POS] --(BEFORE)--> [EVENT_N/A_ACTUAL_POS],kyste,CONTAINS,exploration,BEFORE,rupture,BEFORE,intervention,BEFORE,résection,BEFORE,étude
31,45,FR100620,[EVENT_N/A_ACTUAL_POS] --(CONTAINS)--> [EVENT_N/A_ACTUAL_POS] | [EVENT_N/A_ACTUAL_POS] --(BEFORE)--> [EVENT_N/A_ACTUAL_POS] | [EVENT_N/A_ACTUAL_POS] --(BEFORE)--> [EVENT_N/A_ACTUAL_POS] | [EVENT_N/A_ACTUAL_POS] --(BEFORE)--> [EVENT_N/A_ACTUAL_POS] | [EVENT_N/A_ACTUAL_POS] --(BEFORE)--> [EVENT_N/A_ACTUAL_POS],aspect,CONTAINS,bronchoscopie,BEFORE,bilan,BEFORE,bilan,BEFORE,bilan,BEFORE,évolution
31,45,FR100623,[EVENT_N/A_ACTUAL_POS] --(CONTAINS)--> [EVENT_N/A_ACTUAL_POS] | [EVENT_N/A_ACTUAL_POS] --(BEFORE)--> [EVENT_N/A_ACTUAL_POS] | [EVENT_N/A_ACTUAL_POS] --(BEFORE)--> [EVENT_N/A_ACTUAL_POS] | [EVENT_N/A_ACTUAL_POS] --(BEFORE)--> [EVENT_N/A_ACTUAL_POS] | [EVENT_N/A_ACTUAL_POS] --(BEFORE)--> [EVENT_N/A_ACTUAL_POS],matières,CONTAINS,consulté,BEFORE,examen,BEFORE,échographie,BEFORE,tomodensitométrie,BEFORE,retenu
31,45,FR100629,[EVENT_N/A_ACTUAL_POS] --(CONTAINS)--> [EVENT_N/A_ACTUAL_POS] | [EVENT_N/A_ACTUAL_POS] --(BEFORE)--> [EVENT_N/A_ACTUAL_POS] | [EVENT_N/A_ACTUAL_POS] --(BEFORE)--> [EVENT_N/A_ACTUAL_POS] | [EVENT_N/A_ACTUAL_POS] --(BEFORE)--> [EVENT_N/A_ACTUAL_POS] | [EVENT_N/A_ACTUAL_POS] --(BEFORE)--> [EVENT_N/A_ACTUAL_POS],syndrome,CONTAINS,examen,BEFORE,radiographie,BEFORE,thoracoscopie,BEFORE,marquage,BEFORE,bilan
31,45,FR100632,[EVENT_N/A_ACTUAL_POS] --(CONTAINS)--> [EVENT_N/A_ACTUAL_POS] | [EVENT_N/A_ACTUAL_POS] --(BEFORE)--> [EVENT_N/A_ACTUAL_POS] | [EVENT_N/A_ACTUAL_POS] --(BEFORE)--> [EVENT_N/A_ACTUAL_POS] | [EVENT_N/A_ACTUAL_POS] --(BEFORE)--> [EVENT_N/A_ACTUAL_POS] | [EVENT_N/A_ACTUAL_POS] --(BEFORE)--> [EVENT_N/A_ACTUAL_POS],glycorachie,CONTAINS,étude,BEFORE,numération,BEFORE,bilan,BEFORE,enquête,BEFORE,étude
31,45,FR100663,[EVENT_N/A_ACTUAL_POS] --(CONTAINS)--> [EVENT_N/A_ACTUAL_POS] | [EVENT_N/A_ACTUAL_POS] --(BEFORE)--> [EVENT_N/A_ACTUAL_POS] | [EVENT_N/A_ACTUAL_POS] --(BEFORE)--> [EVENT_N/A_ACTUAL_POS] | [EVENT_N/A_ACTUAL_POS] --(BEFORE)--> [EVENT_N/A_ACTUAL_POS] | [EVENT_N/A_ACTUAL_POS] --(BEFORE)--> [EVENT_N/A_ACTUAL_POS],grossesse,CONTAINS,examen,BEFORE,examen,BEFORE,échographie,BEFORE,taux,BEFORE,tenté
31,45,FR100666,[EVENT_N/A_ACTUAL_POS] --(CONTAINS)--> [EVENT_N/A_ACTUAL_POS] | [EVENT_N/A_ACTUAL_POS] --(BEFORE)--> [EVENT_N/A_ACTUAL_POS] | [EVENT_N/A_ACTUAL_POS] --(BEFORE)--> [EVENT_N/A_ACTUAL_POS] | [EVENT_N/A_ACTUAL_POS] --(BEFORE)--> [EVENT_N/A_ACTUAL_POS] | [EVENT_N/A_ACTUAL_POS] --(BEFORE)--> [EVENT_N/A_ACTUAL_POS],asymétrie,CONTAINS,examen,BEFORE,examen,BEFORE,palpation,BEFORE,radiographie,BEFORE,tomodensitométrie
31,45,FR100683,[EVENT_N/A_ACTUAL_POS] --(CONTAINS)--> [EVENT_N/A_ACTUAL_POS] | [EVENT_N/A_ACTUAL_POS] --(BEFORE)--> [EVENT_N/A_ACTUAL_POS] | [EVENT_N/A_ACTUAL_POS] --(BEFORE)--> [EVENT_N/A_ACTUAL_POS] | [EVENT_N/A_ACTUAL_POS] --(BEFORE)--> [EVENT_N/A_ACTUAL_POS] | [EVENT_N/A_ACTUAL_POS] --(BEFORE)--> [EVENT_N/A_ACTUAL_POS],indice,CONTAINS,examen,BEFORE,exploration,BEFORE,exploration,BEFORE,IRM,BEFORE,écho-mammographie
31,45,FR100688,[EVENT_N/A_ACTUAL_POS] --(CONTAINS)--> [EVENT_N/A_ACTUAL_POS] | [EVENT_N/A_ACTUAL_POS] --(BEFORE)--> [EVENT_N/A_ACTUAL_POS] | [EVENT_N/A_ACTUAL_POS] --(BEFORE)--> [EVENT_N/A_ACTUAL_POS] | [EVENT_N/A_ACTUAL_POS] --(BEFORE)--> [EVENT_N/A_ACTUAL_POS] | [EVENT_N/A_ACTUAL_POS] --(BEFORE)--> [EVENT_N/A_ACTUAL_POS],poids,CONTAINS,examen,BEFORE,examen,BEFORE,examen,BEFORE,sérologie,BEFORE,radiographie
31,45,FR100689,[EVENT_N/A_ACTUAL_POS] --(CONTAINS)--> [EVENT_N/A_ACTUAL_POS] | [EVENT_N/A_ACTUAL_POS] --(BEFORE)--> [EVENT_N/A_ACTUAL_POS] | [EVENT_N/A_ACTUAL_POS] --(BEFORE)--> [EVENT_N/A_ACTUAL_POS] | [EVENT_N/A_ACTUAL_POS] --(BEFORE)--> [EVENT_N/A_ACTUAL_POS] | [EVENT_N/A_ACTUAL_POS] --(BEFORE)--> [EVENT_N/A_ACTUAL_POS],opacités,CONTAINS,scanner,BEFORE,hémogramme,BEFORE,ionogramme,BEFORE,examen,BEFORE,sérologie
31,45,FR100697,[EVENT_N/A_ACTUAL_POS] --(CONTAINS)--> [EVENT_N/A_ACTUAL_POS] | [EVENT_N/A_ACTUAL_POS] --(BEFORE)--> [EVENT_N/A_ACTUAL_POS] | [EVENT_N/A_ACTUAL_POS] --(BEFORE)--> [EVENT_N/A_ACTUAL_POS] | [EVENT_N/A_ACTUAL_POS] --(BEFORE)--> [EVENT_N/A_ACTUAL_POS] | [EVENT_N/A_ACTUAL_POS] --(BEFORE)--> [EVENT_N/A_ACTUAL_POS],lymphome,CONTAINS,tout,BEFORE,bilan,BEFORE,test,BEFORE,adressée,BEFORE,prise
31,45,FR100708,[EVENT_N/A_ACTUAL_POS] --(CONTAINS)--> [EVENT_N/A_ACTUAL_POS] | [EVENT_N/A_ACTUAL_POS] --(BEFORE)--> [EVENT_N/A_ACTUAL_POS] | [EVENT_N/A_ACTUAL_POS] --(BEFORE)--> [EVENT_N/A_ACTUAL_POS] | [EVENT_N/A_ACTUAL_POS] --(BEFORE)--> [EVENT_N/A_ACTUAL_POS] | [EVENT_N/A_ACTUAL_POS] --(BEFORE)--> [EVENT_N/A_ACTUAL_POS],consulté,CONTAINS,examen,BEFORE,mammographie,BEFORE,échographie,BEFORE,ponction,BEFORE,étude
31,45,FR100717,[EVENT_N/A_ACTUAL_POS] --(CONTAINS)--> [EVENT_N/A_ACTUAL_POS] | [EVENT_N/A_ACTUAL_POS] --(BEFORE)--> [EVENT_N/A_ACTUAL_POS] | [EVENT_N/A_ACTUAL_POS] --(BEFORE)--> [EVENT_N/A_ACTUAL_POS] | [EVENT_N/A_ACTUAL_POS] --(BEFORE)--> [EVENT_N/A_ACTUAL_POS] | [EVENT_N/A_ACTUAL_POS] --(BEFORE)--> [EVENT_N/A_ACTUAL_POS],Lasègue,CONTAINS,examen,BEFORE,examens,BEFORE,scanner,BEFORE,IRM,BEFORE,laminectomie
31,45,FR100748,[EVENT_N/A_ACTUAL_POS] --(CONTAINS)--> [EVENT_N/A_ACTUAL_POS] | [EVENT_N/A_ACTUAL_POS] --(BEFORE)--> [EVENT_N/A_ACTUAL_POS] | [EVENT_N/A_ACTUAL_POS] --(BEFORE)--> [EVENT_N/A_ACTUAL_POS] | [EVENT_N/A_ACTUAL_POS] --(BEFORE)--> [EVENT_N/A_ACTUAL_POS] | [EVENT_N/A_ACTUAL_POS] --(BEFORE)--> [EVENT_N/A_ACTUAL_POS],intervention,CONTAINS,mobilisation,BEFORE,suites,BEFORE,transférée,BEFORE,regagné,BEFORE,recul
31,45,FR100806,[EVENT_N/A_ACTUAL_POS] --(CONTAINS)--> [EVENT_N/A_ACTUAL_POS] | [EVENT_N/A_ACTUAL_POS] --(BEFORE)--> [EVENT_N/A_ACTUAL_POS] | [EVENT_N/A_ACTUAL_POS] --(BEFORE)--> [EVENT_N/A_ACTUAL_POS] | [EVENT_N/A_ACTUAL_POS] --(BEFORE)--> [EVENT_N/A_ACTUAL_POS] | [EVENT_N/A_ACTUAL_POS] --(BEFORE)--> [EVENT_N/A_ACTUAL_POS],LDH,CONTAINS,biologie,BEFORE,tomodensitométrie,BEFORE,prise,BEFORE,examen,BEFORE,suites
31,45,FR100826,[EVENT_N/A_ACTUAL_POS] --(CONTAINS)--> [EVENT_N/A_ACTUAL_POS] | [EVENT_N/A_ACTUAL_POS] --(BEFORE)--> [EVENT_N/A_ACTUAL_POS] | [EVENT_N/A_ACTUAL_POS] --(BEFORE)--> [EVENT_N/A_ACTUAL_POS] | [EVENT_N/A_ACTUAL_POS] --(BEFORE)--> [EVENT_N/A_ACTUAL_POS] | [EVENT_N/A_ACTUAL_POS] --(BEFORE)--> [EVENT_N/A_ACTUAL_POS],draine,CONTAINS,bilan,BEFORE,bilan,BEFORE,retenue,BEFORE,exploration,BEFORE,suites
31,45,FR100845,[EVENT_N/A_ACTUAL_POS] --(CONTAINS)--> [EVENT_N/A_ACTUAL_POS] | [EVENT_N/A_ACTUAL_POS] --(BEFORE)--> [EVENT_N/A_ACTUAL_POS] | [EVENT_N/A_ACTUAL_POS] --(BEFORE)--> [EVENT_N/A_ACTUAL_POS] | [EVENT_N/A_ACTUAL_POS] --(BEFORE)--> [EVENT_N/A_ACTUAL_POS] | [EVENT_N/A_ACTUAL_POS] --(BEFORE)--> [EVENT_N/A_ACTUAL_POS],hauteur,CONTAINS,examen,BEFORE,échographie,BEFORE,radiographie,BEFORE,décision,BEFORE,extraction
31,45,FR100870,[EVENT_N/A_ACTUAL_POS] --(CONTAINS)--> [EVENT_N/A_ACTUAL_POS] | [EVENT_N/A_ACTUAL_POS] --(BEFORE)--> [EVENT_N/A_ACTUAL_POS] | [EVENT_N/A_ACTUAL_POS] --(BEFORE)--> [EVENT_N/A_ACTUAL_POS] | [EVENT_N/A_ACTUAL_POS] --(BEFORE)--> [EVENT_N/A_ACTUAL_POS] | [EVENT_N/A_ACTUAL_POS] --(BEFORE)--> [EVENT_N/A_ACTUAL_POS],anémie,CONTAINS,hémogramme,BEFORE,bilan,BEFORE,IRM,BEFORE,électrophorèse,BEFORE,immunosoustraction
31,45,FR100874,[EVENT_N/A_ACTUAL_POS] --(CONTAINS)--> [EVENT_N/A_ACTUAL_POS] | [EVENT_N/A_ACTUAL_POS] --(BEFORE)--> [EVENT_N/A_ACTUAL_POS] | [EVENT_N/A_ACTUAL_POS] --(BEFORE)--> [EVENT_N/A_ACTUAL_POS] | [EVENT_N/A_ACTUAL_POS] --(BEFORE)--> [EVENT_N/A_ACTUAL_POS] | [EVENT_N/A_ACTUAL_POS] --(BEFORE)--> [EVENT_N/A_ACTUAL_POS],perte,CONTAINS,examen,BEFORE,hémogramme,BEFORE,fibroscopie,BEFORE,transit,BEFORE,tomodensitométrie
31,45,FR100882,[EVENT_N/A_ACTUAL_POS] --(CONTAINS)--> [EVENT_N/A_ACTUAL_POS] | [EVENT_N/A_ACTUAL_POS] --(BEFORE)--> [EVENT_N/A_ACTUAL_POS] | [EVENT_N/A_ACTUAL_POS] --(BEFORE)--> [EVENT_N/A_ACTUAL_POS] | [EVENT_N/A_ACTUAL_POS] --(BEFORE)--> [EVENT_N/A_ACTUAL_POS] | [EVENT_N/A_ACTUAL_POS] --(BEFORE)--> [EVENT_N/A_ACTUAL_POS],recherche,CONTAINS,scanner,BEFORE,laminectomie,BEFORE,Imagerie,BEFORE,bilan,BEFORE,sérologies
31,45,FR100903,[EVENT_N/A_ACTUAL_POS] --(CONTAINS)--> [EVENT_N/A_ACTUAL_POS] | [EVENT_N/A_ACTUAL_POS] --(BEFORE)--> [EVENT_N/A_ACTUAL_POS] | [EVENT_N/A_ACTUAL_POS] --(BEFORE)--> [EVENT_N/A_ACTUAL_POS] | [EVENT_N/A_ACTUAL_POS] --(BEFORE)--> [EVENT_N/A_ACTUAL_POS] | [EVENT_N/A_ACTUAL_POS] --(BEFORE)--> [EVENT_N/A_ACTUAL_POS],allongés,CONTAINS,échographie,BEFORE,IRM,BEFORE,diagnostic,BEFORE,écarté,BEFORE,réfléchir
31,45,FR100946,[EVENT_N/A_ACTUAL_POS] --(CONTAINS)--> [EVENT_N/A_ACTUAL_POS] | [EVENT_N/A_ACTUAL_POS] --(BEFORE)--> [EVENT_N/A_ACTUAL_POS] | [EVENT_N/A_ACTUAL_POS] --(BEFORE)--> [EVENT_N/A_ACTUAL_POS] | [EVENT_N/A_ACTUAL_POS] --(BEFORE)--> [EVENT_N/A_ACTUAL_POS] | [EVENT_N/A_ACTUAL_POS] --(BEFORE)--> [EVENT_N/A_ACTUAL_POS],tumeur,CONTAINS,analyse,BEFORE,mise,BEFORE,analyse,BEFORE,mise,BEFORE,récupération
31,45,FR100996,[EVENT_N/A_ACTUAL_POS] --(CONTAINS)--> [EVENT_N/A_ACTUAL_POS] | [EVENT_N/A_ACTUAL_POS] --(BEFORE)--> [EVENT_N/A_ACTUAL_POS] | [EVENT_N/A_ACTUAL_POS] --(BEFORE)--> [EVENT_N/A_ACTUAL_POS] | [EVENT_N/A_ACTUAL_POS] --(BEFORE)--> [EVENT_N/A_ACTUAL_POS] | [EVENT_N/A_ACTUAL_POS] --(BEFORE)--> [EVENT_N/A_ACTUAL_POS],masse,CONTAINS,examen,BEFORE,tomodensitométrie,BEFORE,injection,BEFORE,retenu,BEFORE,chirurgical
14,44,FR100003,[EVENT_N/A_ACTUAL_POS] --(CONTAINS)--> [EVENT_N/A_ACTUAL_POS] | [EVENT_N/A_ACTUAL_POS] --(BEFORE)--> [EVENT_N/A_ACTUAL_POS] | [EVENT_N/A_ACTUAL_POS] --(BEFORE)--> [EVENT_N/A_ACTUAL_POS],ponction,CONTAINS,ramené,[RETOUR],ponction,BEFORE,examen,BEFORE,examen,,
14,44,FR100092,[EVENT_N/A_ACTUAL_POS] --(CONTAINS)--> [EVENT_N/A_ACTUAL_POS] | [EVENT_N/A_ACTUAL_POS] --(BEFORE)--> [EVENT_N/A_ACTUAL_POS] | [EVENT_N/A_ACTUAL_POS] --(BEFORE)--> [EVENT_N/A_ACTUAL_POS],reste,CONTAINS,appendicectomie,[RETOUR],reste,BEFORE,étude,BEFORE,suites,,
14,44,FR100130,[EVENT_N/A_ACTUAL_POS] --(CONTAINS)--> [EVENT_N/A_ACTUAL_POS] | [EVENT_N/A_ACTUAL_POS] --(BEFORE)--> [EVENT_N/A_ACTUAL_POS] | [EVENT_N/A_ACTUAL_POS] --(BEFORE)--> [EVENT_N/A_ACTUAL_POS],bilan,CONTAINS,recherchée,[RETOUR],bilan,BEFORE,suspectée,BEFORE,bilan,,
14,44,FR100161,[EVENT_N/A_ACTUAL_POS] --(CONTAINS)--> [EVENT_N/A_ACTUAL_POS] | [EVENT_N/A_ACTUAL_POS] --(BEFORE)--> [EVENT_N/A_ACTUAL_POS] | [EVENT_N/A_ACTUAL_POS] --(BEFORE)--> [EVENT_N/A_ACTUAL_POS],examens,CONTAINS,Acti tests,[RETOUR],examens,BEFORE,radiographie,BEFORE,complément,,
14,44,FR100255,[EVENT_N/A_ACTUAL_POS] --(CONTAINS)--> [EVENT_N/A_ACTUAL_POS] | [EVENT_N/A_ACTUAL_POS] --(BEFORE)--> [EVENT_N/A_ACTUAL_POS] | [EVENT_N/A_ACTUAL_POS] --(BEFORE)--> [EVENT_N/A_ACTUAL_POS],bilan,CONTAINS,TCA,[RETOUR],bilan,BEFORE,expulsé,BEFORE,contrôle,,
14,44,FR100275,[EVENT_N/A_ACTUAL_POS] --(CONTAINS)--> [EVENT_N/A_ACTUAL_POS] | [EVENT_N/A_ACTUAL_POS] --(BEFORE)--> [EVENT_N/A_ACTUAL_POS] | [EVENT_N/A_ACTUAL_POS] --(BEFORE)--> [EVENT_N/A_ACTUAL_POS],manœuvres,CONTAINS,insufflations,[RETOUR],manœuvres,BEFORE,transféré,BEFORE,anamnèse,,
14,44,FR100276,[EVENT_N/A_ACTUAL_POS] --(CONTAINS)--> [EVENT_N/A_ACTUAL_POS] | [EVENT_N/A_ACTUAL_POS] --(BEFORE)--> [EVENT_N/A_ACTUAL_POS] | [EVENT_N/A_ACTUAL_POS] --(BEFORE)--> [EVENT_N/A_ACTUAL_POS],biopsie,CONTAINS,examen,[RETOUR],biopsie,BEFORE,posé,BEFORE,application,,
14,44,FR100296,[EVENT_N/A_ACTUAL_POS] --(CONTAINS)--> [EVENT_N/A_ACTUAL_POS] | [EVENT_N/A_ACTUAL_POS] --(BEFORE)--> [EVENT_N/A_ACTUAL_POS] | [EVENT_N/A_ACTUAL_POS] --(BEFORE)--> [EVENT_N/A_ACTUAL_POS],fenestration,CONTAINS,geste,[RETOUR],fenestration,BEFORE,suites,BEFORE,exéaté,,
14,44,FR100344,[EVENT_N/A_ACTUAL_POS] --(CONTAINS)--> [EVENT_N/A_ACTUAL_POS] | [EVENT_N/A_ACTUAL_POS] --(BEFORE)--> [EVENT_N/A_ACTUAL_POS] | [EVENT_N/A_ACTUAL_POS] --(BEFORE)--> [EVENT_N/A_ACTUAL_POS],bilan,CONTAINS,échographie,[RETOUR],bilan,BEFORE,contrôle,BEFORE,échographies,,
14,44,FR100346,[EVENT_N/A_ACTUAL_POS] --(CONTAINS)--> [EVENT_N/A_ACTUAL_POS] | [EVENT_N/A_ACTUAL_POS] --(BEFORE)--> [EVENT_N/A_ACTUAL_POS] | [EVENT_N/A_ACTUAL_POS] --(BEFORE)--> [EVENT_N/A_ACTUAL_POS],examen,CONTAINS,reste,[RETOUR],examen,BEFORE,gazométrie,BEFORE,reste,,
14,44,FR100360,[EVENT_N/A_ACTUAL_POS] --(CONTAINS)--> [EVENT_N/A_ACTUAL_POS] | [EVENT_N/A_ACTUAL_POS] --(BEFORE)--> [EVENT_N/A_ACTUAL_POS] | [EVENT_N/A_ACTUAL_POS] --(BEFORE)--> [EVENT_N/A_ACTUAL_POS],colpohystérectomie,CONTAINS,annexectomie,[RETOUR],colpohystérectomie,BEFORE,examen,BEFORE,curage,,
14,44,FR100361,[EVENT_N/A_ACTUAL_POS] --(CONTAINS)--> [EVENT_N/A_ACTUAL_POS] | [EVENT_N/A_ACTUAL_POS] --(BEFORE)--> [EVENT_N/A_ACTUAL_POS] | [EVENT_N/A_ACTUAL_POS] --(BEFORE)--> [EVENT_N/A_ACTUAL_POS],examen,CONTAINS,mobilisait,[RETOUR],examen,BEFORE,TDM,BEFORE,ponction,,
14,44,FR100371,[EVENT_N/A_ACTUAL_POS] --(CONTAINS)--> [EVENT_N/A_ACTUAL_POS] | [EVENT_N/A_ACTUAL_POS] --(BEFORE)--> [EVENT_N/A_ACTUAL_POS] | [EVENT_N/A_ACTUAL_POS] --(BEFORE)--> [EVENT_N/A_ACTUAL_POS],bilan,CONTAINS,bilan,[RETOUR],bilan,BEFORE,bilan,BEFORE,intervention,,
14,44,FR100400,[EVENT_N/A_ACTUAL_POS] --(CONTAINS)--> [EVENT_N/A_ACTUAL_POS] | [EVENT_N/A_ACTUAL_POS] --(BEFORE)--> [EVENT_N/A_ACTUAL_POS] | [EVENT_N/A_ACTUAL_POS] --(BEFORE)--> [EVENT_N/A_ACTUAL_POS],histoire,CONTAINS,douleurs,[RETOUR],histoire,BEFORE,examen,BEFORE,bilan,,
14,44,FR100448,[EVENT_N/A_ACTUAL_POS] --(CONTAINS)--> [EVENT_N/A_ACTUAL_POS] | [EVENT_N/A_ACTUAL_POS] --(BEFORE)--> [EVENT_N/A_ACTUAL_POS] | [EVENT_N/A_ACTUAL_POS] --(BEFORE)--> [EVENT_N/A_ACTUAL_POS],examen,CONTAINS,reste,[RETOUR],examen,BEFORE,échotomographie,BEFORE,hémi thyroïdectomie,,
14,44,FR100515,[EVENT_N/A_ACTUAL_POS] --(CONTAINS)--> [EVENT_N/A_ACTUAL_POS] | [EVENT_N/A_ACTUAL_POS] --(BEFORE)--> [EVENT_N/A_ACTUAL_POS] | [EVENT_N/A_ACTUAL_POS] --(BEFORE)--> [EVENT_N/A_ACTUAL_POS],bilan,CONTAINS,recherche,[RETOUR],bilan,BEFORE,bilan,BEFORE,prescrits,,
14,44,FR100517,[EVENT_N/A_ACTUAL_POS] --(CONTAINS)--> [EVENT_N/A_ACTUAL_POS] | [EVENT_N/A_ACTUAL_POS] --(BEFORE)--> [EVENT_N/A_ACTUAL_POS] | [EVENT_N/A_ACTUAL_POS] --(BEFORE)--> [EVENT_N/A_ACTUAL_POS],bilan,CONTAINS,radiographie,[RETOUR],bilan,BEFORE,mise,BEFORE,auscultation,,
14,44,FR100519,[EVENT_N/A_ACTUAL_POS] --(CONTAINS)--> [EVENT_N/A_ACTUAL_POS] | [EVENT_N/A_ACTUAL_POS] --(BEFORE)--> [EVENT_N/A_ACTUAL_POS] | [EVENT_N/A_ACTUAL_POS] --(BEFORE)--> [EVENT_N/A_ACTUAL_POS],bilan,CONTAINS,radiographie,[RETOUR],bilan,BEFORE,angioscanner,BEFORE,échodoppler,,
14,44,FR100589,[EVENT_N/A_ACTUAL_POS] --(CONTAINS)--> [EVENT_N/A_ACTUAL_POS] | [EVENT_N/A_ACTUAL_POS] --(BEFORE)--> [EVENT_N/A_ACTUAL_POS] | [EVENT_N/A_ACTUAL_POS] --(BEFORE)--> [EVENT_N/A_ACTUAL_POS],lavage,CONTAINS,recherche,[RETOUR],lavage,BEFORE,biopsies,BEFORE,exploration,,
14,44,FR100597,[EVENT_N/A_ACTUAL_POS] --(CONTAINS)--> [EVENT_N/A_ACTUAL_POS] | [EVENT_N/A_ACTUAL_POS] --(BEFORE)--> [EVENT_N/A_ACTUAL_POS] | [EVENT_N/A_ACTUAL_POS] --(BEFORE)--> [EVENT_N/A_ACTUAL_POS],laparotomie,CONTAINS,exploration,[RETOUR],laparotomie,BEFORE,hystérectomie,BEFORE,suites,,
14,44,FR100603,[EVENT_N/A_ACTUAL_POS] --(CONTAINS)--> [EVENT_N/A_ACTUAL_POS] | [EVENT_N/A_ACTUAL_POS] --(BEFORE)--> [EVENT_N/A_ACTUAL_POS] | [EVENT_N/A_ACTUAL_POS] --(BEFORE)--> [EVENT_N/A_ACTUAL_POS],chirurgie,CONTAINS,remplacée,[RETOUR],chirurgie,BEFORE,hémocultures,BEFORE,évolution,,
14,44,FR100611,[EVENT_N/A_ACTUAL_POS] --(CONTAINS)--> [EVENT_N/A_ACTUAL_POS] | [EVENT_N/A_ACTUAL_POS] --(BEFORE)--> [EVENT_N/A_ACTUAL_POS] | [EVENT_N/A_ACTUAL_POS] --(BEFORE)--> [EVENT_N/A_ACTUAL_POS],TDM,CONTAINS,image,[RETOUR],TDM,BEFORE,biopsie,BEFORE,recherche,,
14,44,FR100614,[EVENT_N/A_ACTUAL_POS] --(CONTAINS)--> [EVENT_N/A_ACTUAL_POS] | [EVENT_N/A_ACTUAL_POS] --(BEFORE)--> [EVENT_N/A_ACTUAL_POS] | [EVENT_N/A_ACTUAL_POS] --(BEFORE)--> [EVENT_N/A_ACTUAL_POS],intervention,CONTAINS,éviter,[RETOUR],intervention,BEFORE,résection,BEFORE,étude,,
14,44,FR100620,[EVENT_N/A_ACTUAL_POS] --(CONTAINS)--> [EVENT_N/A_ACTUAL_POS] | [EVENT_N/A_ACTUAL_POS] --(BEFORE)--> [EVENT_N/A_ACTUAL_POS] | [EVENT_N/A_ACTUAL_POS] --(BEFORE)--> [EVENT_N/A_ACTUAL_POS],bronchoscopie,CONTAINS,biopsies,[RETOUR],bronchoscopie,BEFORE,bilan,BEFORE,bilan,,
14,44,FR100629,[EVENT_N/A_ACTUAL_POS] --(CONTAINS)--> [EVENT_N/A_ACTUAL_POS] | [EVENT_N/A_ACTUAL_POS] --(BEFORE)--> [EVENT_N/A_ACTUAL_POS] | [EVENT_N/A_ACTUAL_POS] --(BEFORE)--> [EVENT_N/A_ACTUAL_POS],thoracoscopie,CONTAINS,biopsie,[RETOUR],thoracoscopie,BEFORE,marquage,BEFORE,étude,,
14,44,FR100632,[EVENT_N/A_ACTUAL_POS] --(CONTAINS)--> [EVENT_N/A_ACTUAL_POS] | [EVENT_N/A_ACTUAL_POS] --(BEFORE)--> [EVENT_N/A_ACTUAL_POS] | [EVENT_N/A_ACTUAL_POS] --(BEFORE)--> [EVENT_N/A_ACTUAL_POS],examen,CONTAINS,constantes,[RETOUR],examen,BEFORE,examen,BEFORE,IRM,,
14,44,FR100658,[EVENT_N/A_ACTUAL_POS] --(CONTAINS)--> [EVENT_N/A_ACTUAL_POS] | [EVENT_N/A_ACTUAL_POS] --(BEFORE)--> [EVENT_N/A_ACTUAL_POS] | [EVENT_N/A_ACTUAL_POS] --(BEFORE)--> [EVENT_N/A_ACTUAL_POS],monitorage,CONTAINS,enregistrement,[RETOUR],monitorage,BEFORE,prise,BEFORE,anesthésie,,
14,44,FR100666,[EVENT_N/A_ACTUAL_POS] --(CONTAINS)--> [EVENT_N/A_ACTUAL_POS] | [EVENT_N/A_ACTUAL_POS] --(BEFORE)--> [EVENT_N/A_ACTUAL_POS] | [EVENT_N/A_ACTUAL_POS] --(BEFORE)--> [EVENT_N/A_ACTUAL_POS],examen,CONTAINS,palpation,[RETOUR],examen,BEFORE,examen,BEFORE,palpation,,
14,44,FR100689,[EVENT_N/A_ACTUAL_POS] --(CONTAINS)--> [EVENT_N/A_ACTUAL_POS] | [EVENT_N/A_ACTUAL_POS] --(BEFORE)--> [EVENT_N/A_ACTUAL_POS] | [EVENT_N/A_ACTUAL_POS] --(BEFORE)--> [EVENT_N/A_ACTUAL_POS],IRM,CONTAINS,injection,[RETOUR],IRM,BEFORE,étude,BEFORE,examen,,
14,44,FR100697,[EVENT_N/A_ACTUAL_POS] --(CONTAINS)--> [EVENT_N/A_ACTUAL_POS] | [EVENT_N/A_ACTUAL_POS] --(BEFORE)--> [EVENT_N/A_ACTUAL_POS] | [EVENT_N/A_ACTUAL_POS] --(BEFORE)--> [EVENT_N/A_ACTUAL_POS],bilan,CONTAINS,échographie,[RETOUR],bilan,BEFORE,test,BEFORE,adressée,,
14,44,FR100748,[EVENT_N/A_ACTUAL_POS] --(CONTAINS)--> [EVENT_N/A_ACTUAL_POS] | [EVENT_N/A_ACTUAL_POS] --(BEFORE)--> [EVENT_N/A_ACTUAL_POS] | [EVENT_N/A_ACTUAL_POS] --(BEFORE)--> [EVENT_N/A_ACTUAL_POS],consultation,CONTAINS,examen,[RETOUR],consultation,BEFORE,ASA,BEFORE,Nicardipine,,
14,44,FR100780,[EVENT_N/A_ACTUAL_POS] --(CONTAINS)--> [EVENT_N/A_ACTUAL_POS] | [EVENT_N/A_ACTUAL_POS] --(BEFORE)--> [EVENT_N/A_ACTUAL_POS] | [EVENT_N/A_ACTUAL_POS] --(BEFORE)--> [EVENT_N/A_ACTUAL_POS],examen,CONTAINS,tension,[RETOUR],examen,BEFORE,toucher,BEFORE,échographie,,
14,44,FR100806,[EVENT_N/A_ACTUAL_POS] --(CONTAINS)--> [EVENT_N/A_ACTUAL_POS] | [EVENT_N/A_ACTUAL_POS] --(BEFORE)--> [EVENT_N/A_ACTUAL_POS] | [EVENT_N/A_ACTUAL_POS] --(BEFORE)--> [EVENT_N/A_ACTUAL_POS],biologie,CONTAINS,NFS,[RETOUR],biologie,BEFORE,hospitalisée,BEFORE,hémodialyse,,
14,44,FR100814,[EVENT_N/A_ACTUAL_POS] --(CONTAINS)--> [EVENT_N/A_ACTUAL_POS] | [EVENT_N/A_ACTUAL_POS] --(BEFORE)--> [EVENT_N/A_ACTUAL_POS] | [EVENT_N/A_ACTUAL_POS] --(BEFORE)--> [EVENT_N/A_ACTUAL_POS],IRM,CONTAINS,injection,[RETOUR],IRM,BEFORE,diagnostic,BEFORE,réséquée,,
14,44,FR100826,[EVENT_N/A_ACTUAL_POS] --(CONTAINS)--> [EVENT_N/A_ACTUAL_POS] | [EVENT_N/A_ACTUAL_POS] --(BEFORE)--> [EVENT_N/A_ACTUAL_POS] | [EVENT_N/A_ACTUAL_POS] --(BEFORE)--> [EVENT_N/A_ACTUAL_POS],bilan,CONTAINS,tomodensitométrie,[RETOUR],bilan,BEFORE,bilan,BEFORE,retenue,,
14,44,FR100845,[EVENT_N/A_ACTUAL_POS] --(CONTAINS)--> [EVENT_N/A_ACTUAL_POS] | [EVENT_N/A_ACTUAL_POS] --(BEFORE)--> [EVENT_N/A_ACTUAL_POS] | [EVENT_N/A_ACTUAL_POS] --(BEFORE)--> [EVENT_N/A_ACTUAL_POS],examinés,CONTAINS,examen,[RETOUR],examinés,BEFORE,détresse,BEFORE,intubée,,
14,44,FR100849,[EVENT_N/A_ACTUAL_POS] --(CONTAINS)--> [EVENT_N/A_ACTUAL_POS] | [EVENT_N/A_ACTUAL_POS] --(BEFORE)--> [EVENT_N/A_ACTUAL_POS] | [EVENT_N/A_ACTUAL_POS] --(BEFORE)--> [EVENT_N/A_ACTUAL_POS],admission,CONTAINS,examen,[RETOUR],admission,BEFORE,tomodensitométrie,BEFORE,acheminé,,
14,44,FR100870,[EVENT_N/A_ACTUAL_POS] --(CONTAINS)--> [EVENT_N/A_ACTUAL_POS] | [EVENT_N/A_ACTUAL_POS] --(BEFORE)--> [EVENT_N/A_ACTUAL_POS] | [EVENT_N/A_ACTUAL_POS] --(BEFORE)--> [EVENT_N/A_ACTUAL_POS],électrophorèse,CONTAINS,découverte,[RETOUR],électrophorèse,BEFORE,immunosoustraction,BEFORE,typer,,
14,44,FR100874,[EVENT_N/A_ACTUAL_POS] --(CONTAINS)--> [EVENT_N/A_ACTUAL_POS] | [EVENT_N/A_ACTUAL_POS] --(BEFORE)--> [EVENT_N/A_ACTUAL_POS] | [EVENT_N/A_ACTUAL_POS] --(BEFORE)--> [EVENT_N/A_ACTUAL_POS],examen,CONTAINS,constantes,[RETOUR],examen,BEFORE,hémogramme,BEFORE,fibroscopie,,
14,44,FR100903,[EVENT_N/A_ACTUAL_POS] --(CONTAINS)--> [EVENT_N/A_ACTUAL_POS] | [EVENT_N/A_ACTUAL_POS] --(BEFORE)--> [EVENT_N/A_ACTUAL_POS] | [EVENT_N/A_ACTUAL_POS] --(BEFORE)--> [EVENT_N/A_ACTUAL_POS],échographie,CONTAINS,visualisation,[RETOUR],échographie,BEFORE,IRM,BEFORE,diagnostic,,
14,44,FR100919,[EVENT_N/A_ACTUAL_POS] --(CONTAINS)--> [EVENT_N/A_ACTUAL_POS] | [EVENT_N/A_ACTUAL_POS] --(BEFORE)--> [EVENT_N/A_ACTUAL_POS] | [EVENT_N/A_ACTUAL_POS] --(BEFORE)--> [EVENT_N/A_ACTUAL_POS],correction,CONTAINS,injection,[RETOUR],correction,BEFORE,adressée,BEFORE,bilan,,
14,44,FR100946,[EVENT_N/A_ACTUAL_POS] --(CONTAINS)--> [EVENT_N/A_ACTUAL_POS] | [EVENT_N/A_ACTUAL_POS] --(BEFORE)--> [EVENT_N/A_ACTUAL_POS] | [EVENT_N/A_ACTUAL_POS] --(BEFORE)--> [EVENT_N/A_ACTUAL_POS],IRM,CONTAINS,prise,[RETOUR],IRM,BEFORE,analyse,BEFORE,mise,,
14,44,FR100959,[EVENT_N/A_ACTUAL_POS] --(CONTAINS)--> [EVENT_N/A_ACTUAL_POS] | [EVENT_N/A_ACTUAL_POS] --(BEFORE)--> [EVENT_N/A_ACTUAL_POS] | [EVENT_N/A_ACTUAL_POS] --(BEFORE)--> [EVENT_N/A_ACTUAL_POS],œsophagoscopie,CONTAINS,permis,[RETOUR],œsophagoscopie,BEFORE,Transit,BEFORE,notée,,
132,43,FR100003,[EVENT_N/A_ACTUAL_POS] --(BEFORE)--> [EVENT_N/A_ACTUAL_POS] | [EVENT_N/A_ACTUAL_POS] --(BEFORE)--> [EVENT_N/A_ACTUAL_POS] | [EVENT_N/A_ACTUAL_POS] --(BEFORE)--> [EVENT_N/A_ACTUAL_POS] | [EVENT_N/A_ACTUAL_POS] --(BEFORE)--> [EVENT_N/A_ACTUAL_POS] | [EVENT_N/A_ACTUAL_POS] --(BEFORE)--> [EVENT_N/A_ACTUAL_POS],injection,BEFORE,ponction,BEFORE,examen,BEFORE,examen,BEFORE,antibiothérapie,BEFORE,bloc
132,43,FR100092,[EVENT_N/A_ACTUAL_POS] --(BEFORE)--> [EVENT_N/A_ACTUAL_POS] | [EVENT_N/A_ACTUAL_POS] --(BEFORE)--> [EVENT_N/A_ACTUAL_POS] | [EVENT_N/A_ACTUAL_POS] --(BEFORE)--> [EVENT_N/A_ACTUAL_POS] | [EVENT_N/A_ACTUAL_POS] --(BEFORE)--> [EVENT_N/A_ACTUAL_POS] | [EVENT_N/A_ACTUAL_POS] --(BEFORE)--> [EVENT_N/A_ACTUAL_POS],examen,BEFORE,examen,BEFORE,échographie,BEFORE,tableau,BEFORE,reste,BEFORE,minilaparotomie
132,43,FR100130,[EVENT_N/A_ACTUAL_POS] --(BEFORE)--> [EVENT_N/A_ACTUAL_POS] | [EVENT_N/A_ACTUAL_POS] --(BEFORE)--> [EVENT_N/A_ACTUAL_POS] | [EVENT_N/A_ACTUAL_POS] --(BEFORE)--> [EVENT_N/A_ACTUAL_POS] | [EVENT_N/A_ACTUAL_POS] --(BEFORE)--> [EVENT_N/A_ACTUAL_POS] | [EVENT_N/A_ACTUAL_POS] --(BEFORE)--> [EVENT_N/A_ACTUAL_POS],confirmé,BEFORE,recherche,BEFORE,séjour,BEFORE,bilan,BEFORE,suspectée,BEFORE,bilan
132,43,FR100142,[EVENT_N/A_ACTUAL_POS] --(BEFORE)--> [EVENT_N/A_ACTUAL_POS] | [EVENT_N/A_ACTUAL_POS] --(BEFORE)--> [EVENT_N/A_ACTUAL_POS] | [EVENT_N/A_ACTUAL_POS] --(BEFORE)--> [EVENT_N/A_ACTUAL_POS] | [EVENT_N/A_ACTUAL_POS] --(BEFORE)--> [EVENT_N/A_ACTUAL_POS] | [EVENT_N/A_ACTUAL_POS] --(BEFORE)--> [EVENT_N/A_ACTUAL_POS],électrophorèse,BEFORE,scanner,BEFORE,fibroscopie,BEFORE,biopsie,BEFORE,mis,BEFORE,évolution
132,43,FR100161,[EVENT_N/A_ACTUAL_POS] --(BEFORE)--> [EVENT_N/A_ACTUAL_POS] | [EVENT_N/A_ACTUAL_POS] --(BEFORE)--> [EVENT_N/A_ACTUAL_POS] | [EVENT_N/A_ACTUAL_POS] --(BEFORE)--> [EVENT_N/A_ACTUAL_POS] | [EVENT_N/A_ACTUAL_POS] --(BEFORE)--> [EVENT_N/A_ACTUAL_POS] | [EVENT_N/A_ACTUAL_POS] --(BEFORE)--> [EVENT_N/A_ACTUAL_POS],examens,BEFORE,radiographie,BEFORE,complément,BEFORE,cortisol,BEFORE,exérèse,BEFORE,examen
132,43,FR100255,[EVENT_N/A_ACTUAL_POS] --(BEFORE)--> [EVENT_N/A_ACTUAL_POS] | [EVENT_N/A_ACTUAL_POS] --(BEFORE)--> [EVENT_N/A_ACTUAL_POS] | [EVENT_N/A_ACTUAL_POS] --(BEFORE)--> [EVENT_N/A_ACTUAL_POS] | [EVENT_N/A_ACTUAL_POS] --(BEFORE)--> [EVENT_N/A_ACTUAL_POS] | [EVENT_N/A_ACTUAL_POS] --(BEFORE)--> [EVENT_N/A_ACTUAL_POS],réveillée,BEFORE,radio,BEFORE,TDM,BEFORE,bilan,BEFORE,expulsé,BEFORE,contrôle
132,43,FR100275,[EVENT_N/A_ACTUAL_POS] --(BEFORE)--> [EVENT_N/A_ACTUAL_POS] | [EVENT_N/A_ACTUAL_POS] --(BEFORE)--> [EVENT_N/A_ACTUAL_POS] | [EVENT_N/A_ACTUAL_POS] --(BEFORE)--> [EVENT_N/A_ACTUAL_POS] | [EVENT_N/A_ACTUAL_POS] --(BEFORE)--> [EVENT_N/A_ACTUAL_POS] | [EVENT_N/A_ACTUAL_POS] --(BEFORE)--> [EVENT_N/A_ACTUAL_POS],découverte,BEFORE,arrivée,BEFORE,établi,BEFORE,manœuvres,BEFORE,transféré,BEFORE,anamnèse
132,43,FR100314,[EVENT_N/A_ACTUAL_POS] --(BEFORE)--> [EVENT_N/A_ACTUAL_POS] | [EVENT_N/A_ACTUAL_POS] --(BEFORE)--> [EVENT_N/A_ACTUAL_POS] | [EVENT_N/A_ACTUAL_POS] --(BEFORE)--> [EVENT_N/A_ACTUAL_POS] | [EVENT_N/A_ACTUAL_POS] --(BEFORE)--> [EVENT_N/A_ACTUAL_POS] | [EVENT_N/A_ACTUAL_POS] --(BEFORE)--> [EVENT_N/A_ACTUAL_POS],admise,BEFORE,bilan,BEFORE,drainage,BEFORE,angio-scanner,BEFORE,amputation,BEFORE,mise
132,43,FR100346,[EVENT_N/A_ACTUAL_POS] --(BEFORE)--> [EVENT_N/A_ACTUAL_POS] | [EVENT_N/A_ACTUAL_POS] --(BEFORE)--> [EVENT_N/A_ACTUAL_POS] | [EVENT_N/A_ACTUAL_POS] --(BEFORE)--> [EVENT_N/A_ACTUAL_POS] | [EVENT_N/A_ACTUAL_POS] --(BEFORE)--> [EVENT_N/A_ACTUAL_POS] | [EVENT_N/A_ACTUAL_POS] --(BEFORE)--> [EVENT_N/A_ACTUAL_POS],gazométrie,BEFORE,reste,BEFORE,radiographie,BEFORE,angioscanner,BEFORE,echo-dopler,BEFORE,IRM
132,43,FR100360,[EVENT_N/A_ACTUAL_POS] --(BEFORE)--> [EVENT_N/A_ACTUAL_POS] | [EVENT_N/A_ACTUAL_POS] --(BEFORE)--> [EVENT_N/A_ACTUAL_POS] | [EVENT_N/A_ACTUAL_POS] --(BEFORE)--> [EVENT_N/A_ACTUAL_POS] | [EVENT_N/A_ACTUAL_POS] --(BEFORE)--> [EVENT_N/A_ACTUAL_POS] | [EVENT_N/A_ACTUAL_POS] --(BEFORE)--> [EVENT_N/A_ACTUAL_POS],tomodensitométrie,BEFORE,complément,BEFORE,biopsie,BEFORE,tomodensitométrie,BEFORE,radiothérapie,BEFORE,cures
132,43,FR100361,[EVENT_N/A_ACTUAL_POS] --(BEFORE)--> [EVENT_N/A_ACTUAL_POS] | [EVENT_N/A_ACTUAL_POS] --(BEFORE)--> [EVENT_N/A_ACTUAL_POS] | [EVENT_N/A_ACTUAL_POS] --(BEFORE)--> [EVENT_N/A_ACTUAL_POS] | [EVENT_N/A_ACTUAL_POS] --(BEFORE)--> [EVENT_N/A_ACTUAL_POS] | [EVENT_N/A_ACTUAL_POS] --(BEFORE)--> [EVENT_N/A_ACTUAL_POS],admise,BEFORE,examen,BEFORE,TDM,BEFORE,ponction,BEFORE,examen,BEFORE,examen
132,43,FR100371,[EVENT_N/A_ACTUAL_POS] --(BEFORE)--> [EVENT_N/A_ACTUAL_POS] | [EVENT_N/A_ACTUAL_POS] --(BEFORE)--> [EVENT_N/A_ACTUAL_POS] | [EVENT_N/A_ACTUAL_POS] --(BEFORE)--> [EVENT_N/A_ACTUAL_POS] | [EVENT_N/A_ACTUAL_POS] --(BEFORE)--> [EVENT_N/A_ACTUAL_POS] | [EVENT_N/A_ACTUAL_POS] --(BEFORE)--> [EVENT_N/A_ACTUAL_POS],adressée,BEFORE,admission,BEFORE,examen,BEFORE,examen,BEFORE,bilan,BEFORE,bilan
132,43,FR100400,[EVENT_N/A_ACTUAL_POS] --(BEFORE)--> [EVENT_N/A_ACTUAL_POS] | [EVENT_N/A_ACTUAL_POS] --(BEFORE)--> [EVENT_N/A_ACTUAL_POS] | [EVENT_N/A_ACTUAL_POS] --(BEFORE)--> [EVENT_N/A_ACTUAL_POS] | [EVENT_N/A_ACTUAL_POS] --(BEFORE)--> [EVENT_N/A_ACTUAL_POS] | [EVENT_N/A_ACTUAL_POS] --(BEFORE)--> [EVENT_N/A_ACTUAL_POS],histoire,BEFORE,examen,BEFORE,bilan,BEFORE,Radiographie,BEFORE,échographie,BEFORE,scanner
132,43,FR100439,[EVENT_N/A_ACTUAL_POS] --(BEFORE)--> [EVENT_N/A_ACTUAL_POS] | [EVENT_N/A_ACTUAL_POS] --(BEFORE)--> [EVENT_N/A_ACTUAL_POS] | [EVENT_N/A_ACTUAL_POS] --(BEFORE)--> [EVENT_N/A_ACTUAL_POS] | [EVENT_N/A_ACTUAL_POS] --(BEFORE)--> [EVENT_N/A_ACTUAL_POS] | [EVENT_N/A_ACTUAL_POS] --(BEFORE)--> [EVENT_N/A_ACTUAL_POS],prélèvements,BEFORE,IRM,BEFORE,scanner,BEFORE,endoscopie,BEFORE,biopsies,BEFORE,analyse
132,43,FR100448,[EVENT_N/A_ACTUAL_POS] --(BEFORE)--> [EVENT_N/A_ACTUAL_POS] | [EVENT_N/A_ACTUAL_POS] --(BEFORE)--> [EVENT_N/A_ACTUAL_POS] | [EVENT_N/A_ACTUAL_POS] --(BEFORE)--> [EVENT_N/A_ACTUAL_POS] | [EVENT_N/A_ACTUAL_POS] --(BEFORE)--> [EVENT_N/A_ACTUAL_POS] | [EVENT_N/A_ACTUAL_POS] --(BEFORE)--> [EVENT_N/A_ACTUAL_POS],échotomographie,BEFORE,hémi thyroïdectomie,BEFORE,examen,BEFORE,histochimie,BEFORE,scanner,BEFORE,tomographie
132,43,FR100480,[EVENT_N/A_ACTUAL_POS] --(BEFORE)--> [EVENT_N/A_ACTUAL_POS] | [EVENT_N/A_ACTUAL_POS] --(BEFORE)--> [EVENT_N/A_ACTUAL_POS] | [EVENT_N/A_ACTUAL_POS] --(BEFORE)--> [EVENT_N/A_ACTUAL_POS] | [EVENT_N/A_ACTUAL_POS] --(BEFORE)--> [EVENT_N/A_ACTUAL_POS] | [EVENT_N/A_ACTUAL_POS] --(BEFORE)--> [EVENT_N/A_ACTUAL_POS],installation,BEFORE,bilan,BEFORE,analyse,BEFORE,amputation,BEFORE,examen,BEFORE,bilan
132,43,FR100517,[EVENT_N/A_ACTUAL_POS] --(BEFORE)--> [EVENT_N/A_ACTUAL_POS] | [EVENT_N/A_ACTUAL_POS] --(BEFORE)--> [EVENT_N/A_ACTUAL_POS] | [EVENT_N/A_ACTUAL_POS] --(BEFORE)--> [EVENT_N/A_ACTUAL_POS] | [EVENT_N/A_ACTUAL_POS] --(BEFORE)--> [EVENT_N/A_ACTUAL_POS] | [EVENT_N/A_ACTUAL_POS] --(BEFORE)--> [EVENT_N/A_ACTUAL_POS],adressée,BEFORE,examen,BEFORE,bilan,BEFORE,électromyogramme,BEFORE,bilan,BEFORE,explorations
132,43,FR100519,[EVENT_N/A_ACTUAL_POS] --(BEFORE)--> [EVENT_N/A_ACTUAL_POS] | [EVENT_N/A_ACTUAL_POS] --(BEFORE)--> [EVENT_N/A_ACTUAL_POS] | [EVENT_N/A_ACTUAL_POS] --(BEFORE)--> [EVENT_N/A_ACTUAL_POS] | [EVENT_N/A_ACTUAL_POS] --(BEFORE)--> [EVENT_N/A_ACTUAL_POS] | [EVENT_N/A_ACTUAL_POS] --(BEFORE)--> [EVENT_N/A_ACTUAL_POS],hospitalisée,BEFORE,entrée,BEFORE,bilan,BEFORE,angioscanner,BEFORE,échodoppler,BEFORE,retenue
132,43,FR100589,[EVENT_N/A_ACTUAL_POS] --(BEFORE)--> [EVENT_N/A_ACTUAL_POS] | [EVENT_N/A_ACTUAL_POS] --(BEFORE)--> [EVENT_N/A_ACTUAL_POS] | [EVENT_N/A_ACTUAL_POS] --(BEFORE)--> [EVENT_N/A_ACTUAL_POS] | [EVENT_N/A_ACTUAL_POS] --(BEFORE)--> [EVENT_N/A_ACTUAL_POS] | [EVENT_N/A_ACTUAL_POS] --(BEFORE)--> [EVENT_N/A_ACTUAL_POS],lavage,BEFORE,biopsies,BEFORE,exploration,BEFORE,hémogramme,BEFORE,Cytométrie,BEFORE,biopsie
132,43,FR100597,[EVENT_N/A_ACTUAL_POS] --(BEFORE)--> [EVENT_N/A_ACTUAL_POS] | [EVENT_N/A_ACTUAL_POS] --(BEFORE)--> [EVENT_N/A_ACTUAL_POS] | [EVENT_N/A_ACTUAL_POS] --(BEFORE)--> [EVENT_N/A_ACTUAL_POS] | [EVENT_N/A_ACTUAL_POS] --(BEFORE)--> [EVENT_N/A_ACTUAL_POS] | [EVENT_N/A_ACTUAL_POS] --(BEFORE)--> [EVENT_N/A_ACTUAL_POS],marqueurs,BEFORE,décidée,BEFORE,laparotomie,BEFORE,hystérectomie,BEFORE,suites,BEFORE,décédée
132,43,FR100611,[EVENT_N/A_ACTUAL_POS] --(BEFORE)--> [EVENT_N/A_ACTUAL_POS] | [EVENT_N/A_ACTUAL_POS] --(BEFORE)--> [EVENT_N/A_ACTUAL_POS] | [EVENT_N/A_ACTUAL_POS] --(BEFORE)--> [EVENT_N/A_ACTUAL_POS] | [EVENT_N/A_ACTUAL_POS] --(BEFORE)--> [EVENT_N/A_ACTUAL_POS] | [EVENT_N/A_ACTUAL_POS] --(BEFORE)--> [EVENT_N/A_ACTUAL_POS],examen,BEFORE,PCR,BEFORE,TDM,BEFORE,biopsie,BEFORE,recherche,BEFORE,sérologie
132,43,FR100614,[EVENT_N/A_ACTUAL_POS] --(BEFORE)--> [EVENT_N/A_ACTUAL_POS] | [EVENT_N/A_ACTUAL_POS] --(BEFORE)--> [EVENT_N/A_ACTUAL_POS] | [EVENT_N/A_ACTUAL_POS] --(BEFORE)--> [EVENT_N/A_ACTUAL_POS] | [EVENT_N/A_ACTUAL_POS] --(BEFORE)--> [EVENT_N/A_ACTUAL_POS] | [EVENT_N/A_ACTUAL_POS] --(BEFORE)--> [EVENT_N/A_ACTUAL_POS],échographique,BEFORE,tomodensitométrie,BEFORE,radiographie,BEFORE,taux,BEFORE,exploration,BEFORE,rupture
132,43,FR100620,[EVENT_N/A_ACTUAL_POS] --(BEFORE)--> [EVENT_N/A_ACTUAL_POS] | [EVENT_N/A_ACTUAL_POS] --(BEFORE)--> [EVENT_N/A_ACTUAL_POS] | [EVENT_N/A_ACTUAL_POS] --(BEFORE)--> [EVENT_N/A_ACTUAL_POS] | [EVENT_N/A_ACTUAL_POS] --(BEFORE)--> [EVENT_N/A_ACTUAL_POS] | [EVENT_N/A_ACTUAL_POS] --(BEFORE)--> [EVENT_N/A_ACTUAL_POS],radiographie,BEFORE,demandé,BEFORE,aspect,BEFORE,bronchoscopie,BEFORE,bilan,BEFORE,bilan
132,43,FR100623,[EVENT_N/A_ACTUAL_POS] --(BEFORE)--> [EVENT_N/A_ACTUAL_POS] | [EVENT_N/A_ACTUAL_POS] --(BEFORE)--> [EVENT_N/A_ACTUAL_POS] | [EVENT_N/A_ACTUAL_POS] --(BEFORE)--> [EVENT_N/A_ACTUAL_POS] | [EVENT_N/A_ACTUAL_POS] --(BEFORE)--> [EVENT_N/A_ACTUAL_POS] | [EVENT_N/A_ACTUAL_POS] --(BEFORE)--> [EVENT_N/A_ACTUAL_POS],consulté,BEFORE,examen,BEFORE,échographie,BEFORE,tomodensitométrie,BEFORE,retenu,BEFORE,prise
132,43,FR100629,[EVENT_N/A_ACTUAL_POS] --(BEFORE)--> [EVENT_N/A_ACTUAL_POS] | [EVENT_N/A_ACTUAL_POS] --(BEFORE)--> [EVENT_N/A_ACTUAL_POS] | [EVENT_N/A_ACTUAL_POS] --(BEFORE)--> [EVENT_N/A_ACTUAL_POS] | [EVENT_N/A_ACTUAL_POS] --(BEFORE)--> [EVENT_N/A_ACTUAL_POS] | [EVENT_N/A_ACTUAL_POS] --(BEFORE)--> [EVENT_N/A_ACTUAL_POS],examen,BEFORE,radiographie,BEFORE,thoracoscopie,BEFORE,marquage,BEFORE,bilan,BEFORE,décision
132,43,FR100632,[EVENT_N/A_ACTUAL_POS] --(BEFORE)--> [EVENT_N/A_ACTUAL_POS] | [EVENT_N/A_ACTUAL_POS] --(BEFORE)--> [EVENT_N/A_ACTUAL_POS] | [EVENT_N/A_ACTUAL_POS] --(BEFORE)--> [EVENT_N/A_ACTUAL_POS] | [EVENT_N/A_ACTUAL_POS] --(BEFORE)--> [EVENT_N/A_ACTUAL_POS] | [EVENT_N/A_ACTUAL_POS] --(BEFORE)--> [EVENT_N/A_ACTUAL_POS],IRM,BEFORE,étude,BEFORE,numération,BEFORE,bilan,BEFORE,enquête,BEFORE,étude
132,43,FR100663,[EVENT_N/A_ACTUAL_POS] --(BEFORE)--> [EVENT_N/A_ACTUAL_POS] | [EVENT_N/A_ACTUAL_POS] --(BEFORE)--> [EVENT_N/A_ACTUAL_POS] | [EVENT_N/A_ACTUAL_POS] --(BEFORE)--> [EVENT_N/A_ACTUAL_POS] | [EVENT_N/A_ACTUAL_POS] --(BEFORE)--> [EVENT_N/A_ACTUAL_POS] | [EVENT_N/A_ACTUAL_POS] --(BEFORE)--> [EVENT_N/A_ACTUAL_POS],ligature,BEFORE,incisée,BEFORE,vérifié,BEFORE,reprise,BEFORE,fermé,BEFORE,sortie
132,43,FR100666,[EVENT_N/A_ACTUAL_POS] --(BEFORE)--> [EVENT_N/A_ACTUAL_POS] | [EVENT_N/A_ACTUAL_POS] --(BEFORE)--> [EVENT_N/A_ACTUAL_POS] | [EVENT_N/A_ACTUAL_POS] --(BEFORE)--> [EVENT_N/A_ACTUAL_POS] | [EVENT_N/A_ACTUAL_POS] --(BEFORE)--> [EVENT_N/A_ACTUAL_POS] | [EVENT_N/A_ACTUAL_POS] --(BEFORE)--> [EVENT_N/A_ACTUAL_POS],étude,BEFORE,adressé,BEFORE,bilan,BEFORE,myologramme,BEFORE,bilan,BEFORE,classé
132,43,FR100683,[EVENT_N/A_ACTUAL_POS] --(BEFORE)--> [EVENT_N/A_ACTUAL_POS] | [EVENT_N/A_ACTUAL_POS] --(BEFORE)--> [EVENT_N/A_ACTUAL_POS] | [EVENT_N/A_ACTUAL_POS] --(BEFORE)--> [EVENT_N/A_ACTUAL_POS] | [EVENT_N/A_ACTUAL_POS] --(BEFORE)--> [EVENT_N/A_ACTUAL_POS] | [EVENT_N/A_ACTUAL_POS] --(BEFORE)--> [EVENT_N/A_ACTUAL_POS],exploration,BEFORE,exploration,BEFORE,IRM,BEFORE,écho-mammographie,BEFORE,osteodensitométrie,BEFORE,traitée
132,43,FR100688,[EVENT_N/A_ACTUAL_POS] --(BEFORE)--> [EVENT_N/A_ACTUAL_POS] | [EVENT_N/A_ACTUAL_POS] --(BEFORE)--> [EVENT_N/A_ACTUAL_POS] | [EVENT_N/A_ACTUAL_POS] --(BEFORE)--> [EVENT_N/A_ACTUAL_POS] | [EVENT_N/A_ACTUAL_POS] --(BEFORE)--> [EVENT_N/A_ACTUAL_POS] | [EVENT_N/A_ACTUAL_POS] --(BEFORE)--> [EVENT_N/A_ACTUAL_POS],échographie,BEFORE,radiographie,BEFORE,incision,BEFORE,analyse,BEFORE,traitement,BEFORE,évolution
132,43,FR100689,[EVENT_N/A_ACTUAL_POS] --(BEFORE)--> [EVENT_N/A_ACTUAL_POS] | [EVENT_N/A_ACTUAL_POS] --(BEFORE)--> [EVENT_N/A_ACTUAL_POS] | [EVENT_N/A_ACTUAL_POS] --(BEFORE)--> [EVENT_N/A_ACTUAL_POS] | [EVENT_N/A_ACTUAL_POS] --(BEFORE)--> [EVENT_N/A_ACTUAL_POS] | [EVENT_N/A_ACTUAL_POS] --(BEFORE)--> [EVENT_N/A_ACTUAL_POS],scanner,BEFORE,IRM,BEFORE,étude,BEFORE,examen,BEFORE,PCR,BEFORE,scanner
132,43,FR100697,[EVENT_N/A_ACTUAL_POS] --(BEFORE)--> [EVENT_N/A_ACTUAL_POS] | [EVENT_N/A_ACTUAL_POS] --(BEFORE)--> [EVENT_N/A_ACTUAL_POS] | [EVENT_N/A_ACTUAL_POS] --(BEFORE)--> [EVENT_N/A_ACTUAL_POS] | [EVENT_N/A_ACTUAL_POS] --(BEFORE)--> [EVENT_N/A_ACTUAL_POS] | [EVENT_N/A_ACTUAL_POS] --(BEFORE)--> [EVENT_N/A_ACTUAL_POS],palpation,BEFORE,examen,BEFORE,mammographie,BEFORE,échographie,BEFORE,examen,BEFORE,immunomarquage
132,43,FR100717,[EVENT_N/A_ACTUAL_POS] --(BEFORE)--> [EVENT_N/A_ACTUAL_POS] | [EVENT_N/A_ACTUAL_POS] --(BEFORE)--> [EVENT_N/A_ACTUAL_POS] | [EVENT_N/A_ACTUAL_POS] --(BEFORE)--> [EVENT_N/A_ACTUAL_POS] | [EVENT_N/A_ACTUAL_POS] --(BEFORE)--> [EVENT_N/A_ACTUAL_POS] | [EVENT_N/A_ACTUAL_POS] --(BEFORE)--> [EVENT_N/A_ACTUAL_POS],traitement,BEFORE,examen,BEFORE,examens,BEFORE,scanner,BEFORE,IRM,BEFORE,laminectomie
132,43,FR100806,[EVENT_N/A_ACTUAL_POS] --(BEFORE)--> [EVENT_N/A_ACTUAL_POS] | [EVENT_N/A_ACTUAL_POS] --(BEFORE)--> [EVENT_N/A_ACTUAL_POS] | [EVENT_N/A_ACTUAL_POS] --(BEFORE)--> [EVENT_N/A_ACTUAL_POS] | [EVENT_N/A_ACTUAL_POS] --(BEFORE)--> [EVENT_N/A_ACTUAL_POS] | [EVENT_N/A_ACTUAL_POS] --(BEFORE)--> [EVENT_N/A_ACTUAL_POS],prise,BEFORE,référée,BEFORE,examen,BEFORE,biologie,BEFORE,hospitalisée,BEFORE,hémodialyse
132,43,FR100826,[EVENT_N/A_ACTUAL_POS] --(BEFORE)--> [EVENT_N/A_ACTUAL_POS] | [EVENT_N/A_ACTUAL_POS] --(BEFORE)--> [EVENT_N/A_ACTUAL_POS] | [EVENT_N/A_ACTUAL_POS] --(BEFORE)--> [EVENT_N/A_ACTUAL_POS] | [EVENT_N/A_ACTUAL_POS] --(BEFORE)--> [EVENT_N/A_ACTUAL_POS] | [EVENT_N/A_ACTUAL_POS] --(BEFORE)--> [EVENT_N/A_ACTUAL_POS],examen,BEFORE,bilan,BEFORE,bilan,BEFORE,retenue,BEFORE,exploration,BEFORE,suites
132,43,FR100845,[EVENT_N/A_ACTUAL_POS] --(BEFORE)--> [EVENT_N/A_ACTUAL_POS] | [EVENT_N/A_ACTUAL_POS] --(BEFORE)--> [EVENT_N/A_ACTUAL_POS] | [EVENT_N/A_ACTUAL_POS] --(BEFORE)--> [EVENT_N/A_ACTUAL_POS] | [EVENT_N/A_ACTUAL_POS] --(BEFORE)--> [EVENT_N/A_ACTUAL_POS] | [EVENT_N/A_ACTUAL_POS] --(BEFORE)--> [EVENT_N/A_ACTUAL_POS],Consulte,BEFORE,examen,BEFORE,examen,BEFORE,échographie,BEFORE,radiographie,BEFORE,décision
132,43,FR100870,[EVENT_N/A_ACTUAL_POS] --(BEFORE)--> [EVENT_N/A_ACTUAL_POS] | [EVENT_N/A_ACTUAL_POS] --(BEFORE)--> [EVENT_N/A_ACTUAL_POS] | [EVENT_N/A_ACTUAL_POS] --(BEFORE)--> [EVENT_N/A_ACTUAL_POS] | [EVENT_N/A_ACTUAL_POS] --(BEFORE)--> [EVENT_N/A_ACTUAL_POS] | [EVENT_N/A_ACTUAL_POS] --(BEFORE)--> [EVENT_N/A_ACTUAL_POS],retenu,BEFORE,radiothérapie,BEFORE,admis,BEFORE,imagerie,BEFORE,hémogramme,BEFORE,bilan
132,43,FR100874,[EVENT_N/A_ACTUAL_POS] --(BEFORE)--> [EVENT_N/A_ACTUAL_POS] | [EVENT_N/A_ACTUAL_POS] --(BEFORE)--> [EVENT_N/A_ACTUAL_POS] | [EVENT_N/A_ACTUAL_POS] --(BEFORE)--> [EVENT_N/A_ACTUAL_POS] | [EVENT_N/A_ACTUAL_POS] --(BEFORE)--> [EVENT_N/A_ACTUAL_POS] | [EVENT_N/A_ACTUAL_POS] --(BEFORE)--> [EVENT_N/A_ACTUAL_POS],hémogramme,BEFORE,fibroscopie,BEFORE,transit,BEFORE,tomodensitométrie,BEFORE,retenu,BEFORE,mise
132,43,FR100882,[EVENT_N/A_ACTUAL_POS] --(BEFORE)--> [EVENT_N/A_ACTUAL_POS] | [EVENT_N/A_ACTUAL_POS] --(BEFORE)--> [EVENT_N/A_ACTUAL_POS] | [EVENT_N/A_ACTUAL_POS] --(BEFORE)--> [EVENT_N/A_ACTUAL_POS] | [EVENT_N/A_ACTUAL_POS] --(BEFORE)--> [EVENT_N/A_ACTUAL_POS] | [EVENT_N/A_ACTUAL_POS] --(BEFORE)--> [EVENT_N/A_ACTUAL_POS],IRM,BEFORE,scanner,BEFORE,laminectomie,BEFORE,Imagerie,BEFORE,bilan,BEFORE,sérologies
132,43,FR100903,[EVENT_N/A_ACTUAL_POS] --(BEFORE)--> [EVENT_N/A_ACTUAL_POS] | [EVENT_N/A_ACTUAL_POS] --(BEFORE)--> [EVENT_N/A_ACTUAL_POS] | [EVENT_N/A_ACTUAL_POS] --(BEFORE)--> [EVENT_N/A_ACTUAL_POS] | [EVENT_N/A_ACTUAL_POS] --(BEFORE)--> [EVENT_N/A_ACTUAL_POS] | [EVENT_N/A_ACTUAL_POS] --(BEFORE)--> [EVENT_N/A_ACTUAL_POS],échographie,BEFORE,IRM,BEFORE,diagnostic,BEFORE,écarté,BEFORE,contrôles,BEFORE,accouchement
132,43,FR100946,[EVENT_N/A_ACTUAL_POS] --(BEFORE)--> [EVENT_N/A_ACTUAL_POS] | [EVENT_N/A_ACTUAL_POS] --(BEFORE)--> [EVENT_N/A_ACTUAL_POS] | [EVENT_N/A_ACTUAL_POS] --(BEFORE)--> [EVENT_N/A_ACTUAL_POS] | [EVENT_N/A_ACTUAL_POS] --(BEFORE)--> [EVENT_N/A_ACTUAL_POS] | [EVENT_N/A_ACTUAL_POS] --(BEFORE)--> [EVENT_N/A_ACTUAL_POS],IRM,BEFORE,analyse,BEFORE,mise,BEFORE,analyse,BEFORE,mise,BEFORE,récupération
132,43,FR100996,[EVENT_N/A_ACTUAL_POS] --(BEFORE)--> [EVENT_N/A_ACTUAL_POS] | [EVENT_N/A_ACTUAL_POS] --(BEFORE)--> [EVENT_N/A_ACTUAL_POS] | [EVENT_N/A_ACTUAL_POS] --(BEFORE)--> [EVENT_N/A_ACTUAL_POS] | [EVENT_N/A_ACTUAL_POS] --(BEFORE)--> [EVENT_N/A_ACTUAL_POS] | [EVENT_N/A_ACTUAL_POS] --(BEFORE)--> [EVENT_N/A_ACTUAL_POS],consulté,BEFORE,examen,BEFORE,tomodensitométrie,BEFORE,injection,BEFORE,retenu,BEFORE,chirurgical
180,43,FR100120,[EVENT_N/A_ACTUAL_POS] --(BEFORE)--> [EVENT_N/A_ACTUAL_POS] | [EVENT_N/A_ACTUAL_POS] --(BEFORE)--> [EVENT_N/A_ACTUAL_POS] | [EVENT_N/A_ACTUAL_POS] --(BEFORE)--> [EVENT_N/A_ACTUAL_POS],traitement,BEFORE,retirées,[RETOUR],traitement,BEFORE,sailli,[RETOUR],retirées,BEFORE,conclure
180,43,FR100130,[EVENT_N/A_ACTUAL_POS] --(BEFORE)--> [EVENT_N/A_ACTUAL_POS] | [EVENT_N/A_ACTUAL_POS] --(BEFORE)--> [EVENT_N/A_ACTUAL_POS] | [EVENT_N/A_ACTUAL_POS] --(BEFORE)--> [EVENT_N/A_ACTUAL_POS],glycémie,BEFORE,confirmé,[RETOUR],glycémie,BEFORE,bilan,[RETOUR],confirmé,BEFORE,recherche
180,43,FR100142,[EVENT_N/A_ACTUAL_POS] --(BEFORE)--> [EVENT_N/A_ACTUAL_POS] | [EVENT_N/A_ACTUAL_POS] --(BEFORE)--> [EVENT_N/A_ACTUAL_POS] | [EVENT_N/A_ACTUAL_POS] --(BEFORE)--> [EVENT_N/A_ACTUAL_POS],fibroscopie,BEFORE,biopsie,[RETOUR],fibroscopie,BEFORE,colonoscopie,[RETOUR],biopsie,BEFORE,mis
180,43,FR100161,[EVENT_N/A_ACTUAL_POS] --(BEFORE)--> [EVENT_N/A_ACTUAL_POS] | [EVENT_N/A_ACTUAL_POS] --(BEFORE)--> [EVENT_N/A_ACTUAL_POS] | [EVENT_N/A_ACTUAL_POS] --(BEFORE)--> [EVENT_N/A_ACTUAL_POS],cortisol,BEFORE,exérèse,[RETOUR],cortisol,BEFORE,cortisol,[RETOUR],exérèse,BEFORE,examen
180,43,FR100168,[EVENT_N/A_ACTUAL_POS] --(BEFORE)--> [EVENT_N/A_ACTUAL_POS] | [EVENT_N/A_ACTUAL_POS] --(BEFORE)--> [EVENT_N/A_ACTUAL_POS] | [EVENT_N/A_ACTUAL_POS] --(BEFORE)--> [EVENT_N/A_ACTUAL_POS],examen,BEFORE,bilan,[RETOUR],examen,BEFORE,ostéosynthèse,[RETOUR],bilan,BEFORE,dissection
180,43,FR100255,[EVENT_N/A_ACTUAL_POS] --(BEFORE)--> [EVENT_N/A_ACTUAL_POS] | [EVENT_N/A_ACTUAL_POS] --(BEFORE)--> [EVENT_N/A_ACTUAL_POS] | [EVENT_N/A_ACTUAL_POS] --(BEFORE)--> [EVENT_N/A_ACTUAL_POS],mise,BEFORE,réveillée,[RETOUR],mise,BEFORE,traitement,[RETOUR],réveillée,BEFORE,radio
180,43,FR100276,[EVENT_N/A_ACTUAL_POS] --(BEFORE)--> [EVENT_N/A_ACTUAL_POS] | [EVENT_N/A_ACTUAL_POS] --(BEFORE)--> [EVENT_N/A_ACTUAL_POS] | [EVENT_N/A_ACTUAL_POS] --(BEFORE)--> [EVENT_N/A_ACTUAL_POS],accouchement,BEFORE,reste,[RETOUR],accouchement,BEFORE,poids,[RETOUR],reste,BEFORE,bilan
180,43,FR100283,[EVENT_N/A_ACTUAL_POS] --(BEFORE)--> [EVENT_N/A_ACTUAL_POS] | [EVENT_N/A_ACTUAL_POS] --(BEFORE)--> [EVENT_N/A_ACTUAL_POS] | [EVENT_N/A_ACTUAL_POS] --(BEFORE)--> [EVENT_N/A_ACTUAL_POS],bilan,BEFORE,IRM,[RETOUR],bilan,BEFORE,ponction,[RETOUR],IRM,BEFORE,hypophysiogramme
180,43,FR100344,[EVENT_N/A_ACTUAL_POS] --(BEFORE)--> [EVENT_N/A_ACTUAL_POS] | [EVENT_N/A_ACTUAL_POS] --(BEFORE)--> [EVENT_N/A_ACTUAL_POS] | [EVENT_N/A_ACTUAL_POS] --(BEFORE)--> [EVENT_N/A_ACTUAL_POS],développé,BEFORE,contrôle,[RETOUR],développé,BEFORE,suivie,[RETOUR],contrôle,BEFORE,tombée
180,43,FR100360,[EVENT_N/A_ACTUAL_POS] --(BEFORE)--> [EVENT_N/A_ACTUAL_POS] | [EVENT_N/A_ACTUAL_POS] --(BEFORE)--> [EVENT_N/A_ACTUAL_POS] | [EVENT_N/A_ACTUAL_POS] --(BEFORE)--> [EVENT_N/A_ACTUAL_POS],curage,BEFORE,radiothérapie,[RETOUR],curage,BEFORE,classée,[RETOUR],radiothérapie,BEFORE,curiethérapie
180,43,FR100371,[EVENT_N/A_ACTUAL_POS] --(BEFORE)--> [EVENT_N/A_ACTUAL_POS] | [EVENT_N/A_ACTUAL_POS] --(BEFORE)--> [EVENT_N/A_ACTUAL_POS] | [EVENT_N/A_ACTUAL_POS] --(BEFORE)--> [EVENT_N/A_ACTUAL_POS],incision,BEFORE,envoyée,[RETOUR],incision,BEFORE,suite,[RETOUR],envoyée,BEFORE,examen
180,43,FR100400,[EVENT_N/A_ACTUAL_POS] --(BEFORE)--> [EVENT_N/A_ACTUAL_POS] | [EVENT_N/A_ACTUAL_POS] --(BEFORE)--> [EVENT_N/A_ACTUAL_POS] | [EVENT_N/A_ACTUAL_POS] --(BEFORE)--> [EVENT_N/A_ACTUAL_POS],histoire,BEFORE,examen,[RETOUR],histoire,BEFORE,admise,[RETOUR],examen,BEFORE,bilan
180,43,FR100439,[EVENT_N/A_ACTUAL_POS] --(BEFORE)--> [EVENT_N/A_ACTUAL_POS] | [EVENT_N/A_ACTUAL_POS] --(BEFORE)--> [EVENT_N/A_ACTUAL_POS] | [EVENT_N/A_ACTUAL_POS] --(BEFORE)--> [EVENT_N/A_ACTUAL_POS],prélèvements,BEFORE,IRM,[RETOUR],prélèvements,BEFORE,IDR,[RETOUR],IRM,BEFORE,scanner
180,43,FR100480,[EVENT_N/A_ACTUAL_POS] --(BEFORE)--> [EVENT_N/A_ACTUAL_POS] | [EVENT_N/A_ACTUAL_POS] --(BEFORE)--> [EVENT_N/A_ACTUAL_POS] | [EVENT_N/A_ACTUAL_POS] --(BEFORE)--> [EVENT_N/A_ACTUAL_POS],installation,BEFORE,bilan,[RETOUR],installation,BEFORE,consulté,[RETOUR],bilan,BEFORE,analyse
180,43,FR100515,[EVENT_N/A_ACTUAL_POS] --(BEFORE)--> [EVENT_N/A_ACTUAL_POS] | [EVENT_N/A_ACTUAL_POS] --(BEFORE)--> [EVENT_N/A_ACTUAL_POS] | [EVENT_N/A_ACTUAL_POS] --(BEFORE)--> [EVENT_N/A_ACTUAL_POS],testing,BEFORE,dosage,[RETOUR],testing,BEFORE,électromyogramme,[RETOUR],dosage,BEFORE,bilan
180,43,FR100519,[EVENT_N/A_ACTUAL_POS] --(BEFORE)--> [EVENT_N/A_ACTUAL_POS] | [EVENT_N/A_ACTUAL_POS] --(BEFORE)--> [EVENT_N/A_ACTUAL_POS] | [EVENT_N/A_ACTUAL_POS] --(BEFORE)--> [EVENT_N/A_ACTUAL_POS],hospitalisée,BEFORE,entrée,[RETOUR],hospitalisée,BEFORE,transférée,[RETOUR],entrée,BEFORE,bilan
180,43,FR100579,[EVENT_N/A_ACTUAL_POS] --(BEFORE)--> [EVENT_N/A_ACTUAL_POS] | [EVENT_N/A_ACTUAL_POS] --(BEFORE)--> [EVENT_N/A_ACTUAL_POS] | [EVENT_N/A_ACTUAL_POS] --(BEFORE)--> [EVENT_N/A_ACTUAL_POS],échocardiographie,BEFORE,angio-scanner,[RETOUR],échocardiographie,BEFORE,bilan,[RETOUR],angio-scanner,BEFORE,imagerie
180,43,FR100589,[EVENT_N/A_ACTUAL_POS] --(BEFORE)--> [EVENT_N/A_ACTUAL_POS] | [EVENT_N/A_ACTUAL_POS] --(BEFORE)--> [EVENT_N/A_ACTUAL_POS] | [EVENT_N/A_ACTUAL_POS] --(BEFORE)--> [EVENT_N/A_ACTUAL_POS],caryotype,BEFORE,sérologie,[RETOUR],caryotype,BEFORE,biopsie,[RETOUR],sérologie,BEFORE,diagnostic
180,43,FR100597,[EVENT_N/A_ACTUAL_POS] --(BEFORE)--> [EVENT_N/A_ACTUAL_POS] | [EVENT_N/A_ACTUAL_POS] --(BEFORE)--> [EVENT_N/A_ACTUAL_POS] | [EVENT_N/A_ACTUAL_POS] --(BEFORE)--> [EVENT_N/A_ACTUAL_POS],accouchements,BEFORE,ménopausée,[RETOUR],accouchements,BEFORE,ligature,[RETOUR],ménopausée,BEFORE,consultation
180,43,FR100611,[EVENT_N/A_ACTUAL_POS] --(BEFORE)--> [EVENT_N/A_ACTUAL_POS] | [EVENT_N/A_ACTUAL_POS] --(BEFORE)--> [EVENT_N/A_ACTUAL_POS] | [EVENT_N/A_ACTUAL_POS] --(BEFORE)--> [EVENT_N/A_ACTUAL_POS],examen,BEFORE,PCR,[RETOUR],examen,BEFORE,cultures,[RETOUR],PCR,BEFORE,TDM
180,43,FR100614,[EVENT_N/A_ACTUAL_POS] --(BEFORE)--> [EVENT_N/A_ACTUAL_POS] | [EVENT_N/A_ACTUAL_POS] --(BEFORE)--> [EVENT_N/A_ACTUAL_POS] | [EVENT_N/A_ACTUAL_POS] --(BEFORE)--> [EVENT_N/A_ACTUAL_POS],radiographie,BEFORE,taux,[RETOUR],radiographie,BEFORE,échographie,[RETOUR],taux,BEFORE,exploration
180,43,FR100620,[EVENT_N/A_ACTUAL_POS] --(BEFORE)--> [EVENT_N/A_ACTUAL_POS] | [EVENT_N/A_ACTUAL_POS] --(BEFORE)--> [EVENT_N/A_ACTUAL_POS] | [EVENT_N/A_ACTUAL_POS] --(BEFORE)--> [EVENT_N/A_ACTUAL_POS],pleurodèse,BEFORE,biopsie,[RETOUR],pleurodèse,BEFORE,biopsie,[RETOUR],biopsie,BEFORE,prise
180,43,FR100623,[EVENT_N/A_ACTUAL_POS] --(BEFORE)--> [EVENT_N/A_ACTUAL_POS] | [EVENT_N/A_ACTUAL_POS] --(BEFORE)--> [EVENT_N/A_ACTUAL_POS] | [EVENT_N/A_ACTUAL_POS] --(BEFORE)--> [EVENT_N/A_ACTUAL_POS],consulté,BEFORE,examen,[RETOUR],consulté,BEFORE,rapportons,[RETOUR],examen,BEFORE,bilan
180,43,FR100629,[EVENT_N/A_ACTUAL_POS] --(BEFORE)--> [EVENT_N/A_ACTUAL_POS] | [EVENT_N/A_ACTUAL_POS] --(BEFORE)--> [EVENT_N/A_ACTUAL_POS] | [EVENT_N/A_ACTUAL_POS] --(BEFORE)--> [EVENT_N/A_ACTUAL_POS],marquage,BEFORE,bilan,[RETOUR],marquage,BEFORE,étude,[RETOUR],bilan,BEFORE,décision
180,43,FR100632,[EVENT_N/A_ACTUAL_POS] --(BEFORE)--> [EVENT_N/A_ACTUAL_POS] | [EVENT_N/A_ACTUAL_POS] --(BEFORE)--> [EVENT_N/A_ACTUAL_POS] | [EVENT_N/A_ACTUAL_POS] --(BEFORE)--> [EVENT_N/A_ACTUAL_POS],numération,BEFORE,bilan,[RETOUR],numération,BEFORE,vitesse,[RETOUR],bilan,BEFORE,enquête
180,43,FR100663,[EVENT_N/A_ACTUAL_POS] --(BEFORE)--> [EVENT_N/A_ACTUAL_POS] | [EVENT_N/A_ACTUAL_POS] --(BEFORE)--> [EVENT_N/A_ACTUAL_POS] | [EVENT_N/A_ACTUAL_POS] --(BEFORE)--> [EVENT_N/A_ACTUAL_POS],ligature,BEFORE,incisée,[RETOUR],ligature,BEFORE,décollé,[RETOUR],incisée,BEFORE,vérifié
180,43,FR100666,[EVENT_N/A_ACTUAL_POS] --(BEFORE)--> [EVENT_N/A_ACTUAL_POS] | [EVENT_N/A_ACTUAL_POS] --(BEFORE)--> [EVENT_N/A_ACTUAL_POS] | [EVENT_N/A_ACTUAL_POS] --(BEFORE)--> [EVENT_N/A_ACTUAL_POS],biopsie,BEFORE,étude,[RETOUR],biopsie,BEFORE,examen,[RETOUR],étude,BEFORE,adressé
180,43,FR100688,[EVENT_N/A_ACTUAL_POS] --(BEFORE)--> [EVENT_N/A_ACTUAL_POS] | [EVENT_N/A_ACTUAL_POS] --(BEFORE)--> [EVENT_N/A_ACTUAL_POS] | [EVENT_N/A_ACTUAL_POS] --(BEFORE)--> [EVENT_N/A_ACTUAL_POS],sérologie,BEFORE,radiographie,[RETOUR],sérologie,BEFORE,intradermoréaction,[RETOUR],radiographie,BEFORE,échographie
180,43,FR100689,[EVENT_N/A_ACTUAL_POS] --(BEFORE)--> [EVENT_N/A_ACTUAL_POS] | [EVENT_N/A_ACTUAL_POS] --(BEFORE)--> [EVENT_N/A_ACTUAL_POS] | [EVENT_N/A_ACTUAL_POS] --(BEFORE)--> [EVENT_N/A_ACTUAL_POS],retenu,BEFORE,traitement,[RETOUR],retenu,BEFORE,évolution,[RETOUR],traitement,BEFORE,corticothérapie
180,43,FR100697,[EVENT_N/A_ACTUAL_POS] --(BEFORE)--> [EVENT_N/A_ACTUAL_POS] | [EVENT_N/A_ACTUAL_POS] --(BEFORE)--> [EVENT_N/A_ACTUAL_POS] | [EVENT_N/A_ACTUAL_POS] --(BEFORE)--> [EVENT_N/A_ACTUAL_POS],examen,BEFORE,mammographie,[RETOUR],examen,BEFORE,reste,[RETOUR],mammographie,BEFORE,échographie
180,43,FR100708,[EVENT_N/A_ACTUAL_POS] --(BEFORE)--> [EVENT_N/A_ACTUAL_POS] | [EVENT_N/A_ACTUAL_POS] --(BEFORE)--> [EVENT_N/A_ACTUAL_POS] | [EVENT_N/A_ACTUAL_POS] --(BEFORE)--> [EVENT_N/A_ACTUAL_POS],demandée,BEFORE,tests,[RETOUR],demandée,BEFORE,IRM,[RETOUR],tests,BEFORE,mise
180,43,FR100748,[EVENT_N/A_ACTUAL_POS] --(BEFORE)--> [EVENT_N/A_ACTUAL_POS] | [EVENT_N/A_ACTUAL_POS] --(BEFORE)--> [EVENT_N/A_ACTUAL_POS] | [EVENT_N/A_ACTUAL_POS] --(BEFORE)--> [EVENT_N/A_ACTUAL_POS],mobilisation,BEFORE,suites,[RETOUR],mobilisation,BEFORE,résection,[RETOUR],suites,BEFORE,transférée
180,43,FR100780,[EVENT_N/A_ACTUAL_POS] --(BEFORE)--> [EVENT_N/A_ACTUAL_POS] | [EVENT_N/A_ACTUAL_POS] --(BEFORE)--> [EVENT_N/A_ACTUAL_POS] | [EVENT_N/A_ACTUAL_POS] --(BEFORE)--> [EVENT_N/A_ACTUAL_POS],geste,BEFORE,geste,[RETOUR],geste,BEFORE,gestes,[RETOUR],geste,BEFORE,geste
180,43,FR100826,[EVENT_N/A_ACTUAL_POS] --(BEFORE)--> [EVENT_N/A_ACTUAL_POS] | [EVENT_N/A_ACTUAL_POS] --(BEFORE)--> [EVENT_N/A_ACTUAL_POS] | [EVENT_N/A_ACTUAL_POS] --(BEFORE)--> [EVENT_N/A_ACTUAL_POS],admis,BEFORE,examen,[RETOUR],admis,BEFORE,don,[RETOUR],examen,BEFORE,bilan
180,43,FR100845,[EVENT_N/A_ACTUAL_POS] --(BEFORE)--> [EVENT_N/A_ACTUAL_POS] | [EVENT_N/A_ACTUAL_POS] --(BEFORE)--> [EVENT_N/A_ACTUAL_POS] | [EVENT_N/A_ACTUAL_POS] --(BEFORE)--> [EVENT_N/A_ACTUAL_POS],extraction,BEFORE,examen,[RETOUR],extraction,BEFORE,Apgar,[RETOUR],examen,BEFORE,examinés
180,43,FR100870,[EVENT_N/A_ACTUAL_POS] --(BEFORE)--> [EVENT_N/A_ACTUAL_POS] | [EVENT_N/A_ACTUAL_POS] --(BEFORE)--> [EVENT_N/A_ACTUAL_POS] | [EVENT_N/A_ACTUAL_POS] --(BEFORE)--> [EVENT_N/A_ACTUAL_POS],immunosoustraction,BEFORE,immunofixation,[RETOUR],immunosoustraction,BEFORE,typer,[RETOUR],immunofixation,BEFORE,bilan
180,43,FR100882,[EVENT_N/A_ACTUAL_POS] --(BEFORE)--> [EVENT_N/A_ACTUAL_POS] | [EVENT_N/A_ACTUAL_POS] --(BEFORE)--> [EVENT_N/A_ACTUAL_POS] | [EVENT_N/A_ACTUAL_POS] --(BEFORE)--> [EVENT_N/A_ACTUAL_POS],laminectomie,BEFORE,Imagerie,[RETOUR],laminectomie,BEFORE,suites,[RETOUR],Imagerie,BEFORE,bilan
180,43,FR100903,[EVENT_N/A_ACTUAL_POS] --(BEFORE)--> [EVENT_N/A_ACTUAL_POS] | [EVENT_N/A_ACTUAL_POS] --(BEFORE)--> [EVENT_N/A_ACTUAL_POS] | [EVENT_N/A_ACTUAL_POS] --(BEFORE)--> [EVENT_N/A_ACTUAL_POS],écarté,BEFORE,contrôles,[RETOUR],écarté,BEFORE,réfléchir,[RETOUR],contrôles,BEFORE,accouchement
180,43,FR100919,[EVENT_N/A_ACTUAL_POS] --(BEFORE)--> [EVENT_N/A_ACTUAL_POS] | [EVENT_N/A_ACTUAL_POS] --(BEFORE)--> [EVENT_N/A_ACTUAL_POS] | [EVENT_N/A_ACTUAL_POS] --(BEFORE)--> [EVENT_N/A_ACTUAL_POS],correction,BEFORE,adressée,[RETOUR],correction,BEFORE,normalisation,[RETOUR],adressée,BEFORE,bilan
180,43,FR100932,[EVENT_N/A_ACTUAL_POS] --(BEFORE)--> [EVENT_N/A_ACTUAL_POS] | [EVENT_N/A_ACTUAL_POS] --(BEFORE)--> [EVENT_N/A_ACTUAL_POS] | [EVENT_N/A_ACTUAL_POS] --(BEFORE)--> [EVENT_N/A_ACTUAL_POS],mise,BEFORE,opérée,[RETOUR],mise,BEFORE,installation,[RETOUR],opérée,BEFORE,évolution
180,43,FR100946,[EVENT_N/A_ACTUAL_POS] --(BEFORE)--> [EVENT_N/A_ACTUAL_POS] | [EVENT_N/A_ACTUAL_POS] --(BEFORE)--> [EVENT_N/A_ACTUAL_POS] | [EVENT_N/A_ACTUAL_POS] --(BEFORE)--> [EVENT_N/A_ACTUAL_POS],mise,BEFORE,analyse,[RETOUR],mise,BEFORE,exérèse,[RETOUR],analyse,BEFORE,mise
180,43,FR100996,[EVENT_N/A_ACTUAL_POS] --(BEFORE)--> [EVENT_N/A_ACTUAL_POS] | [EVENT_N/A_ACTUAL_POS] --(BEFORE)--> [EVENT_N/A_ACTUAL_POS] | [EVENT_N/A_ACTUAL_POS] --(BEFORE)--> [EVENT_N/A_ACTUAL_POS],consulté,BEFORE,examen,[RETOUR],consulté,BEFORE,rapportons,[RETOUR],examen,BEFORE,tomodensitométrie
174,42,FR100003,[EVENT_N/A_ACTUAL_POS] --(BEFORE)--> [EVENT_N/A_ACTUAL_POS] | [EVENT_N/A_ACTUAL_POS] --(BEFORE)--> [EVENT_N/A_ACTUAL_POS] | [EVENT_N/A_ACTUAL_POS] --(CONTAINS)--> [EVENT_N/A_ACTUAL_POS],examen,BEFORE,antibiothérapie,BEFORE,bloc,CONTAINS,drainé,,,,
174,42,FR100092,[EVENT_N/A_ACTUAL_POS] --(BEFORE)--> [EVENT_N/A_ACTUAL_POS] | [EVENT_N/A_ACTUAL_POS] --(BEFORE)--> [EVENT_N/A_ACTUAL_POS] | [EVENT_N/A_ACTUAL_POS] --(CONTAINS)--> [EVENT_N/A_ACTUAL_POS],tableau,BEFORE,reste,BEFORE,minilaparotomie,CONTAINS,exploration,,,,
174,42,FR100130,[EVENT_N/A_ACTUAL_POS] --(BEFORE)--> [EVENT_N/A_ACTUAL_POS] | [EVENT_N/A_ACTUAL_POS] --(BEFORE)--> [EVENT_N/A_ACTUAL_POS] | [EVENT_N/A_ACTUAL_POS] --(CONTAINS)--> [EVENT_N/A_ACTUAL_POS],confirmé,BEFORE,recherche,BEFORE,séjour,CONTAINS,réconforté,,,,
174,42,FR100132,[EVENT_N/A_ACTUAL_POS] --(BEFORE)--> [EVENT_N/A_ACTUAL_POS] | [EVENT_N/A_ACTUAL_POS] --(BEFORE)--> [EVENT_N/A_ACTUAL_POS] | [EVENT_N/A_ACTUAL_POS] --(CONTAINS)--> [EVENT_N/A_ACTUAL_POS],palpation,BEFORE,histologie,BEFORE,examen,CONTAINS,angiographie,,,,
174,42,FR100142,[EVENT_N/A_ACTUAL_POS] --(BEFORE)--> [EVENT_N/A_ACTUAL_POS] | [EVENT_N/A_ACTUAL_POS] --(BEFORE)--> [EVENT_N/A_ACTUAL_POS] | [EVENT_N/A_ACTUAL_POS] --(CONTAINS)--> [EVENT_N/A_ACTUAL_POS],biopsie,BEFORE,mis,BEFORE,évolution,CONTAINS,taux,,,,
174,42,FR100161,[EVENT_N/A_ACTUAL_POS] --(BEFORE)--> [EVENT_N/A_ACTUAL_POS] | [EVENT_N/A_ACTUAL_POS] --(BEFORE)--> [EVENT_N/A_ACTUAL_POS] | [EVENT_N/A_ACTUAL_POS] --(CONTAINS)--> [EVENT_N/A_ACTUAL_POS],interrogatoire,BEFORE,examen,BEFORE,examens,CONTAINS,Acti tests,,,,
174,42,FR100168,[EVENT_N/A_ACTUAL_POS] --(BEFORE)--> [EVENT_N/A_ACTUAL_POS] | [EVENT_N/A_ACTUAL_POS] --(BEFORE)--> [EVENT_N/A_ACTUAL_POS] | [EVENT_N/A_ACTUAL_POS] --(CONTAINS)--> [EVENT_N/A_ACTUAL_POS],bilan,BEFORE,tests,BEFORE,entretien,CONTAINS,dévoiler,,,,
174,42,FR100255,[EVENT_N/A_ACTUAL_POS] --(BEFORE)--> [EVENT_N/A_ACTUAL_POS] | [EVENT_N/A_ACTUAL_POS] --(BEFORE)--> [EVENT_N/A_ACTUAL_POS] | [EVENT_N/A_ACTUAL_POS] --(CONTAINS)--> [EVENT_N/A_ACTUAL_POS],examen,BEFORE,examen,BEFORE,échographie,CONTAINS,confirmation,,,,
174,42,FR100275,[EVENT_N/A_ACTUAL_POS] --(BEFORE)--> [EVENT_N/A_ACTUAL_POS] | [EVENT_N/A_ACTUAL_POS] --(BEFORE)--> [EVENT_N/A_ACTUAL_POS] | [EVENT_N/A_ACTUAL_POS] --(CONTAINS)--> [EVENT_N/A_ACTUAL_POS],transféré,BEFORE,anamnèse,BEFORE,examen,CONTAINS,fréquence,,,,
174,42,FR100276,[EVENT_N/A_ACTUAL_POS] --(BEFORE)--> [EVENT_N/A_ACTUAL_POS] | [EVENT_N/A_ACTUAL_POS] --(BEFORE)--> [EVENT_N/A_ACTUAL_POS] | [EVENT_N/A_ACTUAL_POS] --(CONTAINS)--> [EVENT_N/A_ACTUAL_POS],accouchement,BEFORE,reste,BEFORE,bilan,CONTAINS,bilan,,,,
174,42,FR100283,[EVENT_N/A_ACTUAL_POS] --(BEFORE)--> [EVENT_N/A_ACTUAL_POS] | [EVENT_N/A_ACTUAL_POS] --(BEFORE)--> [EVENT_N/A_ACTUAL_POS] | [EVENT_N/A_ACTUAL_POS] --(CONTAINS)--> [EVENT_N/A_ACTUAL_POS],IRM,BEFORE,hypophysiogramme,BEFORE,traitement,CONTAINS,antibiothérapie,,,,
174,42,FR100296,[EVENT_N/A_ACTUAL_POS] --(BEFORE)--> [EVENT_N/A_ACTUAL_POS] | [EVENT_N/A_ACTUAL_POS] --(BEFORE)--> [EVENT_N/A_ACTUAL_POS] | [EVENT_N/A_ACTUAL_POS] --(CONTAINS)--> [EVENT_N/A_ACTUAL_POS],examen,BEFORE,IRM,BEFORE,fenestration,CONTAINS,geste,,,,
174,42,FR100344,[EVENT_N/A_ACTUAL_POS] --(BEFORE)--> [EVENT_N/A_ACTUAL_POS] | [EVENT_N/A_ACTUAL_POS] --(BEFORE)--> [EVENT_N/A_ACTUAL_POS] | [EVENT_N/A_ACTUAL_POS] --(CONTAINS)--> [EVENT_N/A_ACTUAL_POS],plainte,BEFORE,examen,BEFORE,césarienne,CONTAINS,laissé,,,,
174,42,FR100371,[EVENT_N/A_ACTUAL_POS] --(BEFORE)--> [EVENT_N/A_ACTUAL_POS] | [EVENT_N/A_ACTUAL_POS] --(BEFORE)--> [EVENT_N/A_ACTUAL_POS] | [EVENT_N/A_ACTUAL_POS] --(CONTAINS)--> [EVENT_N/A_ACTUAL_POS],bilan,BEFORE,bilan,BEFORE,intervention,CONTAINS,exérèse,,,,
174,42,FR100400,[EVENT_N/A_ACTUAL_POS] --(BEFORE)--> [EVENT_N/A_ACTUAL_POS] | [EVENT_N/A_ACTUAL_POS] --(BEFORE)--> [EVENT_N/A_ACTUAL_POS] | [EVENT_N/A_ACTUAL_POS] --(CONTAINS)--> [EVENT_N/A_ACTUAL_POS],aspiration,BEFORE,résection,BEFORE,suites,CONTAINS,sortante,,,,
174,42,FR100510,[EVENT_N/A_ACTUAL_POS] --(BEFORE)--> [EVENT_N/A_ACTUAL_POS] | [EVENT_N/A_ACTUAL_POS] --(BEFORE)--> [EVENT_N/A_ACTUAL_POS] | [EVENT_N/A_ACTUAL_POS] --(CONTAINS)--> [EVENT_N/A_ACTUAL_POS],résection,BEFORE,examen,BEFORE,examen,CONTAINS,caractéristiques,,,,
174,42,FR100515,[EVENT_N/A_ACTUAL_POS] --(BEFORE)--> [EVENT_N/A_ACTUAL_POS] | [EVENT_N/A_ACTUAL_POS] --(BEFORE)--> [EVENT_N/A_ACTUAL_POS] | [EVENT_N/A_ACTUAL_POS] --(CONTAINS)--> [EVENT_N/A_ACTUAL_POS],retenu,BEFORE,bilan,BEFORE,bilan,CONTAINS,explorations,,,,
174,42,FR100519,[EVENT_N/A_ACTUAL_POS] --(BEFORE)--> [EVENT_N/A_ACTUAL_POS] | [EVENT_N/A_ACTUAL_POS] --(BEFORE)--> [EVENT_N/A_ACTUAL_POS] | [EVENT_N/A_ACTUAL_POS] --(CONTAINS)--> [EVENT_N/A_ACTUAL_POS],hospitalisée,BEFORE,entrée,BEFORE,bilan,CONTAINS,radiographie,,,,
174,42,FR100589,[EVENT_N/A_ACTUAL_POS] --(BEFORE)--> [EVENT_N/A_ACTUAL_POS] | [EVENT_N/A_ACTUAL_POS] --(BEFORE)--> [EVENT_N/A_ACTUAL_POS] | [EVENT_N/A_ACTUAL_POS] --(CONTAINS)--> [EVENT_N/A_ACTUAL_POS],radiographie,BEFORE,tomodensitométrie,BEFORE,discuté,CONTAINS,évoqué,,,,
174,42,FR100597,[EVENT_N/A_ACTUAL_POS] --(BEFORE)--> [EVENT_N/A_ACTUAL_POS] | [EVENT_N/A_ACTUAL_POS] --(BEFORE)--> [EVENT_N/A_ACTUAL_POS] | [EVENT_N/A_ACTUAL_POS] --(CONTAINS)--> [EVENT_N/A_ACTUAL_POS],marqueurs,BEFORE,décidée,BEFORE,laparotomie,CONTAINS,exploration,,,,
174,42,FR100611,[EVENT_N/A_ACTUAL_POS] --(BEFORE)--> [EVENT_N/A_ACTUAL_POS] | [EVENT_N/A_ACTUAL_POS] --(BEFORE)--> [EVENT_N/A_ACTUAL_POS] | [EVENT_N/A_ACTUAL_POS] --(CONTAINS)--> [EVENT_N/A_ACTUAL_POS],examen,BEFORE,PCR,BEFORE,TDM,CONTAINS,image,,,,
174,42,FR100614,[EVENT_N/A_ACTUAL_POS] --(BEFORE)--> [EVENT_N/A_ACTUAL_POS] | [EVENT_N/A_ACTUAL_POS] --(BEFORE)--> [EVENT_N/A_ACTUAL_POS] | [EVENT_N/A_ACTUAL_POS] --(CONTAINS)--> [EVENT_N/A_ACTUAL_POS],exploration,BEFORE,rupture,BEFORE,intervention,CONTAINS,éviter,,,,
174,42,FR100620,[EVENT_N/A_ACTUAL_POS] --(BEFORE)--> [EVENT_N/A_ACTUAL_POS] | [EVENT_N/A_ACTUAL_POS] --(BEFORE)--> [EVENT_N/A_ACTUAL_POS] | [EVENT_N/A_ACTUAL_POS] --(CONTAINS)--> [EVENT_N/A_ACTUAL_POS],pleurodèse,BEFORE,biopsie,BEFORE,prise,CONTAINS,corticothérapie,,,,
174,42,FR100629,[EVENT_N/A_ACTUAL_POS] --(BEFORE)--> [EVENT_N/A_ACTUAL_POS] | [EVENT_N/A_ACTUAL_POS] --(BEFORE)--> [EVENT_N/A_ACTUAL_POS] | [EVENT_N/A_ACTUAL_POS] --(CONTAINS)--> [EVENT_N/A_ACTUAL_POS],bilan,BEFORE,décision,BEFORE,chimiothérapie,CONTAINS,bithérapie,,,,
174,42,FR100632,[EVENT_N/A_ACTUAL_POS] --(BEFORE)--> [EVENT_N/A_ACTUAL_POS] | [EVENT_N/A_ACTUAL_POS] --(BEFORE)--> [EVENT_N/A_ACTUAL_POS] | [EVENT_N/A_ACTUAL_POS] --(CONTAINS)--> [EVENT_N/A_ACTUAL_POS],numération,BEFORE,bilan,BEFORE,enquête,CONTAINS,taux,,,,
174,42,FR100658,[EVENT_N/A_ACTUAL_POS] --(BEFORE)--> [EVENT_N/A_ACTUAL_POS] | [EVENT_N/A_ACTUAL_POS] --(BEFORE)--> [EVENT_N/A_ACTUAL_POS] | [EVENT_N/A_ACTUAL_POS] --(CONTAINS)--> [EVENT_N/A_ACTUAL_POS],monitorage,BEFORE,prise,BEFORE,anesthésie,CONTAINS,intubé,,,,
174,42,FR100663,[EVENT_N/A_ACTUAL_POS] --(BEFORE)--> [EVENT_N/A_ACTUAL_POS] | [EVENT_N/A_ACTUAL_POS] --(BEFORE)--> [EVENT_N/A_ACTUAL_POS] | [EVENT_N/A_ACTUAL_POS] --(CONTAINS)--> [EVENT_N/A_ACTUAL_POS],taux,BEFORE,tenté,BEFORE,bilan,CONTAINS,Numération,,,,
174,42,FR100666,[EVENT_N/A_ACTUAL_POS] --(BEFORE)--> [EVENT_N/A_ACTUAL_POS] | [EVENT_N/A_ACTUAL_POS] --(BEFORE)--> [EVENT_N/A_ACTUAL_POS] | [EVENT_N/A_ACTUAL_POS] --(CONTAINS)--> [EVENT_N/A_ACTUAL_POS],bilan,BEFORE,classé,BEFORE,traitement,CONTAINS,polychimiothérapie,,,,
174,42,FR100688,[EVENT_N/A_ACTUAL_POS] --(BEFORE)--> [EVENT_N/A_ACTUAL_POS] | [EVENT_N/A_ACTUAL_POS] --(BEFORE)--> [EVENT_N/A_ACTUAL_POS] | [EVENT_N/A_ACTUAL_POS] --(CONTAINS)--> [EVENT_N/A_ACTUAL_POS],incision,BEFORE,analyse,BEFORE,traitement,CONTAINS,phase,,,,
174,42,FR100689,[EVENT_N/A_ACTUAL_POS] --(BEFORE)--> [EVENT_N/A_ACTUAL_POS] | [EVENT_N/A_ACTUAL_POS] --(BEFORE)--> [EVENT_N/A_ACTUAL_POS] | [EVENT_N/A_ACTUAL_POS] --(CONTAINS)--> [EVENT_N/A_ACTUAL_POS],examen,BEFORE,scanner,BEFORE,IRM,CONTAINS,injection,,,,
174,42,FR100708,[EVENT_N/A_ACTUAL_POS] --(BEFORE)--> [EVENT_N/A_ACTUAL_POS] | [EVENT_N/A_ACTUAL_POS] --(BEFORE)--> [EVENT_N/A_ACTUAL_POS] | [EVENT_N/A_ACTUAL_POS] --(CONTAINS)--> [EVENT_N/A_ACTUAL_POS],mammographie,BEFORE,échographie,BEFORE,ponction,CONTAINS,ramenant,,,,
174,42,FR100717,[EVENT_N/A_ACTUAL_POS] --(BEFORE)--> [EVENT_N/A_ACTUAL_POS] | [EVENT_N/A_ACTUAL_POS] --(BEFORE)--> [EVENT_N/A_ACTUAL_POS] | [EVENT_N/A_ACTUAL_POS] --(CONTAINS)--> [EVENT_N/A_ACTUAL_POS],enlevée,BEFORE,exploration,BEFORE,suites,CONTAINS,régression,,,,
174,42,FR100806,[EVENT_N/A_ACTUAL_POS] --(BEFORE)--> [EVENT_N/A_ACTUAL_POS] | [EVENT_N/A_ACTUAL_POS] --(BEFORE)--> [EVENT_N/A_ACTUAL_POS] | [EVENT_N/A_ACTUAL_POS] --(CONTAINS)--> [EVENT_N/A_ACTUAL_POS],référée,BEFORE,examen,BEFORE,biologie,CONTAINS,NFS,,,,
174,42,FR100826,[EVENT_N/A_ACTUAL_POS] --(BEFORE)--> [EVENT_N/A_ACTUAL_POS] | [EVENT_N/A_ACTUAL_POS] --(BEFORE)--> [EVENT_N/A_ACTUAL_POS] | [EVENT_N/A_ACTUAL_POS] --(CONTAINS)--> [EVENT_N/A_ACTUAL_POS],retenue,BEFORE,exploration,BEFORE,suites,CONTAINS,sortie,,,,
174,42,FR100845,[EVENT_N/A_ACTUAL_POS] --(BEFORE)--> [EVENT_N/A_ACTUAL_POS] | [EVENT_N/A_ACTUAL_POS] --(BEFORE)--> [EVENT_N/A_ACTUAL_POS] | [EVENT_N/A_ACTUAL_POS] --(CONTAINS)--> [EVENT_N/A_ACTUAL_POS],Consulte,BEFORE,examen,BEFORE,examen,CONTAINS,toucher,,,,
174,42,FR100870,[EVENT_N/A_ACTUAL_POS] --(BEFORE)--> [EVENT_N/A_ACTUAL_POS] | [EVENT_N/A_ACTUAL_POS] --(BEFORE)--> [EVENT_N/A_ACTUAL_POS] | [EVENT_N/A_ACTUAL_POS] --(CONTAINS)--> [EVENT_N/A_ACTUAL_POS],bilan,BEFORE,IRM,BEFORE,électrophorèse,CONTAINS,découverte,,,,
174,42,FR100874,[EVENT_N/A_ACTUAL_POS] --(BEFORE)--> [EVENT_N/A_ACTUAL_POS] | [EVENT_N/A_ACTUAL_POS] --(BEFORE)--> [EVENT_N/A_ACTUAL_POS] | [EVENT_N/A_ACTUAL_POS] --(CONTAINS)--> [EVENT_N/A_ACTUAL_POS],hémogramme,BEFORE,fibroscopie,BEFORE,transit,CONTAINS,image,,,,
174,42,FR100882,[EVENT_N/A_ACTUAL_POS] --(BEFORE)--> [EVENT_N/A_ACTUAL_POS] | [EVENT_N/A_ACTUAL_POS] --(BEFORE)--> [EVENT_N/A_ACTUAL_POS] | [EVENT_N/A_ACTUAL_POS] --(CONTAINS)--> [EVENT_N/A_ACTUAL_POS],sérologies,BEFORE,sclérothérapie,BEFORE,évolution,CONTAINS,amélioration,,,,
174,42,FR100883,[EVENT_N/A_ACTUAL_POS] --(BEFORE)--> [EVENT_N/A_ACTUAL_POS] | [EVENT_N/A_ACTUAL_POS] --(BEFORE)--> [EVENT_N/A_ACTUAL_POS] | [EVENT_N/A_ACTUAL_POS] --(CONTAINS)--> [EVENT_N/A_ACTUAL_POS],biopsie,BEFORE,bilan,BEFORE,reçu,CONTAINS,radiothérapie,,,,
174,42,FR100894,[EVENT_N/A_ACTUAL_POS] --(BEFORE)--> [EVENT_N/A_ACTUAL_POS] | [EVENT_N/A_ACTUAL_POS] --(BEFORE)--> [EVENT_N/A_ACTUAL_POS] | [EVENT_N/A_ACTUAL_POS] --(CONTAINS)--> [EVENT_N/A_ACTUAL_POS],arrivée,BEFORE,pris,BEFORE,incision,CONTAINS,décompression,,,,
174,42,FR100903,[EVENT_N/A_ACTUAL_POS] --(BEFORE)--> [EVENT_N/A_ACTUAL_POS] | [EVENT_N/A_ACTUAL_POS] --(BEFORE)--> [EVENT_N/A_ACTUAL_POS] | [EVENT_N/A_ACTUAL_POS] --(CONTAINS)--> [EVENT_N/A_ACTUAL_POS],écarté,BEFORE,contrôles,BEFORE,accouchement,CONTAINS,naissance,,,,
174,42,FR100998,[EVENT_N/A_ACTUAL_POS] --(BEFORE)--> [EVENT_N/A_ACTUAL_POS] | [EVENT_N/A_ACTUAL_POS] --(BEFORE)--> [EVENT_N/A_ACTUAL_POS] | [EVENT_N/A_ACTUAL_POS] --(CONTAINS)--> [EVENT_N/A_ACTUAL_POS],test,BEFORE,diagnostic,BEFORE,traitée,CONTAINS,développé,,,,
196,41,FR100003,[EVENT_N/A_ACTUAL_POS] --(BEFORE)--> [EVENT_N/A_ACTUAL_POS] | [EVENT_N/A_ACTUAL_POS] --(SIMULTANEOUS)--> [EVENT_N/A_ACTUAL_POS],drainage,BEFORE,traitement,SIMULTANEOUS,nécessaire,,,,,,
196,41,FR100120,[EVENT_N/A_ACTUAL_POS] --(BEFORE)--> [EVENT_N/A_ACTUAL_POS] | [EVENT_N/A_ACTUAL_POS] --(SIMULTANEOUS)--> [EVENT_N/A_ACTUAL_POS],reste,BEFORE,traitement,SIMULTANEOUS,inefficace,,,,,,
196,41,FR100130,[EVENT_N/A_ACTUAL_POS] --(BEFORE)--> [EVENT_N/A_ACTUAL_POS] | [EVENT_N/A_ACTUAL_POS] --(SIMULTANEOUS)--> [EVENT_N/A_ACTUAL_POS],administrées,BEFORE,reçu,SIMULTANEOUS,cures,,,,,,
196,41,FR100142,[EVENT_N/A_ACTUAL_POS] --(BEFORE)--> [EVENT_N/A_ACTUAL_POS] | [EVENT_N/A_ACTUAL_POS] --(SIMULTANEOUS)--> [EVENT_N/A_ACTUAL_POS],mis,BEFORE,évolution,SIMULTANEOUS,favorable,,,,,,
196,41,FR100161,[EVENT_N/A_ACTUAL_POS] --(BEFORE)--> [EVENT_N/A_ACTUAL_POS] | [EVENT_N/A_ACTUAL_POS] --(SIMULTANEOUS)--> [EVENT_N/A_ACTUAL_POS],cortisol,BEFORE,exérèse,SIMULTANEOUS,laparotomie,,,,,,
196,41,FR100168,[EVENT_N/A_ACTUAL_POS] --(BEFORE)--> [EVENT_N/A_ACTUAL_POS] | [EVENT_N/A_ACTUAL_POS] --(SIMULTANEOUS)--> [EVENT_N/A_ACTUAL_POS],administrées,BEFORE,suites,SIMULTANEOUS,simples,,,,,,
196,41,FR100275,[EVENT_N/A_ACTUAL_POS] --(BEFORE)--> [EVENT_N/A_ACTUAL_POS] | [EVENT_N/A_ACTUAL_POS] --(SIMULTANEOUS)--> [EVENT_N/A_ACTUAL_POS],pris,BEFORE,trouvée,SIMULTANEOUS,découverte,,,,,,
196,41,FR100276,[EVENT_N/A_ACTUAL_POS] --(BEFORE)--> [EVENT_N/A_ACTUAL_POS] | [EVENT_N/A_ACTUAL_POS] --(SIMULTANEOUS)--> [EVENT_N/A_ACTUAL_POS],bilan,BEFORE,régression,SIMULTANEOUS,rapide,,,,,,
196,41,FR100282,[EVENT_N/A_ACTUAL_POS] --(BEFORE)--> [EVENT_N/A_ACTUAL_POS] | [EVENT_N/A_ACTUAL_POS] --(SIMULTANEOUS)--> [EVENT_N/A_ACTUAL_POS],monothérapie,BEFORE,multithérapie,SIMULTANEOUS,administrée,,,,,,
196,41,FR100283,[EVENT_N/A_ACTUAL_POS] --(BEFORE)--> [EVENT_N/A_ACTUAL_POS] | [EVENT_N/A_ACTUAL_POS] --(SIMULTANEOUS)--> [EVENT_N/A_ACTUAL_POS],traitement,BEFORE,évolution,SIMULTANEOUS,favorable,,,,,,
196,41,FR100296,[EVENT_N/A_ACTUAL_POS] --(BEFORE)--> [EVENT_N/A_ACTUAL_POS] | [EVENT_N/A_ACTUAL_POS] --(SIMULTANEOUS)--> [EVENT_N/A_ACTUAL_POS],fenestration,BEFORE,suites,SIMULTANEOUS,simples,,,,,,
196,41,FR100344,[EVENT_N/A_ACTUAL_POS] --(BEFORE)--> [EVENT_N/A_ACTUAL_POS] | [EVENT_N/A_ACTUAL_POS] --(SIMULTANEOUS)--> [EVENT_N/A_ACTUAL_POS],contrôle,BEFORE,échographies,SIMULTANEOUS,difficiles,,,,,,
196,41,FR100346,[EVENT_N/A_ACTUAL_POS] --(BEFORE)--> [EVENT_N/A_ACTUAL_POS] | [EVENT_N/A_ACTUAL_POS] --(SIMULTANEOUS)--> [EVENT_N/A_ACTUAL_POS],gazométrie,BEFORE,reste,SIMULTANEOUS,normal,,,,,,
196,41,FR100361,[EVENT_N/A_ACTUAL_POS] --(BEFORE)--> [EVENT_N/A_ACTUAL_POS] | [EVENT_N/A_ACTUAL_POS] --(SIMULTANEOUS)--> [EVENT_N/A_ACTUAL_POS],culture,BEFORE,protéine,SIMULTANEOUS,CRP,,,,,,
196,41,FR100371,[EVENT_N/A_ACTUAL_POS] --(BEFORE)--> [EVENT_N/A_ACTUAL_POS] | [EVENT_N/A_ACTUAL_POS] --(SIMULTANEOUS)--> [EVENT_N/A_ACTUAL_POS],incision,BEFORE,suite,SIMULTANEOUS,simple,,,,,,
196,41,FR100400,[EVENT_N/A_ACTUAL_POS] --(BEFORE)--> [EVENT_N/A_ACTUAL_POS] | [EVENT_N/A_ACTUAL_POS] --(SIMULTANEOUS)--> [EVENT_N/A_ACTUAL_POS],résection,BEFORE,suites,SIMULTANEOUS,favorables,,,,,,
196,41,FR100439,[EVENT_N/A_ACTUAL_POS] --(BEFORE)--> [EVENT_N/A_ACTUAL_POS] | [EVENT_N/A_ACTUAL_POS] --(SIMULTANEOUS)--> [EVENT_N/A_ACTUAL_POS],demandée,BEFORE,Tomographie,SIMULTANEOUS,TEP,,,,,,
196,41,FR100515,[EVENT_N/A_ACTUAL_POS] --(BEFORE)--> [EVENT_N/A_ACTUAL_POS] | [EVENT_N/A_ACTUAL_POS] --(SIMULTANEOUS)--> [EVENT_N/A_ACTUAL_POS],résistance,BEFORE,évolution,SIMULTANEOUS,spectaculaire,,,,,,
196,41,FR100517,[EVENT_N/A_ACTUAL_POS] --(BEFORE)--> [EVENT_N/A_ACTUAL_POS] | [EVENT_N/A_ACTUAL_POS] --(SIMULTANEOUS)--> [EVENT_N/A_ACTUAL_POS],radiographie,BEFORE,tomodensitométrie,SIMULTANEOUS,coupes,,,,,,
196,41,FR100519,[EVENT_N/A_ACTUAL_POS] --(BEFORE)--> [EVENT_N/A_ACTUAL_POS] | [EVENT_N/A_ACTUAL_POS] --(SIMULTANEOUS)--> [EVENT_N/A_ACTUAL_POS],transfusion,BEFORE,tomodensitométrie,SIMULTANEOUS,TDM,,,,,,
196,41,FR100597,[EVENT_N/A_ACTUAL_POS] --(BEFORE)--> [EVENT_N/A_ACTUAL_POS] | [EVENT_N/A_ACTUAL_POS] --(SIMULTANEOUS)--> [EVENT_N/A_ACTUAL_POS],échographie,BEFORE,complété,SIMULTANEOUS,scanner,,,,,,
196,41,FR100603,[EVENT_N/A_ACTUAL_POS] --(BEFORE)--> [EVENT_N/A_ACTUAL_POS] | [EVENT_N/A_ACTUAL_POS] --(SIMULTANEOUS)--> [EVENT_N/A_ACTUAL_POS],hémocultures,BEFORE,évolution,SIMULTANEOUS,favorable,,,,,,
196,41,FR100614,[EVENT_N/A_ACTUAL_POS] --(BEFORE)--> [EVENT_N/A_ACTUAL_POS] | [EVENT_N/A_ACTUAL_POS] --(SIMULTANEOUS)--> [EVENT_N/A_ACTUAL_POS],rupture,BEFORE,intervention,SIMULTANEOUS,mesures,,,,,,
196,41,FR100629,[EVENT_N/A_ACTUAL_POS] --(BEFORE)--> [EVENT_N/A_ACTUAL_POS] | [EVENT_N/A_ACTUAL_POS] --(SIMULTANEOUS)--> [EVENT_N/A_ACTUAL_POS],radiographie,BEFORE,TDM,SIMULTANEOUS,tomodensitométrie,,,,,,
196,41,FR100658,[EVENT_N/A_ACTUAL_POS] --(BEFORE)--> [EVENT_N/A_ACTUAL_POS] | [EVENT_N/A_ACTUAL_POS] --(SIMULTANEOUS)--> [EVENT_N/A_ACTUAL_POS],laryngoscopie,BEFORE,tomodensitométrie,SIMULTANEOUS,TDM,,,,,,
196,41,FR100688,[EVENT_N/A_ACTUAL_POS] --(BEFORE)--> [EVENT_N/A_ACTUAL_POS] | [EVENT_N/A_ACTUAL_POS] --(SIMULTANEOUS)--> [EVENT_N/A_ACTUAL_POS],traitement,BEFORE,évolution,SIMULTANEOUS,favorable,,,,,,
196,41,FR100689,[EVENT_N/A_ACTUAL_POS] --(BEFORE)--> [EVENT_N/A_ACTUAL_POS] | [EVENT_N/A_ACTUAL_POS] --(SIMULTANEOUS)--> [EVENT_N/A_ACTUAL_POS],traitement,BEFORE,bithérapie,SIMULTANEOUS,traitement,,,,,,
196,41,FR100717,[EVENT_N/A_ACTUAL_POS] --(BEFORE)--> [EVENT_N/A_ACTUAL_POS] | [EVENT_N/A_ACTUAL_POS] --(SIMULTANEOUS)--> [EVENT_N/A_ACTUAL_POS],exploration,BEFORE,suites,SIMULTANEOUS,simples,,,,,,
196,41,FR100748,[EVENT_N/A_ACTUAL_POS] --(BEFORE)--> [EVENT_N/A_ACTUAL_POS] | [EVENT_N/A_ACTUAL_POS] --(SIMULTANEOUS)--> [EVENT_N/A_ACTUAL_POS],mobilisation,BEFORE,suites,SIMULTANEOUS,stabilité,,,,,,
196,41,FR100780,[EVENT_N/A_ACTUAL_POS] --(BEFORE)--> [EVENT_N/A_ACTUAL_POS] | [EVENT_N/A_ACTUAL_POS] --(SIMULTANEOUS)--> [EVENT_N/A_ACTUAL_POS],geste,BEFORE,geste,SIMULTANEOUS,grossesse,,,,,,
196,41,FR100806,[EVENT_N/A_ACTUAL_POS] --(BEFORE)--> [EVENT_N/A_ACTUAL_POS] | [EVENT_N/A_ACTUAL_POS] --(SIMULTANEOUS)--> [EVENT_N/A_ACTUAL_POS],examen,BEFORE,suites,SIMULTANEOUS,simples,,,,,,
196,41,FR100826,[EVENT_N/A_ACTUAL_POS] --(BEFORE)--> [EVENT_N/A_ACTUAL_POS] | [EVENT_N/A_ACTUAL_POS] --(SIMULTANEOUS)--> [EVENT_N/A_ACTUAL_POS],exploration,BEFORE,suites,SIMULTANEOUS,simples,,,,,,
196,41,FR100845,[EVENT_N/A_ACTUAL_POS] --(BEFORE)--> [EVENT_N/A_ACTUAL_POS] | [EVENT_N/A_ACTUAL_POS] --(SIMULTANEOUS)--> [EVENT_N/A_ACTUAL_POS],informé,BEFORE,décision,SIMULTANEOUS,césarisée,,,,,,
196,41,FR100849,[EVENT_N/A_ACTUAL_POS] --(BEFORE)--> [EVENT_N/A_ACTUAL_POS] | [EVENT_N/A_ACTUAL_POS] --(SIMULTANEOUS)--> [EVENT_N/A_ACTUAL_POS],admission,BEFORE,tomodensitométrie,SIMULTANEOUS,TDM,,,,,,
196,41,FR100870,[EVENT_N/A_ACTUAL_POS] --(BEFORE)--> [EVENT_N/A_ACTUAL_POS] | [EVENT_N/A_ACTUAL_POS] --(SIMULTANEOUS)--> [EVENT_N/A_ACTUAL_POS],dosage,BEFORE,étude,SIMULTANEOUS,FISH,,,,,,
196,41,FR100882,[EVENT_N/A_ACTUAL_POS] --(BEFORE)--> [EVENT_N/A_ACTUAL_POS] | [EVENT_N/A_ACTUAL_POS] --(SIMULTANEOUS)--> [EVENT_N/A_ACTUAL_POS],laminectomie,BEFORE,Imagerie,SIMULTANEOUS,IRM,,,,,,
196,41,FR100894,[EVENT_N/A_ACTUAL_POS] --(BEFORE)--> [EVENT_N/A_ACTUAL_POS] | [EVENT_N/A_ACTUAL_POS] --(SIMULTANEOUS)--> [EVENT_N/A_ACTUAL_POS],incision,BEFORE,immobilisé,SIMULTANEOUS,plâtre,,,,,,
196,41,FR100921,[EVENT_N/A_ACTUAL_POS] --(BEFORE)--> [EVENT_N/A_ACTUAL_POS] | [EVENT_N/A_ACTUAL_POS] --(SIMULTANEOUS)--> [EVENT_N/A_ACTUAL_POS],palpation,BEFORE,imagerie,SIMULTANEOUS,IRM,,,,,,
196,41,FR100932,[EVENT_N/A_ACTUAL_POS] --(BEFORE)--> [EVENT_N/A_ACTUAL_POS] | [EVENT_N/A_ACTUAL_POS] --(SIMULTANEOUS)--> [EVENT_N/A_ACTUAL_POS],mise,BEFORE,imagerie,SIMULTANEOUS,IRM,,,,,,
196,41,FR100959,[EVENT_N/A_ACTUAL_POS] --(BEFORE)--> [EVENT_N/A_ACTUAL_POS] | [EVENT_N/A_ACTUAL_POS] --(SIMULTANEOUS)--> [EVENT_N/A_ACTUAL_POS],œsophagoscopie,BEFORE,Transit,SIMULTANEOUS,TOGD,,,,,,
196,41,FR100994,[EVENT_N/A_ACTUAL_POS] --(BEFORE)--> [EVENT_N/A_ACTUAL_POS] | [EVENT_N/A_ACTUAL_POS] --(SIMULTANEOUS)--> [EVENT_N/A_ACTUAL_POS],rapportons,BEFORE,observation,SIMULTANEOUS,cas,,,,,,
