ID_Motif,Support,Document,Structure_Abstraite,Exemples_du_Texte
23,73,FR100003,[EVENT_N/A_ACTUAL_POS] --(CONTAINS)--> [EVENT_N/A_ACTUAL_POS] | [EVENT_N/A_ACTUAL_POS] --(BEFORE)--> [EVENT_N/A_ACTUAL_POS],"""délabrement"" --(CONTAINS)--> ""panoramique"" | ""panoramique"" --(BEFORE)--> ""ponction"""
23,73,FR100078,[EVENT_N/A_ACTUAL_POS] --(CONTAINS)--> [EVENT_N/A_ACTUAL_POS] | [EVENT_N/A_ACTUAL_POS] --(BEFORE)--> [EVENT_N/A_ACTUAL_POS],"""pouls"" --(CONTAINS)--> ""examen"" | ""examen"" --(BEFORE)--> ""doppler"""
23,73,FR100092,[EVENT_N/A_ACTUAL_POS] --(CONTAINS)--> [EVENT_N/A_ACTUAL_POS] | [EVENT_N/A_ACTUAL_POS] --(BEFORE)--> [EVENT_N/A_ACTUAL_POS],"""appendicite"" --(CONTAINS)--> ""étude"" | ""étude"" --(BEFORE)--> ""suites"""
23,73,FR100120,[EVENT_N/A_ACTUAL_POS] --(CONTAINS)--> [EVENT_N/A_ACTUAL_POS] | [EVENT_N/A_ACTUAL_POS] --(BEFORE)--> [EVENT_N/A_ACTUAL_POS],"""examen"" --(CONTAINS)--> ""reste"" | ""reste"" --(BEFORE)--> ""bilan"""
23,73,FR100130,[EVENT_N/A_ACTUAL_POS] --(CONTAINS)--> [EVENT_N/A_ACTUAL_POS] | [EVENT_N/A_ACTUAL_POS] --(BEFORE)--> [EVENT_N/A_ACTUAL_POS],"""changements"" --(CONTAINS)--> ""examen"" | ""examen"" --(BEFORE)--> ""imagerie"""
23,73,FR100132,[EVENT_N/A_ACTUAL_POS] --(CONTAINS)--> [EVENT_N/A_ACTUAL_POS] | [EVENT_N/A_ACTUAL_POS] --(BEFORE)--> [EVENT_N/A_ACTUAL_POS],"""baisse"" --(CONTAINS)--> ""examen"" | ""examen"" --(BEFORE)--> ""écho-Doppler"""
23,73,FR100142,[EVENT_N/A_ACTUAL_POS] --(CONTAINS)--> [EVENT_N/A_ACTUAL_POS] | [EVENT_N/A_ACTUAL_POS] --(BEFORE)--> [EVENT_N/A_ACTUAL_POS],"""éléments"" --(CONTAINS)--> ""biopsie"" | ""biopsie"" --(BEFORE)--> ""étude"""
23,73,FR100161,[EVENT_N/A_ACTUAL_POS] --(CONTAINS)--> [EVENT_N/A_ACTUAL_POS] | [EVENT_N/A_ACTUAL_POS] --(BEFORE)--> [EVENT_N/A_ACTUAL_POS],"""sérologie"" --(CONTAINS)--> ""examens"" | ""examens"" --(BEFORE)--> ""radiographie"""
23,73,FR100168,[EVENT_N/A_ACTUAL_POS] --(CONTAINS)--> [EVENT_N/A_ACTUAL_POS] | [EVENT_N/A_ACTUAL_POS] --(BEFORE)--> [EVENT_N/A_ACTUAL_POS],"""suites"" --(CONTAINS)--> ""bilan"" | ""bilan"" --(BEFORE)--> ""tests"""
23,73,FR100185,[EVENT_N/A_ACTUAL_POS] --(CONTAINS)--> [EVENT_N/A_ACTUAL_POS] | [EVENT_N/A_ACTUAL_POS] --(BEFORE)--> [EVENT_N/A_ACTUAL_POS],"""abolition"" --(CONTAINS)--> ""Electromyogramme"" | ""Electromyogramme"" --(BEFORE)--> ""IRM"""
23,73,FR100255,[EVENT_N/A_ACTUAL_POS] --(CONTAINS)--> [EVENT_N/A_ACTUAL_POS] | [EVENT_N/A_ACTUAL_POS] --(BEFORE)--> [EVENT_N/A_ACTUAL_POS],"""analgésie"" --(CONTAINS)--> ""expulsé"" | ""expulsé"" --(BEFORE)--> ""contrôle"""
23,73,FR100275,[EVENT_N/A_ACTUAL_POS] --(CONTAINS)--> [EVENT_N/A_ACTUAL_POS] | [EVENT_N/A_ACTUAL_POS] --(BEFORE)--> [EVENT_N/A_ACTUAL_POS],"""voisin"" --(CONTAINS)--> ""arrivée"" | ""arrivée"" --(BEFORE)--> ""établi"""
23,73,FR100276,[EVENT_N/A_ACTUAL_POS] --(CONTAINS)--> [EVENT_N/A_ACTUAL_POS] | [EVENT_N/A_ACTUAL_POS] --(BEFORE)--> [EVENT_N/A_ACTUAL_POS],"""pemphigoïde"" --(CONTAINS)--> ""posé"" | ""posé"" --(BEFORE)--> ""application"""
23,73,FR100282,[EVENT_N/A_ACTUAL_POS] --(CONTAINS)--> [EVENT_N/A_ACTUAL_POS] | [EVENT_N/A_ACTUAL_POS] --(BEFORE)--> [EVENT_N/A_ACTUAL_POS],"""tracé"" --(CONTAINS)--> ""électroencéphalogramme"" | ""électroencéphalogramme"" --(BEFORE)--> ""scanner"""
23,73,FR100283,[EVENT_N/A_ACTUAL_POS] --(CONTAINS)--> [EVENT_N/A_ACTUAL_POS] | [EVENT_N/A_ACTUAL_POS] --(BEFORE)--> [EVENT_N/A_ACTUAL_POS],"""sinusite"" --(CONTAINS)--> ""IRM"" | ""IRM"" --(BEFORE)--> ""hypophysiogramme"""
23,73,FR100296,[EVENT_N/A_ACTUAL_POS] --(CONTAINS)--> [EVENT_N/A_ACTUAL_POS] | [EVENT_N/A_ACTUAL_POS] --(BEFORE)--> [EVENT_N/A_ACTUAL_POS],"""phénomènes"" --(CONTAINS)--> ""examen"" | ""examen"" --(BEFORE)--> ""IRM"""
23,73,FR100314,[EVENT_N/A_ACTUAL_POS] --(CONTAINS)--> [EVENT_N/A_ACTUAL_POS] | [EVENT_N/A_ACTUAL_POS] --(BEFORE)--> [EVENT_N/A_ACTUAL_POS],"""traumatisme"" --(CONTAINS)--> ""admise"" | ""admise"" --(BEFORE)--> ""bilan"""
23,73,FR100344,[EVENT_N/A_ACTUAL_POS] --(CONTAINS)--> [EVENT_N/A_ACTUAL_POS] | [EVENT_N/A_ACTUAL_POS] --(BEFORE)--> [EVENT_N/A_ACTUAL_POS],"""césarienne"" --(CONTAINS)--> ""laissé"" | ""laissé"" --(BEFORE)--> ""délivrance"""
23,73,FR100346,[EVENT_N/A_ACTUAL_POS] --(CONTAINS)--> [EVENT_N/A_ACTUAL_POS] | [EVENT_N/A_ACTUAL_POS] --(BEFORE)--> [EVENT_N/A_ACTUAL_POS],"""lésions"" --(CONTAINS)--> ""angioscanner"" | ""angioscanner"" --(BEFORE)--> ""echo-dopler"""
23,73,FR100360,[EVENT_N/A_ACTUAL_POS] --(CONTAINS)--> [EVENT_N/A_ACTUAL_POS] | [EVENT_N/A_ACTUAL_POS] --(BEFORE)--> [EVENT_N/A_ACTUAL_POS],"""lésion"" --(CONTAINS)--> ""tomodensitométrie"" | ""tomodensitométrie"" --(BEFORE)--> ""complément"""
23,73,FR100361,[EVENT_N/A_ACTUAL_POS] --(CONTAINS)--> [EVENT_N/A_ACTUAL_POS] | [EVENT_N/A_ACTUAL_POS] --(BEFORE)--> [EVENT_N/A_ACTUAL_POS],"""troubles"" --(CONTAINS)--> ""admise"" | ""admise"" --(BEFORE)--> ""examen"""
23,73,FR100371,[EVENT_N/A_ACTUAL_POS] --(CONTAINS)--> [EVENT_N/A_ACTUAL_POS] | [EVENT_N/A_ACTUAL_POS] --(BEFORE)--> [EVENT_N/A_ACTUAL_POS],"""opacité"" --(CONTAINS)--> ""bilan"" | ""bilan"" --(BEFORE)--> ""intervention"""
23,73,FR100400,[EVENT_N/A_ACTUAL_POS] --(CONTAINS)--> [EVENT_N/A_ACTUAL_POS] | [EVENT_N/A_ACTUAL_POS] --(BEFORE)--> [EVENT_N/A_ACTUAL_POS],"""état"" --(CONTAINS)--> ""examen"" | ""examen"" --(BEFORE)--> ""bilan"""
23,73,FR100439,[EVENT_N/A_ACTUAL_POS] --(CONTAINS)--> [EVENT_N/A_ACTUAL_POS] | [EVENT_N/A_ACTUAL_POS] --(BEFORE)--> [EVENT_N/A_ACTUAL_POS],"""anesthésie"" --(CONTAINS)--> ""endoscopie"" | ""endoscopie"" --(BEFORE)--> ""biopsies"""
23,73,FR100453,[EVENT_N/A_ACTUAL_POS] --(CONTAINS)--> [EVENT_N/A_ACTUAL_POS] | [EVENT_N/A_ACTUAL_POS] --(BEFORE)--> [EVENT_N/A_ACTUAL_POS],"""développement"" --(CONTAINS)--> ""examen"" | ""examen"" --(BEFORE)--> ""radiographies"""
23,73,FR100480,[EVENT_N/A_ACTUAL_POS] --(CONTAINS)--> [EVENT_N/A_ACTUAL_POS] | [EVENT_N/A_ACTUAL_POS] --(BEFORE)--> [EVENT_N/A_ACTUAL_POS],"""mélanome"" --(CONTAINS)--> ""analyse"" | ""analyse"" --(BEFORE)--> ""amputation"""
23,73,FR100510,[EVENT_N/A_ACTUAL_POS] --(CONTAINS)--> [EVENT_N/A_ACTUAL_POS] | [EVENT_N/A_ACTUAL_POS] --(BEFORE)--> [EVENT_N/A_ACTUAL_POS],"""kyste"" --(CONTAINS)--> ""biopsie"" | ""biopsie"" --(BEFORE)--> ""décision"""
23,73,FR100515,[EVENT_N/A_ACTUAL_POS] --(CONTAINS)--> [EVENT_N/A_ACTUAL_POS] | [EVENT_N/A_ACTUAL_POS] --(BEFORE)--> [EVENT_N/A_ACTUAL_POS],"""créatine"" --(CONTAINS)--> ""dosage"" | ""dosage"" --(BEFORE)--> ""bilan"""
23,73,FR100517,[EVENT_N/A_ACTUAL_POS] --(CONTAINS)--> [EVENT_N/A_ACTUAL_POS] | [EVENT_N/A_ACTUAL_POS] --(BEFORE)--> [EVENT_N/A_ACTUAL_POS],"""syndrome"" --(CONTAINS)--> ""bilan"" | ""bilan"" --(BEFORE)--> ""électromyogramme"""
23,73,FR100519,[EVENT_N/A_ACTUAL_POS] --(CONTAINS)--> [EVENT_N/A_ACTUAL_POS] | [EVENT_N/A_ACTUAL_POS] --(BEFORE)--> [EVENT_N/A_ACTUAL_POS],"""opacité"" --(CONTAINS)--> ""bilan"" | ""bilan"" --(BEFORE)--> ""angioscanner"""
23,73,FR100579,[EVENT_N/A_ACTUAL_POS] --(CONTAINS)--> [EVENT_N/A_ACTUAL_POS] | [EVENT_N/A_ACTUAL_POS] --(BEFORE)--> [EVENT_N/A_ACTUAL_POS],"""consulte"" --(CONTAINS)--> ""radiographie"" | ""radiographie"" --(BEFORE)--> ""échocardiographie"""
23,73,FR100589,[EVENT_N/A_ACTUAL_POS] --(CONTAINS)--> [EVENT_N/A_ACTUAL_POS] | [EVENT_N/A_ACTUAL_POS] --(BEFORE)--> [EVENT_N/A_ACTUAL_POS],"""pneumopathie"" --(CONTAINS)--> ""diagnostic"" | ""diagnostic"" --(BEFORE)--> ""corticothérapie"""
23,73,FR100597,[EVENT_N/A_ACTUAL_POS] --(CONTAINS)--> [EVENT_N/A_ACTUAL_POS] | [EVENT_N/A_ACTUAL_POS] --(BEFORE)--> [EVENT_N/A_ACTUAL_POS],"""hypervascularisation"" --(CONTAINS)--> ""échographie"" | ""échographie"" --(BEFORE)--> ""complété"""
23,73,FR100603,[EVENT_N/A_ACTUAL_POS] --(CONTAINS)--> [EVENT_N/A_ACTUAL_POS] | [EVENT_N/A_ACTUAL_POS] --(BEFORE)--> [EVENT_N/A_ACTUAL_POS],"""staphylococcus"" --(CONTAINS)--> ""hémocultures"" | ""hémocultures"" --(BEFORE)--> ""évolution"""
23,73,FR100611,[EVENT_N/A_ACTUAL_POS] --(CONTAINS)--> [EVENT_N/A_ACTUAL_POS] | [EVENT_N/A_ACTUAL_POS] --(BEFORE)--> [EVENT_N/A_ACTUAL_POS],"""épaississement"" --(CONTAINS)--> ""IRM"" | ""IRM"" --(BEFORE)--> ""étude"""
23,73,FR100614,[EVENT_N/A_ACTUAL_POS] --(CONTAINS)--> [EVENT_N/A_ACTUAL_POS] | [EVENT_N/A_ACTUAL_POS] --(BEFORE)--> [EVENT_N/A_ACTUAL_POS],"""kyste"" --(CONTAINS)--> ""exploration"" | ""exploration"" --(BEFORE)--> ""rupture"""
23,73,FR100620,[EVENT_N/A_ACTUAL_POS] --(CONTAINS)--> [EVENT_N/A_ACTUAL_POS] | [EVENT_N/A_ACTUAL_POS] --(BEFORE)--> [EVENT_N/A_ACTUAL_POS],"""aspect"" --(CONTAINS)--> ""bronchoscopie"" | ""bronchoscopie"" --(BEFORE)--> ""bilan"""
23,73,FR100623,[EVENT_N/A_ACTUAL_POS] --(CONTAINS)--> [EVENT_N/A_ACTUAL_POS] | [EVENT_N/A_ACTUAL_POS] --(BEFORE)--> [EVENT_N/A_ACTUAL_POS],"""matières"" --(CONTAINS)--> ""consulté"" | ""consulté"" --(BEFORE)--> ""examen"""
23,73,FR100629,[EVENT_N/A_ACTUAL_POS] --(CONTAINS)--> [EVENT_N/A_ACTUAL_POS] | [EVENT_N/A_ACTUAL_POS] --(BEFORE)--> [EVENT_N/A_ACTUAL_POS],"""syndrome"" --(CONTAINS)--> ""examen"" | ""examen"" --(BEFORE)--> ""radiographie"""
23,73,FR100632,[EVENT_N/A_ACTUAL_POS] --(CONTAINS)--> [EVENT_N/A_ACTUAL_POS] | [EVENT_N/A_ACTUAL_POS] --(BEFORE)--> [EVENT_N/A_ACTUAL_POS],"""glycorachie"" --(CONTAINS)--> ""étude"" | ""étude"" --(BEFORE)--> ""numération"""
23,73,FR100658,[EVENT_N/A_ACTUAL_POS] --(CONTAINS)--> [EVENT_N/A_ACTUAL_POS] | [EVENT_N/A_ACTUAL_POS] --(BEFORE)--> [EVENT_N/A_ACTUAL_POS],"""eupnéique"" --(CONTAINS)--> ""examen"" | ""examen"" --(BEFORE)--> ""laryngoscopie"""
23,73,FR100663,[EVENT_N/A_ACTUAL_POS] --(CONTAINS)--> [EVENT_N/A_ACTUAL_POS] | [EVENT_N/A_ACTUAL_POS] --(BEFORE)--> [EVENT_N/A_ACTUAL_POS],"""grossesse"" --(CONTAINS)--> ""examen"" | ""examen"" --(BEFORE)--> ""examen"""
23,73,FR100666,[EVENT_N/A_ACTUAL_POS] --(CONTAINS)--> [EVENT_N/A_ACTUAL_POS] | [EVENT_N/A_ACTUAL_POS] --(BEFORE)--> [EVENT_N/A_ACTUAL_POS],"""asymétrie"" --(CONTAINS)--> ""examen"" | ""examen"" --(BEFORE)--> ""examen"""
23,73,FR100683,[EVENT_N/A_ACTUAL_POS] --(CONTAINS)--> [EVENT_N/A_ACTUAL_POS] | [EVENT_N/A_ACTUAL_POS] --(BEFORE)--> [EVENT_N/A_ACTUAL_POS],"""T score"" --(CONTAINS)--> ""osteodensitométrie"" | ""osteodensitométrie"" --(BEFORE)--> ""traitée"""
23,73,FR100688,[EVENT_N/A_ACTUAL_POS] --(CONTAINS)--> [EVENT_N/A_ACTUAL_POS] | [EVENT_N/A_ACTUAL_POS] --(BEFORE)--> [EVENT_N/A_ACTUAL_POS],"""poids"" --(CONTAINS)--> ""examen"" | ""examen"" --(BEFORE)--> ""examen"""
23,73,FR100689,[EVENT_N/A_ACTUAL_POS] --(CONTAINS)--> [EVENT_N/A_ACTUAL_POS] | [EVENT_N/A_ACTUAL_POS] --(BEFORE)--> [EVENT_N/A_ACTUAL_POS],"""opacités"" --(CONTAINS)--> ""scanner"" | ""scanner"" --(BEFORE)--> ""hémogramme"""
23,73,FR100697,[EVENT_N/A_ACTUAL_POS] --(CONTAINS)--> [EVENT_N/A_ACTUAL_POS] | [EVENT_N/A_ACTUAL_POS] --(BEFORE)--> [EVENT_N/A_ACTUAL_POS],"""lymphome"" --(CONTAINS)--> ""tout"" | ""tout"" --(BEFORE)--> ""bilan"""
23,73,FR100708,[EVENT_N/A_ACTUAL_POS] --(CONTAINS)--> [EVENT_N/A_ACTUAL_POS] | [EVENT_N/A_ACTUAL_POS] --(BEFORE)--> [EVENT_N/A_ACTUAL_POS],"""consulté"" --(CONTAINS)--> ""examen"" | ""examen"" --(BEFORE)--> ""mammographie"""
23,73,FR100717,[EVENT_N/A_ACTUAL_POS] --(CONTAINS)--> [EVENT_N/A_ACTUAL_POS] | [EVENT_N/A_ACTUAL_POS] --(BEFORE)--> [EVENT_N/A_ACTUAL_POS],"""Lasègue"" --(CONTAINS)--> ""examen"" | ""examen"" --(BEFORE)--> ""examens"""
23,73,FR100748,[EVENT_N/A_ACTUAL_POS] --(CONTAINS)--> [EVENT_N/A_ACTUAL_POS] | [EVENT_N/A_ACTUAL_POS] --(BEFORE)--> [EVENT_N/A_ACTUAL_POS],"""hospitalisation"" --(CONTAINS)--> ""indication"" | ""indication"" --(BEFORE)--> ""consultation"""
23,73,FR100766,[EVENT_N/A_ACTUAL_POS] --(CONTAINS)--> [EVENT_N/A_ACTUAL_POS] | [EVENT_N/A_ACTUAL_POS] --(BEFORE)--> [EVENT_N/A_ACTUAL_POS],"""opéré"" --(CONTAINS)--> ""amputation"" | ""amputation"" --(BEFORE)--> ""décision"""
23,73,FR100780,[EVENT_N/A_ACTUAL_POS] --(CONTAINS)--> [EVENT_N/A_ACTUAL_POS] | [EVENT_N/A_ACTUAL_POS] --(BEFORE)--> [EVENT_N/A_ACTUAL_POS],"""orientée"" --(CONTAINS)--> ""examen"" | ""examen"" --(BEFORE)--> ""toucher"""
23,73,FR100806,[EVENT_N/A_ACTUAL_POS] --(CONTAINS)--> [EVENT_N/A_ACTUAL_POS] | [EVENT_N/A_ACTUAL_POS] --(BEFORE)--> [EVENT_N/A_ACTUAL_POS],"""état"" --(CONTAINS)--> ""examen"" | ""examen"" --(BEFORE)--> ""biologie"""
23,73,FR100814,[EVENT_N/A_ACTUAL_POS] --(CONTAINS)--> [EVENT_N/A_ACTUAL_POS] | [EVENT_N/A_ACTUAL_POS] --(BEFORE)--> [EVENT_N/A_ACTUAL_POS],"""processus"" --(CONTAINS)--> ""IRM"" | ""IRM"" --(BEFORE)--> ""diagnostic"""
23,73,FR100826,[EVENT_N/A_ACTUAL_POS] --(CONTAINS)--> [EVENT_N/A_ACTUAL_POS] | [EVENT_N/A_ACTUAL_POS] --(BEFORE)--> [EVENT_N/A_ACTUAL_POS],"""qualité"" --(CONTAINS)--> ""retenue"" | ""retenue"" --(BEFORE)--> ""exploration"""
23,73,FR100845,[EVENT_N/A_ACTUAL_POS] --(CONTAINS)--> [EVENT_N/A_ACTUAL_POS] | [EVENT_N/A_ACTUAL_POS] --(BEFORE)--> [EVENT_N/A_ACTUAL_POS],"""hauteur"" --(CONTAINS)--> ""examen"" | ""examen"" --(BEFORE)--> ""échographie"""
23,73,FR100849,[EVENT_N/A_ACTUAL_POS] --(CONTAINS)--> [EVENT_N/A_ACTUAL_POS] | [EVENT_N/A_ACTUAL_POS] --(BEFORE)--> [EVENT_N/A_ACTUAL_POS],"""appendagite"" --(CONTAINS)--> ""tomodensitométrie"" | ""tomodensitométrie"" --(BEFORE)--> ""acheminé"""
23,73,FR100870,[EVENT_N/A_ACTUAL_POS] --(CONTAINS)--> [EVENT_N/A_ACTUAL_POS] | [EVENT_N/A_ACTUAL_POS] --(BEFORE)--> [EVENT_N/A_ACTUAL_POS],"""anémie"" --(CONTAINS)--> ""hémogramme"" | ""hémogramme"" --(BEFORE)--> ""bilan"""
23,73,FR100874,[EVENT_N/A_ACTUAL_POS] --(CONTAINS)--> [EVENT_N/A_ACTUAL_POS] | [EVENT_N/A_ACTUAL_POS] --(BEFORE)--> [EVENT_N/A_ACTUAL_POS],"""perte"" --(CONTAINS)--> ""examen"" | ""examen"" --(BEFORE)--> ""hémogramme"""
23,73,FR100882,[EVENT_N/A_ACTUAL_POS] --(CONTAINS)--> [EVENT_N/A_ACTUAL_POS] | [EVENT_N/A_ACTUAL_POS] --(BEFORE)--> [EVENT_N/A_ACTUAL_POS],"""troubles"" --(CONTAINS)--> ""admise"" | ""admise"" --(BEFORE)--> ""examen"""
23,73,FR100883,[EVENT_N/A_ACTUAL_POS] --(CONTAINS)--> [EVENT_N/A_ACTUAL_POS] | [EVENT_N/A_ACTUAL_POS] --(BEFORE)--> [EVENT_N/A_ACTUAL_POS],"""admission"" --(CONTAINS)--> ""TDM"" | ""TDM"" --(BEFORE)--> ""biopsie"""
23,73,FR100894,[EVENT_N/A_ACTUAL_POS] --(CONTAINS)--> [EVENT_N/A_ACTUAL_POS] | [EVENT_N/A_ACTUAL_POS] --(BEFORE)--> [EVENT_N/A_ACTUAL_POS],"""reçu"" --(CONTAINS)--> ""appuyés"" | ""appuyés"" --(BEFORE)--> ""diagnostic"""
23,73,FR100903,[EVENT_N/A_ACTUAL_POS] --(CONTAINS)--> [EVENT_N/A_ACTUAL_POS] | [EVENT_N/A_ACTUAL_POS] --(BEFORE)--> [EVENT_N/A_ACTUAL_POS],"""allongés"" --(CONTAINS)--> ""échographie"" | ""échographie"" --(BEFORE)--> ""IRM"""
23,73,FR100921,[EVENT_N/A_ACTUAL_POS] --(CONTAINS)--> [EVENT_N/A_ACTUAL_POS] | [EVENT_N/A_ACTUAL_POS] --(BEFORE)--> [EVENT_N/A_ACTUAL_POS],"""signe"" --(CONTAINS)--> ""palpation"" | ""palpation"" --(BEFORE)--> ""imagerie"""
23,73,FR100930,[EVENT_N/A_ACTUAL_POS] --(CONTAINS)--> [EVENT_N/A_ACTUAL_POS] | [EVENT_N/A_ACTUAL_POS] --(BEFORE)--> [EVENT_N/A_ACTUAL_POS],"""trouble"" --(CONTAINS)--> ""admis"" | ""admis"" --(BEFORE)--> ""rapportons"""
23,73,FR100944,[EVENT_N/A_ACTUAL_POS] --(CONTAINS)--> [EVENT_N/A_ACTUAL_POS] | [EVENT_N/A_ACTUAL_POS] --(BEFORE)--> [EVENT_N/A_ACTUAL_POS],"""fuite"" --(CONTAINS)--> ""échocardiographique"" | ""échocardiographique"" --(BEFORE)--> ""remplacement"""
23,73,FR100946,[EVENT_N/A_ACTUAL_POS] --(CONTAINS)--> [EVENT_N/A_ACTUAL_POS] | [EVENT_N/A_ACTUAL_POS] --(BEFORE)--> [EVENT_N/A_ACTUAL_POS],"""tumeur"" --(CONTAINS)--> ""analyse"" | ""analyse"" --(BEFORE)--> ""mise"""
23,73,FR100959,[EVENT_N/A_ACTUAL_POS] --(CONTAINS)--> [EVENT_N/A_ACTUAL_POS] | [EVENT_N/A_ACTUAL_POS] --(BEFORE)--> [EVENT_N/A_ACTUAL_POS],"""orifice"" --(CONTAINS)--> ""Transit"" | ""Transit"" --(BEFORE)--> ""notée"""
23,73,FR100979,[EVENT_N/A_ACTUAL_POS] --(CONTAINS)--> [EVENT_N/A_ACTUAL_POS] | [EVENT_N/A_ACTUAL_POS] --(BEFORE)--> [EVENT_N/A_ACTUAL_POS],"""grossesse"" --(CONTAINS)--> ""admise"" | ""admise"" --(BEFORE)--> ""accident"""
23,73,FR100986,[EVENT_N/A_ACTUAL_POS] --(CONTAINS)--> [EVENT_N/A_ACTUAL_POS] | [EVENT_N/A_ACTUAL_POS] --(BEFORE)--> [EVENT_N/A_ACTUAL_POS],"""drépanocytose"" --(CONTAINS)--> ""découverte"" | ""découverte"" --(BEFORE)--> ""rapportons"""
23,73,FR100996,[EVENT_N/A_ACTUAL_POS] --(CONTAINS)--> [EVENT_N/A_ACTUAL_POS] | [EVENT_N/A_ACTUAL_POS] --(BEFORE)--> [EVENT_N/A_ACTUAL_POS],"""paroi"" --(CONTAINS)--> ""injection"" | ""injection"" --(BEFORE)--> ""retenu"""
23,73,FR100998,[EVENT_N/A_ACTUAL_POS] --(CONTAINS)--> [EVENT_N/A_ACTUAL_POS] | [EVENT_N/A_ACTUAL_POS] --(BEFORE)--> [EVENT_N/A_ACTUAL_POS],"""lésions"" --(CONTAINS)--> ""diagnostic"" | ""diagnostic"" --(BEFORE)--> ""traitée"""
128,71,FR100003,[EVENT_N/A_ACTUAL_POS] --(BEFORE)--> [EVENT_N/A_ACTUAL_POS] | [EVENT_N/A_ACTUAL_POS] --(BEFORE)--> [EVENT_N/A_ACTUAL_POS],"""injection"" --(BEFORE)--> ""ponction"" | ""ponction"" --(BEFORE)--> ""examen"""
128,71,FR100078,[EVENT_N/A_ACTUAL_POS] --(BEFORE)--> [EVENT_N/A_ACTUAL_POS] | [EVENT_N/A_ACTUAL_POS] --(BEFORE)--> [EVENT_N/A_ACTUAL_POS],"""examen"" --(BEFORE)--> ""doppler"" | ""doppler"" --(BEFORE)--> ""doppler"""
128,71,FR100092,[EVENT_N/A_ACTUAL_POS] --(BEFORE)--> [EVENT_N/A_ACTUAL_POS] | [EVENT_N/A_ACTUAL_POS] --(BEFORE)--> [EVENT_N/A_ACTUAL_POS],"""examen"" --(BEFORE)--> ""examen"" | ""examen"" --(BEFORE)--> ""échographie"""
128,71,FR100120,[EVENT_N/A_ACTUAL_POS] --(BEFORE)--> [EVENT_N/A_ACTUAL_POS] | [EVENT_N/A_ACTUAL_POS] --(BEFORE)--> [EVENT_N/A_ACTUAL_POS],"""traitement"" --(BEFORE)--> ""retirées"" | ""retirées"" --(BEFORE)--> ""conclure"""
128,71,FR100130,[EVENT_N/A_ACTUAL_POS] --(BEFORE)--> [EVENT_N/A_ACTUAL_POS] | [EVENT_N/A_ACTUAL_POS] --(BEFORE)--> [EVENT_N/A_ACTUAL_POS],"""confirmé"" --(BEFORE)--> ""recherche"" | ""recherche"" --(BEFORE)--> ""séjour"""
128,71,FR100132,[EVENT_N/A_ACTUAL_POS] --(BEFORE)--> [EVENT_N/A_ACTUAL_POS] | [EVENT_N/A_ACTUAL_POS] --(BEFORE)--> [EVENT_N/A_ACTUAL_POS],"""histologie"" --(BEFORE)--> ""examen"" | ""examen"" --(BEFORE)--> ""écho-Doppler"""
128,71,FR100142,[EVENT_N/A_ACTUAL_POS] --(BEFORE)--> [EVENT_N/A_ACTUAL_POS] | [EVENT_N/A_ACTUAL_POS] --(BEFORE)--> [EVENT_N/A_ACTUAL_POS],"""électrophorèse"" --(BEFORE)--> ""scanner"" | ""scanner"" --(BEFORE)--> ""fibroscopie"""
128,71,FR100161,[EVENT_N/A_ACTUAL_POS] --(BEFORE)--> [EVENT_N/A_ACTUAL_POS] | [EVENT_N/A_ACTUAL_POS] --(BEFORE)--> [EVENT_N/A_ACTUAL_POS],"""examens"" --(BEFORE)--> ""radiographie"" | ""radiographie"" --(BEFORE)--> ""échographie"""
128,71,FR100168,[EVENT_N/A_ACTUAL_POS] --(BEFORE)--> [EVENT_N/A_ACTUAL_POS] | [EVENT_N/A_ACTUAL_POS] --(BEFORE)--> [EVENT_N/A_ACTUAL_POS],"""bilan"" --(BEFORE)--> ""tests"" | ""tests"" --(BEFORE)--> ""entretien"""
128,71,FR100255,[EVENT_N/A_ACTUAL_POS] --(BEFORE)--> [EVENT_N/A_ACTUAL_POS] | [EVENT_N/A_ACTUAL_POS] --(BEFORE)--> [EVENT_N/A_ACTUAL_POS],"""réveillée"" --(BEFORE)--> ""radio"" | ""radio"" --(BEFORE)--> ""TDM"""
128,71,FR100275,[EVENT_N/A_ACTUAL_POS] --(BEFORE)--> [EVENT_N/A_ACTUAL_POS] | [EVENT_N/A_ACTUAL_POS] --(BEFORE)--> [EVENT_N/A_ACTUAL_POS],"""découverte"" --(BEFORE)--> ""arrivée"" | ""arrivée"" --(BEFORE)--> ""établi"""
128,71,FR100276,[EVENT_N/A_ACTUAL_POS] --(BEFORE)--> [EVENT_N/A_ACTUAL_POS] | [EVENT_N/A_ACTUAL_POS] --(BEFORE)--> [EVENT_N/A_ACTUAL_POS],"""biopsie"" --(BEFORE)--> ""posé"" | ""posé"" --(BEFORE)--> ""application"""
128,71,FR100282,[EVENT_N/A_ACTUAL_POS] --(BEFORE)--> [EVENT_N/A_ACTUAL_POS] | [EVENT_N/A_ACTUAL_POS] --(BEFORE)--> [EVENT_N/A_ACTUAL_POS],"""examen"" --(BEFORE)--> ""électroencéphalogramme"" | ""électroencéphalogramme"" --(BEFORE)--> ""scanner"""
128,71,FR100283,[EVENT_N/A_ACTUAL_POS] --(BEFORE)--> [EVENT_N/A_ACTUAL_POS] | [EVENT_N/A_ACTUAL_POS] --(BEFORE)--> [EVENT_N/A_ACTUAL_POS],"""hypophysiogramme"" --(BEFORE)--> ""traitement"" | ""traitement"" --(BEFORE)--> ""évolution"""
128,71,FR100296,[EVENT_N/A_ACTUAL_POS] --(BEFORE)--> [EVENT_N/A_ACTUAL_POS] | [EVENT_N/A_ACTUAL_POS] --(BEFORE)--> [EVENT_N/A_ACTUAL_POS],"""fenestration"" --(BEFORE)--> ""suites"" | ""suites"" --(BEFORE)--> ""exéaté"""
128,71,FR100314,[EVENT_N/A_ACTUAL_POS] --(BEFORE)--> [EVENT_N/A_ACTUAL_POS] | [EVENT_N/A_ACTUAL_POS] --(BEFORE)--> [EVENT_N/A_ACTUAL_POS],"""signes"" --(BEFORE)--> ""angio-scanner"" | ""angio-scanner"" --(BEFORE)--> ""amputation"""
128,71,FR100344,[EVENT_N/A_ACTUAL_POS] --(BEFORE)--> [EVENT_N/A_ACTUAL_POS] | [EVENT_N/A_ACTUAL_POS] --(BEFORE)--> [EVENT_N/A_ACTUAL_POS],"""bilan"" --(BEFORE)--> ""contrôle"" | ""contrôle"" --(BEFORE)--> ""échographies"""
128,71,FR100346,[EVENT_N/A_ACTUAL_POS] --(BEFORE)--> [EVENT_N/A_ACTUAL_POS] | [EVENT_N/A_ACTUAL_POS] --(BEFORE)--> [EVENT_N/A_ACTUAL_POS],"""gazométrie"" --(BEFORE)--> ""reste"" | ""reste"" --(BEFORE)--> ""radiographie"""
128,71,FR100360,[EVENT_N/A_ACTUAL_POS] --(BEFORE)--> [EVENT_N/A_ACTUAL_POS] | [EVENT_N/A_ACTUAL_POS] --(BEFORE)--> [EVENT_N/A_ACTUAL_POS],"""tomodensitométrie"" --(BEFORE)--> ""complément"" | ""complément"" --(BEFORE)--> ""biopsie"""
128,71,FR100361,[EVENT_N/A_ACTUAL_POS] --(BEFORE)--> [EVENT_N/A_ACTUAL_POS] | [EVENT_N/A_ACTUAL_POS] --(BEFORE)--> [EVENT_N/A_ACTUAL_POS],"""scanner"" --(BEFORE)--> ""IRM"" | ""IRM"" --(BEFORE)--> ""MR"""
128,71,FR100371,[EVENT_N/A_ACTUAL_POS] --(BEFORE)--> [EVENT_N/A_ACTUAL_POS] | [EVENT_N/A_ACTUAL_POS] --(BEFORE)--> [EVENT_N/A_ACTUAL_POS],"""bilan"" --(BEFORE)--> ""bilan"" | ""bilan"" --(BEFORE)--> ""intervention"""
128,71,FR100400,[EVENT_N/A_ACTUAL_POS] --(BEFORE)--> [EVENT_N/A_ACTUAL_POS] | [EVENT_N/A_ACTUAL_POS] --(BEFORE)--> [EVENT_N/A_ACTUAL_POS],"""histoire"" --(BEFORE)--> ""examen"" | ""examen"" --(BEFORE)--> ""bilan"""
128,71,FR100439,[EVENT_N/A_ACTUAL_POS] --(BEFORE)--> [EVENT_N/A_ACTUAL_POS] | [EVENT_N/A_ACTUAL_POS] --(BEFORE)--> [EVENT_N/A_ACTUAL_POS],"""prélèvements"" --(BEFORE)--> ""IRM"" | ""IRM"" --(BEFORE)--> ""scanner"""
128,71,FR100448,[EVENT_N/A_ACTUAL_POS] --(BEFORE)--> [EVENT_N/A_ACTUAL_POS] | [EVENT_N/A_ACTUAL_POS] --(BEFORE)--> [EVENT_N/A_ACTUAL_POS],"""échotomographie"" --(BEFORE)--> ""hémi thyroïdectomie"" | ""hémi thyroïdectomie"" --(BEFORE)--> ""examen"""
128,71,FR100480,[EVENT_N/A_ACTUAL_POS] --(BEFORE)--> [EVENT_N/A_ACTUAL_POS] | [EVENT_N/A_ACTUAL_POS] --(BEFORE)--> [EVENT_N/A_ACTUAL_POS],"""amputation"" --(BEFORE)--> ""examen"" | ""examen"" --(BEFORE)--> ""bilan"""
128,71,FR100510,[EVENT_N/A_ACTUAL_POS] --(BEFORE)--> [EVENT_N/A_ACTUAL_POS] | [EVENT_N/A_ACTUAL_POS] --(BEFORE)--> [EVENT_N/A_ACTUAL_POS],"""résection"" --(BEFORE)--> ""examen"" | ""examen"" --(BEFORE)--> ""examen"""
128,71,FR100515,[EVENT_N/A_ACTUAL_POS] --(BEFORE)--> [EVENT_N/A_ACTUAL_POS] | [EVENT_N/A_ACTUAL_POS] --(BEFORE)--> [EVENT_N/A_ACTUAL_POS],"""bilan"" --(BEFORE)--> ""bilan"" | ""bilan"" --(BEFORE)--> ""prescrits"""
128,71,FR100517,[EVENT_N/A_ACTUAL_POS] --(BEFORE)--> [EVENT_N/A_ACTUAL_POS] | [EVENT_N/A_ACTUAL_POS] --(BEFORE)--> [EVENT_N/A_ACTUAL_POS],"""électromyogramme"" --(BEFORE)--> ""bilan"" | ""bilan"" --(BEFORE)--> ""explorations"""
128,71,FR100519,[EVENT_N/A_ACTUAL_POS] --(BEFORE)--> [EVENT_N/A_ACTUAL_POS] | [EVENT_N/A_ACTUAL_POS] --(BEFORE)--> [EVENT_N/A_ACTUAL_POS],"""transfusion"" --(BEFORE)--> ""tomodensitométrie"" | ""tomodensitométrie"" --(BEFORE)--> ""laparotomie"""
128,71,FR100579,[EVENT_N/A_ACTUAL_POS] --(BEFORE)--> [EVENT_N/A_ACTUAL_POS] | [EVENT_N/A_ACTUAL_POS] --(BEFORE)--> [EVENT_N/A_ACTUAL_POS],"""radiographie"" --(BEFORE)--> ""échocardiographie"" | ""échocardiographie"" --(BEFORE)--> ""angio-scanner"""
128,71,FR100589,[EVENT_N/A_ACTUAL_POS] --(BEFORE)--> [EVENT_N/A_ACTUAL_POS] | [EVENT_N/A_ACTUAL_POS] --(BEFORE)--> [EVENT_N/A_ACTUAL_POS],"""lavage"" --(BEFORE)--> ""biopsies"" | ""biopsies"" --(BEFORE)--> ""exploration"""
128,71,FR100597,[EVENT_N/A_ACTUAL_POS] --(BEFORE)--> [EVENT_N/A_ACTUAL_POS] | [EVENT_N/A_ACTUAL_POS] --(BEFORE)--> [EVENT_N/A_ACTUAL_POS],"""marqueurs"" --(BEFORE)--> ""décidée"" | ""décidée"" --(BEFORE)--> ""laparotomie"""
128,71,FR100603,[EVENT_N/A_ACTUAL_POS] --(BEFORE)--> [EVENT_N/A_ACTUAL_POS] | [EVENT_N/A_ACTUAL_POS] --(BEFORE)--> [EVENT_N/A_ACTUAL_POS],"""chirurgie"" --(BEFORE)--> ""hémocultures"" | ""hémocultures"" --(BEFORE)--> ""évolution"""
128,71,FR100611,[EVENT_N/A_ACTUAL_POS] --(BEFORE)--> [EVENT_N/A_ACTUAL_POS] | [EVENT_N/A_ACTUAL_POS] --(BEFORE)--> [EVENT_N/A_ACTUAL_POS],"""examen"" --(BEFORE)--> ""PCR"" | ""PCR"" --(BEFORE)--> ""TDM"""
128,71,FR100614,[EVENT_N/A_ACTUAL_POS] --(BEFORE)--> [EVENT_N/A_ACTUAL_POS] | [EVENT_N/A_ACTUAL_POS] --(BEFORE)--> [EVENT_N/A_ACTUAL_POS],"""suites"" --(BEFORE)--> ""sérologie"" | ""sérologie"" --(BEFORE)--> ""traitement"""
128,71,FR100620,[EVENT_N/A_ACTUAL_POS] --(BEFORE)--> [EVENT_N/A_ACTUAL_POS] | [EVENT_N/A_ACTUAL_POS] --(BEFORE)--> [EVENT_N/A_ACTUAL_POS],"""radiographie"" --(BEFORE)--> ""demandé"" | ""demandé"" --(BEFORE)--> ""complément"""
128,71,FR100623,[EVENT_N/A_ACTUAL_POS] --(BEFORE)--> [EVENT_N/A_ACTUAL_POS] | [EVENT_N/A_ACTUAL_POS] --(BEFORE)--> [EVENT_N/A_ACTUAL_POS],"""tomodensitométrie"" --(BEFORE)--> ""retenu"" | ""retenu"" --(BEFORE)--> ""prise"""
128,71,FR100629,[EVENT_N/A_ACTUAL_POS] --(BEFORE)--> [EVENT_N/A_ACTUAL_POS] | [EVENT_N/A_ACTUAL_POS] --(BEFORE)--> [EVENT_N/A_ACTUAL_POS],"""bilan"" --(BEFORE)--> ""décision"" | ""décision"" --(BEFORE)--> ""chimiothérapie"""
128,71,FR100632,[EVENT_N/A_ACTUAL_POS] --(BEFORE)--> [EVENT_N/A_ACTUAL_POS] | [EVENT_N/A_ACTUAL_POS] --(BEFORE)--> [EVENT_N/A_ACTUAL_POS],"""IRM"" --(BEFORE)--> ""étude"" | ""étude"" --(BEFORE)--> ""numération"""
128,71,FR100658,[EVENT_N/A_ACTUAL_POS] --(BEFORE)--> [EVENT_N/A_ACTUAL_POS] | [EVENT_N/A_ACTUAL_POS] --(BEFORE)--> [EVENT_N/A_ACTUAL_POS],"""monitorage"" --(BEFORE)--> ""prise"" | ""prise"" --(BEFORE)--> ""anesthésie"""
128,71,FR100663,[EVENT_N/A_ACTUAL_POS] --(BEFORE)--> [EVENT_N/A_ACTUAL_POS] | [EVENT_N/A_ACTUAL_POS] --(BEFORE)--> [EVENT_N/A_ACTUAL_POS],"""ligature"" --(BEFORE)--> ""incisée"" | ""incisée"" --(BEFORE)--> ""vérifié"""
128,71,FR100666,[EVENT_N/A_ACTUAL_POS] --(BEFORE)--> [EVENT_N/A_ACTUAL_POS] | [EVENT_N/A_ACTUAL_POS] --(BEFORE)--> [EVENT_N/A_ACTUAL_POS],"""étude"" --(BEFORE)--> ""adressé"" | ""adressé"" --(BEFORE)--> ""bilan"""
128,71,FR100683,[EVENT_N/A_ACTUAL_POS] --(BEFORE)--> [EVENT_N/A_ACTUAL_POS] | [EVENT_N/A_ACTUAL_POS] --(BEFORE)--> [EVENT_N/A_ACTUAL_POS],"""exploration"" --(BEFORE)--> ""IRM"" | ""IRM"" --(BEFORE)--> ""écho-mammographie"""
128,71,FR100688,[EVENT_N/A_ACTUAL_POS] --(BEFORE)--> [EVENT_N/A_ACTUAL_POS] | [EVENT_N/A_ACTUAL_POS] --(BEFORE)--> [EVENT_N/A_ACTUAL_POS],"""radiographie"" --(BEFORE)--> ""incision"" | ""incision"" --(BEFORE)--> ""analyse"""
128,71,FR100689,[EVENT_N/A_ACTUAL_POS] --(BEFORE)--> [EVENT_N/A_ACTUAL_POS] | [EVENT_N/A_ACTUAL_POS] --(BEFORE)--> [EVENT_N/A_ACTUAL_POS],"""ionogramme"" --(BEFORE)--> ""examen"" | ""examen"" --(BEFORE)--> ""sérologie"""
128,71,FR100697,[EVENT_N/A_ACTUAL_POS] --(BEFORE)--> [EVENT_N/A_ACTUAL_POS] | [EVENT_N/A_ACTUAL_POS] --(BEFORE)--> [EVENT_N/A_ACTUAL_POS],"""palpation"" --(BEFORE)--> ""examen"" | ""examen"" --(BEFORE)--> ""mammographie"""
128,71,FR100708,[EVENT_N/A_ACTUAL_POS] --(BEFORE)--> [EVENT_N/A_ACTUAL_POS] | [EVENT_N/A_ACTUAL_POS] --(BEFORE)--> [EVENT_N/A_ACTUAL_POS],"""mammographie"" --(BEFORE)--> ""échographie"" | ""échographie"" --(BEFORE)--> ""ponction"""
128,71,FR100717,[EVENT_N/A_ACTUAL_POS] --(BEFORE)--> [EVENT_N/A_ACTUAL_POS] | [EVENT_N/A_ACTUAL_POS] --(BEFORE)--> [EVENT_N/A_ACTUAL_POS],"""traitement"" --(BEFORE)--> ""examen"" | ""examen"" --(BEFORE)--> ""examens"""
128,71,FR100748,[EVENT_N/A_ACTUAL_POS] --(BEFORE)--> [EVENT_N/A_ACTUAL_POS] | [EVENT_N/A_ACTUAL_POS] --(BEFORE)--> [EVENT_N/A_ACTUAL_POS],"""mobilisation"" --(BEFORE)--> ""suites"" | ""suites"" --(BEFORE)--> ""transférée"""
128,71,FR100766,[EVENT_N/A_ACTUAL_POS] --(BEFORE)--> [EVENT_N/A_ACTUAL_POS] | [EVENT_N/A_ACTUAL_POS] --(BEFORE)--> [EVENT_N/A_ACTUAL_POS],"""examen"" --(BEFORE)--> ""hospitalisation"" | ""hospitalisation"" --(BEFORE)--> ""traitement"""
128,71,FR100780,[EVENT_N/A_ACTUAL_POS] --(BEFORE)--> [EVENT_N/A_ACTUAL_POS] | [EVENT_N/A_ACTUAL_POS] --(BEFORE)--> [EVENT_N/A_ACTUAL_POS],"""admise"" --(BEFORE)--> ""examen"" | ""examen"" --(BEFORE)--> ""toucher"""
128,71,FR100806,[EVENT_N/A_ACTUAL_POS] --(BEFORE)--> [EVENT_N/A_ACTUAL_POS] | [EVENT_N/A_ACTUAL_POS] --(BEFORE)--> [EVENT_N/A_ACTUAL_POS],"""examen"" --(BEFORE)--> ""biologie"" | ""biologie"" --(BEFORE)--> ""hospitalisée"""
128,71,FR100814,[EVENT_N/A_ACTUAL_POS] --(BEFORE)--> [EVENT_N/A_ACTUAL_POS] | [EVENT_N/A_ACTUAL_POS] --(BEFORE)--> [EVENT_N/A_ACTUAL_POS],"""diagnostic"" --(BEFORE)--> ""réséquée"" | ""réséquée"" --(BEFORE)--> ""examen"""
128,71,FR100826,[EVENT_N/A_ACTUAL_POS] --(BEFORE)--> [EVENT_N/A_ACTUAL_POS] | [EVENT_N/A_ACTUAL_POS] --(BEFORE)--> [EVENT_N/A_ACTUAL_POS],"""examen"" --(BEFORE)--> ""bilan"" | ""bilan"" --(BEFORE)--> ""bilan"""
128,71,FR100845,[EVENT_N/A_ACTUAL_POS] --(BEFORE)--> [EVENT_N/A_ACTUAL_POS] | [EVENT_N/A_ACTUAL_POS] --(BEFORE)--> [EVENT_N/A_ACTUAL_POS],"""Consulte"" --(BEFORE)--> ""examen"" | ""examen"" --(BEFORE)--> ""examen"""
128,71,FR100849,[EVENT_N/A_ACTUAL_POS] --(BEFORE)--> [EVENT_N/A_ACTUAL_POS] | [EVENT_N/A_ACTUAL_POS] --(BEFORE)--> [EVENT_N/A_ACTUAL_POS],"""admission"" --(BEFORE)--> ""tomodensitométrie"" | ""tomodensitométrie"" --(BEFORE)--> ""acheminé"""
128,71,FR100870,[EVENT_N/A_ACTUAL_POS] --(BEFORE)--> [EVENT_N/A_ACTUAL_POS] | [EVENT_N/A_ACTUAL_POS] --(BEFORE)--> [EVENT_N/A_ACTUAL_POS],"""retenu"" --(BEFORE)--> ""radiothérapie"" | ""radiothérapie"" --(BEFORE)--> ""admis"""
128,71,FR100874,[EVENT_N/A_ACTUAL_POS] --(BEFORE)--> [EVENT_N/A_ACTUAL_POS] | [EVENT_N/A_ACTUAL_POS] --(BEFORE)--> [EVENT_N/A_ACTUAL_POS],"""tomodensitométrie"" --(BEFORE)--> ""retenu"" | ""retenu"" --(BEFORE)--> ""mise"""
128,71,FR100882,[EVENT_N/A_ACTUAL_POS] --(BEFORE)--> [EVENT_N/A_ACTUAL_POS] | [EVENT_N/A_ACTUAL_POS] --(BEFORE)--> [EVENT_N/A_ACTUAL_POS],"""IRM"" --(BEFORE)--> ""scanner"" | ""scanner"" --(BEFORE)--> ""laminectomie"""
128,71,FR100883,[EVENT_N/A_ACTUAL_POS] --(BEFORE)--> [EVENT_N/A_ACTUAL_POS] | [EVENT_N/A_ACTUAL_POS] --(BEFORE)--> [EVENT_N/A_ACTUAL_POS],"""biopsie"" --(BEFORE)--> ""bilan"" | ""bilan"" --(BEFORE)--> ""reçu"""
128,71,FR100894,[EVENT_N/A_ACTUAL_POS] --(BEFORE)--> [EVENT_N/A_ACTUAL_POS] | [EVENT_N/A_ACTUAL_POS] --(BEFORE)--> [EVENT_N/A_ACTUAL_POS],"""appuyés"" --(BEFORE)--> ""diagnostic"" | ""diagnostic"" --(BEFORE)--> ""pris"""
128,71,FR100903,[EVENT_N/A_ACTUAL_POS] --(BEFORE)--> [EVENT_N/A_ACTUAL_POS] | [EVENT_N/A_ACTUAL_POS] --(BEFORE)--> [EVENT_N/A_ACTUAL_POS],"""échographie"" --(BEFORE)--> ""IRM"" | ""IRM"" --(BEFORE)--> ""diagnostic"""
128,71,FR100919,[EVENT_N/A_ACTUAL_POS] --(BEFORE)--> [EVENT_N/A_ACTUAL_POS] | [EVENT_N/A_ACTUAL_POS] --(BEFORE)--> [EVENT_N/A_ACTUAL_POS],"""correction"" --(BEFORE)--> ""adressée"" | ""adressée"" --(BEFORE)--> ""bilan"""
128,71,FR100921,[EVENT_N/A_ACTUAL_POS] --(BEFORE)--> [EVENT_N/A_ACTUAL_POS] | [EVENT_N/A_ACTUAL_POS] --(BEFORE)--> [EVENT_N/A_ACTUAL_POS],"""palpation"" --(BEFORE)--> ""imagerie"" | ""imagerie"" --(BEFORE)--> ""exérèse"""
128,71,FR100932,[EVENT_N/A_ACTUAL_POS] --(BEFORE)--> [EVENT_N/A_ACTUAL_POS] | [EVENT_N/A_ACTUAL_POS] --(BEFORE)--> [EVENT_N/A_ACTUAL_POS],"""mise"" --(BEFORE)--> ""opérée"" | ""opérée"" --(BEFORE)--> ""évolution"""
128,71,FR100946,[EVENT_N/A_ACTUAL_POS] --(BEFORE)--> [EVENT_N/A_ACTUAL_POS] | [EVENT_N/A_ACTUAL_POS] --(BEFORE)--> [EVENT_N/A_ACTUAL_POS],"""IRM"" --(BEFORE)--> ""analyse"" | ""analyse"" --(BEFORE)--> ""mise"""
128,71,FR100959,[EVENT_N/A_ACTUAL_POS] --(BEFORE)--> [EVENT_N/A_ACTUAL_POS] | [EVENT_N/A_ACTUAL_POS] --(BEFORE)--> [EVENT_N/A_ACTUAL_POS],"""œsophagoscopie"" --(BEFORE)--> ""Transit"" | ""Transit"" --(BEFORE)--> ""notée"""
128,71,FR100971,[EVENT_N/A_ACTUAL_POS] --(BEFORE)--> [EVENT_N/A_ACTUAL_POS] | [EVENT_N/A_ACTUAL_POS] --(BEFORE)--> [EVENT_N/A_ACTUAL_POS],"""infarctus"" --(BEFORE)--> ""admis"" | ""admis"" --(BEFORE)--> ""rapportons"""
128,71,FR100986,[EVENT_N/A_ACTUAL_POS] --(BEFORE)--> [EVENT_N/A_ACTUAL_POS] | [EVENT_N/A_ACTUAL_POS] --(BEFORE)--> [EVENT_N/A_ACTUAL_POS],"""hospitalisée"" --(BEFORE)--> ""découverte"" | ""découverte"" --(BEFORE)--> ""rapportons"""
128,71,FR100996,[EVENT_N/A_ACTUAL_POS] --(BEFORE)--> [EVENT_N/A_ACTUAL_POS] | [EVENT_N/A_ACTUAL_POS] --(BEFORE)--> [EVENT_N/A_ACTUAL_POS],"""injection"" --(BEFORE)--> ""retenu"" | ""retenu"" --(BEFORE)--> ""chirurgical"""
128,71,FR100998,[EVENT_N/A_ACTUAL_POS] --(BEFORE)--> [EVENT_N/A_ACTUAL_POS] | [EVENT_N/A_ACTUAL_POS] --(BEFORE)--> [EVENT_N/A_ACTUAL_POS],"""test"" --(BEFORE)--> ""diagnostic"" | ""diagnostic"" --(BEFORE)--> ""traitée"""
24,66,FR100003,[EVENT_N/A_ACTUAL_POS] --(CONTAINS)--> [EVENT_N/A_ACTUAL_POS] | [EVENT_N/A_ACTUAL_POS] --(BEFORE)--> [EVENT_N/A_ACTUAL_POS] | [EVENT_N/A_ACTUAL_POS] --(BEFORE)--> [EVENT_N/A_ACTUAL_POS],"""délabrement"" --(CONTAINS)--> ""panoramique"" | ""panoramique"" --(BEFORE)--> ""ponction"" | ""ponction"" --(BEFORE)--> ""examen"""
24,66,FR100078,[EVENT_N/A_ACTUAL_POS] --(CONTAINS)--> [EVENT_N/A_ACTUAL_POS] | [EVENT_N/A_ACTUAL_POS] --(BEFORE)--> [EVENT_N/A_ACTUAL_POS] | [EVENT_N/A_ACTUAL_POS] --(BEFORE)--> [EVENT_N/A_ACTUAL_POS],"""pouls"" --(CONTAINS)--> ""examen"" | ""examen"" --(BEFORE)--> ""doppler"" | ""doppler"" --(BEFORE)--> ""doppler"""
24,66,FR100092,[EVENT_N/A_ACTUAL_POS] --(CONTAINS)--> [EVENT_N/A_ACTUAL_POS] | [EVENT_N/A_ACTUAL_POS] --(BEFORE)--> [EVENT_N/A_ACTUAL_POS] | [EVENT_N/A_ACTUAL_POS] --(BEFORE)--> [EVENT_N/A_ACTUAL_POS],"""appendicite"" --(CONTAINS)--> ""étude"" | ""étude"" --(BEFORE)--> ""suites"" | ""suites"" --(BEFORE)--> ""sortante"""
24,66,FR100120,[EVENT_N/A_ACTUAL_POS] --(CONTAINS)--> [EVENT_N/A_ACTUAL_POS] | [EVENT_N/A_ACTUAL_POS] --(BEFORE)--> [EVENT_N/A_ACTUAL_POS] | [EVENT_N/A_ACTUAL_POS] --(BEFORE)--> [EVENT_N/A_ACTUAL_POS],"""retard"" --(CONTAINS)--> ""rattaché"" | ""rattaché"" --(BEFORE)--> ""traitement"" | ""traitement"" --(BEFORE)--> ""retirées"""
24,66,FR100130,[EVENT_N/A_ACTUAL_POS] --(CONTAINS)--> [EVENT_N/A_ACTUAL_POS] | [EVENT_N/A_ACTUAL_POS] --(BEFORE)--> [EVENT_N/A_ACTUAL_POS] | [EVENT_N/A_ACTUAL_POS] --(BEFORE)--> [EVENT_N/A_ACTUAL_POS],"""sensibilité"" --(CONTAINS)--> ""examen"" | ""examen"" --(BEFORE)--> ""biologie"" | ""biologie"" --(BEFORE)--> ""glycémie"""
24,66,FR100132,[EVENT_N/A_ACTUAL_POS] --(CONTAINS)--> [EVENT_N/A_ACTUAL_POS] | [EVENT_N/A_ACTUAL_POS] --(BEFORE)--> [EVENT_N/A_ACTUAL_POS] | [EVENT_N/A_ACTUAL_POS] --(BEFORE)--> [EVENT_N/A_ACTUAL_POS],"""amas"" --(CONTAINS)--> ""histologie"" | ""histologie"" --(BEFORE)--> ""examen"" | ""examen"" --(BEFORE)--> ""écho-Doppler"""
24,66,FR100142,[EVENT_N/A_ACTUAL_POS] --(CONTAINS)--> [EVENT_N/A_ACTUAL_POS] | [EVENT_N/A_ACTUAL_POS] --(BEFORE)--> [EVENT_N/A_ACTUAL_POS] | [EVENT_N/A_ACTUAL_POS] --(BEFORE)--> [EVENT_N/A_ACTUAL_POS],"""éléments"" --(CONTAINS)--> ""biopsie"" | ""biopsie"" --(BEFORE)--> ""étude"" | ""étude"" --(BEFORE)--> ""sérologie"""
24,66,FR100161,[EVENT_N/A_ACTUAL_POS] --(CONTAINS)--> [EVENT_N/A_ACTUAL_POS] | [EVENT_N/A_ACTUAL_POS] --(BEFORE)--> [EVENT_N/A_ACTUAL_POS] | [EVENT_N/A_ACTUAL_POS] --(BEFORE)--> [EVENT_N/A_ACTUAL_POS],"""sérologie"" --(CONTAINS)--> ""examens"" | ""examens"" --(BEFORE)--> ""radiographie"" | ""radiographie"" --(BEFORE)--> ""échographie"""
24,66,FR100168,[EVENT_N/A_ACTUAL_POS] --(CONTAINS)--> [EVENT_N/A_ACTUAL_POS] | [EVENT_N/A_ACTUAL_POS] --(BEFORE)--> [EVENT_N/A_ACTUAL_POS] | [EVENT_N/A_ACTUAL_POS] --(BEFORE)--> [EVENT_N/A_ACTUAL_POS],"""suites"" --(CONTAINS)--> ""bilan"" | ""bilan"" --(BEFORE)--> ""tests"" | ""tests"" --(BEFORE)--> ""entretien"""
24,66,FR100255,[EVENT_N/A_ACTUAL_POS] --(CONTAINS)--> [EVENT_N/A_ACTUAL_POS] | [EVENT_N/A_ACTUAL_POS] --(BEFORE)--> [EVENT_N/A_ACTUAL_POS] | [EVENT_N/A_ACTUAL_POS] --(BEFORE)--> [EVENT_N/A_ACTUAL_POS],"""analgésie"" --(CONTAINS)--> ""expulsé"" | ""expulsé"" --(BEFORE)--> ""contrôle"" | ""contrôle"" --(BEFORE)--> ""quitté"""
24,66,FR100275,[EVENT_N/A_ACTUAL_POS] --(CONTAINS)--> [EVENT_N/A_ACTUAL_POS] | [EVENT_N/A_ACTUAL_POS] --(BEFORE)--> [EVENT_N/A_ACTUAL_POS] | [EVENT_N/A_ACTUAL_POS] --(BEFORE)--> [EVENT_N/A_ACTUAL_POS],"""voisin"" --(CONTAINS)--> ""arrivée"" | ""arrivée"" --(BEFORE)--> ""établi"" | ""établi"" --(BEFORE)--> ""manœuvres"""
24,66,FR100276,[EVENT_N/A_ACTUAL_POS] --(CONTAINS)--> [EVENT_N/A_ACTUAL_POS] | [EVENT_N/A_ACTUAL_POS] --(BEFORE)--> [EVENT_N/A_ACTUAL_POS] | [EVENT_N/A_ACTUAL_POS] --(BEFORE)--> [EVENT_N/A_ACTUAL_POS],"""aplasie"" --(CONTAINS)--> ""accouchement"" | ""accouchement"" --(BEFORE)--> ""reste"" | ""reste"" --(BEFORE)--> ""bilan"""
24,66,FR100282,[EVENT_N/A_ACTUAL_POS] --(CONTAINS)--> [EVENT_N/A_ACTUAL_POS] | [EVENT_N/A_ACTUAL_POS] --(BEFORE)--> [EVENT_N/A_ACTUAL_POS] | [EVENT_N/A_ACTUAL_POS] --(BEFORE)--> [EVENT_N/A_ACTUAL_POS],"""tracé"" --(CONTAINS)--> ""électroencéphalogramme"" | ""électroencéphalogramme"" --(BEFORE)--> ""scanner"" | ""scanner"" --(BEFORE)--> ""conclus"""
24,66,FR100283,[EVENT_N/A_ACTUAL_POS] --(CONTAINS)--> [EVENT_N/A_ACTUAL_POS] | [EVENT_N/A_ACTUAL_POS] --(BEFORE)--> [EVENT_N/A_ACTUAL_POS] | [EVENT_N/A_ACTUAL_POS] --(BEFORE)--> [EVENT_N/A_ACTUAL_POS],"""sinusite"" --(CONTAINS)--> ""IRM"" | ""IRM"" --(BEFORE)--> ""hypophysiogramme"" | ""hypophysiogramme"" --(BEFORE)--> ""traitement"""
24,66,FR100296,[EVENT_N/A_ACTUAL_POS] --(CONTAINS)--> [EVENT_N/A_ACTUAL_POS] | [EVENT_N/A_ACTUAL_POS] --(BEFORE)--> [EVENT_N/A_ACTUAL_POS] | [EVENT_N/A_ACTUAL_POS] --(BEFORE)--> [EVENT_N/A_ACTUAL_POS],"""phénomènes"" --(CONTAINS)--> ""examen"" | ""examen"" --(BEFORE)--> ""IRM"" | ""IRM"" --(BEFORE)--> ""fenestration"""
24,66,FR100314,[EVENT_N/A_ACTUAL_POS] --(CONTAINS)--> [EVENT_N/A_ACTUAL_POS] | [EVENT_N/A_ACTUAL_POS] --(BEFORE)--> [EVENT_N/A_ACTUAL_POS] | [EVENT_N/A_ACTUAL_POS] --(BEFORE)--> [EVENT_N/A_ACTUAL_POS],"""traumatisme"" --(CONTAINS)--> ""admise"" | ""admise"" --(BEFORE)--> ""bilan"" | ""bilan"" --(BEFORE)--> ""drainage"""
24,66,FR100344,[EVENT_N/A_ACTUAL_POS] --(CONTAINS)--> [EVENT_N/A_ACTUAL_POS] | [EVENT_N/A_ACTUAL_POS] --(BEFORE)--> [EVENT_N/A_ACTUAL_POS] | [EVENT_N/A_ACTUAL_POS] --(BEFORE)--> [EVENT_N/A_ACTUAL_POS],"""évolution"" --(CONTAINS)--> ""déroulée"" | ""déroulée"" --(BEFORE)--> ""plainte"" | ""plainte"" --(BEFORE)--> ""examen"""
24,66,FR100346,[EVENT_N/A_ACTUAL_POS] --(CONTAINS)--> [EVENT_N/A_ACTUAL_POS] | [EVENT_N/A_ACTUAL_POS] --(BEFORE)--> [EVENT_N/A_ACTUAL_POS] | [EVENT_N/A_ACTUAL_POS] --(BEFORE)--> [EVENT_N/A_ACTUAL_POS],"""lésions"" --(CONTAINS)--> ""angioscanner"" | ""angioscanner"" --(BEFORE)--> ""echo-dopler"" | ""echo-dopler"" --(BEFORE)--> ""IRM"""
24,66,FR100360,[EVENT_N/A_ACTUAL_POS] --(CONTAINS)--> [EVENT_N/A_ACTUAL_POS] | [EVENT_N/A_ACTUAL_POS] --(BEFORE)--> [EVENT_N/A_ACTUAL_POS] | [EVENT_N/A_ACTUAL_POS] --(BEFORE)--> [EVENT_N/A_ACTUAL_POS],"""lésion"" --(CONTAINS)--> ""tomodensitométrie"" | ""tomodensitométrie"" --(BEFORE)--> ""complément"" | ""complément"" --(BEFORE)--> ""biopsie"""
24,66,FR100361,[EVENT_N/A_ACTUAL_POS] --(CONTAINS)--> [EVENT_N/A_ACTUAL_POS] | [EVENT_N/A_ACTUAL_POS] --(BEFORE)--> [EVENT_N/A_ACTUAL_POS] | [EVENT_N/A_ACTUAL_POS] --(BEFORE)--> [EVENT_N/A_ACTUAL_POS],"""troubles"" --(CONTAINS)--> ""admise"" | ""admise"" --(BEFORE)--> ""examen"" | ""examen"" --(BEFORE)--> ""TDM"""
24,66,FR100371,[EVENT_N/A_ACTUAL_POS] --(CONTAINS)--> [EVENT_N/A_ACTUAL_POS] | [EVENT_N/A_ACTUAL_POS] --(BEFORE)--> [EVENT_N/A_ACTUAL_POS] | [EVENT_N/A_ACTUAL_POS] --(BEFORE)--> [EVENT_N/A_ACTUAL_POS],"""taux"" --(CONTAINS)--> ""bilan"" | ""bilan"" --(BEFORE)--> ""bilan"" | ""bilan"" --(BEFORE)--> ""intervention"""
24,66,FR100400,[EVENT_N/A_ACTUAL_POS] --(CONTAINS)--> [EVENT_N/A_ACTUAL_POS] | [EVENT_N/A_ACTUAL_POS] --(BEFORE)--> [EVENT_N/A_ACTUAL_POS] | [EVENT_N/A_ACTUAL_POS] --(BEFORE)--> [EVENT_N/A_ACTUAL_POS],"""état"" --(CONTAINS)--> ""examen"" | ""examen"" --(BEFORE)--> ""bilan"" | ""bilan"" --(BEFORE)--> ""Radiographie"""
24,66,FR100439,[EVENT_N/A_ACTUAL_POS] --(CONTAINS)--> [EVENT_N/A_ACTUAL_POS] | [EVENT_N/A_ACTUAL_POS] --(BEFORE)--> [EVENT_N/A_ACTUAL_POS] | [EVENT_N/A_ACTUAL_POS] --(BEFORE)--> [EVENT_N/A_ACTUAL_POS],"""anesthésie"" --(CONTAINS)--> ""endoscopie"" | ""endoscopie"" --(BEFORE)--> ""biopsies"" | ""biopsies"" --(BEFORE)--> ""analyse"""
24,66,FR100480,[EVENT_N/A_ACTUAL_POS] --(CONTAINS)--> [EVENT_N/A_ACTUAL_POS] | [EVENT_N/A_ACTUAL_POS] --(BEFORE)--> [EVENT_N/A_ACTUAL_POS] | [EVENT_N/A_ACTUAL_POS] --(BEFORE)--> [EVENT_N/A_ACTUAL_POS],"""mélanome"" --(CONTAINS)--> ""analyse"" | ""analyse"" --(BEFORE)--> ""amputation"" | ""amputation"" --(BEFORE)--> ""examen"""
24,66,FR100510,[EVENT_N/A_ACTUAL_POS] --(CONTAINS)--> [EVENT_N/A_ACTUAL_POS] | [EVENT_N/A_ACTUAL_POS] --(BEFORE)--> [EVENT_N/A_ACTUAL_POS] | [EVENT_N/A_ACTUAL_POS] --(BEFORE)--> [EVENT_N/A_ACTUAL_POS],"""kyste"" --(CONTAINS)--> ""biopsie"" | ""biopsie"" --(BEFORE)--> ""décision"" | ""décision"" --(BEFORE)--> ""exerce"""
24,66,FR100515,[EVENT_N/A_ACTUAL_POS] --(CONTAINS)--> [EVENT_N/A_ACTUAL_POS] | [EVENT_N/A_ACTUAL_POS] --(BEFORE)--> [EVENT_N/A_ACTUAL_POS] | [EVENT_N/A_ACTUAL_POS] --(BEFORE)--> [EVENT_N/A_ACTUAL_POS],"""créatine"" --(CONTAINS)--> ""dosage"" | ""dosage"" --(BEFORE)--> ""bilan"" | ""bilan"" --(BEFORE)--> ""biopsie"""
24,66,FR100517,[EVENT_N/A_ACTUAL_POS] --(CONTAINS)--> [EVENT_N/A_ACTUAL_POS] | [EVENT_N/A_ACTUAL_POS] --(BEFORE)--> [EVENT_N/A_ACTUAL_POS] | [EVENT_N/A_ACTUAL_POS] --(BEFORE)--> [EVENT_N/A_ACTUAL_POS],"""syndrome"" --(CONTAINS)--> ""bilan"" | ""bilan"" --(BEFORE)--> ""électromyogramme"" | ""électromyogramme"" --(BEFORE)--> ""bilan"""
24,66,FR100519,[EVENT_N/A_ACTUAL_POS] --(CONTAINS)--> [EVENT_N/A_ACTUAL_POS] | [EVENT_N/A_ACTUAL_POS] --(BEFORE)--> [EVENT_N/A_ACTUAL_POS] | [EVENT_N/A_ACTUAL_POS] --(BEFORE)--> [EVENT_N/A_ACTUAL_POS],"""opacité"" --(CONTAINS)--> ""bilan"" | ""bilan"" --(BEFORE)--> ""angioscanner"" | ""angioscanner"" --(BEFORE)--> ""échodoppler"""
24,66,FR100579,[EVENT_N/A_ACTUAL_POS] --(CONTAINS)--> [EVENT_N/A_ACTUAL_POS] | [EVENT_N/A_ACTUAL_POS] --(BEFORE)--> [EVENT_N/A_ACTUAL_POS] | [EVENT_N/A_ACTUAL_POS] --(BEFORE)--> [EVENT_N/A_ACTUAL_POS],"""consulte"" --(CONTAINS)--> ""radiographie"" | ""radiographie"" --(BEFORE)--> ""échocardiographie"" | ""échocardiographie"" --(BEFORE)--> ""angio-scanner"""
24,66,FR100589,[EVENT_N/A_ACTUAL_POS] --(CONTAINS)--> [EVENT_N/A_ACTUAL_POS] | [EVENT_N/A_ACTUAL_POS] --(BEFORE)--> [EVENT_N/A_ACTUAL_POS] | [EVENT_N/A_ACTUAL_POS] --(BEFORE)--> [EVENT_N/A_ACTUAL_POS],"""pneumopathie"" --(CONTAINS)--> ""diagnostic"" | ""diagnostic"" --(BEFORE)--> ""corticothérapie"" | ""corticothérapie"" --(BEFORE)--> ""adressé"""
24,66,FR100597,[EVENT_N/A_ACTUAL_POS] --(CONTAINS)--> [EVENT_N/A_ACTUAL_POS] | [EVENT_N/A_ACTUAL_POS] --(BEFORE)--> [EVENT_N/A_ACTUAL_POS] | [EVENT_N/A_ACTUAL_POS] --(BEFORE)--> [EVENT_N/A_ACTUAL_POS],"""consultation"" --(CONTAINS)--> ""examen"" | ""examen"" --(BEFORE)--> ""examen"" | ""examen"" --(BEFORE)--> ""examen"""
24,66,FR100611,[EVENT_N/A_ACTUAL_POS] --(CONTAINS)--> [EVENT_N/A_ACTUAL_POS] | [EVENT_N/A_ACTUAL_POS] --(BEFORE)--> [EVENT_N/A_ACTUAL_POS] | [EVENT_N/A_ACTUAL_POS] --(BEFORE)--> [EVENT_N/A_ACTUAL_POS],"""épaississement"" --(CONTAINS)--> ""IRM"" | ""IRM"" --(BEFORE)--> ""étude"" | ""étude"" --(BEFORE)--> ""examen"""
24,66,FR100614,[EVENT_N/A_ACTUAL_POS] --(CONTAINS)--> [EVENT_N/A_ACTUAL_POS] | [EVENT_N/A_ACTUAL_POS] --(BEFORE)--> [EVENT_N/A_ACTUAL_POS] | [EVENT_N/A_ACTUAL_POS] --(BEFORE)--> [EVENT_N/A_ACTUAL_POS],"""kyste"" --(CONTAINS)--> ""exploration"" | ""exploration"" --(BEFORE)--> ""rupture"" | ""rupture"" --(BEFORE)--> ""intervention"""
24,66,FR100620,[EVENT_N/A_ACTUAL_POS] --(CONTAINS)--> [EVENT_N/A_ACTUAL_POS] | [EVENT_N/A_ACTUAL_POS] --(BEFORE)--> [EVENT_N/A_ACTUAL_POS] | [EVENT_N/A_ACTUAL_POS] --(BEFORE)--> [EVENT_N/A_ACTUAL_POS],"""aspect"" --(CONTAINS)--> ""bronchoscopie"" | ""bronchoscopie"" --(BEFORE)--> ""bilan"" | ""bilan"" --(BEFORE)--> ""bilan"""
24,66,FR100623,[EVENT_N/A_ACTUAL_POS] --(CONTAINS)--> [EVENT_N/A_ACTUAL_POS] | [EVENT_N/A_ACTUAL_POS] --(BEFORE)--> [EVENT_N/A_ACTUAL_POS] | [EVENT_N/A_ACTUAL_POS] --(BEFORE)--> [EVENT_N/A_ACTUAL_POS],"""matières"" --(CONTAINS)--> ""consulté"" | ""consulté"" --(BEFORE)--> ""examen"" | ""examen"" --(BEFORE)--> ""bilan"""
24,66,FR100629,[EVENT_N/A_ACTUAL_POS] --(CONTAINS)--> [EVENT_N/A_ACTUAL_POS] | [EVENT_N/A_ACTUAL_POS] --(BEFORE)--> [EVENT_N/A_ACTUAL_POS] | [EVENT_N/A_ACTUAL_POS] --(BEFORE)--> [EVENT_N/A_ACTUAL_POS],"""syndrome"" --(CONTAINS)--> ""examen"" | ""examen"" --(BEFORE)--> ""radiographie"" | ""radiographie"" --(BEFORE)--> ""thoracoscopie"""
24,66,FR100632,[EVENT_N/A_ACTUAL_POS] --(CONTAINS)--> [EVENT_N/A_ACTUAL_POS] | [EVENT_N/A_ACTUAL_POS] --(BEFORE)--> [EVENT_N/A_ACTUAL_POS] | [EVENT_N/A_ACTUAL_POS] --(BEFORE)--> [EVENT_N/A_ACTUAL_POS],"""glycorachie"" --(CONTAINS)--> ""étude"" | ""étude"" --(BEFORE)--> ""numération"" | ""numération"" --(BEFORE)--> ""vitesse"""
24,66,FR100658,[EVENT_N/A_ACTUAL_POS] --(CONTAINS)--> [EVENT_N/A_ACTUAL_POS] | [EVENT_N/A_ACTUAL_POS] --(BEFORE)--> [EVENT_N/A_ACTUAL_POS] | [EVENT_N/A_ACTUAL_POS] --(BEFORE)--> [EVENT_N/A_ACTUAL_POS],"""eupnéique"" --(CONTAINS)--> ""examen"" | ""examen"" --(BEFORE)--> ""laryngoscopie"" | ""laryngoscopie"" --(BEFORE)--> ""tomodensitométrie"""
24,66,FR100663,[EVENT_N/A_ACTUAL_POS] --(CONTAINS)--> [EVENT_N/A_ACTUAL_POS] | [EVENT_N/A_ACTUAL_POS] --(BEFORE)--> [EVENT_N/A_ACTUAL_POS] | [EVENT_N/A_ACTUAL_POS] --(BEFORE)--> [EVENT_N/A_ACTUAL_POS],"""grossesse"" --(CONTAINS)--> ""examen"" | ""examen"" --(BEFORE)--> ""examen"" | ""examen"" --(BEFORE)--> ""échographie"""
24,66,FR100666,[EVENT_N/A_ACTUAL_POS] --(CONTAINS)--> [EVENT_N/A_ACTUAL_POS] | [EVENT_N/A_ACTUAL_POS] --(BEFORE)--> [EVENT_N/A_ACTUAL_POS] | [EVENT_N/A_ACTUAL_POS] --(BEFORE)--> [EVENT_N/A_ACTUAL_POS],"""asymétrie"" --(CONTAINS)--> ""examen"" | ""examen"" --(BEFORE)--> ""examen"" | ""examen"" --(BEFORE)--> ""palpation"""
24,66,FR100683,[EVENT_N/A_ACTUAL_POS] --(CONTAINS)--> [EVENT_N/A_ACTUAL_POS] | [EVENT_N/A_ACTUAL_POS] --(BEFORE)--> [EVENT_N/A_ACTUAL_POS] | [EVENT_N/A_ACTUAL_POS] --(BEFORE)--> [EVENT_N/A_ACTUAL_POS],"""indice"" --(CONTAINS)--> ""examen"" | ""examen"" --(BEFORE)--> ""exploration"" | ""exploration"" --(BEFORE)--> ""exploration"""
24,66,FR100688,[EVENT_N/A_ACTUAL_POS] --(CONTAINS)--> [EVENT_N/A_ACTUAL_POS] | [EVENT_N/A_ACTUAL_POS] --(BEFORE)--> [EVENT_N/A_ACTUAL_POS] | [EVENT_N/A_ACTUAL_POS] --(BEFORE)--> [EVENT_N/A_ACTUAL_POS],"""poids"" --(CONTAINS)--> ""examen"" | ""examen"" --(BEFORE)--> ""examen"" | ""examen"" --(BEFORE)--> ""examen"""
24,66,FR100689,[EVENT_N/A_ACTUAL_POS] --(CONTAINS)--> [EVENT_N/A_ACTUAL_POS] | [EVENT_N/A_ACTUAL_POS] --(BEFORE)--> [EVENT_N/A_ACTUAL_POS] | [EVENT_N/A_ACTUAL_POS] --(BEFORE)--> [EVENT_N/A_ACTUAL_POS],"""opacités"" --(CONTAINS)--> ""scanner"" | ""scanner"" --(BEFORE)--> ""hémogramme"" | ""hémogramme"" --(BEFORE)--> ""ionogramme"""
24,66,FR100697,[EVENT_N/A_ACTUAL_POS] --(CONTAINS)--> [EVENT_N/A_ACTUAL_POS] | [EVENT_N/A_ACTUAL_POS] --(BEFORE)--> [EVENT_N/A_ACTUAL_POS] | [EVENT_N/A_ACTUAL_POS] --(BEFORE)--> [EVENT_N/A_ACTUAL_POS],"""lymphome"" --(CONTAINS)--> ""tout"" | ""tout"" --(BEFORE)--> ""bilan"" | ""bilan"" --(BEFORE)--> ""test"""
24,66,FR100708,[EVENT_N/A_ACTUAL_POS] --(CONTAINS)--> [EVENT_N/A_ACTUAL_POS] | [EVENT_N/A_ACTUAL_POS] --(BEFORE)--> [EVENT_N/A_ACTUAL_POS] | [EVENT_N/A_ACTUAL_POS] --(BEFORE)--> [EVENT_N/A_ACTUAL_POS],"""consulté"" --(CONTAINS)--> ""examen"" | ""examen"" --(BEFORE)--> ""mammographie"" | ""mammographie"" --(BEFORE)--> ""échographie"""
24,66,FR100717,[EVENT_N/A_ACTUAL_POS] --(CONTAINS)--> [EVENT_N/A_ACTUAL_POS] | [EVENT_N/A_ACTUAL_POS] --(BEFORE)--> [EVENT_N/A_ACTUAL_POS] | [EVENT_N/A_ACTUAL_POS] --(BEFORE)--> [EVENT_N/A_ACTUAL_POS],"""Lasègue"" --(CONTAINS)--> ""examen"" | ""examen"" --(BEFORE)--> ""examens"" | ""examens"" --(BEFORE)--> ""scanner"""
24,66,FR100748,[EVENT_N/A_ACTUAL_POS] --(CONTAINS)--> [EVENT_N/A_ACTUAL_POS] | [EVENT_N/A_ACTUAL_POS] --(BEFORE)--> [EVENT_N/A_ACTUAL_POS] | [EVENT_N/A_ACTUAL_POS] --(BEFORE)--> [EVENT_N/A_ACTUAL_POS],"""hospitalisation"" --(CONTAINS)--> ""indication"" | ""indication"" --(BEFORE)--> ""consultation"" | ""consultation"" --(BEFORE)--> ""ASA"""
24,66,FR100766,[EVENT_N/A_ACTUAL_POS] --(CONTAINS)--> [EVENT_N/A_ACTUAL_POS] | [EVENT_N/A_ACTUAL_POS] --(BEFORE)--> [EVENT_N/A_ACTUAL_POS] | [EVENT_N/A_ACTUAL_POS] --(BEFORE)--> [EVENT_N/A_ACTUAL_POS],"""prolabé"" --(CONTAINS)--> ""examen"" | ""examen"" --(BEFORE)--> ""hospitalisation"" | ""hospitalisation"" --(BEFORE)--> ""traitement"""
24,66,FR100780,[EVENT_N/A_ACTUAL_POS] --(CONTAINS)--> [EVENT_N/A_ACTUAL_POS] | [EVENT_N/A_ACTUAL_POS] --(BEFORE)--> [EVENT_N/A_ACTUAL_POS] | [EVENT_N/A_ACTUAL_POS] --(BEFORE)--> [EVENT_N/A_ACTUAL_POS],"""orientée"" --(CONTAINS)--> ""examen"" | ""examen"" --(BEFORE)--> ""toucher"" | ""toucher"" --(BEFORE)--> ""échographie"""
24,66,FR100806,[EVENT_N/A_ACTUAL_POS] --(CONTAINS)--> [EVENT_N/A_ACTUAL_POS] | [EVENT_N/A_ACTUAL_POS] --(BEFORE)--> [EVENT_N/A_ACTUAL_POS] | [EVENT_N/A_ACTUAL_POS] --(BEFORE)--> [EVENT_N/A_ACTUAL_POS],"""état"" --(CONTAINS)--> ""examen"" | ""examen"" --(BEFORE)--> ""biologie"" | ""biologie"" --(BEFORE)--> ""hospitalisée"""
24,66,FR100814,[EVENT_N/A_ACTUAL_POS] --(CONTAINS)--> [EVENT_N/A_ACTUAL_POS] | [EVENT_N/A_ACTUAL_POS] --(BEFORE)--> [EVENT_N/A_ACTUAL_POS] | [EVENT_N/A_ACTUAL_POS] --(BEFORE)--> [EVENT_N/A_ACTUAL_POS],"""processus"" --(CONTAINS)--> ""IRM"" | ""IRM"" --(BEFORE)--> ""diagnostic"" | ""diagnostic"" --(BEFORE)--> ""réséquée"""
24,66,FR100826,[EVENT_N/A_ACTUAL_POS] --(CONTAINS)--> [EVENT_N/A_ACTUAL_POS] | [EVENT_N/A_ACTUAL_POS] --(BEFORE)--> [EVENT_N/A_ACTUAL_POS] | [EVENT_N/A_ACTUAL_POS] --(BEFORE)--> [EVENT_N/A_ACTUAL_POS],"""qualité"" --(CONTAINS)--> ""retenue"" | ""retenue"" --(BEFORE)--> ""exploration"" | ""exploration"" --(BEFORE)--> ""suites"""
24,66,FR100845,[EVENT_N/A_ACTUAL_POS] --(CONTAINS)--> [EVENT_N/A_ACTUAL_POS] | [EVENT_N/A_ACTUAL_POS] --(BEFORE)--> [EVENT_N/A_ACTUAL_POS] | [EVENT_N/A_ACTUAL_POS] --(BEFORE)--> [EVENT_N/A_ACTUAL_POS],"""hauteur"" --(CONTAINS)--> ""examen"" | ""examen"" --(BEFORE)--> ""échographie"" | ""échographie"" --(BEFORE)--> ""radiographie"""
24,66,FR100849,[EVENT_N/A_ACTUAL_POS] --(CONTAINS)--> [EVENT_N/A_ACTUAL_POS] | [EVENT_N/A_ACTUAL_POS] --(BEFORE)--> [EVENT_N/A_ACTUAL_POS] | [EVENT_N/A_ACTUAL_POS] --(BEFORE)--> [EVENT_N/A_ACTUAL_POS],"""appendagite"" --(CONTAINS)--> ""tomodensitométrie"" | ""tomodensitométrie"" --(BEFORE)--> ""acheminé"" | ""acheminé"" --(BEFORE)--> ""suites"""
24,66,FR100870,[EVENT_N/A_ACTUAL_POS] --(CONTAINS)--> [EVENT_N/A_ACTUAL_POS] | [EVENT_N/A_ACTUAL_POS] --(BEFORE)--> [EVENT_N/A_ACTUAL_POS] | [EVENT_N/A_ACTUAL_POS] --(BEFORE)--> [EVENT_N/A_ACTUAL_POS],"""anémie"" --(CONTAINS)--> ""hémogramme"" | ""hémogramme"" --(BEFORE)--> ""bilan"" | ""bilan"" --(BEFORE)--> ""IRM"""
24,66,FR100874,[EVENT_N/A_ACTUAL_POS] --(CONTAINS)--> [EVENT_N/A_ACTUAL_POS] | [EVENT_N/A_ACTUAL_POS] --(BEFORE)--> [EVENT_N/A_ACTUAL_POS] | [EVENT_N/A_ACTUAL_POS] --(BEFORE)--> [EVENT_N/A_ACTUAL_POS],"""perte"" --(CONTAINS)--> ""examen"" | ""examen"" --(BEFORE)--> ""hémogramme"" | ""hémogramme"" --(BEFORE)--> ""fibroscopie"""
24,66,FR100882,[EVENT_N/A_ACTUAL_POS] --(CONTAINS)--> [EVENT_N/A_ACTUAL_POS] | [EVENT_N/A_ACTUAL_POS] --(BEFORE)--> [EVENT_N/A_ACTUAL_POS] | [EVENT_N/A_ACTUAL_POS] --(BEFORE)--> [EVENT_N/A_ACTUAL_POS],"""troubles"" --(CONTAINS)--> ""admise"" | ""admise"" --(BEFORE)--> ""examen"" | ""examen"" --(BEFORE)--> ""examen"""
24,66,FR100883,[EVENT_N/A_ACTUAL_POS] --(CONTAINS)--> [EVENT_N/A_ACTUAL_POS] | [EVENT_N/A_ACTUAL_POS] --(BEFORE)--> [EVENT_N/A_ACTUAL_POS] | [EVENT_N/A_ACTUAL_POS] --(BEFORE)--> [EVENT_N/A_ACTUAL_POS],"""admission"" --(CONTAINS)--> ""TDM"" | ""TDM"" --(BEFORE)--> ""biopsie"" | ""biopsie"" --(BEFORE)--> ""bilan"""
24,66,FR100894,[EVENT_N/A_ACTUAL_POS] --(CONTAINS)--> [EVENT_N/A_ACTUAL_POS] | [EVENT_N/A_ACTUAL_POS] --(BEFORE)--> [EVENT_N/A_ACTUAL_POS] | [EVENT_N/A_ACTUAL_POS] --(BEFORE)--> [EVENT_N/A_ACTUAL_POS],"""reçu"" --(CONTAINS)--> ""appuyés"" | ""appuyés"" --(BEFORE)--> ""diagnostic"" | ""diagnostic"" --(BEFORE)--> ""pris"""
24,66,FR100903,[EVENT_N/A_ACTUAL_POS] --(CONTAINS)--> [EVENT_N/A_ACTUAL_POS] | [EVENT_N/A_ACTUAL_POS] --(BEFORE)--> [EVENT_N/A_ACTUAL_POS] | [EVENT_N/A_ACTUAL_POS] --(BEFORE)--> [EVENT_N/A_ACTUAL_POS],"""allongés"" --(CONTAINS)--> ""échographie"" | ""échographie"" --(BEFORE)--> ""IRM"" | ""IRM"" --(BEFORE)--> ""diagnostic"""
24,66,FR100921,[EVENT_N/A_ACTUAL_POS] --(CONTAINS)--> [EVENT_N/A_ACTUAL_POS] | [EVENT_N/A_ACTUAL_POS] --(BEFORE)--> [EVENT_N/A_ACTUAL_POS] | [EVENT_N/A_ACTUAL_POS] --(BEFORE)--> [EVENT_N/A_ACTUAL_POS],"""signe"" --(CONTAINS)--> ""palpation"" | ""palpation"" --(BEFORE)--> ""imagerie"" | ""imagerie"" --(BEFORE)--> ""exérèse"""
24,66,FR100946,[EVENT_N/A_ACTUAL_POS] --(CONTAINS)--> [EVENT_N/A_ACTUAL_POS] | [EVENT_N/A_ACTUAL_POS] --(BEFORE)--> [EVENT_N/A_ACTUAL_POS] | [EVENT_N/A_ACTUAL_POS] --(BEFORE)--> [EVENT_N/A_ACTUAL_POS],"""tumeur"" --(CONTAINS)--> ""analyse"" | ""analyse"" --(BEFORE)--> ""mise"" | ""mise"" --(BEFORE)--> ""exérèse"""
24,66,FR100959,[EVENT_N/A_ACTUAL_POS] --(CONTAINS)--> [EVENT_N/A_ACTUAL_POS] | [EVENT_N/A_ACTUAL_POS] --(BEFORE)--> [EVENT_N/A_ACTUAL_POS] | [EVENT_N/A_ACTUAL_POS] --(BEFORE)--> [EVENT_N/A_ACTUAL_POS],"""admis"" --(CONTAINS)--> ""œsophagoscopie"" | ""œsophagoscopie"" --(BEFORE)--> ""Transit"" | ""Transit"" --(BEFORE)--> ""notée"""
24,66,FR100986,[EVENT_N/A_ACTUAL_POS] --(CONTAINS)--> [EVENT_N/A_ACTUAL_POS] | [EVENT_N/A_ACTUAL_POS] --(BEFORE)--> [EVENT_N/A_ACTUAL_POS] | [EVENT_N/A_ACTUAL_POS] --(BEFORE)--> [EVENT_N/A_ACTUAL_POS],"""antécédents"" --(CONTAINS)--> ""mise"" | ""mise"" --(BEFORE)--> ""hospitalisée"" | ""hospitalisée"" --(BEFORE)--> ""découverte"""
24,66,FR100996,[EVENT_N/A_ACTUAL_POS] --(CONTAINS)--> [EVENT_N/A_ACTUAL_POS] | [EVENT_N/A_ACTUAL_POS] --(BEFORE)--> [EVENT_N/A_ACTUAL_POS] | [EVENT_N/A_ACTUAL_POS] --(BEFORE)--> [EVENT_N/A_ACTUAL_POS],"""paroi"" --(CONTAINS)--> ""injection"" | ""injection"" --(BEFORE)--> ""retenu"" | ""retenu"" --(BEFORE)--> ""chirurgical"""
24,66,FR100998,[EVENT_N/A_ACTUAL_POS] --(CONTAINS)--> [EVENT_N/A_ACTUAL_POS] | [EVENT_N/A_ACTUAL_POS] --(BEFORE)--> [EVENT_N/A_ACTUAL_POS] | [EVENT_N/A_ACTUAL_POS] --(BEFORE)--> [EVENT_N/A_ACTUAL_POS],"""lésions"" --(CONTAINS)--> ""diagnostic"" | ""diagnostic"" --(BEFORE)--> ""traitée"" | ""traitée"" --(BEFORE)--> ""bilan"""
0,62,FR100003,[EVENT_N/A_ACTUAL_POS] --(CONTAINS)--> [EVENT_N/A_ACTUAL_POS] | [EVENT_N/A_ACTUAL_POS] --(CONTAINS)--> [EVENT_N/A_ACTUAL_POS],"""observation"" --(CONTAINS)--> ""consulte"" | ""observation"" --(CONTAINS)--> ""Lexamen"""
0,62,FR100078,[EVENT_N/A_ACTUAL_POS] --(CONTAINS)--> [EVENT_N/A_ACTUAL_POS] | [EVENT_N/A_ACTUAL_POS] --(CONTAINS)--> [EVENT_N/A_ACTUAL_POS],"""signes"" --(CONTAINS)--> ""C-réactive"" | ""signes"" --(CONTAINS)--> ""diagnostic"""
0,62,FR100092,[EVENT_N/A_ACTUAL_POS] --(CONTAINS)--> [EVENT_N/A_ACTUAL_POS] | [EVENT_N/A_ACTUAL_POS] --(CONTAINS)--> [EVENT_N/A_ACTUAL_POS],"""minilaparotomie"" --(CONTAINS)--> ""exploration"" | ""minilaparotomie"" --(CONTAINS)--> ""reste"""
0,62,FR100130,[EVENT_N/A_ACTUAL_POS] --(CONTAINS)--> [EVENT_N/A_ACTUAL_POS] | [EVENT_N/A_ACTUAL_POS] --(CONTAINS)--> [EVENT_N/A_ACTUAL_POS],"""traité"" --(CONTAINS)--> ""amélioration"" | ""traité"" --(CONTAINS)--> ""kinésithérapie"""
0,62,FR100132,[EVENT_N/A_ACTUAL_POS] --(CONTAINS)--> [EVENT_N/A_ACTUAL_POS] | [EVENT_N/A_ACTUAL_POS] --(CONTAINS)--> [EVENT_N/A_ACTUAL_POS],"""examen"" --(CONTAINS)--> ""angiographie"" | ""examen"" --(CONTAINS)--> ""tension"""
0,62,FR100161,[EVENT_N/A_ACTUAL_POS] --(CONTAINS)--> [EVENT_N/A_ACTUAL_POS] | [EVENT_N/A_ACTUAL_POS] --(CONTAINS)--> [EVENT_N/A_ACTUAL_POS],"""examens"" --(CONTAINS)--> ""Acti tests"" | ""examens"" --(CONTAINS)--> ""Fibro"""
0,62,FR100168,[EVENT_N/A_ACTUAL_POS] --(CONTAINS)--> [EVENT_N/A_ACTUAL_POS] | [EVENT_N/A_ACTUAL_POS] --(CONTAINS)--> [EVENT_N/A_ACTUAL_POS],"""suites"" --(CONTAINS)--> ""extubé"" | ""suites"" --(CONTAINS)--> ""bilan"""
0,62,FR100185,[EVENT_N/A_ACTUAL_POS] --(CONTAINS)--> [EVENT_N/A_ACTUAL_POS] | [EVENT_N/A_ACTUAL_POS] --(CONTAINS)--> [EVENT_N/A_ACTUAL_POS],"""accuse"" --(CONTAINS)--> ""Electromyogramme"" | ""accuse"" --(CONTAINS)--> ""examen"""
0,62,FR100255,[EVENT_N/A_ACTUAL_POS] --(CONTAINS)--> [EVENT_N/A_ACTUAL_POS] | [EVENT_N/A_ACTUAL_POS] --(CONTAINS)--> [EVENT_N/A_ACTUAL_POS],"""bilan"" --(CONTAINS)--> ""TCA"" | ""bilan"" --(CONTAINS)--> ""bilan"""
0,62,FR100275,[EVENT_N/A_ACTUAL_POS] --(CONTAINS)--> [EVENT_N/A_ACTUAL_POS] | [EVENT_N/A_ACTUAL_POS] --(CONTAINS)--> [EVENT_N/A_ACTUAL_POS],"""manœuvres"" --(CONTAINS)--> ""insufflations"" | ""manœuvres"" --(CONTAINS)--> ""dégagement"""
0,62,FR100276,[EVENT_N/A_ACTUAL_POS] --(CONTAINS)--> [EVENT_N/A_ACTUAL_POS] | [EVENT_N/A_ACTUAL_POS] --(CONTAINS)--> [EVENT_N/A_ACTUAL_POS],"""bilan"" --(CONTAINS)--> ""bilan"" | ""bilan"" --(CONTAINS)--> ""recherche"""
0,62,FR100283,[EVENT_N/A_ACTUAL_POS] --(CONTAINS)--> [EVENT_N/A_ACTUAL_POS] | [EVENT_N/A_ACTUAL_POS] --(CONTAINS)--> [EVENT_N/A_ACTUAL_POS],"""consulté"" --(CONTAINS)--> ""bilan"" | ""consulté"" --(CONTAINS)--> ""examen"""
0,62,FR100296,[EVENT_N/A_ACTUAL_POS] --(CONTAINS)--> [EVENT_N/A_ACTUAL_POS] | [EVENT_N/A_ACTUAL_POS] --(CONTAINS)--> [EVENT_N/A_ACTUAL_POS],"""phénomènes"" --(CONTAINS)--> ""froid"" | ""phénomènes"" --(CONTAINS)--> ""examen"""
0,62,FR100344,[EVENT_N/A_ACTUAL_POS] --(CONTAINS)--> [EVENT_N/A_ACTUAL_POS] | [EVENT_N/A_ACTUAL_POS] --(CONTAINS)--> [EVENT_N/A_ACTUAL_POS],"""césarienne"" --(CONTAINS)--> ""extraction"" | ""césarienne"" --(CONTAINS)--> ""laissé"""
0,62,FR100346,[EVENT_N/A_ACTUAL_POS] --(CONTAINS)--> [EVENT_N/A_ACTUAL_POS] | [EVENT_N/A_ACTUAL_POS] --(CONTAINS)--> [EVENT_N/A_ACTUAL_POS],"""enquête"" --(CONTAINS)--> ""bilan"" | ""enquête"" --(CONTAINS)--> ""réalisé"""
0,62,FR100360,[EVENT_N/A_ACTUAL_POS] --(CONTAINS)--> [EVENT_N/A_ACTUAL_POS] | [EVENT_N/A_ACTUAL_POS] --(CONTAINS)--> [EVENT_N/A_ACTUAL_POS],"""adénocarcinome"" --(CONTAINS)--> ""traitée"" | ""adénocarcinome"" --(CONTAINS)--> ""hysteroscopie"""
0,62,FR100361,[EVENT_N/A_ACTUAL_POS] --(CONTAINS)--> [EVENT_N/A_ACTUAL_POS] | [EVENT_N/A_ACTUAL_POS] --(CONTAINS)--> [EVENT_N/A_ACTUAL_POS],"""antécédent"" --(CONTAINS)--> ""stérilité"" | ""antécédent"" --(CONTAINS)--> ""écoulement"""
0,62,FR100371,[EVENT_N/A_ACTUAL_POS] --(CONTAINS)--> [EVENT_N/A_ACTUAL_POS] | [EVENT_N/A_ACTUAL_POS] --(CONTAINS)--> [EVENT_N/A_ACTUAL_POS],"""ablation"" --(CONTAINS)--> ""hémostase"" | ""ablation"" --(CONTAINS)--> ""incision"""
0,62,FR100400,[EVENT_N/A_ACTUAL_POS] --(CONTAINS)--> [EVENT_N/A_ACTUAL_POS] | [EVENT_N/A_ACTUAL_POS] --(CONTAINS)--> [EVENT_N/A_ACTUAL_POS],"""suivie"" --(CONTAINS)--> ""contrôles"" | ""suivie"" --(CONTAINS)--> ""consultation"""
0,62,FR100439,[EVENT_N/A_ACTUAL_POS] --(CONTAINS)--> [EVENT_N/A_ACTUAL_POS] | [EVENT_N/A_ACTUAL_POS] --(CONTAINS)--> [EVENT_N/A_ACTUAL_POS],"""obstruction"" --(CONTAINS)--> ""examen"" | ""obstruction"" --(CONTAINS)--> ""voix"""
0,62,FR100453,[EVENT_N/A_ACTUAL_POS] --(CONTAINS)--> [EVENT_N/A_ACTUAL_POS] | [EVENT_N/A_ACTUAL_POS] --(CONTAINS)--> [EVENT_N/A_ACTUAL_POS],"""développement"" --(CONTAINS)--> ""examen"" | ""développement"" --(CONTAINS)--> ""examen"""
0,62,FR100510,[EVENT_N/A_ACTUAL_POS] --(CONTAINS)--> [EVENT_N/A_ACTUAL_POS] | [EVENT_N/A_ACTUAL_POS] --(CONTAINS)--> [EVENT_N/A_ACTUAL_POS],"""intervention"" --(CONTAINS)--> ""résection"" | ""intervention"" --(CONTAINS)--> ""exposée"""
0,62,FR100515,[EVENT_N/A_ACTUAL_POS] --(CONTAINS)--> [EVENT_N/A_ACTUAL_POS] | [EVENT_N/A_ACTUAL_POS] --(CONTAINS)--> [EVENT_N/A_ACTUAL_POS],"""bilan"" --(CONTAINS)--> ""recherche"" | ""bilan"" --(CONTAINS)--> ""fibroscopie"""
0,62,FR100517,[EVENT_N/A_ACTUAL_POS] --(CONTAINS)--> [EVENT_N/A_ACTUAL_POS] | [EVENT_N/A_ACTUAL_POS] --(CONTAINS)--> [EVENT_N/A_ACTUAL_POS],"""traitement"" --(CONTAINS)--> ""corticothérapie"" | ""traitement"" --(CONTAINS)--> ""nivaquine"""
0,62,FR100519,[EVENT_N/A_ACTUAL_POS] --(CONTAINS)--> [EVENT_N/A_ACTUAL_POS] | [EVENT_N/A_ACTUAL_POS] --(CONTAINS)--> [EVENT_N/A_ACTUAL_POS],"""bilan"" --(CONTAINS)--> ""radiographie"" | ""bilan"" --(CONTAINS)--> ""ECG"""
0,62,FR100579,[EVENT_N/A_ACTUAL_POS] --(CONTAINS)--> [EVENT_N/A_ACTUAL_POS] | [EVENT_N/A_ACTUAL_POS] --(CONTAINS)--> [EVENT_N/A_ACTUAL_POS],"""processus"" --(CONTAINS)--> ""imagerie"" | ""processus"" --(CONTAINS)--> ""échocardiographie"""
0,62,FR100589,[EVENT_N/A_ACTUAL_POS] --(CONTAINS)--> [EVENT_N/A_ACTUAL_POS] | [EVENT_N/A_ACTUAL_POS] --(CONTAINS)--> [EVENT_N/A_ACTUAL_POS],"""bilan"" --(CONTAINS)--> ""myélogramme"" | ""bilan"" --(CONTAINS)--> ""sérologies"""
0,62,FR100597,[EVENT_N/A_ACTUAL_POS] --(CONTAINS)--> [EVENT_N/A_ACTUAL_POS] | [EVENT_N/A_ACTUAL_POS] --(CONTAINS)--> [EVENT_N/A_ACTUAL_POS],"""hystérectomie"" --(CONTAINS)--> ""annexectomie"" | ""hystérectomie"" --(CONTAINS)--> ""exérèse"""
0,62,FR100603,[EVENT_N/A_ACTUAL_POS] --(CONTAINS)--> [EVENT_N/A_ACTUAL_POS] | [EVENT_N/A_ACTUAL_POS] --(CONTAINS)--> [EVENT_N/A_ACTUAL_POS],"""endocardite"" --(CONTAINS)--> ""confirmé"" | ""endocardite"" --(CONTAINS)--> ""rapportons"""
0,62,FR100611,[EVENT_N/A_ACTUAL_POS] --(CONTAINS)--> [EVENT_N/A_ACTUAL_POS] | [EVENT_N/A_ACTUAL_POS] --(CONTAINS)--> [EVENT_N/A_ACTUAL_POS],"""traitement"" --(CONTAINS)--> ""quadrithérapie"" | ""traitement"" --(CONTAINS)--> ""corticothérapie"""
0,62,FR100620,[EVENT_N/A_ACTUAL_POS] --(CONTAINS)--> [EVENT_N/A_ACTUAL_POS] | [EVENT_N/A_ACTUAL_POS] --(CONTAINS)--> [EVENT_N/A_ACTUAL_POS],"""aspect"" --(CONTAINS)--> ""bronchoscopie"" | ""aspect"" --(CONTAINS)--> ""résultats"""
0,62,FR100629,[EVENT_N/A_ACTUAL_POS] --(CONTAINS)--> [EVENT_N/A_ACTUAL_POS] | [EVENT_N/A_ACTUAL_POS] --(CONTAINS)--> [EVENT_N/A_ACTUAL_POS],"""thoracoscopie"" --(CONTAINS)--> ""biopsie"" | ""thoracoscopie"" --(CONTAINS)--> ""immuno histochimie"""
0,62,FR100632,[EVENT_N/A_ACTUAL_POS] --(CONTAINS)--> [EVENT_N/A_ACTUAL_POS] | [EVENT_N/A_ACTUAL_POS] --(CONTAINS)--> [EVENT_N/A_ACTUAL_POS],"""enquête"" --(CONTAINS)--> ""taux"" | ""enquête"" --(CONTAINS)--> ""bilan"""
0,62,FR100658,[EVENT_N/A_ACTUAL_POS] --(CONTAINS)--> [EVENT_N/A_ACTUAL_POS] | [EVENT_N/A_ACTUAL_POS] --(CONTAINS)--> [EVENT_N/A_ACTUAL_POS],"""anesthésie"" --(CONTAINS)--> ""monitorage"" | ""anesthésie"" --(CONTAINS)--> ""intubé"""
0,62,FR100663,[EVENT_N/A_ACTUAL_POS] --(CONTAINS)--> [EVENT_N/A_ACTUAL_POS] | [EVENT_N/A_ACTUAL_POS] --(CONTAINS)--> [EVENT_N/A_ACTUAL_POS],"""grossesse"" --(CONTAINS)--> ""consultation"" | ""grossesse"" --(CONTAINS)--> ""examen"""
0,62,FR100666,[EVENT_N/A_ACTUAL_POS] --(CONTAINS)--> [EVENT_N/A_ACTUAL_POS] | [EVENT_N/A_ACTUAL_POS] --(CONTAINS)--> [EVENT_N/A_ACTUAL_POS],"""COPADEM"" --(CONTAINS)--> ""vincristine"" | ""COPADEM"" --(CONTAINS)--> ""doxorubicine"""
0,62,FR100683,[EVENT_N/A_ACTUAL_POS] --(CONTAINS)--> [EVENT_N/A_ACTUAL_POS] | [EVENT_N/A_ACTUAL_POS] --(CONTAINS)--> [EVENT_N/A_ACTUAL_POS],"""augmentation"" --(CONTAINS)--> ""LH"" | ""augmentation"" --(CONTAINS)--> ""FSH"""
0,62,FR100688,[EVENT_N/A_ACTUAL_POS] --(CONTAINS)--> [EVENT_N/A_ACTUAL_POS] | [EVENT_N/A_ACTUAL_POS] --(CONTAINS)--> [EVENT_N/A_ACTUAL_POS],"""bacille"" --(CONTAINS)--> ""analyse"" | ""bacille"" --(CONTAINS)--> ""examen"""
0,62,FR100689,[EVENT_N/A_ACTUAL_POS] --(CONTAINS)--> [EVENT_N/A_ACTUAL_POS] | [EVENT_N/A_ACTUAL_POS] --(CONTAINS)--> [EVENT_N/A_ACTUAL_POS],"""évolution"" --(CONTAINS)--> ""effacement"" | ""évolution"" --(CONTAINS)--> ""disparition"""
0,62,FR100697,[EVENT_N/A_ACTUAL_POS] --(CONTAINS)--> [EVENT_N/A_ACTUAL_POS] | [EVENT_N/A_ACTUAL_POS] --(CONTAINS)--> [EVENT_N/A_ACTUAL_POS],"""bilan"" --(CONTAINS)--> ""échographie"" | ""bilan"" --(CONTAINS)--> ""TDM"""
0,62,FR100708,[EVENT_N/A_ACTUAL_POS] --(CONTAINS)--> [EVENT_N/A_ACTUAL_POS] | [EVENT_N/A_ACTUAL_POS] --(CONTAINS)--> [EVENT_N/A_ACTUAL_POS],"""cas"" --(CONTAINS)--> ""second"" | ""cas"" --(CONTAINS)--> ""rapportons"""
0,62,FR100717,[EVENT_N/A_ACTUAL_POS] --(CONTAINS)--> [EVENT_N/A_ACTUAL_POS] | [EVENT_N/A_ACTUAL_POS] --(CONTAINS)--> [EVENT_N/A_ACTUAL_POS],"""évolution"" --(CONTAINS)--> ""disparition"" | ""évolution"" --(CONTAINS)--> ""reprise"""
0,62,FR100748,[EVENT_N/A_ACTUAL_POS] --(CONTAINS)--> [EVENT_N/A_ACTUAL_POS] | [EVENT_N/A_ACTUAL_POS] --(CONTAINS)--> [EVENT_N/A_ACTUAL_POS],"""examen"" --(CONTAINS)--> ""auscultation"" | ""examen"" --(CONTAINS)--> ""tension"""
0,62,FR100780,[EVENT_N/A_ACTUAL_POS] --(CONTAINS)--> [EVENT_N/A_ACTUAL_POS] | [EVENT_N/A_ACTUAL_POS] --(CONTAINS)--> [EVENT_N/A_ACTUAL_POS],"""circuit"" --(CONTAINS)--> ""héparine"" | ""circuit"" --(CONTAINS)--> ""héparine"""
0,62,FR100814,[EVENT_N/A_ACTUAL_POS] --(CONTAINS)--> [EVENT_N/A_ACTUAL_POS] | [EVENT_N/A_ACTUAL_POS] --(CONTAINS)--> [EVENT_N/A_ACTUAL_POS],"""IRM"" --(CONTAINS)--> ""injection"" | ""IRM"" --(CONTAINS)--> ""iso-signal"""
0,62,FR100845,[EVENT_N/A_ACTUAL_POS] --(CONTAINS)--> [EVENT_N/A_ACTUAL_POS] | [EVENT_N/A_ACTUAL_POS] --(CONTAINS)--> [EVENT_N/A_ACTUAL_POS],"""examen"" --(CONTAINS)--> ""toucher"" | ""examen"" --(CONTAINS)--> ""spéculum"""
0,62,FR100874,[EVENT_N/A_ACTUAL_POS] --(CONTAINS)--> [EVENT_N/A_ACTUAL_POS] | [EVENT_N/A_ACTUAL_POS] --(CONTAINS)--> [EVENT_N/A_ACTUAL_POS],"""constantes"" --(CONTAINS)--> ""pression"" | ""constantes"" --(CONTAINS)--> ""température"""
0,62,FR100882,[EVENT_N/A_ACTUAL_POS] --(CONTAINS)--> [EVENT_N/A_ACTUAL_POS] | [EVENT_N/A_ACTUAL_POS] --(CONTAINS)--> [EVENT_N/A_ACTUAL_POS],"""troubles"" --(CONTAINS)--> ""miction"" | ""troubles"" --(CONTAINS)--> ""admise"""
0,62,FR100883,[EVENT_N/A_ACTUAL_POS] --(CONTAINS)--> [EVENT_N/A_ACTUAL_POS] | [EVENT_N/A_ACTUAL_POS] --(CONTAINS)--> [EVENT_N/A_ACTUAL_POS],"""reçu"" --(CONTAINS)--> ""radiothérapie"" | ""reçu"" --(CONTAINS)--> ""cures"""
0,62,FR100894,[EVENT_N/A_ACTUAL_POS] --(CONTAINS)--> [EVENT_N/A_ACTUAL_POS] | [EVENT_N/A_ACTUAL_POS] --(CONTAINS)--> [EVENT_N/A_ACTUAL_POS],"""reçu"" --(CONTAINS)--> ""appuyés"" | ""reçu"" --(CONTAINS)--> ""plaignait"""
0,62,FR100903,[EVENT_N/A_ACTUAL_POS] --(CONTAINS)--> [EVENT_N/A_ACTUAL_POS] | [EVENT_N/A_ACTUAL_POS] --(CONTAINS)--> [EVENT_N/A_ACTUAL_POS],"""échographie"" --(CONTAINS)--> ""visualisation"" | ""échographie"" --(CONTAINS)--> ""visualisé"""
0,62,FR100919,[EVENT_N/A_ACTUAL_POS] --(CONTAINS)--> [EVENT_N/A_ACTUAL_POS] | [EVENT_N/A_ACTUAL_POS] --(CONTAINS)--> [EVENT_N/A_ACTUAL_POS],"""signes"" --(CONTAINS)--> ""rapportons"" | ""signes"" --(CONTAINS)--> ""bilans"""
0,62,FR100921,[EVENT_N/A_ACTUAL_POS] --(CONTAINS)--> [EVENT_N/A_ACTUAL_POS] | [EVENT_N/A_ACTUAL_POS] --(CONTAINS)--> [EVENT_N/A_ACTUAL_POS],"""douleur"" --(CONTAINS)--> ""palpation"" | ""douleur"" --(CONTAINS)--> ""rapportons"""
0,62,FR100925,[EVENT_N/A_ACTUAL_POS] --(CONTAINS)--> [EVENT_N/A_ACTUAL_POS] | [EVENT_N/A_ACTUAL_POS] --(CONTAINS)--> [EVENT_N/A_ACTUAL_POS],"""pic"" --(CONTAINS)--> ""électrophorèse"" | ""pic"" --(CONTAINS)--> ""arguments"""
0,62,FR100944,[EVENT_N/A_ACTUAL_POS] --(CONTAINS)--> [EVENT_N/A_ACTUAL_POS] | [EVENT_N/A_ACTUAL_POS] --(CONTAINS)--> [EVENT_N/A_ACTUAL_POS],"""complication"" --(CONTAINS)--> ""traiter"" | ""complication"" --(CONTAINS)--> ""reconnaître"""
0,62,FR100946,[EVENT_N/A_ACTUAL_POS] --(CONTAINS)--> [EVENT_N/A_ACTUAL_POS] | [EVENT_N/A_ACTUAL_POS] --(CONTAINS)--> [EVENT_N/A_ACTUAL_POS],"""compliquées"" --(CONTAINS)--> ""lourdeur"" | ""compliquées"" --(CONTAINS)--> ""crises"""
0,62,FR100959,[EVENT_N/A_ACTUAL_POS] --(CONTAINS)--> [EVENT_N/A_ACTUAL_POS] | [EVENT_N/A_ACTUAL_POS] --(CONTAINS)--> [EVENT_N/A_ACTUAL_POS],"""œsophagoscopie"" --(CONTAINS)--> ""permis"" | ""œsophagoscopie"" --(CONTAINS)--> ""extraction"""
0,62,FR100960,[EVENT_N/A_ACTUAL_POS] --(CONTAINS)--> [EVENT_N/A_ACTUAL_POS] | [EVENT_N/A_ACTUAL_POS] --(CONTAINS)--> [EVENT_N/A_ACTUAL_POS],"""consulté"" --(CONTAINS)--> ""étude"" | ""consulté"" --(CONTAINS)--> ""scanner"""
0,62,FR100998,[EVENT_N/A_ACTUAL_POS] --(CONTAINS)--> [EVENT_N/A_ACTUAL_POS] | [EVENT_N/A_ACTUAL_POS] --(CONTAINS)--> [EVENT_N/A_ACTUAL_POS],"""traitée"" --(CONTAINS)--> ""développé"" | ""traitée"" --(CONTAINS)--> ""cycles"""
129,61,FR100003,[EVENT_N/A_ACTUAL_POS] --(BEFORE)--> [EVENT_N/A_ACTUAL_POS] | [EVENT_N/A_ACTUAL_POS] --(BEFORE)--> [EVENT_N/A_ACTUAL_POS] | [EVENT_N/A_ACTUAL_POS] --(BEFORE)--> [EVENT_N/A_ACTUAL_POS],"""injection"" --(BEFORE)--> ""ponction"" | ""ponction"" --(BEFORE)--> ""examen"" | ""examen"" --(BEFORE)--> ""examen"""
129,61,FR100092,[EVENT_N/A_ACTUAL_POS] --(BEFORE)--> [EVENT_N/A_ACTUAL_POS] | [EVENT_N/A_ACTUAL_POS] --(BEFORE)--> [EVENT_N/A_ACTUAL_POS] | [EVENT_N/A_ACTUAL_POS] --(BEFORE)--> [EVENT_N/A_ACTUAL_POS],"""examen"" --(BEFORE)--> ""examen"" | ""examen"" --(BEFORE)--> ""échographie"" | ""échographie"" --(BEFORE)--> ""tableau"""
129,61,FR100120,[EVENT_N/A_ACTUAL_POS] --(BEFORE)--> [EVENT_N/A_ACTUAL_POS] | [EVENT_N/A_ACTUAL_POS] --(BEFORE)--> [EVENT_N/A_ACTUAL_POS] | [EVENT_N/A_ACTUAL_POS] --(BEFORE)--> [EVENT_N/A_ACTUAL_POS],"""rattaché"" --(BEFORE)--> ""traitement"" | ""traitement"" --(BEFORE)--> ""retirées"" | ""retirées"" --(BEFORE)--> ""conclure"""
129,61,FR100130,[EVENT_N/A_ACTUAL_POS] --(BEFORE)--> [EVENT_N/A_ACTUAL_POS] | [EVENT_N/A_ACTUAL_POS] --(BEFORE)--> [EVENT_N/A_ACTUAL_POS] | [EVENT_N/A_ACTUAL_POS] --(BEFORE)--> [EVENT_N/A_ACTUAL_POS],"""confirmé"" --(BEFORE)--> ""recherche"" | ""recherche"" --(BEFORE)--> ""séjour"" | ""séjour"" --(BEFORE)--> ""bilan"""
129,61,FR100132,[EVENT_N/A_ACTUAL_POS] --(BEFORE)--> [EVENT_N/A_ACTUAL_POS] | [EVENT_N/A_ACTUAL_POS] --(BEFORE)--> [EVENT_N/A_ACTUAL_POS] | [EVENT_N/A_ACTUAL_POS] --(BEFORE)--> [EVENT_N/A_ACTUAL_POS],"""palpation"" --(BEFORE)--> ""histologie"" | ""histologie"" --(BEFORE)--> ""examen"" | ""examen"" --(BEFORE)--> ""écho-Doppler"""
129,61,FR100142,[EVENT_N/A_ACTUAL_POS] --(BEFORE)--> [EVENT_N/A_ACTUAL_POS] | [EVENT_N/A_ACTUAL_POS] --(BEFORE)--> [EVENT_N/A_ACTUAL_POS] | [EVENT_N/A_ACTUAL_POS] --(BEFORE)--> [EVENT_N/A_ACTUAL_POS],"""électrophorèse"" --(BEFORE)--> ""scanner"" | ""scanner"" --(BEFORE)--> ""fibroscopie"" | ""fibroscopie"" --(BEFORE)--> ""biopsie"""
129,61,FR100161,[EVENT_N/A_ACTUAL_POS] --(BEFORE)--> [EVENT_N/A_ACTUAL_POS] | [EVENT_N/A_ACTUAL_POS] --(BEFORE)--> [EVENT_N/A_ACTUAL_POS] | [EVENT_N/A_ACTUAL_POS] --(BEFORE)--> [EVENT_N/A_ACTUAL_POS],"""examens"" --(BEFORE)--> ""radiographie"" | ""radiographie"" --(BEFORE)--> ""complément"" | ""complément"" --(BEFORE)--> ""cortisol"""
129,61,FR100168,[EVENT_N/A_ACTUAL_POS] --(BEFORE)--> [EVENT_N/A_ACTUAL_POS] | [EVENT_N/A_ACTUAL_POS] --(BEFORE)--> [EVENT_N/A_ACTUAL_POS] | [EVENT_N/A_ACTUAL_POS] --(BEFORE)--> [EVENT_N/A_ACTUAL_POS],"""transfusion"" --(BEFORE)--> ""bilan"" | ""bilan"" --(BEFORE)--> ""tests"" | ""tests"" --(BEFORE)--> ""entretien"""
129,61,FR100255,[EVENT_N/A_ACTUAL_POS] --(BEFORE)--> [EVENT_N/A_ACTUAL_POS] | [EVENT_N/A_ACTUAL_POS] --(BEFORE)--> [EVENT_N/A_ACTUAL_POS] | [EVENT_N/A_ACTUAL_POS] --(BEFORE)--> [EVENT_N/A_ACTUAL_POS],"""réveillée"" --(BEFORE)--> ""radio"" | ""radio"" --(BEFORE)--> ""TDM"" | ""TDM"" --(BEFORE)--> ""bilan"""
129,61,FR100275,[EVENT_N/A_ACTUAL_POS] --(BEFORE)--> [EVENT_N/A_ACTUAL_POS] | [EVENT_N/A_ACTUAL_POS] --(BEFORE)--> [EVENT_N/A_ACTUAL_POS] | [EVENT_N/A_ACTUAL_POS] --(BEFORE)--> [EVENT_N/A_ACTUAL_POS],"""découverte"" --(BEFORE)--> ""arrivée"" | ""arrivée"" --(BEFORE)--> ""établi"" | ""établi"" --(BEFORE)--> ""manœuvres"""
129,61,FR100276,[EVENT_N/A_ACTUAL_POS] --(BEFORE)--> [EVENT_N/A_ACTUAL_POS] | [EVENT_N/A_ACTUAL_POS] --(BEFORE)--> [EVENT_N/A_ACTUAL_POS] | [EVENT_N/A_ACTUAL_POS] --(BEFORE)--> [EVENT_N/A_ACTUAL_POS],"""accouchement"" --(BEFORE)--> ""reste"" | ""reste"" --(BEFORE)--> ""bilan"" | ""bilan"" --(BEFORE)--> ""régression"""
129,61,FR100282,[EVENT_N/A_ACTUAL_POS] --(BEFORE)--> [EVENT_N/A_ACTUAL_POS] | [EVENT_N/A_ACTUAL_POS] --(BEFORE)--> [EVENT_N/A_ACTUAL_POS] | [EVENT_N/A_ACTUAL_POS] --(BEFORE)--> [EVENT_N/A_ACTUAL_POS],"""examen"" --(BEFORE)--> ""électroencéphalogramme"" | ""électroencéphalogramme"" --(BEFORE)--> ""scanner"" | ""scanner"" --(BEFORE)--> ""conclus"""
129,61,FR100283,[EVENT_N/A_ACTUAL_POS] --(BEFORE)--> [EVENT_N/A_ACTUAL_POS] | [EVENT_N/A_ACTUAL_POS] --(BEFORE)--> [EVENT_N/A_ACTUAL_POS] | [EVENT_N/A_ACTUAL_POS] --(BEFORE)--> [EVENT_N/A_ACTUAL_POS],"""IRM"" --(BEFORE)--> ""hypophysiogramme"" | ""hypophysiogramme"" --(BEFORE)--> ""traitement"" | ""traitement"" --(BEFORE)--> ""évolution"""
129,61,FR100296,[EVENT_N/A_ACTUAL_POS] --(BEFORE)--> [EVENT_N/A_ACTUAL_POS] | [EVENT_N/A_ACTUAL_POS] --(BEFORE)--> [EVENT_N/A_ACTUAL_POS] | [EVENT_N/A_ACTUAL_POS] --(BEFORE)--> [EVENT_N/A_ACTUAL_POS],"""examen"" --(BEFORE)--> ""IRM"" | ""IRM"" --(BEFORE)--> ""fenestration"" | ""fenestration"" --(BEFORE)--> ""suites"""
129,61,FR100314,[EVENT_N/A_ACTUAL_POS] --(BEFORE)--> [EVENT_N/A_ACTUAL_POS] | [EVENT_N/A_ACTUAL_POS] --(BEFORE)--> [EVENT_N/A_ACTUAL_POS] | [EVENT_N/A_ACTUAL_POS] --(BEFORE)--> [EVENT_N/A_ACTUAL_POS],"""signes"" --(BEFORE)--> ""angio-scanner"" | ""angio-scanner"" --(BEFORE)--> ""amputation"" | ""amputation"" --(BEFORE)--> ""mise"""
129,61,FR100344,[EVENT_N/A_ACTUAL_POS] --(BEFORE)--> [EVENT_N/A_ACTUAL_POS] | [EVENT_N/A_ACTUAL_POS] --(BEFORE)--> [EVENT_N/A_ACTUAL_POS] | [EVENT_N/A_ACTUAL_POS] --(BEFORE)--> [EVENT_N/A_ACTUAL_POS],"""déroulée"" --(BEFORE)--> ""plainte"" | ""plainte"" --(BEFORE)--> ""examen"" | ""examen"" --(BEFORE)--> ""césarienne"""
129,61,FR100346,[EVENT_N/A_ACTUAL_POS] --(BEFORE)--> [EVENT_N/A_ACTUAL_POS] | [EVENT_N/A_ACTUAL_POS] --(BEFORE)--> [EVENT_N/A_ACTUAL_POS] | [EVENT_N/A_ACTUAL_POS] --(BEFORE)--> [EVENT_N/A_ACTUAL_POS],"""gazométrie"" --(BEFORE)--> ""reste"" | ""reste"" --(BEFORE)--> ""radiographie"" | ""radiographie"" --(BEFORE)--> ""angioscanner"""
129,61,FR100360,[EVENT_N/A_ACTUAL_POS] --(BEFORE)--> [EVENT_N/A_ACTUAL_POS] | [EVENT_N/A_ACTUAL_POS] --(BEFORE)--> [EVENT_N/A_ACTUAL_POS] | [EVENT_N/A_ACTUAL_POS] --(BEFORE)--> [EVENT_N/A_ACTUAL_POS],"""tomodensitométrie"" --(BEFORE)--> ""complément"" | ""complément"" --(BEFORE)--> ""biopsie"" | ""biopsie"" --(BEFORE)--> ""étude"""
129,61,FR100361,[EVENT_N/A_ACTUAL_POS] --(BEFORE)--> [EVENT_N/A_ACTUAL_POS] | [EVENT_N/A_ACTUAL_POS] --(BEFORE)--> [EVENT_N/A_ACTUAL_POS] | [EVENT_N/A_ACTUAL_POS] --(BEFORE)--> [EVENT_N/A_ACTUAL_POS],"""scanner"" --(BEFORE)--> ""IRM"" | ""IRM"" --(BEFORE)--> ""MR"" | ""MR"" --(BEFORE)--> ""étude"""
129,61,FR100371,[EVENT_N/A_ACTUAL_POS] --(BEFORE)--> [EVENT_N/A_ACTUAL_POS] | [EVENT_N/A_ACTUAL_POS] --(BEFORE)--> [EVENT_N/A_ACTUAL_POS] | [EVENT_N/A_ACTUAL_POS] --(BEFORE)--> [EVENT_N/A_ACTUAL_POS],"""incision"" --(BEFORE)--> ""suite"" | ""suite"" --(BEFORE)--> ""sortie"" | ""sortie"" --(BEFORE)--> ""perdue"""
129,61,FR100400,[EVENT_N/A_ACTUAL_POS] --(BEFORE)--> [EVENT_N/A_ACTUAL_POS] | [EVENT_N/A_ACTUAL_POS] --(BEFORE)--> [EVENT_N/A_ACTUAL_POS] | [EVENT_N/A_ACTUAL_POS] --(BEFORE)--> [EVENT_N/A_ACTUAL_POS],"""histoire"" --(BEFORE)--> ""examen"" | ""examen"" --(BEFORE)--> ""bilan"" | ""bilan"" --(BEFORE)--> ""Radiographie"""
129,61,FR100439,[EVENT_N/A_ACTUAL_POS] --(BEFORE)--> [EVENT_N/A_ACTUAL_POS] | [EVENT_N/A_ACTUAL_POS] --(BEFORE)--> [EVENT_N/A_ACTUAL_POS] | [EVENT_N/A_ACTUAL_POS] --(BEFORE)--> [EVENT_N/A_ACTUAL_POS],"""prélèvements"" --(BEFORE)--> ""IRM"" | ""IRM"" --(BEFORE)--> ""scanner"" | ""scanner"" --(BEFORE)--> ""endoscopie"""
129,61,FR100448,[EVENT_N/A_ACTUAL_POS] --(BEFORE)--> [EVENT_N/A_ACTUAL_POS] | [EVENT_N/A_ACTUAL_POS] --(BEFORE)--> [EVENT_N/A_ACTUAL_POS] | [EVENT_N/A_ACTUAL_POS] --(BEFORE)--> [EVENT_N/A_ACTUAL_POS],"""échotomographie"" --(BEFORE)--> ""hémi thyroïdectomie"" | ""hémi thyroïdectomie"" --(BEFORE)--> ""examen"" | ""examen"" --(BEFORE)--> ""histochimie"""
129,61,FR100480,[EVENT_N/A_ACTUAL_POS] --(BEFORE)--> [EVENT_N/A_ACTUAL_POS] | [EVENT_N/A_ACTUAL_POS] --(BEFORE)--> [EVENT_N/A_ACTUAL_POS] | [EVENT_N/A_ACTUAL_POS] --(BEFORE)--> [EVENT_N/A_ACTUAL_POS],"""imagerie"" --(BEFORE)--> ""bilan"" | ""bilan"" --(BEFORE)--> ""scanner"" | ""scanner"" --(BEFORE)--> ""Tomographie"""
129,61,FR100515,[EVENT_N/A_ACTUAL_POS] --(BEFORE)--> [EVENT_N/A_ACTUAL_POS] | [EVENT_N/A_ACTUAL_POS] --(BEFORE)--> [EVENT_N/A_ACTUAL_POS] | [EVENT_N/A_ACTUAL_POS] --(BEFORE)--> [EVENT_N/A_ACTUAL_POS],"""bilan"" --(BEFORE)--> ""bilan"" | ""bilan"" --(BEFORE)--> ""prescrits"" | ""prescrits"" --(BEFORE)--> ""corticothérapie"""
129,61,FR100517,[EVENT_N/A_ACTUAL_POS] --(BEFORE)--> [EVENT_N/A_ACTUAL_POS] | [EVENT_N/A_ACTUAL_POS] --(BEFORE)--> [EVENT_N/A_ACTUAL_POS] | [EVENT_N/A_ACTUAL_POS] --(BEFORE)--> [EVENT_N/A_ACTUAL_POS],"""électromyogramme"" --(BEFORE)--> ""bilan"" | ""bilan"" --(BEFORE)--> ""explorations"" | ""explorations"" --(BEFORE)--> ""porté"""
129,61,FR100519,[EVENT_N/A_ACTUAL_POS] --(BEFORE)--> [EVENT_N/A_ACTUAL_POS] | [EVENT_N/A_ACTUAL_POS] --(BEFORE)--> [EVENT_N/A_ACTUAL_POS] | [EVENT_N/A_ACTUAL_POS] --(BEFORE)--> [EVENT_N/A_ACTUAL_POS],"""transfusion"" --(BEFORE)--> ""tomodensitométrie"" | ""tomodensitométrie"" --(BEFORE)--> ""laparotomie"" | ""laparotomie"" --(BEFORE)--> ""suites"""
129,61,FR100579,[EVENT_N/A_ACTUAL_POS] --(BEFORE)--> [EVENT_N/A_ACTUAL_POS] | [EVENT_N/A_ACTUAL_POS] --(BEFORE)--> [EVENT_N/A_ACTUAL_POS] | [EVENT_N/A_ACTUAL_POS] --(BEFORE)--> [EVENT_N/A_ACTUAL_POS],"""radiographie"" --(BEFORE)--> ""échocardiographie"" | ""échocardiographie"" --(BEFORE)--> ""angio-scanner"" | ""angio-scanner"" --(BEFORE)--> ""imagerie"""
129,61,FR100589,[EVENT_N/A_ACTUAL_POS] --(BEFORE)--> [EVENT_N/A_ACTUAL_POS] | [EVENT_N/A_ACTUAL_POS] --(BEFORE)--> [EVENT_N/A_ACTUAL_POS] | [EVENT_N/A_ACTUAL_POS] --(BEFORE)--> [EVENT_N/A_ACTUAL_POS],"""lavage"" --(BEFORE)--> ""biopsies"" | ""biopsies"" --(BEFORE)--> ""exploration"" | ""exploration"" --(BEFORE)--> ""hémogramme"""
129,61,FR100597,[EVENT_N/A_ACTUAL_POS] --(BEFORE)--> [EVENT_N/A_ACTUAL_POS] | [EVENT_N/A_ACTUAL_POS] --(BEFORE)--> [EVENT_N/A_ACTUAL_POS] | [EVENT_N/A_ACTUAL_POS] --(BEFORE)--> [EVENT_N/A_ACTUAL_POS],"""marqueurs"" --(BEFORE)--> ""décidée"" | ""décidée"" --(BEFORE)--> ""laparotomie"" | ""laparotomie"" --(BEFORE)--> ""hystérectomie"""
129,61,FR100611,[EVENT_N/A_ACTUAL_POS] --(BEFORE)--> [EVENT_N/A_ACTUAL_POS] | [EVENT_N/A_ACTUAL_POS] --(BEFORE)--> [EVENT_N/A_ACTUAL_POS] | [EVENT_N/A_ACTUAL_POS] --(BEFORE)--> [EVENT_N/A_ACTUAL_POS],"""examen"" --(BEFORE)--> ""PCR"" | ""PCR"" --(BEFORE)--> ""TDM"" | ""TDM"" --(BEFORE)--> ""biopsie"""
129,61,FR100614,[EVENT_N/A_ACTUAL_POS] --(BEFORE)--> [EVENT_N/A_ACTUAL_POS] | [EVENT_N/A_ACTUAL_POS] --(BEFORE)--> [EVENT_N/A_ACTUAL_POS] | [EVENT_N/A_ACTUAL_POS] --(BEFORE)--> [EVENT_N/A_ACTUAL_POS],"""échographique"" --(BEFORE)--> ""tomodensitométrie"" | ""tomodensitométrie"" --(BEFORE)--> ""radiographie"" | ""radiographie"" --(BEFORE)--> ""taux"""
129,61,FR100620,[EVENT_N/A_ACTUAL_POS] --(BEFORE)--> [EVENT_N/A_ACTUAL_POS] | [EVENT_N/A_ACTUAL_POS] --(BEFORE)--> [EVENT_N/A_ACTUAL_POS] | [EVENT_N/A_ACTUAL_POS] --(BEFORE)--> [EVENT_N/A_ACTUAL_POS],"""radiographie"" --(BEFORE)--> ""demandé"" | ""demandé"" --(BEFORE)--> ""aspect"" | ""aspect"" --(BEFORE)--> ""bronchoscopie"""
129,61,FR100623,[EVENT_N/A_ACTUAL_POS] --(BEFORE)--> [EVENT_N/A_ACTUAL_POS] | [EVENT_N/A_ACTUAL_POS] --(BEFORE)--> [EVENT_N/A_ACTUAL_POS] | [EVENT_N/A_ACTUAL_POS] --(BEFORE)--> [EVENT_N/A_ACTUAL_POS],"""tomodensitométrie"" --(BEFORE)--> ""retenu"" | ""retenu"" --(BEFORE)--> ""prise"" | ""prise"" --(BEFORE)--> ""analyse"""
129,61,FR100629,[EVENT_N/A_ACTUAL_POS] --(BEFORE)--> [EVENT_N/A_ACTUAL_POS] | [EVENT_N/A_ACTUAL_POS] --(BEFORE)--> [EVENT_N/A_ACTUAL_POS] | [EVENT_N/A_ACTUAL_POS] --(BEFORE)--> [EVENT_N/A_ACTUAL_POS],"""marquage"" --(BEFORE)--> ""bilan"" | ""bilan"" --(BEFORE)--> ""décision"" | ""décision"" --(BEFORE)--> ""chimiothérapie"""
129,61,FR100632,[EVENT_N/A_ACTUAL_POS] --(BEFORE)--> [EVENT_N/A_ACTUAL_POS] | [EVENT_N/A_ACTUAL_POS] --(BEFORE)--> [EVENT_N/A_ACTUAL_POS] | [EVENT_N/A_ACTUAL_POS] --(BEFORE)--> [EVENT_N/A_ACTUAL_POS],"""IRM"" --(BEFORE)--> ""étude"" | ""étude"" --(BEFORE)--> ""numération"" | ""numération"" --(BEFORE)--> ""vitesse"""
129,61,FR100663,[EVENT_N/A_ACTUAL_POS] --(BEFORE)--> [EVENT_N/A_ACTUAL_POS] | [EVENT_N/A_ACTUAL_POS] --(BEFORE)--> [EVENT_N/A_ACTUAL_POS] | [EVENT_N/A_ACTUAL_POS] --(BEFORE)--> [EVENT_N/A_ACTUAL_POS],"""ligature"" --(BEFORE)--> ""incisée"" | ""incisée"" --(BEFORE)--> ""vérifié"" | ""vérifié"" --(BEFORE)--> ""assuré"""
129,61,FR100666,[EVENT_N/A_ACTUAL_POS] --(BEFORE)--> [EVENT_N/A_ACTUAL_POS] | [EVENT_N/A_ACTUAL_POS] --(BEFORE)--> [EVENT_N/A_ACTUAL_POS] | [EVENT_N/A_ACTUAL_POS] --(BEFORE)--> [EVENT_N/A_ACTUAL_POS],"""étude"" --(BEFORE)--> ""adressé"" | ""adressé"" --(BEFORE)--> ""bilan"" | ""bilan"" --(BEFORE)--> ""myologramme"""
129,61,FR100683,[EVENT_N/A_ACTUAL_POS] --(BEFORE)--> [EVENT_N/A_ACTUAL_POS] | [EVENT_N/A_ACTUAL_POS] --(BEFORE)--> [EVENT_N/A_ACTUAL_POS] | [EVENT_N/A_ACTUAL_POS] --(BEFORE)--> [EVENT_N/A_ACTUAL_POS],"""exploration"" --(BEFORE)--> ""IRM"" | ""IRM"" --(BEFORE)--> ""écho-mammographie"" | ""écho-mammographie"" --(BEFORE)--> ""osteodensitométrie"""
129,61,FR100688,[EVENT_N/A_ACTUAL_POS] --(BEFORE)--> [EVENT_N/A_ACTUAL_POS] | [EVENT_N/A_ACTUAL_POS] --(BEFORE)--> [EVENT_N/A_ACTUAL_POS] | [EVENT_N/A_ACTUAL_POS] --(BEFORE)--> [EVENT_N/A_ACTUAL_POS],"""radiographie"" --(BEFORE)--> ""incision"" | ""incision"" --(BEFORE)--> ""analyse"" | ""analyse"" --(BEFORE)--> ""traitement"""
129,61,FR100689,[EVENT_N/A_ACTUAL_POS] --(BEFORE)--> [EVENT_N/A_ACTUAL_POS] | [EVENT_N/A_ACTUAL_POS] --(BEFORE)--> [EVENT_N/A_ACTUAL_POS] | [EVENT_N/A_ACTUAL_POS] --(BEFORE)--> [EVENT_N/A_ACTUAL_POS],"""ionogramme"" --(BEFORE)--> ""examen"" | ""examen"" --(BEFORE)--> ""retenu"" | ""retenu"" --(BEFORE)--> ""évolution"""
129,61,FR100697,[EVENT_N/A_ACTUAL_POS] --(BEFORE)--> [EVENT_N/A_ACTUAL_POS] | [EVENT_N/A_ACTUAL_POS] --(BEFORE)--> [EVENT_N/A_ACTUAL_POS] | [EVENT_N/A_ACTUAL_POS] --(BEFORE)--> [EVENT_N/A_ACTUAL_POS],"""palpation"" --(BEFORE)--> ""examen"" | ""examen"" --(BEFORE)--> ""mammographie"" | ""mammographie"" --(BEFORE)--> ""échographie"""
129,61,FR100708,[EVENT_N/A_ACTUAL_POS] --(BEFORE)--> [EVENT_N/A_ACTUAL_POS] | [EVENT_N/A_ACTUAL_POS] --(BEFORE)--> [EVENT_N/A_ACTUAL_POS] | [EVENT_N/A_ACTUAL_POS] --(BEFORE)--> [EVENT_N/A_ACTUAL_POS],"""mammographie"" --(BEFORE)--> ""échographie"" | ""échographie"" --(BEFORE)--> ""ponction"" | ""ponction"" --(BEFORE)--> ""étude"""
129,61,FR100717,[EVENT_N/A_ACTUAL_POS] --(BEFORE)--> [EVENT_N/A_ACTUAL_POS] | [EVENT_N/A_ACTUAL_POS] --(BEFORE)--> [EVENT_N/A_ACTUAL_POS] | [EVENT_N/A_ACTUAL_POS] --(BEFORE)--> [EVENT_N/A_ACTUAL_POS],"""traitement"" --(BEFORE)--> ""examen"" | ""examen"" --(BEFORE)--> ""examens"" | ""examens"" --(BEFORE)--> ""scanner"""
129,61,FR100748,[EVENT_N/A_ACTUAL_POS] --(BEFORE)--> [EVENT_N/A_ACTUAL_POS] | [EVENT_N/A_ACTUAL_POS] --(BEFORE)--> [EVENT_N/A_ACTUAL_POS] | [EVENT_N/A_ACTUAL_POS] --(BEFORE)--> [EVENT_N/A_ACTUAL_POS],"""mobilisation"" --(BEFORE)--> ""suites"" | ""suites"" --(BEFORE)--> ""transférée"" | ""transférée"" --(BEFORE)--> ""regagné"""
129,61,FR100780,[EVENT_N/A_ACTUAL_POS] --(BEFORE)--> [EVENT_N/A_ACTUAL_POS] | [EVENT_N/A_ACTUAL_POS] --(BEFORE)--> [EVENT_N/A_ACTUAL_POS] | [EVENT_N/A_ACTUAL_POS] --(BEFORE)--> [EVENT_N/A_ACTUAL_POS],"""admise"" --(BEFORE)--> ""examen"" | ""examen"" --(BEFORE)--> ""toucher"" | ""toucher"" --(BEFORE)--> ""échographie"""
129,61,FR100806,[EVENT_N/A_ACTUAL_POS] --(BEFORE)--> [EVENT_N/A_ACTUAL_POS] | [EVENT_N/A_ACTUAL_POS] --(BEFORE)--> [EVENT_N/A_ACTUAL_POS] | [EVENT_N/A_ACTUAL_POS] --(BEFORE)--> [EVENT_N/A_ACTUAL_POS],"""examen"" --(BEFORE)--> ""biologie"" | ""biologie"" --(BEFORE)--> ""hospitalisée"" | ""hospitalisée"" --(BEFORE)--> ""transfusion"""
129,61,FR100814,[EVENT_N/A_ACTUAL_POS] --(BEFORE)--> [EVENT_N/A_ACTUAL_POS] | [EVENT_N/A_ACTUAL_POS] --(BEFORE)--> [EVENT_N/A_ACTUAL_POS] | [EVENT_N/A_ACTUAL_POS] --(BEFORE)--> [EVENT_N/A_ACTUAL_POS],"""IRM"" --(BEFORE)--> ""diagnostic"" | ""diagnostic"" --(BEFORE)--> ""réséquée"" | ""réséquée"" --(BEFORE)--> ""examen"""
129,61,FR100826,[EVENT_N/A_ACTUAL_POS] --(BEFORE)--> [EVENT_N/A_ACTUAL_POS] | [EVENT_N/A_ACTUAL_POS] --(BEFORE)--> [EVENT_N/A_ACTUAL_POS] | [EVENT_N/A_ACTUAL_POS] --(BEFORE)--> [EVENT_N/A_ACTUAL_POS],"""examen"" --(BEFORE)--> ""bilan"" | ""bilan"" --(BEFORE)--> ""bilan"" | ""bilan"" --(BEFORE)--> ""retenue"""
129,61,FR100845,[EVENT_N/A_ACTUAL_POS] --(BEFORE)--> [EVENT_N/A_ACTUAL_POS] | [EVENT_N/A_ACTUAL_POS] --(BEFORE)--> [EVENT_N/A_ACTUAL_POS] | [EVENT_N/A_ACTUAL_POS] --(BEFORE)--> [EVENT_N/A_ACTUAL_POS],"""Consulte"" --(BEFORE)--> ""examen"" | ""examen"" --(BEFORE)--> ""examen"" | ""examen"" --(BEFORE)--> ""échographie"""
129,61,FR100849,[EVENT_N/A_ACTUAL_POS] --(BEFORE)--> [EVENT_N/A_ACTUAL_POS] | [EVENT_N/A_ACTUAL_POS] --(BEFORE)--> [EVENT_N/A_ACTUAL_POS] | [EVENT_N/A_ACTUAL_POS] --(BEFORE)--> [EVENT_N/A_ACTUAL_POS],"""admission"" --(BEFORE)--> ""tomodensitométrie"" | ""tomodensitométrie"" --(BEFORE)--> ""acheminé"" | ""acheminé"" --(BEFORE)--> ""suites"""
129,61,FR100870,[EVENT_N/A_ACTUAL_POS] --(BEFORE)--> [EVENT_N/A_ACTUAL_POS] | [EVENT_N/A_ACTUAL_POS] --(BEFORE)--> [EVENT_N/A_ACTUAL_POS] | [EVENT_N/A_ACTUAL_POS] --(BEFORE)--> [EVENT_N/A_ACTUAL_POS],"""retenu"" --(BEFORE)--> ""radiothérapie"" | ""radiothérapie"" --(BEFORE)--> ""admis"" | ""admis"" --(BEFORE)--> ""imagerie"""
129,61,FR100874,[EVENT_N/A_ACTUAL_POS] --(BEFORE)--> [EVENT_N/A_ACTUAL_POS] | [EVENT_N/A_ACTUAL_POS] --(BEFORE)--> [EVENT_N/A_ACTUAL_POS] | [EVENT_N/A_ACTUAL_POS] --(BEFORE)--> [EVENT_N/A_ACTUAL_POS],"""tomodensitométrie"" --(BEFORE)--> ""retenu"" | ""retenu"" --(BEFORE)--> ""mise"" | ""mise"" --(BEFORE)--> ""diverticulectomie"""
129,61,FR100882,[EVENT_N/A_ACTUAL_POS] --(BEFORE)--> [EVENT_N/A_ACTUAL_POS] | [EVENT_N/A_ACTUAL_POS] --(BEFORE)--> [EVENT_N/A_ACTUAL_POS] | [EVENT_N/A_ACTUAL_POS] --(BEFORE)--> [EVENT_N/A_ACTUAL_POS],"""IRM"" --(BEFORE)--> ""scanner"" | ""scanner"" --(BEFORE)--> ""laminectomie"" | ""laminectomie"" --(BEFORE)--> ""suites"""
129,61,FR100883,[EVENT_N/A_ACTUAL_POS] --(BEFORE)--> [EVENT_N/A_ACTUAL_POS] | [EVENT_N/A_ACTUAL_POS] --(BEFORE)--> [EVENT_N/A_ACTUAL_POS] | [EVENT_N/A_ACTUAL_POS] --(BEFORE)--> [EVENT_N/A_ACTUAL_POS],"""TDM"" --(BEFORE)--> ""biopsie"" | ""biopsie"" --(BEFORE)--> ""bilan"" | ""bilan"" --(BEFORE)--> ""reçu"""
129,61,FR100894,[EVENT_N/A_ACTUAL_POS] --(BEFORE)--> [EVENT_N/A_ACTUAL_POS] | [EVENT_N/A_ACTUAL_POS] --(BEFORE)--> [EVENT_N/A_ACTUAL_POS] | [EVENT_N/A_ACTUAL_POS] --(BEFORE)--> [EVENT_N/A_ACTUAL_POS],"""appuyés"" --(BEFORE)--> ""diagnostic"" | ""diagnostic"" --(BEFORE)--> ""pris"" | ""pris"" --(BEFORE)--> ""incision"""
129,61,FR100903,[EVENT_N/A_ACTUAL_POS] --(BEFORE)--> [EVENT_N/A_ACTUAL_POS] | [EVENT_N/A_ACTUAL_POS] --(BEFORE)--> [EVENT_N/A_ACTUAL_POS] | [EVENT_N/A_ACTUAL_POS] --(BEFORE)--> [EVENT_N/A_ACTUAL_POS],"""échographie"" --(BEFORE)--> ""IRM"" | ""IRM"" --(BEFORE)--> ""diagnostic"" | ""diagnostic"" --(BEFORE)--> ""écarté"""
129,61,FR100946,[EVENT_N/A_ACTUAL_POS] --(BEFORE)--> [EVENT_N/A_ACTUAL_POS] | [EVENT_N/A_ACTUAL_POS] --(BEFORE)--> [EVENT_N/A_ACTUAL_POS] | [EVENT_N/A_ACTUAL_POS] --(BEFORE)--> [EVENT_N/A_ACTUAL_POS],"""IRM"" --(BEFORE)--> ""analyse"" | ""analyse"" --(BEFORE)--> ""mise"" | ""mise"" --(BEFORE)--> ""exérèse"""
129,61,FR100986,[EVENT_N/A_ACTUAL_POS] --(BEFORE)--> [EVENT_N/A_ACTUAL_POS] | [EVENT_N/A_ACTUAL_POS] --(BEFORE)--> [EVENT_N/A_ACTUAL_POS] | [EVENT_N/A_ACTUAL_POS] --(BEFORE)--> [EVENT_N/A_ACTUAL_POS],"""mise"" --(BEFORE)--> ""hospitalisée"" | ""hospitalisée"" --(BEFORE)--> ""découverte"" | ""découverte"" --(BEFORE)--> ""rapportons"""
129,61,FR100996,[EVENT_N/A_ACTUAL_POS] --(BEFORE)--> [EVENT_N/A_ACTUAL_POS] | [EVENT_N/A_ACTUAL_POS] --(BEFORE)--> [EVENT_N/A_ACTUAL_POS] | [EVENT_N/A_ACTUAL_POS] --(BEFORE)--> [EVENT_N/A_ACTUAL_POS],"""injection"" --(BEFORE)--> ""retenu"" | ""retenu"" --(BEFORE)--> ""chirurgical"" | ""chirurgical"" --(BEFORE)--> ""suites"""
129,61,FR100998,[EVENT_N/A_ACTUAL_POS] --(BEFORE)--> [EVENT_N/A_ACTUAL_POS] | [EVENT_N/A_ACTUAL_POS] --(BEFORE)--> [EVENT_N/A_ACTUAL_POS] | [EVENT_N/A_ACTUAL_POS] --(BEFORE)--> [EVENT_N/A_ACTUAL_POS],"""test"" --(BEFORE)--> ""diagnostic"" | ""diagnostic"" --(BEFORE)--> ""traitée"" | ""traitée"" --(BEFORE)--> ""bilan"""
25,56,FR100003,[EVENT_N/A_ACTUAL_POS] --(CONTAINS)--> [EVENT_N/A_ACTUAL_POS] | [EVENT_N/A_ACTUAL_POS] --(BEFORE)--> [EVENT_N/A_ACTUAL_POS] | [EVENT_N/A_ACTUAL_POS] --(BEFORE)--> [EVENT_N/A_ACTUAL_POS] | [EVENT_N/A_ACTUAL_POS] --(BEFORE)--> [EVENT_N/A_ACTUAL_POS],"""délabrement"" --(CONTAINS)--> ""panoramique"" | ""panoramique"" --(BEFORE)--> ""ponction"" | ""ponction"" --(BEFORE)--> ""examen"" | ""examen"" --(BEFORE)--> ""examen"""
25,56,FR100092,[EVENT_N/A_ACTUAL_POS] --(CONTAINS)--> [EVENT_N/A_ACTUAL_POS] | [EVENT_N/A_ACTUAL_POS] --(BEFORE)--> [EVENT_N/A_ACTUAL_POS] | [EVENT_N/A_ACTUAL_POS] --(BEFORE)--> [EVENT_N/A_ACTUAL_POS] | [EVENT_N/A_ACTUAL_POS] --(BEFORE)--> [EVENT_N/A_ACTUAL_POS],"""minilaparotomie"" --(CONTAINS)--> ""reste"" | ""reste"" --(BEFORE)--> ""étude"" | ""étude"" --(BEFORE)--> ""suites"" | ""suites"" --(BEFORE)--> ""sortante"""
25,56,FR100120,[EVENT_N/A_ACTUAL_POS] --(CONTAINS)--> [EVENT_N/A_ACTUAL_POS] | [EVENT_N/A_ACTUAL_POS] --(BEFORE)--> [EVENT_N/A_ACTUAL_POS] | [EVENT_N/A_ACTUAL_POS] --(BEFORE)--> [EVENT_N/A_ACTUAL_POS] | [EVENT_N/A_ACTUAL_POS] --(BEFORE)--> [EVENT_N/A_ACTUAL_POS],"""retard"" --(CONTAINS)--> ""rattaché"" | ""rattaché"" --(BEFORE)--> ""traitement"" | ""traitement"" --(BEFORE)--> ""retirées"" | ""retirées"" --(BEFORE)--> ""conclure"""
25,56,FR100130,[EVENT_N/A_ACTUAL_POS] --(CONTAINS)--> [EVENT_N/A_ACTUAL_POS] | [EVENT_N/A_ACTUAL_POS] --(BEFORE)--> [EVENT_N/A_ACTUAL_POS] | [EVENT_N/A_ACTUAL_POS] --(BEFORE)--> [EVENT_N/A_ACTUAL_POS] | [EVENT_N/A_ACTUAL_POS] --(BEFORE)--> [EVENT_N/A_ACTUAL_POS],"""sensibilité"" --(CONTAINS)--> ""examen"" | ""examen"" --(BEFORE)--> ""biologie"" | ""biologie"" --(BEFORE)--> ""glycémie"" | ""glycémie"" --(BEFORE)--> ""confirmé"""
25,56,FR100132,[EVENT_N/A_ACTUAL_POS] --(CONTAINS)--> [EVENT_N/A_ACTUAL_POS] | [EVENT_N/A_ACTUAL_POS] --(BEFORE)--> [EVENT_N/A_ACTUAL_POS] | [EVENT_N/A_ACTUAL_POS] --(BEFORE)--> [EVENT_N/A_ACTUAL_POS] | [EVENT_N/A_ACTUAL_POS] --(BEFORE)--> [EVENT_N/A_ACTUAL_POS],"""examen"" --(CONTAINS)--> ""palpation"" | ""palpation"" --(BEFORE)--> ""histologie"" | ""histologie"" --(BEFORE)--> ""examen"" | ""examen"" --(BEFORE)--> ""écho-Doppler"""
25,56,FR100142,[EVENT_N/A_ACTUAL_POS] --(CONTAINS)--> [EVENT_N/A_ACTUAL_POS] | [EVENT_N/A_ACTUAL_POS] --(BEFORE)--> [EVENT_N/A_ACTUAL_POS] | [EVENT_N/A_ACTUAL_POS] --(BEFORE)--> [EVENT_N/A_ACTUAL_POS] | [EVENT_N/A_ACTUAL_POS] --(BEFORE)--> [EVENT_N/A_ACTUAL_POS],"""éléments"" --(CONTAINS)--> ""biopsie"" | ""biopsie"" --(BEFORE)--> ""étude"" | ""étude"" --(BEFORE)--> ""sérologie"" | ""sérologie"" --(BEFORE)--> ""évolution"""
25,56,FR100161,[EVENT_N/A_ACTUAL_POS] --(CONTAINS)--> [EVENT_N/A_ACTUAL_POS] | [EVENT_N/A_ACTUAL_POS] --(BEFORE)--> [EVENT_N/A_ACTUAL_POS] | [EVENT_N/A_ACTUAL_POS] --(BEFORE)--> [EVENT_N/A_ACTUAL_POS] | [EVENT_N/A_ACTUAL_POS] --(BEFORE)--> [EVENT_N/A_ACTUAL_POS],"""sérologie"" --(CONTAINS)--> ""examens"" | ""examens"" --(BEFORE)--> ""radiographie"" | ""radiographie"" --(BEFORE)--> ""complément"" | ""complément"" --(BEFORE)--> ""cortisol"""
25,56,FR100255,[EVENT_N/A_ACTUAL_POS] --(CONTAINS)--> [EVENT_N/A_ACTUAL_POS] | [EVENT_N/A_ACTUAL_POS] --(BEFORE)--> [EVENT_N/A_ACTUAL_POS] | [EVENT_N/A_ACTUAL_POS] --(BEFORE)--> [EVENT_N/A_ACTUAL_POS] | [EVENT_N/A_ACTUAL_POS] --(BEFORE)--> [EVENT_N/A_ACTUAL_POS],"""score"" --(CONTAINS)--> ""examen"" | ""examen"" --(BEFORE)--> ""examen"" | ""examen"" --(BEFORE)--> ""échographie"" | ""échographie"" --(BEFORE)--> ""mise"""
25,56,FR100275,[EVENT_N/A_ACTUAL_POS] --(CONTAINS)--> [EVENT_N/A_ACTUAL_POS] | [EVENT_N/A_ACTUAL_POS] --(BEFORE)--> [EVENT_N/A_ACTUAL_POS] | [EVENT_N/A_ACTUAL_POS] --(BEFORE)--> [EVENT_N/A_ACTUAL_POS] | [EVENT_N/A_ACTUAL_POS] --(BEFORE)--> [EVENT_N/A_ACTUAL_POS],"""voisin"" --(CONTAINS)--> ""arrivée"" | ""arrivée"" --(BEFORE)--> ""établi"" | ""établi"" --(BEFORE)--> ""manœuvres"" | ""manœuvres"" --(BEFORE)--> ""transféré"""
25,56,FR100276,[EVENT_N/A_ACTUAL_POS] --(CONTAINS)--> [EVENT_N/A_ACTUAL_POS] | [EVENT_N/A_ACTUAL_POS] --(BEFORE)--> [EVENT_N/A_ACTUAL_POS] | [EVENT_N/A_ACTUAL_POS] --(BEFORE)--> [EVENT_N/A_ACTUAL_POS] | [EVENT_N/A_ACTUAL_POS] --(BEFORE)--> [EVENT_N/A_ACTUAL_POS],"""aplasie"" --(CONTAINS)--> ""accouchement"" | ""accouchement"" --(BEFORE)--> ""reste"" | ""reste"" --(BEFORE)--> ""bilan"" | ""bilan"" --(BEFORE)--> ""régression"""
25,56,FR100283,[EVENT_N/A_ACTUAL_POS] --(CONTAINS)--> [EVENT_N/A_ACTUAL_POS] | [EVENT_N/A_ACTUAL_POS] --(BEFORE)--> [EVENT_N/A_ACTUAL_POS] | [EVENT_N/A_ACTUAL_POS] --(BEFORE)--> [EVENT_N/A_ACTUAL_POS] | [EVENT_N/A_ACTUAL_POS] --(BEFORE)--> [EVENT_N/A_ACTUAL_POS],"""sinusite"" --(CONTAINS)--> ""IRM"" | ""IRM"" --(BEFORE)--> ""hypophysiogramme"" | ""hypophysiogramme"" --(BEFORE)--> ""traitement"" | ""traitement"" --(BEFORE)--> ""évolution"""
25,56,FR100296,[EVENT_N/A_ACTUAL_POS] --(CONTAINS)--> [EVENT_N/A_ACTUAL_POS] | [EVENT_N/A_ACTUAL_POS] --(BEFORE)--> [EVENT_N/A_ACTUAL_POS] | [EVENT_N/A_ACTUAL_POS] --(BEFORE)--> [EVENT_N/A_ACTUAL_POS] | [EVENT_N/A_ACTUAL_POS] --(BEFORE)--> [EVENT_N/A_ACTUAL_POS],"""phénomènes"" --(CONTAINS)--> ""examen"" | ""examen"" --(BEFORE)--> ""IRM"" | ""IRM"" --(BEFORE)--> ""fenestration"" | ""fenestration"" --(BEFORE)--> ""suites"""
25,56,FR100314,[EVENT_N/A_ACTUAL_POS] --(CONTAINS)--> [EVENT_N/A_ACTUAL_POS] | [EVENT_N/A_ACTUAL_POS] --(BEFORE)--> [EVENT_N/A_ACTUAL_POS] | [EVENT_N/A_ACTUAL_POS] --(BEFORE)--> [EVENT_N/A_ACTUAL_POS] | [EVENT_N/A_ACTUAL_POS] --(BEFORE)--> [EVENT_N/A_ACTUAL_POS],"""traumatisme"" --(CONTAINS)--> ""admise"" | ""admise"" --(BEFORE)--> ""bilan"" | ""bilan"" --(BEFORE)--> ""drainage"" | ""drainage"" --(BEFORE)--> ""angio-scanner"""
25,56,FR100344,[EVENT_N/A_ACTUAL_POS] --(CONTAINS)--> [EVENT_N/A_ACTUAL_POS] | [EVENT_N/A_ACTUAL_POS] --(BEFORE)--> [EVENT_N/A_ACTUAL_POS] | [EVENT_N/A_ACTUAL_POS] --(BEFORE)--> [EVENT_N/A_ACTUAL_POS] | [EVENT_N/A_ACTUAL_POS] --(BEFORE)--> [EVENT_N/A_ACTUAL_POS],"""évolution"" --(CONTAINS)--> ""déroulée"" | ""déroulée"" --(BEFORE)--> ""plainte"" | ""plainte"" --(BEFORE)--> ""examen"" | ""examen"" --(BEFORE)--> ""césarienne"""
25,56,FR100346,[EVENT_N/A_ACTUAL_POS] --(CONTAINS)--> [EVENT_N/A_ACTUAL_POS] | [EVENT_N/A_ACTUAL_POS] --(BEFORE)--> [EVENT_N/A_ACTUAL_POS] | [EVENT_N/A_ACTUAL_POS] --(BEFORE)--> [EVENT_N/A_ACTUAL_POS] | [EVENT_N/A_ACTUAL_POS] --(BEFORE)--> [EVENT_N/A_ACTUAL_POS],"""lésions"" --(CONTAINS)--> ""angioscanner"" | ""angioscanner"" --(BEFORE)--> ""echo-dopler"" | ""echo-dopler"" --(BEFORE)--> ""IRM"" | ""IRM"" --(BEFORE)--> ""scanner"""
25,56,FR100360,[EVENT_N/A_ACTUAL_POS] --(CONTAINS)--> [EVENT_N/A_ACTUAL_POS] | [EVENT_N/A_ACTUAL_POS] --(BEFORE)--> [EVENT_N/A_ACTUAL_POS] | [EVENT_N/A_ACTUAL_POS] --(BEFORE)--> [EVENT_N/A_ACTUAL_POS] | [EVENT_N/A_ACTUAL_POS] --(BEFORE)--> [EVENT_N/A_ACTUAL_POS],"""lésion"" --(CONTAINS)--> ""tomodensitométrie"" | ""tomodensitométrie"" --(BEFORE)--> ""complément"" | ""complément"" --(BEFORE)--> ""biopsie"" | ""biopsie"" --(BEFORE)--> ""étude"""
25,56,FR100361,[EVENT_N/A_ACTUAL_POS] --(CONTAINS)--> [EVENT_N/A_ACTUAL_POS] | [EVENT_N/A_ACTUAL_POS] --(BEFORE)--> [EVENT_N/A_ACTUAL_POS] | [EVENT_N/A_ACTUAL_POS] --(BEFORE)--> [EVENT_N/A_ACTUAL_POS] | [EVENT_N/A_ACTUAL_POS] --(BEFORE)--> [EVENT_N/A_ACTUAL_POS],"""troubles"" --(CONTAINS)--> ""admise"" | ""admise"" --(BEFORE)--> ""examen"" | ""examen"" --(BEFORE)--> ""TDM"" | ""TDM"" --(BEFORE)--> ""ponction"""
25,56,FR100371,[EVENT_N/A_ACTUAL_POS] --(CONTAINS)--> [EVENT_N/A_ACTUAL_POS] | [EVENT_N/A_ACTUAL_POS] --(BEFORE)--> [EVENT_N/A_ACTUAL_POS] | [EVENT_N/A_ACTUAL_POS] --(BEFORE)--> [EVENT_N/A_ACTUAL_POS] | [EVENT_N/A_ACTUAL_POS] --(BEFORE)--> [EVENT_N/A_ACTUAL_POS],"""ablation"" --(CONTAINS)--> ""incision"" | ""incision"" --(BEFORE)--> ""suite"" | ""suite"" --(BEFORE)--> ""sortie"" | ""sortie"" --(BEFORE)--> ""perdue"""
25,56,FR100400,[EVENT_N/A_ACTUAL_POS] --(CONTAINS)--> [EVENT_N/A_ACTUAL_POS] | [EVENT_N/A_ACTUAL_POS] --(BEFORE)--> [EVENT_N/A_ACTUAL_POS] | [EVENT_N/A_ACTUAL_POS] --(BEFORE)--> [EVENT_N/A_ACTUAL_POS] | [EVENT_N/A_ACTUAL_POS] --(BEFORE)--> [EVENT_N/A_ACTUAL_POS],"""état"" --(CONTAINS)--> ""examen"" | ""examen"" --(BEFORE)--> ""bilan"" | ""bilan"" --(BEFORE)--> ""Radiographie"" | ""Radiographie"" --(BEFORE)--> ""échographie"""
25,56,FR100439,[EVENT_N/A_ACTUAL_POS] --(CONTAINS)--> [EVENT_N/A_ACTUAL_POS] | [EVENT_N/A_ACTUAL_POS] --(BEFORE)--> [EVENT_N/A_ACTUAL_POS] | [EVENT_N/A_ACTUAL_POS] --(BEFORE)--> [EVENT_N/A_ACTUAL_POS] | [EVENT_N/A_ACTUAL_POS] --(BEFORE)--> [EVENT_N/A_ACTUAL_POS],"""anesthésie"" --(CONTAINS)--> ""endoscopie"" | ""endoscopie"" --(BEFORE)--> ""biopsies"" | ""biopsies"" --(BEFORE)--> ""envoyées"" | ""envoyées"" --(BEFORE)--> ""analyse"""
25,56,FR100480,[EVENT_N/A_ACTUAL_POS] --(CONTAINS)--> [EVENT_N/A_ACTUAL_POS] | [EVENT_N/A_ACTUAL_POS] --(BEFORE)--> [EVENT_N/A_ACTUAL_POS] | [EVENT_N/A_ACTUAL_POS] --(BEFORE)--> [EVENT_N/A_ACTUAL_POS] | [EVENT_N/A_ACTUAL_POS] --(BEFORE)--> [EVENT_N/A_ACTUAL_POS],"""mélanome"" --(CONTAINS)--> ""analyse"" | ""analyse"" --(BEFORE)--> ""amputation"" | ""amputation"" --(BEFORE)--> ""examen"" | ""examen"" --(BEFORE)--> ""bilan"""
25,56,FR100515,[EVENT_N/A_ACTUAL_POS] --(CONTAINS)--> [EVENT_N/A_ACTUAL_POS] | [EVENT_N/A_ACTUAL_POS] --(BEFORE)--> [EVENT_N/A_ACTUAL_POS] | [EVENT_N/A_ACTUAL_POS] --(BEFORE)--> [EVENT_N/A_ACTUAL_POS] | [EVENT_N/A_ACTUAL_POS] --(BEFORE)--> [EVENT_N/A_ACTUAL_POS],"""déficit"" --(CONTAINS)--> ""testing"" | ""testing"" --(BEFORE)--> ""dosage"" | ""dosage"" --(BEFORE)--> ""bilan"" | ""bilan"" --(BEFORE)--> ""biopsie"""
25,56,FR100517,[EVENT_N/A_ACTUAL_POS] --(CONTAINS)--> [EVENT_N/A_ACTUAL_POS] | [EVENT_N/A_ACTUAL_POS] --(BEFORE)--> [EVENT_N/A_ACTUAL_POS] | [EVENT_N/A_ACTUAL_POS] --(BEFORE)--> [EVENT_N/A_ACTUAL_POS] | [EVENT_N/A_ACTUAL_POS] --(BEFORE)--> [EVENT_N/A_ACTUAL_POS],"""syndrome"" --(CONTAINS)--> ""bilan"" | ""bilan"" --(BEFORE)--> ""électromyogramme"" | ""électromyogramme"" --(BEFORE)--> ""bilan"" | ""bilan"" --(BEFORE)--> ""explorations"""
25,56,FR100519,[EVENT_N/A_ACTUAL_POS] --(CONTAINS)--> [EVENT_N/A_ACTUAL_POS] | [EVENT_N/A_ACTUAL_POS] --(BEFORE)--> [EVENT_N/A_ACTUAL_POS] | [EVENT_N/A_ACTUAL_POS] --(BEFORE)--> [EVENT_N/A_ACTUAL_POS] | [EVENT_N/A_ACTUAL_POS] --(BEFORE)--> [EVENT_N/A_ACTUAL_POS],"""opacité"" --(CONTAINS)--> ""bilan"" | ""bilan"" --(BEFORE)--> ""angioscanner"" | ""angioscanner"" --(BEFORE)--> ""échodoppler"" | ""échodoppler"" --(BEFORE)--> ""retenue"""
25,56,FR100579,[EVENT_N/A_ACTUAL_POS] --(CONTAINS)--> [EVENT_N/A_ACTUAL_POS] | [EVENT_N/A_ACTUAL_POS] --(BEFORE)--> [EVENT_N/A_ACTUAL_POS] | [EVENT_N/A_ACTUAL_POS] --(BEFORE)--> [EVENT_N/A_ACTUAL_POS] | [EVENT_N/A_ACTUAL_POS] --(BEFORE)--> [EVENT_N/A_ACTUAL_POS],"""consulte"" --(CONTAINS)--> ""radiographie"" | ""radiographie"" --(BEFORE)--> ""échocardiographie"" | ""échocardiographie"" --(BEFORE)--> ""angio-scanner"" | ""angio-scanner"" --(BEFORE)--> ""imagerie"""
25,56,FR100589,[EVENT_N/A_ACTUAL_POS] --(CONTAINS)--> [EVENT_N/A_ACTUAL_POS] | [EVENT_N/A_ACTUAL_POS] --(BEFORE)--> [EVENT_N/A_ACTUAL_POS] | [EVENT_N/A_ACTUAL_POS] --(BEFORE)--> [EVENT_N/A_ACTUAL_POS] | [EVENT_N/A_ACTUAL_POS] --(BEFORE)--> [EVENT_N/A_ACTUAL_POS],"""pneumopathie"" --(CONTAINS)--> ""diagnostic"" | ""diagnostic"" --(BEFORE)--> ""corticothérapie"" | ""corticothérapie"" --(BEFORE)--> ""adressé"" | ""adressé"" --(BEFORE)--> ""chimiothérapie"""
25,56,FR100597,[EVENT_N/A_ACTUAL_POS] --(CONTAINS)--> [EVENT_N/A_ACTUAL_POS] | [EVENT_N/A_ACTUAL_POS] --(BEFORE)--> [EVENT_N/A_ACTUAL_POS] | [EVENT_N/A_ACTUAL_POS] --(BEFORE)--> [EVENT_N/A_ACTUAL_POS] | [EVENT_N/A_ACTUAL_POS] --(BEFORE)--> [EVENT_N/A_ACTUAL_POS],"""consultation"" --(CONTAINS)--> ""examen"" | ""examen"" --(BEFORE)--> ""examen"" | ""examen"" --(BEFORE)--> ""examen"" | ""examen"" --(BEFORE)--> ""toucher"""
25,56,FR100611,[EVENT_N/A_ACTUAL_POS] --(CONTAINS)--> [EVENT_N/A_ACTUAL_POS] | [EVENT_N/A_ACTUAL_POS] --(BEFORE)--> [EVENT_N/A_ACTUAL_POS] | [EVENT_N/A_ACTUAL_POS] --(BEFORE)--> [EVENT_N/A_ACTUAL_POS] | [EVENT_N/A_ACTUAL_POS] --(BEFORE)--> [EVENT_N/A_ACTUAL_POS],"""épaississement"" --(CONTAINS)--> ""IRM"" | ""IRM"" --(BEFORE)--> ""étude"" | ""étude"" --(BEFORE)--> ""examen"" | ""examen"" --(BEFORE)--> ""cultures"""
25,56,FR100614,[EVENT_N/A_ACTUAL_POS] --(CONTAINS)--> [EVENT_N/A_ACTUAL_POS] | [EVENT_N/A_ACTUAL_POS] --(BEFORE)--> [EVENT_N/A_ACTUAL_POS] | [EVENT_N/A_ACTUAL_POS] --(BEFORE)--> [EVENT_N/A_ACTUAL_POS] | [EVENT_N/A_ACTUAL_POS] --(BEFORE)--> [EVENT_N/A_ACTUAL_POS],"""kyste"" --(CONTAINS)--> ""exploration"" | ""exploration"" --(BEFORE)--> ""rupture"" | ""rupture"" --(BEFORE)--> ""intervention"" | ""intervention"" --(BEFORE)--> ""résection"""
25,56,FR100620,[EVENT_N/A_ACTUAL_POS] --(CONTAINS)--> [EVENT_N/A_ACTUAL_POS] | [EVENT_N/A_ACTUAL_POS] --(BEFORE)--> [EVENT_N/A_ACTUAL_POS] | [EVENT_N/A_ACTUAL_POS] --(BEFORE)--> [EVENT_N/A_ACTUAL_POS] | [EVENT_N/A_ACTUAL_POS] --(BEFORE)--> [EVENT_N/A_ACTUAL_POS],"""aspect"" --(CONTAINS)--> ""bronchoscopie"" | ""bronchoscopie"" --(BEFORE)--> ""bilan"" | ""bilan"" --(BEFORE)--> ""bilan"" | ""bilan"" --(BEFORE)--> ""bilan"""
25,56,FR100623,[EVENT_N/A_ACTUAL_POS] --(CONTAINS)--> [EVENT_N/A_ACTUAL_POS] | [EVENT_N/A_ACTUAL_POS] --(BEFORE)--> [EVENT_N/A_ACTUAL_POS] | [EVENT_N/A_ACTUAL_POS] --(BEFORE)--> [EVENT_N/A_ACTUAL_POS] | [EVENT_N/A_ACTUAL_POS] --(BEFORE)--> [EVENT_N/A_ACTUAL_POS],"""matières"" --(CONTAINS)--> ""consulté"" | ""consulté"" --(BEFORE)--> ""examen"" | ""examen"" --(BEFORE)--> ""échographie"" | ""échographie"" --(BEFORE)--> ""tomodensitométrie"""
25,56,FR100629,[EVENT_N/A_ACTUAL_POS] --(CONTAINS)--> [EVENT_N/A_ACTUAL_POS] | [EVENT_N/A_ACTUAL_POS] --(BEFORE)--> [EVENT_N/A_ACTUAL_POS] | [EVENT_N/A_ACTUAL_POS] --(BEFORE)--> [EVENT_N/A_ACTUAL_POS] | [EVENT_N/A_ACTUAL_POS] --(BEFORE)--> [EVENT_N/A_ACTUAL_POS],"""syndrome"" --(CONTAINS)--> ""examen"" | ""examen"" --(BEFORE)--> ""radiographie"" | ""radiographie"" --(BEFORE)--> ""thoracoscopie"" | ""thoracoscopie"" --(BEFORE)--> ""marquage"""
25,56,FR100632,[EVENT_N/A_ACTUAL_POS] --(CONTAINS)--> [EVENT_N/A_ACTUAL_POS] | [EVENT_N/A_ACTUAL_POS] --(BEFORE)--> [EVENT_N/A_ACTUAL_POS] | [EVENT_N/A_ACTUAL_POS] --(BEFORE)--> [EVENT_N/A_ACTUAL_POS] | [EVENT_N/A_ACTUAL_POS] --(BEFORE)--> [EVENT_N/A_ACTUAL_POS],"""glycorachie"" --(CONTAINS)--> ""étude"" | ""étude"" --(BEFORE)--> ""numération"" | ""numération"" --(BEFORE)--> ""bilan"" | ""bilan"" --(BEFORE)--> ""enquête"""
25,56,FR100663,[EVENT_N/A_ACTUAL_POS] --(CONTAINS)--> [EVENT_N/A_ACTUAL_POS] | [EVENT_N/A_ACTUAL_POS] --(BEFORE)--> [EVENT_N/A_ACTUAL_POS] | [EVENT_N/A_ACTUAL_POS] --(BEFORE)--> [EVENT_N/A_ACTUAL_POS] | [EVENT_N/A_ACTUAL_POS] --(BEFORE)--> [EVENT_N/A_ACTUAL_POS],"""grossesse"" --(CONTAINS)--> ""examen"" | ""examen"" --(BEFORE)--> ""examen"" | ""examen"" --(BEFORE)--> ""échographie"" | ""échographie"" --(BEFORE)--> ""taux"""
25,56,FR100666,[EVENT_N/A_ACTUAL_POS] --(CONTAINS)--> [EVENT_N/A_ACTUAL_POS] | [EVENT_N/A_ACTUAL_POS] --(BEFORE)--> [EVENT_N/A_ACTUAL_POS] | [EVENT_N/A_ACTUAL_POS] --(BEFORE)--> [EVENT_N/A_ACTUAL_POS] | [EVENT_N/A_ACTUAL_POS] --(BEFORE)--> [EVENT_N/A_ACTUAL_POS],"""asymétrie"" --(CONTAINS)--> ""examen"" | ""examen"" --(BEFORE)--> ""examen"" | ""examen"" --(BEFORE)--> ""palpation"" | ""palpation"" --(BEFORE)--> ""radiographie"""
25,56,FR100683,[EVENT_N/A_ACTUAL_POS] --(CONTAINS)--> [EVENT_N/A_ACTUAL_POS] | [EVENT_N/A_ACTUAL_POS] --(BEFORE)--> [EVENT_N/A_ACTUAL_POS] | [EVENT_N/A_ACTUAL_POS] --(BEFORE)--> [EVENT_N/A_ACTUAL_POS] | [EVENT_N/A_ACTUAL_POS] --(BEFORE)--> [EVENT_N/A_ACTUAL_POS],"""indice"" --(CONTAINS)--> ""examen"" | ""examen"" --(BEFORE)--> ""exploration"" | ""exploration"" --(BEFORE)--> ""exploration"" | ""exploration"" --(BEFORE)--> ""IRM"""
25,56,FR100688,[EVENT_N/A_ACTUAL_POS] --(CONTAINS)--> [EVENT_N/A_ACTUAL_POS] | [EVENT_N/A_ACTUAL_POS] --(BEFORE)--> [EVENT_N/A_ACTUAL_POS] | [EVENT_N/A_ACTUAL_POS] --(BEFORE)--> [EVENT_N/A_ACTUAL_POS] | [EVENT_N/A_ACTUAL_POS] --(BEFORE)--> [EVENT_N/A_ACTUAL_POS],"""poids"" --(CONTAINS)--> ""examen"" | ""examen"" --(BEFORE)--> ""examen"" | ""examen"" --(BEFORE)--> ""examen"" | ""examen"" --(BEFORE)--> ""sérologie"""
25,56,FR100689,[EVENT_N/A_ACTUAL_POS] --(CONTAINS)--> [EVENT_N/A_ACTUAL_POS] | [EVENT_N/A_ACTUAL_POS] --(BEFORE)--> [EVENT_N/A_ACTUAL_POS] | [EVENT_N/A_ACTUAL_POS] --(BEFORE)--> [EVENT_N/A_ACTUAL_POS] | [EVENT_N/A_ACTUAL_POS] --(BEFORE)--> [EVENT_N/A_ACTUAL_POS],"""opacités"" --(CONTAINS)--> ""scanner"" | ""scanner"" --(BEFORE)--> ""hémogramme"" | ""hémogramme"" --(BEFORE)--> ""ionogramme"" | ""ionogramme"" --(BEFORE)--> ""examen"""
25,56,FR100697,[EVENT_N/A_ACTUAL_POS] --(CONTAINS)--> [EVENT_N/A_ACTUAL_POS] | [EVENT_N/A_ACTUAL_POS] --(BEFORE)--> [EVENT_N/A_ACTUAL_POS] | [EVENT_N/A_ACTUAL_POS] --(BEFORE)--> [EVENT_N/A_ACTUAL_POS] | [EVENT_N/A_ACTUAL_POS] --(BEFORE)--> [EVENT_N/A_ACTUAL_POS],"""lymphome"" --(CONTAINS)--> ""tout"" | ""tout"" --(BEFORE)--> ""bilan"" | ""bilan"" --(BEFORE)--> ""test"" | ""test"" --(BEFORE)--> ""adressée"""
25,56,FR100708,[EVENT_N/A_ACTUAL_POS] --(CONTAINS)--> [EVENT_N/A_ACTUAL_POS] | [EVENT_N/A_ACTUAL_POS] --(BEFORE)--> [EVENT_N/A_ACTUAL_POS] | [EVENT_N/A_ACTUAL_POS] --(BEFORE)--> [EVENT_N/A_ACTUAL_POS] | [EVENT_N/A_ACTUAL_POS] --(BEFORE)--> [EVENT_N/A_ACTUAL_POS],"""consulté"" --(CONTAINS)--> ""examen"" | ""examen"" --(BEFORE)--> ""mammographie"" | ""mammographie"" --(BEFORE)--> ""échographie"" | ""échographie"" --(BEFORE)--> ""ponction"""
25,56,FR100717,[EVENT_N/A_ACTUAL_POS] --(CONTAINS)--> [EVENT_N/A_ACTUAL_POS] | [EVENT_N/A_ACTUAL_POS] --(BEFORE)--> [EVENT_N/A_ACTUAL_POS] | [EVENT_N/A_ACTUAL_POS] --(BEFORE)--> [EVENT_N/A_ACTUAL_POS] | [EVENT_N/A_ACTUAL_POS] --(BEFORE)--> [EVENT_N/A_ACTUAL_POS],"""Lasègue"" --(CONTAINS)--> ""examen"" | ""examen"" --(BEFORE)--> ""examens"" | ""examens"" --(BEFORE)--> ""scanner"" | ""scanner"" --(BEFORE)--> ""IRM"""
25,56,FR100748,[EVENT_N/A_ACTUAL_POS] --(CONTAINS)--> [EVENT_N/A_ACTUAL_POS] | [EVENT_N/A_ACTUAL_POS] --(BEFORE)--> [EVENT_N/A_ACTUAL_POS] | [EVENT_N/A_ACTUAL_POS] --(BEFORE)--> [EVENT_N/A_ACTUAL_POS] | [EVENT_N/A_ACTUAL_POS] --(BEFORE)--> [EVENT_N/A_ACTUAL_POS],"""hospitalisation"" --(CONTAINS)--> ""indication"" | ""indication"" --(BEFORE)--> ""consultation"" | ""consultation"" --(BEFORE)--> ""ASA"" | ""ASA"" --(BEFORE)--> ""Nicardipine"""
25,56,FR100806,[EVENT_N/A_ACTUAL_POS] --(CONTAINS)--> [EVENT_N/A_ACTUAL_POS] | [EVENT_N/A_ACTUAL_POS] --(BEFORE)--> [EVENT_N/A_ACTUAL_POS] | [EVENT_N/A_ACTUAL_POS] --(BEFORE)--> [EVENT_N/A_ACTUAL_POS] | [EVENT_N/A_ACTUAL_POS] --(BEFORE)--> [EVENT_N/A_ACTUAL_POS],"""état"" --(CONTAINS)--> ""examen"" | ""examen"" --(BEFORE)--> ""biologie"" | ""biologie"" --(BEFORE)--> ""hospitalisée"" | ""hospitalisée"" --(BEFORE)--> ""transfusion"""
25,56,FR100814,[EVENT_N/A_ACTUAL_POS] --(CONTAINS)--> [EVENT_N/A_ACTUAL_POS] | [EVENT_N/A_ACTUAL_POS] --(BEFORE)--> [EVENT_N/A_ACTUAL_POS] | [EVENT_N/A_ACTUAL_POS] --(BEFORE)--> [EVENT_N/A_ACTUAL_POS] | [EVENT_N/A_ACTUAL_POS] --(BEFORE)--> [EVENT_N/A_ACTUAL_POS],"""processus"" --(CONTAINS)--> ""IRM"" | ""IRM"" --(BEFORE)--> ""diagnostic"" | ""diagnostic"" --(BEFORE)--> ""réséquée"" | ""réséquée"" --(BEFORE)--> ""examen"""
25,56,FR100826,[EVENT_N/A_ACTUAL_POS] --(CONTAINS)--> [EVENT_N/A_ACTUAL_POS] | [EVENT_N/A_ACTUAL_POS] --(BEFORE)--> [EVENT_N/A_ACTUAL_POS] | [EVENT_N/A_ACTUAL_POS] --(BEFORE)--> [EVENT_N/A_ACTUAL_POS] | [EVENT_N/A_ACTUAL_POS] --(BEFORE)--> [EVENT_N/A_ACTUAL_POS],"""draine"" --(CONTAINS)--> ""bilan"" | ""bilan"" --(BEFORE)--> ""bilan"" | ""bilan"" --(BEFORE)--> ""retenue"" | ""retenue"" --(BEFORE)--> ""exploration"""
25,56,FR100845,[EVENT_N/A_ACTUAL_POS] --(CONTAINS)--> [EVENT_N/A_ACTUAL_POS] | [EVENT_N/A_ACTUAL_POS] --(BEFORE)--> [EVENT_N/A_ACTUAL_POS] | [EVENT_N/A_ACTUAL_POS] --(BEFORE)--> [EVENT_N/A_ACTUAL_POS] | [EVENT_N/A_ACTUAL_POS] --(BEFORE)--> [EVENT_N/A_ACTUAL_POS],"""hauteur"" --(CONTAINS)--> ""examen"" | ""examen"" --(BEFORE)--> ""échographie"" | ""échographie"" --(BEFORE)--> ""radiographie"" | ""radiographie"" --(BEFORE)--> ""décision"""
25,56,FR100849,[EVENT_N/A_ACTUAL_POS] --(CONTAINS)--> [EVENT_N/A_ACTUAL_POS] | [EVENT_N/A_ACTUAL_POS] --(BEFORE)--> [EVENT_N/A_ACTUAL_POS] | [EVENT_N/A_ACTUAL_POS] --(BEFORE)--> [EVENT_N/A_ACTUAL_POS] | [EVENT_N/A_ACTUAL_POS] --(BEFORE)--> [EVENT_N/A_ACTUAL_POS],"""IMC"" --(CONTAINS)--> ""admission"" | ""admission"" --(BEFORE)--> ""tomodensitométrie"" | ""tomodensitométrie"" --(BEFORE)--> ""acheminé"" | ""acheminé"" --(BEFORE)--> ""suites"""
25,56,FR100870,[EVENT_N/A_ACTUAL_POS] --(CONTAINS)--> [EVENT_N/A_ACTUAL_POS] | [EVENT_N/A_ACTUAL_POS] --(BEFORE)--> [EVENT_N/A_ACTUAL_POS] | [EVENT_N/A_ACTUAL_POS] --(BEFORE)--> [EVENT_N/A_ACTUAL_POS] | [EVENT_N/A_ACTUAL_POS] --(BEFORE)--> [EVENT_N/A_ACTUAL_POS],"""anémie"" --(CONTAINS)--> ""hémogramme"" | ""hémogramme"" --(BEFORE)--> ""bilan"" | ""bilan"" --(BEFORE)--> ""IRM"" | ""IRM"" --(BEFORE)--> ""électrophorèse"""
25,56,FR100874,[EVENT_N/A_ACTUAL_POS] --(CONTAINS)--> [EVENT_N/A_ACTUAL_POS] | [EVENT_N/A_ACTUAL_POS] --(BEFORE)--> [EVENT_N/A_ACTUAL_POS] | [EVENT_N/A_ACTUAL_POS] --(BEFORE)--> [EVENT_N/A_ACTUAL_POS] | [EVENT_N/A_ACTUAL_POS] --(BEFORE)--> [EVENT_N/A_ACTUAL_POS],"""perte"" --(CONTAINS)--> ""examen"" | ""examen"" --(BEFORE)--> ""hémogramme"" | ""hémogramme"" --(BEFORE)--> ""fibroscopie"" | ""fibroscopie"" --(BEFORE)--> ""transit"""
25,56,FR100882,[EVENT_N/A_ACTUAL_POS] --(CONTAINS)--> [EVENT_N/A_ACTUAL_POS] | [EVENT_N/A_ACTUAL_POS] --(BEFORE)--> [EVENT_N/A_ACTUAL_POS] | [EVENT_N/A_ACTUAL_POS] --(BEFORE)--> [EVENT_N/A_ACTUAL_POS] | [EVENT_N/A_ACTUAL_POS] --(BEFORE)--> [EVENT_N/A_ACTUAL_POS],"""troubles"" --(CONTAINS)--> ""admise"" | ""admise"" --(BEFORE)--> ""examen"" | ""examen"" --(BEFORE)--> ""examen"" | ""examen"" --(BEFORE)--> ""examen"""
25,56,FR100883,[EVENT_N/A_ACTUAL_POS] --(CONTAINS)--> [EVENT_N/A_ACTUAL_POS] | [EVENT_N/A_ACTUAL_POS] --(BEFORE)--> [EVENT_N/A_ACTUAL_POS] | [EVENT_N/A_ACTUAL_POS] --(BEFORE)--> [EVENT_N/A_ACTUAL_POS] | [EVENT_N/A_ACTUAL_POS] --(BEFORE)--> [EVENT_N/A_ACTUAL_POS],"""admission"" --(CONTAINS)--> ""TDM"" | ""TDM"" --(BEFORE)--> ""biopsie"" | ""biopsie"" --(BEFORE)--> ""bilan"" | ""bilan"" --(BEFORE)--> ""reçu"""
25,56,FR100894,[EVENT_N/A_ACTUAL_POS] --(CONTAINS)--> [EVENT_N/A_ACTUAL_POS] | [EVENT_N/A_ACTUAL_POS] --(BEFORE)--> [EVENT_N/A_ACTUAL_POS] | [EVENT_N/A_ACTUAL_POS] --(BEFORE)--> [EVENT_N/A_ACTUAL_POS] | [EVENT_N/A_ACTUAL_POS] --(BEFORE)--> [EVENT_N/A_ACTUAL_POS],"""reçu"" --(CONTAINS)--> ""appuyés"" | ""appuyés"" --(BEFORE)--> ""diagnostic"" | ""diagnostic"" --(BEFORE)--> ""pris"" | ""pris"" --(BEFORE)--> ""incision"""
25,56,FR100903,[EVENT_N/A_ACTUAL_POS] --(CONTAINS)--> [EVENT_N/A_ACTUAL_POS] | [EVENT_N/A_ACTUAL_POS] --(BEFORE)--> [EVENT_N/A_ACTUAL_POS] | [EVENT_N/A_ACTUAL_POS] --(BEFORE)--> [EVENT_N/A_ACTUAL_POS] | [EVENT_N/A_ACTUAL_POS] --(BEFORE)--> [EVENT_N/A_ACTUAL_POS],"""allongés"" --(CONTAINS)--> ""échographie"" | ""échographie"" --(BEFORE)--> ""IRM"" | ""IRM"" --(BEFORE)--> ""diagnostic"" | ""diagnostic"" --(BEFORE)--> ""écarté"""
25,56,FR100946,[EVENT_N/A_ACTUAL_POS] --(CONTAINS)--> [EVENT_N/A_ACTUAL_POS] | [EVENT_N/A_ACTUAL_POS] --(BEFORE)--> [EVENT_N/A_ACTUAL_POS] | [EVENT_N/A_ACTUAL_POS] --(BEFORE)--> [EVENT_N/A_ACTUAL_POS] | [EVENT_N/A_ACTUAL_POS] --(BEFORE)--> [EVENT_N/A_ACTUAL_POS],"""tumeur"" --(CONTAINS)--> ""analyse"" | ""analyse"" --(BEFORE)--> ""mise"" | ""mise"" --(BEFORE)--> ""analyse"" | ""analyse"" --(BEFORE)--> ""mise"""
25,56,FR100986,[EVENT_N/A_ACTUAL_POS] --(CONTAINS)--> [EVENT_N/A_ACTUAL_POS] | [EVENT_N/A_ACTUAL_POS] --(BEFORE)--> [EVENT_N/A_ACTUAL_POS] | [EVENT_N/A_ACTUAL_POS] --(BEFORE)--> [EVENT_N/A_ACTUAL_POS] | [EVENT_N/A_ACTUAL_POS] --(BEFORE)--> [EVENT_N/A_ACTUAL_POS],"""antécédents"" --(CONTAINS)--> ""mise"" | ""mise"" --(BEFORE)--> ""hospitalisée"" | ""hospitalisée"" --(BEFORE)--> ""découverte"" | ""découverte"" --(BEFORE)--> ""rapportons"""
25,56,FR100996,[EVENT_N/A_ACTUAL_POS] --(CONTAINS)--> [EVENT_N/A_ACTUAL_POS] | [EVENT_N/A_ACTUAL_POS] --(BEFORE)--> [EVENT_N/A_ACTUAL_POS] | [EVENT_N/A_ACTUAL_POS] --(BEFORE)--> [EVENT_N/A_ACTUAL_POS] | [EVENT_N/A_ACTUAL_POS] --(BEFORE)--> [EVENT_N/A_ACTUAL_POS],"""paroi"" --(CONTAINS)--> ""injection"" | ""injection"" --(BEFORE)--> ""retenu"" | ""retenu"" --(BEFORE)--> ""chirurgical"" | ""chirurgical"" --(BEFORE)--> ""suites"""
13,55,FR100003,[EVENT_N/A_ACTUAL_POS] --(CONTAINS)--> [EVENT_N/A_ACTUAL_POS] | [EVENT_N/A_ACTUAL_POS] --(BEFORE)--> [EVENT_N/A_ACTUAL_POS],"""observation"" --(CONTAINS)--> ""consulte"" | ""observation"" --(BEFORE)--> ""rapportons"""
13,55,FR100092,[EVENT_N/A_ACTUAL_POS] --(CONTAINS)--> [EVENT_N/A_ACTUAL_POS] | [EVENT_N/A_ACTUAL_POS] --(BEFORE)--> [EVENT_N/A_ACTUAL_POS],"""reste"" --(CONTAINS)--> ""appendicectomie"" | ""reste"" --(BEFORE)--> ""étude"""
13,55,FR100130,[EVENT_N/A_ACTUAL_POS] --(CONTAINS)--> [EVENT_N/A_ACTUAL_POS] | [EVENT_N/A_ACTUAL_POS] --(BEFORE)--> [EVENT_N/A_ACTUAL_POS],"""bilan"" --(CONTAINS)--> ""recherchée"" | ""bilan"" --(BEFORE)--> ""suspectée"""
13,55,FR100132,[EVENT_N/A_ACTUAL_POS] --(CONTAINS)--> [EVENT_N/A_ACTUAL_POS] | [EVENT_N/A_ACTUAL_POS] --(BEFORE)--> [EVENT_N/A_ACTUAL_POS],"""consultation"" --(CONTAINS)--> ""référée"" | ""consultation"" --(BEFORE)--> ""examen"""
13,55,FR100161,[EVENT_N/A_ACTUAL_POS] --(CONTAINS)--> [EVENT_N/A_ACTUAL_POS] | [EVENT_N/A_ACTUAL_POS] --(BEFORE)--> [EVENT_N/A_ACTUAL_POS],"""examens"" --(CONTAINS)--> ""Acti tests"" | ""examens"" --(BEFORE)--> ""radiographie"""
13,55,FR100168,[EVENT_N/A_ACTUAL_POS] --(CONTAINS)--> [EVENT_N/A_ACTUAL_POS] | [EVENT_N/A_ACTUAL_POS] --(BEFORE)--> [EVENT_N/A_ACTUAL_POS],"""tests"" --(CONTAINS)--> ""temps"" | ""tests"" --(BEFORE)--> ""entretien"""
13,55,FR100255,[EVENT_N/A_ACTUAL_POS] --(CONTAINS)--> [EVENT_N/A_ACTUAL_POS] | [EVENT_N/A_ACTUAL_POS] --(BEFORE)--> [EVENT_N/A_ACTUAL_POS],"""bilan"" --(CONTAINS)--> ""TCA"" | ""bilan"" --(BEFORE)--> ""expulsé"""
13,55,FR100275,[EVENT_N/A_ACTUAL_POS] --(CONTAINS)--> [EVENT_N/A_ACTUAL_POS] | [EVENT_N/A_ACTUAL_POS] --(BEFORE)--> [EVENT_N/A_ACTUAL_POS],"""manœuvres"" --(CONTAINS)--> ""insufflations"" | ""manœuvres"" --(BEFORE)--> ""transféré"""
13,55,FR100276,[EVENT_N/A_ACTUAL_POS] --(CONTAINS)--> [EVENT_N/A_ACTUAL_POS] | [EVENT_N/A_ACTUAL_POS] --(BEFORE)--> [EVENT_N/A_ACTUAL_POS],"""biopsie"" --(CONTAINS)--> ""examen"" | ""biopsie"" --(BEFORE)--> ""posé"""
13,55,FR100283,[EVENT_N/A_ACTUAL_POS] --(CONTAINS)--> [EVENT_N/A_ACTUAL_POS] | [EVENT_N/A_ACTUAL_POS] --(BEFORE)--> [EVENT_N/A_ACTUAL_POS],"""traitement"" --(CONTAINS)--> ""antibiothérapie"" | ""traitement"" --(BEFORE)--> ""évolution"""
13,55,FR100296,[EVENT_N/A_ACTUAL_POS] --(CONTAINS)--> [EVENT_N/A_ACTUAL_POS] | [EVENT_N/A_ACTUAL_POS] --(BEFORE)--> [EVENT_N/A_ACTUAL_POS],"""fenestration"" --(CONTAINS)--> ""geste"" | ""fenestration"" --(BEFORE)--> ""suites"""
13,55,FR100344,[EVENT_N/A_ACTUAL_POS] --(CONTAINS)--> [EVENT_N/A_ACTUAL_POS] | [EVENT_N/A_ACTUAL_POS] --(BEFORE)--> [EVENT_N/A_ACTUAL_POS],"""bilan"" --(CONTAINS)--> ""échographie"" | ""bilan"" --(BEFORE)--> ""contrôle"""
13,55,FR100346,[EVENT_N/A_ACTUAL_POS] --(CONTAINS)--> [EVENT_N/A_ACTUAL_POS] | [EVENT_N/A_ACTUAL_POS] --(BEFORE)--> [EVENT_N/A_ACTUAL_POS],"""examen"" --(CONTAINS)--> ""reste"" | ""examen"" --(BEFORE)--> ""gazométrie"""
13,55,FR100360,[EVENT_N/A_ACTUAL_POS] --(CONTAINS)--> [EVENT_N/A_ACTUAL_POS] | [EVENT_N/A_ACTUAL_POS] --(BEFORE)--> [EVENT_N/A_ACTUAL_POS],"""colpohystérectomie"" --(CONTAINS)--> ""annexectomie"" | ""colpohystérectomie"" --(BEFORE)--> ""examen"""
13,55,FR100361,[EVENT_N/A_ACTUAL_POS] --(CONTAINS)--> [EVENT_N/A_ACTUAL_POS] | [EVENT_N/A_ACTUAL_POS] --(BEFORE)--> [EVENT_N/A_ACTUAL_POS],"""prolactinémie"" --(CONTAINS)--> ""passée"" | ""prolactinémie"" --(BEFORE)--> ""améliorée"""
13,55,FR100371,[EVENT_N/A_ACTUAL_POS] --(CONTAINS)--> [EVENT_N/A_ACTUAL_POS] | [EVENT_N/A_ACTUAL_POS] --(BEFORE)--> [EVENT_N/A_ACTUAL_POS],"""bilan"" --(CONTAINS)--> ""bilan"" | ""bilan"" --(BEFORE)--> ""bilan"""
13,55,FR100400,[EVENT_N/A_ACTUAL_POS] --(CONTAINS)--> [EVENT_N/A_ACTUAL_POS] | [EVENT_N/A_ACTUAL_POS] --(BEFORE)--> [EVENT_N/A_ACTUAL_POS],"""histoire"" --(CONTAINS)--> ""douleurs"" | ""histoire"" --(BEFORE)--> ""examen"""
13,55,FR100448,[EVENT_N/A_ACTUAL_POS] --(CONTAINS)--> [EVENT_N/A_ACTUAL_POS] | [EVENT_N/A_ACTUAL_POS] --(BEFORE)--> [EVENT_N/A_ACTUAL_POS],"""examen"" --(CONTAINS)--> ""reste"" | ""examen"" --(BEFORE)--> ""échotomographie"""
13,55,FR100515,[EVENT_N/A_ACTUAL_POS] --(CONTAINS)--> [EVENT_N/A_ACTUAL_POS] | [EVENT_N/A_ACTUAL_POS] --(BEFORE)--> [EVENT_N/A_ACTUAL_POS],"""bilan"" --(CONTAINS)--> ""recherche"" | ""bilan"" --(BEFORE)--> ""bilan"""
13,55,FR100517,[EVENT_N/A_ACTUAL_POS] --(CONTAINS)--> [EVENT_N/A_ACTUAL_POS] | [EVENT_N/A_ACTUAL_POS] --(BEFORE)--> [EVENT_N/A_ACTUAL_POS],"""bilan"" --(CONTAINS)--> ""radiographie"" | ""bilan"" --(BEFORE)--> ""mise"""
13,55,FR100519,[EVENT_N/A_ACTUAL_POS] --(CONTAINS)--> [EVENT_N/A_ACTUAL_POS] | [EVENT_N/A_ACTUAL_POS] --(BEFORE)--> [EVENT_N/A_ACTUAL_POS],"""bilan"" --(CONTAINS)--> ""radiographie"" | ""bilan"" --(BEFORE)--> ""angioscanner"""
13,55,FR100579,[EVENT_N/A_ACTUAL_POS] --(CONTAINS)--> [EVENT_N/A_ACTUAL_POS] | [EVENT_N/A_ACTUAL_POS] --(BEFORE)--> [EVENT_N/A_ACTUAL_POS],"""consulte"" --(CONTAINS)--> ""radiographie"" | ""consulte"" --(BEFORE)--> ""rapportent"""
13,55,FR100589,[EVENT_N/A_ACTUAL_POS] --(CONTAINS)--> [EVENT_N/A_ACTUAL_POS] | [EVENT_N/A_ACTUAL_POS] --(BEFORE)--> [EVENT_N/A_ACTUAL_POS],"""lavage"" --(CONTAINS)--> ""recherche"" | ""lavage"" --(BEFORE)--> ""biopsies"""
13,55,FR100597,[EVENT_N/A_ACTUAL_POS] --(CONTAINS)--> [EVENT_N/A_ACTUAL_POS] | [EVENT_N/A_ACTUAL_POS] --(BEFORE)--> [EVENT_N/A_ACTUAL_POS],"""suites"" --(CONTAINS)--> ""transfert"" | ""suites"" --(BEFORE)--> ""décédée"""
13,55,FR100603,[EVENT_N/A_ACTUAL_POS] --(CONTAINS)--> [EVENT_N/A_ACTUAL_POS] | [EVENT_N/A_ACTUAL_POS] --(BEFORE)--> [EVENT_N/A_ACTUAL_POS],"""chirurgie"" --(CONTAINS)--> ""remplacée"" | ""chirurgie"" --(BEFORE)--> ""hémocultures"""
13,55,FR100611,[EVENT_N/A_ACTUAL_POS] --(CONTAINS)--> [EVENT_N/A_ACTUAL_POS] | [EVENT_N/A_ACTUAL_POS] --(BEFORE)--> [EVENT_N/A_ACTUAL_POS],"""TDM"" --(CONTAINS)--> ""image"" | ""TDM"" --(BEFORE)--> ""biopsie"""
13,55,FR100614,[EVENT_N/A_ACTUAL_POS] --(CONTAINS)--> [EVENT_N/A_ACTUAL_POS] | [EVENT_N/A_ACTUAL_POS] --(BEFORE)--> [EVENT_N/A_ACTUAL_POS],"""intervention"" --(CONTAINS)--> ""éviter"" | ""intervention"" --(BEFORE)--> ""résection"""
13,55,FR100620,[EVENT_N/A_ACTUAL_POS] --(CONTAINS)--> [EVENT_N/A_ACTUAL_POS] | [EVENT_N/A_ACTUAL_POS] --(BEFORE)--> [EVENT_N/A_ACTUAL_POS],"""bronchoscopie"" --(CONTAINS)--> ""biopsies"" | ""bronchoscopie"" --(BEFORE)--> ""bilan"""
13,55,FR100629,[EVENT_N/A_ACTUAL_POS] --(CONTAINS)--> [EVENT_N/A_ACTUAL_POS] | [EVENT_N/A_ACTUAL_POS] --(BEFORE)--> [EVENT_N/A_ACTUAL_POS],"""thoracoscopie"" --(CONTAINS)--> ""biopsie"" | ""thoracoscopie"" --(BEFORE)--> ""marquage"""
13,55,FR100632,[EVENT_N/A_ACTUAL_POS] --(CONTAINS)--> [EVENT_N/A_ACTUAL_POS] | [EVENT_N/A_ACTUAL_POS] --(BEFORE)--> [EVENT_N/A_ACTUAL_POS],"""examen"" --(CONTAINS)--> ""constantes"" | ""examen"" --(BEFORE)--> ""examen"""
13,55,FR100658,[EVENT_N/A_ACTUAL_POS] --(CONTAINS)--> [EVENT_N/A_ACTUAL_POS] | [EVENT_N/A_ACTUAL_POS] --(BEFORE)--> [EVENT_N/A_ACTUAL_POS],"""auscultation"" --(CONTAINS)--> ""fréquence"" | ""auscultation"" --(BEFORE)--> ""examens"""
13,55,FR100663,[EVENT_N/A_ACTUAL_POS] --(CONTAINS)--> [EVENT_N/A_ACTUAL_POS] | [EVENT_N/A_ACTUAL_POS] --(BEFORE)--> [EVENT_N/A_ACTUAL_POS],"""bilan"" --(CONTAINS)--> ""Numération"" | ""bilan"" --(BEFORE)--> ""répétée"""
13,55,FR100666,[EVENT_N/A_ACTUAL_POS] --(CONTAINS)--> [EVENT_N/A_ACTUAL_POS] | [EVENT_N/A_ACTUAL_POS] --(BEFORE)--> [EVENT_N/A_ACTUAL_POS],"""polychimiothérapie"" --(CONTAINS)--> ""COP"" | ""polychimiothérapie"" --(BEFORE)--> ""COPADEM"""
13,55,FR100688,[EVENT_N/A_ACTUAL_POS] --(CONTAINS)--> [EVENT_N/A_ACTUAL_POS] | [EVENT_N/A_ACTUAL_POS] --(BEFORE)--> [EVENT_N/A_ACTUAL_POS],"""traitement"" --(CONTAINS)--> ""phase"" | ""traitement"" --(BEFORE)--> ""évolution"""
13,55,FR100689,[EVENT_N/A_ACTUAL_POS] --(CONTAINS)--> [EVENT_N/A_ACTUAL_POS] | [EVENT_N/A_ACTUAL_POS] --(BEFORE)--> [EVENT_N/A_ACTUAL_POS],"""IRM"" --(CONTAINS)--> ""injection"" | ""IRM"" --(BEFORE)--> ""étude"""
13,55,FR100697,[EVENT_N/A_ACTUAL_POS] --(CONTAINS)--> [EVENT_N/A_ACTUAL_POS] | [EVENT_N/A_ACTUAL_POS] --(BEFORE)--> [EVENT_N/A_ACTUAL_POS],"""bilan"" --(CONTAINS)--> ""échographie"" | ""bilan"" --(BEFORE)--> ""test"""
13,55,FR100708,[EVENT_N/A_ACTUAL_POS] --(CONTAINS)--> [EVENT_N/A_ACTUAL_POS] | [EVENT_N/A_ACTUAL_POS] --(BEFORE)--> [EVENT_N/A_ACTUAL_POS],"""ponction"" --(CONTAINS)--> ""ramenant"" | ""ponction"" --(BEFORE)--> ""étude"""
13,55,FR100748,[EVENT_N/A_ACTUAL_POS] --(CONTAINS)--> [EVENT_N/A_ACTUAL_POS] | [EVENT_N/A_ACTUAL_POS] --(BEFORE)--> [EVENT_N/A_ACTUAL_POS],"""consultation"" --(CONTAINS)--> ""examen"" | ""consultation"" --(BEFORE)--> ""ASA"""
13,55,FR100766,[EVENT_N/A_ACTUAL_POS] --(CONTAINS)--> [EVENT_N/A_ACTUAL_POS] | [EVENT_N/A_ACTUAL_POS] --(BEFORE)--> [EVENT_N/A_ACTUAL_POS],"""amputation"" --(CONTAINS)--> ""confection"" | ""amputation"" --(BEFORE)--> ""décision"""
13,55,FR100780,[EVENT_N/A_ACTUAL_POS] --(CONTAINS)--> [EVENT_N/A_ACTUAL_POS] | [EVENT_N/A_ACTUAL_POS] --(BEFORE)--> [EVENT_N/A_ACTUAL_POS],"""examen"" --(CONTAINS)--> ""tension"" | ""examen"" --(BEFORE)--> ""toucher"""
13,55,FR100806,[EVENT_N/A_ACTUAL_POS] --(CONTAINS)--> [EVENT_N/A_ACTUAL_POS] | [EVENT_N/A_ACTUAL_POS] --(BEFORE)--> [EVENT_N/A_ACTUAL_POS],"""biologie"" --(CONTAINS)--> ""NFS"" | ""biologie"" --(BEFORE)--> ""hospitalisée"""
13,55,FR100814,[EVENT_N/A_ACTUAL_POS] --(CONTAINS)--> [EVENT_N/A_ACTUAL_POS] | [EVENT_N/A_ACTUAL_POS] --(BEFORE)--> [EVENT_N/A_ACTUAL_POS],"""IRM"" --(CONTAINS)--> ""injection"" | ""IRM"" --(BEFORE)--> ""diagnostic"""
13,55,FR100826,[EVENT_N/A_ACTUAL_POS] --(CONTAINS)--> [EVENT_N/A_ACTUAL_POS] | [EVENT_N/A_ACTUAL_POS] --(BEFORE)--> [EVENT_N/A_ACTUAL_POS],"""bilan"" --(CONTAINS)--> ""tomodensitométrie"" | ""bilan"" --(BEFORE)--> ""bilan"""
13,55,FR100845,[EVENT_N/A_ACTUAL_POS] --(CONTAINS)--> [EVENT_N/A_ACTUAL_POS] | [EVENT_N/A_ACTUAL_POS] --(BEFORE)--> [EVENT_N/A_ACTUAL_POS],"""examinés"" --(CONTAINS)--> ""examen"" | ""examinés"" --(BEFORE)--> ""détresse"""
13,55,FR100849,[EVENT_N/A_ACTUAL_POS] --(CONTAINS)--> [EVENT_N/A_ACTUAL_POS] | [EVENT_N/A_ACTUAL_POS] --(BEFORE)--> [EVENT_N/A_ACTUAL_POS],"""admission"" --(CONTAINS)--> ""examen"" | ""admission"" --(BEFORE)--> ""tomodensitométrie"""
13,55,FR100870,[EVENT_N/A_ACTUAL_POS] --(CONTAINS)--> [EVENT_N/A_ACTUAL_POS] | [EVENT_N/A_ACTUAL_POS] --(BEFORE)--> [EVENT_N/A_ACTUAL_POS],"""électrophorèse"" --(CONTAINS)--> ""découverte"" | ""électrophorèse"" --(BEFORE)--> ""immunosoustraction"""
13,55,FR100874,[EVENT_N/A_ACTUAL_POS] --(CONTAINS)--> [EVENT_N/A_ACTUAL_POS] | [EVENT_N/A_ACTUAL_POS] --(BEFORE)--> [EVENT_N/A_ACTUAL_POS],"""examen"" --(CONTAINS)--> ""constantes"" | ""examen"" --(BEFORE)--> ""hémogramme"""
13,55,FR100903,[EVENT_N/A_ACTUAL_POS] --(CONTAINS)--> [EVENT_N/A_ACTUAL_POS] | [EVENT_N/A_ACTUAL_POS] --(BEFORE)--> [EVENT_N/A_ACTUAL_POS],"""échographie"" --(CONTAINS)--> ""visualisation"" | ""échographie"" --(BEFORE)--> ""IRM"""
13,55,FR100919,[EVENT_N/A_ACTUAL_POS] --(CONTAINS)--> [EVENT_N/A_ACTUAL_POS] | [EVENT_N/A_ACTUAL_POS] --(BEFORE)--> [EVENT_N/A_ACTUAL_POS],"""correction"" --(CONTAINS)--> ""injection"" | ""correction"" --(BEFORE)--> ""normalisation"""
13,55,FR100930,[EVENT_N/A_ACTUAL_POS] --(CONTAINS)--> [EVENT_N/A_ACTUAL_POS] | [EVENT_N/A_ACTUAL_POS] --(BEFORE)--> [EVENT_N/A_ACTUAL_POS],"""admis"" --(CONTAINS)--> ""recours"" | ""admis"" --(BEFORE)--> ""rapportons"""
13,55,FR100946,[EVENT_N/A_ACTUAL_POS] --(CONTAINS)--> [EVENT_N/A_ACTUAL_POS] | [EVENT_N/A_ACTUAL_POS] --(BEFORE)--> [EVENT_N/A_ACTUAL_POS],"""IRM"" --(CONTAINS)--> ""prise"" | ""IRM"" --(BEFORE)--> ""analyse"""
13,55,FR100959,[EVENT_N/A_ACTUAL_POS] --(CONTAINS)--> [EVENT_N/A_ACTUAL_POS] | [EVENT_N/A_ACTUAL_POS] --(BEFORE)--> [EVENT_N/A_ACTUAL_POS],"""œsophagoscopie"" --(CONTAINS)--> ""permis"" | ""œsophagoscopie"" --(BEFORE)--> ""Transit"""
13,55,FR100994,[EVENT_N/A_ACTUAL_POS] --(CONTAINS)--> [EVENT_N/A_ACTUAL_POS] | [EVENT_N/A_ACTUAL_POS] --(BEFORE)--> [EVENT_N/A_ACTUAL_POS],"""observation"" --(CONTAINS)--> ""suivi"" | ""observation"" --(BEFORE)--> ""relatons"""
13,55,FR100998,[EVENT_N/A_ACTUAL_POS] --(CONTAINS)--> [EVENT_N/A_ACTUAL_POS] | [EVENT_N/A_ACTUAL_POS] --(BEFORE)--> [EVENT_N/A_ACTUAL_POS],"""traitée"" --(CONTAINS)--> ""développé"" | ""traitée"" --(BEFORE)--> ""bilan"""
189,55,FR100003,[EVENT_N/A_ACTUAL_POS] --(BEFORE)--> [EVENT_N/A_ACTUAL_POS] | [EVENT_N/A_ACTUAL_POS] --(BEFORE)--> [EVENT_N/A_ACTUAL_POS],"""drainage"" --(BEFORE)--> ""extraction"" | ""drainage"" --(BEFORE)--> ""traitement"""
189,55,FR100120,[EVENT_N/A_ACTUAL_POS] --(BEFORE)--> [EVENT_N/A_ACTUAL_POS] | [EVENT_N/A_ACTUAL_POS] --(BEFORE)--> [EVENT_N/A_ACTUAL_POS],"""traitement"" --(BEFORE)--> ""sailli"" | ""traitement"" --(BEFORE)--> ""retirées"""
189,55,FR100130,[EVENT_N/A_ACTUAL_POS] --(BEFORE)--> [EVENT_N/A_ACTUAL_POS] | [EVENT_N/A_ACTUAL_POS] --(BEFORE)--> [EVENT_N/A_ACTUAL_POS],"""glycémie"" --(BEFORE)--> ""confirmé"" | ""glycémie"" --(BEFORE)--> ""bilan"""
189,55,FR100142,[EVENT_N/A_ACTUAL_POS] --(BEFORE)--> [EVENT_N/A_ACTUAL_POS] | [EVENT_N/A_ACTUAL_POS] --(BEFORE)--> [EVENT_N/A_ACTUAL_POS],"""mis"" --(BEFORE)--> ""évolution"" | ""mis"" --(BEFORE)--> ""bithérapie"""
189,55,FR100161,[EVENT_N/A_ACTUAL_POS] --(BEFORE)--> [EVENT_N/A_ACTUAL_POS] | [EVENT_N/A_ACTUAL_POS] --(BEFORE)--> [EVENT_N/A_ACTUAL_POS],"""cortisol"" --(BEFORE)--> ""cortisol"" | ""cortisol"" --(BEFORE)--> ""dérivés"""
189,55,FR100168,[EVENT_N/A_ACTUAL_POS] --(BEFORE)--> [EVENT_N/A_ACTUAL_POS] | [EVENT_N/A_ACTUAL_POS] --(BEFORE)--> [EVENT_N/A_ACTUAL_POS],"""examen"" --(BEFORE)--> ""ostéosynthèse"" | ""examen"" --(BEFORE)--> ""bilan"""
189,55,FR100227,[EVENT_N/A_ACTUAL_POS] --(BEFORE)--> [EVENT_N/A_ACTUAL_POS] | [EVENT_N/A_ACTUAL_POS] --(BEFORE)--> [EVENT_N/A_ACTUAL_POS],"""chirurgie"" --(BEFORE)--> ""présentons"" | ""chirurgie"" --(BEFORE)--> ""bilan"""
189,55,FR100255,[EVENT_N/A_ACTUAL_POS] --(BEFORE)--> [EVENT_N/A_ACTUAL_POS] | [EVENT_N/A_ACTUAL_POS] --(BEFORE)--> [EVENT_N/A_ACTUAL_POS],"""mise"" --(BEFORE)--> ""réveillée"" | ""mise"" --(BEFORE)--> ""traitement"""
189,55,FR100276,[EVENT_N/A_ACTUAL_POS] --(BEFORE)--> [EVENT_N/A_ACTUAL_POS] | [EVENT_N/A_ACTUAL_POS] --(BEFORE)--> [EVENT_N/A_ACTUAL_POS],"""accouchement"" --(BEFORE)--> ""poids"" | ""accouchement"" --(BEFORE)--> ""reste"""
189,55,FR100282,[EVENT_N/A_ACTUAL_POS] --(BEFORE)--> [EVENT_N/A_ACTUAL_POS] | [EVENT_N/A_ACTUAL_POS] --(BEFORE)--> [EVENT_N/A_ACTUAL_POS],"""monothérapie"" --(BEFORE)--> ""consulte"" | ""monothérapie"" --(BEFORE)--> ""multithérapie"""
189,55,FR100283,[EVENT_N/A_ACTUAL_POS] --(BEFORE)--> [EVENT_N/A_ACTUAL_POS] | [EVENT_N/A_ACTUAL_POS] --(BEFORE)--> [EVENT_N/A_ACTUAL_POS],"""bilan"" --(BEFORE)--> ""IRM"" | ""bilan"" --(BEFORE)--> ""ponction"""
189,55,FR100344,[EVENT_N/A_ACTUAL_POS] --(BEFORE)--> [EVENT_N/A_ACTUAL_POS] | [EVENT_N/A_ACTUAL_POS] --(BEFORE)--> [EVENT_N/A_ACTUAL_POS],"""développé"" --(BEFORE)--> ""suivie"" | ""développé"" --(BEFORE)--> ""contrôle"""
189,55,FR100360,[EVENT_N/A_ACTUAL_POS] --(BEFORE)--> [EVENT_N/A_ACTUAL_POS] | [EVENT_N/A_ACTUAL_POS] --(BEFORE)--> [EVENT_N/A_ACTUAL_POS],"""curage"" --(BEFORE)--> ""radiothérapie"" | ""curage"" --(BEFORE)--> ""classée"""
189,55,FR100371,[EVENT_N/A_ACTUAL_POS] --(BEFORE)--> [EVENT_N/A_ACTUAL_POS] | [EVENT_N/A_ACTUAL_POS] --(BEFORE)--> [EVENT_N/A_ACTUAL_POS],"""incision"" --(BEFORE)--> ""envoyée"" | ""incision"" --(BEFORE)--> ""suite"""
189,55,FR100400,[EVENT_N/A_ACTUAL_POS] --(BEFORE)--> [EVENT_N/A_ACTUAL_POS] | [EVENT_N/A_ACTUAL_POS] --(BEFORE)--> [EVENT_N/A_ACTUAL_POS],"""histoire"" --(BEFORE)--> ""examen"" | ""histoire"" --(BEFORE)--> ""admise"""
189,55,FR100439,[EVENT_N/A_ACTUAL_POS] --(BEFORE)--> [EVENT_N/A_ACTUAL_POS] | [EVENT_N/A_ACTUAL_POS] --(BEFORE)--> [EVENT_N/A_ACTUAL_POS],"""nasofibroscopie"" --(BEFORE)--> ""contrôles"" | ""nasofibroscopie"" --(BEFORE)--> ""scanner"""
189,55,FR100480,[EVENT_N/A_ACTUAL_POS] --(BEFORE)--> [EVENT_N/A_ACTUAL_POS] | [EVENT_N/A_ACTUAL_POS] --(BEFORE)--> [EVENT_N/A_ACTUAL_POS],"""installation"" --(BEFORE)--> ""bilan"" | ""installation"" --(BEFORE)--> ""consulté"""
189,55,FR100510,[EVENT_N/A_ACTUAL_POS] --(BEFORE)--> [EVENT_N/A_ACTUAL_POS] | [EVENT_N/A_ACTUAL_POS] --(BEFORE)--> [EVENT_N/A_ACTUAL_POS],"""décision"" --(BEFORE)--> ""exerce"" | ""décision"" --(BEFORE)--> ""intervention"""
189,55,FR100515,[EVENT_N/A_ACTUAL_POS] --(BEFORE)--> [EVENT_N/A_ACTUAL_POS] | [EVENT_N/A_ACTUAL_POS] --(BEFORE)--> [EVENT_N/A_ACTUAL_POS],"""résistance"" --(BEFORE)--> ""traitement"" | ""résistance"" --(BEFORE)--> ""évolution"""
189,55,FR100519,[EVENT_N/A_ACTUAL_POS] --(BEFORE)--> [EVENT_N/A_ACTUAL_POS] | [EVENT_N/A_ACTUAL_POS] --(BEFORE)--> [EVENT_N/A_ACTUAL_POS],"""admise"" --(BEFORE)--> ""admise"" | ""admise"" --(BEFORE)--> ""évolution"""
189,55,FR100579,[EVENT_N/A_ACTUAL_POS] --(BEFORE)--> [EVENT_N/A_ACTUAL_POS] | [EVENT_N/A_ACTUAL_POS] --(BEFORE)--> [EVENT_N/A_ACTUAL_POS],"""bilan"" --(BEFORE)--> ""recherche"" | ""bilan"" --(BEFORE)--> ""étude"""
189,55,FR100589,[EVENT_N/A_ACTUAL_POS] --(BEFORE)--> [EVENT_N/A_ACTUAL_POS] | [EVENT_N/A_ACTUAL_POS] --(BEFORE)--> [EVENT_N/A_ACTUAL_POS],"""caryotype"" --(BEFORE)--> ""biopsie"" | ""caryotype"" --(BEFORE)--> ""sérologie"""
189,55,FR100597,[EVENT_N/A_ACTUAL_POS] --(BEFORE)--> [EVENT_N/A_ACTUAL_POS] | [EVENT_N/A_ACTUAL_POS] --(BEFORE)--> [EVENT_N/A_ACTUAL_POS],"""accouchements"" --(BEFORE)--> ""ligature"" | ""accouchements"" --(BEFORE)--> ""ménopausée"""
189,55,FR100611,[EVENT_N/A_ACTUAL_POS] --(BEFORE)--> [EVENT_N/A_ACTUAL_POS] | [EVENT_N/A_ACTUAL_POS] --(BEFORE)--> [EVENT_N/A_ACTUAL_POS],"""examen"" --(BEFORE)--> ""cultures"" | ""examen"" --(BEFORE)--> ""PCR"""
189,55,FR100614,[EVENT_N/A_ACTUAL_POS] --(BEFORE)--> [EVENT_N/A_ACTUAL_POS] | [EVENT_N/A_ACTUAL_POS] --(BEFORE)--> [EVENT_N/A_ACTUAL_POS],"""sérologie"" --(BEFORE)--> ""traitement"" | ""sérologie"" --(BEFORE)--> ""suivie"""
189,55,FR100620,[EVENT_N/A_ACTUAL_POS] --(BEFORE)--> [EVENT_N/A_ACTUAL_POS] | [EVENT_N/A_ACTUAL_POS] --(BEFORE)--> [EVENT_N/A_ACTUAL_POS],"""pleurodèse"" --(BEFORE)--> ""biopsie"" | ""pleurodèse"" --(BEFORE)--> ""biopsie"""
189,55,FR100623,[EVENT_N/A_ACTUAL_POS] --(BEFORE)--> [EVENT_N/A_ACTUAL_POS] | [EVENT_N/A_ACTUAL_POS] --(BEFORE)--> [EVENT_N/A_ACTUAL_POS],"""consulté"" --(BEFORE)--> ""examen"" | ""consulté"" --(BEFORE)--> ""rapportons"""
189,55,FR100629,[EVENT_N/A_ACTUAL_POS] --(BEFORE)--> [EVENT_N/A_ACTUAL_POS] | [EVENT_N/A_ACTUAL_POS] --(BEFORE)--> [EVENT_N/A_ACTUAL_POS],"""marquage"" --(BEFORE)--> ""étude"" | ""marquage"" --(BEFORE)--> ""bilan"""
189,55,FR100632,[EVENT_N/A_ACTUAL_POS] --(BEFORE)--> [EVENT_N/A_ACTUAL_POS] | [EVENT_N/A_ACTUAL_POS] --(BEFORE)--> [EVENT_N/A_ACTUAL_POS],"""numération"" --(BEFORE)--> ""vitesse"" | ""numération"" --(BEFORE)--> ""bilan"""
189,55,FR100663,[EVENT_N/A_ACTUAL_POS] --(BEFORE)--> [EVENT_N/A_ACTUAL_POS] | [EVENT_N/A_ACTUAL_POS] --(BEFORE)--> [EVENT_N/A_ACTUAL_POS],"""ligature"" --(BEFORE)--> ""décollé"" | ""ligature"" --(BEFORE)--> ""incisée"""
189,55,FR100666,[EVENT_N/A_ACTUAL_POS] --(BEFORE)--> [EVENT_N/A_ACTUAL_POS] | [EVENT_N/A_ACTUAL_POS] --(BEFORE)--> [EVENT_N/A_ACTUAL_POS],"""biopsie"" --(BEFORE)--> ""étude"" | ""biopsie"" --(BEFORE)--> ""examen"""
189,55,FR100683,[EVENT_N/A_ACTUAL_POS] --(BEFORE)--> [EVENT_N/A_ACTUAL_POS] | [EVENT_N/A_ACTUAL_POS] --(BEFORE)--> [EVENT_N/A_ACTUAL_POS],"""osteodensitométrie"" --(BEFORE)--> ""traitée"" | ""osteodensitométrie"" --(BEFORE)--> ""IRM"""
189,55,FR100688,[EVENT_N/A_ACTUAL_POS] --(BEFORE)--> [EVENT_N/A_ACTUAL_POS] | [EVENT_N/A_ACTUAL_POS] --(BEFORE)--> [EVENT_N/A_ACTUAL_POS],"""sérologie"" --(BEFORE)--> ""radiographie"" | ""sérologie"" --(BEFORE)--> ""intradermoréaction"""
189,55,FR100689,[EVENT_N/A_ACTUAL_POS] --(BEFORE)--> [EVENT_N/A_ACTUAL_POS] | [EVENT_N/A_ACTUAL_POS] --(BEFORE)--> [EVENT_N/A_ACTUAL_POS],"""retenu"" --(BEFORE)--> ""évolution"" | ""retenu"" --(BEFORE)--> ""traitement"""
189,55,FR100697,[EVENT_N/A_ACTUAL_POS] --(BEFORE)--> [EVENT_N/A_ACTUAL_POS] | [EVENT_N/A_ACTUAL_POS] --(BEFORE)--> [EVENT_N/A_ACTUAL_POS],"""examen"" --(BEFORE)--> ""mammographie"" | ""examen"" --(BEFORE)--> ""reste"""
189,55,FR100708,[EVENT_N/A_ACTUAL_POS] --(BEFORE)--> [EVENT_N/A_ACTUAL_POS] | [EVENT_N/A_ACTUAL_POS] --(BEFORE)--> [EVENT_N/A_ACTUAL_POS],"""demandée"" --(BEFORE)--> ""tests"" | ""demandée"" --(BEFORE)--> ""IRM"""
189,55,FR100748,[EVENT_N/A_ACTUAL_POS] --(BEFORE)--> [EVENT_N/A_ACTUAL_POS] | [EVENT_N/A_ACTUAL_POS] --(BEFORE)--> [EVENT_N/A_ACTUAL_POS],"""mobilisation"" --(BEFORE)--> ""résection"" | ""mobilisation"" --(BEFORE)--> ""suites"""
189,55,FR100766,[EVENT_N/A_ACTUAL_POS] --(BEFORE)--> [EVENT_N/A_ACTUAL_POS] | [EVENT_N/A_ACTUAL_POS] --(BEFORE)--> [EVENT_N/A_ACTUAL_POS],"""retenu"" --(BEFORE)--> ""bénéficié"" | ""retenu"" --(BEFORE)--> ""traitement"""
189,55,FR100780,[EVENT_N/A_ACTUAL_POS] --(BEFORE)--> [EVENT_N/A_ACTUAL_POS] | [EVENT_N/A_ACTUAL_POS] --(BEFORE)--> [EVENT_N/A_ACTUAL_POS],"""geste"" --(BEFORE)--> ""geste"" | ""geste"" --(BEFORE)--> ""gestes"""
189,55,FR100806,[EVENT_N/A_ACTUAL_POS] --(BEFORE)--> [EVENT_N/A_ACTUAL_POS] | [EVENT_N/A_ACTUAL_POS] --(BEFORE)--> [EVENT_N/A_ACTUAL_POS],"""hospitalisée"" --(BEFORE)--> ""transfusion"" | ""hospitalisée"" --(BEFORE)--> ""hémodialyse"""
189,55,FR100826,[EVENT_N/A_ACTUAL_POS] --(BEFORE)--> [EVENT_N/A_ACTUAL_POS] | [EVENT_N/A_ACTUAL_POS] --(BEFORE)--> [EVENT_N/A_ACTUAL_POS],"""admis"" --(BEFORE)--> ""don"" | ""admis"" --(BEFORE)--> ""examen"""
189,55,FR100845,[EVENT_N/A_ACTUAL_POS] --(BEFORE)--> [EVENT_N/A_ACTUAL_POS] | [EVENT_N/A_ACTUAL_POS] --(BEFORE)--> [EVENT_N/A_ACTUAL_POS],"""extraction"" --(BEFORE)--> ""Apgar"" | ""extraction"" --(BEFORE)--> ""examen"""
189,55,FR100870,[EVENT_N/A_ACTUAL_POS] --(BEFORE)--> [EVENT_N/A_ACTUAL_POS] | [EVENT_N/A_ACTUAL_POS] --(BEFORE)--> [EVENT_N/A_ACTUAL_POS],"""immunosoustraction"" --(BEFORE)--> ""typer"" | ""immunosoustraction"" --(BEFORE)--> ""immunofixation"""
189,55,FR100882,[EVENT_N/A_ACTUAL_POS] --(BEFORE)--> [EVENT_N/A_ACTUAL_POS] | [EVENT_N/A_ACTUAL_POS] --(BEFORE)--> [EVENT_N/A_ACTUAL_POS],"""laminectomie"" --(BEFORE)--> ""suites"" | ""laminectomie"" --(BEFORE)--> ""Imagerie"""
189,55,FR100883,[EVENT_N/A_ACTUAL_POS] --(BEFORE)--> [EVENT_N/A_ACTUAL_POS] | [EVENT_N/A_ACTUAL_POS] --(BEFORE)--> [EVENT_N/A_ACTUAL_POS],"""bilan"" --(BEFORE)--> ""reçu"" | ""bilan"" --(BEFORE)--> ""sérologie"""
189,55,FR100894,[EVENT_N/A_ACTUAL_POS] --(BEFORE)--> [EVENT_N/A_ACTUAL_POS] | [EVENT_N/A_ACTUAL_POS] --(BEFORE)--> [EVENT_N/A_ACTUAL_POS],"""rejoint"" --(BEFORE)--> ""trajet"" | ""rejoint"" --(BEFORE)--> ""reçu"""
189,55,FR100903,[EVENT_N/A_ACTUAL_POS] --(BEFORE)--> [EVENT_N/A_ACTUAL_POS] | [EVENT_N/A_ACTUAL_POS] --(BEFORE)--> [EVENT_N/A_ACTUAL_POS],"""écarté"" --(BEFORE)--> ""contrôles"" | ""écarté"" --(BEFORE)--> ""réfléchir"""
189,55,FR100919,[EVENT_N/A_ACTUAL_POS] --(BEFORE)--> [EVENT_N/A_ACTUAL_POS] | [EVENT_N/A_ACTUAL_POS] --(BEFORE)--> [EVENT_N/A_ACTUAL_POS],"""correction"" --(BEFORE)--> ""normalisation"" | ""correction"" --(BEFORE)--> ""adressée"""
189,55,FR100932,[EVENT_N/A_ACTUAL_POS] --(BEFORE)--> [EVENT_N/A_ACTUAL_POS] | [EVENT_N/A_ACTUAL_POS] --(BEFORE)--> [EVENT_N/A_ACTUAL_POS],"""mise"" --(BEFORE)--> ""installation"" | ""mise"" --(BEFORE)--> ""opérée"""
189,55,FR100944,[EVENT_N/A_ACTUAL_POS] --(BEFORE)--> [EVENT_N/A_ACTUAL_POS] | [EVENT_N/A_ACTUAL_POS] --(BEFORE)--> [EVENT_N/A_ACTUAL_POS],"""imagerie"" --(BEFORE)--> ""traiter"" | ""imagerie"" --(BEFORE)--> ""reconnaître"""
189,55,FR100946,[EVENT_N/A_ACTUAL_POS] --(BEFORE)--> [EVENT_N/A_ACTUAL_POS] | [EVENT_N/A_ACTUAL_POS] --(BEFORE)--> [EVENT_N/A_ACTUAL_POS],"""mise"" --(BEFORE)--> ""exérèse"" | ""mise"" --(BEFORE)--> ""abord"""
189,55,FR100960,[EVENT_N/A_ACTUAL_POS] --(BEFORE)--> [EVENT_N/A_ACTUAL_POS] | [EVENT_N/A_ACTUAL_POS] --(BEFORE)--> [EVENT_N/A_ACTUAL_POS],"""opéré"" --(BEFORE)--> ""consulté"" | ""opéré"" --(BEFORE)--> ""rapportons"""
189,55,FR100979,[EVENT_N/A_ACTUAL_POS] --(BEFORE)--> [EVENT_N/A_ACTUAL_POS] | [EVENT_N/A_ACTUAL_POS] --(BEFORE)--> [EVENT_N/A_ACTUAL_POS],"""admise"" --(BEFORE)--> ""accident"" | ""admise"" --(BEFORE)--> ""césarienne"""
189,55,FR100994,[EVENT_N/A_ACTUAL_POS] --(BEFORE)--> [EVENT_N/A_ACTUAL_POS] | [EVENT_N/A_ACTUAL_POS] --(BEFORE)--> [EVENT_N/A_ACTUAL_POS],"""rapportons"" --(BEFORE)--> ""observation"" | ""rapportons"" --(BEFORE)--> ""enrichir"""
189,55,FR100996,[EVENT_N/A_ACTUAL_POS] --(BEFORE)--> [EVENT_N/A_ACTUAL_POS] | [EVENT_N/A_ACTUAL_POS] --(BEFORE)--> [EVENT_N/A_ACTUAL_POS],"""consulté"" --(BEFORE)--> ""rapportons"" | ""consulté"" --(BEFORE)--> ""examen"""
90,53,FR100003,[EVENT_N/A_ACTUAL_POS] --(CONTAINS)--> [EVENT_N/A_ACTUAL_POS] | [EVENT_N/A_ACTUAL_POS] --(CONTAINS)--> [EVENT_N/A_ACTUAL_POS],"""foyer"" --(CONTAINS)--> ""abordé"" | ""abordé"" --(CONTAINS)--> ""incision"""
90,53,FR100092,[EVENT_N/A_ACTUAL_POS] --(CONTAINS)--> [EVENT_N/A_ACTUAL_POS] | [EVENT_N/A_ACTUAL_POS] --(CONTAINS)--> [EVENT_N/A_ACTUAL_POS],"""minilaparotomie"" --(CONTAINS)--> ""exploration"" | ""exploration"" --(CONTAINS)--> ""grossesse"""
90,53,FR100120,[EVENT_N/A_ACTUAL_POS] --(CONTAINS)--> [EVENT_N/A_ACTUAL_POS] | [EVENT_N/A_ACTUAL_POS] --(CONTAINS)--> [EVENT_N/A_ACTUAL_POS],"""diabète"" --(CONTAINS)--> ""traitement"" | ""traitement"" --(CONTAINS)--> ""soins"""
90,53,FR100130,[EVENT_N/A_ACTUAL_POS] --(CONTAINS)--> [EVENT_N/A_ACTUAL_POS] | [EVENT_N/A_ACTUAL_POS] --(CONTAINS)--> [EVENT_N/A_ACTUAL_POS],"""marqueurs"" --(CONTAINS)--> ""bilan"" | ""bilan"" --(CONTAINS)--> ""recherchée"""
90,53,FR100132,[EVENT_N/A_ACTUAL_POS] --(CONTAINS)--> [EVENT_N/A_ACTUAL_POS] | [EVENT_N/A_ACTUAL_POS] --(CONTAINS)--> [EVENT_N/A_ACTUAL_POS],"""baisse"" --(CONTAINS)--> ""examen"" | ""examen"" --(CONTAINS)--> ""angiographie"""
90,53,FR100142,[EVENT_N/A_ACTUAL_POS] --(CONTAINS)--> [EVENT_N/A_ACTUAL_POS] | [EVENT_N/A_ACTUAL_POS] --(CONTAINS)--> [EVENT_N/A_ACTUAL_POS],"""évolution"" --(CONTAINS)--> ""taux"" | ""taux"" --(CONTAINS)--> ""passé"""
90,53,FR100161,[EVENT_N/A_ACTUAL_POS] --(CONTAINS)--> [EVENT_N/A_ACTUAL_POS] | [EVENT_N/A_ACTUAL_POS] --(CONTAINS)--> [EVENT_N/A_ACTUAL_POS],"""sérologie"" --(CONTAINS)--> ""examens"" | ""examens"" --(CONTAINS)--> ""Acti tests"""
90,53,FR100168,[EVENT_N/A_ACTUAL_POS] --(CONTAINS)--> [EVENT_N/A_ACTUAL_POS] | [EVENT_N/A_ACTUAL_POS] --(CONTAINS)--> [EVENT_N/A_ACTUAL_POS],"""prise"" --(CONTAINS)--> ""entretien"" | ""entretien"" --(CONTAINS)--> ""dévoiler"""
90,53,FR100185,[EVENT_N/A_ACTUAL_POS] --(CONTAINS)--> [EVENT_N/A_ACTUAL_POS] | [EVENT_N/A_ACTUAL_POS] --(CONTAINS)--> [EVENT_N/A_ACTUAL_POS],"""tumeur"" --(CONTAINS)--> ""suivie"" | ""suivie"" --(CONTAINS)--> ""mastectomie"""
90,53,FR100275,[EVENT_N/A_ACTUAL_POS] --(CONTAINS)--> [EVENT_N/A_ACTUAL_POS] | [EVENT_N/A_ACTUAL_POS] --(CONTAINS)--> [EVENT_N/A_ACTUAL_POS],"""hospitalisation"" --(CONTAINS)--> ""bilan"" | ""bilan"" --(CONTAINS)--> ""électroencéphalogramme"""
90,53,FR100276,[EVENT_N/A_ACTUAL_POS] --(CONTAINS)--> [EVENT_N/A_ACTUAL_POS] | [EVENT_N/A_ACTUAL_POS] --(CONTAINS)--> [EVENT_N/A_ACTUAL_POS],"""bilan"" --(CONTAINS)--> ""bilan"" | ""bilan"" --(CONTAINS)--> ""bilans"""
90,53,FR100283,[EVENT_N/A_ACTUAL_POS] --(CONTAINS)--> [EVENT_N/A_ACTUAL_POS] | [EVENT_N/A_ACTUAL_POS] --(CONTAINS)--> [EVENT_N/A_ACTUAL_POS],"""hémodialysé"" --(CONTAINS)--> ""consulté"" | ""consulté"" --(CONTAINS)--> ""bilan"""
90,53,FR100296,[EVENT_N/A_ACTUAL_POS] --(CONTAINS)--> [EVENT_N/A_ACTUAL_POS] | [EVENT_N/A_ACTUAL_POS] --(CONTAINS)--> [EVENT_N/A_ACTUAL_POS],"""émergence"" --(CONTAINS)--> ""fenestration"" | ""fenestration"" --(CONTAINS)--> ""geste"""
90,53,FR100346,[EVENT_N/A_ACTUAL_POS] --(CONTAINS)--> [EVENT_N/A_ACTUAL_POS] | [EVENT_N/A_ACTUAL_POS] --(CONTAINS)--> [EVENT_N/A_ACTUAL_POS],"""syndrome"" --(CONTAINS)--> ""examen"" | ""examen"" --(CONTAINS)--> ""reste"""
90,53,FR100361,[EVENT_N/A_ACTUAL_POS] --(CONTAINS)--> [EVENT_N/A_ACTUAL_POS] | [EVENT_N/A_ACTUAL_POS] --(CONTAINS)--> [EVENT_N/A_ACTUAL_POS],"""GCS"" --(CONTAINS)--> ""examen"" | ""examen"" --(CONTAINS)--> ""mobilisait"""
90,53,FR100371,[EVENT_N/A_ACTUAL_POS] --(CONTAINS)--> [EVENT_N/A_ACTUAL_POS] | [EVENT_N/A_ACTUAL_POS] --(CONTAINS)--> [EVENT_N/A_ACTUAL_POS],"""opacité"" --(CONTAINS)--> ""bilan"" | ""bilan"" --(CONTAINS)--> ""radiographie"""
90,53,FR100400,[EVENT_N/A_ACTUAL_POS] --(CONTAINS)--> [EVENT_N/A_ACTUAL_POS] | [EVENT_N/A_ACTUAL_POS] --(CONTAINS)--> [EVENT_N/A_ACTUAL_POS],"""kyste"" --(CONTAINS)--> ""étude"" | ""étude"" --(CONTAINS)--> ""conclu"""
90,53,FR100439,[EVENT_N/A_ACTUAL_POS] --(CONTAINS)--> [EVENT_N/A_ACTUAL_POS] | [EVENT_N/A_ACTUAL_POS] --(CONTAINS)--> [EVENT_N/A_ACTUAL_POS],"""obstruction"" --(CONTAINS)--> ""examen"" | ""examen"" --(CONTAINS)--> ""fibroscopie"""
90,53,FR100453,[EVENT_N/A_ACTUAL_POS] --(CONTAINS)--> [EVENT_N/A_ACTUAL_POS] | [EVENT_N/A_ACTUAL_POS] --(CONTAINS)--> [EVENT_N/A_ACTUAL_POS],"""syndrome"" --(CONTAINS)--> ""suivi"" | ""suivi"" --(CONTAINS)--> ""examen"""
90,53,FR100510,[EVENT_N/A_ACTUAL_POS] --(CONTAINS)--> [EVENT_N/A_ACTUAL_POS] | [EVENT_N/A_ACTUAL_POS] --(CONTAINS)--> [EVENT_N/A_ACTUAL_POS],"""lésion"" --(CONTAINS)--> ""examen"" | ""examen"" --(CONTAINS)--> ""caractéristiques"""
90,53,FR100515,[EVENT_N/A_ACTUAL_POS] --(CONTAINS)--> [EVENT_N/A_ACTUAL_POS] | [EVENT_N/A_ACTUAL_POS] --(CONTAINS)--> [EVENT_N/A_ACTUAL_POS],"""évolution"" --(CONTAINS)--> ""amélioration"" | ""amélioration"" --(CONTAINS)--> ""disparition"""
90,53,FR100519,[EVENT_N/A_ACTUAL_POS] --(CONTAINS)--> [EVENT_N/A_ACTUAL_POS] | [EVENT_N/A_ACTUAL_POS] --(CONTAINS)--> [EVENT_N/A_ACTUAL_POS],"""opacité"" --(CONTAINS)--> ""bilan"" | ""bilan"" --(CONTAINS)--> ""ECG"""
90,53,FR100589,[EVENT_N/A_ACTUAL_POS] --(CONTAINS)--> [EVENT_N/A_ACTUAL_POS] | [EVENT_N/A_ACTUAL_POS] --(CONTAINS)--> [EVENT_N/A_ACTUAL_POS],"""Performance"" --(CONTAINS)--> ""examen"" | ""examen"" --(CONTAINS)--> ""examen"""
90,53,FR100611,[EVENT_N/A_ACTUAL_POS] --(CONTAINS)--> [EVENT_N/A_ACTUAL_POS] | [EVENT_N/A_ACTUAL_POS] --(CONTAINS)--> [EVENT_N/A_ACTUAL_POS],"""DDB"" --(CONTAINS)--> ""TDM"" | ""TDM"" --(CONTAINS)--> ""image"""
90,53,FR100620,[EVENT_N/A_ACTUAL_POS] --(CONTAINS)--> [EVENT_N/A_ACTUAL_POS] | [EVENT_N/A_ACTUAL_POS] --(CONTAINS)--> [EVENT_N/A_ACTUAL_POS],"""aspect"" --(CONTAINS)--> ""bronchoscopie"" | ""bronchoscopie"" --(CONTAINS)--> ""biopsies"""
90,53,FR100629,[EVENT_N/A_ACTUAL_POS] --(CONTAINS)--> [EVENT_N/A_ACTUAL_POS] | [EVENT_N/A_ACTUAL_POS] --(CONTAINS)--> [EVENT_N/A_ACTUAL_POS],"""chimiothérapie"" --(CONTAINS)--> ""bithérapie"" | ""bithérapie"" --(CONTAINS)--> ""doxorubicine"""
90,53,FR100632,[EVENT_N/A_ACTUAL_POS] --(CONTAINS)--> [EVENT_N/A_ACTUAL_POS] | [EVENT_N/A_ACTUAL_POS] --(CONTAINS)--> [EVENT_N/A_ACTUAL_POS],"""glycorachie"" --(CONTAINS)--> ""étude"" | ""étude"" --(CONTAINS)--> ""recherche"""
90,53,FR100658,[EVENT_N/A_ACTUAL_POS] --(CONTAINS)--> [EVENT_N/A_ACTUAL_POS] | [EVENT_N/A_ACTUAL_POS] --(CONTAINS)--> [EVENT_N/A_ACTUAL_POS],"""anesthésie"" --(CONTAINS)--> ""monitorage"" | ""monitorage"" --(CONTAINS)--> ""surveillance"""
90,53,FR100663,[EVENT_N/A_ACTUAL_POS] --(CONTAINS)--> [EVENT_N/A_ACTUAL_POS] | [EVENT_N/A_ACTUAL_POS] --(CONTAINS)--> [EVENT_N/A_ACTUAL_POS],"""cas"" --(CONTAINS)--> ""grossesse"" | ""grossesse"" --(CONTAINS)--> ""consultation"""
90,53,FR100666,[EVENT_N/A_ACTUAL_POS] --(CONTAINS)--> [EVENT_N/A_ACTUAL_POS] | [EVENT_N/A_ACTUAL_POS] --(CONTAINS)--> [EVENT_N/A_ACTUAL_POS],"""asymétrie"" --(CONTAINS)--> ""examen"" | ""examen"" --(CONTAINS)--> ""palpation"""
90,53,FR100683,[EVENT_N/A_ACTUAL_POS] --(CONTAINS)--> [EVENT_N/A_ACTUAL_POS] | [EVENT_N/A_ACTUAL_POS] --(CONTAINS)--> [EVENT_N/A_ACTUAL_POS],"""évolution"" --(CONTAINS)--> ""augmentation"" | ""augmentation"" --(CONTAINS)--> ""LH"""
90,53,FR100688,[EVENT_N/A_ACTUAL_POS] --(CONTAINS)--> [EVENT_N/A_ACTUAL_POS] | [EVENT_N/A_ACTUAL_POS] --(CONTAINS)--> [EVENT_N/A_ACTUAL_POS],"""séquelle"" --(CONTAINS)--> ""évolution"" | ""évolution"" --(CONTAINS)--> ""disparition"""
90,53,FR100689,[EVENT_N/A_ACTUAL_POS] --(CONTAINS)--> [EVENT_N/A_ACTUAL_POS] | [EVENT_N/A_ACTUAL_POS] --(CONTAINS)--> [EVENT_N/A_ACTUAL_POS],"""épisode"" --(CONTAINS)--> ""évolution"" | ""évolution"" --(CONTAINS)--> ""apparition"""
90,53,FR100748,[EVENT_N/A_ACTUAL_POS] --(CONTAINS)--> [EVENT_N/A_ACTUAL_POS] | [EVENT_N/A_ACTUAL_POS] --(CONTAINS)--> [EVENT_N/A_ACTUAL_POS],"""critère"" --(CONTAINS)--> ""examen"" | ""examen"" --(CONTAINS)--> ""auscultation"""
90,53,FR100766,[EVENT_N/A_ACTUAL_POS] --(CONTAINS)--> [EVENT_N/A_ACTUAL_POS] | [EVENT_N/A_ACTUAL_POS] --(CONTAINS)--> [EVENT_N/A_ACTUAL_POS],"""adénocarcinome"" --(CONTAINS)--> ""opéré"" | ""opéré"" --(CONTAINS)--> ""amputation"""
90,53,FR100780,[EVENT_N/A_ACTUAL_POS] --(CONTAINS)--> [EVENT_N/A_ACTUAL_POS] | [EVENT_N/A_ACTUAL_POS] --(CONTAINS)--> [EVENT_N/A_ACTUAL_POS],"""orientée"" --(CONTAINS)--> ""examen"" | ""examen"" --(CONTAINS)--> ""tension"""
90,53,FR100806,[EVENT_N/A_ACTUAL_POS] --(CONTAINS)--> [EVENT_N/A_ACTUAL_POS] | [EVENT_N/A_ACTUAL_POS] --(CONTAINS)--> [EVENT_N/A_ACTUAL_POS],"""ionogramme"" --(CONTAINS)--> ""biologie"" | ""biologie"" --(CONTAINS)--> ""NFS"""
90,53,FR100814,[EVENT_N/A_ACTUAL_POS] --(CONTAINS)--> [EVENT_N/A_ACTUAL_POS] | [EVENT_N/A_ACTUAL_POS] --(CONTAINS)--> [EVENT_N/A_ACTUAL_POS],"""processus"" --(CONTAINS)--> ""IRM"" | ""IRM"" --(CONTAINS)--> ""injection"""
90,53,FR100826,[EVENT_N/A_ACTUAL_POS] --(CONTAINS)--> [EVENT_N/A_ACTUAL_POS] | [EVENT_N/A_ACTUAL_POS] --(CONTAINS)--> [EVENT_N/A_ACTUAL_POS],"""draine"" --(CONTAINS)--> ""bilan"" | ""bilan"" --(CONTAINS)--> ""tomodensitométrie"""
90,53,FR100845,[EVENT_N/A_ACTUAL_POS] --(CONTAINS)--> [EVENT_N/A_ACTUAL_POS] | [EVENT_N/A_ACTUAL_POS] --(CONTAINS)--> [EVENT_N/A_ACTUAL_POS],"""hauteur"" --(CONTAINS)--> ""examen"" | ""examen"" --(CONTAINS)--> ""toucher"""
90,53,FR100849,[EVENT_N/A_ACTUAL_POS] --(CONTAINS)--> [EVENT_N/A_ACTUAL_POS] | [EVENT_N/A_ACTUAL_POS] --(CONTAINS)--> [EVENT_N/A_ACTUAL_POS],"""admission"" --(CONTAINS)--> ""examen"" | ""examen"" --(CONTAINS)--> ""reste"""
90,53,FR100874,[EVENT_N/A_ACTUAL_POS] --(CONTAINS)--> [EVENT_N/A_ACTUAL_POS] | [EVENT_N/A_ACTUAL_POS] --(CONTAINS)--> [EVENT_N/A_ACTUAL_POS],"""perte"" --(CONTAINS)--> ""examen"" | ""examen"" --(CONTAINS)--> ""constantes"""
90,53,FR100882,[EVENT_N/A_ACTUAL_POS] --(CONTAINS)--> [EVENT_N/A_ACTUAL_POS] | [EVENT_N/A_ACTUAL_POS] --(CONTAINS)--> [EVENT_N/A_ACTUAL_POS],"""évolution"" --(CONTAINS)--> ""amélioration"" | ""amélioration"" --(CONTAINS)--> ""régression"""
90,53,FR100903,[EVENT_N/A_ACTUAL_POS] --(CONTAINS)--> [EVENT_N/A_ACTUAL_POS] | [EVENT_N/A_ACTUAL_POS] --(CONTAINS)--> [EVENT_N/A_ACTUAL_POS],"""allongés"" --(CONTAINS)--> ""échographie"" | ""échographie"" --(CONTAINS)--> ""visualisé"""
90,53,FR100925,[EVENT_N/A_ACTUAL_POS] --(CONTAINS)--> [EVENT_N/A_ACTUAL_POS] | [EVENT_N/A_ACTUAL_POS] --(CONTAINS)--> [EVENT_N/A_ACTUAL_POS],"""carcinome"" --(CONTAINS)--> ""hospitalisée"" | ""hospitalisée"" --(CONTAINS)--> ""Doppler"""
90,53,FR100930,[EVENT_N/A_ACTUAL_POS] --(CONTAINS)--> [EVENT_N/A_ACTUAL_POS] | [EVENT_N/A_ACTUAL_POS] --(CONTAINS)--> [EVENT_N/A_ACTUAL_POS],"""trouble"" --(CONTAINS)--> ""admis"" | ""admis"" --(CONTAINS)--> ""recours"""
90,53,FR100944,[EVENT_N/A_ACTUAL_POS] --(CONTAINS)--> [EVENT_N/A_ACTUAL_POS] | [EVENT_N/A_ACTUAL_POS] --(CONTAINS)--> [EVENT_N/A_ACTUAL_POS],"""insuffisance"" --(CONTAINS)--> ""suivi"" | ""suivi"" --(CONTAINS)--> ""hospitalisé"""
90,53,FR100946,[EVENT_N/A_ACTUAL_POS] --(CONTAINS)--> [EVENT_N/A_ACTUAL_POS] | [EVENT_N/A_ACTUAL_POS] --(CONTAINS)--> [EVENT_N/A_ACTUAL_POS],"""hétérogène"" --(CONTAINS)--> ""IRM"" | ""IRM"" --(CONTAINS)--> ""prise"""
90,53,FR100959,[EVENT_N/A_ACTUAL_POS] --(CONTAINS)--> [EVENT_N/A_ACTUAL_POS] | [EVENT_N/A_ACTUAL_POS] --(CONTAINS)--> [EVENT_N/A_ACTUAL_POS],"""admis"" --(CONTAINS)--> ""œsophagoscopie"" | ""œsophagoscopie"" --(CONTAINS)--> ""permis"""
90,53,FR100960,[EVENT_N/A_ACTUAL_POS] --(CONTAINS)--> [EVENT_N/A_ACTUAL_POS] | [EVENT_N/A_ACTUAL_POS] --(CONTAINS)--> [EVENT_N/A_ACTUAL_POS],"""douleurs"" --(CONTAINS)--> ""consulté"" | ""consulté"" --(CONTAINS)--> ""étude"""
90,53,FR100994,[EVENT_N/A_ACTUAL_POS] --(CONTAINS)--> [EVENT_N/A_ACTUAL_POS] | [EVENT_N/A_ACTUAL_POS] --(CONTAINS)--> [EVENT_N/A_ACTUAL_POS],"""observation"" --(CONTAINS)--> ""suivi"" | ""suivi"" --(CONTAINS)--> ""opéré"""
186,52,FR100003,[EVENT_N/A_ACTUAL_POS] --(BEFORE)--> [EVENT_N/A_ACTUAL_POS] | [EVENT_N/A_ACTUAL_POS] --(CONTAINS)--> [EVENT_N/A_ACTUAL_POS],"""injection"" --(BEFORE)--> ""ponction"" | ""ponction"" --(CONTAINS)--> ""ramené"""
186,52,FR100092,[EVENT_N/A_ACTUAL_POS] --(BEFORE)--> [EVENT_N/A_ACTUAL_POS] | [EVENT_N/A_ACTUAL_POS] --(CONTAINS)--> [EVENT_N/A_ACTUAL_POS],"""admise"" --(BEFORE)--> ""examen"" | ""examen"" --(CONTAINS)--> ""fréquence"""
186,52,FR100120,[EVENT_N/A_ACTUAL_POS] --(BEFORE)--> [EVENT_N/A_ACTUAL_POS] | [EVENT_N/A_ACTUAL_POS] --(CONTAINS)--> [EVENT_N/A_ACTUAL_POS],"""reste"" --(BEFORE)--> ""traitement"" | ""traitement"" --(CONTAINS)--> ""soins"""
186,52,FR100130,[EVENT_N/A_ACTUAL_POS] --(BEFORE)--> [EVENT_N/A_ACTUAL_POS] | [EVENT_N/A_ACTUAL_POS] --(CONTAINS)--> [EVENT_N/A_ACTUAL_POS],"""bilan"" --(BEFORE)--> ""traité"" | ""traité"" --(CONTAINS)--> ""amélioration"""
186,52,FR100132,[EVENT_N/A_ACTUAL_POS] --(BEFORE)--> [EVENT_N/A_ACTUAL_POS] | [EVENT_N/A_ACTUAL_POS] --(CONTAINS)--> [EVENT_N/A_ACTUAL_POS],"""histologie"" --(BEFORE)--> ""examen"" | ""examen"" --(CONTAINS)--> ""angiographie"""
186,52,FR100142,[EVENT_N/A_ACTUAL_POS] --(BEFORE)--> [EVENT_N/A_ACTUAL_POS] | [EVENT_N/A_ACTUAL_POS] --(CONTAINS)--> [EVENT_N/A_ACTUAL_POS],"""mis"" --(BEFORE)--> ""évolution"" | ""évolution"" --(CONTAINS)--> ""taux"""
186,52,FR100161,[EVENT_N/A_ACTUAL_POS] --(BEFORE)--> [EVENT_N/A_ACTUAL_POS] | [EVENT_N/A_ACTUAL_POS] --(CONTAINS)--> [EVENT_N/A_ACTUAL_POS],"""examen"" --(BEFORE)--> ""examens"" | ""examens"" --(CONTAINS)--> ""Acti tests"""
186,52,FR100168,[EVENT_N/A_ACTUAL_POS] --(BEFORE)--> [EVENT_N/A_ACTUAL_POS] | [EVENT_N/A_ACTUAL_POS] --(CONTAINS)--> [EVENT_N/A_ACTUAL_POS],"""bilan"" --(BEFORE)--> ""tests"" | ""tests"" --(CONTAINS)--> ""temps"""
186,52,FR100185,[EVENT_N/A_ACTUAL_POS] --(BEFORE)--> [EVENT_N/A_ACTUAL_POS] | [EVENT_N/A_ACTUAL_POS] --(CONTAINS)--> [EVENT_N/A_ACTUAL_POS],"""Electromyogramme"" --(BEFORE)--> ""IRM"" | ""IRM"" --(CONTAINS)--> ""aspect"""
186,52,FR100255,[EVENT_N/A_ACTUAL_POS] --(BEFORE)--> [EVENT_N/A_ACTUAL_POS] | [EVENT_N/A_ACTUAL_POS] --(CONTAINS)--> [EVENT_N/A_ACTUAL_POS],"""TDM"" --(BEFORE)--> ""bilan"" | ""bilan"" --(CONTAINS)--> ""TCA"""
186,52,FR100275,[EVENT_N/A_ACTUAL_POS] --(BEFORE)--> [EVENT_N/A_ACTUAL_POS] | [EVENT_N/A_ACTUAL_POS] --(CONTAINS)--> [EVENT_N/A_ACTUAL_POS],"""anamnèse"" --(BEFORE)--> ""examen"" | ""examen"" --(CONTAINS)--> ""fréquence"""
186,52,FR100276,[EVENT_N/A_ACTUAL_POS] --(BEFORE)--> [EVENT_N/A_ACTUAL_POS] | [EVENT_N/A_ACTUAL_POS] --(CONTAINS)--> [EVENT_N/A_ACTUAL_POS],"""reste"" --(BEFORE)--> ""bilan"" | ""bilan"" --(CONTAINS)--> ""bilan"""
186,52,FR100283,[EVENT_N/A_ACTUAL_POS] --(BEFORE)--> [EVENT_N/A_ACTUAL_POS] | [EVENT_N/A_ACTUAL_POS] --(CONTAINS)--> [EVENT_N/A_ACTUAL_POS],"""maladie"" --(BEFORE)--> ""hémodialysé"" | ""hémodialysé"" --(CONTAINS)--> ""consulté"""
186,52,FR100296,[EVENT_N/A_ACTUAL_POS] --(BEFORE)--> [EVENT_N/A_ACTUAL_POS] | [EVENT_N/A_ACTUAL_POS] --(CONTAINS)--> [EVENT_N/A_ACTUAL_POS],"""fenestration"" --(BEFORE)--> ""suites"" | ""suites"" --(CONTAINS)--> ""déambulation"""
186,52,FR100314,[EVENT_N/A_ACTUAL_POS] --(BEFORE)--> [EVENT_N/A_ACTUAL_POS] | [EVENT_N/A_ACTUAL_POS] --(CONTAINS)--> [EVENT_N/A_ACTUAL_POS],"""accident"" --(BEFORE)--> ""traumatisme"" | ""traumatisme"" --(CONTAINS)--> ""admise"""
186,52,FR100344,[EVENT_N/A_ACTUAL_POS] --(BEFORE)--> [EVENT_N/A_ACTUAL_POS] | [EVENT_N/A_ACTUAL_POS] --(CONTAINS)--> [EVENT_N/A_ACTUAL_POS],"""développé"" --(BEFORE)--> ""suivie"" | ""suivie"" --(CONTAINS)--> ""traitement"""
186,52,FR100361,[EVENT_N/A_ACTUAL_POS] --(BEFORE)--> [EVENT_N/A_ACTUAL_POS] | [EVENT_N/A_ACTUAL_POS] --(CONTAINS)--> [EVENT_N/A_ACTUAL_POS],"""admise"" --(BEFORE)--> ""examen"" | ""examen"" --(CONTAINS)--> ""mobilisait"""
186,52,FR100371,[EVENT_N/A_ACTUAL_POS] --(BEFORE)--> [EVENT_N/A_ACTUAL_POS] | [EVENT_N/A_ACTUAL_POS] --(CONTAINS)--> [EVENT_N/A_ACTUAL_POS],"""bilan"" --(BEFORE)--> ""bilan"" | ""bilan"" --(CONTAINS)--> ""radiographie"""
186,52,FR100400,[EVENT_N/A_ACTUAL_POS] --(BEFORE)--> [EVENT_N/A_ACTUAL_POS] | [EVENT_N/A_ACTUAL_POS] --(CONTAINS)--> [EVENT_N/A_ACTUAL_POS],"""suites"" --(BEFORE)--> ""suivie"" | ""suivie"" --(CONTAINS)--> ""contrôles"""
186,52,FR100510,[EVENT_N/A_ACTUAL_POS] --(BEFORE)--> [EVENT_N/A_ACTUAL_POS] | [EVENT_N/A_ACTUAL_POS] --(CONTAINS)--> [EVENT_N/A_ACTUAL_POS],"""décision"" --(BEFORE)--> ""intervention"" | ""intervention"" --(CONTAINS)--> ""résection"""
186,52,FR100515,[EVENT_N/A_ACTUAL_POS] --(BEFORE)--> [EVENT_N/A_ACTUAL_POS] | [EVENT_N/A_ACTUAL_POS] --(CONTAINS)--> [EVENT_N/A_ACTUAL_POS],"""résistance"" --(BEFORE)--> ""traitement"" | ""traitement"" --(CONTAINS)--> ""cures"""
186,52,FR100519,[EVENT_N/A_ACTUAL_POS] --(BEFORE)--> [EVENT_N/A_ACTUAL_POS] | [EVENT_N/A_ACTUAL_POS] --(CONTAINS)--> [EVENT_N/A_ACTUAL_POS],"""entrée"" --(BEFORE)--> ""bilan"" | ""bilan"" --(CONTAINS)--> ""radiographie"""
186,52,FR100589,[EVENT_N/A_ACTUAL_POS] --(BEFORE)--> [EVENT_N/A_ACTUAL_POS] | [EVENT_N/A_ACTUAL_POS] --(CONTAINS)--> [EVENT_N/A_ACTUAL_POS],"""demandé"" --(BEFORE)--> ""bilan"" | ""bilan"" --(CONTAINS)--> ""myélogramme"""
186,52,FR100597,[EVENT_N/A_ACTUAL_POS] --(BEFORE)--> [EVENT_N/A_ACTUAL_POS] | [EVENT_N/A_ACTUAL_POS] --(CONTAINS)--> [EVENT_N/A_ACTUAL_POS],"""décidée"" --(BEFORE)--> ""laparotomie"" | ""laparotomie"" --(CONTAINS)--> ""exploration"""
186,52,FR100611,[EVENT_N/A_ACTUAL_POS] --(BEFORE)--> [EVENT_N/A_ACTUAL_POS] | [EVENT_N/A_ACTUAL_POS] --(CONTAINS)--> [EVENT_N/A_ACTUAL_POS],"""PCR"" --(BEFORE)--> ""TDM"" | ""TDM"" --(CONTAINS)--> ""image"""
186,52,FR100614,[EVENT_N/A_ACTUAL_POS] --(BEFORE)--> [EVENT_N/A_ACTUAL_POS] | [EVENT_N/A_ACTUAL_POS] --(CONTAINS)--> [EVENT_N/A_ACTUAL_POS],"""rupture"" --(BEFORE)--> ""intervention"" | ""intervention"" --(CONTAINS)--> ""éviter"""
186,52,FR100620,[EVENT_N/A_ACTUAL_POS] --(BEFORE)--> [EVENT_N/A_ACTUAL_POS] | [EVENT_N/A_ACTUAL_POS] --(CONTAINS)--> [EVENT_N/A_ACTUAL_POS],"""bronchoscopie"" --(BEFORE)--> ""bilan"" | ""bilan"" --(CONTAINS)--> ""pléthysmographie"""
186,52,FR100629,[EVENT_N/A_ACTUAL_POS] --(BEFORE)--> [EVENT_N/A_ACTUAL_POS] | [EVENT_N/A_ACTUAL_POS] --(CONTAINS)--> [EVENT_N/A_ACTUAL_POS],"""décision"" --(BEFORE)--> ""chimiothérapie"" | ""chimiothérapie"" --(CONTAINS)--> ""bithérapie"""
186,52,FR100632,[EVENT_N/A_ACTUAL_POS] --(BEFORE)--> [EVENT_N/A_ACTUAL_POS] | [EVENT_N/A_ACTUAL_POS] --(CONTAINS)--> [EVENT_N/A_ACTUAL_POS],"""IRM"" --(BEFORE)--> ""étude"" | ""étude"" --(CONTAINS)--> ""recherche"""
186,52,FR100658,[EVENT_N/A_ACTUAL_POS] --(BEFORE)--> [EVENT_N/A_ACTUAL_POS] | [EVENT_N/A_ACTUAL_POS] --(CONTAINS)--> [EVENT_N/A_ACTUAL_POS],"""auscultation"" --(BEFORE)--> ""examens"" | ""examens"" --(CONTAINS)--> ""fonction"""
186,52,FR100663,[EVENT_N/A_ACTUAL_POS] --(BEFORE)--> [EVENT_N/A_ACTUAL_POS] | [EVENT_N/A_ACTUAL_POS] --(CONTAINS)--> [EVENT_N/A_ACTUAL_POS],"""tenté"" --(BEFORE)--> ""bilan"" | ""bilan"" --(CONTAINS)--> ""Numération"""
186,52,FR100666,[EVENT_N/A_ACTUAL_POS] --(BEFORE)--> [EVENT_N/A_ACTUAL_POS] | [EVENT_N/A_ACTUAL_POS] --(CONTAINS)--> [EVENT_N/A_ACTUAL_POS],"""polychimiothérapie"" --(BEFORE)--> ""COPADEM"" | ""COPADEM"" --(CONTAINS)--> ""vincristine"""
186,52,FR100688,[EVENT_N/A_ACTUAL_POS] --(BEFORE)--> [EVENT_N/A_ACTUAL_POS] | [EVENT_N/A_ACTUAL_POS] --(CONTAINS)--> [EVENT_N/A_ACTUAL_POS],"""traitement"" --(BEFORE)--> ""évolution"" | ""évolution"" --(CONTAINS)--> ""disparition"""
186,52,FR100689,[EVENT_N/A_ACTUAL_POS] --(BEFORE)--> [EVENT_N/A_ACTUAL_POS] | [EVENT_N/A_ACTUAL_POS] --(CONTAINS)--> [EVENT_N/A_ACTUAL_POS],"""scanner"" --(BEFORE)--> ""IRM"" | ""IRM"" --(CONTAINS)--> ""injection"""
186,52,FR100697,[EVENT_N/A_ACTUAL_POS] --(BEFORE)--> [EVENT_N/A_ACTUAL_POS] | [EVENT_N/A_ACTUAL_POS] --(CONTAINS)--> [EVENT_N/A_ACTUAL_POS],"""tout"" --(BEFORE)--> ""bilan"" | ""bilan"" --(CONTAINS)--> ""échographie"""
186,52,FR100708,[EVENT_N/A_ACTUAL_POS] --(BEFORE)--> [EVENT_N/A_ACTUAL_POS] | [EVENT_N/A_ACTUAL_POS] --(CONTAINS)--> [EVENT_N/A_ACTUAL_POS],"""constaté"" --(BEFORE)--> ""consulté"" | ""consulté"" --(CONTAINS)--> ""examen"""
186,52,FR100717,[EVENT_N/A_ACTUAL_POS] --(BEFORE)--> [EVENT_N/A_ACTUAL_POS] | [EVENT_N/A_ACTUAL_POS] --(CONTAINS)--> [EVENT_N/A_ACTUAL_POS],"""exploration"" --(BEFORE)--> ""suites"" | ""suites"" --(CONTAINS)--> ""régression"""
186,52,FR100748,[EVENT_N/A_ACTUAL_POS] --(BEFORE)--> [EVENT_N/A_ACTUAL_POS] | [EVENT_N/A_ACTUAL_POS] --(CONTAINS)--> [EVENT_N/A_ACTUAL_POS],"""adressée"" --(BEFORE)--> ""hospitalisation"" | ""hospitalisation"" --(CONTAINS)--> ""scanner"""
186,52,FR100766,[EVENT_N/A_ACTUAL_POS] --(BEFORE)--> [EVENT_N/A_ACTUAL_POS] | [EVENT_N/A_ACTUAL_POS] --(CONTAINS)--> [EVENT_N/A_ACTUAL_POS],"""retenu"" --(BEFORE)--> ""bénéficié"" | ""bénéficié"" --(CONTAINS)--> ""fixation"""
186,52,FR100780,[EVENT_N/A_ACTUAL_POS] --(BEFORE)--> [EVENT_N/A_ACTUAL_POS] | [EVENT_N/A_ACTUAL_POS] --(CONTAINS)--> [EVENT_N/A_ACTUAL_POS],"""admise"" --(BEFORE)--> ""examen"" | ""examen"" --(CONTAINS)--> ""tension"""
186,52,FR100806,[EVENT_N/A_ACTUAL_POS] --(BEFORE)--> [EVENT_N/A_ACTUAL_POS] | [EVENT_N/A_ACTUAL_POS] --(CONTAINS)--> [EVENT_N/A_ACTUAL_POS],"""examen"" --(BEFORE)--> ""biologie"" | ""biologie"" --(CONTAINS)--> ""NFS"""
186,52,FR100826,[EVENT_N/A_ACTUAL_POS] --(BEFORE)--> [EVENT_N/A_ACTUAL_POS] | [EVENT_N/A_ACTUAL_POS] --(CONTAINS)--> [EVENT_N/A_ACTUAL_POS],"""exploration"" --(BEFORE)--> ""suites"" | ""suites"" --(CONTAINS)--> ""sortie"""
186,52,FR100845,[EVENT_N/A_ACTUAL_POS] --(BEFORE)--> [EVENT_N/A_ACTUAL_POS] | [EVENT_N/A_ACTUAL_POS] --(CONTAINS)--> [EVENT_N/A_ACTUAL_POS],"""examen"" --(BEFORE)--> ""examen"" | ""examen"" --(CONTAINS)--> ""toucher"""
186,52,FR100870,[EVENT_N/A_ACTUAL_POS] --(BEFORE)--> [EVENT_N/A_ACTUAL_POS] | [EVENT_N/A_ACTUAL_POS] --(CONTAINS)--> [EVENT_N/A_ACTUAL_POS],"""IRM"" --(BEFORE)--> ""électrophorèse"" | ""électrophorèse"" --(CONTAINS)--> ""découverte"""
186,52,FR100874,[EVENT_N/A_ACTUAL_POS] --(BEFORE)--> [EVENT_N/A_ACTUAL_POS] | [EVENT_N/A_ACTUAL_POS] --(CONTAINS)--> [EVENT_N/A_ACTUAL_POS],"""admission"" --(BEFORE)--> ""examen"" | ""examen"" --(CONTAINS)--> ""constantes"""
186,52,FR100882,[EVENT_N/A_ACTUAL_POS] --(BEFORE)--> [EVENT_N/A_ACTUAL_POS] | [EVENT_N/A_ACTUAL_POS] --(CONTAINS)--> [EVENT_N/A_ACTUAL_POS],"""sclérothérapie"" --(BEFORE)--> ""évolution"" | ""évolution"" --(CONTAINS)--> ""amélioration"""
186,52,FR100883,[EVENT_N/A_ACTUAL_POS] --(BEFORE)--> [EVENT_N/A_ACTUAL_POS] | [EVENT_N/A_ACTUAL_POS] --(CONTAINS)--> [EVENT_N/A_ACTUAL_POS],"""bilan"" --(BEFORE)--> ""reçu"" | ""reçu"" --(CONTAINS)--> ""radiothérapie"""
186,52,FR100894,[EVENT_N/A_ACTUAL_POS] --(BEFORE)--> [EVENT_N/A_ACTUAL_POS] | [EVENT_N/A_ACTUAL_POS] --(CONTAINS)--> [EVENT_N/A_ACTUAL_POS],"""prescrites"" --(BEFORE)--> ""séances"" | ""séances"" --(CONTAINS)--> ""réentraînement"""
186,52,FR100903,[EVENT_N/A_ACTUAL_POS] --(BEFORE)--> [EVENT_N/A_ACTUAL_POS] | [EVENT_N/A_ACTUAL_POS] --(CONTAINS)--> [EVENT_N/A_ACTUAL_POS],"""écarté"" --(BEFORE)--> ""contrôles"" | ""contrôles"" --(CONTAINS)--> ""biométrie"""
186,52,FR100946,[EVENT_N/A_ACTUAL_POS] --(BEFORE)--> [EVENT_N/A_ACTUAL_POS] | [EVENT_N/A_ACTUAL_POS] --(CONTAINS)--> [EVENT_N/A_ACTUAL_POS],"""examen"" --(BEFORE)--> ""IRM"" | ""IRM"" --(CONTAINS)--> ""prise"""
186,52,FR100960,[EVENT_N/A_ACTUAL_POS] --(BEFORE)--> [EVENT_N/A_ACTUAL_POS] | [EVENT_N/A_ACTUAL_POS] --(CONTAINS)--> [EVENT_N/A_ACTUAL_POS],"""opéré"" --(BEFORE)--> ""consulté"" | ""consulté"" --(CONTAINS)--> ""étude"""
186,52,FR100998,[EVENT_N/A_ACTUAL_POS] --(BEFORE)--> [EVENT_N/A_ACTUAL_POS] | [EVENT_N/A_ACTUAL_POS] --(CONTAINS)--> [EVENT_N/A_ACTUAL_POS],"""diagnostic"" --(BEFORE)--> ""traitée"" | ""traitée"" --(CONTAINS)--> ""développé"""
131,49,FR100003,[EVENT_N/A_ACTUAL_POS] --(BEFORE)--> [EVENT_N/A_ACTUAL_POS] | [EVENT_N/A_ACTUAL_POS] --(BEFORE)--> [EVENT_N/A_ACTUAL_POS] | [EVENT_N/A_ACTUAL_POS] --(BEFORE)--> [EVENT_N/A_ACTUAL_POS] | [EVENT_N/A_ACTUAL_POS] --(BEFORE)--> [EVENT_N/A_ACTUAL_POS],"""injection"" --(BEFORE)--> ""ponction"" | ""ponction"" --(BEFORE)--> ""examen"" | ""examen"" --(BEFORE)--> ""examen"" | ""examen"" --(BEFORE)--> ""antibiothérapie"""
131,49,FR100092,[EVENT_N/A_ACTUAL_POS] --(BEFORE)--> [EVENT_N/A_ACTUAL_POS] | [EVENT_N/A_ACTUAL_POS] --(BEFORE)--> [EVENT_N/A_ACTUAL_POS] | [EVENT_N/A_ACTUAL_POS] --(BEFORE)--> [EVENT_N/A_ACTUAL_POS] | [EVENT_N/A_ACTUAL_POS] --(BEFORE)--> [EVENT_N/A_ACTUAL_POS],"""examen"" --(BEFORE)--> ""examen"" | ""examen"" --(BEFORE)--> ""échographie"" | ""échographie"" --(BEFORE)--> ""tableau"" | ""tableau"" --(BEFORE)--> ""reste"""
131,49,FR100130,[EVENT_N/A_ACTUAL_POS] --(BEFORE)--> [EVENT_N/A_ACTUAL_POS] | [EVENT_N/A_ACTUAL_POS] --(BEFORE)--> [EVENT_N/A_ACTUAL_POS] | [EVENT_N/A_ACTUAL_POS] --(BEFORE)--> [EVENT_N/A_ACTUAL_POS] | [EVENT_N/A_ACTUAL_POS] --(BEFORE)--> [EVENT_N/A_ACTUAL_POS],"""confirmé"" --(BEFORE)--> ""recherche"" | ""recherche"" --(BEFORE)--> ""séjour"" | ""séjour"" --(BEFORE)--> ""bilan"" | ""bilan"" --(BEFORE)--> ""suspectée"""
131,49,FR100142,[EVENT_N/A_ACTUAL_POS] --(BEFORE)--> [EVENT_N/A_ACTUAL_POS] | [EVENT_N/A_ACTUAL_POS] --(BEFORE)--> [EVENT_N/A_ACTUAL_POS] | [EVENT_N/A_ACTUAL_POS] --(BEFORE)--> [EVENT_N/A_ACTUAL_POS] | [EVENT_N/A_ACTUAL_POS] --(BEFORE)--> [EVENT_N/A_ACTUAL_POS],"""électrophorèse"" --(BEFORE)--> ""scanner"" | ""scanner"" --(BEFORE)--> ""fibroscopie"" | ""fibroscopie"" --(BEFORE)--> ""biopsie"" | ""biopsie"" --(BEFORE)--> ""mis"""
131,49,FR100161,[EVENT_N/A_ACTUAL_POS] --(BEFORE)--> [EVENT_N/A_ACTUAL_POS] | [EVENT_N/A_ACTUAL_POS] --(BEFORE)--> [EVENT_N/A_ACTUAL_POS] | [EVENT_N/A_ACTUAL_POS] --(BEFORE)--> [EVENT_N/A_ACTUAL_POS] | [EVENT_N/A_ACTUAL_POS] --(BEFORE)--> [EVENT_N/A_ACTUAL_POS],"""examens"" --(BEFORE)--> ""radiographie"" | ""radiographie"" --(BEFORE)--> ""complément"" | ""complément"" --(BEFORE)--> ""cortisol"" | ""cortisol"" --(BEFORE)--> ""dérivés"""
131,49,FR100255,[EVENT_N/A_ACTUAL_POS] --(BEFORE)--> [EVENT_N/A_ACTUAL_POS] | [EVENT_N/A_ACTUAL_POS] --(BEFORE)--> [EVENT_N/A_ACTUAL_POS] | [EVENT_N/A_ACTUAL_POS] --(BEFORE)--> [EVENT_N/A_ACTUAL_POS] | [EVENT_N/A_ACTUAL_POS] --(BEFORE)--> [EVENT_N/A_ACTUAL_POS],"""réveillée"" --(BEFORE)--> ""radio"" | ""radio"" --(BEFORE)--> ""TDM"" | ""TDM"" --(BEFORE)--> ""bilan"" | ""bilan"" --(BEFORE)--> ""expulsé"""
131,49,FR100275,[EVENT_N/A_ACTUAL_POS] --(BEFORE)--> [EVENT_N/A_ACTUAL_POS] | [EVENT_N/A_ACTUAL_POS] --(BEFORE)--> [EVENT_N/A_ACTUAL_POS] | [EVENT_N/A_ACTUAL_POS] --(BEFORE)--> [EVENT_N/A_ACTUAL_POS] | [EVENT_N/A_ACTUAL_POS] --(BEFORE)--> [EVENT_N/A_ACTUAL_POS],"""découverte"" --(BEFORE)--> ""arrivée"" | ""arrivée"" --(BEFORE)--> ""établi"" | ""établi"" --(BEFORE)--> ""manœuvres"" | ""manœuvres"" --(BEFORE)--> ""transféré"""
131,49,FR100283,[EVENT_N/A_ACTUAL_POS] --(BEFORE)--> [EVENT_N/A_ACTUAL_POS] | [EVENT_N/A_ACTUAL_POS] --(BEFORE)--> [EVENT_N/A_ACTUAL_POS] | [EVENT_N/A_ACTUAL_POS] --(BEFORE)--> [EVENT_N/A_ACTUAL_POS] | [EVENT_N/A_ACTUAL_POS] --(BEFORE)--> [EVENT_N/A_ACTUAL_POS],"""bilan"" --(BEFORE)--> ""IRM"" | ""IRM"" --(BEFORE)--> ""hypophysiogramme"" | ""hypophysiogramme"" --(BEFORE)--> ""traitement"" | ""traitement"" --(BEFORE)--> ""évolution"""
131,49,FR100296,[EVENT_N/A_ACTUAL_POS] --(BEFORE)--> [EVENT_N/A_ACTUAL_POS] | [EVENT_N/A_ACTUAL_POS] --(BEFORE)--> [EVENT_N/A_ACTUAL_POS] | [EVENT_N/A_ACTUAL_POS] --(BEFORE)--> [EVENT_N/A_ACTUAL_POS] | [EVENT_N/A_ACTUAL_POS] --(BEFORE)--> [EVENT_N/A_ACTUAL_POS],"""examen"" --(BEFORE)--> ""IRM"" | ""IRM"" --(BEFORE)--> ""fenestration"" | ""fenestration"" --(BEFORE)--> ""suites"" | ""suites"" --(BEFORE)--> ""exéaté"""
131,49,FR100314,[EVENT_N/A_ACTUAL_POS] --(BEFORE)--> [EVENT_N/A_ACTUAL_POS] | [EVENT_N/A_ACTUAL_POS] --(BEFORE)--> [EVENT_N/A_ACTUAL_POS] | [EVENT_N/A_ACTUAL_POS] --(BEFORE)--> [EVENT_N/A_ACTUAL_POS] | [EVENT_N/A_ACTUAL_POS] --(BEFORE)--> [EVENT_N/A_ACTUAL_POS],"""admise"" --(BEFORE)--> ""bilan"" | ""bilan"" --(BEFORE)--> ""drainage"" | ""drainage"" --(BEFORE)--> ""angio-scanner"" | ""angio-scanner"" --(BEFORE)--> ""amputation"""
131,49,FR100344,[EVENT_N/A_ACTUAL_POS] --(BEFORE)--> [EVENT_N/A_ACTUAL_POS] | [EVENT_N/A_ACTUAL_POS] --(BEFORE)--> [EVENT_N/A_ACTUAL_POS] | [EVENT_N/A_ACTUAL_POS] --(BEFORE)--> [EVENT_N/A_ACTUAL_POS] | [EVENT_N/A_ACTUAL_POS] --(BEFORE)--> [EVENT_N/A_ACTUAL_POS],"""déroulée"" --(BEFORE)--> ""plainte"" | ""plainte"" --(BEFORE)--> ""examen"" | ""examen"" --(BEFORE)--> ""césarienne"" | ""césarienne"" --(BEFORE)--> ""pesait"""
131,49,FR100346,[EVENT_N/A_ACTUAL_POS] --(BEFORE)--> [EVENT_N/A_ACTUAL_POS] | [EVENT_N/A_ACTUAL_POS] --(BEFORE)--> [EVENT_N/A_ACTUAL_POS] | [EVENT_N/A_ACTUAL_POS] --(BEFORE)--> [EVENT_N/A_ACTUAL_POS] | [EVENT_N/A_ACTUAL_POS] --(BEFORE)--> [EVENT_N/A_ACTUAL_POS],"""gazométrie"" --(BEFORE)--> ""reste"" | ""reste"" --(BEFORE)--> ""radiographie"" | ""radiographie"" --(BEFORE)--> ""angioscanner"" | ""angioscanner"" --(BEFORE)--> ""echo-dopler"""
131,49,FR100360,[EVENT_N/A_ACTUAL_POS] --(BEFORE)--> [EVENT_N/A_ACTUAL_POS] | [EVENT_N/A_ACTUAL_POS] --(BEFORE)--> [EVENT_N/A_ACTUAL_POS] | [EVENT_N/A_ACTUAL_POS] --(BEFORE)--> [EVENT_N/A_ACTUAL_POS] | [EVENT_N/A_ACTUAL_POS] --(BEFORE)--> [EVENT_N/A_ACTUAL_POS],"""tomodensitométrie"" --(BEFORE)--> ""complément"" | ""complément"" --(BEFORE)--> ""biopsie"" | ""biopsie"" --(BEFORE)--> ""tomodensitométrie"" | ""tomodensitométrie"" --(BEFORE)--> ""radiothérapie"""
131,49,FR100361,[EVENT_N/A_ACTUAL_POS] --(BEFORE)--> [EVENT_N/A_ACTUAL_POS] | [EVENT_N/A_ACTUAL_POS] --(BEFORE)--> [EVENT_N/A_ACTUAL_POS] | [EVENT_N/A_ACTUAL_POS] --(BEFORE)--> [EVENT_N/A_ACTUAL_POS] | [EVENT_N/A_ACTUAL_POS] --(BEFORE)--> [EVENT_N/A_ACTUAL_POS],"""admise"" --(BEFORE)--> ""examen"" | ""examen"" --(BEFORE)--> ""TDM"" | ""TDM"" --(BEFORE)--> ""ponction"" | ""ponction"" --(BEFORE)--> ""examen"""
131,49,FR100371,[EVENT_N/A_ACTUAL_POS] --(BEFORE)--> [EVENT_N/A_ACTUAL_POS] | [EVENT_N/A_ACTUAL_POS] --(BEFORE)--> [EVENT_N/A_ACTUAL_POS] | [EVENT_N/A_ACTUAL_POS] --(BEFORE)--> [EVENT_N/A_ACTUAL_POS] | [EVENT_N/A_ACTUAL_POS] --(BEFORE)--> [EVENT_N/A_ACTUAL_POS],"""adressée"" --(BEFORE)--> ""admission"" | ""admission"" --(BEFORE)--> ""examen"" | ""examen"" --(BEFORE)--> ""examen"" | ""examen"" --(BEFORE)--> ""bilan"""
131,49,FR100400,[EVENT_N/A_ACTUAL_POS] --(BEFORE)--> [EVENT_N/A_ACTUAL_POS] | [EVENT_N/A_ACTUAL_POS] --(BEFORE)--> [EVENT_N/A_ACTUAL_POS] | [EVENT_N/A_ACTUAL_POS] --(BEFORE)--> [EVENT_N/A_ACTUAL_POS] | [EVENT_N/A_ACTUAL_POS] --(BEFORE)--> [EVENT_N/A_ACTUAL_POS],"""histoire"" --(BEFORE)--> ""examen"" | ""examen"" --(BEFORE)--> ""bilan"" | ""bilan"" --(BEFORE)--> ""Radiographie"" | ""Radiographie"" --(BEFORE)--> ""échographie"""
131,49,FR100439,[EVENT_N/A_ACTUAL_POS] --(BEFORE)--> [EVENT_N/A_ACTUAL_POS] | [EVENT_N/A_ACTUAL_POS] --(BEFORE)--> [EVENT_N/A_ACTUAL_POS] | [EVENT_N/A_ACTUAL_POS] --(BEFORE)--> [EVENT_N/A_ACTUAL_POS] | [EVENT_N/A_ACTUAL_POS] --(BEFORE)--> [EVENT_N/A_ACTUAL_POS],"""prélèvements"" --(BEFORE)--> ""IRM"" | ""IRM"" --(BEFORE)--> ""scanner"" | ""scanner"" --(BEFORE)--> ""endoscopie"" | ""endoscopie"" --(BEFORE)--> ""biopsies"""
131,49,FR100448,[EVENT_N/A_ACTUAL_POS] --(BEFORE)--> [EVENT_N/A_ACTUAL_POS] | [EVENT_N/A_ACTUAL_POS] --(BEFORE)--> [EVENT_N/A_ACTUAL_POS] | [EVENT_N/A_ACTUAL_POS] --(BEFORE)--> [EVENT_N/A_ACTUAL_POS] | [EVENT_N/A_ACTUAL_POS] --(BEFORE)--> [EVENT_N/A_ACTUAL_POS],"""échotomographie"" --(BEFORE)--> ""hémi thyroïdectomie"" | ""hémi thyroïdectomie"" --(BEFORE)--> ""examen"" | ""examen"" --(BEFORE)--> ""histochimie"" | ""histochimie"" --(BEFORE)--> ""scanner"""
131,49,FR100480,[EVENT_N/A_ACTUAL_POS] --(BEFORE)--> [EVENT_N/A_ACTUAL_POS] | [EVENT_N/A_ACTUAL_POS] --(BEFORE)--> [EVENT_N/A_ACTUAL_POS] | [EVENT_N/A_ACTUAL_POS] --(BEFORE)--> [EVENT_N/A_ACTUAL_POS] | [EVENT_N/A_ACTUAL_POS] --(BEFORE)--> [EVENT_N/A_ACTUAL_POS],"""installation"" --(BEFORE)--> ""bilan"" | ""bilan"" --(BEFORE)--> ""analyse"" | ""analyse"" --(BEFORE)--> ""amputation"" | ""amputation"" --(BEFORE)--> ""examen"""
131,49,FR100515,[EVENT_N/A_ACTUAL_POS] --(BEFORE)--> [EVENT_N/A_ACTUAL_POS] | [EVENT_N/A_ACTUAL_POS] --(BEFORE)--> [EVENT_N/A_ACTUAL_POS] | [EVENT_N/A_ACTUAL_POS] --(BEFORE)--> [EVENT_N/A_ACTUAL_POS] | [EVENT_N/A_ACTUAL_POS] --(BEFORE)--> [EVENT_N/A_ACTUAL_POS],"""retenu"" --(BEFORE)--> ""bilan"" | ""bilan"" --(BEFORE)--> ""bilan"" | ""bilan"" --(BEFORE)--> ""prescrits"" | ""prescrits"" --(BEFORE)--> ""corticothérapie"""
131,49,FR100517,[EVENT_N/A_ACTUAL_POS] --(BEFORE)--> [EVENT_N/A_ACTUAL_POS] | [EVENT_N/A_ACTUAL_POS] --(BEFORE)--> [EVENT_N/A_ACTUAL_POS] | [EVENT_N/A_ACTUAL_POS] --(BEFORE)--> [EVENT_N/A_ACTUAL_POS] | [EVENT_N/A_ACTUAL_POS] --(BEFORE)--> [EVENT_N/A_ACTUAL_POS],"""électromyogramme"" --(BEFORE)--> ""bilan"" | ""bilan"" --(BEFORE)--> ""explorations"" | ""explorations"" --(BEFORE)--> ""porté"" | ""porté"" --(BEFORE)--> ""échographie"""
131,49,FR100519,[EVENT_N/A_ACTUAL_POS] --(BEFORE)--> [EVENT_N/A_ACTUAL_POS] | [EVENT_N/A_ACTUAL_POS] --(BEFORE)--> [EVENT_N/A_ACTUAL_POS] | [EVENT_N/A_ACTUAL_POS] --(BEFORE)--> [EVENT_N/A_ACTUAL_POS] | [EVENT_N/A_ACTUAL_POS] --(BEFORE)--> [EVENT_N/A_ACTUAL_POS],"""entrée"" --(BEFORE)--> ""bilan"" | ""bilan"" --(BEFORE)--> ""angioscanner"" | ""angioscanner"" --(BEFORE)--> ""échodoppler"" | ""échodoppler"" --(BEFORE)--> ""retenue"""
131,49,FR100589,[EVENT_N/A_ACTUAL_POS] --(BEFORE)--> [EVENT_N/A_ACTUAL_POS] | [EVENT_N/A_ACTUAL_POS] --(BEFORE)--> [EVENT_N/A_ACTUAL_POS] | [EVENT_N/A_ACTUAL_POS] --(BEFORE)--> [EVENT_N/A_ACTUAL_POS] | [EVENT_N/A_ACTUAL_POS] --(BEFORE)--> [EVENT_N/A_ACTUAL_POS],"""lavage"" --(BEFORE)--> ""biopsies"" | ""biopsies"" --(BEFORE)--> ""exploration"" | ""exploration"" --(BEFORE)--> ""hémogramme"" | ""hémogramme"" --(BEFORE)--> ""Cytométrie"""
131,49,FR100597,[EVENT_N/A_ACTUAL_POS] --(BEFORE)--> [EVENT_N/A_ACTUAL_POS] | [EVENT_N/A_ACTUAL_POS] --(BEFORE)--> [EVENT_N/A_ACTUAL_POS] | [EVENT_N/A_ACTUAL_POS] --(BEFORE)--> [EVENT_N/A_ACTUAL_POS] | [EVENT_N/A_ACTUAL_POS] --(BEFORE)--> [EVENT_N/A_ACTUAL_POS],"""marqueurs"" --(BEFORE)--> ""décidée"" | ""décidée"" --(BEFORE)--> ""laparotomie"" | ""laparotomie"" --(BEFORE)--> ""hystérectomie"" | ""hystérectomie"" --(BEFORE)--> ""suites"""
131,49,FR100611,[EVENT_N/A_ACTUAL_POS] --(BEFORE)--> [EVENT_N/A_ACTUAL_POS] | [EVENT_N/A_ACTUAL_POS] --(BEFORE)--> [EVENT_N/A_ACTUAL_POS] | [EVENT_N/A_ACTUAL_POS] --(BEFORE)--> [EVENT_N/A_ACTUAL_POS] | [EVENT_N/A_ACTUAL_POS] --(BEFORE)--> [EVENT_N/A_ACTUAL_POS],"""examen"" --(BEFORE)--> ""PCR"" | ""PCR"" --(BEFORE)--> ""TDM"" | ""TDM"" --(BEFORE)--> ""biopsie"" | ""biopsie"" --(BEFORE)--> ""recherche"""
131,49,FR100614,[EVENT_N/A_ACTUAL_POS] --(BEFORE)--> [EVENT_N/A_ACTUAL_POS] | [EVENT_N/A_ACTUAL_POS] --(BEFORE)--> [EVENT_N/A_ACTUAL_POS] | [EVENT_N/A_ACTUAL_POS] --(BEFORE)--> [EVENT_N/A_ACTUAL_POS] | [EVENT_N/A_ACTUAL_POS] --(BEFORE)--> [EVENT_N/A_ACTUAL_POS],"""échographique"" --(BEFORE)--> ""tomodensitométrie"" | ""tomodensitométrie"" --(BEFORE)--> ""radiographie"" | ""radiographie"" --(BEFORE)--> ""taux"" | ""taux"" --(BEFORE)--> ""exploration"""
131,49,FR100620,[EVENT_N/A_ACTUAL_POS] --(BEFORE)--> [EVENT_N/A_ACTUAL_POS] | [EVENT_N/A_ACTUAL_POS] --(BEFORE)--> [EVENT_N/A_ACTUAL_POS] | [EVENT_N/A_ACTUAL_POS] --(BEFORE)--> [EVENT_N/A_ACTUAL_POS] | [EVENT_N/A_ACTUAL_POS] --(BEFORE)--> [EVENT_N/A_ACTUAL_POS],"""radiographie"" --(BEFORE)--> ""demandé"" | ""demandé"" --(BEFORE)--> ""aspect"" | ""aspect"" --(BEFORE)--> ""bronchoscopie"" | ""bronchoscopie"" --(BEFORE)--> ""bilan"""
131,49,FR100623,[EVENT_N/A_ACTUAL_POS] --(BEFORE)--> [EVENT_N/A_ACTUAL_POS] | [EVENT_N/A_ACTUAL_POS] --(BEFORE)--> [EVENT_N/A_ACTUAL_POS] | [EVENT_N/A_ACTUAL_POS] --(BEFORE)--> [EVENT_N/A_ACTUAL_POS] | [EVENT_N/A_ACTUAL_POS] --(BEFORE)--> [EVENT_N/A_ACTUAL_POS],"""consulté"" --(BEFORE)--> ""examen"" | ""examen"" --(BEFORE)--> ""échographie"" | ""échographie"" --(BEFORE)--> ""tomodensitométrie"" | ""tomodensitométrie"" --(BEFORE)--> ""retenu"""
131,49,FR100629,[EVENT_N/A_ACTUAL_POS] --(BEFORE)--> [EVENT_N/A_ACTUAL_POS] | [EVENT_N/A_ACTUAL_POS] --(BEFORE)--> [EVENT_N/A_ACTUAL_POS] | [EVENT_N/A_ACTUAL_POS] --(BEFORE)--> [EVENT_N/A_ACTUAL_POS] | [EVENT_N/A_ACTUAL_POS] --(BEFORE)--> [EVENT_N/A_ACTUAL_POS],"""thoracoscopie"" --(BEFORE)--> ""marquage"" | ""marquage"" --(BEFORE)--> ""bilan"" | ""bilan"" --(BEFORE)--> ""décision"" | ""décision"" --(BEFORE)--> ""chimiothérapie"""
131,49,FR100632,[EVENT_N/A_ACTUAL_POS] --(BEFORE)--> [EVENT_N/A_ACTUAL_POS] | [EVENT_N/A_ACTUAL_POS] --(BEFORE)--> [EVENT_N/A_ACTUAL_POS] | [EVENT_N/A_ACTUAL_POS] --(BEFORE)--> [EVENT_N/A_ACTUAL_POS] | [EVENT_N/A_ACTUAL_POS] --(BEFORE)--> [EVENT_N/A_ACTUAL_POS],"""IRM"" --(BEFORE)--> ""étude"" | ""étude"" --(BEFORE)--> ""numération"" | ""numération"" --(BEFORE)--> ""bilan"" | ""bilan"" --(BEFORE)--> ""enquête"""
131,49,FR100663,[EVENT_N/A_ACTUAL_POS] --(BEFORE)--> [EVENT_N/A_ACTUAL_POS] | [EVENT_N/A_ACTUAL_POS] --(BEFORE)--> [EVENT_N/A_ACTUAL_POS] | [EVENT_N/A_ACTUAL_POS] --(BEFORE)--> [EVENT_N/A_ACTUAL_POS] | [EVENT_N/A_ACTUAL_POS] --(BEFORE)--> [EVENT_N/A_ACTUAL_POS],"""ligature"" --(BEFORE)--> ""incisée"" | ""incisée"" --(BEFORE)--> ""vérifié"" | ""vérifié"" --(BEFORE)--> ""reprise"" | ""reprise"" --(BEFORE)--> ""fermé"""
131,49,FR100666,[EVENT_N/A_ACTUAL_POS] --(BEFORE)--> [EVENT_N/A_ACTUAL_POS] | [EVENT_N/A_ACTUAL_POS] --(BEFORE)--> [EVENT_N/A_ACTUAL_POS] | [EVENT_N/A_ACTUAL_POS] --(BEFORE)--> [EVENT_N/A_ACTUAL_POS] | [EVENT_N/A_ACTUAL_POS] --(BEFORE)--> [EVENT_N/A_ACTUAL_POS],"""étude"" --(BEFORE)--> ""adressé"" | ""adressé"" --(BEFORE)--> ""bilan"" | ""bilan"" --(BEFORE)--> ""myologramme"" | ""myologramme"" --(BEFORE)--> ""bilan"""
131,49,FR100683,[EVENT_N/A_ACTUAL_POS] --(BEFORE)--> [EVENT_N/A_ACTUAL_POS] | [EVENT_N/A_ACTUAL_POS] --(BEFORE)--> [EVENT_N/A_ACTUAL_POS] | [EVENT_N/A_ACTUAL_POS] --(BEFORE)--> [EVENT_N/A_ACTUAL_POS] | [EVENT_N/A_ACTUAL_POS] --(BEFORE)--> [EVENT_N/A_ACTUAL_POS],"""exploration"" --(BEFORE)--> ""IRM"" | ""IRM"" --(BEFORE)--> ""écho-mammographie"" | ""écho-mammographie"" --(BEFORE)--> ""osteodensitométrie"" | ""osteodensitométrie"" --(BEFORE)--> ""traitée"""
131,49,FR100688,[EVENT_N/A_ACTUAL_POS] --(BEFORE)--> [EVENT_N/A_ACTUAL_POS] | [EVENT_N/A_ACTUAL_POS] --(BEFORE)--> [EVENT_N/A_ACTUAL_POS] | [EVENT_N/A_ACTUAL_POS] --(BEFORE)--> [EVENT_N/A_ACTUAL_POS] | [EVENT_N/A_ACTUAL_POS] --(BEFORE)--> [EVENT_N/A_ACTUAL_POS],"""radiographie"" --(BEFORE)--> ""incision"" | ""incision"" --(BEFORE)--> ""analyse"" | ""analyse"" --(BEFORE)--> ""traitement"" | ""traitement"" --(BEFORE)--> ""évolution"""
131,49,FR100689,[EVENT_N/A_ACTUAL_POS] --(BEFORE)--> [EVENT_N/A_ACTUAL_POS] | [EVENT_N/A_ACTUAL_POS] --(BEFORE)--> [EVENT_N/A_ACTUAL_POS] | [EVENT_N/A_ACTUAL_POS] --(BEFORE)--> [EVENT_N/A_ACTUAL_POS] | [EVENT_N/A_ACTUAL_POS] --(BEFORE)--> [EVENT_N/A_ACTUAL_POS],"""ionogramme"" --(BEFORE)--> ""examen"" | ""examen"" --(BEFORE)--> ""retenu"" | ""retenu"" --(BEFORE)--> ""traitement"" | ""traitement"" --(BEFORE)--> ""corticothérapie"""
131,49,FR100697,[EVENT_N/A_ACTUAL_POS] --(BEFORE)--> [EVENT_N/A_ACTUAL_POS] | [EVENT_N/A_ACTUAL_POS] --(BEFORE)--> [EVENT_N/A_ACTUAL_POS] | [EVENT_N/A_ACTUAL_POS] --(BEFORE)--> [EVENT_N/A_ACTUAL_POS] | [EVENT_N/A_ACTUAL_POS] --(BEFORE)--> [EVENT_N/A_ACTUAL_POS],"""palpation"" --(BEFORE)--> ""examen"" | ""examen"" --(BEFORE)--> ""mammographie"" | ""mammographie"" --(BEFORE)--> ""échographie"" | ""échographie"" --(BEFORE)--> ""examen"""
131,49,FR100708,[EVENT_N/A_ACTUAL_POS] --(BEFORE)--> [EVENT_N/A_ACTUAL_POS] | [EVENT_N/A_ACTUAL_POS] --(BEFORE)--> [EVENT_N/A_ACTUAL_POS] | [EVENT_N/A_ACTUAL_POS] --(BEFORE)--> [EVENT_N/A_ACTUAL_POS] | [EVENT_N/A_ACTUAL_POS] --(BEFORE)--> [EVENT_N/A_ACTUAL_POS],"""examen"" --(BEFORE)--> ""mammographie"" | ""mammographie"" --(BEFORE)--> ""échographie"" | ""échographie"" --(BEFORE)--> ""ponction"" | ""ponction"" --(BEFORE)--> ""étude"""
131,49,FR100717,[EVENT_N/A_ACTUAL_POS] --(BEFORE)--> [EVENT_N/A_ACTUAL_POS] | [EVENT_N/A_ACTUAL_POS] --(BEFORE)--> [EVENT_N/A_ACTUAL_POS] | [EVENT_N/A_ACTUAL_POS] --(BEFORE)--> [EVENT_N/A_ACTUAL_POS] | [EVENT_N/A_ACTUAL_POS] --(BEFORE)--> [EVENT_N/A_ACTUAL_POS],"""traitement"" --(BEFORE)--> ""examen"" | ""examen"" --(BEFORE)--> ""examens"" | ""examens"" --(BEFORE)--> ""scanner"" | ""scanner"" --(BEFORE)--> ""IRM"""
131,49,FR100748,[EVENT_N/A_ACTUAL_POS] --(BEFORE)--> [EVENT_N/A_ACTUAL_POS] | [EVENT_N/A_ACTUAL_POS] --(BEFORE)--> [EVENT_N/A_ACTUAL_POS] | [EVENT_N/A_ACTUAL_POS] --(BEFORE)--> [EVENT_N/A_ACTUAL_POS] | [EVENT_N/A_ACTUAL_POS] --(BEFORE)--> [EVENT_N/A_ACTUAL_POS],"""mobilisation"" --(BEFORE)--> ""suites"" | ""suites"" --(BEFORE)--> ""transférée"" | ""transférée"" --(BEFORE)--> ""regagné"" | ""regagné"" --(BEFORE)--> ""recul"""
131,49,FR100806,[EVENT_N/A_ACTUAL_POS] --(BEFORE)--> [EVENT_N/A_ACTUAL_POS] | [EVENT_N/A_ACTUAL_POS] --(BEFORE)--> [EVENT_N/A_ACTUAL_POS] | [EVENT_N/A_ACTUAL_POS] --(BEFORE)--> [EVENT_N/A_ACTUAL_POS] | [EVENT_N/A_ACTUAL_POS] --(BEFORE)--> [EVENT_N/A_ACTUAL_POS],"""référée"" --(BEFORE)--> ""examen"" | ""examen"" --(BEFORE)--> ""biologie"" | ""biologie"" --(BEFORE)--> ""hospitalisée"" | ""hospitalisée"" --(BEFORE)--> ""hémodialyse"""
131,49,FR100826,[EVENT_N/A_ACTUAL_POS] --(BEFORE)--> [EVENT_N/A_ACTUAL_POS] | [EVENT_N/A_ACTUAL_POS] --(BEFORE)--> [EVENT_N/A_ACTUAL_POS] | [EVENT_N/A_ACTUAL_POS] --(BEFORE)--> [EVENT_N/A_ACTUAL_POS] | [EVENT_N/A_ACTUAL_POS] --(BEFORE)--> [EVENT_N/A_ACTUAL_POS],"""examen"" --(BEFORE)--> ""bilan"" | ""bilan"" --(BEFORE)--> ""bilan"" | ""bilan"" --(BEFORE)--> ""retenue"" | ""retenue"" --(BEFORE)--> ""exploration"""
131,49,FR100845,[EVENT_N/A_ACTUAL_POS] --(BEFORE)--> [EVENT_N/A_ACTUAL_POS] | [EVENT_N/A_ACTUAL_POS] --(BEFORE)--> [EVENT_N/A_ACTUAL_POS] | [EVENT_N/A_ACTUAL_POS] --(BEFORE)--> [EVENT_N/A_ACTUAL_POS] | [EVENT_N/A_ACTUAL_POS] --(BEFORE)--> [EVENT_N/A_ACTUAL_POS],"""Consulte"" --(BEFORE)--> ""examen"" | ""examen"" --(BEFORE)--> ""examen"" | ""examen"" --(BEFORE)--> ""échographie"" | ""échographie"" --(BEFORE)--> ""radiographie"""
131,49,FR100870,[EVENT_N/A_ACTUAL_POS] --(BEFORE)--> [EVENT_N/A_ACTUAL_POS] | [EVENT_N/A_ACTUAL_POS] --(BEFORE)--> [EVENT_N/A_ACTUAL_POS] | [EVENT_N/A_ACTUAL_POS] --(BEFORE)--> [EVENT_N/A_ACTUAL_POS] | [EVENT_N/A_ACTUAL_POS] --(BEFORE)--> [EVENT_N/A_ACTUAL_POS],"""retenu"" --(BEFORE)--> ""radiothérapie"" | ""radiothérapie"" --(BEFORE)--> ""admis"" | ""admis"" --(BEFORE)--> ""imagerie"" | ""imagerie"" --(BEFORE)--> ""hémogramme"""
131,49,FR100874,[EVENT_N/A_ACTUAL_POS] --(BEFORE)--> [EVENT_N/A_ACTUAL_POS] | [EVENT_N/A_ACTUAL_POS] --(BEFORE)--> [EVENT_N/A_ACTUAL_POS] | [EVENT_N/A_ACTUAL_POS] --(BEFORE)--> [EVENT_N/A_ACTUAL_POS] | [EVENT_N/A_ACTUAL_POS] --(BEFORE)--> [EVENT_N/A_ACTUAL_POS],"""tomodensitométrie"" --(BEFORE)--> ""retenu"" | ""retenu"" --(BEFORE)--> ""mise"" | ""mise"" --(BEFORE)--> ""diverticulectomie"" | ""diverticulectomie"" --(BEFORE)--> ""décédée"""
131,49,FR100882,[EVENT_N/A_ACTUAL_POS] --(BEFORE)--> [EVENT_N/A_ACTUAL_POS] | [EVENT_N/A_ACTUAL_POS] --(BEFORE)--> [EVENT_N/A_ACTUAL_POS] | [EVENT_N/A_ACTUAL_POS] --(BEFORE)--> [EVENT_N/A_ACTUAL_POS] | [EVENT_N/A_ACTUAL_POS] --(BEFORE)--> [EVENT_N/A_ACTUAL_POS],"""IRM"" --(BEFORE)--> ""scanner"" | ""scanner"" --(BEFORE)--> ""laminectomie"" | ""laminectomie"" --(BEFORE)--> ""Imagerie"" | ""Imagerie"" --(BEFORE)--> ""bilan"""
131,49,FR100894,[EVENT_N/A_ACTUAL_POS] --(BEFORE)--> [EVENT_N/A_ACTUAL_POS] | [EVENT_N/A_ACTUAL_POS] --(BEFORE)--> [EVENT_N/A_ACTUAL_POS] | [EVENT_N/A_ACTUAL_POS] --(BEFORE)--> [EVENT_N/A_ACTUAL_POS] | [EVENT_N/A_ACTUAL_POS] --(BEFORE)--> [EVENT_N/A_ACTUAL_POS],"""IRM"" --(BEFORE)--> ""appuyés"" | ""appuyés"" --(BEFORE)--> ""diagnostic"" | ""diagnostic"" --(BEFORE)--> ""pris"" | ""pris"" --(BEFORE)--> ""incision"""
131,49,FR100903,[EVENT_N/A_ACTUAL_POS] --(BEFORE)--> [EVENT_N/A_ACTUAL_POS] | [EVENT_N/A_ACTUAL_POS] --(BEFORE)--> [EVENT_N/A_ACTUAL_POS] | [EVENT_N/A_ACTUAL_POS] --(BEFORE)--> [EVENT_N/A_ACTUAL_POS] | [EVENT_N/A_ACTUAL_POS] --(BEFORE)--> [EVENT_N/A_ACTUAL_POS],"""échographie"" --(BEFORE)--> ""IRM"" | ""IRM"" --(BEFORE)--> ""diagnostic"" | ""diagnostic"" --(BEFORE)--> ""écarté"" | ""écarté"" --(BEFORE)--> ""réfléchir"""
131,49,FR100946,[EVENT_N/A_ACTUAL_POS] --(BEFORE)--> [EVENT_N/A_ACTUAL_POS] | [EVENT_N/A_ACTUAL_POS] --(BEFORE)--> [EVENT_N/A_ACTUAL_POS] | [EVENT_N/A_ACTUAL_POS] --(BEFORE)--> [EVENT_N/A_ACTUAL_POS] | [EVENT_N/A_ACTUAL_POS] --(BEFORE)--> [EVENT_N/A_ACTUAL_POS],"""IRM"" --(BEFORE)--> ""analyse"" | ""analyse"" --(BEFORE)--> ""mise"" | ""mise"" --(BEFORE)--> ""analyse"" | ""analyse"" --(BEFORE)--> ""mise"""
131,49,FR100996,[EVENT_N/A_ACTUAL_POS] --(BEFORE)--> [EVENT_N/A_ACTUAL_POS] | [EVENT_N/A_ACTUAL_POS] --(BEFORE)--> [EVENT_N/A_ACTUAL_POS] | [EVENT_N/A_ACTUAL_POS] --(BEFORE)--> [EVENT_N/A_ACTUAL_POS] | [EVENT_N/A_ACTUAL_POS] --(BEFORE)--> [EVENT_N/A_ACTUAL_POS],"""tomodensitométrie"" --(BEFORE)--> ""injection"" | ""injection"" --(BEFORE)--> ""retenu"" | ""retenu"" --(BEFORE)--> ""chirurgical"" | ""chirurgical"" --(BEFORE)--> ""suites"""
193,46,FR100003,[EVENT_N/A_ACTUAL_POS] --(BEFORE)--> [EVENT_N/A_ACTUAL_POS] | [EVENT_N/A_ACTUAL_POS] --(OVERLAP)--> [EVENT_N/A_ACTUAL_POS],"""drainage"" --(BEFORE)--> ""traitement"" | ""traitement"" --(OVERLAP)--> ""prévenir"""
193,46,FR100078,[EVENT_N/A_ACTUAL_POS] --(BEFORE)--> [EVENT_N/A_ACTUAL_POS] | [EVENT_N/A_ACTUAL_POS] --(OVERLAP)--> [EVENT_N/A_ACTUAL_POS],"""Pathergy"" --(BEFORE)--> ""diagnostic"" | ""diagnostic"" --(OVERLAP)--> ""colchicine"""
193,46,FR100120,[EVENT_N/A_ACTUAL_POS] --(BEFORE)--> [EVENT_N/A_ACTUAL_POS] | [EVENT_N/A_ACTUAL_POS] --(OVERLAP)--> [EVENT_N/A_ACTUAL_POS],"""retirées"" --(BEFORE)--> ""conclure"" | ""conclure"" --(OVERLAP)--> ""identifiées"""
193,46,FR100130,[EVENT_N/A_ACTUAL_POS] --(BEFORE)--> [EVENT_N/A_ACTUAL_POS] | [EVENT_N/A_ACTUAL_POS] --(OVERLAP)--> [EVENT_N/A_ACTUAL_POS],"""administrées"" --(BEFORE)--> ""reçu"" | ""reçu"" --(OVERLAP)--> ""amélioration"""
193,46,FR100132,[EVENT_N/A_ACTUAL_POS] --(BEFORE)--> [EVENT_N/A_ACTUAL_POS] | [EVENT_N/A_ACTUAL_POS] --(OVERLAP)--> [EVENT_N/A_ACTUAL_POS],"""examen"" --(BEFORE)--> ""écho-Doppler"" | ""écho-Doppler"" --(OVERLAP)--> ""fibroscopie"""
193,46,FR100142,[EVENT_N/A_ACTUAL_POS] --(BEFORE)--> [EVENT_N/A_ACTUAL_POS] | [EVENT_N/A_ACTUAL_POS] --(OVERLAP)--> [EVENT_N/A_ACTUAL_POS],"""sérologie"" --(BEFORE)--> ""évolution"" | ""évolution"" --(OVERLAP)--> ""altération"""
193,46,FR100161,[EVENT_N/A_ACTUAL_POS] --(BEFORE)--> [EVENT_N/A_ACTUAL_POS] | [EVENT_N/A_ACTUAL_POS] --(OVERLAP)--> [EVENT_N/A_ACTUAL_POS],"""interrogatoire"" --(BEFORE)--> ""examen"" | ""examen"" --(OVERLAP)--> ""TA"""
193,46,FR100168,[EVENT_N/A_ACTUAL_POS] --(BEFORE)--> [EVENT_N/A_ACTUAL_POS] | [EVENT_N/A_ACTUAL_POS] --(OVERLAP)--> [EVENT_N/A_ACTUAL_POS],"""tests"" --(BEFORE)--> ""entretien"" | ""entretien"" --(OVERLAP)--> ""habitude"""
193,46,FR100255,[EVENT_N/A_ACTUAL_POS] --(BEFORE)--> [EVENT_N/A_ACTUAL_POS] | [EVENT_N/A_ACTUAL_POS] --(OVERLAP)--> [EVENT_N/A_ACTUAL_POS],"""admission"" --(BEFORE)--> ""expulsé"" | ""expulsé"" --(OVERLAP)--> ""poids"""
193,46,FR100275,[EVENT_N/A_ACTUAL_POS] --(BEFORE)--> [EVENT_N/A_ACTUAL_POS] | [EVENT_N/A_ACTUAL_POS] --(OVERLAP)--> [EVENT_N/A_ACTUAL_POS],"""anamnèse"" --(BEFORE)--> ""examen"" | ""examen"" --(OVERLAP)--> ""bilan"""
193,46,FR100314,[EVENT_N/A_ACTUAL_POS] --(BEFORE)--> [EVENT_N/A_ACTUAL_POS] | [EVENT_N/A_ACTUAL_POS] --(OVERLAP)--> [EVENT_N/A_ACTUAL_POS],"""bilan"" --(BEFORE)--> ""drainage"" | ""drainage"" --(OVERLAP)--> ""analgésie"""
193,46,FR100344,[EVENT_N/A_ACTUAL_POS] --(BEFORE)--> [EVENT_N/A_ACTUAL_POS] | [EVENT_N/A_ACTUAL_POS] --(OVERLAP)--> [EVENT_N/A_ACTUAL_POS],"""césarienne"" --(BEFORE)--> ""pesait"" | ""pesait"" --(OVERLAP)--> ""pesaient"""
193,46,FR100346,[EVENT_N/A_ACTUAL_POS] --(BEFORE)--> [EVENT_N/A_ACTUAL_POS] | [EVENT_N/A_ACTUAL_POS] --(OVERLAP)--> [EVENT_N/A_ACTUAL_POS],"""héparinothérapie"" --(BEFORE)--> ""anti-vitamine"" | ""anti-vitamine"" --(OVERLAP)--> ""antibiothérapie"""
193,46,FR100360,[EVENT_N/A_ACTUAL_POS] --(BEFORE)--> [EVENT_N/A_ACTUAL_POS] | [EVENT_N/A_ACTUAL_POS] --(OVERLAP)--> [EVENT_N/A_ACTUAL_POS],"""radiothérapie"" --(BEFORE)--> ""cures"" | ""cures"" --(OVERLAP)--> ""tolérance"""
193,46,FR100361,[EVENT_N/A_ACTUAL_POS] --(BEFORE)--> [EVENT_N/A_ACTUAL_POS] | [EVENT_N/A_ACTUAL_POS] --(OVERLAP)--> [EVENT_N/A_ACTUAL_POS],"""culture"" --(BEFORE)--> ""protéine"" | ""protéine"" --(OVERLAP)--> ""traitée"""
193,46,FR100400,[EVENT_N/A_ACTUAL_POS] --(BEFORE)--> [EVENT_N/A_ACTUAL_POS] | [EVENT_N/A_ACTUAL_POS] --(OVERLAP)--> [EVENT_N/A_ACTUAL_POS],"""résection"" --(BEFORE)--> ""suites"" | ""suites"" --(OVERLAP)--> ""étude"""
193,46,FR100439,[EVENT_N/A_ACTUAL_POS] --(BEFORE)--> [EVENT_N/A_ACTUAL_POS] | [EVENT_N/A_ACTUAL_POS] --(OVERLAP)--> [EVENT_N/A_ACTUAL_POS],"""nasofibroscopie"" --(BEFORE)--> ""contrôles"" | ""contrôles"" --(OVERLAP)--> ""recul"""
193,46,FR100517,[EVENT_N/A_ACTUAL_POS] --(BEFORE)--> [EVENT_N/A_ACTUAL_POS] | [EVENT_N/A_ACTUAL_POS] --(OVERLAP)--> [EVENT_N/A_ACTUAL_POS],"""adressée"" --(BEFORE)--> ""examen"" | ""examen"" --(OVERLAP)--> ""éléments"""
193,46,FR100519,[EVENT_N/A_ACTUAL_POS] --(BEFORE)--> [EVENT_N/A_ACTUAL_POS] | [EVENT_N/A_ACTUAL_POS] --(OVERLAP)--> [EVENT_N/A_ACTUAL_POS],"""hémogramme"" --(BEFORE)--> ""remplissage"" | ""remplissage"" --(OVERLAP)--> ""transfusion"""
193,46,FR100589,[EVENT_N/A_ACTUAL_POS] --(BEFORE)--> [EVENT_N/A_ACTUAL_POS] | [EVENT_N/A_ACTUAL_POS] --(OVERLAP)--> [EVENT_N/A_ACTUAL_POS],"""diagnostic"" --(BEFORE)--> ""corticothérapie"" | ""corticothérapie"" --(OVERLAP)--> ""amélioration"""
193,46,FR100597,[EVENT_N/A_ACTUAL_POS] --(BEFORE)--> [EVENT_N/A_ACTUAL_POS] | [EVENT_N/A_ACTUAL_POS] --(OVERLAP)--> [EVENT_N/A_ACTUAL_POS],"""laparotomie"" --(BEFORE)--> ""hystérectomie"" | ""hystérectomie"" --(OVERLAP)--> ""examen"""
193,46,FR100603,[EVENT_N/A_ACTUAL_POS] --(BEFORE)--> [EVENT_N/A_ACTUAL_POS] | [EVENT_N/A_ACTUAL_POS] --(OVERLAP)--> [EVENT_N/A_ACTUAL_POS],"""chirurgie"" --(BEFORE)--> ""hémocultures"" | ""hémocultures"" --(OVERLAP)--> ""culture"""
193,46,FR100611,[EVENT_N/A_ACTUAL_POS] --(BEFORE)--> [EVENT_N/A_ACTUAL_POS] | [EVENT_N/A_ACTUAL_POS] --(OVERLAP)--> [EVENT_N/A_ACTUAL_POS],"""instauré"" --(BEFORE)--> ""disparition"" | ""disparition"" --(OVERLAP)--> ""IRM"""
193,46,FR100620,[EVENT_N/A_ACTUAL_POS] --(BEFORE)--> [EVENT_N/A_ACTUAL_POS] | [EVENT_N/A_ACTUAL_POS] --(OVERLAP)--> [EVENT_N/A_ACTUAL_POS],"""bilan"" --(BEFORE)--> ""évolution"" | ""évolution"" --(OVERLAP)--> ""pleurodèse"""
193,46,FR100623,[EVENT_N/A_ACTUAL_POS] --(BEFORE)--> [EVENT_N/A_ACTUAL_POS] | [EVENT_N/A_ACTUAL_POS] --(OVERLAP)--> [EVENT_N/A_ACTUAL_POS],"""prise"" --(BEFORE)--> ""analyse"" | ""analyse"" --(OVERLAP)--> ""diagnostic"""
193,46,FR100629,[EVENT_N/A_ACTUAL_POS] --(BEFORE)--> [EVENT_N/A_ACTUAL_POS] | [EVENT_N/A_ACTUAL_POS] --(OVERLAP)--> [EVENT_N/A_ACTUAL_POS],"""décision"" --(BEFORE)--> ""évolution"" | ""évolution"" --(OVERLAP)--> ""chimiothérapie"""
193,46,FR100632,[EVENT_N/A_ACTUAL_POS] --(BEFORE)--> [EVENT_N/A_ACTUAL_POS] | [EVENT_N/A_ACTUAL_POS] --(OVERLAP)--> [EVENT_N/A_ACTUAL_POS],"""diagnostic"" --(BEFORE)--> ""mis"" | ""mis"" --(OVERLAP)--> ""rééducation"""
193,46,FR100663,[EVENT_N/A_ACTUAL_POS] --(BEFORE)--> [EVENT_N/A_ACTUAL_POS] | [EVENT_N/A_ACTUAL_POS] --(OVERLAP)--> [EVENT_N/A_ACTUAL_POS],"""vérifié"" --(BEFORE)--> ""reprise"" | ""reprise"" --(OVERLAP)--> ""assurée"""
193,46,FR100666,[EVENT_N/A_ACTUAL_POS] --(BEFORE)--> [EVENT_N/A_ACTUAL_POS] | [EVENT_N/A_ACTUAL_POS] --(OVERLAP)--> [EVENT_N/A_ACTUAL_POS],"""étude"" --(BEFORE)--> ""adressé"" | ""adressé"" --(OVERLAP)--> ""prise"""
193,46,FR100683,[EVENT_N/A_ACTUAL_POS] --(BEFORE)--> [EVENT_N/A_ACTUAL_POS] | [EVENT_N/A_ACTUAL_POS] --(OVERLAP)--> [EVENT_N/A_ACTUAL_POS],"""osteodensitométrie"" --(BEFORE)--> ""traitée"" | ""traitée"" --(OVERLAP)--> ""évolution"""
193,46,FR100697,[EVENT_N/A_ACTUAL_POS] --(BEFORE)--> [EVENT_N/A_ACTUAL_POS] | [EVENT_N/A_ACTUAL_POS] --(OVERLAP)--> [EVENT_N/A_ACTUAL_POS],"""examen"" --(BEFORE)--> ""immunomarquage"" | ""immunomarquage"" --(OVERLAP)--> ""tout"""
193,46,FR100708,[EVENT_N/A_ACTUAL_POS] --(BEFORE)--> [EVENT_N/A_ACTUAL_POS] | [EVENT_N/A_ACTUAL_POS] --(OVERLAP)--> [EVENT_N/A_ACTUAL_POS],"""tests"" --(BEFORE)--> ""mise"" | ""mise"" --(OVERLAP)--> ""évolution"""
193,46,FR100717,[EVENT_N/A_ACTUAL_POS] --(BEFORE)--> [EVENT_N/A_ACTUAL_POS] | [EVENT_N/A_ACTUAL_POS] --(OVERLAP)--> [EVENT_N/A_ACTUAL_POS],"""exploration"" --(BEFORE)--> ""suites"" | ""suites"" --(OVERLAP)--> ""évolution"""
193,46,FR100748,[EVENT_N/A_ACTUAL_POS] --(BEFORE)--> [EVENT_N/A_ACTUAL_POS] | [EVENT_N/A_ACTUAL_POS] --(OVERLAP)--> [EVENT_N/A_ACTUAL_POS],"""regagné"" --(BEFORE)--> ""recul"" | ""recul"" --(OVERLAP)--> ""chiffres"""
193,46,FR100766,[EVENT_N/A_ACTUAL_POS] --(BEFORE)--> [EVENT_N/A_ACTUAL_POS] | [EVENT_N/A_ACTUAL_POS] --(OVERLAP)--> [EVENT_N/A_ACTUAL_POS],"""irrigation"" --(BEFORE)--> ""propre"" | ""propre"" --(OVERLAP)--> ""satisfait"""
193,46,FR100780,[EVENT_N/A_ACTUAL_POS] --(BEFORE)--> [EVENT_N/A_ACTUAL_POS] | [EVENT_N/A_ACTUAL_POS] --(OVERLAP)--> [EVENT_N/A_ACTUAL_POS],"""admise"" --(BEFORE)--> ""examen"" | ""examen"" --(OVERLAP)--> ""obstétrical"""
193,46,FR100806,[EVENT_N/A_ACTUAL_POS] --(BEFORE)--> [EVENT_N/A_ACTUAL_POS] | [EVENT_N/A_ACTUAL_POS] --(OVERLAP)--> [EVENT_N/A_ACTUAL_POS],"""référée"" --(BEFORE)--> ""examen"" | ""examen"" --(OVERLAP)--> ""pression"""
193,46,FR100826,[EVENT_N/A_ACTUAL_POS] --(BEFORE)--> [EVENT_N/A_ACTUAL_POS] | [EVENT_N/A_ACTUAL_POS] --(OVERLAP)--> [EVENT_N/A_ACTUAL_POS],"""bilan"" --(BEFORE)--> ""retenue"" | ""retenue"" --(OVERLAP)--> ""indication"""
193,46,FR100845,[EVENT_N/A_ACTUAL_POS] --(BEFORE)--> [EVENT_N/A_ACTUAL_POS] | [EVENT_N/A_ACTUAL_POS] --(OVERLAP)--> [EVENT_N/A_ACTUAL_POS],"""intubée"" --(BEFORE)--> ""ventilées"" | ""ventilées"" --(OVERLAP)--> ""échec"""
193,46,FR100870,[EVENT_N/A_ACTUAL_POS] --(BEFORE)--> [EVENT_N/A_ACTUAL_POS] | [EVENT_N/A_ACTUAL_POS] --(OVERLAP)--> [EVENT_N/A_ACTUAL_POS],"""retenu"" --(BEFORE)--> ""radiothérapie"" | ""radiothérapie"" --(OVERLAP)--> ""chimiothérapie"""
193,46,FR100874,[EVENT_N/A_ACTUAL_POS] --(BEFORE)--> [EVENT_N/A_ACTUAL_POS] | [EVENT_N/A_ACTUAL_POS] --(OVERLAP)--> [EVENT_N/A_ACTUAL_POS],"""retenu"" --(BEFORE)--> ""mise"" | ""mise"" --(OVERLAP)--> ""transfusions"""
193,46,FR100882,[EVENT_N/A_ACTUAL_POS] --(BEFORE)--> [EVENT_N/A_ACTUAL_POS] | [EVENT_N/A_ACTUAL_POS] --(OVERLAP)--> [EVENT_N/A_ACTUAL_POS],"""sclérothérapie"" --(BEFORE)--> ""évolution"" | ""évolution"" --(OVERLAP)--> ""favorable"""
193,46,FR100894,[EVENT_N/A_ACTUAL_POS] --(BEFORE)--> [EVENT_N/A_ACTUAL_POS] | [EVENT_N/A_ACTUAL_POS] --(OVERLAP)--> [EVENT_N/A_ACTUAL_POS],"""IRM"" --(BEFORE)--> ""appuyés"" | ""appuyés"" --(OVERLAP)--> ""éliminer"""
193,46,FR100932,[EVENT_N/A_ACTUAL_POS] --(BEFORE)--> [EVENT_N/A_ACTUAL_POS] | [EVENT_N/A_ACTUAL_POS] --(OVERLAP)--> [EVENT_N/A_ACTUAL_POS],"""mise"" --(BEFORE)--> ""opérée"" | ""opérée"" --(OVERLAP)--> ""stabilisation"""
193,46,FR100986,[EVENT_N/A_ACTUAL_POS] --(BEFORE)--> [EVENT_N/A_ACTUAL_POS] | [EVENT_N/A_ACTUAL_POS] --(OVERLAP)--> [EVENT_N/A_ACTUAL_POS],"""mise"" --(BEFORE)--> ""hospitalisée"" | ""hospitalisée"" --(OVERLAP)--> ""rebelle"""
193,46,FR100996,[EVENT_N/A_ACTUAL_POS] --(BEFORE)--> [EVENT_N/A_ACTUAL_POS] | [EVENT_N/A_ACTUAL_POS] --(OVERLAP)--> [EVENT_N/A_ACTUAL_POS],"""consulté"" --(BEFORE)--> ""rapportons"" | ""rapportons"" --(OVERLAP)--> ""hernie"""
10,45,FR100003,[EVENT_N/A_ACTUAL_POS] --(CONTAINS)--> [EVENT_N/A_ACTUAL_POS] | [EVENT_N/A_ACTUAL_POS] --(OVERLAP)--> [EVENT_N/A_ACTUAL_POS],"""observation"" --(CONTAINS)--> ""consulte"" | ""observation"" --(OVERLAP)--> ""antécédents"""
10,45,FR100078,[EVENT_N/A_ACTUAL_POS] --(CONTAINS)--> [EVENT_N/A_ACTUAL_POS] | [EVENT_N/A_ACTUAL_POS] --(OVERLAP)--> [EVENT_N/A_ACTUAL_POS],"""ulcères"" --(CONTAINS)--> ""hospitalisation"" | ""ulcères"" --(OVERLAP)--> ""récidives"""
10,45,FR100092,[EVENT_N/A_ACTUAL_POS] --(CONTAINS)--> [EVENT_N/A_ACTUAL_POS] | [EVENT_N/A_ACTUAL_POS] --(OVERLAP)--> [EVENT_N/A_ACTUAL_POS],"""appendicite"" --(CONTAINS)--> ""étude"" | ""appendicite"" --(OVERLAP)--> ""réaction"""
10,45,FR100120,[EVENT_N/A_ACTUAL_POS] --(CONTAINS)--> [EVENT_N/A_ACTUAL_POS] | [EVENT_N/A_ACTUAL_POS] --(OVERLAP)--> [EVENT_N/A_ACTUAL_POS],"""antécédents"" --(CONTAINS)--> ""diabète"" | ""antécédents"" --(OVERLAP)--> ""détachement"""
10,45,FR100130,[EVENT_N/A_ACTUAL_POS] --(CONTAINS)--> [EVENT_N/A_ACTUAL_POS] | [EVENT_N/A_ACTUAL_POS] --(OVERLAP)--> [EVENT_N/A_ACTUAL_POS],"""réflexes"" --(CONTAINS)--> ""examen"" | ""réflexes"" --(OVERLAP)--> ""réflexe"""
10,45,FR100132,[EVENT_N/A_ACTUAL_POS] --(CONTAINS)--> [EVENT_N/A_ACTUAL_POS] | [EVENT_N/A_ACTUAL_POS] --(OVERLAP)--> [EVENT_N/A_ACTUAL_POS],"""consultation"" --(CONTAINS)--> ""référée"" | ""consultation"" --(OVERLAP)--> ""antécédents"""
10,45,FR100142,[EVENT_N/A_ACTUAL_POS] --(CONTAINS)--> [EVENT_N/A_ACTUAL_POS] | [EVENT_N/A_ACTUAL_POS] --(OVERLAP)--> [EVENT_N/A_ACTUAL_POS],"""marqueurs"" --(CONTAINS)--> ""électrophorèse"" | ""marqueurs"" --(OVERLAP)--> ""réaction"""
10,45,FR100161,[EVENT_N/A_ACTUAL_POS] --(CONTAINS)--> [EVENT_N/A_ACTUAL_POS] | [EVENT_N/A_ACTUAL_POS] --(OVERLAP)--> [EVENT_N/A_ACTUAL_POS],"""sérologie"" --(CONTAINS)--> ""examens"" | ""sérologie"" --(OVERLAP)--> ""charge"""
10,45,FR100168,[EVENT_N/A_ACTUAL_POS] --(CONTAINS)--> [EVENT_N/A_ACTUAL_POS] | [EVENT_N/A_ACTUAL_POS] --(OVERLAP)--> [EVENT_N/A_ACTUAL_POS],"""entretien"" --(CONTAINS)--> ""dévoiler"" | ""entretien"" --(OVERLAP)--> ""habitude"""
10,45,FR100185,[EVENT_N/A_ACTUAL_POS] --(CONTAINS)--> [EVENT_N/A_ACTUAL_POS] | [EVENT_N/A_ACTUAL_POS] --(OVERLAP)--> [EVENT_N/A_ACTUAL_POS],"""suivie"" --(CONTAINS)--> ""mastectomie"" | ""suivie"" --(OVERLAP)--> ""accuse"""
10,45,FR100275,[EVENT_N/A_ACTUAL_POS] --(CONTAINS)--> [EVENT_N/A_ACTUAL_POS] | [EVENT_N/A_ACTUAL_POS] --(OVERLAP)--> [EVENT_N/A_ACTUAL_POS],"""bilan"" --(CONTAINS)--> ""électroencéphalogramme"" | ""bilan"" --(OVERLAP)--> ""échographie"""
10,45,FR100282,[EVENT_N/A_ACTUAL_POS] --(CONTAINS)--> [EVENT_N/A_ACTUAL_POS] | [EVENT_N/A_ACTUAL_POS] --(OVERLAP)--> [EVENT_N/A_ACTUAL_POS],"""crises"" --(CONTAINS)--> ""soumis"" | ""crises"" --(OVERLAP)--> ""perte"""
10,45,FR100296,[EVENT_N/A_ACTUAL_POS] --(CONTAINS)--> [EVENT_N/A_ACTUAL_POS] | [EVENT_N/A_ACTUAL_POS] --(OVERLAP)--> [EVENT_N/A_ACTUAL_POS],"""émergence"" --(CONTAINS)--> ""fenestration"" | ""émergence"" --(OVERLAP)--> ""sténosé"""
10,45,FR100361,[EVENT_N/A_ACTUAL_POS] --(CONTAINS)--> [EVENT_N/A_ACTUAL_POS] | [EVENT_N/A_ACTUAL_POS] --(OVERLAP)--> [EVENT_N/A_ACTUAL_POS],"""méningo-vascularite"" --(CONTAINS)--> ""diagnostic"" | ""méningo-vascularite"" --(OVERLAP)--> ""adénome"""
10,45,FR100371,[EVENT_N/A_ACTUAL_POS] --(CONTAINS)--> [EVENT_N/A_ACTUAL_POS] | [EVENT_N/A_ACTUAL_POS] --(OVERLAP)--> [EVENT_N/A_ACTUAL_POS],"""pesait"" --(CONTAINS)--> ""examen"" | ""pesait"" --(OVERLAP)--> ""taille"""
10,45,FR100400,[EVENT_N/A_ACTUAL_POS] --(CONTAINS)--> [EVENT_N/A_ACTUAL_POS] | [EVENT_N/A_ACTUAL_POS] --(OVERLAP)--> [EVENT_N/A_ACTUAL_POS],"""suites"" --(CONTAINS)--> ""sortante"" | ""suites"" --(OVERLAP)--> ""étude"""
10,45,FR100517,[EVENT_N/A_ACTUAL_POS] --(CONTAINS)--> [EVENT_N/A_ACTUAL_POS] | [EVENT_N/A_ACTUAL_POS] --(OVERLAP)--> [EVENT_N/A_ACTUAL_POS],"""lésions"" --(CONTAINS)--> ""hospitalisée"" | ""lésions"" --(OVERLAP)--> ""traitement"""
10,45,FR100579,[EVENT_N/A_ACTUAL_POS] --(CONTAINS)--> [EVENT_N/A_ACTUAL_POS] | [EVENT_N/A_ACTUAL_POS] --(OVERLAP)--> [EVENT_N/A_ACTUAL_POS],"""antécédents"" --(CONTAINS)--> ""traumatisme"" | ""antécédents"" --(OVERLAP)--> ""consulte"""
10,45,FR100589,[EVENT_N/A_ACTUAL_POS] --(CONTAINS)--> [EVENT_N/A_ACTUAL_POS] | [EVENT_N/A_ACTUAL_POS] --(OVERLAP)--> [EVENT_N/A_ACTUAL_POS],"""toux"" --(CONTAINS)--> ""hospitalisation"" | ""toux"" --(OVERLAP)--> ""douleurs"""
10,45,FR100597,[EVENT_N/A_ACTUAL_POS] --(CONTAINS)--> [EVENT_N/A_ACTUAL_POS] | [EVENT_N/A_ACTUAL_POS] --(OVERLAP)--> [EVENT_N/A_ACTUAL_POS],"""hystérectomie"" --(CONTAINS)--> ""annexectomie"" | ""hystérectomie"" --(OVERLAP)--> ""examen"""
10,45,FR100603,[EVENT_N/A_ACTUAL_POS] --(CONTAINS)--> [EVENT_N/A_ACTUAL_POS] | [EVENT_N/A_ACTUAL_POS] --(OVERLAP)--> [EVENT_N/A_ACTUAL_POS],"""observation"" --(CONTAINS)--> ""confirmé"" | ""observation"" --(OVERLAP)--> ""communication"""
10,45,FR100620,[EVENT_N/A_ACTUAL_POS] --(CONTAINS)--> [EVENT_N/A_ACTUAL_POS] | [EVENT_N/A_ACTUAL_POS] --(OVERLAP)--> [EVENT_N/A_ACTUAL_POS],"""lésions"" --(CONTAINS)--> ""radiographie"" | ""lésions"" --(OVERLAP)--> ""bilatérales"""
10,45,FR100632,[EVENT_N/A_ACTUAL_POS] --(CONTAINS)--> [EVENT_N/A_ACTUAL_POS] | [EVENT_N/A_ACTUAL_POS] --(OVERLAP)--> [EVENT_N/A_ACTUAL_POS],"""myélite"" --(CONTAINS)--> ""diagnostic"" | ""myélite"" --(OVERLAP)--> ""hépatite"""
10,45,FR100658,[EVENT_N/A_ACTUAL_POS] --(CONTAINS)--> [EVENT_N/A_ACTUAL_POS] | [EVENT_N/A_ACTUAL_POS] --(OVERLAP)--> [EVENT_N/A_ACTUAL_POS],"""Opéré"" --(CONTAINS)--> ""exérèse"" | ""Opéré"" --(OVERLAP)--> ""antécédents"""
10,45,FR100663,[EVENT_N/A_ACTUAL_POS] --(CONTAINS)--> [EVENT_N/A_ACTUAL_POS] | [EVENT_N/A_ACTUAL_POS] --(OVERLAP)--> [EVENT_N/A_ACTUAL_POS],"""cas"" --(CONTAINS)--> ""accouché"" | ""cas"" --(OVERLAP)--> ""cycle"""
10,45,FR100666,[EVENT_N/A_ACTUAL_POS] --(CONTAINS)--> [EVENT_N/A_ACTUAL_POS] | [EVENT_N/A_ACTUAL_POS] --(OVERLAP)--> [EVENT_N/A_ACTUAL_POS],"""COPADEM"" --(CONTAINS)--> ""vincristine"" | ""COPADEM"" --(OVERLAP)--> ""CYVE"""
10,45,FR100683,[EVENT_N/A_ACTUAL_POS] --(CONTAINS)--> [EVENT_N/A_ACTUAL_POS] | [EVENT_N/A_ACTUAL_POS] --(OVERLAP)--> [EVENT_N/A_ACTUAL_POS],"""taux"" --(CONTAINS)--> ""exploration"" | ""taux"" --(OVERLAP)--> ""FSH"""
10,45,FR100689,[EVENT_N/A_ACTUAL_POS] --(CONTAINS)--> [EVENT_N/A_ACTUAL_POS] | [EVENT_N/A_ACTUAL_POS] --(OVERLAP)--> [EVENT_N/A_ACTUAL_POS],"""épisode"" --(CONTAINS)--> ""évolution"" | ""épisode"" --(OVERLAP)--> ""mis"""
10,45,FR100697,[EVENT_N/A_ACTUAL_POS] --(CONTAINS)--> [EVENT_N/A_ACTUAL_POS] | [EVENT_N/A_ACTUAL_POS] --(OVERLAP)--> [EVENT_N/A_ACTUAL_POS],"""adénopathies"" --(CONTAINS)--> ""échographie"" | ""adénopathies"" --(OVERLAP)--> ""épaississement"""
10,45,FR100717,[EVENT_N/A_ACTUAL_POS] --(CONTAINS)--> [EVENT_N/A_ACTUAL_POS] | [EVENT_N/A_ACTUAL_POS] --(OVERLAP)--> [EVENT_N/A_ACTUAL_POS],"""évolution"" --(CONTAINS)--> ""installation"" | ""évolution"" --(OVERLAP)--> ""traitement"""
10,45,FR100748,[EVENT_N/A_ACTUAL_POS] --(CONTAINS)--> [EVENT_N/A_ACTUAL_POS] | [EVENT_N/A_ACTUAL_POS] --(OVERLAP)--> [EVENT_N/A_ACTUAL_POS],"""ouverture"" --(CONTAINS)--> ""récliner"" | ""ouverture"" --(OVERLAP)--> ""libération"""
10,45,FR100780,[EVENT_N/A_ACTUAL_POS] --(CONTAINS)--> [EVENT_N/A_ACTUAL_POS] | [EVENT_N/A_ACTUAL_POS] --(OVERLAP)--> [EVENT_N/A_ACTUAL_POS],"""grossesse"" --(CONTAINS)--> ""séances"" | ""grossesse"" --(OVERLAP)--> ""admise"""
10,45,FR100849,[EVENT_N/A_ACTUAL_POS] --(CONTAINS)--> [EVENT_N/A_ACTUAL_POS] | [EVENT_N/A_ACTUAL_POS] --(OVERLAP)--> [EVENT_N/A_ACTUAL_POS],"""admission"" --(CONTAINS)--> ""examen"" | ""admission"" --(OVERLAP)--> ""CRP"""
10,45,FR100870,[EVENT_N/A_ACTUAL_POS] --(CONTAINS)--> [EVENT_N/A_ACTUAL_POS] | [EVENT_N/A_ACTUAL_POS] --(OVERLAP)--> [EVENT_N/A_ACTUAL_POS],"""anomalie"" --(CONTAINS)--> ""imagerie"" | ""anomalie"" --(OVERLAP)--> ""processus"""
10,45,FR100882,[EVENT_N/A_ACTUAL_POS] --(CONTAINS)--> [EVENT_N/A_ACTUAL_POS] | [EVENT_N/A_ACTUAL_POS] --(OVERLAP)--> [EVENT_N/A_ACTUAL_POS],"""parésie"" --(CONTAINS)--> ""examen"" | ""parésie"" --(OVERLAP)--> ""force"""
10,45,FR100894,[EVENT_N/A_ACTUAL_POS] --(CONTAINS)--> [EVENT_N/A_ACTUAL_POS] | [EVENT_N/A_ACTUAL_POS] --(OVERLAP)--> [EVENT_N/A_ACTUAL_POS],"""incision"" --(CONTAINS)--> ""décompression"" | ""incision"" --(OVERLAP)--> ""rompu"""
10,45,FR100903,[EVENT_N/A_ACTUAL_POS] --(CONTAINS)--> [EVENT_N/A_ACTUAL_POS] | [EVENT_N/A_ACTUAL_POS] --(OVERLAP)--> [EVENT_N/A_ACTUAL_POS],"""anatomie"" --(CONTAINS)--> ""échographie"" | ""anatomie"" --(OVERLAP)--> ""augmentation"""
10,45,FR100919,[EVENT_N/A_ACTUAL_POS] --(CONTAINS)--> [EVENT_N/A_ACTUAL_POS] | [EVENT_N/A_ACTUAL_POS] --(OVERLAP)--> [EVENT_N/A_ACTUAL_POS],"""signes"" --(CONTAINS)--> ""rapportons"" | ""signes"" --(OVERLAP)--> ""prise"""
10,45,FR100925,[EVENT_N/A_ACTUAL_POS] --(CONTAINS)--> [EVENT_N/A_ACTUAL_POS] | [EVENT_N/A_ACTUAL_POS] --(OVERLAP)--> [EVENT_N/A_ACTUAL_POS],"""infection"" --(CONTAINS)--> ""bilan"" | ""infection"" --(OVERLAP)--> ""Ac"""
10,45,FR100959,[EVENT_N/A_ACTUAL_POS] --(CONTAINS)--> [EVENT_N/A_ACTUAL_POS] | [EVENT_N/A_ACTUAL_POS] --(OVERLAP)--> [EVENT_N/A_ACTUAL_POS],"""admis"" --(CONTAINS)--> ""œsophagoscopie"" | ""admis"" --(OVERLAP)--> ""traitement"""
10,45,FR100996,[EVENT_N/A_ACTUAL_POS] --(CONTAINS)--> [EVENT_N/A_ACTUAL_POS] | [EVENT_N/A_ACTUAL_POS] --(OVERLAP)--> [EVENT_N/A_ACTUAL_POS],"""hernie"" --(CONTAINS)--> ""retenu"" | ""hernie"" --(OVERLAP)--> ""signe"""
31,45,FR100003,[EVENT_N/A_ACTUAL_POS] --(CONTAINS)--> [EVENT_N/A_ACTUAL_POS] | [EVENT_N/A_ACTUAL_POS] --(BEFORE)--> [EVENT_N/A_ACTUAL_POS] | [EVENT_N/A_ACTUAL_POS] --(BEFORE)--> [EVENT_N/A_ACTUAL_POS] | [EVENT_N/A_ACTUAL_POS] --(BEFORE)--> [EVENT_N/A_ACTUAL_POS] | [EVENT_N/A_ACTUAL_POS] --(BEFORE)--> [EVENT_N/A_ACTUAL_POS],"""délabrement"" --(CONTAINS)--> ""panoramique"" | ""panoramique"" --(BEFORE)--> ""ponction"" | ""ponction"" --(BEFORE)--> ""examen"" | ""examen"" --(BEFORE)--> ""examen"" | ""examen"" --(BEFORE)--> ""antibiothérapie"""
31,45,FR100092,[EVENT_N/A_ACTUAL_POS] --(CONTAINS)--> [EVENT_N/A_ACTUAL_POS] | [EVENT_N/A_ACTUAL_POS] --(BEFORE)--> [EVENT_N/A_ACTUAL_POS] | [EVENT_N/A_ACTUAL_POS] --(BEFORE)--> [EVENT_N/A_ACTUAL_POS] | [EVENT_N/A_ACTUAL_POS] --(BEFORE)--> [EVENT_N/A_ACTUAL_POS] | [EVENT_N/A_ACTUAL_POS] --(BEFORE)--> [EVENT_N/A_ACTUAL_POS],"""conjonctives"" --(CONTAINS)--> ""examen"" | ""examen"" --(BEFORE)--> ""examen"" | ""examen"" --(BEFORE)--> ""examen"" | ""examen"" --(BEFORE)--> ""échographie"" | ""échographie"" --(BEFORE)--> ""tableau"""
31,45,FR100130,[EVENT_N/A_ACTUAL_POS] --(CONTAINS)--> [EVENT_N/A_ACTUAL_POS] | [EVENT_N/A_ACTUAL_POS] --(BEFORE)--> [EVENT_N/A_ACTUAL_POS] | [EVENT_N/A_ACTUAL_POS] --(BEFORE)--> [EVENT_N/A_ACTUAL_POS] | [EVENT_N/A_ACTUAL_POS] --(BEFORE)--> [EVENT_N/A_ACTUAL_POS] | [EVENT_N/A_ACTUAL_POS] --(BEFORE)--> [EVENT_N/A_ACTUAL_POS],"""sensibilité"" --(CONTAINS)--> ""examen"" | ""examen"" --(BEFORE)--> ""biologie"" | ""biologie"" --(BEFORE)--> ""glycémie"" | ""glycémie"" --(BEFORE)--> ""confirmé"" | ""confirmé"" --(BEFORE)--> ""recherche"""
31,45,FR100142,[EVENT_N/A_ACTUAL_POS] --(CONTAINS)--> [EVENT_N/A_ACTUAL_POS] | [EVENT_N/A_ACTUAL_POS] --(BEFORE)--> [EVENT_N/A_ACTUAL_POS] | [EVENT_N/A_ACTUAL_POS] --(BEFORE)--> [EVENT_N/A_ACTUAL_POS] | [EVENT_N/A_ACTUAL_POS] --(BEFORE)--> [EVENT_N/A_ACTUAL_POS] | [EVENT_N/A_ACTUAL_POS] --(BEFORE)--> [EVENT_N/A_ACTUAL_POS],"""marqueurs"" --(CONTAINS)--> ""électrophorèse"" | ""électrophorèse"" --(BEFORE)--> ""scanner"" | ""scanner"" --(BEFORE)--> ""fibroscopie"" | ""fibroscopie"" --(BEFORE)--> ""biopsie"" | ""biopsie"" --(BEFORE)--> ""mis"""
31,45,FR100161,[EVENT_N/A_ACTUAL_POS] --(CONTAINS)--> [EVENT_N/A_ACTUAL_POS] | [EVENT_N/A_ACTUAL_POS] --(BEFORE)--> [EVENT_N/A_ACTUAL_POS] | [EVENT_N/A_ACTUAL_POS] --(BEFORE)--> [EVENT_N/A_ACTUAL_POS] | [EVENT_N/A_ACTUAL_POS] --(BEFORE)--> [EVENT_N/A_ACTUAL_POS] | [EVENT_N/A_ACTUAL_POS] --(BEFORE)--> [EVENT_N/A_ACTUAL_POS],"""sérologie"" --(CONTAINS)--> ""examens"" | ""examens"" --(BEFORE)--> ""radiographie"" | ""radiographie"" --(BEFORE)--> ""complément"" | ""complément"" --(BEFORE)--> ""cortisol"" | ""cortisol"" --(BEFORE)--> ""dérivés"""
31,45,FR100255,[EVENT_N/A_ACTUAL_POS] --(CONTAINS)--> [EVENT_N/A_ACTUAL_POS] | [EVENT_N/A_ACTUAL_POS] --(BEFORE)--> [EVENT_N/A_ACTUAL_POS] | [EVENT_N/A_ACTUAL_POS] --(BEFORE)--> [EVENT_N/A_ACTUAL_POS] | [EVENT_N/A_ACTUAL_POS] --(BEFORE)--> [EVENT_N/A_ACTUAL_POS] | [EVENT_N/A_ACTUAL_POS] --(BEFORE)--> [EVENT_N/A_ACTUAL_POS],"""score"" --(CONTAINS)--> ""examen"" | ""examen"" --(BEFORE)--> ""examen"" | ""examen"" --(BEFORE)--> ""échographie"" | ""échographie"" --(BEFORE)--> ""mise"" | ""mise"" --(BEFORE)--> ""réveillée"""
31,45,FR100275,[EVENT_N/A_ACTUAL_POS] --(CONTAINS)--> [EVENT_N/A_ACTUAL_POS] | [EVENT_N/A_ACTUAL_POS] --(BEFORE)--> [EVENT_N/A_ACTUAL_POS] | [EVENT_N/A_ACTUAL_POS] --(BEFORE)--> [EVENT_N/A_ACTUAL_POS] | [EVENT_N/A_ACTUAL_POS] --(BEFORE)--> [EVENT_N/A_ACTUAL_POS] | [EVENT_N/A_ACTUAL_POS] --(BEFORE)--> [EVENT_N/A_ACTUAL_POS],"""voisin"" --(CONTAINS)--> ""arrivée"" | ""arrivée"" --(BEFORE)--> ""établi"" | ""établi"" --(BEFORE)--> ""manœuvres"" | ""manœuvres"" --(BEFORE)--> ""transféré"" | ""transféré"" --(BEFORE)--> ""anamnèse"""
31,45,FR100283,[EVENT_N/A_ACTUAL_POS] --(CONTAINS)--> [EVENT_N/A_ACTUAL_POS] | [EVENT_N/A_ACTUAL_POS] --(BEFORE)--> [EVENT_N/A_ACTUAL_POS] | [EVENT_N/A_ACTUAL_POS] --(BEFORE)--> [EVENT_N/A_ACTUAL_POS] | [EVENT_N/A_ACTUAL_POS] --(BEFORE)--> [EVENT_N/A_ACTUAL_POS] | [EVENT_N/A_ACTUAL_POS] --(BEFORE)--> [EVENT_N/A_ACTUAL_POS],"""syndrome"" --(CONTAINS)--> ""bilan"" | ""bilan"" --(BEFORE)--> ""IRM"" | ""IRM"" --(BEFORE)--> ""hypophysiogramme"" | ""hypophysiogramme"" --(BEFORE)--> ""traitement"" | ""traitement"" --(BEFORE)--> ""évolution"""
31,45,FR100296,[EVENT_N/A_ACTUAL_POS] --(CONTAINS)--> [EVENT_N/A_ACTUAL_POS] | [EVENT_N/A_ACTUAL_POS] --(BEFORE)--> [EVENT_N/A_ACTUAL_POS] | [EVENT_N/A_ACTUAL_POS] --(BEFORE)--> [EVENT_N/A_ACTUAL_POS] | [EVENT_N/A_ACTUAL_POS] --(BEFORE)--> [EVENT_N/A_ACTUAL_POS] | [EVENT_N/A_ACTUAL_POS] --(BEFORE)--> [EVENT_N/A_ACTUAL_POS],"""phénomènes"" --(CONTAINS)--> ""examen"" | ""examen"" --(BEFORE)--> ""IRM"" | ""IRM"" --(BEFORE)--> ""fenestration"" | ""fenestration"" --(BEFORE)--> ""suites"" | ""suites"" --(BEFORE)--> ""exéaté"""
31,45,FR100314,[EVENT_N/A_ACTUAL_POS] --(CONTAINS)--> [EVENT_N/A_ACTUAL_POS] | [EVENT_N/A_ACTUAL_POS] --(BEFORE)--> [EVENT_N/A_ACTUAL_POS] | [EVENT_N/A_ACTUAL_POS] --(BEFORE)--> [EVENT_N/A_ACTUAL_POS] | [EVENT_N/A_ACTUAL_POS] --(BEFORE)--> [EVENT_N/A_ACTUAL_POS] | [EVENT_N/A_ACTUAL_POS] --(BEFORE)--> [EVENT_N/A_ACTUAL_POS],"""traumatisme"" --(CONTAINS)--> ""admise"" | ""admise"" --(BEFORE)--> ""bilan"" | ""bilan"" --(BEFORE)--> ""drainage"" | ""drainage"" --(BEFORE)--> ""angio-scanner"" | ""angio-scanner"" --(BEFORE)--> ""amputation"""
31,45,FR100344,[EVENT_N/A_ACTUAL_POS] --(CONTAINS)--> [EVENT_N/A_ACTUAL_POS] | [EVENT_N/A_ACTUAL_POS] --(BEFORE)--> [EVENT_N/A_ACTUAL_POS] | [EVENT_N/A_ACTUAL_POS] --(BEFORE)--> [EVENT_N/A_ACTUAL_POS] | [EVENT_N/A_ACTUAL_POS] --(BEFORE)--> [EVENT_N/A_ACTUAL_POS] | [EVENT_N/A_ACTUAL_POS] --(BEFORE)--> [EVENT_N/A_ACTUAL_POS],"""évolution"" --(CONTAINS)--> ""déroulée"" | ""déroulée"" --(BEFORE)--> ""plainte"" | ""plainte"" --(BEFORE)--> ""examen"" | ""examen"" --(BEFORE)--> ""césarienne"" | ""césarienne"" --(BEFORE)--> ""pesait"""
31,45,FR100346,[EVENT_N/A_ACTUAL_POS] --(CONTAINS)--> [EVENT_N/A_ACTUAL_POS] | [EVENT_N/A_ACTUAL_POS] --(BEFORE)--> [EVENT_N/A_ACTUAL_POS] | [EVENT_N/A_ACTUAL_POS] --(BEFORE)--> [EVENT_N/A_ACTUAL_POS] | [EVENT_N/A_ACTUAL_POS] --(BEFORE)--> [EVENT_N/A_ACTUAL_POS] | [EVENT_N/A_ACTUAL_POS] --(BEFORE)--> [EVENT_N/A_ACTUAL_POS],"""lésions"" --(CONTAINS)--> ""angioscanner"" | ""angioscanner"" --(BEFORE)--> ""echo-dopler"" | ""echo-dopler"" --(BEFORE)--> ""IRM"" | ""IRM"" --(BEFORE)--> ""scanner"" | ""scanner"" --(BEFORE)--> ""posé"""
31,45,FR100360,[EVENT_N/A_ACTUAL_POS] --(CONTAINS)--> [EVENT_N/A_ACTUAL_POS] | [EVENT_N/A_ACTUAL_POS] --(BEFORE)--> [EVENT_N/A_ACTUAL_POS] | [EVENT_N/A_ACTUAL_POS] --(BEFORE)--> [EVENT_N/A_ACTUAL_POS] | [EVENT_N/A_ACTUAL_POS] --(BEFORE)--> [EVENT_N/A_ACTUAL_POS] | [EVENT_N/A_ACTUAL_POS] --(BEFORE)--> [EVENT_N/A_ACTUAL_POS],"""lésion"" --(CONTAINS)--> ""tomodensitométrie"" | ""tomodensitométrie"" --(BEFORE)--> ""complément"" | ""complément"" --(BEFORE)--> ""biopsie"" | ""biopsie"" --(BEFORE)--> ""tomodensitométrie"" | ""tomodensitométrie"" --(BEFORE)--> ""radiothérapie"""
31,45,FR100361,[EVENT_N/A_ACTUAL_POS] --(CONTAINS)--> [EVENT_N/A_ACTUAL_POS] | [EVENT_N/A_ACTUAL_POS] --(BEFORE)--> [EVENT_N/A_ACTUAL_POS] | [EVENT_N/A_ACTUAL_POS] --(BEFORE)--> [EVENT_N/A_ACTUAL_POS] | [EVENT_N/A_ACTUAL_POS] --(BEFORE)--> [EVENT_N/A_ACTUAL_POS] | [EVENT_N/A_ACTUAL_POS] --(BEFORE)--> [EVENT_N/A_ACTUAL_POS],"""troubles"" --(CONTAINS)--> ""admise"" | ""admise"" --(BEFORE)--> ""examen"" | ""examen"" --(BEFORE)--> ""TDM"" | ""TDM"" --(BEFORE)--> ""ponction"" | ""ponction"" --(BEFORE)--> ""examen"""
31,45,FR100371,[EVENT_N/A_ACTUAL_POS] --(CONTAINS)--> [EVENT_N/A_ACTUAL_POS] | [EVENT_N/A_ACTUAL_POS] --(BEFORE)--> [EVENT_N/A_ACTUAL_POS] | [EVENT_N/A_ACTUAL_POS] --(BEFORE)--> [EVENT_N/A_ACTUAL_POS] | [EVENT_N/A_ACTUAL_POS] --(BEFORE)--> [EVENT_N/A_ACTUAL_POS] | [EVENT_N/A_ACTUAL_POS] --(BEFORE)--> [EVENT_N/A_ACTUAL_POS],"""pesait"" --(CONTAINS)--> ""examen"" | ""examen"" --(BEFORE)--> ""examen"" | ""examen"" --(BEFORE)--> ""bilan"" | ""bilan"" --(BEFORE)--> ""bilan"" | ""bilan"" --(BEFORE)--> ""intervention"""
31,45,FR100400,[EVENT_N/A_ACTUAL_POS] --(CONTAINS)--> [EVENT_N/A_ACTUAL_POS] | [EVENT_N/A_ACTUAL_POS] --(BEFORE)--> [EVENT_N/A_ACTUAL_POS] | [EVENT_N/A_ACTUAL_POS] --(BEFORE)--> [EVENT_N/A_ACTUAL_POS] | [EVENT_N/A_ACTUAL_POS] --(BEFORE)--> [EVENT_N/A_ACTUAL_POS] | [EVENT_N/A_ACTUAL_POS] --(BEFORE)--> [EVENT_N/A_ACTUAL_POS],"""état"" --(CONTAINS)--> ""examen"" | ""examen"" --(BEFORE)--> ""bilan"" | ""bilan"" --(BEFORE)--> ""Radiographie"" | ""Radiographie"" --(BEFORE)--> ""échographie"" | ""échographie"" --(BEFORE)--> ""scanner"""
31,45,FR100439,[EVENT_N/A_ACTUAL_POS] --(CONTAINS)--> [EVENT_N/A_ACTUAL_POS] | [EVENT_N/A_ACTUAL_POS] --(BEFORE)--> [EVENT_N/A_ACTUAL_POS] | [EVENT_N/A_ACTUAL_POS] --(BEFORE)--> [EVENT_N/A_ACTUAL_POS] | [EVENT_N/A_ACTUAL_POS] --(BEFORE)--> [EVENT_N/A_ACTUAL_POS] | [EVENT_N/A_ACTUAL_POS] --(BEFORE)--> [EVENT_N/A_ACTUAL_POS],"""anesthésie"" --(CONTAINS)--> ""endoscopie"" | ""endoscopie"" --(BEFORE)--> ""biopsies"" | ""biopsies"" --(BEFORE)--> ""analyse"" | ""analyse"" --(BEFORE)--> ""demandée"" | ""demandée"" --(BEFORE)--> ""examen"""
31,45,FR100480,[EVENT_N/A_ACTUAL_POS] --(CONTAINS)--> [EVENT_N/A_ACTUAL_POS] | [EVENT_N/A_ACTUAL_POS] --(BEFORE)--> [EVENT_N/A_ACTUAL_POS] | [EVENT_N/A_ACTUAL_POS] --(BEFORE)--> [EVENT_N/A_ACTUAL_POS] | [EVENT_N/A_ACTUAL_POS] --(BEFORE)--> [EVENT_N/A_ACTUAL_POS] | [EVENT_N/A_ACTUAL_POS] --(BEFORE)--> [EVENT_N/A_ACTUAL_POS],"""libres"" --(CONTAINS)--> ""examen"" | ""examen"" --(BEFORE)--> ""imagerie"" | ""imagerie"" --(BEFORE)--> ""bilan"" | ""bilan"" --(BEFORE)--> ""scanner"" | ""scanner"" --(BEFORE)--> ""Tomographie"""
31,45,FR100517,[EVENT_N/A_ACTUAL_POS] --(CONTAINS)--> [EVENT_N/A_ACTUAL_POS] | [EVENT_N/A_ACTUAL_POS] --(BEFORE)--> [EVENT_N/A_ACTUAL_POS] | [EVENT_N/A_ACTUAL_POS] --(BEFORE)--> [EVENT_N/A_ACTUAL_POS] | [EVENT_N/A_ACTUAL_POS] --(BEFORE)--> [EVENT_N/A_ACTUAL_POS] | [EVENT_N/A_ACTUAL_POS] --(BEFORE)--> [EVENT_N/A_ACTUAL_POS],"""syndrome"" --(CONTAINS)--> ""bilan"" | ""bilan"" --(BEFORE)--> ""électromyogramme"" | ""électromyogramme"" --(BEFORE)--> ""bilan"" | ""bilan"" --(BEFORE)--> ""explorations"" | ""explorations"" --(BEFORE)--> ""porté"""
31,45,FR100589,[EVENT_N/A_ACTUAL_POS] --(CONTAINS)--> [EVENT_N/A_ACTUAL_POS] | [EVENT_N/A_ACTUAL_POS] --(BEFORE)--> [EVENT_N/A_ACTUAL_POS] | [EVENT_N/A_ACTUAL_POS] --(BEFORE)--> [EVENT_N/A_ACTUAL_POS] | [EVENT_N/A_ACTUAL_POS] --(BEFORE)--> [EVENT_N/A_ACTUAL_POS] | [EVENT_N/A_ACTUAL_POS] --(BEFORE)--> [EVENT_N/A_ACTUAL_POS],"""remaniement"" --(CONTAINS)--> ""biopsies"" | ""biopsies"" --(BEFORE)--> ""exploration"" | ""exploration"" --(BEFORE)--> ""hémogramme"" | ""hémogramme"" --(BEFORE)--> ""Cytométrie"" | ""Cytométrie"" --(BEFORE)--> ""biopsie"""
31,45,FR100597,[EVENT_N/A_ACTUAL_POS] --(CONTAINS)--> [EVENT_N/A_ACTUAL_POS] | [EVENT_N/A_ACTUAL_POS] --(BEFORE)--> [EVENT_N/A_ACTUAL_POS] | [EVENT_N/A_ACTUAL_POS] --(BEFORE)--> [EVENT_N/A_ACTUAL_POS] | [EVENT_N/A_ACTUAL_POS] --(BEFORE)--> [EVENT_N/A_ACTUAL_POS] | [EVENT_N/A_ACTUAL_POS] --(BEFORE)--> [EVENT_N/A_ACTUAL_POS],"""consultation"" --(CONTAINS)--> ""examen"" | ""examen"" --(BEFORE)--> ""examen"" | ""examen"" --(BEFORE)--> ""examen"" | ""examen"" --(BEFORE)--> ""toucher"" | ""toucher"" --(BEFORE)--> ""reste"""
31,45,FR100611,[EVENT_N/A_ACTUAL_POS] --(CONTAINS)--> [EVENT_N/A_ACTUAL_POS] | [EVENT_N/A_ACTUAL_POS] --(BEFORE)--> [EVENT_N/A_ACTUAL_POS] | [EVENT_N/A_ACTUAL_POS] --(BEFORE)--> [EVENT_N/A_ACTUAL_POS] | [EVENT_N/A_ACTUAL_POS] --(BEFORE)--> [EVENT_N/A_ACTUAL_POS] | [EVENT_N/A_ACTUAL_POS] --(BEFORE)--> [EVENT_N/A_ACTUAL_POS],"""épaississement"" --(CONTAINS)--> ""IRM"" | ""IRM"" --(BEFORE)--> ""étude"" | ""étude"" --(BEFORE)--> ""examen"" | ""examen"" --(BEFORE)--> ""PCR"" | ""PCR"" --(BEFORE)--> ""TDM"""
31,45,FR100614,[EVENT_N/A_ACTUAL_POS] --(CONTAINS)--> [EVENT_N/A_ACTUAL_POS] | [EVENT_N/A_ACTUAL_POS] --(BEFORE)--> [EVENT_N/A_ACTUAL_POS] | [EVENT_N/A_ACTUAL_POS] --(BEFORE)--> [EVENT_N/A_ACTUAL_POS] | [EVENT_N/A_ACTUAL_POS] --(BEFORE)--> [EVENT_N/A_ACTUAL_POS] | [EVENT_N/A_ACTUAL_POS] --(BEFORE)--> [EVENT_N/A_ACTUAL_POS],"""kyste"" --(CONTAINS)--> ""exploration"" | ""exploration"" --(BEFORE)--> ""rupture"" | ""rupture"" --(BEFORE)--> ""intervention"" | ""intervention"" --(BEFORE)--> ""résection"" | ""résection"" --(BEFORE)--> ""étude"""
31,45,FR100620,[EVENT_N/A_ACTUAL_POS] --(CONTAINS)--> [EVENT_N/A_ACTUAL_POS] | [EVENT_N/A_ACTUAL_POS] --(BEFORE)--> [EVENT_N/A_ACTUAL_POS] | [EVENT_N/A_ACTUAL_POS] --(BEFORE)--> [EVENT_N/A_ACTUAL_POS] | [EVENT_N/A_ACTUAL_POS] --(BEFORE)--> [EVENT_N/A_ACTUAL_POS] | [EVENT_N/A_ACTUAL_POS] --(BEFORE)--> [EVENT_N/A_ACTUAL_POS],"""aspect"" --(CONTAINS)--> ""bronchoscopie"" | ""bronchoscopie"" --(BEFORE)--> ""bilan"" | ""bilan"" --(BEFORE)--> ""bilan"" | ""bilan"" --(BEFORE)--> ""bilan"" | ""bilan"" --(BEFORE)--> ""évolution"""
31,45,FR100623,[EVENT_N/A_ACTUAL_POS] --(CONTAINS)--> [EVENT_N/A_ACTUAL_POS] | [EVENT_N/A_ACTUAL_POS] --(BEFORE)--> [EVENT_N/A_ACTUAL_POS] | [EVENT_N/A_ACTUAL_POS] --(BEFORE)--> [EVENT_N/A_ACTUAL_POS] | [EVENT_N/A_ACTUAL_POS] --(BEFORE)--> [EVENT_N/A_ACTUAL_POS] | [EVENT_N/A_ACTUAL_POS] --(BEFORE)--> [EVENT_N/A_ACTUAL_POS],"""matières"" --(CONTAINS)--> ""consulté"" | ""consulté"" --(BEFORE)--> ""examen"" | ""examen"" --(BEFORE)--> ""échographie"" | ""échographie"" --(BEFORE)--> ""tomodensitométrie"" | ""tomodensitométrie"" --(BEFORE)--> ""retenu"""
31,45,FR100629,[EVENT_N/A_ACTUAL_POS] --(CONTAINS)--> [EVENT_N/A_ACTUAL_POS] | [EVENT_N/A_ACTUAL_POS] --(BEFORE)--> [EVENT_N/A_ACTUAL_POS] | [EVENT_N/A_ACTUAL_POS] --(BEFORE)--> [EVENT_N/A_ACTUAL_POS] | [EVENT_N/A_ACTUAL_POS] --(BEFORE)--> [EVENT_N/A_ACTUAL_POS] | [EVENT_N/A_ACTUAL_POS] --(BEFORE)--> [EVENT_N/A_ACTUAL_POS],"""syndrome"" --(CONTAINS)--> ""examen"" | ""examen"" --(BEFORE)--> ""radiographie"" | ""radiographie"" --(BEFORE)--> ""thoracoscopie"" | ""thoracoscopie"" --(BEFORE)--> ""marquage"" | ""marquage"" --(BEFORE)--> ""bilan"""
31,45,FR100632,[EVENT_N/A_ACTUAL_POS] --(CONTAINS)--> [EVENT_N/A_ACTUAL_POS] | [EVENT_N/A_ACTUAL_POS] --(BEFORE)--> [EVENT_N/A_ACTUAL_POS] | [EVENT_N/A_ACTUAL_POS] --(BEFORE)--> [EVENT_N/A_ACTUAL_POS] | [EVENT_N/A_ACTUAL_POS] --(BEFORE)--> [EVENT_N/A_ACTUAL_POS] | [EVENT_N/A_ACTUAL_POS] --(BEFORE)--> [EVENT_N/A_ACTUAL_POS],"""glycorachie"" --(CONTAINS)--> ""étude"" | ""étude"" --(BEFORE)--> ""numération"" | ""numération"" --(BEFORE)--> ""bilan"" | ""bilan"" --(BEFORE)--> ""enquête"" | ""enquête"" --(BEFORE)--> ""étude"""
31,45,FR100663,[EVENT_N/A_ACTUAL_POS] --(CONTAINS)--> [EVENT_N/A_ACTUAL_POS] | [EVENT_N/A_ACTUAL_POS] --(BEFORE)--> [EVENT_N/A_ACTUAL_POS] | [EVENT_N/A_ACTUAL_POS] --(BEFORE)--> [EVENT_N/A_ACTUAL_POS] | [EVENT_N/A_ACTUAL_POS] --(BEFORE)--> [EVENT_N/A_ACTUAL_POS] | [EVENT_N/A_ACTUAL_POS] --(BEFORE)--> [EVENT_N/A_ACTUAL_POS],"""grossesse"" --(CONTAINS)--> ""examen"" | ""examen"" --(BEFORE)--> ""examen"" | ""examen"" --(BEFORE)--> ""échographie"" | ""échographie"" --(BEFORE)--> ""taux"" | ""taux"" --(BEFORE)--> ""tenté"""
31,45,FR100666,[EVENT_N/A_ACTUAL_POS] --(CONTAINS)--> [EVENT_N/A_ACTUAL_POS] | [EVENT_N/A_ACTUAL_POS] --(BEFORE)--> [EVENT_N/A_ACTUAL_POS] | [EVENT_N/A_ACTUAL_POS] --(BEFORE)--> [EVENT_N/A_ACTUAL_POS] | [EVENT_N/A_ACTUAL_POS] --(BEFORE)--> [EVENT_N/A_ACTUAL_POS] | [EVENT_N/A_ACTUAL_POS] --(BEFORE)--> [EVENT_N/A_ACTUAL_POS],"""asymétrie"" --(CONTAINS)--> ""examen"" | ""examen"" --(BEFORE)--> ""examen"" | ""examen"" --(BEFORE)--> ""palpation"" | ""palpation"" --(BEFORE)--> ""radiographie"" | ""radiographie"" --(BEFORE)--> ""tomodensitométrie"""
31,45,FR100683,[EVENT_N/A_ACTUAL_POS] --(CONTAINS)--> [EVENT_N/A_ACTUAL_POS] | [EVENT_N/A_ACTUAL_POS] --(BEFORE)--> [EVENT_N/A_ACTUAL_POS] | [EVENT_N/A_ACTUAL_POS] --(BEFORE)--> [EVENT_N/A_ACTUAL_POS] | [EVENT_N/A_ACTUAL_POS] --(BEFORE)--> [EVENT_N/A_ACTUAL_POS] | [EVENT_N/A_ACTUAL_POS] --(BEFORE)--> [EVENT_N/A_ACTUAL_POS],"""indice"" --(CONTAINS)--> ""examen"" | ""examen"" --(BEFORE)--> ""exploration"" | ""exploration"" --(BEFORE)--> ""exploration"" | ""exploration"" --(BEFORE)--> ""IRM"" | ""IRM"" --(BEFORE)--> ""écho-mammographie"""
31,45,FR100688,[EVENT_N/A_ACTUAL_POS] --(CONTAINS)--> [EVENT_N/A_ACTUAL_POS] | [EVENT_N/A_ACTUAL_POS] --(BEFORE)--> [EVENT_N/A_ACTUAL_POS] | [EVENT_N/A_ACTUAL_POS] --(BEFORE)--> [EVENT_N/A_ACTUAL_POS] | [EVENT_N/A_ACTUAL_POS] --(BEFORE)--> [EVENT_N/A_ACTUAL_POS] | [EVENT_N/A_ACTUAL_POS] --(BEFORE)--> [EVENT_N/A_ACTUAL_POS],"""poids"" --(CONTAINS)--> ""examen"" | ""examen"" --(BEFORE)--> ""examen"" | ""examen"" --(BEFORE)--> ""examen"" | ""examen"" --(BEFORE)--> ""sérologie"" | ""sérologie"" --(BEFORE)--> ""radiographie"""
31,45,FR100689,[EVENT_N/A_ACTUAL_POS] --(CONTAINS)--> [EVENT_N/A_ACTUAL_POS] | [EVENT_N/A_ACTUAL_POS] --(BEFORE)--> [EVENT_N/A_ACTUAL_POS] | [EVENT_N/A_ACTUAL_POS] --(BEFORE)--> [EVENT_N/A_ACTUAL_POS] | [EVENT_N/A_ACTUAL_POS] --(BEFORE)--> [EVENT_N/A_ACTUAL_POS] | [EVENT_N/A_ACTUAL_POS] --(BEFORE)--> [EVENT_N/A_ACTUAL_POS],"""opacités"" --(CONTAINS)--> ""scanner"" | ""scanner"" --(BEFORE)--> ""hémogramme"" | ""hémogramme"" --(BEFORE)--> ""ionogramme"" | ""ionogramme"" --(BEFORE)--> ""examen"" | ""examen"" --(BEFORE)--> ""sérologie"""
31,45,FR100697,[EVENT_N/A_ACTUAL_POS] --(CONTAINS)--> [EVENT_N/A_ACTUAL_POS] | [EVENT_N/A_ACTUAL_POS] --(BEFORE)--> [EVENT_N/A_ACTUAL_POS] | [EVENT_N/A_ACTUAL_POS] --(BEFORE)--> [EVENT_N/A_ACTUAL_POS] | [EVENT_N/A_ACTUAL_POS] --(BEFORE)--> [EVENT_N/A_ACTUAL_POS] | [EVENT_N/A_ACTUAL_POS] --(BEFORE)--> [EVENT_N/A_ACTUAL_POS],"""lymphome"" --(CONTAINS)--> ""tout"" | ""tout"" --(BEFORE)--> ""bilan"" | ""bilan"" --(BEFORE)--> ""test"" | ""test"" --(BEFORE)--> ""adressée"" | ""adressée"" --(BEFORE)--> ""prise"""
31,45,FR100708,[EVENT_N/A_ACTUAL_POS] --(CONTAINS)--> [EVENT_N/A_ACTUAL_POS] | [EVENT_N/A_ACTUAL_POS] --(BEFORE)--> [EVENT_N/A_ACTUAL_POS] | [EVENT_N/A_ACTUAL_POS] --(BEFORE)--> [EVENT_N/A_ACTUAL_POS] | [EVENT_N/A_ACTUAL_POS] --(BEFORE)--> [EVENT_N/A_ACTUAL_POS] | [EVENT_N/A_ACTUAL_POS] --(BEFORE)--> [EVENT_N/A_ACTUAL_POS],"""consulté"" --(CONTAINS)--> ""examen"" | ""examen"" --(BEFORE)--> ""mammographie"" | ""mammographie"" --(BEFORE)--> ""échographie"" | ""échographie"" --(BEFORE)--> ""ponction"" | ""ponction"" --(BEFORE)--> ""étude"""
31,45,FR100717,[EVENT_N/A_ACTUAL_POS] --(CONTAINS)--> [EVENT_N/A_ACTUAL_POS] | [EVENT_N/A_ACTUAL_POS] --(BEFORE)--> [EVENT_N/A_ACTUAL_POS] | [EVENT_N/A_ACTUAL_POS] --(BEFORE)--> [EVENT_N/A_ACTUAL_POS] | [EVENT_N/A_ACTUAL_POS] --(BEFORE)--> [EVENT_N/A_ACTUAL_POS] | [EVENT_N/A_ACTUAL_POS] --(BEFORE)--> [EVENT_N/A_ACTUAL_POS],"""Lasègue"" --(CONTAINS)--> ""examen"" | ""examen"" --(BEFORE)--> ""examens"" | ""examens"" --(BEFORE)--> ""scanner"" | ""scanner"" --(BEFORE)--> ""IRM"" | ""IRM"" --(BEFORE)--> ""laminectomie"""
31,45,FR100748,[EVENT_N/A_ACTUAL_POS] --(CONTAINS)--> [EVENT_N/A_ACTUAL_POS] | [EVENT_N/A_ACTUAL_POS] --(BEFORE)--> [EVENT_N/A_ACTUAL_POS] | [EVENT_N/A_ACTUAL_POS] --(BEFORE)--> [EVENT_N/A_ACTUAL_POS] | [EVENT_N/A_ACTUAL_POS] --(BEFORE)--> [EVENT_N/A_ACTUAL_POS] | [EVENT_N/A_ACTUAL_POS] --(BEFORE)--> [EVENT_N/A_ACTUAL_POS],"""intervention"" --(CONTAINS)--> ""mobilisation"" | ""mobilisation"" --(BEFORE)--> ""suites"" | ""suites"" --(BEFORE)--> ""transférée"" | ""transférée"" --(BEFORE)--> ""regagné"" | ""regagné"" --(BEFORE)--> ""recul"""
31,45,FR100806,[EVENT_N/A_ACTUAL_POS] --(CONTAINS)--> [EVENT_N/A_ACTUAL_POS] | [EVENT_N/A_ACTUAL_POS] --(BEFORE)--> [EVENT_N/A_ACTUAL_POS] | [EVENT_N/A_ACTUAL_POS] --(BEFORE)--> [EVENT_N/A_ACTUAL_POS] | [EVENT_N/A_ACTUAL_POS] --(BEFORE)--> [EVENT_N/A_ACTUAL_POS] | [EVENT_N/A_ACTUAL_POS] --(BEFORE)--> [EVENT_N/A_ACTUAL_POS],"""LDH"" --(CONTAINS)--> ""biologie"" | ""biologie"" --(BEFORE)--> ""tomodensitométrie"" | ""tomodensitométrie"" --(BEFORE)--> ""prise"" | ""prise"" --(BEFORE)--> ""examen"" | ""examen"" --(BEFORE)--> ""suites"""
31,45,FR100826,[EVENT_N/A_ACTUAL_POS] --(CONTAINS)--> [EVENT_N/A_ACTUAL_POS] | [EVENT_N/A_ACTUAL_POS] --(BEFORE)--> [EVENT_N/A_ACTUAL_POS] | [EVENT_N/A_ACTUAL_POS] --(BEFORE)--> [EVENT_N/A_ACTUAL_POS] | [EVENT_N/A_ACTUAL_POS] --(BEFORE)--> [EVENT_N/A_ACTUAL_POS] | [EVENT_N/A_ACTUAL_POS] --(BEFORE)--> [EVENT_N/A_ACTUAL_POS],"""draine"" --(CONTAINS)--> ""bilan"" | ""bilan"" --(BEFORE)--> ""bilan"" | ""bilan"" --(BEFORE)--> ""retenue"" | ""retenue"" --(BEFORE)--> ""exploration"" | ""exploration"" --(BEFORE)--> ""suites"""
31,45,FR100845,[EVENT_N/A_ACTUAL_POS] --(CONTAINS)--> [EVENT_N/A_ACTUAL_POS] | [EVENT_N/A_ACTUAL_POS] --(BEFORE)--> [EVENT_N/A_ACTUAL_POS] | [EVENT_N/A_ACTUAL_POS] --(BEFORE)--> [EVENT_N/A_ACTUAL_POS] | [EVENT_N/A_ACTUAL_POS] --(BEFORE)--> [EVENT_N/A_ACTUAL_POS] | [EVENT_N/A_ACTUAL_POS] --(BEFORE)--> [EVENT_N/A_ACTUAL_POS],"""hauteur"" --(CONTAINS)--> ""examen"" | ""examen"" --(BEFORE)--> ""échographie"" | ""échographie"" --(BEFORE)--> ""radiographie"" | ""radiographie"" --(BEFORE)--> ""décision"" | ""décision"" --(BEFORE)--> ""extraction"""
31,45,FR100870,[EVENT_N/A_ACTUAL_POS] --(CONTAINS)--> [EVENT_N/A_ACTUAL_POS] | [EVENT_N/A_ACTUAL_POS] --(BEFORE)--> [EVENT_N/A_ACTUAL_POS] | [EVENT_N/A_ACTUAL_POS] --(BEFORE)--> [EVENT_N/A_ACTUAL_POS] | [EVENT_N/A_ACTUAL_POS] --(BEFORE)--> [EVENT_N/A_ACTUAL_POS] | [EVENT_N/A_ACTUAL_POS] --(BEFORE)--> [EVENT_N/A_ACTUAL_POS],"""anémie"" --(CONTAINS)--> ""hémogramme"" | ""hémogramme"" --(BEFORE)--> ""bilan"" | ""bilan"" --(BEFORE)--> ""IRM"" | ""IRM"" --(BEFORE)--> ""électrophorèse"" | ""électrophorèse"" --(BEFORE)--> ""immunosoustraction"""
31,45,FR100874,[EVENT_N/A_ACTUAL_POS] --(CONTAINS)--> [EVENT_N/A_ACTUAL_POS] | [EVENT_N/A_ACTUAL_POS] --(BEFORE)--> [EVENT_N/A_ACTUAL_POS] | [EVENT_N/A_ACTUAL_POS] --(BEFORE)--> [EVENT_N/A_ACTUAL_POS] | [EVENT_N/A_ACTUAL_POS] --(BEFORE)--> [EVENT_N/A_ACTUAL_POS] | [EVENT_N/A_ACTUAL_POS] --(BEFORE)--> [EVENT_N/A_ACTUAL_POS],"""perte"" --(CONTAINS)--> ""examen"" | ""examen"" --(BEFORE)--> ""hémogramme"" | ""hémogramme"" --(BEFORE)--> ""fibroscopie"" | ""fibroscopie"" --(BEFORE)--> ""transit"" | ""transit"" --(BEFORE)--> ""tomodensitométrie"""
31,45,FR100882,[EVENT_N/A_ACTUAL_POS] --(CONTAINS)--> [EVENT_N/A_ACTUAL_POS] | [EVENT_N/A_ACTUAL_POS] --(BEFORE)--> [EVENT_N/A_ACTUAL_POS] | [EVENT_N/A_ACTUAL_POS] --(BEFORE)--> [EVENT_N/A_ACTUAL_POS] | [EVENT_N/A_ACTUAL_POS] --(BEFORE)--> [EVENT_N/A_ACTUAL_POS] | [EVENT_N/A_ACTUAL_POS] --(BEFORE)--> [EVENT_N/A_ACTUAL_POS],"""recherche"" --(CONTAINS)--> ""scanner"" | ""scanner"" --(BEFORE)--> ""laminectomie"" | ""laminectomie"" --(BEFORE)--> ""Imagerie"" | ""Imagerie"" --(BEFORE)--> ""bilan"" | ""bilan"" --(BEFORE)--> ""sérologies"""
31,45,FR100903,[EVENT_N/A_ACTUAL_POS] --(CONTAINS)--> [EVENT_N/A_ACTUAL_POS] | [EVENT_N/A_ACTUAL_POS] --(BEFORE)--> [EVENT_N/A_ACTUAL_POS] | [EVENT_N/A_ACTUAL_POS] --(BEFORE)--> [EVENT_N/A_ACTUAL_POS] | [EVENT_N/A_ACTUAL_POS] --(BEFORE)--> [EVENT_N/A_ACTUAL_POS] | [EVENT_N/A_ACTUAL_POS] --(BEFORE)--> [EVENT_N/A_ACTUAL_POS],"""allongés"" --(CONTAINS)--> ""échographie"" | ""échographie"" --(BEFORE)--> ""IRM"" | ""IRM"" --(BEFORE)--> ""diagnostic"" | ""diagnostic"" --(BEFORE)--> ""écarté"" | ""écarté"" --(BEFORE)--> ""réfléchir"""
31,45,FR100946,[EVENT_N/A_ACTUAL_POS] --(CONTAINS)--> [EVENT_N/A_ACTUAL_POS] | [EVENT_N/A_ACTUAL_POS] --(BEFORE)--> [EVENT_N/A_ACTUAL_POS] | [EVENT_N/A_ACTUAL_POS] --(BEFORE)--> [EVENT_N/A_ACTUAL_POS] | [EVENT_N/A_ACTUAL_POS] --(BEFORE)--> [EVENT_N/A_ACTUAL_POS] | [EVENT_N/A_ACTUAL_POS] --(BEFORE)--> [EVENT_N/A_ACTUAL_POS],"""tumeur"" --(CONTAINS)--> ""analyse"" | ""analyse"" --(BEFORE)--> ""mise"" | ""mise"" --(BEFORE)--> ""analyse"" | ""analyse"" --(BEFORE)--> ""mise"" | ""mise"" --(BEFORE)--> ""récupération"""
31,45,FR100996,[EVENT_N/A_ACTUAL_POS] --(CONTAINS)--> [EVENT_N/A_ACTUAL_POS] | [EVENT_N/A_ACTUAL_POS] --(BEFORE)--> [EVENT_N/A_ACTUAL_POS] | [EVENT_N/A_ACTUAL_POS] --(BEFORE)--> [EVENT_N/A_ACTUAL_POS] | [EVENT_N/A_ACTUAL_POS] --(BEFORE)--> [EVENT_N/A_ACTUAL_POS] | [EVENT_N/A_ACTUAL_POS] --(BEFORE)--> [EVENT_N/A_ACTUAL_POS],"""masse"" --(CONTAINS)--> ""examen"" | ""examen"" --(BEFORE)--> ""tomodensitométrie"" | ""tomodensitométrie"" --(BEFORE)--> ""injection"" | ""injection"" --(BEFORE)--> ""retenu"" | ""retenu"" --(BEFORE)--> ""chirurgical"""
14,44,FR100003,[EVENT_N/A_ACTUAL_POS] --(CONTAINS)--> [EVENT_N/A_ACTUAL_POS] | [EVENT_N/A_ACTUAL_POS] --(BEFORE)--> [EVENT_N/A_ACTUAL_POS] | [EVENT_N/A_ACTUAL_POS] --(BEFORE)--> [EVENT_N/A_ACTUAL_POS],"""ponction"" --(CONTAINS)--> ""ramené"" | ""ponction"" --(BEFORE)--> ""examen"" | ""examen"" --(BEFORE)--> ""examen"""
14,44,FR100092,[EVENT_N/A_ACTUAL_POS] --(CONTAINS)--> [EVENT_N/A_ACTUAL_POS] | [EVENT_N/A_ACTUAL_POS] --(BEFORE)--> [EVENT_N/A_ACTUAL_POS] | [EVENT_N/A_ACTUAL_POS] --(BEFORE)--> [EVENT_N/A_ACTUAL_POS],"""reste"" --(CONTAINS)--> ""appendicectomie"" | ""reste"" --(BEFORE)--> ""étude"" | ""étude"" --(BEFORE)--> ""suites"""
14,44,FR100130,[EVENT_N/A_ACTUAL_POS] --(CONTAINS)--> [EVENT_N/A_ACTUAL_POS] | [EVENT_N/A_ACTUAL_POS] --(BEFORE)--> [EVENT_N/A_ACTUAL_POS] | [EVENT_N/A_ACTUAL_POS] --(BEFORE)--> [EVENT_N/A_ACTUAL_POS],"""bilan"" --(CONTAINS)--> ""recherchée"" | ""bilan"" --(BEFORE)--> ""suspectée"" | ""suspectée"" --(BEFORE)--> ""bilan"""
14,44,FR100161,[EVENT_N/A_ACTUAL_POS] --(CONTAINS)--> [EVENT_N/A_ACTUAL_POS] | [EVENT_N/A_ACTUAL_POS] --(BEFORE)--> [EVENT_N/A_ACTUAL_POS] | [EVENT_N/A_ACTUAL_POS] --(BEFORE)--> [EVENT_N/A_ACTUAL_POS],"""examens"" --(CONTAINS)--> ""Acti tests"" | ""examens"" --(BEFORE)--> ""radiographie"" | ""radiographie"" --(BEFORE)--> ""complément"""
14,44,FR100255,[EVENT_N/A_ACTUAL_POS] --(CONTAINS)--> [EVENT_N/A_ACTUAL_POS] | [EVENT_N/A_ACTUAL_POS] --(BEFORE)--> [EVENT_N/A_ACTUAL_POS] | [EVENT_N/A_ACTUAL_POS] --(BEFORE)--> [EVENT_N/A_ACTUAL_POS],"""bilan"" --(CONTAINS)--> ""TCA"" | ""bilan"" --(BEFORE)--> ""expulsé"" | ""expulsé"" --(BEFORE)--> ""contrôle"""
14,44,FR100275,[EVENT_N/A_ACTUAL_POS] --(CONTAINS)--> [EVENT_N/A_ACTUAL_POS] | [EVENT_N/A_ACTUAL_POS] --(BEFORE)--> [EVENT_N/A_ACTUAL_POS] | [EVENT_N/A_ACTUAL_POS] --(BEFORE)--> [EVENT_N/A_ACTUAL_POS],"""manœuvres"" --(CONTAINS)--> ""insufflations"" | ""manœuvres"" --(BEFORE)--> ""transféré"" | ""transféré"" --(BEFORE)--> ""anamnèse"""
14,44,FR100276,[EVENT_N/A_ACTUAL_POS] --(CONTAINS)--> [EVENT_N/A_ACTUAL_POS] | [EVENT_N/A_ACTUAL_POS] --(BEFORE)--> [EVENT_N/A_ACTUAL_POS] | [EVENT_N/A_ACTUAL_POS] --(BEFORE)--> [EVENT_N/A_ACTUAL_POS],"""biopsie"" --(CONTAINS)--> ""examen"" | ""biopsie"" --(BEFORE)--> ""posé"" | ""posé"" --(BEFORE)--> ""application"""
14,44,FR100296,[EVENT_N/A_ACTUAL_POS] --(CONTAINS)--> [EVENT_N/A_ACTUAL_POS] | [EVENT_N/A_ACTUAL_POS] --(BEFORE)--> [EVENT_N/A_ACTUAL_POS] | [EVENT_N/A_ACTUAL_POS] --(BEFORE)--> [EVENT_N/A_ACTUAL_POS],"""fenestration"" --(CONTAINS)--> ""geste"" | ""fenestration"" --(BEFORE)--> ""suites"" | ""suites"" --(BEFORE)--> ""exéaté"""
14,44,FR100344,[EVENT_N/A_ACTUAL_POS] --(CONTAINS)--> [EVENT_N/A_ACTUAL_POS] | [EVENT_N/A_ACTUAL_POS] --(BEFORE)--> [EVENT_N/A_ACTUAL_POS] | [EVENT_N/A_ACTUAL_POS] --(BEFORE)--> [EVENT_N/A_ACTUAL_POS],"""bilan"" --(CONTAINS)--> ""échographie"" | ""bilan"" --(BEFORE)--> ""contrôle"" | ""contrôle"" --(BEFORE)--> ""échographies"""
14,44,FR100346,[EVENT_N/A_ACTUAL_POS] --(CONTAINS)--> [EVENT_N/A_ACTUAL_POS] | [EVENT_N/A_ACTUAL_POS] --(BEFORE)--> [EVENT_N/A_ACTUAL_POS] | [EVENT_N/A_ACTUAL_POS] --(BEFORE)--> [EVENT_N/A_ACTUAL_POS],"""examen"" --(CONTAINS)--> ""reste"" | ""examen"" --(BEFORE)--> ""gazométrie"" | ""gazométrie"" --(BEFORE)--> ""reste"""
14,44,FR100360,[EVENT_N/A_ACTUAL_POS] --(CONTAINS)--> [EVENT_N/A_ACTUAL_POS] | [EVENT_N/A_ACTUAL_POS] --(BEFORE)--> [EVENT_N/A_ACTUAL_POS] | [EVENT_N/A_ACTUAL_POS] --(BEFORE)--> [EVENT_N/A_ACTUAL_POS],"""colpohystérectomie"" --(CONTAINS)--> ""annexectomie"" | ""colpohystérectomie"" --(BEFORE)--> ""examen"" | ""examen"" --(BEFORE)--> ""curage"""
14,44,FR100361,[EVENT_N/A_ACTUAL_POS] --(CONTAINS)--> [EVENT_N/A_ACTUAL_POS] | [EVENT_N/A_ACTUAL_POS] --(BEFORE)--> [EVENT_N/A_ACTUAL_POS] | [EVENT_N/A_ACTUAL_POS] --(BEFORE)--> [EVENT_N/A_ACTUAL_POS],"""examen"" --(CONTAINS)--> ""mobilisait"" | ""examen"" --(BEFORE)--> ""TDM"" | ""TDM"" --(BEFORE)--> ""ponction"""
14,44,FR100371,[EVENT_N/A_ACTUAL_POS] --(CONTAINS)--> [EVENT_N/A_ACTUAL_POS] | [EVENT_N/A_ACTUAL_POS] --(BEFORE)--> [EVENT_N/A_ACTUAL_POS] | [EVENT_N/A_ACTUAL_POS] --(BEFORE)--> [EVENT_N/A_ACTUAL_POS],"""bilan"" --(CONTAINS)--> ""bilan"" | ""bilan"" --(BEFORE)--> ""bilan"" | ""bilan"" --(BEFORE)--> ""intervention"""
14,44,FR100400,[EVENT_N/A_ACTUAL_POS] --(CONTAINS)--> [EVENT_N/A_ACTUAL_POS] | [EVENT_N/A_ACTUAL_POS] --(BEFORE)--> [EVENT_N/A_ACTUAL_POS] | [EVENT_N/A_ACTUAL_POS] --(BEFORE)--> [EVENT_N/A_ACTUAL_POS],"""histoire"" --(CONTAINS)--> ""douleurs"" | ""histoire"" --(BEFORE)--> ""examen"" | ""examen"" --(BEFORE)--> ""bilan"""
14,44,FR100448,[EVENT_N/A_ACTUAL_POS] --(CONTAINS)--> [EVENT_N/A_ACTUAL_POS] | [EVENT_N/A_ACTUAL_POS] --(BEFORE)--> [EVENT_N/A_ACTUAL_POS] | [EVENT_N/A_ACTUAL_POS] --(BEFORE)--> [EVENT_N/A_ACTUAL_POS],"""examen"" --(CONTAINS)--> ""reste"" | ""examen"" --(BEFORE)--> ""échotomographie"" | ""échotomographie"" --(BEFORE)--> ""hémi thyroïdectomie"""
14,44,FR100515,[EVENT_N/A_ACTUAL_POS] --(CONTAINS)--> [EVENT_N/A_ACTUAL_POS] | [EVENT_N/A_ACTUAL_POS] --(BEFORE)--> [EVENT_N/A_ACTUAL_POS] | [EVENT_N/A_ACTUAL_POS] --(BEFORE)--> [EVENT_N/A_ACTUAL_POS],"""bilan"" --(CONTAINS)--> ""recherche"" | ""bilan"" --(BEFORE)--> ""bilan"" | ""bilan"" --(BEFORE)--> ""prescrits"""
14,44,FR100517,[EVENT_N/A_ACTUAL_POS] --(CONTAINS)--> [EVENT_N/A_ACTUAL_POS] | [EVENT_N/A_ACTUAL_POS] --(BEFORE)--> [EVENT_N/A_ACTUAL_POS] | [EVENT_N/A_ACTUAL_POS] --(BEFORE)--> [EVENT_N/A_ACTUAL_POS],"""bilan"" --(CONTAINS)--> ""radiographie"" | ""bilan"" --(BEFORE)--> ""mise"" | ""mise"" --(BEFORE)--> ""auscultation"""
14,44,FR100519,[EVENT_N/A_ACTUAL_POS] --(CONTAINS)--> [EVENT_N/A_ACTUAL_POS] | [EVENT_N/A_ACTUAL_POS] --(BEFORE)--> [EVENT_N/A_ACTUAL_POS] | [EVENT_N/A_ACTUAL_POS] --(BEFORE)--> [EVENT_N/A_ACTUAL_POS],"""bilan"" --(CONTAINS)--> ""radiographie"" | ""bilan"" --(BEFORE)--> ""angioscanner"" | ""angioscanner"" --(BEFORE)--> ""échodoppler"""
14,44,FR100589,[EVENT_N/A_ACTUAL_POS] --(CONTAINS)--> [EVENT_N/A_ACTUAL_POS] | [EVENT_N/A_ACTUAL_POS] --(BEFORE)--> [EVENT_N/A_ACTUAL_POS] | [EVENT_N/A_ACTUAL_POS] --(BEFORE)--> [EVENT_N/A_ACTUAL_POS],"""lavage"" --(CONTAINS)--> ""recherche"" | ""lavage"" --(BEFORE)--> ""biopsies"" | ""biopsies"" --(BEFORE)--> ""exploration"""
14,44,FR100597,[EVENT_N/A_ACTUAL_POS] --(CONTAINS)--> [EVENT_N/A_ACTUAL_POS] | [EVENT_N/A_ACTUAL_POS] --(BEFORE)--> [EVENT_N/A_ACTUAL_POS] | [EVENT_N/A_ACTUAL_POS] --(BEFORE)--> [EVENT_N/A_ACTUAL_POS],"""laparotomie"" --(CONTAINS)--> ""exploration"" | ""laparotomie"" --(BEFORE)--> ""hystérectomie"" | ""hystérectomie"" --(BEFORE)--> ""suites"""
14,44,FR100603,[EVENT_N/A_ACTUAL_POS] --(CONTAINS)--> [EVENT_N/A_ACTUAL_POS] | [EVENT_N/A_ACTUAL_POS] --(BEFORE)--> [EVENT_N/A_ACTUAL_POS] | [EVENT_N/A_ACTUAL_POS] --(BEFORE)--> [EVENT_N/A_ACTUAL_POS],"""chirurgie"" --(CONTAINS)--> ""remplacée"" | ""chirurgie"" --(BEFORE)--> ""hémocultures"" | ""hémocultures"" --(BEFORE)--> ""évolution"""
14,44,FR100611,[EVENT_N/A_ACTUAL_POS] --(CONTAINS)--> [EVENT_N/A_ACTUAL_POS] | [EVENT_N/A_ACTUAL_POS] --(BEFORE)--> [EVENT_N/A_ACTUAL_POS] | [EVENT_N/A_ACTUAL_POS] --(BEFORE)--> [EVENT_N/A_ACTUAL_POS],"""TDM"" --(CONTAINS)--> ""image"" | ""TDM"" --(BEFORE)--> ""biopsie"" | ""biopsie"" --(BEFORE)--> ""recherche"""
14,44,FR100614,[EVENT_N/A_ACTUAL_POS] --(CONTAINS)--> [EVENT_N/A_ACTUAL_POS] | [EVENT_N/A_ACTUAL_POS] --(BEFORE)--> [EVENT_N/A_ACTUAL_POS] | [EVENT_N/A_ACTUAL_POS] --(BEFORE)--> [EVENT_N/A_ACTUAL_POS],"""intervention"" --(CONTAINS)--> ""éviter"" | ""intervention"" --(BEFORE)--> ""résection"" | ""résection"" --(BEFORE)--> ""étude"""
14,44,FR100620,[EVENT_N/A_ACTUAL_POS] --(CONTAINS)--> [EVENT_N/A_ACTUAL_POS] | [EVENT_N/A_ACTUAL_POS] --(BEFORE)--> [EVENT_N/A_ACTUAL_POS] | [EVENT_N/A_ACTUAL_POS] --(BEFORE)--> [EVENT_N/A_ACTUAL_POS],"""bronchoscopie"" --(CONTAINS)--> ""biopsies"" | ""bronchoscopie"" --(BEFORE)--> ""bilan"" | ""bilan"" --(BEFORE)--> ""bilan"""
14,44,FR100629,[EVENT_N/A_ACTUAL_POS] --(CONTAINS)--> [EVENT_N/A_ACTUAL_POS] | [EVENT_N/A_ACTUAL_POS] --(BEFORE)--> [EVENT_N/A_ACTUAL_POS] | [EVENT_N/A_ACTUAL_POS] --(BEFORE)--> [EVENT_N/A_ACTUAL_POS],"""thoracoscopie"" --(CONTAINS)--> ""biopsie"" | ""thoracoscopie"" --(BEFORE)--> ""marquage"" | ""marquage"" --(BEFORE)--> ""étude"""
14,44,FR100632,[EVENT_N/A_ACTUAL_POS] --(CONTAINS)--> [EVENT_N/A_ACTUAL_POS] | [EVENT_N/A_ACTUAL_POS] --(BEFORE)--> [EVENT_N/A_ACTUAL_POS] | [EVENT_N/A_ACTUAL_POS] --(BEFORE)--> [EVENT_N/A_ACTUAL_POS],"""examen"" --(CONTAINS)--> ""constantes"" | ""examen"" --(BEFORE)--> ""examen"" | ""examen"" --(BEFORE)--> ""IRM"""
14,44,FR100658,[EVENT_N/A_ACTUAL_POS] --(CONTAINS)--> [EVENT_N/A_ACTUAL_POS] | [EVENT_N/A_ACTUAL_POS] --(BEFORE)--> [EVENT_N/A_ACTUAL_POS] | [EVENT_N/A_ACTUAL_POS] --(BEFORE)--> [EVENT_N/A_ACTUAL_POS],"""monitorage"" --(CONTAINS)--> ""enregistrement"" | ""monitorage"" --(BEFORE)--> ""prise"" | ""prise"" --(BEFORE)--> ""anesthésie"""
14,44,FR100666,[EVENT_N/A_ACTUAL_POS] --(CONTAINS)--> [EVENT_N/A_ACTUAL_POS] | [EVENT_N/A_ACTUAL_POS] --(BEFORE)--> [EVENT_N/A_ACTUAL_POS] | [EVENT_N/A_ACTUAL_POS] --(BEFORE)--> [EVENT_N/A_ACTUAL_POS],"""examen"" --(CONTAINS)--> ""palpation"" | ""examen"" --(BEFORE)--> ""examen"" | ""examen"" --(BEFORE)--> ""palpation"""
14,44,FR100689,[EVENT_N/A_ACTUAL_POS] --(CONTAINS)--> [EVENT_N/A_ACTUAL_POS] | [EVENT_N/A_ACTUAL_POS] --(BEFORE)--> [EVENT_N/A_ACTUAL_POS] | [EVENT_N/A_ACTUAL_POS] --(BEFORE)--> [EVENT_N/A_ACTUAL_POS],"""IRM"" --(CONTAINS)--> ""injection"" | ""IRM"" --(BEFORE)--> ""étude"" | ""étude"" --(BEFORE)--> ""examen"""
14,44,FR100697,[EVENT_N/A_ACTUAL_POS] --(CONTAINS)--> [EVENT_N/A_ACTUAL_POS] | [EVENT_N/A_ACTUAL_POS] --(BEFORE)--> [EVENT_N/A_ACTUAL_POS] | [EVENT_N/A_ACTUAL_POS] --(BEFORE)--> [EVENT_N/A_ACTUAL_POS],"""bilan"" --(CONTAINS)--> ""échographie"" | ""bilan"" --(BEFORE)--> ""test"" | ""test"" --(BEFORE)--> ""adressée"""
14,44,FR100748,[EVENT_N/A_ACTUAL_POS] --(CONTAINS)--> [EVENT_N/A_ACTUAL_POS] | [EVENT_N/A_ACTUAL_POS] --(BEFORE)--> [EVENT_N/A_ACTUAL_POS] | [EVENT_N/A_ACTUAL_POS] --(BEFORE)--> [EVENT_N/A_ACTUAL_POS],"""consultation"" --(CONTAINS)--> ""examen"" | ""consultation"" --(BEFORE)--> ""ASA"" | ""ASA"" --(BEFORE)--> ""Nicardipine"""
14,44,FR100780,[EVENT_N/A_ACTUAL_POS] --(CONTAINS)--> [EVENT_N/A_ACTUAL_POS] | [EVENT_N/A_ACTUAL_POS] --(BEFORE)--> [EVENT_N/A_ACTUAL_POS] | [EVENT_N/A_ACTUAL_POS] --(BEFORE)--> [EVENT_N/A_ACTUAL_POS],"""examen"" --(CONTAINS)--> ""tension"" | ""examen"" --(BEFORE)--> ""toucher"" | ""toucher"" --(BEFORE)--> ""échographie"""
14,44,FR100806,[EVENT_N/A_ACTUAL_POS] --(CONTAINS)--> [EVENT_N/A_ACTUAL_POS] | [EVENT_N/A_ACTUAL_POS] --(BEFORE)--> [EVENT_N/A_ACTUAL_POS] | [EVENT_N/A_ACTUAL_POS] --(BEFORE)--> [EVENT_N/A_ACTUAL_POS],"""biologie"" --(CONTAINS)--> ""NFS"" | ""biologie"" --(BEFORE)--> ""hospitalisée"" | ""hospitalisée"" --(BEFORE)--> ""hémodialyse"""
14,44,FR100814,[EVENT_N/A_ACTUAL_POS] --(CONTAINS)--> [EVENT_N/A_ACTUAL_POS] | [EVENT_N/A_ACTUAL_POS] --(BEFORE)--> [EVENT_N/A_ACTUAL_POS] | [EVENT_N/A_ACTUAL_POS] --(BEFORE)--> [EVENT_N/A_ACTUAL_POS],"""IRM"" --(CONTAINS)--> ""injection"" | ""IRM"" --(BEFORE)--> ""diagnostic"" | ""diagnostic"" --(BEFORE)--> ""réséquée"""
14,44,FR100826,[EVENT_N/A_ACTUAL_POS] --(CONTAINS)--> [EVENT_N/A_ACTUAL_POS] | [EVENT_N/A_ACTUAL_POS] --(BEFORE)--> [EVENT_N/A_ACTUAL_POS] | [EVENT_N/A_ACTUAL_POS] --(BEFORE)--> [EVENT_N/A_ACTUAL_POS],"""bilan"" --(CONTAINS)--> ""tomodensitométrie"" | ""bilan"" --(BEFORE)--> ""bilan"" | ""bilan"" --(BEFORE)--> ""retenue"""
14,44,FR100845,[EVENT_N/A_ACTUAL_POS] --(CONTAINS)--> [EVENT_N/A_ACTUAL_POS] | [EVENT_N/A_ACTUAL_POS] --(BEFORE)--> [EVENT_N/A_ACTUAL_POS] | [EVENT_N/A_ACTUAL_POS] --(BEFORE)--> [EVENT_N/A_ACTUAL_POS],"""examinés"" --(CONTAINS)--> ""examen"" | ""examinés"" --(BEFORE)--> ""détresse"" | ""détresse"" --(BEFORE)--> ""intubée"""
14,44,FR100849,[EVENT_N/A_ACTUAL_POS] --(CONTAINS)--> [EVENT_N/A_ACTUAL_POS] | [EVENT_N/A_ACTUAL_POS] --(BEFORE)--> [EVENT_N/A_ACTUAL_POS] | [EVENT_N/A_ACTUAL_POS] --(BEFORE)--> [EVENT_N/A_ACTUAL_POS],"""admission"" --(CONTAINS)--> ""examen"" | ""admission"" --(BEFORE)--> ""tomodensitométrie"" | ""tomodensitométrie"" --(BEFORE)--> ""acheminé"""
14,44,FR100870,[EVENT_N/A_ACTUAL_POS] --(CONTAINS)--> [EVENT_N/A_ACTUAL_POS] | [EVENT_N/A_ACTUAL_POS] --(BEFORE)--> [EVENT_N/A_ACTUAL_POS] | [EVENT_N/A_ACTUAL_POS] --(BEFORE)--> [EVENT_N/A_ACTUAL_POS],"""électrophorèse"" --(CONTAINS)--> ""découverte"" | ""électrophorèse"" --(BEFORE)--> ""immunosoustraction"" | ""immunosoustraction"" --(BEFORE)--> ""typer"""
14,44,FR100874,[EVENT_N/A_ACTUAL_POS] --(CONTAINS)--> [EVENT_N/A_ACTUAL_POS] | [EVENT_N/A_ACTUAL_POS] --(BEFORE)--> [EVENT_N/A_ACTUAL_POS] | [EVENT_N/A_ACTUAL_POS] --(BEFORE)--> [EVENT_N/A_ACTUAL_POS],"""examen"" --(CONTAINS)--> ""constantes"" | ""examen"" --(BEFORE)--> ""hémogramme"" | ""hémogramme"" --(BEFORE)--> ""fibroscopie"""
14,44,FR100903,[EVENT_N/A_ACTUAL_POS] --(CONTAINS)--> [EVENT_N/A_ACTUAL_POS] | [EVENT_N/A_ACTUAL_POS] --(BEFORE)--> [EVENT_N/A_ACTUAL_POS] | [EVENT_N/A_ACTUAL_POS] --(BEFORE)--> [EVENT_N/A_ACTUAL_POS],"""échographie"" --(CONTAINS)--> ""visualisation"" | ""échographie"" --(BEFORE)--> ""IRM"" | ""IRM"" --(BEFORE)--> ""diagnostic"""
14,44,FR100919,[EVENT_N/A_ACTUAL_POS] --(CONTAINS)--> [EVENT_N/A_ACTUAL_POS] | [EVENT_N/A_ACTUAL_POS] --(BEFORE)--> [EVENT_N/A_ACTUAL_POS] | [EVENT_N/A_ACTUAL_POS] --(BEFORE)--> [EVENT_N/A_ACTUAL_POS],"""correction"" --(CONTAINS)--> ""injection"" | ""correction"" --(BEFORE)--> ""adressée"" | ""adressée"" --(BEFORE)--> ""bilan"""
14,44,FR100946,[EVENT_N/A_ACTUAL_POS] --(CONTAINS)--> [EVENT_N/A_ACTUAL_POS] | [EVENT_N/A_ACTUAL_POS] --(BEFORE)--> [EVENT_N/A_ACTUAL_POS] | [EVENT_N/A_ACTUAL_POS] --(BEFORE)--> [EVENT_N/A_ACTUAL_POS],"""IRM"" --(CONTAINS)--> ""prise"" | ""IRM"" --(BEFORE)--> ""analyse"" | ""analyse"" --(BEFORE)--> ""mise"""
14,44,FR100959,[EVENT_N/A_ACTUAL_POS] --(CONTAINS)--> [EVENT_N/A_ACTUAL_POS] | [EVENT_N/A_ACTUAL_POS] --(BEFORE)--> [EVENT_N/A_ACTUAL_POS] | [EVENT_N/A_ACTUAL_POS] --(BEFORE)--> [EVENT_N/A_ACTUAL_POS],"""œsophagoscopie"" --(CONTAINS)--> ""permis"" | ""œsophagoscopie"" --(BEFORE)--> ""Transit"" | ""Transit"" --(BEFORE)--> ""notée"""
132,43,FR100003,[EVENT_N/A_ACTUAL_POS] --(BEFORE)--> [EVENT_N/A_ACTUAL_POS] | [EVENT_N/A_ACTUAL_POS] --(BEFORE)--> [EVENT_N/A_ACTUAL_POS] | [EVENT_N/A_ACTUAL_POS] --(BEFORE)--> [EVENT_N/A_ACTUAL_POS] | [EVENT_N/A_ACTUAL_POS] --(BEFORE)--> [EVENT_N/A_ACTUAL_POS] | [EVENT_N/A_ACTUAL_POS] --(BEFORE)--> [EVENT_N/A_ACTUAL_POS],"""injection"" --(BEFORE)--> ""ponction"" | ""ponction"" --(BEFORE)--> ""examen"" | ""examen"" --(BEFORE)--> ""examen"" | ""examen"" --(BEFORE)--> ""antibiothérapie"" | ""antibiothérapie"" --(BEFORE)--> ""bloc"""
132,43,FR100092,[EVENT_N/A_ACTUAL_POS] --(BEFORE)--> [EVENT_N/A_ACTUAL_POS] | [EVENT_N/A_ACTUAL_POS] --(BEFORE)--> [EVENT_N/A_ACTUAL_POS] | [EVENT_N/A_ACTUAL_POS] --(BEFORE)--> [EVENT_N/A_ACTUAL_POS] | [EVENT_N/A_ACTUAL_POS] --(BEFORE)--> [EVENT_N/A_ACTUAL_POS] | [EVENT_N/A_ACTUAL_POS] --(BEFORE)--> [EVENT_N/A_ACTUAL_POS],"""examen"" --(BEFORE)--> ""examen"" | ""examen"" --(BEFORE)--> ""échographie"" | ""échographie"" --(BEFORE)--> ""tableau"" | ""tableau"" --(BEFORE)--> ""reste"" | ""reste"" --(BEFORE)--> ""minilaparotomie"""
132,43,FR100130,[EVENT_N/A_ACTUAL_POS] --(BEFORE)--> [EVENT_N/A_ACTUAL_POS] | [EVENT_N/A_ACTUAL_POS] --(BEFORE)--> [EVENT_N/A_ACTUAL_POS] | [EVENT_N/A_ACTUAL_POS] --(BEFORE)--> [EVENT_N/A_ACTUAL_POS] | [EVENT_N/A_ACTUAL_POS] --(BEFORE)--> [EVENT_N/A_ACTUAL_POS] | [EVENT_N/A_ACTUAL_POS] --(BEFORE)--> [EVENT_N/A_ACTUAL_POS],"""confirmé"" --(BEFORE)--> ""recherche"" | ""recherche"" --(BEFORE)--> ""séjour"" | ""séjour"" --(BEFORE)--> ""bilan"" | ""bilan"" --(BEFORE)--> ""suspectée"" | ""suspectée"" --(BEFORE)--> ""bilan"""
132,43,FR100142,[EVENT_N/A_ACTUAL_POS] --(BEFORE)--> [EVENT_N/A_ACTUAL_POS] | [EVENT_N/A_ACTUAL_POS] --(BEFORE)--> [EVENT_N/A_ACTUAL_POS] | [EVENT_N/A_ACTUAL_POS] --(BEFORE)--> [EVENT_N/A_ACTUAL_POS] | [EVENT_N/A_ACTUAL_POS] --(BEFORE)--> [EVENT_N/A_ACTUAL_POS] | [EVENT_N/A_ACTUAL_POS] --(BEFORE)--> [EVENT_N/A_ACTUAL_POS],"""électrophorèse"" --(BEFORE)--> ""scanner"" | ""scanner"" --(BEFORE)--> ""fibroscopie"" | ""fibroscopie"" --(BEFORE)--> ""biopsie"" | ""biopsie"" --(BEFORE)--> ""mis"" | ""mis"" --(BEFORE)--> ""évolution"""
132,43,FR100161,[EVENT_N/A_ACTUAL_POS] --(BEFORE)--> [EVENT_N/A_ACTUAL_POS] | [EVENT_N/A_ACTUAL_POS] --(BEFORE)--> [EVENT_N/A_ACTUAL_POS] | [EVENT_N/A_ACTUAL_POS] --(BEFORE)--> [EVENT_N/A_ACTUAL_POS] | [EVENT_N/A_ACTUAL_POS] --(BEFORE)--> [EVENT_N/A_ACTUAL_POS] | [EVENT_N/A_ACTUAL_POS] --(BEFORE)--> [EVENT_N/A_ACTUAL_POS],"""examens"" --(BEFORE)--> ""radiographie"" | ""radiographie"" --(BEFORE)--> ""complément"" | ""complément"" --(BEFORE)--> ""cortisol"" | ""cortisol"" --(BEFORE)--> ""exérèse"" | ""exérèse"" --(BEFORE)--> ""examen"""
132,43,FR100255,[EVENT_N/A_ACTUAL_POS] --(BEFORE)--> [EVENT_N/A_ACTUAL_POS] | [EVENT_N/A_ACTUAL_POS] --(BEFORE)--> [EVENT_N/A_ACTUAL_POS] | [EVENT_N/A_ACTUAL_POS] --(BEFORE)--> [EVENT_N/A_ACTUAL_POS] | [EVENT_N/A_ACTUAL_POS] --(BEFORE)--> [EVENT_N/A_ACTUAL_POS] | [EVENT_N/A_ACTUAL_POS] --(BEFORE)--> [EVENT_N/A_ACTUAL_POS],"""réveillée"" --(BEFORE)--> ""radio"" | ""radio"" --(BEFORE)--> ""TDM"" | ""TDM"" --(BEFORE)--> ""bilan"" | ""bilan"" --(BEFORE)--> ""expulsé"" | ""expulsé"" --(BEFORE)--> ""contrôle"""
132,43,FR100275,[EVENT_N/A_ACTUAL_POS] --(BEFORE)--> [EVENT_N/A_ACTUAL_POS] | [EVENT_N/A_ACTUAL_POS] --(BEFORE)--> [EVENT_N/A_ACTUAL_POS] | [EVENT_N/A_ACTUAL_POS] --(BEFORE)--> [EVENT_N/A_ACTUAL_POS] | [EVENT_N/A_ACTUAL_POS] --(BEFORE)--> [EVENT_N/A_ACTUAL_POS] | [EVENT_N/A_ACTUAL_POS] --(BEFORE)--> [EVENT_N/A_ACTUAL_POS],"""découverte"" --(BEFORE)--> ""arrivée"" | ""arrivée"" --(BEFORE)--> ""établi"" | ""établi"" --(BEFORE)--> ""manœuvres"" | ""manœuvres"" --(BEFORE)--> ""transféré"" | ""transféré"" --(BEFORE)--> ""anamnèse"""
132,43,FR100314,[EVENT_N/A_ACTUAL_POS] --(BEFORE)--> [EVENT_N/A_ACTUAL_POS] | [EVENT_N/A_ACTUAL_POS] --(BEFORE)--> [EVENT_N/A_ACTUAL_POS] | [EVENT_N/A_ACTUAL_POS] --(BEFORE)--> [EVENT_N/A_ACTUAL_POS] | [EVENT_N/A_ACTUAL_POS] --(BEFORE)--> [EVENT_N/A_ACTUAL_POS] | [EVENT_N/A_ACTUAL_POS] --(BEFORE)--> [EVENT_N/A_ACTUAL_POS],"""admise"" --(BEFORE)--> ""bilan"" | ""bilan"" --(BEFORE)--> ""drainage"" | ""drainage"" --(BEFORE)--> ""angio-scanner"" | ""angio-scanner"" --(BEFORE)--> ""amputation"" | ""amputation"" --(BEFORE)--> ""mise"""
132,43,FR100346,[EVENT_N/A_ACTUAL_POS] --(BEFORE)--> [EVENT_N/A_ACTUAL_POS] | [EVENT_N/A_ACTUAL_POS] --(BEFORE)--> [EVENT_N/A_ACTUAL_POS] | [EVENT_N/A_ACTUAL_POS] --(BEFORE)--> [EVENT_N/A_ACTUAL_POS] | [EVENT_N/A_ACTUAL_POS] --(BEFORE)--> [EVENT_N/A_ACTUAL_POS] | [EVENT_N/A_ACTUAL_POS] --(BEFORE)--> [EVENT_N/A_ACTUAL_POS],"""gazométrie"" --(BEFORE)--> ""reste"" | ""reste"" --(BEFORE)--> ""radiographie"" | ""radiographie"" --(BEFORE)--> ""angioscanner"" | ""angioscanner"" --(BEFORE)--> ""echo-dopler"" | ""echo-dopler"" --(BEFORE)--> ""IRM"""
132,43,FR100360,[EVENT_N/A_ACTUAL_POS] --(BEFORE)--> [EVENT_N/A_ACTUAL_POS] | [EVENT_N/A_ACTUAL_POS] --(BEFORE)--> [EVENT_N/A_ACTUAL_POS] | [EVENT_N/A_ACTUAL_POS] --(BEFORE)--> [EVENT_N/A_ACTUAL_POS] | [EVENT_N/A_ACTUAL_POS] --(BEFORE)--> [EVENT_N/A_ACTUAL_POS] | [EVENT_N/A_ACTUAL_POS] --(BEFORE)--> [EVENT_N/A_ACTUAL_POS],"""tomodensitométrie"" --(BEFORE)--> ""complément"" | ""complément"" --(BEFORE)--> ""biopsie"" | ""biopsie"" --(BEFORE)--> ""tomodensitométrie"" | ""tomodensitométrie"" --(BEFORE)--> ""radiothérapie"" | ""radiothérapie"" --(BEFORE)--> ""cures"""
132,43,FR100361,[EVENT_N/A_ACTUAL_POS] --(BEFORE)--> [EVENT_N/A_ACTUAL_POS] | [EVENT_N/A_ACTUAL_POS] --(BEFORE)--> [EVENT_N/A_ACTUAL_POS] | [EVENT_N/A_ACTUAL_POS] --(BEFORE)--> [EVENT_N/A_ACTUAL_POS] | [EVENT_N/A_ACTUAL_POS] --(BEFORE)--> [EVENT_N/A_ACTUAL_POS] | [EVENT_N/A_ACTUAL_POS] --(BEFORE)--> [EVENT_N/A_ACTUAL_POS],"""admise"" --(BEFORE)--> ""examen"" | ""examen"" --(BEFORE)--> ""TDM"" | ""TDM"" --(BEFORE)--> ""ponction"" | ""ponction"" --(BEFORE)--> ""examen"" | ""examen"" --(BEFORE)--> ""examen"""
132,43,FR100371,[EVENT_N/A_ACTUAL_POS] --(BEFORE)--> [EVENT_N/A_ACTUAL_POS] | [EVENT_N/A_ACTUAL_POS] --(BEFORE)--> [EVENT_N/A_ACTUAL_POS] | [EVENT_N/A_ACTUAL_POS] --(BEFORE)--> [EVENT_N/A_ACTUAL_POS] | [EVENT_N/A_ACTUAL_POS] --(BEFORE)--> [EVENT_N/A_ACTUAL_POS] | [EVENT_N/A_ACTUAL_POS] --(BEFORE)--> [EVENT_N/A_ACTUAL_POS],"""adressée"" --(BEFORE)--> ""admission"" | ""admission"" --(BEFORE)--> ""examen"" | ""examen"" --(BEFORE)--> ""examen"" | ""examen"" --(BEFORE)--> ""bilan"" | ""bilan"" --(BEFORE)--> ""bilan"""
132,43,FR100400,[EVENT_N/A_ACTUAL_POS] --(BEFORE)--> [EVENT_N/A_ACTUAL_POS] | [EVENT_N/A_ACTUAL_POS] --(BEFORE)--> [EVENT_N/A_ACTUAL_POS] | [EVENT_N/A_ACTUAL_POS] --(BEFORE)--> [EVENT_N/A_ACTUAL_POS] | [EVENT_N/A_ACTUAL_POS] --(BEFORE)--> [EVENT_N/A_ACTUAL_POS] | [EVENT_N/A_ACTUAL_POS] --(BEFORE)--> [EVENT_N/A_ACTUAL_POS],"""histoire"" --(BEFORE)--> ""examen"" | ""examen"" --(BEFORE)--> ""bilan"" | ""bilan"" --(BEFORE)--> ""Radiographie"" | ""Radiographie"" --(BEFORE)--> ""échographie"" | ""échographie"" --(BEFORE)--> ""scanner"""
132,43,FR100439,[EVENT_N/A_ACTUAL_POS] --(BEFORE)--> [EVENT_N/A_ACTUAL_POS] | [EVENT_N/A_ACTUAL_POS] --(BEFORE)--> [EVENT_N/A_ACTUAL_POS] | [EVENT_N/A_ACTUAL_POS] --(BEFORE)--> [EVENT_N/A_ACTUAL_POS] | [EVENT_N/A_ACTUAL_POS] --(BEFORE)--> [EVENT_N/A_ACTUAL_POS] | [EVENT_N/A_ACTUAL_POS] --(BEFORE)--> [EVENT_N/A_ACTUAL_POS],"""prélèvements"" --(BEFORE)--> ""IRM"" | ""IRM"" --(BEFORE)--> ""scanner"" | ""scanner"" --(BEFORE)--> ""endoscopie"" | ""endoscopie"" --(BEFORE)--> ""biopsies"" | ""biopsies"" --(BEFORE)--> ""analyse"""
132,43,FR100448,[EVENT_N/A_ACTUAL_POS] --(BEFORE)--> [EVENT_N/A_ACTUAL_POS] | [EVENT_N/A_ACTUAL_POS] --(BEFORE)--> [EVENT_N/A_ACTUAL_POS] | [EVENT_N/A_ACTUAL_POS] --(BEFORE)--> [EVENT_N/A_ACTUAL_POS] | [EVENT_N/A_ACTUAL_POS] --(BEFORE)--> [EVENT_N/A_ACTUAL_POS] | [EVENT_N/A_ACTUAL_POS] --(BEFORE)--> [EVENT_N/A_ACTUAL_POS],"""échotomographie"" --(BEFORE)--> ""hémi thyroïdectomie"" | ""hémi thyroïdectomie"" --(BEFORE)--> ""examen"" | ""examen"" --(BEFORE)--> ""histochimie"" | ""histochimie"" --(BEFORE)--> ""scanner"" | ""scanner"" --(BEFORE)--> ""tomographie"""
132,43,FR100480,[EVENT_N/A_ACTUAL_POS] --(BEFORE)--> [EVENT_N/A_ACTUAL_POS] | [EVENT_N/A_ACTUAL_POS] --(BEFORE)--> [EVENT_N/A_ACTUAL_POS] | [EVENT_N/A_ACTUAL_POS] --(BEFORE)--> [EVENT_N/A_ACTUAL_POS] | [EVENT_N/A_ACTUAL_POS] --(BEFORE)--> [EVENT_N/A_ACTUAL_POS] | [EVENT_N/A_ACTUAL_POS] --(BEFORE)--> [EVENT_N/A_ACTUAL_POS],"""installation"" --(BEFORE)--> ""bilan"" | ""bilan"" --(BEFORE)--> ""analyse"" | ""analyse"" --(BEFORE)--> ""amputation"" | ""amputation"" --(BEFORE)--> ""examen"" | ""examen"" --(BEFORE)--> ""bilan"""
132,43,FR100517,[EVENT_N/A_ACTUAL_POS] --(BEFORE)--> [EVENT_N/A_ACTUAL_POS] | [EVENT_N/A_ACTUAL_POS] --(BEFORE)--> [EVENT_N/A_ACTUAL_POS] | [EVENT_N/A_ACTUAL_POS] --(BEFORE)--> [EVENT_N/A_ACTUAL_POS] | [EVENT_N/A_ACTUAL_POS] --(BEFORE)--> [EVENT_N/A_ACTUAL_POS] | [EVENT_N/A_ACTUAL_POS] --(BEFORE)--> [EVENT_N/A_ACTUAL_POS],"""adressée"" --(BEFORE)--> ""examen"" | ""examen"" --(BEFORE)--> ""bilan"" | ""bilan"" --(BEFORE)--> ""électromyogramme"" | ""électromyogramme"" --(BEFORE)--> ""bilan"" | ""bilan"" --(BEFORE)--> ""explorations"""
132,43,FR100519,[EVENT_N/A_ACTUAL_POS] --(BEFORE)--> [EVENT_N/A_ACTUAL_POS] | [EVENT_N/A_ACTUAL_POS] --(BEFORE)--> [EVENT_N/A_ACTUAL_POS] | [EVENT_N/A_ACTUAL_POS] --(BEFORE)--> [EVENT_N/A_ACTUAL_POS] | [EVENT_N/A_ACTUAL_POS] --(BEFORE)--> [EVENT_N/A_ACTUAL_POS] | [EVENT_N/A_ACTUAL_POS] --(BEFORE)--> [EVENT_N/A_ACTUAL_POS],"""hospitalisée"" --(BEFORE)--> ""entrée"" | ""entrée"" --(BEFORE)--> ""bilan"" | ""bilan"" --(BEFORE)--> ""angioscanner"" | ""angioscanner"" --(BEFORE)--> ""échodoppler"" | ""échodoppler"" --(BEFORE)--> ""retenue"""
132,43,FR100589,[EVENT_N/A_ACTUAL_POS] --(BEFORE)--> [EVENT_N/A_ACTUAL_POS] | [EVENT_N/A_ACTUAL_POS] --(BEFORE)--> [EVENT_N/A_ACTUAL_POS] | [EVENT_N/A_ACTUAL_POS] --(BEFORE)--> [EVENT_N/A_ACTUAL_POS] | [EVENT_N/A_ACTUAL_POS] --(BEFORE)--> [EVENT_N/A_ACTUAL_POS] | [EVENT_N/A_ACTUAL_POS] --(BEFORE)--> [EVENT_N/A_ACTUAL_POS],"""lavage"" --(BEFORE)--> ""biopsies"" | ""biopsies"" --(BEFORE)--> ""exploration"" | ""exploration"" --(BEFORE)--> ""hémogramme"" | ""hémogramme"" --(BEFORE)--> ""Cytométrie"" | ""Cytométrie"" --(BEFORE)--> ""biopsie"""
132,43,FR100597,[EVENT_N/A_ACTUAL_POS] --(BEFORE)--> [EVENT_N/A_ACTUAL_POS] | [EVENT_N/A_ACTUAL_POS] --(BEFORE)--> [EVENT_N/A_ACTUAL_POS] | [EVENT_N/A_ACTUAL_POS] --(BEFORE)--> [EVENT_N/A_ACTUAL_POS] | [EVENT_N/A_ACTUAL_POS] --(BEFORE)--> [EVENT_N/A_ACTUAL_POS] | [EVENT_N/A_ACTUAL_POS] --(BEFORE)--> [EVENT_N/A_ACTUAL_POS],"""marqueurs"" --(BEFORE)--> ""décidée"" | ""décidée"" --(BEFORE)--> ""laparotomie"" | ""laparotomie"" --(BEFORE)--> ""hystérectomie"" | ""hystérectomie"" --(BEFORE)--> ""suites"" | ""suites"" --(BEFORE)--> ""décédée"""
132,43,FR100611,[EVENT_N/A_ACTUAL_POS] --(BEFORE)--> [EVENT_N/A_ACTUAL_POS] | [EVENT_N/A_ACTUAL_POS] --(BEFORE)--> [EVENT_N/A_ACTUAL_POS] | [EVENT_N/A_ACTUAL_POS] --(BEFORE)--> [EVENT_N/A_ACTUAL_POS] | [EVENT_N/A_ACTUAL_POS] --(BEFORE)--> [EVENT_N/A_ACTUAL_POS] | [EVENT_N/A_ACTUAL_POS] --(BEFORE)--> [EVENT_N/A_ACTUAL_POS],"""examen"" --(BEFORE)--> ""PCR"" | ""PCR"" --(BEFORE)--> ""TDM"" | ""TDM"" --(BEFORE)--> ""biopsie"" | ""biopsie"" --(BEFORE)--> ""recherche"" | ""recherche"" --(BEFORE)--> ""sérologie"""
132,43,FR100614,[EVENT_N/A_ACTUAL_POS] --(BEFORE)--> [EVENT_N/A_ACTUAL_POS] | [EVENT_N/A_ACTUAL_POS] --(BEFORE)--> [EVENT_N/A_ACTUAL_POS] | [EVENT_N/A_ACTUAL_POS] --(BEFORE)--> [EVENT_N/A_ACTUAL_POS] | [EVENT_N/A_ACTUAL_POS] --(BEFORE)--> [EVENT_N/A_ACTUAL_POS] | [EVENT_N/A_ACTUAL_POS] --(BEFORE)--> [EVENT_N/A_ACTUAL_POS],"""échographique"" --(BEFORE)--> ""tomodensitométrie"" | ""tomodensitométrie"" --(BEFORE)--> ""radiographie"" | ""radiographie"" --(BEFORE)--> ""taux"" | ""taux"" --(BEFORE)--> ""exploration"" | ""exploration"" --(BEFORE)--> ""rupture"""
132,43,FR100620,[EVENT_N/A_ACTUAL_POS] --(BEFORE)--> [EVENT_N/A_ACTUAL_POS] | [EVENT_N/A_ACTUAL_POS] --(BEFORE)--> [EVENT_N/A_ACTUAL_POS] | [EVENT_N/A_ACTUAL_POS] --(BEFORE)--> [EVENT_N/A_ACTUAL_POS] | [EVENT_N/A_ACTUAL_POS] --(BEFORE)--> [EVENT_N/A_ACTUAL_POS] | [EVENT_N/A_ACTUAL_POS] --(BEFORE)--> [EVENT_N/A_ACTUAL_POS],"""radiographie"" --(BEFORE)--> ""demandé"" | ""demandé"" --(BEFORE)--> ""aspect"" | ""aspect"" --(BEFORE)--> ""bronchoscopie"" | ""bronchoscopie"" --(BEFORE)--> ""bilan"" | ""bilan"" --(BEFORE)--> ""bilan"""
132,43,FR100623,[EVENT_N/A_ACTUAL_POS] --(BEFORE)--> [EVENT_N/A_ACTUAL_POS] | [EVENT_N/A_ACTUAL_POS] --(BEFORE)--> [EVENT_N/A_ACTUAL_POS] | [EVENT_N/A_ACTUAL_POS] --(BEFORE)--> [EVENT_N/A_ACTUAL_POS] | [EVENT_N/A_ACTUAL_POS] --(BEFORE)--> [EVENT_N/A_ACTUAL_POS] | [EVENT_N/A_ACTUAL_POS] --(BEFORE)--> [EVENT_N/A_ACTUAL_POS],"""consulté"" --(BEFORE)--> ""examen"" | ""examen"" --(BEFORE)--> ""échographie"" | ""échographie"" --(BEFORE)--> ""tomodensitométrie"" | ""tomodensitométrie"" --(BEFORE)--> ""retenu"" | ""retenu"" --(BEFORE)--> ""prise"""
132,43,FR100629,[EVENT_N/A_ACTUAL_POS] --(BEFORE)--> [EVENT_N/A_ACTUAL_POS] | [EVENT_N/A_ACTUAL_POS] --(BEFORE)--> [EVENT_N/A_ACTUAL_POS] | [EVENT_N/A_ACTUAL_POS] --(BEFORE)--> [EVENT_N/A_ACTUAL_POS] | [EVENT_N/A_ACTUAL_POS] --(BEFORE)--> [EVENT_N/A_ACTUAL_POS] | [EVENT_N/A_ACTUAL_POS] --(BEFORE)--> [EVENT_N/A_ACTUAL_POS],"""examen"" --(BEFORE)--> ""radiographie"" | ""radiographie"" --(BEFORE)--> ""thoracoscopie"" | ""thoracoscopie"" --(BEFORE)--> ""marquage"" | ""marquage"" --(BEFORE)--> ""bilan"" | ""bilan"" --(BEFORE)--> ""décision"""
132,43,FR100632,[EVENT_N/A_ACTUAL_POS] --(BEFORE)--> [EVENT_N/A_ACTUAL_POS] | [EVENT_N/A_ACTUAL_POS] --(BEFORE)--> [EVENT_N/A_ACTUAL_POS] | [EVENT_N/A_ACTUAL_POS] --(BEFORE)--> [EVENT_N/A_ACTUAL_POS] | [EVENT_N/A_ACTUAL_POS] --(BEFORE)--> [EVENT_N/A_ACTUAL_POS] | [EVENT_N/A_ACTUAL_POS] --(BEFORE)--> [EVENT_N/A_ACTUAL_POS],"""IRM"" --(BEFORE)--> ""étude"" | ""étude"" --(BEFORE)--> ""numération"" | ""numération"" --(BEFORE)--> ""bilan"" | ""bilan"" --(BEFORE)--> ""enquête"" | ""enquête"" --(BEFORE)--> ""étude"""
132,43,FR100663,[EVENT_N/A_ACTUAL_POS] --(BEFORE)--> [EVENT_N/A_ACTUAL_POS] | [EVENT_N/A_ACTUAL_POS] --(BEFORE)--> [EVENT_N/A_ACTUAL_POS] | [EVENT_N/A_ACTUAL_POS] --(BEFORE)--> [EVENT_N/A_ACTUAL_POS] | [EVENT_N/A_ACTUAL_POS] --(BEFORE)--> [EVENT_N/A_ACTUAL_POS] | [EVENT_N/A_ACTUAL_POS] --(BEFORE)--> [EVENT_N/A_ACTUAL_POS],"""ligature"" --(BEFORE)--> ""incisée"" | ""incisée"" --(BEFORE)--> ""vérifié"" | ""vérifié"" --(BEFORE)--> ""reprise"" | ""reprise"" --(BEFORE)--> ""fermé"" | ""fermé"" --(BEFORE)--> ""sortie"""
132,43,FR100666,[EVENT_N/A_ACTUAL_POS] --(BEFORE)--> [EVENT_N/A_ACTUAL_POS] | [EVENT_N/A_ACTUAL_POS] --(BEFORE)--> [EVENT_N/A_ACTUAL_POS] | [EVENT_N/A_ACTUAL_POS] --(BEFORE)--> [EVENT_N/A_ACTUAL_POS] | [EVENT_N/A_ACTUAL_POS] --(BEFORE)--> [EVENT_N/A_ACTUAL_POS] | [EVENT_N/A_ACTUAL_POS] --(BEFORE)--> [EVENT_N/A_ACTUAL_POS],"""étude"" --(BEFORE)--> ""adressé"" | ""adressé"" --(BEFORE)--> ""bilan"" | ""bilan"" --(BEFORE)--> ""myologramme"" | ""myologramme"" --(BEFORE)--> ""bilan"" | ""bilan"" --(BEFORE)--> ""classé"""
132,43,FR100683,[EVENT_N/A_ACTUAL_POS] --(BEFORE)--> [EVENT_N/A_ACTUAL_POS] | [EVENT_N/A_ACTUAL_POS] --(BEFORE)--> [EVENT_N/A_ACTUAL_POS] | [EVENT_N/A_ACTUAL_POS] --(BEFORE)--> [EVENT_N/A_ACTUAL_POS] | [EVENT_N/A_ACTUAL_POS] --(BEFORE)--> [EVENT_N/A_ACTUAL_POS] | [EVENT_N/A_ACTUAL_POS] --(BEFORE)--> [EVENT_N/A_ACTUAL_POS],"""exploration"" --(BEFORE)--> ""exploration"" | ""exploration"" --(BEFORE)--> ""IRM"" | ""IRM"" --(BEFORE)--> ""écho-mammographie"" | ""écho-mammographie"" --(BEFORE)--> ""osteodensitométrie"" | ""osteodensitométrie"" --(BEFORE)--> ""traitée"""
132,43,FR100688,[EVENT_N/A_ACTUAL_POS] --(BEFORE)--> [EVENT_N/A_ACTUAL_POS] | [EVENT_N/A_ACTUAL_POS] --(BEFORE)--> [EVENT_N/A_ACTUAL_POS] | [EVENT_N/A_ACTUAL_POS] --(BEFORE)--> [EVENT_N/A_ACTUAL_POS] | [EVENT_N/A_ACTUAL_POS] --(BEFORE)--> [EVENT_N/A_ACTUAL_POS] | [EVENT_N/A_ACTUAL_POS] --(BEFORE)--> [EVENT_N/A_ACTUAL_POS],"""échographie"" --(BEFORE)--> ""radiographie"" | ""radiographie"" --(BEFORE)--> ""incision"" | ""incision"" --(BEFORE)--> ""analyse"" | ""analyse"" --(BEFORE)--> ""traitement"" | ""traitement"" --(BEFORE)--> ""évolution"""
132,43,FR100689,[EVENT_N/A_ACTUAL_POS] --(BEFORE)--> [EVENT_N/A_ACTUAL_POS] | [EVENT_N/A_ACTUAL_POS] --(BEFORE)--> [EVENT_N/A_ACTUAL_POS] | [EVENT_N/A_ACTUAL_POS] --(BEFORE)--> [EVENT_N/A_ACTUAL_POS] | [EVENT_N/A_ACTUAL_POS] --(BEFORE)--> [EVENT_N/A_ACTUAL_POS] | [EVENT_N/A_ACTUAL_POS] --(BEFORE)--> [EVENT_N/A_ACTUAL_POS],"""scanner"" --(BEFORE)--> ""IRM"" | ""IRM"" --(BEFORE)--> ""étude"" | ""étude"" --(BEFORE)--> ""examen"" | ""examen"" --(BEFORE)--> ""PCR"" | ""PCR"" --(BEFORE)--> ""scanner"""
132,43,FR100697,[EVENT_N/A_ACTUAL_POS] --(BEFORE)--> [EVENT_N/A_ACTUAL_POS] | [EVENT_N/A_ACTUAL_POS] --(BEFORE)--> [EVENT_N/A_ACTUAL_POS] | [EVENT_N/A_ACTUAL_POS] --(BEFORE)--> [EVENT_N/A_ACTUAL_POS] | [EVENT_N/A_ACTUAL_POS] --(BEFORE)--> [EVENT_N/A_ACTUAL_POS] | [EVENT_N/A_ACTUAL_POS] --(BEFORE)--> [EVENT_N/A_ACTUAL_POS],"""palpation"" --(BEFORE)--> ""examen"" | ""examen"" --(BEFORE)--> ""mammographie"" | ""mammographie"" --(BEFORE)--> ""échographie"" | ""échographie"" --(BEFORE)--> ""examen"" | ""examen"" --(BEFORE)--> ""immunomarquage"""
132,43,FR100717,[EVENT_N/A_ACTUAL_POS] --(BEFORE)--> [EVENT_N/A_ACTUAL_POS] | [EVENT_N/A_ACTUAL_POS] --(BEFORE)--> [EVENT_N/A_ACTUAL_POS] | [EVENT_N/A_ACTUAL_POS] --(BEFORE)--> [EVENT_N/A_ACTUAL_POS] | [EVENT_N/A_ACTUAL_POS] --(BEFORE)--> [EVENT_N/A_ACTUAL_POS] | [EVENT_N/A_ACTUAL_POS] --(BEFORE)--> [EVENT_N/A_ACTUAL_POS],"""traitement"" --(BEFORE)--> ""examen"" | ""examen"" --(BEFORE)--> ""examens"" | ""examens"" --(BEFORE)--> ""scanner"" | ""scanner"" --(BEFORE)--> ""IRM"" | ""IRM"" --(BEFORE)--> ""laminectomie"""
132,43,FR100806,[EVENT_N/A_ACTUAL_POS] --(BEFORE)--> [EVENT_N/A_ACTUAL_POS] | [EVENT_N/A_ACTUAL_POS] --(BEFORE)--> [EVENT_N/A_ACTUAL_POS] | [EVENT_N/A_ACTUAL_POS] --(BEFORE)--> [EVENT_N/A_ACTUAL_POS] | [EVENT_N/A_ACTUAL_POS] --(BEFORE)--> [EVENT_N/A_ACTUAL_POS] | [EVENT_N/A_ACTUAL_POS] --(BEFORE)--> [EVENT_N/A_ACTUAL_POS],"""prise"" --(BEFORE)--> ""référée"" | ""référée"" --(BEFORE)--> ""examen"" | ""examen"" --(BEFORE)--> ""biologie"" | ""biologie"" --(BEFORE)--> ""hospitalisée"" | ""hospitalisée"" --(BEFORE)--> ""hémodialyse"""
132,43,FR100826,[EVENT_N/A_ACTUAL_POS] --(BEFORE)--> [EVENT_N/A_ACTUAL_POS] | [EVENT_N/A_ACTUAL_POS] --(BEFORE)--> [EVENT_N/A_ACTUAL_POS] | [EVENT_N/A_ACTUAL_POS] --(BEFORE)--> [EVENT_N/A_ACTUAL_POS] | [EVENT_N/A_ACTUAL_POS] --(BEFORE)--> [EVENT_N/A_ACTUAL_POS] | [EVENT_N/A_ACTUAL_POS] --(BEFORE)--> [EVENT_N/A_ACTUAL_POS],"""examen"" --(BEFORE)--> ""bilan"" | ""bilan"" --(BEFORE)--> ""bilan"" | ""bilan"" --(BEFORE)--> ""retenue"" | ""retenue"" --(BEFORE)--> ""exploration"" | ""exploration"" --(BEFORE)--> ""suites"""
132,43,FR100845,[EVENT_N/A_ACTUAL_POS] --(BEFORE)--> [EVENT_N/A_ACTUAL_POS] | [EVENT_N/A_ACTUAL_POS] --(BEFORE)--> [EVENT_N/A_ACTUAL_POS] | [EVENT_N/A_ACTUAL_POS] --(BEFORE)--> [EVENT_N/A_ACTUAL_POS] | [EVENT_N/A_ACTUAL_POS] --(BEFORE)--> [EVENT_N/A_ACTUAL_POS] | [EVENT_N/A_ACTUAL_POS] --(BEFORE)--> [EVENT_N/A_ACTUAL_POS],"""Consulte"" --(BEFORE)--> ""examen"" | ""examen"" --(BEFORE)--> ""examen"" | ""examen"" --(BEFORE)--> ""échographie"" | ""échographie"" --(BEFORE)--> ""radiographie"" | ""radiographie"" --(BEFORE)--> ""décision"""
132,43,FR100870,[EVENT_N/A_ACTUAL_POS] --(BEFORE)--> [EVENT_N/A_ACTUAL_POS] | [EVENT_N/A_ACTUAL_POS] --(BEFORE)--> [EVENT_N/A_ACTUAL_POS] | [EVENT_N/A_ACTUAL_POS] --(BEFORE)--> [EVENT_N/A_ACTUAL_POS] | [EVENT_N/A_ACTUAL_POS] --(BEFORE)--> [EVENT_N/A_ACTUAL_POS] | [EVENT_N/A_ACTUAL_POS] --(BEFORE)--> [EVENT_N/A_ACTUAL_POS],"""retenu"" --(BEFORE)--> ""radiothérapie"" | ""radiothérapie"" --(BEFORE)--> ""admis"" | ""admis"" --(BEFORE)--> ""imagerie"" | ""imagerie"" --(BEFORE)--> ""hémogramme"" | ""hémogramme"" --(BEFORE)--> ""bilan"""
132,43,FR100874,[EVENT_N/A_ACTUAL_POS] --(BEFORE)--> [EVENT_N/A_ACTUAL_POS] | [EVENT_N/A_ACTUAL_POS] --(BEFORE)--> [EVENT_N/A_ACTUAL_POS] | [EVENT_N/A_ACTUAL_POS] --(BEFORE)--> [EVENT_N/A_ACTUAL_POS] | [EVENT_N/A_ACTUAL_POS] --(BEFORE)--> [EVENT_N/A_ACTUAL_POS] | [EVENT_N/A_ACTUAL_POS] --(BEFORE)--> [EVENT_N/A_ACTUAL_POS],"""hémogramme"" --(BEFORE)--> ""fibroscopie"" | ""fibroscopie"" --(BEFORE)--> ""transit"" | ""transit"" --(BEFORE)--> ""tomodensitométrie"" | ""tomodensitométrie"" --(BEFORE)--> ""retenu"" | ""retenu"" --(BEFORE)--> ""mise"""
132,43,FR100882,[EVENT_N/A_ACTUAL_POS] --(BEFORE)--> [EVENT_N/A_ACTUAL_POS] | [EVENT_N/A_ACTUAL_POS] --(BEFORE)--> [EVENT_N/A_ACTUAL_POS] | [EVENT_N/A_ACTUAL_POS] --(BEFORE)--> [EVENT_N/A_ACTUAL_POS] | [EVENT_N/A_ACTUAL_POS] --(BEFORE)--> [EVENT_N/A_ACTUAL_POS] | [EVENT_N/A_ACTUAL_POS] --(BEFORE)--> [EVENT_N/A_ACTUAL_POS],"""IRM"" --(BEFORE)--> ""scanner"" | ""scanner"" --(BEFORE)--> ""laminectomie"" | ""laminectomie"" --(BEFORE)--> ""Imagerie"" | ""Imagerie"" --(BEFORE)--> ""bilan"" | ""bilan"" --(BEFORE)--> ""sérologies"""
132,43,FR100903,[EVENT_N/A_ACTUAL_POS] --(BEFORE)--> [EVENT_N/A_ACTUAL_POS] | [EVENT_N/A_ACTUAL_POS] --(BEFORE)--> [EVENT_N/A_ACTUAL_POS] | [EVENT_N/A_ACTUAL_POS] --(BEFORE)--> [EVENT_N/A_ACTUAL_POS] | [EVENT_N/A_ACTUAL_POS] --(BEFORE)--> [EVENT_N/A_ACTUAL_POS] | [EVENT_N/A_ACTUAL_POS] --(BEFORE)--> [EVENT_N/A_ACTUAL_POS],"""échographie"" --(BEFORE)--> ""IRM"" | ""IRM"" --(BEFORE)--> ""diagnostic"" | ""diagnostic"" --(BEFORE)--> ""écarté"" | ""écarté"" --(BEFORE)--> ""contrôles"" | ""contrôles"" --(BEFORE)--> ""accouchement"""
132,43,FR100946,[EVENT_N/A_ACTUAL_POS] --(BEFORE)--> [EVENT_N/A_ACTUAL_POS] | [EVENT_N/A_ACTUAL_POS] --(BEFORE)--> [EVENT_N/A_ACTUAL_POS] | [EVENT_N/A_ACTUAL_POS] --(BEFORE)--> [EVENT_N/A_ACTUAL_POS] | [EVENT_N/A_ACTUAL_POS] --(BEFORE)--> [EVENT_N/A_ACTUAL_POS] | [EVENT_N/A_ACTUAL_POS] --(BEFORE)--> [EVENT_N/A_ACTUAL_POS],"""IRM"" --(BEFORE)--> ""analyse"" | ""analyse"" --(BEFORE)--> ""mise"" | ""mise"" --(BEFORE)--> ""analyse"" | ""analyse"" --(BEFORE)--> ""mise"" | ""mise"" --(BEFORE)--> ""récupération"""
132,43,FR100996,[EVENT_N/A_ACTUAL_POS] --(BEFORE)--> [EVENT_N/A_ACTUAL_POS] | [EVENT_N/A_ACTUAL_POS] --(BEFORE)--> [EVENT_N/A_ACTUAL_POS] | [EVENT_N/A_ACTUAL_POS] --(BEFORE)--> [EVENT_N/A_ACTUAL_POS] | [EVENT_N/A_ACTUAL_POS] --(BEFORE)--> [EVENT_N/A_ACTUAL_POS] | [EVENT_N/A_ACTUAL_POS] --(BEFORE)--> [EVENT_N/A_ACTUAL_POS],"""consulté"" --(BEFORE)--> ""examen"" | ""examen"" --(BEFORE)--> ""tomodensitométrie"" | ""tomodensitométrie"" --(BEFORE)--> ""injection"" | ""injection"" --(BEFORE)--> ""retenu"" | ""retenu"" --(BEFORE)--> ""chirurgical"""
180,43,FR100120,[EVENT_N/A_ACTUAL_POS] --(BEFORE)--> [EVENT_N/A_ACTUAL_POS] | [EVENT_N/A_ACTUAL_POS] --(BEFORE)--> [EVENT_N/A_ACTUAL_POS] | [EVENT_N/A_ACTUAL_POS] --(BEFORE)--> [EVENT_N/A_ACTUAL_POS],"""traitement"" --(BEFORE)--> ""retirées"" | ""traitement"" --(BEFORE)--> ""sailli"" | ""retirées"" --(BEFORE)--> ""conclure"""
180,43,FR100130,[EVENT_N/A_ACTUAL_POS] --(BEFORE)--> [EVENT_N/A_ACTUAL_POS] | [EVENT_N/A_ACTUAL_POS] --(BEFORE)--> [EVENT_N/A_ACTUAL_POS] | [EVENT_N/A_ACTUAL_POS] --(BEFORE)--> [EVENT_N/A_ACTUAL_POS],"""glycémie"" --(BEFORE)--> ""confirmé"" | ""glycémie"" --(BEFORE)--> ""bilan"" | ""confirmé"" --(BEFORE)--> ""recherche"""
180,43,FR100142,[EVENT_N/A_ACTUAL_POS] --(BEFORE)--> [EVENT_N/A_ACTUAL_POS] | [EVENT_N/A_ACTUAL_POS] --(BEFORE)--> [EVENT_N/A_ACTUAL_POS] | [EVENT_N/A_ACTUAL_POS] --(BEFORE)--> [EVENT_N/A_ACTUAL_POS],"""fibroscopie"" --(BEFORE)--> ""biopsie"" | ""fibroscopie"" --(BEFORE)--> ""colonoscopie"" | ""biopsie"" --(BEFORE)--> ""mis"""
180,43,FR100161,[EVENT_N/A_ACTUAL_POS] --(BEFORE)--> [EVENT_N/A_ACTUAL_POS] | [EVENT_N/A_ACTUAL_POS] --(BEFORE)--> [EVENT_N/A_ACTUAL_POS] | [EVENT_N/A_ACTUAL_POS] --(BEFORE)--> [EVENT_N/A_ACTUAL_POS],"""cortisol"" --(BEFORE)--> ""exérèse"" | ""cortisol"" --(BEFORE)--> ""cortisol"" | ""exérèse"" --(BEFORE)--> ""examen"""
180,43,FR100168,[EVENT_N/A_ACTUAL_POS] --(BEFORE)--> [EVENT_N/A_ACTUAL_POS] | [EVENT_N/A_ACTUAL_POS] --(BEFORE)--> [EVENT_N/A_ACTUAL_POS] | [EVENT_N/A_ACTUAL_POS] --(BEFORE)--> [EVENT_N/A_ACTUAL_POS],"""examen"" --(BEFORE)--> ""bilan"" | ""examen"" --(BEFORE)--> ""ostéosynthèse"" | ""bilan"" --(BEFORE)--> ""dissection"""
180,43,FR100255,[EVENT_N/A_ACTUAL_POS] --(BEFORE)--> [EVENT_N/A_ACTUAL_POS] | [EVENT_N/A_ACTUAL_POS] --(BEFORE)--> [EVENT_N/A_ACTUAL_POS] | [EVENT_N/A_ACTUAL_POS] --(BEFORE)--> [EVENT_N/A_ACTUAL_POS],"""mise"" --(BEFORE)--> ""réveillée"" | ""mise"" --(BEFORE)--> ""traitement"" | ""réveillée"" --(BEFORE)--> ""radio"""
180,43,FR100276,[EVENT_N/A_ACTUAL_POS] --(BEFORE)--> [EVENT_N/A_ACTUAL_POS] | [EVENT_N/A_ACTUAL_POS] --(BEFORE)--> [EVENT_N/A_ACTUAL_POS] | [EVENT_N/A_ACTUAL_POS] --(BEFORE)--> [EVENT_N/A_ACTUAL_POS],"""accouchement"" --(BEFORE)--> ""reste"" | ""accouchement"" --(BEFORE)--> ""poids"" | ""reste"" --(BEFORE)--> ""bilan"""
180,43,FR100283,[EVENT_N/A_ACTUAL_POS] --(BEFORE)--> [EVENT_N/A_ACTUAL_POS] | [EVENT_N/A_ACTUAL_POS] --(BEFORE)--> [EVENT_N/A_ACTUAL_POS] | [EVENT_N/A_ACTUAL_POS] --(BEFORE)--> [EVENT_N/A_ACTUAL_POS],"""bilan"" --(BEFORE)--> ""IRM"" | ""bilan"" --(BEFORE)--> ""ponction"" | ""IRM"" --(BEFORE)--> ""hypophysiogramme"""
180,43,FR100344,[EVENT_N/A_ACTUAL_POS] --(BEFORE)--> [EVENT_N/A_ACTUAL_POS] | [EVENT_N/A_ACTUAL_POS] --(BEFORE)--> [EVENT_N/A_ACTUAL_POS] | [EVENT_N/A_ACTUAL_POS] --(BEFORE)--> [EVENT_N/A_ACTUAL_POS],"""développé"" --(BEFORE)--> ""contrôle"" | ""développé"" --(BEFORE)--> ""suivie"" | ""contrôle"" --(BEFORE)--> ""tombée"""
180,43,FR100360,[EVENT_N/A_ACTUAL_POS] --(BEFORE)--> [EVENT_N/A_ACTUAL_POS] | [EVENT_N/A_ACTUAL_POS] --(BEFORE)--> [EVENT_N/A_ACTUAL_POS] | [EVENT_N/A_ACTUAL_POS] --(BEFORE)--> [EVENT_N/A_ACTUAL_POS],"""curage"" --(BEFORE)--> ""radiothérapie"" | ""curage"" --(BEFORE)--> ""classée"" | ""radiothérapie"" --(BEFORE)--> ""curiethérapie"""
180,43,FR100371,[EVENT_N/A_ACTUAL_POS] --(BEFORE)--> [EVENT_N/A_ACTUAL_POS] | [EVENT_N/A_ACTUAL_POS] --(BEFORE)--> [EVENT_N/A_ACTUAL_POS] | [EVENT_N/A_ACTUAL_POS] --(BEFORE)--> [EVENT_N/A_ACTUAL_POS],"""incision"" --(BEFORE)--> ""envoyée"" | ""incision"" --(BEFORE)--> ""suite"" | ""envoyée"" --(BEFORE)--> ""examen"""
180,43,FR100400,[EVENT_N/A_ACTUAL_POS] --(BEFORE)--> [EVENT_N/A_ACTUAL_POS] | [EVENT_N/A_ACTUAL_POS] --(BEFORE)--> [EVENT_N/A_ACTUAL_POS] | [EVENT_N/A_ACTUAL_POS] --(BEFORE)--> [EVENT_N/A_ACTUAL_POS],"""histoire"" --(BEFORE)--> ""examen"" | ""histoire"" --(BEFORE)--> ""admise"" | ""examen"" --(BEFORE)--> ""bilan"""
180,43,FR100439,[EVENT_N/A_ACTUAL_POS] --(BEFORE)--> [EVENT_N/A_ACTUAL_POS] | [EVENT_N/A_ACTUAL_POS] --(BEFORE)--> [EVENT_N/A_ACTUAL_POS] | [EVENT_N/A_ACTUAL_POS] --(BEFORE)--> [EVENT_N/A_ACTUAL_POS],"""prélèvements"" --(BEFORE)--> ""IRM"" | ""prélèvements"" --(BEFORE)--> ""IDR"" | ""IRM"" --(BEFORE)--> ""scanner"""
180,43,FR100480,[EVENT_N/A_ACTUAL_POS] --(BEFORE)--> [EVENT_N/A_ACTUAL_POS] | [EVENT_N/A_ACTUAL_POS] --(BEFORE)--> [EVENT_N/A_ACTUAL_POS] | [EVENT_N/A_ACTUAL_POS] --(BEFORE)--> [EVENT_N/A_ACTUAL_POS],"""installation"" --(BEFORE)--> ""bilan"" | ""installation"" --(BEFORE)--> ""consulté"" | ""bilan"" --(BEFORE)--> ""analyse"""
180,43,FR100515,[EVENT_N/A_ACTUAL_POS] --(BEFORE)--> [EVENT_N/A_ACTUAL_POS] | [EVENT_N/A_ACTUAL_POS] --(BEFORE)--> [EVENT_N/A_ACTUAL_POS] | [EVENT_N/A_ACTUAL_POS] --(BEFORE)--> [EVENT_N/A_ACTUAL_POS],"""testing"" --(BEFORE)--> ""dosage"" | ""testing"" --(BEFORE)--> ""électromyogramme"" | ""dosage"" --(BEFORE)--> ""bilan"""
180,43,FR100519,[EVENT_N/A_ACTUAL_POS] --(BEFORE)--> [EVENT_N/A_ACTUAL_POS] | [EVENT_N/A_ACTUAL_POS] --(BEFORE)--> [EVENT_N/A_ACTUAL_POS] | [EVENT_N/A_ACTUAL_POS] --(BEFORE)--> [EVENT_N/A_ACTUAL_POS],"""hospitalisée"" --(BEFORE)--> ""entrée"" | ""hospitalisée"" --(BEFORE)--> ""transférée"" | ""entrée"" --(BEFORE)--> ""bilan"""
180,43,FR100579,[EVENT_N/A_ACTUAL_POS] --(BEFORE)--> [EVENT_N/A_ACTUAL_POS] | [EVENT_N/A_ACTUAL_POS] --(BEFORE)--> [EVENT_N/A_ACTUAL_POS] | [EVENT_N/A_ACTUAL_POS] --(BEFORE)--> [EVENT_N/A_ACTUAL_POS],"""échocardiographie"" --(BEFORE)--> ""angio-scanner"" | ""échocardiographie"" --(BEFORE)--> ""bilan"" | ""angio-scanner"" --(BEFORE)--> ""imagerie"""
180,43,FR100589,[EVENT_N/A_ACTUAL_POS] --(BEFORE)--> [EVENT_N/A_ACTUAL_POS] | [EVENT_N/A_ACTUAL_POS] --(BEFORE)--> [EVENT_N/A_ACTUAL_POS] | [EVENT_N/A_ACTUAL_POS] --(BEFORE)--> [EVENT_N/A_ACTUAL_POS],"""caryotype"" --(BEFORE)--> ""sérologie"" | ""caryotype"" --(BEFORE)--> ""biopsie"" | ""sérologie"" --(BEFORE)--> ""diagnostic"""
180,43,FR100597,[EVENT_N/A_ACTUAL_POS] --(BEFORE)--> [EVENT_N/A_ACTUAL_POS] | [EVENT_N/A_ACTUAL_POS] --(BEFORE)--> [EVENT_N/A_ACTUAL_POS] | [EVENT_N/A_ACTUAL_POS] --(BEFORE)--> [EVENT_N/A_ACTUAL_POS],"""accouchements"" --(BEFORE)--> ""ménopausée"" | ""accouchements"" --(BEFORE)--> ""ligature"" | ""ménopausée"" --(BEFORE)--> ""consultation"""
180,43,FR100611,[EVENT_N/A_ACTUAL_POS] --(BEFORE)--> [EVENT_N/A_ACTUAL_POS] | [EVENT_N/A_ACTUAL_POS] --(BEFORE)--> [EVENT_N/A_ACTUAL_POS] | [EVENT_N/A_ACTUAL_POS] --(BEFORE)--> [EVENT_N/A_ACTUAL_POS],"""examen"" --(BEFORE)--> ""PCR"" | ""examen"" --(BEFORE)--> ""cultures"" | ""PCR"" --(BEFORE)--> ""TDM"""
180,43,FR100614,[EVENT_N/A_ACTUAL_POS] --(BEFORE)--> [EVENT_N/A_ACTUAL_POS] | [EVENT_N/A_ACTUAL_POS] --(BEFORE)--> [EVENT_N/A_ACTUAL_POS] | [EVENT_N/A_ACTUAL_POS] --(BEFORE)--> [EVENT_N/A_ACTUAL_POS],"""radiographie"" --(BEFORE)--> ""taux"" | ""radiographie"" --(BEFORE)--> ""échographie"" | ""taux"" --(BEFORE)--> ""exploration"""
180,43,FR100620,[EVENT_N/A_ACTUAL_POS] --(BEFORE)--> [EVENT_N/A_ACTUAL_POS] | [EVENT_N/A_ACTUAL_POS] --(BEFORE)--> [EVENT_N/A_ACTUAL_POS] | [EVENT_N/A_ACTUAL_POS] --(BEFORE)--> [EVENT_N/A_ACTUAL_POS],"""pleurodèse"" --(BEFORE)--> ""biopsie"" | ""pleurodèse"" --(BEFORE)--> ""biopsie"" | ""biopsie"" --(BEFORE)--> ""prise"""
180,43,FR100623,[EVENT_N/A_ACTUAL_POS] --(BEFORE)--> [EVENT_N/A_ACTUAL_POS] | [EVENT_N/A_ACTUAL_POS] --(BEFORE)--> [EVENT_N/A_ACTUAL_POS] | [EVENT_N/A_ACTUAL_POS] --(BEFORE)--> [EVENT_N/A_ACTUAL_POS],"""consulté"" --(BEFORE)--> ""examen"" | ""consulté"" --(BEFORE)--> ""rapportons"" | ""examen"" --(BEFORE)--> ""bilan"""
180,43,FR100629,[EVENT_N/A_ACTUAL_POS] --(BEFORE)--> [EVENT_N/A_ACTUAL_POS] | [EVENT_N/A_ACTUAL_POS] --(BEFORE)--> [EVENT_N/A_ACTUAL_POS] | [EVENT_N/A_ACTUAL_POS] --(BEFORE)--> [EVENT_N/A_ACTUAL_POS],"""marquage"" --(BEFORE)--> ""bilan"" | ""marquage"" --(BEFORE)--> ""étude"" | ""bilan"" --(BEFORE)--> ""décision"""
180,43,FR100632,[EVENT_N/A_ACTUAL_POS] --(BEFORE)--> [EVENT_N/A_ACTUAL_POS] | [EVENT_N/A_ACTUAL_POS] --(BEFORE)--> [EVENT_N/A_ACTUAL_POS] | [EVENT_N/A_ACTUAL_POS] --(BEFORE)--> [EVENT_N/A_ACTUAL_POS],"""numération"" --(BEFORE)--> ""bilan"" | ""numération"" --(BEFORE)--> ""vitesse"" | ""bilan"" --(BEFORE)--> ""enquête"""
180,43,FR100663,[EVENT_N/A_ACTUAL_POS] --(BEFORE)--> [EVENT_N/A_ACTUAL_POS] | [EVENT_N/A_ACTUAL_POS] --(BEFORE)--> [EVENT_N/A_ACTUAL_POS] | [EVENT_N/A_ACTUAL_POS] --(BEFORE)--> [EVENT_N/A_ACTUAL_POS],"""ligature"" --(BEFORE)--> ""incisée"" | ""ligature"" --(BEFORE)--> ""décollé"" | ""incisée"" --(BEFORE)--> ""vérifié"""
180,43,FR100666,[EVENT_N/A_ACTUAL_POS] --(BEFORE)--> [EVENT_N/A_ACTUAL_POS] | [EVENT_N/A_ACTUAL_POS] --(BEFORE)--> [EVENT_N/A_ACTUAL_POS] | [EVENT_N/A_ACTUAL_POS] --(BEFORE)--> [EVENT_N/A_ACTUAL_POS],"""biopsie"" --(BEFORE)--> ""étude"" | ""biopsie"" --(BEFORE)--> ""examen"" | ""étude"" --(BEFORE)--> ""adressé"""
180,43,FR100688,[EVENT_N/A_ACTUAL_POS] --(BEFORE)--> [EVENT_N/A_ACTUAL_POS] | [EVENT_N/A_ACTUAL_POS] --(BEFORE)--> [EVENT_N/A_ACTUAL_POS] | [EVENT_N/A_ACTUAL_POS] --(BEFORE)--> [EVENT_N/A_ACTUAL_POS],"""sérologie"" --(BEFORE)--> ""radiographie"" | ""sérologie"" --(BEFORE)--> ""intradermoréaction"" | ""radiographie"" --(BEFORE)--> ""échographie"""
180,43,FR100689,[EVENT_N/A_ACTUAL_POS] --(BEFORE)--> [EVENT_N/A_ACTUAL_POS] | [EVENT_N/A_ACTUAL_POS] --(BEFORE)--> [EVENT_N/A_ACTUAL_POS] | [EVENT_N/A_ACTUAL_POS] --(BEFORE)--> [EVENT_N/A_ACTUAL_POS],"""retenu"" --(BEFORE)--> ""traitement"" | ""retenu"" --(BEFORE)--> ""évolution"" | ""traitement"" --(BEFORE)--> ""corticothérapie"""
180,43,FR100697,[EVENT_N/A_ACTUAL_POS] --(BEFORE)--> [EVENT_N/A_ACTUAL_POS] | [EVENT_N/A_ACTUAL_POS] --(BEFORE)--> [EVENT_N/A_ACTUAL_POS] | [EVENT_N/A_ACTUAL_POS] --(BEFORE)--> [EVENT_N/A_ACTUAL_POS],"""examen"" --(BEFORE)--> ""mammographie"" | ""examen"" --(BEFORE)--> ""reste"" | ""mammographie"" --(BEFORE)--> ""échographie"""
180,43,FR100708,[EVENT_N/A_ACTUAL_POS] --(BEFORE)--> [EVENT_N/A_ACTUAL_POS] | [EVENT_N/A_ACTUAL_POS] --(BEFORE)--> [EVENT_N/A_ACTUAL_POS] | [EVENT_N/A_ACTUAL_POS] --(BEFORE)--> [EVENT_N/A_ACTUAL_POS],"""demandée"" --(BEFORE)--> ""tests"" | ""demandée"" --(BEFORE)--> ""IRM"" | ""tests"" --(BEFORE)--> ""mise"""
180,43,FR100748,[EVENT_N/A_ACTUAL_POS] --(BEFORE)--> [EVENT_N/A_ACTUAL_POS] | [EVENT_N/A_ACTUAL_POS] --(BEFORE)--> [EVENT_N/A_ACTUAL_POS] | [EVENT_N/A_ACTUAL_POS] --(BEFORE)--> [EVENT_N/A_ACTUAL_POS],"""mobilisation"" --(BEFORE)--> ""suites"" | ""mobilisation"" --(BEFORE)--> ""résection"" | ""suites"" --(BEFORE)--> ""transférée"""
180,43,FR100780,[EVENT_N/A_ACTUAL_POS] --(BEFORE)--> [EVENT_N/A_ACTUAL_POS] | [EVENT_N/A_ACTUAL_POS] --(BEFORE)--> [EVENT_N/A_ACTUAL_POS] | [EVENT_N/A_ACTUAL_POS] --(BEFORE)--> [EVENT_N/A_ACTUAL_POS],"""geste"" --(BEFORE)--> ""geste"" | ""geste"" --(BEFORE)--> ""gestes"" | ""geste"" --(BEFORE)--> ""geste"""
180,43,FR100826,[EVENT_N/A_ACTUAL_POS] --(BEFORE)--> [EVENT_N/A_ACTUAL_POS] | [EVENT_N/A_ACTUAL_POS] --(BEFORE)--> [EVENT_N/A_ACTUAL_POS] | [EVENT_N/A_ACTUAL_POS] --(BEFORE)--> [EVENT_N/A_ACTUAL_POS],"""admis"" --(BEFORE)--> ""examen"" | ""admis"" --(BEFORE)--> ""don"" | ""examen"" --(BEFORE)--> ""bilan"""
180,43,FR100845,[EVENT_N/A_ACTUAL_POS] --(BEFORE)--> [EVENT_N/A_ACTUAL_POS] | [EVENT_N/A_ACTUAL_POS] --(BEFORE)--> [EVENT_N/A_ACTUAL_POS] | [EVENT_N/A_ACTUAL_POS] --(BEFORE)--> [EVENT_N/A_ACTUAL_POS],"""extraction"" --(BEFORE)--> ""examen"" | ""extraction"" --(BEFORE)--> ""Apgar"" | ""examen"" --(BEFORE)--> ""examinés"""
180,43,FR100870,[EVENT_N/A_ACTUAL_POS] --(BEFORE)--> [EVENT_N/A_ACTUAL_POS] | [EVENT_N/A_ACTUAL_POS] --(BEFORE)--> [EVENT_N/A_ACTUAL_POS] | [EVENT_N/A_ACTUAL_POS] --(BEFORE)--> [EVENT_N/A_ACTUAL_POS],"""immunosoustraction"" --(BEFORE)--> ""immunofixation"" | ""immunosoustraction"" --(BEFORE)--> ""typer"" | ""immunofixation"" --(BEFORE)--> ""bilan"""
180,43,FR100882,[EVENT_N/A_ACTUAL_POS] --(BEFORE)--> [EVENT_N/A_ACTUAL_POS] | [EVENT_N/A_ACTUAL_POS] --(BEFORE)--> [EVENT_N/A_ACTUAL_POS] | [EVENT_N/A_ACTUAL_POS] --(BEFORE)--> [EVENT_N/A_ACTUAL_POS],"""laminectomie"" --(BEFORE)--> ""Imagerie"" | ""laminectomie"" --(BEFORE)--> ""suites"" | ""Imagerie"" --(BEFORE)--> ""bilan"""
180,43,FR100903,[EVENT_N/A_ACTUAL_POS] --(BEFORE)--> [EVENT_N/A_ACTUAL_POS] | [EVENT_N/A_ACTUAL_POS] --(BEFORE)--> [EVENT_N/A_ACTUAL_POS] | [EVENT_N/A_ACTUAL_POS] --(BEFORE)--> [EVENT_N/A_ACTUAL_POS],"""écarté"" --(BEFORE)--> ""contrôles"" | ""écarté"" --(BEFORE)--> ""réfléchir"" | ""contrôles"" --(BEFORE)--> ""accouchement"""
180,43,FR100919,[EVENT_N/A_ACTUAL_POS] --(BEFORE)--> [EVENT_N/A_ACTUAL_POS] | [EVENT_N/A_ACTUAL_POS] --(BEFORE)--> [EVENT_N/A_ACTUAL_POS] | [EVENT_N/A_ACTUAL_POS] --(BEFORE)--> [EVENT_N/A_ACTUAL_POS],"""correction"" --(BEFORE)--> ""adressée"" | ""correction"" --(BEFORE)--> ""normalisation"" | ""adressée"" --(BEFORE)--> ""bilan"""
180,43,FR100932,[EVENT_N/A_ACTUAL_POS] --(BEFORE)--> [EVENT_N/A_ACTUAL_POS] | [EVENT_N/A_ACTUAL_POS] --(BEFORE)--> [EVENT_N/A_ACTUAL_POS] | [EVENT_N/A_ACTUAL_POS] --(BEFORE)--> [EVENT_N/A_ACTUAL_POS],"""mise"" --(BEFORE)--> ""opérée"" | ""mise"" --(BEFORE)--> ""installation"" | ""opérée"" --(BEFORE)--> ""évolution"""
180,43,FR100946,[EVENT_N/A_ACTUAL_POS] --(BEFORE)--> [EVENT_N/A_ACTUAL_POS] | [EVENT_N/A_ACTUAL_POS] --(BEFORE)--> [EVENT_N/A_ACTUAL_POS] | [EVENT_N/A_ACTUAL_POS] --(BEFORE)--> [EVENT_N/A_ACTUAL_POS],"""mise"" --(BEFORE)--> ""analyse"" | ""mise"" --(BEFORE)--> ""exérèse"" | ""analyse"" --(BEFORE)--> ""mise"""
180,43,FR100996,[EVENT_N/A_ACTUAL_POS] --(BEFORE)--> [EVENT_N/A_ACTUAL_POS] | [EVENT_N/A_ACTUAL_POS] --(BEFORE)--> [EVENT_N/A_ACTUAL_POS] | [EVENT_N/A_ACTUAL_POS] --(BEFORE)--> [EVENT_N/A_ACTUAL_POS],"""consulté"" --(BEFORE)--> ""examen"" | ""consulté"" --(BEFORE)--> ""rapportons"" | ""examen"" --(BEFORE)--> ""tomodensitométrie"""
174,42,FR100003,[EVENT_N/A_ACTUAL_POS] --(BEFORE)--> [EVENT_N/A_ACTUAL_POS] | [EVENT_N/A_ACTUAL_POS] --(BEFORE)--> [EVENT_N/A_ACTUAL_POS] | [EVENT_N/A_ACTUAL_POS] --(CONTAINS)--> [EVENT_N/A_ACTUAL_POS],"""examen"" --(BEFORE)--> ""antibiothérapie"" | ""antibiothérapie"" --(BEFORE)--> ""bloc"" | ""bloc"" --(CONTAINS)--> ""drainé"""
174,42,FR100092,[EVENT_N/A_ACTUAL_POS] --(BEFORE)--> [EVENT_N/A_ACTUAL_POS] | [EVENT_N/A_ACTUAL_POS] --(BEFORE)--> [EVENT_N/A_ACTUAL_POS] | [EVENT_N/A_ACTUAL_POS] --(CONTAINS)--> [EVENT_N/A_ACTUAL_POS],"""tableau"" --(BEFORE)--> ""reste"" | ""reste"" --(BEFORE)--> ""minilaparotomie"" | ""minilaparotomie"" --(CONTAINS)--> ""exploration"""
174,42,FR100130,[EVENT_N/A_ACTUAL_POS] --(BEFORE)--> [EVENT_N/A_ACTUAL_POS] | [EVENT_N/A_ACTUAL_POS] --(BEFORE)--> [EVENT_N/A_ACTUAL_POS] | [EVENT_N/A_ACTUAL_POS] --(CONTAINS)--> [EVENT_N/A_ACTUAL_POS],"""confirmé"" --(BEFORE)--> ""recherche"" | ""recherche"" --(BEFORE)--> ""séjour"" | ""séjour"" --(CONTAINS)--> ""réconforté"""
174,42,FR100132,[EVENT_N/A_ACTUAL_POS] --(BEFORE)--> [EVENT_N/A_ACTUAL_POS] | [EVENT_N/A_ACTUAL_POS] --(BEFORE)--> [EVENT_N/A_ACTUAL_POS] | [EVENT_N/A_ACTUAL_POS] --(CONTAINS)--> [EVENT_N/A_ACTUAL_POS],"""palpation"" --(BEFORE)--> ""histologie"" | ""histologie"" --(BEFORE)--> ""examen"" | ""examen"" --(CONTAINS)--> ""angiographie"""
174,42,FR100142,[EVENT_N/A_ACTUAL_POS] --(BEFORE)--> [EVENT_N/A_ACTUAL_POS] | [EVENT_N/A_ACTUAL_POS] --(BEFORE)--> [EVENT_N/A_ACTUAL_POS] | [EVENT_N/A_ACTUAL_POS] --(CONTAINS)--> [EVENT_N/A_ACTUAL_POS],"""biopsie"" --(BEFORE)--> ""mis"" | ""mis"" --(BEFORE)--> ""évolution"" | ""évolution"" --(CONTAINS)--> ""taux"""
174,42,FR100161,[EVENT_N/A_ACTUAL_POS] --(BEFORE)--> [EVENT_N/A_ACTUAL_POS] | [EVENT_N/A_ACTUAL_POS] --(BEFORE)--> [EVENT_N/A_ACTUAL_POS] | [EVENT_N/A_ACTUAL_POS] --(CONTAINS)--> [EVENT_N/A_ACTUAL_POS],"""interrogatoire"" --(BEFORE)--> ""examen"" | ""examen"" --(BEFORE)--> ""examens"" | ""examens"" --(CONTAINS)--> ""Acti tests"""
174,42,FR100168,[EVENT_N/A_ACTUAL_POS] --(BEFORE)--> [EVENT_N/A_ACTUAL_POS] | [EVENT_N/A_ACTUAL_POS] --(BEFORE)--> [EVENT_N/A_ACTUAL_POS] | [EVENT_N/A_ACTUAL_POS] --(CONTAINS)--> [EVENT_N/A_ACTUAL_POS],"""bilan"" --(BEFORE)--> ""tests"" | ""tests"" --(BEFORE)--> ""entretien"" | ""entretien"" --(CONTAINS)--> ""dévoiler"""
174,42,FR100255,[EVENT_N/A_ACTUAL_POS] --(BEFORE)--> [EVENT_N/A_ACTUAL_POS] | [EVENT_N/A_ACTUAL_POS] --(BEFORE)--> [EVENT_N/A_ACTUAL_POS] | [EVENT_N/A_ACTUAL_POS] --(CONTAINS)--> [EVENT_N/A_ACTUAL_POS],"""examen"" --(BEFORE)--> ""examen"" | ""examen"" --(BEFORE)--> ""échographie"" | ""échographie"" --(CONTAINS)--> ""confirmation"""
174,42,FR100275,[EVENT_N/A_ACTUAL_POS] --(BEFORE)--> [EVENT_N/A_ACTUAL_POS] | [EVENT_N/A_ACTUAL_POS] --(BEFORE)--> [EVENT_N/A_ACTUAL_POS] | [EVENT_N/A_ACTUAL_POS] --(CONTAINS)--> [EVENT_N/A_ACTUAL_POS],"""transféré"" --(BEFORE)--> ""anamnèse"" | ""anamnèse"" --(BEFORE)--> ""examen"" | ""examen"" --(CONTAINS)--> ""fréquence"""
174,42,FR100276,[EVENT_N/A_ACTUAL_POS] --(BEFORE)--> [EVENT_N/A_ACTUAL_POS] | [EVENT_N/A_ACTUAL_POS] --(BEFORE)--> [EVENT_N/A_ACTUAL_POS] | [EVENT_N/A_ACTUAL_POS] --(CONTAINS)--> [EVENT_N/A_ACTUAL_POS],"""accouchement"" --(BEFORE)--> ""reste"" | ""reste"" --(BEFORE)--> ""bilan"" | ""bilan"" --(CONTAINS)--> ""bilan"""
174,42,FR100283,[EVENT_N/A_ACTUAL_POS] --(BEFORE)--> [EVENT_N/A_ACTUAL_POS] | [EVENT_N/A_ACTUAL_POS] --(BEFORE)--> [EVENT_N/A_ACTUAL_POS] | [EVENT_N/A_ACTUAL_POS] --(CONTAINS)--> [EVENT_N/A_ACTUAL_POS],"""IRM"" --(BEFORE)--> ""hypophysiogramme"" | ""hypophysiogramme"" --(BEFORE)--> ""traitement"" | ""traitement"" --(CONTAINS)--> ""antibiothérapie"""
174,42,FR100296,[EVENT_N/A_ACTUAL_POS] --(BEFORE)--> [EVENT_N/A_ACTUAL_POS] | [EVENT_N/A_ACTUAL_POS] --(BEFORE)--> [EVENT_N/A_ACTUAL_POS] | [EVENT_N/A_ACTUAL_POS] --(CONTAINS)--> [EVENT_N/A_ACTUAL_POS],"""examen"" --(BEFORE)--> ""IRM"" | ""IRM"" --(BEFORE)--> ""fenestration"" | ""fenestration"" --(CONTAINS)--> ""geste"""
174,42,FR100344,[EVENT_N/A_ACTUAL_POS] --(BEFORE)--> [EVENT_N/A_ACTUAL_POS] | [EVENT_N/A_ACTUAL_POS] --(BEFORE)--> [EVENT_N/A_ACTUAL_POS] | [EVENT_N/A_ACTUAL_POS] --(CONTAINS)--> [EVENT_N/A_ACTUAL_POS],"""plainte"" --(BEFORE)--> ""examen"" | ""examen"" --(BEFORE)--> ""césarienne"" | ""césarienne"" --(CONTAINS)--> ""laissé"""
174,42,FR100371,[EVENT_N/A_ACTUAL_POS] --(BEFORE)--> [EVENT_N/A_ACTUAL_POS] | [EVENT_N/A_ACTUAL_POS] --(BEFORE)--> [EVENT_N/A_ACTUAL_POS] | [EVENT_N/A_ACTUAL_POS] --(CONTAINS)--> [EVENT_N/A_ACTUAL_POS],"""bilan"" --(BEFORE)--> ""bilan"" | ""bilan"" --(BEFORE)--> ""intervention"" | ""intervention"" --(CONTAINS)--> ""exérèse"""
174,42,FR100400,[EVENT_N/A_ACTUAL_POS] --(BEFORE)--> [EVENT_N/A_ACTUAL_POS] | [EVENT_N/A_ACTUAL_POS] --(BEFORE)--> [EVENT_N/A_ACTUAL_POS] | [EVENT_N/A_ACTUAL_POS] --(CONTAINS)--> [EVENT_N/A_ACTUAL_POS],"""aspiration"" --(BEFORE)--> ""résection"" | ""résection"" --(BEFORE)--> ""suites"" | ""suites"" --(CONTAINS)--> ""sortante"""
174,42,FR100510,[EVENT_N/A_ACTUAL_POS] --(BEFORE)--> [EVENT_N/A_ACTUAL_POS] | [EVENT_N/A_ACTUAL_POS] --(BEFORE)--> [EVENT_N/A_ACTUAL_POS] | [EVENT_N/A_ACTUAL_POS] --(CONTAINS)--> [EVENT_N/A_ACTUAL_POS],"""résection"" --(BEFORE)--> ""examen"" | ""examen"" --(BEFORE)--> ""examen"" | ""examen"" --(CONTAINS)--> ""caractéristiques"""
174,42,FR100515,[EVENT_N/A_ACTUAL_POS] --(BEFORE)--> [EVENT_N/A_ACTUAL_POS] | [EVENT_N/A_ACTUAL_POS] --(BEFORE)--> [EVENT_N/A_ACTUAL_POS] | [EVENT_N/A_ACTUAL_POS] --(CONTAINS)--> [EVENT_N/A_ACTUAL_POS],"""retenu"" --(BEFORE)--> ""bilan"" | ""bilan"" --(BEFORE)--> ""bilan"" | ""bilan"" --(CONTAINS)--> ""explorations"""
174,42,FR100519,[EVENT_N/A_ACTUAL_POS] --(BEFORE)--> [EVENT_N/A_ACTUAL_POS] | [EVENT_N/A_ACTUAL_POS] --(BEFORE)--> [EVENT_N/A_ACTUAL_POS] | [EVENT_N/A_ACTUAL_POS] --(CONTAINS)--> [EVENT_N/A_ACTUAL_POS],"""hospitalisée"" --(BEFORE)--> ""entrée"" | ""entrée"" --(BEFORE)--> ""bilan"" | ""bilan"" --(CONTAINS)--> ""radiographie"""
174,42,FR100589,[EVENT_N/A_ACTUAL_POS] --(BEFORE)--> [EVENT_N/A_ACTUAL_POS] | [EVENT_N/A_ACTUAL_POS] --(BEFORE)--> [EVENT_N/A_ACTUAL_POS] | [EVENT_N/A_ACTUAL_POS] --(CONTAINS)--> [EVENT_N/A_ACTUAL_POS],"""radiographie"" --(BEFORE)--> ""tomodensitométrie"" | ""tomodensitométrie"" --(BEFORE)--> ""discuté"" | ""discuté"" --(CONTAINS)--> ""évoqué"""
174,42,FR100597,[EVENT_N/A_ACTUAL_POS] --(BEFORE)--> [EVENT_N/A_ACTUAL_POS] | [EVENT_N/A_ACTUAL_POS] --(BEFORE)--> [EVENT_N/A_ACTUAL_POS] | [EVENT_N/A_ACTUAL_POS] --(CONTAINS)--> [EVENT_N/A_ACTUAL_POS],"""marqueurs"" --(BEFORE)--> ""décidée"" | ""décidée"" --(BEFORE)--> ""laparotomie"" | ""laparotomie"" --(CONTAINS)--> ""exploration"""
174,42,FR100611,[EVENT_N/A_ACTUAL_POS] --(BEFORE)--> [EVENT_N/A_ACTUAL_POS] | [EVENT_N/A_ACTUAL_POS] --(BEFORE)--> [EVENT_N/A_ACTUAL_POS] | [EVENT_N/A_ACTUAL_POS] --(CONTAINS)--> [EVENT_N/A_ACTUAL_POS],"""examen"" --(BEFORE)--> ""PCR"" | ""PCR"" --(BEFORE)--> ""TDM"" | ""TDM"" --(CONTAINS)--> ""image"""
174,42,FR100614,[EVENT_N/A_ACTUAL_POS] --(BEFORE)--> [EVENT_N/A_ACTUAL_POS] | [EVENT_N/A_ACTUAL_POS] --(BEFORE)--> [EVENT_N/A_ACTUAL_POS] | [EVENT_N/A_ACTUAL_POS] --(CONTAINS)--> [EVENT_N/A_ACTUAL_POS],"""exploration"" --(BEFORE)--> ""rupture"" | ""rupture"" --(BEFORE)--> ""intervention"" | ""intervention"" --(CONTAINS)--> ""éviter"""
174,42,FR100620,[EVENT_N/A_ACTUAL_POS] --(BEFORE)--> [EVENT_N/A_ACTUAL_POS] | [EVENT_N/A_ACTUAL_POS] --(BEFORE)--> [EVENT_N/A_ACTUAL_POS] | [EVENT_N/A_ACTUAL_POS] --(CONTAINS)--> [EVENT_N/A_ACTUAL_POS],"""pleurodèse"" --(BEFORE)--> ""biopsie"" | ""biopsie"" --(BEFORE)--> ""prise"" | ""prise"" --(CONTAINS)--> ""corticothérapie"""
174,42,FR100629,[EVENT_N/A_ACTUAL_POS] --(BEFORE)--> [EVENT_N/A_ACTUAL_POS] | [EVENT_N/A_ACTUAL_POS] --(BEFORE)--> [EVENT_N/A_ACTUAL_POS] | [EVENT_N/A_ACTUAL_POS] --(CONTAINS)--> [EVENT_N/A_ACTUAL_POS],"""bilan"" --(BEFORE)--> ""décision"" | ""décision"" --(BEFORE)--> ""chimiothérapie"" | ""chimiothérapie"" --(CONTAINS)--> ""bithérapie"""
174,42,FR100632,[EVENT_N/A_ACTUAL_POS] --(BEFORE)--> [EVENT_N/A_ACTUAL_POS] | [EVENT_N/A_ACTUAL_POS] --(BEFORE)--> [EVENT_N/A_ACTUAL_POS] | [EVENT_N/A_ACTUAL_POS] --(CONTAINS)--> [EVENT_N/A_ACTUAL_POS],"""numération"" --(BEFORE)--> ""bilan"" | ""bilan"" --(BEFORE)--> ""enquête"" | ""enquête"" --(CONTAINS)--> ""taux"""
174,42,FR100658,[EVENT_N/A_ACTUAL_POS] --(BEFORE)--> [EVENT_N/A_ACTUAL_POS] | [EVENT_N/A_ACTUAL_POS] --(BEFORE)--> [EVENT_N/A_ACTUAL_POS] | [EVENT_N/A_ACTUAL_POS] --(CONTAINS)--> [EVENT_N/A_ACTUAL_POS],"""monitorage"" --(BEFORE)--> ""prise"" | ""prise"" --(BEFORE)--> ""anesthésie"" | ""anesthésie"" --(CONTAINS)--> ""intubé"""
174,42,FR100663,[EVENT_N/A_ACTUAL_POS] --(BEFORE)--> [EVENT_N/A_ACTUAL_POS] | [EVENT_N/A_ACTUAL_POS] --(BEFORE)--> [EVENT_N/A_ACTUAL_POS] | [EVENT_N/A_ACTUAL_POS] --(CONTAINS)--> [EVENT_N/A_ACTUAL_POS],"""taux"" --(BEFORE)--> ""tenté"" | ""tenté"" --(BEFORE)--> ""bilan"" | ""bilan"" --(CONTAINS)--> ""Numération"""
174,42,FR100666,[EVENT_N/A_ACTUAL_POS] --(BEFORE)--> [EVENT_N/A_ACTUAL_POS] | [EVENT_N/A_ACTUAL_POS] --(BEFORE)--> [EVENT_N/A_ACTUAL_POS] | [EVENT_N/A_ACTUAL_POS] --(CONTAINS)--> [EVENT_N/A_ACTUAL_POS],"""bilan"" --(BEFORE)--> ""classé"" | ""classé"" --(BEFORE)--> ""traitement"" | ""traitement"" --(CONTAINS)--> ""polychimiothérapie"""
174,42,FR100688,[EVENT_N/A_ACTUAL_POS] --(BEFORE)--> [EVENT_N/A_ACTUAL_POS] | [EVENT_N/A_ACTUAL_POS] --(BEFORE)--> [EVENT_N/A_ACTUAL_POS] | [EVENT_N/A_ACTUAL_POS] --(CONTAINS)--> [EVENT_N/A_ACTUAL_POS],"""incision"" --(BEFORE)--> ""analyse"" | ""analyse"" --(BEFORE)--> ""traitement"" | ""traitement"" --(CONTAINS)--> ""phase"""
174,42,FR100689,[EVENT_N/A_ACTUAL_POS] --(BEFORE)--> [EVENT_N/A_ACTUAL_POS] | [EVENT_N/A_ACTUAL_POS] --(BEFORE)--> [EVENT_N/A_ACTUAL_POS] | [EVENT_N/A_ACTUAL_POS] --(CONTAINS)--> [EVENT_N/A_ACTUAL_POS],"""examen"" --(BEFORE)--> ""scanner"" | ""scanner"" --(BEFORE)--> ""IRM"" | ""IRM"" --(CONTAINS)--> ""injection"""
174,42,FR100708,[EVENT_N/A_ACTUAL_POS] --(BEFORE)--> [EVENT_N/A_ACTUAL_POS] | [EVENT_N/A_ACTUAL_POS] --(BEFORE)--> [EVENT_N/A_ACTUAL_POS] | [EVENT_N/A_ACTUAL_POS] --(CONTAINS)--> [EVENT_N/A_ACTUAL_POS],"""mammographie"" --(BEFORE)--> ""échographie"" | ""échographie"" --(BEFORE)--> ""ponction"" | ""ponction"" --(CONTAINS)--> ""ramenant"""
174,42,FR100717,[EVENT_N/A_ACTUAL_POS] --(BEFORE)--> [EVENT_N/A_ACTUAL_POS] | [EVENT_N/A_ACTUAL_POS] --(BEFORE)--> [EVENT_N/A_ACTUAL_POS] | [EVENT_N/A_ACTUAL_POS] --(CONTAINS)--> [EVENT_N/A_ACTUAL_POS],"""enlevée"" --(BEFORE)--> ""exploration"" | ""exploration"" --(BEFORE)--> ""suites"" | ""suites"" --(CONTAINS)--> ""régression"""
174,42,FR100806,[EVENT_N/A_ACTUAL_POS] --(BEFORE)--> [EVENT_N/A_ACTUAL_POS] | [EVENT_N/A_ACTUAL_POS] --(BEFORE)--> [EVENT_N/A_ACTUAL_POS] | [EVENT_N/A_ACTUAL_POS] --(CONTAINS)--> [EVENT_N/A_ACTUAL_POS],"""référée"" --(BEFORE)--> ""examen"" | ""examen"" --(BEFORE)--> ""biologie"" | ""biologie"" --(CONTAINS)--> ""NFS"""
174,42,FR100826,[EVENT_N/A_ACTUAL_POS] --(BEFORE)--> [EVENT_N/A_ACTUAL_POS] | [EVENT_N/A_ACTUAL_POS] --(BEFORE)--> [EVENT_N/A_ACTUAL_POS] | [EVENT_N/A_ACTUAL_POS] --(CONTAINS)--> [EVENT_N/A_ACTUAL_POS],"""retenue"" --(BEFORE)--> ""exploration"" | ""exploration"" --(BEFORE)--> ""suites"" | ""suites"" --(CONTAINS)--> ""sortie"""
174,42,FR100845,[EVENT_N/A_ACTUAL_POS] --(BEFORE)--> [EVENT_N/A_ACTUAL_POS] | [EVENT_N/A_ACTUAL_POS] --(BEFORE)--> [EVENT_N/A_ACTUAL_POS] | [EVENT_N/A_ACTUAL_POS] --(CONTAINS)--> [EVENT_N/A_ACTUAL_POS],"""Consulte"" --(BEFORE)--> ""examen"" | ""examen"" --(BEFORE)--> ""examen"" | ""examen"" --(CONTAINS)--> ""toucher"""
174,42,FR100870,[EVENT_N/A_ACTUAL_POS] --(BEFORE)--> [EVENT_N/A_ACTUAL_POS] | [EVENT_N/A_ACTUAL_POS] --(BEFORE)--> [EVENT_N/A_ACTUAL_POS] | [EVENT_N/A_ACTUAL_POS] --(CONTAINS)--> [EVENT_N/A_ACTUAL_POS],"""bilan"" --(BEFORE)--> ""IRM"" | ""IRM"" --(BEFORE)--> ""électrophorèse"" | ""électrophorèse"" --(CONTAINS)--> ""découverte"""
174,42,FR100874,[EVENT_N/A_ACTUAL_POS] --(BEFORE)--> [EVENT_N/A_ACTUAL_POS] | [EVENT_N/A_ACTUAL_POS] --(BEFORE)--> [EVENT_N/A_ACTUAL_POS] | [EVENT_N/A_ACTUAL_POS] --(CONTAINS)--> [EVENT_N/A_ACTUAL_POS],"""hémogramme"" --(BEFORE)--> ""fibroscopie"" | ""fibroscopie"" --(BEFORE)--> ""transit"" | ""transit"" --(CONTAINS)--> ""image"""
174,42,FR100882,[EVENT_N/A_ACTUAL_POS] --(BEFORE)--> [EVENT_N/A_ACTUAL_POS] | [EVENT_N/A_ACTUAL_POS] --(BEFORE)--> [EVENT_N/A_ACTUAL_POS] | [EVENT_N/A_ACTUAL_POS] --(CONTAINS)--> [EVENT_N/A_ACTUAL_POS],"""sérologies"" --(BEFORE)--> ""sclérothérapie"" | ""sclérothérapie"" --(BEFORE)--> ""évolution"" | ""évolution"" --(CONTAINS)--> ""amélioration"""
174,42,FR100883,[EVENT_N/A_ACTUAL_POS] --(BEFORE)--> [EVENT_N/A_ACTUAL_POS] | [EVENT_N/A_ACTUAL_POS] --(BEFORE)--> [EVENT_N/A_ACTUAL_POS] | [EVENT_N/A_ACTUAL_POS] --(CONTAINS)--> [EVENT_N/A_ACTUAL_POS],"""biopsie"" --(BEFORE)--> ""bilan"" | ""bilan"" --(BEFORE)--> ""reçu"" | ""reçu"" --(CONTAINS)--> ""radiothérapie"""
174,42,FR100894,[EVENT_N/A_ACTUAL_POS] --(BEFORE)--> [EVENT_N/A_ACTUAL_POS] | [EVENT_N/A_ACTUAL_POS] --(BEFORE)--> [EVENT_N/A_ACTUAL_POS] | [EVENT_N/A_ACTUAL_POS] --(CONTAINS)--> [EVENT_N/A_ACTUAL_POS],"""arrivée"" --(BEFORE)--> ""pris"" | ""pris"" --(BEFORE)--> ""incision"" | ""incision"" --(CONTAINS)--> ""décompression"""
174,42,FR100903,[EVENT_N/A_ACTUAL_POS] --(BEFORE)--> [EVENT_N/A_ACTUAL_POS] | [EVENT_N/A_ACTUAL_POS] --(BEFORE)--> [EVENT_N/A_ACTUAL_POS] | [EVENT_N/A_ACTUAL_POS] --(CONTAINS)--> [EVENT_N/A_ACTUAL_POS],"""écarté"" --(BEFORE)--> ""contrôles"" | ""contrôles"" --(BEFORE)--> ""accouchement"" | ""accouchement"" --(CONTAINS)--> ""naissance"""
174,42,FR100998,[EVENT_N/A_ACTUAL_POS] --(BEFORE)--> [EVENT_N/A_ACTUAL_POS] | [EVENT_N/A_ACTUAL_POS] --(BEFORE)--> [EVENT_N/A_ACTUAL_POS] | [EVENT_N/A_ACTUAL_POS] --(CONTAINS)--> [EVENT_N/A_ACTUAL_POS],"""test"" --(BEFORE)--> ""diagnostic"" | ""diagnostic"" --(BEFORE)--> ""traitée"" | ""traitée"" --(CONTAINS)--> ""développé"""
196,41,FR100003,[EVENT_N/A_ACTUAL_POS] --(BEFORE)--> [EVENT_N/A_ACTUAL_POS] | [EVENT_N/A_ACTUAL_POS] --(SIMULTANEOUS)--> [EVENT_N/A_ACTUAL_POS],"""drainage"" --(BEFORE)--> ""traitement"" | ""traitement"" --(SIMULTANEOUS)--> ""nécessaire"""
196,41,FR100120,[EVENT_N/A_ACTUAL_POS] --(BEFORE)--> [EVENT_N/A_ACTUAL_POS] | [EVENT_N/A_ACTUAL_POS] --(SIMULTANEOUS)--> [EVENT_N/A_ACTUAL_POS],"""reste"" --(BEFORE)--> ""traitement"" | ""traitement"" --(SIMULTANEOUS)--> ""inefficace"""
196,41,FR100130,[EVENT_N/A_ACTUAL_POS] --(BEFORE)--> [EVENT_N/A_ACTUAL_POS] | [EVENT_N/A_ACTUAL_POS] --(SIMULTANEOUS)--> [EVENT_N/A_ACTUAL_POS],"""administrées"" --(BEFORE)--> ""reçu"" | ""reçu"" --(SIMULTANEOUS)--> ""cures"""
196,41,FR100142,[EVENT_N/A_ACTUAL_POS] --(BEFORE)--> [EVENT_N/A_ACTUAL_POS] | [EVENT_N/A_ACTUAL_POS] --(SIMULTANEOUS)--> [EVENT_N/A_ACTUAL_POS],"""mis"" --(BEFORE)--> ""évolution"" | ""évolution"" --(SIMULTANEOUS)--> ""favorable"""
196,41,FR100161,[EVENT_N/A_ACTUAL_POS] --(BEFORE)--> [EVENT_N/A_ACTUAL_POS] | [EVENT_N/A_ACTUAL_POS] --(SIMULTANEOUS)--> [EVENT_N/A_ACTUAL_POS],"""cortisol"" --(BEFORE)--> ""exérèse"" | ""exérèse"" --(SIMULTANEOUS)--> ""laparotomie"""
196,41,FR100168,[EVENT_N/A_ACTUAL_POS] --(BEFORE)--> [EVENT_N/A_ACTUAL_POS] | [EVENT_N/A_ACTUAL_POS] --(SIMULTANEOUS)--> [EVENT_N/A_ACTUAL_POS],"""administrées"" --(BEFORE)--> ""suites"" | ""suites"" --(SIMULTANEOUS)--> ""simples"""
196,41,FR100275,[EVENT_N/A_ACTUAL_POS] --(BEFORE)--> [EVENT_N/A_ACTUAL_POS] | [EVENT_N/A_ACTUAL_POS] --(SIMULTANEOUS)--> [EVENT_N/A_ACTUAL_POS],"""pris"" --(BEFORE)--> ""trouvée"" | ""trouvée"" --(SIMULTANEOUS)--> ""découverte"""
196,41,FR100276,[EVENT_N/A_ACTUAL_POS] --(BEFORE)--> [EVENT_N/A_ACTUAL_POS] | [EVENT_N/A_ACTUAL_POS] --(SIMULTANEOUS)--> [EVENT_N/A_ACTUAL_POS],"""bilan"" --(BEFORE)--> ""régression"" | ""régression"" --(SIMULTANEOUS)--> ""rapide"""
196,41,FR100282,[EVENT_N/A_ACTUAL_POS] --(BEFORE)--> [EVENT_N/A_ACTUAL_POS] | [EVENT_N/A_ACTUAL_POS] --(SIMULTANEOUS)--> [EVENT_N/A_ACTUAL_POS],"""monothérapie"" --(BEFORE)--> ""multithérapie"" | ""multithérapie"" --(SIMULTANEOUS)--> ""administrée"""
196,41,FR100283,[EVENT_N/A_ACTUAL_POS] --(BEFORE)--> [EVENT_N/A_ACTUAL_POS] | [EVENT_N/A_ACTUAL_POS] --(SIMULTANEOUS)--> [EVENT_N/A_ACTUAL_POS],"""traitement"" --(BEFORE)--> ""évolution"" | ""évolution"" --(SIMULTANEOUS)--> ""favorable"""
196,41,FR100296,[EVENT_N/A_ACTUAL_POS] --(BEFORE)--> [EVENT_N/A_ACTUAL_POS] | [EVENT_N/A_ACTUAL_POS] --(SIMULTANEOUS)--> [EVENT_N/A_ACTUAL_POS],"""fenestration"" --(BEFORE)--> ""suites"" | ""suites"" --(SIMULTANEOUS)--> ""simples"""
196,41,FR100344,[EVENT_N/A_ACTUAL_POS] --(BEFORE)--> [EVENT_N/A_ACTUAL_POS] | [EVENT_N/A_ACTUAL_POS] --(SIMULTANEOUS)--> [EVENT_N/A_ACTUAL_POS],"""contrôle"" --(BEFORE)--> ""échographies"" | ""échographies"" --(SIMULTANEOUS)--> ""difficiles"""
196,41,FR100346,[EVENT_N/A_ACTUAL_POS] --(BEFORE)--> [EVENT_N/A_ACTUAL_POS] | [EVENT_N/A_ACTUAL_POS] --(SIMULTANEOUS)--> [EVENT_N/A_ACTUAL_POS],"""gazométrie"" --(BEFORE)--> ""reste"" | ""reste"" --(SIMULTANEOUS)--> ""normal"""
196,41,FR100361,[EVENT_N/A_ACTUAL_POS] --(BEFORE)--> [EVENT_N/A_ACTUAL_POS] | [EVENT_N/A_ACTUAL_POS] --(SIMULTANEOUS)--> [EVENT_N/A_ACTUAL_POS],"""culture"" --(BEFORE)--> ""protéine"" | ""protéine"" --(SIMULTANEOUS)--> ""CRP"""
196,41,FR100371,[EVENT_N/A_ACTUAL_POS] --(BEFORE)--> [EVENT_N/A_ACTUAL_POS] | [EVENT_N/A_ACTUAL_POS] --(SIMULTANEOUS)--> [EVENT_N/A_ACTUAL_POS],"""incision"" --(BEFORE)--> ""suite"" | ""suite"" --(SIMULTANEOUS)--> ""simple"""
196,41,FR100400,[EVENT_N/A_ACTUAL_POS] --(BEFORE)--> [EVENT_N/A_ACTUAL_POS] | [EVENT_N/A_ACTUAL_POS] --(SIMULTANEOUS)--> [EVENT_N/A_ACTUAL_POS],"""résection"" --(BEFORE)--> ""suites"" | ""suites"" --(SIMULTANEOUS)--> ""favorables"""
196,41,FR100439,[EVENT_N/A_ACTUAL_POS] --(BEFORE)--> [EVENT_N/A_ACTUAL_POS] | [EVENT_N/A_ACTUAL_POS] --(SIMULTANEOUS)--> [EVENT_N/A_ACTUAL_POS],"""demandée"" --(BEFORE)--> ""Tomographie"" | ""Tomographie"" --(SIMULTANEOUS)--> ""TEP"""
196,41,FR100515,[EVENT_N/A_ACTUAL_POS] --(BEFORE)--> [EVENT_N/A_ACTUAL_POS] | [EVENT_N/A_ACTUAL_POS] --(SIMULTANEOUS)--> [EVENT_N/A_ACTUAL_POS],"""résistance"" --(BEFORE)--> ""évolution"" | ""évolution"" --(SIMULTANEOUS)--> ""spectaculaire"""
196,41,FR100517,[EVENT_N/A_ACTUAL_POS] --(BEFORE)--> [EVENT_N/A_ACTUAL_POS] | [EVENT_N/A_ACTUAL_POS] --(SIMULTANEOUS)--> [EVENT_N/A_ACTUAL_POS],"""radiographie"" --(BEFORE)--> ""tomodensitométrie"" | ""tomodensitométrie"" --(SIMULTANEOUS)--> ""coupes"""
196,41,FR100519,[EVENT_N/A_ACTUAL_POS] --(BEFORE)--> [EVENT_N/A_ACTUAL_POS] | [EVENT_N/A_ACTUAL_POS] --(SIMULTANEOUS)--> [EVENT_N/A_ACTUAL_POS],"""transfusion"" --(BEFORE)--> ""tomodensitométrie"" | ""tomodensitométrie"" --(SIMULTANEOUS)--> ""TDM"""
196,41,FR100597,[EVENT_N/A_ACTUAL_POS] --(BEFORE)--> [EVENT_N/A_ACTUAL_POS] | [EVENT_N/A_ACTUAL_POS] --(SIMULTANEOUS)--> [EVENT_N/A_ACTUAL_POS],"""échographie"" --(BEFORE)--> ""complété"" | ""complété"" --(SIMULTANEOUS)--> ""scanner"""
196,41,FR100603,[EVENT_N/A_ACTUAL_POS] --(BEFORE)--> [EVENT_N/A_ACTUAL_POS] | [EVENT_N/A_ACTUAL_POS] --(SIMULTANEOUS)--> [EVENT_N/A_ACTUAL_POS],"""hémocultures"" --(BEFORE)--> ""évolution"" | ""évolution"" --(SIMULTANEOUS)--> ""favorable"""
196,41,FR100614,[EVENT_N/A_ACTUAL_POS] --(BEFORE)--> [EVENT_N/A_ACTUAL_POS] | [EVENT_N/A_ACTUAL_POS] --(SIMULTANEOUS)--> [EVENT_N/A_ACTUAL_POS],"""rupture"" --(BEFORE)--> ""intervention"" | ""intervention"" --(SIMULTANEOUS)--> ""mesures"""
196,41,FR100629,[EVENT_N/A_ACTUAL_POS] --(BEFORE)--> [EVENT_N/A_ACTUAL_POS] | [EVENT_N/A_ACTUAL_POS] --(SIMULTANEOUS)--> [EVENT_N/A_ACTUAL_POS],"""radiographie"" --(BEFORE)--> ""TDM"" | ""TDM"" --(SIMULTANEOUS)--> ""tomodensitométrie"""
196,41,FR100658,[EVENT_N/A_ACTUAL_POS] --(BEFORE)--> [EVENT_N/A_ACTUAL_POS] | [EVENT_N/A_ACTUAL_POS] --(SIMULTANEOUS)--> [EVENT_N/A_ACTUAL_POS],"""laryngoscopie"" --(BEFORE)--> ""tomodensitométrie"" | ""tomodensitométrie"" --(SIMULTANEOUS)--> ""TDM"""
196,41,FR100688,[EVENT_N/A_ACTUAL_POS] --(BEFORE)--> [EVENT_N/A_ACTUAL_POS] | [EVENT_N/A_ACTUAL_POS] --(SIMULTANEOUS)--> [EVENT_N/A_ACTUAL_POS],"""traitement"" --(BEFORE)--> ""évolution"" | ""évolution"" --(SIMULTANEOUS)--> ""favorable"""
196,41,FR100689,[EVENT_N/A_ACTUAL_POS] --(BEFORE)--> [EVENT_N/A_ACTUAL_POS] | [EVENT_N/A_ACTUAL_POS] --(SIMULTANEOUS)--> [EVENT_N/A_ACTUAL_POS],"""traitement"" --(BEFORE)--> ""bithérapie"" | ""bithérapie"" --(SIMULTANEOUS)--> ""traitement"""
196,41,FR100717,[EVENT_N/A_ACTUAL_POS] --(BEFORE)--> [EVENT_N/A_ACTUAL_POS] | [EVENT_N/A_ACTUAL_POS] --(SIMULTANEOUS)--> [EVENT_N/A_ACTUAL_POS],"""exploration"" --(BEFORE)--> ""suites"" | ""suites"" --(SIMULTANEOUS)--> ""simples"""
196,41,FR100748,[EVENT_N/A_ACTUAL_POS] --(BEFORE)--> [EVENT_N/A_ACTUAL_POS] | [EVENT_N/A_ACTUAL_POS] --(SIMULTANEOUS)--> [EVENT_N/A_ACTUAL_POS],"""mobilisation"" --(BEFORE)--> ""suites"" | ""suites"" --(SIMULTANEOUS)--> ""stabilité"""
196,41,FR100780,[EVENT_N/A_ACTUAL_POS] --(BEFORE)--> [EVENT_N/A_ACTUAL_POS] | [EVENT_N/A_ACTUAL_POS] --(SIMULTANEOUS)--> [EVENT_N/A_ACTUAL_POS],"""geste"" --(BEFORE)--> ""geste"" | ""geste"" --(SIMULTANEOUS)--> ""grossesse"""
196,41,FR100806,[EVENT_N/A_ACTUAL_POS] --(BEFORE)--> [EVENT_N/A_ACTUAL_POS] | [EVENT_N/A_ACTUAL_POS] --(SIMULTANEOUS)--> [EVENT_N/A_ACTUAL_POS],"""examen"" --(BEFORE)--> ""suites"" | ""suites"" --(SIMULTANEOUS)--> ""simples"""
196,41,FR100826,[EVENT_N/A_ACTUAL_POS] --(BEFORE)--> [EVENT_N/A_ACTUAL_POS] | [EVENT_N/A_ACTUAL_POS] --(SIMULTANEOUS)--> [EVENT_N/A_ACTUAL_POS],"""exploration"" --(BEFORE)--> ""suites"" | ""suites"" --(SIMULTANEOUS)--> ""simples"""
196,41,FR100845,[EVENT_N/A_ACTUAL_POS] --(BEFORE)--> [EVENT_N/A_ACTUAL_POS] | [EVENT_N/A_ACTUAL_POS] --(SIMULTANEOUS)--> [EVENT_N/A_ACTUAL_POS],"""informé"" --(BEFORE)--> ""décision"" | ""décision"" --(SIMULTANEOUS)--> ""césarisée"""
196,41,FR100849,[EVENT_N/A_ACTUAL_POS] --(BEFORE)--> [EVENT_N/A_ACTUAL_POS] | [EVENT_N/A_ACTUAL_POS] --(SIMULTANEOUS)--> [EVENT_N/A_ACTUAL_POS],"""admission"" --(BEFORE)--> ""tomodensitométrie"" | ""tomodensitométrie"" --(SIMULTANEOUS)--> ""TDM"""
196,41,FR100870,[EVENT_N/A_ACTUAL_POS] --(BEFORE)--> [EVENT_N/A_ACTUAL_POS] | [EVENT_N/A_ACTUAL_POS] --(SIMULTANEOUS)--> [EVENT_N/A_ACTUAL_POS],"""dosage"" --(BEFORE)--> ""étude"" | ""étude"" --(SIMULTANEOUS)--> ""FISH"""
196,41,FR100882,[EVENT_N/A_ACTUAL_POS] --(BEFORE)--> [EVENT_N/A_ACTUAL_POS] | [EVENT_N/A_ACTUAL_POS] --(SIMULTANEOUS)--> [EVENT_N/A_ACTUAL_POS],"""laminectomie"" --(BEFORE)--> ""Imagerie"" | ""Imagerie"" --(SIMULTANEOUS)--> ""IRM"""
196,41,FR100894,[EVENT_N/A_ACTUAL_POS] --(BEFORE)--> [EVENT_N/A_ACTUAL_POS] | [EVENT_N/A_ACTUAL_POS] --(SIMULTANEOUS)--> [EVENT_N/A_ACTUAL_POS],"""incision"" --(BEFORE)--> ""immobilisé"" | ""immobilisé"" --(SIMULTANEOUS)--> ""plâtre"""
196,41,FR100921,[EVENT_N/A_ACTUAL_POS] --(BEFORE)--> [EVENT_N/A_ACTUAL_POS] | [EVENT_N/A_ACTUAL_POS] --(SIMULTANEOUS)--> [EVENT_N/A_ACTUAL_POS],"""palpation"" --(BEFORE)--> ""imagerie"" | ""imagerie"" --(SIMULTANEOUS)--> ""IRM"""
196,41,FR100932,[EVENT_N/A_ACTUAL_POS] --(BEFORE)--> [EVENT_N/A_ACTUAL_POS] | [EVENT_N/A_ACTUAL_POS] --(SIMULTANEOUS)--> [EVENT_N/A_ACTUAL_POS],"""mise"" --(BEFORE)--> ""imagerie"" | ""imagerie"" --(SIMULTANEOUS)--> ""IRM"""
196,41,FR100959,[EVENT_N/A_ACTUAL_POS] --(BEFORE)--> [EVENT_N/A_ACTUAL_POS] | [EVENT_N/A_ACTUAL_POS] --(SIMULTANEOUS)--> [EVENT_N/A_ACTUAL_POS],"""œsophagoscopie"" --(BEFORE)--> ""Transit"" | ""Transit"" --(SIMULTANEOUS)--> ""TOGD"""
196,41,FR100994,[EVENT_N/A_ACTUAL_POS] --(BEFORE)--> [EVENT_N/A_ACTUAL_POS] | [EVENT_N/A_ACTUAL_POS] --(SIMULTANEOUS)--> [EVENT_N/A_ACTUAL_POS],"""rapportons"" --(BEFORE)--> ""observation"" | ""observation"" --(SIMULTANEOUS)--> ""cas"""
