ID_Motif,Support,Document,Structure_Abstraite,Exemples_du_Texte
12,70,FR100003,[EVENT_BEFORE_N/A_ACTUAL_POS] --(CONTAINS)--> [EVENT_BEFORE_N/A_ACTUAL_POS] | [EVENT_BEFORE_N/A_ACTUAL_POS] --(BEFORE)--> [EVENT_BEFORE_N/A_ACTUAL_POS],"""délabrement"" --(CONTAINS)--> ""panoramique"" | ""panoramique"" --(BEFORE)--> ""ponction"""
12,70,FR100078,[EVENT_BEFORE_N/A_ACTUAL_POS] --(CONTAINS)--> [EVENT_BEFORE_N/A_ACTUAL_POS] | [EVENT_BEFORE_N/A_ACTUAL_POS] --(BEFORE)--> [EVENT_BEFORE_N/A_ACTUAL_POS],"""fièvre"" --(CONTAINS)--> ""diagnostic"" | ""diagnostic"" --(BEFORE)--> ""traitements"""
12,70,FR100092,[EVENT_BEFORE_N/A_ACTUAL_POS] --(CONTAINS)--> [EVENT_BEFORE_N/A_ACTUAL_POS] | [EVENT_BEFORE_N/A_ACTUAL_POS] --(BEFORE)--> [EVENT_BEFORE_N/A_ACTUAL_POS],"""masse"" --(CONTAINS)--> ""échographie"" | ""échographie"" --(BEFORE)--> ""tableau"""
12,70,FR100120,[EVENT_BEFORE_N/A_ACTUAL_POS] --(CONTAINS)--> [EVENT_BEFORE_N/A_ACTUAL_POS] | [EVENT_BEFORE_N/A_ACTUAL_POS] --(BEFORE)--> [EVENT_BEFORE_N/A_ACTUAL_POS],"""diabète"" --(CONTAINS)--> ""rattaché"" | ""rattaché"" --(BEFORE)--> ""traitement"""
12,70,FR100130,[EVENT_BEFORE_N/A_ACTUAL_POS] --(CONTAINS)--> [EVENT_BEFORE_N/A_ACTUAL_POS] | [EVENT_BEFORE_N/A_ACTUAL_POS] --(BEFORE)--> [EVENT_BEFORE_N/A_ACTUAL_POS],"""marche"" --(CONTAINS)--> ""examen"" | ""examen"" --(BEFORE)--> ""imagerie"""
12,70,FR100132,[EVENT_BEFORE_N/A_ACTUAL_POS] --(CONTAINS)--> [EVENT_BEFORE_N/A_ACTUAL_POS] | [EVENT_BEFORE_N/A_ACTUAL_POS] --(BEFORE)--> [EVENT_BEFORE_N/A_ACTUAL_POS],"""baisse"" --(CONTAINS)--> ""consultation"" | ""consultation"" --(BEFORE)--> ""examen"""
12,70,FR100142,[EVENT_BEFORE_N/A_ACTUAL_POS] --(CONTAINS)--> [EVENT_BEFORE_N/A_ACTUAL_POS] | [EVENT_BEFORE_N/A_ACTUAL_POS] --(BEFORE)--> [EVENT_BEFORE_N/A_ACTUAL_POS],"""taux"" --(CONTAINS)--> ""fibroscopie"" | ""fibroscopie"" --(BEFORE)--> ""biopsie"""
12,70,FR100161,[EVENT_BEFORE_N/A_ACTUAL_POS] --(CONTAINS)--> [EVENT_BEFORE_N/A_ACTUAL_POS] | [EVENT_BEFORE_N/A_ACTUAL_POS] --(BEFORE)--> [EVENT_BEFORE_N/A_ACTUAL_POS],"""cytolyse"" --(CONTAINS)--> ""demandée"" | ""demandée"" --(BEFORE)--> ""échographie"""
12,70,FR100168,[EVENT_BEFORE_N/A_ACTUAL_POS] --(CONTAINS)--> [EVENT_BEFORE_N/A_ACTUAL_POS] | [EVENT_BEFORE_N/A_ACTUAL_POS] --(BEFORE)--> [EVENT_BEFORE_N/A_ACTUAL_POS],"""fibrinogène"" --(CONTAINS)--> ""bilan"" | ""bilan"" --(BEFORE)--> ""tests"""
12,70,FR100185,[EVENT_BEFORE_N/A_ACTUAL_POS] --(CONTAINS)--> [EVENT_BEFORE_N/A_ACTUAL_POS] | [EVENT_BEFORE_N/A_ACTUAL_POS] --(BEFORE)--> [EVENT_BEFORE_N/A_ACTUAL_POS],"""accuse"" --(CONTAINS)--> ""Electromyogramme"" | ""Electromyogramme"" --(BEFORE)--> ""IRM"""
12,70,FR100255,[EVENT_BEFORE_N/A_ACTUAL_POS] --(CONTAINS)--> [EVENT_BEFORE_N/A_ACTUAL_POS] | [EVENT_BEFORE_N/A_ACTUAL_POS] --(BEFORE)--> [EVENT_BEFORE_N/A_ACTUAL_POS],"""emphysème"" --(CONTAINS)--> ""examen"" | ""examen"" --(BEFORE)--> ""examen"""
12,70,FR100275,[EVENT_BEFORE_N/A_ACTUAL_POS] --(CONTAINS)--> [EVENT_BEFORE_N/A_ACTUAL_POS] | [EVENT_BEFORE_N/A_ACTUAL_POS] --(BEFORE)--> [EVENT_BEFORE_N/A_ACTUAL_POS],"""mort"" --(CONTAINS)--> ""établi"" | ""établi"" --(BEFORE)--> ""manœuvres"""
12,70,FR100276,[EVENT_BEFORE_N/A_ACTUAL_POS] --(CONTAINS)--> [EVENT_BEFORE_N/A_ACTUAL_POS] | [EVENT_BEFORE_N/A_ACTUAL_POS] --(BEFORE)--> [EVENT_BEFORE_N/A_ACTUAL_POS],"""aplasie"" --(CONTAINS)--> ""accouchement"" | ""accouchement"" --(BEFORE)--> ""reste"""
12,70,FR100282,[EVENT_BEFORE_N/A_ACTUAL_POS] --(CONTAINS)--> [EVENT_BEFORE_N/A_ACTUAL_POS] | [EVENT_BEFORE_N/A_ACTUAL_POS] --(BEFORE)--> [EVENT_BEFORE_N/A_ACTUAL_POS],"""lésions"" --(CONTAINS)--> ""scanner"" | ""scanner"" --(BEFORE)--> ""conclus"""
12,70,FR100283,[EVENT_BEFORE_N/A_ACTUAL_POS] --(CONTAINS)--> [EVENT_BEFORE_N/A_ACTUAL_POS] | [EVENT_BEFORE_N/A_ACTUAL_POS] --(BEFORE)--> [EVENT_BEFORE_N/A_ACTUAL_POS],"""sinusite"" --(CONTAINS)--> ""IRM"" | ""IRM"" --(BEFORE)--> ""hypophysiogramme"""
12,70,FR100296,[EVENT_BEFORE_N/A_ACTUAL_POS] --(CONTAINS)--> [EVENT_BEFORE_N/A_ACTUAL_POS] | [EVENT_BEFORE_N/A_ACTUAL_POS] --(BEFORE)--> [EVENT_BEFORE_N/A_ACTUAL_POS],"""hypoesthésie"" --(CONTAINS)--> ""examen"" | ""examen"" --(BEFORE)--> ""IRM"""
12,70,FR100314,[EVENT_BEFORE_N/A_ACTUAL_POS] --(CONTAINS)--> [EVENT_BEFORE_N/A_ACTUAL_POS] | [EVENT_BEFORE_N/A_ACTUAL_POS] --(BEFORE)--> [EVENT_BEFORE_N/A_ACTUAL_POS],"""fracture"" --(CONTAINS)--> ""bilan"" | ""bilan"" --(BEFORE)--> ""drainage"""
12,70,FR100344,[EVENT_BEFORE_N/A_ACTUAL_POS] --(CONTAINS)--> [EVENT_BEFORE_N/A_ACTUAL_POS] | [EVENT_BEFORE_N/A_ACTUAL_POS] --(BEFORE)--> [EVENT_BEFORE_N/A_ACTUAL_POS],"""évolution"" --(CONTAINS)--> ""déroulée"" | ""déroulée"" --(BEFORE)--> ""plainte"""
12,70,FR100346,[EVENT_BEFORE_N/A_ACTUAL_POS] --(CONTAINS)--> [EVENT_BEFORE_N/A_ACTUAL_POS] | [EVENT_BEFORE_N/A_ACTUAL_POS] --(BEFORE)--> [EVENT_BEFORE_N/A_ACTUAL_POS],"""pouls"" --(CONTAINS)--> ""examen"" | ""examen"" --(BEFORE)--> ""gazométrie"""
12,70,FR100360,[EVENT_BEFORE_N/A_ACTUAL_POS] --(CONTAINS)--> [EVENT_BEFORE_N/A_ACTUAL_POS] | [EVENT_BEFORE_N/A_ACTUAL_POS] --(BEFORE)--> [EVENT_BEFORE_N/A_ACTUAL_POS],"""bilan"" --(CONTAINS)--> ""tomodensitométrie"" | ""tomodensitométrie"" --(BEFORE)--> ""radiothérapie"""
12,70,FR100361,[EVENT_BEFORE_N/A_ACTUAL_POS] --(CONTAINS)--> [EVENT_BEFORE_N/A_ACTUAL_POS] | [EVENT_BEFORE_N/A_ACTUAL_POS] --(BEFORE)--> [EVENT_BEFORE_N/A_ACTUAL_POS],"""hypoglycorrachie"" --(CONTAINS)--> ""examen"" | ""examen"" --(BEFORE)--> ""culture"""
12,70,FR100371,[EVENT_BEFORE_N/A_ACTUAL_POS] --(CONTAINS)--> [EVENT_BEFORE_N/A_ACTUAL_POS] | [EVENT_BEFORE_N/A_ACTUAL_POS] --(BEFORE)--> [EVENT_BEFORE_N/A_ACTUAL_POS],"""nombre"" --(CONTAINS)--> ""bilan"" | ""bilan"" --(BEFORE)--> ""bilan"""
12,70,FR100400,[EVENT_BEFORE_N/A_ACTUAL_POS] --(CONTAINS)--> [EVENT_BEFORE_N/A_ACTUAL_POS] | [EVENT_BEFORE_N/A_ACTUAL_POS] --(BEFORE)--> [EVENT_BEFORE_N/A_ACTUAL_POS],"""masse"" --(CONTAINS)--> ""scanner"" | ""scanner"" --(BEFORE)--> ""diagnostic"""
12,70,FR100439,[EVENT_BEFORE_N/A_ACTUAL_POS] --(CONTAINS)--> [EVENT_BEFORE_N/A_ACTUAL_POS] | [EVENT_BEFORE_N/A_ACTUAL_POS] --(BEFORE)--> [EVENT_BEFORE_N/A_ACTUAL_POS],"""disparition"" --(CONTAINS)--> ""nasofibroscopie"" | ""nasofibroscopie"" --(BEFORE)--> ""contrôles"""
12,70,FR100453,[EVENT_BEFORE_N/A_ACTUAL_POS] --(CONTAINS)--> [EVENT_BEFORE_N/A_ACTUAL_POS] | [EVENT_BEFORE_N/A_ACTUAL_POS] --(BEFORE)--> [EVENT_BEFORE_N/A_ACTUAL_POS],"""développement"" --(CONTAINS)--> ""examen"" | ""examen"" --(BEFORE)--> ""radiographies"""
12,70,FR100480,[EVENT_BEFORE_N/A_ACTUAL_POS] --(CONTAINS)--> [EVENT_BEFORE_N/A_ACTUAL_POS] | [EVENT_BEFORE_N/A_ACTUAL_POS] --(BEFORE)--> [EVENT_BEFORE_N/A_ACTUAL_POS],"""nature"" --(CONTAINS)--> ""examen"" | ""examen"" --(BEFORE)--> ""bilan"""
12,70,FR100510,[EVENT_BEFORE_N/A_ACTUAL_POS] --(CONTAINS)--> [EVENT_BEFORE_N/A_ACTUAL_POS] | [EVENT_BEFORE_N/A_ACTUAL_POS] --(BEFORE)--> [EVENT_BEFORE_N/A_ACTUAL_POS],"""masse"" --(CONTAINS)--> ""examen"" | ""examen"" --(BEFORE)--> ""radiographie"""
12,70,FR100515,[EVENT_BEFORE_N/A_ACTUAL_POS] --(CONTAINS)--> [EVENT_BEFORE_N/A_ACTUAL_POS] | [EVENT_BEFORE_N/A_ACTUAL_POS] --(BEFORE)--> [EVENT_BEFORE_N/A_ACTUAL_POS],"""créatine"" --(CONTAINS)--> ""dosage"" | ""dosage"" --(BEFORE)--> ""bilan"""
12,70,FR100517,[EVENT_BEFORE_N/A_ACTUAL_POS] --(CONTAINS)--> [EVENT_BEFORE_N/A_ACTUAL_POS] | [EVENT_BEFORE_N/A_ACTUAL_POS] --(BEFORE)--> [EVENT_BEFORE_N/A_ACTUAL_POS],"""syndrome"" --(CONTAINS)--> ""bilan"" | ""bilan"" --(BEFORE)--> ""électromyogramme"""
12,70,FR100519,[EVENT_BEFORE_N/A_ACTUAL_POS] --(CONTAINS)--> [EVENT_BEFORE_N/A_ACTUAL_POS] | [EVENT_BEFORE_N/A_ACTUAL_POS] --(BEFORE)--> [EVENT_BEFORE_N/A_ACTUAL_POS],"""hémopéritoine"" --(CONTAINS)--> ""laparotomie"" | ""laparotomie"" --(BEFORE)--> ""suites"""
12,70,FR100579,[EVENT_BEFORE_N/A_ACTUAL_POS] --(CONTAINS)--> [EVENT_BEFORE_N/A_ACTUAL_POS] | [EVENT_BEFORE_N/A_ACTUAL_POS] --(BEFORE)--> [EVENT_BEFORE_N/A_ACTUAL_POS],"""dilatation"" --(CONTAINS)--> ""radiographie"" | ""radiographie"" --(BEFORE)--> ""échocardiographie"""
12,70,FR100589,[EVENT_BEFORE_N/A_ACTUAL_POS] --(CONTAINS)--> [EVENT_BEFORE_N/A_ACTUAL_POS] | [EVENT_BEFORE_N/A_ACTUAL_POS] --(BEFORE)--> [EVENT_BEFORE_N/A_ACTUAL_POS],"""discuté"" --(CONTAINS)--> ""évoqué"" | ""évoqué"" --(BEFORE)--> ""rechercher"""
12,70,FR100597,[EVENT_BEFORE_N/A_ACTUAL_POS] --(CONTAINS)--> [EVENT_BEFORE_N/A_ACTUAL_POS] | [EVENT_BEFORE_N/A_ACTUAL_POS] --(BEFORE)--> [EVENT_BEFORE_N/A_ACTUAL_POS],"""masse"" --(CONTAINS)--> ""découverte"" | ""découverte"" --(BEFORE)--> ""consultation"""
12,70,FR100603,[EVENT_BEFORE_N/A_ACTUAL_POS] --(CONTAINS)--> [EVENT_BEFORE_N/A_ACTUAL_POS] | [EVENT_BEFORE_N/A_ACTUAL_POS] --(BEFORE)--> [EVENT_BEFORE_N/A_ACTUAL_POS],"""staphylococcus"" --(CONTAINS)--> ""hémocultures"" | ""hémocultures"" --(BEFORE)--> ""évolution"""
12,70,FR100611,[EVENT_BEFORE_N/A_ACTUAL_POS] --(CONTAINS)--> [EVENT_BEFORE_N/A_ACTUAL_POS] | [EVENT_BEFORE_N/A_ACTUAL_POS] --(BEFORE)--> [EVENT_BEFORE_N/A_ACTUAL_POS],"""adénopathies"" --(CONTAINS)--> ""examen"" | ""examen"" --(BEFORE)--> ""IRM"""
12,70,FR100614,[EVENT_BEFORE_N/A_ACTUAL_POS] --(CONTAINS)--> [EVENT_BEFORE_N/A_ACTUAL_POS] | [EVENT_BEFORE_N/A_ACTUAL_POS] --(BEFORE)--> [EVENT_BEFORE_N/A_ACTUAL_POS],"""douleur"" --(CONTAINS)--> ""admission"" | ""admission"" --(BEFORE)--> ""examen"""
12,70,FR100620,[EVENT_BEFORE_N/A_ACTUAL_POS] --(CONTAINS)--> [EVENT_BEFORE_N/A_ACTUAL_POS] | [EVENT_BEFORE_N/A_ACTUAL_POS] --(BEFORE)--> [EVENT_BEFORE_N/A_ACTUAL_POS],"""clarté"" --(CONTAINS)--> ""radiographie"" | ""radiographie"" --(BEFORE)--> ""drainage"""
12,70,FR100623,[EVENT_BEFORE_N/A_ACTUAL_POS] --(CONTAINS)--> [EVENT_BEFORE_N/A_ACTUAL_POS] | [EVENT_BEFORE_N/A_ACTUAL_POS] --(BEFORE)--> [EVENT_BEFORE_N/A_ACTUAL_POS],"""gaz"" --(CONTAINS)--> ""consulté"" | ""consulté"" --(BEFORE)--> ""examen"""
12,70,FR100629,[EVENT_BEFORE_N/A_ACTUAL_POS] --(CONTAINS)--> [EVENT_BEFORE_N/A_ACTUAL_POS] | [EVENT_BEFORE_N/A_ACTUAL_POS] --(BEFORE)--> [EVENT_BEFORE_N/A_ACTUAL_POS],"""douleur"" --(CONTAINS)--> ""examen"" | ""examen"" --(BEFORE)--> ""radiographie"""
12,70,FR100632,[EVENT_BEFORE_N/A_ACTUAL_POS] --(CONTAINS)--> [EVENT_BEFORE_N/A_ACTUAL_POS] | [EVENT_BEFORE_N/A_ACTUAL_POS] --(BEFORE)--> [EVENT_BEFORE_N/A_ACTUAL_POS],"""anomalie"" --(CONTAINS)--> ""IRM"" | ""IRM"" --(BEFORE)--> ""IRM"""
12,70,FR100658,[EVENT_BEFORE_N/A_ACTUAL_POS] --(CONTAINS)--> [EVENT_BEFORE_N/A_ACTUAL_POS] | [EVENT_BEFORE_N/A_ACTUAL_POS] --(BEFORE)--> [EVENT_BEFORE_N/A_ACTUAL_POS],"""sibilants"" --(CONTAINS)--> ""auscultation"" | ""auscultation"" --(BEFORE)--> ""examens"""
12,70,FR100663,[EVENT_BEFORE_N/A_ACTUAL_POS] --(CONTAINS)--> [EVENT_BEFORE_N/A_ACTUAL_POS] | [EVENT_BEFORE_N/A_ACTUAL_POS] --(BEFORE)--> [EVENT_BEFORE_N/A_ACTUAL_POS],"""grossesse"" --(CONTAINS)--> ""examen"" | ""examen"" --(BEFORE)--> ""examen"""
12,70,FR100666,[EVENT_BEFORE_N/A_ACTUAL_POS] --(CONTAINS)--> [EVENT_BEFORE_N/A_ACTUAL_POS] | [EVENT_BEFORE_N/A_ACTUAL_POS] --(BEFORE)--> [EVENT_BEFORE_N/A_ACTUAL_POS],"""tuméfactions"" --(CONTAINS)--> ""palpation"" | ""palpation"" --(BEFORE)--> ""radiographie"""
12,70,FR100683,[EVENT_BEFORE_N/A_ACTUAL_POS] --(CONTAINS)--> [EVENT_BEFORE_N/A_ACTUAL_POS] | [EVENT_BEFORE_N/A_ACTUAL_POS] --(BEFORE)--> [EVENT_BEFORE_N/A_ACTUAL_POS],"""créatinine"" --(CONTAINS)--> ""exploration"" | ""exploration"" --(BEFORE)--> ""exploration"""
12,70,FR100688,[EVENT_BEFORE_N/A_ACTUAL_POS] --(CONTAINS)--> [EVENT_BEFORE_N/A_ACTUAL_POS] | [EVENT_BEFORE_N/A_ACTUAL_POS] --(BEFORE)--> [EVENT_BEFORE_N/A_ACTUAL_POS],"""indice"" --(CONTAINS)--> ""examen"" | ""examen"" --(BEFORE)--> ""examen"""
12,70,FR100689,[EVENT_BEFORE_N/A_ACTUAL_POS] --(CONTAINS)--> [EVENT_BEFORE_N/A_ACTUAL_POS] | [EVENT_BEFORE_N/A_ACTUAL_POS] --(BEFORE)--> [EVENT_BEFORE_N/A_ACTUAL_POS],"""recherche"" --(CONTAINS)--> ""ionogramme"" | ""ionogramme"" --(BEFORE)--> ""examen"""
12,70,FR100697,[EVENT_BEFORE_N/A_ACTUAL_POS] --(CONTAINS)--> [EVENT_BEFORE_N/A_ACTUAL_POS] | [EVENT_BEFORE_N/A_ACTUAL_POS] --(BEFORE)--> [EVENT_BEFORE_N/A_ACTUAL_POS],"""adénopathies"" --(CONTAINS)--> ""examen"" | ""examen"" --(BEFORE)--> ""mammographie"""
12,70,FR100708,[EVENT_BEFORE_N/A_ACTUAL_POS] --(CONTAINS)--> [EVENT_BEFORE_N/A_ACTUAL_POS] | [EVENT_BEFORE_N/A_ACTUAL_POS] --(BEFORE)--> [EVENT_BEFORE_N/A_ACTUAL_POS],"""galactorrhée"" --(CONTAINS)--> ""examen"" | ""examen"" --(BEFORE)--> ""mammographie"""
12,70,FR100717,[EVENT_BEFORE_N/A_ACTUAL_POS] --(CONTAINS)--> [EVENT_BEFORE_N/A_ACTUAL_POS] | [EVENT_BEFORE_N/A_ACTUAL_POS] --(BEFORE)--> [EVENT_BEFORE_N/A_ACTUAL_POS],"""IMC"" --(CONTAINS)--> ""examen"" | ""examen"" --(BEFORE)--> ""examens"""
12,70,FR100748,[EVENT_BEFORE_N/A_ACTUAL_POS] --(CONTAINS)--> [EVENT_BEFORE_N/A_ACTUAL_POS] | [EVENT_BEFORE_N/A_ACTUAL_POS] --(BEFORE)--> [EVENT_BEFORE_N/A_ACTUAL_POS],"""vertiges"" --(CONTAINS)--> ""adressée"" | ""adressée"" --(BEFORE)--> ""hospitalisation"""
12,70,FR100766,[EVENT_BEFORE_N/A_ACTUAL_POS] --(CONTAINS)--> [EVENT_BEFORE_N/A_ACTUAL_POS] | [EVENT_BEFORE_N/A_ACTUAL_POS] --(BEFORE)--> [EVENT_BEFORE_N/A_ACTUAL_POS],"""tumeur"" --(CONTAINS)--> ""classé"" | ""classé"" --(BEFORE)--> ""décision"""
12,70,FR100780,[EVENT_BEFORE_N/A_ACTUAL_POS] --(CONTAINS)--> [EVENT_BEFORE_N/A_ACTUAL_POS] | [EVENT_BEFORE_N/A_ACTUAL_POS] --(BEFORE)--> [EVENT_BEFORE_N/A_ACTUAL_POS],"""poids"" --(CONTAINS)--> ""examen"" | ""examen"" --(BEFORE)--> ""toucher"""
12,70,FR100806,[EVENT_BEFORE_N/A_ACTUAL_POS] --(CONTAINS)--> [EVENT_BEFORE_N/A_ACTUAL_POS] | [EVENT_BEFORE_N/A_ACTUAL_POS] --(BEFORE)--> [EVENT_BEFORE_N/A_ACTUAL_POS],"""D-dimères"" --(CONTAINS)--> ""biologie"" | ""biologie"" --(BEFORE)--> ""tomodensitométrie"""
12,70,FR100814,[EVENT_BEFORE_N/A_ACTUAL_POS] --(CONTAINS)--> [EVENT_BEFORE_N/A_ACTUAL_POS] | [EVENT_BEFORE_N/A_ACTUAL_POS] --(BEFORE)--> [EVENT_BEFORE_N/A_ACTUAL_POS],"""neurofibrome"" --(CONTAINS)--> ""diagnostic"" | ""diagnostic"" --(BEFORE)--> ""réséquée"""
12,70,FR100826,[EVENT_BEFORE_N/A_ACTUAL_POS] --(CONTAINS)--> [EVENT_BEFORE_N/A_ACTUAL_POS] | [EVENT_BEFORE_N/A_ACTUAL_POS] --(BEFORE)--> [EVENT_BEFORE_N/A_ACTUAL_POS],"""qualité"" --(CONTAINS)--> ""retenue"" | ""retenue"" --(BEFORE)--> ""exploration"""
12,70,FR100845,[EVENT_BEFORE_N/A_ACTUAL_POS] --(CONTAINS)--> [EVENT_BEFORE_N/A_ACTUAL_POS] | [EVENT_BEFORE_N/A_ACTUAL_POS] --(BEFORE)--> [EVENT_BEFORE_N/A_ACTUAL_POS],"""présence"" --(CONTAINS)--> ""échographie"" | ""échographie"" --(BEFORE)--> ""radiographie"""
12,70,FR100849,[EVENT_BEFORE_N/A_ACTUAL_POS] --(CONTAINS)--> [EVENT_BEFORE_N/A_ACTUAL_POS] | [EVENT_BEFORE_N/A_ACTUAL_POS] --(BEFORE)--> [EVENT_BEFORE_N/A_ACTUAL_POS],"""appendagite"" --(CONTAINS)--> ""tomodensitométrie"" | ""tomodensitométrie"" --(BEFORE)--> ""acheminé"""
12,70,FR100870,[EVENT_BEFORE_N/A_ACTUAL_POS] --(CONTAINS)--> [EVENT_BEFORE_N/A_ACTUAL_POS] | [EVENT_BEFORE_N/A_ACTUAL_POS] --(BEFORE)--> [EVENT_BEFORE_N/A_ACTUAL_POS],"""éléments"" --(CONTAINS)--> ""myélogramme"" | ""myélogramme"" --(BEFORE)--> ""dosage"""
12,70,FR100874,[EVENT_BEFORE_N/A_ACTUAL_POS] --(CONTAINS)--> [EVENT_BEFORE_N/A_ACTUAL_POS] | [EVENT_BEFORE_N/A_ACTUAL_POS] --(BEFORE)--> [EVENT_BEFORE_N/A_ACTUAL_POS],"""méléna"" --(CONTAINS)--> ""examen"" | ""examen"" --(BEFORE)--> ""hémogramme"""
12,70,FR100882,[EVENT_BEFORE_N/A_ACTUAL_POS] --(CONTAINS)--> [EVENT_BEFORE_N/A_ACTUAL_POS] | [EVENT_BEFORE_N/A_ACTUAL_POS] --(BEFORE)--> [EVENT_BEFORE_N/A_ACTUAL_POS],"""hospitalisation"" --(CONTAINS)--> ""admise"" | ""admise"" --(BEFORE)--> ""examen"""
12,70,FR100883,[EVENT_BEFORE_N/A_ACTUAL_POS] --(CONTAINS)--> [EVENT_BEFORE_N/A_ACTUAL_POS] | [EVENT_BEFORE_N/A_ACTUAL_POS] --(BEFORE)--> [EVENT_BEFORE_N/A_ACTUAL_POS],"""prolifération"" --(CONTAINS)--> ""biopsie"" | ""biopsie"" --(BEFORE)--> ""bilan"""
12,70,FR100894,[EVENT_BEFORE_N/A_ACTUAL_POS] --(CONTAINS)--> [EVENT_BEFORE_N/A_ACTUAL_POS] | [EVENT_BEFORE_N/A_ACTUAL_POS] --(BEFORE)--> [EVENT_BEFORE_N/A_ACTUAL_POS],"""désinsertion"" --(CONTAINS)--> ""imagerie"" | ""imagerie"" --(BEFORE)--> ""prescrit"""
12,70,FR100903,[EVENT_BEFORE_N/A_ACTUAL_POS] --(CONTAINS)--> [EVENT_BEFORE_N/A_ACTUAL_POS] | [EVENT_BEFORE_N/A_ACTUAL_POS] --(BEFORE)--> [EVENT_BEFORE_N/A_ACTUAL_POS],"""présence"" --(CONTAINS)--> ""IRM"" | ""IRM"" --(BEFORE)--> ""diagnostic"""
12,70,FR100921,[EVENT_BEFORE_N/A_ACTUAL_POS] --(CONTAINS)--> [EVENT_BEFORE_N/A_ACTUAL_POS] | [EVENT_BEFORE_N/A_ACTUAL_POS] --(BEFORE)--> [EVENT_BEFORE_N/A_ACTUAL_POS],"""douleur"" --(CONTAINS)--> ""palpation"" | ""palpation"" --(BEFORE)--> ""imagerie"""
12,70,FR100944,[EVENT_BEFORE_N/A_ACTUAL_POS] --(CONTAINS)--> [EVENT_BEFORE_N/A_ACTUAL_POS] | [EVENT_BEFORE_N/A_ACTUAL_POS] --(BEFORE)--> [EVENT_BEFORE_N/A_ACTUAL_POS],"""fuite"" --(CONTAINS)--> ""échocardiographique"" | ""échocardiographique"" --(BEFORE)--> ""remplacement"""
12,70,FR100946,[EVENT_BEFORE_N/A_ACTUAL_POS] --(CONTAINS)--> [EVENT_BEFORE_N/A_ACTUAL_POS] | [EVENT_BEFORE_N/A_ACTUAL_POS] --(BEFORE)--> [EVENT_BEFORE_N/A_ACTUAL_POS],"""œdème"" --(CONTAINS)--> ""IRM"" | ""IRM"" --(BEFORE)--> ""analyse"""
12,70,FR100959,[EVENT_BEFORE_N/A_ACTUAL_POS] --(CONTAINS)--> [EVENT_BEFORE_N/A_ACTUAL_POS] | [EVENT_BEFORE_N/A_ACTUAL_POS] --(BEFORE)--> [EVENT_BEFORE_N/A_ACTUAL_POS],"""orifice"" --(CONTAINS)--> ""Transit"" | ""Transit"" --(BEFORE)--> ""notée"""
12,70,FR100979,[EVENT_BEFORE_N/A_ACTUAL_POS] --(CONTAINS)--> [EVENT_BEFORE_N/A_ACTUAL_POS] | [EVENT_BEFORE_N/A_ACTUAL_POS] --(BEFORE)--> [EVENT_BEFORE_N/A_ACTUAL_POS],"""prééclampsie"" --(CONTAINS)--> ""admise"" | ""admise"" --(BEFORE)--> ""accident"""
12,70,FR100996,[EVENT_BEFORE_N/A_ACTUAL_POS] --(CONTAINS)--> [EVENT_BEFORE_N/A_ACTUAL_POS] | [EVENT_BEFORE_N/A_ACTUAL_POS] --(BEFORE)--> [EVENT_BEFORE_N/A_ACTUAL_POS],"""paroi"" --(CONTAINS)--> ""injection"" | ""injection"" --(BEFORE)--> ""retenu"""
12,70,FR100998,[EVENT_BEFORE_N/A_ACTUAL_POS] --(CONTAINS)--> [EVENT_BEFORE_N/A_ACTUAL_POS] | [EVENT_BEFORE_N/A_ACTUAL_POS] --(BEFORE)--> [EVENT_BEFORE_N/A_ACTUAL_POS],"""inflammation"" --(CONTAINS)--> ""diagnostic"" | ""diagnostic"" --(BEFORE)--> ""traitée"""
113,69,FR100003,[EVENT_BEFORE_N/A_ACTUAL_POS] --(BEFORE)--> [EVENT_BEFORE_N/A_ACTUAL_POS] | [EVENT_BEFORE_N/A_ACTUAL_POS] --(BEFORE)--> [EVENT_BEFORE_N/A_ACTUAL_POS],"""examen"" --(BEFORE)--> ""examen"" | ""examen"" --(BEFORE)--> ""antibiothérapie"""
113,69,FR100078,[EVENT_BEFORE_N/A_ACTUAL_POS] --(BEFORE)--> [EVENT_BEFORE_N/A_ACTUAL_POS] | [EVENT_BEFORE_N/A_ACTUAL_POS] --(BEFORE)--> [EVENT_BEFORE_N/A_ACTUAL_POS],"""examen"" --(BEFORE)--> ""doppler"" | ""doppler"" --(BEFORE)--> ""doppler"""
113,69,FR100092,[EVENT_BEFORE_N/A_ACTUAL_POS] --(BEFORE)--> [EVENT_BEFORE_N/A_ACTUAL_POS] | [EVENT_BEFORE_N/A_ACTUAL_POS] --(BEFORE)--> [EVENT_BEFORE_N/A_ACTUAL_POS],"""admise"" --(BEFORE)--> ""examen"" | ""examen"" --(BEFORE)--> ""examen"""
113,69,FR100120,[EVENT_BEFORE_N/A_ACTUAL_POS] --(BEFORE)--> [EVENT_BEFORE_N/A_ACTUAL_POS] | [EVENT_BEFORE_N/A_ACTUAL_POS] --(BEFORE)--> [EVENT_BEFORE_N/A_ACTUAL_POS],"""traitement"" --(BEFORE)--> ""retirées"" | ""retirées"" --(BEFORE)--> ""conclure"""
113,69,FR100130,[EVENT_BEFORE_N/A_ACTUAL_POS] --(BEFORE)--> [EVENT_BEFORE_N/A_ACTUAL_POS] | [EVENT_BEFORE_N/A_ACTUAL_POS] --(BEFORE)--> [EVENT_BEFORE_N/A_ACTUAL_POS],"""séjour"" --(BEFORE)--> ""bilan"" | ""bilan"" --(BEFORE)--> ""suspectée"""
113,69,FR100132,[EVENT_BEFORE_N/A_ACTUAL_POS] --(BEFORE)--> [EVENT_BEFORE_N/A_ACTUAL_POS] | [EVENT_BEFORE_N/A_ACTUAL_POS] --(BEFORE)--> [EVENT_BEFORE_N/A_ACTUAL_POS],"""histologie"" --(BEFORE)--> ""examen"" | ""examen"" --(BEFORE)--> ""écho-Doppler"""
113,69,FR100142,[EVENT_BEFORE_N/A_ACTUAL_POS] --(BEFORE)--> [EVENT_BEFORE_N/A_ACTUAL_POS] | [EVENT_BEFORE_N/A_ACTUAL_POS] --(BEFORE)--> [EVENT_BEFORE_N/A_ACTUAL_POS],"""biopsie"" --(BEFORE)--> ""mis"" | ""mis"" --(BEFORE)--> ""bithérapie"""
113,69,FR100161,[EVENT_BEFORE_N/A_ACTUAL_POS] --(BEFORE)--> [EVENT_BEFORE_N/A_ACTUAL_POS] | [EVENT_BEFORE_N/A_ACTUAL_POS] --(BEFORE)--> [EVENT_BEFORE_N/A_ACTUAL_POS],"""interrogatoire"" --(BEFORE)--> ""examen"" | ""examen"" --(BEFORE)--> ""examens"""
113,69,FR100168,[EVENT_BEFORE_N/A_ACTUAL_POS] --(BEFORE)--> [EVENT_BEFORE_N/A_ACTUAL_POS] | [EVENT_BEFORE_N/A_ACTUAL_POS] --(BEFORE)--> [EVENT_BEFORE_N/A_ACTUAL_POS],"""bilan"" --(BEFORE)--> ""tests"" | ""tests"" --(BEFORE)--> ""entretien"""
113,69,FR100255,[EVENT_BEFORE_N/A_ACTUAL_POS] --(BEFORE)--> [EVENT_BEFORE_N/A_ACTUAL_POS] | [EVENT_BEFORE_N/A_ACTUAL_POS] --(BEFORE)--> [EVENT_BEFORE_N/A_ACTUAL_POS],"""radio"" --(BEFORE)--> ""TDM"" | ""TDM"" --(BEFORE)--> ""bilan"""
113,69,FR100275,[EVENT_BEFORE_N/A_ACTUAL_POS] --(BEFORE)--> [EVENT_BEFORE_N/A_ACTUAL_POS] | [EVENT_BEFORE_N/A_ACTUAL_POS] --(BEFORE)--> [EVENT_BEFORE_N/A_ACTUAL_POS],"""découverte"" --(BEFORE)--> ""arrivée"" | ""arrivée"" --(BEFORE)--> ""établi"""
113,69,FR100276,[EVENT_BEFORE_N/A_ACTUAL_POS] --(BEFORE)--> [EVENT_BEFORE_N/A_ACTUAL_POS] | [EVENT_BEFORE_N/A_ACTUAL_POS] --(BEFORE)--> [EVENT_BEFORE_N/A_ACTUAL_POS],"""biopsie"" --(BEFORE)--> ""posé"" | ""posé"" --(BEFORE)--> ""application"""
113,69,FR100282,[EVENT_BEFORE_N/A_ACTUAL_POS] --(BEFORE)--> [EVENT_BEFORE_N/A_ACTUAL_POS] | [EVENT_BEFORE_N/A_ACTUAL_POS] --(BEFORE)--> [EVENT_BEFORE_N/A_ACTUAL_POS],"""électroencéphalogramme"" --(BEFORE)--> ""scanner"" | ""scanner"" --(BEFORE)--> ""conclus"""
113,69,FR100283,[EVENT_BEFORE_N/A_ACTUAL_POS] --(BEFORE)--> [EVENT_BEFORE_N/A_ACTUAL_POS] | [EVENT_BEFORE_N/A_ACTUAL_POS] --(BEFORE)--> [EVENT_BEFORE_N/A_ACTUAL_POS],"""IRM"" --(BEFORE)--> ""hypophysiogramme"" | ""hypophysiogramme"" --(BEFORE)--> ""traitement"""
113,69,FR100296,[EVENT_BEFORE_N/A_ACTUAL_POS] --(BEFORE)--> [EVENT_BEFORE_N/A_ACTUAL_POS] | [EVENT_BEFORE_N/A_ACTUAL_POS] --(BEFORE)--> [EVENT_BEFORE_N/A_ACTUAL_POS],"""IRM"" --(BEFORE)--> ""fenestration"" | ""fenestration"" --(BEFORE)--> ""suites"""
113,69,FR100314,[EVENT_BEFORE_N/A_ACTUAL_POS] --(BEFORE)--> [EVENT_BEFORE_N/A_ACTUAL_POS] | [EVENT_BEFORE_N/A_ACTUAL_POS] --(BEFORE)--> [EVENT_BEFORE_N/A_ACTUAL_POS],"""angio-scanner"" --(BEFORE)--> ""amputation"" | ""amputation"" --(BEFORE)--> ""mise"""
113,69,FR100344,[EVENT_BEFORE_N/A_ACTUAL_POS] --(BEFORE)--> [EVENT_BEFORE_N/A_ACTUAL_POS] | [EVENT_BEFORE_N/A_ACTUAL_POS] --(BEFORE)--> [EVENT_BEFORE_N/A_ACTUAL_POS],"""plainte"" --(BEFORE)--> ""examen"" | ""examen"" --(BEFORE)--> ""césarienne"""
113,69,FR100346,[EVENT_BEFORE_N/A_ACTUAL_POS] --(BEFORE)--> [EVENT_BEFORE_N/A_ACTUAL_POS] | [EVENT_BEFORE_N/A_ACTUAL_POS] --(BEFORE)--> [EVENT_BEFORE_N/A_ACTUAL_POS],"""IRM"" --(BEFORE)--> ""scanner"" | ""scanner"" --(BEFORE)--> ""posé"""
113,69,FR100360,[EVENT_BEFORE_N/A_ACTUAL_POS] --(BEFORE)--> [EVENT_BEFORE_N/A_ACTUAL_POS] | [EVENT_BEFORE_N/A_ACTUAL_POS] --(BEFORE)--> [EVENT_BEFORE_N/A_ACTUAL_POS],"""complément"" --(BEFORE)--> ""biopsie"" | ""biopsie"" --(BEFORE)--> ""étude"""
113,69,FR100361,[EVENT_BEFORE_N/A_ACTUAL_POS] --(BEFORE)--> [EVENT_BEFORE_N/A_ACTUAL_POS] | [EVENT_BEFORE_N/A_ACTUAL_POS] --(BEFORE)--> [EVENT_BEFORE_N/A_ACTUAL_POS],"""TDM"" --(BEFORE)--> ""ponction"" | ""ponction"" --(BEFORE)--> ""examen"""
113,69,FR100371,[EVENT_BEFORE_N/A_ACTUAL_POS] --(BEFORE)--> [EVENT_BEFORE_N/A_ACTUAL_POS] | [EVENT_BEFORE_N/A_ACTUAL_POS] --(BEFORE)--> [EVENT_BEFORE_N/A_ACTUAL_POS],"""admission"" --(BEFORE)--> ""examen"" | ""examen"" --(BEFORE)--> ""examen"""
113,69,FR100400,[EVENT_BEFORE_N/A_ACTUAL_POS] --(BEFORE)--> [EVENT_BEFORE_N/A_ACTUAL_POS] | [EVENT_BEFORE_N/A_ACTUAL_POS] --(BEFORE)--> [EVENT_BEFORE_N/A_ACTUAL_POS],"""diagnostic"" --(BEFORE)--> ""exploration"" | ""exploration"" --(BEFORE)--> ""résection"""
113,69,FR100439,[EVENT_BEFORE_N/A_ACTUAL_POS] --(BEFORE)--> [EVENT_BEFORE_N/A_ACTUAL_POS] | [EVENT_BEFORE_N/A_ACTUAL_POS] --(BEFORE)--> [EVENT_BEFORE_N/A_ACTUAL_POS],"""analyse"" --(BEFORE)--> ""demandée"" | ""demandée"" --(BEFORE)--> ""déterminer"""
113,69,FR100448,[EVENT_BEFORE_N/A_ACTUAL_POS] --(BEFORE)--> [EVENT_BEFORE_N/A_ACTUAL_POS] | [EVENT_BEFORE_N/A_ACTUAL_POS] --(BEFORE)--> [EVENT_BEFORE_N/A_ACTUAL_POS],"""hémi thyroïdectomie"" --(BEFORE)--> ""examen"" | ""examen"" --(BEFORE)--> ""histochimie"""
113,69,FR100480,[EVENT_BEFORE_N/A_ACTUAL_POS] --(BEFORE)--> [EVENT_BEFORE_N/A_ACTUAL_POS] | [EVENT_BEFORE_N/A_ACTUAL_POS] --(BEFORE)--> [EVENT_BEFORE_N/A_ACTUAL_POS],"""bilan"" --(BEFORE)--> ""scanner"" | ""scanner"" --(BEFORE)--> ""Tomographie"""
113,69,FR100510,[EVENT_BEFORE_N/A_ACTUAL_POS] --(BEFORE)--> [EVENT_BEFORE_N/A_ACTUAL_POS] | [EVENT_BEFORE_N/A_ACTUAL_POS] --(BEFORE)--> [EVENT_BEFORE_N/A_ACTUAL_POS],"""résection"" --(BEFORE)--> ""examen"" | ""examen"" --(BEFORE)--> ""examen"""
113,69,FR100515,[EVENT_BEFORE_N/A_ACTUAL_POS] --(BEFORE)--> [EVENT_BEFORE_N/A_ACTUAL_POS] | [EVENT_BEFORE_N/A_ACTUAL_POS] --(BEFORE)--> [EVENT_BEFORE_N/A_ACTUAL_POS],"""bilan"" --(BEFORE)--> ""bilan"" | ""bilan"" --(BEFORE)--> ""prescrits"""
113,69,FR100517,[EVENT_BEFORE_N/A_ACTUAL_POS] --(BEFORE)--> [EVENT_BEFORE_N/A_ACTUAL_POS] | [EVENT_BEFORE_N/A_ACTUAL_POS] --(BEFORE)--> [EVENT_BEFORE_N/A_ACTUAL_POS],"""examen"" --(BEFORE)--> ""bilan"" | ""bilan"" --(BEFORE)--> ""électromyogramme"""
113,69,FR100519,[EVENT_BEFORE_N/A_ACTUAL_POS] --(BEFORE)--> [EVENT_BEFORE_N/A_ACTUAL_POS] | [EVENT_BEFORE_N/A_ACTUAL_POS] --(BEFORE)--> [EVENT_BEFORE_N/A_ACTUAL_POS],"""hospitalisée"" --(BEFORE)--> ""entrée"" | ""entrée"" --(BEFORE)--> ""bilan"""
113,69,FR100579,[EVENT_BEFORE_N/A_ACTUAL_POS] --(BEFORE)--> [EVENT_BEFORE_N/A_ACTUAL_POS] | [EVENT_BEFORE_N/A_ACTUAL_POS] --(BEFORE)--> [EVENT_BEFORE_N/A_ACTUAL_POS],"""échocardiographie"" --(BEFORE)--> ""angio-scanner"" | ""angio-scanner"" --(BEFORE)--> ""imagerie"""
113,69,FR100589,[EVENT_BEFORE_N/A_ACTUAL_POS] --(BEFORE)--> [EVENT_BEFORE_N/A_ACTUAL_POS] | [EVENT_BEFORE_N/A_ACTUAL_POS] --(BEFORE)--> [EVENT_BEFORE_N/A_ACTUAL_POS],"""reste"" --(BEFORE)--> ""radiographie"" | ""radiographie"" --(BEFORE)--> ""tomodensitométrie"""
113,69,FR100597,[EVENT_BEFORE_N/A_ACTUAL_POS] --(BEFORE)--> [EVENT_BEFORE_N/A_ACTUAL_POS] | [EVENT_BEFORE_N/A_ACTUAL_POS] --(BEFORE)--> [EVENT_BEFORE_N/A_ACTUAL_POS],"""reste"" --(BEFORE)--> ""échographie"" | ""échographie"" --(BEFORE)--> ""étayer"""
113,69,FR100603,[EVENT_BEFORE_N/A_ACTUAL_POS] --(BEFORE)--> [EVENT_BEFORE_N/A_ACTUAL_POS] | [EVENT_BEFORE_N/A_ACTUAL_POS] --(BEFORE)--> [EVENT_BEFORE_N/A_ACTUAL_POS],"""chirurgie"" --(BEFORE)--> ""hémocultures"" | ""hémocultures"" --(BEFORE)--> ""évolution"""
113,69,FR100611,[EVENT_BEFORE_N/A_ACTUAL_POS] --(BEFORE)--> [EVENT_BEFORE_N/A_ACTUAL_POS] | [EVENT_BEFORE_N/A_ACTUAL_POS] --(BEFORE)--> [EVENT_BEFORE_N/A_ACTUAL_POS],"""examen"" --(BEFORE)--> ""IRM"" | ""IRM"" --(BEFORE)--> ""étude"""
113,69,FR100614,[EVENT_BEFORE_N/A_ACTUAL_POS] --(BEFORE)--> [EVENT_BEFORE_N/A_ACTUAL_POS] | [EVENT_BEFORE_N/A_ACTUAL_POS] --(BEFORE)--> [EVENT_BEFORE_N/A_ACTUAL_POS],"""examen"" --(BEFORE)--> ""échographique"" | ""échographique"" --(BEFORE)--> ""tomodensitométrie"""
113,69,FR100620,[EVENT_BEFORE_N/A_ACTUAL_POS] --(BEFORE)--> [EVENT_BEFORE_N/A_ACTUAL_POS] | [EVENT_BEFORE_N/A_ACTUAL_POS] --(BEFORE)--> [EVENT_BEFORE_N/A_ACTUAL_POS],"""bilan"" --(BEFORE)--> ""bilan"" | ""bilan"" --(BEFORE)--> ""bilan"""
113,69,FR100623,[EVENT_BEFORE_N/A_ACTUAL_POS] --(BEFORE)--> [EVENT_BEFORE_N/A_ACTUAL_POS] | [EVENT_BEFORE_N/A_ACTUAL_POS] --(BEFORE)--> [EVENT_BEFORE_N/A_ACTUAL_POS],"""examen"" --(BEFORE)--> ""échographie"" | ""échographie"" --(BEFORE)--> ""tomodensitométrie"""
113,69,FR100629,[EVENT_BEFORE_N/A_ACTUAL_POS] --(BEFORE)--> [EVENT_BEFORE_N/A_ACTUAL_POS] | [EVENT_BEFORE_N/A_ACTUAL_POS] --(BEFORE)--> [EVENT_BEFORE_N/A_ACTUAL_POS],"""radiographie"" --(BEFORE)--> ""thoracoscopie"" | ""thoracoscopie"" --(BEFORE)--> ""marquage"""
113,69,FR100632,[EVENT_BEFORE_N/A_ACTUAL_POS] --(BEFORE)--> [EVENT_BEFORE_N/A_ACTUAL_POS] | [EVENT_BEFORE_N/A_ACTUAL_POS] --(BEFORE)--> [EVENT_BEFORE_N/A_ACTUAL_POS],"""radiographie"" --(BEFORE)--> ""examen"" | ""examen"" --(BEFORE)--> ""sérologie"""
113,69,FR100658,[EVENT_BEFORE_N/A_ACTUAL_POS] --(BEFORE)--> [EVENT_BEFORE_N/A_ACTUAL_POS] | [EVENT_BEFORE_N/A_ACTUAL_POS] --(BEFORE)--> [EVENT_BEFORE_N/A_ACTUAL_POS],"""évaluation"" --(BEFORE)--> ""auscultation"" | ""auscultation"" --(BEFORE)--> ""examens"""
113,69,FR100663,[EVENT_BEFORE_N/A_ACTUAL_POS] --(BEFORE)--> [EVENT_BEFORE_N/A_ACTUAL_POS] | [EVENT_BEFORE_N/A_ACTUAL_POS] --(BEFORE)--> [EVENT_BEFORE_N/A_ACTUAL_POS],"""examen"" --(BEFORE)--> ""examen"" | ""examen"" --(BEFORE)--> ""échographie"""
113,69,FR100666,[EVENT_BEFORE_N/A_ACTUAL_POS] --(BEFORE)--> [EVENT_BEFORE_N/A_ACTUAL_POS] | [EVENT_BEFORE_N/A_ACTUAL_POS] --(BEFORE)--> [EVENT_BEFORE_N/A_ACTUAL_POS],"""palpation"" --(BEFORE)--> ""radiographie"" | ""radiographie"" --(BEFORE)--> ""tomodensitométrie"""
113,69,FR100683,[EVENT_BEFORE_N/A_ACTUAL_POS] --(BEFORE)--> [EVENT_BEFORE_N/A_ACTUAL_POS] | [EVENT_BEFORE_N/A_ACTUAL_POS] --(BEFORE)--> [EVENT_BEFORE_N/A_ACTUAL_POS],"""exploration"" --(BEFORE)--> ""IRM"" | ""IRM"" --(BEFORE)--> ""écho-mammographie"""
113,69,FR100688,[EVENT_BEFORE_N/A_ACTUAL_POS] --(BEFORE)--> [EVENT_BEFORE_N/A_ACTUAL_POS] | [EVENT_BEFORE_N/A_ACTUAL_POS] --(BEFORE)--> [EVENT_BEFORE_N/A_ACTUAL_POS],"""échographie"" --(BEFORE)--> ""radiographie"" | ""radiographie"" --(BEFORE)--> ""incision"""
113,69,FR100689,[EVENT_BEFORE_N/A_ACTUAL_POS] --(BEFORE)--> [EVENT_BEFORE_N/A_ACTUAL_POS] | [EVENT_BEFORE_N/A_ACTUAL_POS] --(BEFORE)--> [EVENT_BEFORE_N/A_ACTUAL_POS],"""PCR"" --(BEFORE)--> ""scanner"" | ""scanner"" --(BEFORE)--> ""hémogramme"""
113,69,FR100697,[EVENT_BEFORE_N/A_ACTUAL_POS] --(BEFORE)--> [EVENT_BEFORE_N/A_ACTUAL_POS] | [EVENT_BEFORE_N/A_ACTUAL_POS] --(BEFORE)--> [EVENT_BEFORE_N/A_ACTUAL_POS],"""palpation"" --(BEFORE)--> ""examen"" | ""examen"" --(BEFORE)--> ""mammographie"""
113,69,FR100708,[EVENT_BEFORE_N/A_ACTUAL_POS] --(BEFORE)--> [EVENT_BEFORE_N/A_ACTUAL_POS] | [EVENT_BEFORE_N/A_ACTUAL_POS] --(BEFORE)--> [EVENT_BEFORE_N/A_ACTUAL_POS],"""demandée"" --(BEFORE)--> ""tests"" | ""tests"" --(BEFORE)--> ""mise"""
113,69,FR100717,[EVENT_BEFORE_N/A_ACTUAL_POS] --(BEFORE)--> [EVENT_BEFORE_N/A_ACTUAL_POS] | [EVENT_BEFORE_N/A_ACTUAL_POS] --(BEFORE)--> [EVENT_BEFORE_N/A_ACTUAL_POS],"""scanner"" --(BEFORE)--> ""IRM"" | ""IRM"" --(BEFORE)--> ""laminectomie"""
113,69,FR100748,[EVENT_BEFORE_N/A_ACTUAL_POS] --(BEFORE)--> [EVENT_BEFORE_N/A_ACTUAL_POS] | [EVENT_BEFORE_N/A_ACTUAL_POS] --(BEFORE)--> [EVENT_BEFORE_N/A_ACTUAL_POS],"""transférée"" --(BEFORE)--> ""regagné"" | ""regagné"" --(BEFORE)--> ""recul"""
113,69,FR100766,[EVENT_BEFORE_N/A_ACTUAL_POS] --(BEFORE)--> [EVENT_BEFORE_N/A_ACTUAL_POS] | [EVENT_BEFORE_N/A_ACTUAL_POS] --(BEFORE)--> [EVENT_BEFORE_N/A_ACTUAL_POS],"""examen"" --(BEFORE)--> ""hospitalisation"" | ""hospitalisation"" --(BEFORE)--> ""traitement"""
113,69,FR100780,[EVENT_BEFORE_N/A_ACTUAL_POS] --(BEFORE)--> [EVENT_BEFORE_N/A_ACTUAL_POS] | [EVENT_BEFORE_N/A_ACTUAL_POS] --(BEFORE)--> [EVENT_BEFORE_N/A_ACTUAL_POS],"""examen"" --(BEFORE)--> ""toucher"" | ""toucher"" --(BEFORE)--> ""échographie"""
113,69,FR100806,[EVENT_BEFORE_N/A_ACTUAL_POS] --(BEFORE)--> [EVENT_BEFORE_N/A_ACTUAL_POS] | [EVENT_BEFORE_N/A_ACTUAL_POS] --(BEFORE)--> [EVENT_BEFORE_N/A_ACTUAL_POS],"""référée"" --(BEFORE)--> ""examen"" | ""examen"" --(BEFORE)--> ""biologie"""
113,69,FR100814,[EVENT_BEFORE_N/A_ACTUAL_POS] --(BEFORE)--> [EVENT_BEFORE_N/A_ACTUAL_POS] | [EVENT_BEFORE_N/A_ACTUAL_POS] --(BEFORE)--> [EVENT_BEFORE_N/A_ACTUAL_POS],"""diagnostic"" --(BEFORE)--> ""réséquée"" | ""réséquée"" --(BEFORE)--> ""examen"""
113,69,FR100826,[EVENT_BEFORE_N/A_ACTUAL_POS] --(BEFORE)--> [EVENT_BEFORE_N/A_ACTUAL_POS] | [EVENT_BEFORE_N/A_ACTUAL_POS] --(BEFORE)--> [EVENT_BEFORE_N/A_ACTUAL_POS],"""admis"" --(BEFORE)--> ""examen"" | ""examen"" --(BEFORE)--> ""bilan"""
113,69,FR100845,[EVENT_BEFORE_N/A_ACTUAL_POS] --(BEFORE)--> [EVENT_BEFORE_N/A_ACTUAL_POS] | [EVENT_BEFORE_N/A_ACTUAL_POS] --(BEFORE)--> [EVENT_BEFORE_N/A_ACTUAL_POS],"""décision"" --(BEFORE)--> ""extraction"" | ""extraction"" --(BEFORE)--> ""examen"""
113,69,FR100849,[EVENT_BEFORE_N/A_ACTUAL_POS] --(BEFORE)--> [EVENT_BEFORE_N/A_ACTUAL_POS] | [EVENT_BEFORE_N/A_ACTUAL_POS] --(BEFORE)--> [EVENT_BEFORE_N/A_ACTUAL_POS],"""admission"" --(BEFORE)--> ""tomodensitométrie"" | ""tomodensitométrie"" --(BEFORE)--> ""acheminé"""
113,69,FR100870,[EVENT_BEFORE_N/A_ACTUAL_POS] --(BEFORE)--> [EVENT_BEFORE_N/A_ACTUAL_POS] | [EVENT_BEFORE_N/A_ACTUAL_POS] --(BEFORE)--> [EVENT_BEFORE_N/A_ACTUAL_POS],"""imagerie"" --(BEFORE)--> ""hémogramme"" | ""hémogramme"" --(BEFORE)--> ""bilan"""
113,69,FR100874,[EVENT_BEFORE_N/A_ACTUAL_POS] --(BEFORE)--> [EVENT_BEFORE_N/A_ACTUAL_POS] | [EVENT_BEFORE_N/A_ACTUAL_POS] --(BEFORE)--> [EVENT_BEFORE_N/A_ACTUAL_POS],"""tomodensitométrie"" --(BEFORE)--> ""retenu"" | ""retenu"" --(BEFORE)--> ""mise"""
113,69,FR100882,[EVENT_BEFORE_N/A_ACTUAL_POS] --(BEFORE)--> [EVENT_BEFORE_N/A_ACTUAL_POS] | [EVENT_BEFORE_N/A_ACTUAL_POS] --(BEFORE)--> [EVENT_BEFORE_N/A_ACTUAL_POS],"""examen"" --(BEFORE)--> ""examen"" | ""examen"" --(BEFORE)--> ""examen"""
113,69,FR100883,[EVENT_BEFORE_N/A_ACTUAL_POS] --(BEFORE)--> [EVENT_BEFORE_N/A_ACTUAL_POS] | [EVENT_BEFORE_N/A_ACTUAL_POS] --(BEFORE)--> [EVENT_BEFORE_N/A_ACTUAL_POS],"""biopsie"" --(BEFORE)--> ""bilan"" | ""bilan"" --(BEFORE)--> ""sérologie"""
113,69,FR100894,[EVENT_BEFORE_N/A_ACTUAL_POS] --(BEFORE)--> [EVENT_BEFORE_N/A_ACTUAL_POS] | [EVENT_BEFORE_N/A_ACTUAL_POS] --(BEFORE)--> [EVENT_BEFORE_N/A_ACTUAL_POS],"""imagerie"" --(BEFORE)--> ""prescrit"" | ""prescrit"" --(BEFORE)--> ""rejoint"""
113,69,FR100903,[EVENT_BEFORE_N/A_ACTUAL_POS] --(BEFORE)--> [EVENT_BEFORE_N/A_ACTUAL_POS] | [EVENT_BEFORE_N/A_ACTUAL_POS] --(BEFORE)--> [EVENT_BEFORE_N/A_ACTUAL_POS],"""écarté"" --(BEFORE)--> ""contrôles"" | ""contrôles"" --(BEFORE)--> ""accouchement"""
113,69,FR100919,[EVENT_BEFORE_N/A_ACTUAL_POS] --(BEFORE)--> [EVENT_BEFORE_N/A_ACTUAL_POS] | [EVENT_BEFORE_N/A_ACTUAL_POS] --(BEFORE)--> [EVENT_BEFORE_N/A_ACTUAL_POS],"""correction"" --(BEFORE)--> ""adressée"" | ""adressée"" --(BEFORE)--> ""bilan"""
113,69,FR100921,[EVENT_BEFORE_N/A_ACTUAL_POS] --(BEFORE)--> [EVENT_BEFORE_N/A_ACTUAL_POS] | [EVENT_BEFORE_N/A_ACTUAL_POS] --(BEFORE)--> [EVENT_BEFORE_N/A_ACTUAL_POS],"""palpation"" --(BEFORE)--> ""imagerie"" | ""imagerie"" --(BEFORE)--> ""exérèse"""
113,69,FR100932,[EVENT_BEFORE_N/A_ACTUAL_POS] --(BEFORE)--> [EVENT_BEFORE_N/A_ACTUAL_POS] | [EVENT_BEFORE_N/A_ACTUAL_POS] --(BEFORE)--> [EVENT_BEFORE_N/A_ACTUAL_POS],"""mise"" --(BEFORE)--> ""opérée"" | ""opérée"" --(BEFORE)--> ""évolution"""
113,69,FR100946,[EVENT_BEFORE_N/A_ACTUAL_POS] --(BEFORE)--> [EVENT_BEFORE_N/A_ACTUAL_POS] | [EVENT_BEFORE_N/A_ACTUAL_POS] --(BEFORE)--> [EVENT_BEFORE_N/A_ACTUAL_POS],"""examen"" --(BEFORE)--> ""IRM"" | ""IRM"" --(BEFORE)--> ""analyse"""
113,69,FR100959,[EVENT_BEFORE_N/A_ACTUAL_POS] --(BEFORE)--> [EVENT_BEFORE_N/A_ACTUAL_POS] | [EVENT_BEFORE_N/A_ACTUAL_POS] --(BEFORE)--> [EVENT_BEFORE_N/A_ACTUAL_POS],"""œsophagoscopie"" --(BEFORE)--> ""Transit"" | ""Transit"" --(BEFORE)--> ""notée"""
113,69,FR100996,[EVENT_BEFORE_N/A_ACTUAL_POS] --(BEFORE)--> [EVENT_BEFORE_N/A_ACTUAL_POS] | [EVENT_BEFORE_N/A_ACTUAL_POS] --(BEFORE)--> [EVENT_BEFORE_N/A_ACTUAL_POS],"""injection"" --(BEFORE)--> ""retenu"" | ""retenu"" --(BEFORE)--> ""chirurgical"""
113,69,FR100998,[EVENT_BEFORE_N/A_ACTUAL_POS] --(BEFORE)--> [EVENT_BEFORE_N/A_ACTUAL_POS] | [EVENT_BEFORE_N/A_ACTUAL_POS] --(BEFORE)--> [EVENT_BEFORE_N/A_ACTUAL_POS],"""diagnostic"" --(BEFORE)--> ""traitée"" | ""traitée"" --(BEFORE)--> ""bilan"""
13,65,FR100003,[EVENT_BEFORE_N/A_ACTUAL_POS] --(CONTAINS)--> [EVENT_BEFORE_N/A_ACTUAL_POS] | [EVENT_BEFORE_N/A_ACTUAL_POS] --(BEFORE)--> [EVENT_BEFORE_N/A_ACTUAL_POS] | [EVENT_BEFORE_N/A_ACTUAL_POS] --(BEFORE)--> [EVENT_BEFORE_N/A_ACTUAL_POS],"""délabrement"" --(CONTAINS)--> ""panoramique"" | ""panoramique"" --(BEFORE)--> ""ponction"" | ""ponction"" --(BEFORE)--> ""examen"""
13,65,FR100078,[EVENT_BEFORE_N/A_ACTUAL_POS] --(CONTAINS)--> [EVENT_BEFORE_N/A_ACTUAL_POS] | [EVENT_BEFORE_N/A_ACTUAL_POS] --(BEFORE)--> [EVENT_BEFORE_N/A_ACTUAL_POS] | [EVENT_BEFORE_N/A_ACTUAL_POS] --(BEFORE)--> [EVENT_BEFORE_N/A_ACTUAL_POS],"""pouls"" --(CONTAINS)--> ""examen"" | ""examen"" --(BEFORE)--> ""doppler"" | ""doppler"" --(BEFORE)--> ""doppler"""
13,65,FR100092,[EVENT_BEFORE_N/A_ACTUAL_POS] --(CONTAINS)--> [EVENT_BEFORE_N/A_ACTUAL_POS] | [EVENT_BEFORE_N/A_ACTUAL_POS] --(BEFORE)--> [EVENT_BEFORE_N/A_ACTUAL_POS] | [EVENT_BEFORE_N/A_ACTUAL_POS] --(BEFORE)--> [EVENT_BEFORE_N/A_ACTUAL_POS],"""masse"" --(CONTAINS)--> ""échographie"" | ""échographie"" --(BEFORE)--> ""tableau"" | ""tableau"" --(BEFORE)--> ""reste"""
13,65,FR100120,[EVENT_BEFORE_N/A_ACTUAL_POS] --(CONTAINS)--> [EVENT_BEFORE_N/A_ACTUAL_POS] | [EVENT_BEFORE_N/A_ACTUAL_POS] --(BEFORE)--> [EVENT_BEFORE_N/A_ACTUAL_POS] | [EVENT_BEFORE_N/A_ACTUAL_POS] --(BEFORE)--> [EVENT_BEFORE_N/A_ACTUAL_POS],"""diabète"" --(CONTAINS)--> ""rattaché"" | ""rattaché"" --(BEFORE)--> ""traitement"" | ""traitement"" --(BEFORE)--> ""retirées"""
13,65,FR100130,[EVENT_BEFORE_N/A_ACTUAL_POS] --(CONTAINS)--> [EVENT_BEFORE_N/A_ACTUAL_POS] | [EVENT_BEFORE_N/A_ACTUAL_POS] --(BEFORE)--> [EVENT_BEFORE_N/A_ACTUAL_POS] | [EVENT_BEFORE_N/A_ACTUAL_POS] --(BEFORE)--> [EVENT_BEFORE_N/A_ACTUAL_POS],"""apyrétique"" --(CONTAINS)--> ""examen"" | ""examen"" --(BEFORE)--> ""biologie"" | ""biologie"" --(BEFORE)--> ""glycémie"""
13,65,FR100132,[EVENT_BEFORE_N/A_ACTUAL_POS] --(CONTAINS)--> [EVENT_BEFORE_N/A_ACTUAL_POS] | [EVENT_BEFORE_N/A_ACTUAL_POS] --(BEFORE)--> [EVENT_BEFORE_N/A_ACTUAL_POS] | [EVENT_BEFORE_N/A_ACTUAL_POS] --(BEFORE)--> [EVENT_BEFORE_N/A_ACTUAL_POS],"""examen"" --(CONTAINS)--> ""palpation"" | ""palpation"" --(BEFORE)--> ""histologie"" | ""histologie"" --(BEFORE)--> ""examen"""
13,65,FR100142,[EVENT_BEFORE_N/A_ACTUAL_POS] --(CONTAINS)--> [EVENT_BEFORE_N/A_ACTUAL_POS] | [EVENT_BEFORE_N/A_ACTUAL_POS] --(BEFORE)--> [EVENT_BEFORE_N/A_ACTUAL_POS] | [EVENT_BEFORE_N/A_ACTUAL_POS] --(BEFORE)--> [EVENT_BEFORE_N/A_ACTUAL_POS],"""taux"" --(CONTAINS)--> ""fibroscopie"" | ""fibroscopie"" --(BEFORE)--> ""biopsie"" | ""biopsie"" --(BEFORE)--> ""mis"""
13,65,FR100161,[EVENT_BEFORE_N/A_ACTUAL_POS] --(CONTAINS)--> [EVENT_BEFORE_N/A_ACTUAL_POS] | [EVENT_BEFORE_N/A_ACTUAL_POS] --(BEFORE)--> [EVENT_BEFORE_N/A_ACTUAL_POS] | [EVENT_BEFORE_N/A_ACTUAL_POS] --(BEFORE)--> [EVENT_BEFORE_N/A_ACTUAL_POS],"""cytolyse"" --(CONTAINS)--> ""examens"" | ""examens"" --(BEFORE)--> ""radiographie"" | ""radiographie"" --(BEFORE)--> ""échographie"""
13,65,FR100168,[EVENT_BEFORE_N/A_ACTUAL_POS] --(CONTAINS)--> [EVENT_BEFORE_N/A_ACTUAL_POS] | [EVENT_BEFORE_N/A_ACTUAL_POS] --(BEFORE)--> [EVENT_BEFORE_N/A_ACTUAL_POS] | [EVENT_BEFORE_N/A_ACTUAL_POS] --(BEFORE)--> [EVENT_BEFORE_N/A_ACTUAL_POS],"""fibrinogène"" --(CONTAINS)--> ""bilan"" | ""bilan"" --(BEFORE)--> ""tests"" | ""tests"" --(BEFORE)--> ""entretien"""
13,65,FR100255,[EVENT_BEFORE_N/A_ACTUAL_POS] --(CONTAINS)--> [EVENT_BEFORE_N/A_ACTUAL_POS] | [EVENT_BEFORE_N/A_ACTUAL_POS] --(BEFORE)--> [EVENT_BEFORE_N/A_ACTUAL_POS] | [EVENT_BEFORE_N/A_ACTUAL_POS] --(BEFORE)--> [EVENT_BEFORE_N/A_ACTUAL_POS],"""emphysème"" --(CONTAINS)--> ""examen"" | ""examen"" --(BEFORE)--> ""examen"" | ""examen"" --(BEFORE)--> ""échographie"""
13,65,FR100275,[EVENT_BEFORE_N/A_ACTUAL_POS] --(CONTAINS)--> [EVENT_BEFORE_N/A_ACTUAL_POS] | [EVENT_BEFORE_N/A_ACTUAL_POS] --(BEFORE)--> [EVENT_BEFORE_N/A_ACTUAL_POS] | [EVENT_BEFORE_N/A_ACTUAL_POS] --(BEFORE)--> [EVENT_BEFORE_N/A_ACTUAL_POS],"""mort"" --(CONTAINS)--> ""établi"" | ""établi"" --(BEFORE)--> ""manœuvres"" | ""manœuvres"" --(BEFORE)--> ""transféré"""
13,65,FR100276,[EVENT_BEFORE_N/A_ACTUAL_POS] --(CONTAINS)--> [EVENT_BEFORE_N/A_ACTUAL_POS] | [EVENT_BEFORE_N/A_ACTUAL_POS] --(BEFORE)--> [EVENT_BEFORE_N/A_ACTUAL_POS] | [EVENT_BEFORE_N/A_ACTUAL_POS] --(BEFORE)--> [EVENT_BEFORE_N/A_ACTUAL_POS],"""aplasie"" --(CONTAINS)--> ""accouchement"" | ""accouchement"" --(BEFORE)--> ""reste"" | ""reste"" --(BEFORE)--> ""bilan"""
13,65,FR100282,[EVENT_BEFORE_N/A_ACTUAL_POS] --(CONTAINS)--> [EVENT_BEFORE_N/A_ACTUAL_POS] | [EVENT_BEFORE_N/A_ACTUAL_POS] --(BEFORE)--> [EVENT_BEFORE_N/A_ACTUAL_POS] | [EVENT_BEFORE_N/A_ACTUAL_POS] --(BEFORE)--> [EVENT_BEFORE_N/A_ACTUAL_POS],"""tracé"" --(CONTAINS)--> ""électroencéphalogramme"" | ""électroencéphalogramme"" --(BEFORE)--> ""scanner"" | ""scanner"" --(BEFORE)--> ""conclus"""
13,65,FR100283,[EVENT_BEFORE_N/A_ACTUAL_POS] --(CONTAINS)--> [EVENT_BEFORE_N/A_ACTUAL_POS] | [EVENT_BEFORE_N/A_ACTUAL_POS] --(BEFORE)--> [EVENT_BEFORE_N/A_ACTUAL_POS] | [EVENT_BEFORE_N/A_ACTUAL_POS] --(BEFORE)--> [EVENT_BEFORE_N/A_ACTUAL_POS],"""sinusite"" --(CONTAINS)--> ""IRM"" | ""IRM"" --(BEFORE)--> ""hypophysiogramme"" | ""hypophysiogramme"" --(BEFORE)--> ""traitement"""
13,65,FR100296,[EVENT_BEFORE_N/A_ACTUAL_POS] --(CONTAINS)--> [EVENT_BEFORE_N/A_ACTUAL_POS] | [EVENT_BEFORE_N/A_ACTUAL_POS] --(BEFORE)--> [EVENT_BEFORE_N/A_ACTUAL_POS] | [EVENT_BEFORE_N/A_ACTUAL_POS] --(BEFORE)--> [EVENT_BEFORE_N/A_ACTUAL_POS],"""hypoesthésie"" --(CONTAINS)--> ""examen"" | ""examen"" --(BEFORE)--> ""IRM"" | ""IRM"" --(BEFORE)--> ""fenestration"""
13,65,FR100314,[EVENT_BEFORE_N/A_ACTUAL_POS] --(CONTAINS)--> [EVENT_BEFORE_N/A_ACTUAL_POS] | [EVENT_BEFORE_N/A_ACTUAL_POS] --(BEFORE)--> [EVENT_BEFORE_N/A_ACTUAL_POS] | [EVENT_BEFORE_N/A_ACTUAL_POS] --(BEFORE)--> [EVENT_BEFORE_N/A_ACTUAL_POS],"""fracture"" --(CONTAINS)--> ""bilan"" | ""bilan"" --(BEFORE)--> ""drainage"" | ""drainage"" --(BEFORE)--> ""angio-scanner"""
13,65,FR100344,[EVENT_BEFORE_N/A_ACTUAL_POS] --(CONTAINS)--> [EVENT_BEFORE_N/A_ACTUAL_POS] | [EVENT_BEFORE_N/A_ACTUAL_POS] --(BEFORE)--> [EVENT_BEFORE_N/A_ACTUAL_POS] | [EVENT_BEFORE_N/A_ACTUAL_POS] --(BEFORE)--> [EVENT_BEFORE_N/A_ACTUAL_POS],"""évolution"" --(CONTAINS)--> ""déroulée"" | ""déroulée"" --(BEFORE)--> ""plainte"" | ""plainte"" --(BEFORE)--> ""examen"""
13,65,FR100346,[EVENT_BEFORE_N/A_ACTUAL_POS] --(CONTAINS)--> [EVENT_BEFORE_N/A_ACTUAL_POS] | [EVENT_BEFORE_N/A_ACTUAL_POS] --(BEFORE)--> [EVENT_BEFORE_N/A_ACTUAL_POS] | [EVENT_BEFORE_N/A_ACTUAL_POS] --(BEFORE)--> [EVENT_BEFORE_N/A_ACTUAL_POS],"""pouls"" --(CONTAINS)--> ""examen"" | ""examen"" --(BEFORE)--> ""gazométrie"" | ""gazométrie"" --(BEFORE)--> ""reste"""
13,65,FR100360,[EVENT_BEFORE_N/A_ACTUAL_POS] --(CONTAINS)--> [EVENT_BEFORE_N/A_ACTUAL_POS] | [EVENT_BEFORE_N/A_ACTUAL_POS] --(BEFORE)--> [EVENT_BEFORE_N/A_ACTUAL_POS] | [EVENT_BEFORE_N/A_ACTUAL_POS] --(BEFORE)--> [EVENT_BEFORE_N/A_ACTUAL_POS],"""bilan"" --(CONTAINS)--> ""tomodensitométrie"" | ""tomodensitométrie"" --(BEFORE)--> ""radiothérapie"" | ""radiothérapie"" --(BEFORE)--> ""cures"""
13,65,FR100361,[EVENT_BEFORE_N/A_ACTUAL_POS] --(CONTAINS)--> [EVENT_BEFORE_N/A_ACTUAL_POS] | [EVENT_BEFORE_N/A_ACTUAL_POS] --(BEFORE)--> [EVENT_BEFORE_N/A_ACTUAL_POS] | [EVENT_BEFORE_N/A_ACTUAL_POS] --(BEFORE)--> [EVENT_BEFORE_N/A_ACTUAL_POS],"""hypoglycorrachie"" --(CONTAINS)--> ""examen"" | ""examen"" --(BEFORE)--> ""culture"" | ""culture"" --(BEFORE)--> ""protéine"""
13,65,FR100371,[EVENT_BEFORE_N/A_ACTUAL_POS] --(CONTAINS)--> [EVENT_BEFORE_N/A_ACTUAL_POS] | [EVENT_BEFORE_N/A_ACTUAL_POS] --(BEFORE)--> [EVENT_BEFORE_N/A_ACTUAL_POS] | [EVENT_BEFORE_N/A_ACTUAL_POS] --(BEFORE)--> [EVENT_BEFORE_N/A_ACTUAL_POS],"""nombre"" --(CONTAINS)--> ""bilan"" | ""bilan"" --(BEFORE)--> ""bilan"" | ""bilan"" --(BEFORE)--> ""intervention"""
13,65,FR100400,[EVENT_BEFORE_N/A_ACTUAL_POS] --(CONTAINS)--> [EVENT_BEFORE_N/A_ACTUAL_POS] | [EVENT_BEFORE_N/A_ACTUAL_POS] --(BEFORE)--> [EVENT_BEFORE_N/A_ACTUAL_POS] | [EVENT_BEFORE_N/A_ACTUAL_POS] --(BEFORE)--> [EVENT_BEFORE_N/A_ACTUAL_POS],"""masse"" --(CONTAINS)--> ""scanner"" | ""scanner"" --(BEFORE)--> ""diagnostic"" | ""diagnostic"" --(BEFORE)--> ""exploration"""
13,65,FR100439,[EVENT_BEFORE_N/A_ACTUAL_POS] --(CONTAINS)--> [EVENT_BEFORE_N/A_ACTUAL_POS] | [EVENT_BEFORE_N/A_ACTUAL_POS] --(BEFORE)--> [EVENT_BEFORE_N/A_ACTUAL_POS] | [EVENT_BEFORE_N/A_ACTUAL_POS] --(BEFORE)--> [EVENT_BEFORE_N/A_ACTUAL_POS],"""hyperfixations"" --(CONTAINS)--> ""examen"" | ""examen"" --(BEFORE)--> ""classée"" | ""classée"" --(BEFORE)--> ""bénéficier"""
13,65,FR100480,[EVENT_BEFORE_N/A_ACTUAL_POS] --(CONTAINS)--> [EVENT_BEFORE_N/A_ACTUAL_POS] | [EVENT_BEFORE_N/A_ACTUAL_POS] --(BEFORE)--> [EVENT_BEFORE_N/A_ACTUAL_POS] | [EVENT_BEFORE_N/A_ACTUAL_POS] --(BEFORE)--> [EVENT_BEFORE_N/A_ACTUAL_POS],"""tuméfaction"" --(CONTAINS)--> ""examen"" | ""examen"" --(BEFORE)--> ""imagerie"" | ""imagerie"" --(BEFORE)--> ""bilan"""
13,65,FR100510,[EVENT_BEFORE_N/A_ACTUAL_POS] --(CONTAINS)--> [EVENT_BEFORE_N/A_ACTUAL_POS] | [EVENT_BEFORE_N/A_ACTUAL_POS] --(BEFORE)--> [EVENT_BEFORE_N/A_ACTUAL_POS] | [EVENT_BEFORE_N/A_ACTUAL_POS] --(BEFORE)--> [EVENT_BEFORE_N/A_ACTUAL_POS],"""kyste"" --(CONTAINS)--> ""biopsie"" | ""biopsie"" --(BEFORE)--> ""décision"" | ""décision"" --(BEFORE)--> ""exerce"""
13,65,FR100515,[EVENT_BEFORE_N/A_ACTUAL_POS] --(CONTAINS)--> [EVENT_BEFORE_N/A_ACTUAL_POS] | [EVENT_BEFORE_N/A_ACTUAL_POS] --(BEFORE)--> [EVENT_BEFORE_N/A_ACTUAL_POS] | [EVENT_BEFORE_N/A_ACTUAL_POS] --(BEFORE)--> [EVENT_BEFORE_N/A_ACTUAL_POS],"""créatine"" --(CONTAINS)--> ""dosage"" | ""dosage"" --(BEFORE)--> ""bilan"" | ""bilan"" --(BEFORE)--> ""biopsie"""
13,65,FR100517,[EVENT_BEFORE_N/A_ACTUAL_POS] --(CONTAINS)--> [EVENT_BEFORE_N/A_ACTUAL_POS] | [EVENT_BEFORE_N/A_ACTUAL_POS] --(BEFORE)--> [EVENT_BEFORE_N/A_ACTUAL_POS] | [EVENT_BEFORE_N/A_ACTUAL_POS] --(BEFORE)--> [EVENT_BEFORE_N/A_ACTUAL_POS],"""syndrome"" --(CONTAINS)--> ""bilan"" | ""bilan"" --(BEFORE)--> ""électromyogramme"" | ""électromyogramme"" --(BEFORE)--> ""bilan"""
13,65,FR100519,[EVENT_BEFORE_N/A_ACTUAL_POS] --(CONTAINS)--> [EVENT_BEFORE_N/A_ACTUAL_POS] | [EVENT_BEFORE_N/A_ACTUAL_POS] --(BEFORE)--> [EVENT_BEFORE_N/A_ACTUAL_POS] | [EVENT_BEFORE_N/A_ACTUAL_POS] --(BEFORE)--> [EVENT_BEFORE_N/A_ACTUAL_POS],"""hémopéritoine"" --(CONTAINS)--> ""tomodensitométrie"" | ""tomodensitométrie"" --(BEFORE)--> ""laparotomie"" | ""laparotomie"" --(BEFORE)--> ""suites"""
13,65,FR100579,[EVENT_BEFORE_N/A_ACTUAL_POS] --(CONTAINS)--> [EVENT_BEFORE_N/A_ACTUAL_POS] | [EVENT_BEFORE_N/A_ACTUAL_POS] --(BEFORE)--> [EVENT_BEFORE_N/A_ACTUAL_POS] | [EVENT_BEFORE_N/A_ACTUAL_POS] --(BEFORE)--> [EVENT_BEFORE_N/A_ACTUAL_POS],"""dilatation"" --(CONTAINS)--> ""radiographie"" | ""radiographie"" --(BEFORE)--> ""échocardiographie"" | ""échocardiographie"" --(BEFORE)--> ""angio-scanner"""
13,65,FR100589,[EVENT_BEFORE_N/A_ACTUAL_POS] --(CONTAINS)--> [EVENT_BEFORE_N/A_ACTUAL_POS] | [EVENT_BEFORE_N/A_ACTUAL_POS] --(BEFORE)--> [EVENT_BEFORE_N/A_ACTUAL_POS] | [EVENT_BEFORE_N/A_ACTUAL_POS] --(BEFORE)--> [EVENT_BEFORE_N/A_ACTUAL_POS],"""discuté"" --(CONTAINS)--> ""évoqué"" | ""évoqué"" --(BEFORE)--> ""rechercher"" | ""rechercher"" --(BEFORE)--> ""bronchoscopie"""
13,65,FR100597,[EVENT_BEFORE_N/A_ACTUAL_POS] --(CONTAINS)--> [EVENT_BEFORE_N/A_ACTUAL_POS] | [EVENT_BEFORE_N/A_ACTUAL_POS] --(BEFORE)--> [EVENT_BEFORE_N/A_ACTUAL_POS] | [EVENT_BEFORE_N/A_ACTUAL_POS] --(BEFORE)--> [EVENT_BEFORE_N/A_ACTUAL_POS],"""consultation"" --(CONTAINS)--> ""examen"" | ""examen"" --(BEFORE)--> ""examen"" | ""examen"" --(BEFORE)--> ""examen"""
13,65,FR100611,[EVENT_BEFORE_N/A_ACTUAL_POS] --(CONTAINS)--> [EVENT_BEFORE_N/A_ACTUAL_POS] | [EVENT_BEFORE_N/A_ACTUAL_POS] --(BEFORE)--> [EVENT_BEFORE_N/A_ACTUAL_POS] | [EVENT_BEFORE_N/A_ACTUAL_POS] --(BEFORE)--> [EVENT_BEFORE_N/A_ACTUAL_POS],"""adénopathies"" --(CONTAINS)--> ""examen"" | ""examen"" --(BEFORE)--> ""IRM"" | ""IRM"" --(BEFORE)--> ""étude"""
13,65,FR100614,[EVENT_BEFORE_N/A_ACTUAL_POS] --(CONTAINS)--> [EVENT_BEFORE_N/A_ACTUAL_POS] | [EVENT_BEFORE_N/A_ACTUAL_POS] --(BEFORE)--> [EVENT_BEFORE_N/A_ACTUAL_POS] | [EVENT_BEFORE_N/A_ACTUAL_POS] --(BEFORE)--> [EVENT_BEFORE_N/A_ACTUAL_POS],"""douleur"" --(CONTAINS)--> ""admission"" | ""admission"" --(BEFORE)--> ""examen"" | ""examen"" --(BEFORE)--> ""échographique"""
13,65,FR100620,[EVENT_BEFORE_N/A_ACTUAL_POS] --(CONTAINS)--> [EVENT_BEFORE_N/A_ACTUAL_POS] | [EVENT_BEFORE_N/A_ACTUAL_POS] --(BEFORE)--> [EVENT_BEFORE_N/A_ACTUAL_POS] | [EVENT_BEFORE_N/A_ACTUAL_POS] --(BEFORE)--> [EVENT_BEFORE_N/A_ACTUAL_POS],"""clarté"" --(CONTAINS)--> ""radiographie"" | ""radiographie"" --(BEFORE)--> ""drainage"" | ""drainage"" --(BEFORE)--> ""radiographie"""
13,65,FR100623,[EVENT_BEFORE_N/A_ACTUAL_POS] --(CONTAINS)--> [EVENT_BEFORE_N/A_ACTUAL_POS] | [EVENT_BEFORE_N/A_ACTUAL_POS] --(BEFORE)--> [EVENT_BEFORE_N/A_ACTUAL_POS] | [EVENT_BEFORE_N/A_ACTUAL_POS] --(BEFORE)--> [EVENT_BEFORE_N/A_ACTUAL_POS],"""gaz"" --(CONTAINS)--> ""consulté"" | ""consulté"" --(BEFORE)--> ""examen"" | ""examen"" --(BEFORE)--> ""bilan"""
13,65,FR100629,[EVENT_BEFORE_N/A_ACTUAL_POS] --(CONTAINS)--> [EVENT_BEFORE_N/A_ACTUAL_POS] | [EVENT_BEFORE_N/A_ACTUAL_POS] --(BEFORE)--> [EVENT_BEFORE_N/A_ACTUAL_POS] | [EVENT_BEFORE_N/A_ACTUAL_POS] --(BEFORE)--> [EVENT_BEFORE_N/A_ACTUAL_POS],"""douleur"" --(CONTAINS)--> ""examen"" | ""examen"" --(BEFORE)--> ""radiographie"" | ""radiographie"" --(BEFORE)--> ""thoracoscopie"""
13,65,FR100632,[EVENT_BEFORE_N/A_ACTUAL_POS] --(CONTAINS)--> [EVENT_BEFORE_N/A_ACTUAL_POS] | [EVENT_BEFORE_N/A_ACTUAL_POS] --(BEFORE)--> [EVENT_BEFORE_N/A_ACTUAL_POS] | [EVENT_BEFORE_N/A_ACTUAL_POS] --(BEFORE)--> [EVENT_BEFORE_N/A_ACTUAL_POS],"""anomalie"" --(CONTAINS)--> ""IRM"" | ""IRM"" --(BEFORE)--> ""IRM"" | ""IRM"" --(BEFORE)--> ""étude"""
13,65,FR100658,[EVENT_BEFORE_N/A_ACTUAL_POS] --(CONTAINS)--> [EVENT_BEFORE_N/A_ACTUAL_POS] | [EVENT_BEFORE_N/A_ACTUAL_POS] --(BEFORE)--> [EVENT_BEFORE_N/A_ACTUAL_POS] | [EVENT_BEFORE_N/A_ACTUAL_POS] --(BEFORE)--> [EVENT_BEFORE_N/A_ACTUAL_POS],"""eupnéique"" --(CONTAINS)--> ""examen"" | ""examen"" --(BEFORE)--> ""laryngoscopie"" | ""laryngoscopie"" --(BEFORE)--> ""tomodensitométrie"""
13,65,FR100663,[EVENT_BEFORE_N/A_ACTUAL_POS] --(CONTAINS)--> [EVENT_BEFORE_N/A_ACTUAL_POS] | [EVENT_BEFORE_N/A_ACTUAL_POS] --(BEFORE)--> [EVENT_BEFORE_N/A_ACTUAL_POS] | [EVENT_BEFORE_N/A_ACTUAL_POS] --(BEFORE)--> [EVENT_BEFORE_N/A_ACTUAL_POS],"""grossesse"" --(CONTAINS)--> ""examen"" | ""examen"" --(BEFORE)--> ""examen"" | ""examen"" --(BEFORE)--> ""échographie"""
13,65,FR100666,[EVENT_BEFORE_N/A_ACTUAL_POS] --(CONTAINS)--> [EVENT_BEFORE_N/A_ACTUAL_POS] | [EVENT_BEFORE_N/A_ACTUAL_POS] --(BEFORE)--> [EVENT_BEFORE_N/A_ACTUAL_POS] | [EVENT_BEFORE_N/A_ACTUAL_POS] --(BEFORE)--> [EVENT_BEFORE_N/A_ACTUAL_POS],"""tuméfactions"" --(CONTAINS)--> ""palpation"" | ""palpation"" --(BEFORE)--> ""radiographie"" | ""radiographie"" --(BEFORE)--> ""tomodensitométrie"""
13,65,FR100683,[EVENT_BEFORE_N/A_ACTUAL_POS] --(CONTAINS)--> [EVENT_BEFORE_N/A_ACTUAL_POS] | [EVENT_BEFORE_N/A_ACTUAL_POS] --(BEFORE)--> [EVENT_BEFORE_N/A_ACTUAL_POS] | [EVENT_BEFORE_N/A_ACTUAL_POS] --(BEFORE)--> [EVENT_BEFORE_N/A_ACTUAL_POS],"""créatinine"" --(CONTAINS)--> ""exploration"" | ""exploration"" --(BEFORE)--> ""exploration"" | ""exploration"" --(BEFORE)--> ""IRM"""
13,65,FR100688,[EVENT_BEFORE_N/A_ACTUAL_POS] --(CONTAINS)--> [EVENT_BEFORE_N/A_ACTUAL_POS] | [EVENT_BEFORE_N/A_ACTUAL_POS] --(BEFORE)--> [EVENT_BEFORE_N/A_ACTUAL_POS] | [EVENT_BEFORE_N/A_ACTUAL_POS] --(BEFORE)--> [EVENT_BEFORE_N/A_ACTUAL_POS],"""indice"" --(CONTAINS)--> ""examen"" | ""examen"" --(BEFORE)--> ""examen"" | ""examen"" --(BEFORE)--> ""examen"""
13,65,FR100689,[EVENT_BEFORE_N/A_ACTUAL_POS] --(CONTAINS)--> [EVENT_BEFORE_N/A_ACTUAL_POS] | [EVENT_BEFORE_N/A_ACTUAL_POS] --(BEFORE)--> [EVENT_BEFORE_N/A_ACTUAL_POS] | [EVENT_BEFORE_N/A_ACTUAL_POS] --(BEFORE)--> [EVENT_BEFORE_N/A_ACTUAL_POS],"""recherche"" --(CONTAINS)--> ""ionogramme"" | ""ionogramme"" --(BEFORE)--> ""examen"" | ""examen"" --(BEFORE)--> ""retenu"""
13,65,FR100697,[EVENT_BEFORE_N/A_ACTUAL_POS] --(CONTAINS)--> [EVENT_BEFORE_N/A_ACTUAL_POS] | [EVENT_BEFORE_N/A_ACTUAL_POS] --(BEFORE)--> [EVENT_BEFORE_N/A_ACTUAL_POS] | [EVENT_BEFORE_N/A_ACTUAL_POS] --(BEFORE)--> [EVENT_BEFORE_N/A_ACTUAL_POS],"""adénopathies"" --(CONTAINS)--> ""examen"" | ""examen"" --(BEFORE)--> ""mammographie"" | ""mammographie"" --(BEFORE)--> ""échographie"""
13,65,FR100708,[EVENT_BEFORE_N/A_ACTUAL_POS] --(CONTAINS)--> [EVENT_BEFORE_N/A_ACTUAL_POS] | [EVENT_BEFORE_N/A_ACTUAL_POS] --(BEFORE)--> [EVENT_BEFORE_N/A_ACTUAL_POS] | [EVENT_BEFORE_N/A_ACTUAL_POS] --(BEFORE)--> [EVENT_BEFORE_N/A_ACTUAL_POS],"""galactorrhée"" --(CONTAINS)--> ""examen"" | ""examen"" --(BEFORE)--> ""mammographie"" | ""mammographie"" --(BEFORE)--> ""échographie"""
13,65,FR100717,[EVENT_BEFORE_N/A_ACTUAL_POS] --(CONTAINS)--> [EVENT_BEFORE_N/A_ACTUAL_POS] | [EVENT_BEFORE_N/A_ACTUAL_POS] --(BEFORE)--> [EVENT_BEFORE_N/A_ACTUAL_POS] | [EVENT_BEFORE_N/A_ACTUAL_POS] --(BEFORE)--> [EVENT_BEFORE_N/A_ACTUAL_POS],"""IMC"" --(CONTAINS)--> ""examen"" | ""examen"" --(BEFORE)--> ""examens"" | ""examens"" --(BEFORE)--> ""scanner"""
13,65,FR100748,[EVENT_BEFORE_N/A_ACTUAL_POS] --(CONTAINS)--> [EVENT_BEFORE_N/A_ACTUAL_POS] | [EVENT_BEFORE_N/A_ACTUAL_POS] --(BEFORE)--> [EVENT_BEFORE_N/A_ACTUAL_POS] | [EVENT_BEFORE_N/A_ACTUAL_POS] --(BEFORE)--> [EVENT_BEFORE_N/A_ACTUAL_POS],"""hospitalisation"" --(CONTAINS)--> ""indication"" | ""indication"" --(BEFORE)--> ""consultation"" | ""consultation"" --(BEFORE)--> ""ASA"""
13,65,FR100766,[EVENT_BEFORE_N/A_ACTUAL_POS] --(CONTAINS)--> [EVENT_BEFORE_N/A_ACTUAL_POS] | [EVENT_BEFORE_N/A_ACTUAL_POS] --(BEFORE)--> [EVENT_BEFORE_N/A_ACTUAL_POS] | [EVENT_BEFORE_N/A_ACTUAL_POS] --(BEFORE)--> [EVENT_BEFORE_N/A_ACTUAL_POS],"""prolabé"" --(CONTAINS)--> ""examen"" | ""examen"" --(BEFORE)--> ""hospitalisation"" | ""hospitalisation"" --(BEFORE)--> ""traitement"""
13,65,FR100780,[EVENT_BEFORE_N/A_ACTUAL_POS] --(CONTAINS)--> [EVENT_BEFORE_N/A_ACTUAL_POS] | [EVENT_BEFORE_N/A_ACTUAL_POS] --(BEFORE)--> [EVENT_BEFORE_N/A_ACTUAL_POS] | [EVENT_BEFORE_N/A_ACTUAL_POS] --(BEFORE)--> [EVENT_BEFORE_N/A_ACTUAL_POS],"""poids"" --(CONTAINS)--> ""examen"" | ""examen"" --(BEFORE)--> ""toucher"" | ""toucher"" --(BEFORE)--> ""échographie"""
13,65,FR100806,[EVENT_BEFORE_N/A_ACTUAL_POS] --(CONTAINS)--> [EVENT_BEFORE_N/A_ACTUAL_POS] | [EVENT_BEFORE_N/A_ACTUAL_POS] --(BEFORE)--> [EVENT_BEFORE_N/A_ACTUAL_POS] | [EVENT_BEFORE_N/A_ACTUAL_POS] --(BEFORE)--> [EVENT_BEFORE_N/A_ACTUAL_POS],"""D-dimères"" --(CONTAINS)--> ""biologie"" | ""biologie"" --(BEFORE)--> ""tomodensitométrie"" | ""tomodensitométrie"" --(BEFORE)--> ""prise"""
13,65,FR100814,[EVENT_BEFORE_N/A_ACTUAL_POS] --(CONTAINS)--> [EVENT_BEFORE_N/A_ACTUAL_POS] | [EVENT_BEFORE_N/A_ACTUAL_POS] --(BEFORE)--> [EVENT_BEFORE_N/A_ACTUAL_POS] | [EVENT_BEFORE_N/A_ACTUAL_POS] --(BEFORE)--> [EVENT_BEFORE_N/A_ACTUAL_POS],"""neurofibrome"" --(CONTAINS)--> ""diagnostic"" | ""diagnostic"" --(BEFORE)--> ""réséquée"" | ""réséquée"" --(BEFORE)--> ""examen"""
13,65,FR100826,[EVENT_BEFORE_N/A_ACTUAL_POS] --(CONTAINS)--> [EVENT_BEFORE_N/A_ACTUAL_POS] | [EVENT_BEFORE_N/A_ACTUAL_POS] --(BEFORE)--> [EVENT_BEFORE_N/A_ACTUAL_POS] | [EVENT_BEFORE_N/A_ACTUAL_POS] --(BEFORE)--> [EVENT_BEFORE_N/A_ACTUAL_POS],"""qualité"" --(CONTAINS)--> ""retenue"" | ""retenue"" --(BEFORE)--> ""exploration"" | ""exploration"" --(BEFORE)--> ""suites"""
13,65,FR100845,[EVENT_BEFORE_N/A_ACTUAL_POS] --(CONTAINS)--> [EVENT_BEFORE_N/A_ACTUAL_POS] | [EVENT_BEFORE_N/A_ACTUAL_POS] --(BEFORE)--> [EVENT_BEFORE_N/A_ACTUAL_POS] | [EVENT_BEFORE_N/A_ACTUAL_POS] --(BEFORE)--> [EVENT_BEFORE_N/A_ACTUAL_POS],"""présence"" --(CONTAINS)--> ""échographie"" | ""échographie"" --(BEFORE)--> ""radiographie"" | ""radiographie"" --(BEFORE)--> ""décision"""
13,65,FR100849,[EVENT_BEFORE_N/A_ACTUAL_POS] --(CONTAINS)--> [EVENT_BEFORE_N/A_ACTUAL_POS] | [EVENT_BEFORE_N/A_ACTUAL_POS] --(BEFORE)--> [EVENT_BEFORE_N/A_ACTUAL_POS] | [EVENT_BEFORE_N/A_ACTUAL_POS] --(BEFORE)--> [EVENT_BEFORE_N/A_ACTUAL_POS],"""appendagite"" --(CONTAINS)--> ""tomodensitométrie"" | ""tomodensitométrie"" --(BEFORE)--> ""acheminé"" | ""acheminé"" --(BEFORE)--> ""suites"""
13,65,FR100870,[EVENT_BEFORE_N/A_ACTUAL_POS] --(CONTAINS)--> [EVENT_BEFORE_N/A_ACTUAL_POS] | [EVENT_BEFORE_N/A_ACTUAL_POS] --(BEFORE)--> [EVENT_BEFORE_N/A_ACTUAL_POS] | [EVENT_BEFORE_N/A_ACTUAL_POS] --(BEFORE)--> [EVENT_BEFORE_N/A_ACTUAL_POS],"""éléments"" --(CONTAINS)--> ""myélogramme"" | ""myélogramme"" --(BEFORE)--> ""dosage"" | ""dosage"" --(BEFORE)--> ""dosage"""
13,65,FR100874,[EVENT_BEFORE_N/A_ACTUAL_POS] --(CONTAINS)--> [EVENT_BEFORE_N/A_ACTUAL_POS] | [EVENT_BEFORE_N/A_ACTUAL_POS] --(BEFORE)--> [EVENT_BEFORE_N/A_ACTUAL_POS] | [EVENT_BEFORE_N/A_ACTUAL_POS] --(BEFORE)--> [EVENT_BEFORE_N/A_ACTUAL_POS],"""méléna"" --(CONTAINS)--> ""examen"" | ""examen"" --(BEFORE)--> ""hémogramme"" | ""hémogramme"" --(BEFORE)--> ""fibroscopie"""
13,65,FR100882,[EVENT_BEFORE_N/A_ACTUAL_POS] --(CONTAINS)--> [EVENT_BEFORE_N/A_ACTUAL_POS] | [EVENT_BEFORE_N/A_ACTUAL_POS] --(BEFORE)--> [EVENT_BEFORE_N/A_ACTUAL_POS] | [EVENT_BEFORE_N/A_ACTUAL_POS] --(BEFORE)--> [EVENT_BEFORE_N/A_ACTUAL_POS],"""hospitalisation"" --(CONTAINS)--> ""admise"" | ""admise"" --(BEFORE)--> ""examen"" | ""examen"" --(BEFORE)--> ""examen"""
13,65,FR100883,[EVENT_BEFORE_N/A_ACTUAL_POS] --(CONTAINS)--> [EVENT_BEFORE_N/A_ACTUAL_POS] | [EVENT_BEFORE_N/A_ACTUAL_POS] --(BEFORE)--> [EVENT_BEFORE_N/A_ACTUAL_POS] | [EVENT_BEFORE_N/A_ACTUAL_POS] --(BEFORE)--> [EVENT_BEFORE_N/A_ACTUAL_POS],"""prolifération"" --(CONTAINS)--> ""biopsie"" | ""biopsie"" --(BEFORE)--> ""bilan"" | ""bilan"" --(BEFORE)--> ""sérologie"""
13,65,FR100894,[EVENT_BEFORE_N/A_ACTUAL_POS] --(CONTAINS)--> [EVENT_BEFORE_N/A_ACTUAL_POS] | [EVENT_BEFORE_N/A_ACTUAL_POS] --(BEFORE)--> [EVENT_BEFORE_N/A_ACTUAL_POS] | [EVENT_BEFORE_N/A_ACTUAL_POS] --(BEFORE)--> [EVENT_BEFORE_N/A_ACTUAL_POS],"""désinsertion"" --(CONTAINS)--> ""imagerie"" | ""imagerie"" --(BEFORE)--> ""prescrit"" | ""prescrit"" --(BEFORE)--> ""rejoint"""
13,65,FR100903,[EVENT_BEFORE_N/A_ACTUAL_POS] --(CONTAINS)--> [EVENT_BEFORE_N/A_ACTUAL_POS] | [EVENT_BEFORE_N/A_ACTUAL_POS] --(BEFORE)--> [EVENT_BEFORE_N/A_ACTUAL_POS] | [EVENT_BEFORE_N/A_ACTUAL_POS] --(BEFORE)--> [EVENT_BEFORE_N/A_ACTUAL_POS],"""présence"" --(CONTAINS)--> ""IRM"" | ""IRM"" --(BEFORE)--> ""diagnostic"" | ""diagnostic"" --(BEFORE)--> ""écarté"""
13,65,FR100921,[EVENT_BEFORE_N/A_ACTUAL_POS] --(CONTAINS)--> [EVENT_BEFORE_N/A_ACTUAL_POS] | [EVENT_BEFORE_N/A_ACTUAL_POS] --(BEFORE)--> [EVENT_BEFORE_N/A_ACTUAL_POS] | [EVENT_BEFORE_N/A_ACTUAL_POS] --(BEFORE)--> [EVENT_BEFORE_N/A_ACTUAL_POS],"""douleur"" --(CONTAINS)--> ""palpation"" | ""palpation"" --(BEFORE)--> ""imagerie"" | ""imagerie"" --(BEFORE)--> ""exérèse"""
13,65,FR100946,[EVENT_BEFORE_N/A_ACTUAL_POS] --(CONTAINS)--> [EVENT_BEFORE_N/A_ACTUAL_POS] | [EVENT_BEFORE_N/A_ACTUAL_POS] --(BEFORE)--> [EVENT_BEFORE_N/A_ACTUAL_POS] | [EVENT_BEFORE_N/A_ACTUAL_POS] --(BEFORE)--> [EVENT_BEFORE_N/A_ACTUAL_POS],"""œdème"" --(CONTAINS)--> ""IRM"" | ""IRM"" --(BEFORE)--> ""analyse"" | ""analyse"" --(BEFORE)--> ""mise"""
13,65,FR100959,[EVENT_BEFORE_N/A_ACTUAL_POS] --(CONTAINS)--> [EVENT_BEFORE_N/A_ACTUAL_POS] | [EVENT_BEFORE_N/A_ACTUAL_POS] --(BEFORE)--> [EVENT_BEFORE_N/A_ACTUAL_POS] | [EVENT_BEFORE_N/A_ACTUAL_POS] --(BEFORE)--> [EVENT_BEFORE_N/A_ACTUAL_POS],"""admis"" --(CONTAINS)--> ""œsophagoscopie"" | ""œsophagoscopie"" --(BEFORE)--> ""Transit"" | ""Transit"" --(BEFORE)--> ""notée"""
13,65,FR100996,[EVENT_BEFORE_N/A_ACTUAL_POS] --(CONTAINS)--> [EVENT_BEFORE_N/A_ACTUAL_POS] | [EVENT_BEFORE_N/A_ACTUAL_POS] --(BEFORE)--> [EVENT_BEFORE_N/A_ACTUAL_POS] | [EVENT_BEFORE_N/A_ACTUAL_POS] --(BEFORE)--> [EVENT_BEFORE_N/A_ACTUAL_POS],"""paroi"" --(CONTAINS)--> ""injection"" | ""injection"" --(BEFORE)--> ""retenu"" | ""retenu"" --(BEFORE)--> ""chirurgical"""
13,65,FR100998,[EVENT_BEFORE_N/A_ACTUAL_POS] --(CONTAINS)--> [EVENT_BEFORE_N/A_ACTUAL_POS] | [EVENT_BEFORE_N/A_ACTUAL_POS] --(BEFORE)--> [EVENT_BEFORE_N/A_ACTUAL_POS] | [EVENT_BEFORE_N/A_ACTUAL_POS] --(BEFORE)--> [EVENT_BEFORE_N/A_ACTUAL_POS],"""inflammation"" --(CONTAINS)--> ""diagnostic"" | ""diagnostic"" --(BEFORE)--> ""traitée"" | ""traitée"" --(BEFORE)--> ""bilan"""
114,60,FR100003,[EVENT_BEFORE_N/A_ACTUAL_POS] --(BEFORE)--> [EVENT_BEFORE_N/A_ACTUAL_POS] | [EVENT_BEFORE_N/A_ACTUAL_POS] --(BEFORE)--> [EVENT_BEFORE_N/A_ACTUAL_POS] | [EVENT_BEFORE_N/A_ACTUAL_POS] --(BEFORE)--> [EVENT_BEFORE_N/A_ACTUAL_POS],"""examen"" --(BEFORE)--> ""examen"" | ""examen"" --(BEFORE)--> ""antibiothérapie"" | ""antibiothérapie"" --(BEFORE)--> ""bloc"""
114,60,FR100092,[EVENT_BEFORE_N/A_ACTUAL_POS] --(BEFORE)--> [EVENT_BEFORE_N/A_ACTUAL_POS] | [EVENT_BEFORE_N/A_ACTUAL_POS] --(BEFORE)--> [EVENT_BEFORE_N/A_ACTUAL_POS] | [EVENT_BEFORE_N/A_ACTUAL_POS] --(BEFORE)--> [EVENT_BEFORE_N/A_ACTUAL_POS],"""admise"" --(BEFORE)--> ""examen"" | ""examen"" --(BEFORE)--> ""examen"" | ""examen"" --(BEFORE)--> ""examen"""
114,60,FR100120,[EVENT_BEFORE_N/A_ACTUAL_POS] --(BEFORE)--> [EVENT_BEFORE_N/A_ACTUAL_POS] | [EVENT_BEFORE_N/A_ACTUAL_POS] --(BEFORE)--> [EVENT_BEFORE_N/A_ACTUAL_POS] | [EVENT_BEFORE_N/A_ACTUAL_POS] --(BEFORE)--> [EVENT_BEFORE_N/A_ACTUAL_POS],"""rattaché"" --(BEFORE)--> ""traitement"" | ""traitement"" --(BEFORE)--> ""retirées"" | ""retirées"" --(BEFORE)--> ""conclure"""
114,60,FR100130,[EVENT_BEFORE_N/A_ACTUAL_POS] --(BEFORE)--> [EVENT_BEFORE_N/A_ACTUAL_POS] | [EVENT_BEFORE_N/A_ACTUAL_POS] --(BEFORE)--> [EVENT_BEFORE_N/A_ACTUAL_POS] | [EVENT_BEFORE_N/A_ACTUAL_POS] --(BEFORE)--> [EVENT_BEFORE_N/A_ACTUAL_POS],"""séjour"" --(BEFORE)--> ""bilan"" | ""bilan"" --(BEFORE)--> ""suspectée"" | ""suspectée"" --(BEFORE)--> ""bilan"""
114,60,FR100132,[EVENT_BEFORE_N/A_ACTUAL_POS] --(BEFORE)--> [EVENT_BEFORE_N/A_ACTUAL_POS] | [EVENT_BEFORE_N/A_ACTUAL_POS] --(BEFORE)--> [EVENT_BEFORE_N/A_ACTUAL_POS] | [EVENT_BEFORE_N/A_ACTUAL_POS] --(BEFORE)--> [EVENT_BEFORE_N/A_ACTUAL_POS],"""palpation"" --(BEFORE)--> ""histologie"" | ""histologie"" --(BEFORE)--> ""examen"" | ""examen"" --(BEFORE)--> ""écho-Doppler"""
114,60,FR100142,[EVENT_BEFORE_N/A_ACTUAL_POS] --(BEFORE)--> [EVENT_BEFORE_N/A_ACTUAL_POS] | [EVENT_BEFORE_N/A_ACTUAL_POS] --(BEFORE)--> [EVENT_BEFORE_N/A_ACTUAL_POS] | [EVENT_BEFORE_N/A_ACTUAL_POS] --(BEFORE)--> [EVENT_BEFORE_N/A_ACTUAL_POS],"""fibroscopie"" --(BEFORE)--> ""biopsie"" | ""biopsie"" --(BEFORE)--> ""mis"" | ""mis"" --(BEFORE)--> ""évolution"""
114,60,FR100161,[EVENT_BEFORE_N/A_ACTUAL_POS] --(BEFORE)--> [EVENT_BEFORE_N/A_ACTUAL_POS] | [EVENT_BEFORE_N/A_ACTUAL_POS] --(BEFORE)--> [EVENT_BEFORE_N/A_ACTUAL_POS] | [EVENT_BEFORE_N/A_ACTUAL_POS] --(BEFORE)--> [EVENT_BEFORE_N/A_ACTUAL_POS],"""interrogatoire"" --(BEFORE)--> ""examen"" | ""examen"" --(BEFORE)--> ""examens"" | ""examens"" --(BEFORE)--> ""radiographie"""
114,60,FR100168,[EVENT_BEFORE_N/A_ACTUAL_POS] --(BEFORE)--> [EVENT_BEFORE_N/A_ACTUAL_POS] | [EVENT_BEFORE_N/A_ACTUAL_POS] --(BEFORE)--> [EVENT_BEFORE_N/A_ACTUAL_POS] | [EVENT_BEFORE_N/A_ACTUAL_POS] --(BEFORE)--> [EVENT_BEFORE_N/A_ACTUAL_POS],"""transfusion"" --(BEFORE)--> ""bilan"" | ""bilan"" --(BEFORE)--> ""tests"" | ""tests"" --(BEFORE)--> ""entretien"""
114,60,FR100255,[EVENT_BEFORE_N/A_ACTUAL_POS] --(BEFORE)--> [EVENT_BEFORE_N/A_ACTUAL_POS] | [EVENT_BEFORE_N/A_ACTUAL_POS] --(BEFORE)--> [EVENT_BEFORE_N/A_ACTUAL_POS] | [EVENT_BEFORE_N/A_ACTUAL_POS] --(BEFORE)--> [EVENT_BEFORE_N/A_ACTUAL_POS],"""radio"" --(BEFORE)--> ""TDM"" | ""TDM"" --(BEFORE)--> ""bilan"" | ""bilan"" --(BEFORE)--> ""expulsé"""
114,60,FR100275,[EVENT_BEFORE_N/A_ACTUAL_POS] --(BEFORE)--> [EVENT_BEFORE_N/A_ACTUAL_POS] | [EVENT_BEFORE_N/A_ACTUAL_POS] --(BEFORE)--> [EVENT_BEFORE_N/A_ACTUAL_POS] | [EVENT_BEFORE_N/A_ACTUAL_POS] --(BEFORE)--> [EVENT_BEFORE_N/A_ACTUAL_POS],"""découverte"" --(BEFORE)--> ""arrivée"" | ""arrivée"" --(BEFORE)--> ""établi"" | ""établi"" --(BEFORE)--> ""manœuvres"""
114,60,FR100276,[EVENT_BEFORE_N/A_ACTUAL_POS] --(BEFORE)--> [EVENT_BEFORE_N/A_ACTUAL_POS] | [EVENT_BEFORE_N/A_ACTUAL_POS] --(BEFORE)--> [EVENT_BEFORE_N/A_ACTUAL_POS] | [EVENT_BEFORE_N/A_ACTUAL_POS] --(BEFORE)--> [EVENT_BEFORE_N/A_ACTUAL_POS],"""accouchement"" --(BEFORE)--> ""reste"" | ""reste"" --(BEFORE)--> ""bilan"" | ""bilan"" --(BEFORE)--> ""régression"""
114,60,FR100282,[EVENT_BEFORE_N/A_ACTUAL_POS] --(BEFORE)--> [EVENT_BEFORE_N/A_ACTUAL_POS] | [EVENT_BEFORE_N/A_ACTUAL_POS] --(BEFORE)--> [EVENT_BEFORE_N/A_ACTUAL_POS] | [EVENT_BEFORE_N/A_ACTUAL_POS] --(BEFORE)--> [EVENT_BEFORE_N/A_ACTUAL_POS],"""examen"" --(BEFORE)--> ""électroencéphalogramme"" | ""électroencéphalogramme"" --(BEFORE)--> ""scanner"" | ""scanner"" --(BEFORE)--> ""conclus"""
114,60,FR100283,[EVENT_BEFORE_N/A_ACTUAL_POS] --(BEFORE)--> [EVENT_BEFORE_N/A_ACTUAL_POS] | [EVENT_BEFORE_N/A_ACTUAL_POS] --(BEFORE)--> [EVENT_BEFORE_N/A_ACTUAL_POS] | [EVENT_BEFORE_N/A_ACTUAL_POS] --(BEFORE)--> [EVENT_BEFORE_N/A_ACTUAL_POS],"""IRM"" --(BEFORE)--> ""hypophysiogramme"" | ""hypophysiogramme"" --(BEFORE)--> ""traitement"" | ""traitement"" --(BEFORE)--> ""évolution"""
114,60,FR100296,[EVENT_BEFORE_N/A_ACTUAL_POS] --(BEFORE)--> [EVENT_BEFORE_N/A_ACTUAL_POS] | [EVENT_BEFORE_N/A_ACTUAL_POS] --(BEFORE)--> [EVENT_BEFORE_N/A_ACTUAL_POS] | [EVENT_BEFORE_N/A_ACTUAL_POS] --(BEFORE)--> [EVENT_BEFORE_N/A_ACTUAL_POS],"""IRM"" --(BEFORE)--> ""fenestration"" | ""fenestration"" --(BEFORE)--> ""suites"" | ""suites"" --(BEFORE)--> ""exéaté"""
114,60,FR100314,[EVENT_BEFORE_N/A_ACTUAL_POS] --(BEFORE)--> [EVENT_BEFORE_N/A_ACTUAL_POS] | [EVENT_BEFORE_N/A_ACTUAL_POS] --(BEFORE)--> [EVENT_BEFORE_N/A_ACTUAL_POS] | [EVENT_BEFORE_N/A_ACTUAL_POS] --(BEFORE)--> [EVENT_BEFORE_N/A_ACTUAL_POS],"""drainage"" --(BEFORE)--> ""angio-scanner"" | ""angio-scanner"" --(BEFORE)--> ""amputation"" | ""amputation"" --(BEFORE)--> ""mise"""
114,60,FR100344,[EVENT_BEFORE_N/A_ACTUAL_POS] --(BEFORE)--> [EVENT_BEFORE_N/A_ACTUAL_POS] | [EVENT_BEFORE_N/A_ACTUAL_POS] --(BEFORE)--> [EVENT_BEFORE_N/A_ACTUAL_POS] | [EVENT_BEFORE_N/A_ACTUAL_POS] --(BEFORE)--> [EVENT_BEFORE_N/A_ACTUAL_POS],"""plainte"" --(BEFORE)--> ""examen"" | ""examen"" --(BEFORE)--> ""césarienne"" | ""césarienne"" --(BEFORE)--> ""pesait"""
114,60,FR100346,[EVENT_BEFORE_N/A_ACTUAL_POS] --(BEFORE)--> [EVENT_BEFORE_N/A_ACTUAL_POS] | [EVENT_BEFORE_N/A_ACTUAL_POS] --(BEFORE)--> [EVENT_BEFORE_N/A_ACTUAL_POS] | [EVENT_BEFORE_N/A_ACTUAL_POS] --(BEFORE)--> [EVENT_BEFORE_N/A_ACTUAL_POS],"""IRM"" --(BEFORE)--> ""scanner"" | ""scanner"" --(BEFORE)--> ""posé"" | ""posé"" --(BEFORE)--> ""bilan"""
114,60,FR100360,[EVENT_BEFORE_N/A_ACTUAL_POS] --(BEFORE)--> [EVENT_BEFORE_N/A_ACTUAL_POS] | [EVENT_BEFORE_N/A_ACTUAL_POS] --(BEFORE)--> [EVENT_BEFORE_N/A_ACTUAL_POS] | [EVENT_BEFORE_N/A_ACTUAL_POS] --(BEFORE)--> [EVENT_BEFORE_N/A_ACTUAL_POS],"""complément"" --(BEFORE)--> ""biopsie"" | ""biopsie"" --(BEFORE)--> ""tomodensitométrie"" | ""tomodensitométrie"" --(BEFORE)--> ""radiothérapie"""
114,60,FR100361,[EVENT_BEFORE_N/A_ACTUAL_POS] --(BEFORE)--> [EVENT_BEFORE_N/A_ACTUAL_POS] | [EVENT_BEFORE_N/A_ACTUAL_POS] --(BEFORE)--> [EVENT_BEFORE_N/A_ACTUAL_POS] | [EVENT_BEFORE_N/A_ACTUAL_POS] --(BEFORE)--> [EVENT_BEFORE_N/A_ACTUAL_POS],"""TDM"" --(BEFORE)--> ""ponction"" | ""ponction"" --(BEFORE)--> ""examen"" | ""examen"" --(BEFORE)--> ""examen"""
114,60,FR100371,[EVENT_BEFORE_N/A_ACTUAL_POS] --(BEFORE)--> [EVENT_BEFORE_N/A_ACTUAL_POS] | [EVENT_BEFORE_N/A_ACTUAL_POS] --(BEFORE)--> [EVENT_BEFORE_N/A_ACTUAL_POS] | [EVENT_BEFORE_N/A_ACTUAL_POS] --(BEFORE)--> [EVENT_BEFORE_N/A_ACTUAL_POS],"""admission"" --(BEFORE)--> ""examen"" | ""examen"" --(BEFORE)--> ""examen"" | ""examen"" --(BEFORE)--> ""bilan"""
114,60,FR100400,[EVENT_BEFORE_N/A_ACTUAL_POS] --(BEFORE)--> [EVENT_BEFORE_N/A_ACTUAL_POS] | [EVENT_BEFORE_N/A_ACTUAL_POS] --(BEFORE)--> [EVENT_BEFORE_N/A_ACTUAL_POS] | [EVENT_BEFORE_N/A_ACTUAL_POS] --(BEFORE)--> [EVENT_BEFORE_N/A_ACTUAL_POS],"""diagnostic"" --(BEFORE)--> ""exploration"" | ""exploration"" --(BEFORE)--> ""résection"" | ""résection"" --(BEFORE)--> ""drainage"""
114,60,FR100439,[EVENT_BEFORE_N/A_ACTUAL_POS] --(BEFORE)--> [EVENT_BEFORE_N/A_ACTUAL_POS] | [EVENT_BEFORE_N/A_ACTUAL_POS] --(BEFORE)--> [EVENT_BEFORE_N/A_ACTUAL_POS] | [EVENT_BEFORE_N/A_ACTUAL_POS] --(BEFORE)--> [EVENT_BEFORE_N/A_ACTUAL_POS],"""analyse"" --(BEFORE)--> ""demandée"" | ""demandée"" --(BEFORE)--> ""examen"" | ""examen"" --(BEFORE)--> ""classée"""
114,60,FR100448,[EVENT_BEFORE_N/A_ACTUAL_POS] --(BEFORE)--> [EVENT_BEFORE_N/A_ACTUAL_POS] | [EVENT_BEFORE_N/A_ACTUAL_POS] --(BEFORE)--> [EVENT_BEFORE_N/A_ACTUAL_POS] | [EVENT_BEFORE_N/A_ACTUAL_POS] --(BEFORE)--> [EVENT_BEFORE_N/A_ACTUAL_POS],"""hémi thyroïdectomie"" --(BEFORE)--> ""examen"" | ""examen"" --(BEFORE)--> ""histochimie"" | ""histochimie"" --(BEFORE)--> ""scanner"""
114,60,FR100480,[EVENT_BEFORE_N/A_ACTUAL_POS] --(BEFORE)--> [EVENT_BEFORE_N/A_ACTUAL_POS] | [EVENT_BEFORE_N/A_ACTUAL_POS] --(BEFORE)--> [EVENT_BEFORE_N/A_ACTUAL_POS] | [EVENT_BEFORE_N/A_ACTUAL_POS] --(BEFORE)--> [EVENT_BEFORE_N/A_ACTUAL_POS],"""bilan"" --(BEFORE)--> ""analyse"" | ""analyse"" --(BEFORE)--> ""amputation"" | ""amputation"" --(BEFORE)--> ""examen"""
114,60,FR100515,[EVENT_BEFORE_N/A_ACTUAL_POS] --(BEFORE)--> [EVENT_BEFORE_N/A_ACTUAL_POS] | [EVENT_BEFORE_N/A_ACTUAL_POS] --(BEFORE)--> [EVENT_BEFORE_N/A_ACTUAL_POS] | [EVENT_BEFORE_N/A_ACTUAL_POS] --(BEFORE)--> [EVENT_BEFORE_N/A_ACTUAL_POS],"""bilan"" --(BEFORE)--> ""bilan"" | ""bilan"" --(BEFORE)--> ""prescrits"" | ""prescrits"" --(BEFORE)--> ""corticothérapie"""
114,60,FR100517,[EVENT_BEFORE_N/A_ACTUAL_POS] --(BEFORE)--> [EVENT_BEFORE_N/A_ACTUAL_POS] | [EVENT_BEFORE_N/A_ACTUAL_POS] --(BEFORE)--> [EVENT_BEFORE_N/A_ACTUAL_POS] | [EVENT_BEFORE_N/A_ACTUAL_POS] --(BEFORE)--> [EVENT_BEFORE_N/A_ACTUAL_POS],"""examen"" --(BEFORE)--> ""bilan"" | ""bilan"" --(BEFORE)--> ""électromyogramme"" | ""électromyogramme"" --(BEFORE)--> ""bilan"""
114,60,FR100519,[EVENT_BEFORE_N/A_ACTUAL_POS] --(BEFORE)--> [EVENT_BEFORE_N/A_ACTUAL_POS] | [EVENT_BEFORE_N/A_ACTUAL_POS] --(BEFORE)--> [EVENT_BEFORE_N/A_ACTUAL_POS] | [EVENT_BEFORE_N/A_ACTUAL_POS] --(BEFORE)--> [EVENT_BEFORE_N/A_ACTUAL_POS],"""hospitalisée"" --(BEFORE)--> ""entrée"" | ""entrée"" --(BEFORE)--> ""bilan"" | ""bilan"" --(BEFORE)--> ""angioscanner"""
114,60,FR100579,[EVENT_BEFORE_N/A_ACTUAL_POS] --(BEFORE)--> [EVENT_BEFORE_N/A_ACTUAL_POS] | [EVENT_BEFORE_N/A_ACTUAL_POS] --(BEFORE)--> [EVENT_BEFORE_N/A_ACTUAL_POS] | [EVENT_BEFORE_N/A_ACTUAL_POS] --(BEFORE)--> [EVENT_BEFORE_N/A_ACTUAL_POS],"""radiographie"" --(BEFORE)--> ""échocardiographie"" | ""échocardiographie"" --(BEFORE)--> ""angio-scanner"" | ""angio-scanner"" --(BEFORE)--> ""imagerie"""
114,60,FR100589,[EVENT_BEFORE_N/A_ACTUAL_POS] --(BEFORE)--> [EVENT_BEFORE_N/A_ACTUAL_POS] | [EVENT_BEFORE_N/A_ACTUAL_POS] --(BEFORE)--> [EVENT_BEFORE_N/A_ACTUAL_POS] | [EVENT_BEFORE_N/A_ACTUAL_POS] --(BEFORE)--> [EVENT_BEFORE_N/A_ACTUAL_POS],"""reste"" --(BEFORE)--> ""radiographie"" | ""radiographie"" --(BEFORE)--> ""tomodensitométrie"" | ""tomodensitométrie"" --(BEFORE)--> ""discuté"""
114,60,FR100597,[EVENT_BEFORE_N/A_ACTUAL_POS] --(BEFORE)--> [EVENT_BEFORE_N/A_ACTUAL_POS] | [EVENT_BEFORE_N/A_ACTUAL_POS] --(BEFORE)--> [EVENT_BEFORE_N/A_ACTUAL_POS] | [EVENT_BEFORE_N/A_ACTUAL_POS] --(BEFORE)--> [EVENT_BEFORE_N/A_ACTUAL_POS],"""marqueurs"" --(BEFORE)--> ""décidée"" | ""décidée"" --(BEFORE)--> ""laparotomie"" | ""laparotomie"" --(BEFORE)--> ""hystérectomie"""
114,60,FR100611,[EVENT_BEFORE_N/A_ACTUAL_POS] --(BEFORE)--> [EVENT_BEFORE_N/A_ACTUAL_POS] | [EVENT_BEFORE_N/A_ACTUAL_POS] --(BEFORE)--> [EVENT_BEFORE_N/A_ACTUAL_POS] | [EVENT_BEFORE_N/A_ACTUAL_POS] --(BEFORE)--> [EVENT_BEFORE_N/A_ACTUAL_POS],"""examen"" --(BEFORE)--> ""IRM"" | ""IRM"" --(BEFORE)--> ""étude"" | ""étude"" --(BEFORE)--> ""examen"""
114,60,FR100614,[EVENT_BEFORE_N/A_ACTUAL_POS] --(BEFORE)--> [EVENT_BEFORE_N/A_ACTUAL_POS] | [EVENT_BEFORE_N/A_ACTUAL_POS] --(BEFORE)--> [EVENT_BEFORE_N/A_ACTUAL_POS] | [EVENT_BEFORE_N/A_ACTUAL_POS] --(BEFORE)--> [EVENT_BEFORE_N/A_ACTUAL_POS],"""examen"" --(BEFORE)--> ""échographique"" | ""échographique"" --(BEFORE)--> ""tomodensitométrie"" | ""tomodensitométrie"" --(BEFORE)--> ""radiographie"""
114,60,FR100620,[EVENT_BEFORE_N/A_ACTUAL_POS] --(BEFORE)--> [EVENT_BEFORE_N/A_ACTUAL_POS] | [EVENT_BEFORE_N/A_ACTUAL_POS] --(BEFORE)--> [EVENT_BEFORE_N/A_ACTUAL_POS] | [EVENT_BEFORE_N/A_ACTUAL_POS] --(BEFORE)--> [EVENT_BEFORE_N/A_ACTUAL_POS],"""bilan"" --(BEFORE)--> ""bilan"" | ""bilan"" --(BEFORE)--> ""bilan"" | ""bilan"" --(BEFORE)--> ""évolution"""
114,60,FR100623,[EVENT_BEFORE_N/A_ACTUAL_POS] --(BEFORE)--> [EVENT_BEFORE_N/A_ACTUAL_POS] | [EVENT_BEFORE_N/A_ACTUAL_POS] --(BEFORE)--> [EVENT_BEFORE_N/A_ACTUAL_POS] | [EVENT_BEFORE_N/A_ACTUAL_POS] --(BEFORE)--> [EVENT_BEFORE_N/A_ACTUAL_POS],"""examen"" --(BEFORE)--> ""échographie"" | ""échographie"" --(BEFORE)--> ""tomodensitométrie"" | ""tomodensitométrie"" --(BEFORE)--> ""retenu"""
114,60,FR100629,[EVENT_BEFORE_N/A_ACTUAL_POS] --(BEFORE)--> [EVENT_BEFORE_N/A_ACTUAL_POS] | [EVENT_BEFORE_N/A_ACTUAL_POS] --(BEFORE)--> [EVENT_BEFORE_N/A_ACTUAL_POS] | [EVENT_BEFORE_N/A_ACTUAL_POS] --(BEFORE)--> [EVENT_BEFORE_N/A_ACTUAL_POS],"""radiographie"" --(BEFORE)--> ""thoracoscopie"" | ""thoracoscopie"" --(BEFORE)--> ""marquage"" | ""marquage"" --(BEFORE)--> ""bilan"""
114,60,FR100632,[EVENT_BEFORE_N/A_ACTUAL_POS] --(BEFORE)--> [EVENT_BEFORE_N/A_ACTUAL_POS] | [EVENT_BEFORE_N/A_ACTUAL_POS] --(BEFORE)--> [EVENT_BEFORE_N/A_ACTUAL_POS] | [EVENT_BEFORE_N/A_ACTUAL_POS] --(BEFORE)--> [EVENT_BEFORE_N/A_ACTUAL_POS],"""radiographie"" --(BEFORE)--> ""examen"" | ""examen"" --(BEFORE)--> ""sérologie"" | ""sérologie"" --(BEFORE)--> ""diagnostic"""
114,60,FR100663,[EVENT_BEFORE_N/A_ACTUAL_POS] --(BEFORE)--> [EVENT_BEFORE_N/A_ACTUAL_POS] | [EVENT_BEFORE_N/A_ACTUAL_POS] --(BEFORE)--> [EVENT_BEFORE_N/A_ACTUAL_POS] | [EVENT_BEFORE_N/A_ACTUAL_POS] --(BEFORE)--> [EVENT_BEFORE_N/A_ACTUAL_POS],"""examen"" --(BEFORE)--> ""examen"" | ""examen"" --(BEFORE)--> ""échographie"" | ""échographie"" --(BEFORE)--> ""taux"""
114,60,FR100666,[EVENT_BEFORE_N/A_ACTUAL_POS] --(BEFORE)--> [EVENT_BEFORE_N/A_ACTUAL_POS] | [EVENT_BEFORE_N/A_ACTUAL_POS] --(BEFORE)--> [EVENT_BEFORE_N/A_ACTUAL_POS] | [EVENT_BEFORE_N/A_ACTUAL_POS] --(BEFORE)--> [EVENT_BEFORE_N/A_ACTUAL_POS],"""examen"" --(BEFORE)--> ""examen"" | ""examen"" --(BEFORE)--> ""palpation"" | ""palpation"" --(BEFORE)--> ""radiographie"""
114,60,FR100683,[EVENT_BEFORE_N/A_ACTUAL_POS] --(BEFORE)--> [EVENT_BEFORE_N/A_ACTUAL_POS] | [EVENT_BEFORE_N/A_ACTUAL_POS] --(BEFORE)--> [EVENT_BEFORE_N/A_ACTUAL_POS] | [EVENT_BEFORE_N/A_ACTUAL_POS] --(BEFORE)--> [EVENT_BEFORE_N/A_ACTUAL_POS],"""exploration"" --(BEFORE)--> ""IRM"" | ""IRM"" --(BEFORE)--> ""écho-mammographie"" | ""écho-mammographie"" --(BEFORE)--> ""osteodensitométrie"""
114,60,FR100688,[EVENT_BEFORE_N/A_ACTUAL_POS] --(BEFORE)--> [EVENT_BEFORE_N/A_ACTUAL_POS] | [EVENT_BEFORE_N/A_ACTUAL_POS] --(BEFORE)--> [EVENT_BEFORE_N/A_ACTUAL_POS] | [EVENT_BEFORE_N/A_ACTUAL_POS] --(BEFORE)--> [EVENT_BEFORE_N/A_ACTUAL_POS],"""échographie"" --(BEFORE)--> ""radiographie"" | ""radiographie"" --(BEFORE)--> ""incision"" | ""incision"" --(BEFORE)--> ""analyse"""
114,60,FR100689,[EVENT_BEFORE_N/A_ACTUAL_POS] --(BEFORE)--> [EVENT_BEFORE_N/A_ACTUAL_POS] | [EVENT_BEFORE_N/A_ACTUAL_POS] --(BEFORE)--> [EVENT_BEFORE_N/A_ACTUAL_POS] | [EVENT_BEFORE_N/A_ACTUAL_POS] --(BEFORE)--> [EVENT_BEFORE_N/A_ACTUAL_POS],"""PCR"" --(BEFORE)--> ""scanner"" | ""scanner"" --(BEFORE)--> ""hémogramme"" | ""hémogramme"" --(BEFORE)--> ""ionogramme"""
114,60,FR100697,[EVENT_BEFORE_N/A_ACTUAL_POS] --(BEFORE)--> [EVENT_BEFORE_N/A_ACTUAL_POS] | [EVENT_BEFORE_N/A_ACTUAL_POS] --(BEFORE)--> [EVENT_BEFORE_N/A_ACTUAL_POS] | [EVENT_BEFORE_N/A_ACTUAL_POS] --(BEFORE)--> [EVENT_BEFORE_N/A_ACTUAL_POS],"""palpation"" --(BEFORE)--> ""examen"" | ""examen"" --(BEFORE)--> ""mammographie"" | ""mammographie"" --(BEFORE)--> ""échographie"""
114,60,FR100708,[EVENT_BEFORE_N/A_ACTUAL_POS] --(BEFORE)--> [EVENT_BEFORE_N/A_ACTUAL_POS] | [EVENT_BEFORE_N/A_ACTUAL_POS] --(BEFORE)--> [EVENT_BEFORE_N/A_ACTUAL_POS] | [EVENT_BEFORE_N/A_ACTUAL_POS] --(BEFORE)--> [EVENT_BEFORE_N/A_ACTUAL_POS],"""mammographie"" --(BEFORE)--> ""échographie"" | ""échographie"" --(BEFORE)--> ""ponction"" | ""ponction"" --(BEFORE)--> ""étude"""
114,60,FR100717,[EVENT_BEFORE_N/A_ACTUAL_POS] --(BEFORE)--> [EVENT_BEFORE_N/A_ACTUAL_POS] | [EVENT_BEFORE_N/A_ACTUAL_POS] --(BEFORE)--> [EVENT_BEFORE_N/A_ACTUAL_POS] | [EVENT_BEFORE_N/A_ACTUAL_POS] --(BEFORE)--> [EVENT_BEFORE_N/A_ACTUAL_POS],"""examens"" --(BEFORE)--> ""scanner"" | ""scanner"" --(BEFORE)--> ""IRM"" | ""IRM"" --(BEFORE)--> ""laminectomie"""
114,60,FR100748,[EVENT_BEFORE_N/A_ACTUAL_POS] --(BEFORE)--> [EVENT_BEFORE_N/A_ACTUAL_POS] | [EVENT_BEFORE_N/A_ACTUAL_POS] --(BEFORE)--> [EVENT_BEFORE_N/A_ACTUAL_POS] | [EVENT_BEFORE_N/A_ACTUAL_POS] --(BEFORE)--> [EVENT_BEFORE_N/A_ACTUAL_POS],"""suites"" --(BEFORE)--> ""transférée"" | ""transférée"" --(BEFORE)--> ""regagné"" | ""regagné"" --(BEFORE)--> ""recul"""
114,60,FR100780,[EVENT_BEFORE_N/A_ACTUAL_POS] --(BEFORE)--> [EVENT_BEFORE_N/A_ACTUAL_POS] | [EVENT_BEFORE_N/A_ACTUAL_POS] --(BEFORE)--> [EVENT_BEFORE_N/A_ACTUAL_POS] | [EVENT_BEFORE_N/A_ACTUAL_POS] --(BEFORE)--> [EVENT_BEFORE_N/A_ACTUAL_POS],"""admise"" --(BEFORE)--> ""examen"" | ""examen"" --(BEFORE)--> ""toucher"" | ""toucher"" --(BEFORE)--> ""échographie"""
114,60,FR100806,[EVENT_BEFORE_N/A_ACTUAL_POS] --(BEFORE)--> [EVENT_BEFORE_N/A_ACTUAL_POS] | [EVENT_BEFORE_N/A_ACTUAL_POS] --(BEFORE)--> [EVENT_BEFORE_N/A_ACTUAL_POS] | [EVENT_BEFORE_N/A_ACTUAL_POS] --(BEFORE)--> [EVENT_BEFORE_N/A_ACTUAL_POS],"""référée"" --(BEFORE)--> ""examen"" | ""examen"" --(BEFORE)--> ""biologie"" | ""biologie"" --(BEFORE)--> ""hospitalisée"""
114,60,FR100814,[EVENT_BEFORE_N/A_ACTUAL_POS] --(BEFORE)--> [EVENT_BEFORE_N/A_ACTUAL_POS] | [EVENT_BEFORE_N/A_ACTUAL_POS] --(BEFORE)--> [EVENT_BEFORE_N/A_ACTUAL_POS] | [EVENT_BEFORE_N/A_ACTUAL_POS] --(BEFORE)--> [EVENT_BEFORE_N/A_ACTUAL_POS],"""IRM"" --(BEFORE)--> ""diagnostic"" | ""diagnostic"" --(BEFORE)--> ""réséquée"" | ""réséquée"" --(BEFORE)--> ""examen"""
114,60,FR100826,[EVENT_BEFORE_N/A_ACTUAL_POS] --(BEFORE)--> [EVENT_BEFORE_N/A_ACTUAL_POS] | [EVENT_BEFORE_N/A_ACTUAL_POS] --(BEFORE)--> [EVENT_BEFORE_N/A_ACTUAL_POS] | [EVENT_BEFORE_N/A_ACTUAL_POS] --(BEFORE)--> [EVENT_BEFORE_N/A_ACTUAL_POS],"""admis"" --(BEFORE)--> ""examen"" | ""examen"" --(BEFORE)--> ""bilan"" | ""bilan"" --(BEFORE)--> ""bilan"""
114,60,FR100845,[EVENT_BEFORE_N/A_ACTUAL_POS] --(BEFORE)--> [EVENT_BEFORE_N/A_ACTUAL_POS] | [EVENT_BEFORE_N/A_ACTUAL_POS] --(BEFORE)--> [EVENT_BEFORE_N/A_ACTUAL_POS] | [EVENT_BEFORE_N/A_ACTUAL_POS] --(BEFORE)--> [EVENT_BEFORE_N/A_ACTUAL_POS],"""décision"" --(BEFORE)--> ""extraction"" | ""extraction"" --(BEFORE)--> ""examen"" | ""examen"" --(BEFORE)--> ""examinés"""
114,60,FR100849,[EVENT_BEFORE_N/A_ACTUAL_POS] --(BEFORE)--> [EVENT_BEFORE_N/A_ACTUAL_POS] | [EVENT_BEFORE_N/A_ACTUAL_POS] --(BEFORE)--> [EVENT_BEFORE_N/A_ACTUAL_POS] | [EVENT_BEFORE_N/A_ACTUAL_POS] --(BEFORE)--> [EVENT_BEFORE_N/A_ACTUAL_POS],"""admission"" --(BEFORE)--> ""tomodensitométrie"" | ""tomodensitométrie"" --(BEFORE)--> ""acheminé"" | ""acheminé"" --(BEFORE)--> ""suites"""
114,60,FR100870,[EVENT_BEFORE_N/A_ACTUAL_POS] --(BEFORE)--> [EVENT_BEFORE_N/A_ACTUAL_POS] | [EVENT_BEFORE_N/A_ACTUAL_POS] --(BEFORE)--> [EVENT_BEFORE_N/A_ACTUAL_POS] | [EVENT_BEFORE_N/A_ACTUAL_POS] --(BEFORE)--> [EVENT_BEFORE_N/A_ACTUAL_POS],"""imagerie"" --(BEFORE)--> ""hémogramme"" | ""hémogramme"" --(BEFORE)--> ""bilan"" | ""bilan"" --(BEFORE)--> ""IRM"""
114,60,FR100874,[EVENT_BEFORE_N/A_ACTUAL_POS] --(BEFORE)--> [EVENT_BEFORE_N/A_ACTUAL_POS] | [EVENT_BEFORE_N/A_ACTUAL_POS] --(BEFORE)--> [EVENT_BEFORE_N/A_ACTUAL_POS] | [EVENT_BEFORE_N/A_ACTUAL_POS] --(BEFORE)--> [EVENT_BEFORE_N/A_ACTUAL_POS],"""tomodensitométrie"" --(BEFORE)--> ""retenu"" | ""retenu"" --(BEFORE)--> ""mise"" | ""mise"" --(BEFORE)--> ""diverticulectomie"""
114,60,FR100882,[EVENT_BEFORE_N/A_ACTUAL_POS] --(BEFORE)--> [EVENT_BEFORE_N/A_ACTUAL_POS] | [EVENT_BEFORE_N/A_ACTUAL_POS] --(BEFORE)--> [EVENT_BEFORE_N/A_ACTUAL_POS] | [EVENT_BEFORE_N/A_ACTUAL_POS] --(BEFORE)--> [EVENT_BEFORE_N/A_ACTUAL_POS],"""scanner"" --(BEFORE)--> ""laminectomie"" | ""laminectomie"" --(BEFORE)--> ""Imagerie"" | ""Imagerie"" --(BEFORE)--> ""bilan"""
114,60,FR100883,[EVENT_BEFORE_N/A_ACTUAL_POS] --(BEFORE)--> [EVENT_BEFORE_N/A_ACTUAL_POS] | [EVENT_BEFORE_N/A_ACTUAL_POS] --(BEFORE)--> [EVENT_BEFORE_N/A_ACTUAL_POS] | [EVENT_BEFORE_N/A_ACTUAL_POS] --(BEFORE)--> [EVENT_BEFORE_N/A_ACTUAL_POS],"""TDM"" --(BEFORE)--> ""biopsie"" | ""biopsie"" --(BEFORE)--> ""bilan"" | ""bilan"" --(BEFORE)--> ""sérologie"""
114,60,FR100894,[EVENT_BEFORE_N/A_ACTUAL_POS] --(BEFORE)--> [EVENT_BEFORE_N/A_ACTUAL_POS] | [EVENT_BEFORE_N/A_ACTUAL_POS] --(BEFORE)--> [EVENT_BEFORE_N/A_ACTUAL_POS] | [EVENT_BEFORE_N/A_ACTUAL_POS] --(BEFORE)--> [EVENT_BEFORE_N/A_ACTUAL_POS],"""imagerie"" --(BEFORE)--> ""prescrit"" | ""prescrit"" --(BEFORE)--> ""rejoint"" | ""rejoint"" --(BEFORE)--> ""reçu"""
114,60,FR100903,[EVENT_BEFORE_N/A_ACTUAL_POS] --(BEFORE)--> [EVENT_BEFORE_N/A_ACTUAL_POS] | [EVENT_BEFORE_N/A_ACTUAL_POS] --(BEFORE)--> [EVENT_BEFORE_N/A_ACTUAL_POS] | [EVENT_BEFORE_N/A_ACTUAL_POS] --(BEFORE)--> [EVENT_BEFORE_N/A_ACTUAL_POS],"""écarté"" --(BEFORE)--> ""contrôles"" | ""contrôles"" --(BEFORE)--> ""accouchement"" | ""accouchement"" --(BEFORE)--> ""décédé"""
114,60,FR100946,[EVENT_BEFORE_N/A_ACTUAL_POS] --(BEFORE)--> [EVENT_BEFORE_N/A_ACTUAL_POS] | [EVENT_BEFORE_N/A_ACTUAL_POS] --(BEFORE)--> [EVENT_BEFORE_N/A_ACTUAL_POS] | [EVENT_BEFORE_N/A_ACTUAL_POS] --(BEFORE)--> [EVENT_BEFORE_N/A_ACTUAL_POS],"""examen"" --(BEFORE)--> ""IRM"" | ""IRM"" --(BEFORE)--> ""analyse"" | ""analyse"" --(BEFORE)--> ""mise"""
114,60,FR100996,[EVENT_BEFORE_N/A_ACTUAL_POS] --(BEFORE)--> [EVENT_BEFORE_N/A_ACTUAL_POS] | [EVENT_BEFORE_N/A_ACTUAL_POS] --(BEFORE)--> [EVENT_BEFORE_N/A_ACTUAL_POS] | [EVENT_BEFORE_N/A_ACTUAL_POS] --(BEFORE)--> [EVENT_BEFORE_N/A_ACTUAL_POS],"""injection"" --(BEFORE)--> ""retenu"" | ""retenu"" --(BEFORE)--> ""chirurgical"" | ""chirurgical"" --(BEFORE)--> ""suites"""
114,60,FR100998,[EVENT_BEFORE_N/A_ACTUAL_POS] --(BEFORE)--> [EVENT_BEFORE_N/A_ACTUAL_POS] | [EVENT_BEFORE_N/A_ACTUAL_POS] --(BEFORE)--> [EVENT_BEFORE_N/A_ACTUAL_POS] | [EVENT_BEFORE_N/A_ACTUAL_POS] --(BEFORE)--> [EVENT_BEFORE_N/A_ACTUAL_POS],"""test"" --(BEFORE)--> ""diagnostic"" | ""diagnostic"" --(BEFORE)--> ""traitée"" | ""traitée"" --(BEFORE)--> ""bilan"""
0,58,FR100003,[EVENT_BEFORE_N/A_ACTUAL_POS] --(CONTAINS)--> [EVENT_BEFORE_N/A_ACTUAL_POS] | [EVENT_BEFORE_N/A_ACTUAL_POS] --(CONTAINS)--> [EVENT_BEFORE_N/A_ACTUAL_POS],"""bloc"" --(CONTAINS)--> ""thoracotomie"" | ""bloc"" --(CONTAINS)--> ""drainé"""
0,58,FR100078,[EVENT_BEFORE_N/A_ACTUAL_POS] --(CONTAINS)--> [EVENT_BEFORE_N/A_ACTUAL_POS] | [EVENT_BEFORE_N/A_ACTUAL_POS] --(CONTAINS)--> [EVENT_BEFORE_N/A_ACTUAL_POS],"""signes"" --(CONTAINS)--> ""C-réactive"" | ""signes"" --(CONTAINS)--> ""diagnostic"""
0,58,FR100092,[EVENT_BEFORE_N/A_ACTUAL_POS] --(CONTAINS)--> [EVENT_BEFORE_N/A_ACTUAL_POS] | [EVENT_BEFORE_N/A_ACTUAL_POS] --(CONTAINS)--> [EVENT_BEFORE_N/A_ACTUAL_POS],"""examen"" --(CONTAINS)--> ""tension"" | ""examen"" --(CONTAINS)--> ""fréquence"""
0,58,FR100130,[EVENT_BEFORE_N/A_ACTUAL_POS] --(CONTAINS)--> [EVENT_BEFORE_N/A_ACTUAL_POS] | [EVENT_BEFORE_N/A_ACTUAL_POS] --(CONTAINS)--> [EVENT_BEFORE_N/A_ACTUAL_POS],"""activité"" --(CONTAINS)--> ""décharges"" | ""activité"" --(CONTAINS)--> ""électromyogramme"""
0,58,FR100132,[EVENT_BEFORE_N/A_ACTUAL_POS] --(CONTAINS)--> [EVENT_BEFORE_N/A_ACTUAL_POS] | [EVENT_BEFORE_N/A_ACTUAL_POS] --(CONTAINS)--> [EVENT_BEFORE_N/A_ACTUAL_POS],"""examen"" --(CONTAINS)--> ""angiographie"" | ""examen"" --(CONTAINS)--> ""tension"""
0,58,FR100161,[EVENT_BEFORE_N/A_ACTUAL_POS] --(CONTAINS)--> [EVENT_BEFORE_N/A_ACTUAL_POS] | [EVENT_BEFORE_N/A_ACTUAL_POS] --(CONTAINS)--> [EVENT_BEFORE_N/A_ACTUAL_POS],"""génotype"" --(CONTAINS)--> ""Acti tests"" | ""génotype"" --(CONTAINS)--> ""Fibro"""
0,58,FR100168,[EVENT_BEFORE_N/A_ACTUAL_POS] --(CONTAINS)--> [EVENT_BEFORE_N/A_ACTUAL_POS] | [EVENT_BEFORE_N/A_ACTUAL_POS] --(CONTAINS)--> [EVENT_BEFORE_N/A_ACTUAL_POS],"""circonstances"" --(CONTAINS)--> ""pression"" | ""circonstances"" --(CONTAINS)--> ""technique"""
0,58,FR100185,[EVENT_BEFORE_N/A_ACTUAL_POS] --(CONTAINS)--> [EVENT_BEFORE_N/A_ACTUAL_POS] | [EVENT_BEFORE_N/A_ACTUAL_POS] --(CONTAINS)--> [EVENT_BEFORE_N/A_ACTUAL_POS],"""accuse"" --(CONTAINS)--> ""Electromyogramme"" | ""accuse"" --(CONTAINS)--> ""examen"""
0,58,FR100255,[EVENT_BEFORE_N/A_ACTUAL_POS] --(CONTAINS)--> [EVENT_BEFORE_N/A_ACTUAL_POS] | [EVENT_BEFORE_N/A_ACTUAL_POS] --(CONTAINS)--> [EVENT_BEFORE_N/A_ACTUAL_POS],"""bilan"" --(CONTAINS)--> ""bilan"" | ""bilan"" --(CONTAINS)--> ""TP"""
0,58,FR100275,[EVENT_BEFORE_N/A_ACTUAL_POS] --(CONTAINS)--> [EVENT_BEFORE_N/A_ACTUAL_POS] | [EVENT_BEFORE_N/A_ACTUAL_POS] --(CONTAINS)--> [EVENT_BEFORE_N/A_ACTUAL_POS],"""examen"" --(CONTAINS)--> ""pression"" | ""examen"" --(CONTAINS)--> ""température"""
0,58,FR100276,[EVENT_BEFORE_N/A_ACTUAL_POS] --(CONTAINS)--> [EVENT_BEFORE_N/A_ACTUAL_POS] | [EVENT_BEFORE_N/A_ACTUAL_POS] --(CONTAINS)--> [EVENT_BEFORE_N/A_ACTUAL_POS],"""bilan"" --(CONTAINS)--> ""protéinurie"" | ""bilan"" --(CONTAINS)--> ""bilans"""
0,58,FR100283,[EVENT_BEFORE_N/A_ACTUAL_POS] --(CONTAINS)--> [EVENT_BEFORE_N/A_ACTUAL_POS] | [EVENT_BEFORE_N/A_ACTUAL_POS] --(CONTAINS)--> [EVENT_BEFORE_N/A_ACTUAL_POS],"""traitement"" --(CONTAINS)--> ""opothérapie"" | ""traitement"" --(CONTAINS)--> ""antibiothérapie"""
0,58,FR100296,[EVENT_BEFORE_N/A_ACTUAL_POS] --(CONTAINS)--> [EVENT_BEFORE_N/A_ACTUAL_POS] | [EVENT_BEFORE_N/A_ACTUAL_POS] --(CONTAINS)--> [EVENT_BEFORE_N/A_ACTUAL_POS],"""fenestration"" --(CONTAINS)--> ""geste"" | ""fenestration"" --(CONTAINS)--> ""ablation"""
0,58,FR100344,[EVENT_BEFORE_N/A_ACTUAL_POS] --(CONTAINS)--> [EVENT_BEFORE_N/A_ACTUAL_POS] | [EVENT_BEFORE_N/A_ACTUAL_POS] --(CONTAINS)--> [EVENT_BEFORE_N/A_ACTUAL_POS],"""césarienne"" --(CONTAINS)--> ""extraction"" | ""césarienne"" --(CONTAINS)--> ""laissé"""
0,58,FR100346,[EVENT_BEFORE_N/A_ACTUAL_POS] --(CONTAINS)--> [EVENT_BEFORE_N/A_ACTUAL_POS] | [EVENT_BEFORE_N/A_ACTUAL_POS] --(CONTAINS)--> [EVENT_BEFORE_N/A_ACTUAL_POS],"""enquête"" --(CONTAINS)--> ""réalisé"" | ""enquête"" --(CONTAINS)--> ""bilan"""
0,58,FR100360,[EVENT_BEFORE_N/A_ACTUAL_POS] --(CONTAINS)--> [EVENT_BEFORE_N/A_ACTUAL_POS] | [EVENT_BEFORE_N/A_ACTUAL_POS] --(CONTAINS)--> [EVENT_BEFORE_N/A_ACTUAL_POS],"""adénocarcinome"" --(CONTAINS)--> ""hysteroscopie"" | ""adénocarcinome"" --(CONTAINS)--> ""traitée"""
0,58,FR100361,[EVENT_BEFORE_N/A_ACTUAL_POS] --(CONTAINS)--> [EVENT_BEFORE_N/A_ACTUAL_POS] | [EVENT_BEFORE_N/A_ACTUAL_POS] --(CONTAINS)--> [EVENT_BEFORE_N/A_ACTUAL_POS],"""antécédent"" --(CONTAINS)--> ""céphalées"" | ""antécédent"" --(CONTAINS)--> ""écoulement"""
0,58,FR100371,[EVENT_BEFORE_N/A_ACTUAL_POS] --(CONTAINS)--> [EVENT_BEFORE_N/A_ACTUAL_POS] | [EVENT_BEFORE_N/A_ACTUAL_POS] --(CONTAINS)--> [EVENT_BEFORE_N/A_ACTUAL_POS],"""tumeur"" --(CONTAINS)--> ""anamnèse"" | ""tumeur"" --(CONTAINS)--> ""exérèse"""
0,58,FR100400,[EVENT_BEFORE_N/A_ACTUAL_POS] --(CONTAINS)--> [EVENT_BEFORE_N/A_ACTUAL_POS] | [EVENT_BEFORE_N/A_ACTUAL_POS] --(CONTAINS)--> [EVENT_BEFORE_N/A_ACTUAL_POS],"""suivie"" --(CONTAINS)--> ""consultation"" | ""suivie"" --(CONTAINS)--> ""contrôles"""
0,58,FR100439,[EVENT_BEFORE_N/A_ACTUAL_POS] --(CONTAINS)--> [EVENT_BEFORE_N/A_ACTUAL_POS] | [EVENT_BEFORE_N/A_ACTUAL_POS] --(CONTAINS)--> [EVENT_BEFORE_N/A_ACTUAL_POS],"""obstruction"" --(CONTAINS)--> ""examen"" | ""obstruction"" --(CONTAINS)--> ""voix"""
0,58,FR100453,[EVENT_BEFORE_N/A_ACTUAL_POS] --(CONTAINS)--> [EVENT_BEFORE_N/A_ACTUAL_POS] | [EVENT_BEFORE_N/A_ACTUAL_POS] --(CONTAINS)--> [EVENT_BEFORE_N/A_ACTUAL_POS],"""développement"" --(CONTAINS)--> ""examen"" | ""développement"" --(CONTAINS)--> ""examen"""
0,58,FR100510,[EVENT_BEFORE_N/A_ACTUAL_POS] --(CONTAINS)--> [EVENT_BEFORE_N/A_ACTUAL_POS] | [EVENT_BEFORE_N/A_ACTUAL_POS] --(CONTAINS)--> [EVENT_BEFORE_N/A_ACTUAL_POS],"""lésion"" --(CONTAINS)--> ""examen"" | ""lésion"" --(CONTAINS)--> ""dépôts"""
0,58,FR100515,[EVENT_BEFORE_N/A_ACTUAL_POS] --(CONTAINS)--> [EVENT_BEFORE_N/A_ACTUAL_POS] | [EVENT_BEFORE_N/A_ACTUAL_POS] --(CONTAINS)--> [EVENT_BEFORE_N/A_ACTUAL_POS],"""bilan"" --(CONTAINS)--> ""recherche"" | ""bilan"" --(CONTAINS)--> ""scanner"""
0,58,FR100517,[EVENT_BEFORE_N/A_ACTUAL_POS] --(CONTAINS)--> [EVENT_BEFORE_N/A_ACTUAL_POS] | [EVENT_BEFORE_N/A_ACTUAL_POS] --(CONTAINS)--> [EVENT_BEFORE_N/A_ACTUAL_POS],"""traitement"" --(CONTAINS)--> ""nivaquine"" | ""traitement"" --(CONTAINS)--> ""corticothérapie"""
0,58,FR100519,[EVENT_BEFORE_N/A_ACTUAL_POS] --(CONTAINS)--> [EVENT_BEFORE_N/A_ACTUAL_POS] | [EVENT_BEFORE_N/A_ACTUAL_POS] --(CONTAINS)--> [EVENT_BEFORE_N/A_ACTUAL_POS],"""évolution"" --(CONTAINS)--> ""tuméfaction"" | ""évolution"" --(CONTAINS)--> ""immobilisation"""
0,58,FR100579,[EVENT_BEFORE_N/A_ACTUAL_POS] --(CONTAINS)--> [EVENT_BEFORE_N/A_ACTUAL_POS] | [EVENT_BEFORE_N/A_ACTUAL_POS] --(CONTAINS)--> [EVENT_BEFORE_N/A_ACTUAL_POS],"""processus"" --(CONTAINS)--> ""imagerie"" | ""processus"" --(CONTAINS)--> ""échocardiographie"""
0,58,FR100589,[EVENT_BEFORE_N/A_ACTUAL_POS] --(CONTAINS)--> [EVENT_BEFORE_N/A_ACTUAL_POS] | [EVENT_BEFORE_N/A_ACTUAL_POS] --(CONTAINS)--> [EVENT_BEFORE_N/A_ACTUAL_POS],"""bilan"" --(CONTAINS)--> ""myélogramme"" | ""bilan"" --(CONTAINS)--> ""sérologies"""
0,58,FR100597,[EVENT_BEFORE_N/A_ACTUAL_POS] --(CONTAINS)--> [EVENT_BEFORE_N/A_ACTUAL_POS] | [EVENT_BEFORE_N/A_ACTUAL_POS] --(CONTAINS)--> [EVENT_BEFORE_N/A_ACTUAL_POS],"""hystérectomie"" --(CONTAINS)--> ""annexectomie"" | ""hystérectomie"" --(CONTAINS)--> ""exérèse"""
0,58,FR100611,[EVENT_BEFORE_N/A_ACTUAL_POS] --(CONTAINS)--> [EVENT_BEFORE_N/A_ACTUAL_POS] | [EVENT_BEFORE_N/A_ACTUAL_POS] --(CONTAINS)--> [EVENT_BEFORE_N/A_ACTUAL_POS],"""traitement"" --(CONTAINS)--> ""bithérapie"" | ""traitement"" --(CONTAINS)--> ""corticothérapie"""
0,58,FR100620,[EVENT_BEFORE_N/A_ACTUAL_POS] --(CONTAINS)--> [EVENT_BEFORE_N/A_ACTUAL_POS] | [EVENT_BEFORE_N/A_ACTUAL_POS] --(CONTAINS)--> [EVENT_BEFORE_N/A_ACTUAL_POS],"""bilan"" --(CONTAINS)--> ""pléthysmographie"" | ""bilan"" --(CONTAINS)--> ""TM6M"""
0,58,FR100629,[EVENT_BEFORE_N/A_ACTUAL_POS] --(CONTAINS)--> [EVENT_BEFORE_N/A_ACTUAL_POS] | [EVENT_BEFORE_N/A_ACTUAL_POS] --(CONTAINS)--> [EVENT_BEFORE_N/A_ACTUAL_POS],"""thoracoscopie"" --(CONTAINS)--> ""immuno histochimie"" | ""thoracoscopie"" --(CONTAINS)--> ""biopsie"""
0,58,FR100632,[EVENT_BEFORE_N/A_ACTUAL_POS] --(CONTAINS)--> [EVENT_BEFORE_N/A_ACTUAL_POS] | [EVENT_BEFORE_N/A_ACTUAL_POS] --(CONTAINS)--> [EVENT_BEFORE_N/A_ACTUAL_POS],"""étude"" --(CONTAINS)--> ""culture"" | ""étude"" --(CONTAINS)--> ""recherche"""
0,58,FR100658,[EVENT_BEFORE_N/A_ACTUAL_POS] --(CONTAINS)--> [EVENT_BEFORE_N/A_ACTUAL_POS] | [EVENT_BEFORE_N/A_ACTUAL_POS] --(CONTAINS)--> [EVENT_BEFORE_N/A_ACTUAL_POS],"""examens"" --(CONTAINS)--> ""numération"" | ""examens"" --(CONTAINS)--> ""bilan"""
0,58,FR100663,[EVENT_BEFORE_N/A_ACTUAL_POS] --(CONTAINS)--> [EVENT_BEFORE_N/A_ACTUAL_POS] | [EVENT_BEFORE_N/A_ACTUAL_POS] --(CONTAINS)--> [EVENT_BEFORE_N/A_ACTUAL_POS],"""grossesse"" --(CONTAINS)--> ""examen"" | ""grossesse"" --(CONTAINS)--> ""consultation"""
0,58,FR100666,[EVENT_BEFORE_N/A_ACTUAL_POS] --(CONTAINS)--> [EVENT_BEFORE_N/A_ACTUAL_POS] | [EVENT_BEFORE_N/A_ACTUAL_POS] --(CONTAINS)--> [EVENT_BEFORE_N/A_ACTUAL_POS],"""polychimiothérapie"" --(CONTAINS)--> ""COP"" | ""polychimiothérapie"" --(CONTAINS)--> ""radiothérapie"""
0,58,FR100683,[EVENT_BEFORE_N/A_ACTUAL_POS] --(CONTAINS)--> [EVENT_BEFORE_N/A_ACTUAL_POS] | [EVENT_BEFORE_N/A_ACTUAL_POS] --(CONTAINS)--> [EVENT_BEFORE_N/A_ACTUAL_POS],"""antécédents"" --(CONTAINS)--> ""grossesses"" | ""antécédents"" --(CONTAINS)--> ""diabète"""
0,58,FR100688,[EVENT_BEFORE_N/A_ACTUAL_POS] --(CONTAINS)--> [EVENT_BEFORE_N/A_ACTUAL_POS] | [EVENT_BEFORE_N/A_ACTUAL_POS] --(CONTAINS)--> [EVENT_BEFORE_N/A_ACTUAL_POS],"""évolution"" --(CONTAINS)--> ""amélioration"" | ""évolution"" --(CONTAINS)--> ""disparition"""
0,58,FR100689,[EVENT_BEFORE_N/A_ACTUAL_POS] --(CONTAINS)--> [EVENT_BEFORE_N/A_ACTUAL_POS] | [EVENT_BEFORE_N/A_ACTUAL_POS] --(CONTAINS)--> [EVENT_BEFORE_N/A_ACTUAL_POS],"""évolution"" --(CONTAINS)--> ""admission"" | ""évolution"" --(CONTAINS)--> ""apparition"""
0,58,FR100697,[EVENT_BEFORE_N/A_ACTUAL_POS] --(CONTAINS)--> [EVENT_BEFORE_N/A_ACTUAL_POS] | [EVENT_BEFORE_N/A_ACTUAL_POS] --(CONTAINS)--> [EVENT_BEFORE_N/A_ACTUAL_POS],"""bilan"" --(CONTAINS)--> ""biopsie"" | ""bilan"" --(CONTAINS)--> ""TDM"""
0,58,FR100717,[EVENT_BEFORE_N/A_ACTUAL_POS] --(CONTAINS)--> [EVENT_BEFORE_N/A_ACTUAL_POS] | [EVENT_BEFORE_N/A_ACTUAL_POS] --(CONTAINS)--> [EVENT_BEFORE_N/A_ACTUAL_POS],"""intervention"" --(CONTAINS)--> ""laminectomie"" | ""intervention"" --(CONTAINS)--> ""laminectomie"""
0,58,FR100748,[EVENT_BEFORE_N/A_ACTUAL_POS] --(CONTAINS)--> [EVENT_BEFORE_N/A_ACTUAL_POS] | [EVENT_BEFORE_N/A_ACTUAL_POS] --(CONTAINS)--> [EVENT_BEFORE_N/A_ACTUAL_POS],"""préparé"" --(CONTAINS)--> ""furosémide"" | ""préparé"" --(CONTAINS)--> ""Esmolol"""
0,58,FR100780,[EVENT_BEFORE_N/A_ACTUAL_POS] --(CONTAINS)--> [EVENT_BEFORE_N/A_ACTUAL_POS] | [EVENT_BEFORE_N/A_ACTUAL_POS] --(CONTAINS)--> [EVENT_BEFORE_N/A_ACTUAL_POS],"""examen"" --(CONTAINS)--> ""température"" | ""examen"" --(CONTAINS)--> ""tension"""
0,58,FR100814,[EVENT_BEFORE_N/A_ACTUAL_POS] --(CONTAINS)--> [EVENT_BEFORE_N/A_ACTUAL_POS] | [EVENT_BEFORE_N/A_ACTUAL_POS] --(CONTAINS)--> [EVENT_BEFORE_N/A_ACTUAL_POS],"""IRM"" --(CONTAINS)--> ""injection"" | ""IRM"" --(CONTAINS)--> ""hypersignal"""
0,58,FR100845,[EVENT_BEFORE_N/A_ACTUAL_POS] --(CONTAINS)--> [EVENT_BEFORE_N/A_ACTUAL_POS] | [EVENT_BEFORE_N/A_ACTUAL_POS] --(CONTAINS)--> [EVENT_BEFORE_N/A_ACTUAL_POS],"""examen"" --(CONTAINS)--> ""toucher"" | ""examen"" --(CONTAINS)--> ""BCF"""
0,58,FR100874,[EVENT_BEFORE_N/A_ACTUAL_POS] --(CONTAINS)--> [EVENT_BEFORE_N/A_ACTUAL_POS] | [EVENT_BEFORE_N/A_ACTUAL_POS] --(CONTAINS)--> [EVENT_BEFORE_N/A_ACTUAL_POS],"""retenu"" --(CONTAINS)--> ""hémorragie"" | ""retenu"" --(CONTAINS)--> ""surinfection"""
0,58,FR100882,[EVENT_BEFORE_N/A_ACTUAL_POS] --(CONTAINS)--> [EVENT_BEFORE_N/A_ACTUAL_POS] | [EVENT_BEFORE_N/A_ACTUAL_POS] --(CONTAINS)--> [EVENT_BEFORE_N/A_ACTUAL_POS],"""troubles"" --(CONTAINS)--> ""miction"" | ""troubles"" --(CONTAINS)--> ""admise"""
0,58,FR100883,[EVENT_BEFORE_N/A_ACTUAL_POS] --(CONTAINS)--> [EVENT_BEFORE_N/A_ACTUAL_POS] | [EVENT_BEFORE_N/A_ACTUAL_POS] --(CONTAINS)--> [EVENT_BEFORE_N/A_ACTUAL_POS],"""nodule"" --(CONTAINS)--> ""saignant"" | ""nodule"" --(CONTAINS)--> ""admission"""
0,58,FR100894,[EVENT_BEFORE_N/A_ACTUAL_POS] --(CONTAINS)--> [EVENT_BEFORE_N/A_ACTUAL_POS] | [EVENT_BEFORE_N/A_ACTUAL_POS] --(CONTAINS)--> [EVENT_BEFORE_N/A_ACTUAL_POS],"""reçu"" --(CONTAINS)--> ""plaignait"" | ""reçu"" --(CONTAINS)--> ""appuyés"""
0,58,FR100903,[EVENT_BEFORE_N/A_ACTUAL_POS] --(CONTAINS)--> [EVENT_BEFORE_N/A_ACTUAL_POS] | [EVENT_BEFORE_N/A_ACTUAL_POS] --(CONTAINS)--> [EVENT_BEFORE_N/A_ACTUAL_POS],"""hydrops"" --(CONTAINS)--> ""circonférence"" | ""hydrops"" --(CONTAINS)--> ""échographie"""
0,58,FR100925,[EVENT_BEFORE_N/A_ACTUAL_POS] --(CONTAINS)--> [EVENT_BEFORE_N/A_ACTUAL_POS] | [EVENT_BEFORE_N/A_ACTUAL_POS] --(CONTAINS)--> [EVENT_BEFORE_N/A_ACTUAL_POS],"""pic"" --(CONTAINS)--> ""arguments"" | ""pic"" --(CONTAINS)--> ""électrophorèse"""
0,58,FR100944,[EVENT_BEFORE_N/A_ACTUAL_POS] --(CONTAINS)--> [EVENT_BEFORE_N/A_ACTUAL_POS] | [EVENT_BEFORE_N/A_ACTUAL_POS] --(CONTAINS)--> [EVENT_BEFORE_N/A_ACTUAL_POS],"""suivi"" --(CONTAINS)--> ""échocardiographique"" | ""suivi"" --(CONTAINS)--> ""hospitalisé"""
0,58,FR100959,[EVENT_BEFORE_N/A_ACTUAL_POS] --(CONTAINS)--> [EVENT_BEFORE_N/A_ACTUAL_POS] | [EVENT_BEFORE_N/A_ACTUAL_POS] --(CONTAINS)--> [EVENT_BEFORE_N/A_ACTUAL_POS],"""œsophagoscopie"" --(CONTAINS)--> ""permis"" | ""œsophagoscopie"" --(CONTAINS)--> ""extraction"""
0,58,FR100960,[EVENT_BEFORE_N/A_ACTUAL_POS] --(CONTAINS)--> [EVENT_BEFORE_N/A_ACTUAL_POS] | [EVENT_BEFORE_N/A_ACTUAL_POS] --(CONTAINS)--> [EVENT_BEFORE_N/A_ACTUAL_POS],"""consulté"" --(CONTAINS)--> ""scanner"" | ""consulté"" --(CONTAINS)--> ""étude"""
0,58,FR100998,[EVENT_BEFORE_N/A_ACTUAL_POS] --(CONTAINS)--> [EVENT_BEFORE_N/A_ACTUAL_POS] | [EVENT_BEFORE_N/A_ACTUAL_POS] --(CONTAINS)--> [EVENT_BEFORE_N/A_ACTUAL_POS],"""traitée"" --(CONTAINS)--> ""cures"" | ""traitée"" --(CONTAINS)--> ""développé"""
14,55,FR100003,[EVENT_BEFORE_N/A_ACTUAL_POS] --(CONTAINS)--> [EVENT_BEFORE_N/A_ACTUAL_POS] | [EVENT_BEFORE_N/A_ACTUAL_POS] --(BEFORE)--> [EVENT_BEFORE_N/A_ACTUAL_POS] | [EVENT_BEFORE_N/A_ACTUAL_POS] --(BEFORE)--> [EVENT_BEFORE_N/A_ACTUAL_POS] | [EVENT_BEFORE_N/A_ACTUAL_POS] --(BEFORE)--> [EVENT_BEFORE_N/A_ACTUAL_POS],"""délabrement"" --(CONTAINS)--> ""panoramique"" | ""panoramique"" --(BEFORE)--> ""ponction"" | ""ponction"" --(BEFORE)--> ""examen"" | ""examen"" --(BEFORE)--> ""examen"""
14,55,FR100092,[EVENT_BEFORE_N/A_ACTUAL_POS] --(CONTAINS)--> [EVENT_BEFORE_N/A_ACTUAL_POS] | [EVENT_BEFORE_N/A_ACTUAL_POS] --(BEFORE)--> [EVENT_BEFORE_N/A_ACTUAL_POS] | [EVENT_BEFORE_N/A_ACTUAL_POS] --(BEFORE)--> [EVENT_BEFORE_N/A_ACTUAL_POS] | [EVENT_BEFORE_N/A_ACTUAL_POS] --(BEFORE)--> [EVENT_BEFORE_N/A_ACTUAL_POS],"""masse"" --(CONTAINS)--> ""échographie"" | ""échographie"" --(BEFORE)--> ""tableau"" | ""tableau"" --(BEFORE)--> ""reste"" | ""reste"" --(BEFORE)--> ""minilaparotomie"""
14,55,FR100120,[EVENT_BEFORE_N/A_ACTUAL_POS] --(CONTAINS)--> [EVENT_BEFORE_N/A_ACTUAL_POS] | [EVENT_BEFORE_N/A_ACTUAL_POS] --(BEFORE)--> [EVENT_BEFORE_N/A_ACTUAL_POS] | [EVENT_BEFORE_N/A_ACTUAL_POS] --(BEFORE)--> [EVENT_BEFORE_N/A_ACTUAL_POS] | [EVENT_BEFORE_N/A_ACTUAL_POS] --(BEFORE)--> [EVENT_BEFORE_N/A_ACTUAL_POS],"""diabète"" --(CONTAINS)--> ""rattaché"" | ""rattaché"" --(BEFORE)--> ""traitement"" | ""traitement"" --(BEFORE)--> ""retirées"" | ""retirées"" --(BEFORE)--> ""conclure"""
14,55,FR100130,[EVENT_BEFORE_N/A_ACTUAL_POS] --(CONTAINS)--> [EVENT_BEFORE_N/A_ACTUAL_POS] | [EVENT_BEFORE_N/A_ACTUAL_POS] --(BEFORE)--> [EVENT_BEFORE_N/A_ACTUAL_POS] | [EVENT_BEFORE_N/A_ACTUAL_POS] --(BEFORE)--> [EVENT_BEFORE_N/A_ACTUAL_POS] | [EVENT_BEFORE_N/A_ACTUAL_POS] --(BEFORE)--> [EVENT_BEFORE_N/A_ACTUAL_POS],"""apyrétique"" --(CONTAINS)--> ""examen"" | ""examen"" --(BEFORE)--> ""biologie"" | ""biologie"" --(BEFORE)--> ""glycémie"" | ""glycémie"" --(BEFORE)--> ""confirmé"""
14,55,FR100132,[EVENT_BEFORE_N/A_ACTUAL_POS] --(CONTAINS)--> [EVENT_BEFORE_N/A_ACTUAL_POS] | [EVENT_BEFORE_N/A_ACTUAL_POS] --(BEFORE)--> [EVENT_BEFORE_N/A_ACTUAL_POS] | [EVENT_BEFORE_N/A_ACTUAL_POS] --(BEFORE)--> [EVENT_BEFORE_N/A_ACTUAL_POS] | [EVENT_BEFORE_N/A_ACTUAL_POS] --(BEFORE)--> [EVENT_BEFORE_N/A_ACTUAL_POS],"""examen"" --(CONTAINS)--> ""palpation"" | ""palpation"" --(BEFORE)--> ""histologie"" | ""histologie"" --(BEFORE)--> ""examen"" | ""examen"" --(BEFORE)--> ""écho-Doppler"""
14,55,FR100142,[EVENT_BEFORE_N/A_ACTUAL_POS] --(CONTAINS)--> [EVENT_BEFORE_N/A_ACTUAL_POS] | [EVENT_BEFORE_N/A_ACTUAL_POS] --(BEFORE)--> [EVENT_BEFORE_N/A_ACTUAL_POS] | [EVENT_BEFORE_N/A_ACTUAL_POS] --(BEFORE)--> [EVENT_BEFORE_N/A_ACTUAL_POS] | [EVENT_BEFORE_N/A_ACTUAL_POS] --(BEFORE)--> [EVENT_BEFORE_N/A_ACTUAL_POS],"""taux"" --(CONTAINS)--> ""fibroscopie"" | ""fibroscopie"" --(BEFORE)--> ""biopsie"" | ""biopsie"" --(BEFORE)--> ""mis"" | ""mis"" --(BEFORE)--> ""évolution"""
14,55,FR100161,[EVENT_BEFORE_N/A_ACTUAL_POS] --(CONTAINS)--> [EVENT_BEFORE_N/A_ACTUAL_POS] | [EVENT_BEFORE_N/A_ACTUAL_POS] --(BEFORE)--> [EVENT_BEFORE_N/A_ACTUAL_POS] | [EVENT_BEFORE_N/A_ACTUAL_POS] --(BEFORE)--> [EVENT_BEFORE_N/A_ACTUAL_POS] | [EVENT_BEFORE_N/A_ACTUAL_POS] --(BEFORE)--> [EVENT_BEFORE_N/A_ACTUAL_POS],"""cytolyse"" --(CONTAINS)--> ""examens"" | ""examens"" --(BEFORE)--> ""radiographie"" | ""radiographie"" --(BEFORE)--> ""complément"" | ""complément"" --(BEFORE)--> ""cortisol"""
14,55,FR100255,[EVENT_BEFORE_N/A_ACTUAL_POS] --(CONTAINS)--> [EVENT_BEFORE_N/A_ACTUAL_POS] | [EVENT_BEFORE_N/A_ACTUAL_POS] --(BEFORE)--> [EVENT_BEFORE_N/A_ACTUAL_POS] | [EVENT_BEFORE_N/A_ACTUAL_POS] --(BEFORE)--> [EVENT_BEFORE_N/A_ACTUAL_POS] | [EVENT_BEFORE_N/A_ACTUAL_POS] --(BEFORE)--> [EVENT_BEFORE_N/A_ACTUAL_POS],"""emphysème"" --(CONTAINS)--> ""examen"" | ""examen"" --(BEFORE)--> ""examen"" | ""examen"" --(BEFORE)--> ""échographie"" | ""échographie"" --(BEFORE)--> ""mise"""
14,55,FR100275,[EVENT_BEFORE_N/A_ACTUAL_POS] --(CONTAINS)--> [EVENT_BEFORE_N/A_ACTUAL_POS] | [EVENT_BEFORE_N/A_ACTUAL_POS] --(BEFORE)--> [EVENT_BEFORE_N/A_ACTUAL_POS] | [EVENT_BEFORE_N/A_ACTUAL_POS] --(BEFORE)--> [EVENT_BEFORE_N/A_ACTUAL_POS] | [EVENT_BEFORE_N/A_ACTUAL_POS] --(BEFORE)--> [EVENT_BEFORE_N/A_ACTUAL_POS],"""mort"" --(CONTAINS)--> ""établi"" | ""établi"" --(BEFORE)--> ""manœuvres"" | ""manœuvres"" --(BEFORE)--> ""transféré"" | ""transféré"" --(BEFORE)--> ""anamnèse"""
14,55,FR100276,[EVENT_BEFORE_N/A_ACTUAL_POS] --(CONTAINS)--> [EVENT_BEFORE_N/A_ACTUAL_POS] | [EVENT_BEFORE_N/A_ACTUAL_POS] --(BEFORE)--> [EVENT_BEFORE_N/A_ACTUAL_POS] | [EVENT_BEFORE_N/A_ACTUAL_POS] --(BEFORE)--> [EVENT_BEFORE_N/A_ACTUAL_POS] | [EVENT_BEFORE_N/A_ACTUAL_POS] --(BEFORE)--> [EVENT_BEFORE_N/A_ACTUAL_POS],"""aplasie"" --(CONTAINS)--> ""accouchement"" | ""accouchement"" --(BEFORE)--> ""reste"" | ""reste"" --(BEFORE)--> ""bilan"" | ""bilan"" --(BEFORE)--> ""régression"""
14,55,FR100283,[EVENT_BEFORE_N/A_ACTUAL_POS] --(CONTAINS)--> [EVENT_BEFORE_N/A_ACTUAL_POS] | [EVENT_BEFORE_N/A_ACTUAL_POS] --(BEFORE)--> [EVENT_BEFORE_N/A_ACTUAL_POS] | [EVENT_BEFORE_N/A_ACTUAL_POS] --(BEFORE)--> [EVENT_BEFORE_N/A_ACTUAL_POS] | [EVENT_BEFORE_N/A_ACTUAL_POS] --(BEFORE)--> [EVENT_BEFORE_N/A_ACTUAL_POS],"""sinusite"" --(CONTAINS)--> ""IRM"" | ""IRM"" --(BEFORE)--> ""hypophysiogramme"" | ""hypophysiogramme"" --(BEFORE)--> ""traitement"" | ""traitement"" --(BEFORE)--> ""évolution"""
14,55,FR100296,[EVENT_BEFORE_N/A_ACTUAL_POS] --(CONTAINS)--> [EVENT_BEFORE_N/A_ACTUAL_POS] | [EVENT_BEFORE_N/A_ACTUAL_POS] --(BEFORE)--> [EVENT_BEFORE_N/A_ACTUAL_POS] | [EVENT_BEFORE_N/A_ACTUAL_POS] --(BEFORE)--> [EVENT_BEFORE_N/A_ACTUAL_POS] | [EVENT_BEFORE_N/A_ACTUAL_POS] --(BEFORE)--> [EVENT_BEFORE_N/A_ACTUAL_POS],"""hypoesthésie"" --(CONTAINS)--> ""examen"" | ""examen"" --(BEFORE)--> ""IRM"" | ""IRM"" --(BEFORE)--> ""fenestration"" | ""fenestration"" --(BEFORE)--> ""suites"""
14,55,FR100314,[EVENT_BEFORE_N/A_ACTUAL_POS] --(CONTAINS)--> [EVENT_BEFORE_N/A_ACTUAL_POS] | [EVENT_BEFORE_N/A_ACTUAL_POS] --(BEFORE)--> [EVENT_BEFORE_N/A_ACTUAL_POS] | [EVENT_BEFORE_N/A_ACTUAL_POS] --(BEFORE)--> [EVENT_BEFORE_N/A_ACTUAL_POS] | [EVENT_BEFORE_N/A_ACTUAL_POS] --(BEFORE)--> [EVENT_BEFORE_N/A_ACTUAL_POS],"""fracture"" --(CONTAINS)--> ""bilan"" | ""bilan"" --(BEFORE)--> ""drainage"" | ""drainage"" --(BEFORE)--> ""angio-scanner"" | ""angio-scanner"" --(BEFORE)--> ""amputation"""
14,55,FR100344,[EVENT_BEFORE_N/A_ACTUAL_POS] --(CONTAINS)--> [EVENT_BEFORE_N/A_ACTUAL_POS] | [EVENT_BEFORE_N/A_ACTUAL_POS] --(BEFORE)--> [EVENT_BEFORE_N/A_ACTUAL_POS] | [EVENT_BEFORE_N/A_ACTUAL_POS] --(BEFORE)--> [EVENT_BEFORE_N/A_ACTUAL_POS] | [EVENT_BEFORE_N/A_ACTUAL_POS] --(BEFORE)--> [EVENT_BEFORE_N/A_ACTUAL_POS],"""évolution"" --(CONTAINS)--> ""déroulée"" | ""déroulée"" --(BEFORE)--> ""plainte"" | ""plainte"" --(BEFORE)--> ""examen"" | ""examen"" --(BEFORE)--> ""césarienne"""
14,55,FR100346,[EVENT_BEFORE_N/A_ACTUAL_POS] --(CONTAINS)--> [EVENT_BEFORE_N/A_ACTUAL_POS] | [EVENT_BEFORE_N/A_ACTUAL_POS] --(BEFORE)--> [EVENT_BEFORE_N/A_ACTUAL_POS] | [EVENT_BEFORE_N/A_ACTUAL_POS] --(BEFORE)--> [EVENT_BEFORE_N/A_ACTUAL_POS] | [EVENT_BEFORE_N/A_ACTUAL_POS] --(BEFORE)--> [EVENT_BEFORE_N/A_ACTUAL_POS],"""pouls"" --(CONTAINS)--> ""examen"" | ""examen"" --(BEFORE)--> ""gazométrie"" | ""gazométrie"" --(BEFORE)--> ""reste"" | ""reste"" --(BEFORE)--> ""radiographie"""
14,55,FR100360,[EVENT_BEFORE_N/A_ACTUAL_POS] --(CONTAINS)--> [EVENT_BEFORE_N/A_ACTUAL_POS] | [EVENT_BEFORE_N/A_ACTUAL_POS] --(BEFORE)--> [EVENT_BEFORE_N/A_ACTUAL_POS] | [EVENT_BEFORE_N/A_ACTUAL_POS] --(BEFORE)--> [EVENT_BEFORE_N/A_ACTUAL_POS] | [EVENT_BEFORE_N/A_ACTUAL_POS] --(BEFORE)--> [EVENT_BEFORE_N/A_ACTUAL_POS],"""lésion"" --(CONTAINS)--> ""tomodensitométrie"" | ""tomodensitométrie"" --(BEFORE)--> ""complément"" | ""complément"" --(BEFORE)--> ""biopsie"" | ""biopsie"" --(BEFORE)--> ""étude"""
14,55,FR100361,[EVENT_BEFORE_N/A_ACTUAL_POS] --(CONTAINS)--> [EVENT_BEFORE_N/A_ACTUAL_POS] | [EVENT_BEFORE_N/A_ACTUAL_POS] --(BEFORE)--> [EVENT_BEFORE_N/A_ACTUAL_POS] | [EVENT_BEFORE_N/A_ACTUAL_POS] --(BEFORE)--> [EVENT_BEFORE_N/A_ACTUAL_POS] | [EVENT_BEFORE_N/A_ACTUAL_POS] --(BEFORE)--> [EVENT_BEFORE_N/A_ACTUAL_POS],"""agitée"" --(CONTAINS)--> ""examen"" | ""examen"" --(BEFORE)--> ""TDM"" | ""TDM"" --(BEFORE)--> ""ponction"" | ""ponction"" --(BEFORE)--> ""examen"""
14,55,FR100371,[EVENT_BEFORE_N/A_ACTUAL_POS] --(CONTAINS)--> [EVENT_BEFORE_N/A_ACTUAL_POS] | [EVENT_BEFORE_N/A_ACTUAL_POS] --(BEFORE)--> [EVENT_BEFORE_N/A_ACTUAL_POS] | [EVENT_BEFORE_N/A_ACTUAL_POS] --(BEFORE)--> [EVENT_BEFORE_N/A_ACTUAL_POS] | [EVENT_BEFORE_N/A_ACTUAL_POS] --(BEFORE)--> [EVENT_BEFORE_N/A_ACTUAL_POS],"""hypersudation"" --(CONTAINS)--> ""examen"" | ""examen"" --(BEFORE)--> ""examen"" | ""examen"" --(BEFORE)--> ""bilan"" | ""bilan"" --(BEFORE)--> ""bilan"""
14,55,FR100400,[EVENT_BEFORE_N/A_ACTUAL_POS] --(CONTAINS)--> [EVENT_BEFORE_N/A_ACTUAL_POS] | [EVENT_BEFORE_N/A_ACTUAL_POS] --(BEFORE)--> [EVENT_BEFORE_N/A_ACTUAL_POS] | [EVENT_BEFORE_N/A_ACTUAL_POS] --(BEFORE)--> [EVENT_BEFORE_N/A_ACTUAL_POS] | [EVENT_BEFORE_N/A_ACTUAL_POS] --(BEFORE)--> [EVENT_BEFORE_N/A_ACTUAL_POS],"""masse"" --(CONTAINS)--> ""scanner"" | ""scanner"" --(BEFORE)--> ""diagnostic"" | ""diagnostic"" --(BEFORE)--> ""exploration"" | ""exploration"" --(BEFORE)--> ""résection"""
14,55,FR100439,[EVENT_BEFORE_N/A_ACTUAL_POS] --(CONTAINS)--> [EVENT_BEFORE_N/A_ACTUAL_POS] | [EVENT_BEFORE_N/A_ACTUAL_POS] --(BEFORE)--> [EVENT_BEFORE_N/A_ACTUAL_POS] | [EVENT_BEFORE_N/A_ACTUAL_POS] --(BEFORE)--> [EVENT_BEFORE_N/A_ACTUAL_POS] | [EVENT_BEFORE_N/A_ACTUAL_POS] --(BEFORE)--> [EVENT_BEFORE_N/A_ACTUAL_POS],"""hyperfixations"" --(CONTAINS)--> ""examen"" | ""examen"" --(BEFORE)--> ""classée"" | ""classée"" --(BEFORE)--> ""bénéficier"" | ""bénéficier"" --(BEFORE)--> ""nasofibroscopie"""
14,55,FR100480,[EVENT_BEFORE_N/A_ACTUAL_POS] --(CONTAINS)--> [EVENT_BEFORE_N/A_ACTUAL_POS] | [EVENT_BEFORE_N/A_ACTUAL_POS] --(BEFORE)--> [EVENT_BEFORE_N/A_ACTUAL_POS] | [EVENT_BEFORE_N/A_ACTUAL_POS] --(BEFORE)--> [EVENT_BEFORE_N/A_ACTUAL_POS] | [EVENT_BEFORE_N/A_ACTUAL_POS] --(BEFORE)--> [EVENT_BEFORE_N/A_ACTUAL_POS],"""tuméfaction"" --(CONTAINS)--> ""examen"" | ""examen"" --(BEFORE)--> ""imagerie"" | ""imagerie"" --(BEFORE)--> ""bilan"" | ""bilan"" --(BEFORE)--> ""scanner"""
14,55,FR100515,[EVENT_BEFORE_N/A_ACTUAL_POS] --(CONTAINS)--> [EVENT_BEFORE_N/A_ACTUAL_POS] | [EVENT_BEFORE_N/A_ACTUAL_POS] --(BEFORE)--> [EVENT_BEFORE_N/A_ACTUAL_POS] | [EVENT_BEFORE_N/A_ACTUAL_POS] --(BEFORE)--> [EVENT_BEFORE_N/A_ACTUAL_POS] | [EVENT_BEFORE_N/A_ACTUAL_POS] --(BEFORE)--> [EVENT_BEFORE_N/A_ACTUAL_POS],"""atteinte"" --(CONTAINS)--> ""testing"" | ""testing"" --(BEFORE)--> ""dosage"" | ""dosage"" --(BEFORE)--> ""bilan"" | ""bilan"" --(BEFORE)--> ""biopsie"""
14,55,FR100517,[EVENT_BEFORE_N/A_ACTUAL_POS] --(CONTAINS)--> [EVENT_BEFORE_N/A_ACTUAL_POS] | [EVENT_BEFORE_N/A_ACTUAL_POS] --(BEFORE)--> [EVENT_BEFORE_N/A_ACTUAL_POS] | [EVENT_BEFORE_N/A_ACTUAL_POS] --(BEFORE)--> [EVENT_BEFORE_N/A_ACTUAL_POS] | [EVENT_BEFORE_N/A_ACTUAL_POS] --(BEFORE)--> [EVENT_BEFORE_N/A_ACTUAL_POS],"""syndrome"" --(CONTAINS)--> ""bilan"" | ""bilan"" --(BEFORE)--> ""électromyogramme"" | ""électromyogramme"" --(BEFORE)--> ""bilan"" | ""bilan"" --(BEFORE)--> ""explorations"""
14,55,FR100519,[EVENT_BEFORE_N/A_ACTUAL_POS] --(CONTAINS)--> [EVENT_BEFORE_N/A_ACTUAL_POS] | [EVENT_BEFORE_N/A_ACTUAL_POS] --(BEFORE)--> [EVENT_BEFORE_N/A_ACTUAL_POS] | [EVENT_BEFORE_N/A_ACTUAL_POS] --(BEFORE)--> [EVENT_BEFORE_N/A_ACTUAL_POS] | [EVENT_BEFORE_N/A_ACTUAL_POS] --(BEFORE)--> [EVENT_BEFORE_N/A_ACTUAL_POS],"""opacité"" --(CONTAINS)--> ""bilan"" | ""bilan"" --(BEFORE)--> ""angioscanner"" | ""angioscanner"" --(BEFORE)--> ""échodoppler"" | ""échodoppler"" --(BEFORE)--> ""retenue"""
14,55,FR100579,[EVENT_BEFORE_N/A_ACTUAL_POS] --(CONTAINS)--> [EVENT_BEFORE_N/A_ACTUAL_POS] | [EVENT_BEFORE_N/A_ACTUAL_POS] --(BEFORE)--> [EVENT_BEFORE_N/A_ACTUAL_POS] | [EVENT_BEFORE_N/A_ACTUAL_POS] --(BEFORE)--> [EVENT_BEFORE_N/A_ACTUAL_POS] | [EVENT_BEFORE_N/A_ACTUAL_POS] --(BEFORE)--> [EVENT_BEFORE_N/A_ACTUAL_POS],"""dilatation"" --(CONTAINS)--> ""radiographie"" | ""radiographie"" --(BEFORE)--> ""échocardiographie"" | ""échocardiographie"" --(BEFORE)--> ""angio-scanner"" | ""angio-scanner"" --(BEFORE)--> ""imagerie"""
14,55,FR100589,[EVENT_BEFORE_N/A_ACTUAL_POS] --(CONTAINS)--> [EVENT_BEFORE_N/A_ACTUAL_POS] | [EVENT_BEFORE_N/A_ACTUAL_POS] --(BEFORE)--> [EVENT_BEFORE_N/A_ACTUAL_POS] | [EVENT_BEFORE_N/A_ACTUAL_POS] --(BEFORE)--> [EVENT_BEFORE_N/A_ACTUAL_POS] | [EVENT_BEFORE_N/A_ACTUAL_POS] --(BEFORE)--> [EVENT_BEFORE_N/A_ACTUAL_POS],"""discuté"" --(CONTAINS)--> ""évoqué"" | ""évoqué"" --(BEFORE)--> ""rechercher"" | ""rechercher"" --(BEFORE)--> ""bronchoscopie"" | ""bronchoscopie"" --(BEFORE)--> ""lavage"""
14,55,FR100597,[EVENT_BEFORE_N/A_ACTUAL_POS] --(CONTAINS)--> [EVENT_BEFORE_N/A_ACTUAL_POS] | [EVENT_BEFORE_N/A_ACTUAL_POS] --(BEFORE)--> [EVENT_BEFORE_N/A_ACTUAL_POS] | [EVENT_BEFORE_N/A_ACTUAL_POS] --(BEFORE)--> [EVENT_BEFORE_N/A_ACTUAL_POS] | [EVENT_BEFORE_N/A_ACTUAL_POS] --(BEFORE)--> [EVENT_BEFORE_N/A_ACTUAL_POS],"""consultation"" --(CONTAINS)--> ""examen"" | ""examen"" --(BEFORE)--> ""examen"" | ""examen"" --(BEFORE)--> ""examen"" | ""examen"" --(BEFORE)--> ""toucher"""
14,55,FR100611,[EVENT_BEFORE_N/A_ACTUAL_POS] --(CONTAINS)--> [EVENT_BEFORE_N/A_ACTUAL_POS] | [EVENT_BEFORE_N/A_ACTUAL_POS] --(BEFORE)--> [EVENT_BEFORE_N/A_ACTUAL_POS] | [EVENT_BEFORE_N/A_ACTUAL_POS] --(BEFORE)--> [EVENT_BEFORE_N/A_ACTUAL_POS] | [EVENT_BEFORE_N/A_ACTUAL_POS] --(BEFORE)--> [EVENT_BEFORE_N/A_ACTUAL_POS],"""adénopathies"" --(CONTAINS)--> ""examen"" | ""examen"" --(BEFORE)--> ""IRM"" | ""IRM"" --(BEFORE)--> ""étude"" | ""étude"" --(BEFORE)--> ""examen"""
14,55,FR100614,[EVENT_BEFORE_N/A_ACTUAL_POS] --(CONTAINS)--> [EVENT_BEFORE_N/A_ACTUAL_POS] | [EVENT_BEFORE_N/A_ACTUAL_POS] --(BEFORE)--> [EVENT_BEFORE_N/A_ACTUAL_POS] | [EVENT_BEFORE_N/A_ACTUAL_POS] --(BEFORE)--> [EVENT_BEFORE_N/A_ACTUAL_POS] | [EVENT_BEFORE_N/A_ACTUAL_POS] --(BEFORE)--> [EVENT_BEFORE_N/A_ACTUAL_POS],"""douleur"" --(CONTAINS)--> ""admission"" | ""admission"" --(BEFORE)--> ""examen"" | ""examen"" --(BEFORE)--> ""échographique"" | ""échographique"" --(BEFORE)--> ""tomodensitométrie"""
14,55,FR100620,[EVENT_BEFORE_N/A_ACTUAL_POS] --(CONTAINS)--> [EVENT_BEFORE_N/A_ACTUAL_POS] | [EVENT_BEFORE_N/A_ACTUAL_POS] --(BEFORE)--> [EVENT_BEFORE_N/A_ACTUAL_POS] | [EVENT_BEFORE_N/A_ACTUAL_POS] --(BEFORE)--> [EVENT_BEFORE_N/A_ACTUAL_POS] | [EVENT_BEFORE_N/A_ACTUAL_POS] --(BEFORE)--> [EVENT_BEFORE_N/A_ACTUAL_POS],"""clarté"" --(CONTAINS)--> ""radiographie"" | ""radiographie"" --(BEFORE)--> ""drainage"" | ""drainage"" --(BEFORE)--> ""radiographie"" | ""radiographie"" --(BEFORE)--> ""demandé"""
14,55,FR100623,[EVENT_BEFORE_N/A_ACTUAL_POS] --(CONTAINS)--> [EVENT_BEFORE_N/A_ACTUAL_POS] | [EVENT_BEFORE_N/A_ACTUAL_POS] --(BEFORE)--> [EVENT_BEFORE_N/A_ACTUAL_POS] | [EVENT_BEFORE_N/A_ACTUAL_POS] --(BEFORE)--> [EVENT_BEFORE_N/A_ACTUAL_POS] | [EVENT_BEFORE_N/A_ACTUAL_POS] --(BEFORE)--> [EVENT_BEFORE_N/A_ACTUAL_POS],"""gaz"" --(CONTAINS)--> ""consulté"" | ""consulté"" --(BEFORE)--> ""examen"" | ""examen"" --(BEFORE)--> ""échographie"" | ""échographie"" --(BEFORE)--> ""tomodensitométrie"""
14,55,FR100629,[EVENT_BEFORE_N/A_ACTUAL_POS] --(CONTAINS)--> [EVENT_BEFORE_N/A_ACTUAL_POS] | [EVENT_BEFORE_N/A_ACTUAL_POS] --(BEFORE)--> [EVENT_BEFORE_N/A_ACTUAL_POS] | [EVENT_BEFORE_N/A_ACTUAL_POS] --(BEFORE)--> [EVENT_BEFORE_N/A_ACTUAL_POS] | [EVENT_BEFORE_N/A_ACTUAL_POS] --(BEFORE)--> [EVENT_BEFORE_N/A_ACTUAL_POS],"""douleur"" --(CONTAINS)--> ""examen"" | ""examen"" --(BEFORE)--> ""radiographie"" | ""radiographie"" --(BEFORE)--> ""thoracoscopie"" | ""thoracoscopie"" --(BEFORE)--> ""marquage"""
14,55,FR100632,[EVENT_BEFORE_N/A_ACTUAL_POS] --(CONTAINS)--> [EVENT_BEFORE_N/A_ACTUAL_POS] | [EVENT_BEFORE_N/A_ACTUAL_POS] --(BEFORE)--> [EVENT_BEFORE_N/A_ACTUAL_POS] | [EVENT_BEFORE_N/A_ACTUAL_POS] --(BEFORE)--> [EVENT_BEFORE_N/A_ACTUAL_POS] | [EVENT_BEFORE_N/A_ACTUAL_POS] --(BEFORE)--> [EVENT_BEFORE_N/A_ACTUAL_POS],"""anomalie"" --(CONTAINS)--> ""IRM"" | ""IRM"" --(BEFORE)--> ""IRM"" | ""IRM"" --(BEFORE)--> ""étude"" | ""étude"" --(BEFORE)--> ""numération"""
14,55,FR100663,[EVENT_BEFORE_N/A_ACTUAL_POS] --(CONTAINS)--> [EVENT_BEFORE_N/A_ACTUAL_POS] | [EVENT_BEFORE_N/A_ACTUAL_POS] --(BEFORE)--> [EVENT_BEFORE_N/A_ACTUAL_POS] | [EVENT_BEFORE_N/A_ACTUAL_POS] --(BEFORE)--> [EVENT_BEFORE_N/A_ACTUAL_POS] | [EVENT_BEFORE_N/A_ACTUAL_POS] --(BEFORE)--> [EVENT_BEFORE_N/A_ACTUAL_POS],"""grossesse"" --(CONTAINS)--> ""examen"" | ""examen"" --(BEFORE)--> ""examen"" | ""examen"" --(BEFORE)--> ""échographie"" | ""échographie"" --(BEFORE)--> ""taux"""
14,55,FR100666,[EVENT_BEFORE_N/A_ACTUAL_POS] --(CONTAINS)--> [EVENT_BEFORE_N/A_ACTUAL_POS] | [EVENT_BEFORE_N/A_ACTUAL_POS] --(BEFORE)--> [EVENT_BEFORE_N/A_ACTUAL_POS] | [EVENT_BEFORE_N/A_ACTUAL_POS] --(BEFORE)--> [EVENT_BEFORE_N/A_ACTUAL_POS] | [EVENT_BEFORE_N/A_ACTUAL_POS] --(BEFORE)--> [EVENT_BEFORE_N/A_ACTUAL_POS],"""tuméfactions"" --(CONTAINS)--> ""examen"" | ""examen"" --(BEFORE)--> ""palpation"" | ""palpation"" --(BEFORE)--> ""radiographie"" | ""radiographie"" --(BEFORE)--> ""tomodensitométrie"""
14,55,FR100683,[EVENT_BEFORE_N/A_ACTUAL_POS] --(CONTAINS)--> [EVENT_BEFORE_N/A_ACTUAL_POS] | [EVENT_BEFORE_N/A_ACTUAL_POS] --(BEFORE)--> [EVENT_BEFORE_N/A_ACTUAL_POS] | [EVENT_BEFORE_N/A_ACTUAL_POS] --(BEFORE)--> [EVENT_BEFORE_N/A_ACTUAL_POS] | [EVENT_BEFORE_N/A_ACTUAL_POS] --(BEFORE)--> [EVENT_BEFORE_N/A_ACTUAL_POS],"""créatinine"" --(CONTAINS)--> ""exploration"" | ""exploration"" --(BEFORE)--> ""exploration"" | ""exploration"" --(BEFORE)--> ""IRM"" | ""IRM"" --(BEFORE)--> ""écho-mammographie"""
14,55,FR100688,[EVENT_BEFORE_N/A_ACTUAL_POS] --(CONTAINS)--> [EVENT_BEFORE_N/A_ACTUAL_POS] | [EVENT_BEFORE_N/A_ACTUAL_POS] --(BEFORE)--> [EVENT_BEFORE_N/A_ACTUAL_POS] | [EVENT_BEFORE_N/A_ACTUAL_POS] --(BEFORE)--> [EVENT_BEFORE_N/A_ACTUAL_POS] | [EVENT_BEFORE_N/A_ACTUAL_POS] --(BEFORE)--> [EVENT_BEFORE_N/A_ACTUAL_POS],"""indice"" --(CONTAINS)--> ""examen"" | ""examen"" --(BEFORE)--> ""examen"" | ""examen"" --(BEFORE)--> ""examen"" | ""examen"" --(BEFORE)--> ""sérologie"""
14,55,FR100689,[EVENT_BEFORE_N/A_ACTUAL_POS] --(CONTAINS)--> [EVENT_BEFORE_N/A_ACTUAL_POS] | [EVENT_BEFORE_N/A_ACTUAL_POS] --(BEFORE)--> [EVENT_BEFORE_N/A_ACTUAL_POS] | [EVENT_BEFORE_N/A_ACTUAL_POS] --(BEFORE)--> [EVENT_BEFORE_N/A_ACTUAL_POS] | [EVENT_BEFORE_N/A_ACTUAL_POS] --(BEFORE)--> [EVENT_BEFORE_N/A_ACTUAL_POS],"""recherche"" --(CONTAINS)--> ""ionogramme"" | ""ionogramme"" --(BEFORE)--> ""examen"" | ""examen"" --(BEFORE)--> ""retenu"" | ""retenu"" --(BEFORE)--> ""évolution"""
14,55,FR100697,[EVENT_BEFORE_N/A_ACTUAL_POS] --(CONTAINS)--> [EVENT_BEFORE_N/A_ACTUAL_POS] | [EVENT_BEFORE_N/A_ACTUAL_POS] --(BEFORE)--> [EVENT_BEFORE_N/A_ACTUAL_POS] | [EVENT_BEFORE_N/A_ACTUAL_POS] --(BEFORE)--> [EVENT_BEFORE_N/A_ACTUAL_POS] | [EVENT_BEFORE_N/A_ACTUAL_POS] --(BEFORE)--> [EVENT_BEFORE_N/A_ACTUAL_POS],"""adénopathies"" --(CONTAINS)--> ""examen"" | ""examen"" --(BEFORE)--> ""mammographie"" | ""mammographie"" --(BEFORE)--> ""échographie"" | ""échographie"" --(BEFORE)--> ""examen"""
14,55,FR100708,[EVENT_BEFORE_N/A_ACTUAL_POS] --(CONTAINS)--> [EVENT_BEFORE_N/A_ACTUAL_POS] | [EVENT_BEFORE_N/A_ACTUAL_POS] --(BEFORE)--> [EVENT_BEFORE_N/A_ACTUAL_POS] | [EVENT_BEFORE_N/A_ACTUAL_POS] --(BEFORE)--> [EVENT_BEFORE_N/A_ACTUAL_POS] | [EVENT_BEFORE_N/A_ACTUAL_POS] --(BEFORE)--> [EVENT_BEFORE_N/A_ACTUAL_POS],"""galactorrhée"" --(CONTAINS)--> ""examen"" | ""examen"" --(BEFORE)--> ""mammographie"" | ""mammographie"" --(BEFORE)--> ""échographie"" | ""échographie"" --(BEFORE)--> ""ponction"""
14,55,FR100717,[EVENT_BEFORE_N/A_ACTUAL_POS] --(CONTAINS)--> [EVENT_BEFORE_N/A_ACTUAL_POS] | [EVENT_BEFORE_N/A_ACTUAL_POS] --(BEFORE)--> [EVENT_BEFORE_N/A_ACTUAL_POS] | [EVENT_BEFORE_N/A_ACTUAL_POS] --(BEFORE)--> [EVENT_BEFORE_N/A_ACTUAL_POS] | [EVENT_BEFORE_N/A_ACTUAL_POS] --(BEFORE)--> [EVENT_BEFORE_N/A_ACTUAL_POS],"""IMC"" --(CONTAINS)--> ""examen"" | ""examen"" --(BEFORE)--> ""examens"" | ""examens"" --(BEFORE)--> ""scanner"" | ""scanner"" --(BEFORE)--> ""IRM"""
14,55,FR100748,[EVENT_BEFORE_N/A_ACTUAL_POS] --(CONTAINS)--> [EVENT_BEFORE_N/A_ACTUAL_POS] | [EVENT_BEFORE_N/A_ACTUAL_POS] --(BEFORE)--> [EVENT_BEFORE_N/A_ACTUAL_POS] | [EVENT_BEFORE_N/A_ACTUAL_POS] --(BEFORE)--> [EVENT_BEFORE_N/A_ACTUAL_POS] | [EVENT_BEFORE_N/A_ACTUAL_POS] --(BEFORE)--> [EVENT_BEFORE_N/A_ACTUAL_POS],"""hospitalisation"" --(CONTAINS)--> ""indication"" | ""indication"" --(BEFORE)--> ""consultation"" | ""consultation"" --(BEFORE)--> ""ASA"" | ""ASA"" --(BEFORE)--> ""Nicardipine"""
14,55,FR100806,[EVENT_BEFORE_N/A_ACTUAL_POS] --(CONTAINS)--> [EVENT_BEFORE_N/A_ACTUAL_POS] | [EVENT_BEFORE_N/A_ACTUAL_POS] --(BEFORE)--> [EVENT_BEFORE_N/A_ACTUAL_POS] | [EVENT_BEFORE_N/A_ACTUAL_POS] --(BEFORE)--> [EVENT_BEFORE_N/A_ACTUAL_POS] | [EVENT_BEFORE_N/A_ACTUAL_POS] --(BEFORE)--> [EVENT_BEFORE_N/A_ACTUAL_POS],"""D-dimères"" --(CONTAINS)--> ""biologie"" | ""biologie"" --(BEFORE)--> ""tomodensitométrie"" | ""tomodensitométrie"" --(BEFORE)--> ""prise"" | ""prise"" --(BEFORE)--> ""examen"""
14,55,FR100814,[EVENT_BEFORE_N/A_ACTUAL_POS] --(CONTAINS)--> [EVENT_BEFORE_N/A_ACTUAL_POS] | [EVENT_BEFORE_N/A_ACTUAL_POS] --(BEFORE)--> [EVENT_BEFORE_N/A_ACTUAL_POS] | [EVENT_BEFORE_N/A_ACTUAL_POS] --(BEFORE)--> [EVENT_BEFORE_N/A_ACTUAL_POS] | [EVENT_BEFORE_N/A_ACTUAL_POS] --(BEFORE)--> [EVENT_BEFORE_N/A_ACTUAL_POS],"""processus"" --(CONTAINS)--> ""IRM"" | ""IRM"" --(BEFORE)--> ""diagnostic"" | ""diagnostic"" --(BEFORE)--> ""réséquée"" | ""réséquée"" --(BEFORE)--> ""examen"""
14,55,FR100826,[EVENT_BEFORE_N/A_ACTUAL_POS] --(CONTAINS)--> [EVENT_BEFORE_N/A_ACTUAL_POS] | [EVENT_BEFORE_N/A_ACTUAL_POS] --(BEFORE)--> [EVENT_BEFORE_N/A_ACTUAL_POS] | [EVENT_BEFORE_N/A_ACTUAL_POS] --(BEFORE)--> [EVENT_BEFORE_N/A_ACTUAL_POS] | [EVENT_BEFORE_N/A_ACTUAL_POS] --(BEFORE)--> [EVENT_BEFORE_N/A_ACTUAL_POS],"""termine"" --(CONTAINS)--> ""bilan"" | ""bilan"" --(BEFORE)--> ""bilan"" | ""bilan"" --(BEFORE)--> ""retenue"" | ""retenue"" --(BEFORE)--> ""exploration"""
14,55,FR100845,[EVENT_BEFORE_N/A_ACTUAL_POS] --(CONTAINS)--> [EVENT_BEFORE_N/A_ACTUAL_POS] | [EVENT_BEFORE_N/A_ACTUAL_POS] --(BEFORE)--> [EVENT_BEFORE_N/A_ACTUAL_POS] | [EVENT_BEFORE_N/A_ACTUAL_POS] --(BEFORE)--> [EVENT_BEFORE_N/A_ACTUAL_POS] | [EVENT_BEFORE_N/A_ACTUAL_POS] --(BEFORE)--> [EVENT_BEFORE_N/A_ACTUAL_POS],"""présence"" --(CONTAINS)--> ""échographie"" | ""échographie"" --(BEFORE)--> ""radiographie"" | ""radiographie"" --(BEFORE)--> ""décision"" | ""décision"" --(BEFORE)--> ""extraction"""
14,55,FR100849,[EVENT_BEFORE_N/A_ACTUAL_POS] --(CONTAINS)--> [EVENT_BEFORE_N/A_ACTUAL_POS] | [EVENT_BEFORE_N/A_ACTUAL_POS] --(BEFORE)--> [EVENT_BEFORE_N/A_ACTUAL_POS] | [EVENT_BEFORE_N/A_ACTUAL_POS] --(BEFORE)--> [EVENT_BEFORE_N/A_ACTUAL_POS] | [EVENT_BEFORE_N/A_ACTUAL_POS] --(BEFORE)--> [EVENT_BEFORE_N/A_ACTUAL_POS],"""IMC"" --(CONTAINS)--> ""admission"" | ""admission"" --(BEFORE)--> ""tomodensitométrie"" | ""tomodensitométrie"" --(BEFORE)--> ""acheminé"" | ""acheminé"" --(BEFORE)--> ""suites"""
14,55,FR100870,[EVENT_BEFORE_N/A_ACTUAL_POS] --(CONTAINS)--> [EVENT_BEFORE_N/A_ACTUAL_POS] | [EVENT_BEFORE_N/A_ACTUAL_POS] --(BEFORE)--> [EVENT_BEFORE_N/A_ACTUAL_POS] | [EVENT_BEFORE_N/A_ACTUAL_POS] --(BEFORE)--> [EVENT_BEFORE_N/A_ACTUAL_POS] | [EVENT_BEFORE_N/A_ACTUAL_POS] --(BEFORE)--> [EVENT_BEFORE_N/A_ACTUAL_POS],"""éléments"" --(CONTAINS)--> ""myélogramme"" | ""myélogramme"" --(BEFORE)--> ""dosage"" | ""dosage"" --(BEFORE)--> ""dosage"" | ""dosage"" --(BEFORE)--> ""étude"""
14,55,FR100874,[EVENT_BEFORE_N/A_ACTUAL_POS] --(CONTAINS)--> [EVENT_BEFORE_N/A_ACTUAL_POS] | [EVENT_BEFORE_N/A_ACTUAL_POS] --(BEFORE)--> [EVENT_BEFORE_N/A_ACTUAL_POS] | [EVENT_BEFORE_N/A_ACTUAL_POS] --(BEFORE)--> [EVENT_BEFORE_N/A_ACTUAL_POS] | [EVENT_BEFORE_N/A_ACTUAL_POS] --(BEFORE)--> [EVENT_BEFORE_N/A_ACTUAL_POS],"""méléna"" --(CONTAINS)--> ""examen"" | ""examen"" --(BEFORE)--> ""hémogramme"" | ""hémogramme"" --(BEFORE)--> ""fibroscopie"" | ""fibroscopie"" --(BEFORE)--> ""transit"""
14,55,FR100882,[EVENT_BEFORE_N/A_ACTUAL_POS] --(CONTAINS)--> [EVENT_BEFORE_N/A_ACTUAL_POS] | [EVENT_BEFORE_N/A_ACTUAL_POS] --(BEFORE)--> [EVENT_BEFORE_N/A_ACTUAL_POS] | [EVENT_BEFORE_N/A_ACTUAL_POS] --(BEFORE)--> [EVENT_BEFORE_N/A_ACTUAL_POS] | [EVENT_BEFORE_N/A_ACTUAL_POS] --(BEFORE)--> [EVENT_BEFORE_N/A_ACTUAL_POS],"""hospitalisation"" --(CONTAINS)--> ""admise"" | ""admise"" --(BEFORE)--> ""examen"" | ""examen"" --(BEFORE)--> ""examen"" | ""examen"" --(BEFORE)--> ""examen"""
14,55,FR100883,[EVENT_BEFORE_N/A_ACTUAL_POS] --(CONTAINS)--> [EVENT_BEFORE_N/A_ACTUAL_POS] | [EVENT_BEFORE_N/A_ACTUAL_POS] --(BEFORE)--> [EVENT_BEFORE_N/A_ACTUAL_POS] | [EVENT_BEFORE_N/A_ACTUAL_POS] --(BEFORE)--> [EVENT_BEFORE_N/A_ACTUAL_POS] | [EVENT_BEFORE_N/A_ACTUAL_POS] --(BEFORE)--> [EVENT_BEFORE_N/A_ACTUAL_POS],"""admission"" --(CONTAINS)--> ""TDM"" | ""TDM"" --(BEFORE)--> ""biopsie"" | ""biopsie"" --(BEFORE)--> ""bilan"" | ""bilan"" --(BEFORE)--> ""sérologie"""
14,55,FR100894,[EVENT_BEFORE_N/A_ACTUAL_POS] --(CONTAINS)--> [EVENT_BEFORE_N/A_ACTUAL_POS] | [EVENT_BEFORE_N/A_ACTUAL_POS] --(BEFORE)--> [EVENT_BEFORE_N/A_ACTUAL_POS] | [EVENT_BEFORE_N/A_ACTUAL_POS] --(BEFORE)--> [EVENT_BEFORE_N/A_ACTUAL_POS] | [EVENT_BEFORE_N/A_ACTUAL_POS] --(BEFORE)--> [EVENT_BEFORE_N/A_ACTUAL_POS],"""désinsertion"" --(CONTAINS)--> ""imagerie"" | ""imagerie"" --(BEFORE)--> ""prescrit"" | ""prescrit"" --(BEFORE)--> ""rejoint"" | ""rejoint"" --(BEFORE)--> ""reçu"""
14,55,FR100903,[EVENT_BEFORE_N/A_ACTUAL_POS] --(CONTAINS)--> [EVENT_BEFORE_N/A_ACTUAL_POS] | [EVENT_BEFORE_N/A_ACTUAL_POS] --(BEFORE)--> [EVENT_BEFORE_N/A_ACTUAL_POS] | [EVENT_BEFORE_N/A_ACTUAL_POS] --(BEFORE)--> [EVENT_BEFORE_N/A_ACTUAL_POS] | [EVENT_BEFORE_N/A_ACTUAL_POS] --(BEFORE)--> [EVENT_BEFORE_N/A_ACTUAL_POS],"""présence"" --(CONTAINS)--> ""IRM"" | ""IRM"" --(BEFORE)--> ""diagnostic"" | ""diagnostic"" --(BEFORE)--> ""écarté"" | ""écarté"" --(BEFORE)--> ""contrôles"""
14,55,FR100946,[EVENT_BEFORE_N/A_ACTUAL_POS] --(CONTAINS)--> [EVENT_BEFORE_N/A_ACTUAL_POS] | [EVENT_BEFORE_N/A_ACTUAL_POS] --(BEFORE)--> [EVENT_BEFORE_N/A_ACTUAL_POS] | [EVENT_BEFORE_N/A_ACTUAL_POS] --(BEFORE)--> [EVENT_BEFORE_N/A_ACTUAL_POS] | [EVENT_BEFORE_N/A_ACTUAL_POS] --(BEFORE)--> [EVENT_BEFORE_N/A_ACTUAL_POS],"""œdème"" --(CONTAINS)--> ""IRM"" | ""IRM"" --(BEFORE)--> ""analyse"" | ""analyse"" --(BEFORE)--> ""mise"" | ""mise"" --(BEFORE)--> ""exérèse"""
14,55,FR100996,[EVENT_BEFORE_N/A_ACTUAL_POS] --(CONTAINS)--> [EVENT_BEFORE_N/A_ACTUAL_POS] | [EVENT_BEFORE_N/A_ACTUAL_POS] --(BEFORE)--> [EVENT_BEFORE_N/A_ACTUAL_POS] | [EVENT_BEFORE_N/A_ACTUAL_POS] --(BEFORE)--> [EVENT_BEFORE_N/A_ACTUAL_POS] | [EVENT_BEFORE_N/A_ACTUAL_POS] --(BEFORE)--> [EVENT_BEFORE_N/A_ACTUAL_POS],"""paroi"" --(CONTAINS)--> ""injection"" | ""injection"" --(BEFORE)--> ""retenu"" | ""retenu"" --(BEFORE)--> ""chirurgical"" | ""chirurgical"" --(BEFORE)--> ""suites"""
170,52,FR100003,[EVENT_BEFORE_N/A_ACTUAL_POS] --(BEFORE)--> [EVENT_BEFORE_N/A_ACTUAL_POS] | [EVENT_BEFORE_N/A_ACTUAL_POS] --(CONTAINS)--> [EVENT_BEFORE_N/A_ACTUAL_POS],"""panoramique"" --(BEFORE)--> ""ponction"" | ""ponction"" --(CONTAINS)--> ""ramené"""
170,52,FR100092,[EVENT_BEFORE_N/A_ACTUAL_POS] --(BEFORE)--> [EVENT_BEFORE_N/A_ACTUAL_POS] | [EVENT_BEFORE_N/A_ACTUAL_POS] --(CONTAINS)--> [EVENT_BEFORE_N/A_ACTUAL_POS],"""reste"" --(BEFORE)--> ""minilaparotomie"" | ""minilaparotomie"" --(CONTAINS)--> ""reste"""
170,52,FR100120,[EVENT_BEFORE_N/A_ACTUAL_POS] --(BEFORE)--> [EVENT_BEFORE_N/A_ACTUAL_POS] | [EVENT_BEFORE_N/A_ACTUAL_POS] --(CONTAINS)--> [EVENT_BEFORE_N/A_ACTUAL_POS],"""reste"" --(BEFORE)--> ""traitement"" | ""traitement"" --(CONTAINS)--> ""soins"""
170,52,FR100130,[EVENT_BEFORE_N/A_ACTUAL_POS] --(BEFORE)--> [EVENT_BEFORE_N/A_ACTUAL_POS] | [EVENT_BEFORE_N/A_ACTUAL_POS] --(CONTAINS)--> [EVENT_BEFORE_N/A_ACTUAL_POS],"""séjour"" --(BEFORE)--> ""bilan"" | ""bilan"" --(CONTAINS)--> ""recherchée"""
170,52,FR100132,[EVENT_BEFORE_N/A_ACTUAL_POS] --(BEFORE)--> [EVENT_BEFORE_N/A_ACTUAL_POS] | [EVENT_BEFORE_N/A_ACTUAL_POS] --(CONTAINS)--> [EVENT_BEFORE_N/A_ACTUAL_POS],"""consultation"" --(BEFORE)--> ""examen"" | ""examen"" --(CONTAINS)--> ""palpation"""
170,52,FR100142,[EVENT_BEFORE_N/A_ACTUAL_POS] --(BEFORE)--> [EVENT_BEFORE_N/A_ACTUAL_POS] | [EVENT_BEFORE_N/A_ACTUAL_POS] --(CONTAINS)--> [EVENT_BEFORE_N/A_ACTUAL_POS],"""mis"" --(BEFORE)--> ""évolution"" | ""évolution"" --(CONTAINS)--> ""taux"""
170,52,FR100161,[EVENT_BEFORE_N/A_ACTUAL_POS] --(BEFORE)--> [EVENT_BEFORE_N/A_ACTUAL_POS] | [EVENT_BEFORE_N/A_ACTUAL_POS] --(CONTAINS)--> [EVENT_BEFORE_N/A_ACTUAL_POS],"""examen"" --(BEFORE)--> ""examens"" | ""examens"" --(CONTAINS)--> ""Acti tests"""
170,52,FR100168,[EVENT_BEFORE_N/A_ACTUAL_POS] --(BEFORE)--> [EVENT_BEFORE_N/A_ACTUAL_POS] | [EVENT_BEFORE_N/A_ACTUAL_POS] --(CONTAINS)--> [EVENT_BEFORE_N/A_ACTUAL_POS],"""bilan"" --(BEFORE)--> ""tests"" | ""tests"" --(CONTAINS)--> ""recherche"""
170,52,FR100185,[EVENT_BEFORE_N/A_ACTUAL_POS] --(BEFORE)--> [EVENT_BEFORE_N/A_ACTUAL_POS] | [EVENT_BEFORE_N/A_ACTUAL_POS] --(CONTAINS)--> [EVENT_BEFORE_N/A_ACTUAL_POS],"""Electromyogramme"" --(BEFORE)--> ""IRM"" | ""IRM"" --(CONTAINS)--> ""aspect"""
170,52,FR100255,[EVENT_BEFORE_N/A_ACTUAL_POS] --(BEFORE)--> [EVENT_BEFORE_N/A_ACTUAL_POS] | [EVENT_BEFORE_N/A_ACTUAL_POS] --(CONTAINS)--> [EVENT_BEFORE_N/A_ACTUAL_POS],"""mise"" --(BEFORE)--> ""traitement"" | ""traitement"" --(CONTAINS)--> ""relais"""
170,52,FR100275,[EVENT_BEFORE_N/A_ACTUAL_POS] --(BEFORE)--> [EVENT_BEFORE_N/A_ACTUAL_POS] | [EVENT_BEFORE_N/A_ACTUAL_POS] --(CONTAINS)--> [EVENT_BEFORE_N/A_ACTUAL_POS],"""anamnèse"" --(BEFORE)--> ""examen"" | ""examen"" --(CONTAINS)--> ""pression"""
170,52,FR100276,[EVENT_BEFORE_N/A_ACTUAL_POS] --(BEFORE)--> [EVENT_BEFORE_N/A_ACTUAL_POS] | [EVENT_BEFORE_N/A_ACTUAL_POS] --(CONTAINS)--> [EVENT_BEFORE_N/A_ACTUAL_POS],"""grossesses"" --(BEFORE)--> ""grossesse"" | ""grossesse"" --(CONTAINS)--> ""posé"""
170,52,FR100283,[EVENT_BEFORE_N/A_ACTUAL_POS] --(BEFORE)--> [EVENT_BEFORE_N/A_ACTUAL_POS] | [EVENT_BEFORE_N/A_ACTUAL_POS] --(CONTAINS)--> [EVENT_BEFORE_N/A_ACTUAL_POS],"""hypophysiogramme"" --(BEFORE)--> ""traitement"" | ""traitement"" --(CONTAINS)--> ""opothérapie"""
170,52,FR100296,[EVENT_BEFORE_N/A_ACTUAL_POS] --(BEFORE)--> [EVENT_BEFORE_N/A_ACTUAL_POS] | [EVENT_BEFORE_N/A_ACTUAL_POS] --(CONTAINS)--> [EVENT_BEFORE_N/A_ACTUAL_POS],"""IRM"" --(BEFORE)--> ""fenestration"" | ""fenestration"" --(CONTAINS)--> ""geste"""
170,52,FR100314,[EVENT_BEFORE_N/A_ACTUAL_POS] --(BEFORE)--> [EVENT_BEFORE_N/A_ACTUAL_POS] | [EVENT_BEFORE_N/A_ACTUAL_POS] --(CONTAINS)--> [EVENT_BEFORE_N/A_ACTUAL_POS],"""accident"" --(BEFORE)--> ""traumatisme"" | ""traumatisme"" --(CONTAINS)--> ""admise"""
170,52,FR100344,[EVENT_BEFORE_N/A_ACTUAL_POS] --(BEFORE)--> [EVENT_BEFORE_N/A_ACTUAL_POS] | [EVENT_BEFORE_N/A_ACTUAL_POS] --(CONTAINS)--> [EVENT_BEFORE_N/A_ACTUAL_POS],"""développé"" --(BEFORE)--> ""suivie"" | ""suivie"" --(CONTAINS)--> ""traitement"""
170,52,FR100361,[EVENT_BEFORE_N/A_ACTUAL_POS] --(BEFORE)--> [EVENT_BEFORE_N/A_ACTUAL_POS] | [EVENT_BEFORE_N/A_ACTUAL_POS] --(CONTAINS)--> [EVENT_BEFORE_N/A_ACTUAL_POS],"""admise"" --(BEFORE)--> ""examen"" | ""examen"" --(CONTAINS)--> ""mobilisait"""
170,52,FR100371,[EVENT_BEFORE_N/A_ACTUAL_POS] --(BEFORE)--> [EVENT_BEFORE_N/A_ACTUAL_POS] | [EVENT_BEFORE_N/A_ACTUAL_POS] --(CONTAINS)--> [EVENT_BEFORE_N/A_ACTUAL_POS],"""examen"" --(BEFORE)--> ""bilan"" | ""bilan"" --(CONTAINS)--> ""bilan"""
170,52,FR100400,[EVENT_BEFORE_N/A_ACTUAL_POS] --(BEFORE)--> [EVENT_BEFORE_N/A_ACTUAL_POS] | [EVENT_BEFORE_N/A_ACTUAL_POS] --(CONTAINS)--> [EVENT_BEFORE_N/A_ACTUAL_POS],"""diagnostic"" --(BEFORE)--> ""opérée"" | ""opérée"" --(CONTAINS)--> ""reprise"""
170,52,FR100510,[EVENT_BEFORE_N/A_ACTUAL_POS] --(BEFORE)--> [EVENT_BEFORE_N/A_ACTUAL_POS] | [EVENT_BEFORE_N/A_ACTUAL_POS] --(CONTAINS)--> [EVENT_BEFORE_N/A_ACTUAL_POS],"""décision"" --(BEFORE)--> ""intervention"" | ""intervention"" --(CONTAINS)--> ""hémostase"""
170,52,FR100515,[EVENT_BEFORE_N/A_ACTUAL_POS] --(BEFORE)--> [EVENT_BEFORE_N/A_ACTUAL_POS] | [EVENT_BEFORE_N/A_ACTUAL_POS] --(CONTAINS)--> [EVENT_BEFORE_N/A_ACTUAL_POS],"""bilan"" --(BEFORE)--> ""bilan"" | ""bilan"" --(CONTAINS)--> ""échographie"""
170,52,FR100519,[EVENT_BEFORE_N/A_ACTUAL_POS] --(BEFORE)--> [EVENT_BEFORE_N/A_ACTUAL_POS] | [EVENT_BEFORE_N/A_ACTUAL_POS] --(CONTAINS)--> [EVENT_BEFORE_N/A_ACTUAL_POS],"""admise"" --(BEFORE)--> ""évolution"" | ""évolution"" --(CONTAINS)--> ""tuméfaction"""
170,52,FR100589,[EVENT_BEFORE_N/A_ACTUAL_POS] --(BEFORE)--> [EVENT_BEFORE_N/A_ACTUAL_POS] | [EVENT_BEFORE_N/A_ACTUAL_POS] --(CONTAINS)--> [EVENT_BEFORE_N/A_ACTUAL_POS],"""demandé"" --(BEFORE)--> ""bilan"" | ""bilan"" --(CONTAINS)--> ""myélogramme"""
170,52,FR100597,[EVENT_BEFORE_N/A_ACTUAL_POS] --(BEFORE)--> [EVENT_BEFORE_N/A_ACTUAL_POS] | [EVENT_BEFORE_N/A_ACTUAL_POS] --(CONTAINS)--> [EVENT_BEFORE_N/A_ACTUAL_POS],"""hystérectomie"" --(BEFORE)--> ""suites"" | ""suites"" --(CONTAINS)--> ""marquées"""
170,52,FR100611,[EVENT_BEFORE_N/A_ACTUAL_POS] --(BEFORE)--> [EVENT_BEFORE_N/A_ACTUAL_POS] | [EVENT_BEFORE_N/A_ACTUAL_POS] --(CONTAINS)--> [EVENT_BEFORE_N/A_ACTUAL_POS],"""PCR"" --(BEFORE)--> ""TDM"" | ""TDM"" --(CONTAINS)--> ""image"""
170,52,FR100614,[EVENT_BEFORE_N/A_ACTUAL_POS] --(BEFORE)--> [EVENT_BEFORE_N/A_ACTUAL_POS] | [EVENT_BEFORE_N/A_ACTUAL_POS] --(CONTAINS)--> [EVENT_BEFORE_N/A_ACTUAL_POS],"""rupture"" --(BEFORE)--> ""intervention"" | ""intervention"" --(CONTAINS)--> ""éviter"""
170,52,FR100620,[EVENT_BEFORE_N/A_ACTUAL_POS] --(BEFORE)--> [EVENT_BEFORE_N/A_ACTUAL_POS] | [EVENT_BEFORE_N/A_ACTUAL_POS] --(CONTAINS)--> [EVENT_BEFORE_N/A_ACTUAL_POS],"""bilan"" --(BEFORE)--> ""bilan"" | ""bilan"" --(CONTAINS)--> ""radiographies"""
170,52,FR100629,[EVENT_BEFORE_N/A_ACTUAL_POS] --(BEFORE)--> [EVENT_BEFORE_N/A_ACTUAL_POS] | [EVENT_BEFORE_N/A_ACTUAL_POS] --(CONTAINS)--> [EVENT_BEFORE_N/A_ACTUAL_POS],"""radiographie"" --(BEFORE)--> ""thoracoscopie"" | ""thoracoscopie"" --(CONTAINS)--> ""immuno histochimie"""
170,52,FR100632,[EVENT_BEFORE_N/A_ACTUAL_POS] --(BEFORE)--> [EVENT_BEFORE_N/A_ACTUAL_POS] | [EVENT_BEFORE_N/A_ACTUAL_POS] --(CONTAINS)--> [EVENT_BEFORE_N/A_ACTUAL_POS],"""bilan"" --(BEFORE)--> ""enquête"" | ""enquête"" --(CONTAINS)--> ""taux"""
170,52,FR100658,[EVENT_BEFORE_N/A_ACTUAL_POS] --(BEFORE)--> [EVENT_BEFORE_N/A_ACTUAL_POS] | [EVENT_BEFORE_N/A_ACTUAL_POS] --(CONTAINS)--> [EVENT_BEFORE_N/A_ACTUAL_POS],"""prise"" --(BEFORE)--> ""anesthésie"" | ""anesthésie"" --(CONTAINS)--> ""entretien"""
170,52,FR100663,[EVENT_BEFORE_N/A_ACTUAL_POS] --(BEFORE)--> [EVENT_BEFORE_N/A_ACTUAL_POS] | [EVENT_BEFORE_N/A_ACTUAL_POS] --(CONTAINS)--> [EVENT_BEFORE_N/A_ACTUAL_POS],"""tenté"" --(BEFORE)--> ""bilan"" | ""bilan"" --(CONTAINS)--> ""Taux"""
170,52,FR100666,[EVENT_BEFORE_N/A_ACTUAL_POS] --(BEFORE)--> [EVENT_BEFORE_N/A_ACTUAL_POS] | [EVENT_BEFORE_N/A_ACTUAL_POS] --(CONTAINS)--> [EVENT_BEFORE_N/A_ACTUAL_POS],"""polychimiothérapie"" --(BEFORE)--> ""COPADEM"" | ""COPADEM"" --(CONTAINS)--> ""prédnisone"""
170,52,FR100688,[EVENT_BEFORE_N/A_ACTUAL_POS] --(BEFORE)--> [EVENT_BEFORE_N/A_ACTUAL_POS] | [EVENT_BEFORE_N/A_ACTUAL_POS] --(CONTAINS)--> [EVENT_BEFORE_N/A_ACTUAL_POS],"""analyse"" --(BEFORE)--> ""traitement"" | ""traitement"" --(CONTAINS)--> ""phase"""
170,52,FR100689,[EVENT_BEFORE_N/A_ACTUAL_POS] --(BEFORE)--> [EVENT_BEFORE_N/A_ACTUAL_POS] | [EVENT_BEFORE_N/A_ACTUAL_POS] --(CONTAINS)--> [EVENT_BEFORE_N/A_ACTUAL_POS],"""scanner"" --(BEFORE)--> ""IRM"" | ""IRM"" --(CONTAINS)--> ""injection"""
170,52,FR100697,[EVENT_BEFORE_N/A_ACTUAL_POS] --(BEFORE)--> [EVENT_BEFORE_N/A_ACTUAL_POS] | [EVENT_BEFORE_N/A_ACTUAL_POS] --(CONTAINS)--> [EVENT_BEFORE_N/A_ACTUAL_POS],"""tout"" --(BEFORE)--> ""bilan"" | ""bilan"" --(CONTAINS)--> ""biopsie"""
170,52,FR100708,[EVENT_BEFORE_N/A_ACTUAL_POS] --(BEFORE)--> [EVENT_BEFORE_N/A_ACTUAL_POS] | [EVENT_BEFORE_N/A_ACTUAL_POS] --(CONTAINS)--> [EVENT_BEFORE_N/A_ACTUAL_POS],"""traitement"" --(BEFORE)--> ""consulté"" | ""consulté"" --(CONTAINS)--> ""examen"""
170,52,FR100717,[EVENT_BEFORE_N/A_ACTUAL_POS] --(BEFORE)--> [EVENT_BEFORE_N/A_ACTUAL_POS] | [EVENT_BEFORE_N/A_ACTUAL_POS] --(CONTAINS)--> [EVENT_BEFORE_N/A_ACTUAL_POS],"""exploration"" --(BEFORE)--> ""suites"" | ""suites"" --(CONTAINS)--> ""régression"""
170,52,FR100748,[EVENT_BEFORE_N/A_ACTUAL_POS] --(BEFORE)--> [EVENT_BEFORE_N/A_ACTUAL_POS] | [EVENT_BEFORE_N/A_ACTUAL_POS] --(CONTAINS)--> [EVENT_BEFORE_N/A_ACTUAL_POS],"""préparation"" --(BEFORE)--> ""salle"" | ""salle"" --(CONTAINS)--> ""préparé"""
170,52,FR100766,[EVENT_BEFORE_N/A_ACTUAL_POS] --(BEFORE)--> [EVENT_BEFORE_N/A_ACTUAL_POS] | [EVENT_BEFORE_N/A_ACTUAL_POS] --(CONTAINS)--> [EVENT_BEFORE_N/A_ACTUAL_POS],"""retenu"" --(BEFORE)--> ""bénéficié"" | ""bénéficié"" --(CONTAINS)--> ""mucosectomie"""
170,52,FR100780,[EVENT_BEFORE_N/A_ACTUAL_POS] --(BEFORE)--> [EVENT_BEFORE_N/A_ACTUAL_POS] | [EVENT_BEFORE_N/A_ACTUAL_POS] --(CONTAINS)--> [EVENT_BEFORE_N/A_ACTUAL_POS],"""bilan"" --(BEFORE)--> ""séances"" | ""séances"" --(CONTAINS)--> ""circuit"""
170,52,FR100806,[EVENT_BEFORE_N/A_ACTUAL_POS] --(BEFORE)--> [EVENT_BEFORE_N/A_ACTUAL_POS] | [EVENT_BEFORE_N/A_ACTUAL_POS] --(CONTAINS)--> [EVENT_BEFORE_N/A_ACTUAL_POS],"""échographies"" --(BEFORE)--> ""ponction"" | ""ponction"" --(CONTAINS)--> ""ramené"""
170,52,FR100826,[EVENT_BEFORE_N/A_ACTUAL_POS] --(BEFORE)--> [EVENT_BEFORE_N/A_ACTUAL_POS] | [EVENT_BEFORE_N/A_ACTUAL_POS] --(CONTAINS)--> [EVENT_BEFORE_N/A_ACTUAL_POS],"""examen"" --(BEFORE)--> ""bilan"" | ""bilan"" --(CONTAINS)--> ""tomodensitométrie"""
170,52,FR100845,[EVENT_BEFORE_N/A_ACTUAL_POS] --(BEFORE)--> [EVENT_BEFORE_N/A_ACTUAL_POS] | [EVENT_BEFORE_N/A_ACTUAL_POS] --(CONTAINS)--> [EVENT_BEFORE_N/A_ACTUAL_POS],"""examen"" --(BEFORE)--> ""examinés"" | ""examinés"" --(CONTAINS)--> ""examen"""
170,52,FR100870,[EVENT_BEFORE_N/A_ACTUAL_POS] --(BEFORE)--> [EVENT_BEFORE_N/A_ACTUAL_POS] | [EVENT_BEFORE_N/A_ACTUAL_POS] --(CONTAINS)--> [EVENT_BEFORE_N/A_ACTUAL_POS],"""IRM"" --(BEFORE)--> ""électrophorèse"" | ""électrophorèse"" --(CONTAINS)--> ""découverte"""
170,52,FR100874,[EVENT_BEFORE_N/A_ACTUAL_POS] --(BEFORE)--> [EVENT_BEFORE_N/A_ACTUAL_POS] | [EVENT_BEFORE_N/A_ACTUAL_POS] --(CONTAINS)--> [EVENT_BEFORE_N/A_ACTUAL_POS],"""tomodensitométrie"" --(BEFORE)--> ""retenu"" | ""retenu"" --(CONTAINS)--> ""hémorragie"""
170,52,FR100882,[EVENT_BEFORE_N/A_ACTUAL_POS] --(BEFORE)--> [EVENT_BEFORE_N/A_ACTUAL_POS] | [EVENT_BEFORE_N/A_ACTUAL_POS] --(CONTAINS)--> [EVENT_BEFORE_N/A_ACTUAL_POS],"""sclérothérapie"" --(BEFORE)--> ""évolution"" | ""évolution"" --(CONTAINS)--> ""amélioration"""
170,52,FR100883,[EVENT_BEFORE_N/A_ACTUAL_POS] --(BEFORE)--> [EVENT_BEFORE_N/A_ACTUAL_POS] | [EVENT_BEFORE_N/A_ACTUAL_POS] --(CONTAINS)--> [EVENT_BEFORE_N/A_ACTUAL_POS],"""bilan"" --(BEFORE)--> ""reçu"" | ""reçu"" --(CONTAINS)--> ""cures"""
170,52,FR100894,[EVENT_BEFORE_N/A_ACTUAL_POS] --(BEFORE)--> [EVENT_BEFORE_N/A_ACTUAL_POS] | [EVENT_BEFORE_N/A_ACTUAL_POS] --(CONTAINS)--> [EVENT_BEFORE_N/A_ACTUAL_POS],"""pris"" --(BEFORE)--> ""incision"" | ""incision"" --(CONTAINS)--> ""décompression"""
170,52,FR100903,[EVENT_BEFORE_N/A_ACTUAL_POS] --(BEFORE)--> [EVENT_BEFORE_N/A_ACTUAL_POS] | [EVENT_BEFORE_N/A_ACTUAL_POS] --(CONTAINS)--> [EVENT_BEFORE_N/A_ACTUAL_POS],"""écarté"" --(BEFORE)--> ""contrôles"" | ""contrôles"" --(CONTAINS)--> ""biométrie"""
170,52,FR100946,[EVENT_BEFORE_N/A_ACTUAL_POS] --(BEFORE)--> [EVENT_BEFORE_N/A_ACTUAL_POS] | [EVENT_BEFORE_N/A_ACTUAL_POS] --(CONTAINS)--> [EVENT_BEFORE_N/A_ACTUAL_POS],"""examen"" --(BEFORE)--> ""IRM"" | ""IRM"" --(CONTAINS)--> ""prise"""
170,52,FR100960,[EVENT_BEFORE_N/A_ACTUAL_POS] --(BEFORE)--> [EVENT_BEFORE_N/A_ACTUAL_POS] | [EVENT_BEFORE_N/A_ACTUAL_POS] --(CONTAINS)--> [EVENT_BEFORE_N/A_ACTUAL_POS],"""opéré"" --(BEFORE)--> ""consulté"" | ""consulté"" --(CONTAINS)--> ""scanner"""
170,52,FR100998,[EVENT_BEFORE_N/A_ACTUAL_POS] --(BEFORE)--> [EVENT_BEFORE_N/A_ACTUAL_POS] | [EVENT_BEFORE_N/A_ACTUAL_POS] --(CONTAINS)--> [EVENT_BEFORE_N/A_ACTUAL_POS],"""diagnostic"" --(BEFORE)--> ""traitée"" | ""traitée"" --(CONTAINS)--> ""cures"""
76,51,FR100003,[EVENT_BEFORE_N/A_ACTUAL_POS] --(CONTAINS)--> [EVENT_BEFORE_N/A_ACTUAL_POS] | [EVENT_BEFORE_N/A_ACTUAL_POS] --(BEFORE)--> [EVENT_BEFORE_N/A_ACTUAL_POS],"""ponction"" --(CONTAINS)--> ""ramené"" | ""ponction"" --(BEFORE)--> ""examen"""
76,51,FR100092,[EVENT_BEFORE_N/A_ACTUAL_POS] --(CONTAINS)--> [EVENT_BEFORE_N/A_ACTUAL_POS] | [EVENT_BEFORE_N/A_ACTUAL_POS] --(BEFORE)--> [EVENT_BEFORE_N/A_ACTUAL_POS],"""examen"" --(CONTAINS)--> ""tension"" | ""examen"" --(BEFORE)--> ""examen"""
76,51,FR100130,[EVENT_BEFORE_N/A_ACTUAL_POS] --(CONTAINS)--> [EVENT_BEFORE_N/A_ACTUAL_POS] | [EVENT_BEFORE_N/A_ACTUAL_POS] --(BEFORE)--> [EVENT_BEFORE_N/A_ACTUAL_POS],"""séjour"" --(CONTAINS)--> ""réconforté"" | ""séjour"" --(BEFORE)--> ""bilan"""
76,51,FR100132,[EVENT_BEFORE_N/A_ACTUAL_POS] --(CONTAINS)--> [EVENT_BEFORE_N/A_ACTUAL_POS] | [EVENT_BEFORE_N/A_ACTUAL_POS] --(BEFORE)--> [EVENT_BEFORE_N/A_ACTUAL_POS],"""consultation"" --(CONTAINS)--> ""référée"" | ""consultation"" --(BEFORE)--> ""examen"""
76,51,FR100161,[EVENT_BEFORE_N/A_ACTUAL_POS] --(CONTAINS)--> [EVENT_BEFORE_N/A_ACTUAL_POS] | [EVENT_BEFORE_N/A_ACTUAL_POS] --(BEFORE)--> [EVENT_BEFORE_N/A_ACTUAL_POS],"""examens"" --(CONTAINS)--> ""Acti tests"" | ""examens"" --(BEFORE)--> ""radiographie"""
76,51,FR100168,[EVENT_BEFORE_N/A_ACTUAL_POS] --(CONTAINS)--> [EVENT_BEFORE_N/A_ACTUAL_POS] | [EVENT_BEFORE_N/A_ACTUAL_POS] --(BEFORE)--> [EVENT_BEFORE_N/A_ACTUAL_POS],"""tests"" --(CONTAINS)--> ""temps"" | ""tests"" --(BEFORE)--> ""entretien"""
76,51,FR100255,[EVENT_BEFORE_N/A_ACTUAL_POS] --(CONTAINS)--> [EVENT_BEFORE_N/A_ACTUAL_POS] | [EVENT_BEFORE_N/A_ACTUAL_POS] --(BEFORE)--> [EVENT_BEFORE_N/A_ACTUAL_POS],"""échographie"" --(CONTAINS)--> ""confirmation"" | ""échographie"" --(BEFORE)--> ""mise"""
76,51,FR100275,[EVENT_BEFORE_N/A_ACTUAL_POS] --(CONTAINS)--> [EVENT_BEFORE_N/A_ACTUAL_POS] | [EVENT_BEFORE_N/A_ACTUAL_POS] --(BEFORE)--> [EVENT_BEFORE_N/A_ACTUAL_POS],"""manœuvres"" --(CONTAINS)--> ""dégagement"" | ""manœuvres"" --(BEFORE)--> ""transféré"""
76,51,FR100276,[EVENT_BEFORE_N/A_ACTUAL_POS] --(CONTAINS)--> [EVENT_BEFORE_N/A_ACTUAL_POS] | [EVENT_BEFORE_N/A_ACTUAL_POS] --(BEFORE)--> [EVENT_BEFORE_N/A_ACTUAL_POS],"""biopsie"" --(CONTAINS)--> ""examen"" | ""biopsie"" --(BEFORE)--> ""posé"""
76,51,FR100283,[EVENT_BEFORE_N/A_ACTUAL_POS] --(CONTAINS)--> [EVENT_BEFORE_N/A_ACTUAL_POS] | [EVENT_BEFORE_N/A_ACTUAL_POS] --(BEFORE)--> [EVENT_BEFORE_N/A_ACTUAL_POS],"""traitement"" --(CONTAINS)--> ""opothérapie"" | ""traitement"" --(BEFORE)--> ""évolution"""
76,51,FR100296,[EVENT_BEFORE_N/A_ACTUAL_POS] --(CONTAINS)--> [EVENT_BEFORE_N/A_ACTUAL_POS] | [EVENT_BEFORE_N/A_ACTUAL_POS] --(BEFORE)--> [EVENT_BEFORE_N/A_ACTUAL_POS],"""fenestration"" --(CONTAINS)--> ""geste"" | ""fenestration"" --(BEFORE)--> ""suites"""
76,51,FR100344,[EVENT_BEFORE_N/A_ACTUAL_POS] --(CONTAINS)--> [EVENT_BEFORE_N/A_ACTUAL_POS] | [EVENT_BEFORE_N/A_ACTUAL_POS] --(BEFORE)--> [EVENT_BEFORE_N/A_ACTUAL_POS],"""bilan"" --(CONTAINS)--> ""échographie"" | ""bilan"" --(BEFORE)--> ""contrôle"""
76,51,FR100346,[EVENT_BEFORE_N/A_ACTUAL_POS] --(CONTAINS)--> [EVENT_BEFORE_N/A_ACTUAL_POS] | [EVENT_BEFORE_N/A_ACTUAL_POS] --(BEFORE)--> [EVENT_BEFORE_N/A_ACTUAL_POS],"""examen"" --(CONTAINS)--> ""reste"" | ""examen"" --(BEFORE)--> ""gazométrie"""
76,51,FR100360,[EVENT_BEFORE_N/A_ACTUAL_POS] --(CONTAINS)--> [EVENT_BEFORE_N/A_ACTUAL_POS] | [EVENT_BEFORE_N/A_ACTUAL_POS] --(BEFORE)--> [EVENT_BEFORE_N/A_ACTUAL_POS],"""colpohystérectomie"" --(CONTAINS)--> ""curage"" | ""colpohystérectomie"" --(BEFORE)--> ""examen"""
76,51,FR100361,[EVENT_BEFORE_N/A_ACTUAL_POS] --(CONTAINS)--> [EVENT_BEFORE_N/A_ACTUAL_POS] | [EVENT_BEFORE_N/A_ACTUAL_POS] --(BEFORE)--> [EVENT_BEFORE_N/A_ACTUAL_POS],"""prolactinémie"" --(CONTAINS)--> ""passée"" | ""prolactinémie"" --(BEFORE)--> ""améliorée"""
76,51,FR100371,[EVENT_BEFORE_N/A_ACTUAL_POS] --(CONTAINS)--> [EVENT_BEFORE_N/A_ACTUAL_POS] | [EVENT_BEFORE_N/A_ACTUAL_POS] --(BEFORE)--> [EVENT_BEFORE_N/A_ACTUAL_POS],"""suite"" --(CONTAINS)--> ""douleur"" | ""suite"" --(BEFORE)--> ""sortie"""
76,51,FR100400,[EVENT_BEFORE_N/A_ACTUAL_POS] --(CONTAINS)--> [EVENT_BEFORE_N/A_ACTUAL_POS] | [EVENT_BEFORE_N/A_ACTUAL_POS] --(BEFORE)--> [EVENT_BEFORE_N/A_ACTUAL_POS],"""suites"" --(CONTAINS)--> ""retiré"" | ""suites"" --(BEFORE)--> ""suivie"""
76,51,FR100448,[EVENT_BEFORE_N/A_ACTUAL_POS] --(CONTAINS)--> [EVENT_BEFORE_N/A_ACTUAL_POS] | [EVENT_BEFORE_N/A_ACTUAL_POS] --(BEFORE)--> [EVENT_BEFORE_N/A_ACTUAL_POS],"""examen"" --(CONTAINS)--> ""reste"" | ""examen"" --(BEFORE)--> ""échotomographie"""
76,51,FR100515,[EVENT_BEFORE_N/A_ACTUAL_POS] --(CONTAINS)--> [EVENT_BEFORE_N/A_ACTUAL_POS] | [EVENT_BEFORE_N/A_ACTUAL_POS] --(BEFORE)--> [EVENT_BEFORE_N/A_ACTUAL_POS],"""bilan"" --(CONTAINS)--> ""recherche"" | ""bilan"" --(BEFORE)--> ""bilan"""
76,51,FR100517,[EVENT_BEFORE_N/A_ACTUAL_POS] --(CONTAINS)--> [EVENT_BEFORE_N/A_ACTUAL_POS] | [EVENT_BEFORE_N/A_ACTUAL_POS] --(BEFORE)--> [EVENT_BEFORE_N/A_ACTUAL_POS],"""bilan"" --(CONTAINS)--> ""fibroscopie"" | ""bilan"" --(BEFORE)--> ""mise"""
76,51,FR100519,[EVENT_BEFORE_N/A_ACTUAL_POS] --(CONTAINS)--> [EVENT_BEFORE_N/A_ACTUAL_POS] | [EVENT_BEFORE_N/A_ACTUAL_POS] --(BEFORE)--> [EVENT_BEFORE_N/A_ACTUAL_POS],"""hémogramme"" --(CONTAINS)--> ""bilan"" | ""hémogramme"" --(BEFORE)--> ""remplissage"""
76,51,FR100589,[EVENT_BEFORE_N/A_ACTUAL_POS] --(CONTAINS)--> [EVENT_BEFORE_N/A_ACTUAL_POS] | [EVENT_BEFORE_N/A_ACTUAL_POS] --(BEFORE)--> [EVENT_BEFORE_N/A_ACTUAL_POS],"""lavage"" --(CONTAINS)--> ""recherche"" | ""lavage"" --(BEFORE)--> ""biopsies"""
76,51,FR100597,[EVENT_BEFORE_N/A_ACTUAL_POS] --(CONTAINS)--> [EVENT_BEFORE_N/A_ACTUAL_POS] | [EVENT_BEFORE_N/A_ACTUAL_POS] --(BEFORE)--> [EVENT_BEFORE_N/A_ACTUAL_POS],"""hystérectomie"" --(CONTAINS)--> ""annexectomie"" | ""hystérectomie"" --(BEFORE)--> ""suites"""
76,51,FR100603,[EVENT_BEFORE_N/A_ACTUAL_POS] --(CONTAINS)--> [EVENT_BEFORE_N/A_ACTUAL_POS] | [EVENT_BEFORE_N/A_ACTUAL_POS] --(BEFORE)--> [EVENT_BEFORE_N/A_ACTUAL_POS],"""chirurgie"" --(CONTAINS)--> ""remplacée"" | ""chirurgie"" --(BEFORE)--> ""hémocultures"""
76,51,FR100611,[EVENT_BEFORE_N/A_ACTUAL_POS] --(CONTAINS)--> [EVENT_BEFORE_N/A_ACTUAL_POS] | [EVENT_BEFORE_N/A_ACTUAL_POS] --(BEFORE)--> [EVENT_BEFORE_N/A_ACTUAL_POS],"""TDM"" --(CONTAINS)--> ""image"" | ""TDM"" --(BEFORE)--> ""biopsie"""
76,51,FR100614,[EVENT_BEFORE_N/A_ACTUAL_POS] --(CONTAINS)--> [EVENT_BEFORE_N/A_ACTUAL_POS] | [EVENT_BEFORE_N/A_ACTUAL_POS] --(BEFORE)--> [EVENT_BEFORE_N/A_ACTUAL_POS],"""intervention"" --(CONTAINS)--> ""éviter"" | ""intervention"" --(BEFORE)--> ""résection"""
76,51,FR100620,[EVENT_BEFORE_N/A_ACTUAL_POS] --(CONTAINS)--> [EVENT_BEFORE_N/A_ACTUAL_POS] | [EVENT_BEFORE_N/A_ACTUAL_POS] --(BEFORE)--> [EVENT_BEFORE_N/A_ACTUAL_POS],"""bilan"" --(CONTAINS)--> ""pléthysmographie"" | ""bilan"" --(BEFORE)--> ""bilan"""
76,51,FR100629,[EVENT_BEFORE_N/A_ACTUAL_POS] --(CONTAINS)--> [EVENT_BEFORE_N/A_ACTUAL_POS] | [EVENT_BEFORE_N/A_ACTUAL_POS] --(BEFORE)--> [EVENT_BEFORE_N/A_ACTUAL_POS],"""thoracoscopie"" --(CONTAINS)--> ""immuno histochimie"" | ""thoracoscopie"" --(BEFORE)--> ""marquage"""
76,51,FR100632,[EVENT_BEFORE_N/A_ACTUAL_POS] --(CONTAINS)--> [EVENT_BEFORE_N/A_ACTUAL_POS] | [EVENT_BEFORE_N/A_ACTUAL_POS] --(BEFORE)--> [EVENT_BEFORE_N/A_ACTUAL_POS],"""étude"" --(CONTAINS)--> ""culture"" | ""étude"" --(BEFORE)--> ""numération"""
76,51,FR100658,[EVENT_BEFORE_N/A_ACTUAL_POS] --(CONTAINS)--> [EVENT_BEFORE_N/A_ACTUAL_POS] | [EVENT_BEFORE_N/A_ACTUAL_POS] --(BEFORE)--> [EVENT_BEFORE_N/A_ACTUAL_POS],"""auscultation"" --(CONTAINS)--> ""pression"" | ""auscultation"" --(BEFORE)--> ""examens"""
76,51,FR100663,[EVENT_BEFORE_N/A_ACTUAL_POS] --(CONTAINS)--> [EVENT_BEFORE_N/A_ACTUAL_POS] | [EVENT_BEFORE_N/A_ACTUAL_POS] --(BEFORE)--> [EVENT_BEFORE_N/A_ACTUAL_POS],"""traitement"" --(CONTAINS)--> ""ouverture"" | ""traitement"" --(BEFORE)--> ""exploration"""
76,51,FR100666,[EVENT_BEFORE_N/A_ACTUAL_POS] --(CONTAINS)--> [EVENT_BEFORE_N/A_ACTUAL_POS] | [EVENT_BEFORE_N/A_ACTUAL_POS] --(BEFORE)--> [EVENT_BEFORE_N/A_ACTUAL_POS],"""polychimiothérapie"" --(CONTAINS)--> ""COP"" | ""polychimiothérapie"" --(BEFORE)--> ""COPADEM"""
76,51,FR100688,[EVENT_BEFORE_N/A_ACTUAL_POS] --(CONTAINS)--> [EVENT_BEFORE_N/A_ACTUAL_POS] | [EVENT_BEFORE_N/A_ACTUAL_POS] --(BEFORE)--> [EVENT_BEFORE_N/A_ACTUAL_POS],"""traitement"" --(CONTAINS)--> ""phase"" | ""traitement"" --(BEFORE)--> ""évolution"""
76,51,FR100689,[EVENT_BEFORE_N/A_ACTUAL_POS] --(CONTAINS)--> [EVENT_BEFORE_N/A_ACTUAL_POS] | [EVENT_BEFORE_N/A_ACTUAL_POS] --(BEFORE)--> [EVENT_BEFORE_N/A_ACTUAL_POS],"""IRM"" --(CONTAINS)--> ""injection"" | ""IRM"" --(BEFORE)--> ""étude"""
76,51,FR100697,[EVENT_BEFORE_N/A_ACTUAL_POS] --(CONTAINS)--> [EVENT_BEFORE_N/A_ACTUAL_POS] | [EVENT_BEFORE_N/A_ACTUAL_POS] --(BEFORE)--> [EVENT_BEFORE_N/A_ACTUAL_POS],"""bilan"" --(CONTAINS)--> ""biopsie"" | ""bilan"" --(BEFORE)--> ""test"""
76,51,FR100708,[EVENT_BEFORE_N/A_ACTUAL_POS] --(CONTAINS)--> [EVENT_BEFORE_N/A_ACTUAL_POS] | [EVENT_BEFORE_N/A_ACTUAL_POS] --(BEFORE)--> [EVENT_BEFORE_N/A_ACTUAL_POS],"""ponction"" --(CONTAINS)--> ""ramenant"" | ""ponction"" --(BEFORE)--> ""étude"""
76,51,FR100748,[EVENT_BEFORE_N/A_ACTUAL_POS] --(CONTAINS)--> [EVENT_BEFORE_N/A_ACTUAL_POS] | [EVENT_BEFORE_N/A_ACTUAL_POS] --(BEFORE)--> [EVENT_BEFORE_N/A_ACTUAL_POS],"""préparation"" --(CONTAINS)--> ""laxatifs"" | ""préparation"" --(BEFORE)--> ""salle"""
76,51,FR100766,[EVENT_BEFORE_N/A_ACTUAL_POS] --(CONTAINS)--> [EVENT_BEFORE_N/A_ACTUAL_POS] | [EVENT_BEFORE_N/A_ACTUAL_POS] --(BEFORE)--> [EVENT_BEFORE_N/A_ACTUAL_POS],"""amputation"" --(CONTAINS)--> ""confection"" | ""amputation"" --(BEFORE)--> ""propre"""
76,51,FR100780,[EVENT_BEFORE_N/A_ACTUAL_POS] --(CONTAINS)--> [EVENT_BEFORE_N/A_ACTUAL_POS] | [EVENT_BEFORE_N/A_ACTUAL_POS] --(BEFORE)--> [EVENT_BEFORE_N/A_ACTUAL_POS],"""examen"" --(CONTAINS)--> ""température"" | ""examen"" --(BEFORE)--> ""toucher"""
76,51,FR100806,[EVENT_BEFORE_N/A_ACTUAL_POS] --(CONTAINS)--> [EVENT_BEFORE_N/A_ACTUAL_POS] | [EVENT_BEFORE_N/A_ACTUAL_POS] --(BEFORE)--> [EVENT_BEFORE_N/A_ACTUAL_POS],"""biologie"" --(CONTAINS)--> ""NFS"" | ""biologie"" --(BEFORE)--> ""hospitalisée"""
76,51,FR100814,[EVENT_BEFORE_N/A_ACTUAL_POS] --(CONTAINS)--> [EVENT_BEFORE_N/A_ACTUAL_POS] | [EVENT_BEFORE_N/A_ACTUAL_POS] --(BEFORE)--> [EVENT_BEFORE_N/A_ACTUAL_POS],"""IRM"" --(CONTAINS)--> ""injection"" | ""IRM"" --(BEFORE)--> ""diagnostic"""
76,51,FR100826,[EVENT_BEFORE_N/A_ACTUAL_POS] --(CONTAINS)--> [EVENT_BEFORE_N/A_ACTUAL_POS] | [EVENT_BEFORE_N/A_ACTUAL_POS] --(BEFORE)--> [EVENT_BEFORE_N/A_ACTUAL_POS],"""bilan"" --(CONTAINS)--> ""tomodensitométrie"" | ""bilan"" --(BEFORE)--> ""bilan"""
76,51,FR100845,[EVENT_BEFORE_N/A_ACTUAL_POS] --(CONTAINS)--> [EVENT_BEFORE_N/A_ACTUAL_POS] | [EVENT_BEFORE_N/A_ACTUAL_POS] --(BEFORE)--> [EVENT_BEFORE_N/A_ACTUAL_POS],"""examen"" --(CONTAINS)--> ""toucher"" | ""examen"" --(BEFORE)--> ""échographie"""
76,51,FR100849,[EVENT_BEFORE_N/A_ACTUAL_POS] --(CONTAINS)--> [EVENT_BEFORE_N/A_ACTUAL_POS] | [EVENT_BEFORE_N/A_ACTUAL_POS] --(BEFORE)--> [EVENT_BEFORE_N/A_ACTUAL_POS],"""admission"" --(CONTAINS)--> ""examen"" | ""admission"" --(BEFORE)--> ""tomodensitométrie"""
76,51,FR100870,[EVENT_BEFORE_N/A_ACTUAL_POS] --(CONTAINS)--> [EVENT_BEFORE_N/A_ACTUAL_POS] | [EVENT_BEFORE_N/A_ACTUAL_POS] --(BEFORE)--> [EVENT_BEFORE_N/A_ACTUAL_POS],"""électrophorèse"" --(CONTAINS)--> ""découverte"" | ""électrophorèse"" --(BEFORE)--> ""immunosoustraction"""
76,51,FR100874,[EVENT_BEFORE_N/A_ACTUAL_POS] --(CONTAINS)--> [EVENT_BEFORE_N/A_ACTUAL_POS] | [EVENT_BEFORE_N/A_ACTUAL_POS] --(BEFORE)--> [EVENT_BEFORE_N/A_ACTUAL_POS],"""admission"" --(CONTAINS)--> ""interrogatoire"" | ""admission"" --(BEFORE)--> ""examen"""
76,51,FR100903,[EVENT_BEFORE_N/A_ACTUAL_POS] --(CONTAINS)--> [EVENT_BEFORE_N/A_ACTUAL_POS] | [EVENT_BEFORE_N/A_ACTUAL_POS] --(BEFORE)--> [EVENT_BEFORE_N/A_ACTUAL_POS],"""contrôles"" --(CONTAINS)--> ""biométrie"" | ""contrôles"" --(BEFORE)--> ""accouchement"""
76,51,FR100919,[EVENT_BEFORE_N/A_ACTUAL_POS] --(CONTAINS)--> [EVENT_BEFORE_N/A_ACTUAL_POS] | [EVENT_BEFORE_N/A_ACTUAL_POS] --(BEFORE)--> [EVENT_BEFORE_N/A_ACTUAL_POS],"""correction"" --(CONTAINS)--> ""injection"" | ""correction"" --(BEFORE)--> ""adressée"""
76,51,FR100946,[EVENT_BEFORE_N/A_ACTUAL_POS] --(CONTAINS)--> [EVENT_BEFORE_N/A_ACTUAL_POS] | [EVENT_BEFORE_N/A_ACTUAL_POS] --(BEFORE)--> [EVENT_BEFORE_N/A_ACTUAL_POS],"""IRM"" --(CONTAINS)--> ""prise"" | ""IRM"" --(BEFORE)--> ""analyse"""
76,51,FR100959,[EVENT_BEFORE_N/A_ACTUAL_POS] --(CONTAINS)--> [EVENT_BEFORE_N/A_ACTUAL_POS] | [EVENT_BEFORE_N/A_ACTUAL_POS] --(BEFORE)--> [EVENT_BEFORE_N/A_ACTUAL_POS],"""œsophagoscopie"" --(CONTAINS)--> ""permis"" | ""œsophagoscopie"" --(BEFORE)--> ""Transit"""
76,51,FR100998,[EVENT_BEFORE_N/A_ACTUAL_POS] --(CONTAINS)--> [EVENT_BEFORE_N/A_ACTUAL_POS] | [EVENT_BEFORE_N/A_ACTUAL_POS] --(BEFORE)--> [EVENT_BEFORE_N/A_ACTUAL_POS],"""traitée"" --(CONTAINS)--> ""cures"" | ""traitée"" --(BEFORE)--> ""bilan"""
173,50,FR100003,[EVENT_BEFORE_N/A_ACTUAL_POS] --(BEFORE)--> [EVENT_BEFORE_N/A_ACTUAL_POS] | [EVENT_BEFORE_N/A_ACTUAL_POS] --(BEFORE)--> [EVENT_BEFORE_N/A_ACTUAL_POS],"""drainage"" --(BEFORE)--> ""traitement"" | ""drainage"" --(BEFORE)--> ""extraction"""
173,50,FR100120,[EVENT_BEFORE_N/A_ACTUAL_POS] --(BEFORE)--> [EVENT_BEFORE_N/A_ACTUAL_POS] | [EVENT_BEFORE_N/A_ACTUAL_POS] --(BEFORE)--> [EVENT_BEFORE_N/A_ACTUAL_POS],"""reste"" --(BEFORE)--> ""traitement"" | ""reste"" --(BEFORE)--> ""bilan"""
173,50,FR100130,[EVENT_BEFORE_N/A_ACTUAL_POS] --(BEFORE)--> [EVENT_BEFORE_N/A_ACTUAL_POS] | [EVENT_BEFORE_N/A_ACTUAL_POS] --(BEFORE)--> [EVENT_BEFORE_N/A_ACTUAL_POS],"""glycémie"" --(BEFORE)--> ""bilan"" | ""glycémie"" --(BEFORE)--> ""confirmé"""
173,50,FR100142,[EVENT_BEFORE_N/A_ACTUAL_POS] --(BEFORE)--> [EVENT_BEFORE_N/A_ACTUAL_POS] | [EVENT_BEFORE_N/A_ACTUAL_POS] --(BEFORE)--> [EVENT_BEFORE_N/A_ACTUAL_POS],"""fibroscopie"" --(BEFORE)--> ""biopsie"" | ""fibroscopie"" --(BEFORE)--> ""colonoscopie"""
173,50,FR100161,[EVENT_BEFORE_N/A_ACTUAL_POS] --(BEFORE)--> [EVENT_BEFORE_N/A_ACTUAL_POS] | [EVENT_BEFORE_N/A_ACTUAL_POS] --(BEFORE)--> [EVENT_BEFORE_N/A_ACTUAL_POS],"""cortisol"" --(BEFORE)--> ""dérivés"" | ""cortisol"" --(BEFORE)--> ""exérèse"""
173,50,FR100168,[EVENT_BEFORE_N/A_ACTUAL_POS] --(BEFORE)--> [EVENT_BEFORE_N/A_ACTUAL_POS] | [EVENT_BEFORE_N/A_ACTUAL_POS] --(BEFORE)--> [EVENT_BEFORE_N/A_ACTUAL_POS],"""examen"" --(BEFORE)--> ""bilan"" | ""examen"" --(BEFORE)--> ""ostéosynthèse"""
173,50,FR100255,[EVENT_BEFORE_N/A_ACTUAL_POS] --(BEFORE)--> [EVENT_BEFORE_N/A_ACTUAL_POS] | [EVENT_BEFORE_N/A_ACTUAL_POS] --(BEFORE)--> [EVENT_BEFORE_N/A_ACTUAL_POS],"""mise"" --(BEFORE)--> ""oxygénothérapie"" | ""mise"" --(BEFORE)--> ""traitement"""
173,50,FR100276,[EVENT_BEFORE_N/A_ACTUAL_POS] --(BEFORE)--> [EVENT_BEFORE_N/A_ACTUAL_POS] | [EVENT_BEFORE_N/A_ACTUAL_POS] --(BEFORE)--> [EVENT_BEFORE_N/A_ACTUAL_POS],"""accouchement"" --(BEFORE)--> ""reste"" | ""accouchement"" --(BEFORE)--> ""poids"""
173,50,FR100282,[EVENT_BEFORE_N/A_ACTUAL_POS] --(BEFORE)--> [EVENT_BEFORE_N/A_ACTUAL_POS] | [EVENT_BEFORE_N/A_ACTUAL_POS] --(BEFORE)--> [EVENT_BEFORE_N/A_ACTUAL_POS],"""monothérapie"" --(BEFORE)--> ""consulte"" | ""monothérapie"" --(BEFORE)--> ""multithérapie"""
173,50,FR100283,[EVENT_BEFORE_N/A_ACTUAL_POS] --(BEFORE)--> [EVENT_BEFORE_N/A_ACTUAL_POS] | [EVENT_BEFORE_N/A_ACTUAL_POS] --(BEFORE)--> [EVENT_BEFORE_N/A_ACTUAL_POS],"""bilan"" --(BEFORE)--> ""IRM"" | ""bilan"" --(BEFORE)--> ""ponction"""
173,50,FR100344,[EVENT_BEFORE_N/A_ACTUAL_POS] --(BEFORE)--> [EVENT_BEFORE_N/A_ACTUAL_POS] | [EVENT_BEFORE_N/A_ACTUAL_POS] --(BEFORE)--> [EVENT_BEFORE_N/A_ACTUAL_POS],"""développé"" --(BEFORE)--> ""contrôle"" | ""développé"" --(BEFORE)--> ""suivie"""
173,50,FR100360,[EVENT_BEFORE_N/A_ACTUAL_POS] --(BEFORE)--> [EVENT_BEFORE_N/A_ACTUAL_POS] | [EVENT_BEFORE_N/A_ACTUAL_POS] --(BEFORE)--> [EVENT_BEFORE_N/A_ACTUAL_POS],"""biopsie"" --(BEFORE)--> ""étude"" | ""biopsie"" --(BEFORE)--> ""tomodensitométrie"""
173,50,FR100371,[EVENT_BEFORE_N/A_ACTUAL_POS] --(BEFORE)--> [EVENT_BEFORE_N/A_ACTUAL_POS] | [EVENT_BEFORE_N/A_ACTUAL_POS] --(BEFORE)--> [EVENT_BEFORE_N/A_ACTUAL_POS],"""envoyée"" --(BEFORE)--> ""examen"" | ""envoyée"" --(BEFORE)--> ""résultat"""
173,50,FR100400,[EVENT_BEFORE_N/A_ACTUAL_POS] --(BEFORE)--> [EVENT_BEFORE_N/A_ACTUAL_POS] | [EVENT_BEFORE_N/A_ACTUAL_POS] --(BEFORE)--> [EVENT_BEFORE_N/A_ACTUAL_POS],"""diagnostic"" --(BEFORE)--> ""exploration"" | ""diagnostic"" --(BEFORE)--> ""opérée"""
173,50,FR100439,[EVENT_BEFORE_N/A_ACTUAL_POS] --(BEFORE)--> [EVENT_BEFORE_N/A_ACTUAL_POS] | [EVENT_BEFORE_N/A_ACTUAL_POS] --(BEFORE)--> [EVENT_BEFORE_N/A_ACTUAL_POS],"""analyse"" --(BEFORE)--> ""demandée"" | ""analyse"" --(BEFORE)--> ""exploration"""
173,50,FR100480,[EVENT_BEFORE_N/A_ACTUAL_POS] --(BEFORE)--> [EVENT_BEFORE_N/A_ACTUAL_POS] | [EVENT_BEFORE_N/A_ACTUAL_POS] --(BEFORE)--> [EVENT_BEFORE_N/A_ACTUAL_POS],"""bilan"" --(BEFORE)--> ""biopsie"" | ""bilan"" --(BEFORE)--> ""analyse"""
173,50,FR100510,[EVENT_BEFORE_N/A_ACTUAL_POS] --(BEFORE)--> [EVENT_BEFORE_N/A_ACTUAL_POS] | [EVENT_BEFORE_N/A_ACTUAL_POS] --(BEFORE)--> [EVENT_BEFORE_N/A_ACTUAL_POS],"""décision"" --(BEFORE)--> ""exerce"" | ""décision"" --(BEFORE)--> ""intervention"""
173,50,FR100515,[EVENT_BEFORE_N/A_ACTUAL_POS] --(BEFORE)--> [EVENT_BEFORE_N/A_ACTUAL_POS] | [EVENT_BEFORE_N/A_ACTUAL_POS] --(BEFORE)--> [EVENT_BEFORE_N/A_ACTUAL_POS],"""résistance"" --(BEFORE)--> ""traitement"" | ""résistance"" --(BEFORE)--> ""évolution"""
173,50,FR100519,[EVENT_BEFORE_N/A_ACTUAL_POS] --(BEFORE)--> [EVENT_BEFORE_N/A_ACTUAL_POS] | [EVENT_BEFORE_N/A_ACTUAL_POS] --(BEFORE)--> [EVENT_BEFORE_N/A_ACTUAL_POS],"""admise"" --(BEFORE)--> ""admise"" | ""admise"" --(BEFORE)--> ""évolution"""
173,50,FR100579,[EVENT_BEFORE_N/A_ACTUAL_POS] --(BEFORE)--> [EVENT_BEFORE_N/A_ACTUAL_POS] | [EVENT_BEFORE_N/A_ACTUAL_POS] --(BEFORE)--> [EVENT_BEFORE_N/A_ACTUAL_POS],"""bilan"" --(BEFORE)--> ""étude"" | ""bilan"" --(BEFORE)--> ""recherche"""
173,50,FR100589,[EVENT_BEFORE_N/A_ACTUAL_POS] --(BEFORE)--> [EVENT_BEFORE_N/A_ACTUAL_POS] | [EVENT_BEFORE_N/A_ACTUAL_POS] --(BEFORE)--> [EVENT_BEFORE_N/A_ACTUAL_POS],"""caryotype"" --(BEFORE)--> ""biopsie"" | ""caryotype"" --(BEFORE)--> ""sérologie"""
173,50,FR100597,[EVENT_BEFORE_N/A_ACTUAL_POS] --(BEFORE)--> [EVENT_BEFORE_N/A_ACTUAL_POS] | [EVENT_BEFORE_N/A_ACTUAL_POS] --(BEFORE)--> [EVENT_BEFORE_N/A_ACTUAL_POS],"""fibroscopie"" --(BEFORE)--> ""coloscopie"" | ""fibroscopie"" --(BEFORE)--> ""marqueurs"""
173,50,FR100611,[EVENT_BEFORE_N/A_ACTUAL_POS] --(BEFORE)--> [EVENT_BEFORE_N/A_ACTUAL_POS] | [EVENT_BEFORE_N/A_ACTUAL_POS] --(BEFORE)--> [EVENT_BEFORE_N/A_ACTUAL_POS],"""examen"" --(BEFORE)--> ""cultures"" | ""examen"" --(BEFORE)--> ""PCR"""
173,50,FR100614,[EVENT_BEFORE_N/A_ACTUAL_POS] --(BEFORE)--> [EVENT_BEFORE_N/A_ACTUAL_POS] | [EVENT_BEFORE_N/A_ACTUAL_POS] --(BEFORE)--> [EVENT_BEFORE_N/A_ACTUAL_POS],"""radiographie"" --(BEFORE)--> ""taux"" | ""radiographie"" --(BEFORE)--> ""échographie"""
173,50,FR100620,[EVENT_BEFORE_N/A_ACTUAL_POS] --(BEFORE)--> [EVENT_BEFORE_N/A_ACTUAL_POS] | [EVENT_BEFORE_N/A_ACTUAL_POS] --(BEFORE)--> [EVENT_BEFORE_N/A_ACTUAL_POS],"""pleurodèse"" --(BEFORE)--> ""biopsie"" | ""pleurodèse"" --(BEFORE)--> ""biopsie"""
173,50,FR100623,[EVENT_BEFORE_N/A_ACTUAL_POS] --(BEFORE)--> [EVENT_BEFORE_N/A_ACTUAL_POS] | [EVENT_BEFORE_N/A_ACTUAL_POS] --(BEFORE)--> [EVENT_BEFORE_N/A_ACTUAL_POS],"""examen"" --(BEFORE)--> ""bilan"" | ""examen"" --(BEFORE)--> ""échographie"""
173,50,FR100629,[EVENT_BEFORE_N/A_ACTUAL_POS] --(BEFORE)--> [EVENT_BEFORE_N/A_ACTUAL_POS] | [EVENT_BEFORE_N/A_ACTUAL_POS] --(BEFORE)--> [EVENT_BEFORE_N/A_ACTUAL_POS],"""radiographie"" --(BEFORE)--> ""thoracoscopie"" | ""radiographie"" --(BEFORE)--> ""TDM"""
173,50,FR100632,[EVENT_BEFORE_N/A_ACTUAL_POS] --(BEFORE)--> [EVENT_BEFORE_N/A_ACTUAL_POS] | [EVENT_BEFORE_N/A_ACTUAL_POS] --(BEFORE)--> [EVENT_BEFORE_N/A_ACTUAL_POS],"""radiographie"" --(BEFORE)--> ""examen"" | ""radiographie"" --(BEFORE)--> ""tomodensitométrie"""
173,50,FR100663,[EVENT_BEFORE_N/A_ACTUAL_POS] --(BEFORE)--> [EVENT_BEFORE_N/A_ACTUAL_POS] | [EVENT_BEFORE_N/A_ACTUAL_POS] --(BEFORE)--> [EVENT_BEFORE_N/A_ACTUAL_POS],"""tenté"" --(BEFORE)--> ""contrôle"" | ""tenté"" --(BEFORE)--> ""bilan"""
173,50,FR100666,[EVENT_BEFORE_N/A_ACTUAL_POS] --(BEFORE)--> [EVENT_BEFORE_N/A_ACTUAL_POS] | [EVENT_BEFORE_N/A_ACTUAL_POS] --(BEFORE)--> [EVENT_BEFORE_N/A_ACTUAL_POS],"""biopsie"" --(BEFORE)--> ""examen"" | ""biopsie"" --(BEFORE)--> ""étude"""
173,50,FR100683,[EVENT_BEFORE_N/A_ACTUAL_POS] --(BEFORE)--> [EVENT_BEFORE_N/A_ACTUAL_POS] | [EVENT_BEFORE_N/A_ACTUAL_POS] --(BEFORE)--> [EVENT_BEFORE_N/A_ACTUAL_POS],"""osteodensitométrie"" --(BEFORE)--> ""IRM"" | ""osteodensitométrie"" --(BEFORE)--> ""traitée"""
173,50,FR100688,[EVENT_BEFORE_N/A_ACTUAL_POS] --(BEFORE)--> [EVENT_BEFORE_N/A_ACTUAL_POS] | [EVENT_BEFORE_N/A_ACTUAL_POS] --(BEFORE)--> [EVENT_BEFORE_N/A_ACTUAL_POS],"""sérologie"" --(BEFORE)--> ""intradermoréaction"" | ""sérologie"" --(BEFORE)--> ""radiographie"""
173,50,FR100689,[EVENT_BEFORE_N/A_ACTUAL_POS] --(BEFORE)--> [EVENT_BEFORE_N/A_ACTUAL_POS] | [EVENT_BEFORE_N/A_ACTUAL_POS] --(BEFORE)--> [EVENT_BEFORE_N/A_ACTUAL_POS],"""demandé"" --(BEFORE)--> ""examen"" | ""demandé"" --(BEFORE)--> ""avis"""
173,50,FR100697,[EVENT_BEFORE_N/A_ACTUAL_POS] --(BEFORE)--> [EVENT_BEFORE_N/A_ACTUAL_POS] | [EVENT_BEFORE_N/A_ACTUAL_POS] --(BEFORE)--> [EVENT_BEFORE_N/A_ACTUAL_POS],"""examen"" --(BEFORE)--> ""mammographie"" | ""examen"" --(BEFORE)--> ""reste"""
173,50,FR100708,[EVENT_BEFORE_N/A_ACTUAL_POS] --(BEFORE)--> [EVENT_BEFORE_N/A_ACTUAL_POS] | [EVENT_BEFORE_N/A_ACTUAL_POS] --(BEFORE)--> [EVENT_BEFORE_N/A_ACTUAL_POS],"""demandée"" --(BEFORE)--> ""IRM"" | ""demandée"" --(BEFORE)--> ""tests"""
173,50,FR100748,[EVENT_BEFORE_N/A_ACTUAL_POS] --(BEFORE)--> [EVENT_BEFORE_N/A_ACTUAL_POS] | [EVENT_BEFORE_N/A_ACTUAL_POS] --(BEFORE)--> [EVENT_BEFORE_N/A_ACTUAL_POS],"""chiffres"" --(BEFORE)--> ""Nicardipine"" | ""chiffres"" --(BEFORE)--> ""hydroxyzine"""
173,50,FR100766,[EVENT_BEFORE_N/A_ACTUAL_POS] --(BEFORE)--> [EVENT_BEFORE_N/A_ACTUAL_POS] | [EVENT_BEFORE_N/A_ACTUAL_POS] --(BEFORE)--> [EVENT_BEFORE_N/A_ACTUAL_POS],"""retenu"" --(BEFORE)--> ""traitement"" | ""retenu"" --(BEFORE)--> ""bénéficié"""
173,50,FR100780,[EVENT_BEFORE_N/A_ACTUAL_POS] --(BEFORE)--> [EVENT_BEFORE_N/A_ACTUAL_POS] | [EVENT_BEFORE_N/A_ACTUAL_POS] --(BEFORE)--> [EVENT_BEFORE_N/A_ACTUAL_POS],"""geste"" --(BEFORE)--> ""geste"" | ""geste"" --(BEFORE)--> ""accouchement"""
173,50,FR100806,[EVENT_BEFORE_N/A_ACTUAL_POS] --(BEFORE)--> [EVENT_BEFORE_N/A_ACTUAL_POS] | [EVENT_BEFORE_N/A_ACTUAL_POS] --(BEFORE)--> [EVENT_BEFORE_N/A_ACTUAL_POS],"""hospitalisée"" --(BEFORE)--> ""transfusion"" | ""hospitalisée"" --(BEFORE)--> ""hémodialyse"""
173,50,FR100826,[EVENT_BEFORE_N/A_ACTUAL_POS] --(BEFORE)--> [EVENT_BEFORE_N/A_ACTUAL_POS] | [EVENT_BEFORE_N/A_ACTUAL_POS] --(BEFORE)--> [EVENT_BEFORE_N/A_ACTUAL_POS],"""admis"" --(BEFORE)--> ""don"" | ""admis"" --(BEFORE)--> ""examen"""
173,50,FR100845,[EVENT_BEFORE_N/A_ACTUAL_POS] --(BEFORE)--> [EVENT_BEFORE_N/A_ACTUAL_POS] | [EVENT_BEFORE_N/A_ACTUAL_POS] --(BEFORE)--> [EVENT_BEFORE_N/A_ACTUAL_POS],"""extraction"" --(BEFORE)--> ""examen"" | ""extraction"" --(BEFORE)--> ""Apgar"""
173,50,FR100870,[EVENT_BEFORE_N/A_ACTUAL_POS] --(BEFORE)--> [EVENT_BEFORE_N/A_ACTUAL_POS] | [EVENT_BEFORE_N/A_ACTUAL_POS] --(BEFORE)--> [EVENT_BEFORE_N/A_ACTUAL_POS],"""immunosoustraction"" --(BEFORE)--> ""immunofixation"" | ""immunosoustraction"" --(BEFORE)--> ""typer"""
173,50,FR100882,[EVENT_BEFORE_N/A_ACTUAL_POS] --(BEFORE)--> [EVENT_BEFORE_N/A_ACTUAL_POS] | [EVENT_BEFORE_N/A_ACTUAL_POS] --(BEFORE)--> [EVENT_BEFORE_N/A_ACTUAL_POS],"""laminectomie"" --(BEFORE)--> ""suites"" | ""laminectomie"" --(BEFORE)--> ""Imagerie"""
173,50,FR100883,[EVENT_BEFORE_N/A_ACTUAL_POS] --(BEFORE)--> [EVENT_BEFORE_N/A_ACTUAL_POS] | [EVENT_BEFORE_N/A_ACTUAL_POS] --(BEFORE)--> [EVENT_BEFORE_N/A_ACTUAL_POS],"""bilan"" --(BEFORE)--> ""sérologie"" | ""bilan"" --(BEFORE)--> ""reçu"""
173,50,FR100894,[EVENT_BEFORE_N/A_ACTUAL_POS] --(BEFORE)--> [EVENT_BEFORE_N/A_ACTUAL_POS] | [EVENT_BEFORE_N/A_ACTUAL_POS] --(BEFORE)--> [EVENT_BEFORE_N/A_ACTUAL_POS],"""rejoint"" --(BEFORE)--> ""trajet"" | ""rejoint"" --(BEFORE)--> ""reçu"""
173,50,FR100903,[EVENT_BEFORE_N/A_ACTUAL_POS] --(BEFORE)--> [EVENT_BEFORE_N/A_ACTUAL_POS] | [EVENT_BEFORE_N/A_ACTUAL_POS] --(BEFORE)--> [EVENT_BEFORE_N/A_ACTUAL_POS],"""écarté"" --(BEFORE)--> ""contrôles"" | ""écarté"" --(BEFORE)--> ""réfléchir"""
173,50,FR100919,[EVENT_BEFORE_N/A_ACTUAL_POS] --(BEFORE)--> [EVENT_BEFORE_N/A_ACTUAL_POS] | [EVENT_BEFORE_N/A_ACTUAL_POS] --(BEFORE)--> [EVENT_BEFORE_N/A_ACTUAL_POS],"""correction"" --(BEFORE)--> ""adressée"" | ""correction"" --(BEFORE)--> ""normalisation"""
173,50,FR100932,[EVENT_BEFORE_N/A_ACTUAL_POS] --(BEFORE)--> [EVENT_BEFORE_N/A_ACTUAL_POS] | [EVENT_BEFORE_N/A_ACTUAL_POS] --(BEFORE)--> [EVENT_BEFORE_N/A_ACTUAL_POS],"""mise"" --(BEFORE)--> ""installation"" | ""mise"" --(BEFORE)--> ""imagerie"""
173,50,FR100946,[EVENT_BEFORE_N/A_ACTUAL_POS] --(BEFORE)--> [EVENT_BEFORE_N/A_ACTUAL_POS] | [EVENT_BEFORE_N/A_ACTUAL_POS] --(BEFORE)--> [EVENT_BEFORE_N/A_ACTUAL_POS],"""mise"" --(BEFORE)--> ""exérèse"" | ""mise"" --(BEFORE)--> ""analyse"""
173,50,FR100979,[EVENT_BEFORE_N/A_ACTUAL_POS] --(BEFORE)--> [EVENT_BEFORE_N/A_ACTUAL_POS] | [EVENT_BEFORE_N/A_ACTUAL_POS] --(BEFORE)--> [EVENT_BEFORE_N/A_ACTUAL_POS],"""admise"" --(BEFORE)--> ""accident"" | ""admise"" --(BEFORE)--> ""accident"""
84,49,FR100003,[EVENT_BEFORE_N/A_ACTUAL_POS] --(CONTAINS)--> [EVENT_BEFORE_N/A_ACTUAL_POS] | [EVENT_BEFORE_N/A_ACTUAL_POS] --(CONTAINS)--> [EVENT_BEFORE_N/A_ACTUAL_POS],"""bloc"" --(CONTAINS)--> ""thoracotomie"" | ""thoracotomie"" --(CONTAINS)--> ""drainer"""
84,49,FR100092,[EVENT_BEFORE_N/A_ACTUAL_POS] --(CONTAINS)--> [EVENT_BEFORE_N/A_ACTUAL_POS] | [EVENT_BEFORE_N/A_ACTUAL_POS] --(CONTAINS)--> [EVENT_BEFORE_N/A_ACTUAL_POS],"""hémopéritoine"" --(CONTAINS)--> ""exploration"" | ""exploration"" --(CONTAINS)--> ""grossesse"""
84,49,FR100120,[EVENT_BEFORE_N/A_ACTUAL_POS] --(CONTAINS)--> [EVENT_BEFORE_N/A_ACTUAL_POS] | [EVENT_BEFORE_N/A_ACTUAL_POS] --(CONTAINS)--> [EVENT_BEFORE_N/A_ACTUAL_POS],"""papules"" --(CONTAINS)--> ""consultation"" | ""consultation"" --(CONTAINS)--> ""examen"""
84,49,FR100130,[EVENT_BEFORE_N/A_ACTUAL_POS] --(CONTAINS)--> [EVENT_BEFORE_N/A_ACTUAL_POS] | [EVENT_BEFORE_N/A_ACTUAL_POS] --(CONTAINS)--> [EVENT_BEFORE_N/A_ACTUAL_POS],"""marqueurs"" --(CONTAINS)--> ""bilan"" | ""bilan"" --(CONTAINS)--> ""recherchée"""
84,49,FR100132,[EVENT_BEFORE_N/A_ACTUAL_POS] --(CONTAINS)--> [EVENT_BEFORE_N/A_ACTUAL_POS] | [EVENT_BEFORE_N/A_ACTUAL_POS] --(CONTAINS)--> [EVENT_BEFORE_N/A_ACTUAL_POS],"""baisse"" --(CONTAINS)--> ""consultation"" | ""consultation"" --(CONTAINS)--> ""référée"""
84,49,FR100142,[EVENT_BEFORE_N/A_ACTUAL_POS] --(CONTAINS)--> [EVENT_BEFORE_N/A_ACTUAL_POS] | [EVENT_BEFORE_N/A_ACTUAL_POS] --(CONTAINS)--> [EVENT_BEFORE_N/A_ACTUAL_POS],"""évolution"" --(CONTAINS)--> ""taux"" | ""taux"" --(CONTAINS)--> ""passé"""
84,49,FR100161,[EVENT_BEFORE_N/A_ACTUAL_POS] --(CONTAINS)--> [EVENT_BEFORE_N/A_ACTUAL_POS] | [EVENT_BEFORE_N/A_ACTUAL_POS] --(CONTAINS)--> [EVENT_BEFORE_N/A_ACTUAL_POS],"""cytolyse"" --(CONTAINS)--> ""examens"" | ""examens"" --(CONTAINS)--> ""Acti tests"""
84,49,FR100168,[EVENT_BEFORE_N/A_ACTUAL_POS] --(CONTAINS)--> [EVENT_BEFORE_N/A_ACTUAL_POS] | [EVENT_BEFORE_N/A_ACTUAL_POS] --(CONTAINS)--> [EVENT_BEFORE_N/A_ACTUAL_POS],"""prise"" --(CONTAINS)--> ""entretien"" | ""entretien"" --(CONTAINS)--> ""dévoiler"""
84,49,FR100275,[EVENT_BEFORE_N/A_ACTUAL_POS] --(CONTAINS)--> [EVENT_BEFORE_N/A_ACTUAL_POS] | [EVENT_BEFORE_N/A_ACTUAL_POS] --(CONTAINS)--> [EVENT_BEFORE_N/A_ACTUAL_POS],"""espace"" --(CONTAINS)--> ""électrocardiogramme"" | ""électrocardiogramme"" --(CONTAINS)--> ""rythme"""
84,49,FR100276,[EVENT_BEFORE_N/A_ACTUAL_POS] --(CONTAINS)--> [EVENT_BEFORE_N/A_ACTUAL_POS] | [EVENT_BEFORE_N/A_ACTUAL_POS] --(CONTAINS)--> [EVENT_BEFORE_N/A_ACTUAL_POS],"""récidive"" --(CONTAINS)--> ""consulté"" | ""consulté"" --(CONTAINS)--> ""incité"""
84,49,FR100283,[EVENT_BEFORE_N/A_ACTUAL_POS] --(CONTAINS)--> [EVENT_BEFORE_N/A_ACTUAL_POS] | [EVENT_BEFORE_N/A_ACTUAL_POS] --(CONTAINS)--> [EVENT_BEFORE_N/A_ACTUAL_POS],"""diplopie"" --(CONTAINS)--> ""consulté"" | ""consulté"" --(CONTAINS)--> ""examen"""
84,49,FR100296,[EVENT_BEFORE_N/A_ACTUAL_POS] --(CONTAINS)--> [EVENT_BEFORE_N/A_ACTUAL_POS] | [EVENT_BEFORE_N/A_ACTUAL_POS] --(CONTAINS)--> [EVENT_BEFORE_N/A_ACTUAL_POS],"""émergence"" --(CONTAINS)--> ""fenestration"" | ""fenestration"" --(CONTAINS)--> ""ablation"""
84,49,FR100346,[EVENT_BEFORE_N/A_ACTUAL_POS] --(CONTAINS)--> [EVENT_BEFORE_N/A_ACTUAL_POS] | [EVENT_BEFORE_N/A_ACTUAL_POS] --(CONTAINS)--> [EVENT_BEFORE_N/A_ACTUAL_POS],"""pouls"" --(CONTAINS)--> ""examen"" | ""examen"" --(CONTAINS)--> ""reste"""
84,49,FR100361,[EVENT_BEFORE_N/A_ACTUAL_POS] --(CONTAINS)--> [EVENT_BEFORE_N/A_ACTUAL_POS] | [EVENT_BEFORE_N/A_ACTUAL_POS] --(CONTAINS)--> [EVENT_BEFORE_N/A_ACTUAL_POS],"""agitée"" --(CONTAINS)--> ""examen"" | ""examen"" --(CONTAINS)--> ""mobilisait"""
84,49,FR100371,[EVENT_BEFORE_N/A_ACTUAL_POS] --(CONTAINS)--> [EVENT_BEFORE_N/A_ACTUAL_POS] | [EVENT_BEFORE_N/A_ACTUAL_POS] --(CONTAINS)--> [EVENT_BEFORE_N/A_ACTUAL_POS],"""nombre"" --(CONTAINS)--> ""bilan"" | ""bilan"" --(CONTAINS)--> ""bilan"""
84,49,FR100400,[EVENT_BEFORE_N/A_ACTUAL_POS] --(CONTAINS)--> [EVENT_BEFORE_N/A_ACTUAL_POS] | [EVENT_BEFORE_N/A_ACTUAL_POS] --(CONTAINS)--> [EVENT_BEFORE_N/A_ACTUAL_POS],"""kyste"" --(CONTAINS)--> ""étude"" | ""étude"" --(CONTAINS)--> ""conclu"""
84,49,FR100439,[EVENT_BEFORE_N/A_ACTUAL_POS] --(CONTAINS)--> [EVENT_BEFORE_N/A_ACTUAL_POS] | [EVENT_BEFORE_N/A_ACTUAL_POS] --(CONTAINS)--> [EVENT_BEFORE_N/A_ACTUAL_POS],"""obstruction"" --(CONTAINS)--> ""examen"" | ""examen"" --(CONTAINS)--> ""fibroscopie"""
84,49,FR100510,[EVENT_BEFORE_N/A_ACTUAL_POS] --(CONTAINS)--> [EVENT_BEFORE_N/A_ACTUAL_POS] | [EVENT_BEFORE_N/A_ACTUAL_POS] --(CONTAINS)--> [EVENT_BEFORE_N/A_ACTUAL_POS],"""lésion"" --(CONTAINS)--> ""examen"" | ""examen"" --(CONTAINS)--> ""caractéristiques"""
84,49,FR100515,[EVENT_BEFORE_N/A_ACTUAL_POS] --(CONTAINS)--> [EVENT_BEFORE_N/A_ACTUAL_POS] | [EVENT_BEFORE_N/A_ACTUAL_POS] --(CONTAINS)--> [EVENT_BEFORE_N/A_ACTUAL_POS],"""bilan"" --(CONTAINS)--> ""scanner"" | ""scanner"" --(CONTAINS)--> ""images"""
84,49,FR100519,[EVENT_BEFORE_N/A_ACTUAL_POS] --(CONTAINS)--> [EVENT_BEFORE_N/A_ACTUAL_POS] | [EVENT_BEFORE_N/A_ACTUAL_POS] --(CONTAINS)--> [EVENT_BEFORE_N/A_ACTUAL_POS],"""opacité"" --(CONTAINS)--> ""bilan"" | ""bilan"" --(CONTAINS)--> ""ECG"""
84,49,FR100589,[EVENT_BEFORE_N/A_ACTUAL_POS] --(CONTAINS)--> [EVENT_BEFORE_N/A_ACTUAL_POS] | [EVENT_BEFORE_N/A_ACTUAL_POS] --(CONTAINS)--> [EVENT_BEFORE_N/A_ACTUAL_POS],"""Performance"" --(CONTAINS)--> ""examen"" | ""examen"" --(CONTAINS)--> ""examen"""
84,49,FR100611,[EVENT_BEFORE_N/A_ACTUAL_POS] --(CONTAINS)--> [EVENT_BEFORE_N/A_ACTUAL_POS] | [EVENT_BEFORE_N/A_ACTUAL_POS] --(CONTAINS)--> [EVENT_BEFORE_N/A_ACTUAL_POS],"""micronodules"" --(CONTAINS)--> ""TDM"" | ""TDM"" --(CONTAINS)--> ""image"""
84,49,FR100620,[EVENT_BEFORE_N/A_ACTUAL_POS] --(CONTAINS)--> [EVENT_BEFORE_N/A_ACTUAL_POS] | [EVENT_BEFORE_N/A_ACTUAL_POS] --(CONTAINS)--> [EVENT_BEFORE_N/A_ACTUAL_POS],"""aspect"" --(CONTAINS)--> ""bronchoscopie"" | ""bronchoscopie"" --(CONTAINS)--> ""biopsies"""
84,49,FR100629,[EVENT_BEFORE_N/A_ACTUAL_POS] --(CONTAINS)--> [EVENT_BEFORE_N/A_ACTUAL_POS] | [EVENT_BEFORE_N/A_ACTUAL_POS] --(CONTAINS)--> [EVENT_BEFORE_N/A_ACTUAL_POS],"""douleur"" --(CONTAINS)--> ""examen"" | ""examen"" --(CONTAINS)--> ""examen"""
84,49,FR100632,[EVENT_BEFORE_N/A_ACTUAL_POS] --(CONTAINS)--> [EVENT_BEFORE_N/A_ACTUAL_POS] | [EVENT_BEFORE_N/A_ACTUAL_POS] --(CONTAINS)--> [EVENT_BEFORE_N/A_ACTUAL_POS],"""conscient"" --(CONTAINS)--> ""examen"" | ""examen"" --(CONTAINS)--> ""conservée"""
84,49,FR100658,[EVENT_BEFORE_N/A_ACTUAL_POS] --(CONTAINS)--> [EVENT_BEFORE_N/A_ACTUAL_POS] | [EVENT_BEFORE_N/A_ACTUAL_POS] --(CONTAINS)--> [EVENT_BEFORE_N/A_ACTUAL_POS],"""polyglobulie"" --(CONTAINS)--> ""examens"" | ""examens"" --(CONTAINS)--> ""numération"""
84,49,FR100666,[EVENT_BEFORE_N/A_ACTUAL_POS] --(CONTAINS)--> [EVENT_BEFORE_N/A_ACTUAL_POS] | [EVENT_BEFORE_N/A_ACTUAL_POS] --(CONTAINS)--> [EVENT_BEFORE_N/A_ACTUAL_POS],"""polychimiothérapie"" --(CONTAINS)--> ""COP"" | ""COP"" --(CONTAINS)--> ""prédnisone"""
84,49,FR100683,[EVENT_BEFORE_N/A_ACTUAL_POS] --(CONTAINS)--> [EVENT_BEFORE_N/A_ACTUAL_POS] | [EVENT_BEFORE_N/A_ACTUAL_POS] --(CONTAINS)--> [EVENT_BEFORE_N/A_ACTUAL_POS],"""galactorrhée"" --(CONTAINS)--> ""consulte"" | ""consulte"" --(CONTAINS)--> ""anamnèse"""
84,49,FR100688,[EVENT_BEFORE_N/A_ACTUAL_POS] --(CONTAINS)--> [EVENT_BEFORE_N/A_ACTUAL_POS] | [EVENT_BEFORE_N/A_ACTUAL_POS] --(CONTAINS)--> [EVENT_BEFORE_N/A_ACTUAL_POS],"""tuméfaction"" --(CONTAINS)--> ""consulté"" | ""consulté"" --(CONTAINS)--> ""examen"""
84,49,FR100689,[EVENT_BEFORE_N/A_ACTUAL_POS] --(CONTAINS)--> [EVENT_BEFORE_N/A_ACTUAL_POS] | [EVENT_BEFORE_N/A_ACTUAL_POS] --(CONTAINS)--> [EVENT_BEFORE_N/A_ACTUAL_POS],"""tendance"" --(CONTAINS)--> ""consultation"" | ""consultation"" --(CONTAINS)--> ""entretien"""
84,49,FR100748,[EVENT_BEFORE_N/A_ACTUAL_POS] --(CONTAINS)--> [EVENT_BEFORE_N/A_ACTUAL_POS] | [EVENT_BEFORE_N/A_ACTUAL_POS] --(CONTAINS)--> [EVENT_BEFORE_N/A_ACTUAL_POS],"""état"" --(CONTAINS)--> ""examen"" | ""examen"" --(CONTAINS)--> ""tension"""
84,49,FR100766,[EVENT_BEFORE_N/A_ACTUAL_POS] --(CONTAINS)--> [EVENT_BEFORE_N/A_ACTUAL_POS] | [EVENT_BEFORE_N/A_ACTUAL_POS] --(CONTAINS)--> [EVENT_BEFORE_N/A_ACTUAL_POS],"""adénocarcinome"" --(CONTAINS)--> ""opéré"" | ""opéré"" --(CONTAINS)--> ""amputation"""
84,49,FR100780,[EVENT_BEFORE_N/A_ACTUAL_POS] --(CONTAINS)--> [EVENT_BEFORE_N/A_ACTUAL_POS] | [EVENT_BEFORE_N/A_ACTUAL_POS] --(CONTAINS)--> [EVENT_BEFORE_N/A_ACTUAL_POS],"""tracé"" --(CONTAINS)--> ""étude"" | ""étude"" --(CONTAINS)--> ""rythme"""
84,49,FR100806,[EVENT_BEFORE_N/A_ACTUAL_POS] --(CONTAINS)--> [EVENT_BEFORE_N/A_ACTUAL_POS] | [EVENT_BEFORE_N/A_ACTUAL_POS] --(CONTAINS)--> [EVENT_BEFORE_N/A_ACTUAL_POS],"""IR"" --(CONTAINS)--> ""biologie"" | ""biologie"" --(CONTAINS)--> ""NFS"""
84,49,FR100814,[EVENT_BEFORE_N/A_ACTUAL_POS] --(CONTAINS)--> [EVENT_BEFORE_N/A_ACTUAL_POS] | [EVENT_BEFORE_N/A_ACTUAL_POS] --(CONTAINS)--> [EVENT_BEFORE_N/A_ACTUAL_POS],"""processus"" --(CONTAINS)--> ""IRM"" | ""IRM"" --(CONTAINS)--> ""injection"""
84,49,FR100826,[EVENT_BEFORE_N/A_ACTUAL_POS] --(CONTAINS)--> [EVENT_BEFORE_N/A_ACTUAL_POS] | [EVENT_BEFORE_N/A_ACTUAL_POS] --(CONTAINS)--> [EVENT_BEFORE_N/A_ACTUAL_POS],"""termine"" --(CONTAINS)--> ""bilan"" | ""bilan"" --(CONTAINS)--> ""tomodensitométrie"""
84,49,FR100845,[EVENT_BEFORE_N/A_ACTUAL_POS] --(CONTAINS)--> [EVENT_BEFORE_N/A_ACTUAL_POS] | [EVENT_BEFORE_N/A_ACTUAL_POS] --(CONTAINS)--> [EVENT_BEFORE_N/A_ACTUAL_POS],"""jumeaux"" --(CONTAINS)--> ""aspect"" | ""aspect"" --(CONTAINS)--> ""échographie"""
84,49,FR100849,[EVENT_BEFORE_N/A_ACTUAL_POS] --(CONTAINS)--> [EVENT_BEFORE_N/A_ACTUAL_POS] | [EVENT_BEFORE_N/A_ACTUAL_POS] --(CONTAINS)--> [EVENT_BEFORE_N/A_ACTUAL_POS],"""admission"" --(CONTAINS)--> ""examen"" | ""examen"" --(CONTAINS)--> ""reste"""
84,49,FR100874,[EVENT_BEFORE_N/A_ACTUAL_POS] --(CONTAINS)--> [EVENT_BEFORE_N/A_ACTUAL_POS] | [EVENT_BEFORE_N/A_ACTUAL_POS] --(CONTAINS)--> [EVENT_BEFORE_N/A_ACTUAL_POS],"""méléna"" --(CONTAINS)--> ""examen"" | ""examen"" --(CONTAINS)--> ""constantes"""
84,49,FR100882,[EVENT_BEFORE_N/A_ACTUAL_POS] --(CONTAINS)--> [EVENT_BEFORE_N/A_ACTUAL_POS] | [EVENT_BEFORE_N/A_ACTUAL_POS] --(CONTAINS)--> [EVENT_BEFORE_N/A_ACTUAL_POS],"""évolution"" --(CONTAINS)--> ""amélioration"" | ""amélioration"" --(CONTAINS)--> ""régression"""
84,49,FR100903,[EVENT_BEFORE_N/A_ACTUAL_POS] --(CONTAINS)--> [EVENT_BEFORE_N/A_ACTUAL_POS] | [EVENT_BEFORE_N/A_ACTUAL_POS] --(CONTAINS)--> [EVENT_BEFORE_N/A_ACTUAL_POS],"""protubérance"" --(CONTAINS)--> ""échographie"" | ""échographie"" --(CONTAINS)--> ""visualisation"""
84,49,FR100930,[EVENT_BEFORE_N/A_ACTUAL_POS] --(CONTAINS)--> [EVENT_BEFORE_N/A_ACTUAL_POS] | [EVENT_BEFORE_N/A_ACTUAL_POS] --(CONTAINS)--> [EVENT_BEFORE_N/A_ACTUAL_POS],"""trouble"" --(CONTAINS)--> ""admis"" | ""admis"" --(CONTAINS)--> ""recours"""
84,49,FR100944,[EVENT_BEFORE_N/A_ACTUAL_POS] --(CONTAINS)--> [EVENT_BEFORE_N/A_ACTUAL_POS] | [EVENT_BEFORE_N/A_ACTUAL_POS] --(CONTAINS)--> [EVENT_BEFORE_N/A_ACTUAL_POS],"""insuffisance"" --(CONTAINS)--> ""suivi"" | ""suivi"" --(CONTAINS)--> ""échocardiographique"""
84,49,FR100946,[EVENT_BEFORE_N/A_ACTUAL_POS] --(CONTAINS)--> [EVENT_BEFORE_N/A_ACTUAL_POS] | [EVENT_BEFORE_N/A_ACTUAL_POS] --(CONTAINS)--> [EVENT_BEFORE_N/A_ACTUAL_POS],"""œdème"" --(CONTAINS)--> ""IRM"" | ""IRM"" --(CONTAINS)--> ""prise"""
84,49,FR100959,[EVENT_BEFORE_N/A_ACTUAL_POS] --(CONTAINS)--> [EVENT_BEFORE_N/A_ACTUAL_POS] | [EVENT_BEFORE_N/A_ACTUAL_POS] --(CONTAINS)--> [EVENT_BEFORE_N/A_ACTUAL_POS],"""admis"" --(CONTAINS)--> ""œsophagoscopie"" | ""œsophagoscopie"" --(CONTAINS)--> ""extraction"""
84,49,FR100960,[EVENT_BEFORE_N/A_ACTUAL_POS] --(CONTAINS)--> [EVENT_BEFORE_N/A_ACTUAL_POS] | [EVENT_BEFORE_N/A_ACTUAL_POS] --(CONTAINS)--> [EVENT_BEFORE_N/A_ACTUAL_POS],"""consulté"" --(CONTAINS)--> ""étude"" | ""étude"" --(CONTAINS)--> ""localisation"""
84,49,FR100994,[EVENT_BEFORE_N/A_ACTUAL_POS] --(CONTAINS)--> [EVENT_BEFORE_N/A_ACTUAL_POS] | [EVENT_BEFORE_N/A_ACTUAL_POS] --(CONTAINS)--> [EVENT_BEFORE_N/A_ACTUAL_POS],"""observation"" --(CONTAINS)--> ""suivi"" | ""suivi"" --(CONTAINS)--> ""opéré"""
116,49,FR100003,[EVENT_BEFORE_N/A_ACTUAL_POS] --(BEFORE)--> [EVENT_BEFORE_N/A_ACTUAL_POS] | [EVENT_BEFORE_N/A_ACTUAL_POS] --(BEFORE)--> [EVENT_BEFORE_N/A_ACTUAL_POS] | [EVENT_BEFORE_N/A_ACTUAL_POS] --(BEFORE)--> [EVENT_BEFORE_N/A_ACTUAL_POS] | [EVENT_BEFORE_N/A_ACTUAL_POS] --(BEFORE)--> [EVENT_BEFORE_N/A_ACTUAL_POS],"""panoramique"" --(BEFORE)--> ""ponction"" | ""ponction"" --(BEFORE)--> ""examen"" | ""examen"" --(BEFORE)--> ""examen"" | ""examen"" --(BEFORE)--> ""antibiothérapie"""
116,49,FR100092,[EVENT_BEFORE_N/A_ACTUAL_POS] --(BEFORE)--> [EVENT_BEFORE_N/A_ACTUAL_POS] | [EVENT_BEFORE_N/A_ACTUAL_POS] --(BEFORE)--> [EVENT_BEFORE_N/A_ACTUAL_POS] | [EVENT_BEFORE_N/A_ACTUAL_POS] --(BEFORE)--> [EVENT_BEFORE_N/A_ACTUAL_POS] | [EVENT_BEFORE_N/A_ACTUAL_POS] --(BEFORE)--> [EVENT_BEFORE_N/A_ACTUAL_POS],"""admise"" --(BEFORE)--> ""examen"" | ""examen"" --(BEFORE)--> ""examen"" | ""examen"" --(BEFORE)--> ""examen"" | ""examen"" --(BEFORE)--> ""échographie"""
116,49,FR100130,[EVENT_BEFORE_N/A_ACTUAL_POS] --(BEFORE)--> [EVENT_BEFORE_N/A_ACTUAL_POS] | [EVENT_BEFORE_N/A_ACTUAL_POS] --(BEFORE)--> [EVENT_BEFORE_N/A_ACTUAL_POS] | [EVENT_BEFORE_N/A_ACTUAL_POS] --(BEFORE)--> [EVENT_BEFORE_N/A_ACTUAL_POS] | [EVENT_BEFORE_N/A_ACTUAL_POS] --(BEFORE)--> [EVENT_BEFORE_N/A_ACTUAL_POS],"""séjour"" --(BEFORE)--> ""bilan"" | ""bilan"" --(BEFORE)--> ""suspectée"" | ""suspectée"" --(BEFORE)--> ""bilan"" | ""bilan"" --(BEFORE)--> ""traité"""
116,49,FR100142,[EVENT_BEFORE_N/A_ACTUAL_POS] --(BEFORE)--> [EVENT_BEFORE_N/A_ACTUAL_POS] | [EVENT_BEFORE_N/A_ACTUAL_POS] --(BEFORE)--> [EVENT_BEFORE_N/A_ACTUAL_POS] | [EVENT_BEFORE_N/A_ACTUAL_POS] --(BEFORE)--> [EVENT_BEFORE_N/A_ACTUAL_POS] | [EVENT_BEFORE_N/A_ACTUAL_POS] --(BEFORE)--> [EVENT_BEFORE_N/A_ACTUAL_POS],"""examen"" --(BEFORE)--> ""électrophorèse"" | ""électrophorèse"" --(BEFORE)--> ""scanner"" | ""scanner"" --(BEFORE)--> ""fibroscopie"" | ""fibroscopie"" --(BEFORE)--> ""biopsie"""
116,49,FR100161,[EVENT_BEFORE_N/A_ACTUAL_POS] --(BEFORE)--> [EVENT_BEFORE_N/A_ACTUAL_POS] | [EVENT_BEFORE_N/A_ACTUAL_POS] --(BEFORE)--> [EVENT_BEFORE_N/A_ACTUAL_POS] | [EVENT_BEFORE_N/A_ACTUAL_POS] --(BEFORE)--> [EVENT_BEFORE_N/A_ACTUAL_POS] | [EVENT_BEFORE_N/A_ACTUAL_POS] --(BEFORE)--> [EVENT_BEFORE_N/A_ACTUAL_POS],"""interrogatoire"" --(BEFORE)--> ""examen"" | ""examen"" --(BEFORE)--> ""examens"" | ""examens"" --(BEFORE)--> ""radiographie"" | ""radiographie"" --(BEFORE)--> ""échographie"""
116,49,FR100255,[EVENT_BEFORE_N/A_ACTUAL_POS] --(BEFORE)--> [EVENT_BEFORE_N/A_ACTUAL_POS] | [EVENT_BEFORE_N/A_ACTUAL_POS] --(BEFORE)--> [EVENT_BEFORE_N/A_ACTUAL_POS] | [EVENT_BEFORE_N/A_ACTUAL_POS] --(BEFORE)--> [EVENT_BEFORE_N/A_ACTUAL_POS] | [EVENT_BEFORE_N/A_ACTUAL_POS] --(BEFORE)--> [EVENT_BEFORE_N/A_ACTUAL_POS],"""radio"" --(BEFORE)--> ""TDM"" | ""TDM"" --(BEFORE)--> ""bilan"" | ""bilan"" --(BEFORE)--> ""expulsé"" | ""expulsé"" --(BEFORE)--> ""contrôle"""
116,49,FR100275,[EVENT_BEFORE_N/A_ACTUAL_POS] --(BEFORE)--> [EVENT_BEFORE_N/A_ACTUAL_POS] | [EVENT_BEFORE_N/A_ACTUAL_POS] --(BEFORE)--> [EVENT_BEFORE_N/A_ACTUAL_POS] | [EVENT_BEFORE_N/A_ACTUAL_POS] --(BEFORE)--> [EVENT_BEFORE_N/A_ACTUAL_POS] | [EVENT_BEFORE_N/A_ACTUAL_POS] --(BEFORE)--> [EVENT_BEFORE_N/A_ACTUAL_POS],"""découverte"" --(BEFORE)--> ""arrivée"" | ""arrivée"" --(BEFORE)--> ""établi"" | ""établi"" --(BEFORE)--> ""manœuvres"" | ""manœuvres"" --(BEFORE)--> ""transféré"""
116,49,FR100283,[EVENT_BEFORE_N/A_ACTUAL_POS] --(BEFORE)--> [EVENT_BEFORE_N/A_ACTUAL_POS] | [EVENT_BEFORE_N/A_ACTUAL_POS] --(BEFORE)--> [EVENT_BEFORE_N/A_ACTUAL_POS] | [EVENT_BEFORE_N/A_ACTUAL_POS] --(BEFORE)--> [EVENT_BEFORE_N/A_ACTUAL_POS] | [EVENT_BEFORE_N/A_ACTUAL_POS] --(BEFORE)--> [EVENT_BEFORE_N/A_ACTUAL_POS],"""bilan"" --(BEFORE)--> ""IRM"" | ""IRM"" --(BEFORE)--> ""hypophysiogramme"" | ""hypophysiogramme"" --(BEFORE)--> ""traitement"" | ""traitement"" --(BEFORE)--> ""évolution"""
116,49,FR100296,[EVENT_BEFORE_N/A_ACTUAL_POS] --(BEFORE)--> [EVENT_BEFORE_N/A_ACTUAL_POS] | [EVENT_BEFORE_N/A_ACTUAL_POS] --(BEFORE)--> [EVENT_BEFORE_N/A_ACTUAL_POS] | [EVENT_BEFORE_N/A_ACTUAL_POS] --(BEFORE)--> [EVENT_BEFORE_N/A_ACTUAL_POS] | [EVENT_BEFORE_N/A_ACTUAL_POS] --(BEFORE)--> [EVENT_BEFORE_N/A_ACTUAL_POS],"""examen"" --(BEFORE)--> ""IRM"" | ""IRM"" --(BEFORE)--> ""fenestration"" | ""fenestration"" --(BEFORE)--> ""suites"" | ""suites"" --(BEFORE)--> ""exéaté"""
116,49,FR100314,[EVENT_BEFORE_N/A_ACTUAL_POS] --(BEFORE)--> [EVENT_BEFORE_N/A_ACTUAL_POS] | [EVENT_BEFORE_N/A_ACTUAL_POS] --(BEFORE)--> [EVENT_BEFORE_N/A_ACTUAL_POS] | [EVENT_BEFORE_N/A_ACTUAL_POS] --(BEFORE)--> [EVENT_BEFORE_N/A_ACTUAL_POS] | [EVENT_BEFORE_N/A_ACTUAL_POS] --(BEFORE)--> [EVENT_BEFORE_N/A_ACTUAL_POS],"""admise"" --(BEFORE)--> ""bilan"" | ""bilan"" --(BEFORE)--> ""drainage"" | ""drainage"" --(BEFORE)--> ""angio-scanner"" | ""angio-scanner"" --(BEFORE)--> ""amputation"""
116,49,FR100344,[EVENT_BEFORE_N/A_ACTUAL_POS] --(BEFORE)--> [EVENT_BEFORE_N/A_ACTUAL_POS] | [EVENT_BEFORE_N/A_ACTUAL_POS] --(BEFORE)--> [EVENT_BEFORE_N/A_ACTUAL_POS] | [EVENT_BEFORE_N/A_ACTUAL_POS] --(BEFORE)--> [EVENT_BEFORE_N/A_ACTUAL_POS] | [EVENT_BEFORE_N/A_ACTUAL_POS] --(BEFORE)--> [EVENT_BEFORE_N/A_ACTUAL_POS],"""déroulée"" --(BEFORE)--> ""plainte"" | ""plainte"" --(BEFORE)--> ""examen"" | ""examen"" --(BEFORE)--> ""césarienne"" | ""césarienne"" --(BEFORE)--> ""pesait"""
116,49,FR100346,[EVENT_BEFORE_N/A_ACTUAL_POS] --(BEFORE)--> [EVENT_BEFORE_N/A_ACTUAL_POS] | [EVENT_BEFORE_N/A_ACTUAL_POS] --(BEFORE)--> [EVENT_BEFORE_N/A_ACTUAL_POS] | [EVENT_BEFORE_N/A_ACTUAL_POS] --(BEFORE)--> [EVENT_BEFORE_N/A_ACTUAL_POS] | [EVENT_BEFORE_N/A_ACTUAL_POS] --(BEFORE)--> [EVENT_BEFORE_N/A_ACTUAL_POS],"""IRM"" --(BEFORE)--> ""scanner"" | ""scanner"" --(BEFORE)--> ""posé"" | ""posé"" --(BEFORE)--> ""bilan"" | ""bilan"" --(BEFORE)--> ""héparinothérapie"""
116,49,FR100360,[EVENT_BEFORE_N/A_ACTUAL_POS] --(BEFORE)--> [EVENT_BEFORE_N/A_ACTUAL_POS] | [EVENT_BEFORE_N/A_ACTUAL_POS] --(BEFORE)--> [EVENT_BEFORE_N/A_ACTUAL_POS] | [EVENT_BEFORE_N/A_ACTUAL_POS] --(BEFORE)--> [EVENT_BEFORE_N/A_ACTUAL_POS] | [EVENT_BEFORE_N/A_ACTUAL_POS] --(BEFORE)--> [EVENT_BEFORE_N/A_ACTUAL_POS],"""complément"" --(BEFORE)--> ""biopsie"" | ""biopsie"" --(BEFORE)--> ""tomodensitométrie"" | ""tomodensitométrie"" --(BEFORE)--> ""radiothérapie"" | ""radiothérapie"" --(BEFORE)--> ""cures"""
116,49,FR100361,[EVENT_BEFORE_N/A_ACTUAL_POS] --(BEFORE)--> [EVENT_BEFORE_N/A_ACTUAL_POS] | [EVENT_BEFORE_N/A_ACTUAL_POS] --(BEFORE)--> [EVENT_BEFORE_N/A_ACTUAL_POS] | [EVENT_BEFORE_N/A_ACTUAL_POS] --(BEFORE)--> [EVENT_BEFORE_N/A_ACTUAL_POS] | [EVENT_BEFORE_N/A_ACTUAL_POS] --(BEFORE)--> [EVENT_BEFORE_N/A_ACTUAL_POS],"""TDM"" --(BEFORE)--> ""ponction"" | ""ponction"" --(BEFORE)--> ""examen"" | ""examen"" --(BEFORE)--> ""examen"" | ""examen"" --(BEFORE)--> ""culture"""
116,49,FR100371,[EVENT_BEFORE_N/A_ACTUAL_POS] --(BEFORE)--> [EVENT_BEFORE_N/A_ACTUAL_POS] | [EVENT_BEFORE_N/A_ACTUAL_POS] --(BEFORE)--> [EVENT_BEFORE_N/A_ACTUAL_POS] | [EVENT_BEFORE_N/A_ACTUAL_POS] --(BEFORE)--> [EVENT_BEFORE_N/A_ACTUAL_POS] | [EVENT_BEFORE_N/A_ACTUAL_POS] --(BEFORE)--> [EVENT_BEFORE_N/A_ACTUAL_POS],"""admission"" --(BEFORE)--> ""examen"" | ""examen"" --(BEFORE)--> ""examen"" | ""examen"" --(BEFORE)--> ""bilan"" | ""bilan"" --(BEFORE)--> ""bilan"""
116,49,FR100400,[EVENT_BEFORE_N/A_ACTUAL_POS] --(BEFORE)--> [EVENT_BEFORE_N/A_ACTUAL_POS] | [EVENT_BEFORE_N/A_ACTUAL_POS] --(BEFORE)--> [EVENT_BEFORE_N/A_ACTUAL_POS] | [EVENT_BEFORE_N/A_ACTUAL_POS] --(BEFORE)--> [EVENT_BEFORE_N/A_ACTUAL_POS] | [EVENT_BEFORE_N/A_ACTUAL_POS] --(BEFORE)--> [EVENT_BEFORE_N/A_ACTUAL_POS],"""diagnostic"" --(BEFORE)--> ""exploration"" | ""exploration"" --(BEFORE)--> ""résection"" | ""résection"" --(BEFORE)--> ""suites"" | ""suites"" --(BEFORE)--> ""suivie"""
116,49,FR100439,[EVENT_BEFORE_N/A_ACTUAL_POS] --(BEFORE)--> [EVENT_BEFORE_N/A_ACTUAL_POS] | [EVENT_BEFORE_N/A_ACTUAL_POS] --(BEFORE)--> [EVENT_BEFORE_N/A_ACTUAL_POS] | [EVENT_BEFORE_N/A_ACTUAL_POS] --(BEFORE)--> [EVENT_BEFORE_N/A_ACTUAL_POS] | [EVENT_BEFORE_N/A_ACTUAL_POS] --(BEFORE)--> [EVENT_BEFORE_N/A_ACTUAL_POS],"""analyse"" --(BEFORE)--> ""demandée"" | ""demandée"" --(BEFORE)--> ""examen"" | ""examen"" --(BEFORE)--> ""classée"" | ""classée"" --(BEFORE)--> ""bénéficier"""
116,49,FR100448,[EVENT_BEFORE_N/A_ACTUAL_POS] --(BEFORE)--> [EVENT_BEFORE_N/A_ACTUAL_POS] | [EVENT_BEFORE_N/A_ACTUAL_POS] --(BEFORE)--> [EVENT_BEFORE_N/A_ACTUAL_POS] | [EVENT_BEFORE_N/A_ACTUAL_POS] --(BEFORE)--> [EVENT_BEFORE_N/A_ACTUAL_POS] | [EVENT_BEFORE_N/A_ACTUAL_POS] --(BEFORE)--> [EVENT_BEFORE_N/A_ACTUAL_POS],"""hémi thyroïdectomie"" --(BEFORE)--> ""examen"" | ""examen"" --(BEFORE)--> ""histochimie"" | ""histochimie"" --(BEFORE)--> ""scanner"" | ""scanner"" --(BEFORE)--> ""tomographie"""
116,49,FR100480,[EVENT_BEFORE_N/A_ACTUAL_POS] --(BEFORE)--> [EVENT_BEFORE_N/A_ACTUAL_POS] | [EVENT_BEFORE_N/A_ACTUAL_POS] --(BEFORE)--> [EVENT_BEFORE_N/A_ACTUAL_POS] | [EVENT_BEFORE_N/A_ACTUAL_POS] --(BEFORE)--> [EVENT_BEFORE_N/A_ACTUAL_POS] | [EVENT_BEFORE_N/A_ACTUAL_POS] --(BEFORE)--> [EVENT_BEFORE_N/A_ACTUAL_POS],"""bilan"" --(BEFORE)--> ""analyse"" | ""analyse"" --(BEFORE)--> ""amputation"" | ""amputation"" --(BEFORE)--> ""examen"" | ""examen"" --(BEFORE)--> ""bilan"""
116,49,FR100515,[EVENT_BEFORE_N/A_ACTUAL_POS] --(BEFORE)--> [EVENT_BEFORE_N/A_ACTUAL_POS] | [EVENT_BEFORE_N/A_ACTUAL_POS] --(BEFORE)--> [EVENT_BEFORE_N/A_ACTUAL_POS] | [EVENT_BEFORE_N/A_ACTUAL_POS] --(BEFORE)--> [EVENT_BEFORE_N/A_ACTUAL_POS] | [EVENT_BEFORE_N/A_ACTUAL_POS] --(BEFORE)--> [EVENT_BEFORE_N/A_ACTUAL_POS],"""retenu"" --(BEFORE)--> ""bilan"" | ""bilan"" --(BEFORE)--> ""bilan"" | ""bilan"" --(BEFORE)--> ""prescrits"" | ""prescrits"" --(BEFORE)--> ""corticothérapie"""
116,49,FR100517,[EVENT_BEFORE_N/A_ACTUAL_POS] --(BEFORE)--> [EVENT_BEFORE_N/A_ACTUAL_POS] | [EVENT_BEFORE_N/A_ACTUAL_POS] --(BEFORE)--> [EVENT_BEFORE_N/A_ACTUAL_POS] | [EVENT_BEFORE_N/A_ACTUAL_POS] --(BEFORE)--> [EVENT_BEFORE_N/A_ACTUAL_POS] | [EVENT_BEFORE_N/A_ACTUAL_POS] --(BEFORE)--> [EVENT_BEFORE_N/A_ACTUAL_POS],"""examen"" --(BEFORE)--> ""bilan"" | ""bilan"" --(BEFORE)--> ""électromyogramme"" | ""électromyogramme"" --(BEFORE)--> ""bilan"" | ""bilan"" --(BEFORE)--> ""explorations"""
116,49,FR100519,[EVENT_BEFORE_N/A_ACTUAL_POS] --(BEFORE)--> [EVENT_BEFORE_N/A_ACTUAL_POS] | [EVENT_BEFORE_N/A_ACTUAL_POS] --(BEFORE)--> [EVENT_BEFORE_N/A_ACTUAL_POS] | [EVENT_BEFORE_N/A_ACTUAL_POS] --(BEFORE)--> [EVENT_BEFORE_N/A_ACTUAL_POS] | [EVENT_BEFORE_N/A_ACTUAL_POS] --(BEFORE)--> [EVENT_BEFORE_N/A_ACTUAL_POS],"""hospitalisée"" --(BEFORE)--> ""entrée"" | ""entrée"" --(BEFORE)--> ""bilan"" | ""bilan"" --(BEFORE)--> ""angioscanner"" | ""angioscanner"" --(BEFORE)--> ""échodoppler"""
116,49,FR100589,[EVENT_BEFORE_N/A_ACTUAL_POS] --(BEFORE)--> [EVENT_BEFORE_N/A_ACTUAL_POS] | [EVENT_BEFORE_N/A_ACTUAL_POS] --(BEFORE)--> [EVENT_BEFORE_N/A_ACTUAL_POS] | [EVENT_BEFORE_N/A_ACTUAL_POS] --(BEFORE)--> [EVENT_BEFORE_N/A_ACTUAL_POS] | [EVENT_BEFORE_N/A_ACTUAL_POS] --(BEFORE)--> [EVENT_BEFORE_N/A_ACTUAL_POS],"""demandé"" --(BEFORE)--> ""bilan"" | ""bilan"" --(BEFORE)--> ""caryotype"" | ""caryotype"" --(BEFORE)--> ""sérologie"" | ""sérologie"" --(BEFORE)--> ""diagnostic"""
116,49,FR100597,[EVENT_BEFORE_N/A_ACTUAL_POS] --(BEFORE)--> [EVENT_BEFORE_N/A_ACTUAL_POS] | [EVENT_BEFORE_N/A_ACTUAL_POS] --(BEFORE)--> [EVENT_BEFORE_N/A_ACTUAL_POS] | [EVENT_BEFORE_N/A_ACTUAL_POS] --(BEFORE)--> [EVENT_BEFORE_N/A_ACTUAL_POS] | [EVENT_BEFORE_N/A_ACTUAL_POS] --(BEFORE)--> [EVENT_BEFORE_N/A_ACTUAL_POS],"""marqueurs"" --(BEFORE)--> ""décidée"" | ""décidée"" --(BEFORE)--> ""laparotomie"" | ""laparotomie"" --(BEFORE)--> ""hystérectomie"" | ""hystérectomie"" --(BEFORE)--> ""suites"""
116,49,FR100611,[EVENT_BEFORE_N/A_ACTUAL_POS] --(BEFORE)--> [EVENT_BEFORE_N/A_ACTUAL_POS] | [EVENT_BEFORE_N/A_ACTUAL_POS] --(BEFORE)--> [EVENT_BEFORE_N/A_ACTUAL_POS] | [EVENT_BEFORE_N/A_ACTUAL_POS] --(BEFORE)--> [EVENT_BEFORE_N/A_ACTUAL_POS] | [EVENT_BEFORE_N/A_ACTUAL_POS] --(BEFORE)--> [EVENT_BEFORE_N/A_ACTUAL_POS],"""examen"" --(BEFORE)--> ""IRM"" | ""IRM"" --(BEFORE)--> ""étude"" | ""étude"" --(BEFORE)--> ""examen"" | ""examen"" --(BEFORE)--> ""cultures"""
116,49,FR100614,[EVENT_BEFORE_N/A_ACTUAL_POS] --(BEFORE)--> [EVENT_BEFORE_N/A_ACTUAL_POS] | [EVENT_BEFORE_N/A_ACTUAL_POS] --(BEFORE)--> [EVENT_BEFORE_N/A_ACTUAL_POS] | [EVENT_BEFORE_N/A_ACTUAL_POS] --(BEFORE)--> [EVENT_BEFORE_N/A_ACTUAL_POS] | [EVENT_BEFORE_N/A_ACTUAL_POS] --(BEFORE)--> [EVENT_BEFORE_N/A_ACTUAL_POS],"""examen"" --(BEFORE)--> ""échographique"" | ""échographique"" --(BEFORE)--> ""tomodensitométrie"" | ""tomodensitométrie"" --(BEFORE)--> ""radiographie"" | ""radiographie"" --(BEFORE)--> ""taux"""
116,49,FR100620,[EVENT_BEFORE_N/A_ACTUAL_POS] --(BEFORE)--> [EVENT_BEFORE_N/A_ACTUAL_POS] | [EVENT_BEFORE_N/A_ACTUAL_POS] --(BEFORE)--> [EVENT_BEFORE_N/A_ACTUAL_POS] | [EVENT_BEFORE_N/A_ACTUAL_POS] --(BEFORE)--> [EVENT_BEFORE_N/A_ACTUAL_POS] | [EVENT_BEFORE_N/A_ACTUAL_POS] --(BEFORE)--> [EVENT_BEFORE_N/A_ACTUAL_POS],"""bronchoscopie"" --(BEFORE)--> ""bilan"" | ""bilan"" --(BEFORE)--> ""bilan"" | ""bilan"" --(BEFORE)--> ""bilan"" | ""bilan"" --(BEFORE)--> ""évolution"""
116,49,FR100623,[EVENT_BEFORE_N/A_ACTUAL_POS] --(BEFORE)--> [EVENT_BEFORE_N/A_ACTUAL_POS] | [EVENT_BEFORE_N/A_ACTUAL_POS] --(BEFORE)--> [EVENT_BEFORE_N/A_ACTUAL_POS] | [EVENT_BEFORE_N/A_ACTUAL_POS] --(BEFORE)--> [EVENT_BEFORE_N/A_ACTUAL_POS] | [EVENT_BEFORE_N/A_ACTUAL_POS] --(BEFORE)--> [EVENT_BEFORE_N/A_ACTUAL_POS],"""examen"" --(BEFORE)--> ""échographie"" | ""échographie"" --(BEFORE)--> ""tomodensitométrie"" | ""tomodensitométrie"" --(BEFORE)--> ""retenu"" | ""retenu"" --(BEFORE)--> ""prise"""
116,49,FR100629,[EVENT_BEFORE_N/A_ACTUAL_POS] --(BEFORE)--> [EVENT_BEFORE_N/A_ACTUAL_POS] | [EVENT_BEFORE_N/A_ACTUAL_POS] --(BEFORE)--> [EVENT_BEFORE_N/A_ACTUAL_POS] | [EVENT_BEFORE_N/A_ACTUAL_POS] --(BEFORE)--> [EVENT_BEFORE_N/A_ACTUAL_POS] | [EVENT_BEFORE_N/A_ACTUAL_POS] --(BEFORE)--> [EVENT_BEFORE_N/A_ACTUAL_POS],"""radiographie"" --(BEFORE)--> ""thoracoscopie"" | ""thoracoscopie"" --(BEFORE)--> ""marquage"" | ""marquage"" --(BEFORE)--> ""bilan"" | ""bilan"" --(BEFORE)--> ""décision"""
116,49,FR100632,[EVENT_BEFORE_N/A_ACTUAL_POS] --(BEFORE)--> [EVENT_BEFORE_N/A_ACTUAL_POS] | [EVENT_BEFORE_N/A_ACTUAL_POS] --(BEFORE)--> [EVENT_BEFORE_N/A_ACTUAL_POS] | [EVENT_BEFORE_N/A_ACTUAL_POS] --(BEFORE)--> [EVENT_BEFORE_N/A_ACTUAL_POS] | [EVENT_BEFORE_N/A_ACTUAL_POS] --(BEFORE)--> [EVENT_BEFORE_N/A_ACTUAL_POS],"""radiographie"" --(BEFORE)--> ""examen"" | ""examen"" --(BEFORE)--> ""sérologie"" | ""sérologie"" --(BEFORE)--> ""diagnostic"" | ""diagnostic"" --(BEFORE)--> ""mis"""
116,49,FR100663,[EVENT_BEFORE_N/A_ACTUAL_POS] --(BEFORE)--> [EVENT_BEFORE_N/A_ACTUAL_POS] | [EVENT_BEFORE_N/A_ACTUAL_POS] --(BEFORE)--> [EVENT_BEFORE_N/A_ACTUAL_POS] | [EVENT_BEFORE_N/A_ACTUAL_POS] --(BEFORE)--> [EVENT_BEFORE_N/A_ACTUAL_POS] | [EVENT_BEFORE_N/A_ACTUAL_POS] --(BEFORE)--> [EVENT_BEFORE_N/A_ACTUAL_POS],"""examen"" --(BEFORE)--> ""examen"" | ""examen"" --(BEFORE)--> ""échographie"" | ""échographie"" --(BEFORE)--> ""taux"" | ""taux"" --(BEFORE)--> ""tenté"""
116,49,FR100666,[EVENT_BEFORE_N/A_ACTUAL_POS] --(BEFORE)--> [EVENT_BEFORE_N/A_ACTUAL_POS] | [EVENT_BEFORE_N/A_ACTUAL_POS] --(BEFORE)--> [EVENT_BEFORE_N/A_ACTUAL_POS] | [EVENT_BEFORE_N/A_ACTUAL_POS] --(BEFORE)--> [EVENT_BEFORE_N/A_ACTUAL_POS] | [EVENT_BEFORE_N/A_ACTUAL_POS] --(BEFORE)--> [EVENT_BEFORE_N/A_ACTUAL_POS],"""examen"" --(BEFORE)--> ""examen"" | ""examen"" --(BEFORE)--> ""palpation"" | ""palpation"" --(BEFORE)--> ""radiographie"" | ""radiographie"" --(BEFORE)--> ""tomodensitométrie"""
116,49,FR100683,[EVENT_BEFORE_N/A_ACTUAL_POS] --(BEFORE)--> [EVENT_BEFORE_N/A_ACTUAL_POS] | [EVENT_BEFORE_N/A_ACTUAL_POS] --(BEFORE)--> [EVENT_BEFORE_N/A_ACTUAL_POS] | [EVENT_BEFORE_N/A_ACTUAL_POS] --(BEFORE)--> [EVENT_BEFORE_N/A_ACTUAL_POS] | [EVENT_BEFORE_N/A_ACTUAL_POS] --(BEFORE)--> [EVENT_BEFORE_N/A_ACTUAL_POS],"""exploration"" --(BEFORE)--> ""IRM"" | ""IRM"" --(BEFORE)--> ""écho-mammographie"" | ""écho-mammographie"" --(BEFORE)--> ""osteodensitométrie"" | ""osteodensitométrie"" --(BEFORE)--> ""IRM"""
116,49,FR100688,[EVENT_BEFORE_N/A_ACTUAL_POS] --(BEFORE)--> [EVENT_BEFORE_N/A_ACTUAL_POS] | [EVENT_BEFORE_N/A_ACTUAL_POS] --(BEFORE)--> [EVENT_BEFORE_N/A_ACTUAL_POS] | [EVENT_BEFORE_N/A_ACTUAL_POS] --(BEFORE)--> [EVENT_BEFORE_N/A_ACTUAL_POS] | [EVENT_BEFORE_N/A_ACTUAL_POS] --(BEFORE)--> [EVENT_BEFORE_N/A_ACTUAL_POS],"""échographie"" --(BEFORE)--> ""radiographie"" | ""radiographie"" --(BEFORE)--> ""incision"" | ""incision"" --(BEFORE)--> ""analyse"" | ""analyse"" --(BEFORE)--> ""traitement"""
116,49,FR100689,[EVENT_BEFORE_N/A_ACTUAL_POS] --(BEFORE)--> [EVENT_BEFORE_N/A_ACTUAL_POS] | [EVENT_BEFORE_N/A_ACTUAL_POS] --(BEFORE)--> [EVENT_BEFORE_N/A_ACTUAL_POS] | [EVENT_BEFORE_N/A_ACTUAL_POS] --(BEFORE)--> [EVENT_BEFORE_N/A_ACTUAL_POS] | [EVENT_BEFORE_N/A_ACTUAL_POS] --(BEFORE)--> [EVENT_BEFORE_N/A_ACTUAL_POS],"""PCR"" --(BEFORE)--> ""scanner"" | ""scanner"" --(BEFORE)--> ""hémogramme"" | ""hémogramme"" --(BEFORE)--> ""ionogramme"" | ""ionogramme"" --(BEFORE)--> ""examen"""
116,49,FR100697,[EVENT_BEFORE_N/A_ACTUAL_POS] --(BEFORE)--> [EVENT_BEFORE_N/A_ACTUAL_POS] | [EVENT_BEFORE_N/A_ACTUAL_POS] --(BEFORE)--> [EVENT_BEFORE_N/A_ACTUAL_POS] | [EVENT_BEFORE_N/A_ACTUAL_POS] --(BEFORE)--> [EVENT_BEFORE_N/A_ACTUAL_POS] | [EVENT_BEFORE_N/A_ACTUAL_POS] --(BEFORE)--> [EVENT_BEFORE_N/A_ACTUAL_POS],"""palpation"" --(BEFORE)--> ""examen"" | ""examen"" --(BEFORE)--> ""mammographie"" | ""mammographie"" --(BEFORE)--> ""échographie"" | ""échographie"" --(BEFORE)--> ""examen"""
116,49,FR100708,[EVENT_BEFORE_N/A_ACTUAL_POS] --(BEFORE)--> [EVENT_BEFORE_N/A_ACTUAL_POS] | [EVENT_BEFORE_N/A_ACTUAL_POS] --(BEFORE)--> [EVENT_BEFORE_N/A_ACTUAL_POS] | [EVENT_BEFORE_N/A_ACTUAL_POS] --(BEFORE)--> [EVENT_BEFORE_N/A_ACTUAL_POS] | [EVENT_BEFORE_N/A_ACTUAL_POS] --(BEFORE)--> [EVENT_BEFORE_N/A_ACTUAL_POS],"""examen"" --(BEFORE)--> ""mammographie"" | ""mammographie"" --(BEFORE)--> ""échographie"" | ""échographie"" --(BEFORE)--> ""ponction"" | ""ponction"" --(BEFORE)--> ""étude"""
116,49,FR100717,[EVENT_BEFORE_N/A_ACTUAL_POS] --(BEFORE)--> [EVENT_BEFORE_N/A_ACTUAL_POS] | [EVENT_BEFORE_N/A_ACTUAL_POS] --(BEFORE)--> [EVENT_BEFORE_N/A_ACTUAL_POS] | [EVENT_BEFORE_N/A_ACTUAL_POS] --(BEFORE)--> [EVENT_BEFORE_N/A_ACTUAL_POS] | [EVENT_BEFORE_N/A_ACTUAL_POS] --(BEFORE)--> [EVENT_BEFORE_N/A_ACTUAL_POS],"""examen"" --(BEFORE)--> ""examens"" | ""examens"" --(BEFORE)--> ""scanner"" | ""scanner"" --(BEFORE)--> ""IRM"" | ""IRM"" --(BEFORE)--> ""laminectomie"""
116,49,FR100748,[EVENT_BEFORE_N/A_ACTUAL_POS] --(BEFORE)--> [EVENT_BEFORE_N/A_ACTUAL_POS] | [EVENT_BEFORE_N/A_ACTUAL_POS] --(BEFORE)--> [EVENT_BEFORE_N/A_ACTUAL_POS] | [EVENT_BEFORE_N/A_ACTUAL_POS] --(BEFORE)--> [EVENT_BEFORE_N/A_ACTUAL_POS] | [EVENT_BEFORE_N/A_ACTUAL_POS] --(BEFORE)--> [EVENT_BEFORE_N/A_ACTUAL_POS],"""mobilisation"" --(BEFORE)--> ""suites"" | ""suites"" --(BEFORE)--> ""transférée"" | ""transférée"" --(BEFORE)--> ""regagné"" | ""regagné"" --(BEFORE)--> ""recul"""
116,49,FR100806,[EVENT_BEFORE_N/A_ACTUAL_POS] --(BEFORE)--> [EVENT_BEFORE_N/A_ACTUAL_POS] | [EVENT_BEFORE_N/A_ACTUAL_POS] --(BEFORE)--> [EVENT_BEFORE_N/A_ACTUAL_POS] | [EVENT_BEFORE_N/A_ACTUAL_POS] --(BEFORE)--> [EVENT_BEFORE_N/A_ACTUAL_POS] | [EVENT_BEFORE_N/A_ACTUAL_POS] --(BEFORE)--> [EVENT_BEFORE_N/A_ACTUAL_POS],"""référée"" --(BEFORE)--> ""examen"" | ""examen"" --(BEFORE)--> ""biologie"" | ""biologie"" --(BEFORE)--> ""hospitalisée"" | ""hospitalisée"" --(BEFORE)--> ""transfusion"""
116,49,FR100826,[EVENT_BEFORE_N/A_ACTUAL_POS] --(BEFORE)--> [EVENT_BEFORE_N/A_ACTUAL_POS] | [EVENT_BEFORE_N/A_ACTUAL_POS] --(BEFORE)--> [EVENT_BEFORE_N/A_ACTUAL_POS] | [EVENT_BEFORE_N/A_ACTUAL_POS] --(BEFORE)--> [EVENT_BEFORE_N/A_ACTUAL_POS] | [EVENT_BEFORE_N/A_ACTUAL_POS] --(BEFORE)--> [EVENT_BEFORE_N/A_ACTUAL_POS],"""admis"" --(BEFORE)--> ""examen"" | ""examen"" --(BEFORE)--> ""bilan"" | ""bilan"" --(BEFORE)--> ""bilan"" | ""bilan"" --(BEFORE)--> ""retenue"""
116,49,FR100845,[EVENT_BEFORE_N/A_ACTUAL_POS] --(BEFORE)--> [EVENT_BEFORE_N/A_ACTUAL_POS] | [EVENT_BEFORE_N/A_ACTUAL_POS] --(BEFORE)--> [EVENT_BEFORE_N/A_ACTUAL_POS] | [EVENT_BEFORE_N/A_ACTUAL_POS] --(BEFORE)--> [EVENT_BEFORE_N/A_ACTUAL_POS] | [EVENT_BEFORE_N/A_ACTUAL_POS] --(BEFORE)--> [EVENT_BEFORE_N/A_ACTUAL_POS],"""décision"" --(BEFORE)--> ""extraction"" | ""extraction"" --(BEFORE)--> ""examen"" | ""examen"" --(BEFORE)--> ""examinés"" | ""examinés"" --(BEFORE)--> ""détresse"""
116,49,FR100870,[EVENT_BEFORE_N/A_ACTUAL_POS] --(BEFORE)--> [EVENT_BEFORE_N/A_ACTUAL_POS] | [EVENT_BEFORE_N/A_ACTUAL_POS] --(BEFORE)--> [EVENT_BEFORE_N/A_ACTUAL_POS] | [EVENT_BEFORE_N/A_ACTUAL_POS] --(BEFORE)--> [EVENT_BEFORE_N/A_ACTUAL_POS] | [EVENT_BEFORE_N/A_ACTUAL_POS] --(BEFORE)--> [EVENT_BEFORE_N/A_ACTUAL_POS],"""imagerie"" --(BEFORE)--> ""hémogramme"" | ""hémogramme"" --(BEFORE)--> ""bilan"" | ""bilan"" --(BEFORE)--> ""IRM"" | ""IRM"" --(BEFORE)--> ""électrophorèse"""
116,49,FR100874,[EVENT_BEFORE_N/A_ACTUAL_POS] --(BEFORE)--> [EVENT_BEFORE_N/A_ACTUAL_POS] | [EVENT_BEFORE_N/A_ACTUAL_POS] --(BEFORE)--> [EVENT_BEFORE_N/A_ACTUAL_POS] | [EVENT_BEFORE_N/A_ACTUAL_POS] --(BEFORE)--> [EVENT_BEFORE_N/A_ACTUAL_POS] | [EVENT_BEFORE_N/A_ACTUAL_POS] --(BEFORE)--> [EVENT_BEFORE_N/A_ACTUAL_POS],"""tomodensitométrie"" --(BEFORE)--> ""retenu"" | ""retenu"" --(BEFORE)--> ""mise"" | ""mise"" --(BEFORE)--> ""diverticulectomie"" | ""diverticulectomie"" --(BEFORE)--> ""décédée"""
116,49,FR100882,[EVENT_BEFORE_N/A_ACTUAL_POS] --(BEFORE)--> [EVENT_BEFORE_N/A_ACTUAL_POS] | [EVENT_BEFORE_N/A_ACTUAL_POS] --(BEFORE)--> [EVENT_BEFORE_N/A_ACTUAL_POS] | [EVENT_BEFORE_N/A_ACTUAL_POS] --(BEFORE)--> [EVENT_BEFORE_N/A_ACTUAL_POS] | [EVENT_BEFORE_N/A_ACTUAL_POS] --(BEFORE)--> [EVENT_BEFORE_N/A_ACTUAL_POS],"""scanner"" --(BEFORE)--> ""laminectomie"" | ""laminectomie"" --(BEFORE)--> ""Imagerie"" | ""Imagerie"" --(BEFORE)--> ""bilan"" | ""bilan"" --(BEFORE)--> ""sérologies"""
116,49,FR100894,[EVENT_BEFORE_N/A_ACTUAL_POS] --(BEFORE)--> [EVENT_BEFORE_N/A_ACTUAL_POS] | [EVENT_BEFORE_N/A_ACTUAL_POS] --(BEFORE)--> [EVENT_BEFORE_N/A_ACTUAL_POS] | [EVENT_BEFORE_N/A_ACTUAL_POS] --(BEFORE)--> [EVENT_BEFORE_N/A_ACTUAL_POS] | [EVENT_BEFORE_N/A_ACTUAL_POS] --(BEFORE)--> [EVENT_BEFORE_N/A_ACTUAL_POS],"""IRM"" --(BEFORE)--> ""appuyés"" | ""appuyés"" --(BEFORE)--> ""diagnostic"" | ""diagnostic"" --(BEFORE)--> ""pris"" | ""pris"" --(BEFORE)--> ""incision"""
116,49,FR100903,[EVENT_BEFORE_N/A_ACTUAL_POS] --(BEFORE)--> [EVENT_BEFORE_N/A_ACTUAL_POS] | [EVENT_BEFORE_N/A_ACTUAL_POS] --(BEFORE)--> [EVENT_BEFORE_N/A_ACTUAL_POS] | [EVENT_BEFORE_N/A_ACTUAL_POS] --(BEFORE)--> [EVENT_BEFORE_N/A_ACTUAL_POS] | [EVENT_BEFORE_N/A_ACTUAL_POS] --(BEFORE)--> [EVENT_BEFORE_N/A_ACTUAL_POS],"""écarté"" --(BEFORE)--> ""contrôles"" | ""contrôles"" --(BEFORE)--> ""accouchement"" | ""accouchement"" --(BEFORE)--> ""décédé"" | ""décédé"" --(BEFORE)--> ""caryotype"""
116,49,FR100946,[EVENT_BEFORE_N/A_ACTUAL_POS] --(BEFORE)--> [EVENT_BEFORE_N/A_ACTUAL_POS] | [EVENT_BEFORE_N/A_ACTUAL_POS] --(BEFORE)--> [EVENT_BEFORE_N/A_ACTUAL_POS] | [EVENT_BEFORE_N/A_ACTUAL_POS] --(BEFORE)--> [EVENT_BEFORE_N/A_ACTUAL_POS] | [EVENT_BEFORE_N/A_ACTUAL_POS] --(BEFORE)--> [EVENT_BEFORE_N/A_ACTUAL_POS],"""examen"" --(BEFORE)--> ""IRM"" | ""IRM"" --(BEFORE)--> ""analyse"" | ""analyse"" --(BEFORE)--> ""mise"" | ""mise"" --(BEFORE)--> ""exérèse"""
116,49,FR100996,[EVENT_BEFORE_N/A_ACTUAL_POS] --(BEFORE)--> [EVENT_BEFORE_N/A_ACTUAL_POS] | [EVENT_BEFORE_N/A_ACTUAL_POS] --(BEFORE)--> [EVENT_BEFORE_N/A_ACTUAL_POS] | [EVENT_BEFORE_N/A_ACTUAL_POS] --(BEFORE)--> [EVENT_BEFORE_N/A_ACTUAL_POS] | [EVENT_BEFORE_N/A_ACTUAL_POS] --(BEFORE)--> [EVENT_BEFORE_N/A_ACTUAL_POS],"""consulté"" --(BEFORE)--> ""examen"" | ""examen"" --(BEFORE)--> ""tomodensitométrie"" | ""tomodensitométrie"" --(BEFORE)--> ""injection"" | ""injection"" --(BEFORE)--> ""retenu"""
20,45,FR100003,[EVENT_BEFORE_N/A_ACTUAL_POS] --(CONTAINS)--> [EVENT_BEFORE_N/A_ACTUAL_POS] | [EVENT_BEFORE_N/A_ACTUAL_POS] --(BEFORE)--> [EVENT_BEFORE_N/A_ACTUAL_POS] | [EVENT_BEFORE_N/A_ACTUAL_POS] --(BEFORE)--> [EVENT_BEFORE_N/A_ACTUAL_POS] | [EVENT_BEFORE_N/A_ACTUAL_POS] --(BEFORE)--> [EVENT_BEFORE_N/A_ACTUAL_POS] | [EVENT_BEFORE_N/A_ACTUAL_POS] --(BEFORE)--> [EVENT_BEFORE_N/A_ACTUAL_POS],"""délabrement"" --(CONTAINS)--> ""panoramique"" | ""panoramique"" --(BEFORE)--> ""ponction"" | ""ponction"" --(BEFORE)--> ""examen"" | ""examen"" --(BEFORE)--> ""examen"" | ""examen"" --(BEFORE)--> ""antibiothérapie"""
20,45,FR100092,[EVENT_BEFORE_N/A_ACTUAL_POS] --(CONTAINS)--> [EVENT_BEFORE_N/A_ACTUAL_POS] | [EVENT_BEFORE_N/A_ACTUAL_POS] --(BEFORE)--> [EVENT_BEFORE_N/A_ACTUAL_POS] | [EVENT_BEFORE_N/A_ACTUAL_POS] --(BEFORE)--> [EVENT_BEFORE_N/A_ACTUAL_POS] | [EVENT_BEFORE_N/A_ACTUAL_POS] --(BEFORE)--> [EVENT_BEFORE_N/A_ACTUAL_POS] | [EVENT_BEFORE_N/A_ACTUAL_POS] --(BEFORE)--> [EVENT_BEFORE_N/A_ACTUAL_POS],"""saignement"" --(CONTAINS)--> ""examen"" | ""examen"" --(BEFORE)--> ""échographie"" | ""échographie"" --(BEFORE)--> ""tableau"" | ""tableau"" --(BEFORE)--> ""reste"" | ""reste"" --(BEFORE)--> ""minilaparotomie"""
20,45,FR100130,[EVENT_BEFORE_N/A_ACTUAL_POS] --(CONTAINS)--> [EVENT_BEFORE_N/A_ACTUAL_POS] | [EVENT_BEFORE_N/A_ACTUAL_POS] --(BEFORE)--> [EVENT_BEFORE_N/A_ACTUAL_POS] | [EVENT_BEFORE_N/A_ACTUAL_POS] --(BEFORE)--> [EVENT_BEFORE_N/A_ACTUAL_POS] | [EVENT_BEFORE_N/A_ACTUAL_POS] --(BEFORE)--> [EVENT_BEFORE_N/A_ACTUAL_POS] | [EVENT_BEFORE_N/A_ACTUAL_POS] --(BEFORE)--> [EVENT_BEFORE_N/A_ACTUAL_POS],"""apyrétique"" --(CONTAINS)--> ""examen"" | ""examen"" --(BEFORE)--> ""biologie"" | ""biologie"" --(BEFORE)--> ""glycémie"" | ""glycémie"" --(BEFORE)--> ""confirmé"" | ""confirmé"" --(BEFORE)--> ""recherche"""
20,45,FR100142,[EVENT_BEFORE_N/A_ACTUAL_POS] --(CONTAINS)--> [EVENT_BEFORE_N/A_ACTUAL_POS] | [EVENT_BEFORE_N/A_ACTUAL_POS] --(BEFORE)--> [EVENT_BEFORE_N/A_ACTUAL_POS] | [EVENT_BEFORE_N/A_ACTUAL_POS] --(BEFORE)--> [EVENT_BEFORE_N/A_ACTUAL_POS] | [EVENT_BEFORE_N/A_ACTUAL_POS] --(BEFORE)--> [EVENT_BEFORE_N/A_ACTUAL_POS] | [EVENT_BEFORE_N/A_ACTUAL_POS] --(BEFORE)--> [EVENT_BEFORE_N/A_ACTUAL_POS],"""altération"" --(CONTAINS)--> ""examen"" | ""examen"" --(BEFORE)--> ""électrophorèse"" | ""électrophorèse"" --(BEFORE)--> ""scanner"" | ""scanner"" --(BEFORE)--> ""fibroscopie"" | ""fibroscopie"" --(BEFORE)--> ""colonoscopie"""
20,45,FR100161,[EVENT_BEFORE_N/A_ACTUAL_POS] --(CONTAINS)--> [EVENT_BEFORE_N/A_ACTUAL_POS] | [EVENT_BEFORE_N/A_ACTUAL_POS] --(BEFORE)--> [EVENT_BEFORE_N/A_ACTUAL_POS] | [EVENT_BEFORE_N/A_ACTUAL_POS] --(BEFORE)--> [EVENT_BEFORE_N/A_ACTUAL_POS] | [EVENT_BEFORE_N/A_ACTUAL_POS] --(BEFORE)--> [EVENT_BEFORE_N/A_ACTUAL_POS] | [EVENT_BEFORE_N/A_ACTUAL_POS] --(BEFORE)--> [EVENT_BEFORE_N/A_ACTUAL_POS],"""cytolyse"" --(CONTAINS)--> ""examens"" | ""examens"" --(BEFORE)--> ""radiographie"" | ""radiographie"" --(BEFORE)--> ""complément"" | ""complément"" --(BEFORE)--> ""cortisol"" | ""cortisol"" --(BEFORE)--> ""dérivés"""
20,45,FR100255,[EVENT_BEFORE_N/A_ACTUAL_POS] --(CONTAINS)--> [EVENT_BEFORE_N/A_ACTUAL_POS] | [EVENT_BEFORE_N/A_ACTUAL_POS] --(BEFORE)--> [EVENT_BEFORE_N/A_ACTUAL_POS] | [EVENT_BEFORE_N/A_ACTUAL_POS] --(BEFORE)--> [EVENT_BEFORE_N/A_ACTUAL_POS] | [EVENT_BEFORE_N/A_ACTUAL_POS] --(BEFORE)--> [EVENT_BEFORE_N/A_ACTUAL_POS] | [EVENT_BEFORE_N/A_ACTUAL_POS] --(BEFORE)--> [EVENT_BEFORE_N/A_ACTUAL_POS],"""emphysème"" --(CONTAINS)--> ""examen"" | ""examen"" --(BEFORE)--> ""examen"" | ""examen"" --(BEFORE)--> ""échographie"" | ""échographie"" --(BEFORE)--> ""mise"" | ""mise"" --(BEFORE)--> ""oxygénothérapie"""
20,45,FR100275,[EVENT_BEFORE_N/A_ACTUAL_POS] --(CONTAINS)--> [EVENT_BEFORE_N/A_ACTUAL_POS] | [EVENT_BEFORE_N/A_ACTUAL_POS] --(BEFORE)--> [EVENT_BEFORE_N/A_ACTUAL_POS] | [EVENT_BEFORE_N/A_ACTUAL_POS] --(BEFORE)--> [EVENT_BEFORE_N/A_ACTUAL_POS] | [EVENT_BEFORE_N/A_ACTUAL_POS] --(BEFORE)--> [EVENT_BEFORE_N/A_ACTUAL_POS] | [EVENT_BEFORE_N/A_ACTUAL_POS] --(BEFORE)--> [EVENT_BEFORE_N/A_ACTUAL_POS],"""mort"" --(CONTAINS)--> ""établi"" | ""établi"" --(BEFORE)--> ""manœuvres"" | ""manœuvres"" --(BEFORE)--> ""transféré"" | ""transféré"" --(BEFORE)--> ""anamnèse"" | ""anamnèse"" --(BEFORE)--> ""examen"""
20,45,FR100283,[EVENT_BEFORE_N/A_ACTUAL_POS] --(CONTAINS)--> [EVENT_BEFORE_N/A_ACTUAL_POS] | [EVENT_BEFORE_N/A_ACTUAL_POS] --(BEFORE)--> [EVENT_BEFORE_N/A_ACTUAL_POS] | [EVENT_BEFORE_N/A_ACTUAL_POS] --(BEFORE)--> [EVENT_BEFORE_N/A_ACTUAL_POS] | [EVENT_BEFORE_N/A_ACTUAL_POS] --(BEFORE)--> [EVENT_BEFORE_N/A_ACTUAL_POS] | [EVENT_BEFORE_N/A_ACTUAL_POS] --(BEFORE)--> [EVENT_BEFORE_N/A_ACTUAL_POS],"""syndrome"" --(CONTAINS)--> ""bilan"" | ""bilan"" --(BEFORE)--> ""IRM"" | ""IRM"" --(BEFORE)--> ""hypophysiogramme"" | ""hypophysiogramme"" --(BEFORE)--> ""traitement"" | ""traitement"" --(BEFORE)--> ""évolution"""
20,45,FR100296,[EVENT_BEFORE_N/A_ACTUAL_POS] --(CONTAINS)--> [EVENT_BEFORE_N/A_ACTUAL_POS] | [EVENT_BEFORE_N/A_ACTUAL_POS] --(BEFORE)--> [EVENT_BEFORE_N/A_ACTUAL_POS] | [EVENT_BEFORE_N/A_ACTUAL_POS] --(BEFORE)--> [EVENT_BEFORE_N/A_ACTUAL_POS] | [EVENT_BEFORE_N/A_ACTUAL_POS] --(BEFORE)--> [EVENT_BEFORE_N/A_ACTUAL_POS] | [EVENT_BEFORE_N/A_ACTUAL_POS] --(BEFORE)--> [EVENT_BEFORE_N/A_ACTUAL_POS],"""hypoesthésie"" --(CONTAINS)--> ""examen"" | ""examen"" --(BEFORE)--> ""IRM"" | ""IRM"" --(BEFORE)--> ""fenestration"" | ""fenestration"" --(BEFORE)--> ""suites"" | ""suites"" --(BEFORE)--> ""exéaté"""
20,45,FR100314,[EVENT_BEFORE_N/A_ACTUAL_POS] --(CONTAINS)--> [EVENT_BEFORE_N/A_ACTUAL_POS] | [EVENT_BEFORE_N/A_ACTUAL_POS] --(BEFORE)--> [EVENT_BEFORE_N/A_ACTUAL_POS] | [EVENT_BEFORE_N/A_ACTUAL_POS] --(BEFORE)--> [EVENT_BEFORE_N/A_ACTUAL_POS] | [EVENT_BEFORE_N/A_ACTUAL_POS] --(BEFORE)--> [EVENT_BEFORE_N/A_ACTUAL_POS] | [EVENT_BEFORE_N/A_ACTUAL_POS] --(BEFORE)--> [EVENT_BEFORE_N/A_ACTUAL_POS],"""fracture"" --(CONTAINS)--> ""bilan"" | ""bilan"" --(BEFORE)--> ""drainage"" | ""drainage"" --(BEFORE)--> ""angio-scanner"" | ""angio-scanner"" --(BEFORE)--> ""amputation"" | ""amputation"" --(BEFORE)--> ""mise"""
20,45,FR100344,[EVENT_BEFORE_N/A_ACTUAL_POS] --(CONTAINS)--> [EVENT_BEFORE_N/A_ACTUAL_POS] | [EVENT_BEFORE_N/A_ACTUAL_POS] --(BEFORE)--> [EVENT_BEFORE_N/A_ACTUAL_POS] | [EVENT_BEFORE_N/A_ACTUAL_POS] --(BEFORE)--> [EVENT_BEFORE_N/A_ACTUAL_POS] | [EVENT_BEFORE_N/A_ACTUAL_POS] --(BEFORE)--> [EVENT_BEFORE_N/A_ACTUAL_POS] | [EVENT_BEFORE_N/A_ACTUAL_POS] --(BEFORE)--> [EVENT_BEFORE_N/A_ACTUAL_POS],"""évolution"" --(CONTAINS)--> ""déroulée"" | ""déroulée"" --(BEFORE)--> ""plainte"" | ""plainte"" --(BEFORE)--> ""examen"" | ""examen"" --(BEFORE)--> ""césarienne"" | ""césarienne"" --(BEFORE)--> ""pesait"""
20,45,FR100346,[EVENT_BEFORE_N/A_ACTUAL_POS] --(CONTAINS)--> [EVENT_BEFORE_N/A_ACTUAL_POS] | [EVENT_BEFORE_N/A_ACTUAL_POS] --(BEFORE)--> [EVENT_BEFORE_N/A_ACTUAL_POS] | [EVENT_BEFORE_N/A_ACTUAL_POS] --(BEFORE)--> [EVENT_BEFORE_N/A_ACTUAL_POS] | [EVENT_BEFORE_N/A_ACTUAL_POS] --(BEFORE)--> [EVENT_BEFORE_N/A_ACTUAL_POS] | [EVENT_BEFORE_N/A_ACTUAL_POS] --(BEFORE)--> [EVENT_BEFORE_N/A_ACTUAL_POS],"""pouls"" --(CONTAINS)--> ""examen"" | ""examen"" --(BEFORE)--> ""gazométrie"" | ""gazométrie"" --(BEFORE)--> ""reste"" | ""reste"" --(BEFORE)--> ""radiographie"" | ""radiographie"" --(BEFORE)--> ""angioscanner"""
20,45,FR100360,[EVENT_BEFORE_N/A_ACTUAL_POS] --(CONTAINS)--> [EVENT_BEFORE_N/A_ACTUAL_POS] | [EVENT_BEFORE_N/A_ACTUAL_POS] --(BEFORE)--> [EVENT_BEFORE_N/A_ACTUAL_POS] | [EVENT_BEFORE_N/A_ACTUAL_POS] --(BEFORE)--> [EVENT_BEFORE_N/A_ACTUAL_POS] | [EVENT_BEFORE_N/A_ACTUAL_POS] --(BEFORE)--> [EVENT_BEFORE_N/A_ACTUAL_POS] | [EVENT_BEFORE_N/A_ACTUAL_POS] --(BEFORE)--> [EVENT_BEFORE_N/A_ACTUAL_POS],"""lésion"" --(CONTAINS)--> ""tomodensitométrie"" | ""tomodensitométrie"" --(BEFORE)--> ""complément"" | ""complément"" --(BEFORE)--> ""biopsie"" | ""biopsie"" --(BEFORE)--> ""tomodensitométrie"" | ""tomodensitométrie"" --(BEFORE)--> ""radiothérapie"""
20,45,FR100361,[EVENT_BEFORE_N/A_ACTUAL_POS] --(CONTAINS)--> [EVENT_BEFORE_N/A_ACTUAL_POS] | [EVENT_BEFORE_N/A_ACTUAL_POS] --(BEFORE)--> [EVENT_BEFORE_N/A_ACTUAL_POS] | [EVENT_BEFORE_N/A_ACTUAL_POS] --(BEFORE)--> [EVENT_BEFORE_N/A_ACTUAL_POS] | [EVENT_BEFORE_N/A_ACTUAL_POS] --(BEFORE)--> [EVENT_BEFORE_N/A_ACTUAL_POS] | [EVENT_BEFORE_N/A_ACTUAL_POS] --(BEFORE)--> [EVENT_BEFORE_N/A_ACTUAL_POS],"""agitée"" --(CONTAINS)--> ""examen"" | ""examen"" --(BEFORE)--> ""TDM"" | ""TDM"" --(BEFORE)--> ""ponction"" | ""ponction"" --(BEFORE)--> ""examen"" | ""examen"" --(BEFORE)--> ""examen"""
20,45,FR100371,[EVENT_BEFORE_N/A_ACTUAL_POS] --(CONTAINS)--> [EVENT_BEFORE_N/A_ACTUAL_POS] | [EVENT_BEFORE_N/A_ACTUAL_POS] --(BEFORE)--> [EVENT_BEFORE_N/A_ACTUAL_POS] | [EVENT_BEFORE_N/A_ACTUAL_POS] --(BEFORE)--> [EVENT_BEFORE_N/A_ACTUAL_POS] | [EVENT_BEFORE_N/A_ACTUAL_POS] --(BEFORE)--> [EVENT_BEFORE_N/A_ACTUAL_POS] | [EVENT_BEFORE_N/A_ACTUAL_POS] --(BEFORE)--> [EVENT_BEFORE_N/A_ACTUAL_POS],"""hypersudation"" --(CONTAINS)--> ""examen"" | ""examen"" --(BEFORE)--> ""examen"" | ""examen"" --(BEFORE)--> ""bilan"" | ""bilan"" --(BEFORE)--> ""bilan"" | ""bilan"" --(BEFORE)--> ""intervention"""
20,45,FR100400,[EVENT_BEFORE_N/A_ACTUAL_POS] --(CONTAINS)--> [EVENT_BEFORE_N/A_ACTUAL_POS] | [EVENT_BEFORE_N/A_ACTUAL_POS] --(BEFORE)--> [EVENT_BEFORE_N/A_ACTUAL_POS] | [EVENT_BEFORE_N/A_ACTUAL_POS] --(BEFORE)--> [EVENT_BEFORE_N/A_ACTUAL_POS] | [EVENT_BEFORE_N/A_ACTUAL_POS] --(BEFORE)--> [EVENT_BEFORE_N/A_ACTUAL_POS] | [EVENT_BEFORE_N/A_ACTUAL_POS] --(BEFORE)--> [EVENT_BEFORE_N/A_ACTUAL_POS],"""masse"" --(CONTAINS)--> ""scanner"" | ""scanner"" --(BEFORE)--> ""diagnostic"" | ""diagnostic"" --(BEFORE)--> ""exploration"" | ""exploration"" --(BEFORE)--> ""résection"" | ""résection"" --(BEFORE)--> ""drainage"""
20,45,FR100439,[EVENT_BEFORE_N/A_ACTUAL_POS] --(CONTAINS)--> [EVENT_BEFORE_N/A_ACTUAL_POS] | [EVENT_BEFORE_N/A_ACTUAL_POS] --(BEFORE)--> [EVENT_BEFORE_N/A_ACTUAL_POS] | [EVENT_BEFORE_N/A_ACTUAL_POS] --(BEFORE)--> [EVENT_BEFORE_N/A_ACTUAL_POS] | [EVENT_BEFORE_N/A_ACTUAL_POS] --(BEFORE)--> [EVENT_BEFORE_N/A_ACTUAL_POS] | [EVENT_BEFORE_N/A_ACTUAL_POS] --(BEFORE)--> [EVENT_BEFORE_N/A_ACTUAL_POS],"""hyperfixations"" --(CONTAINS)--> ""examen"" | ""examen"" --(BEFORE)--> ""classée"" | ""classée"" --(BEFORE)--> ""bénéficier"" | ""bénéficier"" --(BEFORE)--> ""nasofibroscopie"" | ""nasofibroscopie"" --(BEFORE)--> ""scanner"""
20,45,FR100480,[EVENT_BEFORE_N/A_ACTUAL_POS] --(CONTAINS)--> [EVENT_BEFORE_N/A_ACTUAL_POS] | [EVENT_BEFORE_N/A_ACTUAL_POS] --(BEFORE)--> [EVENT_BEFORE_N/A_ACTUAL_POS] | [EVENT_BEFORE_N/A_ACTUAL_POS] --(BEFORE)--> [EVENT_BEFORE_N/A_ACTUAL_POS] | [EVENT_BEFORE_N/A_ACTUAL_POS] --(BEFORE)--> [EVENT_BEFORE_N/A_ACTUAL_POS] | [EVENT_BEFORE_N/A_ACTUAL_POS] --(BEFORE)--> [EVENT_BEFORE_N/A_ACTUAL_POS],"""tuméfaction"" --(CONTAINS)--> ""examen"" | ""examen"" --(BEFORE)--> ""imagerie"" | ""imagerie"" --(BEFORE)--> ""bilan"" | ""bilan"" --(BEFORE)--> ""scanner"" | ""scanner"" --(BEFORE)--> ""Tomographie"""
20,45,FR100517,[EVENT_BEFORE_N/A_ACTUAL_POS] --(CONTAINS)--> [EVENT_BEFORE_N/A_ACTUAL_POS] | [EVENT_BEFORE_N/A_ACTUAL_POS] --(BEFORE)--> [EVENT_BEFORE_N/A_ACTUAL_POS] | [EVENT_BEFORE_N/A_ACTUAL_POS] --(BEFORE)--> [EVENT_BEFORE_N/A_ACTUAL_POS] | [EVENT_BEFORE_N/A_ACTUAL_POS] --(BEFORE)--> [EVENT_BEFORE_N/A_ACTUAL_POS] | [EVENT_BEFORE_N/A_ACTUAL_POS] --(BEFORE)--> [EVENT_BEFORE_N/A_ACTUAL_POS],"""syndrome"" --(CONTAINS)--> ""bilan"" | ""bilan"" --(BEFORE)--> ""électromyogramme"" | ""électromyogramme"" --(BEFORE)--> ""bilan"" | ""bilan"" --(BEFORE)--> ""explorations"" | ""explorations"" --(BEFORE)--> ""porté"""
20,45,FR100589,[EVENT_BEFORE_N/A_ACTUAL_POS] --(CONTAINS)--> [EVENT_BEFORE_N/A_ACTUAL_POS] | [EVENT_BEFORE_N/A_ACTUAL_POS] --(BEFORE)--> [EVENT_BEFORE_N/A_ACTUAL_POS] | [EVENT_BEFORE_N/A_ACTUAL_POS] --(BEFORE)--> [EVENT_BEFORE_N/A_ACTUAL_POS] | [EVENT_BEFORE_N/A_ACTUAL_POS] --(BEFORE)--> [EVENT_BEFORE_N/A_ACTUAL_POS] | [EVENT_BEFORE_N/A_ACTUAL_POS] --(BEFORE)--> [EVENT_BEFORE_N/A_ACTUAL_POS],"""discuté"" --(CONTAINS)--> ""évoqué"" | ""évoqué"" --(BEFORE)--> ""rechercher"" | ""rechercher"" --(BEFORE)--> ""bronchoscopie"" | ""bronchoscopie"" --(BEFORE)--> ""lavage"" | ""lavage"" --(BEFORE)--> ""biopsies"""
20,45,FR100597,[EVENT_BEFORE_N/A_ACTUAL_POS] --(CONTAINS)--> [EVENT_BEFORE_N/A_ACTUAL_POS] | [EVENT_BEFORE_N/A_ACTUAL_POS] --(BEFORE)--> [EVENT_BEFORE_N/A_ACTUAL_POS] | [EVENT_BEFORE_N/A_ACTUAL_POS] --(BEFORE)--> [EVENT_BEFORE_N/A_ACTUAL_POS] | [EVENT_BEFORE_N/A_ACTUAL_POS] --(BEFORE)--> [EVENT_BEFORE_N/A_ACTUAL_POS] | [EVENT_BEFORE_N/A_ACTUAL_POS] --(BEFORE)--> [EVENT_BEFORE_N/A_ACTUAL_POS],"""consultation"" --(CONTAINS)--> ""examen"" | ""examen"" --(BEFORE)--> ""examen"" | ""examen"" --(BEFORE)--> ""examen"" | ""examen"" --(BEFORE)--> ""toucher"" | ""toucher"" --(BEFORE)--> ""reste"""
20,45,FR100611,[EVENT_BEFORE_N/A_ACTUAL_POS] --(CONTAINS)--> [EVENT_BEFORE_N/A_ACTUAL_POS] | [EVENT_BEFORE_N/A_ACTUAL_POS] --(BEFORE)--> [EVENT_BEFORE_N/A_ACTUAL_POS] | [EVENT_BEFORE_N/A_ACTUAL_POS] --(BEFORE)--> [EVENT_BEFORE_N/A_ACTUAL_POS] | [EVENT_BEFORE_N/A_ACTUAL_POS] --(BEFORE)--> [EVENT_BEFORE_N/A_ACTUAL_POS] | [EVENT_BEFORE_N/A_ACTUAL_POS] --(BEFORE)--> [EVENT_BEFORE_N/A_ACTUAL_POS],"""adénopathies"" --(CONTAINS)--> ""examen"" | ""examen"" --(BEFORE)--> ""IRM"" | ""IRM"" --(BEFORE)--> ""étude"" | ""étude"" --(BEFORE)--> ""examen"" | ""examen"" --(BEFORE)--> ""cultures"""
20,45,FR100614,[EVENT_BEFORE_N/A_ACTUAL_POS] --(CONTAINS)--> [EVENT_BEFORE_N/A_ACTUAL_POS] | [EVENT_BEFORE_N/A_ACTUAL_POS] --(BEFORE)--> [EVENT_BEFORE_N/A_ACTUAL_POS] | [EVENT_BEFORE_N/A_ACTUAL_POS] --(BEFORE)--> [EVENT_BEFORE_N/A_ACTUAL_POS] | [EVENT_BEFORE_N/A_ACTUAL_POS] --(BEFORE)--> [EVENT_BEFORE_N/A_ACTUAL_POS] | [EVENT_BEFORE_N/A_ACTUAL_POS] --(BEFORE)--> [EVENT_BEFORE_N/A_ACTUAL_POS],"""douleur"" --(CONTAINS)--> ""admission"" | ""admission"" --(BEFORE)--> ""examen"" | ""examen"" --(BEFORE)--> ""échographique"" | ""échographique"" --(BEFORE)--> ""tomodensitométrie"" | ""tomodensitométrie"" --(BEFORE)--> ""radiographie"""
20,45,FR100620,[EVENT_BEFORE_N/A_ACTUAL_POS] --(CONTAINS)--> [EVENT_BEFORE_N/A_ACTUAL_POS] | [EVENT_BEFORE_N/A_ACTUAL_POS] --(BEFORE)--> [EVENT_BEFORE_N/A_ACTUAL_POS] | [EVENT_BEFORE_N/A_ACTUAL_POS] --(BEFORE)--> [EVENT_BEFORE_N/A_ACTUAL_POS] | [EVENT_BEFORE_N/A_ACTUAL_POS] --(BEFORE)--> [EVENT_BEFORE_N/A_ACTUAL_POS] | [EVENT_BEFORE_N/A_ACTUAL_POS] --(BEFORE)--> [EVENT_BEFORE_N/A_ACTUAL_POS],"""clarté"" --(CONTAINS)--> ""radiographie"" | ""radiographie"" --(BEFORE)--> ""drainage"" | ""drainage"" --(BEFORE)--> ""radiographie"" | ""radiographie"" --(BEFORE)--> ""demandé"" | ""demandé"" --(BEFORE)--> ""complément"""
20,45,FR100623,[EVENT_BEFORE_N/A_ACTUAL_POS] --(CONTAINS)--> [EVENT_BEFORE_N/A_ACTUAL_POS] | [EVENT_BEFORE_N/A_ACTUAL_POS] --(BEFORE)--> [EVENT_BEFORE_N/A_ACTUAL_POS] | [EVENT_BEFORE_N/A_ACTUAL_POS] --(BEFORE)--> [EVENT_BEFORE_N/A_ACTUAL_POS] | [EVENT_BEFORE_N/A_ACTUAL_POS] --(BEFORE)--> [EVENT_BEFORE_N/A_ACTUAL_POS] | [EVENT_BEFORE_N/A_ACTUAL_POS] --(BEFORE)--> [EVENT_BEFORE_N/A_ACTUAL_POS],"""gaz"" --(CONTAINS)--> ""consulté"" | ""consulté"" --(BEFORE)--> ""examen"" | ""examen"" --(BEFORE)--> ""échographie"" | ""échographie"" --(BEFORE)--> ""tomodensitométrie"" | ""tomodensitométrie"" --(BEFORE)--> ""retenu"""
20,45,FR100629,[EVENT_BEFORE_N/A_ACTUAL_POS] --(CONTAINS)--> [EVENT_BEFORE_N/A_ACTUAL_POS] | [EVENT_BEFORE_N/A_ACTUAL_POS] --(BEFORE)--> [EVENT_BEFORE_N/A_ACTUAL_POS] | [EVENT_BEFORE_N/A_ACTUAL_POS] --(BEFORE)--> [EVENT_BEFORE_N/A_ACTUAL_POS] | [EVENT_BEFORE_N/A_ACTUAL_POS] --(BEFORE)--> [EVENT_BEFORE_N/A_ACTUAL_POS] | [EVENT_BEFORE_N/A_ACTUAL_POS] --(BEFORE)--> [EVENT_BEFORE_N/A_ACTUAL_POS],"""douleur"" --(CONTAINS)--> ""examen"" | ""examen"" --(BEFORE)--> ""radiographie"" | ""radiographie"" --(BEFORE)--> ""thoracoscopie"" | ""thoracoscopie"" --(BEFORE)--> ""marquage"" | ""marquage"" --(BEFORE)--> ""bilan"""
20,45,FR100632,[EVENT_BEFORE_N/A_ACTUAL_POS] --(CONTAINS)--> [EVENT_BEFORE_N/A_ACTUAL_POS] | [EVENT_BEFORE_N/A_ACTUAL_POS] --(BEFORE)--> [EVENT_BEFORE_N/A_ACTUAL_POS] | [EVENT_BEFORE_N/A_ACTUAL_POS] --(BEFORE)--> [EVENT_BEFORE_N/A_ACTUAL_POS] | [EVENT_BEFORE_N/A_ACTUAL_POS] --(BEFORE)--> [EVENT_BEFORE_N/A_ACTUAL_POS] | [EVENT_BEFORE_N/A_ACTUAL_POS] --(BEFORE)--> [EVENT_BEFORE_N/A_ACTUAL_POS],"""anomalie"" --(CONTAINS)--> ""IRM"" | ""IRM"" --(BEFORE)--> ""IRM"" | ""IRM"" --(BEFORE)--> ""étude"" | ""étude"" --(BEFORE)--> ""numération"" | ""numération"" --(BEFORE)--> ""bilan"""
20,45,FR100663,[EVENT_BEFORE_N/A_ACTUAL_POS] --(CONTAINS)--> [EVENT_BEFORE_N/A_ACTUAL_POS] | [EVENT_BEFORE_N/A_ACTUAL_POS] --(BEFORE)--> [EVENT_BEFORE_N/A_ACTUAL_POS] | [EVENT_BEFORE_N/A_ACTUAL_POS] --(BEFORE)--> [EVENT_BEFORE_N/A_ACTUAL_POS] | [EVENT_BEFORE_N/A_ACTUAL_POS] --(BEFORE)--> [EVENT_BEFORE_N/A_ACTUAL_POS] | [EVENT_BEFORE_N/A_ACTUAL_POS] --(BEFORE)--> [EVENT_BEFORE_N/A_ACTUAL_POS],"""grossesse"" --(CONTAINS)--> ""examen"" | ""examen"" --(BEFORE)--> ""examen"" | ""examen"" --(BEFORE)--> ""échographie"" | ""échographie"" --(BEFORE)--> ""taux"" | ""taux"" --(BEFORE)--> ""tenté"""
20,45,FR100666,[EVENT_BEFORE_N/A_ACTUAL_POS] --(CONTAINS)--> [EVENT_BEFORE_N/A_ACTUAL_POS] | [EVENT_BEFORE_N/A_ACTUAL_POS] --(BEFORE)--> [EVENT_BEFORE_N/A_ACTUAL_POS] | [EVENT_BEFORE_N/A_ACTUAL_POS] --(BEFORE)--> [EVENT_BEFORE_N/A_ACTUAL_POS] | [EVENT_BEFORE_N/A_ACTUAL_POS] --(BEFORE)--> [EVENT_BEFORE_N/A_ACTUAL_POS] | [EVENT_BEFORE_N/A_ACTUAL_POS] --(BEFORE)--> [EVENT_BEFORE_N/A_ACTUAL_POS],"""sérologie"" --(CONTAINS)--> ""bilan"" | ""bilan"" --(BEFORE)--> ""myologramme"" | ""myologramme"" --(BEFORE)--> ""bilan"" | ""bilan"" --(BEFORE)--> ""classé"" | ""classé"" --(BEFORE)--> ""traitement"""
20,45,FR100683,[EVENT_BEFORE_N/A_ACTUAL_POS] --(CONTAINS)--> [EVENT_BEFORE_N/A_ACTUAL_POS] | [EVENT_BEFORE_N/A_ACTUAL_POS] --(BEFORE)--> [EVENT_BEFORE_N/A_ACTUAL_POS] | [EVENT_BEFORE_N/A_ACTUAL_POS] --(BEFORE)--> [EVENT_BEFORE_N/A_ACTUAL_POS] | [EVENT_BEFORE_N/A_ACTUAL_POS] --(BEFORE)--> [EVENT_BEFORE_N/A_ACTUAL_POS] | [EVENT_BEFORE_N/A_ACTUAL_POS] --(BEFORE)--> [EVENT_BEFORE_N/A_ACTUAL_POS],"""créatinine"" --(CONTAINS)--> ""exploration"" | ""exploration"" --(BEFORE)--> ""exploration"" | ""exploration"" --(BEFORE)--> ""IRM"" | ""IRM"" --(BEFORE)--> ""écho-mammographie"" | ""écho-mammographie"" --(BEFORE)--> ""osteodensitométrie"""
20,45,FR100688,[EVENT_BEFORE_N/A_ACTUAL_POS] --(CONTAINS)--> [EVENT_BEFORE_N/A_ACTUAL_POS] | [EVENT_BEFORE_N/A_ACTUAL_POS] --(BEFORE)--> [EVENT_BEFORE_N/A_ACTUAL_POS] | [EVENT_BEFORE_N/A_ACTUAL_POS] --(BEFORE)--> [EVENT_BEFORE_N/A_ACTUAL_POS] | [EVENT_BEFORE_N/A_ACTUAL_POS] --(BEFORE)--> [EVENT_BEFORE_N/A_ACTUAL_POS] | [EVENT_BEFORE_N/A_ACTUAL_POS] --(BEFORE)--> [EVENT_BEFORE_N/A_ACTUAL_POS],"""indice"" --(CONTAINS)--> ""examen"" | ""examen"" --(BEFORE)--> ""examen"" | ""examen"" --(BEFORE)--> ""examen"" | ""examen"" --(BEFORE)--> ""sérologie"" | ""sérologie"" --(BEFORE)--> ""intradermoréaction"""
20,45,FR100689,[EVENT_BEFORE_N/A_ACTUAL_POS] --(CONTAINS)--> [EVENT_BEFORE_N/A_ACTUAL_POS] | [EVENT_BEFORE_N/A_ACTUAL_POS] --(BEFORE)--> [EVENT_BEFORE_N/A_ACTUAL_POS] | [EVENT_BEFORE_N/A_ACTUAL_POS] --(BEFORE)--> [EVENT_BEFORE_N/A_ACTUAL_POS] | [EVENT_BEFORE_N/A_ACTUAL_POS] --(BEFORE)--> [EVENT_BEFORE_N/A_ACTUAL_POS] | [EVENT_BEFORE_N/A_ACTUAL_POS] --(BEFORE)--> [EVENT_BEFORE_N/A_ACTUAL_POS],"""recherche"" --(CONTAINS)--> ""ionogramme"" | ""ionogramme"" --(BEFORE)--> ""examen"" | ""examen"" --(BEFORE)--> ""retenu"" | ""retenu"" --(BEFORE)--> ""traitement"" | ""traitement"" --(BEFORE)--> ""bithérapie"""
20,45,FR100697,[EVENT_BEFORE_N/A_ACTUAL_POS] --(CONTAINS)--> [EVENT_BEFORE_N/A_ACTUAL_POS] | [EVENT_BEFORE_N/A_ACTUAL_POS] --(BEFORE)--> [EVENT_BEFORE_N/A_ACTUAL_POS] | [EVENT_BEFORE_N/A_ACTUAL_POS] --(BEFORE)--> [EVENT_BEFORE_N/A_ACTUAL_POS] | [EVENT_BEFORE_N/A_ACTUAL_POS] --(BEFORE)--> [EVENT_BEFORE_N/A_ACTUAL_POS] | [EVENT_BEFORE_N/A_ACTUAL_POS] --(BEFORE)--> [EVENT_BEFORE_N/A_ACTUAL_POS],"""adénopathies"" --(CONTAINS)--> ""examen"" | ""examen"" --(BEFORE)--> ""mammographie"" | ""mammographie"" --(BEFORE)--> ""échographie"" | ""échographie"" --(BEFORE)--> ""examen"" | ""examen"" --(BEFORE)--> ""immunomarquage"""
20,45,FR100708,[EVENT_BEFORE_N/A_ACTUAL_POS] --(CONTAINS)--> [EVENT_BEFORE_N/A_ACTUAL_POS] | [EVENT_BEFORE_N/A_ACTUAL_POS] --(BEFORE)--> [EVENT_BEFORE_N/A_ACTUAL_POS] | [EVENT_BEFORE_N/A_ACTUAL_POS] --(BEFORE)--> [EVENT_BEFORE_N/A_ACTUAL_POS] | [EVENT_BEFORE_N/A_ACTUAL_POS] --(BEFORE)--> [EVENT_BEFORE_N/A_ACTUAL_POS] | [EVENT_BEFORE_N/A_ACTUAL_POS] --(BEFORE)--> [EVENT_BEFORE_N/A_ACTUAL_POS],"""galactorrhée"" --(CONTAINS)--> ""examen"" | ""examen"" --(BEFORE)--> ""mammographie"" | ""mammographie"" --(BEFORE)--> ""échographie"" | ""échographie"" --(BEFORE)--> ""ponction"" | ""ponction"" --(BEFORE)--> ""étude"""
20,45,FR100717,[EVENT_BEFORE_N/A_ACTUAL_POS] --(CONTAINS)--> [EVENT_BEFORE_N/A_ACTUAL_POS] | [EVENT_BEFORE_N/A_ACTUAL_POS] --(BEFORE)--> [EVENT_BEFORE_N/A_ACTUAL_POS] | [EVENT_BEFORE_N/A_ACTUAL_POS] --(BEFORE)--> [EVENT_BEFORE_N/A_ACTUAL_POS] | [EVENT_BEFORE_N/A_ACTUAL_POS] --(BEFORE)--> [EVENT_BEFORE_N/A_ACTUAL_POS] | [EVENT_BEFORE_N/A_ACTUAL_POS] --(BEFORE)--> [EVENT_BEFORE_N/A_ACTUAL_POS],"""IMC"" --(CONTAINS)--> ""examen"" | ""examen"" --(BEFORE)--> ""examens"" | ""examens"" --(BEFORE)--> ""scanner"" | ""scanner"" --(BEFORE)--> ""IRM"" | ""IRM"" --(BEFORE)--> ""laminectomie"""
20,45,FR100748,[EVENT_BEFORE_N/A_ACTUAL_POS] --(CONTAINS)--> [EVENT_BEFORE_N/A_ACTUAL_POS] | [EVENT_BEFORE_N/A_ACTUAL_POS] --(BEFORE)--> [EVENT_BEFORE_N/A_ACTUAL_POS] | [EVENT_BEFORE_N/A_ACTUAL_POS] --(BEFORE)--> [EVENT_BEFORE_N/A_ACTUAL_POS] | [EVENT_BEFORE_N/A_ACTUAL_POS] --(BEFORE)--> [EVENT_BEFORE_N/A_ACTUAL_POS] | [EVENT_BEFORE_N/A_ACTUAL_POS] --(BEFORE)--> [EVENT_BEFORE_N/A_ACTUAL_POS],"""intervention"" --(CONTAINS)--> ""mobilisation"" | ""mobilisation"" --(BEFORE)--> ""suites"" | ""suites"" --(BEFORE)--> ""transférée"" | ""transférée"" --(BEFORE)--> ""regagné"" | ""regagné"" --(BEFORE)--> ""recul"""
20,45,FR100806,[EVENT_BEFORE_N/A_ACTUAL_POS] --(CONTAINS)--> [EVENT_BEFORE_N/A_ACTUAL_POS] | [EVENT_BEFORE_N/A_ACTUAL_POS] --(BEFORE)--> [EVENT_BEFORE_N/A_ACTUAL_POS] | [EVENT_BEFORE_N/A_ACTUAL_POS] --(BEFORE)--> [EVENT_BEFORE_N/A_ACTUAL_POS] | [EVENT_BEFORE_N/A_ACTUAL_POS] --(BEFORE)--> [EVENT_BEFORE_N/A_ACTUAL_POS] | [EVENT_BEFORE_N/A_ACTUAL_POS] --(BEFORE)--> [EVENT_BEFORE_N/A_ACTUAL_POS],"""D-dimères"" --(CONTAINS)--> ""biologie"" | ""biologie"" --(BEFORE)--> ""tomodensitométrie"" | ""tomodensitométrie"" --(BEFORE)--> ""prise"" | ""prise"" --(BEFORE)--> ""examen"" | ""examen"" --(BEFORE)--> ""suites"""
20,45,FR100826,[EVENT_BEFORE_N/A_ACTUAL_POS] --(CONTAINS)--> [EVENT_BEFORE_N/A_ACTUAL_POS] | [EVENT_BEFORE_N/A_ACTUAL_POS] --(BEFORE)--> [EVENT_BEFORE_N/A_ACTUAL_POS] | [EVENT_BEFORE_N/A_ACTUAL_POS] --(BEFORE)--> [EVENT_BEFORE_N/A_ACTUAL_POS] | [EVENT_BEFORE_N/A_ACTUAL_POS] --(BEFORE)--> [EVENT_BEFORE_N/A_ACTUAL_POS] | [EVENT_BEFORE_N/A_ACTUAL_POS] --(BEFORE)--> [EVENT_BEFORE_N/A_ACTUAL_POS],"""termine"" --(CONTAINS)--> ""bilan"" | ""bilan"" --(BEFORE)--> ""bilan"" | ""bilan"" --(BEFORE)--> ""retenue"" | ""retenue"" --(BEFORE)--> ""exploration"" | ""exploration"" --(BEFORE)--> ""suites"""
20,45,FR100845,[EVENT_BEFORE_N/A_ACTUAL_POS] --(CONTAINS)--> [EVENT_BEFORE_N/A_ACTUAL_POS] | [EVENT_BEFORE_N/A_ACTUAL_POS] --(BEFORE)--> [EVENT_BEFORE_N/A_ACTUAL_POS] | [EVENT_BEFORE_N/A_ACTUAL_POS] --(BEFORE)--> [EVENT_BEFORE_N/A_ACTUAL_POS] | [EVENT_BEFORE_N/A_ACTUAL_POS] --(BEFORE)--> [EVENT_BEFORE_N/A_ACTUAL_POS] | [EVENT_BEFORE_N/A_ACTUAL_POS] --(BEFORE)--> [EVENT_BEFORE_N/A_ACTUAL_POS],"""présence"" --(CONTAINS)--> ""échographie"" | ""échographie"" --(BEFORE)--> ""radiographie"" | ""radiographie"" --(BEFORE)--> ""décision"" | ""décision"" --(BEFORE)--> ""extraction"" | ""extraction"" --(BEFORE)--> ""examen"""
20,45,FR100870,[EVENT_BEFORE_N/A_ACTUAL_POS] --(CONTAINS)--> [EVENT_BEFORE_N/A_ACTUAL_POS] | [EVENT_BEFORE_N/A_ACTUAL_POS] --(BEFORE)--> [EVENT_BEFORE_N/A_ACTUAL_POS] | [EVENT_BEFORE_N/A_ACTUAL_POS] --(BEFORE)--> [EVENT_BEFORE_N/A_ACTUAL_POS] | [EVENT_BEFORE_N/A_ACTUAL_POS] --(BEFORE)--> [EVENT_BEFORE_N/A_ACTUAL_POS] | [EVENT_BEFORE_N/A_ACTUAL_POS] --(BEFORE)--> [EVENT_BEFORE_N/A_ACTUAL_POS],"""calcémie"" --(CONTAINS)--> ""bilan"" | ""bilan"" --(BEFORE)--> ""IRM"" | ""IRM"" --(BEFORE)--> ""électrophorèse"" | ""électrophorèse"" --(BEFORE)--> ""immunosoustraction"" | ""immunosoustraction"" --(BEFORE)--> ""immunofixation"""
20,45,FR100874,[EVENT_BEFORE_N/A_ACTUAL_POS] --(CONTAINS)--> [EVENT_BEFORE_N/A_ACTUAL_POS] | [EVENT_BEFORE_N/A_ACTUAL_POS] --(BEFORE)--> [EVENT_BEFORE_N/A_ACTUAL_POS] | [EVENT_BEFORE_N/A_ACTUAL_POS] --(BEFORE)--> [EVENT_BEFORE_N/A_ACTUAL_POS] | [EVENT_BEFORE_N/A_ACTUAL_POS] --(BEFORE)--> [EVENT_BEFORE_N/A_ACTUAL_POS] | [EVENT_BEFORE_N/A_ACTUAL_POS] --(BEFORE)--> [EVENT_BEFORE_N/A_ACTUAL_POS],"""méléna"" --(CONTAINS)--> ""examen"" | ""examen"" --(BEFORE)--> ""hémogramme"" | ""hémogramme"" --(BEFORE)--> ""fibroscopie"" | ""fibroscopie"" --(BEFORE)--> ""transit"" | ""transit"" --(BEFORE)--> ""tomodensitométrie"""
20,45,FR100882,[EVENT_BEFORE_N/A_ACTUAL_POS] --(CONTAINS)--> [EVENT_BEFORE_N/A_ACTUAL_POS] | [EVENT_BEFORE_N/A_ACTUAL_POS] --(BEFORE)--> [EVENT_BEFORE_N/A_ACTUAL_POS] | [EVENT_BEFORE_N/A_ACTUAL_POS] --(BEFORE)--> [EVENT_BEFORE_N/A_ACTUAL_POS] | [EVENT_BEFORE_N/A_ACTUAL_POS] --(BEFORE)--> [EVENT_BEFORE_N/A_ACTUAL_POS] | [EVENT_BEFORE_N/A_ACTUAL_POS] --(BEFORE)--> [EVENT_BEFORE_N/A_ACTUAL_POS],"""persistance"" --(CONTAINS)--> ""Imagerie"" | ""Imagerie"" --(BEFORE)--> ""bilan"" | ""bilan"" --(BEFORE)--> ""sérologies"" | ""sérologies"" --(BEFORE)--> ""sclérothérapie"" | ""sclérothérapie"" --(BEFORE)--> ""évolution"""
20,45,FR100903,[EVENT_BEFORE_N/A_ACTUAL_POS] --(CONTAINS)--> [EVENT_BEFORE_N/A_ACTUAL_POS] | [EVENT_BEFORE_N/A_ACTUAL_POS] --(BEFORE)--> [EVENT_BEFORE_N/A_ACTUAL_POS] | [EVENT_BEFORE_N/A_ACTUAL_POS] --(BEFORE)--> [EVENT_BEFORE_N/A_ACTUAL_POS] | [EVENT_BEFORE_N/A_ACTUAL_POS] --(BEFORE)--> [EVENT_BEFORE_N/A_ACTUAL_POS] | [EVENT_BEFORE_N/A_ACTUAL_POS] --(BEFORE)--> [EVENT_BEFORE_N/A_ACTUAL_POS],"""présence"" --(CONTAINS)--> ""IRM"" | ""IRM"" --(BEFORE)--> ""diagnostic"" | ""diagnostic"" --(BEFORE)--> ""écarté"" | ""écarté"" --(BEFORE)--> ""contrôles"" | ""contrôles"" --(BEFORE)--> ""accouchement"""
20,45,FR100946,[EVENT_BEFORE_N/A_ACTUAL_POS] --(CONTAINS)--> [EVENT_BEFORE_N/A_ACTUAL_POS] | [EVENT_BEFORE_N/A_ACTUAL_POS] --(BEFORE)--> [EVENT_BEFORE_N/A_ACTUAL_POS] | [EVENT_BEFORE_N/A_ACTUAL_POS] --(BEFORE)--> [EVENT_BEFORE_N/A_ACTUAL_POS] | [EVENT_BEFORE_N/A_ACTUAL_POS] --(BEFORE)--> [EVENT_BEFORE_N/A_ACTUAL_POS] | [EVENT_BEFORE_N/A_ACTUAL_POS] --(BEFORE)--> [EVENT_BEFORE_N/A_ACTUAL_POS],"""œdème"" --(CONTAINS)--> ""IRM"" | ""IRM"" --(BEFORE)--> ""analyse"" | ""analyse"" --(BEFORE)--> ""mise"" | ""mise"" --(BEFORE)--> ""analyse"" | ""analyse"" --(BEFORE)--> ""mise"""
20,45,FR100996,[EVENT_BEFORE_N/A_ACTUAL_POS] --(CONTAINS)--> [EVENT_BEFORE_N/A_ACTUAL_POS] | [EVENT_BEFORE_N/A_ACTUAL_POS] --(BEFORE)--> [EVENT_BEFORE_N/A_ACTUAL_POS] | [EVENT_BEFORE_N/A_ACTUAL_POS] --(BEFORE)--> [EVENT_BEFORE_N/A_ACTUAL_POS] | [EVENT_BEFORE_N/A_ACTUAL_POS] --(BEFORE)--> [EVENT_BEFORE_N/A_ACTUAL_POS] | [EVENT_BEFORE_N/A_ACTUAL_POS] --(BEFORE)--> [EVENT_BEFORE_N/A_ACTUAL_POS],"""contenait"" --(CONTAINS)--> ""tomodensitométrie"" | ""tomodensitométrie"" --(BEFORE)--> ""injection"" | ""injection"" --(BEFORE)--> ""retenu"" | ""retenu"" --(BEFORE)--> ""chirurgical"" | ""chirurgical"" --(BEFORE)--> ""suites"""
177,44,FR100003,[EVENT_BEFORE_N/A_ACTUAL_POS] --(BEFORE)--> [EVENT_BEFORE_N/A_ACTUAL_POS] | [EVENT_BEFORE_N/A_ACTUAL_POS] --(OVERLAP)--> [EVENT_BEFORE_N/A_ACTUAL_POS],"""drainage"" --(BEFORE)--> ""traitement"" | ""traitement"" --(OVERLAP)--> ""prévenir"""
177,44,FR100078,[EVENT_BEFORE_N/A_ACTUAL_POS] --(BEFORE)--> [EVENT_BEFORE_N/A_ACTUAL_POS] | [EVENT_BEFORE_N/A_ACTUAL_POS] --(OVERLAP)--> [EVENT_BEFORE_N/A_ACTUAL_POS],"""Pathergy"" --(BEFORE)--> ""diagnostic"" | ""diagnostic"" --(OVERLAP)--> ""colchicine"""
177,44,FR100120,[EVENT_BEFORE_N/A_ACTUAL_POS] --(BEFORE)--> [EVENT_BEFORE_N/A_ACTUAL_POS] | [EVENT_BEFORE_N/A_ACTUAL_POS] --(OVERLAP)--> [EVENT_BEFORE_N/A_ACTUAL_POS],"""reste"" --(BEFORE)--> ""traitement"" | ""traitement"" --(OVERLAP)--> ""rattaché"""
177,44,FR100130,[EVENT_BEFORE_N/A_ACTUAL_POS] --(BEFORE)--> [EVENT_BEFORE_N/A_ACTUAL_POS] | [EVENT_BEFORE_N/A_ACTUAL_POS] --(OVERLAP)--> [EVENT_BEFORE_N/A_ACTUAL_POS],"""administrées"" --(BEFORE)--> ""reçu"" | ""reçu"" --(OVERLAP)--> ""amélioration"""
177,44,FR100132,[EVENT_BEFORE_N/A_ACTUAL_POS] --(BEFORE)--> [EVENT_BEFORE_N/A_ACTUAL_POS] | [EVENT_BEFORE_N/A_ACTUAL_POS] --(OVERLAP)--> [EVENT_BEFORE_N/A_ACTUAL_POS],"""examen"" --(BEFORE)--> ""écho-Doppler"" | ""écho-Doppler"" --(OVERLAP)--> ""fibroscopie"""
177,44,FR100142,[EVENT_BEFORE_N/A_ACTUAL_POS] --(BEFORE)--> [EVENT_BEFORE_N/A_ACTUAL_POS] | [EVENT_BEFORE_N/A_ACTUAL_POS] --(OVERLAP)--> [EVENT_BEFORE_N/A_ACTUAL_POS],"""sérologie"" --(BEFORE)--> ""évolution"" | ""évolution"" --(OVERLAP)--> ""altération"""
177,44,FR100161,[EVENT_BEFORE_N/A_ACTUAL_POS] --(BEFORE)--> [EVENT_BEFORE_N/A_ACTUAL_POS] | [EVENT_BEFORE_N/A_ACTUAL_POS] --(OVERLAP)--> [EVENT_BEFORE_N/A_ACTUAL_POS],"""interrogatoire"" --(BEFORE)--> ""examen"" | ""examen"" --(OVERLAP)--> ""TA"""
177,44,FR100168,[EVENT_BEFORE_N/A_ACTUAL_POS] --(BEFORE)--> [EVENT_BEFORE_N/A_ACTUAL_POS] | [EVENT_BEFORE_N/A_ACTUAL_POS] --(OVERLAP)--> [EVENT_BEFORE_N/A_ACTUAL_POS],"""tests"" --(BEFORE)--> ""entretien"" | ""entretien"" --(OVERLAP)--> ""habitude"""
177,44,FR100255,[EVENT_BEFORE_N/A_ACTUAL_POS] --(BEFORE)--> [EVENT_BEFORE_N/A_ACTUAL_POS] | [EVENT_BEFORE_N/A_ACTUAL_POS] --(OVERLAP)--> [EVENT_BEFORE_N/A_ACTUAL_POS],"""admission"" --(BEFORE)--> ""expulsé"" | ""expulsé"" --(OVERLAP)--> ""poids"""
177,44,FR100275,[EVENT_BEFORE_N/A_ACTUAL_POS] --(BEFORE)--> [EVENT_BEFORE_N/A_ACTUAL_POS] | [EVENT_BEFORE_N/A_ACTUAL_POS] --(OVERLAP)--> [EVENT_BEFORE_N/A_ACTUAL_POS],"""anamnèse"" --(BEFORE)--> ""examen"" | ""examen"" --(OVERLAP)--> ""bilan"""
177,44,FR100314,[EVENT_BEFORE_N/A_ACTUAL_POS] --(BEFORE)--> [EVENT_BEFORE_N/A_ACTUAL_POS] | [EVENT_BEFORE_N/A_ACTUAL_POS] --(OVERLAP)--> [EVENT_BEFORE_N/A_ACTUAL_POS],"""bilan"" --(BEFORE)--> ""drainage"" | ""drainage"" --(OVERLAP)--> ""analgésie"""
177,44,FR100344,[EVENT_BEFORE_N/A_ACTUAL_POS] --(BEFORE)--> [EVENT_BEFORE_N/A_ACTUAL_POS] | [EVENT_BEFORE_N/A_ACTUAL_POS] --(OVERLAP)--> [EVENT_BEFORE_N/A_ACTUAL_POS],"""contrôle"" --(BEFORE)--> ""échographies"" | ""échographies"" --(OVERLAP)--> ""déroulée"""
177,44,FR100346,[EVENT_BEFORE_N/A_ACTUAL_POS] --(BEFORE)--> [EVENT_BEFORE_N/A_ACTUAL_POS] | [EVENT_BEFORE_N/A_ACTUAL_POS] --(OVERLAP)--> [EVENT_BEFORE_N/A_ACTUAL_POS],"""héparinothérapie"" --(BEFORE)--> ""anti-vitamine"" | ""anti-vitamine"" --(OVERLAP)--> ""antibiothérapie"""
177,44,FR100360,[EVENT_BEFORE_N/A_ACTUAL_POS] --(BEFORE)--> [EVENT_BEFORE_N/A_ACTUAL_POS] | [EVENT_BEFORE_N/A_ACTUAL_POS] --(OVERLAP)--> [EVENT_BEFORE_N/A_ACTUAL_POS],"""radiothérapie"" --(BEFORE)--> ""cures"" | ""cures"" --(OVERLAP)--> ""tolérance"""
177,44,FR100361,[EVENT_BEFORE_N/A_ACTUAL_POS] --(BEFORE)--> [EVENT_BEFORE_N/A_ACTUAL_POS] | [EVENT_BEFORE_N/A_ACTUAL_POS] --(OVERLAP)--> [EVENT_BEFORE_N/A_ACTUAL_POS],"""diagnostic"" --(BEFORE)--> ""traitement"" | ""traitement"" --(OVERLAP)--> ""vaccination"""
177,44,FR100400,[EVENT_BEFORE_N/A_ACTUAL_POS] --(BEFORE)--> [EVENT_BEFORE_N/A_ACTUAL_POS] | [EVENT_BEFORE_N/A_ACTUAL_POS] --(OVERLAP)--> [EVENT_BEFORE_N/A_ACTUAL_POS],"""résection"" --(BEFORE)--> ""suites"" | ""suites"" --(OVERLAP)--> ""étude"""
177,44,FR100439,[EVENT_BEFORE_N/A_ACTUAL_POS] --(BEFORE)--> [EVENT_BEFORE_N/A_ACTUAL_POS] | [EVENT_BEFORE_N/A_ACTUAL_POS] --(OVERLAP)--> [EVENT_BEFORE_N/A_ACTUAL_POS],"""nasofibroscopie"" --(BEFORE)--> ""contrôles"" | ""contrôles"" --(OVERLAP)--> ""recul"""
177,44,FR100517,[EVENT_BEFORE_N/A_ACTUAL_POS] --(BEFORE)--> [EVENT_BEFORE_N/A_ACTUAL_POS] | [EVENT_BEFORE_N/A_ACTUAL_POS] --(OVERLAP)--> [EVENT_BEFORE_N/A_ACTUAL_POS],"""radiographie"" --(BEFORE)--> ""tomodensitométrie"" | ""tomodensitométrie"" --(OVERLAP)--> ""pneumomédiastin"""
177,44,FR100519,[EVENT_BEFORE_N/A_ACTUAL_POS] --(BEFORE)--> [EVENT_BEFORE_N/A_ACTUAL_POS] | [EVENT_BEFORE_N/A_ACTUAL_POS] --(OVERLAP)--> [EVENT_BEFORE_N/A_ACTUAL_POS],"""hémogramme"" --(BEFORE)--> ""remplissage"" | ""remplissage"" --(OVERLAP)--> ""transfusion"""
177,44,FR100589,[EVENT_BEFORE_N/A_ACTUAL_POS] --(BEFORE)--> [EVENT_BEFORE_N/A_ACTUAL_POS] | [EVENT_BEFORE_N/A_ACTUAL_POS] --(OVERLAP)--> [EVENT_BEFORE_N/A_ACTUAL_POS],"""diagnostic"" --(BEFORE)--> ""corticothérapie"" | ""corticothérapie"" --(OVERLAP)--> ""amélioration"""
177,44,FR100597,[EVENT_BEFORE_N/A_ACTUAL_POS] --(BEFORE)--> [EVENT_BEFORE_N/A_ACTUAL_POS] | [EVENT_BEFORE_N/A_ACTUAL_POS] --(OVERLAP)--> [EVENT_BEFORE_N/A_ACTUAL_POS],"""laparotomie"" --(BEFORE)--> ""hystérectomie"" | ""hystérectomie"" --(OVERLAP)--> ""examen"""
177,44,FR100603,[EVENT_BEFORE_N/A_ACTUAL_POS] --(BEFORE)--> [EVENT_BEFORE_N/A_ACTUAL_POS] | [EVENT_BEFORE_N/A_ACTUAL_POS] --(OVERLAP)--> [EVENT_BEFORE_N/A_ACTUAL_POS],"""chirurgie"" --(BEFORE)--> ""hémocultures"" | ""hémocultures"" --(OVERLAP)--> ""culture"""
177,44,FR100611,[EVENT_BEFORE_N/A_ACTUAL_POS] --(BEFORE)--> [EVENT_BEFORE_N/A_ACTUAL_POS] | [EVENT_BEFORE_N/A_ACTUAL_POS] --(OVERLAP)--> [EVENT_BEFORE_N/A_ACTUAL_POS],"""hémogramme"" --(BEFORE)--> ""ionogramme"" | ""ionogramme"" --(OVERLAP)--> ""reste"""
177,44,FR100620,[EVENT_BEFORE_N/A_ACTUAL_POS] --(BEFORE)--> [EVENT_BEFORE_N/A_ACTUAL_POS] | [EVENT_BEFORE_N/A_ACTUAL_POS] --(OVERLAP)--> [EVENT_BEFORE_N/A_ACTUAL_POS],"""bilan"" --(BEFORE)--> ""évolution"" | ""évolution"" --(OVERLAP)--> ""pleurodèse"""
177,44,FR100623,[EVENT_BEFORE_N/A_ACTUAL_POS] --(BEFORE)--> [EVENT_BEFORE_N/A_ACTUAL_POS] | [EVENT_BEFORE_N/A_ACTUAL_POS] --(OVERLAP)--> [EVENT_BEFORE_N/A_ACTUAL_POS],"""prise"" --(BEFORE)--> ""analyse"" | ""analyse"" --(OVERLAP)--> ""diagnostic"""
177,44,FR100629,[EVENT_BEFORE_N/A_ACTUAL_POS] --(BEFORE)--> [EVENT_BEFORE_N/A_ACTUAL_POS] | [EVENT_BEFORE_N/A_ACTUAL_POS] --(OVERLAP)--> [EVENT_BEFORE_N/A_ACTUAL_POS],"""décision"" --(BEFORE)--> ""évolution"" | ""évolution"" --(OVERLAP)--> ""chimiothérapie"""
177,44,FR100632,[EVENT_BEFORE_N/A_ACTUAL_POS] --(BEFORE)--> [EVENT_BEFORE_N/A_ACTUAL_POS] | [EVENT_BEFORE_N/A_ACTUAL_POS] --(OVERLAP)--> [EVENT_BEFORE_N/A_ACTUAL_POS],"""diagnostic"" --(BEFORE)--> ""mis"" | ""mis"" --(OVERLAP)--> ""rééducation"""
177,44,FR100663,[EVENT_BEFORE_N/A_ACTUAL_POS] --(BEFORE)--> [EVENT_BEFORE_N/A_ACTUAL_POS] | [EVENT_BEFORE_N/A_ACTUAL_POS] --(OVERLAP)--> [EVENT_BEFORE_N/A_ACTUAL_POS],"""intervention"" --(BEFORE)--> ""négativation"" | ""négativation"" --(OVERLAP)--> ""surveillance"""
177,44,FR100666,[EVENT_BEFORE_N/A_ACTUAL_POS] --(BEFORE)--> [EVENT_BEFORE_N/A_ACTUAL_POS] | [EVENT_BEFORE_N/A_ACTUAL_POS] --(OVERLAP)--> [EVENT_BEFORE_N/A_ACTUAL_POS],"""polychimiothérapie"" --(BEFORE)--> ""COPADEM"" | ""COPADEM"" --(OVERLAP)--> ""CYVE"""
177,44,FR100683,[EVENT_BEFORE_N/A_ACTUAL_POS] --(BEFORE)--> [EVENT_BEFORE_N/A_ACTUAL_POS] | [EVENT_BEFORE_N/A_ACTUAL_POS] --(OVERLAP)--> [EVENT_BEFORE_N/A_ACTUAL_POS],"""osteodensitométrie"" --(BEFORE)--> ""traitée"" | ""traitée"" --(OVERLAP)--> ""évolution"""
177,44,FR100697,[EVENT_BEFORE_N/A_ACTUAL_POS] --(BEFORE)--> [EVENT_BEFORE_N/A_ACTUAL_POS] | [EVENT_BEFORE_N/A_ACTUAL_POS] --(OVERLAP)--> [EVENT_BEFORE_N/A_ACTUAL_POS],"""examen"" --(BEFORE)--> ""immunomarquage"" | ""immunomarquage"" --(OVERLAP)--> ""tout"""
177,44,FR100708,[EVENT_BEFORE_N/A_ACTUAL_POS] --(BEFORE)--> [EVENT_BEFORE_N/A_ACTUAL_POS] | [EVENT_BEFORE_N/A_ACTUAL_POS] --(OVERLAP)--> [EVENT_BEFORE_N/A_ACTUAL_POS],"""tests"" --(BEFORE)--> ""mise"" | ""mise"" --(OVERLAP)--> ""évolution"""
177,44,FR100717,[EVENT_BEFORE_N/A_ACTUAL_POS] --(BEFORE)--> [EVENT_BEFORE_N/A_ACTUAL_POS] | [EVENT_BEFORE_N/A_ACTUAL_POS] --(OVERLAP)--> [EVENT_BEFORE_N/A_ACTUAL_POS],"""exploration"" --(BEFORE)--> ""suites"" | ""suites"" --(OVERLAP)--> ""évolution"""
177,44,FR100748,[EVENT_BEFORE_N/A_ACTUAL_POS] --(BEFORE)--> [EVENT_BEFORE_N/A_ACTUAL_POS] | [EVENT_BEFORE_N/A_ACTUAL_POS] --(OVERLAP)--> [EVENT_BEFORE_N/A_ACTUAL_POS],"""regagné"" --(BEFORE)--> ""recul"" | ""recul"" --(OVERLAP)--> ""chiffres"""
177,44,FR100766,[EVENT_BEFORE_N/A_ACTUAL_POS] --(BEFORE)--> [EVENT_BEFORE_N/A_ACTUAL_POS] | [EVENT_BEFORE_N/A_ACTUAL_POS] --(OVERLAP)--> [EVENT_BEFORE_N/A_ACTUAL_POS],"""irrigation"" --(BEFORE)--> ""propre"" | ""propre"" --(OVERLAP)--> ""satisfait"""
177,44,FR100780,[EVENT_BEFORE_N/A_ACTUAL_POS] --(BEFORE)--> [EVENT_BEFORE_N/A_ACTUAL_POS] | [EVENT_BEFORE_N/A_ACTUAL_POS] --(OVERLAP)--> [EVENT_BEFORE_N/A_ACTUAL_POS],"""geste"" --(BEFORE)--> ""geste"" | ""geste"" --(OVERLAP)--> ""antécédent"""
177,44,FR100806,[EVENT_BEFORE_N/A_ACTUAL_POS] --(BEFORE)--> [EVENT_BEFORE_N/A_ACTUAL_POS] | [EVENT_BEFORE_N/A_ACTUAL_POS] --(OVERLAP)--> [EVENT_BEFORE_N/A_ACTUAL_POS],"""référée"" --(BEFORE)--> ""examen"" | ""examen"" --(OVERLAP)--> ""pression"""
177,44,FR100826,[EVENT_BEFORE_N/A_ACTUAL_POS] --(BEFORE)--> [EVENT_BEFORE_N/A_ACTUAL_POS] | [EVENT_BEFORE_N/A_ACTUAL_POS] --(OVERLAP)--> [EVENT_BEFORE_N/A_ACTUAL_POS],"""bilan"" --(BEFORE)--> ""retenue"" | ""retenue"" --(OVERLAP)--> ""indication"""
177,44,FR100845,[EVENT_BEFORE_N/A_ACTUAL_POS] --(BEFORE)--> [EVENT_BEFORE_N/A_ACTUAL_POS] | [EVENT_BEFORE_N/A_ACTUAL_POS] --(OVERLAP)--> [EVENT_BEFORE_N/A_ACTUAL_POS],"""examen"" --(BEFORE)--> ""échographie"" | ""échographie"" --(OVERLAP)--> ""nombre"""
177,44,FR100870,[EVENT_BEFORE_N/A_ACTUAL_POS] --(BEFORE)--> [EVENT_BEFORE_N/A_ACTUAL_POS] | [EVENT_BEFORE_N/A_ACTUAL_POS] --(OVERLAP)--> [EVENT_BEFORE_N/A_ACTUAL_POS],"""retenu"" --(BEFORE)--> ""radiothérapie"" | ""radiothérapie"" --(OVERLAP)--> ""chimiothérapie"""
177,44,FR100874,[EVENT_BEFORE_N/A_ACTUAL_POS] --(BEFORE)--> [EVENT_BEFORE_N/A_ACTUAL_POS] | [EVENT_BEFORE_N/A_ACTUAL_POS] --(OVERLAP)--> [EVENT_BEFORE_N/A_ACTUAL_POS],"""retenu"" --(BEFORE)--> ""mise"" | ""mise"" --(OVERLAP)--> ""transfusions"""
177,44,FR100882,[EVENT_BEFORE_N/A_ACTUAL_POS] --(BEFORE)--> [EVENT_BEFORE_N/A_ACTUAL_POS] | [EVENT_BEFORE_N/A_ACTUAL_POS] --(OVERLAP)--> [EVENT_BEFORE_N/A_ACTUAL_POS],"""scanner"" --(BEFORE)--> ""laminectomie"" | ""laminectomie"" --(OVERLAP)--> ""examen"""
177,44,FR100894,[EVENT_BEFORE_N/A_ACTUAL_POS] --(BEFORE)--> [EVENT_BEFORE_N/A_ACTUAL_POS] | [EVENT_BEFORE_N/A_ACTUAL_POS] --(OVERLAP)--> [EVENT_BEFORE_N/A_ACTUAL_POS],"""pris"" --(BEFORE)--> ""incision"" | ""incision"" --(OVERLAP)--> ""rompu"""
177,44,FR100932,[EVENT_BEFORE_N/A_ACTUAL_POS] --(BEFORE)--> [EVENT_BEFORE_N/A_ACTUAL_POS] | [EVENT_BEFORE_N/A_ACTUAL_POS] --(OVERLAP)--> [EVENT_BEFORE_N/A_ACTUAL_POS],"""mise"" --(BEFORE)--> ""opérée"" | ""opérée"" --(OVERLAP)--> ""drainage"""
77,43,FR100003,[EVENT_BEFORE_N/A_ACTUAL_POS] --(CONTAINS)--> [EVENT_BEFORE_N/A_ACTUAL_POS] | [EVENT_BEFORE_N/A_ACTUAL_POS] --(BEFORE)--> [EVENT_BEFORE_N/A_ACTUAL_POS] | [EVENT_BEFORE_N/A_ACTUAL_POS] --(BEFORE)--> [EVENT_BEFORE_N/A_ACTUAL_POS],"""ponction"" --(CONTAINS)--> ""ramené"" | ""ponction"" --(BEFORE)--> ""examen"" | ""examen"" --(BEFORE)--> ""examen"""
77,43,FR100092,[EVENT_BEFORE_N/A_ACTUAL_POS] --(CONTAINS)--> [EVENT_BEFORE_N/A_ACTUAL_POS] | [EVENT_BEFORE_N/A_ACTUAL_POS] --(BEFORE)--> [EVENT_BEFORE_N/A_ACTUAL_POS] | [EVENT_BEFORE_N/A_ACTUAL_POS] --(BEFORE)--> [EVENT_BEFORE_N/A_ACTUAL_POS],"""examen"" --(CONTAINS)--> ""tension"" | ""examen"" --(BEFORE)--> ""examen"" | ""examen"" --(BEFORE)--> ""examen"""
77,43,FR100130,[EVENT_BEFORE_N/A_ACTUAL_POS] --(CONTAINS)--> [EVENT_BEFORE_N/A_ACTUAL_POS] | [EVENT_BEFORE_N/A_ACTUAL_POS] --(BEFORE)--> [EVENT_BEFORE_N/A_ACTUAL_POS] | [EVENT_BEFORE_N/A_ACTUAL_POS] --(BEFORE)--> [EVENT_BEFORE_N/A_ACTUAL_POS],"""séjour"" --(CONTAINS)--> ""réconforté"" | ""séjour"" --(BEFORE)--> ""bilan"" | ""bilan"" --(BEFORE)--> ""suspectée"""
77,43,FR100161,[EVENT_BEFORE_N/A_ACTUAL_POS] --(CONTAINS)--> [EVENT_BEFORE_N/A_ACTUAL_POS] | [EVENT_BEFORE_N/A_ACTUAL_POS] --(BEFORE)--> [EVENT_BEFORE_N/A_ACTUAL_POS] | [EVENT_BEFORE_N/A_ACTUAL_POS] --(BEFORE)--> [EVENT_BEFORE_N/A_ACTUAL_POS],"""examens"" --(CONTAINS)--> ""Acti tests"" | ""examens"" --(BEFORE)--> ""radiographie"" | ""radiographie"" --(BEFORE)--> ""complément"""
77,43,FR100255,[EVENT_BEFORE_N/A_ACTUAL_POS] --(CONTAINS)--> [EVENT_BEFORE_N/A_ACTUAL_POS] | [EVENT_BEFORE_N/A_ACTUAL_POS] --(BEFORE)--> [EVENT_BEFORE_N/A_ACTUAL_POS] | [EVENT_BEFORE_N/A_ACTUAL_POS] --(BEFORE)--> [EVENT_BEFORE_N/A_ACTUAL_POS],"""échographie"" --(CONTAINS)--> ""confirmation"" | ""échographie"" --(BEFORE)--> ""mise"" | ""mise"" --(BEFORE)--> ""oxygénothérapie"""
77,43,FR100275,[EVENT_BEFORE_N/A_ACTUAL_POS] --(CONTAINS)--> [EVENT_BEFORE_N/A_ACTUAL_POS] | [EVENT_BEFORE_N/A_ACTUAL_POS] --(BEFORE)--> [EVENT_BEFORE_N/A_ACTUAL_POS] | [EVENT_BEFORE_N/A_ACTUAL_POS] --(BEFORE)--> [EVENT_BEFORE_N/A_ACTUAL_POS],"""manœuvres"" --(CONTAINS)--> ""dégagement"" | ""manœuvres"" --(BEFORE)--> ""transféré"" | ""transféré"" --(BEFORE)--> ""anamnèse"""
77,43,FR100276,[EVENT_BEFORE_N/A_ACTUAL_POS] --(CONTAINS)--> [EVENT_BEFORE_N/A_ACTUAL_POS] | [EVENT_BEFORE_N/A_ACTUAL_POS] --(BEFORE)--> [EVENT_BEFORE_N/A_ACTUAL_POS] | [EVENT_BEFORE_N/A_ACTUAL_POS] --(BEFORE)--> [EVENT_BEFORE_N/A_ACTUAL_POS],"""biopsie"" --(CONTAINS)--> ""examen"" | ""biopsie"" --(BEFORE)--> ""posé"" | ""posé"" --(BEFORE)--> ""application"""
77,43,FR100296,[EVENT_BEFORE_N/A_ACTUAL_POS] --(CONTAINS)--> [EVENT_BEFORE_N/A_ACTUAL_POS] | [EVENT_BEFORE_N/A_ACTUAL_POS] --(BEFORE)--> [EVENT_BEFORE_N/A_ACTUAL_POS] | [EVENT_BEFORE_N/A_ACTUAL_POS] --(BEFORE)--> [EVENT_BEFORE_N/A_ACTUAL_POS],"""fenestration"" --(CONTAINS)--> ""geste"" | ""fenestration"" --(BEFORE)--> ""suites"" | ""suites"" --(BEFORE)--> ""exéaté"""
77,43,FR100344,[EVENT_BEFORE_N/A_ACTUAL_POS] --(CONTAINS)--> [EVENT_BEFORE_N/A_ACTUAL_POS] | [EVENT_BEFORE_N/A_ACTUAL_POS] --(BEFORE)--> [EVENT_BEFORE_N/A_ACTUAL_POS] | [EVENT_BEFORE_N/A_ACTUAL_POS] --(BEFORE)--> [EVENT_BEFORE_N/A_ACTUAL_POS],"""bilan"" --(CONTAINS)--> ""échographie"" | ""bilan"" --(BEFORE)--> ""contrôle"" | ""contrôle"" --(BEFORE)--> ""échographies"""
77,43,FR100346,[EVENT_BEFORE_N/A_ACTUAL_POS] --(CONTAINS)--> [EVENT_BEFORE_N/A_ACTUAL_POS] | [EVENT_BEFORE_N/A_ACTUAL_POS] --(BEFORE)--> [EVENT_BEFORE_N/A_ACTUAL_POS] | [EVENT_BEFORE_N/A_ACTUAL_POS] --(BEFORE)--> [EVENT_BEFORE_N/A_ACTUAL_POS],"""examen"" --(CONTAINS)--> ""reste"" | ""examen"" --(BEFORE)--> ""gazométrie"" | ""gazométrie"" --(BEFORE)--> ""reste"""
77,43,FR100360,[EVENT_BEFORE_N/A_ACTUAL_POS] --(CONTAINS)--> [EVENT_BEFORE_N/A_ACTUAL_POS] | [EVENT_BEFORE_N/A_ACTUAL_POS] --(BEFORE)--> [EVENT_BEFORE_N/A_ACTUAL_POS] | [EVENT_BEFORE_N/A_ACTUAL_POS] --(BEFORE)--> [EVENT_BEFORE_N/A_ACTUAL_POS],"""colpohystérectomie"" --(CONTAINS)--> ""curage"" | ""colpohystérectomie"" --(BEFORE)--> ""examen"" | ""examen"" --(BEFORE)--> ""curage"""
77,43,FR100361,[EVENT_BEFORE_N/A_ACTUAL_POS] --(CONTAINS)--> [EVENT_BEFORE_N/A_ACTUAL_POS] | [EVENT_BEFORE_N/A_ACTUAL_POS] --(BEFORE)--> [EVENT_BEFORE_N/A_ACTUAL_POS] | [EVENT_BEFORE_N/A_ACTUAL_POS] --(BEFORE)--> [EVENT_BEFORE_N/A_ACTUAL_POS],"""examen"" --(CONTAINS)--> ""mobilisait"" | ""examen"" --(BEFORE)--> ""TDM"" | ""TDM"" --(BEFORE)--> ""ponction"""
77,43,FR100371,[EVENT_BEFORE_N/A_ACTUAL_POS] --(CONTAINS)--> [EVENT_BEFORE_N/A_ACTUAL_POS] | [EVENT_BEFORE_N/A_ACTUAL_POS] --(BEFORE)--> [EVENT_BEFORE_N/A_ACTUAL_POS] | [EVENT_BEFORE_N/A_ACTUAL_POS] --(BEFORE)--> [EVENT_BEFORE_N/A_ACTUAL_POS],"""suite"" --(CONTAINS)--> ""douleur"" | ""suite"" --(BEFORE)--> ""sortie"" | ""sortie"" --(BEFORE)--> ""perdue"""
77,43,FR100400,[EVENT_BEFORE_N/A_ACTUAL_POS] --(CONTAINS)--> [EVENT_BEFORE_N/A_ACTUAL_POS] | [EVENT_BEFORE_N/A_ACTUAL_POS] --(BEFORE)--> [EVENT_BEFORE_N/A_ACTUAL_POS] | [EVENT_BEFORE_N/A_ACTUAL_POS] --(BEFORE)--> [EVENT_BEFORE_N/A_ACTUAL_POS],"""histoire"" --(CONTAINS)--> ""douleurs"" | ""histoire"" --(BEFORE)--> ""examen"" | ""examen"" --(BEFORE)--> ""bilan"""
77,43,FR100448,[EVENT_BEFORE_N/A_ACTUAL_POS] --(CONTAINS)--> [EVENT_BEFORE_N/A_ACTUAL_POS] | [EVENT_BEFORE_N/A_ACTUAL_POS] --(BEFORE)--> [EVENT_BEFORE_N/A_ACTUAL_POS] | [EVENT_BEFORE_N/A_ACTUAL_POS] --(BEFORE)--> [EVENT_BEFORE_N/A_ACTUAL_POS],"""examen"" --(CONTAINS)--> ""reste"" | ""examen"" --(BEFORE)--> ""échotomographie"" | ""échotomographie"" --(BEFORE)--> ""hémi thyroïdectomie"""
77,43,FR100515,[EVENT_BEFORE_N/A_ACTUAL_POS] --(CONTAINS)--> [EVENT_BEFORE_N/A_ACTUAL_POS] | [EVENT_BEFORE_N/A_ACTUAL_POS] --(BEFORE)--> [EVENT_BEFORE_N/A_ACTUAL_POS] | [EVENT_BEFORE_N/A_ACTUAL_POS] --(BEFORE)--> [EVENT_BEFORE_N/A_ACTUAL_POS],"""bilan"" --(CONTAINS)--> ""recherche"" | ""bilan"" --(BEFORE)--> ""bilan"" | ""bilan"" --(BEFORE)--> ""prescrits"""
77,43,FR100517,[EVENT_BEFORE_N/A_ACTUAL_POS] --(CONTAINS)--> [EVENT_BEFORE_N/A_ACTUAL_POS] | [EVENT_BEFORE_N/A_ACTUAL_POS] --(BEFORE)--> [EVENT_BEFORE_N/A_ACTUAL_POS] | [EVENT_BEFORE_N/A_ACTUAL_POS] --(BEFORE)--> [EVENT_BEFORE_N/A_ACTUAL_POS],"""bilan"" --(CONTAINS)--> ""fibroscopie"" | ""bilan"" --(BEFORE)--> ""mise"" | ""mise"" --(BEFORE)--> ""auscultation"""
77,43,FR100519,[EVENT_BEFORE_N/A_ACTUAL_POS] --(CONTAINS)--> [EVENT_BEFORE_N/A_ACTUAL_POS] | [EVENT_BEFORE_N/A_ACTUAL_POS] --(BEFORE)--> [EVENT_BEFORE_N/A_ACTUAL_POS] | [EVENT_BEFORE_N/A_ACTUAL_POS] --(BEFORE)--> [EVENT_BEFORE_N/A_ACTUAL_POS],"""bilan"" --(CONTAINS)--> ""radiographie"" | ""bilan"" --(BEFORE)--> ""angioscanner"" | ""angioscanner"" --(BEFORE)--> ""échodoppler"""
77,43,FR100589,[EVENT_BEFORE_N/A_ACTUAL_POS] --(CONTAINS)--> [EVENT_BEFORE_N/A_ACTUAL_POS] | [EVENT_BEFORE_N/A_ACTUAL_POS] --(BEFORE)--> [EVENT_BEFORE_N/A_ACTUAL_POS] | [EVENT_BEFORE_N/A_ACTUAL_POS] --(BEFORE)--> [EVENT_BEFORE_N/A_ACTUAL_POS],"""lavage"" --(CONTAINS)--> ""recherche"" | ""lavage"" --(BEFORE)--> ""biopsies"" | ""biopsies"" --(BEFORE)--> ""exploration"""
77,43,FR100597,[EVENT_BEFORE_N/A_ACTUAL_POS] --(CONTAINS)--> [EVENT_BEFORE_N/A_ACTUAL_POS] | [EVENT_BEFORE_N/A_ACTUAL_POS] --(BEFORE)--> [EVENT_BEFORE_N/A_ACTUAL_POS] | [EVENT_BEFORE_N/A_ACTUAL_POS] --(BEFORE)--> [EVENT_BEFORE_N/A_ACTUAL_POS],"""hystérectomie"" --(CONTAINS)--> ""annexectomie"" | ""hystérectomie"" --(BEFORE)--> ""suites"" | ""suites"" --(BEFORE)--> ""décédée"""
77,43,FR100603,[EVENT_BEFORE_N/A_ACTUAL_POS] --(CONTAINS)--> [EVENT_BEFORE_N/A_ACTUAL_POS] | [EVENT_BEFORE_N/A_ACTUAL_POS] --(BEFORE)--> [EVENT_BEFORE_N/A_ACTUAL_POS] | [EVENT_BEFORE_N/A_ACTUAL_POS] --(BEFORE)--> [EVENT_BEFORE_N/A_ACTUAL_POS],"""chirurgie"" --(CONTAINS)--> ""remplacée"" | ""chirurgie"" --(BEFORE)--> ""hémocultures"" | ""hémocultures"" --(BEFORE)--> ""évolution"""
77,43,FR100611,[EVENT_BEFORE_N/A_ACTUAL_POS] --(CONTAINS)--> [EVENT_BEFORE_N/A_ACTUAL_POS] | [EVENT_BEFORE_N/A_ACTUAL_POS] --(BEFORE)--> [EVENT_BEFORE_N/A_ACTUAL_POS] | [EVENT_BEFORE_N/A_ACTUAL_POS] --(BEFORE)--> [EVENT_BEFORE_N/A_ACTUAL_POS],"""TDM"" --(CONTAINS)--> ""image"" | ""TDM"" --(BEFORE)--> ""biopsie"" | ""biopsie"" --(BEFORE)--> ""recherche"""
77,43,FR100614,[EVENT_BEFORE_N/A_ACTUAL_POS] --(CONTAINS)--> [EVENT_BEFORE_N/A_ACTUAL_POS] | [EVENT_BEFORE_N/A_ACTUAL_POS] --(BEFORE)--> [EVENT_BEFORE_N/A_ACTUAL_POS] | [EVENT_BEFORE_N/A_ACTUAL_POS] --(BEFORE)--> [EVENT_BEFORE_N/A_ACTUAL_POS],"""intervention"" --(CONTAINS)--> ""éviter"" | ""intervention"" --(BEFORE)--> ""résection"" | ""résection"" --(BEFORE)--> ""étude"""
77,43,FR100620,[EVENT_BEFORE_N/A_ACTUAL_POS] --(CONTAINS)--> [EVENT_BEFORE_N/A_ACTUAL_POS] | [EVENT_BEFORE_N/A_ACTUAL_POS] --(BEFORE)--> [EVENT_BEFORE_N/A_ACTUAL_POS] | [EVENT_BEFORE_N/A_ACTUAL_POS] --(BEFORE)--> [EVENT_BEFORE_N/A_ACTUAL_POS],"""bilan"" --(CONTAINS)--> ""pléthysmographie"" | ""bilan"" --(BEFORE)--> ""bilan"" | ""bilan"" --(BEFORE)--> ""bilan"""
77,43,FR100629,[EVENT_BEFORE_N/A_ACTUAL_POS] --(CONTAINS)--> [EVENT_BEFORE_N/A_ACTUAL_POS] | [EVENT_BEFORE_N/A_ACTUAL_POS] --(BEFORE)--> [EVENT_BEFORE_N/A_ACTUAL_POS] | [EVENT_BEFORE_N/A_ACTUAL_POS] --(BEFORE)--> [EVENT_BEFORE_N/A_ACTUAL_POS],"""thoracoscopie"" --(CONTAINS)--> ""immuno histochimie"" | ""thoracoscopie"" --(BEFORE)--> ""marquage"" | ""marquage"" --(BEFORE)--> ""bilan"""
77,43,FR100632,[EVENT_BEFORE_N/A_ACTUAL_POS] --(CONTAINS)--> [EVENT_BEFORE_N/A_ACTUAL_POS] | [EVENT_BEFORE_N/A_ACTUAL_POS] --(BEFORE)--> [EVENT_BEFORE_N/A_ACTUAL_POS] | [EVENT_BEFORE_N/A_ACTUAL_POS] --(BEFORE)--> [EVENT_BEFORE_N/A_ACTUAL_POS],"""étude"" --(CONTAINS)--> ""culture"" | ""étude"" --(BEFORE)--> ""numération"" | ""numération"" --(BEFORE)--> ""bilan"""
77,43,FR100658,[EVENT_BEFORE_N/A_ACTUAL_POS] --(CONTAINS)--> [EVENT_BEFORE_N/A_ACTUAL_POS] | [EVENT_BEFORE_N/A_ACTUAL_POS] --(BEFORE)--> [EVENT_BEFORE_N/A_ACTUAL_POS] | [EVENT_BEFORE_N/A_ACTUAL_POS] --(BEFORE)--> [EVENT_BEFORE_N/A_ACTUAL_POS],"""évaluation"" --(CONTAINS)--> ""examen"" | ""évaluation"" --(BEFORE)--> ""auscultation"" | ""auscultation"" --(BEFORE)--> ""examens"""
77,43,FR100666,[EVENT_BEFORE_N/A_ACTUAL_POS] --(CONTAINS)--> [EVENT_BEFORE_N/A_ACTUAL_POS] | [EVENT_BEFORE_N/A_ACTUAL_POS] --(BEFORE)--> [EVENT_BEFORE_N/A_ACTUAL_POS] | [EVENT_BEFORE_N/A_ACTUAL_POS] --(BEFORE)--> [EVENT_BEFORE_N/A_ACTUAL_POS],"""examen"" --(CONTAINS)--> ""palpation"" | ""examen"" --(BEFORE)--> ""examen"" | ""examen"" --(BEFORE)--> ""palpation"""
77,43,FR100689,[EVENT_BEFORE_N/A_ACTUAL_POS] --(CONTAINS)--> [EVENT_BEFORE_N/A_ACTUAL_POS] | [EVENT_BEFORE_N/A_ACTUAL_POS] --(BEFORE)--> [EVENT_BEFORE_N/A_ACTUAL_POS] | [EVENT_BEFORE_N/A_ACTUAL_POS] --(BEFORE)--> [EVENT_BEFORE_N/A_ACTUAL_POS],"""IRM"" --(CONTAINS)--> ""injection"" | ""IRM"" --(BEFORE)--> ""étude"" | ""étude"" --(BEFORE)--> ""examen"""
77,43,FR100748,[EVENT_BEFORE_N/A_ACTUAL_POS] --(CONTAINS)--> [EVENT_BEFORE_N/A_ACTUAL_POS] | [EVENT_BEFORE_N/A_ACTUAL_POS] --(BEFORE)--> [EVENT_BEFORE_N/A_ACTUAL_POS] | [EVENT_BEFORE_N/A_ACTUAL_POS] --(BEFORE)--> [EVENT_BEFORE_N/A_ACTUAL_POS],"""consultation"" --(CONTAINS)--> ""examen"" | ""consultation"" --(BEFORE)--> ""ASA"" | ""ASA"" --(BEFORE)--> ""Nicardipine"""
77,43,FR100780,[EVENT_BEFORE_N/A_ACTUAL_POS] --(CONTAINS)--> [EVENT_BEFORE_N/A_ACTUAL_POS] | [EVENT_BEFORE_N/A_ACTUAL_POS] --(BEFORE)--> [EVENT_BEFORE_N/A_ACTUAL_POS] | [EVENT_BEFORE_N/A_ACTUAL_POS] --(BEFORE)--> [EVENT_BEFORE_N/A_ACTUAL_POS],"""examen"" --(CONTAINS)--> ""température"" | ""examen"" --(BEFORE)--> ""toucher"" | ""toucher"" --(BEFORE)--> ""échographie"""
77,43,FR100806,[EVENT_BEFORE_N/A_ACTUAL_POS] --(CONTAINS)--> [EVENT_BEFORE_N/A_ACTUAL_POS] | [EVENT_BEFORE_N/A_ACTUAL_POS] --(BEFORE)--> [EVENT_BEFORE_N/A_ACTUAL_POS] | [EVENT_BEFORE_N/A_ACTUAL_POS] --(BEFORE)--> [EVENT_BEFORE_N/A_ACTUAL_POS],"""biologie"" --(CONTAINS)--> ""NFS"" | ""biologie"" --(BEFORE)--> ""hospitalisée"" | ""hospitalisée"" --(BEFORE)--> ""transfusion"""
77,43,FR100814,[EVENT_BEFORE_N/A_ACTUAL_POS] --(CONTAINS)--> [EVENT_BEFORE_N/A_ACTUAL_POS] | [EVENT_BEFORE_N/A_ACTUAL_POS] --(BEFORE)--> [EVENT_BEFORE_N/A_ACTUAL_POS] | [EVENT_BEFORE_N/A_ACTUAL_POS] --(BEFORE)--> [EVENT_BEFORE_N/A_ACTUAL_POS],"""IRM"" --(CONTAINS)--> ""injection"" | ""IRM"" --(BEFORE)--> ""diagnostic"" | ""diagnostic"" --(BEFORE)--> ""réséquée"""
77,43,FR100826,[EVENT_BEFORE_N/A_ACTUAL_POS] --(CONTAINS)--> [EVENT_BEFORE_N/A_ACTUAL_POS] | [EVENT_BEFORE_N/A_ACTUAL_POS] --(BEFORE)--> [EVENT_BEFORE_N/A_ACTUAL_POS] | [EVENT_BEFORE_N/A_ACTUAL_POS] --(BEFORE)--> [EVENT_BEFORE_N/A_ACTUAL_POS],"""bilan"" --(CONTAINS)--> ""tomodensitométrie"" | ""bilan"" --(BEFORE)--> ""bilan"" | ""bilan"" --(BEFORE)--> ""retenue"""
77,43,FR100845,[EVENT_BEFORE_N/A_ACTUAL_POS] --(CONTAINS)--> [EVENT_BEFORE_N/A_ACTUAL_POS] | [EVENT_BEFORE_N/A_ACTUAL_POS] --(BEFORE)--> [EVENT_BEFORE_N/A_ACTUAL_POS] | [EVENT_BEFORE_N/A_ACTUAL_POS] --(BEFORE)--> [EVENT_BEFORE_N/A_ACTUAL_POS],"""examen"" --(CONTAINS)--> ""toucher"" | ""examen"" --(BEFORE)--> ""échographie"" | ""échographie"" --(BEFORE)--> ""radiographie"""
77,43,FR100849,[EVENT_BEFORE_N/A_ACTUAL_POS] --(CONTAINS)--> [EVENT_BEFORE_N/A_ACTUAL_POS] | [EVENT_BEFORE_N/A_ACTUAL_POS] --(BEFORE)--> [EVENT_BEFORE_N/A_ACTUAL_POS] | [EVENT_BEFORE_N/A_ACTUAL_POS] --(BEFORE)--> [EVENT_BEFORE_N/A_ACTUAL_POS],"""admission"" --(CONTAINS)--> ""examen"" | ""admission"" --(BEFORE)--> ""tomodensitométrie"" | ""tomodensitométrie"" --(BEFORE)--> ""acheminé"""
77,43,FR100870,[EVENT_BEFORE_N/A_ACTUAL_POS] --(CONTAINS)--> [EVENT_BEFORE_N/A_ACTUAL_POS] | [EVENT_BEFORE_N/A_ACTUAL_POS] --(BEFORE)--> [EVENT_BEFORE_N/A_ACTUAL_POS] | [EVENT_BEFORE_N/A_ACTUAL_POS] --(BEFORE)--> [EVENT_BEFORE_N/A_ACTUAL_POS],"""électrophorèse"" --(CONTAINS)--> ""découverte"" | ""électrophorèse"" --(BEFORE)--> ""immunosoustraction"" | ""immunosoustraction"" --(BEFORE)--> ""immunofixation"""
77,43,FR100874,[EVENT_BEFORE_N/A_ACTUAL_POS] --(CONTAINS)--> [EVENT_BEFORE_N/A_ACTUAL_POS] | [EVENT_BEFORE_N/A_ACTUAL_POS] --(BEFORE)--> [EVENT_BEFORE_N/A_ACTUAL_POS] | [EVENT_BEFORE_N/A_ACTUAL_POS] --(BEFORE)--> [EVENT_BEFORE_N/A_ACTUAL_POS],"""admission"" --(CONTAINS)--> ""interrogatoire"" | ""admission"" --(BEFORE)--> ""examen"" | ""examen"" --(BEFORE)--> ""hémogramme"""
77,43,FR100903,[EVENT_BEFORE_N/A_ACTUAL_POS] --(CONTAINS)--> [EVENT_BEFORE_N/A_ACTUAL_POS] | [EVENT_BEFORE_N/A_ACTUAL_POS] --(BEFORE)--> [EVENT_BEFORE_N/A_ACTUAL_POS] | [EVENT_BEFORE_N/A_ACTUAL_POS] --(BEFORE)--> [EVENT_BEFORE_N/A_ACTUAL_POS],"""contrôles"" --(CONTAINS)--> ""biométrie"" | ""contrôles"" --(BEFORE)--> ""accouchement"" | ""accouchement"" --(BEFORE)--> ""décédé"""
77,43,FR100919,[EVENT_BEFORE_N/A_ACTUAL_POS] --(CONTAINS)--> [EVENT_BEFORE_N/A_ACTUAL_POS] | [EVENT_BEFORE_N/A_ACTUAL_POS] --(BEFORE)--> [EVENT_BEFORE_N/A_ACTUAL_POS] | [EVENT_BEFORE_N/A_ACTUAL_POS] --(BEFORE)--> [EVENT_BEFORE_N/A_ACTUAL_POS],"""correction"" --(CONTAINS)--> ""injection"" | ""correction"" --(BEFORE)--> ""adressée"" | ""adressée"" --(BEFORE)--> ""bilan"""
77,43,FR100946,[EVENT_BEFORE_N/A_ACTUAL_POS] --(CONTAINS)--> [EVENT_BEFORE_N/A_ACTUAL_POS] | [EVENT_BEFORE_N/A_ACTUAL_POS] --(BEFORE)--> [EVENT_BEFORE_N/A_ACTUAL_POS] | [EVENT_BEFORE_N/A_ACTUAL_POS] --(BEFORE)--> [EVENT_BEFORE_N/A_ACTUAL_POS],"""IRM"" --(CONTAINS)--> ""prise"" | ""IRM"" --(BEFORE)--> ""analyse"" | ""analyse"" --(BEFORE)--> ""mise"""
77,43,FR100959,[EVENT_BEFORE_N/A_ACTUAL_POS] --(CONTAINS)--> [EVENT_BEFORE_N/A_ACTUAL_POS] | [EVENT_BEFORE_N/A_ACTUAL_POS] --(BEFORE)--> [EVENT_BEFORE_N/A_ACTUAL_POS] | [EVENT_BEFORE_N/A_ACTUAL_POS] --(BEFORE)--> [EVENT_BEFORE_N/A_ACTUAL_POS],"""œsophagoscopie"" --(CONTAINS)--> ""permis"" | ""œsophagoscopie"" --(BEFORE)--> ""Transit"" | ""Transit"" --(BEFORE)--> ""notée"""
117,43,FR100003,[EVENT_BEFORE_N/A_ACTUAL_POS] --(BEFORE)--> [EVENT_BEFORE_N/A_ACTUAL_POS] | [EVENT_BEFORE_N/A_ACTUAL_POS] --(BEFORE)--> [EVENT_BEFORE_N/A_ACTUAL_POS] | [EVENT_BEFORE_N/A_ACTUAL_POS] --(BEFORE)--> [EVENT_BEFORE_N/A_ACTUAL_POS] | [EVENT_BEFORE_N/A_ACTUAL_POS] --(BEFORE)--> [EVENT_BEFORE_N/A_ACTUAL_POS] | [EVENT_BEFORE_N/A_ACTUAL_POS] --(BEFORE)--> [EVENT_BEFORE_N/A_ACTUAL_POS],"""panoramique"" --(BEFORE)--> ""ponction"" | ""ponction"" --(BEFORE)--> ""examen"" | ""examen"" --(BEFORE)--> ""examen"" | ""examen"" --(BEFORE)--> ""antibiothérapie"" | ""antibiothérapie"" --(BEFORE)--> ""bloc"""
117,43,FR100092,[EVENT_BEFORE_N/A_ACTUAL_POS] --(BEFORE)--> [EVENT_BEFORE_N/A_ACTUAL_POS] | [EVENT_BEFORE_N/A_ACTUAL_POS] --(BEFORE)--> [EVENT_BEFORE_N/A_ACTUAL_POS] | [EVENT_BEFORE_N/A_ACTUAL_POS] --(BEFORE)--> [EVENT_BEFORE_N/A_ACTUAL_POS] | [EVENT_BEFORE_N/A_ACTUAL_POS] --(BEFORE)--> [EVENT_BEFORE_N/A_ACTUAL_POS] | [EVENT_BEFORE_N/A_ACTUAL_POS] --(BEFORE)--> [EVENT_BEFORE_N/A_ACTUAL_POS],"""admise"" --(BEFORE)--> ""examen"" | ""examen"" --(BEFORE)--> ""examen"" | ""examen"" --(BEFORE)--> ""examen"" | ""examen"" --(BEFORE)--> ""échographie"" | ""échographie"" --(BEFORE)--> ""tableau"""
117,43,FR100130,[EVENT_BEFORE_N/A_ACTUAL_POS] --(BEFORE)--> [EVENT_BEFORE_N/A_ACTUAL_POS] | [EVENT_BEFORE_N/A_ACTUAL_POS] --(BEFORE)--> [EVENT_BEFORE_N/A_ACTUAL_POS] | [EVENT_BEFORE_N/A_ACTUAL_POS] --(BEFORE)--> [EVENT_BEFORE_N/A_ACTUAL_POS] | [EVENT_BEFORE_N/A_ACTUAL_POS] --(BEFORE)--> [EVENT_BEFORE_N/A_ACTUAL_POS] | [EVENT_BEFORE_N/A_ACTUAL_POS] --(BEFORE)--> [EVENT_BEFORE_N/A_ACTUAL_POS],"""diagnostic"" --(BEFORE)--> ""confirmé"" | ""confirmé"" --(BEFORE)--> ""recherche"" | ""recherche"" --(BEFORE)--> ""séjour"" | ""séjour"" --(BEFORE)--> ""bilan"" | ""bilan"" --(BEFORE)--> ""suspectée"""
117,43,FR100142,[EVENT_BEFORE_N/A_ACTUAL_POS] --(BEFORE)--> [EVENT_BEFORE_N/A_ACTUAL_POS] | [EVENT_BEFORE_N/A_ACTUAL_POS] --(BEFORE)--> [EVENT_BEFORE_N/A_ACTUAL_POS] | [EVENT_BEFORE_N/A_ACTUAL_POS] --(BEFORE)--> [EVENT_BEFORE_N/A_ACTUAL_POS] | [EVENT_BEFORE_N/A_ACTUAL_POS] --(BEFORE)--> [EVENT_BEFORE_N/A_ACTUAL_POS] | [EVENT_BEFORE_N/A_ACTUAL_POS] --(BEFORE)--> [EVENT_BEFORE_N/A_ACTUAL_POS],"""examen"" --(BEFORE)--> ""électrophorèse"" | ""électrophorèse"" --(BEFORE)--> ""scanner"" | ""scanner"" --(BEFORE)--> ""fibroscopie"" | ""fibroscopie"" --(BEFORE)--> ""biopsie"" | ""biopsie"" --(BEFORE)--> ""mis"""
117,43,FR100161,[EVENT_BEFORE_N/A_ACTUAL_POS] --(BEFORE)--> [EVENT_BEFORE_N/A_ACTUAL_POS] | [EVENT_BEFORE_N/A_ACTUAL_POS] --(BEFORE)--> [EVENT_BEFORE_N/A_ACTUAL_POS] | [EVENT_BEFORE_N/A_ACTUAL_POS] --(BEFORE)--> [EVENT_BEFORE_N/A_ACTUAL_POS] | [EVENT_BEFORE_N/A_ACTUAL_POS] --(BEFORE)--> [EVENT_BEFORE_N/A_ACTUAL_POS] | [EVENT_BEFORE_N/A_ACTUAL_POS] --(BEFORE)--> [EVENT_BEFORE_N/A_ACTUAL_POS],"""interrogatoire"" --(BEFORE)--> ""examen"" | ""examen"" --(BEFORE)--> ""examens"" | ""examens"" --(BEFORE)--> ""radiographie"" | ""radiographie"" --(BEFORE)--> ""complément"" | ""complément"" --(BEFORE)--> ""cortisol"""
117,43,FR100255,[EVENT_BEFORE_N/A_ACTUAL_POS] --(BEFORE)--> [EVENT_BEFORE_N/A_ACTUAL_POS] | [EVENT_BEFORE_N/A_ACTUAL_POS] --(BEFORE)--> [EVENT_BEFORE_N/A_ACTUAL_POS] | [EVENT_BEFORE_N/A_ACTUAL_POS] --(BEFORE)--> [EVENT_BEFORE_N/A_ACTUAL_POS] | [EVENT_BEFORE_N/A_ACTUAL_POS] --(BEFORE)--> [EVENT_BEFORE_N/A_ACTUAL_POS] | [EVENT_BEFORE_N/A_ACTUAL_POS] --(BEFORE)--> [EVENT_BEFORE_N/A_ACTUAL_POS],"""radio"" --(BEFORE)--> ""TDM"" | ""TDM"" --(BEFORE)--> ""bilan"" | ""bilan"" --(BEFORE)--> ""expulsé"" | ""expulsé"" --(BEFORE)--> ""contrôle"" | ""contrôle"" --(BEFORE)--> ""quitté"""
117,43,FR100275,[EVENT_BEFORE_N/A_ACTUAL_POS] --(BEFORE)--> [EVENT_BEFORE_N/A_ACTUAL_POS] | [EVENT_BEFORE_N/A_ACTUAL_POS] --(BEFORE)--> [EVENT_BEFORE_N/A_ACTUAL_POS] | [EVENT_BEFORE_N/A_ACTUAL_POS] --(BEFORE)--> [EVENT_BEFORE_N/A_ACTUAL_POS] | [EVENT_BEFORE_N/A_ACTUAL_POS] --(BEFORE)--> [EVENT_BEFORE_N/A_ACTUAL_POS] | [EVENT_BEFORE_N/A_ACTUAL_POS] --(BEFORE)--> [EVENT_BEFORE_N/A_ACTUAL_POS],"""découverte"" --(BEFORE)--> ""arrivée"" | ""arrivée"" --(BEFORE)--> ""établi"" | ""établi"" --(BEFORE)--> ""manœuvres"" | ""manœuvres"" --(BEFORE)--> ""transféré"" | ""transféré"" --(BEFORE)--> ""anamnèse"""
117,43,FR100314,[EVENT_BEFORE_N/A_ACTUAL_POS] --(BEFORE)--> [EVENT_BEFORE_N/A_ACTUAL_POS] | [EVENT_BEFORE_N/A_ACTUAL_POS] --(BEFORE)--> [EVENT_BEFORE_N/A_ACTUAL_POS] | [EVENT_BEFORE_N/A_ACTUAL_POS] --(BEFORE)--> [EVENT_BEFORE_N/A_ACTUAL_POS] | [EVENT_BEFORE_N/A_ACTUAL_POS] --(BEFORE)--> [EVENT_BEFORE_N/A_ACTUAL_POS] | [EVENT_BEFORE_N/A_ACTUAL_POS] --(BEFORE)--> [EVENT_BEFORE_N/A_ACTUAL_POS],"""admise"" --(BEFORE)--> ""bilan"" | ""bilan"" --(BEFORE)--> ""drainage"" | ""drainage"" --(BEFORE)--> ""angio-scanner"" | ""angio-scanner"" --(BEFORE)--> ""amputation"" | ""amputation"" --(BEFORE)--> ""mise"""
117,43,FR100346,[EVENT_BEFORE_N/A_ACTUAL_POS] --(BEFORE)--> [EVENT_BEFORE_N/A_ACTUAL_POS] | [EVENT_BEFORE_N/A_ACTUAL_POS] --(BEFORE)--> [EVENT_BEFORE_N/A_ACTUAL_POS] | [EVENT_BEFORE_N/A_ACTUAL_POS] --(BEFORE)--> [EVENT_BEFORE_N/A_ACTUAL_POS] | [EVENT_BEFORE_N/A_ACTUAL_POS] --(BEFORE)--> [EVENT_BEFORE_N/A_ACTUAL_POS] | [EVENT_BEFORE_N/A_ACTUAL_POS] --(BEFORE)--> [EVENT_BEFORE_N/A_ACTUAL_POS],"""IRM"" --(BEFORE)--> ""scanner"" | ""scanner"" --(BEFORE)--> ""posé"" | ""posé"" --(BEFORE)--> ""bilan"" | ""bilan"" --(BEFORE)--> ""héparinothérapie"" | ""héparinothérapie"" --(BEFORE)--> ""anti-vitamine"""
117,43,FR100360,[EVENT_BEFORE_N/A_ACTUAL_POS] --(BEFORE)--> [EVENT_BEFORE_N/A_ACTUAL_POS] | [EVENT_BEFORE_N/A_ACTUAL_POS] --(BEFORE)--> [EVENT_BEFORE_N/A_ACTUAL_POS] | [EVENT_BEFORE_N/A_ACTUAL_POS] --(BEFORE)--> [EVENT_BEFORE_N/A_ACTUAL_POS] | [EVENT_BEFORE_N/A_ACTUAL_POS] --(BEFORE)--> [EVENT_BEFORE_N/A_ACTUAL_POS] | [EVENT_BEFORE_N/A_ACTUAL_POS] --(BEFORE)--> [EVENT_BEFORE_N/A_ACTUAL_POS],"""tomodensitométrie"" --(BEFORE)--> ""complément"" | ""complément"" --(BEFORE)--> ""biopsie"" | ""biopsie"" --(BEFORE)--> ""tomodensitométrie"" | ""tomodensitométrie"" --(BEFORE)--> ""radiothérapie"" | ""radiothérapie"" --(BEFORE)--> ""cures"""
117,43,FR100361,[EVENT_BEFORE_N/A_ACTUAL_POS] --(BEFORE)--> [EVENT_BEFORE_N/A_ACTUAL_POS] | [EVENT_BEFORE_N/A_ACTUAL_POS] --(BEFORE)--> [EVENT_BEFORE_N/A_ACTUAL_POS] | [EVENT_BEFORE_N/A_ACTUAL_POS] --(BEFORE)--> [EVENT_BEFORE_N/A_ACTUAL_POS] | [EVENT_BEFORE_N/A_ACTUAL_POS] --(BEFORE)--> [EVENT_BEFORE_N/A_ACTUAL_POS] | [EVENT_BEFORE_N/A_ACTUAL_POS] --(BEFORE)--> [EVENT_BEFORE_N/A_ACTUAL_POS],"""TDM"" --(BEFORE)--> ""ponction"" | ""ponction"" --(BEFORE)--> ""examen"" | ""examen"" --(BEFORE)--> ""examen"" | ""examen"" --(BEFORE)--> ""culture"" | ""culture"" --(BEFORE)--> ""protéine"""
117,43,FR100371,[EVENT_BEFORE_N/A_ACTUAL_POS] --(BEFORE)--> [EVENT_BEFORE_N/A_ACTUAL_POS] | [EVENT_BEFORE_N/A_ACTUAL_POS] --(BEFORE)--> [EVENT_BEFORE_N/A_ACTUAL_POS] | [EVENT_BEFORE_N/A_ACTUAL_POS] --(BEFORE)--> [EVENT_BEFORE_N/A_ACTUAL_POS] | [EVENT_BEFORE_N/A_ACTUAL_POS] --(BEFORE)--> [EVENT_BEFORE_N/A_ACTUAL_POS] | [EVENT_BEFORE_N/A_ACTUAL_POS] --(BEFORE)--> [EVENT_BEFORE_N/A_ACTUAL_POS],"""admission"" --(BEFORE)--> ""examen"" | ""examen"" --(BEFORE)--> ""examen"" | ""examen"" --(BEFORE)--> ""bilan"" | ""bilan"" --(BEFORE)--> ""bilan"" | ""bilan"" --(BEFORE)--> ""intervention"""
117,43,FR100400,[EVENT_BEFORE_N/A_ACTUAL_POS] --(BEFORE)--> [EVENT_BEFORE_N/A_ACTUAL_POS] | [EVENT_BEFORE_N/A_ACTUAL_POS] --(BEFORE)--> [EVENT_BEFORE_N/A_ACTUAL_POS] | [EVENT_BEFORE_N/A_ACTUAL_POS] --(BEFORE)--> [EVENT_BEFORE_N/A_ACTUAL_POS] | [EVENT_BEFORE_N/A_ACTUAL_POS] --(BEFORE)--> [EVENT_BEFORE_N/A_ACTUAL_POS] | [EVENT_BEFORE_N/A_ACTUAL_POS] --(BEFORE)--> [EVENT_BEFORE_N/A_ACTUAL_POS],"""échographie"" --(BEFORE)--> ""scanner"" | ""scanner"" --(BEFORE)--> ""diagnostic"" | ""diagnostic"" --(BEFORE)--> ""exploration"" | ""exploration"" --(BEFORE)--> ""résection"" | ""résection"" --(BEFORE)--> ""drainage"""
117,43,FR100439,[EVENT_BEFORE_N/A_ACTUAL_POS] --(BEFORE)--> [EVENT_BEFORE_N/A_ACTUAL_POS] | [EVENT_BEFORE_N/A_ACTUAL_POS] --(BEFORE)--> [EVENT_BEFORE_N/A_ACTUAL_POS] | [EVENT_BEFORE_N/A_ACTUAL_POS] --(BEFORE)--> [EVENT_BEFORE_N/A_ACTUAL_POS] | [EVENT_BEFORE_N/A_ACTUAL_POS] --(BEFORE)--> [EVENT_BEFORE_N/A_ACTUAL_POS] | [EVENT_BEFORE_N/A_ACTUAL_POS] --(BEFORE)--> [EVENT_BEFORE_N/A_ACTUAL_POS],"""analyse"" --(BEFORE)--> ""demandée"" | ""demandée"" --(BEFORE)--> ""examen"" | ""examen"" --(BEFORE)--> ""classée"" | ""classée"" --(BEFORE)--> ""bénéficier"" | ""bénéficier"" --(BEFORE)--> ""nasofibroscopie"""
117,43,FR100448,[EVENT_BEFORE_N/A_ACTUAL_POS] --(BEFORE)--> [EVENT_BEFORE_N/A_ACTUAL_POS] | [EVENT_BEFORE_N/A_ACTUAL_POS] --(BEFORE)--> [EVENT_BEFORE_N/A_ACTUAL_POS] | [EVENT_BEFORE_N/A_ACTUAL_POS] --(BEFORE)--> [EVENT_BEFORE_N/A_ACTUAL_POS] | [EVENT_BEFORE_N/A_ACTUAL_POS] --(BEFORE)--> [EVENT_BEFORE_N/A_ACTUAL_POS] | [EVENT_BEFORE_N/A_ACTUAL_POS] --(BEFORE)--> [EVENT_BEFORE_N/A_ACTUAL_POS],"""échotomographie"" --(BEFORE)--> ""hémi thyroïdectomie"" | ""hémi thyroïdectomie"" --(BEFORE)--> ""examen"" | ""examen"" --(BEFORE)--> ""histochimie"" | ""histochimie"" --(BEFORE)--> ""scanner"" | ""scanner"" --(BEFORE)--> ""tomographie"""
117,43,FR100480,[EVENT_BEFORE_N/A_ACTUAL_POS] --(BEFORE)--> [EVENT_BEFORE_N/A_ACTUAL_POS] | [EVENT_BEFORE_N/A_ACTUAL_POS] --(BEFORE)--> [EVENT_BEFORE_N/A_ACTUAL_POS] | [EVENT_BEFORE_N/A_ACTUAL_POS] --(BEFORE)--> [EVENT_BEFORE_N/A_ACTUAL_POS] | [EVENT_BEFORE_N/A_ACTUAL_POS] --(BEFORE)--> [EVENT_BEFORE_N/A_ACTUAL_POS] | [EVENT_BEFORE_N/A_ACTUAL_POS] --(BEFORE)--> [EVENT_BEFORE_N/A_ACTUAL_POS],"""installation"" --(BEFORE)--> ""bilan"" | ""bilan"" --(BEFORE)--> ""analyse"" | ""analyse"" --(BEFORE)--> ""amputation"" | ""amputation"" --(BEFORE)--> ""examen"" | ""examen"" --(BEFORE)--> ""bilan"""
117,43,FR100517,[EVENT_BEFORE_N/A_ACTUAL_POS] --(BEFORE)--> [EVENT_BEFORE_N/A_ACTUAL_POS] | [EVENT_BEFORE_N/A_ACTUAL_POS] --(BEFORE)--> [EVENT_BEFORE_N/A_ACTUAL_POS] | [EVENT_BEFORE_N/A_ACTUAL_POS] --(BEFORE)--> [EVENT_BEFORE_N/A_ACTUAL_POS] | [EVENT_BEFORE_N/A_ACTUAL_POS] --(BEFORE)--> [EVENT_BEFORE_N/A_ACTUAL_POS] | [EVENT_BEFORE_N/A_ACTUAL_POS] --(BEFORE)--> [EVENT_BEFORE_N/A_ACTUAL_POS],"""examen"" --(BEFORE)--> ""bilan"" | ""bilan"" --(BEFORE)--> ""électromyogramme"" | ""électromyogramme"" --(BEFORE)--> ""bilan"" | ""bilan"" --(BEFORE)--> ""explorations"" | ""explorations"" --(BEFORE)--> ""porté"""
117,43,FR100519,[EVENT_BEFORE_N/A_ACTUAL_POS] --(BEFORE)--> [EVENT_BEFORE_N/A_ACTUAL_POS] | [EVENT_BEFORE_N/A_ACTUAL_POS] --(BEFORE)--> [EVENT_BEFORE_N/A_ACTUAL_POS] | [EVENT_BEFORE_N/A_ACTUAL_POS] --(BEFORE)--> [EVENT_BEFORE_N/A_ACTUAL_POS] | [EVENT_BEFORE_N/A_ACTUAL_POS] --(BEFORE)--> [EVENT_BEFORE_N/A_ACTUAL_POS] | [EVENT_BEFORE_N/A_ACTUAL_POS] --(BEFORE)--> [EVENT_BEFORE_N/A_ACTUAL_POS],"""hospitalisée"" --(BEFORE)--> ""entrée"" | ""entrée"" --(BEFORE)--> ""bilan"" | ""bilan"" --(BEFORE)--> ""angioscanner"" | ""angioscanner"" --(BEFORE)--> ""échodoppler"" | ""échodoppler"" --(BEFORE)--> ""retenue"""
117,43,FR100589,[EVENT_BEFORE_N/A_ACTUAL_POS] --(BEFORE)--> [EVENT_BEFORE_N/A_ACTUAL_POS] | [EVENT_BEFORE_N/A_ACTUAL_POS] --(BEFORE)--> [EVENT_BEFORE_N/A_ACTUAL_POS] | [EVENT_BEFORE_N/A_ACTUAL_POS] --(BEFORE)--> [EVENT_BEFORE_N/A_ACTUAL_POS] | [EVENT_BEFORE_N/A_ACTUAL_POS] --(BEFORE)--> [EVENT_BEFORE_N/A_ACTUAL_POS] | [EVENT_BEFORE_N/A_ACTUAL_POS] --(BEFORE)--> [EVENT_BEFORE_N/A_ACTUAL_POS],"""demandé"" --(BEFORE)--> ""bilan"" | ""bilan"" --(BEFORE)--> ""caryotype"" | ""caryotype"" --(BEFORE)--> ""sérologie"" | ""sérologie"" --(BEFORE)--> ""diagnostic"" | ""diagnostic"" --(BEFORE)--> ""corticothérapie"""
117,43,FR100597,[EVENT_BEFORE_N/A_ACTUAL_POS] --(BEFORE)--> [EVENT_BEFORE_N/A_ACTUAL_POS] | [EVENT_BEFORE_N/A_ACTUAL_POS] --(BEFORE)--> [EVENT_BEFORE_N/A_ACTUAL_POS] | [EVENT_BEFORE_N/A_ACTUAL_POS] --(BEFORE)--> [EVENT_BEFORE_N/A_ACTUAL_POS] | [EVENT_BEFORE_N/A_ACTUAL_POS] --(BEFORE)--> [EVENT_BEFORE_N/A_ACTUAL_POS] | [EVENT_BEFORE_N/A_ACTUAL_POS] --(BEFORE)--> [EVENT_BEFORE_N/A_ACTUAL_POS],"""marqueurs"" --(BEFORE)--> ""décidée"" | ""décidée"" --(BEFORE)--> ""laparotomie"" | ""laparotomie"" --(BEFORE)--> ""hystérectomie"" | ""hystérectomie"" --(BEFORE)--> ""suites"" | ""suites"" --(BEFORE)--> ""décédée"""
117,43,FR100611,[EVENT_BEFORE_N/A_ACTUAL_POS] --(BEFORE)--> [EVENT_BEFORE_N/A_ACTUAL_POS] | [EVENT_BEFORE_N/A_ACTUAL_POS] --(BEFORE)--> [EVENT_BEFORE_N/A_ACTUAL_POS] | [EVENT_BEFORE_N/A_ACTUAL_POS] --(BEFORE)--> [EVENT_BEFORE_N/A_ACTUAL_POS] | [EVENT_BEFORE_N/A_ACTUAL_POS] --(BEFORE)--> [EVENT_BEFORE_N/A_ACTUAL_POS] | [EVENT_BEFORE_N/A_ACTUAL_POS] --(BEFORE)--> [EVENT_BEFORE_N/A_ACTUAL_POS],"""examen"" --(BEFORE)--> ""IRM"" | ""IRM"" --(BEFORE)--> ""étude"" | ""étude"" --(BEFORE)--> ""examen"" | ""examen"" --(BEFORE)--> ""PCR"" | ""PCR"" --(BEFORE)--> ""TDM"""
117,43,FR100614,[EVENT_BEFORE_N/A_ACTUAL_POS] --(BEFORE)--> [EVENT_BEFORE_N/A_ACTUAL_POS] | [EVENT_BEFORE_N/A_ACTUAL_POS] --(BEFORE)--> [EVENT_BEFORE_N/A_ACTUAL_POS] | [EVENT_BEFORE_N/A_ACTUAL_POS] --(BEFORE)--> [EVENT_BEFORE_N/A_ACTUAL_POS] | [EVENT_BEFORE_N/A_ACTUAL_POS] --(BEFORE)--> [EVENT_BEFORE_N/A_ACTUAL_POS] | [EVENT_BEFORE_N/A_ACTUAL_POS] --(BEFORE)--> [EVENT_BEFORE_N/A_ACTUAL_POS],"""examen"" --(BEFORE)--> ""échographique"" | ""échographique"" --(BEFORE)--> ""tomodensitométrie"" | ""tomodensitométrie"" --(BEFORE)--> ""radiographie"" | ""radiographie"" --(BEFORE)--> ""taux"" | ""taux"" --(BEFORE)--> ""exploration"""
117,43,FR100620,[EVENT_BEFORE_N/A_ACTUAL_POS] --(BEFORE)--> [EVENT_BEFORE_N/A_ACTUAL_POS] | [EVENT_BEFORE_N/A_ACTUAL_POS] --(BEFORE)--> [EVENT_BEFORE_N/A_ACTUAL_POS] | [EVENT_BEFORE_N/A_ACTUAL_POS] --(BEFORE)--> [EVENT_BEFORE_N/A_ACTUAL_POS] | [EVENT_BEFORE_N/A_ACTUAL_POS] --(BEFORE)--> [EVENT_BEFORE_N/A_ACTUAL_POS] | [EVENT_BEFORE_N/A_ACTUAL_POS] --(BEFORE)--> [EVENT_BEFORE_N/A_ACTUAL_POS],"""radiographie"" --(BEFORE)--> ""demandé"" | ""demandé"" --(BEFORE)--> ""aspect"" | ""aspect"" --(BEFORE)--> ""bronchoscopie"" | ""bronchoscopie"" --(BEFORE)--> ""bilan"" | ""bilan"" --(BEFORE)--> ""bilan"""
117,43,FR100623,[EVENT_BEFORE_N/A_ACTUAL_POS] --(BEFORE)--> [EVENT_BEFORE_N/A_ACTUAL_POS] | [EVENT_BEFORE_N/A_ACTUAL_POS] --(BEFORE)--> [EVENT_BEFORE_N/A_ACTUAL_POS] | [EVENT_BEFORE_N/A_ACTUAL_POS] --(BEFORE)--> [EVENT_BEFORE_N/A_ACTUAL_POS] | [EVENT_BEFORE_N/A_ACTUAL_POS] --(BEFORE)--> [EVENT_BEFORE_N/A_ACTUAL_POS] | [EVENT_BEFORE_N/A_ACTUAL_POS] --(BEFORE)--> [EVENT_BEFORE_N/A_ACTUAL_POS],"""examen"" --(BEFORE)--> ""échographie"" | ""échographie"" --(BEFORE)--> ""tomodensitométrie"" | ""tomodensitométrie"" --(BEFORE)--> ""retenu"" | ""retenu"" --(BEFORE)--> ""prise"" | ""prise"" --(BEFORE)--> ""analyse"""
117,43,FR100629,[EVENT_BEFORE_N/A_ACTUAL_POS] --(BEFORE)--> [EVENT_BEFORE_N/A_ACTUAL_POS] | [EVENT_BEFORE_N/A_ACTUAL_POS] --(BEFORE)--> [EVENT_BEFORE_N/A_ACTUAL_POS] | [EVENT_BEFORE_N/A_ACTUAL_POS] --(BEFORE)--> [EVENT_BEFORE_N/A_ACTUAL_POS] | [EVENT_BEFORE_N/A_ACTUAL_POS] --(BEFORE)--> [EVENT_BEFORE_N/A_ACTUAL_POS] | [EVENT_BEFORE_N/A_ACTUAL_POS] --(BEFORE)--> [EVENT_BEFORE_N/A_ACTUAL_POS],"""radiographie"" --(BEFORE)--> ""thoracoscopie"" | ""thoracoscopie"" --(BEFORE)--> ""marquage"" | ""marquage"" --(BEFORE)--> ""bilan"" | ""bilan"" --(BEFORE)--> ""décision"" | ""décision"" --(BEFORE)--> ""chimiothérapie"""
117,43,FR100632,[EVENT_BEFORE_N/A_ACTUAL_POS] --(BEFORE)--> [EVENT_BEFORE_N/A_ACTUAL_POS] | [EVENT_BEFORE_N/A_ACTUAL_POS] --(BEFORE)--> [EVENT_BEFORE_N/A_ACTUAL_POS] | [EVENT_BEFORE_N/A_ACTUAL_POS] --(BEFORE)--> [EVENT_BEFORE_N/A_ACTUAL_POS] | [EVENT_BEFORE_N/A_ACTUAL_POS] --(BEFORE)--> [EVENT_BEFORE_N/A_ACTUAL_POS] | [EVENT_BEFORE_N/A_ACTUAL_POS] --(BEFORE)--> [EVENT_BEFORE_N/A_ACTUAL_POS],"""étude"" --(BEFORE)--> ""radiographie"" | ""radiographie"" --(BEFORE)--> ""examen"" | ""examen"" --(BEFORE)--> ""sérologie"" | ""sérologie"" --(BEFORE)--> ""diagnostic"" | ""diagnostic"" --(BEFORE)--> ""mis"""
117,43,FR100663,[EVENT_BEFORE_N/A_ACTUAL_POS] --(BEFORE)--> [EVENT_BEFORE_N/A_ACTUAL_POS] | [EVENT_BEFORE_N/A_ACTUAL_POS] --(BEFORE)--> [EVENT_BEFORE_N/A_ACTUAL_POS] | [EVENT_BEFORE_N/A_ACTUAL_POS] --(BEFORE)--> [EVENT_BEFORE_N/A_ACTUAL_POS] | [EVENT_BEFORE_N/A_ACTUAL_POS] --(BEFORE)--> [EVENT_BEFORE_N/A_ACTUAL_POS] | [EVENT_BEFORE_N/A_ACTUAL_POS] --(BEFORE)--> [EVENT_BEFORE_N/A_ACTUAL_POS],"""examen"" --(BEFORE)--> ""examen"" | ""examen"" --(BEFORE)--> ""échographie"" | ""échographie"" --(BEFORE)--> ""taux"" | ""taux"" --(BEFORE)--> ""tenté"" | ""tenté"" --(BEFORE)--> ""contrôle"""
117,43,FR100666,[EVENT_BEFORE_N/A_ACTUAL_POS] --(BEFORE)--> [EVENT_BEFORE_N/A_ACTUAL_POS] | [EVENT_BEFORE_N/A_ACTUAL_POS] --(BEFORE)--> [EVENT_BEFORE_N/A_ACTUAL_POS] | [EVENT_BEFORE_N/A_ACTUAL_POS] --(BEFORE)--> [EVENT_BEFORE_N/A_ACTUAL_POS] | [EVENT_BEFORE_N/A_ACTUAL_POS] --(BEFORE)--> [EVENT_BEFORE_N/A_ACTUAL_POS] | [EVENT_BEFORE_N/A_ACTUAL_POS] --(BEFORE)--> [EVENT_BEFORE_N/A_ACTUAL_POS],"""étude"" --(BEFORE)--> ""adressé"" | ""adressé"" --(BEFORE)--> ""bilan"" | ""bilan"" --(BEFORE)--> ""myologramme"" | ""myologramme"" --(BEFORE)--> ""bilan"" | ""bilan"" --(BEFORE)--> ""classé"""
117,43,FR100683,[EVENT_BEFORE_N/A_ACTUAL_POS] --(BEFORE)--> [EVENT_BEFORE_N/A_ACTUAL_POS] | [EVENT_BEFORE_N/A_ACTUAL_POS] --(BEFORE)--> [EVENT_BEFORE_N/A_ACTUAL_POS] | [EVENT_BEFORE_N/A_ACTUAL_POS] --(BEFORE)--> [EVENT_BEFORE_N/A_ACTUAL_POS] | [EVENT_BEFORE_N/A_ACTUAL_POS] --(BEFORE)--> [EVENT_BEFORE_N/A_ACTUAL_POS] | [EVENT_BEFORE_N/A_ACTUAL_POS] --(BEFORE)--> [EVENT_BEFORE_N/A_ACTUAL_POS],"""exploration"" --(BEFORE)--> ""exploration"" | ""exploration"" --(BEFORE)--> ""IRM"" | ""IRM"" --(BEFORE)--> ""écho-mammographie"" | ""écho-mammographie"" --(BEFORE)--> ""osteodensitométrie"" | ""osteodensitométrie"" --(BEFORE)--> ""IRM"""
117,43,FR100688,[EVENT_BEFORE_N/A_ACTUAL_POS] --(BEFORE)--> [EVENT_BEFORE_N/A_ACTUAL_POS] | [EVENT_BEFORE_N/A_ACTUAL_POS] --(BEFORE)--> [EVENT_BEFORE_N/A_ACTUAL_POS] | [EVENT_BEFORE_N/A_ACTUAL_POS] --(BEFORE)--> [EVENT_BEFORE_N/A_ACTUAL_POS] | [EVENT_BEFORE_N/A_ACTUAL_POS] --(BEFORE)--> [EVENT_BEFORE_N/A_ACTUAL_POS] | [EVENT_BEFORE_N/A_ACTUAL_POS] --(BEFORE)--> [EVENT_BEFORE_N/A_ACTUAL_POS],"""échographie"" --(BEFORE)--> ""radiographie"" | ""radiographie"" --(BEFORE)--> ""incision"" | ""incision"" --(BEFORE)--> ""analyse"" | ""analyse"" --(BEFORE)--> ""traitement"" | ""traitement"" --(BEFORE)--> ""évolution"""
117,43,FR100689,[EVENT_BEFORE_N/A_ACTUAL_POS] --(BEFORE)--> [EVENT_BEFORE_N/A_ACTUAL_POS] | [EVENT_BEFORE_N/A_ACTUAL_POS] --(BEFORE)--> [EVENT_BEFORE_N/A_ACTUAL_POS] | [EVENT_BEFORE_N/A_ACTUAL_POS] --(BEFORE)--> [EVENT_BEFORE_N/A_ACTUAL_POS] | [EVENT_BEFORE_N/A_ACTUAL_POS] --(BEFORE)--> [EVENT_BEFORE_N/A_ACTUAL_POS] | [EVENT_BEFORE_N/A_ACTUAL_POS] --(BEFORE)--> [EVENT_BEFORE_N/A_ACTUAL_POS],"""PCR"" --(BEFORE)--> ""scanner"" | ""scanner"" --(BEFORE)--> ""hémogramme"" | ""hémogramme"" --(BEFORE)--> ""ionogramme"" | ""ionogramme"" --(BEFORE)--> ""examen"" | ""examen"" --(BEFORE)--> ""retenu"""
117,43,FR100697,[EVENT_BEFORE_N/A_ACTUAL_POS] --(BEFORE)--> [EVENT_BEFORE_N/A_ACTUAL_POS] | [EVENT_BEFORE_N/A_ACTUAL_POS] --(BEFORE)--> [EVENT_BEFORE_N/A_ACTUAL_POS] | [EVENT_BEFORE_N/A_ACTUAL_POS] --(BEFORE)--> [EVENT_BEFORE_N/A_ACTUAL_POS] | [EVENT_BEFORE_N/A_ACTUAL_POS] --(BEFORE)--> [EVENT_BEFORE_N/A_ACTUAL_POS] | [EVENT_BEFORE_N/A_ACTUAL_POS] --(BEFORE)--> [EVENT_BEFORE_N/A_ACTUAL_POS],"""palpation"" --(BEFORE)--> ""examen"" | ""examen"" --(BEFORE)--> ""mammographie"" | ""mammographie"" --(BEFORE)--> ""échographie"" | ""échographie"" --(BEFORE)--> ""examen"" | ""examen"" --(BEFORE)--> ""immunomarquage"""
117,43,FR100717,[EVENT_BEFORE_N/A_ACTUAL_POS] --(BEFORE)--> [EVENT_BEFORE_N/A_ACTUAL_POS] | [EVENT_BEFORE_N/A_ACTUAL_POS] --(BEFORE)--> [EVENT_BEFORE_N/A_ACTUAL_POS] | [EVENT_BEFORE_N/A_ACTUAL_POS] --(BEFORE)--> [EVENT_BEFORE_N/A_ACTUAL_POS] | [EVENT_BEFORE_N/A_ACTUAL_POS] --(BEFORE)--> [EVENT_BEFORE_N/A_ACTUAL_POS] | [EVENT_BEFORE_N/A_ACTUAL_POS] --(BEFORE)--> [EVENT_BEFORE_N/A_ACTUAL_POS],"""traitement"" --(BEFORE)--> ""examen"" | ""examen"" --(BEFORE)--> ""examens"" | ""examens"" --(BEFORE)--> ""scanner"" | ""scanner"" --(BEFORE)--> ""IRM"" | ""IRM"" --(BEFORE)--> ""laminectomie"""
117,43,FR100806,[EVENT_BEFORE_N/A_ACTUAL_POS] --(BEFORE)--> [EVENT_BEFORE_N/A_ACTUAL_POS] | [EVENT_BEFORE_N/A_ACTUAL_POS] --(BEFORE)--> [EVENT_BEFORE_N/A_ACTUAL_POS] | [EVENT_BEFORE_N/A_ACTUAL_POS] --(BEFORE)--> [EVENT_BEFORE_N/A_ACTUAL_POS] | [EVENT_BEFORE_N/A_ACTUAL_POS] --(BEFORE)--> [EVENT_BEFORE_N/A_ACTUAL_POS] | [EVENT_BEFORE_N/A_ACTUAL_POS] --(BEFORE)--> [EVENT_BEFORE_N/A_ACTUAL_POS],"""transfusions"" --(BEFORE)--> ""biologie"" | ""biologie"" --(BEFORE)--> ""tomodensitométrie"" | ""tomodensitométrie"" --(BEFORE)--> ""prise"" | ""prise"" --(BEFORE)--> ""examen"" | ""examen"" --(BEFORE)--> ""suites"""
117,43,FR100826,[EVENT_BEFORE_N/A_ACTUAL_POS] --(BEFORE)--> [EVENT_BEFORE_N/A_ACTUAL_POS] | [EVENT_BEFORE_N/A_ACTUAL_POS] --(BEFORE)--> [EVENT_BEFORE_N/A_ACTUAL_POS] | [EVENT_BEFORE_N/A_ACTUAL_POS] --(BEFORE)--> [EVENT_BEFORE_N/A_ACTUAL_POS] | [EVENT_BEFORE_N/A_ACTUAL_POS] --(BEFORE)--> [EVENT_BEFORE_N/A_ACTUAL_POS] | [EVENT_BEFORE_N/A_ACTUAL_POS] --(BEFORE)--> [EVENT_BEFORE_N/A_ACTUAL_POS],"""admis"" --(BEFORE)--> ""examen"" | ""examen"" --(BEFORE)--> ""bilan"" | ""bilan"" --(BEFORE)--> ""bilan"" | ""bilan"" --(BEFORE)--> ""retenue"" | ""retenue"" --(BEFORE)--> ""exploration"""
117,43,FR100845,[EVENT_BEFORE_N/A_ACTUAL_POS] --(BEFORE)--> [EVENT_BEFORE_N/A_ACTUAL_POS] | [EVENT_BEFORE_N/A_ACTUAL_POS] --(BEFORE)--> [EVENT_BEFORE_N/A_ACTUAL_POS] | [EVENT_BEFORE_N/A_ACTUAL_POS] --(BEFORE)--> [EVENT_BEFORE_N/A_ACTUAL_POS] | [EVENT_BEFORE_N/A_ACTUAL_POS] --(BEFORE)--> [EVENT_BEFORE_N/A_ACTUAL_POS] | [EVENT_BEFORE_N/A_ACTUAL_POS] --(BEFORE)--> [EVENT_BEFORE_N/A_ACTUAL_POS],"""décision"" --(BEFORE)--> ""extraction"" | ""extraction"" --(BEFORE)--> ""examen"" | ""examen"" --(BEFORE)--> ""examinés"" | ""examinés"" --(BEFORE)--> ""détresse"" | ""détresse"" --(BEFORE)--> ""intubée"""
117,43,FR100870,[EVENT_BEFORE_N/A_ACTUAL_POS] --(BEFORE)--> [EVENT_BEFORE_N/A_ACTUAL_POS] | [EVENT_BEFORE_N/A_ACTUAL_POS] --(BEFORE)--> [EVENT_BEFORE_N/A_ACTUAL_POS] | [EVENT_BEFORE_N/A_ACTUAL_POS] --(BEFORE)--> [EVENT_BEFORE_N/A_ACTUAL_POS] | [EVENT_BEFORE_N/A_ACTUAL_POS] --(BEFORE)--> [EVENT_BEFORE_N/A_ACTUAL_POS] | [EVENT_BEFORE_N/A_ACTUAL_POS] --(BEFORE)--> [EVENT_BEFORE_N/A_ACTUAL_POS],"""imagerie"" --(BEFORE)--> ""hémogramme"" | ""hémogramme"" --(BEFORE)--> ""bilan"" | ""bilan"" --(BEFORE)--> ""IRM"" | ""IRM"" --(BEFORE)--> ""électrophorèse"" | ""électrophorèse"" --(BEFORE)--> ""immunosoustraction"""
117,43,FR100874,[EVENT_BEFORE_N/A_ACTUAL_POS] --(BEFORE)--> [EVENT_BEFORE_N/A_ACTUAL_POS] | [EVENT_BEFORE_N/A_ACTUAL_POS] --(BEFORE)--> [EVENT_BEFORE_N/A_ACTUAL_POS] | [EVENT_BEFORE_N/A_ACTUAL_POS] --(BEFORE)--> [EVENT_BEFORE_N/A_ACTUAL_POS] | [EVENT_BEFORE_N/A_ACTUAL_POS] --(BEFORE)--> [EVENT_BEFORE_N/A_ACTUAL_POS] | [EVENT_BEFORE_N/A_ACTUAL_POS] --(BEFORE)--> [EVENT_BEFORE_N/A_ACTUAL_POS],"""admission"" --(BEFORE)--> ""examen"" | ""examen"" --(BEFORE)--> ""hémogramme"" | ""hémogramme"" --(BEFORE)--> ""fibroscopie"" | ""fibroscopie"" --(BEFORE)--> ""transit"" | ""transit"" --(BEFORE)--> ""tomodensitométrie"""
117,43,FR100882,[EVENT_BEFORE_N/A_ACTUAL_POS] --(BEFORE)--> [EVENT_BEFORE_N/A_ACTUAL_POS] | [EVENT_BEFORE_N/A_ACTUAL_POS] --(BEFORE)--> [EVENT_BEFORE_N/A_ACTUAL_POS] | [EVENT_BEFORE_N/A_ACTUAL_POS] --(BEFORE)--> [EVENT_BEFORE_N/A_ACTUAL_POS] | [EVENT_BEFORE_N/A_ACTUAL_POS] --(BEFORE)--> [EVENT_BEFORE_N/A_ACTUAL_POS] | [EVENT_BEFORE_N/A_ACTUAL_POS] --(BEFORE)--> [EVENT_BEFORE_N/A_ACTUAL_POS],"""scanner"" --(BEFORE)--> ""laminectomie"" | ""laminectomie"" --(BEFORE)--> ""Imagerie"" | ""Imagerie"" --(BEFORE)--> ""bilan"" | ""bilan"" --(BEFORE)--> ""sérologies"" | ""sérologies"" --(BEFORE)--> ""sclérothérapie"""
117,43,FR100903,[EVENT_BEFORE_N/A_ACTUAL_POS] --(BEFORE)--> [EVENT_BEFORE_N/A_ACTUAL_POS] | [EVENT_BEFORE_N/A_ACTUAL_POS] --(BEFORE)--> [EVENT_BEFORE_N/A_ACTUAL_POS] | [EVENT_BEFORE_N/A_ACTUAL_POS] --(BEFORE)--> [EVENT_BEFORE_N/A_ACTUAL_POS] | [EVENT_BEFORE_N/A_ACTUAL_POS] --(BEFORE)--> [EVENT_BEFORE_N/A_ACTUAL_POS] | [EVENT_BEFORE_N/A_ACTUAL_POS] --(BEFORE)--> [EVENT_BEFORE_N/A_ACTUAL_POS],"""IRM"" --(BEFORE)--> ""diagnostic"" | ""diagnostic"" --(BEFORE)--> ""écarté"" | ""écarté"" --(BEFORE)--> ""contrôles"" | ""contrôles"" --(BEFORE)--> ""accouchement"" | ""accouchement"" --(BEFORE)--> ""décédé"""
117,43,FR100946,[EVENT_BEFORE_N/A_ACTUAL_POS] --(BEFORE)--> [EVENT_BEFORE_N/A_ACTUAL_POS] | [EVENT_BEFORE_N/A_ACTUAL_POS] --(BEFORE)--> [EVENT_BEFORE_N/A_ACTUAL_POS] | [EVENT_BEFORE_N/A_ACTUAL_POS] --(BEFORE)--> [EVENT_BEFORE_N/A_ACTUAL_POS] | [EVENT_BEFORE_N/A_ACTUAL_POS] --(BEFORE)--> [EVENT_BEFORE_N/A_ACTUAL_POS] | [EVENT_BEFORE_N/A_ACTUAL_POS] --(BEFORE)--> [EVENT_BEFORE_N/A_ACTUAL_POS],"""examen"" --(BEFORE)--> ""IRM"" | ""IRM"" --(BEFORE)--> ""analyse"" | ""analyse"" --(BEFORE)--> ""mise"" | ""mise"" --(BEFORE)--> ""analyse"" | ""analyse"" --(BEFORE)--> ""mise"""
117,43,FR100996,[EVENT_BEFORE_N/A_ACTUAL_POS] --(BEFORE)--> [EVENT_BEFORE_N/A_ACTUAL_POS] | [EVENT_BEFORE_N/A_ACTUAL_POS] --(BEFORE)--> [EVENT_BEFORE_N/A_ACTUAL_POS] | [EVENT_BEFORE_N/A_ACTUAL_POS] --(BEFORE)--> [EVENT_BEFORE_N/A_ACTUAL_POS] | [EVENT_BEFORE_N/A_ACTUAL_POS] --(BEFORE)--> [EVENT_BEFORE_N/A_ACTUAL_POS] | [EVENT_BEFORE_N/A_ACTUAL_POS] --(BEFORE)--> [EVENT_BEFORE_N/A_ACTUAL_POS],"""consulté"" --(BEFORE)--> ""examen"" | ""examen"" --(BEFORE)--> ""tomodensitométrie"" | ""tomodensitométrie"" --(BEFORE)--> ""injection"" | ""injection"" --(BEFORE)--> ""retenu"" | ""retenu"" --(BEFORE)--> ""chirurgical"""
158,42,FR100003,[EVENT_BEFORE_N/A_ACTUAL_POS] --(BEFORE)--> [EVENT_BEFORE_N/A_ACTUAL_POS] | [EVENT_BEFORE_N/A_ACTUAL_POS] --(BEFORE)--> [EVENT_BEFORE_N/A_ACTUAL_POS] | [EVENT_BEFORE_N/A_ACTUAL_POS] --(CONTAINS)--> [EVENT_BEFORE_N/A_ACTUAL_POS],"""TDM"" --(BEFORE)--> ""panoramique"" | ""panoramique"" --(BEFORE)--> ""ponction"" | ""ponction"" --(CONTAINS)--> ""ramené"""
158,42,FR100092,[EVENT_BEFORE_N/A_ACTUAL_POS] --(BEFORE)--> [EVENT_BEFORE_N/A_ACTUAL_POS] | [EVENT_BEFORE_N/A_ACTUAL_POS] --(BEFORE)--> [EVENT_BEFORE_N/A_ACTUAL_POS] | [EVENT_BEFORE_N/A_ACTUAL_POS] --(CONTAINS)--> [EVENT_BEFORE_N/A_ACTUAL_POS],"""tableau"" --(BEFORE)--> ""reste"" | ""reste"" --(BEFORE)--> ""minilaparotomie"" | ""minilaparotomie"" --(CONTAINS)--> ""reste"""
158,42,FR100130,[EVENT_BEFORE_N/A_ACTUAL_POS] --(BEFORE)--> [EVENT_BEFORE_N/A_ACTUAL_POS] | [EVENT_BEFORE_N/A_ACTUAL_POS] --(BEFORE)--> [EVENT_BEFORE_N/A_ACTUAL_POS] | [EVENT_BEFORE_N/A_ACTUAL_POS] --(CONTAINS)--> [EVENT_BEFORE_N/A_ACTUAL_POS],"""recherche"" --(BEFORE)--> ""séjour"" | ""séjour"" --(BEFORE)--> ""bilan"" | ""bilan"" --(CONTAINS)--> ""recherchée"""
158,42,FR100132,[EVENT_BEFORE_N/A_ACTUAL_POS] --(BEFORE)--> [EVENT_BEFORE_N/A_ACTUAL_POS] | [EVENT_BEFORE_N/A_ACTUAL_POS] --(BEFORE)--> [EVENT_BEFORE_N/A_ACTUAL_POS] | [EVENT_BEFORE_N/A_ACTUAL_POS] --(CONTAINS)--> [EVENT_BEFORE_N/A_ACTUAL_POS],"""palpation"" --(BEFORE)--> ""histologie"" | ""histologie"" --(BEFORE)--> ""examen"" | ""examen"" --(CONTAINS)--> ""tension"""
158,42,FR100142,[EVENT_BEFORE_N/A_ACTUAL_POS] --(BEFORE)--> [EVENT_BEFORE_N/A_ACTUAL_POS] | [EVENT_BEFORE_N/A_ACTUAL_POS] --(BEFORE)--> [EVENT_BEFORE_N/A_ACTUAL_POS] | [EVENT_BEFORE_N/A_ACTUAL_POS] --(CONTAINS)--> [EVENT_BEFORE_N/A_ACTUAL_POS],"""biopsie"" --(BEFORE)--> ""mis"" | ""mis"" --(BEFORE)--> ""évolution"" | ""évolution"" --(CONTAINS)--> ""taux"""
158,42,FR100161,[EVENT_BEFORE_N/A_ACTUAL_POS] --(BEFORE)--> [EVENT_BEFORE_N/A_ACTUAL_POS] | [EVENT_BEFORE_N/A_ACTUAL_POS] --(BEFORE)--> [EVENT_BEFORE_N/A_ACTUAL_POS] | [EVENT_BEFORE_N/A_ACTUAL_POS] --(CONTAINS)--> [EVENT_BEFORE_N/A_ACTUAL_POS],"""interrogatoire"" --(BEFORE)--> ""examen"" | ""examen"" --(BEFORE)--> ""examens"" | ""examens"" --(CONTAINS)--> ""Acti tests"""
158,42,FR100168,[EVENT_BEFORE_N/A_ACTUAL_POS] --(BEFORE)--> [EVENT_BEFORE_N/A_ACTUAL_POS] | [EVENT_BEFORE_N/A_ACTUAL_POS] --(BEFORE)--> [EVENT_BEFORE_N/A_ACTUAL_POS] | [EVENT_BEFORE_N/A_ACTUAL_POS] --(CONTAINS)--> [EVENT_BEFORE_N/A_ACTUAL_POS],"""bilan"" --(BEFORE)--> ""tests"" | ""tests"" --(BEFORE)--> ""entretien"" | ""entretien"" --(CONTAINS)--> ""dévoiler"""
158,42,FR100255,[EVENT_BEFORE_N/A_ACTUAL_POS] --(BEFORE)--> [EVENT_BEFORE_N/A_ACTUAL_POS] | [EVENT_BEFORE_N/A_ACTUAL_POS] --(BEFORE)--> [EVENT_BEFORE_N/A_ACTUAL_POS] | [EVENT_BEFORE_N/A_ACTUAL_POS] --(CONTAINS)--> [EVENT_BEFORE_N/A_ACTUAL_POS],"""radio"" --(BEFORE)--> ""TDM"" | ""TDM"" --(BEFORE)--> ""bilan"" | ""bilan"" --(CONTAINS)--> ""bilan"""
158,42,FR100275,[EVENT_BEFORE_N/A_ACTUAL_POS] --(BEFORE)--> [EVENT_BEFORE_N/A_ACTUAL_POS] | [EVENT_BEFORE_N/A_ACTUAL_POS] --(BEFORE)--> [EVENT_BEFORE_N/A_ACTUAL_POS] | [EVENT_BEFORE_N/A_ACTUAL_POS] --(CONTAINS)--> [EVENT_BEFORE_N/A_ACTUAL_POS],"""transféré"" --(BEFORE)--> ""anamnèse"" | ""anamnèse"" --(BEFORE)--> ""examen"" | ""examen"" --(CONTAINS)--> ""pression"""
158,42,FR100276,[EVENT_BEFORE_N/A_ACTUAL_POS] --(BEFORE)--> [EVENT_BEFORE_N/A_ACTUAL_POS] | [EVENT_BEFORE_N/A_ACTUAL_POS] --(BEFORE)--> [EVENT_BEFORE_N/A_ACTUAL_POS] | [EVENT_BEFORE_N/A_ACTUAL_POS] --(CONTAINS)--> [EVENT_BEFORE_N/A_ACTUAL_POS],"""accouchement"" --(BEFORE)--> ""reste"" | ""reste"" --(BEFORE)--> ""bilan"" | ""bilan"" --(CONTAINS)--> ""recherche"""
158,42,FR100283,[EVENT_BEFORE_N/A_ACTUAL_POS] --(BEFORE)--> [EVENT_BEFORE_N/A_ACTUAL_POS] | [EVENT_BEFORE_N/A_ACTUAL_POS] --(BEFORE)--> [EVENT_BEFORE_N/A_ACTUAL_POS] | [EVENT_BEFORE_N/A_ACTUAL_POS] --(CONTAINS)--> [EVENT_BEFORE_N/A_ACTUAL_POS],"""IRM"" --(BEFORE)--> ""hypophysiogramme"" | ""hypophysiogramme"" --(BEFORE)--> ""traitement"" | ""traitement"" --(CONTAINS)--> ""opothérapie"""
158,42,FR100296,[EVENT_BEFORE_N/A_ACTUAL_POS] --(BEFORE)--> [EVENT_BEFORE_N/A_ACTUAL_POS] | [EVENT_BEFORE_N/A_ACTUAL_POS] --(BEFORE)--> [EVENT_BEFORE_N/A_ACTUAL_POS] | [EVENT_BEFORE_N/A_ACTUAL_POS] --(CONTAINS)--> [EVENT_BEFORE_N/A_ACTUAL_POS],"""IRM"" --(BEFORE)--> ""fenestration"" | ""fenestration"" --(BEFORE)--> ""suites"" | ""suites"" --(CONTAINS)--> ""déambulation"""
158,42,FR100344,[EVENT_BEFORE_N/A_ACTUAL_POS] --(BEFORE)--> [EVENT_BEFORE_N/A_ACTUAL_POS] | [EVENT_BEFORE_N/A_ACTUAL_POS] --(BEFORE)--> [EVENT_BEFORE_N/A_ACTUAL_POS] | [EVENT_BEFORE_N/A_ACTUAL_POS] --(CONTAINS)--> [EVENT_BEFORE_N/A_ACTUAL_POS],"""plainte"" --(BEFORE)--> ""examen"" | ""examen"" --(BEFORE)--> ""césarienne"" | ""césarienne"" --(CONTAINS)--> ""laissé"""
158,42,FR100371,[EVENT_BEFORE_N/A_ACTUAL_POS] --(BEFORE)--> [EVENT_BEFORE_N/A_ACTUAL_POS] | [EVENT_BEFORE_N/A_ACTUAL_POS] --(BEFORE)--> [EVENT_BEFORE_N/A_ACTUAL_POS] | [EVENT_BEFORE_N/A_ACTUAL_POS] --(CONTAINS)--> [EVENT_BEFORE_N/A_ACTUAL_POS],"""examen"" --(BEFORE)--> ""bilan"" | ""bilan"" --(BEFORE)--> ""bilan"" | ""bilan"" --(CONTAINS)--> ""radiographie"""
158,42,FR100400,[EVENT_BEFORE_N/A_ACTUAL_POS] --(BEFORE)--> [EVENT_BEFORE_N/A_ACTUAL_POS] | [EVENT_BEFORE_N/A_ACTUAL_POS] --(BEFORE)--> [EVENT_BEFORE_N/A_ACTUAL_POS] | [EVENT_BEFORE_N/A_ACTUAL_POS] --(CONTAINS)--> [EVENT_BEFORE_N/A_ACTUAL_POS],"""exploration"" --(BEFORE)--> ""résection"" | ""résection"" --(BEFORE)--> ""suites"" | ""suites"" --(CONTAINS)--> ""sortante"""
158,42,FR100510,[EVENT_BEFORE_N/A_ACTUAL_POS] --(BEFORE)--> [EVENT_BEFORE_N/A_ACTUAL_POS] | [EVENT_BEFORE_N/A_ACTUAL_POS] --(BEFORE)--> [EVENT_BEFORE_N/A_ACTUAL_POS] | [EVENT_BEFORE_N/A_ACTUAL_POS] --(CONTAINS)--> [EVENT_BEFORE_N/A_ACTUAL_POS],"""résection"" --(BEFORE)--> ""examen"" | ""examen"" --(BEFORE)--> ""examen"" | ""examen"" --(CONTAINS)--> ""caractéristiques"""
158,42,FR100515,[EVENT_BEFORE_N/A_ACTUAL_POS] --(BEFORE)--> [EVENT_BEFORE_N/A_ACTUAL_POS] | [EVENT_BEFORE_N/A_ACTUAL_POS] --(BEFORE)--> [EVENT_BEFORE_N/A_ACTUAL_POS] | [EVENT_BEFORE_N/A_ACTUAL_POS] --(CONTAINS)--> [EVENT_BEFORE_N/A_ACTUAL_POS],"""bilan"" --(BEFORE)--> ""prescrits"" | ""prescrits"" --(BEFORE)--> ""évolution"" | ""évolution"" --(CONTAINS)--> ""résistance"""
158,42,FR100519,[EVENT_BEFORE_N/A_ACTUAL_POS] --(BEFORE)--> [EVENT_BEFORE_N/A_ACTUAL_POS] | [EVENT_BEFORE_N/A_ACTUAL_POS] --(BEFORE)--> [EVENT_BEFORE_N/A_ACTUAL_POS] | [EVENT_BEFORE_N/A_ACTUAL_POS] --(CONTAINS)--> [EVENT_BEFORE_N/A_ACTUAL_POS],"""hospitalisée"" --(BEFORE)--> ""entrée"" | ""entrée"" --(BEFORE)--> ""bilan"" | ""bilan"" --(CONTAINS)--> ""ECG"""
158,42,FR100589,[EVENT_BEFORE_N/A_ACTUAL_POS] --(BEFORE)--> [EVENT_BEFORE_N/A_ACTUAL_POS] | [EVENT_BEFORE_N/A_ACTUAL_POS] --(BEFORE)--> [EVENT_BEFORE_N/A_ACTUAL_POS] | [EVENT_BEFORE_N/A_ACTUAL_POS] --(CONTAINS)--> [EVENT_BEFORE_N/A_ACTUAL_POS],"""Cytométrie"" --(BEFORE)--> ""biopsie"" | ""biopsie"" --(BEFORE)--> ""bilan"" | ""bilan"" --(CONTAINS)--> ""myélogramme"""
158,42,FR100597,[EVENT_BEFORE_N/A_ACTUAL_POS] --(BEFORE)--> [EVENT_BEFORE_N/A_ACTUAL_POS] | [EVENT_BEFORE_N/A_ACTUAL_POS] --(BEFORE)--> [EVENT_BEFORE_N/A_ACTUAL_POS] | [EVENT_BEFORE_N/A_ACTUAL_POS] --(CONTAINS)--> [EVENT_BEFORE_N/A_ACTUAL_POS],"""marqueurs"" --(BEFORE)--> ""décidée"" | ""décidée"" --(BEFORE)--> ""laparotomie"" | ""laparotomie"" --(CONTAINS)--> ""exploration"""
158,42,FR100611,[EVENT_BEFORE_N/A_ACTUAL_POS] --(BEFORE)--> [EVENT_BEFORE_N/A_ACTUAL_POS] | [EVENT_BEFORE_N/A_ACTUAL_POS] --(BEFORE)--> [EVENT_BEFORE_N/A_ACTUAL_POS] | [EVENT_BEFORE_N/A_ACTUAL_POS] --(CONTAINS)--> [EVENT_BEFORE_N/A_ACTUAL_POS],"""examen"" --(BEFORE)--> ""PCR"" | ""PCR"" --(BEFORE)--> ""TDM"" | ""TDM"" --(CONTAINS)--> ""image"""
158,42,FR100614,[EVENT_BEFORE_N/A_ACTUAL_POS] --(BEFORE)--> [EVENT_BEFORE_N/A_ACTUAL_POS] | [EVENT_BEFORE_N/A_ACTUAL_POS] --(BEFORE)--> [EVENT_BEFORE_N/A_ACTUAL_POS] | [EVENT_BEFORE_N/A_ACTUAL_POS] --(CONTAINS)--> [EVENT_BEFORE_N/A_ACTUAL_POS],"""exploration"" --(BEFORE)--> ""rupture"" | ""rupture"" --(BEFORE)--> ""intervention"" | ""intervention"" --(CONTAINS)--> ""éviter"""
158,42,FR100620,[EVENT_BEFORE_N/A_ACTUAL_POS] --(BEFORE)--> [EVENT_BEFORE_N/A_ACTUAL_POS] | [EVENT_BEFORE_N/A_ACTUAL_POS] --(BEFORE)--> [EVENT_BEFORE_N/A_ACTUAL_POS] | [EVENT_BEFORE_N/A_ACTUAL_POS] --(CONTAINS)--> [EVENT_BEFORE_N/A_ACTUAL_POS],"""bronchoscopie"" --(BEFORE)--> ""bilan"" | ""bilan"" --(BEFORE)--> ""bilan"" | ""bilan"" --(CONTAINS)--> ""radiographies"""
158,42,FR100629,[EVENT_BEFORE_N/A_ACTUAL_POS] --(BEFORE)--> [EVENT_BEFORE_N/A_ACTUAL_POS] | [EVENT_BEFORE_N/A_ACTUAL_POS] --(BEFORE)--> [EVENT_BEFORE_N/A_ACTUAL_POS] | [EVENT_BEFORE_N/A_ACTUAL_POS] --(CONTAINS)--> [EVENT_BEFORE_N/A_ACTUAL_POS],"""bilan"" --(BEFORE)--> ""décision"" | ""décision"" --(BEFORE)--> ""chimiothérapie"" | ""chimiothérapie"" --(CONTAINS)--> ""bithérapie"""
158,42,FR100632,[EVENT_BEFORE_N/A_ACTUAL_POS] --(BEFORE)--> [EVENT_BEFORE_N/A_ACTUAL_POS] | [EVENT_BEFORE_N/A_ACTUAL_POS] --(BEFORE)--> [EVENT_BEFORE_N/A_ACTUAL_POS] | [EVENT_BEFORE_N/A_ACTUAL_POS] --(CONTAINS)--> [EVENT_BEFORE_N/A_ACTUAL_POS],"""numération"" --(BEFORE)--> ""bilan"" | ""bilan"" --(BEFORE)--> ""enquête"" | ""enquête"" --(CONTAINS)--> ""taux"""
158,42,FR100658,[EVENT_BEFORE_N/A_ACTUAL_POS] --(BEFORE)--> [EVENT_BEFORE_N/A_ACTUAL_POS] | [EVENT_BEFORE_N/A_ACTUAL_POS] --(BEFORE)--> [EVENT_BEFORE_N/A_ACTUAL_POS] | [EVENT_BEFORE_N/A_ACTUAL_POS] --(CONTAINS)--> [EVENT_BEFORE_N/A_ACTUAL_POS],"""évaluation"" --(BEFORE)--> ""auscultation"" | ""auscultation"" --(BEFORE)--> ""examens"" | ""examens"" --(CONTAINS)--> ""bilan"""
158,42,FR100663,[EVENT_BEFORE_N/A_ACTUAL_POS] --(BEFORE)--> [EVENT_BEFORE_N/A_ACTUAL_POS] | [EVENT_BEFORE_N/A_ACTUAL_POS] --(BEFORE)--> [EVENT_BEFORE_N/A_ACTUAL_POS] | [EVENT_BEFORE_N/A_ACTUAL_POS] --(CONTAINS)--> [EVENT_BEFORE_N/A_ACTUAL_POS],"""taux"" --(BEFORE)--> ""tenté"" | ""tenté"" --(BEFORE)--> ""bilan"" | ""bilan"" --(CONTAINS)--> ""Taux"""
158,42,FR100666,[EVENT_BEFORE_N/A_ACTUAL_POS] --(BEFORE)--> [EVENT_BEFORE_N/A_ACTUAL_POS] | [EVENT_BEFORE_N/A_ACTUAL_POS] --(BEFORE)--> [EVENT_BEFORE_N/A_ACTUAL_POS] | [EVENT_BEFORE_N/A_ACTUAL_POS] --(CONTAINS)--> [EVENT_BEFORE_N/A_ACTUAL_POS],"""bilan"" --(BEFORE)--> ""classé"" | ""classé"" --(BEFORE)--> ""traitement"" | ""traitement"" --(CONTAINS)--> ""polychimiothérapie"""
158,42,FR100688,[EVENT_BEFORE_N/A_ACTUAL_POS] --(BEFORE)--> [EVENT_BEFORE_N/A_ACTUAL_POS] | [EVENT_BEFORE_N/A_ACTUAL_POS] --(BEFORE)--> [EVENT_BEFORE_N/A_ACTUAL_POS] | [EVENT_BEFORE_N/A_ACTUAL_POS] --(CONTAINS)--> [EVENT_BEFORE_N/A_ACTUAL_POS],"""incision"" --(BEFORE)--> ""analyse"" | ""analyse"" --(BEFORE)--> ""traitement"" | ""traitement"" --(CONTAINS)--> ""phase"""
158,42,FR100689,[EVENT_BEFORE_N/A_ACTUAL_POS] --(BEFORE)--> [EVENT_BEFORE_N/A_ACTUAL_POS] | [EVENT_BEFORE_N/A_ACTUAL_POS] --(BEFORE)--> [EVENT_BEFORE_N/A_ACTUAL_POS] | [EVENT_BEFORE_N/A_ACTUAL_POS] --(CONTAINS)--> [EVENT_BEFORE_N/A_ACTUAL_POS],"""examen"" --(BEFORE)--> ""scanner"" | ""scanner"" --(BEFORE)--> ""IRM"" | ""IRM"" --(CONTAINS)--> ""injection"""
158,42,FR100708,[EVENT_BEFORE_N/A_ACTUAL_POS] --(BEFORE)--> [EVENT_BEFORE_N/A_ACTUAL_POS] | [EVENT_BEFORE_N/A_ACTUAL_POS] --(BEFORE)--> [EVENT_BEFORE_N/A_ACTUAL_POS] | [EVENT_BEFORE_N/A_ACTUAL_POS] --(CONTAINS)--> [EVENT_BEFORE_N/A_ACTUAL_POS],"""mammographie"" --(BEFORE)--> ""échographie"" | ""échographie"" --(BEFORE)--> ""ponction"" | ""ponction"" --(CONTAINS)--> ""ramenant"""
158,42,FR100717,[EVENT_BEFORE_N/A_ACTUAL_POS] --(BEFORE)--> [EVENT_BEFORE_N/A_ACTUAL_POS] | [EVENT_BEFORE_N/A_ACTUAL_POS] --(BEFORE)--> [EVENT_BEFORE_N/A_ACTUAL_POS] | [EVENT_BEFORE_N/A_ACTUAL_POS] --(CONTAINS)--> [EVENT_BEFORE_N/A_ACTUAL_POS],"""enlevée"" --(BEFORE)--> ""exploration"" | ""exploration"" --(BEFORE)--> ""suites"" | ""suites"" --(CONTAINS)--> ""régression"""
158,42,FR100806,[EVENT_BEFORE_N/A_ACTUAL_POS] --(BEFORE)--> [EVENT_BEFORE_N/A_ACTUAL_POS] | [EVENT_BEFORE_N/A_ACTUAL_POS] --(BEFORE)--> [EVENT_BEFORE_N/A_ACTUAL_POS] | [EVENT_BEFORE_N/A_ACTUAL_POS] --(CONTAINS)--> [EVENT_BEFORE_N/A_ACTUAL_POS],"""référée"" --(BEFORE)--> ""examen"" | ""examen"" --(BEFORE)--> ""biologie"" | ""biologie"" --(CONTAINS)--> ""NFS"""
158,42,FR100826,[EVENT_BEFORE_N/A_ACTUAL_POS] --(BEFORE)--> [EVENT_BEFORE_N/A_ACTUAL_POS] | [EVENT_BEFORE_N/A_ACTUAL_POS] --(BEFORE)--> [EVENT_BEFORE_N/A_ACTUAL_POS] | [EVENT_BEFORE_N/A_ACTUAL_POS] --(CONTAINS)--> [EVENT_BEFORE_N/A_ACTUAL_POS],"""admis"" --(BEFORE)--> ""examen"" | ""examen"" --(BEFORE)--> ""bilan"" | ""bilan"" --(CONTAINS)--> ""tomodensitométrie"""
158,42,FR100845,[EVENT_BEFORE_N/A_ACTUAL_POS] --(BEFORE)--> [EVENT_BEFORE_N/A_ACTUAL_POS] | [EVENT_BEFORE_N/A_ACTUAL_POS] --(BEFORE)--> [EVENT_BEFORE_N/A_ACTUAL_POS] | [EVENT_BEFORE_N/A_ACTUAL_POS] --(CONTAINS)--> [EVENT_BEFORE_N/A_ACTUAL_POS],"""Consulte"" --(BEFORE)--> ""examen"" | ""examen"" --(BEFORE)--> ""examen"" | ""examen"" --(CONTAINS)--> ""toucher"""
158,42,FR100870,[EVENT_BEFORE_N/A_ACTUAL_POS] --(BEFORE)--> [EVENT_BEFORE_N/A_ACTUAL_POS] | [EVENT_BEFORE_N/A_ACTUAL_POS] --(BEFORE)--> [EVENT_BEFORE_N/A_ACTUAL_POS] | [EVENT_BEFORE_N/A_ACTUAL_POS] --(CONTAINS)--> [EVENT_BEFORE_N/A_ACTUAL_POS],"""bilan"" --(BEFORE)--> ""IRM"" | ""IRM"" --(BEFORE)--> ""électrophorèse"" | ""électrophorèse"" --(CONTAINS)--> ""découverte"""
158,42,FR100874,[EVENT_BEFORE_N/A_ACTUAL_POS] --(BEFORE)--> [EVENT_BEFORE_N/A_ACTUAL_POS] | [EVENT_BEFORE_N/A_ACTUAL_POS] --(BEFORE)--> [EVENT_BEFORE_N/A_ACTUAL_POS] | [EVENT_BEFORE_N/A_ACTUAL_POS] --(CONTAINS)--> [EVENT_BEFORE_N/A_ACTUAL_POS],"""hémogramme"" --(BEFORE)--> ""fibroscopie"" | ""fibroscopie"" --(BEFORE)--> ""transit"" | ""transit"" --(CONTAINS)--> ""image"""
158,42,FR100882,[EVENT_BEFORE_N/A_ACTUAL_POS] --(BEFORE)--> [EVENT_BEFORE_N/A_ACTUAL_POS] | [EVENT_BEFORE_N/A_ACTUAL_POS] --(BEFORE)--> [EVENT_BEFORE_N/A_ACTUAL_POS] | [EVENT_BEFORE_N/A_ACTUAL_POS] --(CONTAINS)--> [EVENT_BEFORE_N/A_ACTUAL_POS],"""sérologies"" --(BEFORE)--> ""sclérothérapie"" | ""sclérothérapie"" --(BEFORE)--> ""évolution"" | ""évolution"" --(CONTAINS)--> ""amélioration"""
158,42,FR100883,[EVENT_BEFORE_N/A_ACTUAL_POS] --(BEFORE)--> [EVENT_BEFORE_N/A_ACTUAL_POS] | [EVENT_BEFORE_N/A_ACTUAL_POS] --(BEFORE)--> [EVENT_BEFORE_N/A_ACTUAL_POS] | [EVENT_BEFORE_N/A_ACTUAL_POS] --(CONTAINS)--> [EVENT_BEFORE_N/A_ACTUAL_POS],"""biopsie"" --(BEFORE)--> ""bilan"" | ""bilan"" --(BEFORE)--> ""reçu"" | ""reçu"" --(CONTAINS)--> ""cures"""
158,42,FR100894,[EVENT_BEFORE_N/A_ACTUAL_POS] --(BEFORE)--> [EVENT_BEFORE_N/A_ACTUAL_POS] | [EVENT_BEFORE_N/A_ACTUAL_POS] --(BEFORE)--> [EVENT_BEFORE_N/A_ACTUAL_POS] | [EVENT_BEFORE_N/A_ACTUAL_POS] --(CONTAINS)--> [EVENT_BEFORE_N/A_ACTUAL_POS],"""diagnostic"" --(BEFORE)--> ""pris"" | ""pris"" --(BEFORE)--> ""incision"" | ""incision"" --(CONTAINS)--> ""décompression"""
158,42,FR100903,[EVENT_BEFORE_N/A_ACTUAL_POS] --(BEFORE)--> [EVENT_BEFORE_N/A_ACTUAL_POS] | [EVENT_BEFORE_N/A_ACTUAL_POS] --(BEFORE)--> [EVENT_BEFORE_N/A_ACTUAL_POS] | [EVENT_BEFORE_N/A_ACTUAL_POS] --(CONTAINS)--> [EVENT_BEFORE_N/A_ACTUAL_POS],"""écarté"" --(BEFORE)--> ""contrôles"" | ""contrôles"" --(BEFORE)--> ""accouchement"" | ""accouchement"" --(CONTAINS)--> ""naissance"""
158,42,FR100998,[EVENT_BEFORE_N/A_ACTUAL_POS] --(BEFORE)--> [EVENT_BEFORE_N/A_ACTUAL_POS] | [EVENT_BEFORE_N/A_ACTUAL_POS] --(BEFORE)--> [EVENT_BEFORE_N/A_ACTUAL_POS] | [EVENT_BEFORE_N/A_ACTUAL_POS] --(CONTAINS)--> [EVENT_BEFORE_N/A_ACTUAL_POS],"""test"" --(BEFORE)--> ""diagnostic"" | ""diagnostic"" --(BEFORE)--> ""traitée"" | ""traitée"" --(CONTAINS)--> ""cures"""
164,42,FR100120,[EVENT_BEFORE_N/A_ACTUAL_POS] --(BEFORE)--> [EVENT_BEFORE_N/A_ACTUAL_POS] | [EVENT_BEFORE_N/A_ACTUAL_POS] --(BEFORE)--> [EVENT_BEFORE_N/A_ACTUAL_POS] | [EVENT_BEFORE_N/A_ACTUAL_POS] --(BEFORE)--> [EVENT_BEFORE_N/A_ACTUAL_POS],"""traitement"" --(BEFORE)--> ""retirées"" | ""traitement"" --(BEFORE)--> ""sailli"" | ""retirées"" --(BEFORE)--> ""conclure"""
164,42,FR100130,[EVENT_BEFORE_N/A_ACTUAL_POS] --(BEFORE)--> [EVENT_BEFORE_N/A_ACTUAL_POS] | [EVENT_BEFORE_N/A_ACTUAL_POS] --(BEFORE)--> [EVENT_BEFORE_N/A_ACTUAL_POS] | [EVENT_BEFORE_N/A_ACTUAL_POS] --(BEFORE)--> [EVENT_BEFORE_N/A_ACTUAL_POS],"""glycémie"" --(BEFORE)--> ""confirmé"" | ""glycémie"" --(BEFORE)--> ""bilan"" | ""confirmé"" --(BEFORE)--> ""recherche"""
164,42,FR100142,[EVENT_BEFORE_N/A_ACTUAL_POS] --(BEFORE)--> [EVENT_BEFORE_N/A_ACTUAL_POS] | [EVENT_BEFORE_N/A_ACTUAL_POS] --(BEFORE)--> [EVENT_BEFORE_N/A_ACTUAL_POS] | [EVENT_BEFORE_N/A_ACTUAL_POS] --(BEFORE)--> [EVENT_BEFORE_N/A_ACTUAL_POS],"""fibroscopie"" --(BEFORE)--> ""biopsie"" | ""fibroscopie"" --(BEFORE)--> ""colonoscopie"" | ""biopsie"" --(BEFORE)--> ""mis"""
164,42,FR100161,[EVENT_BEFORE_N/A_ACTUAL_POS] --(BEFORE)--> [EVENT_BEFORE_N/A_ACTUAL_POS] | [EVENT_BEFORE_N/A_ACTUAL_POS] --(BEFORE)--> [EVENT_BEFORE_N/A_ACTUAL_POS] | [EVENT_BEFORE_N/A_ACTUAL_POS] --(BEFORE)--> [EVENT_BEFORE_N/A_ACTUAL_POS],"""cortisol"" --(BEFORE)--> ""exérèse"" | ""cortisol"" --(BEFORE)--> ""dérivés"" | ""exérèse"" --(BEFORE)--> ""examen"""
164,42,FR100168,[EVENT_BEFORE_N/A_ACTUAL_POS] --(BEFORE)--> [EVENT_BEFORE_N/A_ACTUAL_POS] | [EVENT_BEFORE_N/A_ACTUAL_POS] --(BEFORE)--> [EVENT_BEFORE_N/A_ACTUAL_POS] | [EVENT_BEFORE_N/A_ACTUAL_POS] --(BEFORE)--> [EVENT_BEFORE_N/A_ACTUAL_POS],"""examen"" --(BEFORE)--> ""bilan"" | ""examen"" --(BEFORE)--> ""ostéosynthèse"" | ""bilan"" --(BEFORE)--> ""dissection"""
164,42,FR100255,[EVENT_BEFORE_N/A_ACTUAL_POS] --(BEFORE)--> [EVENT_BEFORE_N/A_ACTUAL_POS] | [EVENT_BEFORE_N/A_ACTUAL_POS] --(BEFORE)--> [EVENT_BEFORE_N/A_ACTUAL_POS] | [EVENT_BEFORE_N/A_ACTUAL_POS] --(BEFORE)--> [EVENT_BEFORE_N/A_ACTUAL_POS],"""mise"" --(BEFORE)--> ""réveillée"" | ""mise"" --(BEFORE)--> ""oxygénothérapie"" | ""réveillée"" --(BEFORE)--> ""radio"""
164,42,FR100276,[EVENT_BEFORE_N/A_ACTUAL_POS] --(BEFORE)--> [EVENT_BEFORE_N/A_ACTUAL_POS] | [EVENT_BEFORE_N/A_ACTUAL_POS] --(BEFORE)--> [EVENT_BEFORE_N/A_ACTUAL_POS] | [EVENT_BEFORE_N/A_ACTUAL_POS] --(BEFORE)--> [EVENT_BEFORE_N/A_ACTUAL_POS],"""accouchement"" --(BEFORE)--> ""reste"" | ""accouchement"" --(BEFORE)--> ""poids"" | ""reste"" --(BEFORE)--> ""bilan"""
164,42,FR100283,[EVENT_BEFORE_N/A_ACTUAL_POS] --(BEFORE)--> [EVENT_BEFORE_N/A_ACTUAL_POS] | [EVENT_BEFORE_N/A_ACTUAL_POS] --(BEFORE)--> [EVENT_BEFORE_N/A_ACTUAL_POS] | [EVENT_BEFORE_N/A_ACTUAL_POS] --(BEFORE)--> [EVENT_BEFORE_N/A_ACTUAL_POS],"""bilan"" --(BEFORE)--> ""IRM"" | ""bilan"" --(BEFORE)--> ""ponction"" | ""IRM"" --(BEFORE)--> ""hypophysiogramme"""
164,42,FR100344,[EVENT_BEFORE_N/A_ACTUAL_POS] --(BEFORE)--> [EVENT_BEFORE_N/A_ACTUAL_POS] | [EVENT_BEFORE_N/A_ACTUAL_POS] --(BEFORE)--> [EVENT_BEFORE_N/A_ACTUAL_POS] | [EVENT_BEFORE_N/A_ACTUAL_POS] --(BEFORE)--> [EVENT_BEFORE_N/A_ACTUAL_POS],"""développé"" --(BEFORE)--> ""contrôle"" | ""développé"" --(BEFORE)--> ""suivie"" | ""contrôle"" --(BEFORE)--> ""tombée"""
164,42,FR100360,[EVENT_BEFORE_N/A_ACTUAL_POS] --(BEFORE)--> [EVENT_BEFORE_N/A_ACTUAL_POS] | [EVENT_BEFORE_N/A_ACTUAL_POS] --(BEFORE)--> [EVENT_BEFORE_N/A_ACTUAL_POS] | [EVENT_BEFORE_N/A_ACTUAL_POS] --(BEFORE)--> [EVENT_BEFORE_N/A_ACTUAL_POS],"""biopsie"" --(BEFORE)--> ""tomodensitométrie"" | ""biopsie"" --(BEFORE)--> ""étude"" | ""tomodensitométrie"" --(BEFORE)--> ""radiothérapie"""
164,42,FR100371,[EVENT_BEFORE_N/A_ACTUAL_POS] --(BEFORE)--> [EVENT_BEFORE_N/A_ACTUAL_POS] | [EVENT_BEFORE_N/A_ACTUAL_POS] --(BEFORE)--> [EVENT_BEFORE_N/A_ACTUAL_POS] | [EVENT_BEFORE_N/A_ACTUAL_POS] --(BEFORE)--> [EVENT_BEFORE_N/A_ACTUAL_POS],"""incision"" --(BEFORE)--> ""envoyée"" | ""incision"" --(BEFORE)--> ""suite"" | ""envoyée"" --(BEFORE)--> ""examen"""
164,42,FR100400,[EVENT_BEFORE_N/A_ACTUAL_POS] --(BEFORE)--> [EVENT_BEFORE_N/A_ACTUAL_POS] | [EVENT_BEFORE_N/A_ACTUAL_POS] --(BEFORE)--> [EVENT_BEFORE_N/A_ACTUAL_POS] | [EVENT_BEFORE_N/A_ACTUAL_POS] --(BEFORE)--> [EVENT_BEFORE_N/A_ACTUAL_POS],"""diagnostic"" --(BEFORE)--> ""exploration"" | ""diagnostic"" --(BEFORE)--> ""opérée"" | ""exploration"" --(BEFORE)--> ""résection"""
164,42,FR100439,[EVENT_BEFORE_N/A_ACTUAL_POS] --(BEFORE)--> [EVENT_BEFORE_N/A_ACTUAL_POS] | [EVENT_BEFORE_N/A_ACTUAL_POS] --(BEFORE)--> [EVENT_BEFORE_N/A_ACTUAL_POS] | [EVENT_BEFORE_N/A_ACTUAL_POS] --(BEFORE)--> [EVENT_BEFORE_N/A_ACTUAL_POS],"""analyse"" --(BEFORE)--> ""demandée"" | ""analyse"" --(BEFORE)--> ""exploration"" | ""demandée"" --(BEFORE)--> ""déterminer"""
164,42,FR100480,[EVENT_BEFORE_N/A_ACTUAL_POS] --(BEFORE)--> [EVENT_BEFORE_N/A_ACTUAL_POS] | [EVENT_BEFORE_N/A_ACTUAL_POS] --(BEFORE)--> [EVENT_BEFORE_N/A_ACTUAL_POS] | [EVENT_BEFORE_N/A_ACTUAL_POS] --(BEFORE)--> [EVENT_BEFORE_N/A_ACTUAL_POS],"""bilan"" --(BEFORE)--> ""analyse"" | ""bilan"" --(BEFORE)--> ""biopsie"" | ""analyse"" --(BEFORE)--> ""amputation"""
164,42,FR100515,[EVENT_BEFORE_N/A_ACTUAL_POS] --(BEFORE)--> [EVENT_BEFORE_N/A_ACTUAL_POS] | [EVENT_BEFORE_N/A_ACTUAL_POS] --(BEFORE)--> [EVENT_BEFORE_N/A_ACTUAL_POS] | [EVENT_BEFORE_N/A_ACTUAL_POS] --(BEFORE)--> [EVENT_BEFORE_N/A_ACTUAL_POS],"""testing"" --(BEFORE)--> ""dosage"" | ""testing"" --(BEFORE)--> ""électromyogramme"" | ""dosage"" --(BEFORE)--> ""bilan"""
164,42,FR100519,[EVENT_BEFORE_N/A_ACTUAL_POS] --(BEFORE)--> [EVENT_BEFORE_N/A_ACTUAL_POS] | [EVENT_BEFORE_N/A_ACTUAL_POS] --(BEFORE)--> [EVENT_BEFORE_N/A_ACTUAL_POS] | [EVENT_BEFORE_N/A_ACTUAL_POS] --(BEFORE)--> [EVENT_BEFORE_N/A_ACTUAL_POS],"""hospitalisée"" --(BEFORE)--> ""entrée"" | ""hospitalisée"" --(BEFORE)--> ""transférée"" | ""entrée"" --(BEFORE)--> ""bilan"""
164,42,FR100579,[EVENT_BEFORE_N/A_ACTUAL_POS] --(BEFORE)--> [EVENT_BEFORE_N/A_ACTUAL_POS] | [EVENT_BEFORE_N/A_ACTUAL_POS] --(BEFORE)--> [EVENT_BEFORE_N/A_ACTUAL_POS] | [EVENT_BEFORE_N/A_ACTUAL_POS] --(BEFORE)--> [EVENT_BEFORE_N/A_ACTUAL_POS],"""échocardiographie"" --(BEFORE)--> ""angio-scanner"" | ""échocardiographie"" --(BEFORE)--> ""bilan"" | ""angio-scanner"" --(BEFORE)--> ""imagerie"""
164,42,FR100589,[EVENT_BEFORE_N/A_ACTUAL_POS] --(BEFORE)--> [EVENT_BEFORE_N/A_ACTUAL_POS] | [EVENT_BEFORE_N/A_ACTUAL_POS] --(BEFORE)--> [EVENT_BEFORE_N/A_ACTUAL_POS] | [EVENT_BEFORE_N/A_ACTUAL_POS] --(BEFORE)--> [EVENT_BEFORE_N/A_ACTUAL_POS],"""caryotype"" --(BEFORE)--> ""sérologie"" | ""caryotype"" --(BEFORE)--> ""biopsie"" | ""sérologie"" --(BEFORE)--> ""diagnostic"""
164,42,FR100597,[EVENT_BEFORE_N/A_ACTUAL_POS] --(BEFORE)--> [EVENT_BEFORE_N/A_ACTUAL_POS] | [EVENT_BEFORE_N/A_ACTUAL_POS] --(BEFORE)--> [EVENT_BEFORE_N/A_ACTUAL_POS] | [EVENT_BEFORE_N/A_ACTUAL_POS] --(BEFORE)--> [EVENT_BEFORE_N/A_ACTUAL_POS],"""fibroscopie"" --(BEFORE)--> ""marqueurs"" | ""fibroscopie"" --(BEFORE)--> ""coloscopie"" | ""marqueurs"" --(BEFORE)--> ""décidée"""
164,42,FR100611,[EVENT_BEFORE_N/A_ACTUAL_POS] --(BEFORE)--> [EVENT_BEFORE_N/A_ACTUAL_POS] | [EVENT_BEFORE_N/A_ACTUAL_POS] --(BEFORE)--> [EVENT_BEFORE_N/A_ACTUAL_POS] | [EVENT_BEFORE_N/A_ACTUAL_POS] --(BEFORE)--> [EVENT_BEFORE_N/A_ACTUAL_POS],"""examen"" --(BEFORE)--> ""PCR"" | ""examen"" --(BEFORE)--> ""cultures"" | ""PCR"" --(BEFORE)--> ""TDM"""
164,42,FR100614,[EVENT_BEFORE_N/A_ACTUAL_POS] --(BEFORE)--> [EVENT_BEFORE_N/A_ACTUAL_POS] | [EVENT_BEFORE_N/A_ACTUAL_POS] --(BEFORE)--> [EVENT_BEFORE_N/A_ACTUAL_POS] | [EVENT_BEFORE_N/A_ACTUAL_POS] --(BEFORE)--> [EVENT_BEFORE_N/A_ACTUAL_POS],"""radiographie"" --(BEFORE)--> ""taux"" | ""radiographie"" --(BEFORE)--> ""échographie"" | ""taux"" --(BEFORE)--> ""exploration"""
164,42,FR100620,[EVENT_BEFORE_N/A_ACTUAL_POS] --(BEFORE)--> [EVENT_BEFORE_N/A_ACTUAL_POS] | [EVENT_BEFORE_N/A_ACTUAL_POS] --(BEFORE)--> [EVENT_BEFORE_N/A_ACTUAL_POS] | [EVENT_BEFORE_N/A_ACTUAL_POS] --(BEFORE)--> [EVENT_BEFORE_N/A_ACTUAL_POS],"""pleurodèse"" --(BEFORE)--> ""biopsie"" | ""pleurodèse"" --(BEFORE)--> ""biopsie"" | ""biopsie"" --(BEFORE)--> ""prise"""
164,42,FR100623,[EVENT_BEFORE_N/A_ACTUAL_POS] --(BEFORE)--> [EVENT_BEFORE_N/A_ACTUAL_POS] | [EVENT_BEFORE_N/A_ACTUAL_POS] --(BEFORE)--> [EVENT_BEFORE_N/A_ACTUAL_POS] | [EVENT_BEFORE_N/A_ACTUAL_POS] --(BEFORE)--> [EVENT_BEFORE_N/A_ACTUAL_POS],"""examen"" --(BEFORE)--> ""échographie"" | ""examen"" --(BEFORE)--> ""bilan"" | ""échographie"" --(BEFORE)--> ""tomodensitométrie"""
164,42,FR100629,[EVENT_BEFORE_N/A_ACTUAL_POS] --(BEFORE)--> [EVENT_BEFORE_N/A_ACTUAL_POS] | [EVENT_BEFORE_N/A_ACTUAL_POS] --(BEFORE)--> [EVENT_BEFORE_N/A_ACTUAL_POS] | [EVENT_BEFORE_N/A_ACTUAL_POS] --(BEFORE)--> [EVENT_BEFORE_N/A_ACTUAL_POS],"""radiographie"" --(BEFORE)--> ""thoracoscopie"" | ""radiographie"" --(BEFORE)--> ""TDM"" | ""thoracoscopie"" --(BEFORE)--> ""marquage"""
164,42,FR100632,[EVENT_BEFORE_N/A_ACTUAL_POS] --(BEFORE)--> [EVENT_BEFORE_N/A_ACTUAL_POS] | [EVENT_BEFORE_N/A_ACTUAL_POS] --(BEFORE)--> [EVENT_BEFORE_N/A_ACTUAL_POS] | [EVENT_BEFORE_N/A_ACTUAL_POS] --(BEFORE)--> [EVENT_BEFORE_N/A_ACTUAL_POS],"""radiographie"" --(BEFORE)--> ""examen"" | ""radiographie"" --(BEFORE)--> ""tomodensitométrie"" | ""examen"" --(BEFORE)--> ""sérologie"""
164,42,FR100663,[EVENT_BEFORE_N/A_ACTUAL_POS] --(BEFORE)--> [EVENT_BEFORE_N/A_ACTUAL_POS] | [EVENT_BEFORE_N/A_ACTUAL_POS] --(BEFORE)--> [EVENT_BEFORE_N/A_ACTUAL_POS] | [EVENT_BEFORE_N/A_ACTUAL_POS] --(BEFORE)--> [EVENT_BEFORE_N/A_ACTUAL_POS],"""ligature"" --(BEFORE)--> ""incisée"" | ""ligature"" --(BEFORE)--> ""libération"" | ""incisée"" --(BEFORE)--> ""vérifié"""
164,42,FR100666,[EVENT_BEFORE_N/A_ACTUAL_POS] --(BEFORE)--> [EVENT_BEFORE_N/A_ACTUAL_POS] | [EVENT_BEFORE_N/A_ACTUAL_POS] --(BEFORE)--> [EVENT_BEFORE_N/A_ACTUAL_POS] | [EVENT_BEFORE_N/A_ACTUAL_POS] --(BEFORE)--> [EVENT_BEFORE_N/A_ACTUAL_POS],"""biopsie"" --(BEFORE)--> ""étude"" | ""biopsie"" --(BEFORE)--> ""examen"" | ""étude"" --(BEFORE)--> ""adressé"""
164,42,FR100688,[EVENT_BEFORE_N/A_ACTUAL_POS] --(BEFORE)--> [EVENT_BEFORE_N/A_ACTUAL_POS] | [EVENT_BEFORE_N/A_ACTUAL_POS] --(BEFORE)--> [EVENT_BEFORE_N/A_ACTUAL_POS] | [EVENT_BEFORE_N/A_ACTUAL_POS] --(BEFORE)--> [EVENT_BEFORE_N/A_ACTUAL_POS],"""sérologie"" --(BEFORE)--> ""radiographie"" | ""sérologie"" --(BEFORE)--> ""intradermoréaction"" | ""radiographie"" --(BEFORE)--> ""échographie"""
164,42,FR100689,[EVENT_BEFORE_N/A_ACTUAL_POS] --(BEFORE)--> [EVENT_BEFORE_N/A_ACTUAL_POS] | [EVENT_BEFORE_N/A_ACTUAL_POS] --(BEFORE)--> [EVENT_BEFORE_N/A_ACTUAL_POS] | [EVENT_BEFORE_N/A_ACTUAL_POS] --(BEFORE)--> [EVENT_BEFORE_N/A_ACTUAL_POS],"""demandé"" --(BEFORE)--> ""examen"" | ""demandé"" --(BEFORE)--> ""avis"" | ""examen"" --(BEFORE)--> ""scanner"""
164,42,FR100697,[EVENT_BEFORE_N/A_ACTUAL_POS] --(BEFORE)--> [EVENT_BEFORE_N/A_ACTUAL_POS] | [EVENT_BEFORE_N/A_ACTUAL_POS] --(BEFORE)--> [EVENT_BEFORE_N/A_ACTUAL_POS] | [EVENT_BEFORE_N/A_ACTUAL_POS] --(BEFORE)--> [EVENT_BEFORE_N/A_ACTUAL_POS],"""examen"" --(BEFORE)--> ""mammographie"" | ""examen"" --(BEFORE)--> ""reste"" | ""mammographie"" --(BEFORE)--> ""échographie"""
164,42,FR100708,[EVENT_BEFORE_N/A_ACTUAL_POS] --(BEFORE)--> [EVENT_BEFORE_N/A_ACTUAL_POS] | [EVENT_BEFORE_N/A_ACTUAL_POS] --(BEFORE)--> [EVENT_BEFORE_N/A_ACTUAL_POS] | [EVENT_BEFORE_N/A_ACTUAL_POS] --(BEFORE)--> [EVENT_BEFORE_N/A_ACTUAL_POS],"""demandée"" --(BEFORE)--> ""tests"" | ""demandée"" --(BEFORE)--> ""IRM"" | ""tests"" --(BEFORE)--> ""mise"""
164,42,FR100748,[EVENT_BEFORE_N/A_ACTUAL_POS] --(BEFORE)--> [EVENT_BEFORE_N/A_ACTUAL_POS] | [EVENT_BEFORE_N/A_ACTUAL_POS] --(BEFORE)--> [EVENT_BEFORE_N/A_ACTUAL_POS] | [EVENT_BEFORE_N/A_ACTUAL_POS] --(BEFORE)--> [EVENT_BEFORE_N/A_ACTUAL_POS],"""mobilisation"" --(BEFORE)--> ""suites"" | ""mobilisation"" --(BEFORE)--> ""résection"" | ""suites"" --(BEFORE)--> ""transférée"""
164,42,FR100780,[EVENT_BEFORE_N/A_ACTUAL_POS] --(BEFORE)--> [EVENT_BEFORE_N/A_ACTUAL_POS] | [EVENT_BEFORE_N/A_ACTUAL_POS] --(BEFORE)--> [EVENT_BEFORE_N/A_ACTUAL_POS] | [EVENT_BEFORE_N/A_ACTUAL_POS] --(BEFORE)--> [EVENT_BEFORE_N/A_ACTUAL_POS],"""geste"" --(BEFORE)--> ""geste"" | ""geste"" --(BEFORE)--> ""accouchement"" | ""geste"" --(BEFORE)--> ""geste"""
164,42,FR100826,[EVENT_BEFORE_N/A_ACTUAL_POS] --(BEFORE)--> [EVENT_BEFORE_N/A_ACTUAL_POS] | [EVENT_BEFORE_N/A_ACTUAL_POS] --(BEFORE)--> [EVENT_BEFORE_N/A_ACTUAL_POS] | [EVENT_BEFORE_N/A_ACTUAL_POS] --(BEFORE)--> [EVENT_BEFORE_N/A_ACTUAL_POS],"""admis"" --(BEFORE)--> ""examen"" | ""admis"" --(BEFORE)--> ""don"" | ""examen"" --(BEFORE)--> ""bilan"""
164,42,FR100845,[EVENT_BEFORE_N/A_ACTUAL_POS] --(BEFORE)--> [EVENT_BEFORE_N/A_ACTUAL_POS] | [EVENT_BEFORE_N/A_ACTUAL_POS] --(BEFORE)--> [EVENT_BEFORE_N/A_ACTUAL_POS] | [EVENT_BEFORE_N/A_ACTUAL_POS] --(BEFORE)--> [EVENT_BEFORE_N/A_ACTUAL_POS],"""extraction"" --(BEFORE)--> ""examen"" | ""extraction"" --(BEFORE)--> ""Apgar"" | ""examen"" --(BEFORE)--> ""examinés"""
164,42,FR100870,[EVENT_BEFORE_N/A_ACTUAL_POS] --(BEFORE)--> [EVENT_BEFORE_N/A_ACTUAL_POS] | [EVENT_BEFORE_N/A_ACTUAL_POS] --(BEFORE)--> [EVENT_BEFORE_N/A_ACTUAL_POS] | [EVENT_BEFORE_N/A_ACTUAL_POS] --(BEFORE)--> [EVENT_BEFORE_N/A_ACTUAL_POS],"""immunosoustraction"" --(BEFORE)--> ""immunofixation"" | ""immunosoustraction"" --(BEFORE)--> ""typer"" | ""immunofixation"" --(BEFORE)--> ""bilan"""
164,42,FR100882,[EVENT_BEFORE_N/A_ACTUAL_POS] --(BEFORE)--> [EVENT_BEFORE_N/A_ACTUAL_POS] | [EVENT_BEFORE_N/A_ACTUAL_POS] --(BEFORE)--> [EVENT_BEFORE_N/A_ACTUAL_POS] | [EVENT_BEFORE_N/A_ACTUAL_POS] --(BEFORE)--> [EVENT_BEFORE_N/A_ACTUAL_POS],"""laminectomie"" --(BEFORE)--> ""Imagerie"" | ""laminectomie"" --(BEFORE)--> ""suites"" | ""Imagerie"" --(BEFORE)--> ""bilan"""
164,42,FR100903,[EVENT_BEFORE_N/A_ACTUAL_POS] --(BEFORE)--> [EVENT_BEFORE_N/A_ACTUAL_POS] | [EVENT_BEFORE_N/A_ACTUAL_POS] --(BEFORE)--> [EVENT_BEFORE_N/A_ACTUAL_POS] | [EVENT_BEFORE_N/A_ACTUAL_POS] --(BEFORE)--> [EVENT_BEFORE_N/A_ACTUAL_POS],"""écarté"" --(BEFORE)--> ""contrôles"" | ""écarté"" --(BEFORE)--> ""réfléchir"" | ""contrôles"" --(BEFORE)--> ""accouchement"""
164,42,FR100919,[EVENT_BEFORE_N/A_ACTUAL_POS] --(BEFORE)--> [EVENT_BEFORE_N/A_ACTUAL_POS] | [EVENT_BEFORE_N/A_ACTUAL_POS] --(BEFORE)--> [EVENT_BEFORE_N/A_ACTUAL_POS] | [EVENT_BEFORE_N/A_ACTUAL_POS] --(BEFORE)--> [EVENT_BEFORE_N/A_ACTUAL_POS],"""correction"" --(BEFORE)--> ""adressée"" | ""correction"" --(BEFORE)--> ""normalisation"" | ""adressée"" --(BEFORE)--> ""bilan"""
164,42,FR100932,[EVENT_BEFORE_N/A_ACTUAL_POS] --(BEFORE)--> [EVENT_BEFORE_N/A_ACTUAL_POS] | [EVENT_BEFORE_N/A_ACTUAL_POS] --(BEFORE)--> [EVENT_BEFORE_N/A_ACTUAL_POS] | [EVENT_BEFORE_N/A_ACTUAL_POS] --(BEFORE)--> [EVENT_BEFORE_N/A_ACTUAL_POS],"""mise"" --(BEFORE)--> ""opérée"" | ""mise"" --(BEFORE)--> ""installation"" | ""opérée"" --(BEFORE)--> ""évolution"""
164,42,FR100946,[EVENT_BEFORE_N/A_ACTUAL_POS] --(BEFORE)--> [EVENT_BEFORE_N/A_ACTUAL_POS] | [EVENT_BEFORE_N/A_ACTUAL_POS] --(BEFORE)--> [EVENT_BEFORE_N/A_ACTUAL_POS] | [EVENT_BEFORE_N/A_ACTUAL_POS] --(BEFORE)--> [EVENT_BEFORE_N/A_ACTUAL_POS],"""mise"" --(BEFORE)--> ""analyse"" | ""mise"" --(BEFORE)--> ""exérèse"" | ""analyse"" --(BEFORE)--> ""mise"""
10,41,FR100003,[EVENT_BEFORE_N/A_ACTUAL_POS] --(CONTAINS)--> [EVENT_BEFORE_N/A_ACTUAL_POS] | [EVENT_BEFORE_N/A_ACTUAL_POS] --(OVERLAP)--> [EVENT_BEFORE_N/A_ACTUAL_POS],"""état"" --(CONTAINS)--> ""Lexamen"" | ""état"" --(OVERLAP)--> ""SaO2"""
10,41,FR100078,[EVENT_BEFORE_N/A_ACTUAL_POS] --(CONTAINS)--> [EVENT_BEFORE_N/A_ACTUAL_POS] | [EVENT_BEFORE_N/A_ACTUAL_POS] --(OVERLAP)--> [EVENT_BEFORE_N/A_ACTUAL_POS],"""ulcères"" --(CONTAINS)--> ""hospitalisation"" | ""ulcères"" --(OVERLAP)--> ""récidives"""
10,41,FR100092,[EVENT_BEFORE_N/A_ACTUAL_POS] --(CONTAINS)--> [EVENT_BEFORE_N/A_ACTUAL_POS] | [EVENT_BEFORE_N/A_ACTUAL_POS] --(OVERLAP)--> [EVENT_BEFORE_N/A_ACTUAL_POS],"""appendicite"" --(CONTAINS)--> ""étude"" | ""appendicite"" --(OVERLAP)--> ""réaction"""
10,41,FR100120,[EVENT_BEFORE_N/A_ACTUAL_POS] --(CONTAINS)--> [EVENT_BEFORE_N/A_ACTUAL_POS] | [EVENT_BEFORE_N/A_ACTUAL_POS] --(OVERLAP)--> [EVENT_BEFORE_N/A_ACTUAL_POS],"""traitement"" --(CONTAINS)--> ""soins"" | ""traitement"" --(OVERLAP)--> ""rattaché"""
10,41,FR100130,[EVENT_BEFORE_N/A_ACTUAL_POS] --(CONTAINS)--> [EVENT_BEFORE_N/A_ACTUAL_POS] | [EVENT_BEFORE_N/A_ACTUAL_POS] --(OVERLAP)--> [EVENT_BEFORE_N/A_ACTUAL_POS],"""réflexes"" --(CONTAINS)--> ""examen"" | ""réflexes"" --(OVERLAP)--> ""réflexe"""
10,41,FR100132,[EVENT_BEFORE_N/A_ACTUAL_POS] --(CONTAINS)--> [EVENT_BEFORE_N/A_ACTUAL_POS] | [EVENT_BEFORE_N/A_ACTUAL_POS] --(OVERLAP)--> [EVENT_BEFORE_N/A_ACTUAL_POS],"""consultation"" --(CONTAINS)--> ""référée"" | ""consultation"" --(OVERLAP)--> ""antécédents"""
10,41,FR100142,[EVENT_BEFORE_N/A_ACTUAL_POS] --(CONTAINS)--> [EVENT_BEFORE_N/A_ACTUAL_POS] | [EVENT_BEFORE_N/A_ACTUAL_POS] --(OVERLAP)--> [EVENT_BEFORE_N/A_ACTUAL_POS],"""taux"" --(CONTAINS)--> ""passé"" | ""taux"" --(OVERLAP)--> ""ferritinémie"""
10,41,FR100161,[EVENT_BEFORE_N/A_ACTUAL_POS] --(CONTAINS)--> [EVENT_BEFORE_N/A_ACTUAL_POS] | [EVENT_BEFORE_N/A_ACTUAL_POS] --(OVERLAP)--> [EVENT_BEFORE_N/A_ACTUAL_POS],"""cytolyse"" --(CONTAINS)--> ""examens"" | ""cytolyse"" --(OVERLAP)--> ""ASAT"""
10,41,FR100168,[EVENT_BEFORE_N/A_ACTUAL_POS] --(CONTAINS)--> [EVENT_BEFORE_N/A_ACTUAL_POS] | [EVENT_BEFORE_N/A_ACTUAL_POS] --(OVERLAP)--> [EVENT_BEFORE_N/A_ACTUAL_POS],"""entretien"" --(CONTAINS)--> ""dévoiler"" | ""entretien"" --(OVERLAP)--> ""habitude"""
10,41,FR100275,[EVENT_BEFORE_N/A_ACTUAL_POS] --(CONTAINS)--> [EVENT_BEFORE_N/A_ACTUAL_POS] | [EVENT_BEFORE_N/A_ACTUAL_POS] --(OVERLAP)--> [EVENT_BEFORE_N/A_ACTUAL_POS],"""examen"" --(CONTAINS)--> ""pression"" | ""examen"" --(OVERLAP)--> ""bilan"""
10,41,FR100282,[EVENT_BEFORE_N/A_ACTUAL_POS] --(CONTAINS)--> [EVENT_BEFORE_N/A_ACTUAL_POS] | [EVENT_BEFORE_N/A_ACTUAL_POS] --(OVERLAP)--> [EVENT_BEFORE_N/A_ACTUAL_POS],"""crises"" --(CONTAINS)--> ""soumis"" | ""crises"" --(OVERLAP)--> ""oubli"""
10,41,FR100296,[EVENT_BEFORE_N/A_ACTUAL_POS] --(CONTAINS)--> [EVENT_BEFORE_N/A_ACTUAL_POS] | [EVENT_BEFORE_N/A_ACTUAL_POS] --(OVERLAP)--> [EVENT_BEFORE_N/A_ACTUAL_POS],"""émergence"" --(CONTAINS)--> ""fenestration"" | ""émergence"" --(OVERLAP)--> ""conflit"""
10,41,FR100361,[EVENT_BEFORE_N/A_ACTUAL_POS] --(CONTAINS)--> [EVENT_BEFORE_N/A_ACTUAL_POS] | [EVENT_BEFORE_N/A_ACTUAL_POS] --(OVERLAP)--> [EVENT_BEFORE_N/A_ACTUAL_POS],"""méningo-vascularite"" --(CONTAINS)--> ""diagnostic"" | ""méningo-vascularite"" --(OVERLAP)--> ""adénome"""
10,41,FR100371,[EVENT_BEFORE_N/A_ACTUAL_POS] --(CONTAINS)--> [EVENT_BEFORE_N/A_ACTUAL_POS] | [EVENT_BEFORE_N/A_ACTUAL_POS] --(OVERLAP)--> [EVENT_BEFORE_N/A_ACTUAL_POS],"""tuméfaction"" --(CONTAINS)--> ""examen"" | ""tuméfaction"" --(OVERLAP)--> ""palpable"""
10,41,FR100400,[EVENT_BEFORE_N/A_ACTUAL_POS] --(CONTAINS)--> [EVENT_BEFORE_N/A_ACTUAL_POS] | [EVENT_BEFORE_N/A_ACTUAL_POS] --(OVERLAP)--> [EVENT_BEFORE_N/A_ACTUAL_POS],"""suites"" --(CONTAINS)--> ""retiré"" | ""suites"" --(OVERLAP)--> ""étude"""
10,41,FR100517,[EVENT_BEFORE_N/A_ACTUAL_POS] --(CONTAINS)--> [EVENT_BEFORE_N/A_ACTUAL_POS] | [EVENT_BEFORE_N/A_ACTUAL_POS] --(OVERLAP)--> [EVENT_BEFORE_N/A_ACTUAL_POS],"""bilan"" --(CONTAINS)--> ""fibroscopie"" | ""bilan"" --(OVERLAP)--> ""amélioration"""
10,41,FR100579,[EVENT_BEFORE_N/A_ACTUAL_POS] --(CONTAINS)--> [EVENT_BEFORE_N/A_ACTUAL_POS] | [EVENT_BEFORE_N/A_ACTUAL_POS] --(OVERLAP)--> [EVENT_BEFORE_N/A_ACTUAL_POS],"""antécédents"" --(CONTAINS)--> ""traumatisme"" | ""antécédents"" --(OVERLAP)--> ""consulte"""
10,41,FR100589,[EVENT_BEFORE_N/A_ACTUAL_POS] --(CONTAINS)--> [EVENT_BEFORE_N/A_ACTUAL_POS] | [EVENT_BEFORE_N/A_ACTUAL_POS] --(OVERLAP)--> [EVENT_BEFORE_N/A_ACTUAL_POS],"""toux"" --(CONTAINS)--> ""hospitalisation"" | ""toux"" --(OVERLAP)--> ""douleurs"""
10,41,FR100597,[EVENT_BEFORE_N/A_ACTUAL_POS] --(CONTAINS)--> [EVENT_BEFORE_N/A_ACTUAL_POS] | [EVENT_BEFORE_N/A_ACTUAL_POS] --(OVERLAP)--> [EVENT_BEFORE_N/A_ACTUAL_POS],"""hystérectomie"" --(CONTAINS)--> ""annexectomie"" | ""hystérectomie"" --(OVERLAP)--> ""examen"""
10,41,FR100620,[EVENT_BEFORE_N/A_ACTUAL_POS] --(CONTAINS)--> [EVENT_BEFORE_N/A_ACTUAL_POS] | [EVENT_BEFORE_N/A_ACTUAL_POS] --(OVERLAP)--> [EVENT_BEFORE_N/A_ACTUAL_POS],"""prise"" --(CONTAINS)--> ""corticothérapie"" | ""prise"" --(OVERLAP)--> ""sevrage"""
10,41,FR100632,[EVENT_BEFORE_N/A_ACTUAL_POS] --(CONTAINS)--> [EVENT_BEFORE_N/A_ACTUAL_POS] | [EVENT_BEFORE_N/A_ACTUAL_POS] --(OVERLAP)--> [EVENT_BEFORE_N/A_ACTUAL_POS],"""constipation"" --(CONTAINS)--> ""admis"" | ""constipation"" --(OVERLAP)--> ""apyrexie"""
10,41,FR100658,[EVENT_BEFORE_N/A_ACTUAL_POS] --(CONTAINS)--> [EVENT_BEFORE_N/A_ACTUAL_POS] | [EVENT_BEFORE_N/A_ACTUAL_POS] --(OVERLAP)--> [EVENT_BEFORE_N/A_ACTUAL_POS],"""Opéré"" --(CONTAINS)--> ""exérèse"" | ""Opéré"" --(OVERLAP)--> ""antécédents"""
10,41,FR100666,[EVENT_BEFORE_N/A_ACTUAL_POS] --(CONTAINS)--> [EVENT_BEFORE_N/A_ACTUAL_POS] | [EVENT_BEFORE_N/A_ACTUAL_POS] --(OVERLAP)--> [EVENT_BEFORE_N/A_ACTUAL_POS],"""traitement"" --(CONTAINS)--> ""polychimiothérapie"" | ""traitement"" --(OVERLAP)--> ""pris"""
10,41,FR100683,[EVENT_BEFORE_N/A_ACTUAL_POS] --(CONTAINS)--> [EVENT_BEFORE_N/A_ACTUAL_POS] | [EVENT_BEFORE_N/A_ACTUAL_POS] --(OVERLAP)--> [EVENT_BEFORE_N/A_ACTUAL_POS],"""taux"" --(CONTAINS)--> ""exploration"" | ""taux"" --(OVERLAP)--> ""LH"""
10,41,FR100689,[EVENT_BEFORE_N/A_ACTUAL_POS] --(CONTAINS)--> [EVENT_BEFORE_N/A_ACTUAL_POS] | [EVENT_BEFORE_N/A_ACTUAL_POS] --(OVERLAP)--> [EVENT_BEFORE_N/A_ACTUAL_POS],"""diparésie"" --(CONTAINS)--> ""séances"" | ""diparésie"" --(OVERLAP)--> ""évolution"""
10,41,FR100697,[EVENT_BEFORE_N/A_ACTUAL_POS] --(CONTAINS)--> [EVENT_BEFORE_N/A_ACTUAL_POS] | [EVENT_BEFORE_N/A_ACTUAL_POS] --(OVERLAP)--> [EVENT_BEFORE_N/A_ACTUAL_POS],"""adénopathies"" --(CONTAINS)--> ""échographie"" | ""adénopathies"" --(OVERLAP)--> ""épaississement"""
10,41,FR100717,[EVENT_BEFORE_N/A_ACTUAL_POS] --(CONTAINS)--> [EVENT_BEFORE_N/A_ACTUAL_POS] | [EVENT_BEFORE_N/A_ACTUAL_POS] --(OVERLAP)--> [EVENT_BEFORE_N/A_ACTUAL_POS],"""suites"" --(CONTAINS)--> ""régression"" | ""suites"" --(OVERLAP)--> ""évolution"""
10,41,FR100748,[EVENT_BEFORE_N/A_ACTUAL_POS] --(CONTAINS)--> [EVENT_BEFORE_N/A_ACTUAL_POS] | [EVENT_BEFORE_N/A_ACTUAL_POS] --(OVERLAP)--> [EVENT_BEFORE_N/A_ACTUAL_POS],"""ouverture"" --(CONTAINS)--> ""aborder"" | ""ouverture"" --(OVERLAP)--> ""libération"""
10,41,FR100780,[EVENT_BEFORE_N/A_ACTUAL_POS] --(CONTAINS)--> [EVENT_BEFORE_N/A_ACTUAL_POS] | [EVENT_BEFORE_N/A_ACTUAL_POS] --(OVERLAP)--> [EVENT_BEFORE_N/A_ACTUAL_POS],"""examen"" --(CONTAINS)--> ""température"" | ""examen"" --(OVERLAP)--> ""obstétrical"""
10,41,FR100849,[EVENT_BEFORE_N/A_ACTUAL_POS] --(CONTAINS)--> [EVENT_BEFORE_N/A_ACTUAL_POS] | [EVENT_BEFORE_N/A_ACTUAL_POS] --(OVERLAP)--> [EVENT_BEFORE_N/A_ACTUAL_POS],"""admission"" --(CONTAINS)--> ""examen"" | ""admission"" --(OVERLAP)--> ""pouls"""
10,41,FR100870,[EVENT_BEFORE_N/A_ACTUAL_POS] --(CONTAINS)--> [EVENT_BEFORE_N/A_ACTUAL_POS] | [EVENT_BEFORE_N/A_ACTUAL_POS] --(OVERLAP)--> [EVENT_BEFORE_N/A_ACTUAL_POS],"""trisomie"" --(CONTAINS)--> ""étude"" | ""trisomie"" --(OVERLAP)--> ""trisomie"""
10,41,FR100882,[EVENT_BEFORE_N/A_ACTUAL_POS] --(CONTAINS)--> [EVENT_BEFORE_N/A_ACTUAL_POS] | [EVENT_BEFORE_N/A_ACTUAL_POS] --(OVERLAP)--> [EVENT_BEFORE_N/A_ACTUAL_POS],"""parésie"" --(CONTAINS)--> ""examen"" | ""parésie"" --(OVERLAP)--> ""force"""
10,41,FR100894,[EVENT_BEFORE_N/A_ACTUAL_POS] --(CONTAINS)--> [EVENT_BEFORE_N/A_ACTUAL_POS] | [EVENT_BEFORE_N/A_ACTUAL_POS] --(OVERLAP)--> [EVENT_BEFORE_N/A_ACTUAL_POS],"""incision"" --(CONTAINS)--> ""décompression"" | ""incision"" --(OVERLAP)--> ""rompu"""
10,41,FR100903,[EVENT_BEFORE_N/A_ACTUAL_POS] --(CONTAINS)--> [EVENT_BEFORE_N/A_ACTUAL_POS] | [EVENT_BEFORE_N/A_ACTUAL_POS] --(OVERLAP)--> [EVENT_BEFORE_N/A_ACTUAL_POS],"""protubérance"" --(CONTAINS)--> ""échographie"" | ""protubérance"" --(OVERLAP)--> ""inversée"""
10,41,FR100919,[EVENT_BEFORE_N/A_ACTUAL_POS] --(CONTAINS)--> [EVENT_BEFORE_N/A_ACTUAL_POS] | [EVENT_BEFORE_N/A_ACTUAL_POS] --(OVERLAP)--> [EVENT_BEFORE_N/A_ACTUAL_POS],"""signes"" --(CONTAINS)--> ""bilans"" | ""signes"" --(OVERLAP)--> ""prise"""
10,41,FR100925,[EVENT_BEFORE_N/A_ACTUAL_POS] --(CONTAINS)--> [EVENT_BEFORE_N/A_ACTUAL_POS] | [EVENT_BEFORE_N/A_ACTUAL_POS] --(OVERLAP)--> [EVENT_BEFORE_N/A_ACTUAL_POS],"""infection"" --(CONTAINS)--> ""bilan"" | ""infection"" --(OVERLAP)--> ""Ac"""
10,41,FR100996,[EVENT_BEFORE_N/A_ACTUAL_POS] --(CONTAINS)--> [EVENT_BEFORE_N/A_ACTUAL_POS] | [EVENT_BEFORE_N/A_ACTUAL_POS] --(OVERLAP)--> [EVENT_BEFORE_N/A_ACTUAL_POS],"""hernie"" --(CONTAINS)--> ""retenu"" | ""hernie"" --(OVERLAP)--> ""signe"""
180,40,FR100003,[EVENT_BEFORE_N/A_ACTUAL_POS] --(BEFORE)--> [EVENT_BEFORE_N/A_ACTUAL_POS] | [EVENT_BEFORE_N/A_ACTUAL_POS] --(SIMULTANEOUS)--> [EVENT_BEFORE_N/A_ACTUAL_POS],"""drainage"" --(BEFORE)--> ""traitement"" | ""traitement"" --(SIMULTANEOUS)--> ""nécessaire"""
180,40,FR100120,[EVENT_BEFORE_N/A_ACTUAL_POS] --(BEFORE)--> [EVENT_BEFORE_N/A_ACTUAL_POS] | [EVENT_BEFORE_N/A_ACTUAL_POS] --(SIMULTANEOUS)--> [EVENT_BEFORE_N/A_ACTUAL_POS],"""reste"" --(BEFORE)--> ""traitement"" | ""traitement"" --(SIMULTANEOUS)--> ""inefficace"""
180,40,FR100130,[EVENT_BEFORE_N/A_ACTUAL_POS] --(BEFORE)--> [EVENT_BEFORE_N/A_ACTUAL_POS] | [EVENT_BEFORE_N/A_ACTUAL_POS] --(SIMULTANEOUS)--> [EVENT_BEFORE_N/A_ACTUAL_POS],"""administrées"" --(BEFORE)--> ""reçu"" | ""reçu"" --(SIMULTANEOUS)--> ""cures"""
180,40,FR100142,[EVENT_BEFORE_N/A_ACTUAL_POS] --(BEFORE)--> [EVENT_BEFORE_N/A_ACTUAL_POS] | [EVENT_BEFORE_N/A_ACTUAL_POS] --(SIMULTANEOUS)--> [EVENT_BEFORE_N/A_ACTUAL_POS],"""biopsie"" --(BEFORE)--> ""mis"" | ""mis"" --(SIMULTANEOUS)--> ""quadrithérapie"""
180,40,FR100161,[EVENT_BEFORE_N/A_ACTUAL_POS] --(BEFORE)--> [EVENT_BEFORE_N/A_ACTUAL_POS] | [EVENT_BEFORE_N/A_ACTUAL_POS] --(SIMULTANEOUS)--> [EVENT_BEFORE_N/A_ACTUAL_POS],"""cortisol"" --(BEFORE)--> ""exérèse"" | ""exérèse"" --(SIMULTANEOUS)--> ""laparotomie"""
180,40,FR100168,[EVENT_BEFORE_N/A_ACTUAL_POS] --(BEFORE)--> [EVENT_BEFORE_N/A_ACTUAL_POS] | [EVENT_BEFORE_N/A_ACTUAL_POS] --(SIMULTANEOUS)--> [EVENT_BEFORE_N/A_ACTUAL_POS],"""administrées"" --(BEFORE)--> ""suites"" | ""suites"" --(SIMULTANEOUS)--> ""simples"""
180,40,FR100275,[EVENT_BEFORE_N/A_ACTUAL_POS] --(BEFORE)--> [EVENT_BEFORE_N/A_ACTUAL_POS] | [EVENT_BEFORE_N/A_ACTUAL_POS] --(SIMULTANEOUS)--> [EVENT_BEFORE_N/A_ACTUAL_POS],"""pris"" --(BEFORE)--> ""trouvée"" | ""trouvée"" --(SIMULTANEOUS)--> ""découverte"""
180,40,FR100276,[EVENT_BEFORE_N/A_ACTUAL_POS] --(BEFORE)--> [EVENT_BEFORE_N/A_ACTUAL_POS] | [EVENT_BEFORE_N/A_ACTUAL_POS] --(SIMULTANEOUS)--> [EVENT_BEFORE_N/A_ACTUAL_POS],"""bilan"" --(BEFORE)--> ""régression"" | ""régression"" --(SIMULTANEOUS)--> ""rapide"""
180,40,FR100282,[EVENT_BEFORE_N/A_ACTUAL_POS] --(BEFORE)--> [EVENT_BEFORE_N/A_ACTUAL_POS] | [EVENT_BEFORE_N/A_ACTUAL_POS] --(SIMULTANEOUS)--> [EVENT_BEFORE_N/A_ACTUAL_POS],"""monothérapie"" --(BEFORE)--> ""multithérapie"" | ""multithérapie"" --(SIMULTANEOUS)--> ""administrée"""
180,40,FR100283,[EVENT_BEFORE_N/A_ACTUAL_POS] --(BEFORE)--> [EVENT_BEFORE_N/A_ACTUAL_POS] | [EVENT_BEFORE_N/A_ACTUAL_POS] --(SIMULTANEOUS)--> [EVENT_BEFORE_N/A_ACTUAL_POS],"""traitement"" --(BEFORE)--> ""évolution"" | ""évolution"" --(SIMULTANEOUS)--> ""favorable"""
180,40,FR100296,[EVENT_BEFORE_N/A_ACTUAL_POS] --(BEFORE)--> [EVENT_BEFORE_N/A_ACTUAL_POS] | [EVENT_BEFORE_N/A_ACTUAL_POS] --(SIMULTANEOUS)--> [EVENT_BEFORE_N/A_ACTUAL_POS],"""fenestration"" --(BEFORE)--> ""suites"" | ""suites"" --(SIMULTANEOUS)--> ""simples"""
180,40,FR100344,[EVENT_BEFORE_N/A_ACTUAL_POS] --(BEFORE)--> [EVENT_BEFORE_N/A_ACTUAL_POS] | [EVENT_BEFORE_N/A_ACTUAL_POS] --(SIMULTANEOUS)--> [EVENT_BEFORE_N/A_ACTUAL_POS],"""contrôle"" --(BEFORE)--> ""échographies"" | ""échographies"" --(SIMULTANEOUS)--> ""difficiles"""
180,40,FR100346,[EVENT_BEFORE_N/A_ACTUAL_POS] --(BEFORE)--> [EVENT_BEFORE_N/A_ACTUAL_POS] | [EVENT_BEFORE_N/A_ACTUAL_POS] --(SIMULTANEOUS)--> [EVENT_BEFORE_N/A_ACTUAL_POS],"""gazométrie"" --(BEFORE)--> ""reste"" | ""reste"" --(SIMULTANEOUS)--> ""normal"""
180,40,FR100361,[EVENT_BEFORE_N/A_ACTUAL_POS] --(BEFORE)--> [EVENT_BEFORE_N/A_ACTUAL_POS] | [EVENT_BEFORE_N/A_ACTUAL_POS] --(SIMULTANEOUS)--> [EVENT_BEFORE_N/A_ACTUAL_POS],"""culture"" --(BEFORE)--> ""protéine"" | ""protéine"" --(SIMULTANEOUS)--> ""CRP"""
180,40,FR100371,[EVENT_BEFORE_N/A_ACTUAL_POS] --(BEFORE)--> [EVENT_BEFORE_N/A_ACTUAL_POS] | [EVENT_BEFORE_N/A_ACTUAL_POS] --(SIMULTANEOUS)--> [EVENT_BEFORE_N/A_ACTUAL_POS],"""incision"" --(BEFORE)--> ""suite"" | ""suite"" --(SIMULTANEOUS)--> ""simple"""
180,40,FR100400,[EVENT_BEFORE_N/A_ACTUAL_POS] --(BEFORE)--> [EVENT_BEFORE_N/A_ACTUAL_POS] | [EVENT_BEFORE_N/A_ACTUAL_POS] --(SIMULTANEOUS)--> [EVENT_BEFORE_N/A_ACTUAL_POS],"""résection"" --(BEFORE)--> ""suites"" | ""suites"" --(SIMULTANEOUS)--> ""favorables"""
180,40,FR100439,[EVENT_BEFORE_N/A_ACTUAL_POS] --(BEFORE)--> [EVENT_BEFORE_N/A_ACTUAL_POS] | [EVENT_BEFORE_N/A_ACTUAL_POS] --(SIMULTANEOUS)--> [EVENT_BEFORE_N/A_ACTUAL_POS],"""demandée"" --(BEFORE)--> ""Tomographie"" | ""Tomographie"" --(SIMULTANEOUS)--> ""TEP"""
180,40,FR100515,[EVENT_BEFORE_N/A_ACTUAL_POS] --(BEFORE)--> [EVENT_BEFORE_N/A_ACTUAL_POS] | [EVENT_BEFORE_N/A_ACTUAL_POS] --(SIMULTANEOUS)--> [EVENT_BEFORE_N/A_ACTUAL_POS],"""corticothérapie"" --(BEFORE)--> ""corticothérapie"" | ""corticothérapie"" --(SIMULTANEOUS)--> ""méthotrexate"""
180,40,FR100517,[EVENT_BEFORE_N/A_ACTUAL_POS] --(BEFORE)--> [EVENT_BEFORE_N/A_ACTUAL_POS] | [EVENT_BEFORE_N/A_ACTUAL_POS] --(SIMULTANEOUS)--> [EVENT_BEFORE_N/A_ACTUAL_POS],"""radiographie"" --(BEFORE)--> ""tomodensitométrie"" | ""tomodensitométrie"" --(SIMULTANEOUS)--> ""coupes"""
180,40,FR100519,[EVENT_BEFORE_N/A_ACTUAL_POS] --(BEFORE)--> [EVENT_BEFORE_N/A_ACTUAL_POS] | [EVENT_BEFORE_N/A_ACTUAL_POS] --(SIMULTANEOUS)--> [EVENT_BEFORE_N/A_ACTUAL_POS],"""persistance"" --(BEFORE)--> ""tomodensitométrie"" | ""tomodensitométrie"" --(SIMULTANEOUS)--> ""TDM"""
180,40,FR100597,[EVENT_BEFORE_N/A_ACTUAL_POS] --(BEFORE)--> [EVENT_BEFORE_N/A_ACTUAL_POS] | [EVENT_BEFORE_N/A_ACTUAL_POS] --(SIMULTANEOUS)--> [EVENT_BEFORE_N/A_ACTUAL_POS],"""échographie"" --(BEFORE)--> ""complété"" | ""complété"" --(SIMULTANEOUS)--> ""scanner"""
180,40,FR100603,[EVENT_BEFORE_N/A_ACTUAL_POS] --(BEFORE)--> [EVENT_BEFORE_N/A_ACTUAL_POS] | [EVENT_BEFORE_N/A_ACTUAL_POS] --(SIMULTANEOUS)--> [EVENT_BEFORE_N/A_ACTUAL_POS],"""hémocultures"" --(BEFORE)--> ""évolution"" | ""évolution"" --(SIMULTANEOUS)--> ""favorable"""
180,40,FR100614,[EVENT_BEFORE_N/A_ACTUAL_POS] --(BEFORE)--> [EVENT_BEFORE_N/A_ACTUAL_POS] | [EVENT_BEFORE_N/A_ACTUAL_POS] --(SIMULTANEOUS)--> [EVENT_BEFORE_N/A_ACTUAL_POS],"""rupture"" --(BEFORE)--> ""intervention"" | ""intervention"" --(SIMULTANEOUS)--> ""mesures"""
180,40,FR100629,[EVENT_BEFORE_N/A_ACTUAL_POS] --(BEFORE)--> [EVENT_BEFORE_N/A_ACTUAL_POS] | [EVENT_BEFORE_N/A_ACTUAL_POS] --(SIMULTANEOUS)--> [EVENT_BEFORE_N/A_ACTUAL_POS],"""radiographie"" --(BEFORE)--> ""TDM"" | ""TDM"" --(SIMULTANEOUS)--> ""tomodensitométrie"""
180,40,FR100658,[EVENT_BEFORE_N/A_ACTUAL_POS] --(BEFORE)--> [EVENT_BEFORE_N/A_ACTUAL_POS] | [EVENT_BEFORE_N/A_ACTUAL_POS] --(SIMULTANEOUS)--> [EVENT_BEFORE_N/A_ACTUAL_POS],"""laryngoscopie"" --(BEFORE)--> ""tomodensitométrie"" | ""tomodensitométrie"" --(SIMULTANEOUS)--> ""TDM"""
180,40,FR100688,[EVENT_BEFORE_N/A_ACTUAL_POS] --(BEFORE)--> [EVENT_BEFORE_N/A_ACTUAL_POS] | [EVENT_BEFORE_N/A_ACTUAL_POS] --(SIMULTANEOUS)--> [EVENT_BEFORE_N/A_ACTUAL_POS],"""traitement"" --(BEFORE)--> ""évolution"" | ""évolution"" --(SIMULTANEOUS)--> ""favorable"""
180,40,FR100689,[EVENT_BEFORE_N/A_ACTUAL_POS] --(BEFORE)--> [EVENT_BEFORE_N/A_ACTUAL_POS] | [EVENT_BEFORE_N/A_ACTUAL_POS] --(SIMULTANEOUS)--> [EVENT_BEFORE_N/A_ACTUAL_POS],"""traitement"" --(BEFORE)--> ""bithérapie"" | ""bithérapie"" --(SIMULTANEOUS)--> ""traitement"""
180,40,FR100717,[EVENT_BEFORE_N/A_ACTUAL_POS] --(BEFORE)--> [EVENT_BEFORE_N/A_ACTUAL_POS] | [EVENT_BEFORE_N/A_ACTUAL_POS] --(SIMULTANEOUS)--> [EVENT_BEFORE_N/A_ACTUAL_POS],"""exploration"" --(BEFORE)--> ""suites"" | ""suites"" --(SIMULTANEOUS)--> ""simples"""
180,40,FR100748,[EVENT_BEFORE_N/A_ACTUAL_POS] --(BEFORE)--> [EVENT_BEFORE_N/A_ACTUAL_POS] | [EVENT_BEFORE_N/A_ACTUAL_POS] --(SIMULTANEOUS)--> [EVENT_BEFORE_N/A_ACTUAL_POS],"""préparation"" --(BEFORE)--> ""salle"" | ""salle"" --(SIMULTANEOUS)--> ""intervention"""
180,40,FR100780,[EVENT_BEFORE_N/A_ACTUAL_POS] --(BEFORE)--> [EVENT_BEFORE_N/A_ACTUAL_POS] | [EVENT_BEFORE_N/A_ACTUAL_POS] --(SIMULTANEOUS)--> [EVENT_BEFORE_N/A_ACTUAL_POS],"""geste"" --(BEFORE)--> ""geste"" | ""geste"" --(SIMULTANEOUS)--> ""grossesse"""
180,40,FR100806,[EVENT_BEFORE_N/A_ACTUAL_POS] --(BEFORE)--> [EVENT_BEFORE_N/A_ACTUAL_POS] | [EVENT_BEFORE_N/A_ACTUAL_POS] --(SIMULTANEOUS)--> [EVENT_BEFORE_N/A_ACTUAL_POS],"""examen"" --(BEFORE)--> ""suites"" | ""suites"" --(SIMULTANEOUS)--> ""simples"""
180,40,FR100826,[EVENT_BEFORE_N/A_ACTUAL_POS] --(BEFORE)--> [EVENT_BEFORE_N/A_ACTUAL_POS] | [EVENT_BEFORE_N/A_ACTUAL_POS] --(SIMULTANEOUS)--> [EVENT_BEFORE_N/A_ACTUAL_POS],"""exploration"" --(BEFORE)--> ""suites"" | ""suites"" --(SIMULTANEOUS)--> ""simples"""
180,40,FR100845,[EVENT_BEFORE_N/A_ACTUAL_POS] --(BEFORE)--> [EVENT_BEFORE_N/A_ACTUAL_POS] | [EVENT_BEFORE_N/A_ACTUAL_POS] --(SIMULTANEOUS)--> [EVENT_BEFORE_N/A_ACTUAL_POS],"""décision"" --(BEFORE)--> ""extraction"" | ""extraction"" --(SIMULTANEOUS)--> ""difficile"""
180,40,FR100849,[EVENT_BEFORE_N/A_ACTUAL_POS] --(BEFORE)--> [EVENT_BEFORE_N/A_ACTUAL_POS] | [EVENT_BEFORE_N/A_ACTUAL_POS] --(SIMULTANEOUS)--> [EVENT_BEFORE_N/A_ACTUAL_POS],"""admission"" --(BEFORE)--> ""tomodensitométrie"" | ""tomodensitométrie"" --(SIMULTANEOUS)--> ""TDM"""
180,40,FR100870,[EVENT_BEFORE_N/A_ACTUAL_POS] --(BEFORE)--> [EVENT_BEFORE_N/A_ACTUAL_POS] | [EVENT_BEFORE_N/A_ACTUAL_POS] --(SIMULTANEOUS)--> [EVENT_BEFORE_N/A_ACTUAL_POS],"""dosage"" --(BEFORE)--> ""étude"" | ""étude"" --(SIMULTANEOUS)--> ""FISH"""
180,40,FR100882,[EVENT_BEFORE_N/A_ACTUAL_POS] --(BEFORE)--> [EVENT_BEFORE_N/A_ACTUAL_POS] | [EVENT_BEFORE_N/A_ACTUAL_POS] --(SIMULTANEOUS)--> [EVENT_BEFORE_N/A_ACTUAL_POS],"""laminectomie"" --(BEFORE)--> ""Imagerie"" | ""Imagerie"" --(SIMULTANEOUS)--> ""IRM"""
180,40,FR100894,[EVENT_BEFORE_N/A_ACTUAL_POS] --(BEFORE)--> [EVENT_BEFORE_N/A_ACTUAL_POS] | [EVENT_BEFORE_N/A_ACTUAL_POS] --(SIMULTANEOUS)--> [EVENT_BEFORE_N/A_ACTUAL_POS],"""ressentir"" --(BEFORE)--> ""entendu"" | ""entendu"" --(SIMULTANEOUS)--> ""claquement"""
180,40,FR100921,[EVENT_BEFORE_N/A_ACTUAL_POS] --(BEFORE)--> [EVENT_BEFORE_N/A_ACTUAL_POS] | [EVENT_BEFORE_N/A_ACTUAL_POS] --(SIMULTANEOUS)--> [EVENT_BEFORE_N/A_ACTUAL_POS],"""palpation"" --(BEFORE)--> ""imagerie"" | ""imagerie"" --(SIMULTANEOUS)--> ""IRM"""
180,40,FR100932,[EVENT_BEFORE_N/A_ACTUAL_POS] --(BEFORE)--> [EVENT_BEFORE_N/A_ACTUAL_POS] | [EVENT_BEFORE_N/A_ACTUAL_POS] --(SIMULTANEOUS)--> [EVENT_BEFORE_N/A_ACTUAL_POS],"""mise"" --(BEFORE)--> ""imagerie"" | ""imagerie"" --(SIMULTANEOUS)--> ""IRM"""
180,40,FR100959,[EVENT_BEFORE_N/A_ACTUAL_POS] --(BEFORE)--> [EVENT_BEFORE_N/A_ACTUAL_POS] | [EVENT_BEFORE_N/A_ACTUAL_POS] --(SIMULTANEOUS)--> [EVENT_BEFORE_N/A_ACTUAL_POS],"""œsophagoscopie"" --(BEFORE)--> ""Transit"" | ""Transit"" --(SIMULTANEOUS)--> ""TOGD"""
