ID_Motif,Support,Document,Structure_Abstraite,Mot_1,Relation_1,Mot_2,Relation_2,Mot_3,Relation_3,Mot_4,Relation_4,Mot_5,Relation_5,Mot_6
12,70,FR100003,[EVENT_BEFORE_N/A_ACTUAL_POS] --(CONTAINS)--> [EVENT_BEFORE_N/A_ACTUAL_POS] | [EVENT_BEFORE_N/A_ACTUAL_POS] --(BEFORE)--> [EVENT_BEFORE_N/A_ACTUAL_POS],délabrement,CONTAINS,panoramique,BEFORE,ponction,,,,,,
12,70,FR100078,[EVENT_BEFORE_N/A_ACTUAL_POS] --(CONTAINS)--> [EVENT_BEFORE_N/A_ACTUAL_POS] | [EVENT_BEFORE_N/A_ACTUAL_POS] --(BEFORE)--> [EVENT_BEFORE_N/A_ACTUAL_POS],fièvre,CONTAINS,diagnostic,BEFORE,traitements,,,,,,
12,70,FR100092,[EVENT_BEFORE_N/A_ACTUAL_POS] --(CONTAINS)--> [EVENT_BEFORE_N/A_ACTUAL_POS] | [EVENT_BEFORE_N/A_ACTUAL_POS] --(BEFORE)--> [EVENT_BEFORE_N/A_ACTUAL_POS],masse,CONTAINS,échographie,BEFORE,tableau,,,,,,
12,70,FR100120,[EVENT_BEFORE_N/A_ACTUAL_POS] --(CONTAINS)--> [EVENT_BEFORE_N/A_ACTUAL_POS] | [EVENT_BEFORE_N/A_ACTUAL_POS] --(BEFORE)--> [EVENT_BEFORE_N/A_ACTUAL_POS],diabète,CONTAINS,rattaché,BEFORE,traitement,,,,,,
12,70,FR100130,[EVENT_BEFORE_N/A_ACTUAL_POS] --(CONTAINS)--> [EVENT_BEFORE_N/A_ACTUAL_POS] | [EVENT_BEFORE_N/A_ACTUAL_POS] --(BEFORE)--> [EVENT_BEFORE_N/A_ACTUAL_POS],marche,CONTAINS,examen,BEFORE,imagerie,,,,,,
12,70,FR100132,[EVENT_BEFORE_N/A_ACTUAL_POS] --(CONTAINS)--> [EVENT_BEFORE_N/A_ACTUAL_POS] | [EVENT_BEFORE_N/A_ACTUAL_POS] --(BEFORE)--> [EVENT_BEFORE_N/A_ACTUAL_POS],baisse,CONTAINS,consultation,BEFORE,examen,,,,,,
12,70,FR100142,[EVENT_BEFORE_N/A_ACTUAL_POS] --(CONTAINS)--> [EVENT_BEFORE_N/A_ACTUAL_POS] | [EVENT_BEFORE_N/A_ACTUAL_POS] --(BEFORE)--> [EVENT_BEFORE_N/A_ACTUAL_POS],taux,CONTAINS,fibroscopie,BEFORE,biopsie,,,,,,
12,70,FR100161,[EVENT_BEFORE_N/A_ACTUAL_POS] --(CONTAINS)--> [EVENT_BEFORE_N/A_ACTUAL_POS] | [EVENT_BEFORE_N/A_ACTUAL_POS] --(BEFORE)--> [EVENT_BEFORE_N/A_ACTUAL_POS],cytolyse,CONTAINS,demandée,BEFORE,échographie,,,,,,
12,70,FR100168,[EVENT_BEFORE_N/A_ACTUAL_POS] --(CONTAINS)--> [EVENT_BEFORE_N/A_ACTUAL_POS] | [EVENT_BEFORE_N/A_ACTUAL_POS] --(BEFORE)--> [EVENT_BEFORE_N/A_ACTUAL_POS],fibrinogène,CONTAINS,bilan,BEFORE,tests,,,,,,
12,70,FR100185,[EVENT_BEFORE_N/A_ACTUAL_POS] --(CONTAINS)--> [EVENT_BEFORE_N/A_ACTUAL_POS] | [EVENT_BEFORE_N/A_ACTUAL_POS] --(BEFORE)--> [EVENT_BEFORE_N/A_ACTUAL_POS],accuse,CONTAINS,Electromyogramme,BEFORE,IRM,,,,,,
12,70,FR100255,[EVENT_BEFORE_N/A_ACTUAL_POS] --(CONTAINS)--> [EVENT_BEFORE_N/A_ACTUAL_POS] | [EVENT_BEFORE_N/A_ACTUAL_POS] --(BEFORE)--> [EVENT_BEFORE_N/A_ACTUAL_POS],emphysème,CONTAINS,examen,BEFORE,examen,,,,,,
12,70,FR100275,[EVENT_BEFORE_N/A_ACTUAL_POS] --(CONTAINS)--> [EVENT_BEFORE_N/A_ACTUAL_POS] | [EVENT_BEFORE_N/A_ACTUAL_POS] --(BEFORE)--> [EVENT_BEFORE_N/A_ACTUAL_POS],mort,CONTAINS,établi,BEFORE,manœuvres,,,,,,
12,70,FR100276,[EVENT_BEFORE_N/A_ACTUAL_POS] --(CONTAINS)--> [EVENT_BEFORE_N/A_ACTUAL_POS] | [EVENT_BEFORE_N/A_ACTUAL_POS] --(BEFORE)--> [EVENT_BEFORE_N/A_ACTUAL_POS],aplasie,CONTAINS,accouchement,BEFORE,reste,,,,,,
12,70,FR100282,[EVENT_BEFORE_N/A_ACTUAL_POS] --(CONTAINS)--> [EVENT_BEFORE_N/A_ACTUAL_POS] | [EVENT_BEFORE_N/A_ACTUAL_POS] --(BEFORE)--> [EVENT_BEFORE_N/A_ACTUAL_POS],lésions,CONTAINS,scanner,BEFORE,conclus,,,,,,
12,70,FR100283,[EVENT_BEFORE_N/A_ACTUAL_POS] --(CONTAINS)--> [EVENT_BEFORE_N/A_ACTUAL_POS] | [EVENT_BEFORE_N/A_ACTUAL_POS] --(BEFORE)--> [EVENT_BEFORE_N/A_ACTUAL_POS],sinusite,CONTAINS,IRM,BEFORE,hypophysiogramme,,,,,,
12,70,FR100296,[EVENT_BEFORE_N/A_ACTUAL_POS] --(CONTAINS)--> [EVENT_BEFORE_N/A_ACTUAL_POS] | [EVENT_BEFORE_N/A_ACTUAL_POS] --(BEFORE)--> [EVENT_BEFORE_N/A_ACTUAL_POS],hypoesthésie,CONTAINS,examen,BEFORE,IRM,,,,,,
12,70,FR100314,[EVENT_BEFORE_N/A_ACTUAL_POS] --(CONTAINS)--> [EVENT_BEFORE_N/A_ACTUAL_POS] | [EVENT_BEFORE_N/A_ACTUAL_POS] --(BEFORE)--> [EVENT_BEFORE_N/A_ACTUAL_POS],fracture,CONTAINS,bilan,BEFORE,drainage,,,,,,
12,70,FR100344,[EVENT_BEFORE_N/A_ACTUAL_POS] --(CONTAINS)--> [EVENT_BEFORE_N/A_ACTUAL_POS] | [EVENT_BEFORE_N/A_ACTUAL_POS] --(BEFORE)--> [EVENT_BEFORE_N/A_ACTUAL_POS],évolution,CONTAINS,déroulée,BEFORE,plainte,,,,,,
12,70,FR100346,[EVENT_BEFORE_N/A_ACTUAL_POS] --(CONTAINS)--> [EVENT_BEFORE_N/A_ACTUAL_POS] | [EVENT_BEFORE_N/A_ACTUAL_POS] --(BEFORE)--> [EVENT_BEFORE_N/A_ACTUAL_POS],pouls,CONTAINS,examen,BEFORE,gazométrie,,,,,,
12,70,FR100360,[EVENT_BEFORE_N/A_ACTUAL_POS] --(CONTAINS)--> [EVENT_BEFORE_N/A_ACTUAL_POS] | [EVENT_BEFORE_N/A_ACTUAL_POS] --(BEFORE)--> [EVENT_BEFORE_N/A_ACTUAL_POS],bilan,CONTAINS,tomodensitométrie,BEFORE,radiothérapie,,,,,,
12,70,FR100361,[EVENT_BEFORE_N/A_ACTUAL_POS] --(CONTAINS)--> [EVENT_BEFORE_N/A_ACTUAL_POS] | [EVENT_BEFORE_N/A_ACTUAL_POS] --(BEFORE)--> [EVENT_BEFORE_N/A_ACTUAL_POS],hypoglycorrachie,CONTAINS,examen,BEFORE,culture,,,,,,
12,70,FR100371,[EVENT_BEFORE_N/A_ACTUAL_POS] --(CONTAINS)--> [EVENT_BEFORE_N/A_ACTUAL_POS] | [EVENT_BEFORE_N/A_ACTUAL_POS] --(BEFORE)--> [EVENT_BEFORE_N/A_ACTUAL_POS],nombre,CONTAINS,bilan,BEFORE,bilan,,,,,,
12,70,FR100400,[EVENT_BEFORE_N/A_ACTUAL_POS] --(CONTAINS)--> [EVENT_BEFORE_N/A_ACTUAL_POS] | [EVENT_BEFORE_N/A_ACTUAL_POS] --(BEFORE)--> [EVENT_BEFORE_N/A_ACTUAL_POS],masse,CONTAINS,scanner,BEFORE,diagnostic,,,,,,
12,70,FR100439,[EVENT_BEFORE_N/A_ACTUAL_POS] --(CONTAINS)--> [EVENT_BEFORE_N/A_ACTUAL_POS] | [EVENT_BEFORE_N/A_ACTUAL_POS] --(BEFORE)--> [EVENT_BEFORE_N/A_ACTUAL_POS],disparition,CONTAINS,nasofibroscopie,BEFORE,contrôles,,,,,,
12,70,FR100453,[EVENT_BEFORE_N/A_ACTUAL_POS] --(CONTAINS)--> [EVENT_BEFORE_N/A_ACTUAL_POS] | [EVENT_BEFORE_N/A_ACTUAL_POS] --(BEFORE)--> [EVENT_BEFORE_N/A_ACTUAL_POS],développement,CONTAINS,examen,BEFORE,radiographies,,,,,,
12,70,FR100480,[EVENT_BEFORE_N/A_ACTUAL_POS] --(CONTAINS)--> [EVENT_BEFORE_N/A_ACTUAL_POS] | [EVENT_BEFORE_N/A_ACTUAL_POS] --(BEFORE)--> [EVENT_BEFORE_N/A_ACTUAL_POS],nature,CONTAINS,examen,BEFORE,bilan,,,,,,
12,70,FR100510,[EVENT_BEFORE_N/A_ACTUAL_POS] --(CONTAINS)--> [EVENT_BEFORE_N/A_ACTUAL_POS] | [EVENT_BEFORE_N/A_ACTUAL_POS] --(BEFORE)--> [EVENT_BEFORE_N/A_ACTUAL_POS],masse,CONTAINS,examen,BEFORE,radiographie,,,,,,
12,70,FR100515,[EVENT_BEFORE_N/A_ACTUAL_POS] --(CONTAINS)--> [EVENT_BEFORE_N/A_ACTUAL_POS] | [EVENT_BEFORE_N/A_ACTUAL_POS] --(BEFORE)--> [EVENT_BEFORE_N/A_ACTUAL_POS],créatine,CONTAINS,dosage,BEFORE,bilan,,,,,,
12,70,FR100517,[EVENT_BEFORE_N/A_ACTUAL_POS] --(CONTAINS)--> [EVENT_BEFORE_N/A_ACTUAL_POS] | [EVENT_BEFORE_N/A_ACTUAL_POS] --(BEFORE)--> [EVENT_BEFORE_N/A_ACTUAL_POS],syndrome,CONTAINS,bilan,BEFORE,électromyogramme,,,,,,
12,70,FR100519,[EVENT_BEFORE_N/A_ACTUAL_POS] --(CONTAINS)--> [EVENT_BEFORE_N/A_ACTUAL_POS] | [EVENT_BEFORE_N/A_ACTUAL_POS] --(BEFORE)--> [EVENT_BEFORE_N/A_ACTUAL_POS],hémopéritoine,CONTAINS,laparotomie,BEFORE,suites,,,,,,
12,70,FR100579,[EVENT_BEFORE_N/A_ACTUAL_POS] --(CONTAINS)--> [EVENT_BEFORE_N/A_ACTUAL_POS] | [EVENT_BEFORE_N/A_ACTUAL_POS] --(BEFORE)--> [EVENT_BEFORE_N/A_ACTUAL_POS],dilatation,CONTAINS,radiographie,BEFORE,échocardiographie,,,,,,
12,70,FR100589,[EVENT_BEFORE_N/A_ACTUAL_POS] --(CONTAINS)--> [EVENT_BEFORE_N/A_ACTUAL_POS] | [EVENT_BEFORE_N/A_ACTUAL_POS] --(BEFORE)--> [EVENT_BEFORE_N/A_ACTUAL_POS],discuté,CONTAINS,évoqué,BEFORE,rechercher,,,,,,
12,70,FR100597,[EVENT_BEFORE_N/A_ACTUAL_POS] --(CONTAINS)--> [EVENT_BEFORE_N/A_ACTUAL_POS] | [EVENT_BEFORE_N/A_ACTUAL_POS] --(BEFORE)--> [EVENT_BEFORE_N/A_ACTUAL_POS],masse,CONTAINS,découverte,BEFORE,consultation,,,,,,
12,70,FR100603,[EVENT_BEFORE_N/A_ACTUAL_POS] --(CONTAINS)--> [EVENT_BEFORE_N/A_ACTUAL_POS] | [EVENT_BEFORE_N/A_ACTUAL_POS] --(BEFORE)--> [EVENT_BEFORE_N/A_ACTUAL_POS],staphylococcus,CONTAINS,hémocultures,BEFORE,évolution,,,,,,
12,70,FR100611,[EVENT_BEFORE_N/A_ACTUAL_POS] --(CONTAINS)--> [EVENT_BEFORE_N/A_ACTUAL_POS] | [EVENT_BEFORE_N/A_ACTUAL_POS] --(BEFORE)--> [EVENT_BEFORE_N/A_ACTUAL_POS],adénopathies,CONTAINS,examen,BEFORE,IRM,,,,,,
12,70,FR100614,[EVENT_BEFORE_N/A_ACTUAL_POS] --(CONTAINS)--> [EVENT_BEFORE_N/A_ACTUAL_POS] | [EVENT_BEFORE_N/A_ACTUAL_POS] --(BEFORE)--> [EVENT_BEFORE_N/A_ACTUAL_POS],douleur,CONTAINS,admission,BEFORE,examen,,,,,,
12,70,FR100620,[EVENT_BEFORE_N/A_ACTUAL_POS] --(CONTAINS)--> [EVENT_BEFORE_N/A_ACTUAL_POS] | [EVENT_BEFORE_N/A_ACTUAL_POS] --(BEFORE)--> [EVENT_BEFORE_N/A_ACTUAL_POS],clarté,CONTAINS,radiographie,BEFORE,drainage,,,,,,
12,70,FR100623,[EVENT_BEFORE_N/A_ACTUAL_POS] --(CONTAINS)--> [EVENT_BEFORE_N/A_ACTUAL_POS] | [EVENT_BEFORE_N/A_ACTUAL_POS] --(BEFORE)--> [EVENT_BEFORE_N/A_ACTUAL_POS],gaz,CONTAINS,consulté,BEFORE,examen,,,,,,
12,70,FR100629,[EVENT_BEFORE_N/A_ACTUAL_POS] --(CONTAINS)--> [EVENT_BEFORE_N/A_ACTUAL_POS] | [EVENT_BEFORE_N/A_ACTUAL_POS] --(BEFORE)--> [EVENT_BEFORE_N/A_ACTUAL_POS],douleur,CONTAINS,examen,BEFORE,radiographie,,,,,,
12,70,FR100632,[EVENT_BEFORE_N/A_ACTUAL_POS] --(CONTAINS)--> [EVENT_BEFORE_N/A_ACTUAL_POS] | [EVENT_BEFORE_N/A_ACTUAL_POS] --(BEFORE)--> [EVENT_BEFORE_N/A_ACTUAL_POS],anomalie,CONTAINS,IRM,BEFORE,IRM,,,,,,
12,70,FR100658,[EVENT_BEFORE_N/A_ACTUAL_POS] --(CONTAINS)--> [EVENT_BEFORE_N/A_ACTUAL_POS] | [EVENT_BEFORE_N/A_ACTUAL_POS] --(BEFORE)--> [EVENT_BEFORE_N/A_ACTUAL_POS],sibilants,CONTAINS,auscultation,BEFORE,examens,,,,,,
12,70,FR100663,[EVENT_BEFORE_N/A_ACTUAL_POS] --(CONTAINS)--> [EVENT_BEFORE_N/A_ACTUAL_POS] | [EVENT_BEFORE_N/A_ACTUAL_POS] --(BEFORE)--> [EVENT_BEFORE_N/A_ACTUAL_POS],grossesse,CONTAINS,examen,BEFORE,examen,,,,,,
12,70,FR100666,[EVENT_BEFORE_N/A_ACTUAL_POS] --(CONTAINS)--> [EVENT_BEFORE_N/A_ACTUAL_POS] | [EVENT_BEFORE_N/A_ACTUAL_POS] --(BEFORE)--> [EVENT_BEFORE_N/A_ACTUAL_POS],tuméfactions,CONTAINS,palpation,BEFORE,radiographie,,,,,,
12,70,FR100683,[EVENT_BEFORE_N/A_ACTUAL_POS] --(CONTAINS)--> [EVENT_BEFORE_N/A_ACTUAL_POS] | [EVENT_BEFORE_N/A_ACTUAL_POS] --(BEFORE)--> [EVENT_BEFORE_N/A_ACTUAL_POS],créatinine,CONTAINS,exploration,BEFORE,exploration,,,,,,
12,70,FR100688,[EVENT_BEFORE_N/A_ACTUAL_POS] --(CONTAINS)--> [EVENT_BEFORE_N/A_ACTUAL_POS] | [EVENT_BEFORE_N/A_ACTUAL_POS] --(BEFORE)--> [EVENT_BEFORE_N/A_ACTUAL_POS],indice,CONTAINS,examen,BEFORE,examen,,,,,,
12,70,FR100689,[EVENT_BEFORE_N/A_ACTUAL_POS] --(CONTAINS)--> [EVENT_BEFORE_N/A_ACTUAL_POS] | [EVENT_BEFORE_N/A_ACTUAL_POS] --(BEFORE)--> [EVENT_BEFORE_N/A_ACTUAL_POS],recherche,CONTAINS,ionogramme,BEFORE,examen,,,,,,
12,70,FR100697,[EVENT_BEFORE_N/A_ACTUAL_POS] --(CONTAINS)--> [EVENT_BEFORE_N/A_ACTUAL_POS] | [EVENT_BEFORE_N/A_ACTUAL_POS] --(BEFORE)--> [EVENT_BEFORE_N/A_ACTUAL_POS],adénopathies,CONTAINS,examen,BEFORE,mammographie,,,,,,
12,70,FR100708,[EVENT_BEFORE_N/A_ACTUAL_POS] --(CONTAINS)--> [EVENT_BEFORE_N/A_ACTUAL_POS] | [EVENT_BEFORE_N/A_ACTUAL_POS] --(BEFORE)--> [EVENT_BEFORE_N/A_ACTUAL_POS],galactorrhée,CONTAINS,examen,BEFORE,mammographie,,,,,,
12,70,FR100717,[EVENT_BEFORE_N/A_ACTUAL_POS] --(CONTAINS)--> [EVENT_BEFORE_N/A_ACTUAL_POS] | [EVENT_BEFORE_N/A_ACTUAL_POS] --(BEFORE)--> [EVENT_BEFORE_N/A_ACTUAL_POS],IMC,CONTAINS,examen,BEFORE,examens,,,,,,
12,70,FR100748,[EVENT_BEFORE_N/A_ACTUAL_POS] --(CONTAINS)--> [EVENT_BEFORE_N/A_ACTUAL_POS] | [EVENT_BEFORE_N/A_ACTUAL_POS] --(BEFORE)--> [EVENT_BEFORE_N/A_ACTUAL_POS],vertiges,CONTAINS,adressée,BEFORE,hospitalisation,,,,,,
12,70,FR100766,[EVENT_BEFORE_N/A_ACTUAL_POS] --(CONTAINS)--> [EVENT_BEFORE_N/A_ACTUAL_POS] | [EVENT_BEFORE_N/A_ACTUAL_POS] --(BEFORE)--> [EVENT_BEFORE_N/A_ACTUAL_POS],tumeur,CONTAINS,classé,BEFORE,décision,,,,,,
12,70,FR100780,[EVENT_BEFORE_N/A_ACTUAL_POS] --(CONTAINS)--> [EVENT_BEFORE_N/A_ACTUAL_POS] | [EVENT_BEFORE_N/A_ACTUAL_POS] --(BEFORE)--> [EVENT_BEFORE_N/A_ACTUAL_POS],poids,CONTAINS,examen,BEFORE,toucher,,,,,,
12,70,FR100806,[EVENT_BEFORE_N/A_ACTUAL_POS] --(CONTAINS)--> [EVENT_BEFORE_N/A_ACTUAL_POS] | [EVENT_BEFORE_N/A_ACTUAL_POS] --(BEFORE)--> [EVENT_BEFORE_N/A_ACTUAL_POS],D-dimères,CONTAINS,biologie,BEFORE,tomodensitométrie,,,,,,
12,70,FR100814,[EVENT_BEFORE_N/A_ACTUAL_POS] --(CONTAINS)--> [EVENT_BEFORE_N/A_ACTUAL_POS] | [EVENT_BEFORE_N/A_ACTUAL_POS] --(BEFORE)--> [EVENT_BEFORE_N/A_ACTUAL_POS],neurofibrome,CONTAINS,diagnostic,BEFORE,réséquée,,,,,,
12,70,FR100826,[EVENT_BEFORE_N/A_ACTUAL_POS] --(CONTAINS)--> [EVENT_BEFORE_N/A_ACTUAL_POS] | [EVENT_BEFORE_N/A_ACTUAL_POS] --(BEFORE)--> [EVENT_BEFORE_N/A_ACTUAL_POS],qualité,CONTAINS,retenue,BEFORE,exploration,,,,,,
12,70,FR100845,[EVENT_BEFORE_N/A_ACTUAL_POS] --(CONTAINS)--> [EVENT_BEFORE_N/A_ACTUAL_POS] | [EVENT_BEFORE_N/A_ACTUAL_POS] --(BEFORE)--> [EVENT_BEFORE_N/A_ACTUAL_POS],présence,CONTAINS,échographie,BEFORE,radiographie,,,,,,
12,70,FR100849,[EVENT_BEFORE_N/A_ACTUAL_POS] --(CONTAINS)--> [EVENT_BEFORE_N/A_ACTUAL_POS] | [EVENT_BEFORE_N/A_ACTUAL_POS] --(BEFORE)--> [EVENT_BEFORE_N/A_ACTUAL_POS],appendagite,CONTAINS,tomodensitométrie,BEFORE,acheminé,,,,,,
12,70,FR100870,[EVENT_BEFORE_N/A_ACTUAL_POS] --(CONTAINS)--> [EVENT_BEFORE_N/A_ACTUAL_POS] | [EVENT_BEFORE_N/A_ACTUAL_POS] --(BEFORE)--> [EVENT_BEFORE_N/A_ACTUAL_POS],éléments,CONTAINS,myélogramme,BEFORE,dosage,,,,,,
12,70,FR100874,[EVENT_BEFORE_N/A_ACTUAL_POS] --(CONTAINS)--> [EVENT_BEFORE_N/A_ACTUAL_POS] | [EVENT_BEFORE_N/A_ACTUAL_POS] --(BEFORE)--> [EVENT_BEFORE_N/A_ACTUAL_POS],méléna,CONTAINS,examen,BEFORE,hémogramme,,,,,,
12,70,FR100882,[EVENT_BEFORE_N/A_ACTUAL_POS] --(CONTAINS)--> [EVENT_BEFORE_N/A_ACTUAL_POS] | [EVENT_BEFORE_N/A_ACTUAL_POS] --(BEFORE)--> [EVENT_BEFORE_N/A_ACTUAL_POS],hospitalisation,CONTAINS,admise,BEFORE,examen,,,,,,
12,70,FR100883,[EVENT_BEFORE_N/A_ACTUAL_POS] --(CONTAINS)--> [EVENT_BEFORE_N/A_ACTUAL_POS] | [EVENT_BEFORE_N/A_ACTUAL_POS] --(BEFORE)--> [EVENT_BEFORE_N/A_ACTUAL_POS],prolifération,CONTAINS,biopsie,BEFORE,bilan,,,,,,
12,70,FR100894,[EVENT_BEFORE_N/A_ACTUAL_POS] --(CONTAINS)--> [EVENT_BEFORE_N/A_ACTUAL_POS] | [EVENT_BEFORE_N/A_ACTUAL_POS] --(BEFORE)--> [EVENT_BEFORE_N/A_ACTUAL_POS],désinsertion,CONTAINS,imagerie,BEFORE,prescrit,,,,,,
12,70,FR100903,[EVENT_BEFORE_N/A_ACTUAL_POS] --(CONTAINS)--> [EVENT_BEFORE_N/A_ACTUAL_POS] | [EVENT_BEFORE_N/A_ACTUAL_POS] --(BEFORE)--> [EVENT_BEFORE_N/A_ACTUAL_POS],présence,CONTAINS,IRM,BEFORE,diagnostic,,,,,,
12,70,FR100921,[EVENT_BEFORE_N/A_ACTUAL_POS] --(CONTAINS)--> [EVENT_BEFORE_N/A_ACTUAL_POS] | [EVENT_BEFORE_N/A_ACTUAL_POS] --(BEFORE)--> [EVENT_BEFORE_N/A_ACTUAL_POS],douleur,CONTAINS,palpation,BEFORE,imagerie,,,,,,
12,70,FR100944,[EVENT_BEFORE_N/A_ACTUAL_POS] --(CONTAINS)--> [EVENT_BEFORE_N/A_ACTUAL_POS] | [EVENT_BEFORE_N/A_ACTUAL_POS] --(BEFORE)--> [EVENT_BEFORE_N/A_ACTUAL_POS],fuite,CONTAINS,échocardiographique,BEFORE,remplacement,,,,,,
12,70,FR100946,[EVENT_BEFORE_N/A_ACTUAL_POS] --(CONTAINS)--> [EVENT_BEFORE_N/A_ACTUAL_POS] | [EVENT_BEFORE_N/A_ACTUAL_POS] --(BEFORE)--> [EVENT_BEFORE_N/A_ACTUAL_POS],œdème,CONTAINS,IRM,BEFORE,analyse,,,,,,
12,70,FR100959,[EVENT_BEFORE_N/A_ACTUAL_POS] --(CONTAINS)--> [EVENT_BEFORE_N/A_ACTUAL_POS] | [EVENT_BEFORE_N/A_ACTUAL_POS] --(BEFORE)--> [EVENT_BEFORE_N/A_ACTUAL_POS],orifice,CONTAINS,Transit,BEFORE,notée,,,,,,
12,70,FR100979,[EVENT_BEFORE_N/A_ACTUAL_POS] --(CONTAINS)--> [EVENT_BEFORE_N/A_ACTUAL_POS] | [EVENT_BEFORE_N/A_ACTUAL_POS] --(BEFORE)--> [EVENT_BEFORE_N/A_ACTUAL_POS],prééclampsie,CONTAINS,admise,BEFORE,accident,,,,,,
12,70,FR100996,[EVENT_BEFORE_N/A_ACTUAL_POS] --(CONTAINS)--> [EVENT_BEFORE_N/A_ACTUAL_POS] | [EVENT_BEFORE_N/A_ACTUAL_POS] --(BEFORE)--> [EVENT_BEFORE_N/A_ACTUAL_POS],paroi,CONTAINS,injection,BEFORE,retenu,,,,,,
12,70,FR100998,[EVENT_BEFORE_N/A_ACTUAL_POS] --(CONTAINS)--> [EVENT_BEFORE_N/A_ACTUAL_POS] | [EVENT_BEFORE_N/A_ACTUAL_POS] --(BEFORE)--> [EVENT_BEFORE_N/A_ACTUAL_POS],inflammation,CONTAINS,diagnostic,BEFORE,traitée,,,,,,
113,69,FR100003,[EVENT_BEFORE_N/A_ACTUAL_POS] --(BEFORE)--> [EVENT_BEFORE_N/A_ACTUAL_POS] | [EVENT_BEFORE_N/A_ACTUAL_POS] --(BEFORE)--> [EVENT_BEFORE_N/A_ACTUAL_POS],examen,BEFORE,examen,BEFORE,antibiothérapie,,,,,,
113,69,FR100078,[EVENT_BEFORE_N/A_ACTUAL_POS] --(BEFORE)--> [EVENT_BEFORE_N/A_ACTUAL_POS] | [EVENT_BEFORE_N/A_ACTUAL_POS] --(BEFORE)--> [EVENT_BEFORE_N/A_ACTUAL_POS],examen,BEFORE,doppler,BEFORE,doppler,,,,,,
113,69,FR100092,[EVENT_BEFORE_N/A_ACTUAL_POS] --(BEFORE)--> [EVENT_BEFORE_N/A_ACTUAL_POS] | [EVENT_BEFORE_N/A_ACTUAL_POS] --(BEFORE)--> [EVENT_BEFORE_N/A_ACTUAL_POS],admise,BEFORE,examen,BEFORE,examen,,,,,,
113,69,FR100120,[EVENT_BEFORE_N/A_ACTUAL_POS] --(BEFORE)--> [EVENT_BEFORE_N/A_ACTUAL_POS] | [EVENT_BEFORE_N/A_ACTUAL_POS] --(BEFORE)--> [EVENT_BEFORE_N/A_ACTUAL_POS],traitement,BEFORE,retirées,BEFORE,conclure,,,,,,
113,69,FR100130,[EVENT_BEFORE_N/A_ACTUAL_POS] --(BEFORE)--> [EVENT_BEFORE_N/A_ACTUAL_POS] | [EVENT_BEFORE_N/A_ACTUAL_POS] --(BEFORE)--> [EVENT_BEFORE_N/A_ACTUAL_POS],séjour,BEFORE,bilan,BEFORE,suspectée,,,,,,
113,69,FR100132,[EVENT_BEFORE_N/A_ACTUAL_POS] --(BEFORE)--> [EVENT_BEFORE_N/A_ACTUAL_POS] | [EVENT_BEFORE_N/A_ACTUAL_POS] --(BEFORE)--> [EVENT_BEFORE_N/A_ACTUAL_POS],histologie,BEFORE,examen,BEFORE,écho-Doppler,,,,,,
113,69,FR100142,[EVENT_BEFORE_N/A_ACTUAL_POS] --(BEFORE)--> [EVENT_BEFORE_N/A_ACTUAL_POS] | [EVENT_BEFORE_N/A_ACTUAL_POS] --(BEFORE)--> [EVENT_BEFORE_N/A_ACTUAL_POS],biopsie,BEFORE,mis,BEFORE,bithérapie,,,,,,
113,69,FR100161,[EVENT_BEFORE_N/A_ACTUAL_POS] --(BEFORE)--> [EVENT_BEFORE_N/A_ACTUAL_POS] | [EVENT_BEFORE_N/A_ACTUAL_POS] --(BEFORE)--> [EVENT_BEFORE_N/A_ACTUAL_POS],interrogatoire,BEFORE,examen,BEFORE,examens,,,,,,
113,69,FR100168,[EVENT_BEFORE_N/A_ACTUAL_POS] --(BEFORE)--> [EVENT_BEFORE_N/A_ACTUAL_POS] | [EVENT_BEFORE_N/A_ACTUAL_POS] --(BEFORE)--> [EVENT_BEFORE_N/A_ACTUAL_POS],bilan,BEFORE,tests,BEFORE,entretien,,,,,,
113,69,FR100255,[EVENT_BEFORE_N/A_ACTUAL_POS] --(BEFORE)--> [EVENT_BEFORE_N/A_ACTUAL_POS] | [EVENT_BEFORE_N/A_ACTUAL_POS] --(BEFORE)--> [EVENT_BEFORE_N/A_ACTUAL_POS],radio,BEFORE,TDM,BEFORE,bilan,,,,,,
113,69,FR100275,[EVENT_BEFORE_N/A_ACTUAL_POS] --(BEFORE)--> [EVENT_BEFORE_N/A_ACTUAL_POS] | [EVENT_BEFORE_N/A_ACTUAL_POS] --(BEFORE)--> [EVENT_BEFORE_N/A_ACTUAL_POS],découverte,BEFORE,arrivée,BEFORE,établi,,,,,,
113,69,FR100276,[EVENT_BEFORE_N/A_ACTUAL_POS] --(BEFORE)--> [EVENT_BEFORE_N/A_ACTUAL_POS] | [EVENT_BEFORE_N/A_ACTUAL_POS] --(BEFORE)--> [EVENT_BEFORE_N/A_ACTUAL_POS],biopsie,BEFORE,posé,BEFORE,application,,,,,,
113,69,FR100282,[EVENT_BEFORE_N/A_ACTUAL_POS] --(BEFORE)--> [EVENT_BEFORE_N/A_ACTUAL_POS] | [EVENT_BEFORE_N/A_ACTUAL_POS] --(BEFORE)--> [EVENT_BEFORE_N/A_ACTUAL_POS],électroencéphalogramme,BEFORE,scanner,BEFORE,conclus,,,,,,
113,69,FR100283,[EVENT_BEFORE_N/A_ACTUAL_POS] --(BEFORE)--> [EVENT_BEFORE_N/A_ACTUAL_POS] | [EVENT_BEFORE_N/A_ACTUAL_POS] --(BEFORE)--> [EVENT_BEFORE_N/A_ACTUAL_POS],IRM,BEFORE,hypophysiogramme,BEFORE,traitement,,,,,,
113,69,FR100296,[EVENT_BEFORE_N/A_ACTUAL_POS] --(BEFORE)--> [EVENT_BEFORE_N/A_ACTUAL_POS] | [EVENT_BEFORE_N/A_ACTUAL_POS] --(BEFORE)--> [EVENT_BEFORE_N/A_ACTUAL_POS],IRM,BEFORE,fenestration,BEFORE,suites,,,,,,
113,69,FR100314,[EVENT_BEFORE_N/A_ACTUAL_POS] --(BEFORE)--> [EVENT_BEFORE_N/A_ACTUAL_POS] | [EVENT_BEFORE_N/A_ACTUAL_POS] --(BEFORE)--> [EVENT_BEFORE_N/A_ACTUAL_POS],angio-scanner,BEFORE,amputation,BEFORE,mise,,,,,,
113,69,FR100344,[EVENT_BEFORE_N/A_ACTUAL_POS] --(BEFORE)--> [EVENT_BEFORE_N/A_ACTUAL_POS] | [EVENT_BEFORE_N/A_ACTUAL_POS] --(BEFORE)--> [EVENT_BEFORE_N/A_ACTUAL_POS],plainte,BEFORE,examen,BEFORE,césarienne,,,,,,
113,69,FR100346,[EVENT_BEFORE_N/A_ACTUAL_POS] --(BEFORE)--> [EVENT_BEFORE_N/A_ACTUAL_POS] | [EVENT_BEFORE_N/A_ACTUAL_POS] --(BEFORE)--> [EVENT_BEFORE_N/A_ACTUAL_POS],IRM,BEFORE,scanner,BEFORE,posé,,,,,,
113,69,FR100360,[EVENT_BEFORE_N/A_ACTUAL_POS] --(BEFORE)--> [EVENT_BEFORE_N/A_ACTUAL_POS] | [EVENT_BEFORE_N/A_ACTUAL_POS] --(BEFORE)--> [EVENT_BEFORE_N/A_ACTUAL_POS],complément,BEFORE,biopsie,BEFORE,étude,,,,,,
113,69,FR100361,[EVENT_BEFORE_N/A_ACTUAL_POS] --(BEFORE)--> [EVENT_BEFORE_N/A_ACTUAL_POS] | [EVENT_BEFORE_N/A_ACTUAL_POS] --(BEFORE)--> [EVENT_BEFORE_N/A_ACTUAL_POS],TDM,BEFORE,ponction,BEFORE,examen,,,,,,
113,69,FR100371,[EVENT_BEFORE_N/A_ACTUAL_POS] --(BEFORE)--> [EVENT_BEFORE_N/A_ACTUAL_POS] | [EVENT_BEFORE_N/A_ACTUAL_POS] --(BEFORE)--> [EVENT_BEFORE_N/A_ACTUAL_POS],admission,BEFORE,examen,BEFORE,examen,,,,,,
113,69,FR100400,[EVENT_BEFORE_N/A_ACTUAL_POS] --(BEFORE)--> [EVENT_BEFORE_N/A_ACTUAL_POS] | [EVENT_BEFORE_N/A_ACTUAL_POS] --(BEFORE)--> [EVENT_BEFORE_N/A_ACTUAL_POS],diagnostic,BEFORE,exploration,BEFORE,résection,,,,,,
113,69,FR100439,[EVENT_BEFORE_N/A_ACTUAL_POS] --(BEFORE)--> [EVENT_BEFORE_N/A_ACTUAL_POS] | [EVENT_BEFORE_N/A_ACTUAL_POS] --(BEFORE)--> [EVENT_BEFORE_N/A_ACTUAL_POS],analyse,BEFORE,demandée,BEFORE,déterminer,,,,,,
113,69,FR100448,[EVENT_BEFORE_N/A_ACTUAL_POS] --(BEFORE)--> [EVENT_BEFORE_N/A_ACTUAL_POS] | [EVENT_BEFORE_N/A_ACTUAL_POS] --(BEFORE)--> [EVENT_BEFORE_N/A_ACTUAL_POS],hémi thyroïdectomie,BEFORE,examen,BEFORE,histochimie,,,,,,
113,69,FR100480,[EVENT_BEFORE_N/A_ACTUAL_POS] --(BEFORE)--> [EVENT_BEFORE_N/A_ACTUAL_POS] | [EVENT_BEFORE_N/A_ACTUAL_POS] --(BEFORE)--> [EVENT_BEFORE_N/A_ACTUAL_POS],bilan,BEFORE,scanner,BEFORE,Tomographie,,,,,,
113,69,FR100510,[EVENT_BEFORE_N/A_ACTUAL_POS] --(BEFORE)--> [EVENT_BEFORE_N/A_ACTUAL_POS] | [EVENT_BEFORE_N/A_ACTUAL_POS] --(BEFORE)--> [EVENT_BEFORE_N/A_ACTUAL_POS],résection,BEFORE,examen,BEFORE,examen,,,,,,
113,69,FR100515,[EVENT_BEFORE_N/A_ACTUAL_POS] --(BEFORE)--> [EVENT_BEFORE_N/A_ACTUAL_POS] | [EVENT_BEFORE_N/A_ACTUAL_POS] --(BEFORE)--> [EVENT_BEFORE_N/A_ACTUAL_POS],bilan,BEFORE,bilan,BEFORE,prescrits,,,,,,
113,69,FR100517,[EVENT_BEFORE_N/A_ACTUAL_POS] --(BEFORE)--> [EVENT_BEFORE_N/A_ACTUAL_POS] | [EVENT_BEFORE_N/A_ACTUAL_POS] --(BEFORE)--> [EVENT_BEFORE_N/A_ACTUAL_POS],examen,BEFORE,bilan,BEFORE,électromyogramme,,,,,,
113,69,FR100519,[EVENT_BEFORE_N/A_ACTUAL_POS] --(BEFORE)--> [EVENT_BEFORE_N/A_ACTUAL_POS] | [EVENT_BEFORE_N/A_ACTUAL_POS] --(BEFORE)--> [EVENT_BEFORE_N/A_ACTUAL_POS],hospitalisée,BEFORE,entrée,BEFORE,bilan,,,,,,
113,69,FR100579,[EVENT_BEFORE_N/A_ACTUAL_POS] --(BEFORE)--> [EVENT_BEFORE_N/A_ACTUAL_POS] | [EVENT_BEFORE_N/A_ACTUAL_POS] --(BEFORE)--> [EVENT_BEFORE_N/A_ACTUAL_POS],échocardiographie,BEFORE,angio-scanner,BEFORE,imagerie,,,,,,
113,69,FR100589,[EVENT_BEFORE_N/A_ACTUAL_POS] --(BEFORE)--> [EVENT_BEFORE_N/A_ACTUAL_POS] | [EVENT_BEFORE_N/A_ACTUAL_POS] --(BEFORE)--> [EVENT_BEFORE_N/A_ACTUAL_POS],reste,BEFORE,radiographie,BEFORE,tomodensitométrie,,,,,,
113,69,FR100597,[EVENT_BEFORE_N/A_ACTUAL_POS] --(BEFORE)--> [EVENT_BEFORE_N/A_ACTUAL_POS] | [EVENT_BEFORE_N/A_ACTUAL_POS] --(BEFORE)--> [EVENT_BEFORE_N/A_ACTUAL_POS],reste,BEFORE,échographie,BEFORE,étayer,,,,,,
113,69,FR100603,[EVENT_BEFORE_N/A_ACTUAL_POS] --(BEFORE)--> [EVENT_BEFORE_N/A_ACTUAL_POS] | [EVENT_BEFORE_N/A_ACTUAL_POS] --(BEFORE)--> [EVENT_BEFORE_N/A_ACTUAL_POS],chirurgie,BEFORE,hémocultures,BEFORE,évolution,,,,,,
113,69,FR100611,[EVENT_BEFORE_N/A_ACTUAL_POS] --(BEFORE)--> [EVENT_BEFORE_N/A_ACTUAL_POS] | [EVENT_BEFORE_N/A_ACTUAL_POS] --(BEFORE)--> [EVENT_BEFORE_N/A_ACTUAL_POS],examen,BEFORE,IRM,BEFORE,étude,,,,,,
113,69,FR100614,[EVENT_BEFORE_N/A_ACTUAL_POS] --(BEFORE)--> [EVENT_BEFORE_N/A_ACTUAL_POS] | [EVENT_BEFORE_N/A_ACTUAL_POS] --(BEFORE)--> [EVENT_BEFORE_N/A_ACTUAL_POS],examen,BEFORE,échographique,BEFORE,tomodensitométrie,,,,,,
113,69,FR100620,[EVENT_BEFORE_N/A_ACTUAL_POS] --(BEFORE)--> [EVENT_BEFORE_N/A_ACTUAL_POS] | [EVENT_BEFORE_N/A_ACTUAL_POS] --(BEFORE)--> [EVENT_BEFORE_N/A_ACTUAL_POS],bilan,BEFORE,bilan,BEFORE,bilan,,,,,,
113,69,FR100623,[EVENT_BEFORE_N/A_ACTUAL_POS] --(BEFORE)--> [EVENT_BEFORE_N/A_ACTUAL_POS] | [EVENT_BEFORE_N/A_ACTUAL_POS] --(BEFORE)--> [EVENT_BEFORE_N/A_ACTUAL_POS],examen,BEFORE,échographie,BEFORE,tomodensitométrie,,,,,,
113,69,FR100629,[EVENT_BEFORE_N/A_ACTUAL_POS] --(BEFORE)--> [EVENT_BEFORE_N/A_ACTUAL_POS] | [EVENT_BEFORE_N/A_ACTUAL_POS] --(BEFORE)--> [EVENT_BEFORE_N/A_ACTUAL_POS],radiographie,BEFORE,thoracoscopie,BEFORE,marquage,,,,,,
113,69,FR100632,[EVENT_BEFORE_N/A_ACTUAL_POS] --(BEFORE)--> [EVENT_BEFORE_N/A_ACTUAL_POS] | [EVENT_BEFORE_N/A_ACTUAL_POS] --(BEFORE)--> [EVENT_BEFORE_N/A_ACTUAL_POS],radiographie,BEFORE,examen,BEFORE,sérologie,,,,,,
113,69,FR100658,[EVENT_BEFORE_N/A_ACTUAL_POS] --(BEFORE)--> [EVENT_BEFORE_N/A_ACTUAL_POS] | [EVENT_BEFORE_N/A_ACTUAL_POS] --(BEFORE)--> [EVENT_BEFORE_N/A_ACTUAL_POS],évaluation,BEFORE,auscultation,BEFORE,examens,,,,,,
113,69,FR100663,[EVENT_BEFORE_N/A_ACTUAL_POS] --(BEFORE)--> [EVENT_BEFORE_N/A_ACTUAL_POS] | [EVENT_BEFORE_N/A_ACTUAL_POS] --(BEFORE)--> [EVENT_BEFORE_N/A_ACTUAL_POS],examen,BEFORE,examen,BEFORE,échographie,,,,,,
113,69,FR100666,[EVENT_BEFORE_N/A_ACTUAL_POS] --(BEFORE)--> [EVENT_BEFORE_N/A_ACTUAL_POS] | [EVENT_BEFORE_N/A_ACTUAL_POS] --(BEFORE)--> [EVENT_BEFORE_N/A_ACTUAL_POS],palpation,BEFORE,radiographie,BEFORE,tomodensitométrie,,,,,,
113,69,FR100683,[EVENT_BEFORE_N/A_ACTUAL_POS] --(BEFORE)--> [EVENT_BEFORE_N/A_ACTUAL_POS] | [EVENT_BEFORE_N/A_ACTUAL_POS] --(BEFORE)--> [EVENT_BEFORE_N/A_ACTUAL_POS],exploration,BEFORE,IRM,BEFORE,écho-mammographie,,,,,,
113,69,FR100688,[EVENT_BEFORE_N/A_ACTUAL_POS] --(BEFORE)--> [EVENT_BEFORE_N/A_ACTUAL_POS] | [EVENT_BEFORE_N/A_ACTUAL_POS] --(BEFORE)--> [EVENT_BEFORE_N/A_ACTUAL_POS],échographie,BEFORE,radiographie,BEFORE,incision,,,,,,
113,69,FR100689,[EVENT_BEFORE_N/A_ACTUAL_POS] --(BEFORE)--> [EVENT_BEFORE_N/A_ACTUAL_POS] | [EVENT_BEFORE_N/A_ACTUAL_POS] --(BEFORE)--> [EVENT_BEFORE_N/A_ACTUAL_POS],PCR,BEFORE,scanner,BEFORE,hémogramme,,,,,,
113,69,FR100697,[EVENT_BEFORE_N/A_ACTUAL_POS] --(BEFORE)--> [EVENT_BEFORE_N/A_ACTUAL_POS] | [EVENT_BEFORE_N/A_ACTUAL_POS] --(BEFORE)--> [EVENT_BEFORE_N/A_ACTUAL_POS],palpation,BEFORE,examen,BEFORE,mammographie,,,,,,
113,69,FR100708,[EVENT_BEFORE_N/A_ACTUAL_POS] --(BEFORE)--> [EVENT_BEFORE_N/A_ACTUAL_POS] | [EVENT_BEFORE_N/A_ACTUAL_POS] --(BEFORE)--> [EVENT_BEFORE_N/A_ACTUAL_POS],demandée,BEFORE,tests,BEFORE,mise,,,,,,
113,69,FR100717,[EVENT_BEFORE_N/A_ACTUAL_POS] --(BEFORE)--> [EVENT_BEFORE_N/A_ACTUAL_POS] | [EVENT_BEFORE_N/A_ACTUAL_POS] --(BEFORE)--> [EVENT_BEFORE_N/A_ACTUAL_POS],scanner,BEFORE,IRM,BEFORE,laminectomie,,,,,,
113,69,FR100748,[EVENT_BEFORE_N/A_ACTUAL_POS] --(BEFORE)--> [EVENT_BEFORE_N/A_ACTUAL_POS] | [EVENT_BEFORE_N/A_ACTUAL_POS] --(BEFORE)--> [EVENT_BEFORE_N/A_ACTUAL_POS],transférée,BEFORE,regagné,BEFORE,recul,,,,,,
113,69,FR100766,[EVENT_BEFORE_N/A_ACTUAL_POS] --(BEFORE)--> [EVENT_BEFORE_N/A_ACTUAL_POS] | [EVENT_BEFORE_N/A_ACTUAL_POS] --(BEFORE)--> [EVENT_BEFORE_N/A_ACTUAL_POS],examen,BEFORE,hospitalisation,BEFORE,traitement,,,,,,
113,69,FR100780,[EVENT_BEFORE_N/A_ACTUAL_POS] --(BEFORE)--> [EVENT_BEFORE_N/A_ACTUAL_POS] | [EVENT_BEFORE_N/A_ACTUAL_POS] --(BEFORE)--> [EVENT_BEFORE_N/A_ACTUAL_POS],examen,BEFORE,toucher,BEFORE,échographie,,,,,,
113,69,FR100806,[EVENT_BEFORE_N/A_ACTUAL_POS] --(BEFORE)--> [EVENT_BEFORE_N/A_ACTUAL_POS] | [EVENT_BEFORE_N/A_ACTUAL_POS] --(BEFORE)--> [EVENT_BEFORE_N/A_ACTUAL_POS],référée,BEFORE,examen,BEFORE,biologie,,,,,,
113,69,FR100814,[EVENT_BEFORE_N/A_ACTUAL_POS] --(BEFORE)--> [EVENT_BEFORE_N/A_ACTUAL_POS] | [EVENT_BEFORE_N/A_ACTUAL_POS] --(BEFORE)--> [EVENT_BEFORE_N/A_ACTUAL_POS],diagnostic,BEFORE,réséquée,BEFORE,examen,,,,,,
113,69,FR100826,[EVENT_BEFORE_N/A_ACTUAL_POS] --(BEFORE)--> [EVENT_BEFORE_N/A_ACTUAL_POS] | [EVENT_BEFORE_N/A_ACTUAL_POS] --(BEFORE)--> [EVENT_BEFORE_N/A_ACTUAL_POS],admis,BEFORE,examen,BEFORE,bilan,,,,,,
113,69,FR100845,[EVENT_BEFORE_N/A_ACTUAL_POS] --(BEFORE)--> [EVENT_BEFORE_N/A_ACTUAL_POS] | [EVENT_BEFORE_N/A_ACTUAL_POS] --(BEFORE)--> [EVENT_BEFORE_N/A_ACTUAL_POS],décision,BEFORE,extraction,BEFORE,examen,,,,,,
113,69,FR100849,[EVENT_BEFORE_N/A_ACTUAL_POS] --(BEFORE)--> [EVENT_BEFORE_N/A_ACTUAL_POS] | [EVENT_BEFORE_N/A_ACTUAL_POS] --(BEFORE)--> [EVENT_BEFORE_N/A_ACTUAL_POS],admission,BEFORE,tomodensitométrie,BEFORE,acheminé,,,,,,
113,69,FR100870,[EVENT_BEFORE_N/A_ACTUAL_POS] --(BEFORE)--> [EVENT_BEFORE_N/A_ACTUAL_POS] | [EVENT_BEFORE_N/A_ACTUAL_POS] --(BEFORE)--> [EVENT_BEFORE_N/A_ACTUAL_POS],imagerie,BEFORE,hémogramme,BEFORE,bilan,,,,,,
113,69,FR100874,[EVENT_BEFORE_N/A_ACTUAL_POS] --(BEFORE)--> [EVENT_BEFORE_N/A_ACTUAL_POS] | [EVENT_BEFORE_N/A_ACTUAL_POS] --(BEFORE)--> [EVENT_BEFORE_N/A_ACTUAL_POS],tomodensitométrie,BEFORE,retenu,BEFORE,mise,,,,,,
113,69,FR100882,[EVENT_BEFORE_N/A_ACTUAL_POS] --(BEFORE)--> [EVENT_BEFORE_N/A_ACTUAL_POS] | [EVENT_BEFORE_N/A_ACTUAL_POS] --(BEFORE)--> [EVENT_BEFORE_N/A_ACTUAL_POS],examen,BEFORE,examen,BEFORE,examen,,,,,,
113,69,FR100883,[EVENT_BEFORE_N/A_ACTUAL_POS] --(BEFORE)--> [EVENT_BEFORE_N/A_ACTUAL_POS] | [EVENT_BEFORE_N/A_ACTUAL_POS] --(BEFORE)--> [EVENT_BEFORE_N/A_ACTUAL_POS],biopsie,BEFORE,bilan,BEFORE,sérologie,,,,,,
113,69,FR100894,[EVENT_BEFORE_N/A_ACTUAL_POS] --(BEFORE)--> [EVENT_BEFORE_N/A_ACTUAL_POS] | [EVENT_BEFORE_N/A_ACTUAL_POS] --(BEFORE)--> [EVENT_BEFORE_N/A_ACTUAL_POS],imagerie,BEFORE,prescrit,BEFORE,rejoint,,,,,,
113,69,FR100903,[EVENT_BEFORE_N/A_ACTUAL_POS] --(BEFORE)--> [EVENT_BEFORE_N/A_ACTUAL_POS] | [EVENT_BEFORE_N/A_ACTUAL_POS] --(BEFORE)--> [EVENT_BEFORE_N/A_ACTUAL_POS],écarté,BEFORE,contrôles,BEFORE,accouchement,,,,,,
113,69,FR100919,[EVENT_BEFORE_N/A_ACTUAL_POS] --(BEFORE)--> [EVENT_BEFORE_N/A_ACTUAL_POS] | [EVENT_BEFORE_N/A_ACTUAL_POS] --(BEFORE)--> [EVENT_BEFORE_N/A_ACTUAL_POS],correction,BEFORE,adressée,BEFORE,bilan,,,,,,
113,69,FR100921,[EVENT_BEFORE_N/A_ACTUAL_POS] --(BEFORE)--> [EVENT_BEFORE_N/A_ACTUAL_POS] | [EVENT_BEFORE_N/A_ACTUAL_POS] --(BEFORE)--> [EVENT_BEFORE_N/A_ACTUAL_POS],palpation,BEFORE,imagerie,BEFORE,exérèse,,,,,,
113,69,FR100932,[EVENT_BEFORE_N/A_ACTUAL_POS] --(BEFORE)--> [EVENT_BEFORE_N/A_ACTUAL_POS] | [EVENT_BEFORE_N/A_ACTUAL_POS] --(BEFORE)--> [EVENT_BEFORE_N/A_ACTUAL_POS],mise,BEFORE,opérée,BEFORE,évolution,,,,,,
113,69,FR100946,[EVENT_BEFORE_N/A_ACTUAL_POS] --(BEFORE)--> [EVENT_BEFORE_N/A_ACTUAL_POS] | [EVENT_BEFORE_N/A_ACTUAL_POS] --(BEFORE)--> [EVENT_BEFORE_N/A_ACTUAL_POS],examen,BEFORE,IRM,BEFORE,analyse,,,,,,
113,69,FR100959,[EVENT_BEFORE_N/A_ACTUAL_POS] --(BEFORE)--> [EVENT_BEFORE_N/A_ACTUAL_POS] | [EVENT_BEFORE_N/A_ACTUAL_POS] --(BEFORE)--> [EVENT_BEFORE_N/A_ACTUAL_POS],œsophagoscopie,BEFORE,Transit,BEFORE,notée,,,,,,
113,69,FR100996,[EVENT_BEFORE_N/A_ACTUAL_POS] --(BEFORE)--> [EVENT_BEFORE_N/A_ACTUAL_POS] | [EVENT_BEFORE_N/A_ACTUAL_POS] --(BEFORE)--> [EVENT_BEFORE_N/A_ACTUAL_POS],injection,BEFORE,retenu,BEFORE,chirurgical,,,,,,
113,69,FR100998,[EVENT_BEFORE_N/A_ACTUAL_POS] --(BEFORE)--> [EVENT_BEFORE_N/A_ACTUAL_POS] | [EVENT_BEFORE_N/A_ACTUAL_POS] --(BEFORE)--> [EVENT_BEFORE_N/A_ACTUAL_POS],diagnostic,BEFORE,traitée,BEFORE,bilan,,,,,,
13,65,FR100003,[EVENT_BEFORE_N/A_ACTUAL_POS] --(CONTAINS)--> [EVENT_BEFORE_N/A_ACTUAL_POS] | [EVENT_BEFORE_N/A_ACTUAL_POS] --(BEFORE)--> [EVENT_BEFORE_N/A_ACTUAL_POS] | [EVENT_BEFORE_N/A_ACTUAL_POS] --(BEFORE)--> [EVENT_BEFORE_N/A_ACTUAL_POS],délabrement,CONTAINS,panoramique,BEFORE,ponction,BEFORE,examen,,,,
13,65,FR100078,[EVENT_BEFORE_N/A_ACTUAL_POS] --(CONTAINS)--> [EVENT_BEFORE_N/A_ACTUAL_POS] | [EVENT_BEFORE_N/A_ACTUAL_POS] --(BEFORE)--> [EVENT_BEFORE_N/A_ACTUAL_POS] | [EVENT_BEFORE_N/A_ACTUAL_POS] --(BEFORE)--> [EVENT_BEFORE_N/A_ACTUAL_POS],pouls,CONTAINS,examen,BEFORE,doppler,BEFORE,doppler,,,,
13,65,FR100092,[EVENT_BEFORE_N/A_ACTUAL_POS] --(CONTAINS)--> [EVENT_BEFORE_N/A_ACTUAL_POS] | [EVENT_BEFORE_N/A_ACTUAL_POS] --(BEFORE)--> [EVENT_BEFORE_N/A_ACTUAL_POS] | [EVENT_BEFORE_N/A_ACTUAL_POS] --(BEFORE)--> [EVENT_BEFORE_N/A_ACTUAL_POS],masse,CONTAINS,échographie,BEFORE,tableau,BEFORE,reste,,,,
13,65,FR100120,[EVENT_BEFORE_N/A_ACTUAL_POS] --(CONTAINS)--> [EVENT_BEFORE_N/A_ACTUAL_POS] | [EVENT_BEFORE_N/A_ACTUAL_POS] --(BEFORE)--> [EVENT_BEFORE_N/A_ACTUAL_POS] | [EVENT_BEFORE_N/A_ACTUAL_POS] --(BEFORE)--> [EVENT_BEFORE_N/A_ACTUAL_POS],diabète,CONTAINS,rattaché,BEFORE,traitement,BEFORE,retirées,,,,
13,65,FR100130,[EVENT_BEFORE_N/A_ACTUAL_POS] --(CONTAINS)--> [EVENT_BEFORE_N/A_ACTUAL_POS] | [EVENT_BEFORE_N/A_ACTUAL_POS] --(BEFORE)--> [EVENT_BEFORE_N/A_ACTUAL_POS] | [EVENT_BEFORE_N/A_ACTUAL_POS] --(BEFORE)--> [EVENT_BEFORE_N/A_ACTUAL_POS],apyrétique,CONTAINS,examen,BEFORE,biologie,BEFORE,glycémie,,,,
13,65,FR100132,[EVENT_BEFORE_N/A_ACTUAL_POS] --(CONTAINS)--> [EVENT_BEFORE_N/A_ACTUAL_POS] | [EVENT_BEFORE_N/A_ACTUAL_POS] --(BEFORE)--> [EVENT_BEFORE_N/A_ACTUAL_POS] | [EVENT_BEFORE_N/A_ACTUAL_POS] --(BEFORE)--> [EVENT_BEFORE_N/A_ACTUAL_POS],examen,CONTAINS,palpation,BEFORE,histologie,BEFORE,examen,,,,
13,65,FR100142,[EVENT_BEFORE_N/A_ACTUAL_POS] --(CONTAINS)--> [EVENT_BEFORE_N/A_ACTUAL_POS] | [EVENT_BEFORE_N/A_ACTUAL_POS] --(BEFORE)--> [EVENT_BEFORE_N/A_ACTUAL_POS] | [EVENT_BEFORE_N/A_ACTUAL_POS] --(BEFORE)--> [EVENT_BEFORE_N/A_ACTUAL_POS],taux,CONTAINS,fibroscopie,BEFORE,biopsie,BEFORE,mis,,,,
13,65,FR100161,[EVENT_BEFORE_N/A_ACTUAL_POS] --(CONTAINS)--> [EVENT_BEFORE_N/A_ACTUAL_POS] | [EVENT_BEFORE_N/A_ACTUAL_POS] --(BEFORE)--> [EVENT_BEFORE_N/A_ACTUAL_POS] | [EVENT_BEFORE_N/A_ACTUAL_POS] --(BEFORE)--> [EVENT_BEFORE_N/A_ACTUAL_POS],cytolyse,CONTAINS,examens,BEFORE,radiographie,BEFORE,échographie,,,,
13,65,FR100168,[EVENT_BEFORE_N/A_ACTUAL_POS] --(CONTAINS)--> [EVENT_BEFORE_N/A_ACTUAL_POS] | [EVENT_BEFORE_N/A_ACTUAL_POS] --(BEFORE)--> [EVENT_BEFORE_N/A_ACTUAL_POS] | [EVENT_BEFORE_N/A_ACTUAL_POS] --(BEFORE)--> [EVENT_BEFORE_N/A_ACTUAL_POS],fibrinogène,CONTAINS,bilan,BEFORE,tests,BEFORE,entretien,,,,
13,65,FR100255,[EVENT_BEFORE_N/A_ACTUAL_POS] --(CONTAINS)--> [EVENT_BEFORE_N/A_ACTUAL_POS] | [EVENT_BEFORE_N/A_ACTUAL_POS] --(BEFORE)--> [EVENT_BEFORE_N/A_ACTUAL_POS] | [EVENT_BEFORE_N/A_ACTUAL_POS] --(BEFORE)--> [EVENT_BEFORE_N/A_ACTUAL_POS],emphysème,CONTAINS,examen,BEFORE,examen,BEFORE,échographie,,,,
13,65,FR100275,[EVENT_BEFORE_N/A_ACTUAL_POS] --(CONTAINS)--> [EVENT_BEFORE_N/A_ACTUAL_POS] | [EVENT_BEFORE_N/A_ACTUAL_POS] --(BEFORE)--> [EVENT_BEFORE_N/A_ACTUAL_POS] | [EVENT_BEFORE_N/A_ACTUAL_POS] --(BEFORE)--> [EVENT_BEFORE_N/A_ACTUAL_POS],mort,CONTAINS,établi,BEFORE,manœuvres,BEFORE,transféré,,,,
13,65,FR100276,[EVENT_BEFORE_N/A_ACTUAL_POS] --(CONTAINS)--> [EVENT_BEFORE_N/A_ACTUAL_POS] | [EVENT_BEFORE_N/A_ACTUAL_POS] --(BEFORE)--> [EVENT_BEFORE_N/A_ACTUAL_POS] | [EVENT_BEFORE_N/A_ACTUAL_POS] --(BEFORE)--> [EVENT_BEFORE_N/A_ACTUAL_POS],aplasie,CONTAINS,accouchement,BEFORE,reste,BEFORE,bilan,,,,
13,65,FR100282,[EVENT_BEFORE_N/A_ACTUAL_POS] --(CONTAINS)--> [EVENT_BEFORE_N/A_ACTUAL_POS] | [EVENT_BEFORE_N/A_ACTUAL_POS] --(BEFORE)--> [EVENT_BEFORE_N/A_ACTUAL_POS] | [EVENT_BEFORE_N/A_ACTUAL_POS] --(BEFORE)--> [EVENT_BEFORE_N/A_ACTUAL_POS],tracé,CONTAINS,électroencéphalogramme,BEFORE,scanner,BEFORE,conclus,,,,
13,65,FR100283,[EVENT_BEFORE_N/A_ACTUAL_POS] --(CONTAINS)--> [EVENT_BEFORE_N/A_ACTUAL_POS] | [EVENT_BEFORE_N/A_ACTUAL_POS] --(BEFORE)--> [EVENT_BEFORE_N/A_ACTUAL_POS] | [EVENT_BEFORE_N/A_ACTUAL_POS] --(BEFORE)--> [EVENT_BEFORE_N/A_ACTUAL_POS],sinusite,CONTAINS,IRM,BEFORE,hypophysiogramme,BEFORE,traitement,,,,
13,65,FR100296,[EVENT_BEFORE_N/A_ACTUAL_POS] --(CONTAINS)--> [EVENT_BEFORE_N/A_ACTUAL_POS] | [EVENT_BEFORE_N/A_ACTUAL_POS] --(BEFORE)--> [EVENT_BEFORE_N/A_ACTUAL_POS] | [EVENT_BEFORE_N/A_ACTUAL_POS] --(BEFORE)--> [EVENT_BEFORE_N/A_ACTUAL_POS],hypoesthésie,CONTAINS,examen,BEFORE,IRM,BEFORE,fenestration,,,,
13,65,FR100314,[EVENT_BEFORE_N/A_ACTUAL_POS] --(CONTAINS)--> [EVENT_BEFORE_N/A_ACTUAL_POS] | [EVENT_BEFORE_N/A_ACTUAL_POS] --(BEFORE)--> [EVENT_BEFORE_N/A_ACTUAL_POS] | [EVENT_BEFORE_N/A_ACTUAL_POS] --(BEFORE)--> [EVENT_BEFORE_N/A_ACTUAL_POS],fracture,CONTAINS,bilan,BEFORE,drainage,BEFORE,angio-scanner,,,,
13,65,FR100344,[EVENT_BEFORE_N/A_ACTUAL_POS] --(CONTAINS)--> [EVENT_BEFORE_N/A_ACTUAL_POS] | [EVENT_BEFORE_N/A_ACTUAL_POS] --(BEFORE)--> [EVENT_BEFORE_N/A_ACTUAL_POS] | [EVENT_BEFORE_N/A_ACTUAL_POS] --(BEFORE)--> [EVENT_BEFORE_N/A_ACTUAL_POS],évolution,CONTAINS,déroulée,BEFORE,plainte,BEFORE,examen,,,,
13,65,FR100346,[EVENT_BEFORE_N/A_ACTUAL_POS] --(CONTAINS)--> [EVENT_BEFORE_N/A_ACTUAL_POS] | [EVENT_BEFORE_N/A_ACTUAL_POS] --(BEFORE)--> [EVENT_BEFORE_N/A_ACTUAL_POS] | [EVENT_BEFORE_N/A_ACTUAL_POS] --(BEFORE)--> [EVENT_BEFORE_N/A_ACTUAL_POS],pouls,CONTAINS,examen,BEFORE,gazométrie,BEFORE,reste,,,,
13,65,FR100360,[EVENT_BEFORE_N/A_ACTUAL_POS] --(CONTAINS)--> [EVENT_BEFORE_N/A_ACTUAL_POS] | [EVENT_BEFORE_N/A_ACTUAL_POS] --(BEFORE)--> [EVENT_BEFORE_N/A_ACTUAL_POS] | [EVENT_BEFORE_N/A_ACTUAL_POS] --(BEFORE)--> [EVENT_BEFORE_N/A_ACTUAL_POS],bilan,CONTAINS,tomodensitométrie,BEFORE,radiothérapie,BEFORE,cures,,,,
13,65,FR100361,[EVENT_BEFORE_N/A_ACTUAL_POS] --(CONTAINS)--> [EVENT_BEFORE_N/A_ACTUAL_POS] | [EVENT_BEFORE_N/A_ACTUAL_POS] --(BEFORE)--> [EVENT_BEFORE_N/A_ACTUAL_POS] | [EVENT_BEFORE_N/A_ACTUAL_POS] --(BEFORE)--> [EVENT_BEFORE_N/A_ACTUAL_POS],hypoglycorrachie,CONTAINS,examen,BEFORE,culture,BEFORE,protéine,,,,
13,65,FR100371,[EVENT_BEFORE_N/A_ACTUAL_POS] --(CONTAINS)--> [EVENT_BEFORE_N/A_ACTUAL_POS] | [EVENT_BEFORE_N/A_ACTUAL_POS] --(BEFORE)--> [EVENT_BEFORE_N/A_ACTUAL_POS] | [EVENT_BEFORE_N/A_ACTUAL_POS] --(BEFORE)--> [EVENT_BEFORE_N/A_ACTUAL_POS],nombre,CONTAINS,bilan,BEFORE,bilan,BEFORE,intervention,,,,
13,65,FR100400,[EVENT_BEFORE_N/A_ACTUAL_POS] --(CONTAINS)--> [EVENT_BEFORE_N/A_ACTUAL_POS] | [EVENT_BEFORE_N/A_ACTUAL_POS] --(BEFORE)--> [EVENT_BEFORE_N/A_ACTUAL_POS] | [EVENT_BEFORE_N/A_ACTUAL_POS] --(BEFORE)--> [EVENT_BEFORE_N/A_ACTUAL_POS],masse,CONTAINS,scanner,BEFORE,diagnostic,BEFORE,exploration,,,,
13,65,FR100439,[EVENT_BEFORE_N/A_ACTUAL_POS] --(CONTAINS)--> [EVENT_BEFORE_N/A_ACTUAL_POS] | [EVENT_BEFORE_N/A_ACTUAL_POS] --(BEFORE)--> [EVENT_BEFORE_N/A_ACTUAL_POS] | [EVENT_BEFORE_N/A_ACTUAL_POS] --(BEFORE)--> [EVENT_BEFORE_N/A_ACTUAL_POS],hyperfixations,CONTAINS,examen,BEFORE,classée,BEFORE,bénéficier,,,,
13,65,FR100480,[EVENT_BEFORE_N/A_ACTUAL_POS] --(CONTAINS)--> [EVENT_BEFORE_N/A_ACTUAL_POS] | [EVENT_BEFORE_N/A_ACTUAL_POS] --(BEFORE)--> [EVENT_BEFORE_N/A_ACTUAL_POS] | [EVENT_BEFORE_N/A_ACTUAL_POS] --(BEFORE)--> [EVENT_BEFORE_N/A_ACTUAL_POS],tuméfaction,CONTAINS,examen,BEFORE,imagerie,BEFORE,bilan,,,,
13,65,FR100510,[EVENT_BEFORE_N/A_ACTUAL_POS] --(CONTAINS)--> [EVENT_BEFORE_N/A_ACTUAL_POS] | [EVENT_BEFORE_N/A_ACTUAL_POS] --(BEFORE)--> [EVENT_BEFORE_N/A_ACTUAL_POS] | [EVENT_BEFORE_N/A_ACTUAL_POS] --(BEFORE)--> [EVENT_BEFORE_N/A_ACTUAL_POS],kyste,CONTAINS,biopsie,BEFORE,décision,BEFORE,exerce,,,,
13,65,FR100515,[EVENT_BEFORE_N/A_ACTUAL_POS] --(CONTAINS)--> [EVENT_BEFORE_N/A_ACTUAL_POS] | [EVENT_BEFORE_N/A_ACTUAL_POS] --(BEFORE)--> [EVENT_BEFORE_N/A_ACTUAL_POS] | [EVENT_BEFORE_N/A_ACTUAL_POS] --(BEFORE)--> [EVENT_BEFORE_N/A_ACTUAL_POS],créatine,CONTAINS,dosage,BEFORE,bilan,BEFORE,biopsie,,,,
13,65,FR100517,[EVENT_BEFORE_N/A_ACTUAL_POS] --(CONTAINS)--> [EVENT_BEFORE_N/A_ACTUAL_POS] | [EVENT_BEFORE_N/A_ACTUAL_POS] --(BEFORE)--> [EVENT_BEFORE_N/A_ACTUAL_POS] | [EVENT_BEFORE_N/A_ACTUAL_POS] --(BEFORE)--> [EVENT_BEFORE_N/A_ACTUAL_POS],syndrome,CONTAINS,bilan,BEFORE,électromyogramme,BEFORE,bilan,,,,
13,65,FR100519,[EVENT_BEFORE_N/A_ACTUAL_POS] --(CONTAINS)--> [EVENT_BEFORE_N/A_ACTUAL_POS] | [EVENT_BEFORE_N/A_ACTUAL_POS] --(BEFORE)--> [EVENT_BEFORE_N/A_ACTUAL_POS] | [EVENT_BEFORE_N/A_ACTUAL_POS] --(BEFORE)--> [EVENT_BEFORE_N/A_ACTUAL_POS],hémopéritoine,CONTAINS,tomodensitométrie,BEFORE,laparotomie,BEFORE,suites,,,,
13,65,FR100579,[EVENT_BEFORE_N/A_ACTUAL_POS] --(CONTAINS)--> [EVENT_BEFORE_N/A_ACTUAL_POS] | [EVENT_BEFORE_N/A_ACTUAL_POS] --(BEFORE)--> [EVENT_BEFORE_N/A_ACTUAL_POS] | [EVENT_BEFORE_N/A_ACTUAL_POS] --(BEFORE)--> [EVENT_BEFORE_N/A_ACTUAL_POS],dilatation,CONTAINS,radiographie,BEFORE,échocardiographie,BEFORE,angio-scanner,,,,
13,65,FR100589,[EVENT_BEFORE_N/A_ACTUAL_POS] --(CONTAINS)--> [EVENT_BEFORE_N/A_ACTUAL_POS] | [EVENT_BEFORE_N/A_ACTUAL_POS] --(BEFORE)--> [EVENT_BEFORE_N/A_ACTUAL_POS] | [EVENT_BEFORE_N/A_ACTUAL_POS] --(BEFORE)--> [EVENT_BEFORE_N/A_ACTUAL_POS],discuté,CONTAINS,évoqué,BEFORE,rechercher,BEFORE,bronchoscopie,,,,
13,65,FR100597,[EVENT_BEFORE_N/A_ACTUAL_POS] --(CONTAINS)--> [EVENT_BEFORE_N/A_ACTUAL_POS] | [EVENT_BEFORE_N/A_ACTUAL_POS] --(BEFORE)--> [EVENT_BEFORE_N/A_ACTUAL_POS] | [EVENT_BEFORE_N/A_ACTUAL_POS] --(BEFORE)--> [EVENT_BEFORE_N/A_ACTUAL_POS],consultation,CONTAINS,examen,BEFORE,examen,BEFORE,examen,,,,
13,65,FR100611,[EVENT_BEFORE_N/A_ACTUAL_POS] --(CONTAINS)--> [EVENT_BEFORE_N/A_ACTUAL_POS] | [EVENT_BEFORE_N/A_ACTUAL_POS] --(BEFORE)--> [EVENT_BEFORE_N/A_ACTUAL_POS] | [EVENT_BEFORE_N/A_ACTUAL_POS] --(BEFORE)--> [EVENT_BEFORE_N/A_ACTUAL_POS],adénopathies,CONTAINS,examen,BEFORE,IRM,BEFORE,étude,,,,
13,65,FR100614,[EVENT_BEFORE_N/A_ACTUAL_POS] --(CONTAINS)--> [EVENT_BEFORE_N/A_ACTUAL_POS] | [EVENT_BEFORE_N/A_ACTUAL_POS] --(BEFORE)--> [EVENT_BEFORE_N/A_ACTUAL_POS] | [EVENT_BEFORE_N/A_ACTUAL_POS] --(BEFORE)--> [EVENT_BEFORE_N/A_ACTUAL_POS],douleur,CONTAINS,admission,BEFORE,examen,BEFORE,échographique,,,,
13,65,FR100620,[EVENT_BEFORE_N/A_ACTUAL_POS] --(CONTAINS)--> [EVENT_BEFORE_N/A_ACTUAL_POS] | [EVENT_BEFORE_N/A_ACTUAL_POS] --(BEFORE)--> [EVENT_BEFORE_N/A_ACTUAL_POS] | [EVENT_BEFORE_N/A_ACTUAL_POS] --(BEFORE)--> [EVENT_BEFORE_N/A_ACTUAL_POS],clarté,CONTAINS,radiographie,BEFORE,drainage,BEFORE,radiographie,,,,
13,65,FR100623,[EVENT_BEFORE_N/A_ACTUAL_POS] --(CONTAINS)--> [EVENT_BEFORE_N/A_ACTUAL_POS] | [EVENT_BEFORE_N/A_ACTUAL_POS] --(BEFORE)--> [EVENT_BEFORE_N/A_ACTUAL_POS] | [EVENT_BEFORE_N/A_ACTUAL_POS] --(BEFORE)--> [EVENT_BEFORE_N/A_ACTUAL_POS],gaz,CONTAINS,consulté,BEFORE,examen,BEFORE,bilan,,,,
13,65,FR100629,[EVENT_BEFORE_N/A_ACTUAL_POS] --(CONTAINS)--> [EVENT_BEFORE_N/A_ACTUAL_POS] | [EVENT_BEFORE_N/A_ACTUAL_POS] --(BEFORE)--> [EVENT_BEFORE_N/A_ACTUAL_POS] | [EVENT_BEFORE_N/A_ACTUAL_POS] --(BEFORE)--> [EVENT_BEFORE_N/A_ACTUAL_POS],douleur,CONTAINS,examen,BEFORE,radiographie,BEFORE,thoracoscopie,,,,
13,65,FR100632,[EVENT_BEFORE_N/A_ACTUAL_POS] --(CONTAINS)--> [EVENT_BEFORE_N/A_ACTUAL_POS] | [EVENT_BEFORE_N/A_ACTUAL_POS] --(BEFORE)--> [EVENT_BEFORE_N/A_ACTUAL_POS] | [EVENT_BEFORE_N/A_ACTUAL_POS] --(BEFORE)--> [EVENT_BEFORE_N/A_ACTUAL_POS],anomalie,CONTAINS,IRM,BEFORE,IRM,BEFORE,étude,,,,
13,65,FR100658,[EVENT_BEFORE_N/A_ACTUAL_POS] --(CONTAINS)--> [EVENT_BEFORE_N/A_ACTUAL_POS] | [EVENT_BEFORE_N/A_ACTUAL_POS] --(BEFORE)--> [EVENT_BEFORE_N/A_ACTUAL_POS] | [EVENT_BEFORE_N/A_ACTUAL_POS] --(BEFORE)--> [EVENT_BEFORE_N/A_ACTUAL_POS],eupnéique,CONTAINS,examen,BEFORE,laryngoscopie,BEFORE,tomodensitométrie,,,,
13,65,FR100663,[EVENT_BEFORE_N/A_ACTUAL_POS] --(CONTAINS)--> [EVENT_BEFORE_N/A_ACTUAL_POS] | [EVENT_BEFORE_N/A_ACTUAL_POS] --(BEFORE)--> [EVENT_BEFORE_N/A_ACTUAL_POS] | [EVENT_BEFORE_N/A_ACTUAL_POS] --(BEFORE)--> [EVENT_BEFORE_N/A_ACTUAL_POS],grossesse,CONTAINS,examen,BEFORE,examen,BEFORE,échographie,,,,
13,65,FR100666,[EVENT_BEFORE_N/A_ACTUAL_POS] --(CONTAINS)--> [EVENT_BEFORE_N/A_ACTUAL_POS] | [EVENT_BEFORE_N/A_ACTUAL_POS] --(BEFORE)--> [EVENT_BEFORE_N/A_ACTUAL_POS] | [EVENT_BEFORE_N/A_ACTUAL_POS] --(BEFORE)--> [EVENT_BEFORE_N/A_ACTUAL_POS],tuméfactions,CONTAINS,palpation,BEFORE,radiographie,BEFORE,tomodensitométrie,,,,
13,65,FR100683,[EVENT_BEFORE_N/A_ACTUAL_POS] --(CONTAINS)--> [EVENT_BEFORE_N/A_ACTUAL_POS] | [EVENT_BEFORE_N/A_ACTUAL_POS] --(BEFORE)--> [EVENT_BEFORE_N/A_ACTUAL_POS] | [EVENT_BEFORE_N/A_ACTUAL_POS] --(BEFORE)--> [EVENT_BEFORE_N/A_ACTUAL_POS],créatinine,CONTAINS,exploration,BEFORE,exploration,BEFORE,IRM,,,,
13,65,FR100688,[EVENT_BEFORE_N/A_ACTUAL_POS] --(CONTAINS)--> [EVENT_BEFORE_N/A_ACTUAL_POS] | [EVENT_BEFORE_N/A_ACTUAL_POS] --(BEFORE)--> [EVENT_BEFORE_N/A_ACTUAL_POS] | [EVENT_BEFORE_N/A_ACTUAL_POS] --(BEFORE)--> [EVENT_BEFORE_N/A_ACTUAL_POS],indice,CONTAINS,examen,BEFORE,examen,BEFORE,examen,,,,
13,65,FR100689,[EVENT_BEFORE_N/A_ACTUAL_POS] --(CONTAINS)--> [EVENT_BEFORE_N/A_ACTUAL_POS] | [EVENT_BEFORE_N/A_ACTUAL_POS] --(BEFORE)--> [EVENT_BEFORE_N/A_ACTUAL_POS] | [EVENT_BEFORE_N/A_ACTUAL_POS] --(BEFORE)--> [EVENT_BEFORE_N/A_ACTUAL_POS],recherche,CONTAINS,ionogramme,BEFORE,examen,BEFORE,retenu,,,,
13,65,FR100697,[EVENT_BEFORE_N/A_ACTUAL_POS] --(CONTAINS)--> [EVENT_BEFORE_N/A_ACTUAL_POS] | [EVENT_BEFORE_N/A_ACTUAL_POS] --(BEFORE)--> [EVENT_BEFORE_N/A_ACTUAL_POS] | [EVENT_BEFORE_N/A_ACTUAL_POS] --(BEFORE)--> [EVENT_BEFORE_N/A_ACTUAL_POS],adénopathies,CONTAINS,examen,BEFORE,mammographie,BEFORE,échographie,,,,
13,65,FR100708,[EVENT_BEFORE_N/A_ACTUAL_POS] --(CONTAINS)--> [EVENT_BEFORE_N/A_ACTUAL_POS] | [EVENT_BEFORE_N/A_ACTUAL_POS] --(BEFORE)--> [EVENT_BEFORE_N/A_ACTUAL_POS] | [EVENT_BEFORE_N/A_ACTUAL_POS] --(BEFORE)--> [EVENT_BEFORE_N/A_ACTUAL_POS],galactorrhée,CONTAINS,examen,BEFORE,mammographie,BEFORE,échographie,,,,
13,65,FR100717,[EVENT_BEFORE_N/A_ACTUAL_POS] --(CONTAINS)--> [EVENT_BEFORE_N/A_ACTUAL_POS] | [EVENT_BEFORE_N/A_ACTUAL_POS] --(BEFORE)--> [EVENT_BEFORE_N/A_ACTUAL_POS] | [EVENT_BEFORE_N/A_ACTUAL_POS] --(BEFORE)--> [EVENT_BEFORE_N/A_ACTUAL_POS],IMC,CONTAINS,examen,BEFORE,examens,BEFORE,scanner,,,,
13,65,FR100748,[EVENT_BEFORE_N/A_ACTUAL_POS] --(CONTAINS)--> [EVENT_BEFORE_N/A_ACTUAL_POS] | [EVENT_BEFORE_N/A_ACTUAL_POS] --(BEFORE)--> [EVENT_BEFORE_N/A_ACTUAL_POS] | [EVENT_BEFORE_N/A_ACTUAL_POS] --(BEFORE)--> [EVENT_BEFORE_N/A_ACTUAL_POS],hospitalisation,CONTAINS,indication,BEFORE,consultation,BEFORE,ASA,,,,
13,65,FR100766,[EVENT_BEFORE_N/A_ACTUAL_POS] --(CONTAINS)--> [EVENT_BEFORE_N/A_ACTUAL_POS] | [EVENT_BEFORE_N/A_ACTUAL_POS] --(BEFORE)--> [EVENT_BEFORE_N/A_ACTUAL_POS] | [EVENT_BEFORE_N/A_ACTUAL_POS] --(BEFORE)--> [EVENT_BEFORE_N/A_ACTUAL_POS],prolabé,CONTAINS,examen,BEFORE,hospitalisation,BEFORE,traitement,,,,
13,65,FR100780,[EVENT_BEFORE_N/A_ACTUAL_POS] --(CONTAINS)--> [EVENT_BEFORE_N/A_ACTUAL_POS] | [EVENT_BEFORE_N/A_ACTUAL_POS] --(BEFORE)--> [EVENT_BEFORE_N/A_ACTUAL_POS] | [EVENT_BEFORE_N/A_ACTUAL_POS] --(BEFORE)--> [EVENT_BEFORE_N/A_ACTUAL_POS],poids,CONTAINS,examen,BEFORE,toucher,BEFORE,échographie,,,,
13,65,FR100806,[EVENT_BEFORE_N/A_ACTUAL_POS] --(CONTAINS)--> [EVENT_BEFORE_N/A_ACTUAL_POS] | [EVENT_BEFORE_N/A_ACTUAL_POS] --(BEFORE)--> [EVENT_BEFORE_N/A_ACTUAL_POS] | [EVENT_BEFORE_N/A_ACTUAL_POS] --(BEFORE)--> [EVENT_BEFORE_N/A_ACTUAL_POS],D-dimères,CONTAINS,biologie,BEFORE,tomodensitométrie,BEFORE,prise,,,,
13,65,FR100814,[EVENT_BEFORE_N/A_ACTUAL_POS] --(CONTAINS)--> [EVENT_BEFORE_N/A_ACTUAL_POS] | [EVENT_BEFORE_N/A_ACTUAL_POS] --(BEFORE)--> [EVENT_BEFORE_N/A_ACTUAL_POS] | [EVENT_BEFORE_N/A_ACTUAL_POS] --(BEFORE)--> [EVENT_BEFORE_N/A_ACTUAL_POS],neurofibrome,CONTAINS,diagnostic,BEFORE,réséquée,BEFORE,examen,,,,
13,65,FR100826,[EVENT_BEFORE_N/A_ACTUAL_POS] --(CONTAINS)--> [EVENT_BEFORE_N/A_ACTUAL_POS] | [EVENT_BEFORE_N/A_ACTUAL_POS] --(BEFORE)--> [EVENT_BEFORE_N/A_ACTUAL_POS] | [EVENT_BEFORE_N/A_ACTUAL_POS] --(BEFORE)--> [EVENT_BEFORE_N/A_ACTUAL_POS],qualité,CONTAINS,retenue,BEFORE,exploration,BEFORE,suites,,,,
13,65,FR100845,[EVENT_BEFORE_N/A_ACTUAL_POS] --(CONTAINS)--> [EVENT_BEFORE_N/A_ACTUAL_POS] | [EVENT_BEFORE_N/A_ACTUAL_POS] --(BEFORE)--> [EVENT_BEFORE_N/A_ACTUAL_POS] | [EVENT_BEFORE_N/A_ACTUAL_POS] --(BEFORE)--> [EVENT_BEFORE_N/A_ACTUAL_POS],présence,CONTAINS,échographie,BEFORE,radiographie,BEFORE,décision,,,,
13,65,FR100849,[EVENT_BEFORE_N/A_ACTUAL_POS] --(CONTAINS)--> [EVENT_BEFORE_N/A_ACTUAL_POS] | [EVENT_BEFORE_N/A_ACTUAL_POS] --(BEFORE)--> [EVENT_BEFORE_N/A_ACTUAL_POS] | [EVENT_BEFORE_N/A_ACTUAL_POS] --(BEFORE)--> [EVENT_BEFORE_N/A_ACTUAL_POS],appendagite,CONTAINS,tomodensitométrie,BEFORE,acheminé,BEFORE,suites,,,,
13,65,FR100870,[EVENT_BEFORE_N/A_ACTUAL_POS] --(CONTAINS)--> [EVENT_BEFORE_N/A_ACTUAL_POS] | [EVENT_BEFORE_N/A_ACTUAL_POS] --(BEFORE)--> [EVENT_BEFORE_N/A_ACTUAL_POS] | [EVENT_BEFORE_N/A_ACTUAL_POS] --(BEFORE)--> [EVENT_BEFORE_N/A_ACTUAL_POS],éléments,CONTAINS,myélogramme,BEFORE,dosage,BEFORE,dosage,,,,
13,65,FR100874,[EVENT_BEFORE_N/A_ACTUAL_POS] --(CONTAINS)--> [EVENT_BEFORE_N/A_ACTUAL_POS] | [EVENT_BEFORE_N/A_ACTUAL_POS] --(BEFORE)--> [EVENT_BEFORE_N/A_ACTUAL_POS] | [EVENT_BEFORE_N/A_ACTUAL_POS] --(BEFORE)--> [EVENT_BEFORE_N/A_ACTUAL_POS],méléna,CONTAINS,examen,BEFORE,hémogramme,BEFORE,fibroscopie,,,,
13,65,FR100882,[EVENT_BEFORE_N/A_ACTUAL_POS] --(CONTAINS)--> [EVENT_BEFORE_N/A_ACTUAL_POS] | [EVENT_BEFORE_N/A_ACTUAL_POS] --(BEFORE)--> [EVENT_BEFORE_N/A_ACTUAL_POS] | [EVENT_BEFORE_N/A_ACTUAL_POS] --(BEFORE)--> [EVENT_BEFORE_N/A_ACTUAL_POS],hospitalisation,CONTAINS,admise,BEFORE,examen,BEFORE,examen,,,,
13,65,FR100883,[EVENT_BEFORE_N/A_ACTUAL_POS] --(CONTAINS)--> [EVENT_BEFORE_N/A_ACTUAL_POS] | [EVENT_BEFORE_N/A_ACTUAL_POS] --(BEFORE)--> [EVENT_BEFORE_N/A_ACTUAL_POS] | [EVENT_BEFORE_N/A_ACTUAL_POS] --(BEFORE)--> [EVENT_BEFORE_N/A_ACTUAL_POS],prolifération,CONTAINS,biopsie,BEFORE,bilan,BEFORE,sérologie,,,,
13,65,FR100894,[EVENT_BEFORE_N/A_ACTUAL_POS] --(CONTAINS)--> [EVENT_BEFORE_N/A_ACTUAL_POS] | [EVENT_BEFORE_N/A_ACTUAL_POS] --(BEFORE)--> [EVENT_BEFORE_N/A_ACTUAL_POS] | [EVENT_BEFORE_N/A_ACTUAL_POS] --(BEFORE)--> [EVENT_BEFORE_N/A_ACTUAL_POS],désinsertion,CONTAINS,imagerie,BEFORE,prescrit,BEFORE,rejoint,,,,
13,65,FR100903,[EVENT_BEFORE_N/A_ACTUAL_POS] --(CONTAINS)--> [EVENT_BEFORE_N/A_ACTUAL_POS] | [EVENT_BEFORE_N/A_ACTUAL_POS] --(BEFORE)--> [EVENT_BEFORE_N/A_ACTUAL_POS] | [EVENT_BEFORE_N/A_ACTUAL_POS] --(BEFORE)--> [EVENT_BEFORE_N/A_ACTUAL_POS],présence,CONTAINS,IRM,BEFORE,diagnostic,BEFORE,écarté,,,,
13,65,FR100921,[EVENT_BEFORE_N/A_ACTUAL_POS] --(CONTAINS)--> [EVENT_BEFORE_N/A_ACTUAL_POS] | [EVENT_BEFORE_N/A_ACTUAL_POS] --(BEFORE)--> [EVENT_BEFORE_N/A_ACTUAL_POS] | [EVENT_BEFORE_N/A_ACTUAL_POS] --(BEFORE)--> [EVENT_BEFORE_N/A_ACTUAL_POS],douleur,CONTAINS,palpation,BEFORE,imagerie,BEFORE,exérèse,,,,
13,65,FR100946,[EVENT_BEFORE_N/A_ACTUAL_POS] --(CONTAINS)--> [EVENT_BEFORE_N/A_ACTUAL_POS] | [EVENT_BEFORE_N/A_ACTUAL_POS] --(BEFORE)--> [EVENT_BEFORE_N/A_ACTUAL_POS] | [EVENT_BEFORE_N/A_ACTUAL_POS] --(BEFORE)--> [EVENT_BEFORE_N/A_ACTUAL_POS],œdème,CONTAINS,IRM,BEFORE,analyse,BEFORE,mise,,,,
13,65,FR100959,[EVENT_BEFORE_N/A_ACTUAL_POS] --(CONTAINS)--> [EVENT_BEFORE_N/A_ACTUAL_POS] | [EVENT_BEFORE_N/A_ACTUAL_POS] --(BEFORE)--> [EVENT_BEFORE_N/A_ACTUAL_POS] | [EVENT_BEFORE_N/A_ACTUAL_POS] --(BEFORE)--> [EVENT_BEFORE_N/A_ACTUAL_POS],admis,CONTAINS,œsophagoscopie,BEFORE,Transit,BEFORE,notée,,,,
13,65,FR100996,[EVENT_BEFORE_N/A_ACTUAL_POS] --(CONTAINS)--> [EVENT_BEFORE_N/A_ACTUAL_POS] | [EVENT_BEFORE_N/A_ACTUAL_POS] --(BEFORE)--> [EVENT_BEFORE_N/A_ACTUAL_POS] | [EVENT_BEFORE_N/A_ACTUAL_POS] --(BEFORE)--> [EVENT_BEFORE_N/A_ACTUAL_POS],paroi,CONTAINS,injection,BEFORE,retenu,BEFORE,chirurgical,,,,
13,65,FR100998,[EVENT_BEFORE_N/A_ACTUAL_POS] --(CONTAINS)--> [EVENT_BEFORE_N/A_ACTUAL_POS] | [EVENT_BEFORE_N/A_ACTUAL_POS] --(BEFORE)--> [EVENT_BEFORE_N/A_ACTUAL_POS] | [EVENT_BEFORE_N/A_ACTUAL_POS] --(BEFORE)--> [EVENT_BEFORE_N/A_ACTUAL_POS],inflammation,CONTAINS,diagnostic,BEFORE,traitée,BEFORE,bilan,,,,
114,60,FR100003,[EVENT_BEFORE_N/A_ACTUAL_POS] --(BEFORE)--> [EVENT_BEFORE_N/A_ACTUAL_POS] | [EVENT_BEFORE_N/A_ACTUAL_POS] --(BEFORE)--> [EVENT_BEFORE_N/A_ACTUAL_POS] | [EVENT_BEFORE_N/A_ACTUAL_POS] --(BEFORE)--> [EVENT_BEFORE_N/A_ACTUAL_POS],examen,BEFORE,examen,BEFORE,antibiothérapie,BEFORE,bloc,,,,
114,60,FR100092,[EVENT_BEFORE_N/A_ACTUAL_POS] --(BEFORE)--> [EVENT_BEFORE_N/A_ACTUAL_POS] | [EVENT_BEFORE_N/A_ACTUAL_POS] --(BEFORE)--> [EVENT_BEFORE_N/A_ACTUAL_POS] | [EVENT_BEFORE_N/A_ACTUAL_POS] --(BEFORE)--> [EVENT_BEFORE_N/A_ACTUAL_POS],admise,BEFORE,examen,BEFORE,examen,BEFORE,examen,,,,
114,60,FR100120,[EVENT_BEFORE_N/A_ACTUAL_POS] --(BEFORE)--> [EVENT_BEFORE_N/A_ACTUAL_POS] | [EVENT_BEFORE_N/A_ACTUAL_POS] --(BEFORE)--> [EVENT_BEFORE_N/A_ACTUAL_POS] | [EVENT_BEFORE_N/A_ACTUAL_POS] --(BEFORE)--> [EVENT_BEFORE_N/A_ACTUAL_POS],rattaché,BEFORE,traitement,BEFORE,retirées,BEFORE,conclure,,,,
114,60,FR100130,[EVENT_BEFORE_N/A_ACTUAL_POS] --(BEFORE)--> [EVENT_BEFORE_N/A_ACTUAL_POS] | [EVENT_BEFORE_N/A_ACTUAL_POS] --(BEFORE)--> [EVENT_BEFORE_N/A_ACTUAL_POS] | [EVENT_BEFORE_N/A_ACTUAL_POS] --(BEFORE)--> [EVENT_BEFORE_N/A_ACTUAL_POS],séjour,BEFORE,bilan,BEFORE,suspectée,BEFORE,bilan,,,,
114,60,FR100132,[EVENT_BEFORE_N/A_ACTUAL_POS] --(BEFORE)--> [EVENT_BEFORE_N/A_ACTUAL_POS] | [EVENT_BEFORE_N/A_ACTUAL_POS] --(BEFORE)--> [EVENT_BEFORE_N/A_ACTUAL_POS] | [EVENT_BEFORE_N/A_ACTUAL_POS] --(BEFORE)--> [EVENT_BEFORE_N/A_ACTUAL_POS],palpation,BEFORE,histologie,BEFORE,examen,BEFORE,écho-Doppler,,,,
114,60,FR100142,[EVENT_BEFORE_N/A_ACTUAL_POS] --(BEFORE)--> [EVENT_BEFORE_N/A_ACTUAL_POS] | [EVENT_BEFORE_N/A_ACTUAL_POS] --(BEFORE)--> [EVENT_BEFORE_N/A_ACTUAL_POS] | [EVENT_BEFORE_N/A_ACTUAL_POS] --(BEFORE)--> [EVENT_BEFORE_N/A_ACTUAL_POS],fibroscopie,BEFORE,biopsie,BEFORE,mis,BEFORE,évolution,,,,
114,60,FR100161,[EVENT_BEFORE_N/A_ACTUAL_POS] --(BEFORE)--> [EVENT_BEFORE_N/A_ACTUAL_POS] | [EVENT_BEFORE_N/A_ACTUAL_POS] --(BEFORE)--> [EVENT_BEFORE_N/A_ACTUAL_POS] | [EVENT_BEFORE_N/A_ACTUAL_POS] --(BEFORE)--> [EVENT_BEFORE_N/A_ACTUAL_POS],interrogatoire,BEFORE,examen,BEFORE,examens,BEFORE,radiographie,,,,
114,60,FR100168,[EVENT_BEFORE_N/A_ACTUAL_POS] --(BEFORE)--> [EVENT_BEFORE_N/A_ACTUAL_POS] | [EVENT_BEFORE_N/A_ACTUAL_POS] --(BEFORE)--> [EVENT_BEFORE_N/A_ACTUAL_POS] | [EVENT_BEFORE_N/A_ACTUAL_POS] --(BEFORE)--> [EVENT_BEFORE_N/A_ACTUAL_POS],transfusion,BEFORE,bilan,BEFORE,tests,BEFORE,entretien,,,,
114,60,FR100255,[EVENT_BEFORE_N/A_ACTUAL_POS] --(BEFORE)--> [EVENT_BEFORE_N/A_ACTUAL_POS] | [EVENT_BEFORE_N/A_ACTUAL_POS] --(BEFORE)--> [EVENT_BEFORE_N/A_ACTUAL_POS] | [EVENT_BEFORE_N/A_ACTUAL_POS] --(BEFORE)--> [EVENT_BEFORE_N/A_ACTUAL_POS],radio,BEFORE,TDM,BEFORE,bilan,BEFORE,expulsé,,,,
114,60,FR100275,[EVENT_BEFORE_N/A_ACTUAL_POS] --(BEFORE)--> [EVENT_BEFORE_N/A_ACTUAL_POS] | [EVENT_BEFORE_N/A_ACTUAL_POS] --(BEFORE)--> [EVENT_BEFORE_N/A_ACTUAL_POS] | [EVENT_BEFORE_N/A_ACTUAL_POS] --(BEFORE)--> [EVENT_BEFORE_N/A_ACTUAL_POS],découverte,BEFORE,arrivée,BEFORE,établi,BEFORE,manœuvres,,,,
114,60,FR100276,[EVENT_BEFORE_N/A_ACTUAL_POS] --(BEFORE)--> [EVENT_BEFORE_N/A_ACTUAL_POS] | [EVENT_BEFORE_N/A_ACTUAL_POS] --(BEFORE)--> [EVENT_BEFORE_N/A_ACTUAL_POS] | [EVENT_BEFORE_N/A_ACTUAL_POS] --(BEFORE)--> [EVENT_BEFORE_N/A_ACTUAL_POS],accouchement,BEFORE,reste,BEFORE,bilan,BEFORE,régression,,,,
114,60,FR100282,[EVENT_BEFORE_N/A_ACTUAL_POS] --(BEFORE)--> [EVENT_BEFORE_N/A_ACTUAL_POS] | [EVENT_BEFORE_N/A_ACTUAL_POS] --(BEFORE)--> [EVENT_BEFORE_N/A_ACTUAL_POS] | [EVENT_BEFORE_N/A_ACTUAL_POS] --(BEFORE)--> [EVENT_BEFORE_N/A_ACTUAL_POS],examen,BEFORE,électroencéphalogramme,BEFORE,scanner,BEFORE,conclus,,,,
114,60,FR100283,[EVENT_BEFORE_N/A_ACTUAL_POS] --(BEFORE)--> [EVENT_BEFORE_N/A_ACTUAL_POS] | [EVENT_BEFORE_N/A_ACTUAL_POS] --(BEFORE)--> [EVENT_BEFORE_N/A_ACTUAL_POS] | [EVENT_BEFORE_N/A_ACTUAL_POS] --(BEFORE)--> [EVENT_BEFORE_N/A_ACTUAL_POS],IRM,BEFORE,hypophysiogramme,BEFORE,traitement,BEFORE,évolution,,,,
114,60,FR100296,[EVENT_BEFORE_N/A_ACTUAL_POS] --(BEFORE)--> [EVENT_BEFORE_N/A_ACTUAL_POS] | [EVENT_BEFORE_N/A_ACTUAL_POS] --(BEFORE)--> [EVENT_BEFORE_N/A_ACTUAL_POS] | [EVENT_BEFORE_N/A_ACTUAL_POS] --(BEFORE)--> [EVENT_BEFORE_N/A_ACTUAL_POS],IRM,BEFORE,fenestration,BEFORE,suites,BEFORE,exéaté,,,,
114,60,FR100314,[EVENT_BEFORE_N/A_ACTUAL_POS] --(BEFORE)--> [EVENT_BEFORE_N/A_ACTUAL_POS] | [EVENT_BEFORE_N/A_ACTUAL_POS] --(BEFORE)--> [EVENT_BEFORE_N/A_ACTUAL_POS] | [EVENT_BEFORE_N/A_ACTUAL_POS] --(BEFORE)--> [EVENT_BEFORE_N/A_ACTUAL_POS],drainage,BEFORE,angio-scanner,BEFORE,amputation,BEFORE,mise,,,,
114,60,FR100344,[EVENT_BEFORE_N/A_ACTUAL_POS] --(BEFORE)--> [EVENT_BEFORE_N/A_ACTUAL_POS] | [EVENT_BEFORE_N/A_ACTUAL_POS] --(BEFORE)--> [EVENT_BEFORE_N/A_ACTUAL_POS] | [EVENT_BEFORE_N/A_ACTUAL_POS] --(BEFORE)--> [EVENT_BEFORE_N/A_ACTUAL_POS],plainte,BEFORE,examen,BEFORE,césarienne,BEFORE,pesait,,,,
114,60,FR100346,[EVENT_BEFORE_N/A_ACTUAL_POS] --(BEFORE)--> [EVENT_BEFORE_N/A_ACTUAL_POS] | [EVENT_BEFORE_N/A_ACTUAL_POS] --(BEFORE)--> [EVENT_BEFORE_N/A_ACTUAL_POS] | [EVENT_BEFORE_N/A_ACTUAL_POS] --(BEFORE)--> [EVENT_BEFORE_N/A_ACTUAL_POS],IRM,BEFORE,scanner,BEFORE,posé,BEFORE,bilan,,,,
114,60,FR100360,[EVENT_BEFORE_N/A_ACTUAL_POS] --(BEFORE)--> [EVENT_BEFORE_N/A_ACTUAL_POS] | [EVENT_BEFORE_N/A_ACTUAL_POS] --(BEFORE)--> [EVENT_BEFORE_N/A_ACTUAL_POS] | [EVENT_BEFORE_N/A_ACTUAL_POS] --(BEFORE)--> [EVENT_BEFORE_N/A_ACTUAL_POS],complément,BEFORE,biopsie,BEFORE,tomodensitométrie,BEFORE,radiothérapie,,,,
114,60,FR100361,[EVENT_BEFORE_N/A_ACTUAL_POS] --(BEFORE)--> [EVENT_BEFORE_N/A_ACTUAL_POS] | [EVENT_BEFORE_N/A_ACTUAL_POS] --(BEFORE)--> [EVENT_BEFORE_N/A_ACTUAL_POS] | [EVENT_BEFORE_N/A_ACTUAL_POS] --(BEFORE)--> [EVENT_BEFORE_N/A_ACTUAL_POS],TDM,BEFORE,ponction,BEFORE,examen,BEFORE,examen,,,,
114,60,FR100371,[EVENT_BEFORE_N/A_ACTUAL_POS] --(BEFORE)--> [EVENT_BEFORE_N/A_ACTUAL_POS] | [EVENT_BEFORE_N/A_ACTUAL_POS] --(BEFORE)--> [EVENT_BEFORE_N/A_ACTUAL_POS] | [EVENT_BEFORE_N/A_ACTUAL_POS] --(BEFORE)--> [EVENT_BEFORE_N/A_ACTUAL_POS],admission,BEFORE,examen,BEFORE,examen,BEFORE,bilan,,,,
114,60,FR100400,[EVENT_BEFORE_N/A_ACTUAL_POS] --(BEFORE)--> [EVENT_BEFORE_N/A_ACTUAL_POS] | [EVENT_BEFORE_N/A_ACTUAL_POS] --(BEFORE)--> [EVENT_BEFORE_N/A_ACTUAL_POS] | [EVENT_BEFORE_N/A_ACTUAL_POS] --(BEFORE)--> [EVENT_BEFORE_N/A_ACTUAL_POS],diagnostic,BEFORE,exploration,BEFORE,résection,BEFORE,drainage,,,,
114,60,FR100439,[EVENT_BEFORE_N/A_ACTUAL_POS] --(BEFORE)--> [EVENT_BEFORE_N/A_ACTUAL_POS] | [EVENT_BEFORE_N/A_ACTUAL_POS] --(BEFORE)--> [EVENT_BEFORE_N/A_ACTUAL_POS] | [EVENT_BEFORE_N/A_ACTUAL_POS] --(BEFORE)--> [EVENT_BEFORE_N/A_ACTUAL_POS],analyse,BEFORE,demandée,BEFORE,examen,BEFORE,classée,,,,
114,60,FR100448,[EVENT_BEFORE_N/A_ACTUAL_POS] --(BEFORE)--> [EVENT_BEFORE_N/A_ACTUAL_POS] | [EVENT_BEFORE_N/A_ACTUAL_POS] --(BEFORE)--> [EVENT_BEFORE_N/A_ACTUAL_POS] | [EVENT_BEFORE_N/A_ACTUAL_POS] --(BEFORE)--> [EVENT_BEFORE_N/A_ACTUAL_POS],hémi thyroïdectomie,BEFORE,examen,BEFORE,histochimie,BEFORE,scanner,,,,
114,60,FR100480,[EVENT_BEFORE_N/A_ACTUAL_POS] --(BEFORE)--> [EVENT_BEFORE_N/A_ACTUAL_POS] | [EVENT_BEFORE_N/A_ACTUAL_POS] --(BEFORE)--> [EVENT_BEFORE_N/A_ACTUAL_POS] | [EVENT_BEFORE_N/A_ACTUAL_POS] --(BEFORE)--> [EVENT_BEFORE_N/A_ACTUAL_POS],bilan,BEFORE,analyse,BEFORE,amputation,BEFORE,examen,,,,
114,60,FR100515,[EVENT_BEFORE_N/A_ACTUAL_POS] --(BEFORE)--> [EVENT_BEFORE_N/A_ACTUAL_POS] | [EVENT_BEFORE_N/A_ACTUAL_POS] --(BEFORE)--> [EVENT_BEFORE_N/A_ACTUAL_POS] | [EVENT_BEFORE_N/A_ACTUAL_POS] --(BEFORE)--> [EVENT_BEFORE_N/A_ACTUAL_POS],bilan,BEFORE,bilan,BEFORE,prescrits,BEFORE,corticothérapie,,,,
114,60,FR100517,[EVENT_BEFORE_N/A_ACTUAL_POS] --(BEFORE)--> [EVENT_BEFORE_N/A_ACTUAL_POS] | [EVENT_BEFORE_N/A_ACTUAL_POS] --(BEFORE)--> [EVENT_BEFORE_N/A_ACTUAL_POS] | [EVENT_BEFORE_N/A_ACTUAL_POS] --(BEFORE)--> [EVENT_BEFORE_N/A_ACTUAL_POS],examen,BEFORE,bilan,BEFORE,électromyogramme,BEFORE,bilan,,,,
114,60,FR100519,[EVENT_BEFORE_N/A_ACTUAL_POS] --(BEFORE)--> [EVENT_BEFORE_N/A_ACTUAL_POS] | [EVENT_BEFORE_N/A_ACTUAL_POS] --(BEFORE)--> [EVENT_BEFORE_N/A_ACTUAL_POS] | [EVENT_BEFORE_N/A_ACTUAL_POS] --(BEFORE)--> [EVENT_BEFORE_N/A_ACTUAL_POS],hospitalisée,BEFORE,entrée,BEFORE,bilan,BEFORE,angioscanner,,,,
114,60,FR100579,[EVENT_BEFORE_N/A_ACTUAL_POS] --(BEFORE)--> [EVENT_BEFORE_N/A_ACTUAL_POS] | [EVENT_BEFORE_N/A_ACTUAL_POS] --(BEFORE)--> [EVENT_BEFORE_N/A_ACTUAL_POS] | [EVENT_BEFORE_N/A_ACTUAL_POS] --(BEFORE)--> [EVENT_BEFORE_N/A_ACTUAL_POS],radiographie,BEFORE,échocardiographie,BEFORE,angio-scanner,BEFORE,imagerie,,,,
114,60,FR100589,[EVENT_BEFORE_N/A_ACTUAL_POS] --(BEFORE)--> [EVENT_BEFORE_N/A_ACTUAL_POS] | [EVENT_BEFORE_N/A_ACTUAL_POS] --(BEFORE)--> [EVENT_BEFORE_N/A_ACTUAL_POS] | [EVENT_BEFORE_N/A_ACTUAL_POS] --(BEFORE)--> [EVENT_BEFORE_N/A_ACTUAL_POS],reste,BEFORE,radiographie,BEFORE,tomodensitométrie,BEFORE,discuté,,,,
114,60,FR100597,[EVENT_BEFORE_N/A_ACTUAL_POS] --(BEFORE)--> [EVENT_BEFORE_N/A_ACTUAL_POS] | [EVENT_BEFORE_N/A_ACTUAL_POS] --(BEFORE)--> [EVENT_BEFORE_N/A_ACTUAL_POS] | [EVENT_BEFORE_N/A_ACTUAL_POS] --(BEFORE)--> [EVENT_BEFORE_N/A_ACTUAL_POS],marqueurs,BEFORE,décidée,BEFORE,laparotomie,BEFORE,hystérectomie,,,,
114,60,FR100611,[EVENT_BEFORE_N/A_ACTUAL_POS] --(BEFORE)--> [EVENT_BEFORE_N/A_ACTUAL_POS] | [EVENT_BEFORE_N/A_ACTUAL_POS] --(BEFORE)--> [EVENT_BEFORE_N/A_ACTUAL_POS] | [EVENT_BEFORE_N/A_ACTUAL_POS] --(BEFORE)--> [EVENT_BEFORE_N/A_ACTUAL_POS],examen,BEFORE,IRM,BEFORE,étude,BEFORE,examen,,,,
114,60,FR100614,[EVENT_BEFORE_N/A_ACTUAL_POS] --(BEFORE)--> [EVENT_BEFORE_N/A_ACTUAL_POS] | [EVENT_BEFORE_N/A_ACTUAL_POS] --(BEFORE)--> [EVENT_BEFORE_N/A_ACTUAL_POS] | [EVENT_BEFORE_N/A_ACTUAL_POS] --(BEFORE)--> [EVENT_BEFORE_N/A_ACTUAL_POS],examen,BEFORE,échographique,BEFORE,tomodensitométrie,BEFORE,radiographie,,,,
114,60,FR100620,[EVENT_BEFORE_N/A_ACTUAL_POS] --(BEFORE)--> [EVENT_BEFORE_N/A_ACTUAL_POS] | [EVENT_BEFORE_N/A_ACTUAL_POS] --(BEFORE)--> [EVENT_BEFORE_N/A_ACTUAL_POS] | [EVENT_BEFORE_N/A_ACTUAL_POS] --(BEFORE)--> [EVENT_BEFORE_N/A_ACTUAL_POS],bilan,BEFORE,bilan,BEFORE,bilan,BEFORE,évolution,,,,
114,60,FR100623,[EVENT_BEFORE_N/A_ACTUAL_POS] --(BEFORE)--> [EVENT_BEFORE_N/A_ACTUAL_POS] | [EVENT_BEFORE_N/A_ACTUAL_POS] --(BEFORE)--> [EVENT_BEFORE_N/A_ACTUAL_POS] | [EVENT_BEFORE_N/A_ACTUAL_POS] --(BEFORE)--> [EVENT_BEFORE_N/A_ACTUAL_POS],examen,BEFORE,échographie,BEFORE,tomodensitométrie,BEFORE,retenu,,,,
114,60,FR100629,[EVENT_BEFORE_N/A_ACTUAL_POS] --(BEFORE)--> [EVENT_BEFORE_N/A_ACTUAL_POS] | [EVENT_BEFORE_N/A_ACTUAL_POS] --(BEFORE)--> [EVENT_BEFORE_N/A_ACTUAL_POS] | [EVENT_BEFORE_N/A_ACTUAL_POS] --(BEFORE)--> [EVENT_BEFORE_N/A_ACTUAL_POS],radiographie,BEFORE,thoracoscopie,BEFORE,marquage,BEFORE,bilan,,,,
114,60,FR100632,[EVENT_BEFORE_N/A_ACTUAL_POS] --(BEFORE)--> [EVENT_BEFORE_N/A_ACTUAL_POS] | [EVENT_BEFORE_N/A_ACTUAL_POS] --(BEFORE)--> [EVENT_BEFORE_N/A_ACTUAL_POS] | [EVENT_BEFORE_N/A_ACTUAL_POS] --(BEFORE)--> [EVENT_BEFORE_N/A_ACTUAL_POS],radiographie,BEFORE,examen,BEFORE,sérologie,BEFORE,diagnostic,,,,
114,60,FR100663,[EVENT_BEFORE_N/A_ACTUAL_POS] --(BEFORE)--> [EVENT_BEFORE_N/A_ACTUAL_POS] | [EVENT_BEFORE_N/A_ACTUAL_POS] --(BEFORE)--> [EVENT_BEFORE_N/A_ACTUAL_POS] | [EVENT_BEFORE_N/A_ACTUAL_POS] --(BEFORE)--> [EVENT_BEFORE_N/A_ACTUAL_POS],examen,BEFORE,examen,BEFORE,échographie,BEFORE,taux,,,,
114,60,FR100666,[EVENT_BEFORE_N/A_ACTUAL_POS] --(BEFORE)--> [EVENT_BEFORE_N/A_ACTUAL_POS] | [EVENT_BEFORE_N/A_ACTUAL_POS] --(BEFORE)--> [EVENT_BEFORE_N/A_ACTUAL_POS] | [EVENT_BEFORE_N/A_ACTUAL_POS] --(BEFORE)--> [EVENT_BEFORE_N/A_ACTUAL_POS],examen,BEFORE,examen,BEFORE,palpation,BEFORE,radiographie,,,,
114,60,FR100683,[EVENT_BEFORE_N/A_ACTUAL_POS] --(BEFORE)--> [EVENT_BEFORE_N/A_ACTUAL_POS] | [EVENT_BEFORE_N/A_ACTUAL_POS] --(BEFORE)--> [EVENT_BEFORE_N/A_ACTUAL_POS] | [EVENT_BEFORE_N/A_ACTUAL_POS] --(BEFORE)--> [EVENT_BEFORE_N/A_ACTUAL_POS],exploration,BEFORE,IRM,BEFORE,écho-mammographie,BEFORE,osteodensitométrie,,,,
114,60,FR100688,[EVENT_BEFORE_N/A_ACTUAL_POS] --(BEFORE)--> [EVENT_BEFORE_N/A_ACTUAL_POS] | [EVENT_BEFORE_N/A_ACTUAL_POS] --(BEFORE)--> [EVENT_BEFORE_N/A_ACTUAL_POS] | [EVENT_BEFORE_N/A_ACTUAL_POS] --(BEFORE)--> [EVENT_BEFORE_N/A_ACTUAL_POS],échographie,BEFORE,radiographie,BEFORE,incision,BEFORE,analyse,,,,
114,60,FR100689,[EVENT_BEFORE_N/A_ACTUAL_POS] --(BEFORE)--> [EVENT_BEFORE_N/A_ACTUAL_POS] | [EVENT_BEFORE_N/A_ACTUAL_POS] --(BEFORE)--> [EVENT_BEFORE_N/A_ACTUAL_POS] | [EVENT_BEFORE_N/A_ACTUAL_POS] --(BEFORE)--> [EVENT_BEFORE_N/A_ACTUAL_POS],PCR,BEFORE,scanner,BEFORE,hémogramme,BEFORE,ionogramme,,,,
114,60,FR100697,[EVENT_BEFORE_N/A_ACTUAL_POS] --(BEFORE)--> [EVENT_BEFORE_N/A_ACTUAL_POS] | [EVENT_BEFORE_N/A_ACTUAL_POS] --(BEFORE)--> [EVENT_BEFORE_N/A_ACTUAL_POS] | [EVENT_BEFORE_N/A_ACTUAL_POS] --(BEFORE)--> [EVENT_BEFORE_N/A_ACTUAL_POS],palpation,BEFORE,examen,BEFORE,mammographie,BEFORE,échographie,,,,
114,60,FR100708,[EVENT_BEFORE_N/A_ACTUAL_POS] --(BEFORE)--> [EVENT_BEFORE_N/A_ACTUAL_POS] | [EVENT_BEFORE_N/A_ACTUAL_POS] --(BEFORE)--> [EVENT_BEFORE_N/A_ACTUAL_POS] | [EVENT_BEFORE_N/A_ACTUAL_POS] --(BEFORE)--> [EVENT_BEFORE_N/A_ACTUAL_POS],mammographie,BEFORE,échographie,BEFORE,ponction,BEFORE,étude,,,,
114,60,FR100717,[EVENT_BEFORE_N/A_ACTUAL_POS] --(BEFORE)--> [EVENT_BEFORE_N/A_ACTUAL_POS] | [EVENT_BEFORE_N/A_ACTUAL_POS] --(BEFORE)--> [EVENT_BEFORE_N/A_ACTUAL_POS] | [EVENT_BEFORE_N/A_ACTUAL_POS] --(BEFORE)--> [EVENT_BEFORE_N/A_ACTUAL_POS],examens,BEFORE,scanner,BEFORE,IRM,BEFORE,laminectomie,,,,
114,60,FR100748,[EVENT_BEFORE_N/A_ACTUAL_POS] --(BEFORE)--> [EVENT_BEFORE_N/A_ACTUAL_POS] | [EVENT_BEFORE_N/A_ACTUAL_POS] --(BEFORE)--> [EVENT_BEFORE_N/A_ACTUAL_POS] | [EVENT_BEFORE_N/A_ACTUAL_POS] --(BEFORE)--> [EVENT_BEFORE_N/A_ACTUAL_POS],suites,BEFORE,transférée,BEFORE,regagné,BEFORE,recul,,,,
114,60,FR100780,[EVENT_BEFORE_N/A_ACTUAL_POS] --(BEFORE)--> [EVENT_BEFORE_N/A_ACTUAL_POS] | [EVENT_BEFORE_N/A_ACTUAL_POS] --(BEFORE)--> [EVENT_BEFORE_N/A_ACTUAL_POS] | [EVENT_BEFORE_N/A_ACTUAL_POS] --(BEFORE)--> [EVENT_BEFORE_N/A_ACTUAL_POS],admise,BEFORE,examen,BEFORE,toucher,BEFORE,échographie,,,,
114,60,FR100806,[EVENT_BEFORE_N/A_ACTUAL_POS] --(BEFORE)--> [EVENT_BEFORE_N/A_ACTUAL_POS] | [EVENT_BEFORE_N/A_ACTUAL_POS] --(BEFORE)--> [EVENT_BEFORE_N/A_ACTUAL_POS] | [EVENT_BEFORE_N/A_ACTUAL_POS] --(BEFORE)--> [EVENT_BEFORE_N/A_ACTUAL_POS],référée,BEFORE,examen,BEFORE,biologie,BEFORE,hospitalisée,,,,
114,60,FR100814,[EVENT_BEFORE_N/A_ACTUAL_POS] --(BEFORE)--> [EVENT_BEFORE_N/A_ACTUAL_POS] | [EVENT_BEFORE_N/A_ACTUAL_POS] --(BEFORE)--> [EVENT_BEFORE_N/A_ACTUAL_POS] | [EVENT_BEFORE_N/A_ACTUAL_POS] --(BEFORE)--> [EVENT_BEFORE_N/A_ACTUAL_POS],IRM,BEFORE,diagnostic,BEFORE,réséquée,BEFORE,examen,,,,
114,60,FR100826,[EVENT_BEFORE_N/A_ACTUAL_POS] --(BEFORE)--> [EVENT_BEFORE_N/A_ACTUAL_POS] | [EVENT_BEFORE_N/A_ACTUAL_POS] --(BEFORE)--> [EVENT_BEFORE_N/A_ACTUAL_POS] | [EVENT_BEFORE_N/A_ACTUAL_POS] --(BEFORE)--> [EVENT_BEFORE_N/A_ACTUAL_POS],admis,BEFORE,examen,BEFORE,bilan,BEFORE,bilan,,,,
114,60,FR100845,[EVENT_BEFORE_N/A_ACTUAL_POS] --(BEFORE)--> [EVENT_BEFORE_N/A_ACTUAL_POS] | [EVENT_BEFORE_N/A_ACTUAL_POS] --(BEFORE)--> [EVENT_BEFORE_N/A_ACTUAL_POS] | [EVENT_BEFORE_N/A_ACTUAL_POS] --(BEFORE)--> [EVENT_BEFORE_N/A_ACTUAL_POS],décision,BEFORE,extraction,BEFORE,examen,BEFORE,examinés,,,,
114,60,FR100849,[EVENT_BEFORE_N/A_ACTUAL_POS] --(BEFORE)--> [EVENT_BEFORE_N/A_ACTUAL_POS] | [EVENT_BEFORE_N/A_ACTUAL_POS] --(BEFORE)--> [EVENT_BEFORE_N/A_ACTUAL_POS] | [EVENT_BEFORE_N/A_ACTUAL_POS] --(BEFORE)--> [EVENT_BEFORE_N/A_ACTUAL_POS],admission,BEFORE,tomodensitométrie,BEFORE,acheminé,BEFORE,suites,,,,
114,60,FR100870,[EVENT_BEFORE_N/A_ACTUAL_POS] --(BEFORE)--> [EVENT_BEFORE_N/A_ACTUAL_POS] | [EVENT_BEFORE_N/A_ACTUAL_POS] --(BEFORE)--> [EVENT_BEFORE_N/A_ACTUAL_POS] | [EVENT_BEFORE_N/A_ACTUAL_POS] --(BEFORE)--> [EVENT_BEFORE_N/A_ACTUAL_POS],imagerie,BEFORE,hémogramme,BEFORE,bilan,BEFORE,IRM,,,,
114,60,FR100874,[EVENT_BEFORE_N/A_ACTUAL_POS] --(BEFORE)--> [EVENT_BEFORE_N/A_ACTUAL_POS] | [EVENT_BEFORE_N/A_ACTUAL_POS] --(BEFORE)--> [EVENT_BEFORE_N/A_ACTUAL_POS] | [EVENT_BEFORE_N/A_ACTUAL_POS] --(BEFORE)--> [EVENT_BEFORE_N/A_ACTUAL_POS],tomodensitométrie,BEFORE,retenu,BEFORE,mise,BEFORE,diverticulectomie,,,,
114,60,FR100882,[EVENT_BEFORE_N/A_ACTUAL_POS] --(BEFORE)--> [EVENT_BEFORE_N/A_ACTUAL_POS] | [EVENT_BEFORE_N/A_ACTUAL_POS] --(BEFORE)--> [EVENT_BEFORE_N/A_ACTUAL_POS] | [EVENT_BEFORE_N/A_ACTUAL_POS] --(BEFORE)--> [EVENT_BEFORE_N/A_ACTUAL_POS],scanner,BEFORE,laminectomie,BEFORE,Imagerie,BEFORE,bilan,,,,
114,60,FR100883,[EVENT_BEFORE_N/A_ACTUAL_POS] --(BEFORE)--> [EVENT_BEFORE_N/A_ACTUAL_POS] | [EVENT_BEFORE_N/A_ACTUAL_POS] --(BEFORE)--> [EVENT_BEFORE_N/A_ACTUAL_POS] | [EVENT_BEFORE_N/A_ACTUAL_POS] --(BEFORE)--> [EVENT_BEFORE_N/A_ACTUAL_POS],TDM,BEFORE,biopsie,BEFORE,bilan,BEFORE,sérologie,,,,
114,60,FR100894,[EVENT_BEFORE_N/A_ACTUAL_POS] --(BEFORE)--> [EVENT_BEFORE_N/A_ACTUAL_POS] | [EVENT_BEFORE_N/A_ACTUAL_POS] --(BEFORE)--> [EVENT_BEFORE_N/A_ACTUAL_POS] | [EVENT_BEFORE_N/A_ACTUAL_POS] --(BEFORE)--> [EVENT_BEFORE_N/A_ACTUAL_POS],imagerie,BEFORE,prescrit,BEFORE,rejoint,BEFORE,reçu,,,,
114,60,FR100903,[EVENT_BEFORE_N/A_ACTUAL_POS] --(BEFORE)--> [EVENT_BEFORE_N/A_ACTUAL_POS] | [EVENT_BEFORE_N/A_ACTUAL_POS] --(BEFORE)--> [EVENT_BEFORE_N/A_ACTUAL_POS] | [EVENT_BEFORE_N/A_ACTUAL_POS] --(BEFORE)--> [EVENT_BEFORE_N/A_ACTUAL_POS],écarté,BEFORE,contrôles,BEFORE,accouchement,BEFORE,décédé,,,,
114,60,FR100946,[EVENT_BEFORE_N/A_ACTUAL_POS] --(BEFORE)--> [EVENT_BEFORE_N/A_ACTUAL_POS] | [EVENT_BEFORE_N/A_ACTUAL_POS] --(BEFORE)--> [EVENT_BEFORE_N/A_ACTUAL_POS] | [EVENT_BEFORE_N/A_ACTUAL_POS] --(BEFORE)--> [EVENT_BEFORE_N/A_ACTUAL_POS],examen,BEFORE,IRM,BEFORE,analyse,BEFORE,mise,,,,
114,60,FR100996,[EVENT_BEFORE_N/A_ACTUAL_POS] --(BEFORE)--> [EVENT_BEFORE_N/A_ACTUAL_POS] | [EVENT_BEFORE_N/A_ACTUAL_POS] --(BEFORE)--> [EVENT_BEFORE_N/A_ACTUAL_POS] | [EVENT_BEFORE_N/A_ACTUAL_POS] --(BEFORE)--> [EVENT_BEFORE_N/A_ACTUAL_POS],injection,BEFORE,retenu,BEFORE,chirurgical,BEFORE,suites,,,,
114,60,FR100998,[EVENT_BEFORE_N/A_ACTUAL_POS] --(BEFORE)--> [EVENT_BEFORE_N/A_ACTUAL_POS] | [EVENT_BEFORE_N/A_ACTUAL_POS] --(BEFORE)--> [EVENT_BEFORE_N/A_ACTUAL_POS] | [EVENT_BEFORE_N/A_ACTUAL_POS] --(BEFORE)--> [EVENT_BEFORE_N/A_ACTUAL_POS],test,BEFORE,diagnostic,BEFORE,traitée,BEFORE,bilan,,,,
0,58,FR100003,[EVENT_BEFORE_N/A_ACTUAL_POS] --(CONTAINS)--> [EVENT_BEFORE_N/A_ACTUAL_POS] | [EVENT_BEFORE_N/A_ACTUAL_POS] --(CONTAINS)--> [EVENT_BEFORE_N/A_ACTUAL_POS],bloc,CONTAINS,thoracotomie,[RETOUR],bloc,CONTAINS,drainé,,,,
0,58,FR100078,[EVENT_BEFORE_N/A_ACTUAL_POS] --(CONTAINS)--> [EVENT_BEFORE_N/A_ACTUAL_POS] | [EVENT_BEFORE_N/A_ACTUAL_POS] --(CONTAINS)--> [EVENT_BEFORE_N/A_ACTUAL_POS],signes,CONTAINS,C-réactive,[RETOUR],signes,CONTAINS,diagnostic,,,,
0,58,FR100092,[EVENT_BEFORE_N/A_ACTUAL_POS] --(CONTAINS)--> [EVENT_BEFORE_N/A_ACTUAL_POS] | [EVENT_BEFORE_N/A_ACTUAL_POS] --(CONTAINS)--> [EVENT_BEFORE_N/A_ACTUAL_POS],examen,CONTAINS,tension,[RETOUR],examen,CONTAINS,fréquence,,,,
0,58,FR100130,[EVENT_BEFORE_N/A_ACTUAL_POS] --(CONTAINS)--> [EVENT_BEFORE_N/A_ACTUAL_POS] | [EVENT_BEFORE_N/A_ACTUAL_POS] --(CONTAINS)--> [EVENT_BEFORE_N/A_ACTUAL_POS],activité,CONTAINS,décharges,[RETOUR],activité,CONTAINS,électromyogramme,,,,
0,58,FR100132,[EVENT_BEFORE_N/A_ACTUAL_POS] --(CONTAINS)--> [EVENT_BEFORE_N/A_ACTUAL_POS] | [EVENT_BEFORE_N/A_ACTUAL_POS] --(CONTAINS)--> [EVENT_BEFORE_N/A_ACTUAL_POS],examen,CONTAINS,angiographie,[RETOUR],examen,CONTAINS,tension,,,,
0,58,FR100161,[EVENT_BEFORE_N/A_ACTUAL_POS] --(CONTAINS)--> [EVENT_BEFORE_N/A_ACTUAL_POS] | [EVENT_BEFORE_N/A_ACTUAL_POS] --(CONTAINS)--> [EVENT_BEFORE_N/A_ACTUAL_POS],génotype,CONTAINS,Acti tests,[RETOUR],génotype,CONTAINS,Fibro,,,,
0,58,FR100168,[EVENT_BEFORE_N/A_ACTUAL_POS] --(CONTAINS)--> [EVENT_BEFORE_N/A_ACTUAL_POS] | [EVENT_BEFORE_N/A_ACTUAL_POS] --(CONTAINS)--> [EVENT_BEFORE_N/A_ACTUAL_POS],circonstances,CONTAINS,pression,[RETOUR],circonstances,CONTAINS,technique,,,,
0,58,FR100185,[EVENT_BEFORE_N/A_ACTUAL_POS] --(CONTAINS)--> [EVENT_BEFORE_N/A_ACTUAL_POS] | [EVENT_BEFORE_N/A_ACTUAL_POS] --(CONTAINS)--> [EVENT_BEFORE_N/A_ACTUAL_POS],accuse,CONTAINS,Electromyogramme,[RETOUR],accuse,CONTAINS,examen,,,,
0,58,FR100255,[EVENT_BEFORE_N/A_ACTUAL_POS] --(CONTAINS)--> [EVENT_BEFORE_N/A_ACTUAL_POS] | [EVENT_BEFORE_N/A_ACTUAL_POS] --(CONTAINS)--> [EVENT_BEFORE_N/A_ACTUAL_POS],bilan,CONTAINS,bilan,[RETOUR],bilan,CONTAINS,TP,,,,
0,58,FR100275,[EVENT_BEFORE_N/A_ACTUAL_POS] --(CONTAINS)--> [EVENT_BEFORE_N/A_ACTUAL_POS] | [EVENT_BEFORE_N/A_ACTUAL_POS] --(CONTAINS)--> [EVENT_BEFORE_N/A_ACTUAL_POS],examen,CONTAINS,pression,[RETOUR],examen,CONTAINS,température,,,,
0,58,FR100276,[EVENT_BEFORE_N/A_ACTUAL_POS] --(CONTAINS)--> [EVENT_BEFORE_N/A_ACTUAL_POS] | [EVENT_BEFORE_N/A_ACTUAL_POS] --(CONTAINS)--> [EVENT_BEFORE_N/A_ACTUAL_POS],bilan,CONTAINS,protéinurie,[RETOUR],bilan,CONTAINS,bilans,,,,
0,58,FR100283,[EVENT_BEFORE_N/A_ACTUAL_POS] --(CONTAINS)--> [EVENT_BEFORE_N/A_ACTUAL_POS] | [EVENT_BEFORE_N/A_ACTUAL_POS] --(CONTAINS)--> [EVENT_BEFORE_N/A_ACTUAL_POS],traitement,CONTAINS,opothérapie,[RETOUR],traitement,CONTAINS,antibiothérapie,,,,
0,58,FR100296,[EVENT_BEFORE_N/A_ACTUAL_POS] --(CONTAINS)--> [EVENT_BEFORE_N/A_ACTUAL_POS] | [EVENT_BEFORE_N/A_ACTUAL_POS] --(CONTAINS)--> [EVENT_BEFORE_N/A_ACTUAL_POS],fenestration,CONTAINS,geste,[RETOUR],fenestration,CONTAINS,ablation,,,,
0,58,FR100344,[EVENT_BEFORE_N/A_ACTUAL_POS] --(CONTAINS)--> [EVENT_BEFORE_N/A_ACTUAL_POS] | [EVENT_BEFORE_N/A_ACTUAL_POS] --(CONTAINS)--> [EVENT_BEFORE_N/A_ACTUAL_POS],césarienne,CONTAINS,extraction,[RETOUR],césarienne,CONTAINS,laissé,,,,
0,58,FR100346,[EVENT_BEFORE_N/A_ACTUAL_POS] --(CONTAINS)--> [EVENT_BEFORE_N/A_ACTUAL_POS] | [EVENT_BEFORE_N/A_ACTUAL_POS] --(CONTAINS)--> [EVENT_BEFORE_N/A_ACTUAL_POS],enquête,CONTAINS,réalisé,[RETOUR],enquête,CONTAINS,bilan,,,,
0,58,FR100360,[EVENT_BEFORE_N/A_ACTUAL_POS] --(CONTAINS)--> [EVENT_BEFORE_N/A_ACTUAL_POS] | [EVENT_BEFORE_N/A_ACTUAL_POS] --(CONTAINS)--> [EVENT_BEFORE_N/A_ACTUAL_POS],adénocarcinome,CONTAINS,hysteroscopie,[RETOUR],adénocarcinome,CONTAINS,traitée,,,,
0,58,FR100361,[EVENT_BEFORE_N/A_ACTUAL_POS] --(CONTAINS)--> [EVENT_BEFORE_N/A_ACTUAL_POS] | [EVENT_BEFORE_N/A_ACTUAL_POS] --(CONTAINS)--> [EVENT_BEFORE_N/A_ACTUAL_POS],antécédent,CONTAINS,céphalées,[RETOUR],antécédent,CONTAINS,écoulement,,,,
0,58,FR100371,[EVENT_BEFORE_N/A_ACTUAL_POS] --(CONTAINS)--> [EVENT_BEFORE_N/A_ACTUAL_POS] | [EVENT_BEFORE_N/A_ACTUAL_POS] --(CONTAINS)--> [EVENT_BEFORE_N/A_ACTUAL_POS],tumeur,CONTAINS,anamnèse,[RETOUR],tumeur,CONTAINS,exérèse,,,,
0,58,FR100400,[EVENT_BEFORE_N/A_ACTUAL_POS] --(CONTAINS)--> [EVENT_BEFORE_N/A_ACTUAL_POS] | [EVENT_BEFORE_N/A_ACTUAL_POS] --(CONTAINS)--> [EVENT_BEFORE_N/A_ACTUAL_POS],suivie,CONTAINS,consultation,[RETOUR],suivie,CONTAINS,contrôles,,,,
0,58,FR100439,[EVENT_BEFORE_N/A_ACTUAL_POS] --(CONTAINS)--> [EVENT_BEFORE_N/A_ACTUAL_POS] | [EVENT_BEFORE_N/A_ACTUAL_POS] --(CONTAINS)--> [EVENT_BEFORE_N/A_ACTUAL_POS],obstruction,CONTAINS,examen,[RETOUR],obstruction,CONTAINS,voix,,,,
0,58,FR100453,[EVENT_BEFORE_N/A_ACTUAL_POS] --(CONTAINS)--> [EVENT_BEFORE_N/A_ACTUAL_POS] | [EVENT_BEFORE_N/A_ACTUAL_POS] --(CONTAINS)--> [EVENT_BEFORE_N/A_ACTUAL_POS],développement,CONTAINS,examen,[RETOUR],développement,CONTAINS,examen,,,,
0,58,FR100510,[EVENT_BEFORE_N/A_ACTUAL_POS] --(CONTAINS)--> [EVENT_BEFORE_N/A_ACTUAL_POS] | [EVENT_BEFORE_N/A_ACTUAL_POS] --(CONTAINS)--> [EVENT_BEFORE_N/A_ACTUAL_POS],lésion,CONTAINS,examen,[RETOUR],lésion,CONTAINS,dépôts,,,,
0,58,FR100515,[EVENT_BEFORE_N/A_ACTUAL_POS] --(CONTAINS)--> [EVENT_BEFORE_N/A_ACTUAL_POS] | [EVENT_BEFORE_N/A_ACTUAL_POS] --(CONTAINS)--> [EVENT_BEFORE_N/A_ACTUAL_POS],bilan,CONTAINS,recherche,[RETOUR],bilan,CONTAINS,scanner,,,,
0,58,FR100517,[EVENT_BEFORE_N/A_ACTUAL_POS] --(CONTAINS)--> [EVENT_BEFORE_N/A_ACTUAL_POS] | [EVENT_BEFORE_N/A_ACTUAL_POS] --(CONTAINS)--> [EVENT_BEFORE_N/A_ACTUAL_POS],traitement,CONTAINS,nivaquine,[RETOUR],traitement,CONTAINS,corticothérapie,,,,
0,58,FR100519,[EVENT_BEFORE_N/A_ACTUAL_POS] --(CONTAINS)--> [EVENT_BEFORE_N/A_ACTUAL_POS] | [EVENT_BEFORE_N/A_ACTUAL_POS] --(CONTAINS)--> [EVENT_BEFORE_N/A_ACTUAL_POS],évolution,CONTAINS,tuméfaction,[RETOUR],évolution,CONTAINS,immobilisation,,,,
0,58,FR100579,[EVENT_BEFORE_N/A_ACTUAL_POS] --(CONTAINS)--> [EVENT_BEFORE_N/A_ACTUAL_POS] | [EVENT_BEFORE_N/A_ACTUAL_POS] --(CONTAINS)--> [EVENT_BEFORE_N/A_ACTUAL_POS],processus,CONTAINS,imagerie,[RETOUR],processus,CONTAINS,échocardiographie,,,,
0,58,FR100589,[EVENT_BEFORE_N/A_ACTUAL_POS] --(CONTAINS)--> [EVENT_BEFORE_N/A_ACTUAL_POS] | [EVENT_BEFORE_N/A_ACTUAL_POS] --(CONTAINS)--> [EVENT_BEFORE_N/A_ACTUAL_POS],bilan,CONTAINS,myélogramme,[RETOUR],bilan,CONTAINS,sérologies,,,,
0,58,FR100597,[EVENT_BEFORE_N/A_ACTUAL_POS] --(CONTAINS)--> [EVENT_BEFORE_N/A_ACTUAL_POS] | [EVENT_BEFORE_N/A_ACTUAL_POS] --(CONTAINS)--> [EVENT_BEFORE_N/A_ACTUAL_POS],hystérectomie,CONTAINS,annexectomie,[RETOUR],hystérectomie,CONTAINS,exérèse,,,,
0,58,FR100611,[EVENT_BEFORE_N/A_ACTUAL_POS] --(CONTAINS)--> [EVENT_BEFORE_N/A_ACTUAL_POS] | [EVENT_BEFORE_N/A_ACTUAL_POS] --(CONTAINS)--> [EVENT_BEFORE_N/A_ACTUAL_POS],traitement,CONTAINS,bithérapie,[RETOUR],traitement,CONTAINS,corticothérapie,,,,
0,58,FR100620,[EVENT_BEFORE_N/A_ACTUAL_POS] --(CONTAINS)--> [EVENT_BEFORE_N/A_ACTUAL_POS] | [EVENT_BEFORE_N/A_ACTUAL_POS] --(CONTAINS)--> [EVENT_BEFORE_N/A_ACTUAL_POS],bilan,CONTAINS,pléthysmographie,[RETOUR],bilan,CONTAINS,TM6M,,,,
0,58,FR100629,[EVENT_BEFORE_N/A_ACTUAL_POS] --(CONTAINS)--> [EVENT_BEFORE_N/A_ACTUAL_POS] | [EVENT_BEFORE_N/A_ACTUAL_POS] --(CONTAINS)--> [EVENT_BEFORE_N/A_ACTUAL_POS],thoracoscopie,CONTAINS,immuno histochimie,[RETOUR],thoracoscopie,CONTAINS,biopsie,,,,
0,58,FR100632,[EVENT_BEFORE_N/A_ACTUAL_POS] --(CONTAINS)--> [EVENT_BEFORE_N/A_ACTUAL_POS] | [EVENT_BEFORE_N/A_ACTUAL_POS] --(CONTAINS)--> [EVENT_BEFORE_N/A_ACTUAL_POS],étude,CONTAINS,culture,[RETOUR],étude,CONTAINS,recherche,,,,
0,58,FR100658,[EVENT_BEFORE_N/A_ACTUAL_POS] --(CONTAINS)--> [EVENT_BEFORE_N/A_ACTUAL_POS] | [EVENT_BEFORE_N/A_ACTUAL_POS] --(CONTAINS)--> [EVENT_BEFORE_N/A_ACTUAL_POS],examens,CONTAINS,numération,[RETOUR],examens,CONTAINS,bilan,,,,
0,58,FR100663,[EVENT_BEFORE_N/A_ACTUAL_POS] --(CONTAINS)--> [EVENT_BEFORE_N/A_ACTUAL_POS] | [EVENT_BEFORE_N/A_ACTUAL_POS] --(CONTAINS)--> [EVENT_BEFORE_N/A_ACTUAL_POS],grossesse,CONTAINS,examen,[RETOUR],grossesse,CONTAINS,consultation,,,,
0,58,FR100666,[EVENT_BEFORE_N/A_ACTUAL_POS] --(CONTAINS)--> [EVENT_BEFORE_N/A_ACTUAL_POS] | [EVENT_BEFORE_N/A_ACTUAL_POS] --(CONTAINS)--> [EVENT_BEFORE_N/A_ACTUAL_POS],polychimiothérapie,CONTAINS,COP,[RETOUR],polychimiothérapie,CONTAINS,radiothérapie,,,,
0,58,FR100683,[EVENT_BEFORE_N/A_ACTUAL_POS] --(CONTAINS)--> [EVENT_BEFORE_N/A_ACTUAL_POS] | [EVENT_BEFORE_N/A_ACTUAL_POS] --(CONTAINS)--> [EVENT_BEFORE_N/A_ACTUAL_POS],antécédents,CONTAINS,grossesses,[RETOUR],antécédents,CONTAINS,diabète,,,,
0,58,FR100688,[EVENT_BEFORE_N/A_ACTUAL_POS] --(CONTAINS)--> [EVENT_BEFORE_N/A_ACTUAL_POS] | [EVENT_BEFORE_N/A_ACTUAL_POS] --(CONTAINS)--> [EVENT_BEFORE_N/A_ACTUAL_POS],évolution,CONTAINS,amélioration,[RETOUR],évolution,CONTAINS,disparition,,,,
0,58,FR100689,[EVENT_BEFORE_N/A_ACTUAL_POS] --(CONTAINS)--> [EVENT_BEFORE_N/A_ACTUAL_POS] | [EVENT_BEFORE_N/A_ACTUAL_POS] --(CONTAINS)--> [EVENT_BEFORE_N/A_ACTUAL_POS],évolution,CONTAINS,admission,[RETOUR],évolution,CONTAINS,apparition,,,,
0,58,FR100697,[EVENT_BEFORE_N/A_ACTUAL_POS] --(CONTAINS)--> [EVENT_BEFORE_N/A_ACTUAL_POS] | [EVENT_BEFORE_N/A_ACTUAL_POS] --(CONTAINS)--> [EVENT_BEFORE_N/A_ACTUAL_POS],bilan,CONTAINS,biopsie,[RETOUR],bilan,CONTAINS,TDM,,,,
0,58,FR100717,[EVENT_BEFORE_N/A_ACTUAL_POS] --(CONTAINS)--> [EVENT_BEFORE_N/A_ACTUAL_POS] | [EVENT_BEFORE_N/A_ACTUAL_POS] --(CONTAINS)--> [EVENT_BEFORE_N/A_ACTUAL_POS],intervention,CONTAINS,laminectomie,[RETOUR],intervention,CONTAINS,laminectomie,,,,
0,58,FR100748,[EVENT_BEFORE_N/A_ACTUAL_POS] --(CONTAINS)--> [EVENT_BEFORE_N/A_ACTUAL_POS] | [EVENT_BEFORE_N/A_ACTUAL_POS] --(CONTAINS)--> [EVENT_BEFORE_N/A_ACTUAL_POS],préparé,CONTAINS,furosémide,[RETOUR],préparé,CONTAINS,Esmolol,,,,
0,58,FR100780,[EVENT_BEFORE_N/A_ACTUAL_POS] --(CONTAINS)--> [EVENT_BEFORE_N/A_ACTUAL_POS] | [EVENT_BEFORE_N/A_ACTUAL_POS] --(CONTAINS)--> [EVENT_BEFORE_N/A_ACTUAL_POS],examen,CONTAINS,température,[RETOUR],examen,CONTAINS,tension,,,,
0,58,FR100814,[EVENT_BEFORE_N/A_ACTUAL_POS] --(CONTAINS)--> [EVENT_BEFORE_N/A_ACTUAL_POS] | [EVENT_BEFORE_N/A_ACTUAL_POS] --(CONTAINS)--> [EVENT_BEFORE_N/A_ACTUAL_POS],IRM,CONTAINS,injection,[RETOUR],IRM,CONTAINS,hypersignal,,,,
0,58,FR100845,[EVENT_BEFORE_N/A_ACTUAL_POS] --(CONTAINS)--> [EVENT_BEFORE_N/A_ACTUAL_POS] | [EVENT_BEFORE_N/A_ACTUAL_POS] --(CONTAINS)--> [EVENT_BEFORE_N/A_ACTUAL_POS],examen,CONTAINS,toucher,[RETOUR],examen,CONTAINS,BCF,,,,
0,58,FR100874,[EVENT_BEFORE_N/A_ACTUAL_POS] --(CONTAINS)--> [EVENT_BEFORE_N/A_ACTUAL_POS] | [EVENT_BEFORE_N/A_ACTUAL_POS] --(CONTAINS)--> [EVENT_BEFORE_N/A_ACTUAL_POS],retenu,CONTAINS,hémorragie,[RETOUR],retenu,CONTAINS,surinfection,,,,
0,58,FR100882,[EVENT_BEFORE_N/A_ACTUAL_POS] --(CONTAINS)--> [EVENT_BEFORE_N/A_ACTUAL_POS] | [EVENT_BEFORE_N/A_ACTUAL_POS] --(CONTAINS)--> [EVENT_BEFORE_N/A_ACTUAL_POS],troubles,CONTAINS,miction,[RETOUR],troubles,CONTAINS,admise,,,,
0,58,FR100883,[EVENT_BEFORE_N/A_ACTUAL_POS] --(CONTAINS)--> [EVENT_BEFORE_N/A_ACTUAL_POS] | [EVENT_BEFORE_N/A_ACTUAL_POS] --(CONTAINS)--> [EVENT_BEFORE_N/A_ACTUAL_POS],nodule,CONTAINS,saignant,[RETOUR],nodule,CONTAINS,admission,,,,
0,58,FR100894,[EVENT_BEFORE_N/A_ACTUAL_POS] --(CONTAINS)--> [EVENT_BEFORE_N/A_ACTUAL_POS] | [EVENT_BEFORE_N/A_ACTUAL_POS] --(CONTAINS)--> [EVENT_BEFORE_N/A_ACTUAL_POS],reçu,CONTAINS,plaignait,[RETOUR],reçu,CONTAINS,appuyés,,,,
0,58,FR100903,[EVENT_BEFORE_N/A_ACTUAL_POS] --(CONTAINS)--> [EVENT_BEFORE_N/A_ACTUAL_POS] | [EVENT_BEFORE_N/A_ACTUAL_POS] --(CONTAINS)--> [EVENT_BEFORE_N/A_ACTUAL_POS],hydrops,CONTAINS,circonférence,[RETOUR],hydrops,CONTAINS,échographie,,,,
0,58,FR100925,[EVENT_BEFORE_N/A_ACTUAL_POS] --(CONTAINS)--> [EVENT_BEFORE_N/A_ACTUAL_POS] | [EVENT_BEFORE_N/A_ACTUAL_POS] --(CONTAINS)--> [EVENT_BEFORE_N/A_ACTUAL_POS],pic,CONTAINS,arguments,[RETOUR],pic,CONTAINS,électrophorèse,,,,
0,58,FR100944,[EVENT_BEFORE_N/A_ACTUAL_POS] --(CONTAINS)--> [EVENT_BEFORE_N/A_ACTUAL_POS] | [EVENT_BEFORE_N/A_ACTUAL_POS] --(CONTAINS)--> [EVENT_BEFORE_N/A_ACTUAL_POS],suivi,CONTAINS,échocardiographique,[RETOUR],suivi,CONTAINS,hospitalisé,,,,
0,58,FR100959,[EVENT_BEFORE_N/A_ACTUAL_POS] --(CONTAINS)--> [EVENT_BEFORE_N/A_ACTUAL_POS] | [EVENT_BEFORE_N/A_ACTUAL_POS] --(CONTAINS)--> [EVENT_BEFORE_N/A_ACTUAL_POS],œsophagoscopie,CONTAINS,permis,[RETOUR],œsophagoscopie,CONTAINS,extraction,,,,
0,58,FR100960,[EVENT_BEFORE_N/A_ACTUAL_POS] --(CONTAINS)--> [EVENT_BEFORE_N/A_ACTUAL_POS] | [EVENT_BEFORE_N/A_ACTUAL_POS] --(CONTAINS)--> [EVENT_BEFORE_N/A_ACTUAL_POS],consulté,CONTAINS,scanner,[RETOUR],consulté,CONTAINS,étude,,,,
0,58,FR100998,[EVENT_BEFORE_N/A_ACTUAL_POS] --(CONTAINS)--> [EVENT_BEFORE_N/A_ACTUAL_POS] | [EVENT_BEFORE_N/A_ACTUAL_POS] --(CONTAINS)--> [EVENT_BEFORE_N/A_ACTUAL_POS],traitée,CONTAINS,cures,[RETOUR],traitée,CONTAINS,développé,,,,
14,55,FR100003,[EVENT_BEFORE_N/A_ACTUAL_POS] --(CONTAINS)--> [EVENT_BEFORE_N/A_ACTUAL_POS] | [EVENT_BEFORE_N/A_ACTUAL_POS] --(BEFORE)--> [EVENT_BEFORE_N/A_ACTUAL_POS] | [EVENT_BEFORE_N/A_ACTUAL_POS] --(BEFORE)--> [EVENT_BEFORE_N/A_ACTUAL_POS] | [EVENT_BEFORE_N/A_ACTUAL_POS] --(BEFORE)--> [EVENT_BEFORE_N/A_ACTUAL_POS],délabrement,CONTAINS,panoramique,BEFORE,ponction,BEFORE,examen,BEFORE,examen,,
14,55,FR100092,[EVENT_BEFORE_N/A_ACTUAL_POS] --(CONTAINS)--> [EVENT_BEFORE_N/A_ACTUAL_POS] | [EVENT_BEFORE_N/A_ACTUAL_POS] --(BEFORE)--> [EVENT_BEFORE_N/A_ACTUAL_POS] | [EVENT_BEFORE_N/A_ACTUAL_POS] --(BEFORE)--> [EVENT_BEFORE_N/A_ACTUAL_POS] | [EVENT_BEFORE_N/A_ACTUAL_POS] --(BEFORE)--> [EVENT_BEFORE_N/A_ACTUAL_POS],masse,CONTAINS,échographie,BEFORE,tableau,BEFORE,reste,BEFORE,minilaparotomie,,
14,55,FR100120,[EVENT_BEFORE_N/A_ACTUAL_POS] --(CONTAINS)--> [EVENT_BEFORE_N/A_ACTUAL_POS] | [EVENT_BEFORE_N/A_ACTUAL_POS] --(BEFORE)--> [EVENT_BEFORE_N/A_ACTUAL_POS] | [EVENT_BEFORE_N/A_ACTUAL_POS] --(BEFORE)--> [EVENT_BEFORE_N/A_ACTUAL_POS] | [EVENT_BEFORE_N/A_ACTUAL_POS] --(BEFORE)--> [EVENT_BEFORE_N/A_ACTUAL_POS],diabète,CONTAINS,rattaché,BEFORE,traitement,BEFORE,retirées,BEFORE,conclure,,
14,55,FR100130,[EVENT_BEFORE_N/A_ACTUAL_POS] --(CONTAINS)--> [EVENT_BEFORE_N/A_ACTUAL_POS] | [EVENT_BEFORE_N/A_ACTUAL_POS] --(BEFORE)--> [EVENT_BEFORE_N/A_ACTUAL_POS] | [EVENT_BEFORE_N/A_ACTUAL_POS] --(BEFORE)--> [EVENT_BEFORE_N/A_ACTUAL_POS] | [EVENT_BEFORE_N/A_ACTUAL_POS] --(BEFORE)--> [EVENT_BEFORE_N/A_ACTUAL_POS],apyrétique,CONTAINS,examen,BEFORE,biologie,BEFORE,glycémie,BEFORE,confirmé,,
14,55,FR100132,[EVENT_BEFORE_N/A_ACTUAL_POS] --(CONTAINS)--> [EVENT_BEFORE_N/A_ACTUAL_POS] | [EVENT_BEFORE_N/A_ACTUAL_POS] --(BEFORE)--> [EVENT_BEFORE_N/A_ACTUAL_POS] | [EVENT_BEFORE_N/A_ACTUAL_POS] --(BEFORE)--> [EVENT_BEFORE_N/A_ACTUAL_POS] | [EVENT_BEFORE_N/A_ACTUAL_POS] --(BEFORE)--> [EVENT_BEFORE_N/A_ACTUAL_POS],examen,CONTAINS,palpation,BEFORE,histologie,BEFORE,examen,BEFORE,écho-Doppler,,
14,55,FR100142,[EVENT_BEFORE_N/A_ACTUAL_POS] --(CONTAINS)--> [EVENT_BEFORE_N/A_ACTUAL_POS] | [EVENT_BEFORE_N/A_ACTUAL_POS] --(BEFORE)--> [EVENT_BEFORE_N/A_ACTUAL_POS] | [EVENT_BEFORE_N/A_ACTUAL_POS] --(BEFORE)--> [EVENT_BEFORE_N/A_ACTUAL_POS] | [EVENT_BEFORE_N/A_ACTUAL_POS] --(BEFORE)--> [EVENT_BEFORE_N/A_ACTUAL_POS],taux,CONTAINS,fibroscopie,BEFORE,biopsie,BEFORE,mis,BEFORE,évolution,,
14,55,FR100161,[EVENT_BEFORE_N/A_ACTUAL_POS] --(CONTAINS)--> [EVENT_BEFORE_N/A_ACTUAL_POS] | [EVENT_BEFORE_N/A_ACTUAL_POS] --(BEFORE)--> [EVENT_BEFORE_N/A_ACTUAL_POS] | [EVENT_BEFORE_N/A_ACTUAL_POS] --(BEFORE)--> [EVENT_BEFORE_N/A_ACTUAL_POS] | [EVENT_BEFORE_N/A_ACTUAL_POS] --(BEFORE)--> [EVENT_BEFORE_N/A_ACTUAL_POS],cytolyse,CONTAINS,examens,BEFORE,radiographie,BEFORE,complément,BEFORE,cortisol,,
14,55,FR100255,[EVENT_BEFORE_N/A_ACTUAL_POS] --(CONTAINS)--> [EVENT_BEFORE_N/A_ACTUAL_POS] | [EVENT_BEFORE_N/A_ACTUAL_POS] --(BEFORE)--> [EVENT_BEFORE_N/A_ACTUAL_POS] | [EVENT_BEFORE_N/A_ACTUAL_POS] --(BEFORE)--> [EVENT_BEFORE_N/A_ACTUAL_POS] | [EVENT_BEFORE_N/A_ACTUAL_POS] --(BEFORE)--> [EVENT_BEFORE_N/A_ACTUAL_POS],emphysème,CONTAINS,examen,BEFORE,examen,BEFORE,échographie,BEFORE,mise,,
14,55,FR100275,[EVENT_BEFORE_N/A_ACTUAL_POS] --(CONTAINS)--> [EVENT_BEFORE_N/A_ACTUAL_POS] | [EVENT_BEFORE_N/A_ACTUAL_POS] --(BEFORE)--> [EVENT_BEFORE_N/A_ACTUAL_POS] | [EVENT_BEFORE_N/A_ACTUAL_POS] --(BEFORE)--> [EVENT_BEFORE_N/A_ACTUAL_POS] | [EVENT_BEFORE_N/A_ACTUAL_POS] --(BEFORE)--> [EVENT_BEFORE_N/A_ACTUAL_POS],mort,CONTAINS,établi,BEFORE,manœuvres,BEFORE,transféré,BEFORE,anamnèse,,
14,55,FR100276,[EVENT_BEFORE_N/A_ACTUAL_POS] --(CONTAINS)--> [EVENT_BEFORE_N/A_ACTUAL_POS] | [EVENT_BEFORE_N/A_ACTUAL_POS] --(BEFORE)--> [EVENT_BEFORE_N/A_ACTUAL_POS] | [EVENT_BEFORE_N/A_ACTUAL_POS] --(BEFORE)--> [EVENT_BEFORE_N/A_ACTUAL_POS] | [EVENT_BEFORE_N/A_ACTUAL_POS] --(BEFORE)--> [EVENT_BEFORE_N/A_ACTUAL_POS],aplasie,CONTAINS,accouchement,BEFORE,reste,BEFORE,bilan,BEFORE,régression,,
14,55,FR100283,[EVENT_BEFORE_N/A_ACTUAL_POS] --(CONTAINS)--> [EVENT_BEFORE_N/A_ACTUAL_POS] | [EVENT_BEFORE_N/A_ACTUAL_POS] --(BEFORE)--> [EVENT_BEFORE_N/A_ACTUAL_POS] | [EVENT_BEFORE_N/A_ACTUAL_POS] --(BEFORE)--> [EVENT_BEFORE_N/A_ACTUAL_POS] | [EVENT_BEFORE_N/A_ACTUAL_POS] --(BEFORE)--> [EVENT_BEFORE_N/A_ACTUAL_POS],sinusite,CONTAINS,IRM,BEFORE,hypophysiogramme,BEFORE,traitement,BEFORE,évolution,,
14,55,FR100296,[EVENT_BEFORE_N/A_ACTUAL_POS] --(CONTAINS)--> [EVENT_BEFORE_N/A_ACTUAL_POS] | [EVENT_BEFORE_N/A_ACTUAL_POS] --(BEFORE)--> [EVENT_BEFORE_N/A_ACTUAL_POS] | [EVENT_BEFORE_N/A_ACTUAL_POS] --(BEFORE)--> [EVENT_BEFORE_N/A_ACTUAL_POS] | [EVENT_BEFORE_N/A_ACTUAL_POS] --(BEFORE)--> [EVENT_BEFORE_N/A_ACTUAL_POS],hypoesthésie,CONTAINS,examen,BEFORE,IRM,BEFORE,fenestration,BEFORE,suites,,
14,55,FR100314,[EVENT_BEFORE_N/A_ACTUAL_POS] --(CONTAINS)--> [EVENT_BEFORE_N/A_ACTUAL_POS] | [EVENT_BEFORE_N/A_ACTUAL_POS] --(BEFORE)--> [EVENT_BEFORE_N/A_ACTUAL_POS] | [EVENT_BEFORE_N/A_ACTUAL_POS] --(BEFORE)--> [EVENT_BEFORE_N/A_ACTUAL_POS] | [EVENT_BEFORE_N/A_ACTUAL_POS] --(BEFORE)--> [EVENT_BEFORE_N/A_ACTUAL_POS],fracture,CONTAINS,bilan,BEFORE,drainage,BEFORE,angio-scanner,BEFORE,amputation,,
14,55,FR100344,[EVENT_BEFORE_N/A_ACTUAL_POS] --(CONTAINS)--> [EVENT_BEFORE_N/A_ACTUAL_POS] | [EVENT_BEFORE_N/A_ACTUAL_POS] --(BEFORE)--> [EVENT_BEFORE_N/A_ACTUAL_POS] | [EVENT_BEFORE_N/A_ACTUAL_POS] --(BEFORE)--> [EVENT_BEFORE_N/A_ACTUAL_POS] | [EVENT_BEFORE_N/A_ACTUAL_POS] --(BEFORE)--> [EVENT_BEFORE_N/A_ACTUAL_POS],évolution,CONTAINS,déroulée,BEFORE,plainte,BEFORE,examen,BEFORE,césarienne,,
14,55,FR100346,[EVENT_BEFORE_N/A_ACTUAL_POS] --(CONTAINS)--> [EVENT_BEFORE_N/A_ACTUAL_POS] | [EVENT_BEFORE_N/A_ACTUAL_POS] --(BEFORE)--> [EVENT_BEFORE_N/A_ACTUAL_POS] | [EVENT_BEFORE_N/A_ACTUAL_POS] --(BEFORE)--> [EVENT_BEFORE_N/A_ACTUAL_POS] | [EVENT_BEFORE_N/A_ACTUAL_POS] --(BEFORE)--> [EVENT_BEFORE_N/A_ACTUAL_POS],pouls,CONTAINS,examen,BEFORE,gazométrie,BEFORE,reste,BEFORE,radiographie,,
14,55,FR100360,[EVENT_BEFORE_N/A_ACTUAL_POS] --(CONTAINS)--> [EVENT_BEFORE_N/A_ACTUAL_POS] | [EVENT_BEFORE_N/A_ACTUAL_POS] --(BEFORE)--> [EVENT_BEFORE_N/A_ACTUAL_POS] | [EVENT_BEFORE_N/A_ACTUAL_POS] --(BEFORE)--> [EVENT_BEFORE_N/A_ACTUAL_POS] | [EVENT_BEFORE_N/A_ACTUAL_POS] --(BEFORE)--> [EVENT_BEFORE_N/A_ACTUAL_POS],lésion,CONTAINS,tomodensitométrie,BEFORE,complément,BEFORE,biopsie,BEFORE,étude,,
14,55,FR100361,[EVENT_BEFORE_N/A_ACTUAL_POS] --(CONTAINS)--> [EVENT_BEFORE_N/A_ACTUAL_POS] | [EVENT_BEFORE_N/A_ACTUAL_POS] --(BEFORE)--> [EVENT_BEFORE_N/A_ACTUAL_POS] | [EVENT_BEFORE_N/A_ACTUAL_POS] --(BEFORE)--> [EVENT_BEFORE_N/A_ACTUAL_POS] | [EVENT_BEFORE_N/A_ACTUAL_POS] --(BEFORE)--> [EVENT_BEFORE_N/A_ACTUAL_POS],agitée,CONTAINS,examen,BEFORE,TDM,BEFORE,ponction,BEFORE,examen,,
14,55,FR100371,[EVENT_BEFORE_N/A_ACTUAL_POS] --(CONTAINS)--> [EVENT_BEFORE_N/A_ACTUAL_POS] | [EVENT_BEFORE_N/A_ACTUAL_POS] --(BEFORE)--> [EVENT_BEFORE_N/A_ACTUAL_POS] | [EVENT_BEFORE_N/A_ACTUAL_POS] --(BEFORE)--> [EVENT_BEFORE_N/A_ACTUAL_POS] | [EVENT_BEFORE_N/A_ACTUAL_POS] --(BEFORE)--> [EVENT_BEFORE_N/A_ACTUAL_POS],hypersudation,CONTAINS,examen,BEFORE,examen,BEFORE,bilan,BEFORE,bilan,,
14,55,FR100400,[EVENT_BEFORE_N/A_ACTUAL_POS] --(CONTAINS)--> [EVENT_BEFORE_N/A_ACTUAL_POS] | [EVENT_BEFORE_N/A_ACTUAL_POS] --(BEFORE)--> [EVENT_BEFORE_N/A_ACTUAL_POS] | [EVENT_BEFORE_N/A_ACTUAL_POS] --(BEFORE)--> [EVENT_BEFORE_N/A_ACTUAL_POS] | [EVENT_BEFORE_N/A_ACTUAL_POS] --(BEFORE)--> [EVENT_BEFORE_N/A_ACTUAL_POS],masse,CONTAINS,scanner,BEFORE,diagnostic,BEFORE,exploration,BEFORE,résection,,
14,55,FR100439,[EVENT_BEFORE_N/A_ACTUAL_POS] --(CONTAINS)--> [EVENT_BEFORE_N/A_ACTUAL_POS] | [EVENT_BEFORE_N/A_ACTUAL_POS] --(BEFORE)--> [EVENT_BEFORE_N/A_ACTUAL_POS] | [EVENT_BEFORE_N/A_ACTUAL_POS] --(BEFORE)--> [EVENT_BEFORE_N/A_ACTUAL_POS] | [EVENT_BEFORE_N/A_ACTUAL_POS] --(BEFORE)--> [EVENT_BEFORE_N/A_ACTUAL_POS],hyperfixations,CONTAINS,examen,BEFORE,classée,BEFORE,bénéficier,BEFORE,nasofibroscopie,,
14,55,FR100480,[EVENT_BEFORE_N/A_ACTUAL_POS] --(CONTAINS)--> [EVENT_BEFORE_N/A_ACTUAL_POS] | [EVENT_BEFORE_N/A_ACTUAL_POS] --(BEFORE)--> [EVENT_BEFORE_N/A_ACTUAL_POS] | [EVENT_BEFORE_N/A_ACTUAL_POS] --(BEFORE)--> [EVENT_BEFORE_N/A_ACTUAL_POS] | [EVENT_BEFORE_N/A_ACTUAL_POS] --(BEFORE)--> [EVENT_BEFORE_N/A_ACTUAL_POS],tuméfaction,CONTAINS,examen,BEFORE,imagerie,BEFORE,bilan,BEFORE,scanner,,
14,55,FR100515,[EVENT_BEFORE_N/A_ACTUAL_POS] --(CONTAINS)--> [EVENT_BEFORE_N/A_ACTUAL_POS] | [EVENT_BEFORE_N/A_ACTUAL_POS] --(BEFORE)--> [EVENT_BEFORE_N/A_ACTUAL_POS] | [EVENT_BEFORE_N/A_ACTUAL_POS] --(BEFORE)--> [EVENT_BEFORE_N/A_ACTUAL_POS] | [EVENT_BEFORE_N/A_ACTUAL_POS] --(BEFORE)--> [EVENT_BEFORE_N/A_ACTUAL_POS],atteinte,CONTAINS,testing,BEFORE,dosage,BEFORE,bilan,BEFORE,biopsie,,
14,55,FR100517,[EVENT_BEFORE_N/A_ACTUAL_POS] --(CONTAINS)--> [EVENT_BEFORE_N/A_ACTUAL_POS] | [EVENT_BEFORE_N/A_ACTUAL_POS] --(BEFORE)--> [EVENT_BEFORE_N/A_ACTUAL_POS] | [EVENT_BEFORE_N/A_ACTUAL_POS] --(BEFORE)--> [EVENT_BEFORE_N/A_ACTUAL_POS] | [EVENT_BEFORE_N/A_ACTUAL_POS] --(BEFORE)--> [EVENT_BEFORE_N/A_ACTUAL_POS],syndrome,CONTAINS,bilan,BEFORE,électromyogramme,BEFORE,bilan,BEFORE,explorations,,
14,55,FR100519,[EVENT_BEFORE_N/A_ACTUAL_POS] --(CONTAINS)--> [EVENT_BEFORE_N/A_ACTUAL_POS] | [EVENT_BEFORE_N/A_ACTUAL_POS] --(BEFORE)--> [EVENT_BEFORE_N/A_ACTUAL_POS] | [EVENT_BEFORE_N/A_ACTUAL_POS] --(BEFORE)--> [EVENT_BEFORE_N/A_ACTUAL_POS] | [EVENT_BEFORE_N/A_ACTUAL_POS] --(BEFORE)--> [EVENT_BEFORE_N/A_ACTUAL_POS],opacité,CONTAINS,bilan,BEFORE,angioscanner,BEFORE,échodoppler,BEFORE,retenue,,
14,55,FR100579,[EVENT_BEFORE_N/A_ACTUAL_POS] --(CONTAINS)--> [EVENT_BEFORE_N/A_ACTUAL_POS] | [EVENT_BEFORE_N/A_ACTUAL_POS] --(BEFORE)--> [EVENT_BEFORE_N/A_ACTUAL_POS] | [EVENT_BEFORE_N/A_ACTUAL_POS] --(BEFORE)--> [EVENT_BEFORE_N/A_ACTUAL_POS] | [EVENT_BEFORE_N/A_ACTUAL_POS] --(BEFORE)--> [EVENT_BEFORE_N/A_ACTUAL_POS],dilatation,CONTAINS,radiographie,BEFORE,échocardiographie,BEFORE,angio-scanner,BEFORE,imagerie,,
14,55,FR100589,[EVENT_BEFORE_N/A_ACTUAL_POS] --(CONTAINS)--> [EVENT_BEFORE_N/A_ACTUAL_POS] | [EVENT_BEFORE_N/A_ACTUAL_POS] --(BEFORE)--> [EVENT_BEFORE_N/A_ACTUAL_POS] | [EVENT_BEFORE_N/A_ACTUAL_POS] --(BEFORE)--> [EVENT_BEFORE_N/A_ACTUAL_POS] | [EVENT_BEFORE_N/A_ACTUAL_POS] --(BEFORE)--> [EVENT_BEFORE_N/A_ACTUAL_POS],discuté,CONTAINS,évoqué,BEFORE,rechercher,BEFORE,bronchoscopie,BEFORE,lavage,,
14,55,FR100597,[EVENT_BEFORE_N/A_ACTUAL_POS] --(CONTAINS)--> [EVENT_BEFORE_N/A_ACTUAL_POS] | [EVENT_BEFORE_N/A_ACTUAL_POS] --(BEFORE)--> [EVENT_BEFORE_N/A_ACTUAL_POS] | [EVENT_BEFORE_N/A_ACTUAL_POS] --(BEFORE)--> [EVENT_BEFORE_N/A_ACTUAL_POS] | [EVENT_BEFORE_N/A_ACTUAL_POS] --(BEFORE)--> [EVENT_BEFORE_N/A_ACTUAL_POS],consultation,CONTAINS,examen,BEFORE,examen,BEFORE,examen,BEFORE,toucher,,
14,55,FR100611,[EVENT_BEFORE_N/A_ACTUAL_POS] --(CONTAINS)--> [EVENT_BEFORE_N/A_ACTUAL_POS] | [EVENT_BEFORE_N/A_ACTUAL_POS] --(BEFORE)--> [EVENT_BEFORE_N/A_ACTUAL_POS] | [EVENT_BEFORE_N/A_ACTUAL_POS] --(BEFORE)--> [EVENT_BEFORE_N/A_ACTUAL_POS] | [EVENT_BEFORE_N/A_ACTUAL_POS] --(BEFORE)--> [EVENT_BEFORE_N/A_ACTUAL_POS],adénopathies,CONTAINS,examen,BEFORE,IRM,BEFORE,étude,BEFORE,examen,,
14,55,FR100614,[EVENT_BEFORE_N/A_ACTUAL_POS] --(CONTAINS)--> [EVENT_BEFORE_N/A_ACTUAL_POS] | [EVENT_BEFORE_N/A_ACTUAL_POS] --(BEFORE)--> [EVENT_BEFORE_N/A_ACTUAL_POS] | [EVENT_BEFORE_N/A_ACTUAL_POS] --(BEFORE)--> [EVENT_BEFORE_N/A_ACTUAL_POS] | [EVENT_BEFORE_N/A_ACTUAL_POS] --(BEFORE)--> [EVENT_BEFORE_N/A_ACTUAL_POS],douleur,CONTAINS,admission,BEFORE,examen,BEFORE,échographique,BEFORE,tomodensitométrie,,
14,55,FR100620,[EVENT_BEFORE_N/A_ACTUAL_POS] --(CONTAINS)--> [EVENT_BEFORE_N/A_ACTUAL_POS] | [EVENT_BEFORE_N/A_ACTUAL_POS] --(BEFORE)--> [EVENT_BEFORE_N/A_ACTUAL_POS] | [EVENT_BEFORE_N/A_ACTUAL_POS] --(BEFORE)--> [EVENT_BEFORE_N/A_ACTUAL_POS] | [EVENT_BEFORE_N/A_ACTUAL_POS] --(BEFORE)--> [EVENT_BEFORE_N/A_ACTUAL_POS],clarté,CONTAINS,radiographie,BEFORE,drainage,BEFORE,radiographie,BEFORE,demandé,,
14,55,FR100623,[EVENT_BEFORE_N/A_ACTUAL_POS] --(CONTAINS)--> [EVENT_BEFORE_N/A_ACTUAL_POS] | [EVENT_BEFORE_N/A_ACTUAL_POS] --(BEFORE)--> [EVENT_BEFORE_N/A_ACTUAL_POS] | [EVENT_BEFORE_N/A_ACTUAL_POS] --(BEFORE)--> [EVENT_BEFORE_N/A_ACTUAL_POS] | [EVENT_BEFORE_N/A_ACTUAL_POS] --(BEFORE)--> [EVENT_BEFORE_N/A_ACTUAL_POS],gaz,CONTAINS,consulté,BEFORE,examen,BEFORE,échographie,BEFORE,tomodensitométrie,,
14,55,FR100629,[EVENT_BEFORE_N/A_ACTUAL_POS] --(CONTAINS)--> [EVENT_BEFORE_N/A_ACTUAL_POS] | [EVENT_BEFORE_N/A_ACTUAL_POS] --(BEFORE)--> [EVENT_BEFORE_N/A_ACTUAL_POS] | [EVENT_BEFORE_N/A_ACTUAL_POS] --(BEFORE)--> [EVENT_BEFORE_N/A_ACTUAL_POS] | [EVENT_BEFORE_N/A_ACTUAL_POS] --(BEFORE)--> [EVENT_BEFORE_N/A_ACTUAL_POS],douleur,CONTAINS,examen,BEFORE,radiographie,BEFORE,thoracoscopie,BEFORE,marquage,,
14,55,FR100632,[EVENT_BEFORE_N/A_ACTUAL_POS] --(CONTAINS)--> [EVENT_BEFORE_N/A_ACTUAL_POS] | [EVENT_BEFORE_N/A_ACTUAL_POS] --(BEFORE)--> [EVENT_BEFORE_N/A_ACTUAL_POS] | [EVENT_BEFORE_N/A_ACTUAL_POS] --(BEFORE)--> [EVENT_BEFORE_N/A_ACTUAL_POS] | [EVENT_BEFORE_N/A_ACTUAL_POS] --(BEFORE)--> [EVENT_BEFORE_N/A_ACTUAL_POS],anomalie,CONTAINS,IRM,BEFORE,IRM,BEFORE,étude,BEFORE,numération,,
14,55,FR100663,[EVENT_BEFORE_N/A_ACTUAL_POS] --(CONTAINS)--> [EVENT_BEFORE_N/A_ACTUAL_POS] | [EVENT_BEFORE_N/A_ACTUAL_POS] --(BEFORE)--> [EVENT_BEFORE_N/A_ACTUAL_POS] | [EVENT_BEFORE_N/A_ACTUAL_POS] --(BEFORE)--> [EVENT_BEFORE_N/A_ACTUAL_POS] | [EVENT_BEFORE_N/A_ACTUAL_POS] --(BEFORE)--> [EVENT_BEFORE_N/A_ACTUAL_POS],grossesse,CONTAINS,examen,BEFORE,examen,BEFORE,échographie,BEFORE,taux,,
14,55,FR100666,[EVENT_BEFORE_N/A_ACTUAL_POS] --(CONTAINS)--> [EVENT_BEFORE_N/A_ACTUAL_POS] | [EVENT_BEFORE_N/A_ACTUAL_POS] --(BEFORE)--> [EVENT_BEFORE_N/A_ACTUAL_POS] | [EVENT_BEFORE_N/A_ACTUAL_POS] --(BEFORE)--> [EVENT_BEFORE_N/A_ACTUAL_POS] | [EVENT_BEFORE_N/A_ACTUAL_POS] --(BEFORE)--> [EVENT_BEFORE_N/A_ACTUAL_POS],tuméfactions,CONTAINS,examen,BEFORE,palpation,BEFORE,radiographie,BEFORE,tomodensitométrie,,
14,55,FR100683,[EVENT_BEFORE_N/A_ACTUAL_POS] --(CONTAINS)--> [EVENT_BEFORE_N/A_ACTUAL_POS] | [EVENT_BEFORE_N/A_ACTUAL_POS] --(BEFORE)--> [EVENT_BEFORE_N/A_ACTUAL_POS] | [EVENT_BEFORE_N/A_ACTUAL_POS] --(BEFORE)--> [EVENT_BEFORE_N/A_ACTUAL_POS] | [EVENT_BEFORE_N/A_ACTUAL_POS] --(BEFORE)--> [EVENT_BEFORE_N/A_ACTUAL_POS],créatinine,CONTAINS,exploration,BEFORE,exploration,BEFORE,IRM,BEFORE,écho-mammographie,,
14,55,FR100688,[EVENT_BEFORE_N/A_ACTUAL_POS] --(CONTAINS)--> [EVENT_BEFORE_N/A_ACTUAL_POS] | [EVENT_BEFORE_N/A_ACTUAL_POS] --(BEFORE)--> [EVENT_BEFORE_N/A_ACTUAL_POS] | [EVENT_BEFORE_N/A_ACTUAL_POS] --(BEFORE)--> [EVENT_BEFORE_N/A_ACTUAL_POS] | [EVENT_BEFORE_N/A_ACTUAL_POS] --(BEFORE)--> [EVENT_BEFORE_N/A_ACTUAL_POS],indice,CONTAINS,examen,BEFORE,examen,BEFORE,examen,BEFORE,sérologie,,
14,55,FR100689,[EVENT_BEFORE_N/A_ACTUAL_POS] --(CONTAINS)--> [EVENT_BEFORE_N/A_ACTUAL_POS] | [EVENT_BEFORE_N/A_ACTUAL_POS] --(BEFORE)--> [EVENT_BEFORE_N/A_ACTUAL_POS] | [EVENT_BEFORE_N/A_ACTUAL_POS] --(BEFORE)--> [EVENT_BEFORE_N/A_ACTUAL_POS] | [EVENT_BEFORE_N/A_ACTUAL_POS] --(BEFORE)--> [EVENT_BEFORE_N/A_ACTUAL_POS],recherche,CONTAINS,ionogramme,BEFORE,examen,BEFORE,retenu,BEFORE,évolution,,
14,55,FR100697,[EVENT_BEFORE_N/A_ACTUAL_POS] --(CONTAINS)--> [EVENT_BEFORE_N/A_ACTUAL_POS] | [EVENT_BEFORE_N/A_ACTUAL_POS] --(BEFORE)--> [EVENT_BEFORE_N/A_ACTUAL_POS] | [EVENT_BEFORE_N/A_ACTUAL_POS] --(BEFORE)--> [EVENT_BEFORE_N/A_ACTUAL_POS] | [EVENT_BEFORE_N/A_ACTUAL_POS] --(BEFORE)--> [EVENT_BEFORE_N/A_ACTUAL_POS],adénopathies,CONTAINS,examen,BEFORE,mammographie,BEFORE,échographie,BEFORE,examen,,
14,55,FR100708,[EVENT_BEFORE_N/A_ACTUAL_POS] --(CONTAINS)--> [EVENT_BEFORE_N/A_ACTUAL_POS] | [EVENT_BEFORE_N/A_ACTUAL_POS] --(BEFORE)--> [EVENT_BEFORE_N/A_ACTUAL_POS] | [EVENT_BEFORE_N/A_ACTUAL_POS] --(BEFORE)--> [EVENT_BEFORE_N/A_ACTUAL_POS] | [EVENT_BEFORE_N/A_ACTUAL_POS] --(BEFORE)--> [EVENT_BEFORE_N/A_ACTUAL_POS],galactorrhée,CONTAINS,examen,BEFORE,mammographie,BEFORE,échographie,BEFORE,ponction,,
14,55,FR100717,[EVENT_BEFORE_N/A_ACTUAL_POS] --(CONTAINS)--> [EVENT_BEFORE_N/A_ACTUAL_POS] | [EVENT_BEFORE_N/A_ACTUAL_POS] --(BEFORE)--> [EVENT_BEFORE_N/A_ACTUAL_POS] | [EVENT_BEFORE_N/A_ACTUAL_POS] --(BEFORE)--> [EVENT_BEFORE_N/A_ACTUAL_POS] | [EVENT_BEFORE_N/A_ACTUAL_POS] --(BEFORE)--> [EVENT_BEFORE_N/A_ACTUAL_POS],IMC,CONTAINS,examen,BEFORE,examens,BEFORE,scanner,BEFORE,IRM,,
14,55,FR100748,[EVENT_BEFORE_N/A_ACTUAL_POS] --(CONTAINS)--> [EVENT_BEFORE_N/A_ACTUAL_POS] | [EVENT_BEFORE_N/A_ACTUAL_POS] --(BEFORE)--> [EVENT_BEFORE_N/A_ACTUAL_POS] | [EVENT_BEFORE_N/A_ACTUAL_POS] --(BEFORE)--> [EVENT_BEFORE_N/A_ACTUAL_POS] | [EVENT_BEFORE_N/A_ACTUAL_POS] --(BEFORE)--> [EVENT_BEFORE_N/A_ACTUAL_POS],hospitalisation,CONTAINS,indication,BEFORE,consultation,BEFORE,ASA,BEFORE,Nicardipine,,
14,55,FR100806,[EVENT_BEFORE_N/A_ACTUAL_POS] --(CONTAINS)--> [EVENT_BEFORE_N/A_ACTUAL_POS] | [EVENT_BEFORE_N/A_ACTUAL_POS] --(BEFORE)--> [EVENT_BEFORE_N/A_ACTUAL_POS] | [EVENT_BEFORE_N/A_ACTUAL_POS] --(BEFORE)--> [EVENT_BEFORE_N/A_ACTUAL_POS] | [EVENT_BEFORE_N/A_ACTUAL_POS] --(BEFORE)--> [EVENT_BEFORE_N/A_ACTUAL_POS],D-dimères,CONTAINS,biologie,BEFORE,tomodensitométrie,BEFORE,prise,BEFORE,examen,,
14,55,FR100814,[EVENT_BEFORE_N/A_ACTUAL_POS] --(CONTAINS)--> [EVENT_BEFORE_N/A_ACTUAL_POS] | [EVENT_BEFORE_N/A_ACTUAL_POS] --(BEFORE)--> [EVENT_BEFORE_N/A_ACTUAL_POS] | [EVENT_BEFORE_N/A_ACTUAL_POS] --(BEFORE)--> [EVENT_BEFORE_N/A_ACTUAL_POS] | [EVENT_BEFORE_N/A_ACTUAL_POS] --(BEFORE)--> [EVENT_BEFORE_N/A_ACTUAL_POS],processus,CONTAINS,IRM,BEFORE,diagnostic,BEFORE,réséquée,BEFORE,examen,,
14,55,FR100826,[EVENT_BEFORE_N/A_ACTUAL_POS] --(CONTAINS)--> [EVENT_BEFORE_N/A_ACTUAL_POS] | [EVENT_BEFORE_N/A_ACTUAL_POS] --(BEFORE)--> [EVENT_BEFORE_N/A_ACTUAL_POS] | [EVENT_BEFORE_N/A_ACTUAL_POS] --(BEFORE)--> [EVENT_BEFORE_N/A_ACTUAL_POS] | [EVENT_BEFORE_N/A_ACTUAL_POS] --(BEFORE)--> [EVENT_BEFORE_N/A_ACTUAL_POS],termine,CONTAINS,bilan,BEFORE,bilan,BEFORE,retenue,BEFORE,exploration,,
14,55,FR100845,[EVENT_BEFORE_N/A_ACTUAL_POS] --(CONTAINS)--> [EVENT_BEFORE_N/A_ACTUAL_POS] | [EVENT_BEFORE_N/A_ACTUAL_POS] --(BEFORE)--> [EVENT_BEFORE_N/A_ACTUAL_POS] | [EVENT_BEFORE_N/A_ACTUAL_POS] --(BEFORE)--> [EVENT_BEFORE_N/A_ACTUAL_POS] | [EVENT_BEFORE_N/A_ACTUAL_POS] --(BEFORE)--> [EVENT_BEFORE_N/A_ACTUAL_POS],présence,CONTAINS,échographie,BEFORE,radiographie,BEFORE,décision,BEFORE,extraction,,
14,55,FR100849,[EVENT_BEFORE_N/A_ACTUAL_POS] --(CONTAINS)--> [EVENT_BEFORE_N/A_ACTUAL_POS] | [EVENT_BEFORE_N/A_ACTUAL_POS] --(BEFORE)--> [EVENT_BEFORE_N/A_ACTUAL_POS] | [EVENT_BEFORE_N/A_ACTUAL_POS] --(BEFORE)--> [EVENT_BEFORE_N/A_ACTUAL_POS] | [EVENT_BEFORE_N/A_ACTUAL_POS] --(BEFORE)--> [EVENT_BEFORE_N/A_ACTUAL_POS],IMC,CONTAINS,admission,BEFORE,tomodensitométrie,BEFORE,acheminé,BEFORE,suites,,
14,55,FR100870,[EVENT_BEFORE_N/A_ACTUAL_POS] --(CONTAINS)--> [EVENT_BEFORE_N/A_ACTUAL_POS] | [EVENT_BEFORE_N/A_ACTUAL_POS] --(BEFORE)--> [EVENT_BEFORE_N/A_ACTUAL_POS] | [EVENT_BEFORE_N/A_ACTUAL_POS] --(BEFORE)--> [EVENT_BEFORE_N/A_ACTUAL_POS] | [EVENT_BEFORE_N/A_ACTUAL_POS] --(BEFORE)--> [EVENT_BEFORE_N/A_ACTUAL_POS],éléments,CONTAINS,myélogramme,BEFORE,dosage,BEFORE,dosage,BEFORE,étude,,
14,55,FR100874,[EVENT_BEFORE_N/A_ACTUAL_POS] --(CONTAINS)--> [EVENT_BEFORE_N/A_ACTUAL_POS] | [EVENT_BEFORE_N/A_ACTUAL_POS] --(BEFORE)--> [EVENT_BEFORE_N/A_ACTUAL_POS] | [EVENT_BEFORE_N/A_ACTUAL_POS] --(BEFORE)--> [EVENT_BEFORE_N/A_ACTUAL_POS] | [EVENT_BEFORE_N/A_ACTUAL_POS] --(BEFORE)--> [EVENT_BEFORE_N/A_ACTUAL_POS],méléna,CONTAINS,examen,BEFORE,hémogramme,BEFORE,fibroscopie,BEFORE,transit,,
14,55,FR100882,[EVENT_BEFORE_N/A_ACTUAL_POS] --(CONTAINS)--> [EVENT_BEFORE_N/A_ACTUAL_POS] | [EVENT_BEFORE_N/A_ACTUAL_POS] --(BEFORE)--> [EVENT_BEFORE_N/A_ACTUAL_POS] | [EVENT_BEFORE_N/A_ACTUAL_POS] --(BEFORE)--> [EVENT_BEFORE_N/A_ACTUAL_POS] | [EVENT_BEFORE_N/A_ACTUAL_POS] --(BEFORE)--> [EVENT_BEFORE_N/A_ACTUAL_POS],hospitalisation,CONTAINS,admise,BEFORE,examen,BEFORE,examen,BEFORE,examen,,
14,55,FR100883,[EVENT_BEFORE_N/A_ACTUAL_POS] --(CONTAINS)--> [EVENT_BEFORE_N/A_ACTUAL_POS] | [EVENT_BEFORE_N/A_ACTUAL_POS] --(BEFORE)--> [EVENT_BEFORE_N/A_ACTUAL_POS] | [EVENT_BEFORE_N/A_ACTUAL_POS] --(BEFORE)--> [EVENT_BEFORE_N/A_ACTUAL_POS] | [EVENT_BEFORE_N/A_ACTUAL_POS] --(BEFORE)--> [EVENT_BEFORE_N/A_ACTUAL_POS],admission,CONTAINS,TDM,BEFORE,biopsie,BEFORE,bilan,BEFORE,sérologie,,
14,55,FR100894,[EVENT_BEFORE_N/A_ACTUAL_POS] --(CONTAINS)--> [EVENT_BEFORE_N/A_ACTUAL_POS] | [EVENT_BEFORE_N/A_ACTUAL_POS] --(BEFORE)--> [EVENT_BEFORE_N/A_ACTUAL_POS] | [EVENT_BEFORE_N/A_ACTUAL_POS] --(BEFORE)--> [EVENT_BEFORE_N/A_ACTUAL_POS] | [EVENT_BEFORE_N/A_ACTUAL_POS] --(BEFORE)--> [EVENT_BEFORE_N/A_ACTUAL_POS],désinsertion,CONTAINS,imagerie,BEFORE,prescrit,BEFORE,rejoint,BEFORE,reçu,,
14,55,FR100903,[EVENT_BEFORE_N/A_ACTUAL_POS] --(CONTAINS)--> [EVENT_BEFORE_N/A_ACTUAL_POS] | [EVENT_BEFORE_N/A_ACTUAL_POS] --(BEFORE)--> [EVENT_BEFORE_N/A_ACTUAL_POS] | [EVENT_BEFORE_N/A_ACTUAL_POS] --(BEFORE)--> [EVENT_BEFORE_N/A_ACTUAL_POS] | [EVENT_BEFORE_N/A_ACTUAL_POS] --(BEFORE)--> [EVENT_BEFORE_N/A_ACTUAL_POS],présence,CONTAINS,IRM,BEFORE,diagnostic,BEFORE,écarté,BEFORE,contrôles,,
14,55,FR100946,[EVENT_BEFORE_N/A_ACTUAL_POS] --(CONTAINS)--> [EVENT_BEFORE_N/A_ACTUAL_POS] | [EVENT_BEFORE_N/A_ACTUAL_POS] --(BEFORE)--> [EVENT_BEFORE_N/A_ACTUAL_POS] | [EVENT_BEFORE_N/A_ACTUAL_POS] --(BEFORE)--> [EVENT_BEFORE_N/A_ACTUAL_POS] | [EVENT_BEFORE_N/A_ACTUAL_POS] --(BEFORE)--> [EVENT_BEFORE_N/A_ACTUAL_POS],œdème,CONTAINS,IRM,BEFORE,analyse,BEFORE,mise,BEFORE,exérèse,,
14,55,FR100996,[EVENT_BEFORE_N/A_ACTUAL_POS] --(CONTAINS)--> [EVENT_BEFORE_N/A_ACTUAL_POS] | [EVENT_BEFORE_N/A_ACTUAL_POS] --(BEFORE)--> [EVENT_BEFORE_N/A_ACTUAL_POS] | [EVENT_BEFORE_N/A_ACTUAL_POS] --(BEFORE)--> [EVENT_BEFORE_N/A_ACTUAL_POS] | [EVENT_BEFORE_N/A_ACTUAL_POS] --(BEFORE)--> [EVENT_BEFORE_N/A_ACTUAL_POS],paroi,CONTAINS,injection,BEFORE,retenu,BEFORE,chirurgical,BEFORE,suites,,
170,52,FR100003,[EVENT_BEFORE_N/A_ACTUAL_POS] --(BEFORE)--> [EVENT_BEFORE_N/A_ACTUAL_POS] | [EVENT_BEFORE_N/A_ACTUAL_POS] --(CONTAINS)--> [EVENT_BEFORE_N/A_ACTUAL_POS],panoramique,BEFORE,ponction,CONTAINS,ramené,,,,,,
170,52,FR100092,[EVENT_BEFORE_N/A_ACTUAL_POS] --(BEFORE)--> [EVENT_BEFORE_N/A_ACTUAL_POS] | [EVENT_BEFORE_N/A_ACTUAL_POS] --(CONTAINS)--> [EVENT_BEFORE_N/A_ACTUAL_POS],reste,BEFORE,minilaparotomie,CONTAINS,reste,,,,,,
170,52,FR100120,[EVENT_BEFORE_N/A_ACTUAL_POS] --(BEFORE)--> [EVENT_BEFORE_N/A_ACTUAL_POS] | [EVENT_BEFORE_N/A_ACTUAL_POS] --(CONTAINS)--> [EVENT_BEFORE_N/A_ACTUAL_POS],reste,BEFORE,traitement,CONTAINS,soins,,,,,,
170,52,FR100130,[EVENT_BEFORE_N/A_ACTUAL_POS] --(BEFORE)--> [EVENT_BEFORE_N/A_ACTUAL_POS] | [EVENT_BEFORE_N/A_ACTUAL_POS] --(CONTAINS)--> [EVENT_BEFORE_N/A_ACTUAL_POS],séjour,BEFORE,bilan,CONTAINS,recherchée,,,,,,
170,52,FR100132,[EVENT_BEFORE_N/A_ACTUAL_POS] --(BEFORE)--> [EVENT_BEFORE_N/A_ACTUAL_POS] | [EVENT_BEFORE_N/A_ACTUAL_POS] --(CONTAINS)--> [EVENT_BEFORE_N/A_ACTUAL_POS],consultation,BEFORE,examen,CONTAINS,palpation,,,,,,
170,52,FR100142,[EVENT_BEFORE_N/A_ACTUAL_POS] --(BEFORE)--> [EVENT_BEFORE_N/A_ACTUAL_POS] | [EVENT_BEFORE_N/A_ACTUAL_POS] --(CONTAINS)--> [EVENT_BEFORE_N/A_ACTUAL_POS],mis,BEFORE,évolution,CONTAINS,taux,,,,,,
170,52,FR100161,[EVENT_BEFORE_N/A_ACTUAL_POS] --(BEFORE)--> [EVENT_BEFORE_N/A_ACTUAL_POS] | [EVENT_BEFORE_N/A_ACTUAL_POS] --(CONTAINS)--> [EVENT_BEFORE_N/A_ACTUAL_POS],examen,BEFORE,examens,CONTAINS,Acti tests,,,,,,
170,52,FR100168,[EVENT_BEFORE_N/A_ACTUAL_POS] --(BEFORE)--> [EVENT_BEFORE_N/A_ACTUAL_POS] | [EVENT_BEFORE_N/A_ACTUAL_POS] --(CONTAINS)--> [EVENT_BEFORE_N/A_ACTUAL_POS],bilan,BEFORE,tests,CONTAINS,recherche,,,,,,
170,52,FR100185,[EVENT_BEFORE_N/A_ACTUAL_POS] --(BEFORE)--> [EVENT_BEFORE_N/A_ACTUAL_POS] | [EVENT_BEFORE_N/A_ACTUAL_POS] --(CONTAINS)--> [EVENT_BEFORE_N/A_ACTUAL_POS],Electromyogramme,BEFORE,IRM,CONTAINS,aspect,,,,,,
170,52,FR100255,[EVENT_BEFORE_N/A_ACTUAL_POS] --(BEFORE)--> [EVENT_BEFORE_N/A_ACTUAL_POS] | [EVENT_BEFORE_N/A_ACTUAL_POS] --(CONTAINS)--> [EVENT_BEFORE_N/A_ACTUAL_POS],mise,BEFORE,traitement,CONTAINS,relais,,,,,,
170,52,FR100275,[EVENT_BEFORE_N/A_ACTUAL_POS] --(BEFORE)--> [EVENT_BEFORE_N/A_ACTUAL_POS] | [EVENT_BEFORE_N/A_ACTUAL_POS] --(CONTAINS)--> [EVENT_BEFORE_N/A_ACTUAL_POS],anamnèse,BEFORE,examen,CONTAINS,pression,,,,,,
170,52,FR100276,[EVENT_BEFORE_N/A_ACTUAL_POS] --(BEFORE)--> [EVENT_BEFORE_N/A_ACTUAL_POS] | [EVENT_BEFORE_N/A_ACTUAL_POS] --(CONTAINS)--> [EVENT_BEFORE_N/A_ACTUAL_POS],grossesses,BEFORE,grossesse,CONTAINS,posé,,,,,,
170,52,FR100283,[EVENT_BEFORE_N/A_ACTUAL_POS] --(BEFORE)--> [EVENT_BEFORE_N/A_ACTUAL_POS] | [EVENT_BEFORE_N/A_ACTUAL_POS] --(CONTAINS)--> [EVENT_BEFORE_N/A_ACTUAL_POS],hypophysiogramme,BEFORE,traitement,CONTAINS,opothérapie,,,,,,
170,52,FR100296,[EVENT_BEFORE_N/A_ACTUAL_POS] --(BEFORE)--> [EVENT_BEFORE_N/A_ACTUAL_POS] | [EVENT_BEFORE_N/A_ACTUAL_POS] --(CONTAINS)--> [EVENT_BEFORE_N/A_ACTUAL_POS],IRM,BEFORE,fenestration,CONTAINS,geste,,,,,,
170,52,FR100314,[EVENT_BEFORE_N/A_ACTUAL_POS] --(BEFORE)--> [EVENT_BEFORE_N/A_ACTUAL_POS] | [EVENT_BEFORE_N/A_ACTUAL_POS] --(CONTAINS)--> [EVENT_BEFORE_N/A_ACTUAL_POS],accident,BEFORE,traumatisme,CONTAINS,admise,,,,,,
170,52,FR100344,[EVENT_BEFORE_N/A_ACTUAL_POS] --(BEFORE)--> [EVENT_BEFORE_N/A_ACTUAL_POS] | [EVENT_BEFORE_N/A_ACTUAL_POS] --(CONTAINS)--> [EVENT_BEFORE_N/A_ACTUAL_POS],développé,BEFORE,suivie,CONTAINS,traitement,,,,,,
170,52,FR100361,[EVENT_BEFORE_N/A_ACTUAL_POS] --(BEFORE)--> [EVENT_BEFORE_N/A_ACTUAL_POS] | [EVENT_BEFORE_N/A_ACTUAL_POS] --(CONTAINS)--> [EVENT_BEFORE_N/A_ACTUAL_POS],admise,BEFORE,examen,CONTAINS,mobilisait,,,,,,
170,52,FR100371,[EVENT_BEFORE_N/A_ACTUAL_POS] --(BEFORE)--> [EVENT_BEFORE_N/A_ACTUAL_POS] | [EVENT_BEFORE_N/A_ACTUAL_POS] --(CONTAINS)--> [EVENT_BEFORE_N/A_ACTUAL_POS],examen,BEFORE,bilan,CONTAINS,bilan,,,,,,
170,52,FR100400,[EVENT_BEFORE_N/A_ACTUAL_POS] --(BEFORE)--> [EVENT_BEFORE_N/A_ACTUAL_POS] | [EVENT_BEFORE_N/A_ACTUAL_POS] --(CONTAINS)--> [EVENT_BEFORE_N/A_ACTUAL_POS],diagnostic,BEFORE,opérée,CONTAINS,reprise,,,,,,
170,52,FR100510,[EVENT_BEFORE_N/A_ACTUAL_POS] --(BEFORE)--> [EVENT_BEFORE_N/A_ACTUAL_POS] | [EVENT_BEFORE_N/A_ACTUAL_POS] --(CONTAINS)--> [EVENT_BEFORE_N/A_ACTUAL_POS],décision,BEFORE,intervention,CONTAINS,hémostase,,,,,,
170,52,FR100515,[EVENT_BEFORE_N/A_ACTUAL_POS] --(BEFORE)--> [EVENT_BEFORE_N/A_ACTUAL_POS] | [EVENT_BEFORE_N/A_ACTUAL_POS] --(CONTAINS)--> [EVENT_BEFORE_N/A_ACTUAL_POS],bilan,BEFORE,bilan,CONTAINS,échographie,,,,,,
170,52,FR100519,[EVENT_BEFORE_N/A_ACTUAL_POS] --(BEFORE)--> [EVENT_BEFORE_N/A_ACTUAL_POS] | [EVENT_BEFORE_N/A_ACTUAL_POS] --(CONTAINS)--> [EVENT_BEFORE_N/A_ACTUAL_POS],admise,BEFORE,évolution,CONTAINS,tuméfaction,,,,,,
170,52,FR100589,[EVENT_BEFORE_N/A_ACTUAL_POS] --(BEFORE)--> [EVENT_BEFORE_N/A_ACTUAL_POS] | [EVENT_BEFORE_N/A_ACTUAL_POS] --(CONTAINS)--> [EVENT_BEFORE_N/A_ACTUAL_POS],demandé,BEFORE,bilan,CONTAINS,myélogramme,,,,,,
170,52,FR100597,[EVENT_BEFORE_N/A_ACTUAL_POS] --(BEFORE)--> [EVENT_BEFORE_N/A_ACTUAL_POS] | [EVENT_BEFORE_N/A_ACTUAL_POS] --(CONTAINS)--> [EVENT_BEFORE_N/A_ACTUAL_POS],hystérectomie,BEFORE,suites,CONTAINS,marquées,,,,,,
170,52,FR100611,[EVENT_BEFORE_N/A_ACTUAL_POS] --(BEFORE)--> [EVENT_BEFORE_N/A_ACTUAL_POS] | [EVENT_BEFORE_N/A_ACTUAL_POS] --(CONTAINS)--> [EVENT_BEFORE_N/A_ACTUAL_POS],PCR,BEFORE,TDM,CONTAINS,image,,,,,,
170,52,FR100614,[EVENT_BEFORE_N/A_ACTUAL_POS] --(BEFORE)--> [EVENT_BEFORE_N/A_ACTUAL_POS] | [EVENT_BEFORE_N/A_ACTUAL_POS] --(CONTAINS)--> [EVENT_BEFORE_N/A_ACTUAL_POS],rupture,BEFORE,intervention,CONTAINS,éviter,,,,,,
170,52,FR100620,[EVENT_BEFORE_N/A_ACTUAL_POS] --(BEFORE)--> [EVENT_BEFORE_N/A_ACTUAL_POS] | [EVENT_BEFORE_N/A_ACTUAL_POS] --(CONTAINS)--> [EVENT_BEFORE_N/A_ACTUAL_POS],bilan,BEFORE,bilan,CONTAINS,radiographies,,,,,,
170,52,FR100629,[EVENT_BEFORE_N/A_ACTUAL_POS] --(BEFORE)--> [EVENT_BEFORE_N/A_ACTUAL_POS] | [EVENT_BEFORE_N/A_ACTUAL_POS] --(CONTAINS)--> [EVENT_BEFORE_N/A_ACTUAL_POS],radiographie,BEFORE,thoracoscopie,CONTAINS,immuno histochimie,,,,,,
170,52,FR100632,[EVENT_BEFORE_N/A_ACTUAL_POS] --(BEFORE)--> [EVENT_BEFORE_N/A_ACTUAL_POS] | [EVENT_BEFORE_N/A_ACTUAL_POS] --(CONTAINS)--> [EVENT_BEFORE_N/A_ACTUAL_POS],bilan,BEFORE,enquête,CONTAINS,taux,,,,,,
170,52,FR100658,[EVENT_BEFORE_N/A_ACTUAL_POS] --(BEFORE)--> [EVENT_BEFORE_N/A_ACTUAL_POS] | [EVENT_BEFORE_N/A_ACTUAL_POS] --(CONTAINS)--> [EVENT_BEFORE_N/A_ACTUAL_POS],prise,BEFORE,anesthésie,CONTAINS,entretien,,,,,,
170,52,FR100663,[EVENT_BEFORE_N/A_ACTUAL_POS] --(BEFORE)--> [EVENT_BEFORE_N/A_ACTUAL_POS] | [EVENT_BEFORE_N/A_ACTUAL_POS] --(CONTAINS)--> [EVENT_BEFORE_N/A_ACTUAL_POS],tenté,BEFORE,bilan,CONTAINS,Taux,,,,,,
170,52,FR100666,[EVENT_BEFORE_N/A_ACTUAL_POS] --(BEFORE)--> [EVENT_BEFORE_N/A_ACTUAL_POS] | [EVENT_BEFORE_N/A_ACTUAL_POS] --(CONTAINS)--> [EVENT_BEFORE_N/A_ACTUAL_POS],polychimiothérapie,BEFORE,COPADEM,CONTAINS,prédnisone,,,,,,
170,52,FR100688,[EVENT_BEFORE_N/A_ACTUAL_POS] --(BEFORE)--> [EVENT_BEFORE_N/A_ACTUAL_POS] | [EVENT_BEFORE_N/A_ACTUAL_POS] --(CONTAINS)--> [EVENT_BEFORE_N/A_ACTUAL_POS],analyse,BEFORE,traitement,CONTAINS,phase,,,,,,
170,52,FR100689,[EVENT_BEFORE_N/A_ACTUAL_POS] --(BEFORE)--> [EVENT_BEFORE_N/A_ACTUAL_POS] | [EVENT_BEFORE_N/A_ACTUAL_POS] --(CONTAINS)--> [EVENT_BEFORE_N/A_ACTUAL_POS],scanner,BEFORE,IRM,CONTAINS,injection,,,,,,
170,52,FR100697,[EVENT_BEFORE_N/A_ACTUAL_POS] --(BEFORE)--> [EVENT_BEFORE_N/A_ACTUAL_POS] | [EVENT_BEFORE_N/A_ACTUAL_POS] --(CONTAINS)--> [EVENT_BEFORE_N/A_ACTUAL_POS],tout,BEFORE,bilan,CONTAINS,biopsie,,,,,,
170,52,FR100708,[EVENT_BEFORE_N/A_ACTUAL_POS] --(BEFORE)--> [EVENT_BEFORE_N/A_ACTUAL_POS] | [EVENT_BEFORE_N/A_ACTUAL_POS] --(CONTAINS)--> [EVENT_BEFORE_N/A_ACTUAL_POS],traitement,BEFORE,consulté,CONTAINS,examen,,,,,,
170,52,FR100717,[EVENT_BEFORE_N/A_ACTUAL_POS] --(BEFORE)--> [EVENT_BEFORE_N/A_ACTUAL_POS] | [EVENT_BEFORE_N/A_ACTUAL_POS] --(CONTAINS)--> [EVENT_BEFORE_N/A_ACTUAL_POS],exploration,BEFORE,suites,CONTAINS,régression,,,,,,
170,52,FR100748,[EVENT_BEFORE_N/A_ACTUAL_POS] --(BEFORE)--> [EVENT_BEFORE_N/A_ACTUAL_POS] | [EVENT_BEFORE_N/A_ACTUAL_POS] --(CONTAINS)--> [EVENT_BEFORE_N/A_ACTUAL_POS],préparation,BEFORE,salle,CONTAINS,préparé,,,,,,
170,52,FR100766,[EVENT_BEFORE_N/A_ACTUAL_POS] --(BEFORE)--> [EVENT_BEFORE_N/A_ACTUAL_POS] | [EVENT_BEFORE_N/A_ACTUAL_POS] --(CONTAINS)--> [EVENT_BEFORE_N/A_ACTUAL_POS],retenu,BEFORE,bénéficié,CONTAINS,mucosectomie,,,,,,
170,52,FR100780,[EVENT_BEFORE_N/A_ACTUAL_POS] --(BEFORE)--> [EVENT_BEFORE_N/A_ACTUAL_POS] | [EVENT_BEFORE_N/A_ACTUAL_POS] --(CONTAINS)--> [EVENT_BEFORE_N/A_ACTUAL_POS],bilan,BEFORE,séances,CONTAINS,circuit,,,,,,
170,52,FR100806,[EVENT_BEFORE_N/A_ACTUAL_POS] --(BEFORE)--> [EVENT_BEFORE_N/A_ACTUAL_POS] | [EVENT_BEFORE_N/A_ACTUAL_POS] --(CONTAINS)--> [EVENT_BEFORE_N/A_ACTUAL_POS],échographies,BEFORE,ponction,CONTAINS,ramené,,,,,,
170,52,FR100826,[EVENT_BEFORE_N/A_ACTUAL_POS] --(BEFORE)--> [EVENT_BEFORE_N/A_ACTUAL_POS] | [EVENT_BEFORE_N/A_ACTUAL_POS] --(CONTAINS)--> [EVENT_BEFORE_N/A_ACTUAL_POS],examen,BEFORE,bilan,CONTAINS,tomodensitométrie,,,,,,
170,52,FR100845,[EVENT_BEFORE_N/A_ACTUAL_POS] --(BEFORE)--> [EVENT_BEFORE_N/A_ACTUAL_POS] | [EVENT_BEFORE_N/A_ACTUAL_POS] --(CONTAINS)--> [EVENT_BEFORE_N/A_ACTUAL_POS],examen,BEFORE,examinés,CONTAINS,examen,,,,,,
170,52,FR100870,[EVENT_BEFORE_N/A_ACTUAL_POS] --(BEFORE)--> [EVENT_BEFORE_N/A_ACTUAL_POS] | [EVENT_BEFORE_N/A_ACTUAL_POS] --(CONTAINS)--> [EVENT_BEFORE_N/A_ACTUAL_POS],IRM,BEFORE,électrophorèse,CONTAINS,découverte,,,,,,
170,52,FR100874,[EVENT_BEFORE_N/A_ACTUAL_POS] --(BEFORE)--> [EVENT_BEFORE_N/A_ACTUAL_POS] | [EVENT_BEFORE_N/A_ACTUAL_POS] --(CONTAINS)--> [EVENT_BEFORE_N/A_ACTUAL_POS],tomodensitométrie,BEFORE,retenu,CONTAINS,hémorragie,,,,,,
170,52,FR100882,[EVENT_BEFORE_N/A_ACTUAL_POS] --(BEFORE)--> [EVENT_BEFORE_N/A_ACTUAL_POS] | [EVENT_BEFORE_N/A_ACTUAL_POS] --(CONTAINS)--> [EVENT_BEFORE_N/A_ACTUAL_POS],sclérothérapie,BEFORE,évolution,CONTAINS,amélioration,,,,,,
170,52,FR100883,[EVENT_BEFORE_N/A_ACTUAL_POS] --(BEFORE)--> [EVENT_BEFORE_N/A_ACTUAL_POS] | [EVENT_BEFORE_N/A_ACTUAL_POS] --(CONTAINS)--> [EVENT_BEFORE_N/A_ACTUAL_POS],bilan,BEFORE,reçu,CONTAINS,cures,,,,,,
170,52,FR100894,[EVENT_BEFORE_N/A_ACTUAL_POS] --(BEFORE)--> [EVENT_BEFORE_N/A_ACTUAL_POS] | [EVENT_BEFORE_N/A_ACTUAL_POS] --(CONTAINS)--> [EVENT_BEFORE_N/A_ACTUAL_POS],pris,BEFORE,incision,CONTAINS,décompression,,,,,,
170,52,FR100903,[EVENT_BEFORE_N/A_ACTUAL_POS] --(BEFORE)--> [EVENT_BEFORE_N/A_ACTUAL_POS] | [EVENT_BEFORE_N/A_ACTUAL_POS] --(CONTAINS)--> [EVENT_BEFORE_N/A_ACTUAL_POS],écarté,BEFORE,contrôles,CONTAINS,biométrie,,,,,,
170,52,FR100946,[EVENT_BEFORE_N/A_ACTUAL_POS] --(BEFORE)--> [EVENT_BEFORE_N/A_ACTUAL_POS] | [EVENT_BEFORE_N/A_ACTUAL_POS] --(CONTAINS)--> [EVENT_BEFORE_N/A_ACTUAL_POS],examen,BEFORE,IRM,CONTAINS,prise,,,,,,
170,52,FR100960,[EVENT_BEFORE_N/A_ACTUAL_POS] --(BEFORE)--> [EVENT_BEFORE_N/A_ACTUAL_POS] | [EVENT_BEFORE_N/A_ACTUAL_POS] --(CONTAINS)--> [EVENT_BEFORE_N/A_ACTUAL_POS],opéré,BEFORE,consulté,CONTAINS,scanner,,,,,,
170,52,FR100998,[EVENT_BEFORE_N/A_ACTUAL_POS] --(BEFORE)--> [EVENT_BEFORE_N/A_ACTUAL_POS] | [EVENT_BEFORE_N/A_ACTUAL_POS] --(CONTAINS)--> [EVENT_BEFORE_N/A_ACTUAL_POS],diagnostic,BEFORE,traitée,CONTAINS,cures,,,,,,
76,51,FR100003,[EVENT_BEFORE_N/A_ACTUAL_POS] --(CONTAINS)--> [EVENT_BEFORE_N/A_ACTUAL_POS] | [EVENT_BEFORE_N/A_ACTUAL_POS] --(BEFORE)--> [EVENT_BEFORE_N/A_ACTUAL_POS],ponction,CONTAINS,ramené,[RETOUR],ponction,BEFORE,examen,,,,
76,51,FR100092,[EVENT_BEFORE_N/A_ACTUAL_POS] --(CONTAINS)--> [EVENT_BEFORE_N/A_ACTUAL_POS] | [EVENT_BEFORE_N/A_ACTUAL_POS] --(BEFORE)--> [EVENT_BEFORE_N/A_ACTUAL_POS],examen,CONTAINS,tension,[RETOUR],examen,BEFORE,examen,,,,
76,51,FR100130,[EVENT_BEFORE_N/A_ACTUAL_POS] --(CONTAINS)--> [EVENT_BEFORE_N/A_ACTUAL_POS] | [EVENT_BEFORE_N/A_ACTUAL_POS] --(BEFORE)--> [EVENT_BEFORE_N/A_ACTUAL_POS],séjour,CONTAINS,réconforté,[RETOUR],séjour,BEFORE,bilan,,,,
76,51,FR100132,[EVENT_BEFORE_N/A_ACTUAL_POS] --(CONTAINS)--> [EVENT_BEFORE_N/A_ACTUAL_POS] | [EVENT_BEFORE_N/A_ACTUAL_POS] --(BEFORE)--> [EVENT_BEFORE_N/A_ACTUAL_POS],consultation,CONTAINS,référée,[RETOUR],consultation,BEFORE,examen,,,,
76,51,FR100161,[EVENT_BEFORE_N/A_ACTUAL_POS] --(CONTAINS)--> [EVENT_BEFORE_N/A_ACTUAL_POS] | [EVENT_BEFORE_N/A_ACTUAL_POS] --(BEFORE)--> [EVENT_BEFORE_N/A_ACTUAL_POS],examens,CONTAINS,Acti tests,[RETOUR],examens,BEFORE,radiographie,,,,
76,51,FR100168,[EVENT_BEFORE_N/A_ACTUAL_POS] --(CONTAINS)--> [EVENT_BEFORE_N/A_ACTUAL_POS] | [EVENT_BEFORE_N/A_ACTUAL_POS] --(BEFORE)--> [EVENT_BEFORE_N/A_ACTUAL_POS],tests,CONTAINS,temps,[RETOUR],tests,BEFORE,entretien,,,,
76,51,FR100255,[EVENT_BEFORE_N/A_ACTUAL_POS] --(CONTAINS)--> [EVENT_BEFORE_N/A_ACTUAL_POS] | [EVENT_BEFORE_N/A_ACTUAL_POS] --(BEFORE)--> [EVENT_BEFORE_N/A_ACTUAL_POS],échographie,CONTAINS,confirmation,[RETOUR],échographie,BEFORE,mise,,,,
76,51,FR100275,[EVENT_BEFORE_N/A_ACTUAL_POS] --(CONTAINS)--> [EVENT_BEFORE_N/A_ACTUAL_POS] | [EVENT_BEFORE_N/A_ACTUAL_POS] --(BEFORE)--> [EVENT_BEFORE_N/A_ACTUAL_POS],manœuvres,CONTAINS,dégagement,[RETOUR],manœuvres,BEFORE,transféré,,,,
76,51,FR100276,[EVENT_BEFORE_N/A_ACTUAL_POS] --(CONTAINS)--> [EVENT_BEFORE_N/A_ACTUAL_POS] | [EVENT_BEFORE_N/A_ACTUAL_POS] --(BEFORE)--> [EVENT_BEFORE_N/A_ACTUAL_POS],biopsie,CONTAINS,examen,[RETOUR],biopsie,BEFORE,posé,,,,
76,51,FR100283,[EVENT_BEFORE_N/A_ACTUAL_POS] --(CONTAINS)--> [EVENT_BEFORE_N/A_ACTUAL_POS] | [EVENT_BEFORE_N/A_ACTUAL_POS] --(BEFORE)--> [EVENT_BEFORE_N/A_ACTUAL_POS],traitement,CONTAINS,opothérapie,[RETOUR],traitement,BEFORE,évolution,,,,
76,51,FR100296,[EVENT_BEFORE_N/A_ACTUAL_POS] --(CONTAINS)--> [EVENT_BEFORE_N/A_ACTUAL_POS] | [EVENT_BEFORE_N/A_ACTUAL_POS] --(BEFORE)--> [EVENT_BEFORE_N/A_ACTUAL_POS],fenestration,CONTAINS,geste,[RETOUR],fenestration,BEFORE,suites,,,,
76,51,FR100344,[EVENT_BEFORE_N/A_ACTUAL_POS] --(CONTAINS)--> [EVENT_BEFORE_N/A_ACTUAL_POS] | [EVENT_BEFORE_N/A_ACTUAL_POS] --(BEFORE)--> [EVENT_BEFORE_N/A_ACTUAL_POS],bilan,CONTAINS,échographie,[RETOUR],bilan,BEFORE,contrôle,,,,
76,51,FR100346,[EVENT_BEFORE_N/A_ACTUAL_POS] --(CONTAINS)--> [EVENT_BEFORE_N/A_ACTUAL_POS] | [EVENT_BEFORE_N/A_ACTUAL_POS] --(BEFORE)--> [EVENT_BEFORE_N/A_ACTUAL_POS],examen,CONTAINS,reste,[RETOUR],examen,BEFORE,gazométrie,,,,
76,51,FR100360,[EVENT_BEFORE_N/A_ACTUAL_POS] --(CONTAINS)--> [EVENT_BEFORE_N/A_ACTUAL_POS] | [EVENT_BEFORE_N/A_ACTUAL_POS] --(BEFORE)--> [EVENT_BEFORE_N/A_ACTUAL_POS],colpohystérectomie,CONTAINS,curage,[RETOUR],colpohystérectomie,BEFORE,examen,,,,
76,51,FR100361,[EVENT_BEFORE_N/A_ACTUAL_POS] --(CONTAINS)--> [EVENT_BEFORE_N/A_ACTUAL_POS] | [EVENT_BEFORE_N/A_ACTUAL_POS] --(BEFORE)--> [EVENT_BEFORE_N/A_ACTUAL_POS],prolactinémie,CONTAINS,passée,[RETOUR],prolactinémie,BEFORE,améliorée,,,,
76,51,FR100371,[EVENT_BEFORE_N/A_ACTUAL_POS] --(CONTAINS)--> [EVENT_BEFORE_N/A_ACTUAL_POS] | [EVENT_BEFORE_N/A_ACTUAL_POS] --(BEFORE)--> [EVENT_BEFORE_N/A_ACTUAL_POS],suite,CONTAINS,douleur,[RETOUR],suite,BEFORE,sortie,,,,
76,51,FR100400,[EVENT_BEFORE_N/A_ACTUAL_POS] --(CONTAINS)--> [EVENT_BEFORE_N/A_ACTUAL_POS] | [EVENT_BEFORE_N/A_ACTUAL_POS] --(BEFORE)--> [EVENT_BEFORE_N/A_ACTUAL_POS],suites,CONTAINS,retiré,[RETOUR],suites,BEFORE,suivie,,,,
76,51,FR100448,[EVENT_BEFORE_N/A_ACTUAL_POS] --(CONTAINS)--> [EVENT_BEFORE_N/A_ACTUAL_POS] | [EVENT_BEFORE_N/A_ACTUAL_POS] --(BEFORE)--> [EVENT_BEFORE_N/A_ACTUAL_POS],examen,CONTAINS,reste,[RETOUR],examen,BEFORE,échotomographie,,,,
76,51,FR100515,[EVENT_BEFORE_N/A_ACTUAL_POS] --(CONTAINS)--> [EVENT_BEFORE_N/A_ACTUAL_POS] | [EVENT_BEFORE_N/A_ACTUAL_POS] --(BEFORE)--> [EVENT_BEFORE_N/A_ACTUAL_POS],bilan,CONTAINS,recherche,[RETOUR],bilan,BEFORE,bilan,,,,
76,51,FR100517,[EVENT_BEFORE_N/A_ACTUAL_POS] --(CONTAINS)--> [EVENT_BEFORE_N/A_ACTUAL_POS] | [EVENT_BEFORE_N/A_ACTUAL_POS] --(BEFORE)--> [EVENT_BEFORE_N/A_ACTUAL_POS],bilan,CONTAINS,fibroscopie,[RETOUR],bilan,BEFORE,mise,,,,
76,51,FR100519,[EVENT_BEFORE_N/A_ACTUAL_POS] --(CONTAINS)--> [EVENT_BEFORE_N/A_ACTUAL_POS] | [EVENT_BEFORE_N/A_ACTUAL_POS] --(BEFORE)--> [EVENT_BEFORE_N/A_ACTUAL_POS],hémogramme,CONTAINS,bilan,[RETOUR],hémogramme,BEFORE,remplissage,,,,
76,51,FR100589,[EVENT_BEFORE_N/A_ACTUAL_POS] --(CONTAINS)--> [EVENT_BEFORE_N/A_ACTUAL_POS] | [EVENT_BEFORE_N/A_ACTUAL_POS] --(BEFORE)--> [EVENT_BEFORE_N/A_ACTUAL_POS],lavage,CONTAINS,recherche,[RETOUR],lavage,BEFORE,biopsies,,,,
76,51,FR100597,[EVENT_BEFORE_N/A_ACTUAL_POS] --(CONTAINS)--> [EVENT_BEFORE_N/A_ACTUAL_POS] | [EVENT_BEFORE_N/A_ACTUAL_POS] --(BEFORE)--> [EVENT_BEFORE_N/A_ACTUAL_POS],hystérectomie,CONTAINS,annexectomie,[RETOUR],hystérectomie,BEFORE,suites,,,,
76,51,FR100603,[EVENT_BEFORE_N/A_ACTUAL_POS] --(CONTAINS)--> [EVENT_BEFORE_N/A_ACTUAL_POS] | [EVENT_BEFORE_N/A_ACTUAL_POS] --(BEFORE)--> [EVENT_BEFORE_N/A_ACTUAL_POS],chirurgie,CONTAINS,remplacée,[RETOUR],chirurgie,BEFORE,hémocultures,,,,
76,51,FR100611,[EVENT_BEFORE_N/A_ACTUAL_POS] --(CONTAINS)--> [EVENT_BEFORE_N/A_ACTUAL_POS] | [EVENT_BEFORE_N/A_ACTUAL_POS] --(BEFORE)--> [EVENT_BEFORE_N/A_ACTUAL_POS],TDM,CONTAINS,image,[RETOUR],TDM,BEFORE,biopsie,,,,
76,51,FR100614,[EVENT_BEFORE_N/A_ACTUAL_POS] --(CONTAINS)--> [EVENT_BEFORE_N/A_ACTUAL_POS] | [EVENT_BEFORE_N/A_ACTUAL_POS] --(BEFORE)--> [EVENT_BEFORE_N/A_ACTUAL_POS],intervention,CONTAINS,éviter,[RETOUR],intervention,BEFORE,résection,,,,
76,51,FR100620,[EVENT_BEFORE_N/A_ACTUAL_POS] --(CONTAINS)--> [EVENT_BEFORE_N/A_ACTUAL_POS] | [EVENT_BEFORE_N/A_ACTUAL_POS] --(BEFORE)--> [EVENT_BEFORE_N/A_ACTUAL_POS],bilan,CONTAINS,pléthysmographie,[RETOUR],bilan,BEFORE,bilan,,,,
76,51,FR100629,[EVENT_BEFORE_N/A_ACTUAL_POS] --(CONTAINS)--> [EVENT_BEFORE_N/A_ACTUAL_POS] | [EVENT_BEFORE_N/A_ACTUAL_POS] --(BEFORE)--> [EVENT_BEFORE_N/A_ACTUAL_POS],thoracoscopie,CONTAINS,immuno histochimie,[RETOUR],thoracoscopie,BEFORE,marquage,,,,
76,51,FR100632,[EVENT_BEFORE_N/A_ACTUAL_POS] --(CONTAINS)--> [EVENT_BEFORE_N/A_ACTUAL_POS] | [EVENT_BEFORE_N/A_ACTUAL_POS] --(BEFORE)--> [EVENT_BEFORE_N/A_ACTUAL_POS],étude,CONTAINS,culture,[RETOUR],étude,BEFORE,numération,,,,
76,51,FR100658,[EVENT_BEFORE_N/A_ACTUAL_POS] --(CONTAINS)--> [EVENT_BEFORE_N/A_ACTUAL_POS] | [EVENT_BEFORE_N/A_ACTUAL_POS] --(BEFORE)--> [EVENT_BEFORE_N/A_ACTUAL_POS],auscultation,CONTAINS,pression,[RETOUR],auscultation,BEFORE,examens,,,,
76,51,FR100663,[EVENT_BEFORE_N/A_ACTUAL_POS] --(CONTAINS)--> [EVENT_BEFORE_N/A_ACTUAL_POS] | [EVENT_BEFORE_N/A_ACTUAL_POS] --(BEFORE)--> [EVENT_BEFORE_N/A_ACTUAL_POS],traitement,CONTAINS,ouverture,[RETOUR],traitement,BEFORE,exploration,,,,
76,51,FR100666,[EVENT_BEFORE_N/A_ACTUAL_POS] --(CONTAINS)--> [EVENT_BEFORE_N/A_ACTUAL_POS] | [EVENT_BEFORE_N/A_ACTUAL_POS] --(BEFORE)--> [EVENT_BEFORE_N/A_ACTUAL_POS],polychimiothérapie,CONTAINS,COP,[RETOUR],polychimiothérapie,BEFORE,COPADEM,,,,
76,51,FR100688,[EVENT_BEFORE_N/A_ACTUAL_POS] --(CONTAINS)--> [EVENT_BEFORE_N/A_ACTUAL_POS] | [EVENT_BEFORE_N/A_ACTUAL_POS] --(BEFORE)--> [EVENT_BEFORE_N/A_ACTUAL_POS],traitement,CONTAINS,phase,[RETOUR],traitement,BEFORE,évolution,,,,
76,51,FR100689,[EVENT_BEFORE_N/A_ACTUAL_POS] --(CONTAINS)--> [EVENT_BEFORE_N/A_ACTUAL_POS] | [EVENT_BEFORE_N/A_ACTUAL_POS] --(BEFORE)--> [EVENT_BEFORE_N/A_ACTUAL_POS],IRM,CONTAINS,injection,[RETOUR],IRM,BEFORE,étude,,,,
76,51,FR100697,[EVENT_BEFORE_N/A_ACTUAL_POS] --(CONTAINS)--> [EVENT_BEFORE_N/A_ACTUAL_POS] | [EVENT_BEFORE_N/A_ACTUAL_POS] --(BEFORE)--> [EVENT_BEFORE_N/A_ACTUAL_POS],bilan,CONTAINS,biopsie,[RETOUR],bilan,BEFORE,test,,,,
76,51,FR100708,[EVENT_BEFORE_N/A_ACTUAL_POS] --(CONTAINS)--> [EVENT_BEFORE_N/A_ACTUAL_POS] | [EVENT_BEFORE_N/A_ACTUAL_POS] --(BEFORE)--> [EVENT_BEFORE_N/A_ACTUAL_POS],ponction,CONTAINS,ramenant,[RETOUR],ponction,BEFORE,étude,,,,
76,51,FR100748,[EVENT_BEFORE_N/A_ACTUAL_POS] --(CONTAINS)--> [EVENT_BEFORE_N/A_ACTUAL_POS] | [EVENT_BEFORE_N/A_ACTUAL_POS] --(BEFORE)--> [EVENT_BEFORE_N/A_ACTUAL_POS],préparation,CONTAINS,laxatifs,[RETOUR],préparation,BEFORE,salle,,,,
76,51,FR100766,[EVENT_BEFORE_N/A_ACTUAL_POS] --(CONTAINS)--> [EVENT_BEFORE_N/A_ACTUAL_POS] | [EVENT_BEFORE_N/A_ACTUAL_POS] --(BEFORE)--> [EVENT_BEFORE_N/A_ACTUAL_POS],amputation,CONTAINS,confection,[RETOUR],amputation,BEFORE,propre,,,,
76,51,FR100780,[EVENT_BEFORE_N/A_ACTUAL_POS] --(CONTAINS)--> [EVENT_BEFORE_N/A_ACTUAL_POS] | [EVENT_BEFORE_N/A_ACTUAL_POS] --(BEFORE)--> [EVENT_BEFORE_N/A_ACTUAL_POS],examen,CONTAINS,température,[RETOUR],examen,BEFORE,toucher,,,,
76,51,FR100806,[EVENT_BEFORE_N/A_ACTUAL_POS] --(CONTAINS)--> [EVENT_BEFORE_N/A_ACTUAL_POS] | [EVENT_BEFORE_N/A_ACTUAL_POS] --(BEFORE)--> [EVENT_BEFORE_N/A_ACTUAL_POS],biologie,CONTAINS,NFS,[RETOUR],biologie,BEFORE,hospitalisée,,,,
76,51,FR100814,[EVENT_BEFORE_N/A_ACTUAL_POS] --(CONTAINS)--> [EVENT_BEFORE_N/A_ACTUAL_POS] | [EVENT_BEFORE_N/A_ACTUAL_POS] --(BEFORE)--> [EVENT_BEFORE_N/A_ACTUAL_POS],IRM,CONTAINS,injection,[RETOUR],IRM,BEFORE,diagnostic,,,,
76,51,FR100826,[EVENT_BEFORE_N/A_ACTUAL_POS] --(CONTAINS)--> [EVENT_BEFORE_N/A_ACTUAL_POS] | [EVENT_BEFORE_N/A_ACTUAL_POS] --(BEFORE)--> [EVENT_BEFORE_N/A_ACTUAL_POS],bilan,CONTAINS,tomodensitométrie,[RETOUR],bilan,BEFORE,bilan,,,,
76,51,FR100845,[EVENT_BEFORE_N/A_ACTUAL_POS] --(CONTAINS)--> [EVENT_BEFORE_N/A_ACTUAL_POS] | [EVENT_BEFORE_N/A_ACTUAL_POS] --(BEFORE)--> [EVENT_BEFORE_N/A_ACTUAL_POS],examen,CONTAINS,toucher,[RETOUR],examen,BEFORE,échographie,,,,
76,51,FR100849,[EVENT_BEFORE_N/A_ACTUAL_POS] --(CONTAINS)--> [EVENT_BEFORE_N/A_ACTUAL_POS] | [EVENT_BEFORE_N/A_ACTUAL_POS] --(BEFORE)--> [EVENT_BEFORE_N/A_ACTUAL_POS],admission,CONTAINS,examen,[RETOUR],admission,BEFORE,tomodensitométrie,,,,
76,51,FR100870,[EVENT_BEFORE_N/A_ACTUAL_POS] --(CONTAINS)--> [EVENT_BEFORE_N/A_ACTUAL_POS] | [EVENT_BEFORE_N/A_ACTUAL_POS] --(BEFORE)--> [EVENT_BEFORE_N/A_ACTUAL_POS],électrophorèse,CONTAINS,découverte,[RETOUR],électrophorèse,BEFORE,immunosoustraction,,,,
76,51,FR100874,[EVENT_BEFORE_N/A_ACTUAL_POS] --(CONTAINS)--> [EVENT_BEFORE_N/A_ACTUAL_POS] | [EVENT_BEFORE_N/A_ACTUAL_POS] --(BEFORE)--> [EVENT_BEFORE_N/A_ACTUAL_POS],admission,CONTAINS,interrogatoire,[RETOUR],admission,BEFORE,examen,,,,
76,51,FR100903,[EVENT_BEFORE_N/A_ACTUAL_POS] --(CONTAINS)--> [EVENT_BEFORE_N/A_ACTUAL_POS] | [EVENT_BEFORE_N/A_ACTUAL_POS] --(BEFORE)--> [EVENT_BEFORE_N/A_ACTUAL_POS],contrôles,CONTAINS,biométrie,[RETOUR],contrôles,BEFORE,accouchement,,,,
76,51,FR100919,[EVENT_BEFORE_N/A_ACTUAL_POS] --(CONTAINS)--> [EVENT_BEFORE_N/A_ACTUAL_POS] | [EVENT_BEFORE_N/A_ACTUAL_POS] --(BEFORE)--> [EVENT_BEFORE_N/A_ACTUAL_POS],correction,CONTAINS,injection,[RETOUR],correction,BEFORE,adressée,,,,
76,51,FR100946,[EVENT_BEFORE_N/A_ACTUAL_POS] --(CONTAINS)--> [EVENT_BEFORE_N/A_ACTUAL_POS] | [EVENT_BEFORE_N/A_ACTUAL_POS] --(BEFORE)--> [EVENT_BEFORE_N/A_ACTUAL_POS],IRM,CONTAINS,prise,[RETOUR],IRM,BEFORE,analyse,,,,
76,51,FR100959,[EVENT_BEFORE_N/A_ACTUAL_POS] --(CONTAINS)--> [EVENT_BEFORE_N/A_ACTUAL_POS] | [EVENT_BEFORE_N/A_ACTUAL_POS] --(BEFORE)--> [EVENT_BEFORE_N/A_ACTUAL_POS],œsophagoscopie,CONTAINS,permis,[RETOUR],œsophagoscopie,BEFORE,Transit,,,,
76,51,FR100998,[EVENT_BEFORE_N/A_ACTUAL_POS] --(CONTAINS)--> [EVENT_BEFORE_N/A_ACTUAL_POS] | [EVENT_BEFORE_N/A_ACTUAL_POS] --(BEFORE)--> [EVENT_BEFORE_N/A_ACTUAL_POS],traitée,CONTAINS,cures,[RETOUR],traitée,BEFORE,bilan,,,,
173,50,FR100003,[EVENT_BEFORE_N/A_ACTUAL_POS] --(BEFORE)--> [EVENT_BEFORE_N/A_ACTUAL_POS] | [EVENT_BEFORE_N/A_ACTUAL_POS] --(BEFORE)--> [EVENT_BEFORE_N/A_ACTUAL_POS],drainage,BEFORE,traitement,[RETOUR],drainage,BEFORE,extraction,,,,
173,50,FR100120,[EVENT_BEFORE_N/A_ACTUAL_POS] --(BEFORE)--> [EVENT_BEFORE_N/A_ACTUAL_POS] | [EVENT_BEFORE_N/A_ACTUAL_POS] --(BEFORE)--> [EVENT_BEFORE_N/A_ACTUAL_POS],reste,BEFORE,traitement,[RETOUR],reste,BEFORE,bilan,,,,
173,50,FR100130,[EVENT_BEFORE_N/A_ACTUAL_POS] --(BEFORE)--> [EVENT_BEFORE_N/A_ACTUAL_POS] | [EVENT_BEFORE_N/A_ACTUAL_POS] --(BEFORE)--> [EVENT_BEFORE_N/A_ACTUAL_POS],glycémie,BEFORE,bilan,[RETOUR],glycémie,BEFORE,confirmé,,,,
173,50,FR100142,[EVENT_BEFORE_N/A_ACTUAL_POS] --(BEFORE)--> [EVENT_BEFORE_N/A_ACTUAL_POS] | [EVENT_BEFORE_N/A_ACTUAL_POS] --(BEFORE)--> [EVENT_BEFORE_N/A_ACTUAL_POS],fibroscopie,BEFORE,biopsie,[RETOUR],fibroscopie,BEFORE,colonoscopie,,,,
173,50,FR100161,[EVENT_BEFORE_N/A_ACTUAL_POS] --(BEFORE)--> [EVENT_BEFORE_N/A_ACTUAL_POS] | [EVENT_BEFORE_N/A_ACTUAL_POS] --(BEFORE)--> [EVENT_BEFORE_N/A_ACTUAL_POS],cortisol,BEFORE,dérivés,[RETOUR],cortisol,BEFORE,exérèse,,,,
173,50,FR100168,[EVENT_BEFORE_N/A_ACTUAL_POS] --(BEFORE)--> [EVENT_BEFORE_N/A_ACTUAL_POS] | [EVENT_BEFORE_N/A_ACTUAL_POS] --(BEFORE)--> [EVENT_BEFORE_N/A_ACTUAL_POS],examen,BEFORE,bilan,[RETOUR],examen,BEFORE,ostéosynthèse,,,,
173,50,FR100255,[EVENT_BEFORE_N/A_ACTUAL_POS] --(BEFORE)--> [EVENT_BEFORE_N/A_ACTUAL_POS] | [EVENT_BEFORE_N/A_ACTUAL_POS] --(BEFORE)--> [EVENT_BEFORE_N/A_ACTUAL_POS],mise,BEFORE,oxygénothérapie,[RETOUR],mise,BEFORE,traitement,,,,
173,50,FR100276,[EVENT_BEFORE_N/A_ACTUAL_POS] --(BEFORE)--> [EVENT_BEFORE_N/A_ACTUAL_POS] | [EVENT_BEFORE_N/A_ACTUAL_POS] --(BEFORE)--> [EVENT_BEFORE_N/A_ACTUAL_POS],accouchement,BEFORE,reste,[RETOUR],accouchement,BEFORE,poids,,,,
173,50,FR100282,[EVENT_BEFORE_N/A_ACTUAL_POS] --(BEFORE)--> [EVENT_BEFORE_N/A_ACTUAL_POS] | [EVENT_BEFORE_N/A_ACTUAL_POS] --(BEFORE)--> [EVENT_BEFORE_N/A_ACTUAL_POS],monothérapie,BEFORE,consulte,[RETOUR],monothérapie,BEFORE,multithérapie,,,,
173,50,FR100283,[EVENT_BEFORE_N/A_ACTUAL_POS] --(BEFORE)--> [EVENT_BEFORE_N/A_ACTUAL_POS] | [EVENT_BEFORE_N/A_ACTUAL_POS] --(BEFORE)--> [EVENT_BEFORE_N/A_ACTUAL_POS],bilan,BEFORE,IRM,[RETOUR],bilan,BEFORE,ponction,,,,
173,50,FR100344,[EVENT_BEFORE_N/A_ACTUAL_POS] --(BEFORE)--> [EVENT_BEFORE_N/A_ACTUAL_POS] | [EVENT_BEFORE_N/A_ACTUAL_POS] --(BEFORE)--> [EVENT_BEFORE_N/A_ACTUAL_POS],développé,BEFORE,contrôle,[RETOUR],développé,BEFORE,suivie,,,,
173,50,FR100360,[EVENT_BEFORE_N/A_ACTUAL_POS] --(BEFORE)--> [EVENT_BEFORE_N/A_ACTUAL_POS] | [EVENT_BEFORE_N/A_ACTUAL_POS] --(BEFORE)--> [EVENT_BEFORE_N/A_ACTUAL_POS],biopsie,BEFORE,étude,[RETOUR],biopsie,BEFORE,tomodensitométrie,,,,
173,50,FR100371,[EVENT_BEFORE_N/A_ACTUAL_POS] --(BEFORE)--> [EVENT_BEFORE_N/A_ACTUAL_POS] | [EVENT_BEFORE_N/A_ACTUAL_POS] --(BEFORE)--> [EVENT_BEFORE_N/A_ACTUAL_POS],envoyée,BEFORE,examen,[RETOUR],envoyée,BEFORE,résultat,,,,
173,50,FR100400,[EVENT_BEFORE_N/A_ACTUAL_POS] --(BEFORE)--> [EVENT_BEFORE_N/A_ACTUAL_POS] | [EVENT_BEFORE_N/A_ACTUAL_POS] --(BEFORE)--> [EVENT_BEFORE_N/A_ACTUAL_POS],diagnostic,BEFORE,exploration,[RETOUR],diagnostic,BEFORE,opérée,,,,
173,50,FR100439,[EVENT_BEFORE_N/A_ACTUAL_POS] --(BEFORE)--> [EVENT_BEFORE_N/A_ACTUAL_POS] | [EVENT_BEFORE_N/A_ACTUAL_POS] --(BEFORE)--> [EVENT_BEFORE_N/A_ACTUAL_POS],analyse,BEFORE,demandée,[RETOUR],analyse,BEFORE,exploration,,,,
173,50,FR100480,[EVENT_BEFORE_N/A_ACTUAL_POS] --(BEFORE)--> [EVENT_BEFORE_N/A_ACTUAL_POS] | [EVENT_BEFORE_N/A_ACTUAL_POS] --(BEFORE)--> [EVENT_BEFORE_N/A_ACTUAL_POS],bilan,BEFORE,biopsie,[RETOUR],bilan,BEFORE,analyse,,,,
173,50,FR100510,[EVENT_BEFORE_N/A_ACTUAL_POS] --(BEFORE)--> [EVENT_BEFORE_N/A_ACTUAL_POS] | [EVENT_BEFORE_N/A_ACTUAL_POS] --(BEFORE)--> [EVENT_BEFORE_N/A_ACTUAL_POS],décision,BEFORE,exerce,[RETOUR],décision,BEFORE,intervention,,,,
173,50,FR100515,[EVENT_BEFORE_N/A_ACTUAL_POS] --(BEFORE)--> [EVENT_BEFORE_N/A_ACTUAL_POS] | [EVENT_BEFORE_N/A_ACTUAL_POS] --(BEFORE)--> [EVENT_BEFORE_N/A_ACTUAL_POS],résistance,BEFORE,traitement,[RETOUR],résistance,BEFORE,évolution,,,,
173,50,FR100519,[EVENT_BEFORE_N/A_ACTUAL_POS] --(BEFORE)--> [EVENT_BEFORE_N/A_ACTUAL_POS] | [EVENT_BEFORE_N/A_ACTUAL_POS] --(BEFORE)--> [EVENT_BEFORE_N/A_ACTUAL_POS],admise,BEFORE,admise,[RETOUR],admise,BEFORE,évolution,,,,
173,50,FR100579,[EVENT_BEFORE_N/A_ACTUAL_POS] --(BEFORE)--> [EVENT_BEFORE_N/A_ACTUAL_POS] | [EVENT_BEFORE_N/A_ACTUAL_POS] --(BEFORE)--> [EVENT_BEFORE_N/A_ACTUAL_POS],bilan,BEFORE,étude,[RETOUR],bilan,BEFORE,recherche,,,,
173,50,FR100589,[EVENT_BEFORE_N/A_ACTUAL_POS] --(BEFORE)--> [EVENT_BEFORE_N/A_ACTUAL_POS] | [EVENT_BEFORE_N/A_ACTUAL_POS] --(BEFORE)--> [EVENT_BEFORE_N/A_ACTUAL_POS],caryotype,BEFORE,biopsie,[RETOUR],caryotype,BEFORE,sérologie,,,,
173,50,FR100597,[EVENT_BEFORE_N/A_ACTUAL_POS] --(BEFORE)--> [EVENT_BEFORE_N/A_ACTUAL_POS] | [EVENT_BEFORE_N/A_ACTUAL_POS] --(BEFORE)--> [EVENT_BEFORE_N/A_ACTUAL_POS],fibroscopie,BEFORE,coloscopie,[RETOUR],fibroscopie,BEFORE,marqueurs,,,,
173,50,FR100611,[EVENT_BEFORE_N/A_ACTUAL_POS] --(BEFORE)--> [EVENT_BEFORE_N/A_ACTUAL_POS] | [EVENT_BEFORE_N/A_ACTUAL_POS] --(BEFORE)--> [EVENT_BEFORE_N/A_ACTUAL_POS],examen,BEFORE,cultures,[RETOUR],examen,BEFORE,PCR,,,,
173,50,FR100614,[EVENT_BEFORE_N/A_ACTUAL_POS] --(BEFORE)--> [EVENT_BEFORE_N/A_ACTUAL_POS] | [EVENT_BEFORE_N/A_ACTUAL_POS] --(BEFORE)--> [EVENT_BEFORE_N/A_ACTUAL_POS],radiographie,BEFORE,taux,[RETOUR],radiographie,BEFORE,échographie,,,,
173,50,FR100620,[EVENT_BEFORE_N/A_ACTUAL_POS] --(BEFORE)--> [EVENT_BEFORE_N/A_ACTUAL_POS] | [EVENT_BEFORE_N/A_ACTUAL_POS] --(BEFORE)--> [EVENT_BEFORE_N/A_ACTUAL_POS],pleurodèse,BEFORE,biopsie,[RETOUR],pleurodèse,BEFORE,biopsie,,,,
173,50,FR100623,[EVENT_BEFORE_N/A_ACTUAL_POS] --(BEFORE)--> [EVENT_BEFORE_N/A_ACTUAL_POS] | [EVENT_BEFORE_N/A_ACTUAL_POS] --(BEFORE)--> [EVENT_BEFORE_N/A_ACTUAL_POS],examen,BEFORE,bilan,[RETOUR],examen,BEFORE,échographie,,,,
173,50,FR100629,[EVENT_BEFORE_N/A_ACTUAL_POS] --(BEFORE)--> [EVENT_BEFORE_N/A_ACTUAL_POS] | [EVENT_BEFORE_N/A_ACTUAL_POS] --(BEFORE)--> [EVENT_BEFORE_N/A_ACTUAL_POS],radiographie,BEFORE,thoracoscopie,[RETOUR],radiographie,BEFORE,TDM,,,,
173,50,FR100632,[EVENT_BEFORE_N/A_ACTUAL_POS] --(BEFORE)--> [EVENT_BEFORE_N/A_ACTUAL_POS] | [EVENT_BEFORE_N/A_ACTUAL_POS] --(BEFORE)--> [EVENT_BEFORE_N/A_ACTUAL_POS],radiographie,BEFORE,examen,[RETOUR],radiographie,BEFORE,tomodensitométrie,,,,
173,50,FR100663,[EVENT_BEFORE_N/A_ACTUAL_POS] --(BEFORE)--> [EVENT_BEFORE_N/A_ACTUAL_POS] | [EVENT_BEFORE_N/A_ACTUAL_POS] --(BEFORE)--> [EVENT_BEFORE_N/A_ACTUAL_POS],tenté,BEFORE,contrôle,[RETOUR],tenté,BEFORE,bilan,,,,
173,50,FR100666,[EVENT_BEFORE_N/A_ACTUAL_POS] --(BEFORE)--> [EVENT_BEFORE_N/A_ACTUAL_POS] | [EVENT_BEFORE_N/A_ACTUAL_POS] --(BEFORE)--> [EVENT_BEFORE_N/A_ACTUAL_POS],biopsie,BEFORE,examen,[RETOUR],biopsie,BEFORE,étude,,,,
173,50,FR100683,[EVENT_BEFORE_N/A_ACTUAL_POS] --(BEFORE)--> [EVENT_BEFORE_N/A_ACTUAL_POS] | [EVENT_BEFORE_N/A_ACTUAL_POS] --(BEFORE)--> [EVENT_BEFORE_N/A_ACTUAL_POS],osteodensitométrie,BEFORE,IRM,[RETOUR],osteodensitométrie,BEFORE,traitée,,,,
173,50,FR100688,[EVENT_BEFORE_N/A_ACTUAL_POS] --(BEFORE)--> [EVENT_BEFORE_N/A_ACTUAL_POS] | [EVENT_BEFORE_N/A_ACTUAL_POS] --(BEFORE)--> [EVENT_BEFORE_N/A_ACTUAL_POS],sérologie,BEFORE,intradermoréaction,[RETOUR],sérologie,BEFORE,radiographie,,,,
173,50,FR100689,[EVENT_BEFORE_N/A_ACTUAL_POS] --(BEFORE)--> [EVENT_BEFORE_N/A_ACTUAL_POS] | [EVENT_BEFORE_N/A_ACTUAL_POS] --(BEFORE)--> [EVENT_BEFORE_N/A_ACTUAL_POS],demandé,BEFORE,examen,[RETOUR],demandé,BEFORE,avis,,,,
173,50,FR100697,[EVENT_BEFORE_N/A_ACTUAL_POS] --(BEFORE)--> [EVENT_BEFORE_N/A_ACTUAL_POS] | [EVENT_BEFORE_N/A_ACTUAL_POS] --(BEFORE)--> [EVENT_BEFORE_N/A_ACTUAL_POS],examen,BEFORE,mammographie,[RETOUR],examen,BEFORE,reste,,,,
173,50,FR100708,[EVENT_BEFORE_N/A_ACTUAL_POS] --(BEFORE)--> [EVENT_BEFORE_N/A_ACTUAL_POS] | [EVENT_BEFORE_N/A_ACTUAL_POS] --(BEFORE)--> [EVENT_BEFORE_N/A_ACTUAL_POS],demandée,BEFORE,IRM,[RETOUR],demandée,BEFORE,tests,,,,
173,50,FR100748,[EVENT_BEFORE_N/A_ACTUAL_POS] --(BEFORE)--> [EVENT_BEFORE_N/A_ACTUAL_POS] | [EVENT_BEFORE_N/A_ACTUAL_POS] --(BEFORE)--> [EVENT_BEFORE_N/A_ACTUAL_POS],chiffres,BEFORE,Nicardipine,[RETOUR],chiffres,BEFORE,hydroxyzine,,,,
173,50,FR100766,[EVENT_BEFORE_N/A_ACTUAL_POS] --(BEFORE)--> [EVENT_BEFORE_N/A_ACTUAL_POS] | [EVENT_BEFORE_N/A_ACTUAL_POS] --(BEFORE)--> [EVENT_BEFORE_N/A_ACTUAL_POS],retenu,BEFORE,traitement,[RETOUR],retenu,BEFORE,bénéficié,,,,
173,50,FR100780,[EVENT_BEFORE_N/A_ACTUAL_POS] --(BEFORE)--> [EVENT_BEFORE_N/A_ACTUAL_POS] | [EVENT_BEFORE_N/A_ACTUAL_POS] --(BEFORE)--> [EVENT_BEFORE_N/A_ACTUAL_POS],geste,BEFORE,geste,[RETOUR],geste,BEFORE,accouchement,,,,
173,50,FR100806,[EVENT_BEFORE_N/A_ACTUAL_POS] --(BEFORE)--> [EVENT_BEFORE_N/A_ACTUAL_POS] | [EVENT_BEFORE_N/A_ACTUAL_POS] --(BEFORE)--> [EVENT_BEFORE_N/A_ACTUAL_POS],hospitalisée,BEFORE,transfusion,[RETOUR],hospitalisée,BEFORE,hémodialyse,,,,
173,50,FR100826,[EVENT_BEFORE_N/A_ACTUAL_POS] --(BEFORE)--> [EVENT_BEFORE_N/A_ACTUAL_POS] | [EVENT_BEFORE_N/A_ACTUAL_POS] --(BEFORE)--> [EVENT_BEFORE_N/A_ACTUAL_POS],admis,BEFORE,don,[RETOUR],admis,BEFORE,examen,,,,
173,50,FR100845,[EVENT_BEFORE_N/A_ACTUAL_POS] --(BEFORE)--> [EVENT_BEFORE_N/A_ACTUAL_POS] | [EVENT_BEFORE_N/A_ACTUAL_POS] --(BEFORE)--> [EVENT_BEFORE_N/A_ACTUAL_POS],extraction,BEFORE,examen,[RETOUR],extraction,BEFORE,Apgar,,,,
173,50,FR100870,[EVENT_BEFORE_N/A_ACTUAL_POS] --(BEFORE)--> [EVENT_BEFORE_N/A_ACTUAL_POS] | [EVENT_BEFORE_N/A_ACTUAL_POS] --(BEFORE)--> [EVENT_BEFORE_N/A_ACTUAL_POS],immunosoustraction,BEFORE,immunofixation,[RETOUR],immunosoustraction,BEFORE,typer,,,,
173,50,FR100882,[EVENT_BEFORE_N/A_ACTUAL_POS] --(BEFORE)--> [EVENT_BEFORE_N/A_ACTUAL_POS] | [EVENT_BEFORE_N/A_ACTUAL_POS] --(BEFORE)--> [EVENT_BEFORE_N/A_ACTUAL_POS],laminectomie,BEFORE,suites,[RETOUR],laminectomie,BEFORE,Imagerie,,,,
173,50,FR100883,[EVENT_BEFORE_N/A_ACTUAL_POS] --(BEFORE)--> [EVENT_BEFORE_N/A_ACTUAL_POS] | [EVENT_BEFORE_N/A_ACTUAL_POS] --(BEFORE)--> [EVENT_BEFORE_N/A_ACTUAL_POS],bilan,BEFORE,sérologie,[RETOUR],bilan,BEFORE,reçu,,,,
173,50,FR100894,[EVENT_BEFORE_N/A_ACTUAL_POS] --(BEFORE)--> [EVENT_BEFORE_N/A_ACTUAL_POS] | [EVENT_BEFORE_N/A_ACTUAL_POS] --(BEFORE)--> [EVENT_BEFORE_N/A_ACTUAL_POS],rejoint,BEFORE,trajet,[RETOUR],rejoint,BEFORE,reçu,,,,
173,50,FR100903,[EVENT_BEFORE_N/A_ACTUAL_POS] --(BEFORE)--> [EVENT_BEFORE_N/A_ACTUAL_POS] | [EVENT_BEFORE_N/A_ACTUAL_POS] --(BEFORE)--> [EVENT_BEFORE_N/A_ACTUAL_POS],écarté,BEFORE,contrôles,[RETOUR],écarté,BEFORE,réfléchir,,,,
173,50,FR100919,[EVENT_BEFORE_N/A_ACTUAL_POS] --(BEFORE)--> [EVENT_BEFORE_N/A_ACTUAL_POS] | [EVENT_BEFORE_N/A_ACTUAL_POS] --(BEFORE)--> [EVENT_BEFORE_N/A_ACTUAL_POS],correction,BEFORE,adressée,[RETOUR],correction,BEFORE,normalisation,,,,
173,50,FR100932,[EVENT_BEFORE_N/A_ACTUAL_POS] --(BEFORE)--> [EVENT_BEFORE_N/A_ACTUAL_POS] | [EVENT_BEFORE_N/A_ACTUAL_POS] --(BEFORE)--> [EVENT_BEFORE_N/A_ACTUAL_POS],mise,BEFORE,installation,[RETOUR],mise,BEFORE,imagerie,,,,
173,50,FR100946,[EVENT_BEFORE_N/A_ACTUAL_POS] --(BEFORE)--> [EVENT_BEFORE_N/A_ACTUAL_POS] | [EVENT_BEFORE_N/A_ACTUAL_POS] --(BEFORE)--> [EVENT_BEFORE_N/A_ACTUAL_POS],mise,BEFORE,exérèse,[RETOUR],mise,BEFORE,analyse,,,,
173,50,FR100979,[EVENT_BEFORE_N/A_ACTUAL_POS] --(BEFORE)--> [EVENT_BEFORE_N/A_ACTUAL_POS] | [EVENT_BEFORE_N/A_ACTUAL_POS] --(BEFORE)--> [EVENT_BEFORE_N/A_ACTUAL_POS],admise,BEFORE,accident,[RETOUR],admise,BEFORE,accident,,,,
84,49,FR100003,[EVENT_BEFORE_N/A_ACTUAL_POS] --(CONTAINS)--> [EVENT_BEFORE_N/A_ACTUAL_POS] | [EVENT_BEFORE_N/A_ACTUAL_POS] --(CONTAINS)--> [EVENT_BEFORE_N/A_ACTUAL_POS],bloc,CONTAINS,thoracotomie,CONTAINS,drainer,,,,,,
84,49,FR100092,[EVENT_BEFORE_N/A_ACTUAL_POS] --(CONTAINS)--> [EVENT_BEFORE_N/A_ACTUAL_POS] | [EVENT_BEFORE_N/A_ACTUAL_POS] --(CONTAINS)--> [EVENT_BEFORE_N/A_ACTUAL_POS],hémopéritoine,CONTAINS,exploration,CONTAINS,grossesse,,,,,,
84,49,FR100120,[EVENT_BEFORE_N/A_ACTUAL_POS] --(CONTAINS)--> [EVENT_BEFORE_N/A_ACTUAL_POS] | [EVENT_BEFORE_N/A_ACTUAL_POS] --(CONTAINS)--> [EVENT_BEFORE_N/A_ACTUAL_POS],papules,CONTAINS,consultation,CONTAINS,examen,,,,,,
84,49,FR100130,[EVENT_BEFORE_N/A_ACTUAL_POS] --(CONTAINS)--> [EVENT_BEFORE_N/A_ACTUAL_POS] | [EVENT_BEFORE_N/A_ACTUAL_POS] --(CONTAINS)--> [EVENT_BEFORE_N/A_ACTUAL_POS],marqueurs,CONTAINS,bilan,CONTAINS,recherchée,,,,,,
84,49,FR100132,[EVENT_BEFORE_N/A_ACTUAL_POS] --(CONTAINS)--> [EVENT_BEFORE_N/A_ACTUAL_POS] | [EVENT_BEFORE_N/A_ACTUAL_POS] --(CONTAINS)--> [EVENT_BEFORE_N/A_ACTUAL_POS],baisse,CONTAINS,consultation,CONTAINS,référée,,,,,,
84,49,FR100142,[EVENT_BEFORE_N/A_ACTUAL_POS] --(CONTAINS)--> [EVENT_BEFORE_N/A_ACTUAL_POS] | [EVENT_BEFORE_N/A_ACTUAL_POS] --(CONTAINS)--> [EVENT_BEFORE_N/A_ACTUAL_POS],évolution,CONTAINS,taux,CONTAINS,passé,,,,,,
84,49,FR100161,[EVENT_BEFORE_N/A_ACTUAL_POS] --(CONTAINS)--> [EVENT_BEFORE_N/A_ACTUAL_POS] | [EVENT_BEFORE_N/A_ACTUAL_POS] --(CONTAINS)--> [EVENT_BEFORE_N/A_ACTUAL_POS],cytolyse,CONTAINS,examens,CONTAINS,Acti tests,,,,,,
84,49,FR100168,[EVENT_BEFORE_N/A_ACTUAL_POS] --(CONTAINS)--> [EVENT_BEFORE_N/A_ACTUAL_POS] | [EVENT_BEFORE_N/A_ACTUAL_POS] --(CONTAINS)--> [EVENT_BEFORE_N/A_ACTUAL_POS],prise,CONTAINS,entretien,CONTAINS,dévoiler,,,,,,
84,49,FR100275,[EVENT_BEFORE_N/A_ACTUAL_POS] --(CONTAINS)--> [EVENT_BEFORE_N/A_ACTUAL_POS] | [EVENT_BEFORE_N/A_ACTUAL_POS] --(CONTAINS)--> [EVENT_BEFORE_N/A_ACTUAL_POS],espace,CONTAINS,électrocardiogramme,CONTAINS,rythme,,,,,,
84,49,FR100276,[EVENT_BEFORE_N/A_ACTUAL_POS] --(CONTAINS)--> [EVENT_BEFORE_N/A_ACTUAL_POS] | [EVENT_BEFORE_N/A_ACTUAL_POS] --(CONTAINS)--> [EVENT_BEFORE_N/A_ACTUAL_POS],récidive,CONTAINS,consulté,CONTAINS,incité,,,,,,
84,49,FR100283,[EVENT_BEFORE_N/A_ACTUAL_POS] --(CONTAINS)--> [EVENT_BEFORE_N/A_ACTUAL_POS] | [EVENT_BEFORE_N/A_ACTUAL_POS] --(CONTAINS)--> [EVENT_BEFORE_N/A_ACTUAL_POS],diplopie,CONTAINS,consulté,CONTAINS,examen,,,,,,
84,49,FR100296,[EVENT_BEFORE_N/A_ACTUAL_POS] --(CONTAINS)--> [EVENT_BEFORE_N/A_ACTUAL_POS] | [EVENT_BEFORE_N/A_ACTUAL_POS] --(CONTAINS)--> [EVENT_BEFORE_N/A_ACTUAL_POS],émergence,CONTAINS,fenestration,CONTAINS,ablation,,,,,,
84,49,FR100346,[EVENT_BEFORE_N/A_ACTUAL_POS] --(CONTAINS)--> [EVENT_BEFORE_N/A_ACTUAL_POS] | [EVENT_BEFORE_N/A_ACTUAL_POS] --(CONTAINS)--> [EVENT_BEFORE_N/A_ACTUAL_POS],pouls,CONTAINS,examen,CONTAINS,reste,,,,,,
84,49,FR100361,[EVENT_BEFORE_N/A_ACTUAL_POS] --(CONTAINS)--> [EVENT_BEFORE_N/A_ACTUAL_POS] | [EVENT_BEFORE_N/A_ACTUAL_POS] --(CONTAINS)--> [EVENT_BEFORE_N/A_ACTUAL_POS],agitée,CONTAINS,examen,CONTAINS,mobilisait,,,,,,
84,49,FR100371,[EVENT_BEFORE_N/A_ACTUAL_POS] --(CONTAINS)--> [EVENT_BEFORE_N/A_ACTUAL_POS] | [EVENT_BEFORE_N/A_ACTUAL_POS] --(CONTAINS)--> [EVENT_BEFORE_N/A_ACTUAL_POS],nombre,CONTAINS,bilan,CONTAINS,bilan,,,,,,
84,49,FR100400,[EVENT_BEFORE_N/A_ACTUAL_POS] --(CONTAINS)--> [EVENT_BEFORE_N/A_ACTUAL_POS] | [EVENT_BEFORE_N/A_ACTUAL_POS] --(CONTAINS)--> [EVENT_BEFORE_N/A_ACTUAL_POS],kyste,CONTAINS,étude,CONTAINS,conclu,,,,,,
84,49,FR100439,[EVENT_BEFORE_N/A_ACTUAL_POS] --(CONTAINS)--> [EVENT_BEFORE_N/A_ACTUAL_POS] | [EVENT_BEFORE_N/A_ACTUAL_POS] --(CONTAINS)--> [EVENT_BEFORE_N/A_ACTUAL_POS],obstruction,CONTAINS,examen,CONTAINS,fibroscopie,,,,,,
84,49,FR100510,[EVENT_BEFORE_N/A_ACTUAL_POS] --(CONTAINS)--> [EVENT_BEFORE_N/A_ACTUAL_POS] | [EVENT_BEFORE_N/A_ACTUAL_POS] --(CONTAINS)--> [EVENT_BEFORE_N/A_ACTUAL_POS],lésion,CONTAINS,examen,CONTAINS,caractéristiques,,,,,,
84,49,FR100515,[EVENT_BEFORE_N/A_ACTUAL_POS] --(CONTAINS)--> [EVENT_BEFORE_N/A_ACTUAL_POS] | [EVENT_BEFORE_N/A_ACTUAL_POS] --(CONTAINS)--> [EVENT_BEFORE_N/A_ACTUAL_POS],bilan,CONTAINS,scanner,CONTAINS,images,,,,,,
84,49,FR100519,[EVENT_BEFORE_N/A_ACTUAL_POS] --(CONTAINS)--> [EVENT_BEFORE_N/A_ACTUAL_POS] | [EVENT_BEFORE_N/A_ACTUAL_POS] --(CONTAINS)--> [EVENT_BEFORE_N/A_ACTUAL_POS],opacité,CONTAINS,bilan,CONTAINS,ECG,,,,,,
84,49,FR100589,[EVENT_BEFORE_N/A_ACTUAL_POS] --(CONTAINS)--> [EVENT_BEFORE_N/A_ACTUAL_POS] | [EVENT_BEFORE_N/A_ACTUAL_POS] --(CONTAINS)--> [EVENT_BEFORE_N/A_ACTUAL_POS],Performance,CONTAINS,examen,CONTAINS,examen,,,,,,
84,49,FR100611,[EVENT_BEFORE_N/A_ACTUAL_POS] --(CONTAINS)--> [EVENT_BEFORE_N/A_ACTUAL_POS] | [EVENT_BEFORE_N/A_ACTUAL_POS] --(CONTAINS)--> [EVENT_BEFORE_N/A_ACTUAL_POS],micronodules,CONTAINS,TDM,CONTAINS,image,,,,,,
84,49,FR100620,[EVENT_BEFORE_N/A_ACTUAL_POS] --(CONTAINS)--> [EVENT_BEFORE_N/A_ACTUAL_POS] | [EVENT_BEFORE_N/A_ACTUAL_POS] --(CONTAINS)--> [EVENT_BEFORE_N/A_ACTUAL_POS],aspect,CONTAINS,bronchoscopie,CONTAINS,biopsies,,,,,,
84,49,FR100629,[EVENT_BEFORE_N/A_ACTUAL_POS] --(CONTAINS)--> [EVENT_BEFORE_N/A_ACTUAL_POS] | [EVENT_BEFORE_N/A_ACTUAL_POS] --(CONTAINS)--> [EVENT_BEFORE_N/A_ACTUAL_POS],douleur,CONTAINS,examen,CONTAINS,examen,,,,,,
84,49,FR100632,[EVENT_BEFORE_N/A_ACTUAL_POS] --(CONTAINS)--> [EVENT_BEFORE_N/A_ACTUAL_POS] | [EVENT_BEFORE_N/A_ACTUAL_POS] --(CONTAINS)--> [EVENT_BEFORE_N/A_ACTUAL_POS],conscient,CONTAINS,examen,CONTAINS,conservée,,,,,,
84,49,FR100658,[EVENT_BEFORE_N/A_ACTUAL_POS] --(CONTAINS)--> [EVENT_BEFORE_N/A_ACTUAL_POS] | [EVENT_BEFORE_N/A_ACTUAL_POS] --(CONTAINS)--> [EVENT_BEFORE_N/A_ACTUAL_POS],polyglobulie,CONTAINS,examens,CONTAINS,numération,,,,,,
84,49,FR100666,[EVENT_BEFORE_N/A_ACTUAL_POS] --(CONTAINS)--> [EVENT_BEFORE_N/A_ACTUAL_POS] | [EVENT_BEFORE_N/A_ACTUAL_POS] --(CONTAINS)--> [EVENT_BEFORE_N/A_ACTUAL_POS],polychimiothérapie,CONTAINS,COP,CONTAINS,prédnisone,,,,,,
84,49,FR100683,[EVENT_BEFORE_N/A_ACTUAL_POS] --(CONTAINS)--> [EVENT_BEFORE_N/A_ACTUAL_POS] | [EVENT_BEFORE_N/A_ACTUAL_POS] --(CONTAINS)--> [EVENT_BEFORE_N/A_ACTUAL_POS],galactorrhée,CONTAINS,consulte,CONTAINS,anamnèse,,,,,,
84,49,FR100688,[EVENT_BEFORE_N/A_ACTUAL_POS] --(CONTAINS)--> [EVENT_BEFORE_N/A_ACTUAL_POS] | [EVENT_BEFORE_N/A_ACTUAL_POS] --(CONTAINS)--> [EVENT_BEFORE_N/A_ACTUAL_POS],tuméfaction,CONTAINS,consulté,CONTAINS,examen,,,,,,
84,49,FR100689,[EVENT_BEFORE_N/A_ACTUAL_POS] --(CONTAINS)--> [EVENT_BEFORE_N/A_ACTUAL_POS] | [EVENT_BEFORE_N/A_ACTUAL_POS] --(CONTAINS)--> [EVENT_BEFORE_N/A_ACTUAL_POS],tendance,CONTAINS,consultation,CONTAINS,entretien,,,,,,
84,49,FR100748,[EVENT_BEFORE_N/A_ACTUAL_POS] --(CONTAINS)--> [EVENT_BEFORE_N/A_ACTUAL_POS] | [EVENT_BEFORE_N/A_ACTUAL_POS] --(CONTAINS)--> [EVENT_BEFORE_N/A_ACTUAL_POS],état,CONTAINS,examen,CONTAINS,tension,,,,,,
84,49,FR100766,[EVENT_BEFORE_N/A_ACTUAL_POS] --(CONTAINS)--> [EVENT_BEFORE_N/A_ACTUAL_POS] | [EVENT_BEFORE_N/A_ACTUAL_POS] --(CONTAINS)--> [EVENT_BEFORE_N/A_ACTUAL_POS],adénocarcinome,CONTAINS,opéré,CONTAINS,amputation,,,,,,
84,49,FR100780,[EVENT_BEFORE_N/A_ACTUAL_POS] --(CONTAINS)--> [EVENT_BEFORE_N/A_ACTUAL_POS] | [EVENT_BEFORE_N/A_ACTUAL_POS] --(CONTAINS)--> [EVENT_BEFORE_N/A_ACTUAL_POS],tracé,CONTAINS,étude,CONTAINS,rythme,,,,,,
84,49,FR100806,[EVENT_BEFORE_N/A_ACTUAL_POS] --(CONTAINS)--> [EVENT_BEFORE_N/A_ACTUAL_POS] | [EVENT_BEFORE_N/A_ACTUAL_POS] --(CONTAINS)--> [EVENT_BEFORE_N/A_ACTUAL_POS],IR,CONTAINS,biologie,CONTAINS,NFS,,,,,,
84,49,FR100814,[EVENT_BEFORE_N/A_ACTUAL_POS] --(CONTAINS)--> [EVENT_BEFORE_N/A_ACTUAL_POS] | [EVENT_BEFORE_N/A_ACTUAL_POS] --(CONTAINS)--> [EVENT_BEFORE_N/A_ACTUAL_POS],processus,CONTAINS,IRM,CONTAINS,injection,,,,,,
84,49,FR100826,[EVENT_BEFORE_N/A_ACTUAL_POS] --(CONTAINS)--> [EVENT_BEFORE_N/A_ACTUAL_POS] | [EVENT_BEFORE_N/A_ACTUAL_POS] --(CONTAINS)--> [EVENT_BEFORE_N/A_ACTUAL_POS],termine,CONTAINS,bilan,CONTAINS,tomodensitométrie,,,,,,
84,49,FR100845,[EVENT_BEFORE_N/A_ACTUAL_POS] --(CONTAINS)--> [EVENT_BEFORE_N/A_ACTUAL_POS] | [EVENT_BEFORE_N/A_ACTUAL_POS] --(CONTAINS)--> [EVENT_BEFORE_N/A_ACTUAL_POS],jumeaux,CONTAINS,aspect,CONTAINS,échographie,,,,,,
84,49,FR100849,[EVENT_BEFORE_N/A_ACTUAL_POS] --(CONTAINS)--> [EVENT_BEFORE_N/A_ACTUAL_POS] | [EVENT_BEFORE_N/A_ACTUAL_POS] --(CONTAINS)--> [EVENT_BEFORE_N/A_ACTUAL_POS],admission,CONTAINS,examen,CONTAINS,reste,,,,,,
84,49,FR100874,[EVENT_BEFORE_N/A_ACTUAL_POS] --(CONTAINS)--> [EVENT_BEFORE_N/A_ACTUAL_POS] | [EVENT_BEFORE_N/A_ACTUAL_POS] --(CONTAINS)--> [EVENT_BEFORE_N/A_ACTUAL_POS],méléna,CONTAINS,examen,CONTAINS,constantes,,,,,,
84,49,FR100882,[EVENT_BEFORE_N/A_ACTUAL_POS] --(CONTAINS)--> [EVENT_BEFORE_N/A_ACTUAL_POS] | [EVENT_BEFORE_N/A_ACTUAL_POS] --(CONTAINS)--> [EVENT_BEFORE_N/A_ACTUAL_POS],évolution,CONTAINS,amélioration,CONTAINS,régression,,,,,,
84,49,FR100903,[EVENT_BEFORE_N/A_ACTUAL_POS] --(CONTAINS)--> [EVENT_BEFORE_N/A_ACTUAL_POS] | [EVENT_BEFORE_N/A_ACTUAL_POS] --(CONTAINS)--> [EVENT_BEFORE_N/A_ACTUAL_POS],protubérance,CONTAINS,échographie,CONTAINS,visualisation,,,,,,
84,49,FR100930,[EVENT_BEFORE_N/A_ACTUAL_POS] --(CONTAINS)--> [EVENT_BEFORE_N/A_ACTUAL_POS] | [EVENT_BEFORE_N/A_ACTUAL_POS] --(CONTAINS)--> [EVENT_BEFORE_N/A_ACTUAL_POS],trouble,CONTAINS,admis,CONTAINS,recours,,,,,,
84,49,FR100944,[EVENT_BEFORE_N/A_ACTUAL_POS] --(CONTAINS)--> [EVENT_BEFORE_N/A_ACTUAL_POS] | [EVENT_BEFORE_N/A_ACTUAL_POS] --(CONTAINS)--> [EVENT_BEFORE_N/A_ACTUAL_POS],insuffisance,CONTAINS,suivi,CONTAINS,échocardiographique,,,,,,
84,49,FR100946,[EVENT_BEFORE_N/A_ACTUAL_POS] --(CONTAINS)--> [EVENT_BEFORE_N/A_ACTUAL_POS] | [EVENT_BEFORE_N/A_ACTUAL_POS] --(CONTAINS)--> [EVENT_BEFORE_N/A_ACTUAL_POS],œdème,CONTAINS,IRM,CONTAINS,prise,,,,,,
84,49,FR100959,[EVENT_BEFORE_N/A_ACTUAL_POS] --(CONTAINS)--> [EVENT_BEFORE_N/A_ACTUAL_POS] | [EVENT_BEFORE_N/A_ACTUAL_POS] --(CONTAINS)--> [EVENT_BEFORE_N/A_ACTUAL_POS],admis,CONTAINS,œsophagoscopie,CONTAINS,extraction,,,,,,
84,49,FR100960,[EVENT_BEFORE_N/A_ACTUAL_POS] --(CONTAINS)--> [EVENT_BEFORE_N/A_ACTUAL_POS] | [EVENT_BEFORE_N/A_ACTUAL_POS] --(CONTAINS)--> [EVENT_BEFORE_N/A_ACTUAL_POS],consulté,CONTAINS,étude,CONTAINS,localisation,,,,,,
84,49,FR100994,[EVENT_BEFORE_N/A_ACTUAL_POS] --(CONTAINS)--> [EVENT_BEFORE_N/A_ACTUAL_POS] | [EVENT_BEFORE_N/A_ACTUAL_POS] --(CONTAINS)--> [EVENT_BEFORE_N/A_ACTUAL_POS],observation,CONTAINS,suivi,CONTAINS,opéré,,,,,,
116,49,FR100003,[EVENT_BEFORE_N/A_ACTUAL_POS] --(BEFORE)--> [EVENT_BEFORE_N/A_ACTUAL_POS] | [EVENT_BEFORE_N/A_ACTUAL_POS] --(BEFORE)--> [EVENT_BEFORE_N/A_ACTUAL_POS] | [EVENT_BEFORE_N/A_ACTUAL_POS] --(BEFORE)--> [EVENT_BEFORE_N/A_ACTUAL_POS] | [EVENT_BEFORE_N/A_ACTUAL_POS] --(BEFORE)--> [EVENT_BEFORE_N/A_ACTUAL_POS],panoramique,BEFORE,ponction,BEFORE,examen,BEFORE,examen,BEFORE,antibiothérapie,,
116,49,FR100092,[EVENT_BEFORE_N/A_ACTUAL_POS] --(BEFORE)--> [EVENT_BEFORE_N/A_ACTUAL_POS] | [EVENT_BEFORE_N/A_ACTUAL_POS] --(BEFORE)--> [EVENT_BEFORE_N/A_ACTUAL_POS] | [EVENT_BEFORE_N/A_ACTUAL_POS] --(BEFORE)--> [EVENT_BEFORE_N/A_ACTUAL_POS] | [EVENT_BEFORE_N/A_ACTUAL_POS] --(BEFORE)--> [EVENT_BEFORE_N/A_ACTUAL_POS],admise,BEFORE,examen,BEFORE,examen,BEFORE,examen,BEFORE,échographie,,
116,49,FR100130,[EVENT_BEFORE_N/A_ACTUAL_POS] --(BEFORE)--> [EVENT_BEFORE_N/A_ACTUAL_POS] | [EVENT_BEFORE_N/A_ACTUAL_POS] --(BEFORE)--> [EVENT_BEFORE_N/A_ACTUAL_POS] | [EVENT_BEFORE_N/A_ACTUAL_POS] --(BEFORE)--> [EVENT_BEFORE_N/A_ACTUAL_POS] | [EVENT_BEFORE_N/A_ACTUAL_POS] --(BEFORE)--> [EVENT_BEFORE_N/A_ACTUAL_POS],séjour,BEFORE,bilan,BEFORE,suspectée,BEFORE,bilan,BEFORE,traité,,
116,49,FR100142,[EVENT_BEFORE_N/A_ACTUAL_POS] --(BEFORE)--> [EVENT_BEFORE_N/A_ACTUAL_POS] | [EVENT_BEFORE_N/A_ACTUAL_POS] --(BEFORE)--> [EVENT_BEFORE_N/A_ACTUAL_POS] | [EVENT_BEFORE_N/A_ACTUAL_POS] --(BEFORE)--> [EVENT_BEFORE_N/A_ACTUAL_POS] | [EVENT_BEFORE_N/A_ACTUAL_POS] --(BEFORE)--> [EVENT_BEFORE_N/A_ACTUAL_POS],examen,BEFORE,électrophorèse,BEFORE,scanner,BEFORE,fibroscopie,BEFORE,biopsie,,
116,49,FR100161,[EVENT_BEFORE_N/A_ACTUAL_POS] --(BEFORE)--> [EVENT_BEFORE_N/A_ACTUAL_POS] | [EVENT_BEFORE_N/A_ACTUAL_POS] --(BEFORE)--> [EVENT_BEFORE_N/A_ACTUAL_POS] | [EVENT_BEFORE_N/A_ACTUAL_POS] --(BEFORE)--> [EVENT_BEFORE_N/A_ACTUAL_POS] | [EVENT_BEFORE_N/A_ACTUAL_POS] --(BEFORE)--> [EVENT_BEFORE_N/A_ACTUAL_POS],interrogatoire,BEFORE,examen,BEFORE,examens,BEFORE,radiographie,BEFORE,échographie,,
116,49,FR100255,[EVENT_BEFORE_N/A_ACTUAL_POS] --(BEFORE)--> [EVENT_BEFORE_N/A_ACTUAL_POS] | [EVENT_BEFORE_N/A_ACTUAL_POS] --(BEFORE)--> [EVENT_BEFORE_N/A_ACTUAL_POS] | [EVENT_BEFORE_N/A_ACTUAL_POS] --(BEFORE)--> [EVENT_BEFORE_N/A_ACTUAL_POS] | [EVENT_BEFORE_N/A_ACTUAL_POS] --(BEFORE)--> [EVENT_BEFORE_N/A_ACTUAL_POS],radio,BEFORE,TDM,BEFORE,bilan,BEFORE,expulsé,BEFORE,contrôle,,
116,49,FR100275,[EVENT_BEFORE_N/A_ACTUAL_POS] --(BEFORE)--> [EVENT_BEFORE_N/A_ACTUAL_POS] | [EVENT_BEFORE_N/A_ACTUAL_POS] --(BEFORE)--> [EVENT_BEFORE_N/A_ACTUAL_POS] | [EVENT_BEFORE_N/A_ACTUAL_POS] --(BEFORE)--> [EVENT_BEFORE_N/A_ACTUAL_POS] | [EVENT_BEFORE_N/A_ACTUAL_POS] --(BEFORE)--> [EVENT_BEFORE_N/A_ACTUAL_POS],découverte,BEFORE,arrivée,BEFORE,établi,BEFORE,manœuvres,BEFORE,transféré,,
116,49,FR100283,[EVENT_BEFORE_N/A_ACTUAL_POS] --(BEFORE)--> [EVENT_BEFORE_N/A_ACTUAL_POS] | [EVENT_BEFORE_N/A_ACTUAL_POS] --(BEFORE)--> [EVENT_BEFORE_N/A_ACTUAL_POS] | [EVENT_BEFORE_N/A_ACTUAL_POS] --(BEFORE)--> [EVENT_BEFORE_N/A_ACTUAL_POS] | [EVENT_BEFORE_N/A_ACTUAL_POS] --(BEFORE)--> [EVENT_BEFORE_N/A_ACTUAL_POS],bilan,BEFORE,IRM,BEFORE,hypophysiogramme,BEFORE,traitement,BEFORE,évolution,,
116,49,FR100296,[EVENT_BEFORE_N/A_ACTUAL_POS] --(BEFORE)--> [EVENT_BEFORE_N/A_ACTUAL_POS] | [EVENT_BEFORE_N/A_ACTUAL_POS] --(BEFORE)--> [EVENT_BEFORE_N/A_ACTUAL_POS] | [EVENT_BEFORE_N/A_ACTUAL_POS] --(BEFORE)--> [EVENT_BEFORE_N/A_ACTUAL_POS] | [EVENT_BEFORE_N/A_ACTUAL_POS] --(BEFORE)--> [EVENT_BEFORE_N/A_ACTUAL_POS],examen,BEFORE,IRM,BEFORE,fenestration,BEFORE,suites,BEFORE,exéaté,,
116,49,FR100314,[EVENT_BEFORE_N/A_ACTUAL_POS] --(BEFORE)--> [EVENT_BEFORE_N/A_ACTUAL_POS] | [EVENT_BEFORE_N/A_ACTUAL_POS] --(BEFORE)--> [EVENT_BEFORE_N/A_ACTUAL_POS] | [EVENT_BEFORE_N/A_ACTUAL_POS] --(BEFORE)--> [EVENT_BEFORE_N/A_ACTUAL_POS] | [EVENT_BEFORE_N/A_ACTUAL_POS] --(BEFORE)--> [EVENT_BEFORE_N/A_ACTUAL_POS],admise,BEFORE,bilan,BEFORE,drainage,BEFORE,angio-scanner,BEFORE,amputation,,
116,49,FR100344,[EVENT_BEFORE_N/A_ACTUAL_POS] --(BEFORE)--> [EVENT_BEFORE_N/A_ACTUAL_POS] | [EVENT_BEFORE_N/A_ACTUAL_POS] --(BEFORE)--> [EVENT_BEFORE_N/A_ACTUAL_POS] | [EVENT_BEFORE_N/A_ACTUAL_POS] --(BEFORE)--> [EVENT_BEFORE_N/A_ACTUAL_POS] | [EVENT_BEFORE_N/A_ACTUAL_POS] --(BEFORE)--> [EVENT_BEFORE_N/A_ACTUAL_POS],déroulée,BEFORE,plainte,BEFORE,examen,BEFORE,césarienne,BEFORE,pesait,,
116,49,FR100346,[EVENT_BEFORE_N/A_ACTUAL_POS] --(BEFORE)--> [EVENT_BEFORE_N/A_ACTUAL_POS] | [EVENT_BEFORE_N/A_ACTUAL_POS] --(BEFORE)--> [EVENT_BEFORE_N/A_ACTUAL_POS] | [EVENT_BEFORE_N/A_ACTUAL_POS] --(BEFORE)--> [EVENT_BEFORE_N/A_ACTUAL_POS] | [EVENT_BEFORE_N/A_ACTUAL_POS] --(BEFORE)--> [EVENT_BEFORE_N/A_ACTUAL_POS],IRM,BEFORE,scanner,BEFORE,posé,BEFORE,bilan,BEFORE,héparinothérapie,,
116,49,FR100360,[EVENT_BEFORE_N/A_ACTUAL_POS] --(BEFORE)--> [EVENT_BEFORE_N/A_ACTUAL_POS] | [EVENT_BEFORE_N/A_ACTUAL_POS] --(BEFORE)--> [EVENT_BEFORE_N/A_ACTUAL_POS] | [EVENT_BEFORE_N/A_ACTUAL_POS] --(BEFORE)--> [EVENT_BEFORE_N/A_ACTUAL_POS] | [EVENT_BEFORE_N/A_ACTUAL_POS] --(BEFORE)--> [EVENT_BEFORE_N/A_ACTUAL_POS],complément,BEFORE,biopsie,BEFORE,tomodensitométrie,BEFORE,radiothérapie,BEFORE,cures,,
116,49,FR100361,[EVENT_BEFORE_N/A_ACTUAL_POS] --(BEFORE)--> [EVENT_BEFORE_N/A_ACTUAL_POS] | [EVENT_BEFORE_N/A_ACTUAL_POS] --(BEFORE)--> [EVENT_BEFORE_N/A_ACTUAL_POS] | [EVENT_BEFORE_N/A_ACTUAL_POS] --(BEFORE)--> [EVENT_BEFORE_N/A_ACTUAL_POS] | [EVENT_BEFORE_N/A_ACTUAL_POS] --(BEFORE)--> [EVENT_BEFORE_N/A_ACTUAL_POS],TDM,BEFORE,ponction,BEFORE,examen,BEFORE,examen,BEFORE,culture,,
116,49,FR100371,[EVENT_BEFORE_N/A_ACTUAL_POS] --(BEFORE)--> [EVENT_BEFORE_N/A_ACTUAL_POS] | [EVENT_BEFORE_N/A_ACTUAL_POS] --(BEFORE)--> [EVENT_BEFORE_N/A_ACTUAL_POS] | [EVENT_BEFORE_N/A_ACTUAL_POS] --(BEFORE)--> [EVENT_BEFORE_N/A_ACTUAL_POS] | [EVENT_BEFORE_N/A_ACTUAL_POS] --(BEFORE)--> [EVENT_BEFORE_N/A_ACTUAL_POS],admission,BEFORE,examen,BEFORE,examen,BEFORE,bilan,BEFORE,bilan,,
116,49,FR100400,[EVENT_BEFORE_N/A_ACTUAL_POS] --(BEFORE)--> [EVENT_BEFORE_N/A_ACTUAL_POS] | [EVENT_BEFORE_N/A_ACTUAL_POS] --(BEFORE)--> [EVENT_BEFORE_N/A_ACTUAL_POS] | [EVENT_BEFORE_N/A_ACTUAL_POS] --(BEFORE)--> [EVENT_BEFORE_N/A_ACTUAL_POS] | [EVENT_BEFORE_N/A_ACTUAL_POS] --(BEFORE)--> [EVENT_BEFORE_N/A_ACTUAL_POS],diagnostic,BEFORE,exploration,BEFORE,résection,BEFORE,suites,BEFORE,suivie,,
116,49,FR100439,[EVENT_BEFORE_N/A_ACTUAL_POS] --(BEFORE)--> [EVENT_BEFORE_N/A_ACTUAL_POS] | [EVENT_BEFORE_N/A_ACTUAL_POS] --(BEFORE)--> [EVENT_BEFORE_N/A_ACTUAL_POS] | [EVENT_BEFORE_N/A_ACTUAL_POS] --(BEFORE)--> [EVENT_BEFORE_N/A_ACTUAL_POS] | [EVENT_BEFORE_N/A_ACTUAL_POS] --(BEFORE)--> [EVENT_BEFORE_N/A_ACTUAL_POS],analyse,BEFORE,demandée,BEFORE,examen,BEFORE,classée,BEFORE,bénéficier,,
116,49,FR100448,[EVENT_BEFORE_N/A_ACTUAL_POS] --(BEFORE)--> [EVENT_BEFORE_N/A_ACTUAL_POS] | [EVENT_BEFORE_N/A_ACTUAL_POS] --(BEFORE)--> [EVENT_BEFORE_N/A_ACTUAL_POS] | [EVENT_BEFORE_N/A_ACTUAL_POS] --(BEFORE)--> [EVENT_BEFORE_N/A_ACTUAL_POS] | [EVENT_BEFORE_N/A_ACTUAL_POS] --(BEFORE)--> [EVENT_BEFORE_N/A_ACTUAL_POS],hémi thyroïdectomie,BEFORE,examen,BEFORE,histochimie,BEFORE,scanner,BEFORE,tomographie,,
116,49,FR100480,[EVENT_BEFORE_N/A_ACTUAL_POS] --(BEFORE)--> [EVENT_BEFORE_N/A_ACTUAL_POS] | [EVENT_BEFORE_N/A_ACTUAL_POS] --(BEFORE)--> [EVENT_BEFORE_N/A_ACTUAL_POS] | [EVENT_BEFORE_N/A_ACTUAL_POS] --(BEFORE)--> [EVENT_BEFORE_N/A_ACTUAL_POS] | [EVENT_BEFORE_N/A_ACTUAL_POS] --(BEFORE)--> [EVENT_BEFORE_N/A_ACTUAL_POS],bilan,BEFORE,analyse,BEFORE,amputation,BEFORE,examen,BEFORE,bilan,,
116,49,FR100515,[EVENT_BEFORE_N/A_ACTUAL_POS] --(BEFORE)--> [EVENT_BEFORE_N/A_ACTUAL_POS] | [EVENT_BEFORE_N/A_ACTUAL_POS] --(BEFORE)--> [EVENT_BEFORE_N/A_ACTUAL_POS] | [EVENT_BEFORE_N/A_ACTUAL_POS] --(BEFORE)--> [EVENT_BEFORE_N/A_ACTUAL_POS] | [EVENT_BEFORE_N/A_ACTUAL_POS] --(BEFORE)--> [EVENT_BEFORE_N/A_ACTUAL_POS],retenu,BEFORE,bilan,BEFORE,bilan,BEFORE,prescrits,BEFORE,corticothérapie,,
116,49,FR100517,[EVENT_BEFORE_N/A_ACTUAL_POS] --(BEFORE)--> [EVENT_BEFORE_N/A_ACTUAL_POS] | [EVENT_BEFORE_N/A_ACTUAL_POS] --(BEFORE)--> [EVENT_BEFORE_N/A_ACTUAL_POS] | [EVENT_BEFORE_N/A_ACTUAL_POS] --(BEFORE)--> [EVENT_BEFORE_N/A_ACTUAL_POS] | [EVENT_BEFORE_N/A_ACTUAL_POS] --(BEFORE)--> [EVENT_BEFORE_N/A_ACTUAL_POS],examen,BEFORE,bilan,BEFORE,électromyogramme,BEFORE,bilan,BEFORE,explorations,,
116,49,FR100519,[EVENT_BEFORE_N/A_ACTUAL_POS] --(BEFORE)--> [EVENT_BEFORE_N/A_ACTUAL_POS] | [EVENT_BEFORE_N/A_ACTUAL_POS] --(BEFORE)--> [EVENT_BEFORE_N/A_ACTUAL_POS] | [EVENT_BEFORE_N/A_ACTUAL_POS] --(BEFORE)--> [EVENT_BEFORE_N/A_ACTUAL_POS] | [EVENT_BEFORE_N/A_ACTUAL_POS] --(BEFORE)--> [EVENT_BEFORE_N/A_ACTUAL_POS],hospitalisée,BEFORE,entrée,BEFORE,bilan,BEFORE,angioscanner,BEFORE,échodoppler,,
116,49,FR100589,[EVENT_BEFORE_N/A_ACTUAL_POS] --(BEFORE)--> [EVENT_BEFORE_N/A_ACTUAL_POS] | [EVENT_BEFORE_N/A_ACTUAL_POS] --(BEFORE)--> [EVENT_BEFORE_N/A_ACTUAL_POS] | [EVENT_BEFORE_N/A_ACTUAL_POS] --(BEFORE)--> [EVENT_BEFORE_N/A_ACTUAL_POS] | [EVENT_BEFORE_N/A_ACTUAL_POS] --(BEFORE)--> [EVENT_BEFORE_N/A_ACTUAL_POS],demandé,BEFORE,bilan,BEFORE,caryotype,BEFORE,sérologie,BEFORE,diagnostic,,
116,49,FR100597,[EVENT_BEFORE_N/A_ACTUAL_POS] --(BEFORE)--> [EVENT_BEFORE_N/A_ACTUAL_POS] | [EVENT_BEFORE_N/A_ACTUAL_POS] --(BEFORE)--> [EVENT_BEFORE_N/A_ACTUAL_POS] | [EVENT_BEFORE_N/A_ACTUAL_POS] --(BEFORE)--> [EVENT_BEFORE_N/A_ACTUAL_POS] | [EVENT_BEFORE_N/A_ACTUAL_POS] --(BEFORE)--> [EVENT_BEFORE_N/A_ACTUAL_POS],marqueurs,BEFORE,décidée,BEFORE,laparotomie,BEFORE,hystérectomie,BEFORE,suites,,
116,49,FR100611,[EVENT_BEFORE_N/A_ACTUAL_POS] --(BEFORE)--> [EVENT_BEFORE_N/A_ACTUAL_POS] | [EVENT_BEFORE_N/A_ACTUAL_POS] --(BEFORE)--> [EVENT_BEFORE_N/A_ACTUAL_POS] | [EVENT_BEFORE_N/A_ACTUAL_POS] --(BEFORE)--> [EVENT_BEFORE_N/A_ACTUAL_POS] | [EVENT_BEFORE_N/A_ACTUAL_POS] --(BEFORE)--> [EVENT_BEFORE_N/A_ACTUAL_POS],examen,BEFORE,IRM,BEFORE,étude,BEFORE,examen,BEFORE,cultures,,
116,49,FR100614,[EVENT_BEFORE_N/A_ACTUAL_POS] --(BEFORE)--> [EVENT_BEFORE_N/A_ACTUAL_POS] | [EVENT_BEFORE_N/A_ACTUAL_POS] --(BEFORE)--> [EVENT_BEFORE_N/A_ACTUAL_POS] | [EVENT_BEFORE_N/A_ACTUAL_POS] --(BEFORE)--> [EVENT_BEFORE_N/A_ACTUAL_POS] | [EVENT_BEFORE_N/A_ACTUAL_POS] --(BEFORE)--> [EVENT_BEFORE_N/A_ACTUAL_POS],examen,BEFORE,échographique,BEFORE,tomodensitométrie,BEFORE,radiographie,BEFORE,taux,,
116,49,FR100620,[EVENT_BEFORE_N/A_ACTUAL_POS] --(BEFORE)--> [EVENT_BEFORE_N/A_ACTUAL_POS] | [EVENT_BEFORE_N/A_ACTUAL_POS] --(BEFORE)--> [EVENT_BEFORE_N/A_ACTUAL_POS] | [EVENT_BEFORE_N/A_ACTUAL_POS] --(BEFORE)--> [EVENT_BEFORE_N/A_ACTUAL_POS] | [EVENT_BEFORE_N/A_ACTUAL_POS] --(BEFORE)--> [EVENT_BEFORE_N/A_ACTUAL_POS],bronchoscopie,BEFORE,bilan,BEFORE,bilan,BEFORE,bilan,BEFORE,évolution,,
116,49,FR100623,[EVENT_BEFORE_N/A_ACTUAL_POS] --(BEFORE)--> [EVENT_BEFORE_N/A_ACTUAL_POS] | [EVENT_BEFORE_N/A_ACTUAL_POS] --(BEFORE)--> [EVENT_BEFORE_N/A_ACTUAL_POS] | [EVENT_BEFORE_N/A_ACTUAL_POS] --(BEFORE)--> [EVENT_BEFORE_N/A_ACTUAL_POS] | [EVENT_BEFORE_N/A_ACTUAL_POS] --(BEFORE)--> [EVENT_BEFORE_N/A_ACTUAL_POS],examen,BEFORE,échographie,BEFORE,tomodensitométrie,BEFORE,retenu,BEFORE,prise,,
116,49,FR100629,[EVENT_BEFORE_N/A_ACTUAL_POS] --(BEFORE)--> [EVENT_BEFORE_N/A_ACTUAL_POS] | [EVENT_BEFORE_N/A_ACTUAL_POS] --(BEFORE)--> [EVENT_BEFORE_N/A_ACTUAL_POS] | [EVENT_BEFORE_N/A_ACTUAL_POS] --(BEFORE)--> [EVENT_BEFORE_N/A_ACTUAL_POS] | [EVENT_BEFORE_N/A_ACTUAL_POS] --(BEFORE)--> [EVENT_BEFORE_N/A_ACTUAL_POS],radiographie,BEFORE,thoracoscopie,BEFORE,marquage,BEFORE,bilan,BEFORE,décision,,
116,49,FR100632,[EVENT_BEFORE_N/A_ACTUAL_POS] --(BEFORE)--> [EVENT_BEFORE_N/A_ACTUAL_POS] | [EVENT_BEFORE_N/A_ACTUAL_POS] --(BEFORE)--> [EVENT_BEFORE_N/A_ACTUAL_POS] | [EVENT_BEFORE_N/A_ACTUAL_POS] --(BEFORE)--> [EVENT_BEFORE_N/A_ACTUAL_POS] | [EVENT_BEFORE_N/A_ACTUAL_POS] --(BEFORE)--> [EVENT_BEFORE_N/A_ACTUAL_POS],radiographie,BEFORE,examen,BEFORE,sérologie,BEFORE,diagnostic,BEFORE,mis,,
116,49,FR100663,[EVENT_BEFORE_N/A_ACTUAL_POS] --(BEFORE)--> [EVENT_BEFORE_N/A_ACTUAL_POS] | [EVENT_BEFORE_N/A_ACTUAL_POS] --(BEFORE)--> [EVENT_BEFORE_N/A_ACTUAL_POS] | [EVENT_BEFORE_N/A_ACTUAL_POS] --(BEFORE)--> [EVENT_BEFORE_N/A_ACTUAL_POS] | [EVENT_BEFORE_N/A_ACTUAL_POS] --(BEFORE)--> [EVENT_BEFORE_N/A_ACTUAL_POS],examen,BEFORE,examen,BEFORE,échographie,BEFORE,taux,BEFORE,tenté,,
116,49,FR100666,[EVENT_BEFORE_N/A_ACTUAL_POS] --(BEFORE)--> [EVENT_BEFORE_N/A_ACTUAL_POS] | [EVENT_BEFORE_N/A_ACTUAL_POS] --(BEFORE)--> [EVENT_BEFORE_N/A_ACTUAL_POS] | [EVENT_BEFORE_N/A_ACTUAL_POS] --(BEFORE)--> [EVENT_BEFORE_N/A_ACTUAL_POS] | [EVENT_BEFORE_N/A_ACTUAL_POS] --(BEFORE)--> [EVENT_BEFORE_N/A_ACTUAL_POS],examen,BEFORE,examen,BEFORE,palpation,BEFORE,radiographie,BEFORE,tomodensitométrie,,
116,49,FR100683,[EVENT_BEFORE_N/A_ACTUAL_POS] --(BEFORE)--> [EVENT_BEFORE_N/A_ACTUAL_POS] | [EVENT_BEFORE_N/A_ACTUAL_POS] --(BEFORE)--> [EVENT_BEFORE_N/A_ACTUAL_POS] | [EVENT_BEFORE_N/A_ACTUAL_POS] --(BEFORE)--> [EVENT_BEFORE_N/A_ACTUAL_POS] | [EVENT_BEFORE_N/A_ACTUAL_POS] --(BEFORE)--> [EVENT_BEFORE_N/A_ACTUAL_POS],exploration,BEFORE,IRM,BEFORE,écho-mammographie,BEFORE,osteodensitométrie,BEFORE,IRM,,
116,49,FR100688,[EVENT_BEFORE_N/A_ACTUAL_POS] --(BEFORE)--> [EVENT_BEFORE_N/A_ACTUAL_POS] | [EVENT_BEFORE_N/A_ACTUAL_POS] --(BEFORE)--> [EVENT_BEFORE_N/A_ACTUAL_POS] | [EVENT_BEFORE_N/A_ACTUAL_POS] --(BEFORE)--> [EVENT_BEFORE_N/A_ACTUAL_POS] | [EVENT_BEFORE_N/A_ACTUAL_POS] --(BEFORE)--> [EVENT_BEFORE_N/A_ACTUAL_POS],échographie,BEFORE,radiographie,BEFORE,incision,BEFORE,analyse,BEFORE,traitement,,
116,49,FR100689,[EVENT_BEFORE_N/A_ACTUAL_POS] --(BEFORE)--> [EVENT_BEFORE_N/A_ACTUAL_POS] | [EVENT_BEFORE_N/A_ACTUAL_POS] --(BEFORE)--> [EVENT_BEFORE_N/A_ACTUAL_POS] | [EVENT_BEFORE_N/A_ACTUAL_POS] --(BEFORE)--> [EVENT_BEFORE_N/A_ACTUAL_POS] | [EVENT_BEFORE_N/A_ACTUAL_POS] --(BEFORE)--> [EVENT_BEFORE_N/A_ACTUAL_POS],PCR,BEFORE,scanner,BEFORE,hémogramme,BEFORE,ionogramme,BEFORE,examen,,
116,49,FR100697,[EVENT_BEFORE_N/A_ACTUAL_POS] --(BEFORE)--> [EVENT_BEFORE_N/A_ACTUAL_POS] | [EVENT_BEFORE_N/A_ACTUAL_POS] --(BEFORE)--> [EVENT_BEFORE_N/A_ACTUAL_POS] | [EVENT_BEFORE_N/A_ACTUAL_POS] --(BEFORE)--> [EVENT_BEFORE_N/A_ACTUAL_POS] | [EVENT_BEFORE_N/A_ACTUAL_POS] --(BEFORE)--> [EVENT_BEFORE_N/A_ACTUAL_POS],palpation,BEFORE,examen,BEFORE,mammographie,BEFORE,échographie,BEFORE,examen,,
116,49,FR100708,[EVENT_BEFORE_N/A_ACTUAL_POS] --(BEFORE)--> [EVENT_BEFORE_N/A_ACTUAL_POS] | [EVENT_BEFORE_N/A_ACTUAL_POS] --(BEFORE)--> [EVENT_BEFORE_N/A_ACTUAL_POS] | [EVENT_BEFORE_N/A_ACTUAL_POS] --(BEFORE)--> [EVENT_BEFORE_N/A_ACTUAL_POS] | [EVENT_BEFORE_N/A_ACTUAL_POS] --(BEFORE)--> [EVENT_BEFORE_N/A_ACTUAL_POS],examen,BEFORE,mammographie,BEFORE,échographie,BEFORE,ponction,BEFORE,étude,,
116,49,FR100717,[EVENT_BEFORE_N/A_ACTUAL_POS] --(BEFORE)--> [EVENT_BEFORE_N/A_ACTUAL_POS] | [EVENT_BEFORE_N/A_ACTUAL_POS] --(BEFORE)--> [EVENT_BEFORE_N/A_ACTUAL_POS] | [EVENT_BEFORE_N/A_ACTUAL_POS] --(BEFORE)--> [EVENT_BEFORE_N/A_ACTUAL_POS] | [EVENT_BEFORE_N/A_ACTUAL_POS] --(BEFORE)--> [EVENT_BEFORE_N/A_ACTUAL_POS],examen,BEFORE,examens,BEFORE,scanner,BEFORE,IRM,BEFORE,laminectomie,,
116,49,FR100748,[EVENT_BEFORE_N/A_ACTUAL_POS] --(BEFORE)--> [EVENT_BEFORE_N/A_ACTUAL_POS] | [EVENT_BEFORE_N/A_ACTUAL_POS] --(BEFORE)--> [EVENT_BEFORE_N/A_ACTUAL_POS] | [EVENT_BEFORE_N/A_ACTUAL_POS] --(BEFORE)--> [EVENT_BEFORE_N/A_ACTUAL_POS] | [EVENT_BEFORE_N/A_ACTUAL_POS] --(BEFORE)--> [EVENT_BEFORE_N/A_ACTUAL_POS],mobilisation,BEFORE,suites,BEFORE,transférée,BEFORE,regagné,BEFORE,recul,,
116,49,FR100806,[EVENT_BEFORE_N/A_ACTUAL_POS] --(BEFORE)--> [EVENT_BEFORE_N/A_ACTUAL_POS] | [EVENT_BEFORE_N/A_ACTUAL_POS] --(BEFORE)--> [EVENT_BEFORE_N/A_ACTUAL_POS] | [EVENT_BEFORE_N/A_ACTUAL_POS] --(BEFORE)--> [EVENT_BEFORE_N/A_ACTUAL_POS] | [EVENT_BEFORE_N/A_ACTUAL_POS] --(BEFORE)--> [EVENT_BEFORE_N/A_ACTUAL_POS],référée,BEFORE,examen,BEFORE,biologie,BEFORE,hospitalisée,BEFORE,transfusion,,
116,49,FR100826,[EVENT_BEFORE_N/A_ACTUAL_POS] --(BEFORE)--> [EVENT_BEFORE_N/A_ACTUAL_POS] | [EVENT_BEFORE_N/A_ACTUAL_POS] --(BEFORE)--> [EVENT_BEFORE_N/A_ACTUAL_POS] | [EVENT_BEFORE_N/A_ACTUAL_POS] --(BEFORE)--> [EVENT_BEFORE_N/A_ACTUAL_POS] | [EVENT_BEFORE_N/A_ACTUAL_POS] --(BEFORE)--> [EVENT_BEFORE_N/A_ACTUAL_POS],admis,BEFORE,examen,BEFORE,bilan,BEFORE,bilan,BEFORE,retenue,,
116,49,FR100845,[EVENT_BEFORE_N/A_ACTUAL_POS] --(BEFORE)--> [EVENT_BEFORE_N/A_ACTUAL_POS] | [EVENT_BEFORE_N/A_ACTUAL_POS] --(BEFORE)--> [EVENT_BEFORE_N/A_ACTUAL_POS] | [EVENT_BEFORE_N/A_ACTUAL_POS] --(BEFORE)--> [EVENT_BEFORE_N/A_ACTUAL_POS] | [EVENT_BEFORE_N/A_ACTUAL_POS] --(BEFORE)--> [EVENT_BEFORE_N/A_ACTUAL_POS],décision,BEFORE,extraction,BEFORE,examen,BEFORE,examinés,BEFORE,détresse,,
116,49,FR100870,[EVENT_BEFORE_N/A_ACTUAL_POS] --(BEFORE)--> [EVENT_BEFORE_N/A_ACTUAL_POS] | [EVENT_BEFORE_N/A_ACTUAL_POS] --(BEFORE)--> [EVENT_BEFORE_N/A_ACTUAL_POS] | [EVENT_BEFORE_N/A_ACTUAL_POS] --(BEFORE)--> [EVENT_BEFORE_N/A_ACTUAL_POS] | [EVENT_BEFORE_N/A_ACTUAL_POS] --(BEFORE)--> [EVENT_BEFORE_N/A_ACTUAL_POS],imagerie,BEFORE,hémogramme,BEFORE,bilan,BEFORE,IRM,BEFORE,électrophorèse,,
116,49,FR100874,[EVENT_BEFORE_N/A_ACTUAL_POS] --(BEFORE)--> [EVENT_BEFORE_N/A_ACTUAL_POS] | [EVENT_BEFORE_N/A_ACTUAL_POS] --(BEFORE)--> [EVENT_BEFORE_N/A_ACTUAL_POS] | [EVENT_BEFORE_N/A_ACTUAL_POS] --(BEFORE)--> [EVENT_BEFORE_N/A_ACTUAL_POS] | [EVENT_BEFORE_N/A_ACTUAL_POS] --(BEFORE)--> [EVENT_BEFORE_N/A_ACTUAL_POS],tomodensitométrie,BEFORE,retenu,BEFORE,mise,BEFORE,diverticulectomie,BEFORE,décédée,,
116,49,FR100882,[EVENT_BEFORE_N/A_ACTUAL_POS] --(BEFORE)--> [EVENT_BEFORE_N/A_ACTUAL_POS] | [EVENT_BEFORE_N/A_ACTUAL_POS] --(BEFORE)--> [EVENT_BEFORE_N/A_ACTUAL_POS] | [EVENT_BEFORE_N/A_ACTUAL_POS] --(BEFORE)--> [EVENT_BEFORE_N/A_ACTUAL_POS] | [EVENT_BEFORE_N/A_ACTUAL_POS] --(BEFORE)--> [EVENT_BEFORE_N/A_ACTUAL_POS],scanner,BEFORE,laminectomie,BEFORE,Imagerie,BEFORE,bilan,BEFORE,sérologies,,
116,49,FR100894,[EVENT_BEFORE_N/A_ACTUAL_POS] --(BEFORE)--> [EVENT_BEFORE_N/A_ACTUAL_POS] | [EVENT_BEFORE_N/A_ACTUAL_POS] --(BEFORE)--> [EVENT_BEFORE_N/A_ACTUAL_POS] | [EVENT_BEFORE_N/A_ACTUAL_POS] --(BEFORE)--> [EVENT_BEFORE_N/A_ACTUAL_POS] | [EVENT_BEFORE_N/A_ACTUAL_POS] --(BEFORE)--> [EVENT_BEFORE_N/A_ACTUAL_POS],IRM,BEFORE,appuyés,BEFORE,diagnostic,BEFORE,pris,BEFORE,incision,,
116,49,FR100903,[EVENT_BEFORE_N/A_ACTUAL_POS] --(BEFORE)--> [EVENT_BEFORE_N/A_ACTUAL_POS] | [EVENT_BEFORE_N/A_ACTUAL_POS] --(BEFORE)--> [EVENT_BEFORE_N/A_ACTUAL_POS] | [EVENT_BEFORE_N/A_ACTUAL_POS] --(BEFORE)--> [EVENT_BEFORE_N/A_ACTUAL_POS] | [EVENT_BEFORE_N/A_ACTUAL_POS] --(BEFORE)--> [EVENT_BEFORE_N/A_ACTUAL_POS],écarté,BEFORE,contrôles,BEFORE,accouchement,BEFORE,décédé,BEFORE,caryotype,,
116,49,FR100946,[EVENT_BEFORE_N/A_ACTUAL_POS] --(BEFORE)--> [EVENT_BEFORE_N/A_ACTUAL_POS] | [EVENT_BEFORE_N/A_ACTUAL_POS] --(BEFORE)--> [EVENT_BEFORE_N/A_ACTUAL_POS] | [EVENT_BEFORE_N/A_ACTUAL_POS] --(BEFORE)--> [EVENT_BEFORE_N/A_ACTUAL_POS] | [EVENT_BEFORE_N/A_ACTUAL_POS] --(BEFORE)--> [EVENT_BEFORE_N/A_ACTUAL_POS],examen,BEFORE,IRM,BEFORE,analyse,BEFORE,mise,BEFORE,exérèse,,
116,49,FR100996,[EVENT_BEFORE_N/A_ACTUAL_POS] --(BEFORE)--> [EVENT_BEFORE_N/A_ACTUAL_POS] | [EVENT_BEFORE_N/A_ACTUAL_POS] --(BEFORE)--> [EVENT_BEFORE_N/A_ACTUAL_POS] | [EVENT_BEFORE_N/A_ACTUAL_POS] --(BEFORE)--> [EVENT_BEFORE_N/A_ACTUAL_POS] | [EVENT_BEFORE_N/A_ACTUAL_POS] --(BEFORE)--> [EVENT_BEFORE_N/A_ACTUAL_POS],consulté,BEFORE,examen,BEFORE,tomodensitométrie,BEFORE,injection,BEFORE,retenu,,
20,45,FR100003,[EVENT_BEFORE_N/A_ACTUAL_POS] --(CONTAINS)--> [EVENT_BEFORE_N/A_ACTUAL_POS] | [EVENT_BEFORE_N/A_ACTUAL_POS] --(BEFORE)--> [EVENT_BEFORE_N/A_ACTUAL_POS] | [EVENT_BEFORE_N/A_ACTUAL_POS] --(BEFORE)--> [EVENT_BEFORE_N/A_ACTUAL_POS] | [EVENT_BEFORE_N/A_ACTUAL_POS] --(BEFORE)--> [EVENT_BEFORE_N/A_ACTUAL_POS] | [EVENT_BEFORE_N/A_ACTUAL_POS] --(BEFORE)--> [EVENT_BEFORE_N/A_ACTUAL_POS],délabrement,CONTAINS,panoramique,BEFORE,ponction,BEFORE,examen,BEFORE,examen,BEFORE,antibiothérapie
20,45,FR100092,[EVENT_BEFORE_N/A_ACTUAL_POS] --(CONTAINS)--> [EVENT_BEFORE_N/A_ACTUAL_POS] | [EVENT_BEFORE_N/A_ACTUAL_POS] --(BEFORE)--> [EVENT_BEFORE_N/A_ACTUAL_POS] | [EVENT_BEFORE_N/A_ACTUAL_POS] --(BEFORE)--> [EVENT_BEFORE_N/A_ACTUAL_POS] | [EVENT_BEFORE_N/A_ACTUAL_POS] --(BEFORE)--> [EVENT_BEFORE_N/A_ACTUAL_POS] | [EVENT_BEFORE_N/A_ACTUAL_POS] --(BEFORE)--> [EVENT_BEFORE_N/A_ACTUAL_POS],saignement,CONTAINS,examen,BEFORE,échographie,BEFORE,tableau,BEFORE,reste,BEFORE,minilaparotomie
20,45,FR100130,[EVENT_BEFORE_N/A_ACTUAL_POS] --(CONTAINS)--> [EVENT_BEFORE_N/A_ACTUAL_POS] | [EVENT_BEFORE_N/A_ACTUAL_POS] --(BEFORE)--> [EVENT_BEFORE_N/A_ACTUAL_POS] | [EVENT_BEFORE_N/A_ACTUAL_POS] --(BEFORE)--> [EVENT_BEFORE_N/A_ACTUAL_POS] | [EVENT_BEFORE_N/A_ACTUAL_POS] --(BEFORE)--> [EVENT_BEFORE_N/A_ACTUAL_POS] | [EVENT_BEFORE_N/A_ACTUAL_POS] --(BEFORE)--> [EVENT_BEFORE_N/A_ACTUAL_POS],apyrétique,CONTAINS,examen,BEFORE,biologie,BEFORE,glycémie,BEFORE,confirmé,BEFORE,recherche
20,45,FR100142,[EVENT_BEFORE_N/A_ACTUAL_POS] --(CONTAINS)--> [EVENT_BEFORE_N/A_ACTUAL_POS] | [EVENT_BEFORE_N/A_ACTUAL_POS] --(BEFORE)--> [EVENT_BEFORE_N/A_ACTUAL_POS] | [EVENT_BEFORE_N/A_ACTUAL_POS] --(BEFORE)--> [EVENT_BEFORE_N/A_ACTUAL_POS] | [EVENT_BEFORE_N/A_ACTUAL_POS] --(BEFORE)--> [EVENT_BEFORE_N/A_ACTUAL_POS] | [EVENT_BEFORE_N/A_ACTUAL_POS] --(BEFORE)--> [EVENT_BEFORE_N/A_ACTUAL_POS],altération,CONTAINS,examen,BEFORE,électrophorèse,BEFORE,scanner,BEFORE,fibroscopie,BEFORE,colonoscopie
20,45,FR100161,[EVENT_BEFORE_N/A_ACTUAL_POS] --(CONTAINS)--> [EVENT_BEFORE_N/A_ACTUAL_POS] | [EVENT_BEFORE_N/A_ACTUAL_POS] --(BEFORE)--> [EVENT_BEFORE_N/A_ACTUAL_POS] | [EVENT_BEFORE_N/A_ACTUAL_POS] --(BEFORE)--> [EVENT_BEFORE_N/A_ACTUAL_POS] | [EVENT_BEFORE_N/A_ACTUAL_POS] --(BEFORE)--> [EVENT_BEFORE_N/A_ACTUAL_POS] | [EVENT_BEFORE_N/A_ACTUAL_POS] --(BEFORE)--> [EVENT_BEFORE_N/A_ACTUAL_POS],cytolyse,CONTAINS,examens,BEFORE,radiographie,BEFORE,complément,BEFORE,cortisol,BEFORE,dérivés
20,45,FR100255,[EVENT_BEFORE_N/A_ACTUAL_POS] --(CONTAINS)--> [EVENT_BEFORE_N/A_ACTUAL_POS] | [EVENT_BEFORE_N/A_ACTUAL_POS] --(BEFORE)--> [EVENT_BEFORE_N/A_ACTUAL_POS] | [EVENT_BEFORE_N/A_ACTUAL_POS] --(BEFORE)--> [EVENT_BEFORE_N/A_ACTUAL_POS] | [EVENT_BEFORE_N/A_ACTUAL_POS] --(BEFORE)--> [EVENT_BEFORE_N/A_ACTUAL_POS] | [EVENT_BEFORE_N/A_ACTUAL_POS] --(BEFORE)--> [EVENT_BEFORE_N/A_ACTUAL_POS],emphysème,CONTAINS,examen,BEFORE,examen,BEFORE,échographie,BEFORE,mise,BEFORE,oxygénothérapie
20,45,FR100275,[EVENT_BEFORE_N/A_ACTUAL_POS] --(CONTAINS)--> [EVENT_BEFORE_N/A_ACTUAL_POS] | [EVENT_BEFORE_N/A_ACTUAL_POS] --(BEFORE)--> [EVENT_BEFORE_N/A_ACTUAL_POS] | [EVENT_BEFORE_N/A_ACTUAL_POS] --(BEFORE)--> [EVENT_BEFORE_N/A_ACTUAL_POS] | [EVENT_BEFORE_N/A_ACTUAL_POS] --(BEFORE)--> [EVENT_BEFORE_N/A_ACTUAL_POS] | [EVENT_BEFORE_N/A_ACTUAL_POS] --(BEFORE)--> [EVENT_BEFORE_N/A_ACTUAL_POS],mort,CONTAINS,établi,BEFORE,manœuvres,BEFORE,transféré,BEFORE,anamnèse,BEFORE,examen
20,45,FR100283,[EVENT_BEFORE_N/A_ACTUAL_POS] --(CONTAINS)--> [EVENT_BEFORE_N/A_ACTUAL_POS] | [EVENT_BEFORE_N/A_ACTUAL_POS] --(BEFORE)--> [EVENT_BEFORE_N/A_ACTUAL_POS] | [EVENT_BEFORE_N/A_ACTUAL_POS] --(BEFORE)--> [EVENT_BEFORE_N/A_ACTUAL_POS] | [EVENT_BEFORE_N/A_ACTUAL_POS] --(BEFORE)--> [EVENT_BEFORE_N/A_ACTUAL_POS] | [EVENT_BEFORE_N/A_ACTUAL_POS] --(BEFORE)--> [EVENT_BEFORE_N/A_ACTUAL_POS],syndrome,CONTAINS,bilan,BEFORE,IRM,BEFORE,hypophysiogramme,BEFORE,traitement,BEFORE,évolution
20,45,FR100296,[EVENT_BEFORE_N/A_ACTUAL_POS] --(CONTAINS)--> [EVENT_BEFORE_N/A_ACTUAL_POS] | [EVENT_BEFORE_N/A_ACTUAL_POS] --(BEFORE)--> [EVENT_BEFORE_N/A_ACTUAL_POS] | [EVENT_BEFORE_N/A_ACTUAL_POS] --(BEFORE)--> [EVENT_BEFORE_N/A_ACTUAL_POS] | [EVENT_BEFORE_N/A_ACTUAL_POS] --(BEFORE)--> [EVENT_BEFORE_N/A_ACTUAL_POS] | [EVENT_BEFORE_N/A_ACTUAL_POS] --(BEFORE)--> [EVENT_BEFORE_N/A_ACTUAL_POS],hypoesthésie,CONTAINS,examen,BEFORE,IRM,BEFORE,fenestration,BEFORE,suites,BEFORE,exéaté
20,45,FR100314,[EVENT_BEFORE_N/A_ACTUAL_POS] --(CONTAINS)--> [EVENT_BEFORE_N/A_ACTUAL_POS] | [EVENT_BEFORE_N/A_ACTUAL_POS] --(BEFORE)--> [EVENT_BEFORE_N/A_ACTUAL_POS] | [EVENT_BEFORE_N/A_ACTUAL_POS] --(BEFORE)--> [EVENT_BEFORE_N/A_ACTUAL_POS] | [EVENT_BEFORE_N/A_ACTUAL_POS] --(BEFORE)--> [EVENT_BEFORE_N/A_ACTUAL_POS] | [EVENT_BEFORE_N/A_ACTUAL_POS] --(BEFORE)--> [EVENT_BEFORE_N/A_ACTUAL_POS],fracture,CONTAINS,bilan,BEFORE,drainage,BEFORE,angio-scanner,BEFORE,amputation,BEFORE,mise
20,45,FR100344,[EVENT_BEFORE_N/A_ACTUAL_POS] --(CONTAINS)--> [EVENT_BEFORE_N/A_ACTUAL_POS] | [EVENT_BEFORE_N/A_ACTUAL_POS] --(BEFORE)--> [EVENT_BEFORE_N/A_ACTUAL_POS] | [EVENT_BEFORE_N/A_ACTUAL_POS] --(BEFORE)--> [EVENT_BEFORE_N/A_ACTUAL_POS] | [EVENT_BEFORE_N/A_ACTUAL_POS] --(BEFORE)--> [EVENT_BEFORE_N/A_ACTUAL_POS] | [EVENT_BEFORE_N/A_ACTUAL_POS] --(BEFORE)--> [EVENT_BEFORE_N/A_ACTUAL_POS],évolution,CONTAINS,déroulée,BEFORE,plainte,BEFORE,examen,BEFORE,césarienne,BEFORE,pesait
20,45,FR100346,[EVENT_BEFORE_N/A_ACTUAL_POS] --(CONTAINS)--> [EVENT_BEFORE_N/A_ACTUAL_POS] | [EVENT_BEFORE_N/A_ACTUAL_POS] --(BEFORE)--> [EVENT_BEFORE_N/A_ACTUAL_POS] | [EVENT_BEFORE_N/A_ACTUAL_POS] --(BEFORE)--> [EVENT_BEFORE_N/A_ACTUAL_POS] | [EVENT_BEFORE_N/A_ACTUAL_POS] --(BEFORE)--> [EVENT_BEFORE_N/A_ACTUAL_POS] | [EVENT_BEFORE_N/A_ACTUAL_POS] --(BEFORE)--> [EVENT_BEFORE_N/A_ACTUAL_POS],pouls,CONTAINS,examen,BEFORE,gazométrie,BEFORE,reste,BEFORE,radiographie,BEFORE,angioscanner
20,45,FR100360,[EVENT_BEFORE_N/A_ACTUAL_POS] --(CONTAINS)--> [EVENT_BEFORE_N/A_ACTUAL_POS] | [EVENT_BEFORE_N/A_ACTUAL_POS] --(BEFORE)--> [EVENT_BEFORE_N/A_ACTUAL_POS] | [EVENT_BEFORE_N/A_ACTUAL_POS] --(BEFORE)--> [EVENT_BEFORE_N/A_ACTUAL_POS] | [EVENT_BEFORE_N/A_ACTUAL_POS] --(BEFORE)--> [EVENT_BEFORE_N/A_ACTUAL_POS] | [EVENT_BEFORE_N/A_ACTUAL_POS] --(BEFORE)--> [EVENT_BEFORE_N/A_ACTUAL_POS],lésion,CONTAINS,tomodensitométrie,BEFORE,complément,BEFORE,biopsie,BEFORE,tomodensitométrie,BEFORE,radiothérapie
20,45,FR100361,[EVENT_BEFORE_N/A_ACTUAL_POS] --(CONTAINS)--> [EVENT_BEFORE_N/A_ACTUAL_POS] | [EVENT_BEFORE_N/A_ACTUAL_POS] --(BEFORE)--> [EVENT_BEFORE_N/A_ACTUAL_POS] | [EVENT_BEFORE_N/A_ACTUAL_POS] --(BEFORE)--> [EVENT_BEFORE_N/A_ACTUAL_POS] | [EVENT_BEFORE_N/A_ACTUAL_POS] --(BEFORE)--> [EVENT_BEFORE_N/A_ACTUAL_POS] | [EVENT_BEFORE_N/A_ACTUAL_POS] --(BEFORE)--> [EVENT_BEFORE_N/A_ACTUAL_POS],agitée,CONTAINS,examen,BEFORE,TDM,BEFORE,ponction,BEFORE,examen,BEFORE,examen
20,45,FR100371,[EVENT_BEFORE_N/A_ACTUAL_POS] --(CONTAINS)--> [EVENT_BEFORE_N/A_ACTUAL_POS] | [EVENT_BEFORE_N/A_ACTUAL_POS] --(BEFORE)--> [EVENT_BEFORE_N/A_ACTUAL_POS] | [EVENT_BEFORE_N/A_ACTUAL_POS] --(BEFORE)--> [EVENT_BEFORE_N/A_ACTUAL_POS] | [EVENT_BEFORE_N/A_ACTUAL_POS] --(BEFORE)--> [EVENT_BEFORE_N/A_ACTUAL_POS] | [EVENT_BEFORE_N/A_ACTUAL_POS] --(BEFORE)--> [EVENT_BEFORE_N/A_ACTUAL_POS],hypersudation,CONTAINS,examen,BEFORE,examen,BEFORE,bilan,BEFORE,bilan,BEFORE,intervention
20,45,FR100400,[EVENT_BEFORE_N/A_ACTUAL_POS] --(CONTAINS)--> [EVENT_BEFORE_N/A_ACTUAL_POS] | [EVENT_BEFORE_N/A_ACTUAL_POS] --(BEFORE)--> [EVENT_BEFORE_N/A_ACTUAL_POS] | [EVENT_BEFORE_N/A_ACTUAL_POS] --(BEFORE)--> [EVENT_BEFORE_N/A_ACTUAL_POS] | [EVENT_BEFORE_N/A_ACTUAL_POS] --(BEFORE)--> [EVENT_BEFORE_N/A_ACTUAL_POS] | [EVENT_BEFORE_N/A_ACTUAL_POS] --(BEFORE)--> [EVENT_BEFORE_N/A_ACTUAL_POS],masse,CONTAINS,scanner,BEFORE,diagnostic,BEFORE,exploration,BEFORE,résection,BEFORE,drainage
20,45,FR100439,[EVENT_BEFORE_N/A_ACTUAL_POS] --(CONTAINS)--> [EVENT_BEFORE_N/A_ACTUAL_POS] | [EVENT_BEFORE_N/A_ACTUAL_POS] --(BEFORE)--> [EVENT_BEFORE_N/A_ACTUAL_POS] | [EVENT_BEFORE_N/A_ACTUAL_POS] --(BEFORE)--> [EVENT_BEFORE_N/A_ACTUAL_POS] | [EVENT_BEFORE_N/A_ACTUAL_POS] --(BEFORE)--> [EVENT_BEFORE_N/A_ACTUAL_POS] | [EVENT_BEFORE_N/A_ACTUAL_POS] --(BEFORE)--> [EVENT_BEFORE_N/A_ACTUAL_POS],hyperfixations,CONTAINS,examen,BEFORE,classée,BEFORE,bénéficier,BEFORE,nasofibroscopie,BEFORE,scanner
20,45,FR100480,[EVENT_BEFORE_N/A_ACTUAL_POS] --(CONTAINS)--> [EVENT_BEFORE_N/A_ACTUAL_POS] | [EVENT_BEFORE_N/A_ACTUAL_POS] --(BEFORE)--> [EVENT_BEFORE_N/A_ACTUAL_POS] | [EVENT_BEFORE_N/A_ACTUAL_POS] --(BEFORE)--> [EVENT_BEFORE_N/A_ACTUAL_POS] | [EVENT_BEFORE_N/A_ACTUAL_POS] --(BEFORE)--> [EVENT_BEFORE_N/A_ACTUAL_POS] | [EVENT_BEFORE_N/A_ACTUAL_POS] --(BEFORE)--> [EVENT_BEFORE_N/A_ACTUAL_POS],tuméfaction,CONTAINS,examen,BEFORE,imagerie,BEFORE,bilan,BEFORE,scanner,BEFORE,Tomographie
20,45,FR100517,[EVENT_BEFORE_N/A_ACTUAL_POS] --(CONTAINS)--> [EVENT_BEFORE_N/A_ACTUAL_POS] | [EVENT_BEFORE_N/A_ACTUAL_POS] --(BEFORE)--> [EVENT_BEFORE_N/A_ACTUAL_POS] | [EVENT_BEFORE_N/A_ACTUAL_POS] --(BEFORE)--> [EVENT_BEFORE_N/A_ACTUAL_POS] | [EVENT_BEFORE_N/A_ACTUAL_POS] --(BEFORE)--> [EVENT_BEFORE_N/A_ACTUAL_POS] | [EVENT_BEFORE_N/A_ACTUAL_POS] --(BEFORE)--> [EVENT_BEFORE_N/A_ACTUAL_POS],syndrome,CONTAINS,bilan,BEFORE,électromyogramme,BEFORE,bilan,BEFORE,explorations,BEFORE,porté
20,45,FR100589,[EVENT_BEFORE_N/A_ACTUAL_POS] --(CONTAINS)--> [EVENT_BEFORE_N/A_ACTUAL_POS] | [EVENT_BEFORE_N/A_ACTUAL_POS] --(BEFORE)--> [EVENT_BEFORE_N/A_ACTUAL_POS] | [EVENT_BEFORE_N/A_ACTUAL_POS] --(BEFORE)--> [EVENT_BEFORE_N/A_ACTUAL_POS] | [EVENT_BEFORE_N/A_ACTUAL_POS] --(BEFORE)--> [EVENT_BEFORE_N/A_ACTUAL_POS] | [EVENT_BEFORE_N/A_ACTUAL_POS] --(BEFORE)--> [EVENT_BEFORE_N/A_ACTUAL_POS],discuté,CONTAINS,évoqué,BEFORE,rechercher,BEFORE,bronchoscopie,BEFORE,lavage,BEFORE,biopsies
20,45,FR100597,[EVENT_BEFORE_N/A_ACTUAL_POS] --(CONTAINS)--> [EVENT_BEFORE_N/A_ACTUAL_POS] | [EVENT_BEFORE_N/A_ACTUAL_POS] --(BEFORE)--> [EVENT_BEFORE_N/A_ACTUAL_POS] | [EVENT_BEFORE_N/A_ACTUAL_POS] --(BEFORE)--> [EVENT_BEFORE_N/A_ACTUAL_POS] | [EVENT_BEFORE_N/A_ACTUAL_POS] --(BEFORE)--> [EVENT_BEFORE_N/A_ACTUAL_POS] | [EVENT_BEFORE_N/A_ACTUAL_POS] --(BEFORE)--> [EVENT_BEFORE_N/A_ACTUAL_POS],consultation,CONTAINS,examen,BEFORE,examen,BEFORE,examen,BEFORE,toucher,BEFORE,reste
20,45,FR100611,[EVENT_BEFORE_N/A_ACTUAL_POS] --(CONTAINS)--> [EVENT_BEFORE_N/A_ACTUAL_POS] | [EVENT_BEFORE_N/A_ACTUAL_POS] --(BEFORE)--> [EVENT_BEFORE_N/A_ACTUAL_POS] | [EVENT_BEFORE_N/A_ACTUAL_POS] --(BEFORE)--> [EVENT_BEFORE_N/A_ACTUAL_POS] | [EVENT_BEFORE_N/A_ACTUAL_POS] --(BEFORE)--> [EVENT_BEFORE_N/A_ACTUAL_POS] | [EVENT_BEFORE_N/A_ACTUAL_POS] --(BEFORE)--> [EVENT_BEFORE_N/A_ACTUAL_POS],adénopathies,CONTAINS,examen,BEFORE,IRM,BEFORE,étude,BEFORE,examen,BEFORE,cultures
20,45,FR100614,[EVENT_BEFORE_N/A_ACTUAL_POS] --(CONTAINS)--> [EVENT_BEFORE_N/A_ACTUAL_POS] | [EVENT_BEFORE_N/A_ACTUAL_POS] --(BEFORE)--> [EVENT_BEFORE_N/A_ACTUAL_POS] | [EVENT_BEFORE_N/A_ACTUAL_POS] --(BEFORE)--> [EVENT_BEFORE_N/A_ACTUAL_POS] | [EVENT_BEFORE_N/A_ACTUAL_POS] --(BEFORE)--> [EVENT_BEFORE_N/A_ACTUAL_POS] | [EVENT_BEFORE_N/A_ACTUAL_POS] --(BEFORE)--> [EVENT_BEFORE_N/A_ACTUAL_POS],douleur,CONTAINS,admission,BEFORE,examen,BEFORE,échographique,BEFORE,tomodensitométrie,BEFORE,radiographie
20,45,FR100620,[EVENT_BEFORE_N/A_ACTUAL_POS] --(CONTAINS)--> [EVENT_BEFORE_N/A_ACTUAL_POS] | [EVENT_BEFORE_N/A_ACTUAL_POS] --(BEFORE)--> [EVENT_BEFORE_N/A_ACTUAL_POS] | [EVENT_BEFORE_N/A_ACTUAL_POS] --(BEFORE)--> [EVENT_BEFORE_N/A_ACTUAL_POS] | [EVENT_BEFORE_N/A_ACTUAL_POS] --(BEFORE)--> [EVENT_BEFORE_N/A_ACTUAL_POS] | [EVENT_BEFORE_N/A_ACTUAL_POS] --(BEFORE)--> [EVENT_BEFORE_N/A_ACTUAL_POS],clarté,CONTAINS,radiographie,BEFORE,drainage,BEFORE,radiographie,BEFORE,demandé,BEFORE,complément
20,45,FR100623,[EVENT_BEFORE_N/A_ACTUAL_POS] --(CONTAINS)--> [EVENT_BEFORE_N/A_ACTUAL_POS] | [EVENT_BEFORE_N/A_ACTUAL_POS] --(BEFORE)--> [EVENT_BEFORE_N/A_ACTUAL_POS] | [EVENT_BEFORE_N/A_ACTUAL_POS] --(BEFORE)--> [EVENT_BEFORE_N/A_ACTUAL_POS] | [EVENT_BEFORE_N/A_ACTUAL_POS] --(BEFORE)--> [EVENT_BEFORE_N/A_ACTUAL_POS] | [EVENT_BEFORE_N/A_ACTUAL_POS] --(BEFORE)--> [EVENT_BEFORE_N/A_ACTUAL_POS],gaz,CONTAINS,consulté,BEFORE,examen,BEFORE,échographie,BEFORE,tomodensitométrie,BEFORE,retenu
20,45,FR100629,[EVENT_BEFORE_N/A_ACTUAL_POS] --(CONTAINS)--> [EVENT_BEFORE_N/A_ACTUAL_POS] | [EVENT_BEFORE_N/A_ACTUAL_POS] --(BEFORE)--> [EVENT_BEFORE_N/A_ACTUAL_POS] | [EVENT_BEFORE_N/A_ACTUAL_POS] --(BEFORE)--> [EVENT_BEFORE_N/A_ACTUAL_POS] | [EVENT_BEFORE_N/A_ACTUAL_POS] --(BEFORE)--> [EVENT_BEFORE_N/A_ACTUAL_POS] | [EVENT_BEFORE_N/A_ACTUAL_POS] --(BEFORE)--> [EVENT_BEFORE_N/A_ACTUAL_POS],douleur,CONTAINS,examen,BEFORE,radiographie,BEFORE,thoracoscopie,BEFORE,marquage,BEFORE,bilan
20,45,FR100632,[EVENT_BEFORE_N/A_ACTUAL_POS] --(CONTAINS)--> [EVENT_BEFORE_N/A_ACTUAL_POS] | [EVENT_BEFORE_N/A_ACTUAL_POS] --(BEFORE)--> [EVENT_BEFORE_N/A_ACTUAL_POS] | [EVENT_BEFORE_N/A_ACTUAL_POS] --(BEFORE)--> [EVENT_BEFORE_N/A_ACTUAL_POS] | [EVENT_BEFORE_N/A_ACTUAL_POS] --(BEFORE)--> [EVENT_BEFORE_N/A_ACTUAL_POS] | [EVENT_BEFORE_N/A_ACTUAL_POS] --(BEFORE)--> [EVENT_BEFORE_N/A_ACTUAL_POS],anomalie,CONTAINS,IRM,BEFORE,IRM,BEFORE,étude,BEFORE,numération,BEFORE,bilan
20,45,FR100663,[EVENT_BEFORE_N/A_ACTUAL_POS] --(CONTAINS)--> [EVENT_BEFORE_N/A_ACTUAL_POS] | [EVENT_BEFORE_N/A_ACTUAL_POS] --(BEFORE)--> [EVENT_BEFORE_N/A_ACTUAL_POS] | [EVENT_BEFORE_N/A_ACTUAL_POS] --(BEFORE)--> [EVENT_BEFORE_N/A_ACTUAL_POS] | [EVENT_BEFORE_N/A_ACTUAL_POS] --(BEFORE)--> [EVENT_BEFORE_N/A_ACTUAL_POS] | [EVENT_BEFORE_N/A_ACTUAL_POS] --(BEFORE)--> [EVENT_BEFORE_N/A_ACTUAL_POS],grossesse,CONTAINS,examen,BEFORE,examen,BEFORE,échographie,BEFORE,taux,BEFORE,tenté
20,45,FR100666,[EVENT_BEFORE_N/A_ACTUAL_POS] --(CONTAINS)--> [EVENT_BEFORE_N/A_ACTUAL_POS] | [EVENT_BEFORE_N/A_ACTUAL_POS] --(BEFORE)--> [EVENT_BEFORE_N/A_ACTUAL_POS] | [EVENT_BEFORE_N/A_ACTUAL_POS] --(BEFORE)--> [EVENT_BEFORE_N/A_ACTUAL_POS] | [EVENT_BEFORE_N/A_ACTUAL_POS] --(BEFORE)--> [EVENT_BEFORE_N/A_ACTUAL_POS] | [EVENT_BEFORE_N/A_ACTUAL_POS] --(BEFORE)--> [EVENT_BEFORE_N/A_ACTUAL_POS],sérologie,CONTAINS,bilan,BEFORE,myologramme,BEFORE,bilan,BEFORE,classé,BEFORE,traitement
20,45,FR100683,[EVENT_BEFORE_N/A_ACTUAL_POS] --(CONTAINS)--> [EVENT_BEFORE_N/A_ACTUAL_POS] | [EVENT_BEFORE_N/A_ACTUAL_POS] --(BEFORE)--> [EVENT_BEFORE_N/A_ACTUAL_POS] | [EVENT_BEFORE_N/A_ACTUAL_POS] --(BEFORE)--> [EVENT_BEFORE_N/A_ACTUAL_POS] | [EVENT_BEFORE_N/A_ACTUAL_POS] --(BEFORE)--> [EVENT_BEFORE_N/A_ACTUAL_POS] | [EVENT_BEFORE_N/A_ACTUAL_POS] --(BEFORE)--> [EVENT_BEFORE_N/A_ACTUAL_POS],créatinine,CONTAINS,exploration,BEFORE,exploration,BEFORE,IRM,BEFORE,écho-mammographie,BEFORE,osteodensitométrie
20,45,FR100688,[EVENT_BEFORE_N/A_ACTUAL_POS] --(CONTAINS)--> [EVENT_BEFORE_N/A_ACTUAL_POS] | [EVENT_BEFORE_N/A_ACTUAL_POS] --(BEFORE)--> [EVENT_BEFORE_N/A_ACTUAL_POS] | [EVENT_BEFORE_N/A_ACTUAL_POS] --(BEFORE)--> [EVENT_BEFORE_N/A_ACTUAL_POS] | [EVENT_BEFORE_N/A_ACTUAL_POS] --(BEFORE)--> [EVENT_BEFORE_N/A_ACTUAL_POS] | [EVENT_BEFORE_N/A_ACTUAL_POS] --(BEFORE)--> [EVENT_BEFORE_N/A_ACTUAL_POS],indice,CONTAINS,examen,BEFORE,examen,BEFORE,examen,BEFORE,sérologie,BEFORE,intradermoréaction
20,45,FR100689,[EVENT_BEFORE_N/A_ACTUAL_POS] --(CONTAINS)--> [EVENT_BEFORE_N/A_ACTUAL_POS] | [EVENT_BEFORE_N/A_ACTUAL_POS] --(BEFORE)--> [EVENT_BEFORE_N/A_ACTUAL_POS] | [EVENT_BEFORE_N/A_ACTUAL_POS] --(BEFORE)--> [EVENT_BEFORE_N/A_ACTUAL_POS] | [EVENT_BEFORE_N/A_ACTUAL_POS] --(BEFORE)--> [EVENT_BEFORE_N/A_ACTUAL_POS] | [EVENT_BEFORE_N/A_ACTUAL_POS] --(BEFORE)--> [EVENT_BEFORE_N/A_ACTUAL_POS],recherche,CONTAINS,ionogramme,BEFORE,examen,BEFORE,retenu,BEFORE,traitement,BEFORE,bithérapie
20,45,FR100697,[EVENT_BEFORE_N/A_ACTUAL_POS] --(CONTAINS)--> [EVENT_BEFORE_N/A_ACTUAL_POS] | [EVENT_BEFORE_N/A_ACTUAL_POS] --(BEFORE)--> [EVENT_BEFORE_N/A_ACTUAL_POS] | [EVENT_BEFORE_N/A_ACTUAL_POS] --(BEFORE)--> [EVENT_BEFORE_N/A_ACTUAL_POS] | [EVENT_BEFORE_N/A_ACTUAL_POS] --(BEFORE)--> [EVENT_BEFORE_N/A_ACTUAL_POS] | [EVENT_BEFORE_N/A_ACTUAL_POS] --(BEFORE)--> [EVENT_BEFORE_N/A_ACTUAL_POS],adénopathies,CONTAINS,examen,BEFORE,mammographie,BEFORE,échographie,BEFORE,examen,BEFORE,immunomarquage
20,45,FR100708,[EVENT_BEFORE_N/A_ACTUAL_POS] --(CONTAINS)--> [EVENT_BEFORE_N/A_ACTUAL_POS] | [EVENT_BEFORE_N/A_ACTUAL_POS] --(BEFORE)--> [EVENT_BEFORE_N/A_ACTUAL_POS] | [EVENT_BEFORE_N/A_ACTUAL_POS] --(BEFORE)--> [EVENT_BEFORE_N/A_ACTUAL_POS] | [EVENT_BEFORE_N/A_ACTUAL_POS] --(BEFORE)--> [EVENT_BEFORE_N/A_ACTUAL_POS] | [EVENT_BEFORE_N/A_ACTUAL_POS] --(BEFORE)--> [EVENT_BEFORE_N/A_ACTUAL_POS],galactorrhée,CONTAINS,examen,BEFORE,mammographie,BEFORE,échographie,BEFORE,ponction,BEFORE,étude
20,45,FR100717,[EVENT_BEFORE_N/A_ACTUAL_POS] --(CONTAINS)--> [EVENT_BEFORE_N/A_ACTUAL_POS] | [EVENT_BEFORE_N/A_ACTUAL_POS] --(BEFORE)--> [EVENT_BEFORE_N/A_ACTUAL_POS] | [EVENT_BEFORE_N/A_ACTUAL_POS] --(BEFORE)--> [EVENT_BEFORE_N/A_ACTUAL_POS] | [EVENT_BEFORE_N/A_ACTUAL_POS] --(BEFORE)--> [EVENT_BEFORE_N/A_ACTUAL_POS] | [EVENT_BEFORE_N/A_ACTUAL_POS] --(BEFORE)--> [EVENT_BEFORE_N/A_ACTUAL_POS],IMC,CONTAINS,examen,BEFORE,examens,BEFORE,scanner,BEFORE,IRM,BEFORE,laminectomie
20,45,FR100748,[EVENT_BEFORE_N/A_ACTUAL_POS] --(CONTAINS)--> [EVENT_BEFORE_N/A_ACTUAL_POS] | [EVENT_BEFORE_N/A_ACTUAL_POS] --(BEFORE)--> [EVENT_BEFORE_N/A_ACTUAL_POS] | [EVENT_BEFORE_N/A_ACTUAL_POS] --(BEFORE)--> [EVENT_BEFORE_N/A_ACTUAL_POS] | [EVENT_BEFORE_N/A_ACTUAL_POS] --(BEFORE)--> [EVENT_BEFORE_N/A_ACTUAL_POS] | [EVENT_BEFORE_N/A_ACTUAL_POS] --(BEFORE)--> [EVENT_BEFORE_N/A_ACTUAL_POS],intervention,CONTAINS,mobilisation,BEFORE,suites,BEFORE,transférée,BEFORE,regagné,BEFORE,recul
20,45,FR100806,[EVENT_BEFORE_N/A_ACTUAL_POS] --(CONTAINS)--> [EVENT_BEFORE_N/A_ACTUAL_POS] | [EVENT_BEFORE_N/A_ACTUAL_POS] --(BEFORE)--> [EVENT_BEFORE_N/A_ACTUAL_POS] | [EVENT_BEFORE_N/A_ACTUAL_POS] --(BEFORE)--> [EVENT_BEFORE_N/A_ACTUAL_POS] | [EVENT_BEFORE_N/A_ACTUAL_POS] --(BEFORE)--> [EVENT_BEFORE_N/A_ACTUAL_POS] | [EVENT_BEFORE_N/A_ACTUAL_POS] --(BEFORE)--> [EVENT_BEFORE_N/A_ACTUAL_POS],D-dimères,CONTAINS,biologie,BEFORE,tomodensitométrie,BEFORE,prise,BEFORE,examen,BEFORE,suites
20,45,FR100826,[EVENT_BEFORE_N/A_ACTUAL_POS] --(CONTAINS)--> [EVENT_BEFORE_N/A_ACTUAL_POS] | [EVENT_BEFORE_N/A_ACTUAL_POS] --(BEFORE)--> [EVENT_BEFORE_N/A_ACTUAL_POS] | [EVENT_BEFORE_N/A_ACTUAL_POS] --(BEFORE)--> [EVENT_BEFORE_N/A_ACTUAL_POS] | [EVENT_BEFORE_N/A_ACTUAL_POS] --(BEFORE)--> [EVENT_BEFORE_N/A_ACTUAL_POS] | [EVENT_BEFORE_N/A_ACTUAL_POS] --(BEFORE)--> [EVENT_BEFORE_N/A_ACTUAL_POS],termine,CONTAINS,bilan,BEFORE,bilan,BEFORE,retenue,BEFORE,exploration,BEFORE,suites
20,45,FR100845,[EVENT_BEFORE_N/A_ACTUAL_POS] --(CONTAINS)--> [EVENT_BEFORE_N/A_ACTUAL_POS] | [EVENT_BEFORE_N/A_ACTUAL_POS] --(BEFORE)--> [EVENT_BEFORE_N/A_ACTUAL_POS] | [EVENT_BEFORE_N/A_ACTUAL_POS] --(BEFORE)--> [EVENT_BEFORE_N/A_ACTUAL_POS] | [EVENT_BEFORE_N/A_ACTUAL_POS] --(BEFORE)--> [EVENT_BEFORE_N/A_ACTUAL_POS] | [EVENT_BEFORE_N/A_ACTUAL_POS] --(BEFORE)--> [EVENT_BEFORE_N/A_ACTUAL_POS],présence,CONTAINS,échographie,BEFORE,radiographie,BEFORE,décision,BEFORE,extraction,BEFORE,examen
20,45,FR100870,[EVENT_BEFORE_N/A_ACTUAL_POS] --(CONTAINS)--> [EVENT_BEFORE_N/A_ACTUAL_POS] | [EVENT_BEFORE_N/A_ACTUAL_POS] --(BEFORE)--> [EVENT_BEFORE_N/A_ACTUAL_POS] | [EVENT_BEFORE_N/A_ACTUAL_POS] --(BEFORE)--> [EVENT_BEFORE_N/A_ACTUAL_POS] | [EVENT_BEFORE_N/A_ACTUAL_POS] --(BEFORE)--> [EVENT_BEFORE_N/A_ACTUAL_POS] | [EVENT_BEFORE_N/A_ACTUAL_POS] --(BEFORE)--> [EVENT_BEFORE_N/A_ACTUAL_POS],calcémie,CONTAINS,bilan,BEFORE,IRM,BEFORE,électrophorèse,BEFORE,immunosoustraction,BEFORE,immunofixation
20,45,FR100874,[EVENT_BEFORE_N/A_ACTUAL_POS] --(CONTAINS)--> [EVENT_BEFORE_N/A_ACTUAL_POS] | [EVENT_BEFORE_N/A_ACTUAL_POS] --(BEFORE)--> [EVENT_BEFORE_N/A_ACTUAL_POS] | [EVENT_BEFORE_N/A_ACTUAL_POS] --(BEFORE)--> [EVENT_BEFORE_N/A_ACTUAL_POS] | [EVENT_BEFORE_N/A_ACTUAL_POS] --(BEFORE)--> [EVENT_BEFORE_N/A_ACTUAL_POS] | [EVENT_BEFORE_N/A_ACTUAL_POS] --(BEFORE)--> [EVENT_BEFORE_N/A_ACTUAL_POS],méléna,CONTAINS,examen,BEFORE,hémogramme,BEFORE,fibroscopie,BEFORE,transit,BEFORE,tomodensitométrie
20,45,FR100882,[EVENT_BEFORE_N/A_ACTUAL_POS] --(CONTAINS)--> [EVENT_BEFORE_N/A_ACTUAL_POS] | [EVENT_BEFORE_N/A_ACTUAL_POS] --(BEFORE)--> [EVENT_BEFORE_N/A_ACTUAL_POS] | [EVENT_BEFORE_N/A_ACTUAL_POS] --(BEFORE)--> [EVENT_BEFORE_N/A_ACTUAL_POS] | [EVENT_BEFORE_N/A_ACTUAL_POS] --(BEFORE)--> [EVENT_BEFORE_N/A_ACTUAL_POS] | [EVENT_BEFORE_N/A_ACTUAL_POS] --(BEFORE)--> [EVENT_BEFORE_N/A_ACTUAL_POS],persistance,CONTAINS,Imagerie,BEFORE,bilan,BEFORE,sérologies,BEFORE,sclérothérapie,BEFORE,évolution
20,45,FR100903,[EVENT_BEFORE_N/A_ACTUAL_POS] --(CONTAINS)--> [EVENT_BEFORE_N/A_ACTUAL_POS] | [EVENT_BEFORE_N/A_ACTUAL_POS] --(BEFORE)--> [EVENT_BEFORE_N/A_ACTUAL_POS] | [EVENT_BEFORE_N/A_ACTUAL_POS] --(BEFORE)--> [EVENT_BEFORE_N/A_ACTUAL_POS] | [EVENT_BEFORE_N/A_ACTUAL_POS] --(BEFORE)--> [EVENT_BEFORE_N/A_ACTUAL_POS] | [EVENT_BEFORE_N/A_ACTUAL_POS] --(BEFORE)--> [EVENT_BEFORE_N/A_ACTUAL_POS],présence,CONTAINS,IRM,BEFORE,diagnostic,BEFORE,écarté,BEFORE,contrôles,BEFORE,accouchement
20,45,FR100946,[EVENT_BEFORE_N/A_ACTUAL_POS] --(CONTAINS)--> [EVENT_BEFORE_N/A_ACTUAL_POS] | [EVENT_BEFORE_N/A_ACTUAL_POS] --(BEFORE)--> [EVENT_BEFORE_N/A_ACTUAL_POS] | [EVENT_BEFORE_N/A_ACTUAL_POS] --(BEFORE)--> [EVENT_BEFORE_N/A_ACTUAL_POS] | [EVENT_BEFORE_N/A_ACTUAL_POS] --(BEFORE)--> [EVENT_BEFORE_N/A_ACTUAL_POS] | [EVENT_BEFORE_N/A_ACTUAL_POS] --(BEFORE)--> [EVENT_BEFORE_N/A_ACTUAL_POS],œdème,CONTAINS,IRM,BEFORE,analyse,BEFORE,mise,BEFORE,analyse,BEFORE,mise
20,45,FR100996,[EVENT_BEFORE_N/A_ACTUAL_POS] --(CONTAINS)--> [EVENT_BEFORE_N/A_ACTUAL_POS] | [EVENT_BEFORE_N/A_ACTUAL_POS] --(BEFORE)--> [EVENT_BEFORE_N/A_ACTUAL_POS] | [EVENT_BEFORE_N/A_ACTUAL_POS] --(BEFORE)--> [EVENT_BEFORE_N/A_ACTUAL_POS] | [EVENT_BEFORE_N/A_ACTUAL_POS] --(BEFORE)--> [EVENT_BEFORE_N/A_ACTUAL_POS] | [EVENT_BEFORE_N/A_ACTUAL_POS] --(BEFORE)--> [EVENT_BEFORE_N/A_ACTUAL_POS],contenait,CONTAINS,tomodensitométrie,BEFORE,injection,BEFORE,retenu,BEFORE,chirurgical,BEFORE,suites
177,44,FR100003,[EVENT_BEFORE_N/A_ACTUAL_POS] --(BEFORE)--> [EVENT_BEFORE_N/A_ACTUAL_POS] | [EVENT_BEFORE_N/A_ACTUAL_POS] --(OVERLAP)--> [EVENT_BEFORE_N/A_ACTUAL_POS],drainage,BEFORE,traitement,OVERLAP,prévenir,,,,,,
177,44,FR100078,[EVENT_BEFORE_N/A_ACTUAL_POS] --(BEFORE)--> [EVENT_BEFORE_N/A_ACTUAL_POS] | [EVENT_BEFORE_N/A_ACTUAL_POS] --(OVERLAP)--> [EVENT_BEFORE_N/A_ACTUAL_POS],Pathergy,BEFORE,diagnostic,OVERLAP,colchicine,,,,,,
177,44,FR100120,[EVENT_BEFORE_N/A_ACTUAL_POS] --(BEFORE)--> [EVENT_BEFORE_N/A_ACTUAL_POS] | [EVENT_BEFORE_N/A_ACTUAL_POS] --(OVERLAP)--> [EVENT_BEFORE_N/A_ACTUAL_POS],reste,BEFORE,traitement,OVERLAP,rattaché,,,,,,
177,44,FR100130,[EVENT_BEFORE_N/A_ACTUAL_POS] --(BEFORE)--> [EVENT_BEFORE_N/A_ACTUAL_POS] | [EVENT_BEFORE_N/A_ACTUAL_POS] --(OVERLAP)--> [EVENT_BEFORE_N/A_ACTUAL_POS],administrées,BEFORE,reçu,OVERLAP,amélioration,,,,,,
177,44,FR100132,[EVENT_BEFORE_N/A_ACTUAL_POS] --(BEFORE)--> [EVENT_BEFORE_N/A_ACTUAL_POS] | [EVENT_BEFORE_N/A_ACTUAL_POS] --(OVERLAP)--> [EVENT_BEFORE_N/A_ACTUAL_POS],examen,BEFORE,écho-Doppler,OVERLAP,fibroscopie,,,,,,
177,44,FR100142,[EVENT_BEFORE_N/A_ACTUAL_POS] --(BEFORE)--> [EVENT_BEFORE_N/A_ACTUAL_POS] | [EVENT_BEFORE_N/A_ACTUAL_POS] --(OVERLAP)--> [EVENT_BEFORE_N/A_ACTUAL_POS],sérologie,BEFORE,évolution,OVERLAP,altération,,,,,,
177,44,FR100161,[EVENT_BEFORE_N/A_ACTUAL_POS] --(BEFORE)--> [EVENT_BEFORE_N/A_ACTUAL_POS] | [EVENT_BEFORE_N/A_ACTUAL_POS] --(OVERLAP)--> [EVENT_BEFORE_N/A_ACTUAL_POS],interrogatoire,BEFORE,examen,OVERLAP,TA,,,,,,
177,44,FR100168,[EVENT_BEFORE_N/A_ACTUAL_POS] --(BEFORE)--> [EVENT_BEFORE_N/A_ACTUAL_POS] | [EVENT_BEFORE_N/A_ACTUAL_POS] --(OVERLAP)--> [EVENT_BEFORE_N/A_ACTUAL_POS],tests,BEFORE,entretien,OVERLAP,habitude,,,,,,
177,44,FR100255,[EVENT_BEFORE_N/A_ACTUAL_POS] --(BEFORE)--> [EVENT_BEFORE_N/A_ACTUAL_POS] | [EVENT_BEFORE_N/A_ACTUAL_POS] --(OVERLAP)--> [EVENT_BEFORE_N/A_ACTUAL_POS],admission,BEFORE,expulsé,OVERLAP,poids,,,,,,
177,44,FR100275,[EVENT_BEFORE_N/A_ACTUAL_POS] --(BEFORE)--> [EVENT_BEFORE_N/A_ACTUAL_POS] | [EVENT_BEFORE_N/A_ACTUAL_POS] --(OVERLAP)--> [EVENT_BEFORE_N/A_ACTUAL_POS],anamnèse,BEFORE,examen,OVERLAP,bilan,,,,,,
177,44,FR100314,[EVENT_BEFORE_N/A_ACTUAL_POS] --(BEFORE)--> [EVENT_BEFORE_N/A_ACTUAL_POS] | [EVENT_BEFORE_N/A_ACTUAL_POS] --(OVERLAP)--> [EVENT_BEFORE_N/A_ACTUAL_POS],bilan,BEFORE,drainage,OVERLAP,analgésie,,,,,,
177,44,FR100344,[EVENT_BEFORE_N/A_ACTUAL_POS] --(BEFORE)--> [EVENT_BEFORE_N/A_ACTUAL_POS] | [EVENT_BEFORE_N/A_ACTUAL_POS] --(OVERLAP)--> [EVENT_BEFORE_N/A_ACTUAL_POS],contrôle,BEFORE,échographies,OVERLAP,déroulée,,,,,,
177,44,FR100346,[EVENT_BEFORE_N/A_ACTUAL_POS] --(BEFORE)--> [EVENT_BEFORE_N/A_ACTUAL_POS] | [EVENT_BEFORE_N/A_ACTUAL_POS] --(OVERLAP)--> [EVENT_BEFORE_N/A_ACTUAL_POS],héparinothérapie,BEFORE,anti-vitamine,OVERLAP,antibiothérapie,,,,,,
177,44,FR100360,[EVENT_BEFORE_N/A_ACTUAL_POS] --(BEFORE)--> [EVENT_BEFORE_N/A_ACTUAL_POS] | [EVENT_BEFORE_N/A_ACTUAL_POS] --(OVERLAP)--> [EVENT_BEFORE_N/A_ACTUAL_POS],radiothérapie,BEFORE,cures,OVERLAP,tolérance,,,,,,
177,44,FR100361,[EVENT_BEFORE_N/A_ACTUAL_POS] --(BEFORE)--> [EVENT_BEFORE_N/A_ACTUAL_POS] | [EVENT_BEFORE_N/A_ACTUAL_POS] --(OVERLAP)--> [EVENT_BEFORE_N/A_ACTUAL_POS],diagnostic,BEFORE,traitement,OVERLAP,vaccination,,,,,,
177,44,FR100400,[EVENT_BEFORE_N/A_ACTUAL_POS] --(BEFORE)--> [EVENT_BEFORE_N/A_ACTUAL_POS] | [EVENT_BEFORE_N/A_ACTUAL_POS] --(OVERLAP)--> [EVENT_BEFORE_N/A_ACTUAL_POS],résection,BEFORE,suites,OVERLAP,étude,,,,,,
177,44,FR100439,[EVENT_BEFORE_N/A_ACTUAL_POS] --(BEFORE)--> [EVENT_BEFORE_N/A_ACTUAL_POS] | [EVENT_BEFORE_N/A_ACTUAL_POS] --(OVERLAP)--> [EVENT_BEFORE_N/A_ACTUAL_POS],nasofibroscopie,BEFORE,contrôles,OVERLAP,recul,,,,,,
177,44,FR100517,[EVENT_BEFORE_N/A_ACTUAL_POS] --(BEFORE)--> [EVENT_BEFORE_N/A_ACTUAL_POS] | [EVENT_BEFORE_N/A_ACTUAL_POS] --(OVERLAP)--> [EVENT_BEFORE_N/A_ACTUAL_POS],radiographie,BEFORE,tomodensitométrie,OVERLAP,pneumomédiastin,,,,,,
177,44,FR100519,[EVENT_BEFORE_N/A_ACTUAL_POS] --(BEFORE)--> [EVENT_BEFORE_N/A_ACTUAL_POS] | [EVENT_BEFORE_N/A_ACTUAL_POS] --(OVERLAP)--> [EVENT_BEFORE_N/A_ACTUAL_POS],hémogramme,BEFORE,remplissage,OVERLAP,transfusion,,,,,,
177,44,FR100589,[EVENT_BEFORE_N/A_ACTUAL_POS] --(BEFORE)--> [EVENT_BEFORE_N/A_ACTUAL_POS] | [EVENT_BEFORE_N/A_ACTUAL_POS] --(OVERLAP)--> [EVENT_BEFORE_N/A_ACTUAL_POS],diagnostic,BEFORE,corticothérapie,OVERLAP,amélioration,,,,,,
177,44,FR100597,[EVENT_BEFORE_N/A_ACTUAL_POS] --(BEFORE)--> [EVENT_BEFORE_N/A_ACTUAL_POS] | [EVENT_BEFORE_N/A_ACTUAL_POS] --(OVERLAP)--> [EVENT_BEFORE_N/A_ACTUAL_POS],laparotomie,BEFORE,hystérectomie,OVERLAP,examen,,,,,,
177,44,FR100603,[EVENT_BEFORE_N/A_ACTUAL_POS] --(BEFORE)--> [EVENT_BEFORE_N/A_ACTUAL_POS] | [EVENT_BEFORE_N/A_ACTUAL_POS] --(OVERLAP)--> [EVENT_BEFORE_N/A_ACTUAL_POS],chirurgie,BEFORE,hémocultures,OVERLAP,culture,,,,,,
177,44,FR100611,[EVENT_BEFORE_N/A_ACTUAL_POS] --(BEFORE)--> [EVENT_BEFORE_N/A_ACTUAL_POS] | [EVENT_BEFORE_N/A_ACTUAL_POS] --(OVERLAP)--> [EVENT_BEFORE_N/A_ACTUAL_POS],hémogramme,BEFORE,ionogramme,OVERLAP,reste,,,,,,
177,44,FR100620,[EVENT_BEFORE_N/A_ACTUAL_POS] --(BEFORE)--> [EVENT_BEFORE_N/A_ACTUAL_POS] | [EVENT_BEFORE_N/A_ACTUAL_POS] --(OVERLAP)--> [EVENT_BEFORE_N/A_ACTUAL_POS],bilan,BEFORE,évolution,OVERLAP,pleurodèse,,,,,,
177,44,FR100623,[EVENT_BEFORE_N/A_ACTUAL_POS] --(BEFORE)--> [EVENT_BEFORE_N/A_ACTUAL_POS] | [EVENT_BEFORE_N/A_ACTUAL_POS] --(OVERLAP)--> [EVENT_BEFORE_N/A_ACTUAL_POS],prise,BEFORE,analyse,OVERLAP,diagnostic,,,,,,
177,44,FR100629,[EVENT_BEFORE_N/A_ACTUAL_POS] --(BEFORE)--> [EVENT_BEFORE_N/A_ACTUAL_POS] | [EVENT_BEFORE_N/A_ACTUAL_POS] --(OVERLAP)--> [EVENT_BEFORE_N/A_ACTUAL_POS],décision,BEFORE,évolution,OVERLAP,chimiothérapie,,,,,,
177,44,FR100632,[EVENT_BEFORE_N/A_ACTUAL_POS] --(BEFORE)--> [EVENT_BEFORE_N/A_ACTUAL_POS] | [EVENT_BEFORE_N/A_ACTUAL_POS] --(OVERLAP)--> [EVENT_BEFORE_N/A_ACTUAL_POS],diagnostic,BEFORE,mis,OVERLAP,rééducation,,,,,,
177,44,FR100663,[EVENT_BEFORE_N/A_ACTUAL_POS] --(BEFORE)--> [EVENT_BEFORE_N/A_ACTUAL_POS] | [EVENT_BEFORE_N/A_ACTUAL_POS] --(OVERLAP)--> [EVENT_BEFORE_N/A_ACTUAL_POS],intervention,BEFORE,négativation,OVERLAP,surveillance,,,,,,
177,44,FR100666,[EVENT_BEFORE_N/A_ACTUAL_POS] --(BEFORE)--> [EVENT_BEFORE_N/A_ACTUAL_POS] | [EVENT_BEFORE_N/A_ACTUAL_POS] --(OVERLAP)--> [EVENT_BEFORE_N/A_ACTUAL_POS],polychimiothérapie,BEFORE,COPADEM,OVERLAP,CYVE,,,,,,
177,44,FR100683,[EVENT_BEFORE_N/A_ACTUAL_POS] --(BEFORE)--> [EVENT_BEFORE_N/A_ACTUAL_POS] | [EVENT_BEFORE_N/A_ACTUAL_POS] --(OVERLAP)--> [EVENT_BEFORE_N/A_ACTUAL_POS],osteodensitométrie,BEFORE,traitée,OVERLAP,évolution,,,,,,
177,44,FR100697,[EVENT_BEFORE_N/A_ACTUAL_POS] --(BEFORE)--> [EVENT_BEFORE_N/A_ACTUAL_POS] | [EVENT_BEFORE_N/A_ACTUAL_POS] --(OVERLAP)--> [EVENT_BEFORE_N/A_ACTUAL_POS],examen,BEFORE,immunomarquage,OVERLAP,tout,,,,,,
177,44,FR100708,[EVENT_BEFORE_N/A_ACTUAL_POS] --(BEFORE)--> [EVENT_BEFORE_N/A_ACTUAL_POS] | [EVENT_BEFORE_N/A_ACTUAL_POS] --(OVERLAP)--> [EVENT_BEFORE_N/A_ACTUAL_POS],tests,BEFORE,mise,OVERLAP,évolution,,,,,,
177,44,FR100717,[EVENT_BEFORE_N/A_ACTUAL_POS] --(BEFORE)--> [EVENT_BEFORE_N/A_ACTUAL_POS] | [EVENT_BEFORE_N/A_ACTUAL_POS] --(OVERLAP)--> [EVENT_BEFORE_N/A_ACTUAL_POS],exploration,BEFORE,suites,OVERLAP,évolution,,,,,,
177,44,FR100748,[EVENT_BEFORE_N/A_ACTUAL_POS] --(BEFORE)--> [EVENT_BEFORE_N/A_ACTUAL_POS] | [EVENT_BEFORE_N/A_ACTUAL_POS] --(OVERLAP)--> [EVENT_BEFORE_N/A_ACTUAL_POS],regagné,BEFORE,recul,OVERLAP,chiffres,,,,,,
177,44,FR100766,[EVENT_BEFORE_N/A_ACTUAL_POS] --(BEFORE)--> [EVENT_BEFORE_N/A_ACTUAL_POS] | [EVENT_BEFORE_N/A_ACTUAL_POS] --(OVERLAP)--> [EVENT_BEFORE_N/A_ACTUAL_POS],irrigation,BEFORE,propre,OVERLAP,satisfait,,,,,,
177,44,FR100780,[EVENT_BEFORE_N/A_ACTUAL_POS] --(BEFORE)--> [EVENT_BEFORE_N/A_ACTUAL_POS] | [EVENT_BEFORE_N/A_ACTUAL_POS] --(OVERLAP)--> [EVENT_BEFORE_N/A_ACTUAL_POS],geste,BEFORE,geste,OVERLAP,antécédent,,,,,,
177,44,FR100806,[EVENT_BEFORE_N/A_ACTUAL_POS] --(BEFORE)--> [EVENT_BEFORE_N/A_ACTUAL_POS] | [EVENT_BEFORE_N/A_ACTUAL_POS] --(OVERLAP)--> [EVENT_BEFORE_N/A_ACTUAL_POS],référée,BEFORE,examen,OVERLAP,pression,,,,,,
177,44,FR100826,[EVENT_BEFORE_N/A_ACTUAL_POS] --(BEFORE)--> [EVENT_BEFORE_N/A_ACTUAL_POS] | [EVENT_BEFORE_N/A_ACTUAL_POS] --(OVERLAP)--> [EVENT_BEFORE_N/A_ACTUAL_POS],bilan,BEFORE,retenue,OVERLAP,indication,,,,,,
177,44,FR100845,[EVENT_BEFORE_N/A_ACTUAL_POS] --(BEFORE)--> [EVENT_BEFORE_N/A_ACTUAL_POS] | [EVENT_BEFORE_N/A_ACTUAL_POS] --(OVERLAP)--> [EVENT_BEFORE_N/A_ACTUAL_POS],examen,BEFORE,échographie,OVERLAP,nombre,,,,,,
177,44,FR100870,[EVENT_BEFORE_N/A_ACTUAL_POS] --(BEFORE)--> [EVENT_BEFORE_N/A_ACTUAL_POS] | [EVENT_BEFORE_N/A_ACTUAL_POS] --(OVERLAP)--> [EVENT_BEFORE_N/A_ACTUAL_POS],retenu,BEFORE,radiothérapie,OVERLAP,chimiothérapie,,,,,,
177,44,FR100874,[EVENT_BEFORE_N/A_ACTUAL_POS] --(BEFORE)--> [EVENT_BEFORE_N/A_ACTUAL_POS] | [EVENT_BEFORE_N/A_ACTUAL_POS] --(OVERLAP)--> [EVENT_BEFORE_N/A_ACTUAL_POS],retenu,BEFORE,mise,OVERLAP,transfusions,,,,,,
177,44,FR100882,[EVENT_BEFORE_N/A_ACTUAL_POS] --(BEFORE)--> [EVENT_BEFORE_N/A_ACTUAL_POS] | [EVENT_BEFORE_N/A_ACTUAL_POS] --(OVERLAP)--> [EVENT_BEFORE_N/A_ACTUAL_POS],scanner,BEFORE,laminectomie,OVERLAP,examen,,,,,,
177,44,FR100894,[EVENT_BEFORE_N/A_ACTUAL_POS] --(BEFORE)--> [EVENT_BEFORE_N/A_ACTUAL_POS] | [EVENT_BEFORE_N/A_ACTUAL_POS] --(OVERLAP)--> [EVENT_BEFORE_N/A_ACTUAL_POS],pris,BEFORE,incision,OVERLAP,rompu,,,,,,
177,44,FR100932,[EVENT_BEFORE_N/A_ACTUAL_POS] --(BEFORE)--> [EVENT_BEFORE_N/A_ACTUAL_POS] | [EVENT_BEFORE_N/A_ACTUAL_POS] --(OVERLAP)--> [EVENT_BEFORE_N/A_ACTUAL_POS],mise,BEFORE,opérée,OVERLAP,drainage,,,,,,
77,43,FR100003,[EVENT_BEFORE_N/A_ACTUAL_POS] --(CONTAINS)--> [EVENT_BEFORE_N/A_ACTUAL_POS] | [EVENT_BEFORE_N/A_ACTUAL_POS] --(BEFORE)--> [EVENT_BEFORE_N/A_ACTUAL_POS] | [EVENT_BEFORE_N/A_ACTUAL_POS] --(BEFORE)--> [EVENT_BEFORE_N/A_ACTUAL_POS],ponction,CONTAINS,ramené,[RETOUR],ponction,BEFORE,examen,BEFORE,examen,,
77,43,FR100092,[EVENT_BEFORE_N/A_ACTUAL_POS] --(CONTAINS)--> [EVENT_BEFORE_N/A_ACTUAL_POS] | [EVENT_BEFORE_N/A_ACTUAL_POS] --(BEFORE)--> [EVENT_BEFORE_N/A_ACTUAL_POS] | [EVENT_BEFORE_N/A_ACTUAL_POS] --(BEFORE)--> [EVENT_BEFORE_N/A_ACTUAL_POS],examen,CONTAINS,tension,[RETOUR],examen,BEFORE,examen,BEFORE,examen,,
77,43,FR100130,[EVENT_BEFORE_N/A_ACTUAL_POS] --(CONTAINS)--> [EVENT_BEFORE_N/A_ACTUAL_POS] | [EVENT_BEFORE_N/A_ACTUAL_POS] --(BEFORE)--> [EVENT_BEFORE_N/A_ACTUAL_POS] | [EVENT_BEFORE_N/A_ACTUAL_POS] --(BEFORE)--> [EVENT_BEFORE_N/A_ACTUAL_POS],séjour,CONTAINS,réconforté,[RETOUR],séjour,BEFORE,bilan,BEFORE,suspectée,,
77,43,FR100161,[EVENT_BEFORE_N/A_ACTUAL_POS] --(CONTAINS)--> [EVENT_BEFORE_N/A_ACTUAL_POS] | [EVENT_BEFORE_N/A_ACTUAL_POS] --(BEFORE)--> [EVENT_BEFORE_N/A_ACTUAL_POS] | [EVENT_BEFORE_N/A_ACTUAL_POS] --(BEFORE)--> [EVENT_BEFORE_N/A_ACTUAL_POS],examens,CONTAINS,Acti tests,[RETOUR],examens,BEFORE,radiographie,BEFORE,complément,,
77,43,FR100255,[EVENT_BEFORE_N/A_ACTUAL_POS] --(CONTAINS)--> [EVENT_BEFORE_N/A_ACTUAL_POS] | [EVENT_BEFORE_N/A_ACTUAL_POS] --(BEFORE)--> [EVENT_BEFORE_N/A_ACTUAL_POS] | [EVENT_BEFORE_N/A_ACTUAL_POS] --(BEFORE)--> [EVENT_BEFORE_N/A_ACTUAL_POS],échographie,CONTAINS,confirmation,[RETOUR],échographie,BEFORE,mise,BEFORE,oxygénothérapie,,
77,43,FR100275,[EVENT_BEFORE_N/A_ACTUAL_POS] --(CONTAINS)--> [EVENT_BEFORE_N/A_ACTUAL_POS] | [EVENT_BEFORE_N/A_ACTUAL_POS] --(BEFORE)--> [EVENT_BEFORE_N/A_ACTUAL_POS] | [EVENT_BEFORE_N/A_ACTUAL_POS] --(BEFORE)--> [EVENT_BEFORE_N/A_ACTUAL_POS],manœuvres,CONTAINS,dégagement,[RETOUR],manœuvres,BEFORE,transféré,BEFORE,anamnèse,,
77,43,FR100276,[EVENT_BEFORE_N/A_ACTUAL_POS] --(CONTAINS)--> [EVENT_BEFORE_N/A_ACTUAL_POS] | [EVENT_BEFORE_N/A_ACTUAL_POS] --(BEFORE)--> [EVENT_BEFORE_N/A_ACTUAL_POS] | [EVENT_BEFORE_N/A_ACTUAL_POS] --(BEFORE)--> [EVENT_BEFORE_N/A_ACTUAL_POS],biopsie,CONTAINS,examen,[RETOUR],biopsie,BEFORE,posé,BEFORE,application,,
77,43,FR100296,[EVENT_BEFORE_N/A_ACTUAL_POS] --(CONTAINS)--> [EVENT_BEFORE_N/A_ACTUAL_POS] | [EVENT_BEFORE_N/A_ACTUAL_POS] --(BEFORE)--> [EVENT_BEFORE_N/A_ACTUAL_POS] | [EVENT_BEFORE_N/A_ACTUAL_POS] --(BEFORE)--> [EVENT_BEFORE_N/A_ACTUAL_POS],fenestration,CONTAINS,geste,[RETOUR],fenestration,BEFORE,suites,BEFORE,exéaté,,
77,43,FR100344,[EVENT_BEFORE_N/A_ACTUAL_POS] --(CONTAINS)--> [EVENT_BEFORE_N/A_ACTUAL_POS] | [EVENT_BEFORE_N/A_ACTUAL_POS] --(BEFORE)--> [EVENT_BEFORE_N/A_ACTUAL_POS] | [EVENT_BEFORE_N/A_ACTUAL_POS] --(BEFORE)--> [EVENT_BEFORE_N/A_ACTUAL_POS],bilan,CONTAINS,échographie,[RETOUR],bilan,BEFORE,contrôle,BEFORE,échographies,,
77,43,FR100346,[EVENT_BEFORE_N/A_ACTUAL_POS] --(CONTAINS)--> [EVENT_BEFORE_N/A_ACTUAL_POS] | [EVENT_BEFORE_N/A_ACTUAL_POS] --(BEFORE)--> [EVENT_BEFORE_N/A_ACTUAL_POS] | [EVENT_BEFORE_N/A_ACTUAL_POS] --(BEFORE)--> [EVENT_BEFORE_N/A_ACTUAL_POS],examen,CONTAINS,reste,[RETOUR],examen,BEFORE,gazométrie,BEFORE,reste,,
77,43,FR100360,[EVENT_BEFORE_N/A_ACTUAL_POS] --(CONTAINS)--> [EVENT_BEFORE_N/A_ACTUAL_POS] | [EVENT_BEFORE_N/A_ACTUAL_POS] --(BEFORE)--> [EVENT_BEFORE_N/A_ACTUAL_POS] | [EVENT_BEFORE_N/A_ACTUAL_POS] --(BEFORE)--> [EVENT_BEFORE_N/A_ACTUAL_POS],colpohystérectomie,CONTAINS,curage,[RETOUR],colpohystérectomie,BEFORE,examen,BEFORE,curage,,
77,43,FR100361,[EVENT_BEFORE_N/A_ACTUAL_POS] --(CONTAINS)--> [EVENT_BEFORE_N/A_ACTUAL_POS] | [EVENT_BEFORE_N/A_ACTUAL_POS] --(BEFORE)--> [EVENT_BEFORE_N/A_ACTUAL_POS] | [EVENT_BEFORE_N/A_ACTUAL_POS] --(BEFORE)--> [EVENT_BEFORE_N/A_ACTUAL_POS],examen,CONTAINS,mobilisait,[RETOUR],examen,BEFORE,TDM,BEFORE,ponction,,
77,43,FR100371,[EVENT_BEFORE_N/A_ACTUAL_POS] --(CONTAINS)--> [EVENT_BEFORE_N/A_ACTUAL_POS] | [EVENT_BEFORE_N/A_ACTUAL_POS] --(BEFORE)--> [EVENT_BEFORE_N/A_ACTUAL_POS] | [EVENT_BEFORE_N/A_ACTUAL_POS] --(BEFORE)--> [EVENT_BEFORE_N/A_ACTUAL_POS],suite,CONTAINS,douleur,[RETOUR],suite,BEFORE,sortie,BEFORE,perdue,,
77,43,FR100400,[EVENT_BEFORE_N/A_ACTUAL_POS] --(CONTAINS)--> [EVENT_BEFORE_N/A_ACTUAL_POS] | [EVENT_BEFORE_N/A_ACTUAL_POS] --(BEFORE)--> [EVENT_BEFORE_N/A_ACTUAL_POS] | [EVENT_BEFORE_N/A_ACTUAL_POS] --(BEFORE)--> [EVENT_BEFORE_N/A_ACTUAL_POS],histoire,CONTAINS,douleurs,[RETOUR],histoire,BEFORE,examen,BEFORE,bilan,,
77,43,FR100448,[EVENT_BEFORE_N/A_ACTUAL_POS] --(CONTAINS)--> [EVENT_BEFORE_N/A_ACTUAL_POS] | [EVENT_BEFORE_N/A_ACTUAL_POS] --(BEFORE)--> [EVENT_BEFORE_N/A_ACTUAL_POS] | [EVENT_BEFORE_N/A_ACTUAL_POS] --(BEFORE)--> [EVENT_BEFORE_N/A_ACTUAL_POS],examen,CONTAINS,reste,[RETOUR],examen,BEFORE,échotomographie,BEFORE,hémi thyroïdectomie,,
77,43,FR100515,[EVENT_BEFORE_N/A_ACTUAL_POS] --(CONTAINS)--> [EVENT_BEFORE_N/A_ACTUAL_POS] | [EVENT_BEFORE_N/A_ACTUAL_POS] --(BEFORE)--> [EVENT_BEFORE_N/A_ACTUAL_POS] | [EVENT_BEFORE_N/A_ACTUAL_POS] --(BEFORE)--> [EVENT_BEFORE_N/A_ACTUAL_POS],bilan,CONTAINS,recherche,[RETOUR],bilan,BEFORE,bilan,BEFORE,prescrits,,
77,43,FR100517,[EVENT_BEFORE_N/A_ACTUAL_POS] --(CONTAINS)--> [EVENT_BEFORE_N/A_ACTUAL_POS] | [EVENT_BEFORE_N/A_ACTUAL_POS] --(BEFORE)--> [EVENT_BEFORE_N/A_ACTUAL_POS] | [EVENT_BEFORE_N/A_ACTUAL_POS] --(BEFORE)--> [EVENT_BEFORE_N/A_ACTUAL_POS],bilan,CONTAINS,fibroscopie,[RETOUR],bilan,BEFORE,mise,BEFORE,auscultation,,
77,43,FR100519,[EVENT_BEFORE_N/A_ACTUAL_POS] --(CONTAINS)--> [EVENT_BEFORE_N/A_ACTUAL_POS] | [EVENT_BEFORE_N/A_ACTUAL_POS] --(BEFORE)--> [EVENT_BEFORE_N/A_ACTUAL_POS] | [EVENT_BEFORE_N/A_ACTUAL_POS] --(BEFORE)--> [EVENT_BEFORE_N/A_ACTUAL_POS],bilan,CONTAINS,radiographie,[RETOUR],bilan,BEFORE,angioscanner,BEFORE,échodoppler,,
77,43,FR100589,[EVENT_BEFORE_N/A_ACTUAL_POS] --(CONTAINS)--> [EVENT_BEFORE_N/A_ACTUAL_POS] | [EVENT_BEFORE_N/A_ACTUAL_POS] --(BEFORE)--> [EVENT_BEFORE_N/A_ACTUAL_POS] | [EVENT_BEFORE_N/A_ACTUAL_POS] --(BEFORE)--> [EVENT_BEFORE_N/A_ACTUAL_POS],lavage,CONTAINS,recherche,[RETOUR],lavage,BEFORE,biopsies,BEFORE,exploration,,
77,43,FR100597,[EVENT_BEFORE_N/A_ACTUAL_POS] --(CONTAINS)--> [EVENT_BEFORE_N/A_ACTUAL_POS] | [EVENT_BEFORE_N/A_ACTUAL_POS] --(BEFORE)--> [EVENT_BEFORE_N/A_ACTUAL_POS] | [EVENT_BEFORE_N/A_ACTUAL_POS] --(BEFORE)--> [EVENT_BEFORE_N/A_ACTUAL_POS],hystérectomie,CONTAINS,annexectomie,[RETOUR],hystérectomie,BEFORE,suites,BEFORE,décédée,,
77,43,FR100603,[EVENT_BEFORE_N/A_ACTUAL_POS] --(CONTAINS)--> [EVENT_BEFORE_N/A_ACTUAL_POS] | [EVENT_BEFORE_N/A_ACTUAL_POS] --(BEFORE)--> [EVENT_BEFORE_N/A_ACTUAL_POS] | [EVENT_BEFORE_N/A_ACTUAL_POS] --(BEFORE)--> [EVENT_BEFORE_N/A_ACTUAL_POS],chirurgie,CONTAINS,remplacée,[RETOUR],chirurgie,BEFORE,hémocultures,BEFORE,évolution,,
77,43,FR100611,[EVENT_BEFORE_N/A_ACTUAL_POS] --(CONTAINS)--> [EVENT_BEFORE_N/A_ACTUAL_POS] | [EVENT_BEFORE_N/A_ACTUAL_POS] --(BEFORE)--> [EVENT_BEFORE_N/A_ACTUAL_POS] | [EVENT_BEFORE_N/A_ACTUAL_POS] --(BEFORE)--> [EVENT_BEFORE_N/A_ACTUAL_POS],TDM,CONTAINS,image,[RETOUR],TDM,BEFORE,biopsie,BEFORE,recherche,,
77,43,FR100614,[EVENT_BEFORE_N/A_ACTUAL_POS] --(CONTAINS)--> [EVENT_BEFORE_N/A_ACTUAL_POS] | [EVENT_BEFORE_N/A_ACTUAL_POS] --(BEFORE)--> [EVENT_BEFORE_N/A_ACTUAL_POS] | [EVENT_BEFORE_N/A_ACTUAL_POS] --(BEFORE)--> [EVENT_BEFORE_N/A_ACTUAL_POS],intervention,CONTAINS,éviter,[RETOUR],intervention,BEFORE,résection,BEFORE,étude,,
77,43,FR100620,[EVENT_BEFORE_N/A_ACTUAL_POS] --(CONTAINS)--> [EVENT_BEFORE_N/A_ACTUAL_POS] | [EVENT_BEFORE_N/A_ACTUAL_POS] --(BEFORE)--> [EVENT_BEFORE_N/A_ACTUAL_POS] | [EVENT_BEFORE_N/A_ACTUAL_POS] --(BEFORE)--> [EVENT_BEFORE_N/A_ACTUAL_POS],bilan,CONTAINS,pléthysmographie,[RETOUR],bilan,BEFORE,bilan,BEFORE,bilan,,
77,43,FR100629,[EVENT_BEFORE_N/A_ACTUAL_POS] --(CONTAINS)--> [EVENT_BEFORE_N/A_ACTUAL_POS] | [EVENT_BEFORE_N/A_ACTUAL_POS] --(BEFORE)--> [EVENT_BEFORE_N/A_ACTUAL_POS] | [EVENT_BEFORE_N/A_ACTUAL_POS] --(BEFORE)--> [EVENT_BEFORE_N/A_ACTUAL_POS],thoracoscopie,CONTAINS,immuno histochimie,[RETOUR],thoracoscopie,BEFORE,marquage,BEFORE,bilan,,
77,43,FR100632,[EVENT_BEFORE_N/A_ACTUAL_POS] --(CONTAINS)--> [EVENT_BEFORE_N/A_ACTUAL_POS] | [EVENT_BEFORE_N/A_ACTUAL_POS] --(BEFORE)--> [EVENT_BEFORE_N/A_ACTUAL_POS] | [EVENT_BEFORE_N/A_ACTUAL_POS] --(BEFORE)--> [EVENT_BEFORE_N/A_ACTUAL_POS],étude,CONTAINS,culture,[RETOUR],étude,BEFORE,numération,BEFORE,bilan,,
77,43,FR100658,[EVENT_BEFORE_N/A_ACTUAL_POS] --(CONTAINS)--> [EVENT_BEFORE_N/A_ACTUAL_POS] | [EVENT_BEFORE_N/A_ACTUAL_POS] --(BEFORE)--> [EVENT_BEFORE_N/A_ACTUAL_POS] | [EVENT_BEFORE_N/A_ACTUAL_POS] --(BEFORE)--> [EVENT_BEFORE_N/A_ACTUAL_POS],évaluation,CONTAINS,examen,[RETOUR],évaluation,BEFORE,auscultation,BEFORE,examens,,
77,43,FR100666,[EVENT_BEFORE_N/A_ACTUAL_POS] --(CONTAINS)--> [EVENT_BEFORE_N/A_ACTUAL_POS] | [EVENT_BEFORE_N/A_ACTUAL_POS] --(BEFORE)--> [EVENT_BEFORE_N/A_ACTUAL_POS] | [EVENT_BEFORE_N/A_ACTUAL_POS] --(BEFORE)--> [EVENT_BEFORE_N/A_ACTUAL_POS],examen,CONTAINS,palpation,[RETOUR],examen,BEFORE,examen,BEFORE,palpation,,
77,43,FR100689,[EVENT_BEFORE_N/A_ACTUAL_POS] --(CONTAINS)--> [EVENT_BEFORE_N/A_ACTUAL_POS] | [EVENT_BEFORE_N/A_ACTUAL_POS] --(BEFORE)--> [EVENT_BEFORE_N/A_ACTUAL_POS] | [EVENT_BEFORE_N/A_ACTUAL_POS] --(BEFORE)--> [EVENT_BEFORE_N/A_ACTUAL_POS],IRM,CONTAINS,injection,[RETOUR],IRM,BEFORE,étude,BEFORE,examen,,
77,43,FR100748,[EVENT_BEFORE_N/A_ACTUAL_POS] --(CONTAINS)--> [EVENT_BEFORE_N/A_ACTUAL_POS] | [EVENT_BEFORE_N/A_ACTUAL_POS] --(BEFORE)--> [EVENT_BEFORE_N/A_ACTUAL_POS] | [EVENT_BEFORE_N/A_ACTUAL_POS] --(BEFORE)--> [EVENT_BEFORE_N/A_ACTUAL_POS],consultation,CONTAINS,examen,[RETOUR],consultation,BEFORE,ASA,BEFORE,Nicardipine,,
77,43,FR100780,[EVENT_BEFORE_N/A_ACTUAL_POS] --(CONTAINS)--> [EVENT_BEFORE_N/A_ACTUAL_POS] | [EVENT_BEFORE_N/A_ACTUAL_POS] --(BEFORE)--> [EVENT_BEFORE_N/A_ACTUAL_POS] | [EVENT_BEFORE_N/A_ACTUAL_POS] --(BEFORE)--> [EVENT_BEFORE_N/A_ACTUAL_POS],examen,CONTAINS,température,[RETOUR],examen,BEFORE,toucher,BEFORE,échographie,,
77,43,FR100806,[EVENT_BEFORE_N/A_ACTUAL_POS] --(CONTAINS)--> [EVENT_BEFORE_N/A_ACTUAL_POS] | [EVENT_BEFORE_N/A_ACTUAL_POS] --(BEFORE)--> [EVENT_BEFORE_N/A_ACTUAL_POS] | [EVENT_BEFORE_N/A_ACTUAL_POS] --(BEFORE)--> [EVENT_BEFORE_N/A_ACTUAL_POS],biologie,CONTAINS,NFS,[RETOUR],biologie,BEFORE,hospitalisée,BEFORE,transfusion,,
77,43,FR100814,[EVENT_BEFORE_N/A_ACTUAL_POS] --(CONTAINS)--> [EVENT_BEFORE_N/A_ACTUAL_POS] | [EVENT_BEFORE_N/A_ACTUAL_POS] --(BEFORE)--> [EVENT_BEFORE_N/A_ACTUAL_POS] | [EVENT_BEFORE_N/A_ACTUAL_POS] --(BEFORE)--> [EVENT_BEFORE_N/A_ACTUAL_POS],IRM,CONTAINS,injection,[RETOUR],IRM,BEFORE,diagnostic,BEFORE,réséquée,,
77,43,FR100826,[EVENT_BEFORE_N/A_ACTUAL_POS] --(CONTAINS)--> [EVENT_BEFORE_N/A_ACTUAL_POS] | [EVENT_BEFORE_N/A_ACTUAL_POS] --(BEFORE)--> [EVENT_BEFORE_N/A_ACTUAL_POS] | [EVENT_BEFORE_N/A_ACTUAL_POS] --(BEFORE)--> [EVENT_BEFORE_N/A_ACTUAL_POS],bilan,CONTAINS,tomodensitométrie,[RETOUR],bilan,BEFORE,bilan,BEFORE,retenue,,
77,43,FR100845,[EVENT_BEFORE_N/A_ACTUAL_POS] --(CONTAINS)--> [EVENT_BEFORE_N/A_ACTUAL_POS] | [EVENT_BEFORE_N/A_ACTUAL_POS] --(BEFORE)--> [EVENT_BEFORE_N/A_ACTUAL_POS] | [EVENT_BEFORE_N/A_ACTUAL_POS] --(BEFORE)--> [EVENT_BEFORE_N/A_ACTUAL_POS],examen,CONTAINS,toucher,[RETOUR],examen,BEFORE,échographie,BEFORE,radiographie,,
77,43,FR100849,[EVENT_BEFORE_N/A_ACTUAL_POS] --(CONTAINS)--> [EVENT_BEFORE_N/A_ACTUAL_POS] | [EVENT_BEFORE_N/A_ACTUAL_POS] --(BEFORE)--> [EVENT_BEFORE_N/A_ACTUAL_POS] | [EVENT_BEFORE_N/A_ACTUAL_POS] --(BEFORE)--> [EVENT_BEFORE_N/A_ACTUAL_POS],admission,CONTAINS,examen,[RETOUR],admission,BEFORE,tomodensitométrie,BEFORE,acheminé,,
77,43,FR100870,[EVENT_BEFORE_N/A_ACTUAL_POS] --(CONTAINS)--> [EVENT_BEFORE_N/A_ACTUAL_POS] | [EVENT_BEFORE_N/A_ACTUAL_POS] --(BEFORE)--> [EVENT_BEFORE_N/A_ACTUAL_POS] | [EVENT_BEFORE_N/A_ACTUAL_POS] --(BEFORE)--> [EVENT_BEFORE_N/A_ACTUAL_POS],électrophorèse,CONTAINS,découverte,[RETOUR],électrophorèse,BEFORE,immunosoustraction,BEFORE,immunofixation,,
77,43,FR100874,[EVENT_BEFORE_N/A_ACTUAL_POS] --(CONTAINS)--> [EVENT_BEFORE_N/A_ACTUAL_POS] | [EVENT_BEFORE_N/A_ACTUAL_POS] --(BEFORE)--> [EVENT_BEFORE_N/A_ACTUAL_POS] | [EVENT_BEFORE_N/A_ACTUAL_POS] --(BEFORE)--> [EVENT_BEFORE_N/A_ACTUAL_POS],admission,CONTAINS,interrogatoire,[RETOUR],admission,BEFORE,examen,BEFORE,hémogramme,,
77,43,FR100903,[EVENT_BEFORE_N/A_ACTUAL_POS] --(CONTAINS)--> [EVENT_BEFORE_N/A_ACTUAL_POS] | [EVENT_BEFORE_N/A_ACTUAL_POS] --(BEFORE)--> [EVENT_BEFORE_N/A_ACTUAL_POS] | [EVENT_BEFORE_N/A_ACTUAL_POS] --(BEFORE)--> [EVENT_BEFORE_N/A_ACTUAL_POS],contrôles,CONTAINS,biométrie,[RETOUR],contrôles,BEFORE,accouchement,BEFORE,décédé,,
77,43,FR100919,[EVENT_BEFORE_N/A_ACTUAL_POS] --(CONTAINS)--> [EVENT_BEFORE_N/A_ACTUAL_POS] | [EVENT_BEFORE_N/A_ACTUAL_POS] --(BEFORE)--> [EVENT_BEFORE_N/A_ACTUAL_POS] | [EVENT_BEFORE_N/A_ACTUAL_POS] --(BEFORE)--> [EVENT_BEFORE_N/A_ACTUAL_POS],correction,CONTAINS,injection,[RETOUR],correction,BEFORE,adressée,BEFORE,bilan,,
77,43,FR100946,[EVENT_BEFORE_N/A_ACTUAL_POS] --(CONTAINS)--> [EVENT_BEFORE_N/A_ACTUAL_POS] | [EVENT_BEFORE_N/A_ACTUAL_POS] --(BEFORE)--> [EVENT_BEFORE_N/A_ACTUAL_POS] | [EVENT_BEFORE_N/A_ACTUAL_POS] --(BEFORE)--> [EVENT_BEFORE_N/A_ACTUAL_POS],IRM,CONTAINS,prise,[RETOUR],IRM,BEFORE,analyse,BEFORE,mise,,
77,43,FR100959,[EVENT_BEFORE_N/A_ACTUAL_POS] --(CONTAINS)--> [EVENT_BEFORE_N/A_ACTUAL_POS] | [EVENT_BEFORE_N/A_ACTUAL_POS] --(BEFORE)--> [EVENT_BEFORE_N/A_ACTUAL_POS] | [EVENT_BEFORE_N/A_ACTUAL_POS] --(BEFORE)--> [EVENT_BEFORE_N/A_ACTUAL_POS],œsophagoscopie,CONTAINS,permis,[RETOUR],œsophagoscopie,BEFORE,Transit,BEFORE,notée,,
117,43,FR100003,[EVENT_BEFORE_N/A_ACTUAL_POS] --(BEFORE)--> [EVENT_BEFORE_N/A_ACTUAL_POS] | [EVENT_BEFORE_N/A_ACTUAL_POS] --(BEFORE)--> [EVENT_BEFORE_N/A_ACTUAL_POS] | [EVENT_BEFORE_N/A_ACTUAL_POS] --(BEFORE)--> [EVENT_BEFORE_N/A_ACTUAL_POS] | [EVENT_BEFORE_N/A_ACTUAL_POS] --(BEFORE)--> [EVENT_BEFORE_N/A_ACTUAL_POS] | [EVENT_BEFORE_N/A_ACTUAL_POS] --(BEFORE)--> [EVENT_BEFORE_N/A_ACTUAL_POS],panoramique,BEFORE,ponction,BEFORE,examen,BEFORE,examen,BEFORE,antibiothérapie,BEFORE,bloc
117,43,FR100092,[EVENT_BEFORE_N/A_ACTUAL_POS] --(BEFORE)--> [EVENT_BEFORE_N/A_ACTUAL_POS] | [EVENT_BEFORE_N/A_ACTUAL_POS] --(BEFORE)--> [EVENT_BEFORE_N/A_ACTUAL_POS] | [EVENT_BEFORE_N/A_ACTUAL_POS] --(BEFORE)--> [EVENT_BEFORE_N/A_ACTUAL_POS] | [EVENT_BEFORE_N/A_ACTUAL_POS] --(BEFORE)--> [EVENT_BEFORE_N/A_ACTUAL_POS] | [EVENT_BEFORE_N/A_ACTUAL_POS] --(BEFORE)--> [EVENT_BEFORE_N/A_ACTUAL_POS],admise,BEFORE,examen,BEFORE,examen,BEFORE,examen,BEFORE,échographie,BEFORE,tableau
117,43,FR100130,[EVENT_BEFORE_N/A_ACTUAL_POS] --(BEFORE)--> [EVENT_BEFORE_N/A_ACTUAL_POS] | [EVENT_BEFORE_N/A_ACTUAL_POS] --(BEFORE)--> [EVENT_BEFORE_N/A_ACTUAL_POS] | [EVENT_BEFORE_N/A_ACTUAL_POS] --(BEFORE)--> [EVENT_BEFORE_N/A_ACTUAL_POS] | [EVENT_BEFORE_N/A_ACTUAL_POS] --(BEFORE)--> [EVENT_BEFORE_N/A_ACTUAL_POS] | [EVENT_BEFORE_N/A_ACTUAL_POS] --(BEFORE)--> [EVENT_BEFORE_N/A_ACTUAL_POS],diagnostic,BEFORE,confirmé,BEFORE,recherche,BEFORE,séjour,BEFORE,bilan,BEFORE,suspectée
117,43,FR100142,[EVENT_BEFORE_N/A_ACTUAL_POS] --(BEFORE)--> [EVENT_BEFORE_N/A_ACTUAL_POS] | [EVENT_BEFORE_N/A_ACTUAL_POS] --(BEFORE)--> [EVENT_BEFORE_N/A_ACTUAL_POS] | [EVENT_BEFORE_N/A_ACTUAL_POS] --(BEFORE)--> [EVENT_BEFORE_N/A_ACTUAL_POS] | [EVENT_BEFORE_N/A_ACTUAL_POS] --(BEFORE)--> [EVENT_BEFORE_N/A_ACTUAL_POS] | [EVENT_BEFORE_N/A_ACTUAL_POS] --(BEFORE)--> [EVENT_BEFORE_N/A_ACTUAL_POS],examen,BEFORE,électrophorèse,BEFORE,scanner,BEFORE,fibroscopie,BEFORE,biopsie,BEFORE,mis
117,43,FR100161,[EVENT_BEFORE_N/A_ACTUAL_POS] --(BEFORE)--> [EVENT_BEFORE_N/A_ACTUAL_POS] | [EVENT_BEFORE_N/A_ACTUAL_POS] --(BEFORE)--> [EVENT_BEFORE_N/A_ACTUAL_POS] | [EVENT_BEFORE_N/A_ACTUAL_POS] --(BEFORE)--> [EVENT_BEFORE_N/A_ACTUAL_POS] | [EVENT_BEFORE_N/A_ACTUAL_POS] --(BEFORE)--> [EVENT_BEFORE_N/A_ACTUAL_POS] | [EVENT_BEFORE_N/A_ACTUAL_POS] --(BEFORE)--> [EVENT_BEFORE_N/A_ACTUAL_POS],interrogatoire,BEFORE,examen,BEFORE,examens,BEFORE,radiographie,BEFORE,complément,BEFORE,cortisol
117,43,FR100255,[EVENT_BEFORE_N/A_ACTUAL_POS] --(BEFORE)--> [EVENT_BEFORE_N/A_ACTUAL_POS] | [EVENT_BEFORE_N/A_ACTUAL_POS] --(BEFORE)--> [EVENT_BEFORE_N/A_ACTUAL_POS] | [EVENT_BEFORE_N/A_ACTUAL_POS] --(BEFORE)--> [EVENT_BEFORE_N/A_ACTUAL_POS] | [EVENT_BEFORE_N/A_ACTUAL_POS] --(BEFORE)--> [EVENT_BEFORE_N/A_ACTUAL_POS] | [EVENT_BEFORE_N/A_ACTUAL_POS] --(BEFORE)--> [EVENT_BEFORE_N/A_ACTUAL_POS],radio,BEFORE,TDM,BEFORE,bilan,BEFORE,expulsé,BEFORE,contrôle,BEFORE,quitté
117,43,FR100275,[EVENT_BEFORE_N/A_ACTUAL_POS] --(BEFORE)--> [EVENT_BEFORE_N/A_ACTUAL_POS] | [EVENT_BEFORE_N/A_ACTUAL_POS] --(BEFORE)--> [EVENT_BEFORE_N/A_ACTUAL_POS] | [EVENT_BEFORE_N/A_ACTUAL_POS] --(BEFORE)--> [EVENT_BEFORE_N/A_ACTUAL_POS] | [EVENT_BEFORE_N/A_ACTUAL_POS] --(BEFORE)--> [EVENT_BEFORE_N/A_ACTUAL_POS] | [EVENT_BEFORE_N/A_ACTUAL_POS] --(BEFORE)--> [EVENT_BEFORE_N/A_ACTUAL_POS],découverte,BEFORE,arrivée,BEFORE,établi,BEFORE,manœuvres,BEFORE,transféré,BEFORE,anamnèse
117,43,FR100314,[EVENT_BEFORE_N/A_ACTUAL_POS] --(BEFORE)--> [EVENT_BEFORE_N/A_ACTUAL_POS] | [EVENT_BEFORE_N/A_ACTUAL_POS] --(BEFORE)--> [EVENT_BEFORE_N/A_ACTUAL_POS] | [EVENT_BEFORE_N/A_ACTUAL_POS] --(BEFORE)--> [EVENT_BEFORE_N/A_ACTUAL_POS] | [EVENT_BEFORE_N/A_ACTUAL_POS] --(BEFORE)--> [EVENT_BEFORE_N/A_ACTUAL_POS] | [EVENT_BEFORE_N/A_ACTUAL_POS] --(BEFORE)--> [EVENT_BEFORE_N/A_ACTUAL_POS],admise,BEFORE,bilan,BEFORE,drainage,BEFORE,angio-scanner,BEFORE,amputation,BEFORE,mise
117,43,FR100346,[EVENT_BEFORE_N/A_ACTUAL_POS] --(BEFORE)--> [EVENT_BEFORE_N/A_ACTUAL_POS] | [EVENT_BEFORE_N/A_ACTUAL_POS] --(BEFORE)--> [EVENT_BEFORE_N/A_ACTUAL_POS] | [EVENT_BEFORE_N/A_ACTUAL_POS] --(BEFORE)--> [EVENT_BEFORE_N/A_ACTUAL_POS] | [EVENT_BEFORE_N/A_ACTUAL_POS] --(BEFORE)--> [EVENT_BEFORE_N/A_ACTUAL_POS] | [EVENT_BEFORE_N/A_ACTUAL_POS] --(BEFORE)--> [EVENT_BEFORE_N/A_ACTUAL_POS],IRM,BEFORE,scanner,BEFORE,posé,BEFORE,bilan,BEFORE,héparinothérapie,BEFORE,anti-vitamine
117,43,FR100360,[EVENT_BEFORE_N/A_ACTUAL_POS] --(BEFORE)--> [EVENT_BEFORE_N/A_ACTUAL_POS] | [EVENT_BEFORE_N/A_ACTUAL_POS] --(BEFORE)--> [EVENT_BEFORE_N/A_ACTUAL_POS] | [EVENT_BEFORE_N/A_ACTUAL_POS] --(BEFORE)--> [EVENT_BEFORE_N/A_ACTUAL_POS] | [EVENT_BEFORE_N/A_ACTUAL_POS] --(BEFORE)--> [EVENT_BEFORE_N/A_ACTUAL_POS] | [EVENT_BEFORE_N/A_ACTUAL_POS] --(BEFORE)--> [EVENT_BEFORE_N/A_ACTUAL_POS],tomodensitométrie,BEFORE,complément,BEFORE,biopsie,BEFORE,tomodensitométrie,BEFORE,radiothérapie,BEFORE,cures
117,43,FR100361,[EVENT_BEFORE_N/A_ACTUAL_POS] --(BEFORE)--> [EVENT_BEFORE_N/A_ACTUAL_POS] | [EVENT_BEFORE_N/A_ACTUAL_POS] --(BEFORE)--> [EVENT_BEFORE_N/A_ACTUAL_POS] | [EVENT_BEFORE_N/A_ACTUAL_POS] --(BEFORE)--> [EVENT_BEFORE_N/A_ACTUAL_POS] | [EVENT_BEFORE_N/A_ACTUAL_POS] --(BEFORE)--> [EVENT_BEFORE_N/A_ACTUAL_POS] | [EVENT_BEFORE_N/A_ACTUAL_POS] --(BEFORE)--> [EVENT_BEFORE_N/A_ACTUAL_POS],TDM,BEFORE,ponction,BEFORE,examen,BEFORE,examen,BEFORE,culture,BEFORE,protéine
117,43,FR100371,[EVENT_BEFORE_N/A_ACTUAL_POS] --(BEFORE)--> [EVENT_BEFORE_N/A_ACTUAL_POS] | [EVENT_BEFORE_N/A_ACTUAL_POS] --(BEFORE)--> [EVENT_BEFORE_N/A_ACTUAL_POS] | [EVENT_BEFORE_N/A_ACTUAL_POS] --(BEFORE)--> [EVENT_BEFORE_N/A_ACTUAL_POS] | [EVENT_BEFORE_N/A_ACTUAL_POS] --(BEFORE)--> [EVENT_BEFORE_N/A_ACTUAL_POS] | [EVENT_BEFORE_N/A_ACTUAL_POS] --(BEFORE)--> [EVENT_BEFORE_N/A_ACTUAL_POS],admission,BEFORE,examen,BEFORE,examen,BEFORE,bilan,BEFORE,bilan,BEFORE,intervention
117,43,FR100400,[EVENT_BEFORE_N/A_ACTUAL_POS] --(BEFORE)--> [EVENT_BEFORE_N/A_ACTUAL_POS] | [EVENT_BEFORE_N/A_ACTUAL_POS] --(BEFORE)--> [EVENT_BEFORE_N/A_ACTUAL_POS] | [EVENT_BEFORE_N/A_ACTUAL_POS] --(BEFORE)--> [EVENT_BEFORE_N/A_ACTUAL_POS] | [EVENT_BEFORE_N/A_ACTUAL_POS] --(BEFORE)--> [EVENT_BEFORE_N/A_ACTUAL_POS] | [EVENT_BEFORE_N/A_ACTUAL_POS] --(BEFORE)--> [EVENT_BEFORE_N/A_ACTUAL_POS],échographie,BEFORE,scanner,BEFORE,diagnostic,BEFORE,exploration,BEFORE,résection,BEFORE,drainage
117,43,FR100439,[EVENT_BEFORE_N/A_ACTUAL_POS] --(BEFORE)--> [EVENT_BEFORE_N/A_ACTUAL_POS] | [EVENT_BEFORE_N/A_ACTUAL_POS] --(BEFORE)--> [EVENT_BEFORE_N/A_ACTUAL_POS] | [EVENT_BEFORE_N/A_ACTUAL_POS] --(BEFORE)--> [EVENT_BEFORE_N/A_ACTUAL_POS] | [EVENT_BEFORE_N/A_ACTUAL_POS] --(BEFORE)--> [EVENT_BEFORE_N/A_ACTUAL_POS] | [EVENT_BEFORE_N/A_ACTUAL_POS] --(BEFORE)--> [EVENT_BEFORE_N/A_ACTUAL_POS],analyse,BEFORE,demandée,BEFORE,examen,BEFORE,classée,BEFORE,bénéficier,BEFORE,nasofibroscopie
117,43,FR100448,[EVENT_BEFORE_N/A_ACTUAL_POS] --(BEFORE)--> [EVENT_BEFORE_N/A_ACTUAL_POS] | [EVENT_BEFORE_N/A_ACTUAL_POS] --(BEFORE)--> [EVENT_BEFORE_N/A_ACTUAL_POS] | [EVENT_BEFORE_N/A_ACTUAL_POS] --(BEFORE)--> [EVENT_BEFORE_N/A_ACTUAL_POS] | [EVENT_BEFORE_N/A_ACTUAL_POS] --(BEFORE)--> [EVENT_BEFORE_N/A_ACTUAL_POS] | [EVENT_BEFORE_N/A_ACTUAL_POS] --(BEFORE)--> [EVENT_BEFORE_N/A_ACTUAL_POS],échotomographie,BEFORE,hémi thyroïdectomie,BEFORE,examen,BEFORE,histochimie,BEFORE,scanner,BEFORE,tomographie
117,43,FR100480,[EVENT_BEFORE_N/A_ACTUAL_POS] --(BEFORE)--> [EVENT_BEFORE_N/A_ACTUAL_POS] | [EVENT_BEFORE_N/A_ACTUAL_POS] --(BEFORE)--> [EVENT_BEFORE_N/A_ACTUAL_POS] | [EVENT_BEFORE_N/A_ACTUAL_POS] --(BEFORE)--> [EVENT_BEFORE_N/A_ACTUAL_POS] | [EVENT_BEFORE_N/A_ACTUAL_POS] --(BEFORE)--> [EVENT_BEFORE_N/A_ACTUAL_POS] | [EVENT_BEFORE_N/A_ACTUAL_POS] --(BEFORE)--> [EVENT_BEFORE_N/A_ACTUAL_POS],installation,BEFORE,bilan,BEFORE,analyse,BEFORE,amputation,BEFORE,examen,BEFORE,bilan
117,43,FR100517,[EVENT_BEFORE_N/A_ACTUAL_POS] --(BEFORE)--> [EVENT_BEFORE_N/A_ACTUAL_POS] | [EVENT_BEFORE_N/A_ACTUAL_POS] --(BEFORE)--> [EVENT_BEFORE_N/A_ACTUAL_POS] | [EVENT_BEFORE_N/A_ACTUAL_POS] --(BEFORE)--> [EVENT_BEFORE_N/A_ACTUAL_POS] | [EVENT_BEFORE_N/A_ACTUAL_POS] --(BEFORE)--> [EVENT_BEFORE_N/A_ACTUAL_POS] | [EVENT_BEFORE_N/A_ACTUAL_POS] --(BEFORE)--> [EVENT_BEFORE_N/A_ACTUAL_POS],examen,BEFORE,bilan,BEFORE,électromyogramme,BEFORE,bilan,BEFORE,explorations,BEFORE,porté
117,43,FR100519,[EVENT_BEFORE_N/A_ACTUAL_POS] --(BEFORE)--> [EVENT_BEFORE_N/A_ACTUAL_POS] | [EVENT_BEFORE_N/A_ACTUAL_POS] --(BEFORE)--> [EVENT_BEFORE_N/A_ACTUAL_POS] | [EVENT_BEFORE_N/A_ACTUAL_POS] --(BEFORE)--> [EVENT_BEFORE_N/A_ACTUAL_POS] | [EVENT_BEFORE_N/A_ACTUAL_POS] --(BEFORE)--> [EVENT_BEFORE_N/A_ACTUAL_POS] | [EVENT_BEFORE_N/A_ACTUAL_POS] --(BEFORE)--> [EVENT_BEFORE_N/A_ACTUAL_POS],hospitalisée,BEFORE,entrée,BEFORE,bilan,BEFORE,angioscanner,BEFORE,échodoppler,BEFORE,retenue
117,43,FR100589,[EVENT_BEFORE_N/A_ACTUAL_POS] --(BEFORE)--> [EVENT_BEFORE_N/A_ACTUAL_POS] | [EVENT_BEFORE_N/A_ACTUAL_POS] --(BEFORE)--> [EVENT_BEFORE_N/A_ACTUAL_POS] | [EVENT_BEFORE_N/A_ACTUAL_POS] --(BEFORE)--> [EVENT_BEFORE_N/A_ACTUAL_POS] | [EVENT_BEFORE_N/A_ACTUAL_POS] --(BEFORE)--> [EVENT_BEFORE_N/A_ACTUAL_POS] | [EVENT_BEFORE_N/A_ACTUAL_POS] --(BEFORE)--> [EVENT_BEFORE_N/A_ACTUAL_POS],demandé,BEFORE,bilan,BEFORE,caryotype,BEFORE,sérologie,BEFORE,diagnostic,BEFORE,corticothérapie
117,43,FR100597,[EVENT_BEFORE_N/A_ACTUAL_POS] --(BEFORE)--> [EVENT_BEFORE_N/A_ACTUAL_POS] | [EVENT_BEFORE_N/A_ACTUAL_POS] --(BEFORE)--> [EVENT_BEFORE_N/A_ACTUAL_POS] | [EVENT_BEFORE_N/A_ACTUAL_POS] --(BEFORE)--> [EVENT_BEFORE_N/A_ACTUAL_POS] | [EVENT_BEFORE_N/A_ACTUAL_POS] --(BEFORE)--> [EVENT_BEFORE_N/A_ACTUAL_POS] | [EVENT_BEFORE_N/A_ACTUAL_POS] --(BEFORE)--> [EVENT_BEFORE_N/A_ACTUAL_POS],marqueurs,BEFORE,décidée,BEFORE,laparotomie,BEFORE,hystérectomie,BEFORE,suites,BEFORE,décédée
117,43,FR100611,[EVENT_BEFORE_N/A_ACTUAL_POS] --(BEFORE)--> [EVENT_BEFORE_N/A_ACTUAL_POS] | [EVENT_BEFORE_N/A_ACTUAL_POS] --(BEFORE)--> [EVENT_BEFORE_N/A_ACTUAL_POS] | [EVENT_BEFORE_N/A_ACTUAL_POS] --(BEFORE)--> [EVENT_BEFORE_N/A_ACTUAL_POS] | [EVENT_BEFORE_N/A_ACTUAL_POS] --(BEFORE)--> [EVENT_BEFORE_N/A_ACTUAL_POS] | [EVENT_BEFORE_N/A_ACTUAL_POS] --(BEFORE)--> [EVENT_BEFORE_N/A_ACTUAL_POS],examen,BEFORE,IRM,BEFORE,étude,BEFORE,examen,BEFORE,PCR,BEFORE,TDM
117,43,FR100614,[EVENT_BEFORE_N/A_ACTUAL_POS] --(BEFORE)--> [EVENT_BEFORE_N/A_ACTUAL_POS] | [EVENT_BEFORE_N/A_ACTUAL_POS] --(BEFORE)--> [EVENT_BEFORE_N/A_ACTUAL_POS] | [EVENT_BEFORE_N/A_ACTUAL_POS] --(BEFORE)--> [EVENT_BEFORE_N/A_ACTUAL_POS] | [EVENT_BEFORE_N/A_ACTUAL_POS] --(BEFORE)--> [EVENT_BEFORE_N/A_ACTUAL_POS] | [EVENT_BEFORE_N/A_ACTUAL_POS] --(BEFORE)--> [EVENT_BEFORE_N/A_ACTUAL_POS],examen,BEFORE,échographique,BEFORE,tomodensitométrie,BEFORE,radiographie,BEFORE,taux,BEFORE,exploration
117,43,FR100620,[EVENT_BEFORE_N/A_ACTUAL_POS] --(BEFORE)--> [EVENT_BEFORE_N/A_ACTUAL_POS] | [EVENT_BEFORE_N/A_ACTUAL_POS] --(BEFORE)--> [EVENT_BEFORE_N/A_ACTUAL_POS] | [EVENT_BEFORE_N/A_ACTUAL_POS] --(BEFORE)--> [EVENT_BEFORE_N/A_ACTUAL_POS] | [EVENT_BEFORE_N/A_ACTUAL_POS] --(BEFORE)--> [EVENT_BEFORE_N/A_ACTUAL_POS] | [EVENT_BEFORE_N/A_ACTUAL_POS] --(BEFORE)--> [EVENT_BEFORE_N/A_ACTUAL_POS],radiographie,BEFORE,demandé,BEFORE,aspect,BEFORE,bronchoscopie,BEFORE,bilan,BEFORE,bilan
117,43,FR100623,[EVENT_BEFORE_N/A_ACTUAL_POS] --(BEFORE)--> [EVENT_BEFORE_N/A_ACTUAL_POS] | [EVENT_BEFORE_N/A_ACTUAL_POS] --(BEFORE)--> [EVENT_BEFORE_N/A_ACTUAL_POS] | [EVENT_BEFORE_N/A_ACTUAL_POS] --(BEFORE)--> [EVENT_BEFORE_N/A_ACTUAL_POS] | [EVENT_BEFORE_N/A_ACTUAL_POS] --(BEFORE)--> [EVENT_BEFORE_N/A_ACTUAL_POS] | [EVENT_BEFORE_N/A_ACTUAL_POS] --(BEFORE)--> [EVENT_BEFORE_N/A_ACTUAL_POS],examen,BEFORE,échographie,BEFORE,tomodensitométrie,BEFORE,retenu,BEFORE,prise,BEFORE,analyse
117,43,FR100629,[EVENT_BEFORE_N/A_ACTUAL_POS] --(BEFORE)--> [EVENT_BEFORE_N/A_ACTUAL_POS] | [EVENT_BEFORE_N/A_ACTUAL_POS] --(BEFORE)--> [EVENT_BEFORE_N/A_ACTUAL_POS] | [EVENT_BEFORE_N/A_ACTUAL_POS] --(BEFORE)--> [EVENT_BEFORE_N/A_ACTUAL_POS] | [EVENT_BEFORE_N/A_ACTUAL_POS] --(BEFORE)--> [EVENT_BEFORE_N/A_ACTUAL_POS] | [EVENT_BEFORE_N/A_ACTUAL_POS] --(BEFORE)--> [EVENT_BEFORE_N/A_ACTUAL_POS],radiographie,BEFORE,thoracoscopie,BEFORE,marquage,BEFORE,bilan,BEFORE,décision,BEFORE,chimiothérapie
117,43,FR100632,[EVENT_BEFORE_N/A_ACTUAL_POS] --(BEFORE)--> [EVENT_BEFORE_N/A_ACTUAL_POS] | [EVENT_BEFORE_N/A_ACTUAL_POS] --(BEFORE)--> [EVENT_BEFORE_N/A_ACTUAL_POS] | [EVENT_BEFORE_N/A_ACTUAL_POS] --(BEFORE)--> [EVENT_BEFORE_N/A_ACTUAL_POS] | [EVENT_BEFORE_N/A_ACTUAL_POS] --(BEFORE)--> [EVENT_BEFORE_N/A_ACTUAL_POS] | [EVENT_BEFORE_N/A_ACTUAL_POS] --(BEFORE)--> [EVENT_BEFORE_N/A_ACTUAL_POS],étude,BEFORE,radiographie,BEFORE,examen,BEFORE,sérologie,BEFORE,diagnostic,BEFORE,mis
117,43,FR100663,[EVENT_BEFORE_N/A_ACTUAL_POS] --(BEFORE)--> [EVENT_BEFORE_N/A_ACTUAL_POS] | [EVENT_BEFORE_N/A_ACTUAL_POS] --(BEFORE)--> [EVENT_BEFORE_N/A_ACTUAL_POS] | [EVENT_BEFORE_N/A_ACTUAL_POS] --(BEFORE)--> [EVENT_BEFORE_N/A_ACTUAL_POS] | [EVENT_BEFORE_N/A_ACTUAL_POS] --(BEFORE)--> [EVENT_BEFORE_N/A_ACTUAL_POS] | [EVENT_BEFORE_N/A_ACTUAL_POS] --(BEFORE)--> [EVENT_BEFORE_N/A_ACTUAL_POS],examen,BEFORE,examen,BEFORE,échographie,BEFORE,taux,BEFORE,tenté,BEFORE,contrôle
117,43,FR100666,[EVENT_BEFORE_N/A_ACTUAL_POS] --(BEFORE)--> [EVENT_BEFORE_N/A_ACTUAL_POS] | [EVENT_BEFORE_N/A_ACTUAL_POS] --(BEFORE)--> [EVENT_BEFORE_N/A_ACTUAL_POS] | [EVENT_BEFORE_N/A_ACTUAL_POS] --(BEFORE)--> [EVENT_BEFORE_N/A_ACTUAL_POS] | [EVENT_BEFORE_N/A_ACTUAL_POS] --(BEFORE)--> [EVENT_BEFORE_N/A_ACTUAL_POS] | [EVENT_BEFORE_N/A_ACTUAL_POS] --(BEFORE)--> [EVENT_BEFORE_N/A_ACTUAL_POS],étude,BEFORE,adressé,BEFORE,bilan,BEFORE,myologramme,BEFORE,bilan,BEFORE,classé
117,43,FR100683,[EVENT_BEFORE_N/A_ACTUAL_POS] --(BEFORE)--> [EVENT_BEFORE_N/A_ACTUAL_POS] | [EVENT_BEFORE_N/A_ACTUAL_POS] --(BEFORE)--> [EVENT_BEFORE_N/A_ACTUAL_POS] | [EVENT_BEFORE_N/A_ACTUAL_POS] --(BEFORE)--> [EVENT_BEFORE_N/A_ACTUAL_POS] | [EVENT_BEFORE_N/A_ACTUAL_POS] --(BEFORE)--> [EVENT_BEFORE_N/A_ACTUAL_POS] | [EVENT_BEFORE_N/A_ACTUAL_POS] --(BEFORE)--> [EVENT_BEFORE_N/A_ACTUAL_POS],exploration,BEFORE,exploration,BEFORE,IRM,BEFORE,écho-mammographie,BEFORE,osteodensitométrie,BEFORE,IRM
117,43,FR100688,[EVENT_BEFORE_N/A_ACTUAL_POS] --(BEFORE)--> [EVENT_BEFORE_N/A_ACTUAL_POS] | [EVENT_BEFORE_N/A_ACTUAL_POS] --(BEFORE)--> [EVENT_BEFORE_N/A_ACTUAL_POS] | [EVENT_BEFORE_N/A_ACTUAL_POS] --(BEFORE)--> [EVENT_BEFORE_N/A_ACTUAL_POS] | [EVENT_BEFORE_N/A_ACTUAL_POS] --(BEFORE)--> [EVENT_BEFORE_N/A_ACTUAL_POS] | [EVENT_BEFORE_N/A_ACTUAL_POS] --(BEFORE)--> [EVENT_BEFORE_N/A_ACTUAL_POS],échographie,BEFORE,radiographie,BEFORE,incision,BEFORE,analyse,BEFORE,traitement,BEFORE,évolution
117,43,FR100689,[EVENT_BEFORE_N/A_ACTUAL_POS] --(BEFORE)--> [EVENT_BEFORE_N/A_ACTUAL_POS] | [EVENT_BEFORE_N/A_ACTUAL_POS] --(BEFORE)--> [EVENT_BEFORE_N/A_ACTUAL_POS] | [EVENT_BEFORE_N/A_ACTUAL_POS] --(BEFORE)--> [EVENT_BEFORE_N/A_ACTUAL_POS] | [EVENT_BEFORE_N/A_ACTUAL_POS] --(BEFORE)--> [EVENT_BEFORE_N/A_ACTUAL_POS] | [EVENT_BEFORE_N/A_ACTUAL_POS] --(BEFORE)--> [EVENT_BEFORE_N/A_ACTUAL_POS],PCR,BEFORE,scanner,BEFORE,hémogramme,BEFORE,ionogramme,BEFORE,examen,BEFORE,retenu
117,43,FR100697,[EVENT_BEFORE_N/A_ACTUAL_POS] --(BEFORE)--> [EVENT_BEFORE_N/A_ACTUAL_POS] | [EVENT_BEFORE_N/A_ACTUAL_POS] --(BEFORE)--> [EVENT_BEFORE_N/A_ACTUAL_POS] | [EVENT_BEFORE_N/A_ACTUAL_POS] --(BEFORE)--> [EVENT_BEFORE_N/A_ACTUAL_POS] | [EVENT_BEFORE_N/A_ACTUAL_POS] --(BEFORE)--> [EVENT_BEFORE_N/A_ACTUAL_POS] | [EVENT_BEFORE_N/A_ACTUAL_POS] --(BEFORE)--> [EVENT_BEFORE_N/A_ACTUAL_POS],palpation,BEFORE,examen,BEFORE,mammographie,BEFORE,échographie,BEFORE,examen,BEFORE,immunomarquage
117,43,FR100717,[EVENT_BEFORE_N/A_ACTUAL_POS] --(BEFORE)--> [EVENT_BEFORE_N/A_ACTUAL_POS] | [EVENT_BEFORE_N/A_ACTUAL_POS] --(BEFORE)--> [EVENT_BEFORE_N/A_ACTUAL_POS] | [EVENT_BEFORE_N/A_ACTUAL_POS] --(BEFORE)--> [EVENT_BEFORE_N/A_ACTUAL_POS] | [EVENT_BEFORE_N/A_ACTUAL_POS] --(BEFORE)--> [EVENT_BEFORE_N/A_ACTUAL_POS] | [EVENT_BEFORE_N/A_ACTUAL_POS] --(BEFORE)--> [EVENT_BEFORE_N/A_ACTUAL_POS],traitement,BEFORE,examen,BEFORE,examens,BEFORE,scanner,BEFORE,IRM,BEFORE,laminectomie
117,43,FR100806,[EVENT_BEFORE_N/A_ACTUAL_POS] --(BEFORE)--> [EVENT_BEFORE_N/A_ACTUAL_POS] | [EVENT_BEFORE_N/A_ACTUAL_POS] --(BEFORE)--> [EVENT_BEFORE_N/A_ACTUAL_POS] | [EVENT_BEFORE_N/A_ACTUAL_POS] --(BEFORE)--> [EVENT_BEFORE_N/A_ACTUAL_POS] | [EVENT_BEFORE_N/A_ACTUAL_POS] --(BEFORE)--> [EVENT_BEFORE_N/A_ACTUAL_POS] | [EVENT_BEFORE_N/A_ACTUAL_POS] --(BEFORE)--> [EVENT_BEFORE_N/A_ACTUAL_POS],transfusions,BEFORE,biologie,BEFORE,tomodensitométrie,BEFORE,prise,BEFORE,examen,BEFORE,suites
117,43,FR100826,[EVENT_BEFORE_N/A_ACTUAL_POS] --(BEFORE)--> [EVENT_BEFORE_N/A_ACTUAL_POS] | [EVENT_BEFORE_N/A_ACTUAL_POS] --(BEFORE)--> [EVENT_BEFORE_N/A_ACTUAL_POS] | [EVENT_BEFORE_N/A_ACTUAL_POS] --(BEFORE)--> [EVENT_BEFORE_N/A_ACTUAL_POS] | [EVENT_BEFORE_N/A_ACTUAL_POS] --(BEFORE)--> [EVENT_BEFORE_N/A_ACTUAL_POS] | [EVENT_BEFORE_N/A_ACTUAL_POS] --(BEFORE)--> [EVENT_BEFORE_N/A_ACTUAL_POS],admis,BEFORE,examen,BEFORE,bilan,BEFORE,bilan,BEFORE,retenue,BEFORE,exploration
117,43,FR100845,[EVENT_BEFORE_N/A_ACTUAL_POS] --(BEFORE)--> [EVENT_BEFORE_N/A_ACTUAL_POS] | [EVENT_BEFORE_N/A_ACTUAL_POS] --(BEFORE)--> [EVENT_BEFORE_N/A_ACTUAL_POS] | [EVENT_BEFORE_N/A_ACTUAL_POS] --(BEFORE)--> [EVENT_BEFORE_N/A_ACTUAL_POS] | [EVENT_BEFORE_N/A_ACTUAL_POS] --(BEFORE)--> [EVENT_BEFORE_N/A_ACTUAL_POS] | [EVENT_BEFORE_N/A_ACTUAL_POS] --(BEFORE)--> [EVENT_BEFORE_N/A_ACTUAL_POS],décision,BEFORE,extraction,BEFORE,examen,BEFORE,examinés,BEFORE,détresse,BEFORE,intubée
117,43,FR100870,[EVENT_BEFORE_N/A_ACTUAL_POS] --(BEFORE)--> [EVENT_BEFORE_N/A_ACTUAL_POS] | [EVENT_BEFORE_N/A_ACTUAL_POS] --(BEFORE)--> [EVENT_BEFORE_N/A_ACTUAL_POS] | [EVENT_BEFORE_N/A_ACTUAL_POS] --(BEFORE)--> [EVENT_BEFORE_N/A_ACTUAL_POS] | [EVENT_BEFORE_N/A_ACTUAL_POS] --(BEFORE)--> [EVENT_BEFORE_N/A_ACTUAL_POS] | [EVENT_BEFORE_N/A_ACTUAL_POS] --(BEFORE)--> [EVENT_BEFORE_N/A_ACTUAL_POS],imagerie,BEFORE,hémogramme,BEFORE,bilan,BEFORE,IRM,BEFORE,électrophorèse,BEFORE,immunosoustraction
117,43,FR100874,[EVENT_BEFORE_N/A_ACTUAL_POS] --(BEFORE)--> [EVENT_BEFORE_N/A_ACTUAL_POS] | [EVENT_BEFORE_N/A_ACTUAL_POS] --(BEFORE)--> [EVENT_BEFORE_N/A_ACTUAL_POS] | [EVENT_BEFORE_N/A_ACTUAL_POS] --(BEFORE)--> [EVENT_BEFORE_N/A_ACTUAL_POS] | [EVENT_BEFORE_N/A_ACTUAL_POS] --(BEFORE)--> [EVENT_BEFORE_N/A_ACTUAL_POS] | [EVENT_BEFORE_N/A_ACTUAL_POS] --(BEFORE)--> [EVENT_BEFORE_N/A_ACTUAL_POS],admission,BEFORE,examen,BEFORE,hémogramme,BEFORE,fibroscopie,BEFORE,transit,BEFORE,tomodensitométrie
117,43,FR100882,[EVENT_BEFORE_N/A_ACTUAL_POS] --(BEFORE)--> [EVENT_BEFORE_N/A_ACTUAL_POS] | [EVENT_BEFORE_N/A_ACTUAL_POS] --(BEFORE)--> [EVENT_BEFORE_N/A_ACTUAL_POS] | [EVENT_BEFORE_N/A_ACTUAL_POS] --(BEFORE)--> [EVENT_BEFORE_N/A_ACTUAL_POS] | [EVENT_BEFORE_N/A_ACTUAL_POS] --(BEFORE)--> [EVENT_BEFORE_N/A_ACTUAL_POS] | [EVENT_BEFORE_N/A_ACTUAL_POS] --(BEFORE)--> [EVENT_BEFORE_N/A_ACTUAL_POS],scanner,BEFORE,laminectomie,BEFORE,Imagerie,BEFORE,bilan,BEFORE,sérologies,BEFORE,sclérothérapie
117,43,FR100903,[EVENT_BEFORE_N/A_ACTUAL_POS] --(BEFORE)--> [EVENT_BEFORE_N/A_ACTUAL_POS] | [EVENT_BEFORE_N/A_ACTUAL_POS] --(BEFORE)--> [EVENT_BEFORE_N/A_ACTUAL_POS] | [EVENT_BEFORE_N/A_ACTUAL_POS] --(BEFORE)--> [EVENT_BEFORE_N/A_ACTUAL_POS] | [EVENT_BEFORE_N/A_ACTUAL_POS] --(BEFORE)--> [EVENT_BEFORE_N/A_ACTUAL_POS] | [EVENT_BEFORE_N/A_ACTUAL_POS] --(BEFORE)--> [EVENT_BEFORE_N/A_ACTUAL_POS],IRM,BEFORE,diagnostic,BEFORE,écarté,BEFORE,contrôles,BEFORE,accouchement,BEFORE,décédé
117,43,FR100946,[EVENT_BEFORE_N/A_ACTUAL_POS] --(BEFORE)--> [EVENT_BEFORE_N/A_ACTUAL_POS] | [EVENT_BEFORE_N/A_ACTUAL_POS] --(BEFORE)--> [EVENT_BEFORE_N/A_ACTUAL_POS] | [EVENT_BEFORE_N/A_ACTUAL_POS] --(BEFORE)--> [EVENT_BEFORE_N/A_ACTUAL_POS] | [EVENT_BEFORE_N/A_ACTUAL_POS] --(BEFORE)--> [EVENT_BEFORE_N/A_ACTUAL_POS] | [EVENT_BEFORE_N/A_ACTUAL_POS] --(BEFORE)--> [EVENT_BEFORE_N/A_ACTUAL_POS],examen,BEFORE,IRM,BEFORE,analyse,BEFORE,mise,BEFORE,analyse,BEFORE,mise
117,43,FR100996,[EVENT_BEFORE_N/A_ACTUAL_POS] --(BEFORE)--> [EVENT_BEFORE_N/A_ACTUAL_POS] | [EVENT_BEFORE_N/A_ACTUAL_POS] --(BEFORE)--> [EVENT_BEFORE_N/A_ACTUAL_POS] | [EVENT_BEFORE_N/A_ACTUAL_POS] --(BEFORE)--> [EVENT_BEFORE_N/A_ACTUAL_POS] | [EVENT_BEFORE_N/A_ACTUAL_POS] --(BEFORE)--> [EVENT_BEFORE_N/A_ACTUAL_POS] | [EVENT_BEFORE_N/A_ACTUAL_POS] --(BEFORE)--> [EVENT_BEFORE_N/A_ACTUAL_POS],consulté,BEFORE,examen,BEFORE,tomodensitométrie,BEFORE,injection,BEFORE,retenu,BEFORE,chirurgical
158,42,FR100003,[EVENT_BEFORE_N/A_ACTUAL_POS] --(BEFORE)--> [EVENT_BEFORE_N/A_ACTUAL_POS] | [EVENT_BEFORE_N/A_ACTUAL_POS] --(BEFORE)--> [EVENT_BEFORE_N/A_ACTUAL_POS] | [EVENT_BEFORE_N/A_ACTUAL_POS] --(CONTAINS)--> [EVENT_BEFORE_N/A_ACTUAL_POS],TDM,BEFORE,panoramique,BEFORE,ponction,CONTAINS,ramené,,,,
158,42,FR100092,[EVENT_BEFORE_N/A_ACTUAL_POS] --(BEFORE)--> [EVENT_BEFORE_N/A_ACTUAL_POS] | [EVENT_BEFORE_N/A_ACTUAL_POS] --(BEFORE)--> [EVENT_BEFORE_N/A_ACTUAL_POS] | [EVENT_BEFORE_N/A_ACTUAL_POS] --(CONTAINS)--> [EVENT_BEFORE_N/A_ACTUAL_POS],tableau,BEFORE,reste,BEFORE,minilaparotomie,CONTAINS,reste,,,,
158,42,FR100130,[EVENT_BEFORE_N/A_ACTUAL_POS] --(BEFORE)--> [EVENT_BEFORE_N/A_ACTUAL_POS] | [EVENT_BEFORE_N/A_ACTUAL_POS] --(BEFORE)--> [EVENT_BEFORE_N/A_ACTUAL_POS] | [EVENT_BEFORE_N/A_ACTUAL_POS] --(CONTAINS)--> [EVENT_BEFORE_N/A_ACTUAL_POS],recherche,BEFORE,séjour,BEFORE,bilan,CONTAINS,recherchée,,,,
158,42,FR100132,[EVENT_BEFORE_N/A_ACTUAL_POS] --(BEFORE)--> [EVENT_BEFORE_N/A_ACTUAL_POS] | [EVENT_BEFORE_N/A_ACTUAL_POS] --(BEFORE)--> [EVENT_BEFORE_N/A_ACTUAL_POS] | [EVENT_BEFORE_N/A_ACTUAL_POS] --(CONTAINS)--> [EVENT_BEFORE_N/A_ACTUAL_POS],palpation,BEFORE,histologie,BEFORE,examen,CONTAINS,tension,,,,
158,42,FR100142,[EVENT_BEFORE_N/A_ACTUAL_POS] --(BEFORE)--> [EVENT_BEFORE_N/A_ACTUAL_POS] | [EVENT_BEFORE_N/A_ACTUAL_POS] --(BEFORE)--> [EVENT_BEFORE_N/A_ACTUAL_POS] | [EVENT_BEFORE_N/A_ACTUAL_POS] --(CONTAINS)--> [EVENT_BEFORE_N/A_ACTUAL_POS],biopsie,BEFORE,mis,BEFORE,évolution,CONTAINS,taux,,,,
158,42,FR100161,[EVENT_BEFORE_N/A_ACTUAL_POS] --(BEFORE)--> [EVENT_BEFORE_N/A_ACTUAL_POS] | [EVENT_BEFORE_N/A_ACTUAL_POS] --(BEFORE)--> [EVENT_BEFORE_N/A_ACTUAL_POS] | [EVENT_BEFORE_N/A_ACTUAL_POS] --(CONTAINS)--> [EVENT_BEFORE_N/A_ACTUAL_POS],interrogatoire,BEFORE,examen,BEFORE,examens,CONTAINS,Acti tests,,,,
158,42,FR100168,[EVENT_BEFORE_N/A_ACTUAL_POS] --(BEFORE)--> [EVENT_BEFORE_N/A_ACTUAL_POS] | [EVENT_BEFORE_N/A_ACTUAL_POS] --(BEFORE)--> [EVENT_BEFORE_N/A_ACTUAL_POS] | [EVENT_BEFORE_N/A_ACTUAL_POS] --(CONTAINS)--> [EVENT_BEFORE_N/A_ACTUAL_POS],bilan,BEFORE,tests,BEFORE,entretien,CONTAINS,dévoiler,,,,
158,42,FR100255,[EVENT_BEFORE_N/A_ACTUAL_POS] --(BEFORE)--> [EVENT_BEFORE_N/A_ACTUAL_POS] | [EVENT_BEFORE_N/A_ACTUAL_POS] --(BEFORE)--> [EVENT_BEFORE_N/A_ACTUAL_POS] | [EVENT_BEFORE_N/A_ACTUAL_POS] --(CONTAINS)--> [EVENT_BEFORE_N/A_ACTUAL_POS],radio,BEFORE,TDM,BEFORE,bilan,CONTAINS,bilan,,,,
158,42,FR100275,[EVENT_BEFORE_N/A_ACTUAL_POS] --(BEFORE)--> [EVENT_BEFORE_N/A_ACTUAL_POS] | [EVENT_BEFORE_N/A_ACTUAL_POS] --(BEFORE)--> [EVENT_BEFORE_N/A_ACTUAL_POS] | [EVENT_BEFORE_N/A_ACTUAL_POS] --(CONTAINS)--> [EVENT_BEFORE_N/A_ACTUAL_POS],transféré,BEFORE,anamnèse,BEFORE,examen,CONTAINS,pression,,,,
158,42,FR100276,[EVENT_BEFORE_N/A_ACTUAL_POS] --(BEFORE)--> [EVENT_BEFORE_N/A_ACTUAL_POS] | [EVENT_BEFORE_N/A_ACTUAL_POS] --(BEFORE)--> [EVENT_BEFORE_N/A_ACTUAL_POS] | [EVENT_BEFORE_N/A_ACTUAL_POS] --(CONTAINS)--> [EVENT_BEFORE_N/A_ACTUAL_POS],accouchement,BEFORE,reste,BEFORE,bilan,CONTAINS,recherche,,,,
158,42,FR100283,[EVENT_BEFORE_N/A_ACTUAL_POS] --(BEFORE)--> [EVENT_BEFORE_N/A_ACTUAL_POS] | [EVENT_BEFORE_N/A_ACTUAL_POS] --(BEFORE)--> [EVENT_BEFORE_N/A_ACTUAL_POS] | [EVENT_BEFORE_N/A_ACTUAL_POS] --(CONTAINS)--> [EVENT_BEFORE_N/A_ACTUAL_POS],IRM,BEFORE,hypophysiogramme,BEFORE,traitement,CONTAINS,opothérapie,,,,
158,42,FR100296,[EVENT_BEFORE_N/A_ACTUAL_POS] --(BEFORE)--> [EVENT_BEFORE_N/A_ACTUAL_POS] | [EVENT_BEFORE_N/A_ACTUAL_POS] --(BEFORE)--> [EVENT_BEFORE_N/A_ACTUAL_POS] | [EVENT_BEFORE_N/A_ACTUAL_POS] --(CONTAINS)--> [EVENT_BEFORE_N/A_ACTUAL_POS],IRM,BEFORE,fenestration,BEFORE,suites,CONTAINS,déambulation,,,,
158,42,FR100344,[EVENT_BEFORE_N/A_ACTUAL_POS] --(BEFORE)--> [EVENT_BEFORE_N/A_ACTUAL_POS] | [EVENT_BEFORE_N/A_ACTUAL_POS] --(BEFORE)--> [EVENT_BEFORE_N/A_ACTUAL_POS] | [EVENT_BEFORE_N/A_ACTUAL_POS] --(CONTAINS)--> [EVENT_BEFORE_N/A_ACTUAL_POS],plainte,BEFORE,examen,BEFORE,césarienne,CONTAINS,laissé,,,,
158,42,FR100371,[EVENT_BEFORE_N/A_ACTUAL_POS] --(BEFORE)--> [EVENT_BEFORE_N/A_ACTUAL_POS] | [EVENT_BEFORE_N/A_ACTUAL_POS] --(BEFORE)--> [EVENT_BEFORE_N/A_ACTUAL_POS] | [EVENT_BEFORE_N/A_ACTUAL_POS] --(CONTAINS)--> [EVENT_BEFORE_N/A_ACTUAL_POS],examen,BEFORE,bilan,BEFORE,bilan,CONTAINS,radiographie,,,,
158,42,FR100400,[EVENT_BEFORE_N/A_ACTUAL_POS] --(BEFORE)--> [EVENT_BEFORE_N/A_ACTUAL_POS] | [EVENT_BEFORE_N/A_ACTUAL_POS] --(BEFORE)--> [EVENT_BEFORE_N/A_ACTUAL_POS] | [EVENT_BEFORE_N/A_ACTUAL_POS] --(CONTAINS)--> [EVENT_BEFORE_N/A_ACTUAL_POS],exploration,BEFORE,résection,BEFORE,suites,CONTAINS,sortante,,,,
158,42,FR100510,[EVENT_BEFORE_N/A_ACTUAL_POS] --(BEFORE)--> [EVENT_BEFORE_N/A_ACTUAL_POS] | [EVENT_BEFORE_N/A_ACTUAL_POS] --(BEFORE)--> [EVENT_BEFORE_N/A_ACTUAL_POS] | [EVENT_BEFORE_N/A_ACTUAL_POS] --(CONTAINS)--> [EVENT_BEFORE_N/A_ACTUAL_POS],résection,BEFORE,examen,BEFORE,examen,CONTAINS,caractéristiques,,,,
158,42,FR100515,[EVENT_BEFORE_N/A_ACTUAL_POS] --(BEFORE)--> [EVENT_BEFORE_N/A_ACTUAL_POS] | [EVENT_BEFORE_N/A_ACTUAL_POS] --(BEFORE)--> [EVENT_BEFORE_N/A_ACTUAL_POS] | [EVENT_BEFORE_N/A_ACTUAL_POS] --(CONTAINS)--> [EVENT_BEFORE_N/A_ACTUAL_POS],bilan,BEFORE,prescrits,BEFORE,évolution,CONTAINS,résistance,,,,
158,42,FR100519,[EVENT_BEFORE_N/A_ACTUAL_POS] --(BEFORE)--> [EVENT_BEFORE_N/A_ACTUAL_POS] | [EVENT_BEFORE_N/A_ACTUAL_POS] --(BEFORE)--> [EVENT_BEFORE_N/A_ACTUAL_POS] | [EVENT_BEFORE_N/A_ACTUAL_POS] --(CONTAINS)--> [EVENT_BEFORE_N/A_ACTUAL_POS],hospitalisée,BEFORE,entrée,BEFORE,bilan,CONTAINS,ECG,,,,
158,42,FR100589,[EVENT_BEFORE_N/A_ACTUAL_POS] --(BEFORE)--> [EVENT_BEFORE_N/A_ACTUAL_POS] | [EVENT_BEFORE_N/A_ACTUAL_POS] --(BEFORE)--> [EVENT_BEFORE_N/A_ACTUAL_POS] | [EVENT_BEFORE_N/A_ACTUAL_POS] --(CONTAINS)--> [EVENT_BEFORE_N/A_ACTUAL_POS],Cytométrie,BEFORE,biopsie,BEFORE,bilan,CONTAINS,myélogramme,,,,
158,42,FR100597,[EVENT_BEFORE_N/A_ACTUAL_POS] --(BEFORE)--> [EVENT_BEFORE_N/A_ACTUAL_POS] | [EVENT_BEFORE_N/A_ACTUAL_POS] --(BEFORE)--> [EVENT_BEFORE_N/A_ACTUAL_POS] | [EVENT_BEFORE_N/A_ACTUAL_POS] --(CONTAINS)--> [EVENT_BEFORE_N/A_ACTUAL_POS],marqueurs,BEFORE,décidée,BEFORE,laparotomie,CONTAINS,exploration,,,,
158,42,FR100611,[EVENT_BEFORE_N/A_ACTUAL_POS] --(BEFORE)--> [EVENT_BEFORE_N/A_ACTUAL_POS] | [EVENT_BEFORE_N/A_ACTUAL_POS] --(BEFORE)--> [EVENT_BEFORE_N/A_ACTUAL_POS] | [EVENT_BEFORE_N/A_ACTUAL_POS] --(CONTAINS)--> [EVENT_BEFORE_N/A_ACTUAL_POS],examen,BEFORE,PCR,BEFORE,TDM,CONTAINS,image,,,,
158,42,FR100614,[EVENT_BEFORE_N/A_ACTUAL_POS] --(BEFORE)--> [EVENT_BEFORE_N/A_ACTUAL_POS] | [EVENT_BEFORE_N/A_ACTUAL_POS] --(BEFORE)--> [EVENT_BEFORE_N/A_ACTUAL_POS] | [EVENT_BEFORE_N/A_ACTUAL_POS] --(CONTAINS)--> [EVENT_BEFORE_N/A_ACTUAL_POS],exploration,BEFORE,rupture,BEFORE,intervention,CONTAINS,éviter,,,,
158,42,FR100620,[EVENT_BEFORE_N/A_ACTUAL_POS] --(BEFORE)--> [EVENT_BEFORE_N/A_ACTUAL_POS] | [EVENT_BEFORE_N/A_ACTUAL_POS] --(BEFORE)--> [EVENT_BEFORE_N/A_ACTUAL_POS] | [EVENT_BEFORE_N/A_ACTUAL_POS] --(CONTAINS)--> [EVENT_BEFORE_N/A_ACTUAL_POS],bronchoscopie,BEFORE,bilan,BEFORE,bilan,CONTAINS,radiographies,,,,
158,42,FR100629,[EVENT_BEFORE_N/A_ACTUAL_POS] --(BEFORE)--> [EVENT_BEFORE_N/A_ACTUAL_POS] | [EVENT_BEFORE_N/A_ACTUAL_POS] --(BEFORE)--> [EVENT_BEFORE_N/A_ACTUAL_POS] | [EVENT_BEFORE_N/A_ACTUAL_POS] --(CONTAINS)--> [EVENT_BEFORE_N/A_ACTUAL_POS],bilan,BEFORE,décision,BEFORE,chimiothérapie,CONTAINS,bithérapie,,,,
158,42,FR100632,[EVENT_BEFORE_N/A_ACTUAL_POS] --(BEFORE)--> [EVENT_BEFORE_N/A_ACTUAL_POS] | [EVENT_BEFORE_N/A_ACTUAL_POS] --(BEFORE)--> [EVENT_BEFORE_N/A_ACTUAL_POS] | [EVENT_BEFORE_N/A_ACTUAL_POS] --(CONTAINS)--> [EVENT_BEFORE_N/A_ACTUAL_POS],numération,BEFORE,bilan,BEFORE,enquête,CONTAINS,taux,,,,
158,42,FR100658,[EVENT_BEFORE_N/A_ACTUAL_POS] --(BEFORE)--> [EVENT_BEFORE_N/A_ACTUAL_POS] | [EVENT_BEFORE_N/A_ACTUAL_POS] --(BEFORE)--> [EVENT_BEFORE_N/A_ACTUAL_POS] | [EVENT_BEFORE_N/A_ACTUAL_POS] --(CONTAINS)--> [EVENT_BEFORE_N/A_ACTUAL_POS],évaluation,BEFORE,auscultation,BEFORE,examens,CONTAINS,bilan,,,,
158,42,FR100663,[EVENT_BEFORE_N/A_ACTUAL_POS] --(BEFORE)--> [EVENT_BEFORE_N/A_ACTUAL_POS] | [EVENT_BEFORE_N/A_ACTUAL_POS] --(BEFORE)--> [EVENT_BEFORE_N/A_ACTUAL_POS] | [EVENT_BEFORE_N/A_ACTUAL_POS] --(CONTAINS)--> [EVENT_BEFORE_N/A_ACTUAL_POS],taux,BEFORE,tenté,BEFORE,bilan,CONTAINS,Taux,,,,
158,42,FR100666,[EVENT_BEFORE_N/A_ACTUAL_POS] --(BEFORE)--> [EVENT_BEFORE_N/A_ACTUAL_POS] | [EVENT_BEFORE_N/A_ACTUAL_POS] --(BEFORE)--> [EVENT_BEFORE_N/A_ACTUAL_POS] | [EVENT_BEFORE_N/A_ACTUAL_POS] --(CONTAINS)--> [EVENT_BEFORE_N/A_ACTUAL_POS],bilan,BEFORE,classé,BEFORE,traitement,CONTAINS,polychimiothérapie,,,,
158,42,FR100688,[EVENT_BEFORE_N/A_ACTUAL_POS] --(BEFORE)--> [EVENT_BEFORE_N/A_ACTUAL_POS] | [EVENT_BEFORE_N/A_ACTUAL_POS] --(BEFORE)--> [EVENT_BEFORE_N/A_ACTUAL_POS] | [EVENT_BEFORE_N/A_ACTUAL_POS] --(CONTAINS)--> [EVENT_BEFORE_N/A_ACTUAL_POS],incision,BEFORE,analyse,BEFORE,traitement,CONTAINS,phase,,,,
158,42,FR100689,[EVENT_BEFORE_N/A_ACTUAL_POS] --(BEFORE)--> [EVENT_BEFORE_N/A_ACTUAL_POS] | [EVENT_BEFORE_N/A_ACTUAL_POS] --(BEFORE)--> [EVENT_BEFORE_N/A_ACTUAL_POS] | [EVENT_BEFORE_N/A_ACTUAL_POS] --(CONTAINS)--> [EVENT_BEFORE_N/A_ACTUAL_POS],examen,BEFORE,scanner,BEFORE,IRM,CONTAINS,injection,,,,
158,42,FR100708,[EVENT_BEFORE_N/A_ACTUAL_POS] --(BEFORE)--> [EVENT_BEFORE_N/A_ACTUAL_POS] | [EVENT_BEFORE_N/A_ACTUAL_POS] --(BEFORE)--> [EVENT_BEFORE_N/A_ACTUAL_POS] | [EVENT_BEFORE_N/A_ACTUAL_POS] --(CONTAINS)--> [EVENT_BEFORE_N/A_ACTUAL_POS],mammographie,BEFORE,échographie,BEFORE,ponction,CONTAINS,ramenant,,,,
158,42,FR100717,[EVENT_BEFORE_N/A_ACTUAL_POS] --(BEFORE)--> [EVENT_BEFORE_N/A_ACTUAL_POS] | [EVENT_BEFORE_N/A_ACTUAL_POS] --(BEFORE)--> [EVENT_BEFORE_N/A_ACTUAL_POS] | [EVENT_BEFORE_N/A_ACTUAL_POS] --(CONTAINS)--> [EVENT_BEFORE_N/A_ACTUAL_POS],enlevée,BEFORE,exploration,BEFORE,suites,CONTAINS,régression,,,,
158,42,FR100806,[EVENT_BEFORE_N/A_ACTUAL_POS] --(BEFORE)--> [EVENT_BEFORE_N/A_ACTUAL_POS] | [EVENT_BEFORE_N/A_ACTUAL_POS] --(BEFORE)--> [EVENT_BEFORE_N/A_ACTUAL_POS] | [EVENT_BEFORE_N/A_ACTUAL_POS] --(CONTAINS)--> [EVENT_BEFORE_N/A_ACTUAL_POS],référée,BEFORE,examen,BEFORE,biologie,CONTAINS,NFS,,,,
158,42,FR100826,[EVENT_BEFORE_N/A_ACTUAL_POS] --(BEFORE)--> [EVENT_BEFORE_N/A_ACTUAL_POS] | [EVENT_BEFORE_N/A_ACTUAL_POS] --(BEFORE)--> [EVENT_BEFORE_N/A_ACTUAL_POS] | [EVENT_BEFORE_N/A_ACTUAL_POS] --(CONTAINS)--> [EVENT_BEFORE_N/A_ACTUAL_POS],admis,BEFORE,examen,BEFORE,bilan,CONTAINS,tomodensitométrie,,,,
158,42,FR100845,[EVENT_BEFORE_N/A_ACTUAL_POS] --(BEFORE)--> [EVENT_BEFORE_N/A_ACTUAL_POS] | [EVENT_BEFORE_N/A_ACTUAL_POS] --(BEFORE)--> [EVENT_BEFORE_N/A_ACTUAL_POS] | [EVENT_BEFORE_N/A_ACTUAL_POS] --(CONTAINS)--> [EVENT_BEFORE_N/A_ACTUAL_POS],Consulte,BEFORE,examen,BEFORE,examen,CONTAINS,toucher,,,,
158,42,FR100870,[EVENT_BEFORE_N/A_ACTUAL_POS] --(BEFORE)--> [EVENT_BEFORE_N/A_ACTUAL_POS] | [EVENT_BEFORE_N/A_ACTUAL_POS] --(BEFORE)--> [EVENT_BEFORE_N/A_ACTUAL_POS] | [EVENT_BEFORE_N/A_ACTUAL_POS] --(CONTAINS)--> [EVENT_BEFORE_N/A_ACTUAL_POS],bilan,BEFORE,IRM,BEFORE,électrophorèse,CONTAINS,découverte,,,,
158,42,FR100874,[EVENT_BEFORE_N/A_ACTUAL_POS] --(BEFORE)--> [EVENT_BEFORE_N/A_ACTUAL_POS] | [EVENT_BEFORE_N/A_ACTUAL_POS] --(BEFORE)--> [EVENT_BEFORE_N/A_ACTUAL_POS] | [EVENT_BEFORE_N/A_ACTUAL_POS] --(CONTAINS)--> [EVENT_BEFORE_N/A_ACTUAL_POS],hémogramme,BEFORE,fibroscopie,BEFORE,transit,CONTAINS,image,,,,
158,42,FR100882,[EVENT_BEFORE_N/A_ACTUAL_POS] --(BEFORE)--> [EVENT_BEFORE_N/A_ACTUAL_POS] | [EVENT_BEFORE_N/A_ACTUAL_POS] --(BEFORE)--> [EVENT_BEFORE_N/A_ACTUAL_POS] | [EVENT_BEFORE_N/A_ACTUAL_POS] --(CONTAINS)--> [EVENT_BEFORE_N/A_ACTUAL_POS],sérologies,BEFORE,sclérothérapie,BEFORE,évolution,CONTAINS,amélioration,,,,
158,42,FR100883,[EVENT_BEFORE_N/A_ACTUAL_POS] --(BEFORE)--> [EVENT_BEFORE_N/A_ACTUAL_POS] | [EVENT_BEFORE_N/A_ACTUAL_POS] --(BEFORE)--> [EVENT_BEFORE_N/A_ACTUAL_POS] | [EVENT_BEFORE_N/A_ACTUAL_POS] --(CONTAINS)--> [EVENT_BEFORE_N/A_ACTUAL_POS],biopsie,BEFORE,bilan,BEFORE,reçu,CONTAINS,cures,,,,
158,42,FR100894,[EVENT_BEFORE_N/A_ACTUAL_POS] --(BEFORE)--> [EVENT_BEFORE_N/A_ACTUAL_POS] | [EVENT_BEFORE_N/A_ACTUAL_POS] --(BEFORE)--> [EVENT_BEFORE_N/A_ACTUAL_POS] | [EVENT_BEFORE_N/A_ACTUAL_POS] --(CONTAINS)--> [EVENT_BEFORE_N/A_ACTUAL_POS],diagnostic,BEFORE,pris,BEFORE,incision,CONTAINS,décompression,,,,
158,42,FR100903,[EVENT_BEFORE_N/A_ACTUAL_POS] --(BEFORE)--> [EVENT_BEFORE_N/A_ACTUAL_POS] | [EVENT_BEFORE_N/A_ACTUAL_POS] --(BEFORE)--> [EVENT_BEFORE_N/A_ACTUAL_POS] | [EVENT_BEFORE_N/A_ACTUAL_POS] --(CONTAINS)--> [EVENT_BEFORE_N/A_ACTUAL_POS],écarté,BEFORE,contrôles,BEFORE,accouchement,CONTAINS,naissance,,,,
158,42,FR100998,[EVENT_BEFORE_N/A_ACTUAL_POS] --(BEFORE)--> [EVENT_BEFORE_N/A_ACTUAL_POS] | [EVENT_BEFORE_N/A_ACTUAL_POS] --(BEFORE)--> [EVENT_BEFORE_N/A_ACTUAL_POS] | [EVENT_BEFORE_N/A_ACTUAL_POS] --(CONTAINS)--> [EVENT_BEFORE_N/A_ACTUAL_POS],test,BEFORE,diagnostic,BEFORE,traitée,CONTAINS,cures,,,,
164,42,FR100120,[EVENT_BEFORE_N/A_ACTUAL_POS] --(BEFORE)--> [EVENT_BEFORE_N/A_ACTUAL_POS] | [EVENT_BEFORE_N/A_ACTUAL_POS] --(BEFORE)--> [EVENT_BEFORE_N/A_ACTUAL_POS] | [EVENT_BEFORE_N/A_ACTUAL_POS] --(BEFORE)--> [EVENT_BEFORE_N/A_ACTUAL_POS],traitement,BEFORE,retirées,[RETOUR],traitement,BEFORE,sailli,[RETOUR],retirées,BEFORE,conclure
164,42,FR100130,[EVENT_BEFORE_N/A_ACTUAL_POS] --(BEFORE)--> [EVENT_BEFORE_N/A_ACTUAL_POS] | [EVENT_BEFORE_N/A_ACTUAL_POS] --(BEFORE)--> [EVENT_BEFORE_N/A_ACTUAL_POS] | [EVENT_BEFORE_N/A_ACTUAL_POS] --(BEFORE)--> [EVENT_BEFORE_N/A_ACTUAL_POS],glycémie,BEFORE,confirmé,[RETOUR],glycémie,BEFORE,bilan,[RETOUR],confirmé,BEFORE,recherche
164,42,FR100142,[EVENT_BEFORE_N/A_ACTUAL_POS] --(BEFORE)--> [EVENT_BEFORE_N/A_ACTUAL_POS] | [EVENT_BEFORE_N/A_ACTUAL_POS] --(BEFORE)--> [EVENT_BEFORE_N/A_ACTUAL_POS] | [EVENT_BEFORE_N/A_ACTUAL_POS] --(BEFORE)--> [EVENT_BEFORE_N/A_ACTUAL_POS],fibroscopie,BEFORE,biopsie,[RETOUR],fibroscopie,BEFORE,colonoscopie,[RETOUR],biopsie,BEFORE,mis
164,42,FR100161,[EVENT_BEFORE_N/A_ACTUAL_POS] --(BEFORE)--> [EVENT_BEFORE_N/A_ACTUAL_POS] | [EVENT_BEFORE_N/A_ACTUAL_POS] --(BEFORE)--> [EVENT_BEFORE_N/A_ACTUAL_POS] | [EVENT_BEFORE_N/A_ACTUAL_POS] --(BEFORE)--> [EVENT_BEFORE_N/A_ACTUAL_POS],cortisol,BEFORE,exérèse,[RETOUR],cortisol,BEFORE,dérivés,[RETOUR],exérèse,BEFORE,examen
164,42,FR100168,[EVENT_BEFORE_N/A_ACTUAL_POS] --(BEFORE)--> [EVENT_BEFORE_N/A_ACTUAL_POS] | [EVENT_BEFORE_N/A_ACTUAL_POS] --(BEFORE)--> [EVENT_BEFORE_N/A_ACTUAL_POS] | [EVENT_BEFORE_N/A_ACTUAL_POS] --(BEFORE)--> [EVENT_BEFORE_N/A_ACTUAL_POS],examen,BEFORE,bilan,[RETOUR],examen,BEFORE,ostéosynthèse,[RETOUR],bilan,BEFORE,dissection
164,42,FR100255,[EVENT_BEFORE_N/A_ACTUAL_POS] --(BEFORE)--> [EVENT_BEFORE_N/A_ACTUAL_POS] | [EVENT_BEFORE_N/A_ACTUAL_POS] --(BEFORE)--> [EVENT_BEFORE_N/A_ACTUAL_POS] | [EVENT_BEFORE_N/A_ACTUAL_POS] --(BEFORE)--> [EVENT_BEFORE_N/A_ACTUAL_POS],mise,BEFORE,réveillée,[RETOUR],mise,BEFORE,oxygénothérapie,[RETOUR],réveillée,BEFORE,radio
164,42,FR100276,[EVENT_BEFORE_N/A_ACTUAL_POS] --(BEFORE)--> [EVENT_BEFORE_N/A_ACTUAL_POS] | [EVENT_BEFORE_N/A_ACTUAL_POS] --(BEFORE)--> [EVENT_BEFORE_N/A_ACTUAL_POS] | [EVENT_BEFORE_N/A_ACTUAL_POS] --(BEFORE)--> [EVENT_BEFORE_N/A_ACTUAL_POS],accouchement,BEFORE,reste,[RETOUR],accouchement,BEFORE,poids,[RETOUR],reste,BEFORE,bilan
164,42,FR100283,[EVENT_BEFORE_N/A_ACTUAL_POS] --(BEFORE)--> [EVENT_BEFORE_N/A_ACTUAL_POS] | [EVENT_BEFORE_N/A_ACTUAL_POS] --(BEFORE)--> [EVENT_BEFORE_N/A_ACTUAL_POS] | [EVENT_BEFORE_N/A_ACTUAL_POS] --(BEFORE)--> [EVENT_BEFORE_N/A_ACTUAL_POS],bilan,BEFORE,IRM,[RETOUR],bilan,BEFORE,ponction,[RETOUR],IRM,BEFORE,hypophysiogramme
164,42,FR100344,[EVENT_BEFORE_N/A_ACTUAL_POS] --(BEFORE)--> [EVENT_BEFORE_N/A_ACTUAL_POS] | [EVENT_BEFORE_N/A_ACTUAL_POS] --(BEFORE)--> [EVENT_BEFORE_N/A_ACTUAL_POS] | [EVENT_BEFORE_N/A_ACTUAL_POS] --(BEFORE)--> [EVENT_BEFORE_N/A_ACTUAL_POS],développé,BEFORE,contrôle,[RETOUR],développé,BEFORE,suivie,[RETOUR],contrôle,BEFORE,tombée
164,42,FR100360,[EVENT_BEFORE_N/A_ACTUAL_POS] --(BEFORE)--> [EVENT_BEFORE_N/A_ACTUAL_POS] | [EVENT_BEFORE_N/A_ACTUAL_POS] --(BEFORE)--> [EVENT_BEFORE_N/A_ACTUAL_POS] | [EVENT_BEFORE_N/A_ACTUAL_POS] --(BEFORE)--> [EVENT_BEFORE_N/A_ACTUAL_POS],biopsie,BEFORE,tomodensitométrie,[RETOUR],biopsie,BEFORE,étude,[RETOUR],tomodensitométrie,BEFORE,radiothérapie
164,42,FR100371,[EVENT_BEFORE_N/A_ACTUAL_POS] --(BEFORE)--> [EVENT_BEFORE_N/A_ACTUAL_POS] | [EVENT_BEFORE_N/A_ACTUAL_POS] --(BEFORE)--> [EVENT_BEFORE_N/A_ACTUAL_POS] | [EVENT_BEFORE_N/A_ACTUAL_POS] --(BEFORE)--> [EVENT_BEFORE_N/A_ACTUAL_POS],incision,BEFORE,envoyée,[RETOUR],incision,BEFORE,suite,[RETOUR],envoyée,BEFORE,examen
164,42,FR100400,[EVENT_BEFORE_N/A_ACTUAL_POS] --(BEFORE)--> [EVENT_BEFORE_N/A_ACTUAL_POS] | [EVENT_BEFORE_N/A_ACTUAL_POS] --(BEFORE)--> [EVENT_BEFORE_N/A_ACTUAL_POS] | [EVENT_BEFORE_N/A_ACTUAL_POS] --(BEFORE)--> [EVENT_BEFORE_N/A_ACTUAL_POS],diagnostic,BEFORE,exploration,[RETOUR],diagnostic,BEFORE,opérée,[RETOUR],exploration,BEFORE,résection
164,42,FR100439,[EVENT_BEFORE_N/A_ACTUAL_POS] --(BEFORE)--> [EVENT_BEFORE_N/A_ACTUAL_POS] | [EVENT_BEFORE_N/A_ACTUAL_POS] --(BEFORE)--> [EVENT_BEFORE_N/A_ACTUAL_POS] | [EVENT_BEFORE_N/A_ACTUAL_POS] --(BEFORE)--> [EVENT_BEFORE_N/A_ACTUAL_POS],analyse,BEFORE,demandée,[RETOUR],analyse,BEFORE,exploration,[RETOUR],demandée,BEFORE,déterminer
164,42,FR100480,[EVENT_BEFORE_N/A_ACTUAL_POS] --(BEFORE)--> [EVENT_BEFORE_N/A_ACTUAL_POS] | [EVENT_BEFORE_N/A_ACTUAL_POS] --(BEFORE)--> [EVENT_BEFORE_N/A_ACTUAL_POS] | [EVENT_BEFORE_N/A_ACTUAL_POS] --(BEFORE)--> [EVENT_BEFORE_N/A_ACTUAL_POS],bilan,BEFORE,analyse,[RETOUR],bilan,BEFORE,biopsie,[RETOUR],analyse,BEFORE,amputation
164,42,FR100515,[EVENT_BEFORE_N/A_ACTUAL_POS] --(BEFORE)--> [EVENT_BEFORE_N/A_ACTUAL_POS] | [EVENT_BEFORE_N/A_ACTUAL_POS] --(BEFORE)--> [EVENT_BEFORE_N/A_ACTUAL_POS] | [EVENT_BEFORE_N/A_ACTUAL_POS] --(BEFORE)--> [EVENT_BEFORE_N/A_ACTUAL_POS],testing,BEFORE,dosage,[RETOUR],testing,BEFORE,électromyogramme,[RETOUR],dosage,BEFORE,bilan
164,42,FR100519,[EVENT_BEFORE_N/A_ACTUAL_POS] --(BEFORE)--> [EVENT_BEFORE_N/A_ACTUAL_POS] | [EVENT_BEFORE_N/A_ACTUAL_POS] --(BEFORE)--> [EVENT_BEFORE_N/A_ACTUAL_POS] | [EVENT_BEFORE_N/A_ACTUAL_POS] --(BEFORE)--> [EVENT_BEFORE_N/A_ACTUAL_POS],hospitalisée,BEFORE,entrée,[RETOUR],hospitalisée,BEFORE,transférée,[RETOUR],entrée,BEFORE,bilan
164,42,FR100579,[EVENT_BEFORE_N/A_ACTUAL_POS] --(BEFORE)--> [EVENT_BEFORE_N/A_ACTUAL_POS] | [EVENT_BEFORE_N/A_ACTUAL_POS] --(BEFORE)--> [EVENT_BEFORE_N/A_ACTUAL_POS] | [EVENT_BEFORE_N/A_ACTUAL_POS] --(BEFORE)--> [EVENT_BEFORE_N/A_ACTUAL_POS],échocardiographie,BEFORE,angio-scanner,[RETOUR],échocardiographie,BEFORE,bilan,[RETOUR],angio-scanner,BEFORE,imagerie
164,42,FR100589,[EVENT_BEFORE_N/A_ACTUAL_POS] --(BEFORE)--> [EVENT_BEFORE_N/A_ACTUAL_POS] | [EVENT_BEFORE_N/A_ACTUAL_POS] --(BEFORE)--> [EVENT_BEFORE_N/A_ACTUAL_POS] | [EVENT_BEFORE_N/A_ACTUAL_POS] --(BEFORE)--> [EVENT_BEFORE_N/A_ACTUAL_POS],caryotype,BEFORE,sérologie,[RETOUR],caryotype,BEFORE,biopsie,[RETOUR],sérologie,BEFORE,diagnostic
164,42,FR100597,[EVENT_BEFORE_N/A_ACTUAL_POS] --(BEFORE)--> [EVENT_BEFORE_N/A_ACTUAL_POS] | [EVENT_BEFORE_N/A_ACTUAL_POS] --(BEFORE)--> [EVENT_BEFORE_N/A_ACTUAL_POS] | [EVENT_BEFORE_N/A_ACTUAL_POS] --(BEFORE)--> [EVENT_BEFORE_N/A_ACTUAL_POS],fibroscopie,BEFORE,marqueurs,[RETOUR],fibroscopie,BEFORE,coloscopie,[RETOUR],marqueurs,BEFORE,décidée
164,42,FR100611,[EVENT_BEFORE_N/A_ACTUAL_POS] --(BEFORE)--> [EVENT_BEFORE_N/A_ACTUAL_POS] | [EVENT_BEFORE_N/A_ACTUAL_POS] --(BEFORE)--> [EVENT_BEFORE_N/A_ACTUAL_POS] | [EVENT_BEFORE_N/A_ACTUAL_POS] --(BEFORE)--> [EVENT_BEFORE_N/A_ACTUAL_POS],examen,BEFORE,PCR,[RETOUR],examen,BEFORE,cultures,[RETOUR],PCR,BEFORE,TDM
164,42,FR100614,[EVENT_BEFORE_N/A_ACTUAL_POS] --(BEFORE)--> [EVENT_BEFORE_N/A_ACTUAL_POS] | [EVENT_BEFORE_N/A_ACTUAL_POS] --(BEFORE)--> [EVENT_BEFORE_N/A_ACTUAL_POS] | [EVENT_BEFORE_N/A_ACTUAL_POS] --(BEFORE)--> [EVENT_BEFORE_N/A_ACTUAL_POS],radiographie,BEFORE,taux,[RETOUR],radiographie,BEFORE,échographie,[RETOUR],taux,BEFORE,exploration
164,42,FR100620,[EVENT_BEFORE_N/A_ACTUAL_POS] --(BEFORE)--> [EVENT_BEFORE_N/A_ACTUAL_POS] | [EVENT_BEFORE_N/A_ACTUAL_POS] --(BEFORE)--> [EVENT_BEFORE_N/A_ACTUAL_POS] | [EVENT_BEFORE_N/A_ACTUAL_POS] --(BEFORE)--> [EVENT_BEFORE_N/A_ACTUAL_POS],pleurodèse,BEFORE,biopsie,[RETOUR],pleurodèse,BEFORE,biopsie,[RETOUR],biopsie,BEFORE,prise
164,42,FR100623,[EVENT_BEFORE_N/A_ACTUAL_POS] --(BEFORE)--> [EVENT_BEFORE_N/A_ACTUAL_POS] | [EVENT_BEFORE_N/A_ACTUAL_POS] --(BEFORE)--> [EVENT_BEFORE_N/A_ACTUAL_POS] | [EVENT_BEFORE_N/A_ACTUAL_POS] --(BEFORE)--> [EVENT_BEFORE_N/A_ACTUAL_POS],examen,BEFORE,échographie,[RETOUR],examen,BEFORE,bilan,[RETOUR],échographie,BEFORE,tomodensitométrie
164,42,FR100629,[EVENT_BEFORE_N/A_ACTUAL_POS] --(BEFORE)--> [EVENT_BEFORE_N/A_ACTUAL_POS] | [EVENT_BEFORE_N/A_ACTUAL_POS] --(BEFORE)--> [EVENT_BEFORE_N/A_ACTUAL_POS] | [EVENT_BEFORE_N/A_ACTUAL_POS] --(BEFORE)--> [EVENT_BEFORE_N/A_ACTUAL_POS],radiographie,BEFORE,thoracoscopie,[RETOUR],radiographie,BEFORE,TDM,[RETOUR],thoracoscopie,BEFORE,marquage
164,42,FR100632,[EVENT_BEFORE_N/A_ACTUAL_POS] --(BEFORE)--> [EVENT_BEFORE_N/A_ACTUAL_POS] | [EVENT_BEFORE_N/A_ACTUAL_POS] --(BEFORE)--> [EVENT_BEFORE_N/A_ACTUAL_POS] | [EVENT_BEFORE_N/A_ACTUAL_POS] --(BEFORE)--> [EVENT_BEFORE_N/A_ACTUAL_POS],radiographie,BEFORE,examen,[RETOUR],radiographie,BEFORE,tomodensitométrie,[RETOUR],examen,BEFORE,sérologie
164,42,FR100663,[EVENT_BEFORE_N/A_ACTUAL_POS] --(BEFORE)--> [EVENT_BEFORE_N/A_ACTUAL_POS] | [EVENT_BEFORE_N/A_ACTUAL_POS] --(BEFORE)--> [EVENT_BEFORE_N/A_ACTUAL_POS] | [EVENT_BEFORE_N/A_ACTUAL_POS] --(BEFORE)--> [EVENT_BEFORE_N/A_ACTUAL_POS],ligature,BEFORE,incisée,[RETOUR],ligature,BEFORE,libération,[RETOUR],incisée,BEFORE,vérifié
164,42,FR100666,[EVENT_BEFORE_N/A_ACTUAL_POS] --(BEFORE)--> [EVENT_BEFORE_N/A_ACTUAL_POS] | [EVENT_BEFORE_N/A_ACTUAL_POS] --(BEFORE)--> [EVENT_BEFORE_N/A_ACTUAL_POS] | [EVENT_BEFORE_N/A_ACTUAL_POS] --(BEFORE)--> [EVENT_BEFORE_N/A_ACTUAL_POS],biopsie,BEFORE,étude,[RETOUR],biopsie,BEFORE,examen,[RETOUR],étude,BEFORE,adressé
164,42,FR100688,[EVENT_BEFORE_N/A_ACTUAL_POS] --(BEFORE)--> [EVENT_BEFORE_N/A_ACTUAL_POS] | [EVENT_BEFORE_N/A_ACTUAL_POS] --(BEFORE)--> [EVENT_BEFORE_N/A_ACTUAL_POS] | [EVENT_BEFORE_N/A_ACTUAL_POS] --(BEFORE)--> [EVENT_BEFORE_N/A_ACTUAL_POS],sérologie,BEFORE,radiographie,[RETOUR],sérologie,BEFORE,intradermoréaction,[RETOUR],radiographie,BEFORE,échographie
164,42,FR100689,[EVENT_BEFORE_N/A_ACTUAL_POS] --(BEFORE)--> [EVENT_BEFORE_N/A_ACTUAL_POS] | [EVENT_BEFORE_N/A_ACTUAL_POS] --(BEFORE)--> [EVENT_BEFORE_N/A_ACTUAL_POS] | [EVENT_BEFORE_N/A_ACTUAL_POS] --(BEFORE)--> [EVENT_BEFORE_N/A_ACTUAL_POS],demandé,BEFORE,examen,[RETOUR],demandé,BEFORE,avis,[RETOUR],examen,BEFORE,scanner
164,42,FR100697,[EVENT_BEFORE_N/A_ACTUAL_POS] --(BEFORE)--> [EVENT_BEFORE_N/A_ACTUAL_POS] | [EVENT_BEFORE_N/A_ACTUAL_POS] --(BEFORE)--> [EVENT_BEFORE_N/A_ACTUAL_POS] | [EVENT_BEFORE_N/A_ACTUAL_POS] --(BEFORE)--> [EVENT_BEFORE_N/A_ACTUAL_POS],examen,BEFORE,mammographie,[RETOUR],examen,BEFORE,reste,[RETOUR],mammographie,BEFORE,échographie
164,42,FR100708,[EVENT_BEFORE_N/A_ACTUAL_POS] --(BEFORE)--> [EVENT_BEFORE_N/A_ACTUAL_POS] | [EVENT_BEFORE_N/A_ACTUAL_POS] --(BEFORE)--> [EVENT_BEFORE_N/A_ACTUAL_POS] | [EVENT_BEFORE_N/A_ACTUAL_POS] --(BEFORE)--> [EVENT_BEFORE_N/A_ACTUAL_POS],demandée,BEFORE,tests,[RETOUR],demandée,BEFORE,IRM,[RETOUR],tests,BEFORE,mise
164,42,FR100748,[EVENT_BEFORE_N/A_ACTUAL_POS] --(BEFORE)--> [EVENT_BEFORE_N/A_ACTUAL_POS] | [EVENT_BEFORE_N/A_ACTUAL_POS] --(BEFORE)--> [EVENT_BEFORE_N/A_ACTUAL_POS] | [EVENT_BEFORE_N/A_ACTUAL_POS] --(BEFORE)--> [EVENT_BEFORE_N/A_ACTUAL_POS],mobilisation,BEFORE,suites,[RETOUR],mobilisation,BEFORE,résection,[RETOUR],suites,BEFORE,transférée
164,42,FR100780,[EVENT_BEFORE_N/A_ACTUAL_POS] --(BEFORE)--> [EVENT_BEFORE_N/A_ACTUAL_POS] | [EVENT_BEFORE_N/A_ACTUAL_POS] --(BEFORE)--> [EVENT_BEFORE_N/A_ACTUAL_POS] | [EVENT_BEFORE_N/A_ACTUAL_POS] --(BEFORE)--> [EVENT_BEFORE_N/A_ACTUAL_POS],geste,BEFORE,geste,[RETOUR],geste,BEFORE,accouchement,[RETOUR],geste,BEFORE,geste
164,42,FR100826,[EVENT_BEFORE_N/A_ACTUAL_POS] --(BEFORE)--> [EVENT_BEFORE_N/A_ACTUAL_POS] | [EVENT_BEFORE_N/A_ACTUAL_POS] --(BEFORE)--> [EVENT_BEFORE_N/A_ACTUAL_POS] | [EVENT_BEFORE_N/A_ACTUAL_POS] --(BEFORE)--> [EVENT_BEFORE_N/A_ACTUAL_POS],admis,BEFORE,examen,[RETOUR],admis,BEFORE,don,[RETOUR],examen,BEFORE,bilan
164,42,FR100845,[EVENT_BEFORE_N/A_ACTUAL_POS] --(BEFORE)--> [EVENT_BEFORE_N/A_ACTUAL_POS] | [EVENT_BEFORE_N/A_ACTUAL_POS] --(BEFORE)--> [EVENT_BEFORE_N/A_ACTUAL_POS] | [EVENT_BEFORE_N/A_ACTUAL_POS] --(BEFORE)--> [EVENT_BEFORE_N/A_ACTUAL_POS],extraction,BEFORE,examen,[RETOUR],extraction,BEFORE,Apgar,[RETOUR],examen,BEFORE,examinés
164,42,FR100870,[EVENT_BEFORE_N/A_ACTUAL_POS] --(BEFORE)--> [EVENT_BEFORE_N/A_ACTUAL_POS] | [EVENT_BEFORE_N/A_ACTUAL_POS] --(BEFORE)--> [EVENT_BEFORE_N/A_ACTUAL_POS] | [EVENT_BEFORE_N/A_ACTUAL_POS] --(BEFORE)--> [EVENT_BEFORE_N/A_ACTUAL_POS],immunosoustraction,BEFORE,immunofixation,[RETOUR],immunosoustraction,BEFORE,typer,[RETOUR],immunofixation,BEFORE,bilan
164,42,FR100882,[EVENT_BEFORE_N/A_ACTUAL_POS] --(BEFORE)--> [EVENT_BEFORE_N/A_ACTUAL_POS] | [EVENT_BEFORE_N/A_ACTUAL_POS] --(BEFORE)--> [EVENT_BEFORE_N/A_ACTUAL_POS] | [EVENT_BEFORE_N/A_ACTUAL_POS] --(BEFORE)--> [EVENT_BEFORE_N/A_ACTUAL_POS],laminectomie,BEFORE,Imagerie,[RETOUR],laminectomie,BEFORE,suites,[RETOUR],Imagerie,BEFORE,bilan
164,42,FR100903,[EVENT_BEFORE_N/A_ACTUAL_POS] --(BEFORE)--> [EVENT_BEFORE_N/A_ACTUAL_POS] | [EVENT_BEFORE_N/A_ACTUAL_POS] --(BEFORE)--> [EVENT_BEFORE_N/A_ACTUAL_POS] | [EVENT_BEFORE_N/A_ACTUAL_POS] --(BEFORE)--> [EVENT_BEFORE_N/A_ACTUAL_POS],écarté,BEFORE,contrôles,[RETOUR],écarté,BEFORE,réfléchir,[RETOUR],contrôles,BEFORE,accouchement
164,42,FR100919,[EVENT_BEFORE_N/A_ACTUAL_POS] --(BEFORE)--> [EVENT_BEFORE_N/A_ACTUAL_POS] | [EVENT_BEFORE_N/A_ACTUAL_POS] --(BEFORE)--> [EVENT_BEFORE_N/A_ACTUAL_POS] | [EVENT_BEFORE_N/A_ACTUAL_POS] --(BEFORE)--> [EVENT_BEFORE_N/A_ACTUAL_POS],correction,BEFORE,adressée,[RETOUR],correction,BEFORE,normalisation,[RETOUR],adressée,BEFORE,bilan
164,42,FR100932,[EVENT_BEFORE_N/A_ACTUAL_POS] --(BEFORE)--> [EVENT_BEFORE_N/A_ACTUAL_POS] | [EVENT_BEFORE_N/A_ACTUAL_POS] --(BEFORE)--> [EVENT_BEFORE_N/A_ACTUAL_POS] | [EVENT_BEFORE_N/A_ACTUAL_POS] --(BEFORE)--> [EVENT_BEFORE_N/A_ACTUAL_POS],mise,BEFORE,opérée,[RETOUR],mise,BEFORE,installation,[RETOUR],opérée,BEFORE,évolution
164,42,FR100946,[EVENT_BEFORE_N/A_ACTUAL_POS] --(BEFORE)--> [EVENT_BEFORE_N/A_ACTUAL_POS] | [EVENT_BEFORE_N/A_ACTUAL_POS] --(BEFORE)--> [EVENT_BEFORE_N/A_ACTUAL_POS] | [EVENT_BEFORE_N/A_ACTUAL_POS] --(BEFORE)--> [EVENT_BEFORE_N/A_ACTUAL_POS],mise,BEFORE,analyse,[RETOUR],mise,BEFORE,exérèse,[RETOUR],analyse,BEFORE,mise
10,41,FR100003,[EVENT_BEFORE_N/A_ACTUAL_POS] --(CONTAINS)--> [EVENT_BEFORE_N/A_ACTUAL_POS] | [EVENT_BEFORE_N/A_ACTUAL_POS] --(OVERLAP)--> [EVENT_BEFORE_N/A_ACTUAL_POS],état,CONTAINS,Lexamen,[RETOUR],état,OVERLAP,SaO2,,,,
10,41,FR100078,[EVENT_BEFORE_N/A_ACTUAL_POS] --(CONTAINS)--> [EVENT_BEFORE_N/A_ACTUAL_POS] | [EVENT_BEFORE_N/A_ACTUAL_POS] --(OVERLAP)--> [EVENT_BEFORE_N/A_ACTUAL_POS],ulcères,CONTAINS,hospitalisation,[RETOUR],ulcères,OVERLAP,récidives,,,,
10,41,FR100092,[EVENT_BEFORE_N/A_ACTUAL_POS] --(CONTAINS)--> [EVENT_BEFORE_N/A_ACTUAL_POS] | [EVENT_BEFORE_N/A_ACTUAL_POS] --(OVERLAP)--> [EVENT_BEFORE_N/A_ACTUAL_POS],appendicite,CONTAINS,étude,[RETOUR],appendicite,OVERLAP,réaction,,,,
10,41,FR100120,[EVENT_BEFORE_N/A_ACTUAL_POS] --(CONTAINS)--> [EVENT_BEFORE_N/A_ACTUAL_POS] | [EVENT_BEFORE_N/A_ACTUAL_POS] --(OVERLAP)--> [EVENT_BEFORE_N/A_ACTUAL_POS],traitement,CONTAINS,soins,[RETOUR],traitement,OVERLAP,rattaché,,,,
10,41,FR100130,[EVENT_BEFORE_N/A_ACTUAL_POS] --(CONTAINS)--> [EVENT_BEFORE_N/A_ACTUAL_POS] | [EVENT_BEFORE_N/A_ACTUAL_POS] --(OVERLAP)--> [EVENT_BEFORE_N/A_ACTUAL_POS],réflexes,CONTAINS,examen,[RETOUR],réflexes,OVERLAP,réflexe,,,,
10,41,FR100132,[EVENT_BEFORE_N/A_ACTUAL_POS] --(CONTAINS)--> [EVENT_BEFORE_N/A_ACTUAL_POS] | [EVENT_BEFORE_N/A_ACTUAL_POS] --(OVERLAP)--> [EVENT_BEFORE_N/A_ACTUAL_POS],consultation,CONTAINS,référée,[RETOUR],consultation,OVERLAP,antécédents,,,,
10,41,FR100142,[EVENT_BEFORE_N/A_ACTUAL_POS] --(CONTAINS)--> [EVENT_BEFORE_N/A_ACTUAL_POS] | [EVENT_BEFORE_N/A_ACTUAL_POS] --(OVERLAP)--> [EVENT_BEFORE_N/A_ACTUAL_POS],taux,CONTAINS,passé,[RETOUR],taux,OVERLAP,ferritinémie,,,,
10,41,FR100161,[EVENT_BEFORE_N/A_ACTUAL_POS] --(CONTAINS)--> [EVENT_BEFORE_N/A_ACTUAL_POS] | [EVENT_BEFORE_N/A_ACTUAL_POS] --(OVERLAP)--> [EVENT_BEFORE_N/A_ACTUAL_POS],cytolyse,CONTAINS,examens,[RETOUR],cytolyse,OVERLAP,ASAT,,,,
10,41,FR100168,[EVENT_BEFORE_N/A_ACTUAL_POS] --(CONTAINS)--> [EVENT_BEFORE_N/A_ACTUAL_POS] | [EVENT_BEFORE_N/A_ACTUAL_POS] --(OVERLAP)--> [EVENT_BEFORE_N/A_ACTUAL_POS],entretien,CONTAINS,dévoiler,[RETOUR],entretien,OVERLAP,habitude,,,,
10,41,FR100275,[EVENT_BEFORE_N/A_ACTUAL_POS] --(CONTAINS)--> [EVENT_BEFORE_N/A_ACTUAL_POS] | [EVENT_BEFORE_N/A_ACTUAL_POS] --(OVERLAP)--> [EVENT_BEFORE_N/A_ACTUAL_POS],examen,CONTAINS,pression,[RETOUR],examen,OVERLAP,bilan,,,,
10,41,FR100282,[EVENT_BEFORE_N/A_ACTUAL_POS] --(CONTAINS)--> [EVENT_BEFORE_N/A_ACTUAL_POS] | [EVENT_BEFORE_N/A_ACTUAL_POS] --(OVERLAP)--> [EVENT_BEFORE_N/A_ACTUAL_POS],crises,CONTAINS,soumis,[RETOUR],crises,OVERLAP,oubli,,,,
10,41,FR100296,[EVENT_BEFORE_N/A_ACTUAL_POS] --(CONTAINS)--> [EVENT_BEFORE_N/A_ACTUAL_POS] | [EVENT_BEFORE_N/A_ACTUAL_POS] --(OVERLAP)--> [EVENT_BEFORE_N/A_ACTUAL_POS],émergence,CONTAINS,fenestration,[RETOUR],émergence,OVERLAP,conflit,,,,
10,41,FR100361,[EVENT_BEFORE_N/A_ACTUAL_POS] --(CONTAINS)--> [EVENT_BEFORE_N/A_ACTUAL_POS] | [EVENT_BEFORE_N/A_ACTUAL_POS] --(OVERLAP)--> [EVENT_BEFORE_N/A_ACTUAL_POS],méningo-vascularite,CONTAINS,diagnostic,[RETOUR],méningo-vascularite,OVERLAP,adénome,,,,
10,41,FR100371,[EVENT_BEFORE_N/A_ACTUAL_POS] --(CONTAINS)--> [EVENT_BEFORE_N/A_ACTUAL_POS] | [EVENT_BEFORE_N/A_ACTUAL_POS] --(OVERLAP)--> [EVENT_BEFORE_N/A_ACTUAL_POS],tuméfaction,CONTAINS,examen,[RETOUR],tuméfaction,OVERLAP,palpable,,,,
10,41,FR100400,[EVENT_BEFORE_N/A_ACTUAL_POS] --(CONTAINS)--> [EVENT_BEFORE_N/A_ACTUAL_POS] | [EVENT_BEFORE_N/A_ACTUAL_POS] --(OVERLAP)--> [EVENT_BEFORE_N/A_ACTUAL_POS],suites,CONTAINS,retiré,[RETOUR],suites,OVERLAP,étude,,,,
10,41,FR100517,[EVENT_BEFORE_N/A_ACTUAL_POS] --(CONTAINS)--> [EVENT_BEFORE_N/A_ACTUAL_POS] | [EVENT_BEFORE_N/A_ACTUAL_POS] --(OVERLAP)--> [EVENT_BEFORE_N/A_ACTUAL_POS],bilan,CONTAINS,fibroscopie,[RETOUR],bilan,OVERLAP,amélioration,,,,
10,41,FR100579,[EVENT_BEFORE_N/A_ACTUAL_POS] --(CONTAINS)--> [EVENT_BEFORE_N/A_ACTUAL_POS] | [EVENT_BEFORE_N/A_ACTUAL_POS] --(OVERLAP)--> [EVENT_BEFORE_N/A_ACTUAL_POS],antécédents,CONTAINS,traumatisme,[RETOUR],antécédents,OVERLAP,consulte,,,,
10,41,FR100589,[EVENT_BEFORE_N/A_ACTUAL_POS] --(CONTAINS)--> [EVENT_BEFORE_N/A_ACTUAL_POS] | [EVENT_BEFORE_N/A_ACTUAL_POS] --(OVERLAP)--> [EVENT_BEFORE_N/A_ACTUAL_POS],toux,CONTAINS,hospitalisation,[RETOUR],toux,OVERLAP,douleurs,,,,
10,41,FR100597,[EVENT_BEFORE_N/A_ACTUAL_POS] --(CONTAINS)--> [EVENT_BEFORE_N/A_ACTUAL_POS] | [EVENT_BEFORE_N/A_ACTUAL_POS] --(OVERLAP)--> [EVENT_BEFORE_N/A_ACTUAL_POS],hystérectomie,CONTAINS,annexectomie,[RETOUR],hystérectomie,OVERLAP,examen,,,,
10,41,FR100620,[EVENT_BEFORE_N/A_ACTUAL_POS] --(CONTAINS)--> [EVENT_BEFORE_N/A_ACTUAL_POS] | [EVENT_BEFORE_N/A_ACTUAL_POS] --(OVERLAP)--> [EVENT_BEFORE_N/A_ACTUAL_POS],prise,CONTAINS,corticothérapie,[RETOUR],prise,OVERLAP,sevrage,,,,
10,41,FR100632,[EVENT_BEFORE_N/A_ACTUAL_POS] --(CONTAINS)--> [EVENT_BEFORE_N/A_ACTUAL_POS] | [EVENT_BEFORE_N/A_ACTUAL_POS] --(OVERLAP)--> [EVENT_BEFORE_N/A_ACTUAL_POS],constipation,CONTAINS,admis,[RETOUR],constipation,OVERLAP,apyrexie,,,,
10,41,FR100658,[EVENT_BEFORE_N/A_ACTUAL_POS] --(CONTAINS)--> [EVENT_BEFORE_N/A_ACTUAL_POS] | [EVENT_BEFORE_N/A_ACTUAL_POS] --(OVERLAP)--> [EVENT_BEFORE_N/A_ACTUAL_POS],Opéré,CONTAINS,exérèse,[RETOUR],Opéré,OVERLAP,antécédents,,,,
10,41,FR100666,[EVENT_BEFORE_N/A_ACTUAL_POS] --(CONTAINS)--> [EVENT_BEFORE_N/A_ACTUAL_POS] | [EVENT_BEFORE_N/A_ACTUAL_POS] --(OVERLAP)--> [EVENT_BEFORE_N/A_ACTUAL_POS],traitement,CONTAINS,polychimiothérapie,[RETOUR],traitement,OVERLAP,pris,,,,
10,41,FR100683,[EVENT_BEFORE_N/A_ACTUAL_POS] --(CONTAINS)--> [EVENT_BEFORE_N/A_ACTUAL_POS] | [EVENT_BEFORE_N/A_ACTUAL_POS] --(OVERLAP)--> [EVENT_BEFORE_N/A_ACTUAL_POS],taux,CONTAINS,exploration,[RETOUR],taux,OVERLAP,LH,,,,
10,41,FR100689,[EVENT_BEFORE_N/A_ACTUAL_POS] --(CONTAINS)--> [EVENT_BEFORE_N/A_ACTUAL_POS] | [EVENT_BEFORE_N/A_ACTUAL_POS] --(OVERLAP)--> [EVENT_BEFORE_N/A_ACTUAL_POS],diparésie,CONTAINS,séances,[RETOUR],diparésie,OVERLAP,évolution,,,,
10,41,FR100697,[EVENT_BEFORE_N/A_ACTUAL_POS] --(CONTAINS)--> [EVENT_BEFORE_N/A_ACTUAL_POS] | [EVENT_BEFORE_N/A_ACTUAL_POS] --(OVERLAP)--> [EVENT_BEFORE_N/A_ACTUAL_POS],adénopathies,CONTAINS,échographie,[RETOUR],adénopathies,OVERLAP,épaississement,,,,
10,41,FR100717,[EVENT_BEFORE_N/A_ACTUAL_POS] --(CONTAINS)--> [EVENT_BEFORE_N/A_ACTUAL_POS] | [EVENT_BEFORE_N/A_ACTUAL_POS] --(OVERLAP)--> [EVENT_BEFORE_N/A_ACTUAL_POS],suites,CONTAINS,régression,[RETOUR],suites,OVERLAP,évolution,,,,
10,41,FR100748,[EVENT_BEFORE_N/A_ACTUAL_POS] --(CONTAINS)--> [EVENT_BEFORE_N/A_ACTUAL_POS] | [EVENT_BEFORE_N/A_ACTUAL_POS] --(OVERLAP)--> [EVENT_BEFORE_N/A_ACTUAL_POS],ouverture,CONTAINS,aborder,[RETOUR],ouverture,OVERLAP,libération,,,,
10,41,FR100780,[EVENT_BEFORE_N/A_ACTUAL_POS] --(CONTAINS)--> [EVENT_BEFORE_N/A_ACTUAL_POS] | [EVENT_BEFORE_N/A_ACTUAL_POS] --(OVERLAP)--> [EVENT_BEFORE_N/A_ACTUAL_POS],examen,CONTAINS,température,[RETOUR],examen,OVERLAP,obstétrical,,,,
10,41,FR100849,[EVENT_BEFORE_N/A_ACTUAL_POS] --(CONTAINS)--> [EVENT_BEFORE_N/A_ACTUAL_POS] | [EVENT_BEFORE_N/A_ACTUAL_POS] --(OVERLAP)--> [EVENT_BEFORE_N/A_ACTUAL_POS],admission,CONTAINS,examen,[RETOUR],admission,OVERLAP,pouls,,,,
10,41,FR100870,[EVENT_BEFORE_N/A_ACTUAL_POS] --(CONTAINS)--> [EVENT_BEFORE_N/A_ACTUAL_POS] | [EVENT_BEFORE_N/A_ACTUAL_POS] --(OVERLAP)--> [EVENT_BEFORE_N/A_ACTUAL_POS],trisomie,CONTAINS,étude,[RETOUR],trisomie,OVERLAP,trisomie,,,,
10,41,FR100882,[EVENT_BEFORE_N/A_ACTUAL_POS] --(CONTAINS)--> [EVENT_BEFORE_N/A_ACTUAL_POS] | [EVENT_BEFORE_N/A_ACTUAL_POS] --(OVERLAP)--> [EVENT_BEFORE_N/A_ACTUAL_POS],parésie,CONTAINS,examen,[RETOUR],parésie,OVERLAP,force,,,,
10,41,FR100894,[EVENT_BEFORE_N/A_ACTUAL_POS] --(CONTAINS)--> [EVENT_BEFORE_N/A_ACTUAL_POS] | [EVENT_BEFORE_N/A_ACTUAL_POS] --(OVERLAP)--> [EVENT_BEFORE_N/A_ACTUAL_POS],incision,CONTAINS,décompression,[RETOUR],incision,OVERLAP,rompu,,,,
10,41,FR100903,[EVENT_BEFORE_N/A_ACTUAL_POS] --(CONTAINS)--> [EVENT_BEFORE_N/A_ACTUAL_POS] | [EVENT_BEFORE_N/A_ACTUAL_POS] --(OVERLAP)--> [EVENT_BEFORE_N/A_ACTUAL_POS],protubérance,CONTAINS,échographie,[RETOUR],protubérance,OVERLAP,inversée,,,,
10,41,FR100919,[EVENT_BEFORE_N/A_ACTUAL_POS] --(CONTAINS)--> [EVENT_BEFORE_N/A_ACTUAL_POS] | [EVENT_BEFORE_N/A_ACTUAL_POS] --(OVERLAP)--> [EVENT_BEFORE_N/A_ACTUAL_POS],signes,CONTAINS,bilans,[RETOUR],signes,OVERLAP,prise,,,,
10,41,FR100925,[EVENT_BEFORE_N/A_ACTUAL_POS] --(CONTAINS)--> [EVENT_BEFORE_N/A_ACTUAL_POS] | [EVENT_BEFORE_N/A_ACTUAL_POS] --(OVERLAP)--> [EVENT_BEFORE_N/A_ACTUAL_POS],infection,CONTAINS,bilan,[RETOUR],infection,OVERLAP,Ac,,,,
10,41,FR100996,[EVENT_BEFORE_N/A_ACTUAL_POS] --(CONTAINS)--> [EVENT_BEFORE_N/A_ACTUAL_POS] | [EVENT_BEFORE_N/A_ACTUAL_POS] --(OVERLAP)--> [EVENT_BEFORE_N/A_ACTUAL_POS],hernie,CONTAINS,retenu,[RETOUR],hernie,OVERLAP,signe,,,,
180,40,FR100003,[EVENT_BEFORE_N/A_ACTUAL_POS] --(BEFORE)--> [EVENT_BEFORE_N/A_ACTUAL_POS] | [EVENT_BEFORE_N/A_ACTUAL_POS] --(SIMULTANEOUS)--> [EVENT_BEFORE_N/A_ACTUAL_POS],drainage,BEFORE,traitement,SIMULTANEOUS,nécessaire,,,,,,
180,40,FR100120,[EVENT_BEFORE_N/A_ACTUAL_POS] --(BEFORE)--> [EVENT_BEFORE_N/A_ACTUAL_POS] | [EVENT_BEFORE_N/A_ACTUAL_POS] --(SIMULTANEOUS)--> [EVENT_BEFORE_N/A_ACTUAL_POS],reste,BEFORE,traitement,SIMULTANEOUS,inefficace,,,,,,
180,40,FR100130,[EVENT_BEFORE_N/A_ACTUAL_POS] --(BEFORE)--> [EVENT_BEFORE_N/A_ACTUAL_POS] | [EVENT_BEFORE_N/A_ACTUAL_POS] --(SIMULTANEOUS)--> [EVENT_BEFORE_N/A_ACTUAL_POS],administrées,BEFORE,reçu,SIMULTANEOUS,cures,,,,,,
180,40,FR100142,[EVENT_BEFORE_N/A_ACTUAL_POS] --(BEFORE)--> [EVENT_BEFORE_N/A_ACTUAL_POS] | [EVENT_BEFORE_N/A_ACTUAL_POS] --(SIMULTANEOUS)--> [EVENT_BEFORE_N/A_ACTUAL_POS],biopsie,BEFORE,mis,SIMULTANEOUS,quadrithérapie,,,,,,
180,40,FR100161,[EVENT_BEFORE_N/A_ACTUAL_POS] --(BEFORE)--> [EVENT_BEFORE_N/A_ACTUAL_POS] | [EVENT_BEFORE_N/A_ACTUAL_POS] --(SIMULTANEOUS)--> [EVENT_BEFORE_N/A_ACTUAL_POS],cortisol,BEFORE,exérèse,SIMULTANEOUS,laparotomie,,,,,,
180,40,FR100168,[EVENT_BEFORE_N/A_ACTUAL_POS] --(BEFORE)--> [EVENT_BEFORE_N/A_ACTUAL_POS] | [EVENT_BEFORE_N/A_ACTUAL_POS] --(SIMULTANEOUS)--> [EVENT_BEFORE_N/A_ACTUAL_POS],administrées,BEFORE,suites,SIMULTANEOUS,simples,,,,,,
180,40,FR100275,[EVENT_BEFORE_N/A_ACTUAL_POS] --(BEFORE)--> [EVENT_BEFORE_N/A_ACTUAL_POS] | [EVENT_BEFORE_N/A_ACTUAL_POS] --(SIMULTANEOUS)--> [EVENT_BEFORE_N/A_ACTUAL_POS],pris,BEFORE,trouvée,SIMULTANEOUS,découverte,,,,,,
180,40,FR100276,[EVENT_BEFORE_N/A_ACTUAL_POS] --(BEFORE)--> [EVENT_BEFORE_N/A_ACTUAL_POS] | [EVENT_BEFORE_N/A_ACTUAL_POS] --(SIMULTANEOUS)--> [EVENT_BEFORE_N/A_ACTUAL_POS],bilan,BEFORE,régression,SIMULTANEOUS,rapide,,,,,,
180,40,FR100282,[EVENT_BEFORE_N/A_ACTUAL_POS] --(BEFORE)--> [EVENT_BEFORE_N/A_ACTUAL_POS] | [EVENT_BEFORE_N/A_ACTUAL_POS] --(SIMULTANEOUS)--> [EVENT_BEFORE_N/A_ACTUAL_POS],monothérapie,BEFORE,multithérapie,SIMULTANEOUS,administrée,,,,,,
180,40,FR100283,[EVENT_BEFORE_N/A_ACTUAL_POS] --(BEFORE)--> [EVENT_BEFORE_N/A_ACTUAL_POS] | [EVENT_BEFORE_N/A_ACTUAL_POS] --(SIMULTANEOUS)--> [EVENT_BEFORE_N/A_ACTUAL_POS],traitement,BEFORE,évolution,SIMULTANEOUS,favorable,,,,,,
180,40,FR100296,[EVENT_BEFORE_N/A_ACTUAL_POS] --(BEFORE)--> [EVENT_BEFORE_N/A_ACTUAL_POS] | [EVENT_BEFORE_N/A_ACTUAL_POS] --(SIMULTANEOUS)--> [EVENT_BEFORE_N/A_ACTUAL_POS],fenestration,BEFORE,suites,SIMULTANEOUS,simples,,,,,,
180,40,FR100344,[EVENT_BEFORE_N/A_ACTUAL_POS] --(BEFORE)--> [EVENT_BEFORE_N/A_ACTUAL_POS] | [EVENT_BEFORE_N/A_ACTUAL_POS] --(SIMULTANEOUS)--> [EVENT_BEFORE_N/A_ACTUAL_POS],contrôle,BEFORE,échographies,SIMULTANEOUS,difficiles,,,,,,
180,40,FR100346,[EVENT_BEFORE_N/A_ACTUAL_POS] --(BEFORE)--> [EVENT_BEFORE_N/A_ACTUAL_POS] | [EVENT_BEFORE_N/A_ACTUAL_POS] --(SIMULTANEOUS)--> [EVENT_BEFORE_N/A_ACTUAL_POS],gazométrie,BEFORE,reste,SIMULTANEOUS,normal,,,,,,
180,40,FR100361,[EVENT_BEFORE_N/A_ACTUAL_POS] --(BEFORE)--> [EVENT_BEFORE_N/A_ACTUAL_POS] | [EVENT_BEFORE_N/A_ACTUAL_POS] --(SIMULTANEOUS)--> [EVENT_BEFORE_N/A_ACTUAL_POS],culture,BEFORE,protéine,SIMULTANEOUS,CRP,,,,,,
180,40,FR100371,[EVENT_BEFORE_N/A_ACTUAL_POS] --(BEFORE)--> [EVENT_BEFORE_N/A_ACTUAL_POS] | [EVENT_BEFORE_N/A_ACTUAL_POS] --(SIMULTANEOUS)--> [EVENT_BEFORE_N/A_ACTUAL_POS],incision,BEFORE,suite,SIMULTANEOUS,simple,,,,,,
180,40,FR100400,[EVENT_BEFORE_N/A_ACTUAL_POS] --(BEFORE)--> [EVENT_BEFORE_N/A_ACTUAL_POS] | [EVENT_BEFORE_N/A_ACTUAL_POS] --(SIMULTANEOUS)--> [EVENT_BEFORE_N/A_ACTUAL_POS],résection,BEFORE,suites,SIMULTANEOUS,favorables,,,,,,
180,40,FR100439,[EVENT_BEFORE_N/A_ACTUAL_POS] --(BEFORE)--> [EVENT_BEFORE_N/A_ACTUAL_POS] | [EVENT_BEFORE_N/A_ACTUAL_POS] --(SIMULTANEOUS)--> [EVENT_BEFORE_N/A_ACTUAL_POS],demandée,BEFORE,Tomographie,SIMULTANEOUS,TEP,,,,,,
180,40,FR100515,[EVENT_BEFORE_N/A_ACTUAL_POS] --(BEFORE)--> [EVENT_BEFORE_N/A_ACTUAL_POS] | [EVENT_BEFORE_N/A_ACTUAL_POS] --(SIMULTANEOUS)--> [EVENT_BEFORE_N/A_ACTUAL_POS],corticothérapie,BEFORE,corticothérapie,SIMULTANEOUS,méthotrexate,,,,,,
180,40,FR100517,[EVENT_BEFORE_N/A_ACTUAL_POS] --(BEFORE)--> [EVENT_BEFORE_N/A_ACTUAL_POS] | [EVENT_BEFORE_N/A_ACTUAL_POS] --(SIMULTANEOUS)--> [EVENT_BEFORE_N/A_ACTUAL_POS],radiographie,BEFORE,tomodensitométrie,SIMULTANEOUS,coupes,,,,,,
180,40,FR100519,[EVENT_BEFORE_N/A_ACTUAL_POS] --(BEFORE)--> [EVENT_BEFORE_N/A_ACTUAL_POS] | [EVENT_BEFORE_N/A_ACTUAL_POS] --(SIMULTANEOUS)--> [EVENT_BEFORE_N/A_ACTUAL_POS],persistance,BEFORE,tomodensitométrie,SIMULTANEOUS,TDM,,,,,,
180,40,FR100597,[EVENT_BEFORE_N/A_ACTUAL_POS] --(BEFORE)--> [EVENT_BEFORE_N/A_ACTUAL_POS] | [EVENT_BEFORE_N/A_ACTUAL_POS] --(SIMULTANEOUS)--> [EVENT_BEFORE_N/A_ACTUAL_POS],échographie,BEFORE,complété,SIMULTANEOUS,scanner,,,,,,
180,40,FR100603,[EVENT_BEFORE_N/A_ACTUAL_POS] --(BEFORE)--> [EVENT_BEFORE_N/A_ACTUAL_POS] | [EVENT_BEFORE_N/A_ACTUAL_POS] --(SIMULTANEOUS)--> [EVENT_BEFORE_N/A_ACTUAL_POS],hémocultures,BEFORE,évolution,SIMULTANEOUS,favorable,,,,,,
180,40,FR100614,[EVENT_BEFORE_N/A_ACTUAL_POS] --(BEFORE)--> [EVENT_BEFORE_N/A_ACTUAL_POS] | [EVENT_BEFORE_N/A_ACTUAL_POS] --(SIMULTANEOUS)--> [EVENT_BEFORE_N/A_ACTUAL_POS],rupture,BEFORE,intervention,SIMULTANEOUS,mesures,,,,,,
180,40,FR100629,[EVENT_BEFORE_N/A_ACTUAL_POS] --(BEFORE)--> [EVENT_BEFORE_N/A_ACTUAL_POS] | [EVENT_BEFORE_N/A_ACTUAL_POS] --(SIMULTANEOUS)--> [EVENT_BEFORE_N/A_ACTUAL_POS],radiographie,BEFORE,TDM,SIMULTANEOUS,tomodensitométrie,,,,,,
180,40,FR100658,[EVENT_BEFORE_N/A_ACTUAL_POS] --(BEFORE)--> [EVENT_BEFORE_N/A_ACTUAL_POS] | [EVENT_BEFORE_N/A_ACTUAL_POS] --(SIMULTANEOUS)--> [EVENT_BEFORE_N/A_ACTUAL_POS],laryngoscopie,BEFORE,tomodensitométrie,SIMULTANEOUS,TDM,,,,,,
180,40,FR100688,[EVENT_BEFORE_N/A_ACTUAL_POS] --(BEFORE)--> [EVENT_BEFORE_N/A_ACTUAL_POS] | [EVENT_BEFORE_N/A_ACTUAL_POS] --(SIMULTANEOUS)--> [EVENT_BEFORE_N/A_ACTUAL_POS],traitement,BEFORE,évolution,SIMULTANEOUS,favorable,,,,,,
180,40,FR100689,[EVENT_BEFORE_N/A_ACTUAL_POS] --(BEFORE)--> [EVENT_BEFORE_N/A_ACTUAL_POS] | [EVENT_BEFORE_N/A_ACTUAL_POS] --(SIMULTANEOUS)--> [EVENT_BEFORE_N/A_ACTUAL_POS],traitement,BEFORE,bithérapie,SIMULTANEOUS,traitement,,,,,,
180,40,FR100717,[EVENT_BEFORE_N/A_ACTUAL_POS] --(BEFORE)--> [EVENT_BEFORE_N/A_ACTUAL_POS] | [EVENT_BEFORE_N/A_ACTUAL_POS] --(SIMULTANEOUS)--> [EVENT_BEFORE_N/A_ACTUAL_POS],exploration,BEFORE,suites,SIMULTANEOUS,simples,,,,,,
180,40,FR100748,[EVENT_BEFORE_N/A_ACTUAL_POS] --(BEFORE)--> [EVENT_BEFORE_N/A_ACTUAL_POS] | [EVENT_BEFORE_N/A_ACTUAL_POS] --(SIMULTANEOUS)--> [EVENT_BEFORE_N/A_ACTUAL_POS],préparation,BEFORE,salle,SIMULTANEOUS,intervention,,,,,,
180,40,FR100780,[EVENT_BEFORE_N/A_ACTUAL_POS] --(BEFORE)--> [EVENT_BEFORE_N/A_ACTUAL_POS] | [EVENT_BEFORE_N/A_ACTUAL_POS] --(SIMULTANEOUS)--> [EVENT_BEFORE_N/A_ACTUAL_POS],geste,BEFORE,geste,SIMULTANEOUS,grossesse,,,,,,
180,40,FR100806,[EVENT_BEFORE_N/A_ACTUAL_POS] --(BEFORE)--> [EVENT_BEFORE_N/A_ACTUAL_POS] | [EVENT_BEFORE_N/A_ACTUAL_POS] --(SIMULTANEOUS)--> [EVENT_BEFORE_N/A_ACTUAL_POS],examen,BEFORE,suites,SIMULTANEOUS,simples,,,,,,
180,40,FR100826,[EVENT_BEFORE_N/A_ACTUAL_POS] --(BEFORE)--> [EVENT_BEFORE_N/A_ACTUAL_POS] | [EVENT_BEFORE_N/A_ACTUAL_POS] --(SIMULTANEOUS)--> [EVENT_BEFORE_N/A_ACTUAL_POS],exploration,BEFORE,suites,SIMULTANEOUS,simples,,,,,,
180,40,FR100845,[EVENT_BEFORE_N/A_ACTUAL_POS] --(BEFORE)--> [EVENT_BEFORE_N/A_ACTUAL_POS] | [EVENT_BEFORE_N/A_ACTUAL_POS] --(SIMULTANEOUS)--> [EVENT_BEFORE_N/A_ACTUAL_POS],décision,BEFORE,extraction,SIMULTANEOUS,difficile,,,,,,
180,40,FR100849,[EVENT_BEFORE_N/A_ACTUAL_POS] --(BEFORE)--> [EVENT_BEFORE_N/A_ACTUAL_POS] | [EVENT_BEFORE_N/A_ACTUAL_POS] --(SIMULTANEOUS)--> [EVENT_BEFORE_N/A_ACTUAL_POS],admission,BEFORE,tomodensitométrie,SIMULTANEOUS,TDM,,,,,,
180,40,FR100870,[EVENT_BEFORE_N/A_ACTUAL_POS] --(BEFORE)--> [EVENT_BEFORE_N/A_ACTUAL_POS] | [EVENT_BEFORE_N/A_ACTUAL_POS] --(SIMULTANEOUS)--> [EVENT_BEFORE_N/A_ACTUAL_POS],dosage,BEFORE,étude,SIMULTANEOUS,FISH,,,,,,
180,40,FR100882,[EVENT_BEFORE_N/A_ACTUAL_POS] --(BEFORE)--> [EVENT_BEFORE_N/A_ACTUAL_POS] | [EVENT_BEFORE_N/A_ACTUAL_POS] --(SIMULTANEOUS)--> [EVENT_BEFORE_N/A_ACTUAL_POS],laminectomie,BEFORE,Imagerie,SIMULTANEOUS,IRM,,,,,,
180,40,FR100894,[EVENT_BEFORE_N/A_ACTUAL_POS] --(BEFORE)--> [EVENT_BEFORE_N/A_ACTUAL_POS] | [EVENT_BEFORE_N/A_ACTUAL_POS] --(SIMULTANEOUS)--> [EVENT_BEFORE_N/A_ACTUAL_POS],ressentir,BEFORE,entendu,SIMULTANEOUS,claquement,,,,,,
180,40,FR100921,[EVENT_BEFORE_N/A_ACTUAL_POS] --(BEFORE)--> [EVENT_BEFORE_N/A_ACTUAL_POS] | [EVENT_BEFORE_N/A_ACTUAL_POS] --(SIMULTANEOUS)--> [EVENT_BEFORE_N/A_ACTUAL_POS],palpation,BEFORE,imagerie,SIMULTANEOUS,IRM,,,,,,
180,40,FR100932,[EVENT_BEFORE_N/A_ACTUAL_POS] --(BEFORE)--> [EVENT_BEFORE_N/A_ACTUAL_POS] | [EVENT_BEFORE_N/A_ACTUAL_POS] --(SIMULTANEOUS)--> [EVENT_BEFORE_N/A_ACTUAL_POS],mise,BEFORE,imagerie,SIMULTANEOUS,IRM,,,,,,
180,40,FR100959,[EVENT_BEFORE_N/A_ACTUAL_POS] --(BEFORE)--> [EVENT_BEFORE_N/A_ACTUAL_POS] | [EVENT_BEFORE_N/A_ACTUAL_POS] --(SIMULTANEOUS)--> [EVENT_BEFORE_N/A_ACTUAL_POS],œsophagoscopie,BEFORE,Transit,SIMULTANEOUS,TOGD,,,,,,
