ID_Motif,Support,Document,Structure_Abstraite,Mot_1,Relation_1,Mot_2,Relation_2,Mot_3,Relation_3,Mot_4,Relation_4,Mot_5,Relation_5,Mot_6
14,71,FR100003,[EVENT_BEFORE_N/A_ACTUAL_POS] --(CONTAINS)--> [EVENT_BEFORE_N/A_ACTUAL_POS] | [EVENT_BEFORE_N/A_ACTUAL_POS] --(BEFORE)--> [EVENT_BEFORE_N/A_ACTUAL_POS],mixte,CONTAINS,examen,BEFORE,antibiothérapie,,,,,,
14,71,FR100078,[EVENT_BEFORE_N/A_ACTUAL_POS] --(CONTAINS)--> [EVENT_BEFORE_N/A_ACTUAL_POS] | [EVENT_BEFORE_N/A_ACTUAL_POS] --(BEFORE)--> [EVENT_BEFORE_N/A_ACTUAL_POS],signes,CONTAINS,diagnostic,BEFORE,traitements,,,,,,
14,71,FR100092,[EVENT_BEFORE_N/A_ACTUAL_POS] --(CONTAINS)--> [EVENT_BEFORE_N/A_ACTUAL_POS] | [EVENT_BEFORE_N/A_ACTUAL_POS] --(BEFORE)--> [EVENT_BEFORE_N/A_ACTUAL_POS],normal,CONTAINS,échographie,BEFORE,tableau,,,,,,
14,71,FR100120,[EVENT_BEFORE_N/A_ACTUAL_POS] --(CONTAINS)--> [EVENT_BEFORE_N/A_ACTUAL_POS] | [EVENT_BEFORE_N/A_ACTUAL_POS] --(BEFORE)--> [EVENT_BEFORE_N/A_ACTUAL_POS],examen,CONTAINS,reste,BEFORE,bilan,,,,,,
14,71,FR100130,[EVENT_BEFORE_N/A_ACTUAL_POS] --(CONTAINS)--> [EVENT_BEFORE_N/A_ACTUAL_POS] | [EVENT_BEFORE_N/A_ACTUAL_POS] --(BEFORE)--> [EVENT_BEFORE_N/A_ACTUAL_POS],sensibilité,CONTAINS,examen,BEFORE,biologie,,,,,,
14,71,FR100132,[EVENT_BEFORE_N/A_ACTUAL_POS] --(CONTAINS)--> [EVENT_BEFORE_N/A_ACTUAL_POS] | [EVENT_BEFORE_N/A_ACTUAL_POS] --(BEFORE)--> [EVENT_BEFORE_N/A_ACTUAL_POS],baisse,CONTAINS,consultation,BEFORE,examen,,,,,,
14,71,FR100142,[EVENT_BEFORE_N/A_ACTUAL_POS] --(CONTAINS)--> [EVENT_BEFORE_N/A_ACTUAL_POS] | [EVENT_BEFORE_N/A_ACTUAL_POS] --(BEFORE)--> [EVENT_BEFORE_N/A_ACTUAL_POS],prolifération,CONTAINS,biopsie,BEFORE,étude,,,,,,
14,71,FR100161,[EVENT_BEFORE_N/A_ACTUAL_POS] --(CONTAINS)--> [EVENT_BEFORE_N/A_ACTUAL_POS] | [EVENT_BEFORE_N/A_ACTUAL_POS] --(BEFORE)--> [EVENT_BEFORE_N/A_ACTUAL_POS],sérologie,CONTAINS,examens,BEFORE,radiographie,,,,,,
14,71,FR100168,[EVENT_BEFORE_N/A_ACTUAL_POS] --(CONTAINS)--> [EVENT_BEFORE_N/A_ACTUAL_POS] | [EVENT_BEFORE_N/A_ACTUAL_POS] --(BEFORE)--> [EVENT_BEFORE_N/A_ACTUAL_POS],hémoglobine,CONTAINS,bilan,BEFORE,tests,,,,,,
14,71,FR100185,[EVENT_BEFORE_N/A_ACTUAL_POS] --(CONTAINS)--> [EVENT_BEFORE_N/A_ACTUAL_POS] | [EVENT_BEFORE_N/A_ACTUAL_POS] --(BEFORE)--> [EVENT_BEFORE_N/A_ACTUAL_POS],abolition,CONTAINS,Electromyogramme,BEFORE,IRM,,,,,,
14,71,FR100255,[EVENT_BEFORE_N/A_ACTUAL_POS] --(CONTAINS)--> [EVENT_BEFORE_N/A_ACTUAL_POS] | [EVENT_BEFORE_N/A_ACTUAL_POS] --(BEFORE)--> [EVENT_BEFORE_N/A_ACTUAL_POS],fréquence,CONTAINS,examen,BEFORE,examen,,,,,,
14,71,FR100275,[EVENT_BEFORE_N/A_ACTUAL_POS] --(CONTAINS)--> [EVENT_BEFORE_N/A_ACTUAL_POS] | [EVENT_BEFORE_N/A_ACTUAL_POS] --(BEFORE)--> [EVENT_BEFORE_N/A_ACTUAL_POS],mort,CONTAINS,établi,BEFORE,manœuvres,,,,,,
14,71,FR100276,[EVENT_BEFORE_N/A_ACTUAL_POS] --(CONTAINS)--> [EVENT_BEFORE_N/A_ACTUAL_POS] | [EVENT_BEFORE_N/A_ACTUAL_POS] --(BEFORE)--> [EVENT_BEFORE_N/A_ACTUAL_POS],signe,CONTAINS,posé,BEFORE,application,,,,,,
14,71,FR100282,[EVENT_BEFORE_N/A_ACTUAL_POS] --(CONTAINS)--> [EVENT_BEFORE_N/A_ACTUAL_POS] | [EVENT_BEFORE_N/A_ACTUAL_POS] --(BEFORE)--> [EVENT_BEFORE_N/A_ACTUAL_POS],crises,CONTAINS,soumis,BEFORE,consultation,,,,,,
14,71,FR100283,[EVENT_BEFORE_N/A_ACTUAL_POS] --(CONTAINS)--> [EVENT_BEFORE_N/A_ACTUAL_POS] | [EVENT_BEFORE_N/A_ACTUAL_POS] --(BEFORE)--> [EVENT_BEFORE_N/A_ACTUAL_POS],processus,CONTAINS,IRM,BEFORE,hypophysiogramme,,,,,,
14,71,FR100296,[EVENT_BEFORE_N/A_ACTUAL_POS] --(CONTAINS)--> [EVENT_BEFORE_N/A_ACTUAL_POS] | [EVENT_BEFORE_N/A_ACTUAL_POS] --(BEFORE)--> [EVENT_BEFORE_N/A_ACTUAL_POS],émergence,CONTAINS,fenestration,BEFORE,suites,,,,,,
14,71,FR100314,[EVENT_BEFORE_N/A_ACTUAL_POS] --(CONTAINS)--> [EVENT_BEFORE_N/A_ACTUAL_POS] | [EVENT_BEFORE_N/A_ACTUAL_POS] --(BEFORE)--> [EVENT_BEFORE_N/A_ACTUAL_POS],hospitalisation,CONTAINS,signes,BEFORE,angio-scanner,,,,,,
14,71,FR100344,[EVENT_BEFORE_N/A_ACTUAL_POS] --(CONTAINS)--> [EVENT_BEFORE_N/A_ACTUAL_POS] | [EVENT_BEFORE_N/A_ACTUAL_POS] --(BEFORE)--> [EVENT_BEFORE_N/A_ACTUAL_POS],insuffisance,CONTAINS,développé,BEFORE,contrôle,,,,,,
14,71,FR100346,[EVENT_BEFORE_N/A_ACTUAL_POS] --(CONTAINS)--> [EVENT_BEFORE_N/A_ACTUAL_POS] | [EVENT_BEFORE_N/A_ACTUAL_POS] --(BEFORE)--> [EVENT_BEFORE_N/A_ACTUAL_POS],lésions,CONTAINS,angioscanner,BEFORE,echo-dopler,,,,,,
14,71,FR100360,[EVENT_BEFORE_N/A_ACTUAL_POS] --(CONTAINS)--> [EVENT_BEFORE_N/A_ACTUAL_POS] | [EVENT_BEFORE_N/A_ACTUAL_POS] --(BEFORE)--> [EVENT_BEFORE_N/A_ACTUAL_POS],colpohystérectomie,CONTAINS,curage,BEFORE,radiothérapie,,,,,,
14,71,FR100361,[EVENT_BEFORE_N/A_ACTUAL_POS] --(CONTAINS)--> [EVENT_BEFORE_N/A_ACTUAL_POS] | [EVENT_BEFORE_N/A_ACTUAL_POS] --(BEFORE)--> [EVENT_BEFORE_N/A_ACTUAL_POS],englobe,CONTAINS,TDM,BEFORE,ponction,,,,,,
14,71,FR100371,[EVENT_BEFORE_N/A_ACTUAL_POS] --(CONTAINS)--> [EVENT_BEFORE_N/A_ACTUAL_POS] | [EVENT_BEFORE_N/A_ACTUAL_POS] --(BEFORE)--> [EVENT_BEFORE_N/A_ACTUAL_POS],nombre,CONTAINS,bilan,BEFORE,bilan,,,,,,
14,71,FR100400,[EVENT_BEFORE_N/A_ACTUAL_POS] --(CONTAINS)--> [EVENT_BEFORE_N/A_ACTUAL_POS] | [EVENT_BEFORE_N/A_ACTUAL_POS] --(BEFORE)--> [EVENT_BEFORE_N/A_ACTUAL_POS],anictérique,CONTAINS,examen,BEFORE,bilan,,,,,,
14,71,FR100439,[EVENT_BEFORE_N/A_ACTUAL_POS] --(CONTAINS)--> [EVENT_BEFORE_N/A_ACTUAL_POS] | [EVENT_BEFORE_N/A_ACTUAL_POS] --(BEFORE)--> [EVENT_BEFORE_N/A_ACTUAL_POS],adénopathie,CONTAINS,IRM,BEFORE,scanner,,,,,,
14,71,FR100453,[EVENT_BEFORE_N/A_ACTUAL_POS] --(CONTAINS)--> [EVENT_BEFORE_N/A_ACTUAL_POS] | [EVENT_BEFORE_N/A_ACTUAL_POS] --(BEFORE)--> [EVENT_BEFORE_N/A_ACTUAL_POS],développement,CONTAINS,examen,BEFORE,radiographies,,,,,,
14,71,FR100480,[EVENT_BEFORE_N/A_ACTUAL_POS] --(CONTAINS)--> [EVENT_BEFORE_N/A_ACTUAL_POS] | [EVENT_BEFORE_N/A_ACTUAL_POS] --(BEFORE)--> [EVENT_BEFORE_N/A_ACTUAL_POS],extension,CONTAINS,imagerie,BEFORE,bilan,,,,,,
14,71,FR100510,[EVENT_BEFORE_N/A_ACTUAL_POS] --(CONTAINS)--> [EVENT_BEFORE_N/A_ACTUAL_POS] | [EVENT_BEFORE_N/A_ACTUAL_POS] --(BEFORE)--> [EVENT_BEFORE_N/A_ACTUAL_POS],sensation,CONTAINS,examen,BEFORE,radiographie,,,,,,
14,71,FR100515,[EVENT_BEFORE_N/A_ACTUAL_POS] --(CONTAINS)--> [EVENT_BEFORE_N/A_ACTUAL_POS] | [EVENT_BEFORE_N/A_ACTUAL_POS] --(BEFORE)--> [EVENT_BEFORE_N/A_ACTUAL_POS],atteinte,CONTAINS,testing,BEFORE,dosage,,,,,,
14,71,FR100517,[EVENT_BEFORE_N/A_ACTUAL_POS] --(CONTAINS)--> [EVENT_BEFORE_N/A_ACTUAL_POS] | [EVENT_BEFORE_N/A_ACTUAL_POS] --(BEFORE)--> [EVENT_BEFORE_N/A_ACTUAL_POS],enzymes,CONTAINS,bilan,BEFORE,électromyogramme,,,,,,
14,71,FR100519,[EVENT_BEFORE_N/A_ACTUAL_POS] --(CONTAINS)--> [EVENT_BEFORE_N/A_ACTUAL_POS] | [EVENT_BEFORE_N/A_ACTUAL_POS] --(BEFORE)--> [EVENT_BEFORE_N/A_ACTUAL_POS],embolie,CONTAINS,angioscanner,BEFORE,échodoppler,,,,,,
14,71,FR100579,[EVENT_BEFORE_N/A_ACTUAL_POS] --(CONTAINS)--> [EVENT_BEFORE_N/A_ACTUAL_POS] | [EVENT_BEFORE_N/A_ACTUAL_POS] --(BEFORE)--> [EVENT_BEFORE_N/A_ACTUAL_POS],processus,CONTAINS,échocardiographie,BEFORE,bilan,,,,,,
14,71,FR100589,[EVENT_BEFORE_N/A_ACTUAL_POS] --(CONTAINS)--> [EVENT_BEFORE_N/A_ACTUAL_POS] | [EVENT_BEFORE_N/A_ACTUAL_POS] --(BEFORE)--> [EVENT_BEFORE_N/A_ACTUAL_POS],contexte,CONTAINS,rechercher,BEFORE,bronchoscopie,,,,,,
14,71,FR100597,[EVENT_BEFORE_N/A_ACTUAL_POS] --(CONTAINS)--> [EVENT_BEFORE_N/A_ACTUAL_POS] | [EVENT_BEFORE_N/A_ACTUAL_POS] --(BEFORE)--> [EVENT_BEFORE_N/A_ACTUAL_POS],intervention,CONTAINS,exploration,BEFORE,étayer,,,,,,
14,71,FR100603,[EVENT_BEFORE_N/A_ACTUAL_POS] --(CONTAINS)--> [EVENT_BEFORE_N/A_ACTUAL_POS] | [EVENT_BEFORE_N/A_ACTUAL_POS] --(BEFORE)--> [EVENT_BEFORE_N/A_ACTUAL_POS],staphylococcus,CONTAINS,hémocultures,BEFORE,évolution,,,,,,
14,71,FR100611,[EVENT_BEFORE_N/A_ACTUAL_POS] --(CONTAINS)--> [EVENT_BEFORE_N/A_ACTUAL_POS] | [EVENT_BEFORE_N/A_ACTUAL_POS] --(BEFORE)--> [EVENT_BEFORE_N/A_ACTUAL_POS],anémie,CONTAINS,hémogramme,BEFORE,ionogramme,,,,,,
14,71,FR100614,[EVENT_BEFORE_N/A_ACTUAL_POS] --(CONTAINS)--> [EVENT_BEFORE_N/A_ACTUAL_POS] | [EVENT_BEFORE_N/A_ACTUAL_POS] --(BEFORE)--> [EVENT_BEFORE_N/A_ACTUAL_POS],masse,CONTAINS,tomodensitométrie,BEFORE,radiographie,,,,,,
14,71,FR100620,[EVENT_BEFORE_N/A_ACTUAL_POS] --(CONTAINS)--> [EVENT_BEFORE_N/A_ACTUAL_POS] | [EVENT_BEFORE_N/A_ACTUAL_POS] --(BEFORE)--> [EVENT_BEFORE_N/A_ACTUAL_POS],hippocratisme,CONTAINS,examen,BEFORE,radiographie,,,,,,
14,71,FR100623,[EVENT_BEFORE_N/A_ACTUAL_POS] --(CONTAINS)--> [EVENT_BEFORE_N/A_ACTUAL_POS] | [EVENT_BEFORE_N/A_ACTUAL_POS] --(BEFORE)--> [EVENT_BEFORE_N/A_ACTUAL_POS],disposition,CONTAINS,tomodensitométrie,BEFORE,retenu,,,,,,
14,71,FR100629,[EVENT_BEFORE_N/A_ACTUAL_POS] --(CONTAINS)--> [EVENT_BEFORE_N/A_ACTUAL_POS] | [EVENT_BEFORE_N/A_ACTUAL_POS] --(BEFORE)--> [EVENT_BEFORE_N/A_ACTUAL_POS],syndrome,CONTAINS,examen,BEFORE,radiographie,,,,,,
14,71,FR100632,[EVENT_BEFORE_N/A_ACTUAL_POS] --(CONTAINS)--> [EVENT_BEFORE_N/A_ACTUAL_POS] | [EVENT_BEFORE_N/A_ACTUAL_POS] --(BEFORE)--> [EVENT_BEFORE_N/A_ACTUAL_POS],état,CONTAINS,examen,BEFORE,examen,,,,,,
14,71,FR100658,[EVENT_BEFORE_N/A_ACTUAL_POS] --(CONTAINS)--> [EVENT_BEFORE_N/A_ACTUAL_POS] | [EVENT_BEFORE_N/A_ACTUAL_POS] --(BEFORE)--> [EVENT_BEFORE_N/A_ACTUAL_POS],apyrétique,CONTAINS,examen,BEFORE,laryngoscopie,,,,,,
14,71,FR100663,[EVENT_BEFORE_N/A_ACTUAL_POS] --(CONTAINS)--> [EVENT_BEFORE_N/A_ACTUAL_POS] | [EVENT_BEFORE_N/A_ACTUAL_POS] --(BEFORE)--> [EVENT_BEFORE_N/A_ACTUAL_POS],contenait,CONTAINS,échographie,BEFORE,taux,,,,,,
14,71,FR100666,[EVENT_BEFORE_N/A_ACTUAL_POS] --(CONTAINS)--> [EVENT_BEFORE_N/A_ACTUAL_POS] | [EVENT_BEFORE_N/A_ACTUAL_POS] --(BEFORE)--> [EVENT_BEFORE_N/A_ACTUAL_POS],sérologie,CONTAINS,bilan,BEFORE,myologramme,,,,,,
14,71,FR100683,[EVENT_BEFORE_N/A_ACTUAL_POS] --(CONTAINS)--> [EVENT_BEFORE_N/A_ACTUAL_POS] | [EVENT_BEFORE_N/A_ACTUAL_POS] --(BEFORE)--> [EVENT_BEFORE_N/A_ACTUAL_POS],glycémie,CONTAINS,exploration,BEFORE,exploration,,,,,,
14,71,FR100688,[EVENT_BEFORE_N/A_ACTUAL_POS] --(CONTAINS)--> [EVENT_BEFORE_N/A_ACTUAL_POS] | [EVENT_BEFORE_N/A_ACTUAL_POS] --(BEFORE)--> [EVENT_BEFORE_N/A_ACTUAL_POS],érosion,CONTAINS,radiographie,BEFORE,échographie,,,,,,
14,71,FR100689,[EVENT_BEFORE_N/A_ACTUAL_POS] --(CONTAINS)--> [EVENT_BEFORE_N/A_ACTUAL_POS] | [EVENT_BEFORE_N/A_ACTUAL_POS] --(BEFORE)--> [EVENT_BEFORE_N/A_ACTUAL_POS],CRP,CONTAINS,ionogramme,BEFORE,examen,,,,,,
14,71,FR100697,[EVENT_BEFORE_N/A_ACTUAL_POS] --(CONTAINS)--> [EVENT_BEFORE_N/A_ACTUAL_POS] | [EVENT_BEFORE_N/A_ACTUAL_POS] --(BEFORE)--> [EVENT_BEFORE_N/A_ACTUAL_POS],rétraction,CONTAINS,mammographie,BEFORE,échographie,,,,,,
14,71,FR100708,[EVENT_BEFORE_N/A_ACTUAL_POS] --(CONTAINS)--> [EVENT_BEFORE_N/A_ACTUAL_POS] | [EVENT_BEFORE_N/A_ACTUAL_POS] --(BEFORE)--> [EVENT_BEFORE_N/A_ACTUAL_POS],masse,CONTAINS,mammographie,BEFORE,échographie,,,,,,
14,71,FR100717,[EVENT_BEFORE_N/A_ACTUAL_POS] --(CONTAINS)--> [EVENT_BEFORE_N/A_ACTUAL_POS] | [EVENT_BEFORE_N/A_ACTUAL_POS] --(BEFORE)--> [EVENT_BEFORE_N/A_ACTUAL_POS],HDL,CONTAINS,examens,BEFORE,scanner,,,,,,
14,71,FR100748,[EVENT_BEFORE_N/A_ACTUAL_POS] --(CONTAINS)--> [EVENT_BEFORE_N/A_ACTUAL_POS] | [EVENT_BEFORE_N/A_ACTUAL_POS] --(BEFORE)--> [EVENT_BEFORE_N/A_ACTUAL_POS],hospitalisation,CONTAINS,indication,BEFORE,consultation,,,,,,
14,71,FR100766,[EVENT_BEFORE_N/A_ACTUAL_POS] --(CONTAINS)--> [EVENT_BEFORE_N/A_ACTUAL_POS] | [EVENT_BEFORE_N/A_ACTUAL_POS] --(BEFORE)--> [EVENT_BEFORE_N/A_ACTUAL_POS],opéré,CONTAINS,amputation,BEFORE,propre,,,,,,
14,71,FR100780,[EVENT_BEFORE_N/A_ACTUAL_POS] --(CONTAINS)--> [EVENT_BEFORE_N/A_ACTUAL_POS] | [EVENT_BEFORE_N/A_ACTUAL_POS] --(BEFORE)--> [EVENT_BEFORE_N/A_ACTUAL_POS],poids,CONTAINS,examen,BEFORE,toucher,,,,,,
14,71,FR100806,[EVENT_BEFORE_N/A_ACTUAL_POS] --(CONTAINS)--> [EVENT_BEFORE_N/A_ACTUAL_POS] | [EVENT_BEFORE_N/A_ACTUAL_POS] --(BEFORE)--> [EVENT_BEFORE_N/A_ACTUAL_POS],créatininémie,CONTAINS,bilan,BEFORE,récupération,,,,,,
14,71,FR100814,[EVENT_BEFORE_N/A_ACTUAL_POS] --(CONTAINS)--> [EVENT_BEFORE_N/A_ACTUAL_POS] | [EVENT_BEFORE_N/A_ACTUAL_POS] --(BEFORE)--> [EVENT_BEFORE_N/A_ACTUAL_POS],processus,CONTAINS,IRM,BEFORE,diagnostic,,,,,,
14,71,FR100826,[EVENT_BEFORE_N/A_ACTUAL_POS] --(CONTAINS)--> [EVENT_BEFORE_N/A_ACTUAL_POS] | [EVENT_BEFORE_N/A_ACTUAL_POS] --(BEFORE)--> [EVENT_BEFORE_N/A_ACTUAL_POS],termine,CONTAINS,bilan,BEFORE,bilan,,,,,,
14,71,FR100845,[EVENT_BEFORE_N/A_ACTUAL_POS] --(CONTAINS)--> [EVENT_BEFORE_N/A_ACTUAL_POS] | [EVENT_BEFORE_N/A_ACTUAL_POS] --(BEFORE)--> [EVENT_BEFORE_N/A_ACTUAL_POS],consciente,CONTAINS,examen,BEFORE,examen,,,,,,
14,71,FR100870,[EVENT_BEFORE_N/A_ACTUAL_POS] --(CONTAINS)--> [EVENT_BEFORE_N/A_ACTUAL_POS] | [EVENT_BEFORE_N/A_ACTUAL_POS] --(BEFORE)--> [EVENT_BEFORE_N/A_ACTUAL_POS],calcémie,CONTAINS,bilan,BEFORE,IRM,,,,,,
14,71,FR100874,[EVENT_BEFORE_N/A_ACTUAL_POS] --(CONTAINS)--> [EVENT_BEFORE_N/A_ACTUAL_POS] | [EVENT_BEFORE_N/A_ACTUAL_POS] --(BEFORE)--> [EVENT_BEFORE_N/A_ACTUAL_POS],diverticule,CONTAINS,retenu,BEFORE,mise,,,,,,
14,71,FR100882,[EVENT_BEFORE_N/A_ACTUAL_POS] --(CONTAINS)--> [EVENT_BEFORE_N/A_ACTUAL_POS] | [EVENT_BEFORE_N/A_ACTUAL_POS] --(BEFORE)--> [EVENT_BEFORE_N/A_ACTUAL_POS],parésie,CONTAINS,examen,BEFORE,examen,,,,,,
14,71,FR100883,[EVENT_BEFORE_N/A_ACTUAL_POS] --(CONTAINS)--> [EVENT_BEFORE_N/A_ACTUAL_POS] | [EVENT_BEFORE_N/A_ACTUAL_POS] --(BEFORE)--> [EVENT_BEFORE_N/A_ACTUAL_POS],admission,CONTAINS,TDM,BEFORE,biopsie,,,,,,
14,71,FR100894,[EVENT_BEFORE_N/A_ACTUAL_POS] --(CONTAINS)--> [EVENT_BEFORE_N/A_ACTUAL_POS] | [EVENT_BEFORE_N/A_ACTUAL_POS] --(BEFORE)--> [EVENT_BEFORE_N/A_ACTUAL_POS],syndrome,CONTAINS,diagnostic,BEFORE,pris,,,,,,
14,71,FR100903,[EVENT_BEFORE_N/A_ACTUAL_POS] --(CONTAINS)--> [EVENT_BEFORE_N/A_ACTUAL_POS] | [EVENT_BEFORE_N/A_ACTUAL_POS] --(BEFORE)--> [EVENT_BEFORE_N/A_ACTUAL_POS],biométrie,CONTAINS,échographie,BEFORE,IRM,,,,,,
14,71,FR100944,[EVENT_BEFORE_N/A_ACTUAL_POS] --(CONTAINS)--> [EVENT_BEFORE_N/A_ACTUAL_POS] | [EVENT_BEFORE_N/A_ACTUAL_POS] --(BEFORE)--> [EVENT_BEFORE_N/A_ACTUAL_POS],fuite,CONTAINS,échocardiographique,BEFORE,remplacement,,,,,,
14,71,FR100946,[EVENT_BEFORE_N/A_ACTUAL_POS] --(CONTAINS)--> [EVENT_BEFORE_N/A_ACTUAL_POS] | [EVENT_BEFORE_N/A_ACTUAL_POS] --(BEFORE)--> [EVENT_BEFORE_N/A_ACTUAL_POS],lésion,CONTAINS,IRM,BEFORE,analyse,,,,,,
14,71,FR100959,[EVENT_BEFORE_N/A_ACTUAL_POS] --(CONTAINS)--> [EVENT_BEFORE_N/A_ACTUAL_POS] | [EVENT_BEFORE_N/A_ACTUAL_POS] --(BEFORE)--> [EVENT_BEFORE_N/A_ACTUAL_POS],orifice,CONTAINS,Transit,BEFORE,notée,,,,,,
14,71,FR100979,[EVENT_BEFORE_N/A_ACTUAL_POS] --(CONTAINS)--> [EVENT_BEFORE_N/A_ACTUAL_POS] | [EVENT_BEFORE_N/A_ACTUAL_POS] --(BEFORE)--> [EVENT_BEFORE_N/A_ACTUAL_POS],grossesse,CONTAINS,admise,BEFORE,césarienne,,,,,,
14,71,FR100996,[EVENT_BEFORE_N/A_ACTUAL_POS] --(CONTAINS)--> [EVENT_BEFORE_N/A_ACTUAL_POS] | [EVENT_BEFORE_N/A_ACTUAL_POS] --(BEFORE)--> [EVENT_BEFORE_N/A_ACTUAL_POS],sac,CONTAINS,tomodensitométrie,BEFORE,injection,,,,,,
14,71,FR100998,[EVENT_BEFORE_N/A_ACTUAL_POS] --(CONTAINS)--> [EVENT_BEFORE_N/A_ACTUAL_POS] | [EVENT_BEFORE_N/A_ACTUAL_POS] --(BEFORE)--> [EVENT_BEFORE_N/A_ACTUAL_POS],inflammation,CONTAINS,diagnostic,BEFORE,traitée,,,,,,
131,69,FR100003,[EVENT_BEFORE_N/A_ACTUAL_POS] --(BEFORE)--> [EVENT_BEFORE_N/A_ACTUAL_POS] | [EVENT_BEFORE_N/A_ACTUAL_POS] --(BEFORE)--> [EVENT_BEFORE_N/A_ACTUAL_POS],injection,BEFORE,ponction,BEFORE,examen,,,,,,
131,69,FR100078,[EVENT_BEFORE_N/A_ACTUAL_POS] --(BEFORE)--> [EVENT_BEFORE_N/A_ACTUAL_POS] | [EVENT_BEFORE_N/A_ACTUAL_POS] --(BEFORE)--> [EVENT_BEFORE_N/A_ACTUAL_POS],examen,BEFORE,doppler,BEFORE,doppler,,,,,,
131,69,FR100092,[EVENT_BEFORE_N/A_ACTUAL_POS] --(BEFORE)--> [EVENT_BEFORE_N/A_ACTUAL_POS] | [EVENT_BEFORE_N/A_ACTUAL_POS] --(BEFORE)--> [EVENT_BEFORE_N/A_ACTUAL_POS],examen,BEFORE,examen,BEFORE,examen,,,,,,
131,69,FR100120,[EVENT_BEFORE_N/A_ACTUAL_POS] --(BEFORE)--> [EVENT_BEFORE_N/A_ACTUAL_POS] | [EVENT_BEFORE_N/A_ACTUAL_POS] --(BEFORE)--> [EVENT_BEFORE_N/A_ACTUAL_POS],traitement,BEFORE,retirées,BEFORE,conclure,,,,,,
131,69,FR100130,[EVENT_BEFORE_N/A_ACTUAL_POS] --(BEFORE)--> [EVENT_BEFORE_N/A_ACTUAL_POS] | [EVENT_BEFORE_N/A_ACTUAL_POS] --(BEFORE)--> [EVENT_BEFORE_N/A_ACTUAL_POS],électromyogramme,BEFORE,confirmé,BEFORE,recherche,,,,,,
131,69,FR100132,[EVENT_BEFORE_N/A_ACTUAL_POS] --(BEFORE)--> [EVENT_BEFORE_N/A_ACTUAL_POS] | [EVENT_BEFORE_N/A_ACTUAL_POS] --(BEFORE)--> [EVENT_BEFORE_N/A_ACTUAL_POS],histologie,BEFORE,examen,BEFORE,écho-Doppler,,,,,,
131,69,FR100142,[EVENT_BEFORE_N/A_ACTUAL_POS] --(BEFORE)--> [EVENT_BEFORE_N/A_ACTUAL_POS] | [EVENT_BEFORE_N/A_ACTUAL_POS] --(BEFORE)--> [EVENT_BEFORE_N/A_ACTUAL_POS],biopsie,BEFORE,mis,BEFORE,évolution,,,,,,
131,69,FR100161,[EVENT_BEFORE_N/A_ACTUAL_POS] --(BEFORE)--> [EVENT_BEFORE_N/A_ACTUAL_POS] | [EVENT_BEFORE_N/A_ACTUAL_POS] --(BEFORE)--> [EVENT_BEFORE_N/A_ACTUAL_POS],complément,BEFORE,cortisol,BEFORE,dérivés,,,,,,
131,69,FR100168,[EVENT_BEFORE_N/A_ACTUAL_POS] --(BEFORE)--> [EVENT_BEFORE_N/A_ACTUAL_POS] | [EVENT_BEFORE_N/A_ACTUAL_POS] --(BEFORE)--> [EVENT_BEFORE_N/A_ACTUAL_POS],bilan,BEFORE,tests,BEFORE,entretien,,,,,,
131,69,FR100255,[EVENT_BEFORE_N/A_ACTUAL_POS] --(BEFORE)--> [EVENT_BEFORE_N/A_ACTUAL_POS] | [EVENT_BEFORE_N/A_ACTUAL_POS] --(BEFORE)--> [EVENT_BEFORE_N/A_ACTUAL_POS],admise,BEFORE,examen,BEFORE,examen,,,,,,
131,69,FR100275,[EVENT_BEFORE_N/A_ACTUAL_POS] --(BEFORE)--> [EVENT_BEFORE_N/A_ACTUAL_POS] | [EVENT_BEFORE_N/A_ACTUAL_POS] --(BEFORE)--> [EVENT_BEFORE_N/A_ACTUAL_POS],transféré,BEFORE,anamnèse,BEFORE,examen,,,,,,
131,69,FR100276,[EVENT_BEFORE_N/A_ACTUAL_POS] --(BEFORE)--> [EVENT_BEFORE_N/A_ACTUAL_POS] | [EVENT_BEFORE_N/A_ACTUAL_POS] --(BEFORE)--> [EVENT_BEFORE_N/A_ACTUAL_POS],biopsie,BEFORE,posé,BEFORE,application,,,,,,
131,69,FR100282,[EVENT_BEFORE_N/A_ACTUAL_POS] --(BEFORE)--> [EVENT_BEFORE_N/A_ACTUAL_POS] | [EVENT_BEFORE_N/A_ACTUAL_POS] --(BEFORE)--> [EVENT_BEFORE_N/A_ACTUAL_POS],examen,BEFORE,électroencéphalogramme,BEFORE,scanner,,,,,,
131,69,FR100283,[EVENT_BEFORE_N/A_ACTUAL_POS] --(BEFORE)--> [EVENT_BEFORE_N/A_ACTUAL_POS] | [EVENT_BEFORE_N/A_ACTUAL_POS] --(BEFORE)--> [EVENT_BEFORE_N/A_ACTUAL_POS],IRM,BEFORE,hypophysiogramme,BEFORE,traitement,,,,,,
131,69,FR100296,[EVENT_BEFORE_N/A_ACTUAL_POS] --(BEFORE)--> [EVENT_BEFORE_N/A_ACTUAL_POS] | [EVENT_BEFORE_N/A_ACTUAL_POS] --(BEFORE)--> [EVENT_BEFORE_N/A_ACTUAL_POS],fenestration,BEFORE,suites,BEFORE,exéaté,,,,,,
131,69,FR100314,[EVENT_BEFORE_N/A_ACTUAL_POS] --(BEFORE)--> [EVENT_BEFORE_N/A_ACTUAL_POS] | [EVENT_BEFORE_N/A_ACTUAL_POS] --(BEFORE)--> [EVENT_BEFORE_N/A_ACTUAL_POS],angio-scanner,BEFORE,amputation,BEFORE,mise,,,,,,
131,69,FR100344,[EVENT_BEFORE_N/A_ACTUAL_POS] --(BEFORE)--> [EVENT_BEFORE_N/A_ACTUAL_POS] | [EVENT_BEFORE_N/A_ACTUAL_POS] --(BEFORE)--> [EVENT_BEFORE_N/A_ACTUAL_POS],examen,BEFORE,césarienne,BEFORE,pesait,,,,,,
131,69,FR100346,[EVENT_BEFORE_N/A_ACTUAL_POS] --(BEFORE)--> [EVENT_BEFORE_N/A_ACTUAL_POS] | [EVENT_BEFORE_N/A_ACTUAL_POS] --(BEFORE)--> [EVENT_BEFORE_N/A_ACTUAL_POS],examen,BEFORE,gazométrie,BEFORE,reste,,,,,,
131,69,FR100360,[EVENT_BEFORE_N/A_ACTUAL_POS] --(BEFORE)--> [EVENT_BEFORE_N/A_ACTUAL_POS] | [EVENT_BEFORE_N/A_ACTUAL_POS] --(BEFORE)--> [EVENT_BEFORE_N/A_ACTUAL_POS],complément,BEFORE,biopsie,BEFORE,étude,,,,,,
131,69,FR100361,[EVENT_BEFORE_N/A_ACTUAL_POS] --(BEFORE)--> [EVENT_BEFORE_N/A_ACTUAL_POS] | [EVENT_BEFORE_N/A_ACTUAL_POS] --(BEFORE)--> [EVENT_BEFORE_N/A_ACTUAL_POS],ponction,BEFORE,examen,BEFORE,examen,,,,,,
131,69,FR100371,[EVENT_BEFORE_N/A_ACTUAL_POS] --(BEFORE)--> [EVENT_BEFORE_N/A_ACTUAL_POS] | [EVENT_BEFORE_N/A_ACTUAL_POS] --(BEFORE)--> [EVENT_BEFORE_N/A_ACTUAL_POS],bilan,BEFORE,bilan,BEFORE,intervention,,,,,,
131,69,FR100400,[EVENT_BEFORE_N/A_ACTUAL_POS] --(BEFORE)--> [EVENT_BEFORE_N/A_ACTUAL_POS] | [EVENT_BEFORE_N/A_ACTUAL_POS] --(BEFORE)--> [EVENT_BEFORE_N/A_ACTUAL_POS],bilan,BEFORE,Radiographie,BEFORE,échographie,,,,,,
131,69,FR100439,[EVENT_BEFORE_N/A_ACTUAL_POS] --(BEFORE)--> [EVENT_BEFORE_N/A_ACTUAL_POS] | [EVENT_BEFORE_N/A_ACTUAL_POS] --(BEFORE)--> [EVENT_BEFORE_N/A_ACTUAL_POS],IRM,BEFORE,scanner,BEFORE,bilan,,,,,,
131,69,FR100448,[EVENT_BEFORE_N/A_ACTUAL_POS] --(BEFORE)--> [EVENT_BEFORE_N/A_ACTUAL_POS] | [EVENT_BEFORE_N/A_ACTUAL_POS] --(BEFORE)--> [EVENT_BEFORE_N/A_ACTUAL_POS],échotomographie,BEFORE,hémi thyroïdectomie,BEFORE,examen,,,,,,
131,69,FR100480,[EVENT_BEFORE_N/A_ACTUAL_POS] --(BEFORE)--> [EVENT_BEFORE_N/A_ACTUAL_POS] | [EVENT_BEFORE_N/A_ACTUAL_POS] --(BEFORE)--> [EVENT_BEFORE_N/A_ACTUAL_POS],analyse,BEFORE,amputation,BEFORE,examen,,,,,,
131,69,FR100515,[EVENT_BEFORE_N/A_ACTUAL_POS] --(BEFORE)--> [EVENT_BEFORE_N/A_ACTUAL_POS] | [EVENT_BEFORE_N/A_ACTUAL_POS] --(BEFORE)--> [EVENT_BEFORE_N/A_ACTUAL_POS],retenu,BEFORE,bilan,BEFORE,bilan,,,,,,
131,69,FR100517,[EVENT_BEFORE_N/A_ACTUAL_POS] --(BEFORE)--> [EVENT_BEFORE_N/A_ACTUAL_POS] | [EVENT_BEFORE_N/A_ACTUAL_POS] --(BEFORE)--> [EVENT_BEFORE_N/A_ACTUAL_POS],électromyogramme,BEFORE,bilan,BEFORE,explorations,,,,,,
131,69,FR100519,[EVENT_BEFORE_N/A_ACTUAL_POS] --(BEFORE)--> [EVENT_BEFORE_N/A_ACTUAL_POS] | [EVENT_BEFORE_N/A_ACTUAL_POS] --(BEFORE)--> [EVENT_BEFORE_N/A_ACTUAL_POS],entrée,BEFORE,bilan,BEFORE,angioscanner,,,,,,
131,69,FR100579,[EVENT_BEFORE_N/A_ACTUAL_POS] --(BEFORE)--> [EVENT_BEFORE_N/A_ACTUAL_POS] | [EVENT_BEFORE_N/A_ACTUAL_POS] --(BEFORE)--> [EVENT_BEFORE_N/A_ACTUAL_POS],échocardiographie,BEFORE,angio-scanner,BEFORE,imagerie,,,,,,
131,69,FR100589,[EVENT_BEFORE_N/A_ACTUAL_POS] --(BEFORE)--> [EVENT_BEFORE_N/A_ACTUAL_POS] | [EVENT_BEFORE_N/A_ACTUAL_POS] --(BEFORE)--> [EVENT_BEFORE_N/A_ACTUAL_POS],lavage,BEFORE,biopsies,BEFORE,exploration,,,,,,
131,69,FR100597,[EVENT_BEFORE_N/A_ACTUAL_POS] --(BEFORE)--> [EVENT_BEFORE_N/A_ACTUAL_POS] | [EVENT_BEFORE_N/A_ACTUAL_POS] --(BEFORE)--> [EVENT_BEFORE_N/A_ACTUAL_POS],fibroscopie,BEFORE,marqueurs,BEFORE,décidée,,,,,,
131,69,FR100603,[EVENT_BEFORE_N/A_ACTUAL_POS] --(BEFORE)--> [EVENT_BEFORE_N/A_ACTUAL_POS] | [EVENT_BEFORE_N/A_ACTUAL_POS] --(BEFORE)--> [EVENT_BEFORE_N/A_ACTUAL_POS],chirurgie,BEFORE,hémocultures,BEFORE,évolution,,,,,,
131,69,FR100611,[EVENT_BEFORE_N/A_ACTUAL_POS] --(BEFORE)--> [EVENT_BEFORE_N/A_ACTUAL_POS] | [EVENT_BEFORE_N/A_ACTUAL_POS] --(BEFORE)--> [EVENT_BEFORE_N/A_ACTUAL_POS],IRM,BEFORE,étude,BEFORE,examen,,,,,,
131,69,FR100614,[EVENT_BEFORE_N/A_ACTUAL_POS] --(BEFORE)--> [EVENT_BEFORE_N/A_ACTUAL_POS] | [EVENT_BEFORE_N/A_ACTUAL_POS] --(BEFORE)--> [EVENT_BEFORE_N/A_ACTUAL_POS],examen,BEFORE,échographique,BEFORE,tomodensitométrie,,,,,,
131,69,FR100620,[EVENT_BEFORE_N/A_ACTUAL_POS] --(BEFORE)--> [EVENT_BEFORE_N/A_ACTUAL_POS] | [EVENT_BEFORE_N/A_ACTUAL_POS] --(BEFORE)--> [EVENT_BEFORE_N/A_ACTUAL_POS],radiographie,BEFORE,demandé,BEFORE,complément,,,,,,
131,69,FR100623,[EVENT_BEFORE_N/A_ACTUAL_POS] --(BEFORE)--> [EVENT_BEFORE_N/A_ACTUAL_POS] | [EVENT_BEFORE_N/A_ACTUAL_POS] --(BEFORE)--> [EVENT_BEFORE_N/A_ACTUAL_POS],examen,BEFORE,échographie,BEFORE,tomodensitométrie,,,,,,
131,69,FR100629,[EVENT_BEFORE_N/A_ACTUAL_POS] --(BEFORE)--> [EVENT_BEFORE_N/A_ACTUAL_POS] | [EVENT_BEFORE_N/A_ACTUAL_POS] --(BEFORE)--> [EVENT_BEFORE_N/A_ACTUAL_POS],radiographie,BEFORE,thoracoscopie,BEFORE,marquage,,,,,,
131,69,FR100632,[EVENT_BEFORE_N/A_ACTUAL_POS] --(BEFORE)--> [EVENT_BEFORE_N/A_ACTUAL_POS] | [EVENT_BEFORE_N/A_ACTUAL_POS] --(BEFORE)--> [EVENT_BEFORE_N/A_ACTUAL_POS],numération,BEFORE,bilan,BEFORE,enquête,,,,,,
131,69,FR100658,[EVENT_BEFORE_N/A_ACTUAL_POS] --(BEFORE)--> [EVENT_BEFORE_N/A_ACTUAL_POS] | [EVENT_BEFORE_N/A_ACTUAL_POS] --(BEFORE)--> [EVENT_BEFORE_N/A_ACTUAL_POS],monitorage,BEFORE,prise,BEFORE,anesthésie,,,,,,
131,69,FR100663,[EVENT_BEFORE_N/A_ACTUAL_POS] --(BEFORE)--> [EVENT_BEFORE_N/A_ACTUAL_POS] | [EVENT_BEFORE_N/A_ACTUAL_POS] --(BEFORE)--> [EVENT_BEFORE_N/A_ACTUAL_POS],ligature,BEFORE,incisée,BEFORE,vérifié,,,,,,
131,69,FR100666,[EVENT_BEFORE_N/A_ACTUAL_POS] --(BEFORE)--> [EVENT_BEFORE_N/A_ACTUAL_POS] | [EVENT_BEFORE_N/A_ACTUAL_POS] --(BEFORE)--> [EVENT_BEFORE_N/A_ACTUAL_POS],bilan,BEFORE,myologramme,BEFORE,bilan,,,,,,
131,69,FR100683,[EVENT_BEFORE_N/A_ACTUAL_POS] --(BEFORE)--> [EVENT_BEFORE_N/A_ACTUAL_POS] | [EVENT_BEFORE_N/A_ACTUAL_POS] --(BEFORE)--> [EVENT_BEFORE_N/A_ACTUAL_POS],examen,BEFORE,exploration,BEFORE,exploration,,,,,,
131,69,FR100688,[EVENT_BEFORE_N/A_ACTUAL_POS] --(BEFORE)--> [EVENT_BEFORE_N/A_ACTUAL_POS] | [EVENT_BEFORE_N/A_ACTUAL_POS] --(BEFORE)--> [EVENT_BEFORE_N/A_ACTUAL_POS],examen,BEFORE,examen,BEFORE,sérologie,,,,,,
131,69,FR100689,[EVENT_BEFORE_N/A_ACTUAL_POS] --(BEFORE)--> [EVENT_BEFORE_N/A_ACTUAL_POS] | [EVENT_BEFORE_N/A_ACTUAL_POS] --(BEFORE)--> [EVENT_BEFORE_N/A_ACTUAL_POS],hémogramme,BEFORE,ionogramme,BEFORE,examen,,,,,,
131,69,FR100697,[EVENT_BEFORE_N/A_ACTUAL_POS] --(BEFORE)--> [EVENT_BEFORE_N/A_ACTUAL_POS] | [EVENT_BEFORE_N/A_ACTUAL_POS] --(BEFORE)--> [EVENT_BEFORE_N/A_ACTUAL_POS],mammographie,BEFORE,échographie,BEFORE,examen,,,,,,
131,69,FR100708,[EVENT_BEFORE_N/A_ACTUAL_POS] --(BEFORE)--> [EVENT_BEFORE_N/A_ACTUAL_POS] | [EVENT_BEFORE_N/A_ACTUAL_POS] --(BEFORE)--> [EVENT_BEFORE_N/A_ACTUAL_POS],échographie,BEFORE,ponction,BEFORE,étude,,,,,,
131,69,FR100717,[EVENT_BEFORE_N/A_ACTUAL_POS] --(BEFORE)--> [EVENT_BEFORE_N/A_ACTUAL_POS] | [EVENT_BEFORE_N/A_ACTUAL_POS] --(BEFORE)--> [EVENT_BEFORE_N/A_ACTUAL_POS],consulté,BEFORE,traitement,BEFORE,examen,,,,,,
131,69,FR100748,[EVENT_BEFORE_N/A_ACTUAL_POS] --(BEFORE)--> [EVENT_BEFORE_N/A_ACTUAL_POS] | [EVENT_BEFORE_N/A_ACTUAL_POS] --(BEFORE)--> [EVENT_BEFORE_N/A_ACTUAL_POS],consultation,BEFORE,ASA,BEFORE,Nicardipine,,,,,,
131,69,FR100766,[EVENT_BEFORE_N/A_ACTUAL_POS] --(BEFORE)--> [EVENT_BEFORE_N/A_ACTUAL_POS] | [EVENT_BEFORE_N/A_ACTUAL_POS] --(BEFORE)--> [EVENT_BEFORE_N/A_ACTUAL_POS],examen,BEFORE,hospitalisation,BEFORE,traitement,,,,,,
131,69,FR100780,[EVENT_BEFORE_N/A_ACTUAL_POS] --(BEFORE)--> [EVENT_BEFORE_N/A_ACTUAL_POS] | [EVENT_BEFORE_N/A_ACTUAL_POS] --(BEFORE)--> [EVENT_BEFORE_N/A_ACTUAL_POS],geste,BEFORE,geste,BEFORE,geste,,,,,,
131,69,FR100806,[EVENT_BEFORE_N/A_ACTUAL_POS] --(BEFORE)--> [EVENT_BEFORE_N/A_ACTUAL_POS] | [EVENT_BEFORE_N/A_ACTUAL_POS] --(BEFORE)--> [EVENT_BEFORE_N/A_ACTUAL_POS],prise,BEFORE,examen,BEFORE,suites,,,,,,
131,69,FR100814,[EVENT_BEFORE_N/A_ACTUAL_POS] --(BEFORE)--> [EVENT_BEFORE_N/A_ACTUAL_POS] | [EVENT_BEFORE_N/A_ACTUAL_POS] --(BEFORE)--> [EVENT_BEFORE_N/A_ACTUAL_POS],IRM,BEFORE,diagnostic,BEFORE,réséquée,,,,,,
131,69,FR100826,[EVENT_BEFORE_N/A_ACTUAL_POS] --(BEFORE)--> [EVENT_BEFORE_N/A_ACTUAL_POS] | [EVENT_BEFORE_N/A_ACTUAL_POS] --(BEFORE)--> [EVENT_BEFORE_N/A_ACTUAL_POS],examen,BEFORE,bilan,BEFORE,bilan,,,,,,
131,69,FR100845,[EVENT_BEFORE_N/A_ACTUAL_POS] --(BEFORE)--> [EVENT_BEFORE_N/A_ACTUAL_POS] | [EVENT_BEFORE_N/A_ACTUAL_POS] --(BEFORE)--> [EVENT_BEFORE_N/A_ACTUAL_POS],extraction,BEFORE,examen,BEFORE,examinés,,,,,,
131,69,FR100870,[EVENT_BEFORE_N/A_ACTUAL_POS] --(BEFORE)--> [EVENT_BEFORE_N/A_ACTUAL_POS] | [EVENT_BEFORE_N/A_ACTUAL_POS] --(BEFORE)--> [EVENT_BEFORE_N/A_ACTUAL_POS],hémogramme,BEFORE,bilan,BEFORE,IRM,,,,,,
131,69,FR100874,[EVENT_BEFORE_N/A_ACTUAL_POS] --(BEFORE)--> [EVENT_BEFORE_N/A_ACTUAL_POS] | [EVENT_BEFORE_N/A_ACTUAL_POS] --(BEFORE)--> [EVENT_BEFORE_N/A_ACTUAL_POS],hémogramme,BEFORE,fibroscopie,BEFORE,transit,,,,,,
131,69,FR100882,[EVENT_BEFORE_N/A_ACTUAL_POS] --(BEFORE)--> [EVENT_BEFORE_N/A_ACTUAL_POS] | [EVENT_BEFORE_N/A_ACTUAL_POS] --(BEFORE)--> [EVENT_BEFORE_N/A_ACTUAL_POS],prise,BEFORE,laminectomie,BEFORE,suites,,,,,,
131,69,FR100883,[EVENT_BEFORE_N/A_ACTUAL_POS] --(BEFORE)--> [EVENT_BEFORE_N/A_ACTUAL_POS] | [EVENT_BEFORE_N/A_ACTUAL_POS] --(BEFORE)--> [EVENT_BEFORE_N/A_ACTUAL_POS],biopsie,BEFORE,bilan,BEFORE,sérologie,,,,,,
131,69,FR100894,[EVENT_BEFORE_N/A_ACTUAL_POS] --(BEFORE)--> [EVENT_BEFORE_N/A_ACTUAL_POS] | [EVENT_BEFORE_N/A_ACTUAL_POS] --(BEFORE)--> [EVENT_BEFORE_N/A_ACTUAL_POS],diagnostic,BEFORE,pris,BEFORE,incision,,,,,,
131,69,FR100903,[EVENT_BEFORE_N/A_ACTUAL_POS] --(BEFORE)--> [EVENT_BEFORE_N/A_ACTUAL_POS] | [EVENT_BEFORE_N/A_ACTUAL_POS] --(BEFORE)--> [EVENT_BEFORE_N/A_ACTUAL_POS],accouchement,BEFORE,décédé,BEFORE,caryotype,,,,,,
131,69,FR100919,[EVENT_BEFORE_N/A_ACTUAL_POS] --(BEFORE)--> [EVENT_BEFORE_N/A_ACTUAL_POS] | [EVENT_BEFORE_N/A_ACTUAL_POS] --(BEFORE)--> [EVENT_BEFORE_N/A_ACTUAL_POS],correction,BEFORE,adressée,BEFORE,bilan,,,,,,
131,69,FR100932,[EVENT_BEFORE_N/A_ACTUAL_POS] --(BEFORE)--> [EVENT_BEFORE_N/A_ACTUAL_POS] | [EVENT_BEFORE_N/A_ACTUAL_POS] --(BEFORE)--> [EVENT_BEFORE_N/A_ACTUAL_POS],mise,BEFORE,opérée,BEFORE,évolution,,,,,,
131,69,FR100946,[EVENT_BEFORE_N/A_ACTUAL_POS] --(BEFORE)--> [EVENT_BEFORE_N/A_ACTUAL_POS] | [EVENT_BEFORE_N/A_ACTUAL_POS] --(BEFORE)--> [EVENT_BEFORE_N/A_ACTUAL_POS],examen,BEFORE,IRM,BEFORE,analyse,,,,,,
131,69,FR100959,[EVENT_BEFORE_N/A_ACTUAL_POS] --(BEFORE)--> [EVENT_BEFORE_N/A_ACTUAL_POS] | [EVENT_BEFORE_N/A_ACTUAL_POS] --(BEFORE)--> [EVENT_BEFORE_N/A_ACTUAL_POS],œsophagoscopie,BEFORE,Transit,BEFORE,notée,,,,,,
131,69,FR100996,[EVENT_BEFORE_N/A_ACTUAL_POS] --(BEFORE)--> [EVENT_BEFORE_N/A_ACTUAL_POS] | [EVENT_BEFORE_N/A_ACTUAL_POS] --(BEFORE)--> [EVENT_BEFORE_N/A_ACTUAL_POS],consulté,BEFORE,examen,BEFORE,tomodensitométrie,,,,,,
131,69,FR100998,[EVENT_BEFORE_N/A_ACTUAL_POS] --(BEFORE)--> [EVENT_BEFORE_N/A_ACTUAL_POS] | [EVENT_BEFORE_N/A_ACTUAL_POS] --(BEFORE)--> [EVENT_BEFORE_N/A_ACTUAL_POS],diagnostic,BEFORE,traitée,BEFORE,bilan,,,,,,
15,65,FR100003,[EVENT_BEFORE_N/A_ACTUAL_POS] --(CONTAINS)--> [EVENT_BEFORE_N/A_ACTUAL_POS] | [EVENT_BEFORE_N/A_ACTUAL_POS] --(BEFORE)--> [EVENT_BEFORE_N/A_ACTUAL_POS] | [EVENT_BEFORE_N/A_ACTUAL_POS] --(BEFORE)--> [EVENT_BEFORE_N/A_ACTUAL_POS],mixte,CONTAINS,examen,BEFORE,antibiothérapie,BEFORE,bloc,,,,
15,65,FR100078,[EVENT_BEFORE_N/A_ACTUAL_POS] --(CONTAINS)--> [EVENT_BEFORE_N/A_ACTUAL_POS] | [EVENT_BEFORE_N/A_ACTUAL_POS] --(BEFORE)--> [EVENT_BEFORE_N/A_ACTUAL_POS] | [EVENT_BEFORE_N/A_ACTUAL_POS] --(BEFORE)--> [EVENT_BEFORE_N/A_ACTUAL_POS],pouls,CONTAINS,examen,BEFORE,doppler,BEFORE,doppler,,,,
15,65,FR100092,[EVENT_BEFORE_N/A_ACTUAL_POS] --(CONTAINS)--> [EVENT_BEFORE_N/A_ACTUAL_POS] | [EVENT_BEFORE_N/A_ACTUAL_POS] --(BEFORE)--> [EVENT_BEFORE_N/A_ACTUAL_POS] | [EVENT_BEFORE_N/A_ACTUAL_POS] --(BEFORE)--> [EVENT_BEFORE_N/A_ACTUAL_POS],normal,CONTAINS,échographie,BEFORE,tableau,BEFORE,reste,,,,
15,65,FR100120,[EVENT_BEFORE_N/A_ACTUAL_POS] --(CONTAINS)--> [EVENT_BEFORE_N/A_ACTUAL_POS] | [EVENT_BEFORE_N/A_ACTUAL_POS] --(BEFORE)--> [EVENT_BEFORE_N/A_ACTUAL_POS] | [EVENT_BEFORE_N/A_ACTUAL_POS] --(BEFORE)--> [EVENT_BEFORE_N/A_ACTUAL_POS],retard,CONTAINS,rattaché,BEFORE,traitement,BEFORE,sailli,,,,
15,65,FR100130,[EVENT_BEFORE_N/A_ACTUAL_POS] --(CONTAINS)--> [EVENT_BEFORE_N/A_ACTUAL_POS] | [EVENT_BEFORE_N/A_ACTUAL_POS] --(BEFORE)--> [EVENT_BEFORE_N/A_ACTUAL_POS] | [EVENT_BEFORE_N/A_ACTUAL_POS] --(BEFORE)--> [EVENT_BEFORE_N/A_ACTUAL_POS],sensibilité,CONTAINS,examen,BEFORE,biologie,BEFORE,glycémie,,,,
15,65,FR100132,[EVENT_BEFORE_N/A_ACTUAL_POS] --(CONTAINS)--> [EVENT_BEFORE_N/A_ACTUAL_POS] | [EVENT_BEFORE_N/A_ACTUAL_POS] --(BEFORE)--> [EVENT_BEFORE_N/A_ACTUAL_POS] | [EVENT_BEFORE_N/A_ACTUAL_POS] --(BEFORE)--> [EVENT_BEFORE_N/A_ACTUAL_POS],examen,CONTAINS,palpation,BEFORE,histologie,BEFORE,examen,,,,
15,65,FR100142,[EVENT_BEFORE_N/A_ACTUAL_POS] --(CONTAINS)--> [EVENT_BEFORE_N/A_ACTUAL_POS] | [EVENT_BEFORE_N/A_ACTUAL_POS] --(BEFORE)--> [EVENT_BEFORE_N/A_ACTUAL_POS] | [EVENT_BEFORE_N/A_ACTUAL_POS] --(BEFORE)--> [EVENT_BEFORE_N/A_ACTUAL_POS],prolifération,CONTAINS,biopsie,BEFORE,étude,BEFORE,sérologie,,,,
15,65,FR100161,[EVENT_BEFORE_N/A_ACTUAL_POS] --(CONTAINS)--> [EVENT_BEFORE_N/A_ACTUAL_POS] | [EVENT_BEFORE_N/A_ACTUAL_POS] --(BEFORE)--> [EVENT_BEFORE_N/A_ACTUAL_POS] | [EVENT_BEFORE_N/A_ACTUAL_POS] --(BEFORE)--> [EVENT_BEFORE_N/A_ACTUAL_POS],sérologie,CONTAINS,examens,BEFORE,radiographie,BEFORE,complément,,,,
15,65,FR100168,[EVENT_BEFORE_N/A_ACTUAL_POS] --(CONTAINS)--> [EVENT_BEFORE_N/A_ACTUAL_POS] | [EVENT_BEFORE_N/A_ACTUAL_POS] --(BEFORE)--> [EVENT_BEFORE_N/A_ACTUAL_POS] | [EVENT_BEFORE_N/A_ACTUAL_POS] --(BEFORE)--> [EVENT_BEFORE_N/A_ACTUAL_POS],hémoglobine,CONTAINS,bilan,BEFORE,tests,BEFORE,entretien,,,,
15,65,FR100255,[EVENT_BEFORE_N/A_ACTUAL_POS] --(CONTAINS)--> [EVENT_BEFORE_N/A_ACTUAL_POS] | [EVENT_BEFORE_N/A_ACTUAL_POS] --(BEFORE)--> [EVENT_BEFORE_N/A_ACTUAL_POS] | [EVENT_BEFORE_N/A_ACTUAL_POS] --(BEFORE)--> [EVENT_BEFORE_N/A_ACTUAL_POS],fréquence,CONTAINS,examen,BEFORE,examen,BEFORE,échographie,,,,
15,65,FR100275,[EVENT_BEFORE_N/A_ACTUAL_POS] --(CONTAINS)--> [EVENT_BEFORE_N/A_ACTUAL_POS] | [EVENT_BEFORE_N/A_ACTUAL_POS] --(BEFORE)--> [EVENT_BEFORE_N/A_ACTUAL_POS] | [EVENT_BEFORE_N/A_ACTUAL_POS] --(BEFORE)--> [EVENT_BEFORE_N/A_ACTUAL_POS],mort,CONTAINS,établi,BEFORE,manœuvres,BEFORE,transféré,,,,
15,65,FR100276,[EVENT_BEFORE_N/A_ACTUAL_POS] --(CONTAINS)--> [EVENT_BEFORE_N/A_ACTUAL_POS] | [EVENT_BEFORE_N/A_ACTUAL_POS] --(BEFORE)--> [EVENT_BEFORE_N/A_ACTUAL_POS] | [EVENT_BEFORE_N/A_ACTUAL_POS] --(BEFORE)--> [EVENT_BEFORE_N/A_ACTUAL_POS],aplasie,CONTAINS,accouchement,BEFORE,reste,BEFORE,bilan,,,,
15,65,FR100282,[EVENT_BEFORE_N/A_ACTUAL_POS] --(CONTAINS)--> [EVENT_BEFORE_N/A_ACTUAL_POS] | [EVENT_BEFORE_N/A_ACTUAL_POS] --(BEFORE)--> [EVENT_BEFORE_N/A_ACTUAL_POS] | [EVENT_BEFORE_N/A_ACTUAL_POS] --(BEFORE)--> [EVENT_BEFORE_N/A_ACTUAL_POS],tracé,CONTAINS,électroencéphalogramme,BEFORE,scanner,BEFORE,conclus,,,,
15,65,FR100283,[EVENT_BEFORE_N/A_ACTUAL_POS] --(CONTAINS)--> [EVENT_BEFORE_N/A_ACTUAL_POS] | [EVENT_BEFORE_N/A_ACTUAL_POS] --(BEFORE)--> [EVENT_BEFORE_N/A_ACTUAL_POS] | [EVENT_BEFORE_N/A_ACTUAL_POS] --(BEFORE)--> [EVENT_BEFORE_N/A_ACTUAL_POS],processus,CONTAINS,IRM,BEFORE,hypophysiogramme,BEFORE,traitement,,,,
15,65,FR100296,[EVENT_BEFORE_N/A_ACTUAL_POS] --(CONTAINS)--> [EVENT_BEFORE_N/A_ACTUAL_POS] | [EVENT_BEFORE_N/A_ACTUAL_POS] --(BEFORE)--> [EVENT_BEFORE_N/A_ACTUAL_POS] | [EVENT_BEFORE_N/A_ACTUAL_POS] --(BEFORE)--> [EVENT_BEFORE_N/A_ACTUAL_POS],émergence,CONTAINS,fenestration,BEFORE,suites,BEFORE,exéaté,,,,
15,65,FR100314,[EVENT_BEFORE_N/A_ACTUAL_POS] --(CONTAINS)--> [EVENT_BEFORE_N/A_ACTUAL_POS] | [EVENT_BEFORE_N/A_ACTUAL_POS] --(BEFORE)--> [EVENT_BEFORE_N/A_ACTUAL_POS] | [EVENT_BEFORE_N/A_ACTUAL_POS] --(BEFORE)--> [EVENT_BEFORE_N/A_ACTUAL_POS],hospitalisation,CONTAINS,signes,BEFORE,angio-scanner,BEFORE,amputation,,,,
15,65,FR100344,[EVENT_BEFORE_N/A_ACTUAL_POS] --(CONTAINS)--> [EVENT_BEFORE_N/A_ACTUAL_POS] | [EVENT_BEFORE_N/A_ACTUAL_POS] --(BEFORE)--> [EVENT_BEFORE_N/A_ACTUAL_POS] | [EVENT_BEFORE_N/A_ACTUAL_POS] --(BEFORE)--> [EVENT_BEFORE_N/A_ACTUAL_POS],insuffisance,CONTAINS,développé,BEFORE,contrôle,BEFORE,tombée,,,,
15,65,FR100346,[EVENT_BEFORE_N/A_ACTUAL_POS] --(CONTAINS)--> [EVENT_BEFORE_N/A_ACTUAL_POS] | [EVENT_BEFORE_N/A_ACTUAL_POS] --(BEFORE)--> [EVENT_BEFORE_N/A_ACTUAL_POS] | [EVENT_BEFORE_N/A_ACTUAL_POS] --(BEFORE)--> [EVENT_BEFORE_N/A_ACTUAL_POS],lésions,CONTAINS,angioscanner,BEFORE,echo-dopler,BEFORE,IRM,,,,
15,65,FR100360,[EVENT_BEFORE_N/A_ACTUAL_POS] --(CONTAINS)--> [EVENT_BEFORE_N/A_ACTUAL_POS] | [EVENT_BEFORE_N/A_ACTUAL_POS] --(BEFORE)--> [EVENT_BEFORE_N/A_ACTUAL_POS] | [EVENT_BEFORE_N/A_ACTUAL_POS] --(BEFORE)--> [EVENT_BEFORE_N/A_ACTUAL_POS],colpohystérectomie,CONTAINS,curage,BEFORE,radiothérapie,BEFORE,curiethérapie,,,,
15,65,FR100361,[EVENT_BEFORE_N/A_ACTUAL_POS] --(CONTAINS)--> [EVENT_BEFORE_N/A_ACTUAL_POS] | [EVENT_BEFORE_N/A_ACTUAL_POS] --(BEFORE)--> [EVENT_BEFORE_N/A_ACTUAL_POS] | [EVENT_BEFORE_N/A_ACTUAL_POS] --(BEFORE)--> [EVENT_BEFORE_N/A_ACTUAL_POS],englobe,CONTAINS,TDM,BEFORE,ponction,BEFORE,examen,,,,
15,65,FR100371,[EVENT_BEFORE_N/A_ACTUAL_POS] --(CONTAINS)--> [EVENT_BEFORE_N/A_ACTUAL_POS] | [EVENT_BEFORE_N/A_ACTUAL_POS] --(BEFORE)--> [EVENT_BEFORE_N/A_ACTUAL_POS] | [EVENT_BEFORE_N/A_ACTUAL_POS] --(BEFORE)--> [EVENT_BEFORE_N/A_ACTUAL_POS],nombre,CONTAINS,bilan,BEFORE,bilan,BEFORE,intervention,,,,
15,65,FR100400,[EVENT_BEFORE_N/A_ACTUAL_POS] --(CONTAINS)--> [EVENT_BEFORE_N/A_ACTUAL_POS] | [EVENT_BEFORE_N/A_ACTUAL_POS] --(BEFORE)--> [EVENT_BEFORE_N/A_ACTUAL_POS] | [EVENT_BEFORE_N/A_ACTUAL_POS] --(BEFORE)--> [EVENT_BEFORE_N/A_ACTUAL_POS],anictérique,CONTAINS,examen,BEFORE,bilan,BEFORE,sérologie,,,,
15,65,FR100439,[EVENT_BEFORE_N/A_ACTUAL_POS] --(CONTAINS)--> [EVENT_BEFORE_N/A_ACTUAL_POS] | [EVENT_BEFORE_N/A_ACTUAL_POS] --(BEFORE)--> [EVENT_BEFORE_N/A_ACTUAL_POS] | [EVENT_BEFORE_N/A_ACTUAL_POS] --(BEFORE)--> [EVENT_BEFORE_N/A_ACTUAL_POS],adénopathie,CONTAINS,IRM,BEFORE,scanner,BEFORE,bilan,,,,
15,65,FR100480,[EVENT_BEFORE_N/A_ACTUAL_POS] --(CONTAINS)--> [EVENT_BEFORE_N/A_ACTUAL_POS] | [EVENT_BEFORE_N/A_ACTUAL_POS] --(BEFORE)--> [EVENT_BEFORE_N/A_ACTUAL_POS] | [EVENT_BEFORE_N/A_ACTUAL_POS] --(BEFORE)--> [EVENT_BEFORE_N/A_ACTUAL_POS],extension,CONTAINS,imagerie,BEFORE,bilan,BEFORE,scanner,,,,
15,65,FR100515,[EVENT_BEFORE_N/A_ACTUAL_POS] --(CONTAINS)--> [EVENT_BEFORE_N/A_ACTUAL_POS] | [EVENT_BEFORE_N/A_ACTUAL_POS] --(BEFORE)--> [EVENT_BEFORE_N/A_ACTUAL_POS] | [EVENT_BEFORE_N/A_ACTUAL_POS] --(BEFORE)--> [EVENT_BEFORE_N/A_ACTUAL_POS],atteinte,CONTAINS,testing,BEFORE,dosage,BEFORE,bilan,,,,
15,65,FR100517,[EVENT_BEFORE_N/A_ACTUAL_POS] --(CONTAINS)--> [EVENT_BEFORE_N/A_ACTUAL_POS] | [EVENT_BEFORE_N/A_ACTUAL_POS] --(BEFORE)--> [EVENT_BEFORE_N/A_ACTUAL_POS] | [EVENT_BEFORE_N/A_ACTUAL_POS] --(BEFORE)--> [EVENT_BEFORE_N/A_ACTUAL_POS],enzymes,CONTAINS,bilan,BEFORE,électromyogramme,BEFORE,bilan,,,,
15,65,FR100519,[EVENT_BEFORE_N/A_ACTUAL_POS] --(CONTAINS)--> [EVENT_BEFORE_N/A_ACTUAL_POS] | [EVENT_BEFORE_N/A_ACTUAL_POS] --(BEFORE)--> [EVENT_BEFORE_N/A_ACTUAL_POS] | [EVENT_BEFORE_N/A_ACTUAL_POS] --(BEFORE)--> [EVENT_BEFORE_N/A_ACTUAL_POS],aspect,CONTAINS,bilan,BEFORE,angioscanner,BEFORE,échodoppler,,,,
15,65,FR100579,[EVENT_BEFORE_N/A_ACTUAL_POS] --(CONTAINS)--> [EVENT_BEFORE_N/A_ACTUAL_POS] | [EVENT_BEFORE_N/A_ACTUAL_POS] --(BEFORE)--> [EVENT_BEFORE_N/A_ACTUAL_POS] | [EVENT_BEFORE_N/A_ACTUAL_POS] --(BEFORE)--> [EVENT_BEFORE_N/A_ACTUAL_POS],processus,CONTAINS,échocardiographie,BEFORE,bilan,BEFORE,recherche,,,,
15,65,FR100589,[EVENT_BEFORE_N/A_ACTUAL_POS] --(CONTAINS)--> [EVENT_BEFORE_N/A_ACTUAL_POS] | [EVENT_BEFORE_N/A_ACTUAL_POS] --(BEFORE)--> [EVENT_BEFORE_N/A_ACTUAL_POS] | [EVENT_BEFORE_N/A_ACTUAL_POS] --(BEFORE)--> [EVENT_BEFORE_N/A_ACTUAL_POS],contexte,CONTAINS,rechercher,BEFORE,bronchoscopie,BEFORE,lavage,,,,
15,65,FR100597,[EVENT_BEFORE_N/A_ACTUAL_POS] --(CONTAINS)--> [EVENT_BEFORE_N/A_ACTUAL_POS] | [EVENT_BEFORE_N/A_ACTUAL_POS] --(BEFORE)--> [EVENT_BEFORE_N/A_ACTUAL_POS] | [EVENT_BEFORE_N/A_ACTUAL_POS] --(BEFORE)--> [EVENT_BEFORE_N/A_ACTUAL_POS],consultation,CONTAINS,examen,BEFORE,examen,BEFORE,examen,,,,
15,65,FR100611,[EVENT_BEFORE_N/A_ACTUAL_POS] --(CONTAINS)--> [EVENT_BEFORE_N/A_ACTUAL_POS] | [EVENT_BEFORE_N/A_ACTUAL_POS] --(BEFORE)--> [EVENT_BEFORE_N/A_ACTUAL_POS] | [EVENT_BEFORE_N/A_ACTUAL_POS] --(BEFORE)--> [EVENT_BEFORE_N/A_ACTUAL_POS],aphasie,CONTAINS,examen,BEFORE,IRM,BEFORE,étude,,,,
15,65,FR100614,[EVENT_BEFORE_N/A_ACTUAL_POS] --(CONTAINS)--> [EVENT_BEFORE_N/A_ACTUAL_POS] | [EVENT_BEFORE_N/A_ACTUAL_POS] --(BEFORE)--> [EVENT_BEFORE_N/A_ACTUAL_POS] | [EVENT_BEFORE_N/A_ACTUAL_POS] --(BEFORE)--> [EVENT_BEFORE_N/A_ACTUAL_POS],masse,CONTAINS,tomodensitométrie,BEFORE,radiographie,BEFORE,taux,,,,
15,65,FR100620,[EVENT_BEFORE_N/A_ACTUAL_POS] --(CONTAINS)--> [EVENT_BEFORE_N/A_ACTUAL_POS] | [EVENT_BEFORE_N/A_ACTUAL_POS] --(BEFORE)--> [EVENT_BEFORE_N/A_ACTUAL_POS] | [EVENT_BEFORE_N/A_ACTUAL_POS] --(BEFORE)--> [EVENT_BEFORE_N/A_ACTUAL_POS],hippocratisme,CONTAINS,examen,BEFORE,radiographie,BEFORE,drainage,,,,
15,65,FR100623,[EVENT_BEFORE_N/A_ACTUAL_POS] --(CONTAINS)--> [EVENT_BEFORE_N/A_ACTUAL_POS] | [EVENT_BEFORE_N/A_ACTUAL_POS] --(BEFORE)--> [EVENT_BEFORE_N/A_ACTUAL_POS] | [EVENT_BEFORE_N/A_ACTUAL_POS] --(BEFORE)--> [EVENT_BEFORE_N/A_ACTUAL_POS],disposition,CONTAINS,tomodensitométrie,BEFORE,retenu,BEFORE,prise,,,,
15,65,FR100629,[EVENT_BEFORE_N/A_ACTUAL_POS] --(CONTAINS)--> [EVENT_BEFORE_N/A_ACTUAL_POS] | [EVENT_BEFORE_N/A_ACTUAL_POS] --(BEFORE)--> [EVENT_BEFORE_N/A_ACTUAL_POS] | [EVENT_BEFORE_N/A_ACTUAL_POS] --(BEFORE)--> [EVENT_BEFORE_N/A_ACTUAL_POS],syndrome,CONTAINS,examen,BEFORE,radiographie,BEFORE,TDM,,,,
15,65,FR100632,[EVENT_BEFORE_N/A_ACTUAL_POS] --(CONTAINS)--> [EVENT_BEFORE_N/A_ACTUAL_POS] | [EVENT_BEFORE_N/A_ACTUAL_POS] --(BEFORE)--> [EVENT_BEFORE_N/A_ACTUAL_POS] | [EVENT_BEFORE_N/A_ACTUAL_POS] --(BEFORE)--> [EVENT_BEFORE_N/A_ACTUAL_POS],état,CONTAINS,examen,BEFORE,examen,BEFORE,IRM,,,,
15,65,FR100658,[EVENT_BEFORE_N/A_ACTUAL_POS] --(CONTAINS)--> [EVENT_BEFORE_N/A_ACTUAL_POS] | [EVENT_BEFORE_N/A_ACTUAL_POS] --(BEFORE)--> [EVENT_BEFORE_N/A_ACTUAL_POS] | [EVENT_BEFORE_N/A_ACTUAL_POS] --(BEFORE)--> [EVENT_BEFORE_N/A_ACTUAL_POS],tolérance,CONTAINS,évaluation,BEFORE,auscultation,BEFORE,examens,,,,
15,65,FR100663,[EVENT_BEFORE_N/A_ACTUAL_POS] --(CONTAINS)--> [EVENT_BEFORE_N/A_ACTUAL_POS] | [EVENT_BEFORE_N/A_ACTUAL_POS] --(BEFORE)--> [EVENT_BEFORE_N/A_ACTUAL_POS] | [EVENT_BEFORE_N/A_ACTUAL_POS] --(BEFORE)--> [EVENT_BEFORE_N/A_ACTUAL_POS],contenait,CONTAINS,échographie,BEFORE,taux,BEFORE,tenté,,,,
15,65,FR100666,[EVENT_BEFORE_N/A_ACTUAL_POS] --(CONTAINS)--> [EVENT_BEFORE_N/A_ACTUAL_POS] | [EVENT_BEFORE_N/A_ACTUAL_POS] --(BEFORE)--> [EVENT_BEFORE_N/A_ACTUAL_POS] | [EVENT_BEFORE_N/A_ACTUAL_POS] --(BEFORE)--> [EVENT_BEFORE_N/A_ACTUAL_POS],sérologie,CONTAINS,bilan,BEFORE,myologramme,BEFORE,bilan,,,,
15,65,FR100683,[EVENT_BEFORE_N/A_ACTUAL_POS] --(CONTAINS)--> [EVENT_BEFORE_N/A_ACTUAL_POS] | [EVENT_BEFORE_N/A_ACTUAL_POS] --(BEFORE)--> [EVENT_BEFORE_N/A_ACTUAL_POS] | [EVENT_BEFORE_N/A_ACTUAL_POS] --(BEFORE)--> [EVENT_BEFORE_N/A_ACTUAL_POS],glycémie,CONTAINS,exploration,BEFORE,exploration,BEFORE,IRM,,,,
15,65,FR100688,[EVENT_BEFORE_N/A_ACTUAL_POS] --(CONTAINS)--> [EVENT_BEFORE_N/A_ACTUAL_POS] | [EVENT_BEFORE_N/A_ACTUAL_POS] --(BEFORE)--> [EVENT_BEFORE_N/A_ACTUAL_POS] | [EVENT_BEFORE_N/A_ACTUAL_POS] --(BEFORE)--> [EVENT_BEFORE_N/A_ACTUAL_POS],érosion,CONTAINS,radiographie,BEFORE,échographie,BEFORE,radiographie,,,,
15,65,FR100689,[EVENT_BEFORE_N/A_ACTUAL_POS] --(CONTAINS)--> [EVENT_BEFORE_N/A_ACTUAL_POS] | [EVENT_BEFORE_N/A_ACTUAL_POS] --(BEFORE)--> [EVENT_BEFORE_N/A_ACTUAL_POS] | [EVENT_BEFORE_N/A_ACTUAL_POS] --(BEFORE)--> [EVENT_BEFORE_N/A_ACTUAL_POS],CRP,CONTAINS,ionogramme,BEFORE,examen,BEFORE,retenu,,,,
15,65,FR100697,[EVENT_BEFORE_N/A_ACTUAL_POS] --(CONTAINS)--> [EVENT_BEFORE_N/A_ACTUAL_POS] | [EVENT_BEFORE_N/A_ACTUAL_POS] --(BEFORE)--> [EVENT_BEFORE_N/A_ACTUAL_POS] | [EVENT_BEFORE_N/A_ACTUAL_POS] --(BEFORE)--> [EVENT_BEFORE_N/A_ACTUAL_POS],rétraction,CONTAINS,mammographie,BEFORE,échographie,BEFORE,examen,,,,
15,65,FR100708,[EVENT_BEFORE_N/A_ACTUAL_POS] --(CONTAINS)--> [EVENT_BEFORE_N/A_ACTUAL_POS] | [EVENT_BEFORE_N/A_ACTUAL_POS] --(BEFORE)--> [EVENT_BEFORE_N/A_ACTUAL_POS] | [EVENT_BEFORE_N/A_ACTUAL_POS] --(BEFORE)--> [EVENT_BEFORE_N/A_ACTUAL_POS],masse,CONTAINS,mammographie,BEFORE,échographie,BEFORE,ponction,,,,
15,65,FR100717,[EVENT_BEFORE_N/A_ACTUAL_POS] --(CONTAINS)--> [EVENT_BEFORE_N/A_ACTUAL_POS] | [EVENT_BEFORE_N/A_ACTUAL_POS] --(BEFORE)--> [EVENT_BEFORE_N/A_ACTUAL_POS] | [EVENT_BEFORE_N/A_ACTUAL_POS] --(BEFORE)--> [EVENT_BEFORE_N/A_ACTUAL_POS],HDL,CONTAINS,examens,BEFORE,scanner,BEFORE,IRM,,,,
15,65,FR100748,[EVENT_BEFORE_N/A_ACTUAL_POS] --(CONTAINS)--> [EVENT_BEFORE_N/A_ACTUAL_POS] | [EVENT_BEFORE_N/A_ACTUAL_POS] --(BEFORE)--> [EVENT_BEFORE_N/A_ACTUAL_POS] | [EVENT_BEFORE_N/A_ACTUAL_POS] --(BEFORE)--> [EVENT_BEFORE_N/A_ACTUAL_POS],hospitalisation,CONTAINS,indication,BEFORE,consultation,BEFORE,ASA,,,,
15,65,FR100766,[EVENT_BEFORE_N/A_ACTUAL_POS] --(CONTAINS)--> [EVENT_BEFORE_N/A_ACTUAL_POS] | [EVENT_BEFORE_N/A_ACTUAL_POS] --(BEFORE)--> [EVENT_BEFORE_N/A_ACTUAL_POS] | [EVENT_BEFORE_N/A_ACTUAL_POS] --(BEFORE)--> [EVENT_BEFORE_N/A_ACTUAL_POS],prolabé,CONTAINS,examen,BEFORE,hospitalisation,BEFORE,traitement,,,,
15,65,FR100780,[EVENT_BEFORE_N/A_ACTUAL_POS] --(CONTAINS)--> [EVENT_BEFORE_N/A_ACTUAL_POS] | [EVENT_BEFORE_N/A_ACTUAL_POS] --(BEFORE)--> [EVENT_BEFORE_N/A_ACTUAL_POS] | [EVENT_BEFORE_N/A_ACTUAL_POS] --(BEFORE)--> [EVENT_BEFORE_N/A_ACTUAL_POS],poids,CONTAINS,examen,BEFORE,toucher,BEFORE,échographie,,,,
15,65,FR100806,[EVENT_BEFORE_N/A_ACTUAL_POS] --(CONTAINS)--> [EVENT_BEFORE_N/A_ACTUAL_POS] | [EVENT_BEFORE_N/A_ACTUAL_POS] --(BEFORE)--> [EVENT_BEFORE_N/A_ACTUAL_POS] | [EVENT_BEFORE_N/A_ACTUAL_POS] --(BEFORE)--> [EVENT_BEFORE_N/A_ACTUAL_POS],TP,CONTAINS,biologie,BEFORE,tomodensitométrie,BEFORE,prise,,,,
15,65,FR100814,[EVENT_BEFORE_N/A_ACTUAL_POS] --(CONTAINS)--> [EVENT_BEFORE_N/A_ACTUAL_POS] | [EVENT_BEFORE_N/A_ACTUAL_POS] --(BEFORE)--> [EVENT_BEFORE_N/A_ACTUAL_POS] | [EVENT_BEFORE_N/A_ACTUAL_POS] --(BEFORE)--> [EVENT_BEFORE_N/A_ACTUAL_POS],processus,CONTAINS,IRM,BEFORE,diagnostic,BEFORE,réséquée,,,,
15,65,FR100826,[EVENT_BEFORE_N/A_ACTUAL_POS] --(CONTAINS)--> [EVENT_BEFORE_N/A_ACTUAL_POS] | [EVENT_BEFORE_N/A_ACTUAL_POS] --(BEFORE)--> [EVENT_BEFORE_N/A_ACTUAL_POS] | [EVENT_BEFORE_N/A_ACTUAL_POS] --(BEFORE)--> [EVENT_BEFORE_N/A_ACTUAL_POS],termine,CONTAINS,bilan,BEFORE,bilan,BEFORE,retenue,,,,
15,65,FR100845,[EVENT_BEFORE_N/A_ACTUAL_POS] --(CONTAINS)--> [EVENT_BEFORE_N/A_ACTUAL_POS] | [EVENT_BEFORE_N/A_ACTUAL_POS] --(BEFORE)--> [EVENT_BEFORE_N/A_ACTUAL_POS] | [EVENT_BEFORE_N/A_ACTUAL_POS] --(BEFORE)--> [EVENT_BEFORE_N/A_ACTUAL_POS],consciente,CONTAINS,examen,BEFORE,examen,BEFORE,échographie,,,,
15,65,FR100870,[EVENT_BEFORE_N/A_ACTUAL_POS] --(CONTAINS)--> [EVENT_BEFORE_N/A_ACTUAL_POS] | [EVENT_BEFORE_N/A_ACTUAL_POS] --(BEFORE)--> [EVENT_BEFORE_N/A_ACTUAL_POS] | [EVENT_BEFORE_N/A_ACTUAL_POS] --(BEFORE)--> [EVENT_BEFORE_N/A_ACTUAL_POS],calcémie,CONTAINS,bilan,BEFORE,IRM,BEFORE,électrophorèse,,,,
15,65,FR100874,[EVENT_BEFORE_N/A_ACTUAL_POS] --(CONTAINS)--> [EVENT_BEFORE_N/A_ACTUAL_POS] | [EVENT_BEFORE_N/A_ACTUAL_POS] --(BEFORE)--> [EVENT_BEFORE_N/A_ACTUAL_POS] | [EVENT_BEFORE_N/A_ACTUAL_POS] --(BEFORE)--> [EVENT_BEFORE_N/A_ACTUAL_POS],diverticule,CONTAINS,retenu,BEFORE,mise,BEFORE,diverticulectomie,,,,
15,65,FR100882,[EVENT_BEFORE_N/A_ACTUAL_POS] --(CONTAINS)--> [EVENT_BEFORE_N/A_ACTUAL_POS] | [EVENT_BEFORE_N/A_ACTUAL_POS] --(BEFORE)--> [EVENT_BEFORE_N/A_ACTUAL_POS] | [EVENT_BEFORE_N/A_ACTUAL_POS] --(BEFORE)--> [EVENT_BEFORE_N/A_ACTUAL_POS],parésie,CONTAINS,examen,BEFORE,examen,BEFORE,examen,,,,
15,65,FR100883,[EVENT_BEFORE_N/A_ACTUAL_POS] --(CONTAINS)--> [EVENT_BEFORE_N/A_ACTUAL_POS] | [EVENT_BEFORE_N/A_ACTUAL_POS] --(BEFORE)--> [EVENT_BEFORE_N/A_ACTUAL_POS] | [EVENT_BEFORE_N/A_ACTUAL_POS] --(BEFORE)--> [EVENT_BEFORE_N/A_ACTUAL_POS],admission,CONTAINS,TDM,BEFORE,biopsie,BEFORE,bilan,,,,
15,65,FR100894,[EVENT_BEFORE_N/A_ACTUAL_POS] --(CONTAINS)--> [EVENT_BEFORE_N/A_ACTUAL_POS] | [EVENT_BEFORE_N/A_ACTUAL_POS] --(BEFORE)--> [EVENT_BEFORE_N/A_ACTUAL_POS] | [EVENT_BEFORE_N/A_ACTUAL_POS] --(BEFORE)--> [EVENT_BEFORE_N/A_ACTUAL_POS],syndrome,CONTAINS,diagnostic,BEFORE,pris,BEFORE,incision,,,,
15,65,FR100903,[EVENT_BEFORE_N/A_ACTUAL_POS] --(CONTAINS)--> [EVENT_BEFORE_N/A_ACTUAL_POS] | [EVENT_BEFORE_N/A_ACTUAL_POS] --(BEFORE)--> [EVENT_BEFORE_N/A_ACTUAL_POS] | [EVENT_BEFORE_N/A_ACTUAL_POS] --(BEFORE)--> [EVENT_BEFORE_N/A_ACTUAL_POS],biométrie,CONTAINS,échographie,BEFORE,IRM,BEFORE,diagnostic,,,,
15,65,FR100946,[EVENT_BEFORE_N/A_ACTUAL_POS] --(CONTAINS)--> [EVENT_BEFORE_N/A_ACTUAL_POS] | [EVENT_BEFORE_N/A_ACTUAL_POS] --(BEFORE)--> [EVENT_BEFORE_N/A_ACTUAL_POS] | [EVENT_BEFORE_N/A_ACTUAL_POS] --(BEFORE)--> [EVENT_BEFORE_N/A_ACTUAL_POS],lésion,CONTAINS,IRM,BEFORE,analyse,BEFORE,mise,,,,
15,65,FR100959,[EVENT_BEFORE_N/A_ACTUAL_POS] --(CONTAINS)--> [EVENT_BEFORE_N/A_ACTUAL_POS] | [EVENT_BEFORE_N/A_ACTUAL_POS] --(BEFORE)--> [EVENT_BEFORE_N/A_ACTUAL_POS] | [EVENT_BEFORE_N/A_ACTUAL_POS] --(BEFORE)--> [EVENT_BEFORE_N/A_ACTUAL_POS],admis,CONTAINS,œsophagoscopie,BEFORE,Transit,BEFORE,notée,,,,
15,65,FR100996,[EVENT_BEFORE_N/A_ACTUAL_POS] --(CONTAINS)--> [EVENT_BEFORE_N/A_ACTUAL_POS] | [EVENT_BEFORE_N/A_ACTUAL_POS] --(BEFORE)--> [EVENT_BEFORE_N/A_ACTUAL_POS] | [EVENT_BEFORE_N/A_ACTUAL_POS] --(BEFORE)--> [EVENT_BEFORE_N/A_ACTUAL_POS],sac,CONTAINS,tomodensitométrie,BEFORE,injection,BEFORE,retenu,,,,
15,65,FR100998,[EVENT_BEFORE_N/A_ACTUAL_POS] --(CONTAINS)--> [EVENT_BEFORE_N/A_ACTUAL_POS] | [EVENT_BEFORE_N/A_ACTUAL_POS] --(BEFORE)--> [EVENT_BEFORE_N/A_ACTUAL_POS] | [EVENT_BEFORE_N/A_ACTUAL_POS] --(BEFORE)--> [EVENT_BEFORE_N/A_ACTUAL_POS],inflammation,CONTAINS,diagnostic,BEFORE,traitée,BEFORE,bilan,,,,
0,63,FR100003,[EVENT_BEFORE_N/A_ACTUAL_POS] --(CONTAINS)--> [EVENT_BEFORE_N/A_ACTUAL_POS] | [EVENT_BEFORE_N/A_ACTUAL_POS] --(CONTAINS)--> [EVENT_BEFORE_N/A_ACTUAL_POS],observation,CONTAINS,consulte,[RETOUR],observation,CONTAINS,Lexamen,,,,
0,63,FR100078,[EVENT_BEFORE_N/A_ACTUAL_POS] --(CONTAINS)--> [EVENT_BEFORE_N/A_ACTUAL_POS] | [EVENT_BEFORE_N/A_ACTUAL_POS] --(CONTAINS)--> [EVENT_BEFORE_N/A_ACTUAL_POS],signes,CONTAINS,diagnostic,[RETOUR],signes,CONTAINS,C-réactive,,,,
0,63,FR100092,[EVENT_BEFORE_N/A_ACTUAL_POS] --(CONTAINS)--> [EVENT_BEFORE_N/A_ACTUAL_POS] | [EVENT_BEFORE_N/A_ACTUAL_POS] --(CONTAINS)--> [EVENT_BEFORE_N/A_ACTUAL_POS],minilaparotomie,CONTAINS,exploration,[RETOUR],minilaparotomie,CONTAINS,salpingectomie,,,,
0,63,FR100130,[EVENT_BEFORE_N/A_ACTUAL_POS] --(CONTAINS)--> [EVENT_BEFORE_N/A_ACTUAL_POS] | [EVENT_BEFORE_N/A_ACTUAL_POS] --(CONTAINS)--> [EVENT_BEFORE_N/A_ACTUAL_POS],traité,CONTAINS,kinésithérapie,[RETOUR],traité,CONTAINS,amélioration,,,,
0,63,FR100132,[EVENT_BEFORE_N/A_ACTUAL_POS] --(CONTAINS)--> [EVENT_BEFORE_N/A_ACTUAL_POS] | [EVENT_BEFORE_N/A_ACTUAL_POS] --(CONTAINS)--> [EVENT_BEFORE_N/A_ACTUAL_POS],examen,CONTAINS,tension,[RETOUR],examen,CONTAINS,angiographie,,,,
0,63,FR100142,[EVENT_BEFORE_N/A_ACTUAL_POS] --(CONTAINS)--> [EVENT_BEFORE_N/A_ACTUAL_POS] | [EVENT_BEFORE_N/A_ACTUAL_POS] --(CONTAINS)--> [EVENT_BEFORE_N/A_ACTUAL_POS],lésions,CONTAINS,apparition,[RETOUR],lésions,CONTAINS,examen,,,,
0,63,FR100161,[EVENT_BEFORE_N/A_ACTUAL_POS] --(CONTAINS)--> [EVENT_BEFORE_N/A_ACTUAL_POS] | [EVENT_BEFORE_N/A_ACTUAL_POS] --(CONTAINS)--> [EVENT_BEFORE_N/A_ACTUAL_POS],génotype,CONTAINS,Fibro,[RETOUR],génotype,CONTAINS,Acti tests,,,,
0,63,FR100168,[EVENT_BEFORE_N/A_ACTUAL_POS] --(CONTAINS)--> [EVENT_BEFORE_N/A_ACTUAL_POS] | [EVENT_BEFORE_N/A_ACTUAL_POS] --(CONTAINS)--> [EVENT_BEFORE_N/A_ACTUAL_POS],plaquettes,CONTAINS,bilan,[RETOUR],plaquettes,CONTAINS,bilan,,,,
0,63,FR100185,[EVENT_BEFORE_N/A_ACTUAL_POS] --(CONTAINS)--> [EVENT_BEFORE_N/A_ACTUAL_POS] | [EVENT_BEFORE_N/A_ACTUAL_POS] --(CONTAINS)--> [EVENT_BEFORE_N/A_ACTUAL_POS],accuse,CONTAINS,Electromyogramme,[RETOUR],accuse,CONTAINS,examen,,,,
0,63,FR100255,[EVENT_BEFORE_N/A_ACTUAL_POS] --(CONTAINS)--> [EVENT_BEFORE_N/A_ACTUAL_POS] | [EVENT_BEFORE_N/A_ACTUAL_POS] --(CONTAINS)--> [EVENT_BEFORE_N/A_ACTUAL_POS],bilan,CONTAINS,bilan,[RETOUR],bilan,CONTAINS,ionogramme,,,,
0,63,FR100275,[EVENT_BEFORE_N/A_ACTUAL_POS] --(CONTAINS)--> [EVENT_BEFORE_N/A_ACTUAL_POS] | [EVENT_BEFORE_N/A_ACTUAL_POS] --(CONTAINS)--> [EVENT_BEFORE_N/A_ACTUAL_POS],hospitalisation,CONTAINS,évolution,[RETOUR],hospitalisation,CONTAINS,bilan,,,,
0,63,FR100276,[EVENT_BEFORE_N/A_ACTUAL_POS] --(CONTAINS)--> [EVENT_BEFORE_N/A_ACTUAL_POS] | [EVENT_BEFORE_N/A_ACTUAL_POS] --(CONTAINS)--> [EVENT_BEFORE_N/A_ACTUAL_POS],bilan,CONTAINS,bilan,[RETOUR],bilan,CONTAINS,bilan,,,,
0,63,FR100283,[EVENT_BEFORE_N/A_ACTUAL_POS] --(CONTAINS)--> [EVENT_BEFORE_N/A_ACTUAL_POS] | [EVENT_BEFORE_N/A_ACTUAL_POS] --(CONTAINS)--> [EVENT_BEFORE_N/A_ACTUAL_POS],traitement,CONTAINS,opothérapie,[RETOUR],traitement,CONTAINS,antibiothérapie,,,,
0,63,FR100296,[EVENT_BEFORE_N/A_ACTUAL_POS] --(CONTAINS)--> [EVENT_BEFORE_N/A_ACTUAL_POS] | [EVENT_BEFORE_N/A_ACTUAL_POS] --(CONTAINS)--> [EVENT_BEFORE_N/A_ACTUAL_POS],fenestration,CONTAINS,geste,[RETOUR],fenestration,CONTAINS,ablation,,,,
0,63,FR100344,[EVENT_BEFORE_N/A_ACTUAL_POS] --(CONTAINS)--> [EVENT_BEFORE_N/A_ACTUAL_POS] | [EVENT_BEFORE_N/A_ACTUAL_POS] --(CONTAINS)--> [EVENT_BEFORE_N/A_ACTUAL_POS],grossesse,CONTAINS,contrôle,[RETOUR],grossesse,CONTAINS,échographie,,,,
0,63,FR100346,[EVENT_BEFORE_N/A_ACTUAL_POS] --(CONTAINS)--> [EVENT_BEFORE_N/A_ACTUAL_POS] | [EVENT_BEFORE_N/A_ACTUAL_POS] --(CONTAINS)--> [EVENT_BEFORE_N/A_ACTUAL_POS],enquête,CONTAINS,bilan,[RETOUR],enquête,CONTAINS,réalisé,,,,
0,63,FR100360,[EVENT_BEFORE_N/A_ACTUAL_POS] --(CONTAINS)--> [EVENT_BEFORE_N/A_ACTUAL_POS] | [EVENT_BEFORE_N/A_ACTUAL_POS] --(CONTAINS)--> [EVENT_BEFORE_N/A_ACTUAL_POS],colpohystérectomie,CONTAINS,annexectomie,[RETOUR],colpohystérectomie,CONTAINS,curage,,,,
0,63,FR100361,[EVENT_BEFORE_N/A_ACTUAL_POS] --(CONTAINS)--> [EVENT_BEFORE_N/A_ACTUAL_POS] | [EVENT_BEFORE_N/A_ACTUAL_POS] --(CONTAINS)--> [EVENT_BEFORE_N/A_ACTUAL_POS],englobe,CONTAINS,TDM,[RETOUR],englobe,CONTAINS,étude,,,,
0,63,FR100371,[EVENT_BEFORE_N/A_ACTUAL_POS] --(CONTAINS)--> [EVENT_BEFORE_N/A_ACTUAL_POS] | [EVENT_BEFORE_N/A_ACTUAL_POS] --(CONTAINS)--> [EVENT_BEFORE_N/A_ACTUAL_POS],ablation,CONTAINS,incision,[RETOUR],ablation,CONTAINS,hémostase,,,,
0,63,FR100400,[EVENT_BEFORE_N/A_ACTUAL_POS] --(CONTAINS)--> [EVENT_BEFORE_N/A_ACTUAL_POS] | [EVENT_BEFORE_N/A_ACTUAL_POS] --(CONTAINS)--> [EVENT_BEFORE_N/A_ACTUAL_POS],suivie,CONTAINS,consultation,[RETOUR],suivie,CONTAINS,contrôles,,,,
0,63,FR100439,[EVENT_BEFORE_N/A_ACTUAL_POS] --(CONTAINS)--> [EVENT_BEFORE_N/A_ACTUAL_POS] | [EVENT_BEFORE_N/A_ACTUAL_POS] --(CONTAINS)--> [EVENT_BEFORE_N/A_ACTUAL_POS],traitement,CONTAINS,irradiation,[RETOUR],traitement,CONTAINS,chimiothérapie,,,,
0,63,FR100453,[EVENT_BEFORE_N/A_ACTUAL_POS] --(CONTAINS)--> [EVENT_BEFORE_N/A_ACTUAL_POS] | [EVENT_BEFORE_N/A_ACTUAL_POS] --(CONTAINS)--> [EVENT_BEFORE_N/A_ACTUAL_POS],développement,CONTAINS,examen,[RETOUR],développement,CONTAINS,examen,,,,
0,63,FR100510,[EVENT_BEFORE_N/A_ACTUAL_POS] --(CONTAINS)--> [EVENT_BEFORE_N/A_ACTUAL_POS] | [EVENT_BEFORE_N/A_ACTUAL_POS] --(CONTAINS)--> [EVENT_BEFORE_N/A_ACTUAL_POS],kyste,CONTAINS,données,[RETOUR],kyste,CONTAINS,biopsie,,,,
0,63,FR100515,[EVENT_BEFORE_N/A_ACTUAL_POS] --(CONTAINS)--> [EVENT_BEFORE_N/A_ACTUAL_POS] | [EVENT_BEFORE_N/A_ACTUAL_POS] --(CONTAINS)--> [EVENT_BEFORE_N/A_ACTUAL_POS],atteinte,CONTAINS,testing,[RETOUR],atteinte,CONTAINS,hospitalisée,,,,
0,63,FR100517,[EVENT_BEFORE_N/A_ACTUAL_POS] --(CONTAINS)--> [EVENT_BEFORE_N/A_ACTUAL_POS] | [EVENT_BEFORE_N/A_ACTUAL_POS] --(CONTAINS)--> [EVENT_BEFORE_N/A_ACTUAL_POS],bilan,CONTAINS,radiographie,[RETOUR],bilan,CONTAINS,fibroscopie,,,,
0,63,FR100519,[EVENT_BEFORE_N/A_ACTUAL_POS] --(CONTAINS)--> [EVENT_BEFORE_N/A_ACTUAL_POS] | [EVENT_BEFORE_N/A_ACTUAL_POS] --(CONTAINS)--> [EVENT_BEFORE_N/A_ACTUAL_POS],embolie,CONTAINS,angioscanner,[RETOUR],embolie,CONTAINS,retenue,,,,
0,63,FR100579,[EVENT_BEFORE_N/A_ACTUAL_POS] --(CONTAINS)--> [EVENT_BEFORE_N/A_ACTUAL_POS] | [EVENT_BEFORE_N/A_ACTUAL_POS] --(CONTAINS)--> [EVENT_BEFORE_N/A_ACTUAL_POS],processus,CONTAINS,échocardiographie,[RETOUR],processus,CONTAINS,imagerie,,,,
0,63,FR100589,[EVENT_BEFORE_N/A_ACTUAL_POS] --(CONTAINS)--> [EVENT_BEFORE_N/A_ACTUAL_POS] | [EVENT_BEFORE_N/A_ACTUAL_POS] --(CONTAINS)--> [EVENT_BEFORE_N/A_ACTUAL_POS],bilan,CONTAINS,tomodensitométrie,[RETOUR],bilan,CONTAINS,frottis,,,,
0,63,FR100597,[EVENT_BEFORE_N/A_ACTUAL_POS] --(CONTAINS)--> [EVENT_BEFORE_N/A_ACTUAL_POS] | [EVENT_BEFORE_N/A_ACTUAL_POS] --(CONTAINS)--> [EVENT_BEFORE_N/A_ACTUAL_POS],gestes,CONTAINS,annexectomie,[RETOUR],gestes,CONTAINS,exérèse,,,,
0,63,FR100611,[EVENT_BEFORE_N/A_ACTUAL_POS] --(CONTAINS)--> [EVENT_BEFORE_N/A_ACTUAL_POS] | [EVENT_BEFORE_N/A_ACTUAL_POS] --(CONTAINS)--> [EVENT_BEFORE_N/A_ACTUAL_POS],traitement,CONTAINS,bithérapie,[RETOUR],traitement,CONTAINS,quadrithérapie,,,,
0,63,FR100614,[EVENT_BEFORE_N/A_ACTUAL_POS] --(CONTAINS)--> [EVENT_BEFORE_N/A_ACTUAL_POS] | [EVENT_BEFORE_N/A_ACTUAL_POS] --(CONTAINS)--> [EVENT_BEFORE_N/A_ACTUAL_POS],masse,CONTAINS,examen,[RETOUR],masse,CONTAINS,tomodensitométrie,,,,
0,63,FR100620,[EVENT_BEFORE_N/A_ACTUAL_POS] --(CONTAINS)--> [EVENT_BEFORE_N/A_ACTUAL_POS] | [EVENT_BEFORE_N/A_ACTUAL_POS] --(CONTAINS)--> [EVENT_BEFORE_N/A_ACTUAL_POS],toux,CONTAINS,présenté,[RETOUR],toux,CONTAINS,expectorations,,,,
0,63,FR100629,[EVENT_BEFORE_N/A_ACTUAL_POS] --(CONTAINS)--> [EVENT_BEFORE_N/A_ACTUAL_POS] | [EVENT_BEFORE_N/A_ACTUAL_POS] --(CONTAINS)--> [EVENT_BEFORE_N/A_ACTUAL_POS],thoracoscopie,CONTAINS,biopsie,[RETOUR],thoracoscopie,CONTAINS,immuno histochimie,,,,
0,63,FR100632,[EVENT_BEFORE_N/A_ACTUAL_POS] --(CONTAINS)--> [EVENT_BEFORE_N/A_ACTUAL_POS] | [EVENT_BEFORE_N/A_ACTUAL_POS] --(CONTAINS)--> [EVENT_BEFORE_N/A_ACTUAL_POS],étude,CONTAINS,culture,[RETOUR],étude,CONTAINS,recherche,,,,
0,63,FR100658,[EVENT_BEFORE_N/A_ACTUAL_POS] --(CONTAINS)--> [EVENT_BEFORE_N/A_ACTUAL_POS] | [EVENT_BEFORE_N/A_ACTUAL_POS] --(CONTAINS)--> [EVENT_BEFORE_N/A_ACTUAL_POS],monitorage,CONTAINS,enregistrement,[RETOUR],monitorage,CONTAINS,capnographie,,,,
0,63,FR100663,[EVENT_BEFORE_N/A_ACTUAL_POS] --(CONTAINS)--> [EVENT_BEFORE_N/A_ACTUAL_POS] | [EVENT_BEFORE_N/A_ACTUAL_POS] --(CONTAINS)--> [EVENT_BEFORE_N/A_ACTUAL_POS],contenait,CONTAINS,longueur,[RETOUR],contenait,CONTAINS,échographie,,,,
0,63,FR100666,[EVENT_BEFORE_N/A_ACTUAL_POS] --(CONTAINS)--> [EVENT_BEFORE_N/A_ACTUAL_POS] | [EVENT_BEFORE_N/A_ACTUAL_POS] --(CONTAINS)--> [EVENT_BEFORE_N/A_ACTUAL_POS],polychimiothérapie,CONTAINS,COP,[RETOUR],polychimiothérapie,CONTAINS,radiothérapie,,,,
0,63,FR100683,[EVENT_BEFORE_N/A_ACTUAL_POS] --(CONTAINS)--> [EVENT_BEFORE_N/A_ACTUAL_POS] | [EVENT_BEFORE_N/A_ACTUAL_POS] --(CONTAINS)--> [EVENT_BEFORE_N/A_ACTUAL_POS],évolution,CONTAINS,apparition,[RETOUR],évolution,CONTAINS,augmentation,,,,
0,63,FR100688,[EVENT_BEFORE_N/A_ACTUAL_POS] --(CONTAINS)--> [EVENT_BEFORE_N/A_ACTUAL_POS] | [EVENT_BEFORE_N/A_ACTUAL_POS] --(CONTAINS)--> [EVENT_BEFORE_N/A_ACTUAL_POS],Bacille,CONTAINS,culture,[RETOUR],Bacille,CONTAINS,analyse,,,,
0,63,FR100689,[EVENT_BEFORE_N/A_ACTUAL_POS] --(CONTAINS)--> [EVENT_BEFORE_N/A_ACTUAL_POS] | [EVENT_BEFORE_N/A_ACTUAL_POS] --(CONTAINS)--> [EVENT_BEFORE_N/A_ACTUAL_POS],évolution,CONTAINS,apparition,[RETOUR],évolution,CONTAINS,admission,,,,
0,63,FR100697,[EVENT_BEFORE_N/A_ACTUAL_POS] --(CONTAINS)--> [EVENT_BEFORE_N/A_ACTUAL_POS] | [EVENT_BEFORE_N/A_ACTUAL_POS] --(CONTAINS)--> [EVENT_BEFORE_N/A_ACTUAL_POS],bilan,CONTAINS,biopsie,[RETOUR],bilan,CONTAINS,échographie,,,,
0,63,FR100717,[EVENT_BEFORE_N/A_ACTUAL_POS] --(CONTAINS)--> [EVENT_BEFORE_N/A_ACTUAL_POS] | [EVENT_BEFORE_N/A_ACTUAL_POS] --(CONTAINS)--> [EVENT_BEFORE_N/A_ACTUAL_POS],épaississement,CONTAINS,IRM,[RETOUR],épaississement,CONTAINS,hypersignal,,,,
0,63,FR100748,[EVENT_BEFORE_N/A_ACTUAL_POS] --(CONTAINS)--> [EVENT_BEFORE_N/A_ACTUAL_POS] | [EVENT_BEFORE_N/A_ACTUAL_POS] --(CONTAINS)--> [EVENT_BEFORE_N/A_ACTUAL_POS],hospitalisation,CONTAINS,indication,[RETOUR],hospitalisation,CONTAINS,reste,,,,
0,63,FR100780,[EVENT_BEFORE_N/A_ACTUAL_POS] --(CONTAINS)--> [EVENT_BEFORE_N/A_ACTUAL_POS] | [EVENT_BEFORE_N/A_ACTUAL_POS] --(CONTAINS)--> [EVENT_BEFORE_N/A_ACTUAL_POS],circuit,CONTAINS,héparine,[RETOUR],circuit,CONTAINS,héparine,,,,
0,63,FR100806,[EVENT_BEFORE_N/A_ACTUAL_POS] --(CONTAINS)--> [EVENT_BEFORE_N/A_ACTUAL_POS] | [EVENT_BEFORE_N/A_ACTUAL_POS] --(CONTAINS)--> [EVENT_BEFORE_N/A_ACTUAL_POS],dialyse,CONTAINS,crise,[RETOUR],dialyse,CONTAINS,séances,,,,
0,63,FR100814,[EVENT_BEFORE_N/A_ACTUAL_POS] --(CONTAINS)--> [EVENT_BEFORE_N/A_ACTUAL_POS] | [EVENT_BEFORE_N/A_ACTUAL_POS] --(CONTAINS)--> [EVENT_BEFORE_N/A_ACTUAL_POS],IRM,CONTAINS,hypersignal,[RETOUR],IRM,CONTAINS,iso-signal,,,,
0,63,FR100845,[EVENT_BEFORE_N/A_ACTUAL_POS] --(CONTAINS)--> [EVENT_BEFORE_N/A_ACTUAL_POS] | [EVENT_BEFORE_N/A_ACTUAL_POS] --(CONTAINS)--> [EVENT_BEFORE_N/A_ACTUAL_POS],examen,CONTAINS,BCF,[RETOUR],examen,CONTAINS,spéculum,,,,
0,63,FR100874,[EVENT_BEFORE_N/A_ACTUAL_POS] --(CONTAINS)--> [EVENT_BEFORE_N/A_ACTUAL_POS] | [EVENT_BEFORE_N/A_ACTUAL_POS] --(CONTAINS)--> [EVENT_BEFORE_N/A_ACTUAL_POS],examen,CONTAINS,constantes,[RETOUR],examen,CONTAINS,reste,,,,
0,63,FR100883,[EVENT_BEFORE_N/A_ACTUAL_POS] --(CONTAINS)--> [EVENT_BEFORE_N/A_ACTUAL_POS] | [EVENT_BEFORE_N/A_ACTUAL_POS] --(CONTAINS)--> [EVENT_BEFORE_N/A_ACTUAL_POS],reçu,CONTAINS,radiothérapie,[RETOUR],reçu,CONTAINS,cures,,,,
0,63,FR100894,[EVENT_BEFORE_N/A_ACTUAL_POS] --(CONTAINS)--> [EVENT_BEFORE_N/A_ACTUAL_POS] | [EVENT_BEFORE_N/A_ACTUAL_POS] --(CONTAINS)--> [EVENT_BEFORE_N/A_ACTUAL_POS],incision,CONTAINS,décompression,[RETOUR],incision,CONTAINS,section,,,,
0,63,FR100903,[EVENT_BEFORE_N/A_ACTUAL_POS] --(CONTAINS)--> [EVENT_BEFORE_N/A_ACTUAL_POS] | [EVENT_BEFORE_N/A_ACTUAL_POS] --(CONTAINS)--> [EVENT_BEFORE_N/A_ACTUAL_POS],hydrops,CONTAINS,diagnostic,[RETOUR],hydrops,CONTAINS,circonférence,,,,
0,63,FR100925,[EVENT_BEFORE_N/A_ACTUAL_POS] --(CONTAINS)--> [EVENT_BEFORE_N/A_ACTUAL_POS] | [EVENT_BEFORE_N/A_ACTUAL_POS] --(CONTAINS)--> [EVENT_BEFORE_N/A_ACTUAL_POS],pic,CONTAINS,arguments,[RETOUR],pic,CONTAINS,électrophorèse,,,,
0,63,FR100944,[EVENT_BEFORE_N/A_ACTUAL_POS] --(CONTAINS)--> [EVENT_BEFORE_N/A_ACTUAL_POS] | [EVENT_BEFORE_N/A_ACTUAL_POS] --(CONTAINS)--> [EVENT_BEFORE_N/A_ACTUAL_POS],suivi,CONTAINS,échocardiographique,[RETOUR],suivi,CONTAINS,hospitalisé,,,,
0,63,FR100959,[EVENT_BEFORE_N/A_ACTUAL_POS] --(CONTAINS)--> [EVENT_BEFORE_N/A_ACTUAL_POS] | [EVENT_BEFORE_N/A_ACTUAL_POS] --(CONTAINS)--> [EVENT_BEFORE_N/A_ACTUAL_POS],œsophagoscopie,CONTAINS,permis,[RETOUR],œsophagoscopie,CONTAINS,extraction,,,,
0,63,FR100960,[EVENT_BEFORE_N/A_ACTUAL_POS] --(CONTAINS)--> [EVENT_BEFORE_N/A_ACTUAL_POS] | [EVENT_BEFORE_N/A_ACTUAL_POS] --(CONTAINS)--> [EVENT_BEFORE_N/A_ACTUAL_POS],récidive,CONTAINS,scanner,[RETOUR],récidive,CONTAINS,localisation,,,,
0,63,FR100994,[EVENT_BEFORE_N/A_ACTUAL_POS] --(CONTAINS)--> [EVENT_BEFORE_N/A_ACTUAL_POS] | [EVENT_BEFORE_N/A_ACTUAL_POS] --(CONTAINS)--> [EVENT_BEFORE_N/A_ACTUAL_POS],cancer,CONTAINS,suivi,[RETOUR],cancer,CONTAINS,suivi,,,,
0,63,FR100998,[EVENT_BEFORE_N/A_ACTUAL_POS] --(CONTAINS)--> [EVENT_BEFORE_N/A_ACTUAL_POS] | [EVENT_BEFORE_N/A_ACTUAL_POS] --(CONTAINS)--> [EVENT_BEFORE_N/A_ACTUAL_POS],traitée,CONTAINS,cures,[RETOUR],traitée,CONTAINS,développé,,,,
132,61,FR100003,[EVENT_BEFORE_N/A_ACTUAL_POS] --(BEFORE)--> [EVENT_BEFORE_N/A_ACTUAL_POS] | [EVENT_BEFORE_N/A_ACTUAL_POS] --(BEFORE)--> [EVENT_BEFORE_N/A_ACTUAL_POS] | [EVENT_BEFORE_N/A_ACTUAL_POS] --(BEFORE)--> [EVENT_BEFORE_N/A_ACTUAL_POS],injection,BEFORE,ponction,BEFORE,examen,BEFORE,examen,,,,
132,61,FR100092,[EVENT_BEFORE_N/A_ACTUAL_POS] --(BEFORE)--> [EVENT_BEFORE_N/A_ACTUAL_POS] | [EVENT_BEFORE_N/A_ACTUAL_POS] --(BEFORE)--> [EVENT_BEFORE_N/A_ACTUAL_POS] | [EVENT_BEFORE_N/A_ACTUAL_POS] --(BEFORE)--> [EVENT_BEFORE_N/A_ACTUAL_POS],examen,BEFORE,examen,BEFORE,examen,BEFORE,échographie,,,,
132,61,FR100120,[EVENT_BEFORE_N/A_ACTUAL_POS] --(BEFORE)--> [EVENT_BEFORE_N/A_ACTUAL_POS] | [EVENT_BEFORE_N/A_ACTUAL_POS] --(BEFORE)--> [EVENT_BEFORE_N/A_ACTUAL_POS] | [EVENT_BEFORE_N/A_ACTUAL_POS] --(BEFORE)--> [EVENT_BEFORE_N/A_ACTUAL_POS],rattaché,BEFORE,traitement,BEFORE,retirées,BEFORE,conclure,,,,
132,61,FR100130,[EVENT_BEFORE_N/A_ACTUAL_POS] --(BEFORE)--> [EVENT_BEFORE_N/A_ACTUAL_POS] | [EVENT_BEFORE_N/A_ACTUAL_POS] --(BEFORE)--> [EVENT_BEFORE_N/A_ACTUAL_POS] | [EVENT_BEFORE_N/A_ACTUAL_POS] --(BEFORE)--> [EVENT_BEFORE_N/A_ACTUAL_POS],électromyogramme,BEFORE,confirmé,BEFORE,recherche,BEFORE,séjour,,,,
132,61,FR100132,[EVENT_BEFORE_N/A_ACTUAL_POS] --(BEFORE)--> [EVENT_BEFORE_N/A_ACTUAL_POS] | [EVENT_BEFORE_N/A_ACTUAL_POS] --(BEFORE)--> [EVENT_BEFORE_N/A_ACTUAL_POS] | [EVENT_BEFORE_N/A_ACTUAL_POS] --(BEFORE)--> [EVENT_BEFORE_N/A_ACTUAL_POS],palpation,BEFORE,histologie,BEFORE,examen,BEFORE,écho-Doppler,,,,
132,61,FR100142,[EVENT_BEFORE_N/A_ACTUAL_POS] --(BEFORE)--> [EVENT_BEFORE_N/A_ACTUAL_POS] | [EVENT_BEFORE_N/A_ACTUAL_POS] --(BEFORE)--> [EVENT_BEFORE_N/A_ACTUAL_POS] | [EVENT_BEFORE_N/A_ACTUAL_POS] --(BEFORE)--> [EVENT_BEFORE_N/A_ACTUAL_POS],scanner,BEFORE,fibroscopie,BEFORE,biopsie,BEFORE,mis,,,,
132,61,FR100161,[EVENT_BEFORE_N/A_ACTUAL_POS] --(BEFORE)--> [EVENT_BEFORE_N/A_ACTUAL_POS] | [EVENT_BEFORE_N/A_ACTUAL_POS] --(BEFORE)--> [EVENT_BEFORE_N/A_ACTUAL_POS] | [EVENT_BEFORE_N/A_ACTUAL_POS] --(BEFORE)--> [EVENT_BEFORE_N/A_ACTUAL_POS],complément,BEFORE,cortisol,BEFORE,exérèse,BEFORE,examen,,,,
132,61,FR100168,[EVENT_BEFORE_N/A_ACTUAL_POS] --(BEFORE)--> [EVENT_BEFORE_N/A_ACTUAL_POS] | [EVENT_BEFORE_N/A_ACTUAL_POS] --(BEFORE)--> [EVENT_BEFORE_N/A_ACTUAL_POS] | [EVENT_BEFORE_N/A_ACTUAL_POS] --(BEFORE)--> [EVENT_BEFORE_N/A_ACTUAL_POS],transfusion,BEFORE,bilan,BEFORE,tests,BEFORE,entretien,,,,
132,61,FR100255,[EVENT_BEFORE_N/A_ACTUAL_POS] --(BEFORE)--> [EVENT_BEFORE_N/A_ACTUAL_POS] | [EVENT_BEFORE_N/A_ACTUAL_POS] --(BEFORE)--> [EVENT_BEFORE_N/A_ACTUAL_POS] | [EVENT_BEFORE_N/A_ACTUAL_POS] --(BEFORE)--> [EVENT_BEFORE_N/A_ACTUAL_POS],admise,BEFORE,examen,BEFORE,examen,BEFORE,échographie,,,,
132,61,FR100275,[EVENT_BEFORE_N/A_ACTUAL_POS] --(BEFORE)--> [EVENT_BEFORE_N/A_ACTUAL_POS] | [EVENT_BEFORE_N/A_ACTUAL_POS] --(BEFORE)--> [EVENT_BEFORE_N/A_ACTUAL_POS] | [EVENT_BEFORE_N/A_ACTUAL_POS] --(BEFORE)--> [EVENT_BEFORE_N/A_ACTUAL_POS],établi,BEFORE,manœuvres,BEFORE,transféré,BEFORE,anamnèse,,,,
132,61,FR100276,[EVENT_BEFORE_N/A_ACTUAL_POS] --(BEFORE)--> [EVENT_BEFORE_N/A_ACTUAL_POS] | [EVENT_BEFORE_N/A_ACTUAL_POS] --(BEFORE)--> [EVENT_BEFORE_N/A_ACTUAL_POS] | [EVENT_BEFORE_N/A_ACTUAL_POS] --(BEFORE)--> [EVENT_BEFORE_N/A_ACTUAL_POS],accouchement,BEFORE,reste,BEFORE,bilan,BEFORE,régression,,,,
132,61,FR100282,[EVENT_BEFORE_N/A_ACTUAL_POS] --(BEFORE)--> [EVENT_BEFORE_N/A_ACTUAL_POS] | [EVENT_BEFORE_N/A_ACTUAL_POS] --(BEFORE)--> [EVENT_BEFORE_N/A_ACTUAL_POS] | [EVENT_BEFORE_N/A_ACTUAL_POS] --(BEFORE)--> [EVENT_BEFORE_N/A_ACTUAL_POS],examen,BEFORE,électroencéphalogramme,BEFORE,scanner,BEFORE,conclus,,,,
132,61,FR100283,[EVENT_BEFORE_N/A_ACTUAL_POS] --(BEFORE)--> [EVENT_BEFORE_N/A_ACTUAL_POS] | [EVENT_BEFORE_N/A_ACTUAL_POS] --(BEFORE)--> [EVENT_BEFORE_N/A_ACTUAL_POS] | [EVENT_BEFORE_N/A_ACTUAL_POS] --(BEFORE)--> [EVENT_BEFORE_N/A_ACTUAL_POS],IRM,BEFORE,hypophysiogramme,BEFORE,traitement,BEFORE,évolution,,,,
132,61,FR100296,[EVENT_BEFORE_N/A_ACTUAL_POS] --(BEFORE)--> [EVENT_BEFORE_N/A_ACTUAL_POS] | [EVENT_BEFORE_N/A_ACTUAL_POS] --(BEFORE)--> [EVENT_BEFORE_N/A_ACTUAL_POS] | [EVENT_BEFORE_N/A_ACTUAL_POS] --(BEFORE)--> [EVENT_BEFORE_N/A_ACTUAL_POS],IRM,BEFORE,fenestration,BEFORE,suites,BEFORE,exéaté,,,,
132,61,FR100314,[EVENT_BEFORE_N/A_ACTUAL_POS] --(BEFORE)--> [EVENT_BEFORE_N/A_ACTUAL_POS] | [EVENT_BEFORE_N/A_ACTUAL_POS] --(BEFORE)--> [EVENT_BEFORE_N/A_ACTUAL_POS] | [EVENT_BEFORE_N/A_ACTUAL_POS] --(BEFORE)--> [EVENT_BEFORE_N/A_ACTUAL_POS],bilan,BEFORE,drainage,BEFORE,angio-scanner,BEFORE,amputation,,,,
132,61,FR100344,[EVENT_BEFORE_N/A_ACTUAL_POS] --(BEFORE)--> [EVENT_BEFORE_N/A_ACTUAL_POS] | [EVENT_BEFORE_N/A_ACTUAL_POS] --(BEFORE)--> [EVENT_BEFORE_N/A_ACTUAL_POS] | [EVENT_BEFORE_N/A_ACTUAL_POS] --(BEFORE)--> [EVENT_BEFORE_N/A_ACTUAL_POS],plainte,BEFORE,examen,BEFORE,césarienne,BEFORE,pesait,,,,
132,61,FR100346,[EVENT_BEFORE_N/A_ACTUAL_POS] --(BEFORE)--> [EVENT_BEFORE_N/A_ACTUAL_POS] | [EVENT_BEFORE_N/A_ACTUAL_POS] --(BEFORE)--> [EVENT_BEFORE_N/A_ACTUAL_POS] | [EVENT_BEFORE_N/A_ACTUAL_POS] --(BEFORE)--> [EVENT_BEFORE_N/A_ACTUAL_POS],examen,BEFORE,gazométrie,BEFORE,reste,BEFORE,radiographie,,,,
132,61,FR100360,[EVENT_BEFORE_N/A_ACTUAL_POS] --(BEFORE)--> [EVENT_BEFORE_N/A_ACTUAL_POS] | [EVENT_BEFORE_N/A_ACTUAL_POS] --(BEFORE)--> [EVENT_BEFORE_N/A_ACTUAL_POS] | [EVENT_BEFORE_N/A_ACTUAL_POS] --(BEFORE)--> [EVENT_BEFORE_N/A_ACTUAL_POS],complément,BEFORE,biopsie,BEFORE,tomodensitométrie,BEFORE,radiothérapie,,,,
132,61,FR100361,[EVENT_BEFORE_N/A_ACTUAL_POS] --(BEFORE)--> [EVENT_BEFORE_N/A_ACTUAL_POS] | [EVENT_BEFORE_N/A_ACTUAL_POS] --(BEFORE)--> [EVENT_BEFORE_N/A_ACTUAL_POS] | [EVENT_BEFORE_N/A_ACTUAL_POS] --(BEFORE)--> [EVENT_BEFORE_N/A_ACTUAL_POS],ponction,BEFORE,examen,BEFORE,examen,BEFORE,culture,,,,
132,61,FR100371,[EVENT_BEFORE_N/A_ACTUAL_POS] --(BEFORE)--> [EVENT_BEFORE_N/A_ACTUAL_POS] | [EVENT_BEFORE_N/A_ACTUAL_POS] --(BEFORE)--> [EVENT_BEFORE_N/A_ACTUAL_POS] | [EVENT_BEFORE_N/A_ACTUAL_POS] --(BEFORE)--> [EVENT_BEFORE_N/A_ACTUAL_POS],bilan,BEFORE,bilan,BEFORE,intervention,BEFORE,sortie,,,,
132,61,FR100400,[EVENT_BEFORE_N/A_ACTUAL_POS] --(BEFORE)--> [EVENT_BEFORE_N/A_ACTUAL_POS] | [EVENT_BEFORE_N/A_ACTUAL_POS] --(BEFORE)--> [EVENT_BEFORE_N/A_ACTUAL_POS] | [EVENT_BEFORE_N/A_ACTUAL_POS] --(BEFORE)--> [EVENT_BEFORE_N/A_ACTUAL_POS],bilan,BEFORE,Radiographie,BEFORE,échographie,BEFORE,scanner,,,,
132,61,FR100439,[EVENT_BEFORE_N/A_ACTUAL_POS] --(BEFORE)--> [EVENT_BEFORE_N/A_ACTUAL_POS] | [EVENT_BEFORE_N/A_ACTUAL_POS] --(BEFORE)--> [EVENT_BEFORE_N/A_ACTUAL_POS] | [EVENT_BEFORE_N/A_ACTUAL_POS] --(BEFORE)--> [EVENT_BEFORE_N/A_ACTUAL_POS],établie,BEFORE,demandée,BEFORE,examen,BEFORE,classée,,,,
132,61,FR100448,[EVENT_BEFORE_N/A_ACTUAL_POS] --(BEFORE)--> [EVENT_BEFORE_N/A_ACTUAL_POS] | [EVENT_BEFORE_N/A_ACTUAL_POS] --(BEFORE)--> [EVENT_BEFORE_N/A_ACTUAL_POS] | [EVENT_BEFORE_N/A_ACTUAL_POS] --(BEFORE)--> [EVENT_BEFORE_N/A_ACTUAL_POS],échotomographie,BEFORE,hémi thyroïdectomie,BEFORE,examen,BEFORE,histochimie,,,,
132,61,FR100480,[EVENT_BEFORE_N/A_ACTUAL_POS] --(BEFORE)--> [EVENT_BEFORE_N/A_ACTUAL_POS] | [EVENT_BEFORE_N/A_ACTUAL_POS] --(BEFORE)--> [EVENT_BEFORE_N/A_ACTUAL_POS] | [EVENT_BEFORE_N/A_ACTUAL_POS] --(BEFORE)--> [EVENT_BEFORE_N/A_ACTUAL_POS],analyse,BEFORE,amputation,BEFORE,examen,BEFORE,bilan,,,,
132,61,FR100515,[EVENT_BEFORE_N/A_ACTUAL_POS] --(BEFORE)--> [EVENT_BEFORE_N/A_ACTUAL_POS] | [EVENT_BEFORE_N/A_ACTUAL_POS] --(BEFORE)--> [EVENT_BEFORE_N/A_ACTUAL_POS] | [EVENT_BEFORE_N/A_ACTUAL_POS] --(BEFORE)--> [EVENT_BEFORE_N/A_ACTUAL_POS],retenu,BEFORE,bilan,BEFORE,bilan,BEFORE,prescrits,,,,
132,61,FR100517,[EVENT_BEFORE_N/A_ACTUAL_POS] --(BEFORE)--> [EVENT_BEFORE_N/A_ACTUAL_POS] | [EVENT_BEFORE_N/A_ACTUAL_POS] --(BEFORE)--> [EVENT_BEFORE_N/A_ACTUAL_POS] | [EVENT_BEFORE_N/A_ACTUAL_POS] --(BEFORE)--> [EVENT_BEFORE_N/A_ACTUAL_POS],électromyogramme,BEFORE,bilan,BEFORE,explorations,BEFORE,porté,,,,
132,61,FR100519,[EVENT_BEFORE_N/A_ACTUAL_POS] --(BEFORE)--> [EVENT_BEFORE_N/A_ACTUAL_POS] | [EVENT_BEFORE_N/A_ACTUAL_POS] --(BEFORE)--> [EVENT_BEFORE_N/A_ACTUAL_POS] | [EVENT_BEFORE_N/A_ACTUAL_POS] --(BEFORE)--> [EVENT_BEFORE_N/A_ACTUAL_POS],entrée,BEFORE,bilan,BEFORE,angioscanner,BEFORE,échodoppler,,,,
132,61,FR100579,[EVENT_BEFORE_N/A_ACTUAL_POS] --(BEFORE)--> [EVENT_BEFORE_N/A_ACTUAL_POS] | [EVENT_BEFORE_N/A_ACTUAL_POS] --(BEFORE)--> [EVENT_BEFORE_N/A_ACTUAL_POS] | [EVENT_BEFORE_N/A_ACTUAL_POS] --(BEFORE)--> [EVENT_BEFORE_N/A_ACTUAL_POS],radiographie,BEFORE,échocardiographie,BEFORE,angio-scanner,BEFORE,imagerie,,,,
132,61,FR100589,[EVENT_BEFORE_N/A_ACTUAL_POS] --(BEFORE)--> [EVENT_BEFORE_N/A_ACTUAL_POS] | [EVENT_BEFORE_N/A_ACTUAL_POS] --(BEFORE)--> [EVENT_BEFORE_N/A_ACTUAL_POS] | [EVENT_BEFORE_N/A_ACTUAL_POS] --(BEFORE)--> [EVENT_BEFORE_N/A_ACTUAL_POS],lavage,BEFORE,biopsies,BEFORE,exploration,BEFORE,hémogramme,,,,
132,61,FR100597,[EVENT_BEFORE_N/A_ACTUAL_POS] --(BEFORE)--> [EVENT_BEFORE_N/A_ACTUAL_POS] | [EVENT_BEFORE_N/A_ACTUAL_POS] --(BEFORE)--> [EVENT_BEFORE_N/A_ACTUAL_POS] | [EVENT_BEFORE_N/A_ACTUAL_POS] --(BEFORE)--> [EVENT_BEFORE_N/A_ACTUAL_POS],fibroscopie,BEFORE,marqueurs,BEFORE,décidée,BEFORE,intervention,,,,
132,61,FR100611,[EVENT_BEFORE_N/A_ACTUAL_POS] --(BEFORE)--> [EVENT_BEFORE_N/A_ACTUAL_POS] | [EVENT_BEFORE_N/A_ACTUAL_POS] --(BEFORE)--> [EVENT_BEFORE_N/A_ACTUAL_POS] | [EVENT_BEFORE_N/A_ACTUAL_POS] --(BEFORE)--> [EVENT_BEFORE_N/A_ACTUAL_POS],IRM,BEFORE,étude,BEFORE,examen,BEFORE,cultures,,,,
132,61,FR100614,[EVENT_BEFORE_N/A_ACTUAL_POS] --(BEFORE)--> [EVENT_BEFORE_N/A_ACTUAL_POS] | [EVENT_BEFORE_N/A_ACTUAL_POS] --(BEFORE)--> [EVENT_BEFORE_N/A_ACTUAL_POS] | [EVENT_BEFORE_N/A_ACTUAL_POS] --(BEFORE)--> [EVENT_BEFORE_N/A_ACTUAL_POS],examen,BEFORE,échographique,BEFORE,tomodensitométrie,BEFORE,radiographie,,,,
132,61,FR100620,[EVENT_BEFORE_N/A_ACTUAL_POS] --(BEFORE)--> [EVENT_BEFORE_N/A_ACTUAL_POS] | [EVENT_BEFORE_N/A_ACTUAL_POS] --(BEFORE)--> [EVENT_BEFORE_N/A_ACTUAL_POS] | [EVENT_BEFORE_N/A_ACTUAL_POS] --(BEFORE)--> [EVENT_BEFORE_N/A_ACTUAL_POS],radiographie,BEFORE,demandé,BEFORE,aspect,BEFORE,bronchoscopie,,,,
132,61,FR100623,[EVENT_BEFORE_N/A_ACTUAL_POS] --(BEFORE)--> [EVENT_BEFORE_N/A_ACTUAL_POS] | [EVENT_BEFORE_N/A_ACTUAL_POS] --(BEFORE)--> [EVENT_BEFORE_N/A_ACTUAL_POS] | [EVENT_BEFORE_N/A_ACTUAL_POS] --(BEFORE)--> [EVENT_BEFORE_N/A_ACTUAL_POS],examen,BEFORE,échographie,BEFORE,tomodensitométrie,BEFORE,retenu,,,,
132,61,FR100629,[EVENT_BEFORE_N/A_ACTUAL_POS] --(BEFORE)--> [EVENT_BEFORE_N/A_ACTUAL_POS] | [EVENT_BEFORE_N/A_ACTUAL_POS] --(BEFORE)--> [EVENT_BEFORE_N/A_ACTUAL_POS] | [EVENT_BEFORE_N/A_ACTUAL_POS] --(BEFORE)--> [EVENT_BEFORE_N/A_ACTUAL_POS],radiographie,BEFORE,thoracoscopie,BEFORE,marquage,BEFORE,étude,,,,
132,61,FR100632,[EVENT_BEFORE_N/A_ACTUAL_POS] --(BEFORE)--> [EVENT_BEFORE_N/A_ACTUAL_POS] | [EVENT_BEFORE_N/A_ACTUAL_POS] --(BEFORE)--> [EVENT_BEFORE_N/A_ACTUAL_POS] | [EVENT_BEFORE_N/A_ACTUAL_POS] --(BEFORE)--> [EVENT_BEFORE_N/A_ACTUAL_POS],numération,BEFORE,bilan,BEFORE,enquête,BEFORE,étude,,,,
132,61,FR100663,[EVENT_BEFORE_N/A_ACTUAL_POS] --(BEFORE)--> [EVENT_BEFORE_N/A_ACTUAL_POS] | [EVENT_BEFORE_N/A_ACTUAL_POS] --(BEFORE)--> [EVENT_BEFORE_N/A_ACTUAL_POS] | [EVENT_BEFORE_N/A_ACTUAL_POS] --(BEFORE)--> [EVENT_BEFORE_N/A_ACTUAL_POS],ligature,BEFORE,incisée,BEFORE,vérifié,BEFORE,assuré,,,,
132,61,FR100666,[EVENT_BEFORE_N/A_ACTUAL_POS] --(BEFORE)--> [EVENT_BEFORE_N/A_ACTUAL_POS] | [EVENT_BEFORE_N/A_ACTUAL_POS] --(BEFORE)--> [EVENT_BEFORE_N/A_ACTUAL_POS] | [EVENT_BEFORE_N/A_ACTUAL_POS] --(BEFORE)--> [EVENT_BEFORE_N/A_ACTUAL_POS],bilan,BEFORE,myologramme,BEFORE,bilan,BEFORE,classé,,,,
132,61,FR100683,[EVENT_BEFORE_N/A_ACTUAL_POS] --(BEFORE)--> [EVENT_BEFORE_N/A_ACTUAL_POS] | [EVENT_BEFORE_N/A_ACTUAL_POS] --(BEFORE)--> [EVENT_BEFORE_N/A_ACTUAL_POS] | [EVENT_BEFORE_N/A_ACTUAL_POS] --(BEFORE)--> [EVENT_BEFORE_N/A_ACTUAL_POS],examen,BEFORE,exploration,BEFORE,exploration,BEFORE,IRM,,,,
132,61,FR100688,[EVENT_BEFORE_N/A_ACTUAL_POS] --(BEFORE)--> [EVENT_BEFORE_N/A_ACTUAL_POS] | [EVENT_BEFORE_N/A_ACTUAL_POS] --(BEFORE)--> [EVENT_BEFORE_N/A_ACTUAL_POS] | [EVENT_BEFORE_N/A_ACTUAL_POS] --(BEFORE)--> [EVENT_BEFORE_N/A_ACTUAL_POS],examen,BEFORE,examen,BEFORE,sérologie,BEFORE,intradermoréaction,,,,
132,61,FR100689,[EVENT_BEFORE_N/A_ACTUAL_POS] --(BEFORE)--> [EVENT_BEFORE_N/A_ACTUAL_POS] | [EVENT_BEFORE_N/A_ACTUAL_POS] --(BEFORE)--> [EVENT_BEFORE_N/A_ACTUAL_POS] | [EVENT_BEFORE_N/A_ACTUAL_POS] --(BEFORE)--> [EVENT_BEFORE_N/A_ACTUAL_POS],hémogramme,BEFORE,ionogramme,BEFORE,examen,BEFORE,retenu,,,,
132,61,FR100697,[EVENT_BEFORE_N/A_ACTUAL_POS] --(BEFORE)--> [EVENT_BEFORE_N/A_ACTUAL_POS] | [EVENT_BEFORE_N/A_ACTUAL_POS] --(BEFORE)--> [EVENT_BEFORE_N/A_ACTUAL_POS] | [EVENT_BEFORE_N/A_ACTUAL_POS] --(BEFORE)--> [EVENT_BEFORE_N/A_ACTUAL_POS],mammographie,BEFORE,échographie,BEFORE,examen,BEFORE,immunomarquage,,,,
132,61,FR100708,[EVENT_BEFORE_N/A_ACTUAL_POS] --(BEFORE)--> [EVENT_BEFORE_N/A_ACTUAL_POS] | [EVENT_BEFORE_N/A_ACTUAL_POS] --(BEFORE)--> [EVENT_BEFORE_N/A_ACTUAL_POS] | [EVENT_BEFORE_N/A_ACTUAL_POS] --(BEFORE)--> [EVENT_BEFORE_N/A_ACTUAL_POS],taux,BEFORE,demandée,BEFORE,tests,BEFORE,mise,,,,
132,61,FR100717,[EVENT_BEFORE_N/A_ACTUAL_POS] --(BEFORE)--> [EVENT_BEFORE_N/A_ACTUAL_POS] | [EVENT_BEFORE_N/A_ACTUAL_POS] --(BEFORE)--> [EVENT_BEFORE_N/A_ACTUAL_POS] | [EVENT_BEFORE_N/A_ACTUAL_POS] --(BEFORE)--> [EVENT_BEFORE_N/A_ACTUAL_POS],consulté,BEFORE,traitement,BEFORE,examen,BEFORE,examens,,,,
132,61,FR100748,[EVENT_BEFORE_N/A_ACTUAL_POS] --(BEFORE)--> [EVENT_BEFORE_N/A_ACTUAL_POS] | [EVENT_BEFORE_N/A_ACTUAL_POS] --(BEFORE)--> [EVENT_BEFORE_N/A_ACTUAL_POS] | [EVENT_BEFORE_N/A_ACTUAL_POS] --(BEFORE)--> [EVENT_BEFORE_N/A_ACTUAL_POS],indication,BEFORE,consultation,BEFORE,ASA,BEFORE,Nicardipine,,,,
132,61,FR100780,[EVENT_BEFORE_N/A_ACTUAL_POS] --(BEFORE)--> [EVENT_BEFORE_N/A_ACTUAL_POS] | [EVENT_BEFORE_N/A_ACTUAL_POS] --(BEFORE)--> [EVENT_BEFORE_N/A_ACTUAL_POS] | [EVENT_BEFORE_N/A_ACTUAL_POS] --(BEFORE)--> [EVENT_BEFORE_N/A_ACTUAL_POS],admise,BEFORE,examen,BEFORE,toucher,BEFORE,échographie,,,,
132,61,FR100806,[EVENT_BEFORE_N/A_ACTUAL_POS] --(BEFORE)--> [EVENT_BEFORE_N/A_ACTUAL_POS] | [EVENT_BEFORE_N/A_ACTUAL_POS] --(BEFORE)--> [EVENT_BEFORE_N/A_ACTUAL_POS] | [EVENT_BEFORE_N/A_ACTUAL_POS] --(BEFORE)--> [EVENT_BEFORE_N/A_ACTUAL_POS],prise,BEFORE,référée,BEFORE,examen,BEFORE,biologie,,,,
132,61,FR100826,[EVENT_BEFORE_N/A_ACTUAL_POS] --(BEFORE)--> [EVENT_BEFORE_N/A_ACTUAL_POS] | [EVENT_BEFORE_N/A_ACTUAL_POS] --(BEFORE)--> [EVENT_BEFORE_N/A_ACTUAL_POS] | [EVENT_BEFORE_N/A_ACTUAL_POS] --(BEFORE)--> [EVENT_BEFORE_N/A_ACTUAL_POS],examen,BEFORE,bilan,BEFORE,bilan,BEFORE,retenue,,,,
132,61,FR100845,[EVENT_BEFORE_N/A_ACTUAL_POS] --(BEFORE)--> [EVENT_BEFORE_N/A_ACTUAL_POS] | [EVENT_BEFORE_N/A_ACTUAL_POS] --(BEFORE)--> [EVENT_BEFORE_N/A_ACTUAL_POS] | [EVENT_BEFORE_N/A_ACTUAL_POS] --(BEFORE)--> [EVENT_BEFORE_N/A_ACTUAL_POS],extraction,BEFORE,examen,BEFORE,examinés,BEFORE,détresse,,,,
132,61,FR100870,[EVENT_BEFORE_N/A_ACTUAL_POS] --(BEFORE)--> [EVENT_BEFORE_N/A_ACTUAL_POS] | [EVENT_BEFORE_N/A_ACTUAL_POS] --(BEFORE)--> [EVENT_BEFORE_N/A_ACTUAL_POS] | [EVENT_BEFORE_N/A_ACTUAL_POS] --(BEFORE)--> [EVENT_BEFORE_N/A_ACTUAL_POS],hémogramme,BEFORE,bilan,BEFORE,IRM,BEFORE,électrophorèse,,,,
132,61,FR100874,[EVENT_BEFORE_N/A_ACTUAL_POS] --(BEFORE)--> [EVENT_BEFORE_N/A_ACTUAL_POS] | [EVENT_BEFORE_N/A_ACTUAL_POS] --(BEFORE)--> [EVENT_BEFORE_N/A_ACTUAL_POS] | [EVENT_BEFORE_N/A_ACTUAL_POS] --(BEFORE)--> [EVENT_BEFORE_N/A_ACTUAL_POS],hémogramme,BEFORE,fibroscopie,BEFORE,transit,BEFORE,tomodensitométrie,,,,
132,61,FR100882,[EVENT_BEFORE_N/A_ACTUAL_POS] --(BEFORE)--> [EVENT_BEFORE_N/A_ACTUAL_POS] | [EVENT_BEFORE_N/A_ACTUAL_POS] --(BEFORE)--> [EVENT_BEFORE_N/A_ACTUAL_POS] | [EVENT_BEFORE_N/A_ACTUAL_POS] --(BEFORE)--> [EVENT_BEFORE_N/A_ACTUAL_POS],admise,BEFORE,examen,BEFORE,examen,BEFORE,examen,,,,
132,61,FR100883,[EVENT_BEFORE_N/A_ACTUAL_POS] --(BEFORE)--> [EVENT_BEFORE_N/A_ACTUAL_POS] | [EVENT_BEFORE_N/A_ACTUAL_POS] --(BEFORE)--> [EVENT_BEFORE_N/A_ACTUAL_POS] | [EVENT_BEFORE_N/A_ACTUAL_POS] --(BEFORE)--> [EVENT_BEFORE_N/A_ACTUAL_POS],TDM,BEFORE,biopsie,BEFORE,bilan,BEFORE,sérologie,,,,
132,61,FR100894,[EVENT_BEFORE_N/A_ACTUAL_POS] --(BEFORE)--> [EVENT_BEFORE_N/A_ACTUAL_POS] | [EVENT_BEFORE_N/A_ACTUAL_POS] --(BEFORE)--> [EVENT_BEFORE_N/A_ACTUAL_POS] | [EVENT_BEFORE_N/A_ACTUAL_POS] --(BEFORE)--> [EVENT_BEFORE_N/A_ACTUAL_POS],diagnostic,BEFORE,pris,BEFORE,incision,BEFORE,immobilisé,,,,
132,61,FR100903,[EVENT_BEFORE_N/A_ACTUAL_POS] --(BEFORE)--> [EVENT_BEFORE_N/A_ACTUAL_POS] | [EVENT_BEFORE_N/A_ACTUAL_POS] --(BEFORE)--> [EVENT_BEFORE_N/A_ACTUAL_POS] | [EVENT_BEFORE_N/A_ACTUAL_POS] --(BEFORE)--> [EVENT_BEFORE_N/A_ACTUAL_POS],écarté,BEFORE,contrôles,BEFORE,accouchement,BEFORE,décédé,,,,
132,61,FR100946,[EVENT_BEFORE_N/A_ACTUAL_POS] --(BEFORE)--> [EVENT_BEFORE_N/A_ACTUAL_POS] | [EVENT_BEFORE_N/A_ACTUAL_POS] --(BEFORE)--> [EVENT_BEFORE_N/A_ACTUAL_POS] | [EVENT_BEFORE_N/A_ACTUAL_POS] --(BEFORE)--> [EVENT_BEFORE_N/A_ACTUAL_POS],examen,BEFORE,IRM,BEFORE,analyse,BEFORE,mise,,,,
132,61,FR100996,[EVENT_BEFORE_N/A_ACTUAL_POS] --(BEFORE)--> [EVENT_BEFORE_N/A_ACTUAL_POS] | [EVENT_BEFORE_N/A_ACTUAL_POS] --(BEFORE)--> [EVENT_BEFORE_N/A_ACTUAL_POS] | [EVENT_BEFORE_N/A_ACTUAL_POS] --(BEFORE)--> [EVENT_BEFORE_N/A_ACTUAL_POS],consulté,BEFORE,examen,BEFORE,tomodensitométrie,BEFORE,injection,,,,
132,61,FR100998,[EVENT_BEFORE_N/A_ACTUAL_POS] --(BEFORE)--> [EVENT_BEFORE_N/A_ACTUAL_POS] | [EVENT_BEFORE_N/A_ACTUAL_POS] --(BEFORE)--> [EVENT_BEFORE_N/A_ACTUAL_POS] | [EVENT_BEFORE_N/A_ACTUAL_POS] --(BEFORE)--> [EVENT_BEFORE_N/A_ACTUAL_POS],taux,BEFORE,diagnostic,BEFORE,traitée,BEFORE,bilan,,,,
16,56,FR100003,[EVENT_BEFORE_N/A_ACTUAL_POS] --(CONTAINS)--> [EVENT_BEFORE_N/A_ACTUAL_POS] | [EVENT_BEFORE_N/A_ACTUAL_POS] --(BEFORE)--> [EVENT_BEFORE_N/A_ACTUAL_POS] | [EVENT_BEFORE_N/A_ACTUAL_POS] --(BEFORE)--> [EVENT_BEFORE_N/A_ACTUAL_POS] | [EVENT_BEFORE_N/A_ACTUAL_POS] --(BEFORE)--> [EVENT_BEFORE_N/A_ACTUAL_POS],délabrement,CONTAINS,panoramique,BEFORE,ponction,BEFORE,examen,BEFORE,examen,,
16,56,FR100092,[EVENT_BEFORE_N/A_ACTUAL_POS] --(CONTAINS)--> [EVENT_BEFORE_N/A_ACTUAL_POS] | [EVENT_BEFORE_N/A_ACTUAL_POS] --(BEFORE)--> [EVENT_BEFORE_N/A_ACTUAL_POS] | [EVENT_BEFORE_N/A_ACTUAL_POS] --(BEFORE)--> [EVENT_BEFORE_N/A_ACTUAL_POS] | [EVENT_BEFORE_N/A_ACTUAL_POS] --(BEFORE)--> [EVENT_BEFORE_N/A_ACTUAL_POS],normal,CONTAINS,échographie,BEFORE,tableau,BEFORE,reste,BEFORE,minilaparotomie,,
16,56,FR100120,[EVENT_BEFORE_N/A_ACTUAL_POS] --(CONTAINS)--> [EVENT_BEFORE_N/A_ACTUAL_POS] | [EVENT_BEFORE_N/A_ACTUAL_POS] --(BEFORE)--> [EVENT_BEFORE_N/A_ACTUAL_POS] | [EVENT_BEFORE_N/A_ACTUAL_POS] --(BEFORE)--> [EVENT_BEFORE_N/A_ACTUAL_POS] | [EVENT_BEFORE_N/A_ACTUAL_POS] --(BEFORE)--> [EVENT_BEFORE_N/A_ACTUAL_POS],retard,CONTAINS,rattaché,BEFORE,traitement,BEFORE,retirées,BEFORE,conclure,,
16,56,FR100130,[EVENT_BEFORE_N/A_ACTUAL_POS] --(CONTAINS)--> [EVENT_BEFORE_N/A_ACTUAL_POS] | [EVENT_BEFORE_N/A_ACTUAL_POS] --(BEFORE)--> [EVENT_BEFORE_N/A_ACTUAL_POS] | [EVENT_BEFORE_N/A_ACTUAL_POS] --(BEFORE)--> [EVENT_BEFORE_N/A_ACTUAL_POS] | [EVENT_BEFORE_N/A_ACTUAL_POS] --(BEFORE)--> [EVENT_BEFORE_N/A_ACTUAL_POS],sensibilité,CONTAINS,examen,BEFORE,biologie,BEFORE,glycémie,BEFORE,confirmé,,
16,56,FR100132,[EVENT_BEFORE_N/A_ACTUAL_POS] --(CONTAINS)--> [EVENT_BEFORE_N/A_ACTUAL_POS] | [EVENT_BEFORE_N/A_ACTUAL_POS] --(BEFORE)--> [EVENT_BEFORE_N/A_ACTUAL_POS] | [EVENT_BEFORE_N/A_ACTUAL_POS] --(BEFORE)--> [EVENT_BEFORE_N/A_ACTUAL_POS] | [EVENT_BEFORE_N/A_ACTUAL_POS] --(BEFORE)--> [EVENT_BEFORE_N/A_ACTUAL_POS],examen,CONTAINS,palpation,BEFORE,histologie,BEFORE,examen,BEFORE,écho-Doppler,,
16,56,FR100142,[EVENT_BEFORE_N/A_ACTUAL_POS] --(CONTAINS)--> [EVENT_BEFORE_N/A_ACTUAL_POS] | [EVENT_BEFORE_N/A_ACTUAL_POS] --(BEFORE)--> [EVENT_BEFORE_N/A_ACTUAL_POS] | [EVENT_BEFORE_N/A_ACTUAL_POS] --(BEFORE)--> [EVENT_BEFORE_N/A_ACTUAL_POS] | [EVENT_BEFORE_N/A_ACTUAL_POS] --(BEFORE)--> [EVENT_BEFORE_N/A_ACTUAL_POS],prolifération,CONTAINS,biopsie,BEFORE,étude,BEFORE,sérologie,BEFORE,évolution,,
16,56,FR100161,[EVENT_BEFORE_N/A_ACTUAL_POS] --(CONTAINS)--> [EVENT_BEFORE_N/A_ACTUAL_POS] | [EVENT_BEFORE_N/A_ACTUAL_POS] --(BEFORE)--> [EVENT_BEFORE_N/A_ACTUAL_POS] | [EVENT_BEFORE_N/A_ACTUAL_POS] --(BEFORE)--> [EVENT_BEFORE_N/A_ACTUAL_POS] | [EVENT_BEFORE_N/A_ACTUAL_POS] --(BEFORE)--> [EVENT_BEFORE_N/A_ACTUAL_POS],sérologie,CONTAINS,examens,BEFORE,radiographie,BEFORE,complément,BEFORE,cortisol,,
16,56,FR100255,[EVENT_BEFORE_N/A_ACTUAL_POS] --(CONTAINS)--> [EVENT_BEFORE_N/A_ACTUAL_POS] | [EVENT_BEFORE_N/A_ACTUAL_POS] --(BEFORE)--> [EVENT_BEFORE_N/A_ACTUAL_POS] | [EVENT_BEFORE_N/A_ACTUAL_POS] --(BEFORE)--> [EVENT_BEFORE_N/A_ACTUAL_POS] | [EVENT_BEFORE_N/A_ACTUAL_POS] --(BEFORE)--> [EVENT_BEFORE_N/A_ACTUAL_POS],fréquence,CONTAINS,examen,BEFORE,examen,BEFORE,échographie,BEFORE,mise,,
16,56,FR100275,[EVENT_BEFORE_N/A_ACTUAL_POS] --(CONTAINS)--> [EVENT_BEFORE_N/A_ACTUAL_POS] | [EVENT_BEFORE_N/A_ACTUAL_POS] --(BEFORE)--> [EVENT_BEFORE_N/A_ACTUAL_POS] | [EVENT_BEFORE_N/A_ACTUAL_POS] --(BEFORE)--> [EVENT_BEFORE_N/A_ACTUAL_POS] | [EVENT_BEFORE_N/A_ACTUAL_POS] --(BEFORE)--> [EVENT_BEFORE_N/A_ACTUAL_POS],mort,CONTAINS,établi,BEFORE,manœuvres,BEFORE,transféré,BEFORE,anamnèse,,
16,56,FR100276,[EVENT_BEFORE_N/A_ACTUAL_POS] --(CONTAINS)--> [EVENT_BEFORE_N/A_ACTUAL_POS] | [EVENT_BEFORE_N/A_ACTUAL_POS] --(BEFORE)--> [EVENT_BEFORE_N/A_ACTUAL_POS] | [EVENT_BEFORE_N/A_ACTUAL_POS] --(BEFORE)--> [EVENT_BEFORE_N/A_ACTUAL_POS] | [EVENT_BEFORE_N/A_ACTUAL_POS] --(BEFORE)--> [EVENT_BEFORE_N/A_ACTUAL_POS],aplasie,CONTAINS,accouchement,BEFORE,reste,BEFORE,bilan,BEFORE,régression,,
16,56,FR100283,[EVENT_BEFORE_N/A_ACTUAL_POS] --(CONTAINS)--> [EVENT_BEFORE_N/A_ACTUAL_POS] | [EVENT_BEFORE_N/A_ACTUAL_POS] --(BEFORE)--> [EVENT_BEFORE_N/A_ACTUAL_POS] | [EVENT_BEFORE_N/A_ACTUAL_POS] --(BEFORE)--> [EVENT_BEFORE_N/A_ACTUAL_POS] | [EVENT_BEFORE_N/A_ACTUAL_POS] --(BEFORE)--> [EVENT_BEFORE_N/A_ACTUAL_POS],processus,CONTAINS,IRM,BEFORE,hypophysiogramme,BEFORE,traitement,BEFORE,évolution,,
16,56,FR100296,[EVENT_BEFORE_N/A_ACTUAL_POS] --(CONTAINS)--> [EVENT_BEFORE_N/A_ACTUAL_POS] | [EVENT_BEFORE_N/A_ACTUAL_POS] --(BEFORE)--> [EVENT_BEFORE_N/A_ACTUAL_POS] | [EVENT_BEFORE_N/A_ACTUAL_POS] --(BEFORE)--> [EVENT_BEFORE_N/A_ACTUAL_POS] | [EVENT_BEFORE_N/A_ACTUAL_POS] --(BEFORE)--> [EVENT_BEFORE_N/A_ACTUAL_POS],aspect,CONTAINS,IRM,BEFORE,fenestration,BEFORE,suites,BEFORE,exéaté,,
16,56,FR100314,[EVENT_BEFORE_N/A_ACTUAL_POS] --(CONTAINS)--> [EVENT_BEFORE_N/A_ACTUAL_POS] | [EVENT_BEFORE_N/A_ACTUAL_POS] --(BEFORE)--> [EVENT_BEFORE_N/A_ACTUAL_POS] | [EVENT_BEFORE_N/A_ACTUAL_POS] --(BEFORE)--> [EVENT_BEFORE_N/A_ACTUAL_POS] | [EVENT_BEFORE_N/A_ACTUAL_POS] --(BEFORE)--> [EVENT_BEFORE_N/A_ACTUAL_POS],hospitalisation,CONTAINS,signes,BEFORE,angio-scanner,BEFORE,amputation,BEFORE,mise,,
16,56,FR100344,[EVENT_BEFORE_N/A_ACTUAL_POS] --(CONTAINS)--> [EVENT_BEFORE_N/A_ACTUAL_POS] | [EVENT_BEFORE_N/A_ACTUAL_POS] --(BEFORE)--> [EVENT_BEFORE_N/A_ACTUAL_POS] | [EVENT_BEFORE_N/A_ACTUAL_POS] --(BEFORE)--> [EVENT_BEFORE_N/A_ACTUAL_POS] | [EVENT_BEFORE_N/A_ACTUAL_POS] --(BEFORE)--> [EVENT_BEFORE_N/A_ACTUAL_POS],insuffisance,CONTAINS,développé,BEFORE,contrôle,BEFORE,tombée,BEFORE,interruption,,
16,56,FR100346,[EVENT_BEFORE_N/A_ACTUAL_POS] --(CONTAINS)--> [EVENT_BEFORE_N/A_ACTUAL_POS] | [EVENT_BEFORE_N/A_ACTUAL_POS] --(BEFORE)--> [EVENT_BEFORE_N/A_ACTUAL_POS] | [EVENT_BEFORE_N/A_ACTUAL_POS] --(BEFORE)--> [EVENT_BEFORE_N/A_ACTUAL_POS] | [EVENT_BEFORE_N/A_ACTUAL_POS] --(BEFORE)--> [EVENT_BEFORE_N/A_ACTUAL_POS],lésions,CONTAINS,angioscanner,BEFORE,echo-dopler,BEFORE,IRM,BEFORE,scanner,,
16,56,FR100360,[EVENT_BEFORE_N/A_ACTUAL_POS] --(CONTAINS)--> [EVENT_BEFORE_N/A_ACTUAL_POS] | [EVENT_BEFORE_N/A_ACTUAL_POS] --(BEFORE)--> [EVENT_BEFORE_N/A_ACTUAL_POS] | [EVENT_BEFORE_N/A_ACTUAL_POS] --(BEFORE)--> [EVENT_BEFORE_N/A_ACTUAL_POS] | [EVENT_BEFORE_N/A_ACTUAL_POS] --(BEFORE)--> [EVENT_BEFORE_N/A_ACTUAL_POS],adénocarcinome,CONTAINS,examen,BEFORE,curage,BEFORE,radiothérapie,BEFORE,curiethérapie,,
16,56,FR100361,[EVENT_BEFORE_N/A_ACTUAL_POS] --(CONTAINS)--> [EVENT_BEFORE_N/A_ACTUAL_POS] | [EVENT_BEFORE_N/A_ACTUAL_POS] --(BEFORE)--> [EVENT_BEFORE_N/A_ACTUAL_POS] | [EVENT_BEFORE_N/A_ACTUAL_POS] --(BEFORE)--> [EVENT_BEFORE_N/A_ACTUAL_POS] | [EVENT_BEFORE_N/A_ACTUAL_POS] --(BEFORE)--> [EVENT_BEFORE_N/A_ACTUAL_POS],englobe,CONTAINS,TDM,BEFORE,ponction,BEFORE,examen,BEFORE,examen,,
16,56,FR100371,[EVENT_BEFORE_N/A_ACTUAL_POS] --(CONTAINS)--> [EVENT_BEFORE_N/A_ACTUAL_POS] | [EVENT_BEFORE_N/A_ACTUAL_POS] --(BEFORE)--> [EVENT_BEFORE_N/A_ACTUAL_POS] | [EVENT_BEFORE_N/A_ACTUAL_POS] --(BEFORE)--> [EVENT_BEFORE_N/A_ACTUAL_POS] | [EVENT_BEFORE_N/A_ACTUAL_POS] --(BEFORE)--> [EVENT_BEFORE_N/A_ACTUAL_POS],nombre,CONTAINS,bilan,BEFORE,bilan,BEFORE,intervention,BEFORE,sortie,,
16,56,FR100400,[EVENT_BEFORE_N/A_ACTUAL_POS] --(CONTAINS)--> [EVENT_BEFORE_N/A_ACTUAL_POS] | [EVENT_BEFORE_N/A_ACTUAL_POS] --(BEFORE)--> [EVENT_BEFORE_N/A_ACTUAL_POS] | [EVENT_BEFORE_N/A_ACTUAL_POS] --(BEFORE)--> [EVENT_BEFORE_N/A_ACTUAL_POS] | [EVENT_BEFORE_N/A_ACTUAL_POS] --(BEFORE)--> [EVENT_BEFORE_N/A_ACTUAL_POS],anictérique,CONTAINS,examen,BEFORE,bilan,BEFORE,Radiographie,BEFORE,échographie,,
16,56,FR100439,[EVENT_BEFORE_N/A_ACTUAL_POS] --(CONTAINS)--> [EVENT_BEFORE_N/A_ACTUAL_POS] | [EVENT_BEFORE_N/A_ACTUAL_POS] --(BEFORE)--> [EVENT_BEFORE_N/A_ACTUAL_POS] | [EVENT_BEFORE_N/A_ACTUAL_POS] --(BEFORE)--> [EVENT_BEFORE_N/A_ACTUAL_POS] | [EVENT_BEFORE_N/A_ACTUAL_POS] --(BEFORE)--> [EVENT_BEFORE_N/A_ACTUAL_POS],hyperfixations,CONTAINS,examen,BEFORE,classée,BEFORE,bénéficier,BEFORE,nasofibroscopie,,
16,56,FR100480,[EVENT_BEFORE_N/A_ACTUAL_POS] --(CONTAINS)--> [EVENT_BEFORE_N/A_ACTUAL_POS] | [EVENT_BEFORE_N/A_ACTUAL_POS] --(BEFORE)--> [EVENT_BEFORE_N/A_ACTUAL_POS] | [EVENT_BEFORE_N/A_ACTUAL_POS] --(BEFORE)--> [EVENT_BEFORE_N/A_ACTUAL_POS] | [EVENT_BEFORE_N/A_ACTUAL_POS] --(BEFORE)--> [EVENT_BEFORE_N/A_ACTUAL_POS],extension,CONTAINS,imagerie,BEFORE,bilan,BEFORE,scanner,BEFORE,Tomographie,,
16,56,FR100515,[EVENT_BEFORE_N/A_ACTUAL_POS] --(CONTAINS)--> [EVENT_BEFORE_N/A_ACTUAL_POS] | [EVENT_BEFORE_N/A_ACTUAL_POS] --(BEFORE)--> [EVENT_BEFORE_N/A_ACTUAL_POS] | [EVENT_BEFORE_N/A_ACTUAL_POS] --(BEFORE)--> [EVENT_BEFORE_N/A_ACTUAL_POS] | [EVENT_BEFORE_N/A_ACTUAL_POS] --(BEFORE)--> [EVENT_BEFORE_N/A_ACTUAL_POS],atteinte,CONTAINS,testing,BEFORE,dosage,BEFORE,bilan,BEFORE,biopsie,,
16,56,FR100517,[EVENT_BEFORE_N/A_ACTUAL_POS] --(CONTAINS)--> [EVENT_BEFORE_N/A_ACTUAL_POS] | [EVENT_BEFORE_N/A_ACTUAL_POS] --(BEFORE)--> [EVENT_BEFORE_N/A_ACTUAL_POS] | [EVENT_BEFORE_N/A_ACTUAL_POS] --(BEFORE)--> [EVENT_BEFORE_N/A_ACTUAL_POS] | [EVENT_BEFORE_N/A_ACTUAL_POS] --(BEFORE)--> [EVENT_BEFORE_N/A_ACTUAL_POS],enzymes,CONTAINS,bilan,BEFORE,électromyogramme,BEFORE,bilan,BEFORE,explorations,,
16,56,FR100519,[EVENT_BEFORE_N/A_ACTUAL_POS] --(CONTAINS)--> [EVENT_BEFORE_N/A_ACTUAL_POS] | [EVENT_BEFORE_N/A_ACTUAL_POS] --(BEFORE)--> [EVENT_BEFORE_N/A_ACTUAL_POS] | [EVENT_BEFORE_N/A_ACTUAL_POS] --(BEFORE)--> [EVENT_BEFORE_N/A_ACTUAL_POS] | [EVENT_BEFORE_N/A_ACTUAL_POS] --(BEFORE)--> [EVENT_BEFORE_N/A_ACTUAL_POS],aspect,CONTAINS,bilan,BEFORE,angioscanner,BEFORE,échodoppler,BEFORE,retenue,,
16,56,FR100579,[EVENT_BEFORE_N/A_ACTUAL_POS] --(CONTAINS)--> [EVENT_BEFORE_N/A_ACTUAL_POS] | [EVENT_BEFORE_N/A_ACTUAL_POS] --(BEFORE)--> [EVENT_BEFORE_N/A_ACTUAL_POS] | [EVENT_BEFORE_N/A_ACTUAL_POS] --(BEFORE)--> [EVENT_BEFORE_N/A_ACTUAL_POS] | [EVENT_BEFORE_N/A_ACTUAL_POS] --(BEFORE)--> [EVENT_BEFORE_N/A_ACTUAL_POS],dilatation,CONTAINS,radiographie,BEFORE,échocardiographie,BEFORE,angio-scanner,BEFORE,imagerie,,
16,56,FR100589,[EVENT_BEFORE_N/A_ACTUAL_POS] --(CONTAINS)--> [EVENT_BEFORE_N/A_ACTUAL_POS] | [EVENT_BEFORE_N/A_ACTUAL_POS] --(BEFORE)--> [EVENT_BEFORE_N/A_ACTUAL_POS] | [EVENT_BEFORE_N/A_ACTUAL_POS] --(BEFORE)--> [EVENT_BEFORE_N/A_ACTUAL_POS] | [EVENT_BEFORE_N/A_ACTUAL_POS] --(BEFORE)--> [EVENT_BEFORE_N/A_ACTUAL_POS],contexte,CONTAINS,rechercher,BEFORE,bronchoscopie,BEFORE,lavage,BEFORE,biopsies,,
16,56,FR100597,[EVENT_BEFORE_N/A_ACTUAL_POS] --(CONTAINS)--> [EVENT_BEFORE_N/A_ACTUAL_POS] | [EVENT_BEFORE_N/A_ACTUAL_POS] --(BEFORE)--> [EVENT_BEFORE_N/A_ACTUAL_POS] | [EVENT_BEFORE_N/A_ACTUAL_POS] --(BEFORE)--> [EVENT_BEFORE_N/A_ACTUAL_POS] | [EVENT_BEFORE_N/A_ACTUAL_POS] --(BEFORE)--> [EVENT_BEFORE_N/A_ACTUAL_POS],consultation,CONTAINS,examen,BEFORE,examen,BEFORE,examen,BEFORE,toucher,,
16,56,FR100611,[EVENT_BEFORE_N/A_ACTUAL_POS] --(CONTAINS)--> [EVENT_BEFORE_N/A_ACTUAL_POS] | [EVENT_BEFORE_N/A_ACTUAL_POS] --(BEFORE)--> [EVENT_BEFORE_N/A_ACTUAL_POS] | [EVENT_BEFORE_N/A_ACTUAL_POS] --(BEFORE)--> [EVENT_BEFORE_N/A_ACTUAL_POS] | [EVENT_BEFORE_N/A_ACTUAL_POS] --(BEFORE)--> [EVENT_BEFORE_N/A_ACTUAL_POS],aphasie,CONTAINS,examen,BEFORE,IRM,BEFORE,étude,BEFORE,examen,,
16,56,FR100614,[EVENT_BEFORE_N/A_ACTUAL_POS] --(CONTAINS)--> [EVENT_BEFORE_N/A_ACTUAL_POS] | [EVENT_BEFORE_N/A_ACTUAL_POS] --(BEFORE)--> [EVENT_BEFORE_N/A_ACTUAL_POS] | [EVENT_BEFORE_N/A_ACTUAL_POS] --(BEFORE)--> [EVENT_BEFORE_N/A_ACTUAL_POS] | [EVENT_BEFORE_N/A_ACTUAL_POS] --(BEFORE)--> [EVENT_BEFORE_N/A_ACTUAL_POS],masse,CONTAINS,tomodensitométrie,BEFORE,radiographie,BEFORE,taux,BEFORE,exploration,,
16,56,FR100620,[EVENT_BEFORE_N/A_ACTUAL_POS] --(CONTAINS)--> [EVENT_BEFORE_N/A_ACTUAL_POS] | [EVENT_BEFORE_N/A_ACTUAL_POS] --(BEFORE)--> [EVENT_BEFORE_N/A_ACTUAL_POS] | [EVENT_BEFORE_N/A_ACTUAL_POS] --(BEFORE)--> [EVENT_BEFORE_N/A_ACTUAL_POS] | [EVENT_BEFORE_N/A_ACTUAL_POS] --(BEFORE)--> [EVENT_BEFORE_N/A_ACTUAL_POS],hippocratisme,CONTAINS,examen,BEFORE,radiographie,BEFORE,drainage,BEFORE,visibles,,
16,56,FR100623,[EVENT_BEFORE_N/A_ACTUAL_POS] --(CONTAINS)--> [EVENT_BEFORE_N/A_ACTUAL_POS] | [EVENT_BEFORE_N/A_ACTUAL_POS] --(BEFORE)--> [EVENT_BEFORE_N/A_ACTUAL_POS] | [EVENT_BEFORE_N/A_ACTUAL_POS] --(BEFORE)--> [EVENT_BEFORE_N/A_ACTUAL_POS] | [EVENT_BEFORE_N/A_ACTUAL_POS] --(BEFORE)--> [EVENT_BEFORE_N/A_ACTUAL_POS],disposition,CONTAINS,tomodensitométrie,BEFORE,retenu,BEFORE,prise,BEFORE,analyse,,
16,56,FR100629,[EVENT_BEFORE_N/A_ACTUAL_POS] --(CONTAINS)--> [EVENT_BEFORE_N/A_ACTUAL_POS] | [EVENT_BEFORE_N/A_ACTUAL_POS] --(BEFORE)--> [EVENT_BEFORE_N/A_ACTUAL_POS] | [EVENT_BEFORE_N/A_ACTUAL_POS] --(BEFORE)--> [EVENT_BEFORE_N/A_ACTUAL_POS] | [EVENT_BEFORE_N/A_ACTUAL_POS] --(BEFORE)--> [EVENT_BEFORE_N/A_ACTUAL_POS],syndrome,CONTAINS,examen,BEFORE,radiographie,BEFORE,thoracoscopie,BEFORE,marquage,,
16,56,FR100632,[EVENT_BEFORE_N/A_ACTUAL_POS] --(CONTAINS)--> [EVENT_BEFORE_N/A_ACTUAL_POS] | [EVENT_BEFORE_N/A_ACTUAL_POS] --(BEFORE)--> [EVENT_BEFORE_N/A_ACTUAL_POS] | [EVENT_BEFORE_N/A_ACTUAL_POS] --(BEFORE)--> [EVENT_BEFORE_N/A_ACTUAL_POS] | [EVENT_BEFORE_N/A_ACTUAL_POS] --(BEFORE)--> [EVENT_BEFORE_N/A_ACTUAL_POS],état,CONTAINS,examen,BEFORE,examen,BEFORE,IRM,BEFORE,IRM,,
16,56,FR100663,[EVENT_BEFORE_N/A_ACTUAL_POS] --(CONTAINS)--> [EVENT_BEFORE_N/A_ACTUAL_POS] | [EVENT_BEFORE_N/A_ACTUAL_POS] --(BEFORE)--> [EVENT_BEFORE_N/A_ACTUAL_POS] | [EVENT_BEFORE_N/A_ACTUAL_POS] --(BEFORE)--> [EVENT_BEFORE_N/A_ACTUAL_POS] | [EVENT_BEFORE_N/A_ACTUAL_POS] --(BEFORE)--> [EVENT_BEFORE_N/A_ACTUAL_POS],contenait,CONTAINS,échographie,BEFORE,taux,BEFORE,tenté,BEFORE,répétée,,
16,56,FR100666,[EVENT_BEFORE_N/A_ACTUAL_POS] --(CONTAINS)--> [EVENT_BEFORE_N/A_ACTUAL_POS] | [EVENT_BEFORE_N/A_ACTUAL_POS] --(BEFORE)--> [EVENT_BEFORE_N/A_ACTUAL_POS] | [EVENT_BEFORE_N/A_ACTUAL_POS] --(BEFORE)--> [EVENT_BEFORE_N/A_ACTUAL_POS] | [EVENT_BEFORE_N/A_ACTUAL_POS] --(BEFORE)--> [EVENT_BEFORE_N/A_ACTUAL_POS],sérologie,CONTAINS,bilan,BEFORE,myologramme,BEFORE,bilan,BEFORE,classé,,
16,56,FR100683,[EVENT_BEFORE_N/A_ACTUAL_POS] --(CONTAINS)--> [EVENT_BEFORE_N/A_ACTUAL_POS] | [EVENT_BEFORE_N/A_ACTUAL_POS] --(BEFORE)--> [EVENT_BEFORE_N/A_ACTUAL_POS] | [EVENT_BEFORE_N/A_ACTUAL_POS] --(BEFORE)--> [EVENT_BEFORE_N/A_ACTUAL_POS] | [EVENT_BEFORE_N/A_ACTUAL_POS] --(BEFORE)--> [EVENT_BEFORE_N/A_ACTUAL_POS],glycémie,CONTAINS,exploration,BEFORE,exploration,BEFORE,IRM,BEFORE,écho-mammographie,,
16,56,FR100688,[EVENT_BEFORE_N/A_ACTUAL_POS] --(CONTAINS)--> [EVENT_BEFORE_N/A_ACTUAL_POS] | [EVENT_BEFORE_N/A_ACTUAL_POS] --(BEFORE)--> [EVENT_BEFORE_N/A_ACTUAL_POS] | [EVENT_BEFORE_N/A_ACTUAL_POS] --(BEFORE)--> [EVENT_BEFORE_N/A_ACTUAL_POS] | [EVENT_BEFORE_N/A_ACTUAL_POS] --(BEFORE)--> [EVENT_BEFORE_N/A_ACTUAL_POS],érosion,CONTAINS,radiographie,BEFORE,échographie,BEFORE,radiographie,BEFORE,incision,,
16,56,FR100689,[EVENT_BEFORE_N/A_ACTUAL_POS] --(CONTAINS)--> [EVENT_BEFORE_N/A_ACTUAL_POS] | [EVENT_BEFORE_N/A_ACTUAL_POS] --(BEFORE)--> [EVENT_BEFORE_N/A_ACTUAL_POS] | [EVENT_BEFORE_N/A_ACTUAL_POS] --(BEFORE)--> [EVENT_BEFORE_N/A_ACTUAL_POS] | [EVENT_BEFORE_N/A_ACTUAL_POS] --(BEFORE)--> [EVENT_BEFORE_N/A_ACTUAL_POS],CRP,CONTAINS,ionogramme,BEFORE,examen,BEFORE,retenu,BEFORE,évolution,,
16,56,FR100697,[EVENT_BEFORE_N/A_ACTUAL_POS] --(CONTAINS)--> [EVENT_BEFORE_N/A_ACTUAL_POS] | [EVENT_BEFORE_N/A_ACTUAL_POS] --(BEFORE)--> [EVENT_BEFORE_N/A_ACTUAL_POS] | [EVENT_BEFORE_N/A_ACTUAL_POS] --(BEFORE)--> [EVENT_BEFORE_N/A_ACTUAL_POS] | [EVENT_BEFORE_N/A_ACTUAL_POS] --(BEFORE)--> [EVENT_BEFORE_N/A_ACTUAL_POS],rétraction,CONTAINS,mammographie,BEFORE,échographie,BEFORE,examen,BEFORE,immunomarquage,,
16,56,FR100708,[EVENT_BEFORE_N/A_ACTUAL_POS] --(CONTAINS)--> [EVENT_BEFORE_N/A_ACTUAL_POS] | [EVENT_BEFORE_N/A_ACTUAL_POS] --(BEFORE)--> [EVENT_BEFORE_N/A_ACTUAL_POS] | [EVENT_BEFORE_N/A_ACTUAL_POS] --(BEFORE)--> [EVENT_BEFORE_N/A_ACTUAL_POS] | [EVENT_BEFORE_N/A_ACTUAL_POS] --(BEFORE)--> [EVENT_BEFORE_N/A_ACTUAL_POS],masse,CONTAINS,mammographie,BEFORE,échographie,BEFORE,ponction,BEFORE,étude,,
16,56,FR100717,[EVENT_BEFORE_N/A_ACTUAL_POS] --(CONTAINS)--> [EVENT_BEFORE_N/A_ACTUAL_POS] | [EVENT_BEFORE_N/A_ACTUAL_POS] --(BEFORE)--> [EVENT_BEFORE_N/A_ACTUAL_POS] | [EVENT_BEFORE_N/A_ACTUAL_POS] --(BEFORE)--> [EVENT_BEFORE_N/A_ACTUAL_POS] | [EVENT_BEFORE_N/A_ACTUAL_POS] --(BEFORE)--> [EVENT_BEFORE_N/A_ACTUAL_POS],HDL,CONTAINS,examens,BEFORE,scanner,BEFORE,IRM,BEFORE,laminectomie,,
16,56,FR100748,[EVENT_BEFORE_N/A_ACTUAL_POS] --(CONTAINS)--> [EVENT_BEFORE_N/A_ACTUAL_POS] | [EVENT_BEFORE_N/A_ACTUAL_POS] --(BEFORE)--> [EVENT_BEFORE_N/A_ACTUAL_POS] | [EVENT_BEFORE_N/A_ACTUAL_POS] --(BEFORE)--> [EVENT_BEFORE_N/A_ACTUAL_POS] | [EVENT_BEFORE_N/A_ACTUAL_POS] --(BEFORE)--> [EVENT_BEFORE_N/A_ACTUAL_POS],hospitalisation,CONTAINS,indication,BEFORE,consultation,BEFORE,ASA,BEFORE,Nicardipine,,
16,56,FR100806,[EVENT_BEFORE_N/A_ACTUAL_POS] --(CONTAINS)--> [EVENT_BEFORE_N/A_ACTUAL_POS] | [EVENT_BEFORE_N/A_ACTUAL_POS] --(BEFORE)--> [EVENT_BEFORE_N/A_ACTUAL_POS] | [EVENT_BEFORE_N/A_ACTUAL_POS] --(BEFORE)--> [EVENT_BEFORE_N/A_ACTUAL_POS] | [EVENT_BEFORE_N/A_ACTUAL_POS] --(BEFORE)--> [EVENT_BEFORE_N/A_ACTUAL_POS],TP,CONTAINS,biologie,BEFORE,tomodensitométrie,BEFORE,prise,BEFORE,examen,,
16,56,FR100826,[EVENT_BEFORE_N/A_ACTUAL_POS] --(CONTAINS)--> [EVENT_BEFORE_N/A_ACTUAL_POS] | [EVENT_BEFORE_N/A_ACTUAL_POS] --(BEFORE)--> [EVENT_BEFORE_N/A_ACTUAL_POS] | [EVENT_BEFORE_N/A_ACTUAL_POS] --(BEFORE)--> [EVENT_BEFORE_N/A_ACTUAL_POS] | [EVENT_BEFORE_N/A_ACTUAL_POS] --(BEFORE)--> [EVENT_BEFORE_N/A_ACTUAL_POS],termine,CONTAINS,bilan,BEFORE,bilan,BEFORE,retenue,BEFORE,exploration,,
16,56,FR100845,[EVENT_BEFORE_N/A_ACTUAL_POS] --(CONTAINS)--> [EVENT_BEFORE_N/A_ACTUAL_POS] | [EVENT_BEFORE_N/A_ACTUAL_POS] --(BEFORE)--> [EVENT_BEFORE_N/A_ACTUAL_POS] | [EVENT_BEFORE_N/A_ACTUAL_POS] --(BEFORE)--> [EVENT_BEFORE_N/A_ACTUAL_POS] | [EVENT_BEFORE_N/A_ACTUAL_POS] --(BEFORE)--> [EVENT_BEFORE_N/A_ACTUAL_POS],consciente,CONTAINS,examen,BEFORE,examen,BEFORE,échographie,BEFORE,radiographie,,
16,56,FR100870,[EVENT_BEFORE_N/A_ACTUAL_POS] --(CONTAINS)--> [EVENT_BEFORE_N/A_ACTUAL_POS] | [EVENT_BEFORE_N/A_ACTUAL_POS] --(BEFORE)--> [EVENT_BEFORE_N/A_ACTUAL_POS] | [EVENT_BEFORE_N/A_ACTUAL_POS] --(BEFORE)--> [EVENT_BEFORE_N/A_ACTUAL_POS] | [EVENT_BEFORE_N/A_ACTUAL_POS] --(BEFORE)--> [EVENT_BEFORE_N/A_ACTUAL_POS],calcémie,CONTAINS,bilan,BEFORE,IRM,BEFORE,électrophorèse,BEFORE,immunosoustraction,,
16,56,FR100874,[EVENT_BEFORE_N/A_ACTUAL_POS] --(CONTAINS)--> [EVENT_BEFORE_N/A_ACTUAL_POS] | [EVENT_BEFORE_N/A_ACTUAL_POS] --(BEFORE)--> [EVENT_BEFORE_N/A_ACTUAL_POS] | [EVENT_BEFORE_N/A_ACTUAL_POS] --(BEFORE)--> [EVENT_BEFORE_N/A_ACTUAL_POS] | [EVENT_BEFORE_N/A_ACTUAL_POS] --(BEFORE)--> [EVENT_BEFORE_N/A_ACTUAL_POS],diverticule,CONTAINS,retenu,BEFORE,mise,BEFORE,diverticulectomie,BEFORE,décédée,,
16,56,FR100882,[EVENT_BEFORE_N/A_ACTUAL_POS] --(CONTAINS)--> [EVENT_BEFORE_N/A_ACTUAL_POS] | [EVENT_BEFORE_N/A_ACTUAL_POS] --(BEFORE)--> [EVENT_BEFORE_N/A_ACTUAL_POS] | [EVENT_BEFORE_N/A_ACTUAL_POS] --(BEFORE)--> [EVENT_BEFORE_N/A_ACTUAL_POS] | [EVENT_BEFORE_N/A_ACTUAL_POS] --(BEFORE)--> [EVENT_BEFORE_N/A_ACTUAL_POS],hospitalisation,CONTAINS,admise,BEFORE,examen,BEFORE,examen,BEFORE,examen,,
16,56,FR100883,[EVENT_BEFORE_N/A_ACTUAL_POS] --(CONTAINS)--> [EVENT_BEFORE_N/A_ACTUAL_POS] | [EVENT_BEFORE_N/A_ACTUAL_POS] --(BEFORE)--> [EVENT_BEFORE_N/A_ACTUAL_POS] | [EVENT_BEFORE_N/A_ACTUAL_POS] --(BEFORE)--> [EVENT_BEFORE_N/A_ACTUAL_POS] | [EVENT_BEFORE_N/A_ACTUAL_POS] --(BEFORE)--> [EVENT_BEFORE_N/A_ACTUAL_POS],admission,CONTAINS,TDM,BEFORE,biopsie,BEFORE,bilan,BEFORE,sérologie,,
16,56,FR100894,[EVENT_BEFORE_N/A_ACTUAL_POS] --(CONTAINS)--> [EVENT_BEFORE_N/A_ACTUAL_POS] | [EVENT_BEFORE_N/A_ACTUAL_POS] --(BEFORE)--> [EVENT_BEFORE_N/A_ACTUAL_POS] | [EVENT_BEFORE_N/A_ACTUAL_POS] --(BEFORE)--> [EVENT_BEFORE_N/A_ACTUAL_POS] | [EVENT_BEFORE_N/A_ACTUAL_POS] --(BEFORE)--> [EVENT_BEFORE_N/A_ACTUAL_POS],syndrome,CONTAINS,diagnostic,BEFORE,pris,BEFORE,incision,BEFORE,immobilisé,,
16,56,FR100903,[EVENT_BEFORE_N/A_ACTUAL_POS] --(CONTAINS)--> [EVENT_BEFORE_N/A_ACTUAL_POS] | [EVENT_BEFORE_N/A_ACTUAL_POS] --(BEFORE)--> [EVENT_BEFORE_N/A_ACTUAL_POS] | [EVENT_BEFORE_N/A_ACTUAL_POS] --(BEFORE)--> [EVENT_BEFORE_N/A_ACTUAL_POS] | [EVENT_BEFORE_N/A_ACTUAL_POS] --(BEFORE)--> [EVENT_BEFORE_N/A_ACTUAL_POS],biométrie,CONTAINS,échographie,BEFORE,IRM,BEFORE,diagnostic,BEFORE,écarté,,
16,56,FR100946,[EVENT_BEFORE_N/A_ACTUAL_POS] --(CONTAINS)--> [EVENT_BEFORE_N/A_ACTUAL_POS] | [EVENT_BEFORE_N/A_ACTUAL_POS] --(BEFORE)--> [EVENT_BEFORE_N/A_ACTUAL_POS] | [EVENT_BEFORE_N/A_ACTUAL_POS] --(BEFORE)--> [EVENT_BEFORE_N/A_ACTUAL_POS] | [EVENT_BEFORE_N/A_ACTUAL_POS] --(BEFORE)--> [EVENT_BEFORE_N/A_ACTUAL_POS],lésion,CONTAINS,IRM,BEFORE,analyse,BEFORE,mise,BEFORE,abord,,
16,56,FR100996,[EVENT_BEFORE_N/A_ACTUAL_POS] --(CONTAINS)--> [EVENT_BEFORE_N/A_ACTUAL_POS] | [EVENT_BEFORE_N/A_ACTUAL_POS] --(BEFORE)--> [EVENT_BEFORE_N/A_ACTUAL_POS] | [EVENT_BEFORE_N/A_ACTUAL_POS] --(BEFORE)--> [EVENT_BEFORE_N/A_ACTUAL_POS] | [EVENT_BEFORE_N/A_ACTUAL_POS] --(BEFORE)--> [EVENT_BEFORE_N/A_ACTUAL_POS],sac,CONTAINS,tomodensitométrie,BEFORE,injection,BEFORE,retenu,BEFORE,chirurgical,,
89,52,FR100003,[EVENT_BEFORE_N/A_ACTUAL_POS] --(CONTAINS)--> [EVENT_BEFORE_N/A_ACTUAL_POS] | [EVENT_BEFORE_N/A_ACTUAL_POS] --(BEFORE)--> [EVENT_BEFORE_N/A_ACTUAL_POS],antibiothérapie,CONTAINS,réajustée,[RETOUR],antibiothérapie,BEFORE,bloc,,,,
89,52,FR100092,[EVENT_BEFORE_N/A_ACTUAL_POS] --(CONTAINS)--> [EVENT_BEFORE_N/A_ACTUAL_POS] | [EVENT_BEFORE_N/A_ACTUAL_POS] --(BEFORE)--> [EVENT_BEFORE_N/A_ACTUAL_POS],examen,CONTAINS,fréquence,[RETOUR],examen,BEFORE,examen,,,,
89,52,FR100130,[EVENT_BEFORE_N/A_ACTUAL_POS] --(CONTAINS)--> [EVENT_BEFORE_N/A_ACTUAL_POS] | [EVENT_BEFORE_N/A_ACTUAL_POS] --(BEFORE)--> [EVENT_BEFORE_N/A_ACTUAL_POS],biologie,CONTAINS,créatine,[RETOUR],biologie,BEFORE,glycémie,,,,
89,52,FR100132,[EVENT_BEFORE_N/A_ACTUAL_POS] --(CONTAINS)--> [EVENT_BEFORE_N/A_ACTUAL_POS] | [EVENT_BEFORE_N/A_ACTUAL_POS] --(BEFORE)--> [EVENT_BEFORE_N/A_ACTUAL_POS],consultation,CONTAINS,référée,[RETOUR],consultation,BEFORE,examen,,,,
89,52,FR100161,[EVENT_BEFORE_N/A_ACTUAL_POS] --(CONTAINS)--> [EVENT_BEFORE_N/A_ACTUAL_POS] | [EVENT_BEFORE_N/A_ACTUAL_POS] --(BEFORE)--> [EVENT_BEFORE_N/A_ACTUAL_POS],examens,CONTAINS,Fibro,[RETOUR],examens,BEFORE,radiographie,,,,
89,52,FR100168,[EVENT_BEFORE_N/A_ACTUAL_POS] --(CONTAINS)--> [EVENT_BEFORE_N/A_ACTUAL_POS] | [EVENT_BEFORE_N/A_ACTUAL_POS] --(BEFORE)--> [EVENT_BEFORE_N/A_ACTUAL_POS],tests,CONTAINS,recherche,[RETOUR],tests,BEFORE,entretien,,,,
89,52,FR100255,[EVENT_BEFORE_N/A_ACTUAL_POS] --(CONTAINS)--> [EVENT_BEFORE_N/A_ACTUAL_POS] | [EVENT_BEFORE_N/A_ACTUAL_POS] --(BEFORE)--> [EVENT_BEFORE_N/A_ACTUAL_POS],échographie,CONTAINS,confirmation,[RETOUR],échographie,BEFORE,mise,,,,
89,52,FR100275,[EVENT_BEFORE_N/A_ACTUAL_POS] --(CONTAINS)--> [EVENT_BEFORE_N/A_ACTUAL_POS] | [EVENT_BEFORE_N/A_ACTUAL_POS] --(BEFORE)--> [EVENT_BEFORE_N/A_ACTUAL_POS],bilan,CONTAINS,électrocardiogramme,[RETOUR],bilan,BEFORE,bilan,,,,
89,52,FR100276,[EVENT_BEFORE_N/A_ACTUAL_POS] --(CONTAINS)--> [EVENT_BEFORE_N/A_ACTUAL_POS] | [EVENT_BEFORE_N/A_ACTUAL_POS] --(BEFORE)--> [EVENT_BEFORE_N/A_ACTUAL_POS],biopsie,CONTAINS,examen,[RETOUR],biopsie,BEFORE,posé,,,,
89,52,FR100283,[EVENT_BEFORE_N/A_ACTUAL_POS] --(CONTAINS)--> [EVENT_BEFORE_N/A_ACTUAL_POS] | [EVENT_BEFORE_N/A_ACTUAL_POS] --(BEFORE)--> [EVENT_BEFORE_N/A_ACTUAL_POS],traitement,CONTAINS,opothérapie,[RETOUR],traitement,BEFORE,évolution,,,,
89,52,FR100296,[EVENT_BEFORE_N/A_ACTUAL_POS] --(CONTAINS)--> [EVENT_BEFORE_N/A_ACTUAL_POS] | [EVENT_BEFORE_N/A_ACTUAL_POS] --(BEFORE)--> [EVENT_BEFORE_N/A_ACTUAL_POS],fenestration,CONTAINS,geste,[RETOUR],fenestration,BEFORE,suites,,,,
89,52,FR100344,[EVENT_BEFORE_N/A_ACTUAL_POS] --(CONTAINS)--> [EVENT_BEFORE_N/A_ACTUAL_POS] | [EVENT_BEFORE_N/A_ACTUAL_POS] --(BEFORE)--> [EVENT_BEFORE_N/A_ACTUAL_POS],bilan,CONTAINS,échographie,[RETOUR],bilan,BEFORE,contrôle,,,,
89,52,FR100346,[EVENT_BEFORE_N/A_ACTUAL_POS] --(CONTAINS)--> [EVENT_BEFORE_N/A_ACTUAL_POS] | [EVENT_BEFORE_N/A_ACTUAL_POS] --(BEFORE)--> [EVENT_BEFORE_N/A_ACTUAL_POS],examen,CONTAINS,reste,[RETOUR],examen,BEFORE,gazométrie,,,,
89,52,FR100360,[EVENT_BEFORE_N/A_ACTUAL_POS] --(CONTAINS)--> [EVENT_BEFORE_N/A_ACTUAL_POS] | [EVENT_BEFORE_N/A_ACTUAL_POS] --(BEFORE)--> [EVENT_BEFORE_N/A_ACTUAL_POS],colpohystérectomie,CONTAINS,annexectomie,[RETOUR],colpohystérectomie,BEFORE,examen,,,,
89,52,FR100361,[EVENT_BEFORE_N/A_ACTUAL_POS] --(CONTAINS)--> [EVENT_BEFORE_N/A_ACTUAL_POS] | [EVENT_BEFORE_N/A_ACTUAL_POS] --(BEFORE)--> [EVENT_BEFORE_N/A_ACTUAL_POS],prolactinémie,CONTAINS,passée,[RETOUR],prolactinémie,BEFORE,améliorée,,,,
89,52,FR100371,[EVENT_BEFORE_N/A_ACTUAL_POS] --(CONTAINS)--> [EVENT_BEFORE_N/A_ACTUAL_POS] | [EVENT_BEFORE_N/A_ACTUAL_POS] --(BEFORE)--> [EVENT_BEFORE_N/A_ACTUAL_POS],bilan,CONTAINS,bilan,[RETOUR],bilan,BEFORE,bilan,,,,
89,52,FR100400,[EVENT_BEFORE_N/A_ACTUAL_POS] --(CONTAINS)--> [EVENT_BEFORE_N/A_ACTUAL_POS] | [EVENT_BEFORE_N/A_ACTUAL_POS] --(BEFORE)--> [EVENT_BEFORE_N/A_ACTUAL_POS],histoire,CONTAINS,douleurs,[RETOUR],histoire,BEFORE,examen,,,,
89,52,FR100448,[EVENT_BEFORE_N/A_ACTUAL_POS] --(CONTAINS)--> [EVENT_BEFORE_N/A_ACTUAL_POS] | [EVENT_BEFORE_N/A_ACTUAL_POS] --(BEFORE)--> [EVENT_BEFORE_N/A_ACTUAL_POS],examen,CONTAINS,reste,[RETOUR],examen,BEFORE,échotomographie,,,,
89,52,FR100515,[EVENT_BEFORE_N/A_ACTUAL_POS] --(CONTAINS)--> [EVENT_BEFORE_N/A_ACTUAL_POS] | [EVENT_BEFORE_N/A_ACTUAL_POS] --(BEFORE)--> [EVENT_BEFORE_N/A_ACTUAL_POS],bilan,CONTAINS,scanner,[RETOUR],bilan,BEFORE,prescrits,,,,
89,52,FR100517,[EVENT_BEFORE_N/A_ACTUAL_POS] --(CONTAINS)--> [EVENT_BEFORE_N/A_ACTUAL_POS] | [EVENT_BEFORE_N/A_ACTUAL_POS] --(BEFORE)--> [EVENT_BEFORE_N/A_ACTUAL_POS],bilan,CONTAINS,radiographie,[RETOUR],bilan,BEFORE,mise,,,,
89,52,FR100519,[EVENT_BEFORE_N/A_ACTUAL_POS] --(CONTAINS)--> [EVENT_BEFORE_N/A_ACTUAL_POS] | [EVENT_BEFORE_N/A_ACTUAL_POS] --(BEFORE)--> [EVENT_BEFORE_N/A_ACTUAL_POS],hémogramme,CONTAINS,bilan,[RETOUR],hémogramme,BEFORE,remplissage,,,,
89,52,FR100589,[EVENT_BEFORE_N/A_ACTUAL_POS] --(CONTAINS)--> [EVENT_BEFORE_N/A_ACTUAL_POS] | [EVENT_BEFORE_N/A_ACTUAL_POS] --(BEFORE)--> [EVENT_BEFORE_N/A_ACTUAL_POS],lavage,CONTAINS,recherche,[RETOUR],lavage,BEFORE,biopsies,,,,
89,52,FR100597,[EVENT_BEFORE_N/A_ACTUAL_POS] --(CONTAINS)--> [EVENT_BEFORE_N/A_ACTUAL_POS] | [EVENT_BEFORE_N/A_ACTUAL_POS] --(BEFORE)--> [EVENT_BEFORE_N/A_ACTUAL_POS],intervention,CONTAINS,exploration,[RETOUR],intervention,BEFORE,décédée,,,,
89,52,FR100603,[EVENT_BEFORE_N/A_ACTUAL_POS] --(CONTAINS)--> [EVENT_BEFORE_N/A_ACTUAL_POS] | [EVENT_BEFORE_N/A_ACTUAL_POS] --(BEFORE)--> [EVENT_BEFORE_N/A_ACTUAL_POS],chirurgie,CONTAINS,remplacée,[RETOUR],chirurgie,BEFORE,hémocultures,,,,
89,52,FR100611,[EVENT_BEFORE_N/A_ACTUAL_POS] --(CONTAINS)--> [EVENT_BEFORE_N/A_ACTUAL_POS] | [EVENT_BEFORE_N/A_ACTUAL_POS] --(BEFORE)--> [EVENT_BEFORE_N/A_ACTUAL_POS],TDM,CONTAINS,image,[RETOUR],TDM,BEFORE,biopsie,,,,
89,52,FR100614,[EVENT_BEFORE_N/A_ACTUAL_POS] --(CONTAINS)--> [EVENT_BEFORE_N/A_ACTUAL_POS] | [EVENT_BEFORE_N/A_ACTUAL_POS] --(BEFORE)--> [EVENT_BEFORE_N/A_ACTUAL_POS],intervention,CONTAINS,éviter,[RETOUR],intervention,BEFORE,résection,,,,
89,52,FR100620,[EVENT_BEFORE_N/A_ACTUAL_POS] --(CONTAINS)--> [EVENT_BEFORE_N/A_ACTUAL_POS] | [EVENT_BEFORE_N/A_ACTUAL_POS] --(BEFORE)--> [EVENT_BEFORE_N/A_ACTUAL_POS],bilan,CONTAINS,échographie,[RETOUR],bilan,BEFORE,bilan,,,,
89,52,FR100629,[EVENT_BEFORE_N/A_ACTUAL_POS] --(CONTAINS)--> [EVENT_BEFORE_N/A_ACTUAL_POS] | [EVENT_BEFORE_N/A_ACTUAL_POS] --(BEFORE)--> [EVENT_BEFORE_N/A_ACTUAL_POS],thoracoscopie,CONTAINS,biopsie,[RETOUR],thoracoscopie,BEFORE,marquage,,,,
89,52,FR100632,[EVENT_BEFORE_N/A_ACTUAL_POS] --(CONTAINS)--> [EVENT_BEFORE_N/A_ACTUAL_POS] | [EVENT_BEFORE_N/A_ACTUAL_POS] --(BEFORE)--> [EVENT_BEFORE_N/A_ACTUAL_POS],étude,CONTAINS,culture,[RETOUR],étude,BEFORE,numération,,,,
89,52,FR100658,[EVENT_BEFORE_N/A_ACTUAL_POS] --(CONTAINS)--> [EVENT_BEFORE_N/A_ACTUAL_POS] | [EVENT_BEFORE_N/A_ACTUAL_POS] --(BEFORE)--> [EVENT_BEFORE_N/A_ACTUAL_POS],monitorage,CONTAINS,enregistrement,[RETOUR],monitorage,BEFORE,prise,,,,
89,52,FR100663,[EVENT_BEFORE_N/A_ACTUAL_POS] --(CONTAINS)--> [EVENT_BEFORE_N/A_ACTUAL_POS] | [EVENT_BEFORE_N/A_ACTUAL_POS] --(BEFORE)--> [EVENT_BEFORE_N/A_ACTUAL_POS],bilan,CONTAINS,Taux,[RETOUR],bilan,BEFORE,répétée,,,,
89,52,FR100666,[EVENT_BEFORE_N/A_ACTUAL_POS] --(CONTAINS)--> [EVENT_BEFORE_N/A_ACTUAL_POS] | [EVENT_BEFORE_N/A_ACTUAL_POS] --(BEFORE)--> [EVENT_BEFORE_N/A_ACTUAL_POS],polychimiothérapie,CONTAINS,COP,[RETOUR],polychimiothérapie,BEFORE,COPADEM,,,,
89,52,FR100688,[EVENT_BEFORE_N/A_ACTUAL_POS] --(CONTAINS)--> [EVENT_BEFORE_N/A_ACTUAL_POS] | [EVENT_BEFORE_N/A_ACTUAL_POS] --(BEFORE)--> [EVENT_BEFORE_N/A_ACTUAL_POS],traitement,CONTAINS,phase,[RETOUR],traitement,BEFORE,évolution,,,,
89,52,FR100689,[EVENT_BEFORE_N/A_ACTUAL_POS] --(CONTAINS)--> [EVENT_BEFORE_N/A_ACTUAL_POS] | [EVENT_BEFORE_N/A_ACTUAL_POS] --(BEFORE)--> [EVENT_BEFORE_N/A_ACTUAL_POS],IRM,CONTAINS,injection,[RETOUR],IRM,BEFORE,étude,,,,
89,52,FR100697,[EVENT_BEFORE_N/A_ACTUAL_POS] --(CONTAINS)--> [EVENT_BEFORE_N/A_ACTUAL_POS] | [EVENT_BEFORE_N/A_ACTUAL_POS] --(BEFORE)--> [EVENT_BEFORE_N/A_ACTUAL_POS],bilan,CONTAINS,biopsie,[RETOUR],bilan,BEFORE,test,,,,
89,52,FR100708,[EVENT_BEFORE_N/A_ACTUAL_POS] --(CONTAINS)--> [EVENT_BEFORE_N/A_ACTUAL_POS] | [EVENT_BEFORE_N/A_ACTUAL_POS] --(BEFORE)--> [EVENT_BEFORE_N/A_ACTUAL_POS],ponction,CONTAINS,ramenant,[RETOUR],ponction,BEFORE,étude,,,,
89,52,FR100748,[EVENT_BEFORE_N/A_ACTUAL_POS] --(CONTAINS)--> [EVENT_BEFORE_N/A_ACTUAL_POS] | [EVENT_BEFORE_N/A_ACTUAL_POS] --(BEFORE)--> [EVENT_BEFORE_N/A_ACTUAL_POS],consultation,CONTAINS,examen,[RETOUR],consultation,BEFORE,ASA,,,,
89,52,FR100766,[EVENT_BEFORE_N/A_ACTUAL_POS] --(CONTAINS)--> [EVENT_BEFORE_N/A_ACTUAL_POS] | [EVENT_BEFORE_N/A_ACTUAL_POS] --(BEFORE)--> [EVENT_BEFORE_N/A_ACTUAL_POS],amputation,CONTAINS,confection,[RETOUR],amputation,BEFORE,propre,,,,
89,52,FR100780,[EVENT_BEFORE_N/A_ACTUAL_POS] --(CONTAINS)--> [EVENT_BEFORE_N/A_ACTUAL_POS] | [EVENT_BEFORE_N/A_ACTUAL_POS] --(BEFORE)--> [EVENT_BEFORE_N/A_ACTUAL_POS],examen,CONTAINS,tension,[RETOUR],examen,BEFORE,toucher,,,,
89,52,FR100806,[EVENT_BEFORE_N/A_ACTUAL_POS] --(CONTAINS)--> [EVENT_BEFORE_N/A_ACTUAL_POS] | [EVENT_BEFORE_N/A_ACTUAL_POS] --(BEFORE)--> [EVENT_BEFORE_N/A_ACTUAL_POS],prise,CONTAINS,splénectomie,[RETOUR],prise,BEFORE,examen,,,,
89,52,FR100814,[EVENT_BEFORE_N/A_ACTUAL_POS] --(CONTAINS)--> [EVENT_BEFORE_N/A_ACTUAL_POS] | [EVENT_BEFORE_N/A_ACTUAL_POS] --(BEFORE)--> [EVENT_BEFORE_N/A_ACTUAL_POS],IRM,CONTAINS,hypersignal,[RETOUR],IRM,BEFORE,diagnostic,,,,
89,52,FR100845,[EVENT_BEFORE_N/A_ACTUAL_POS] --(CONTAINS)--> [EVENT_BEFORE_N/A_ACTUAL_POS] | [EVENT_BEFORE_N/A_ACTUAL_POS] --(BEFORE)--> [EVENT_BEFORE_N/A_ACTUAL_POS],examinés,CONTAINS,examen,[RETOUR],examinés,BEFORE,détresse,,,,
89,52,FR100870,[EVENT_BEFORE_N/A_ACTUAL_POS] --(CONTAINS)--> [EVENT_BEFORE_N/A_ACTUAL_POS] | [EVENT_BEFORE_N/A_ACTUAL_POS] --(BEFORE)--> [EVENT_BEFORE_N/A_ACTUAL_POS],électrophorèse,CONTAINS,découverte,[RETOUR],électrophorèse,BEFORE,immunosoustraction,,,,
89,52,FR100874,[EVENT_BEFORE_N/A_ACTUAL_POS] --(CONTAINS)--> [EVENT_BEFORE_N/A_ACTUAL_POS] | [EVENT_BEFORE_N/A_ACTUAL_POS] --(BEFORE)--> [EVENT_BEFORE_N/A_ACTUAL_POS],admission,CONTAINS,interrogatoire,[RETOUR],admission,BEFORE,examen,,,,
89,52,FR100894,[EVENT_BEFORE_N/A_ACTUAL_POS] --(CONTAINS)--> [EVENT_BEFORE_N/A_ACTUAL_POS] | [EVENT_BEFORE_N/A_ACTUAL_POS] --(BEFORE)--> [EVENT_BEFORE_N/A_ACTUAL_POS],incision,CONTAINS,décompression,[RETOUR],incision,BEFORE,immobilisé,,,,
89,52,FR100903,[EVENT_BEFORE_N/A_ACTUAL_POS] --(CONTAINS)--> [EVENT_BEFORE_N/A_ACTUAL_POS] | [EVENT_BEFORE_N/A_ACTUAL_POS] --(BEFORE)--> [EVENT_BEFORE_N/A_ACTUAL_POS],accouchement,CONTAINS,naissance,[RETOUR],accouchement,BEFORE,décédé,,,,
89,52,FR100919,[EVENT_BEFORE_N/A_ACTUAL_POS] --(CONTAINS)--> [EVENT_BEFORE_N/A_ACTUAL_POS] | [EVENT_BEFORE_N/A_ACTUAL_POS] --(BEFORE)--> [EVENT_BEFORE_N/A_ACTUAL_POS],correction,CONTAINS,injection,[RETOUR],correction,BEFORE,normalisation,,,,
89,52,FR100946,[EVENT_BEFORE_N/A_ACTUAL_POS] --(CONTAINS)--> [EVENT_BEFORE_N/A_ACTUAL_POS] | [EVENT_BEFORE_N/A_ACTUAL_POS] --(BEFORE)--> [EVENT_BEFORE_N/A_ACTUAL_POS],IRM,CONTAINS,prise,[RETOUR],IRM,BEFORE,analyse,,,,
89,52,FR100959,[EVENT_BEFORE_N/A_ACTUAL_POS] --(CONTAINS)--> [EVENT_BEFORE_N/A_ACTUAL_POS] | [EVENT_BEFORE_N/A_ACTUAL_POS] --(BEFORE)--> [EVENT_BEFORE_N/A_ACTUAL_POS],œsophagoscopie,CONTAINS,permis,[RETOUR],œsophagoscopie,BEFORE,Transit,,,,
89,52,FR100998,[EVENT_BEFORE_N/A_ACTUAL_POS] --(CONTAINS)--> [EVENT_BEFORE_N/A_ACTUAL_POS] | [EVENT_BEFORE_N/A_ACTUAL_POS] --(BEFORE)--> [EVENT_BEFORE_N/A_ACTUAL_POS],traitée,CONTAINS,cures,[RETOUR],traitée,BEFORE,bilan,,,,
189,52,FR100003,[EVENT_BEFORE_N/A_ACTUAL_POS] --(BEFORE)--> [EVENT_BEFORE_N/A_ACTUAL_POS] | [EVENT_BEFORE_N/A_ACTUAL_POS] --(CONTAINS)--> [EVENT_BEFORE_N/A_ACTUAL_POS],injection,BEFORE,ponction,CONTAINS,ramené,,,,,,
189,52,FR100092,[EVENT_BEFORE_N/A_ACTUAL_POS] --(BEFORE)--> [EVENT_BEFORE_N/A_ACTUAL_POS] | [EVENT_BEFORE_N/A_ACTUAL_POS] --(CONTAINS)--> [EVENT_BEFORE_N/A_ACTUAL_POS],reste,BEFORE,minilaparotomie,CONTAINS,exploration,,,,,,
189,52,FR100120,[EVENT_BEFORE_N/A_ACTUAL_POS] --(BEFORE)--> [EVENT_BEFORE_N/A_ACTUAL_POS] | [EVENT_BEFORE_N/A_ACTUAL_POS] --(CONTAINS)--> [EVENT_BEFORE_N/A_ACTUAL_POS],reste,BEFORE,traitement,CONTAINS,soins,,,,,,
189,52,FR100130,[EVENT_BEFORE_N/A_ACTUAL_POS] --(BEFORE)--> [EVENT_BEFORE_N/A_ACTUAL_POS] | [EVENT_BEFORE_N/A_ACTUAL_POS] --(CONTAINS)--> [EVENT_BEFORE_N/A_ACTUAL_POS],recherche,BEFORE,séjour,CONTAINS,réconforté,,,,,,
189,52,FR100132,[EVENT_BEFORE_N/A_ACTUAL_POS] --(BEFORE)--> [EVENT_BEFORE_N/A_ACTUAL_POS] | [EVENT_BEFORE_N/A_ACTUAL_POS] --(CONTAINS)--> [EVENT_BEFORE_N/A_ACTUAL_POS],consultation,BEFORE,examen,CONTAINS,palpation,,,,,,
189,52,FR100161,[EVENT_BEFORE_N/A_ACTUAL_POS] --(BEFORE)--> [EVENT_BEFORE_N/A_ACTUAL_POS] | [EVENT_BEFORE_N/A_ACTUAL_POS] --(CONTAINS)--> [EVENT_BEFORE_N/A_ACTUAL_POS],examen,BEFORE,examens,CONTAINS,Fibro,,,,,,
189,52,FR100168,[EVENT_BEFORE_N/A_ACTUAL_POS] --(BEFORE)--> [EVENT_BEFORE_N/A_ACTUAL_POS] | [EVENT_BEFORE_N/A_ACTUAL_POS] --(CONTAINS)--> [EVENT_BEFORE_N/A_ACTUAL_POS],bilan,BEFORE,dissection,CONTAINS,saignement,,,,,,
189,52,FR100185,[EVENT_BEFORE_N/A_ACTUAL_POS] --(BEFORE)--> [EVENT_BEFORE_N/A_ACTUAL_POS] | [EVENT_BEFORE_N/A_ACTUAL_POS] --(CONTAINS)--> [EVENT_BEFORE_N/A_ACTUAL_POS],Electromyogramme,BEFORE,IRM,CONTAINS,aspect,,,,,,
189,52,FR100255,[EVENT_BEFORE_N/A_ACTUAL_POS] --(BEFORE)--> [EVENT_BEFORE_N/A_ACTUAL_POS] | [EVENT_BEFORE_N/A_ACTUAL_POS] --(CONTAINS)--> [EVENT_BEFORE_N/A_ACTUAL_POS],mise,BEFORE,traitement,CONTAINS,bolus,,,,,,
189,52,FR100275,[EVENT_BEFORE_N/A_ACTUAL_POS] --(BEFORE)--> [EVENT_BEFORE_N/A_ACTUAL_POS] | [EVENT_BEFORE_N/A_ACTUAL_POS] --(CONTAINS)--> [EVENT_BEFORE_N/A_ACTUAL_POS],bilan,BEFORE,bilan,CONTAINS,radiographie,,,,,,
189,52,FR100276,[EVENT_BEFORE_N/A_ACTUAL_POS] --(BEFORE)--> [EVENT_BEFORE_N/A_ACTUAL_POS] | [EVENT_BEFORE_N/A_ACTUAL_POS] --(CONTAINS)--> [EVENT_BEFORE_N/A_ACTUAL_POS],grossesses,BEFORE,grossesse,CONTAINS,posé,,,,,,
189,52,FR100283,[EVENT_BEFORE_N/A_ACTUAL_POS] --(BEFORE)--> [EVENT_BEFORE_N/A_ACTUAL_POS] | [EVENT_BEFORE_N/A_ACTUAL_POS] --(CONTAINS)--> [EVENT_BEFORE_N/A_ACTUAL_POS],hypophysiogramme,BEFORE,traitement,CONTAINS,opothérapie,,,,,,
189,52,FR100296,[EVENT_BEFORE_N/A_ACTUAL_POS] --(BEFORE)--> [EVENT_BEFORE_N/A_ACTUAL_POS] | [EVENT_BEFORE_N/A_ACTUAL_POS] --(CONTAINS)--> [EVENT_BEFORE_N/A_ACTUAL_POS],fenestration,BEFORE,suites,CONTAINS,rétrocession,,,,,,
189,52,FR100344,[EVENT_BEFORE_N/A_ACTUAL_POS] --(BEFORE)--> [EVENT_BEFORE_N/A_ACTUAL_POS] | [EVENT_BEFORE_N/A_ACTUAL_POS] --(CONTAINS)--> [EVENT_BEFORE_N/A_ACTUAL_POS],examen,BEFORE,césarienne,CONTAINS,extraction,,,,,,
189,52,FR100361,[EVENT_BEFORE_N/A_ACTUAL_POS] --(BEFORE)--> [EVENT_BEFORE_N/A_ACTUAL_POS] | [EVENT_BEFORE_N/A_ACTUAL_POS] --(CONTAINS)--> [EVENT_BEFORE_N/A_ACTUAL_POS],admise,BEFORE,examen,CONTAINS,mobilisait,,,,,,
189,52,FR100371,[EVENT_BEFORE_N/A_ACTUAL_POS] --(BEFORE)--> [EVENT_BEFORE_N/A_ACTUAL_POS] | [EVENT_BEFORE_N/A_ACTUAL_POS] --(CONTAINS)--> [EVENT_BEFORE_N/A_ACTUAL_POS],bilan,BEFORE,bilan,CONTAINS,radiographie,,,,,,
189,52,FR100400,[EVENT_BEFORE_N/A_ACTUAL_POS] --(BEFORE)--> [EVENT_BEFORE_N/A_ACTUAL_POS] | [EVENT_BEFORE_N/A_ACTUAL_POS] --(CONTAINS)--> [EVENT_BEFORE_N/A_ACTUAL_POS],suites,BEFORE,suivie,CONTAINS,consultation,,,,,,
189,52,FR100510,[EVENT_BEFORE_N/A_ACTUAL_POS] --(BEFORE)--> [EVENT_BEFORE_N/A_ACTUAL_POS] | [EVENT_BEFORE_N/A_ACTUAL_POS] --(CONTAINS)--> [EVENT_BEFORE_N/A_ACTUAL_POS],examen,BEFORE,examen,CONTAINS,caractéristiques,,,,,,
189,52,FR100515,[EVENT_BEFORE_N/A_ACTUAL_POS] --(BEFORE)--> [EVENT_BEFORE_N/A_ACTUAL_POS] | [EVENT_BEFORE_N/A_ACTUAL_POS] --(CONTAINS)--> [EVENT_BEFORE_N/A_ACTUAL_POS],retenu,BEFORE,bilan,CONTAINS,échographie,,,,,,
189,52,FR100519,[EVENT_BEFORE_N/A_ACTUAL_POS] --(BEFORE)--> [EVENT_BEFORE_N/A_ACTUAL_POS] | [EVENT_BEFORE_N/A_ACTUAL_POS] --(CONTAINS)--> [EVENT_BEFORE_N/A_ACTUAL_POS],entrée,BEFORE,bilan,CONTAINS,radiographie,,,,,,
189,52,FR100589,[EVENT_BEFORE_N/A_ACTUAL_POS] --(BEFORE)--> [EVENT_BEFORE_N/A_ACTUAL_POS] | [EVENT_BEFORE_N/A_ACTUAL_POS] --(CONTAINS)--> [EVENT_BEFORE_N/A_ACTUAL_POS],demandé,BEFORE,bilan,CONTAINS,tomodensitométrie,,,,,,
189,52,FR100597,[EVENT_BEFORE_N/A_ACTUAL_POS] --(BEFORE)--> [EVENT_BEFORE_N/A_ACTUAL_POS] | [EVENT_BEFORE_N/A_ACTUAL_POS] --(CONTAINS)--> [EVENT_BEFORE_N/A_ACTUAL_POS],intervention,BEFORE,gestes,CONTAINS,annexectomie,,,,,,
189,52,FR100611,[EVENT_BEFORE_N/A_ACTUAL_POS] --(BEFORE)--> [EVENT_BEFORE_N/A_ACTUAL_POS] | [EVENT_BEFORE_N/A_ACTUAL_POS] --(CONTAINS)--> [EVENT_BEFORE_N/A_ACTUAL_POS],PCR,BEFORE,TDM,CONTAINS,image,,,,,,
189,52,FR100614,[EVENT_BEFORE_N/A_ACTUAL_POS] --(BEFORE)--> [EVENT_BEFORE_N/A_ACTUAL_POS] | [EVENT_BEFORE_N/A_ACTUAL_POS] --(CONTAINS)--> [EVENT_BEFORE_N/A_ACTUAL_POS],rupture,BEFORE,intervention,CONTAINS,éviter,,,,,,
189,52,FR100620,[EVENT_BEFORE_N/A_ACTUAL_POS] --(BEFORE)--> [EVENT_BEFORE_N/A_ACTUAL_POS] | [EVENT_BEFORE_N/A_ACTUAL_POS] --(CONTAINS)--> [EVENT_BEFORE_N/A_ACTUAL_POS],bilan,BEFORE,évolution,CONTAINS,récidive,,,,,,
189,52,FR100629,[EVENT_BEFORE_N/A_ACTUAL_POS] --(BEFORE)--> [EVENT_BEFORE_N/A_ACTUAL_POS] | [EVENT_BEFORE_N/A_ACTUAL_POS] --(CONTAINS)--> [EVENT_BEFORE_N/A_ACTUAL_POS],radiographie,BEFORE,thoracoscopie,CONTAINS,biopsie,,,,,,
189,52,FR100632,[EVENT_BEFORE_N/A_ACTUAL_POS] --(BEFORE)--> [EVENT_BEFORE_N/A_ACTUAL_POS] | [EVENT_BEFORE_N/A_ACTUAL_POS] --(CONTAINS)--> [EVENT_BEFORE_N/A_ACTUAL_POS],bilan,BEFORE,enquête,CONTAINS,bilan,,,,,,
189,52,FR100658,[EVENT_BEFORE_N/A_ACTUAL_POS] --(BEFORE)--> [EVENT_BEFORE_N/A_ACTUAL_POS] | [EVENT_BEFORE_N/A_ACTUAL_POS] --(CONTAINS)--> [EVENT_BEFORE_N/A_ACTUAL_POS],auscultation,BEFORE,examens,CONTAINS,numération,,,,,,
189,52,FR100663,[EVENT_BEFORE_N/A_ACTUAL_POS] --(BEFORE)--> [EVENT_BEFORE_N/A_ACTUAL_POS] | [EVENT_BEFORE_N/A_ACTUAL_POS] --(CONTAINS)--> [EVENT_BEFORE_N/A_ACTUAL_POS],tenté,BEFORE,bilan,CONTAINS,Taux,,,,,,
189,52,FR100666,[EVENT_BEFORE_N/A_ACTUAL_POS] --(BEFORE)--> [EVENT_BEFORE_N/A_ACTUAL_POS] | [EVENT_BEFORE_N/A_ACTUAL_POS] --(CONTAINS)--> [EVENT_BEFORE_N/A_ACTUAL_POS],polychimiothérapie,BEFORE,COPADEM,CONTAINS,vincristine,,,,,,
189,52,FR100688,[EVENT_BEFORE_N/A_ACTUAL_POS] --(BEFORE)--> [EVENT_BEFORE_N/A_ACTUAL_POS] | [EVENT_BEFORE_N/A_ACTUAL_POS] --(CONTAINS)--> [EVENT_BEFORE_N/A_ACTUAL_POS],analyse,BEFORE,traitement,CONTAINS,phase,,,,,,
189,52,FR100689,[EVENT_BEFORE_N/A_ACTUAL_POS] --(BEFORE)--> [EVENT_BEFORE_N/A_ACTUAL_POS] | [EVENT_BEFORE_N/A_ACTUAL_POS] --(CONTAINS)--> [EVENT_BEFORE_N/A_ACTUAL_POS],scanner,BEFORE,IRM,CONTAINS,injection,,,,,,
189,52,FR100697,[EVENT_BEFORE_N/A_ACTUAL_POS] --(BEFORE)--> [EVENT_BEFORE_N/A_ACTUAL_POS] | [EVENT_BEFORE_N/A_ACTUAL_POS] --(CONTAINS)--> [EVENT_BEFORE_N/A_ACTUAL_POS],tout,BEFORE,bilan,CONTAINS,biopsie,,,,,,
189,52,FR100708,[EVENT_BEFORE_N/A_ACTUAL_POS] --(BEFORE)--> [EVENT_BEFORE_N/A_ACTUAL_POS] | [EVENT_BEFORE_N/A_ACTUAL_POS] --(CONTAINS)--> [EVENT_BEFORE_N/A_ACTUAL_POS],échographie,BEFORE,ponction,CONTAINS,ramenant,,,,,,
189,52,FR100717,[EVENT_BEFORE_N/A_ACTUAL_POS] --(BEFORE)--> [EVENT_BEFORE_N/A_ACTUAL_POS] | [EVENT_BEFORE_N/A_ACTUAL_POS] --(CONTAINS)--> [EVENT_BEFORE_N/A_ACTUAL_POS],exploration,BEFORE,suites,CONTAINS,régression,,,,,,
189,52,FR100748,[EVENT_BEFORE_N/A_ACTUAL_POS] --(BEFORE)--> [EVENT_BEFORE_N/A_ACTUAL_POS] | [EVENT_BEFORE_N/A_ACTUAL_POS] --(CONTAINS)--> [EVENT_BEFORE_N/A_ACTUAL_POS],adressée,BEFORE,hospitalisation,CONTAINS,indication,,,,,,
189,52,FR100766,[EVENT_BEFORE_N/A_ACTUAL_POS] --(BEFORE)--> [EVENT_BEFORE_N/A_ACTUAL_POS] | [EVENT_BEFORE_N/A_ACTUAL_POS] --(CONTAINS)--> [EVENT_BEFORE_N/A_ACTUAL_POS],retenu,BEFORE,bénéficié,CONTAINS,fixation,,,,,,
189,52,FR100780,[EVENT_BEFORE_N/A_ACTUAL_POS] --(BEFORE)--> [EVENT_BEFORE_N/A_ACTUAL_POS] | [EVENT_BEFORE_N/A_ACTUAL_POS] --(CONTAINS)--> [EVENT_BEFORE_N/A_ACTUAL_POS],bilan,BEFORE,séances,CONTAINS,circuit,,,,,,
189,52,FR100806,[EVENT_BEFORE_N/A_ACTUAL_POS] --(BEFORE)--> [EVENT_BEFORE_N/A_ACTUAL_POS] | [EVENT_BEFORE_N/A_ACTUAL_POS] --(CONTAINS)--> [EVENT_BEFORE_N/A_ACTUAL_POS],hospitalisée,BEFORE,dialyse,CONTAINS,crise,,,,,,
189,52,FR100826,[EVENT_BEFORE_N/A_ACTUAL_POS] --(BEFORE)--> [EVENT_BEFORE_N/A_ACTUAL_POS] | [EVENT_BEFORE_N/A_ACTUAL_POS] --(CONTAINS)--> [EVENT_BEFORE_N/A_ACTUAL_POS],exploration,BEFORE,suites,CONTAINS,sortie,,,,,,
189,52,FR100845,[EVENT_BEFORE_N/A_ACTUAL_POS] --(BEFORE)--> [EVENT_BEFORE_N/A_ACTUAL_POS] | [EVENT_BEFORE_N/A_ACTUAL_POS] --(CONTAINS)--> [EVENT_BEFORE_N/A_ACTUAL_POS],examen,BEFORE,examinés,CONTAINS,examen,,,,,,
189,52,FR100870,[EVENT_BEFORE_N/A_ACTUAL_POS] --(BEFORE)--> [EVENT_BEFORE_N/A_ACTUAL_POS] | [EVENT_BEFORE_N/A_ACTUAL_POS] --(CONTAINS)--> [EVENT_BEFORE_N/A_ACTUAL_POS],IRM,BEFORE,électrophorèse,CONTAINS,découverte,,,,,,
189,52,FR100874,[EVENT_BEFORE_N/A_ACTUAL_POS] --(BEFORE)--> [EVENT_BEFORE_N/A_ACTUAL_POS] | [EVENT_BEFORE_N/A_ACTUAL_POS] --(CONTAINS)--> [EVENT_BEFORE_N/A_ACTUAL_POS],admission,BEFORE,examen,CONTAINS,constantes,,,,,,
189,52,FR100882,[EVENT_BEFORE_N/A_ACTUAL_POS] --(BEFORE)--> [EVENT_BEFORE_N/A_ACTUAL_POS] | [EVENT_BEFORE_N/A_ACTUAL_POS] --(CONTAINS)--> [EVENT_BEFORE_N/A_ACTUAL_POS],sclérothérapie,BEFORE,évolution,CONTAINS,amélioration,,,,,,
189,52,FR100883,[EVENT_BEFORE_N/A_ACTUAL_POS] --(BEFORE)--> [EVENT_BEFORE_N/A_ACTUAL_POS] | [EVENT_BEFORE_N/A_ACTUAL_POS] --(CONTAINS)--> [EVENT_BEFORE_N/A_ACTUAL_POS],bilan,BEFORE,reçu,CONTAINS,radiothérapie,,,,,,
189,52,FR100894,[EVENT_BEFORE_N/A_ACTUAL_POS] --(BEFORE)--> [EVENT_BEFORE_N/A_ACTUAL_POS] | [EVENT_BEFORE_N/A_ACTUAL_POS] --(CONTAINS)--> [EVENT_BEFORE_N/A_ACTUAL_POS],rejoint,BEFORE,reçu,CONTAINS,plaignait,,,,,,
189,52,FR100903,[EVENT_BEFORE_N/A_ACTUAL_POS] --(BEFORE)--> [EVENT_BEFORE_N/A_ACTUAL_POS] | [EVENT_BEFORE_N/A_ACTUAL_POS] --(CONTAINS)--> [EVENT_BEFORE_N/A_ACTUAL_POS],écarté,BEFORE,contrôles,CONTAINS,biométrie,,,,,,
189,52,FR100946,[EVENT_BEFORE_N/A_ACTUAL_POS] --(BEFORE)--> [EVENT_BEFORE_N/A_ACTUAL_POS] | [EVENT_BEFORE_N/A_ACTUAL_POS] --(CONTAINS)--> [EVENT_BEFORE_N/A_ACTUAL_POS],examen,BEFORE,IRM,CONTAINS,prise,,,,,,
189,52,FR100960,[EVENT_BEFORE_N/A_ACTUAL_POS] --(BEFORE)--> [EVENT_BEFORE_N/A_ACTUAL_POS] | [EVENT_BEFORE_N/A_ACTUAL_POS] --(CONTAINS)--> [EVENT_BEFORE_N/A_ACTUAL_POS],opéré,BEFORE,consulté,CONTAINS,scanner,,,,,,
189,52,FR100998,[EVENT_BEFORE_N/A_ACTUAL_POS] --(BEFORE)--> [EVENT_BEFORE_N/A_ACTUAL_POS] | [EVENT_BEFORE_N/A_ACTUAL_POS] --(CONTAINS)--> [EVENT_BEFORE_N/A_ACTUAL_POS],diagnostic,BEFORE,traitée,CONTAINS,cures,,,,,,
97,50,FR100003,[EVENT_BEFORE_N/A_ACTUAL_POS] --(CONTAINS)--> [EVENT_BEFORE_N/A_ACTUAL_POS] | [EVENT_BEFORE_N/A_ACTUAL_POS] --(CONTAINS)--> [EVENT_BEFORE_N/A_ACTUAL_POS],foyer,CONTAINS,abordé,CONTAINS,incision,,,,,,
97,50,FR100092,[EVENT_BEFORE_N/A_ACTUAL_POS] --(CONTAINS)--> [EVENT_BEFORE_N/A_ACTUAL_POS] | [EVENT_BEFORE_N/A_ACTUAL_POS] --(CONTAINS)--> [EVENT_BEFORE_N/A_ACTUAL_POS],minilaparotomie,CONTAINS,exploration,CONTAINS,grossesse,,,,,,
97,50,FR100120,[EVENT_BEFORE_N/A_ACTUAL_POS] --(CONTAINS)--> [EVENT_BEFORE_N/A_ACTUAL_POS] | [EVENT_BEFORE_N/A_ACTUAL_POS] --(CONTAINS)--> [EVENT_BEFORE_N/A_ACTUAL_POS],consultation,CONTAINS,examen,CONTAINS,reste,,,,,,
97,50,FR100130,[EVENT_BEFORE_N/A_ACTUAL_POS] --(CONTAINS)--> [EVENT_BEFORE_N/A_ACTUAL_POS] | [EVENT_BEFORE_N/A_ACTUAL_POS] --(CONTAINS)--> [EVENT_BEFORE_N/A_ACTUAL_POS],marqueurs,CONTAINS,bilan,CONTAINS,recherchée,,,,,,
97,50,FR100132,[EVENT_BEFORE_N/A_ACTUAL_POS] --(CONTAINS)--> [EVENT_BEFORE_N/A_ACTUAL_POS] | [EVENT_BEFORE_N/A_ACTUAL_POS] --(CONTAINS)--> [EVENT_BEFORE_N/A_ACTUAL_POS],baisse,CONTAINS,consultation,CONTAINS,référée,,,,,,
97,50,FR100161,[EVENT_BEFORE_N/A_ACTUAL_POS] --(CONTAINS)--> [EVENT_BEFORE_N/A_ACTUAL_POS] | [EVENT_BEFORE_N/A_ACTUAL_POS] --(CONTAINS)--> [EVENT_BEFORE_N/A_ACTUAL_POS],sérologie,CONTAINS,examens,CONTAINS,Fibro,,,,,,
97,50,FR100168,[EVENT_BEFORE_N/A_ACTUAL_POS] --(CONTAINS)--> [EVENT_BEFORE_N/A_ACTUAL_POS] | [EVENT_BEFORE_N/A_ACTUAL_POS] --(CONTAINS)--> [EVENT_BEFORE_N/A_ACTUAL_POS],prise,CONTAINS,entretien,CONTAINS,dévoiler,,,,,,
97,50,FR100275,[EVENT_BEFORE_N/A_ACTUAL_POS] --(CONTAINS)--> [EVENT_BEFORE_N/A_ACTUAL_POS] | [EVENT_BEFORE_N/A_ACTUAL_POS] --(CONTAINS)--> [EVENT_BEFORE_N/A_ACTUAL_POS],poids,CONTAINS,examen,CONTAINS,température,,,,,,
97,50,FR100276,[EVENT_BEFORE_N/A_ACTUAL_POS] --(CONTAINS)--> [EVENT_BEFORE_N/A_ACTUAL_POS] | [EVENT_BEFORE_N/A_ACTUAL_POS] --(CONTAINS)--> [EVENT_BEFORE_N/A_ACTUAL_POS],bilan,CONTAINS,bilan,CONTAINS,uricémie,,,,,,
97,50,FR100283,[EVENT_BEFORE_N/A_ACTUAL_POS] --(CONTAINS)--> [EVENT_BEFORE_N/A_ACTUAL_POS] | [EVENT_BEFORE_N/A_ACTUAL_POS] --(CONTAINS)--> [EVENT_BEFORE_N/A_ACTUAL_POS],diplopie,CONTAINS,consulté,CONTAINS,bilan,,,,,,
97,50,FR100296,[EVENT_BEFORE_N/A_ACTUAL_POS] --(CONTAINS)--> [EVENT_BEFORE_N/A_ACTUAL_POS] | [EVENT_BEFORE_N/A_ACTUAL_POS] --(CONTAINS)--> [EVENT_BEFORE_N/A_ACTUAL_POS],émergence,CONTAINS,fenestration,CONTAINS,ablation,,,,,,
97,50,FR100346,[EVENT_BEFORE_N/A_ACTUAL_POS] --(CONTAINS)--> [EVENT_BEFORE_N/A_ACTUAL_POS] | [EVENT_BEFORE_N/A_ACTUAL_POS] --(CONTAINS)--> [EVENT_BEFORE_N/A_ACTUAL_POS],pouls,CONTAINS,examen,CONTAINS,reste,,,,,,
97,50,FR100361,[EVENT_BEFORE_N/A_ACTUAL_POS] --(CONTAINS)--> [EVENT_BEFORE_N/A_ACTUAL_POS] | [EVENT_BEFORE_N/A_ACTUAL_POS] --(CONTAINS)--> [EVENT_BEFORE_N/A_ACTUAL_POS],GCS,CONTAINS,examen,CONTAINS,mobilisait,,,,,,
97,50,FR100371,[EVENT_BEFORE_N/A_ACTUAL_POS] --(CONTAINS)--> [EVENT_BEFORE_N/A_ACTUAL_POS] | [EVENT_BEFORE_N/A_ACTUAL_POS] --(CONTAINS)--> [EVENT_BEFORE_N/A_ACTUAL_POS],nombre,CONTAINS,bilan,CONTAINS,bilan,,,,,,
97,50,FR100400,[EVENT_BEFORE_N/A_ACTUAL_POS] --(CONTAINS)--> [EVENT_BEFORE_N/A_ACTUAL_POS] | [EVENT_BEFORE_N/A_ACTUAL_POS] --(CONTAINS)--> [EVENT_BEFORE_N/A_ACTUAL_POS],kyste,CONTAINS,étude,CONTAINS,conclu,,,,,,
97,50,FR100439,[EVENT_BEFORE_N/A_ACTUAL_POS] --(CONTAINS)--> [EVENT_BEFORE_N/A_ACTUAL_POS] | [EVENT_BEFORE_N/A_ACTUAL_POS] --(CONTAINS)--> [EVENT_BEFORE_N/A_ACTUAL_POS],traitement,CONTAINS,chimiothérapie,CONTAINS,cures,,,,,,
97,50,FR100510,[EVENT_BEFORE_N/A_ACTUAL_POS] --(CONTAINS)--> [EVENT_BEFORE_N/A_ACTUAL_POS] | [EVENT_BEFORE_N/A_ACTUAL_POS] --(CONTAINS)--> [EVENT_BEFORE_N/A_ACTUAL_POS],lésion,CONTAINS,examen,CONTAINS,caractéristiques,,,,,,
97,50,FR100515,[EVENT_BEFORE_N/A_ACTUAL_POS] --(CONTAINS)--> [EVENT_BEFORE_N/A_ACTUAL_POS] | [EVENT_BEFORE_N/A_ACTUAL_POS] --(CONTAINS)--> [EVENT_BEFORE_N/A_ACTUAL_POS],évolution,CONTAINS,amélioration,CONTAINS,disparition,,,,,,
97,50,FR100519,[EVENT_BEFORE_N/A_ACTUAL_POS] --(CONTAINS)--> [EVENT_BEFORE_N/A_ACTUAL_POS] | [EVENT_BEFORE_N/A_ACTUAL_POS] --(CONTAINS)--> [EVENT_BEFORE_N/A_ACTUAL_POS],embolie,CONTAINS,bilan,CONTAINS,radiographie,,,,,,
97,50,FR100589,[EVENT_BEFORE_N/A_ACTUAL_POS] --(CONTAINS)--> [EVENT_BEFORE_N/A_ACTUAL_POS] | [EVENT_BEFORE_N/A_ACTUAL_POS] --(CONTAINS)--> [EVENT_BEFORE_N/A_ACTUAL_POS],taux,CONTAINS,bilan,CONTAINS,tomodensitométrie,,,,,,
97,50,FR100611,[EVENT_BEFORE_N/A_ACTUAL_POS] --(CONTAINS)--> [EVENT_BEFORE_N/A_ACTUAL_POS] | [EVENT_BEFORE_N/A_ACTUAL_POS] --(CONTAINS)--> [EVENT_BEFORE_N/A_ACTUAL_POS],micronodules,CONTAINS,TDM,CONTAINS,image,,,,,,
97,50,FR100620,[EVENT_BEFORE_N/A_ACTUAL_POS] --(CONTAINS)--> [EVENT_BEFORE_N/A_ACTUAL_POS] | [EVENT_BEFORE_N/A_ACTUAL_POS] --(CONTAINS)--> [EVENT_BEFORE_N/A_ACTUAL_POS],aspect,CONTAINS,bronchoscopie,CONTAINS,lavage,,,,,,
97,50,FR100629,[EVENT_BEFORE_N/A_ACTUAL_POS] --(CONTAINS)--> [EVENT_BEFORE_N/A_ACTUAL_POS] | [EVENT_BEFORE_N/A_ACTUAL_POS] --(CONTAINS)--> [EVENT_BEFORE_N/A_ACTUAL_POS],chimiothérapie,CONTAINS,bithérapie,CONTAINS,doxorubicine,,,,,,
97,50,FR100632,[EVENT_BEFORE_N/A_ACTUAL_POS] --(CONTAINS)--> [EVENT_BEFORE_N/A_ACTUAL_POS] | [EVENT_BEFORE_N/A_ACTUAL_POS] --(CONTAINS)--> [EVENT_BEFORE_N/A_ACTUAL_POS],état,CONTAINS,examen,CONTAINS,constantes,,,,,,
97,50,FR100658,[EVENT_BEFORE_N/A_ACTUAL_POS] --(CONTAINS)--> [EVENT_BEFORE_N/A_ACTUAL_POS] | [EVENT_BEFORE_N/A_ACTUAL_POS] --(CONTAINS)--> [EVENT_BEFORE_N/A_ACTUAL_POS],anesthésie,CONTAINS,monitorage,CONTAINS,surveillance,,,,,,
97,50,FR100666,[EVENT_BEFORE_N/A_ACTUAL_POS] --(CONTAINS)--> [EVENT_BEFORE_N/A_ACTUAL_POS] | [EVENT_BEFORE_N/A_ACTUAL_POS] --(CONTAINS)--> [EVENT_BEFORE_N/A_ACTUAL_POS],polychimiothérapie,CONTAINS,COP,CONTAINS,vincristine,,,,,,
97,50,FR100683,[EVENT_BEFORE_N/A_ACTUAL_POS] --(CONTAINS)--> [EVENT_BEFORE_N/A_ACTUAL_POS] | [EVENT_BEFORE_N/A_ACTUAL_POS] --(CONTAINS)--> [EVENT_BEFORE_N/A_ACTUAL_POS],évolution,CONTAINS,augmentation,CONTAINS,FSH,,,,,,
97,50,FR100688,[EVENT_BEFORE_N/A_ACTUAL_POS] --(CONTAINS)--> [EVENT_BEFORE_N/A_ACTUAL_POS] | [EVENT_BEFORE_N/A_ACTUAL_POS] --(CONTAINS)--> [EVENT_BEFORE_N/A_ACTUAL_POS],séquelle,CONTAINS,évolution,CONTAINS,amélioration,,,,,,
97,50,FR100689,[EVENT_BEFORE_N/A_ACTUAL_POS] --(CONTAINS)--> [EVENT_BEFORE_N/A_ACTUAL_POS] | [EVENT_BEFORE_N/A_ACTUAL_POS] --(CONTAINS)--> [EVENT_BEFORE_N/A_ACTUAL_POS],rehaussement,CONTAINS,IRM,CONTAINS,injection,,,,,,
97,50,FR100748,[EVENT_BEFORE_N/A_ACTUAL_POS] --(CONTAINS)--> [EVENT_BEFORE_N/A_ACTUAL_POS] | [EVENT_BEFORE_N/A_ACTUAL_POS] --(CONTAINS)--> [EVENT_BEFORE_N/A_ACTUAL_POS],état,CONTAINS,examen,CONTAINS,auscultation,,,,,,
97,50,FR100766,[EVENT_BEFORE_N/A_ACTUAL_POS] --(CONTAINS)--> [EVENT_BEFORE_N/A_ACTUAL_POS] | [EVENT_BEFORE_N/A_ACTUAL_POS] --(CONTAINS)--> [EVENT_BEFORE_N/A_ACTUAL_POS],opéré,CONTAINS,amputation,CONTAINS,confection,,,,,,
97,50,FR100780,[EVENT_BEFORE_N/A_ACTUAL_POS] --(CONTAINS)--> [EVENT_BEFORE_N/A_ACTUAL_POS] | [EVENT_BEFORE_N/A_ACTUAL_POS] --(CONTAINS)--> [EVENT_BEFORE_N/A_ACTUAL_POS],poids,CONTAINS,examen,CONTAINS,tension,,,,,,
97,50,FR100806,[EVENT_BEFORE_N/A_ACTUAL_POS] --(CONTAINS)--> [EVENT_BEFORE_N/A_ACTUAL_POS] | [EVENT_BEFORE_N/A_ACTUAL_POS] --(CONTAINS)--> [EVENT_BEFORE_N/A_ACTUAL_POS],ionogramme,CONTAINS,biologie,CONTAINS,NFS,,,,,,
97,50,FR100814,[EVENT_BEFORE_N/A_ACTUAL_POS] --(CONTAINS)--> [EVENT_BEFORE_N/A_ACTUAL_POS] | [EVENT_BEFORE_N/A_ACTUAL_POS] --(CONTAINS)--> [EVENT_BEFORE_N/A_ACTUAL_POS],processus,CONTAINS,IRM,CONTAINS,hypersignal,,,,,,
97,50,FR100845,[EVENT_BEFORE_N/A_ACTUAL_POS] --(CONTAINS)--> [EVENT_BEFORE_N/A_ACTUAL_POS] | [EVENT_BEFORE_N/A_ACTUAL_POS] --(CONTAINS)--> [EVENT_BEFORE_N/A_ACTUAL_POS],jumeaux,CONTAINS,aspect,CONTAINS,échographie,,,,,,
97,50,FR100849,[EVENT_BEFORE_N/A_ACTUAL_POS] --(CONTAINS)--> [EVENT_BEFORE_N/A_ACTUAL_POS] | [EVENT_BEFORE_N/A_ACTUAL_POS] --(CONTAINS)--> [EVENT_BEFORE_N/A_ACTUAL_POS],défense,CONTAINS,examen,CONTAINS,reste,,,,,,
97,50,FR100874,[EVENT_BEFORE_N/A_ACTUAL_POS] --(CONTAINS)--> [EVENT_BEFORE_N/A_ACTUAL_POS] | [EVENT_BEFORE_N/A_ACTUAL_POS] --(CONTAINS)--> [EVENT_BEFORE_N/A_ACTUAL_POS],altération,CONTAINS,examen,CONTAINS,constantes,,,,,,
97,50,FR100882,[EVENT_BEFORE_N/A_ACTUAL_POS] --(CONTAINS)--> [EVENT_BEFORE_N/A_ACTUAL_POS] | [EVENT_BEFORE_N/A_ACTUAL_POS] --(CONTAINS)--> [EVENT_BEFORE_N/A_ACTUAL_POS],troubles,CONTAINS,miction,CONTAINS,régression,,,,,,
97,50,FR100903,[EVENT_BEFORE_N/A_ACTUAL_POS] --(CONTAINS)--> [EVENT_BEFORE_N/A_ACTUAL_POS] | [EVENT_BEFORE_N/A_ACTUAL_POS] --(CONTAINS)--> [EVENT_BEFORE_N/A_ACTUAL_POS],biométrie,CONTAINS,échographie,CONTAINS,visualisation,,,,,,
97,50,FR100930,[EVENT_BEFORE_N/A_ACTUAL_POS] --(CONTAINS)--> [EVENT_BEFORE_N/A_ACTUAL_POS] | [EVENT_BEFORE_N/A_ACTUAL_POS] --(CONTAINS)--> [EVENT_BEFORE_N/A_ACTUAL_POS],admis,CONTAINS,recours,CONTAINS,évolution,,,,,,
97,50,FR100944,[EVENT_BEFORE_N/A_ACTUAL_POS] --(CONTAINS)--> [EVENT_BEFORE_N/A_ACTUAL_POS] | [EVENT_BEFORE_N/A_ACTUAL_POS] --(CONTAINS)--> [EVENT_BEFORE_N/A_ACTUAL_POS],insuffisance,CONTAINS,suivi,CONTAINS,échocardiographique,,,,,,
97,50,FR100946,[EVENT_BEFORE_N/A_ACTUAL_POS] --(CONTAINS)--> [EVENT_BEFORE_N/A_ACTUAL_POS] | [EVENT_BEFORE_N/A_ACTUAL_POS] --(CONTAINS)--> [EVENT_BEFORE_N/A_ACTUAL_POS],lésion,CONTAINS,IRM,CONTAINS,prise,,,,,,
97,50,FR100959,[EVENT_BEFORE_N/A_ACTUAL_POS] --(CONTAINS)--> [EVENT_BEFORE_N/A_ACTUAL_POS] | [EVENT_BEFORE_N/A_ACTUAL_POS] --(CONTAINS)--> [EVENT_BEFORE_N/A_ACTUAL_POS],cas,CONTAINS,orifice,CONTAINS,Transit,,,,,,
97,50,FR100960,[EVENT_BEFORE_N/A_ACTUAL_POS] --(CONTAINS)--> [EVENT_BEFORE_N/A_ACTUAL_POS] | [EVENT_BEFORE_N/A_ACTUAL_POS] --(CONTAINS)--> [EVENT_BEFORE_N/A_ACTUAL_POS],douleurs,CONTAINS,consulté,CONTAINS,scanner,,,,,,
97,50,FR100994,[EVENT_BEFORE_N/A_ACTUAL_POS] --(CONTAINS)--> [EVENT_BEFORE_N/A_ACTUAL_POS] | [EVENT_BEFORE_N/A_ACTUAL_POS] --(CONTAINS)--> [EVENT_BEFORE_N/A_ACTUAL_POS],cancer,CONTAINS,suivi,CONTAINS,opéré,,,,,,
192,50,FR100003,[EVENT_BEFORE_N/A_ACTUAL_POS] --(BEFORE)--> [EVENT_BEFORE_N/A_ACTUAL_POS] | [EVENT_BEFORE_N/A_ACTUAL_POS] --(BEFORE)--> [EVENT_BEFORE_N/A_ACTUAL_POS],drainage,BEFORE,traitement,[RETOUR],drainage,BEFORE,extraction,,,,
192,50,FR100120,[EVENT_BEFORE_N/A_ACTUAL_POS] --(BEFORE)--> [EVENT_BEFORE_N/A_ACTUAL_POS] | [EVENT_BEFORE_N/A_ACTUAL_POS] --(BEFORE)--> [EVENT_BEFORE_N/A_ACTUAL_POS],traitement,BEFORE,sailli,[RETOUR],traitement,BEFORE,retirées,,,,
192,50,FR100130,[EVENT_BEFORE_N/A_ACTUAL_POS] --(BEFORE)--> [EVENT_BEFORE_N/A_ACTUAL_POS] | [EVENT_BEFORE_N/A_ACTUAL_POS] --(BEFORE)--> [EVENT_BEFORE_N/A_ACTUAL_POS],glycémie,BEFORE,confirmé,[RETOUR],glycémie,BEFORE,bilan,,,,
192,50,FR100142,[EVENT_BEFORE_N/A_ACTUAL_POS] --(BEFORE)--> [EVENT_BEFORE_N/A_ACTUAL_POS] | [EVENT_BEFORE_N/A_ACTUAL_POS] --(BEFORE)--> [EVENT_BEFORE_N/A_ACTUAL_POS],mis,BEFORE,évolution,[RETOUR],mis,BEFORE,bithérapie,,,,
192,50,FR100161,[EVENT_BEFORE_N/A_ACTUAL_POS] --(BEFORE)--> [EVENT_BEFORE_N/A_ACTUAL_POS] | [EVENT_BEFORE_N/A_ACTUAL_POS] --(BEFORE)--> [EVENT_BEFORE_N/A_ACTUAL_POS],cortisol,BEFORE,dérivés,[RETOUR],cortisol,BEFORE,cortisol,,,,
192,50,FR100168,[EVENT_BEFORE_N/A_ACTUAL_POS] --(BEFORE)--> [EVENT_BEFORE_N/A_ACTUAL_POS] | [EVENT_BEFORE_N/A_ACTUAL_POS] --(BEFORE)--> [EVENT_BEFORE_N/A_ACTUAL_POS],examen,BEFORE,bilan,[RETOUR],examen,BEFORE,intervention,,,,
192,50,FR100255,[EVENT_BEFORE_N/A_ACTUAL_POS] --(BEFORE)--> [EVENT_BEFORE_N/A_ACTUAL_POS] | [EVENT_BEFORE_N/A_ACTUAL_POS] --(BEFORE)--> [EVENT_BEFORE_N/A_ACTUAL_POS],mise,BEFORE,traitement,[RETOUR],mise,BEFORE,réveillée,,,,
192,50,FR100276,[EVENT_BEFORE_N/A_ACTUAL_POS] --(BEFORE)--> [EVENT_BEFORE_N/A_ACTUAL_POS] | [EVENT_BEFORE_N/A_ACTUAL_POS] --(BEFORE)--> [EVENT_BEFORE_N/A_ACTUAL_POS],accouchement,BEFORE,reste,[RETOUR],accouchement,BEFORE,poids,,,,
192,50,FR100282,[EVENT_BEFORE_N/A_ACTUAL_POS] --(BEFORE)--> [EVENT_BEFORE_N/A_ACTUAL_POS] | [EVENT_BEFORE_N/A_ACTUAL_POS] --(BEFORE)--> [EVENT_BEFORE_N/A_ACTUAL_POS],monothérapie,BEFORE,consulte,[RETOUR],monothérapie,BEFORE,multithérapie,,,,
192,50,FR100283,[EVENT_BEFORE_N/A_ACTUAL_POS] --(BEFORE)--> [EVENT_BEFORE_N/A_ACTUAL_POS] | [EVENT_BEFORE_N/A_ACTUAL_POS] --(BEFORE)--> [EVENT_BEFORE_N/A_ACTUAL_POS],bilan,BEFORE,ponction,[RETOUR],bilan,BEFORE,IRM,,,,
192,50,FR100344,[EVENT_BEFORE_N/A_ACTUAL_POS] --(BEFORE)--> [EVENT_BEFORE_N/A_ACTUAL_POS] | [EVENT_BEFORE_N/A_ACTUAL_POS] --(BEFORE)--> [EVENT_BEFORE_N/A_ACTUAL_POS],développé,BEFORE,contrôle,[RETOUR],développé,BEFORE,suivie,,,,
192,50,FR100360,[EVENT_BEFORE_N/A_ACTUAL_POS] --(BEFORE)--> [EVENT_BEFORE_N/A_ACTUAL_POS] | [EVENT_BEFORE_N/A_ACTUAL_POS] --(BEFORE)--> [EVENT_BEFORE_N/A_ACTUAL_POS],biopsie,BEFORE,étude,[RETOUR],biopsie,BEFORE,tomodensitométrie,,,,
192,50,FR100371,[EVENT_BEFORE_N/A_ACTUAL_POS] --(BEFORE)--> [EVENT_BEFORE_N/A_ACTUAL_POS] | [EVENT_BEFORE_N/A_ACTUAL_POS] --(BEFORE)--> [EVENT_BEFORE_N/A_ACTUAL_POS],envoyée,BEFORE,examen,[RETOUR],envoyée,BEFORE,résultat,,,,
192,50,FR100400,[EVENT_BEFORE_N/A_ACTUAL_POS] --(BEFORE)--> [EVENT_BEFORE_N/A_ACTUAL_POS] | [EVENT_BEFORE_N/A_ACTUAL_POS] --(BEFORE)--> [EVENT_BEFORE_N/A_ACTUAL_POS],bilan,BEFORE,sérologie,[RETOUR],bilan,BEFORE,Radiographie,,,,
192,50,FR100439,[EVENT_BEFORE_N/A_ACTUAL_POS] --(BEFORE)--> [EVENT_BEFORE_N/A_ACTUAL_POS] | [EVENT_BEFORE_N/A_ACTUAL_POS] --(BEFORE)--> [EVENT_BEFORE_N/A_ACTUAL_POS],scanner,BEFORE,bilan,[RETOUR],scanner,BEFORE,endoscopie,,,,
192,50,FR100480,[EVENT_BEFORE_N/A_ACTUAL_POS] --(BEFORE)--> [EVENT_BEFORE_N/A_ACTUAL_POS] | [EVENT_BEFORE_N/A_ACTUAL_POS] --(BEFORE)--> [EVENT_BEFORE_N/A_ACTUAL_POS],bilan,BEFORE,analyse,[RETOUR],bilan,BEFORE,biopsie,,,,
192,50,FR100515,[EVENT_BEFORE_N/A_ACTUAL_POS] --(BEFORE)--> [EVENT_BEFORE_N/A_ACTUAL_POS] | [EVENT_BEFORE_N/A_ACTUAL_POS] --(BEFORE)--> [EVENT_BEFORE_N/A_ACTUAL_POS],testing,BEFORE,dosage,[RETOUR],testing,BEFORE,électromyogramme,,,,
192,50,FR100519,[EVENT_BEFORE_N/A_ACTUAL_POS] --(BEFORE)--> [EVENT_BEFORE_N/A_ACTUAL_POS] | [EVENT_BEFORE_N/A_ACTUAL_POS] --(BEFORE)--> [EVENT_BEFORE_N/A_ACTUAL_POS],hospitalisée,BEFORE,transférée,[RETOUR],hospitalisée,BEFORE,entrée,,,,
192,50,FR100579,[EVENT_BEFORE_N/A_ACTUAL_POS] --(BEFORE)--> [EVENT_BEFORE_N/A_ACTUAL_POS] | [EVENT_BEFORE_N/A_ACTUAL_POS] --(BEFORE)--> [EVENT_BEFORE_N/A_ACTUAL_POS],bilan,BEFORE,étude,[RETOUR],bilan,BEFORE,recherche,,,,
192,50,FR100589,[EVENT_BEFORE_N/A_ACTUAL_POS] --(BEFORE)--> [EVENT_BEFORE_N/A_ACTUAL_POS] | [EVENT_BEFORE_N/A_ACTUAL_POS] --(BEFORE)--> [EVENT_BEFORE_N/A_ACTUAL_POS],caryotype,BEFORE,biopsie,[RETOUR],caryotype,BEFORE,sérologie,,,,
192,50,FR100597,[EVENT_BEFORE_N/A_ACTUAL_POS] --(BEFORE)--> [EVENT_BEFORE_N/A_ACTUAL_POS] | [EVENT_BEFORE_N/A_ACTUAL_POS] --(BEFORE)--> [EVENT_BEFORE_N/A_ACTUAL_POS],fibroscopie,BEFORE,coloscopie,[RETOUR],fibroscopie,BEFORE,marqueurs,,,,
192,50,FR100611,[EVENT_BEFORE_N/A_ACTUAL_POS] --(BEFORE)--> [EVENT_BEFORE_N/A_ACTUAL_POS] | [EVENT_BEFORE_N/A_ACTUAL_POS] --(BEFORE)--> [EVENT_BEFORE_N/A_ACTUAL_POS],instauré,BEFORE,effacement,[RETOUR],instauré,BEFORE,disparition,,,,
192,50,FR100614,[EVENT_BEFORE_N/A_ACTUAL_POS] --(BEFORE)--> [EVENT_BEFORE_N/A_ACTUAL_POS] | [EVENT_BEFORE_N/A_ACTUAL_POS] --(BEFORE)--> [EVENT_BEFORE_N/A_ACTUAL_POS],radiographie,BEFORE,échographie,[RETOUR],radiographie,BEFORE,taux,,,,
192,50,FR100620,[EVENT_BEFORE_N/A_ACTUAL_POS] --(BEFORE)--> [EVENT_BEFORE_N/A_ACTUAL_POS] | [EVENT_BEFORE_N/A_ACTUAL_POS] --(BEFORE)--> [EVENT_BEFORE_N/A_ACTUAL_POS],demandé,BEFORE,complément,[RETOUR],demandé,BEFORE,aspect,,,,
192,50,FR100623,[EVENT_BEFORE_N/A_ACTUAL_POS] --(BEFORE)--> [EVENT_BEFORE_N/A_ACTUAL_POS] | [EVENT_BEFORE_N/A_ACTUAL_POS] --(BEFORE)--> [EVENT_BEFORE_N/A_ACTUAL_POS],examen,BEFORE,bilan,[RETOUR],examen,BEFORE,échographie,,,,
192,50,FR100629,[EVENT_BEFORE_N/A_ACTUAL_POS] --(BEFORE)--> [EVENT_BEFORE_N/A_ACTUAL_POS] | [EVENT_BEFORE_N/A_ACTUAL_POS] --(BEFORE)--> [EVENT_BEFORE_N/A_ACTUAL_POS],radiographie,BEFORE,TDM,[RETOUR],radiographie,BEFORE,thoracoscopie,,,,
192,50,FR100632,[EVENT_BEFORE_N/A_ACTUAL_POS] --(BEFORE)--> [EVENT_BEFORE_N/A_ACTUAL_POS] | [EVENT_BEFORE_N/A_ACTUAL_POS] --(BEFORE)--> [EVENT_BEFORE_N/A_ACTUAL_POS],numération,BEFORE,bilan,[RETOUR],numération,BEFORE,vitesse,,,,
192,50,FR100663,[EVENT_BEFORE_N/A_ACTUAL_POS] --(BEFORE)--> [EVENT_BEFORE_N/A_ACTUAL_POS] | [EVENT_BEFORE_N/A_ACTUAL_POS] --(BEFORE)--> [EVENT_BEFORE_N/A_ACTUAL_POS],ligature,BEFORE,libération,[RETOUR],ligature,BEFORE,incisée,,,,
192,50,FR100666,[EVENT_BEFORE_N/A_ACTUAL_POS] --(BEFORE)--> [EVENT_BEFORE_N/A_ACTUAL_POS] | [EVENT_BEFORE_N/A_ACTUAL_POS] --(BEFORE)--> [EVENT_BEFORE_N/A_ACTUAL_POS],biopsie,BEFORE,examen,[RETOUR],biopsie,BEFORE,étude,,,,
192,50,FR100683,[EVENT_BEFORE_N/A_ACTUAL_POS] --(BEFORE)--> [EVENT_BEFORE_N/A_ACTUAL_POS] | [EVENT_BEFORE_N/A_ACTUAL_POS] --(BEFORE)--> [EVENT_BEFORE_N/A_ACTUAL_POS],osteodensitométrie,BEFORE,IRM,[RETOUR],osteodensitométrie,BEFORE,traitée,,,,
192,50,FR100688,[EVENT_BEFORE_N/A_ACTUAL_POS] --(BEFORE)--> [EVENT_BEFORE_N/A_ACTUAL_POS] | [EVENT_BEFORE_N/A_ACTUAL_POS] --(BEFORE)--> [EVENT_BEFORE_N/A_ACTUAL_POS],sérologie,BEFORE,intradermoréaction,[RETOUR],sérologie,BEFORE,radiographie,,,,
192,50,FR100689,[EVENT_BEFORE_N/A_ACTUAL_POS] --(BEFORE)--> [EVENT_BEFORE_N/A_ACTUAL_POS] | [EVENT_BEFORE_N/A_ACTUAL_POS] --(BEFORE)--> [EVENT_BEFORE_N/A_ACTUAL_POS],examen,BEFORE,cultures,[RETOUR],examen,BEFORE,PCR,,,,
192,50,FR100697,[EVENT_BEFORE_N/A_ACTUAL_POS] --(BEFORE)--> [EVENT_BEFORE_N/A_ACTUAL_POS] | [EVENT_BEFORE_N/A_ACTUAL_POS] --(BEFORE)--> [EVENT_BEFORE_N/A_ACTUAL_POS],examen,BEFORE,reste,[RETOUR],examen,BEFORE,mammographie,,,,
192,50,FR100708,[EVENT_BEFORE_N/A_ACTUAL_POS] --(BEFORE)--> [EVENT_BEFORE_N/A_ACTUAL_POS] | [EVENT_BEFORE_N/A_ACTUAL_POS] --(BEFORE)--> [EVENT_BEFORE_N/A_ACTUAL_POS],demandée,BEFORE,tests,[RETOUR],demandée,BEFORE,IRM,,,,
192,50,FR100748,[EVENT_BEFORE_N/A_ACTUAL_POS] --(BEFORE)--> [EVENT_BEFORE_N/A_ACTUAL_POS] | [EVENT_BEFORE_N/A_ACTUAL_POS] --(BEFORE)--> [EVENT_BEFORE_N/A_ACTUAL_POS],chiffres,BEFORE,Nicardipine,[RETOUR],chiffres,BEFORE,propranolol,,,,
192,50,FR100766,[EVENT_BEFORE_N/A_ACTUAL_POS] --(BEFORE)--> [EVENT_BEFORE_N/A_ACTUAL_POS] | [EVENT_BEFORE_N/A_ACTUAL_POS] --(BEFORE)--> [EVENT_BEFORE_N/A_ACTUAL_POS],amputation,BEFORE,propre,[RETOUR],amputation,BEFORE,état,,,,
192,50,FR100780,[EVENT_BEFORE_N/A_ACTUAL_POS] --(BEFORE)--> [EVENT_BEFORE_N/A_ACTUAL_POS] | [EVENT_BEFORE_N/A_ACTUAL_POS] --(BEFORE)--> [EVENT_BEFORE_N/A_ACTUAL_POS],geste,BEFORE,geste,[RETOUR],geste,BEFORE,accouchement,,,,
192,50,FR100806,[EVENT_BEFORE_N/A_ACTUAL_POS] --(BEFORE)--> [EVENT_BEFORE_N/A_ACTUAL_POS] | [EVENT_BEFORE_N/A_ACTUAL_POS] --(BEFORE)--> [EVENT_BEFORE_N/A_ACTUAL_POS],hospitalisée,BEFORE,transfusion,[RETOUR],hospitalisée,BEFORE,dialyse,,,,
192,50,FR100826,[EVENT_BEFORE_N/A_ACTUAL_POS] --(BEFORE)--> [EVENT_BEFORE_N/A_ACTUAL_POS] | [EVENT_BEFORE_N/A_ACTUAL_POS] --(BEFORE)--> [EVENT_BEFORE_N/A_ACTUAL_POS],admis,BEFORE,transplantation,[RETOUR],admis,BEFORE,don,,,,
192,50,FR100845,[EVENT_BEFORE_N/A_ACTUAL_POS] --(BEFORE)--> [EVENT_BEFORE_N/A_ACTUAL_POS] | [EVENT_BEFORE_N/A_ACTUAL_POS] --(BEFORE)--> [EVENT_BEFORE_N/A_ACTUAL_POS],extraction,BEFORE,Apgar,[RETOUR],extraction,BEFORE,examen,,,,
192,50,FR100870,[EVENT_BEFORE_N/A_ACTUAL_POS] --(BEFORE)--> [EVENT_BEFORE_N/A_ACTUAL_POS] | [EVENT_BEFORE_N/A_ACTUAL_POS] --(BEFORE)--> [EVENT_BEFORE_N/A_ACTUAL_POS],bilan,BEFORE,B2,[RETOUR],bilan,BEFORE,fonction,,,,
192,50,FR100883,[EVENT_BEFORE_N/A_ACTUAL_POS] --(BEFORE)--> [EVENT_BEFORE_N/A_ACTUAL_POS] | [EVENT_BEFORE_N/A_ACTUAL_POS] --(BEFORE)--> [EVENT_BEFORE_N/A_ACTUAL_POS],bilan,BEFORE,sérologie,[RETOUR],bilan,BEFORE,reçu,,,,
192,50,FR100894,[EVENT_BEFORE_N/A_ACTUAL_POS] --(BEFORE)--> [EVENT_BEFORE_N/A_ACTUAL_POS] | [EVENT_BEFORE_N/A_ACTUAL_POS] --(BEFORE)--> [EVENT_BEFORE_N/A_ACTUAL_POS],rejoint,BEFORE,reçu,[RETOUR],rejoint,BEFORE,trajet,,,,
192,50,FR100903,[EVENT_BEFORE_N/A_ACTUAL_POS] --(BEFORE)--> [EVENT_BEFORE_N/A_ACTUAL_POS] | [EVENT_BEFORE_N/A_ACTUAL_POS] --(BEFORE)--> [EVENT_BEFORE_N/A_ACTUAL_POS],écarté,BEFORE,contrôles,[RETOUR],écarté,BEFORE,réfléchir,,,,
192,50,FR100919,[EVENT_BEFORE_N/A_ACTUAL_POS] --(BEFORE)--> [EVENT_BEFORE_N/A_ACTUAL_POS] | [EVENT_BEFORE_N/A_ACTUAL_POS] --(BEFORE)--> [EVENT_BEFORE_N/A_ACTUAL_POS],correction,BEFORE,normalisation,[RETOUR],correction,BEFORE,adressée,,,,
192,50,FR100932,[EVENT_BEFORE_N/A_ACTUAL_POS] --(BEFORE)--> [EVENT_BEFORE_N/A_ACTUAL_POS] | [EVENT_BEFORE_N/A_ACTUAL_POS] --(BEFORE)--> [EVENT_BEFORE_N/A_ACTUAL_POS],mise,BEFORE,installation,[RETOUR],mise,BEFORE,opérée,,,,
192,50,FR100946,[EVENT_BEFORE_N/A_ACTUAL_POS] --(BEFORE)--> [EVENT_BEFORE_N/A_ACTUAL_POS] | [EVENT_BEFORE_N/A_ACTUAL_POS] --(BEFORE)--> [EVENT_BEFORE_N/A_ACTUAL_POS],mise,BEFORE,abord,[RETOUR],mise,BEFORE,exérèse,,,,
135,49,FR100003,[EVENT_BEFORE_N/A_ACTUAL_POS] --(BEFORE)--> [EVENT_BEFORE_N/A_ACTUAL_POS] | [EVENT_BEFORE_N/A_ACTUAL_POS] --(BEFORE)--> [EVENT_BEFORE_N/A_ACTUAL_POS] | [EVENT_BEFORE_N/A_ACTUAL_POS] --(BEFORE)--> [EVENT_BEFORE_N/A_ACTUAL_POS] | [EVENT_BEFORE_N/A_ACTUAL_POS] --(BEFORE)--> [EVENT_BEFORE_N/A_ACTUAL_POS],injection,BEFORE,ponction,BEFORE,examen,BEFORE,examen,BEFORE,antibiothérapie,,
135,49,FR100092,[EVENT_BEFORE_N/A_ACTUAL_POS] --(BEFORE)--> [EVENT_BEFORE_N/A_ACTUAL_POS] | [EVENT_BEFORE_N/A_ACTUAL_POS] --(BEFORE)--> [EVENT_BEFORE_N/A_ACTUAL_POS] | [EVENT_BEFORE_N/A_ACTUAL_POS] --(BEFORE)--> [EVENT_BEFORE_N/A_ACTUAL_POS] | [EVENT_BEFORE_N/A_ACTUAL_POS] --(BEFORE)--> [EVENT_BEFORE_N/A_ACTUAL_POS],examen,BEFORE,examen,BEFORE,examen,BEFORE,échographie,BEFORE,tableau,,
135,49,FR100130,[EVENT_BEFORE_N/A_ACTUAL_POS] --(BEFORE)--> [EVENT_BEFORE_N/A_ACTUAL_POS] | [EVENT_BEFORE_N/A_ACTUAL_POS] --(BEFORE)--> [EVENT_BEFORE_N/A_ACTUAL_POS] | [EVENT_BEFORE_N/A_ACTUAL_POS] --(BEFORE)--> [EVENT_BEFORE_N/A_ACTUAL_POS] | [EVENT_BEFORE_N/A_ACTUAL_POS] --(BEFORE)--> [EVENT_BEFORE_N/A_ACTUAL_POS],électromyogramme,BEFORE,confirmé,BEFORE,recherche,BEFORE,séjour,BEFORE,bilan,,
135,49,FR100142,[EVENT_BEFORE_N/A_ACTUAL_POS] --(BEFORE)--> [EVENT_BEFORE_N/A_ACTUAL_POS] | [EVENT_BEFORE_N/A_ACTUAL_POS] --(BEFORE)--> [EVENT_BEFORE_N/A_ACTUAL_POS] | [EVENT_BEFORE_N/A_ACTUAL_POS] --(BEFORE)--> [EVENT_BEFORE_N/A_ACTUAL_POS] | [EVENT_BEFORE_N/A_ACTUAL_POS] --(BEFORE)--> [EVENT_BEFORE_N/A_ACTUAL_POS],scanner,BEFORE,fibroscopie,BEFORE,biopsie,BEFORE,mis,BEFORE,évolution,,
135,49,FR100161,[EVENT_BEFORE_N/A_ACTUAL_POS] --(BEFORE)--> [EVENT_BEFORE_N/A_ACTUAL_POS] | [EVENT_BEFORE_N/A_ACTUAL_POS] --(BEFORE)--> [EVENT_BEFORE_N/A_ACTUAL_POS] | [EVENT_BEFORE_N/A_ACTUAL_POS] --(BEFORE)--> [EVENT_BEFORE_N/A_ACTUAL_POS] | [EVENT_BEFORE_N/A_ACTUAL_POS] --(BEFORE)--> [EVENT_BEFORE_N/A_ACTUAL_POS],examen,BEFORE,examens,BEFORE,radiographie,BEFORE,complément,BEFORE,cortisol,,
135,49,FR100255,[EVENT_BEFORE_N/A_ACTUAL_POS] --(BEFORE)--> [EVENT_BEFORE_N/A_ACTUAL_POS] | [EVENT_BEFORE_N/A_ACTUAL_POS] --(BEFORE)--> [EVENT_BEFORE_N/A_ACTUAL_POS] | [EVENT_BEFORE_N/A_ACTUAL_POS] --(BEFORE)--> [EVENT_BEFORE_N/A_ACTUAL_POS] | [EVENT_BEFORE_N/A_ACTUAL_POS] --(BEFORE)--> [EVENT_BEFORE_N/A_ACTUAL_POS],admise,BEFORE,examen,BEFORE,examen,BEFORE,échographie,BEFORE,mise,,
135,49,FR100275,[EVENT_BEFORE_N/A_ACTUAL_POS] --(BEFORE)--> [EVENT_BEFORE_N/A_ACTUAL_POS] | [EVENT_BEFORE_N/A_ACTUAL_POS] --(BEFORE)--> [EVENT_BEFORE_N/A_ACTUAL_POS] | [EVENT_BEFORE_N/A_ACTUAL_POS] --(BEFORE)--> [EVENT_BEFORE_N/A_ACTUAL_POS] | [EVENT_BEFORE_N/A_ACTUAL_POS] --(BEFORE)--> [EVENT_BEFORE_N/A_ACTUAL_POS],établi,BEFORE,manœuvres,BEFORE,transféré,BEFORE,anamnèse,BEFORE,examen,,
135,49,FR100283,[EVENT_BEFORE_N/A_ACTUAL_POS] --(BEFORE)--> [EVENT_BEFORE_N/A_ACTUAL_POS] | [EVENT_BEFORE_N/A_ACTUAL_POS] --(BEFORE)--> [EVENT_BEFORE_N/A_ACTUAL_POS] | [EVENT_BEFORE_N/A_ACTUAL_POS] --(BEFORE)--> [EVENT_BEFORE_N/A_ACTUAL_POS] | [EVENT_BEFORE_N/A_ACTUAL_POS] --(BEFORE)--> [EVENT_BEFORE_N/A_ACTUAL_POS],bilan,BEFORE,IRM,BEFORE,hypophysiogramme,BEFORE,traitement,BEFORE,évolution,,
135,49,FR100314,[EVENT_BEFORE_N/A_ACTUAL_POS] --(BEFORE)--> [EVENT_BEFORE_N/A_ACTUAL_POS] | [EVENT_BEFORE_N/A_ACTUAL_POS] --(BEFORE)--> [EVENT_BEFORE_N/A_ACTUAL_POS] | [EVENT_BEFORE_N/A_ACTUAL_POS] --(BEFORE)--> [EVENT_BEFORE_N/A_ACTUAL_POS] | [EVENT_BEFORE_N/A_ACTUAL_POS] --(BEFORE)--> [EVENT_BEFORE_N/A_ACTUAL_POS],bilan,BEFORE,drainage,BEFORE,angio-scanner,BEFORE,amputation,BEFORE,mise,,
135,49,FR100344,[EVENT_BEFORE_N/A_ACTUAL_POS] --(BEFORE)--> [EVENT_BEFORE_N/A_ACTUAL_POS] | [EVENT_BEFORE_N/A_ACTUAL_POS] --(BEFORE)--> [EVENT_BEFORE_N/A_ACTUAL_POS] | [EVENT_BEFORE_N/A_ACTUAL_POS] --(BEFORE)--> [EVENT_BEFORE_N/A_ACTUAL_POS] | [EVENT_BEFORE_N/A_ACTUAL_POS] --(BEFORE)--> [EVENT_BEFORE_N/A_ACTUAL_POS],déroulée,BEFORE,plainte,BEFORE,examen,BEFORE,césarienne,BEFORE,pesait,,
135,49,FR100346,[EVENT_BEFORE_N/A_ACTUAL_POS] --(BEFORE)--> [EVENT_BEFORE_N/A_ACTUAL_POS] | [EVENT_BEFORE_N/A_ACTUAL_POS] --(BEFORE)--> [EVENT_BEFORE_N/A_ACTUAL_POS] | [EVENT_BEFORE_N/A_ACTUAL_POS] --(BEFORE)--> [EVENT_BEFORE_N/A_ACTUAL_POS] | [EVENT_BEFORE_N/A_ACTUAL_POS] --(BEFORE)--> [EVENT_BEFORE_N/A_ACTUAL_POS],examen,BEFORE,gazométrie,BEFORE,reste,BEFORE,radiographie,BEFORE,angioscanner,,
135,49,FR100360,[EVENT_BEFORE_N/A_ACTUAL_POS] --(BEFORE)--> [EVENT_BEFORE_N/A_ACTUAL_POS] | [EVENT_BEFORE_N/A_ACTUAL_POS] --(BEFORE)--> [EVENT_BEFORE_N/A_ACTUAL_POS] | [EVENT_BEFORE_N/A_ACTUAL_POS] --(BEFORE)--> [EVENT_BEFORE_N/A_ACTUAL_POS] | [EVENT_BEFORE_N/A_ACTUAL_POS] --(BEFORE)--> [EVENT_BEFORE_N/A_ACTUAL_POS],complément,BEFORE,biopsie,BEFORE,tomodensitométrie,BEFORE,radiothérapie,BEFORE,cures,,
135,49,FR100361,[EVENT_BEFORE_N/A_ACTUAL_POS] --(BEFORE)--> [EVENT_BEFORE_N/A_ACTUAL_POS] | [EVENT_BEFORE_N/A_ACTUAL_POS] --(BEFORE)--> [EVENT_BEFORE_N/A_ACTUAL_POS] | [EVENT_BEFORE_N/A_ACTUAL_POS] --(BEFORE)--> [EVENT_BEFORE_N/A_ACTUAL_POS] | [EVENT_BEFORE_N/A_ACTUAL_POS] --(BEFORE)--> [EVENT_BEFORE_N/A_ACTUAL_POS],examen,BEFORE,TDM,BEFORE,ponction,BEFORE,examen,BEFORE,examen,,
135,49,FR100371,[EVENT_BEFORE_N/A_ACTUAL_POS] --(BEFORE)--> [EVENT_BEFORE_N/A_ACTUAL_POS] | [EVENT_BEFORE_N/A_ACTUAL_POS] --(BEFORE)--> [EVENT_BEFORE_N/A_ACTUAL_POS] | [EVENT_BEFORE_N/A_ACTUAL_POS] --(BEFORE)--> [EVENT_BEFORE_N/A_ACTUAL_POS] | [EVENT_BEFORE_N/A_ACTUAL_POS] --(BEFORE)--> [EVENT_BEFORE_N/A_ACTUAL_POS],bilan,BEFORE,bilan,BEFORE,intervention,BEFORE,sortie,BEFORE,perdue,,
135,49,FR100400,[EVENT_BEFORE_N/A_ACTUAL_POS] --(BEFORE)--> [EVENT_BEFORE_N/A_ACTUAL_POS] | [EVENT_BEFORE_N/A_ACTUAL_POS] --(BEFORE)--> [EVENT_BEFORE_N/A_ACTUAL_POS] | [EVENT_BEFORE_N/A_ACTUAL_POS] --(BEFORE)--> [EVENT_BEFORE_N/A_ACTUAL_POS] | [EVENT_BEFORE_N/A_ACTUAL_POS] --(BEFORE)--> [EVENT_BEFORE_N/A_ACTUAL_POS],bilan,BEFORE,Radiographie,BEFORE,échographie,BEFORE,scanner,BEFORE,diagnostic,,
135,49,FR100439,[EVENT_BEFORE_N/A_ACTUAL_POS] --(BEFORE)--> [EVENT_BEFORE_N/A_ACTUAL_POS] | [EVENT_BEFORE_N/A_ACTUAL_POS] --(BEFORE)--> [EVENT_BEFORE_N/A_ACTUAL_POS] | [EVENT_BEFORE_N/A_ACTUAL_POS] --(BEFORE)--> [EVENT_BEFORE_N/A_ACTUAL_POS] | [EVENT_BEFORE_N/A_ACTUAL_POS] --(BEFORE)--> [EVENT_BEFORE_N/A_ACTUAL_POS],établie,BEFORE,demandée,BEFORE,examen,BEFORE,classée,BEFORE,bénéficier,,
135,49,FR100448,[EVENT_BEFORE_N/A_ACTUAL_POS] --(BEFORE)--> [EVENT_BEFORE_N/A_ACTUAL_POS] | [EVENT_BEFORE_N/A_ACTUAL_POS] --(BEFORE)--> [EVENT_BEFORE_N/A_ACTUAL_POS] | [EVENT_BEFORE_N/A_ACTUAL_POS] --(BEFORE)--> [EVENT_BEFORE_N/A_ACTUAL_POS] | [EVENT_BEFORE_N/A_ACTUAL_POS] --(BEFORE)--> [EVENT_BEFORE_N/A_ACTUAL_POS],examen,BEFORE,échotomographie,BEFORE,hémi thyroïdectomie,BEFORE,examen,BEFORE,histochimie,,
135,49,FR100480,[EVENT_BEFORE_N/A_ACTUAL_POS] --(BEFORE)--> [EVENT_BEFORE_N/A_ACTUAL_POS] | [EVENT_BEFORE_N/A_ACTUAL_POS] --(BEFORE)--> [EVENT_BEFORE_N/A_ACTUAL_POS] | [EVENT_BEFORE_N/A_ACTUAL_POS] --(BEFORE)--> [EVENT_BEFORE_N/A_ACTUAL_POS] | [EVENT_BEFORE_N/A_ACTUAL_POS] --(BEFORE)--> [EVENT_BEFORE_N/A_ACTUAL_POS],bilan,BEFORE,analyse,BEFORE,amputation,BEFORE,examen,BEFORE,bilan,,
135,49,FR100515,[EVENT_BEFORE_N/A_ACTUAL_POS] --(BEFORE)--> [EVENT_BEFORE_N/A_ACTUAL_POS] | [EVENT_BEFORE_N/A_ACTUAL_POS] --(BEFORE)--> [EVENT_BEFORE_N/A_ACTUAL_POS] | [EVENT_BEFORE_N/A_ACTUAL_POS] --(BEFORE)--> [EVENT_BEFORE_N/A_ACTUAL_POS] | [EVENT_BEFORE_N/A_ACTUAL_POS] --(BEFORE)--> [EVENT_BEFORE_N/A_ACTUAL_POS],retenu,BEFORE,bilan,BEFORE,bilan,BEFORE,prescrits,BEFORE,corticothérapie,,
135,49,FR100517,[EVENT_BEFORE_N/A_ACTUAL_POS] --(BEFORE)--> [EVENT_BEFORE_N/A_ACTUAL_POS] | [EVENT_BEFORE_N/A_ACTUAL_POS] --(BEFORE)--> [EVENT_BEFORE_N/A_ACTUAL_POS] | [EVENT_BEFORE_N/A_ACTUAL_POS] --(BEFORE)--> [EVENT_BEFORE_N/A_ACTUAL_POS] | [EVENT_BEFORE_N/A_ACTUAL_POS] --(BEFORE)--> [EVENT_BEFORE_N/A_ACTUAL_POS],électromyogramme,BEFORE,bilan,BEFORE,explorations,BEFORE,porté,BEFORE,échographie,,
135,49,FR100519,[EVENT_BEFORE_N/A_ACTUAL_POS] --(BEFORE)--> [EVENT_BEFORE_N/A_ACTUAL_POS] | [EVENT_BEFORE_N/A_ACTUAL_POS] --(BEFORE)--> [EVENT_BEFORE_N/A_ACTUAL_POS] | [EVENT_BEFORE_N/A_ACTUAL_POS] --(BEFORE)--> [EVENT_BEFORE_N/A_ACTUAL_POS] | [EVENT_BEFORE_N/A_ACTUAL_POS] --(BEFORE)--> [EVENT_BEFORE_N/A_ACTUAL_POS],entrée,BEFORE,bilan,BEFORE,angioscanner,BEFORE,échodoppler,BEFORE,retenue,,
135,49,FR100589,[EVENT_BEFORE_N/A_ACTUAL_POS] --(BEFORE)--> [EVENT_BEFORE_N/A_ACTUAL_POS] | [EVENT_BEFORE_N/A_ACTUAL_POS] --(BEFORE)--> [EVENT_BEFORE_N/A_ACTUAL_POS] | [EVENT_BEFORE_N/A_ACTUAL_POS] --(BEFORE)--> [EVENT_BEFORE_N/A_ACTUAL_POS] | [EVENT_BEFORE_N/A_ACTUAL_POS] --(BEFORE)--> [EVENT_BEFORE_N/A_ACTUAL_POS],lavage,BEFORE,biopsies,BEFORE,exploration,BEFORE,hémogramme,BEFORE,Cytométrie,,
135,49,FR100597,[EVENT_BEFORE_N/A_ACTUAL_POS] --(BEFORE)--> [EVENT_BEFORE_N/A_ACTUAL_POS] | [EVENT_BEFORE_N/A_ACTUAL_POS] --(BEFORE)--> [EVENT_BEFORE_N/A_ACTUAL_POS] | [EVENT_BEFORE_N/A_ACTUAL_POS] --(BEFORE)--> [EVENT_BEFORE_N/A_ACTUAL_POS] | [EVENT_BEFORE_N/A_ACTUAL_POS] --(BEFORE)--> [EVENT_BEFORE_N/A_ACTUAL_POS],fibroscopie,BEFORE,marqueurs,BEFORE,décidée,BEFORE,intervention,BEFORE,décédée,,
135,49,FR100611,[EVENT_BEFORE_N/A_ACTUAL_POS] --(BEFORE)--> [EVENT_BEFORE_N/A_ACTUAL_POS] | [EVENT_BEFORE_N/A_ACTUAL_POS] --(BEFORE)--> [EVENT_BEFORE_N/A_ACTUAL_POS] | [EVENT_BEFORE_N/A_ACTUAL_POS] --(BEFORE)--> [EVENT_BEFORE_N/A_ACTUAL_POS] | [EVENT_BEFORE_N/A_ACTUAL_POS] --(BEFORE)--> [EVENT_BEFORE_N/A_ACTUAL_POS],IRM,BEFORE,étude,BEFORE,examen,BEFORE,PCR,BEFORE,TDM,,
135,49,FR100614,[EVENT_BEFORE_N/A_ACTUAL_POS] --(BEFORE)--> [EVENT_BEFORE_N/A_ACTUAL_POS] | [EVENT_BEFORE_N/A_ACTUAL_POS] --(BEFORE)--> [EVENT_BEFORE_N/A_ACTUAL_POS] | [EVENT_BEFORE_N/A_ACTUAL_POS] --(BEFORE)--> [EVENT_BEFORE_N/A_ACTUAL_POS] | [EVENT_BEFORE_N/A_ACTUAL_POS] --(BEFORE)--> [EVENT_BEFORE_N/A_ACTUAL_POS],examen,BEFORE,échographique,BEFORE,tomodensitométrie,BEFORE,radiographie,BEFORE,échographie,,
135,49,FR100620,[EVENT_BEFORE_N/A_ACTUAL_POS] --(BEFORE)--> [EVENT_BEFORE_N/A_ACTUAL_POS] | [EVENT_BEFORE_N/A_ACTUAL_POS] --(BEFORE)--> [EVENT_BEFORE_N/A_ACTUAL_POS] | [EVENT_BEFORE_N/A_ACTUAL_POS] --(BEFORE)--> [EVENT_BEFORE_N/A_ACTUAL_POS] | [EVENT_BEFORE_N/A_ACTUAL_POS] --(BEFORE)--> [EVENT_BEFORE_N/A_ACTUAL_POS],radiographie,BEFORE,demandé,BEFORE,aspect,BEFORE,bronchoscopie,BEFORE,bilan,,
135,49,FR100623,[EVENT_BEFORE_N/A_ACTUAL_POS] --(BEFORE)--> [EVENT_BEFORE_N/A_ACTUAL_POS] | [EVENT_BEFORE_N/A_ACTUAL_POS] --(BEFORE)--> [EVENT_BEFORE_N/A_ACTUAL_POS] | [EVENT_BEFORE_N/A_ACTUAL_POS] --(BEFORE)--> [EVENT_BEFORE_N/A_ACTUAL_POS] | [EVENT_BEFORE_N/A_ACTUAL_POS] --(BEFORE)--> [EVENT_BEFORE_N/A_ACTUAL_POS],examen,BEFORE,échographie,BEFORE,tomodensitométrie,BEFORE,retenu,BEFORE,prise,,
135,49,FR100629,[EVENT_BEFORE_N/A_ACTUAL_POS] --(BEFORE)--> [EVENT_BEFORE_N/A_ACTUAL_POS] | [EVENT_BEFORE_N/A_ACTUAL_POS] --(BEFORE)--> [EVENT_BEFORE_N/A_ACTUAL_POS] | [EVENT_BEFORE_N/A_ACTUAL_POS] --(BEFORE)--> [EVENT_BEFORE_N/A_ACTUAL_POS] | [EVENT_BEFORE_N/A_ACTUAL_POS] --(BEFORE)--> [EVENT_BEFORE_N/A_ACTUAL_POS],radiographie,BEFORE,thoracoscopie,BEFORE,marquage,BEFORE,bilan,BEFORE,décision,,
135,49,FR100632,[EVENT_BEFORE_N/A_ACTUAL_POS] --(BEFORE)--> [EVENT_BEFORE_N/A_ACTUAL_POS] | [EVENT_BEFORE_N/A_ACTUAL_POS] --(BEFORE)--> [EVENT_BEFORE_N/A_ACTUAL_POS] | [EVENT_BEFORE_N/A_ACTUAL_POS] --(BEFORE)--> [EVENT_BEFORE_N/A_ACTUAL_POS] | [EVENT_BEFORE_N/A_ACTUAL_POS] --(BEFORE)--> [EVENT_BEFORE_N/A_ACTUAL_POS],numération,BEFORE,bilan,BEFORE,enquête,BEFORE,étude,BEFORE,radiographie,,
135,49,FR100663,[EVENT_BEFORE_N/A_ACTUAL_POS] --(BEFORE)--> [EVENT_BEFORE_N/A_ACTUAL_POS] | [EVENT_BEFORE_N/A_ACTUAL_POS] --(BEFORE)--> [EVENT_BEFORE_N/A_ACTUAL_POS] | [EVENT_BEFORE_N/A_ACTUAL_POS] --(BEFORE)--> [EVENT_BEFORE_N/A_ACTUAL_POS] | [EVENT_BEFORE_N/A_ACTUAL_POS] --(BEFORE)--> [EVENT_BEFORE_N/A_ACTUAL_POS],ligature,BEFORE,incisée,BEFORE,vérifié,BEFORE,reprise,BEFORE,fermé,,
135,49,FR100666,[EVENT_BEFORE_N/A_ACTUAL_POS] --(BEFORE)--> [EVENT_BEFORE_N/A_ACTUAL_POS] | [EVENT_BEFORE_N/A_ACTUAL_POS] --(BEFORE)--> [EVENT_BEFORE_N/A_ACTUAL_POS] | [EVENT_BEFORE_N/A_ACTUAL_POS] --(BEFORE)--> [EVENT_BEFORE_N/A_ACTUAL_POS] | [EVENT_BEFORE_N/A_ACTUAL_POS] --(BEFORE)--> [EVENT_BEFORE_N/A_ACTUAL_POS],bilan,BEFORE,myologramme,BEFORE,bilan,BEFORE,classé,BEFORE,traitement,,
135,49,FR100683,[EVENT_BEFORE_N/A_ACTUAL_POS] --(BEFORE)--> [EVENT_BEFORE_N/A_ACTUAL_POS] | [EVENT_BEFORE_N/A_ACTUAL_POS] --(BEFORE)--> [EVENT_BEFORE_N/A_ACTUAL_POS] | [EVENT_BEFORE_N/A_ACTUAL_POS] --(BEFORE)--> [EVENT_BEFORE_N/A_ACTUAL_POS] | [EVENT_BEFORE_N/A_ACTUAL_POS] --(BEFORE)--> [EVENT_BEFORE_N/A_ACTUAL_POS],examen,BEFORE,exploration,BEFORE,exploration,BEFORE,IRM,BEFORE,écho-mammographie,,
135,49,FR100688,[EVENT_BEFORE_N/A_ACTUAL_POS] --(BEFORE)--> [EVENT_BEFORE_N/A_ACTUAL_POS] | [EVENT_BEFORE_N/A_ACTUAL_POS] --(BEFORE)--> [EVENT_BEFORE_N/A_ACTUAL_POS] | [EVENT_BEFORE_N/A_ACTUAL_POS] --(BEFORE)--> [EVENT_BEFORE_N/A_ACTUAL_POS] | [EVENT_BEFORE_N/A_ACTUAL_POS] --(BEFORE)--> [EVENT_BEFORE_N/A_ACTUAL_POS],examen,BEFORE,examen,BEFORE,sérologie,BEFORE,radiographie,BEFORE,échographie,,
135,49,FR100689,[EVENT_BEFORE_N/A_ACTUAL_POS] --(BEFORE)--> [EVENT_BEFORE_N/A_ACTUAL_POS] | [EVENT_BEFORE_N/A_ACTUAL_POS] --(BEFORE)--> [EVENT_BEFORE_N/A_ACTUAL_POS] | [EVENT_BEFORE_N/A_ACTUAL_POS] --(BEFORE)--> [EVENT_BEFORE_N/A_ACTUAL_POS] | [EVENT_BEFORE_N/A_ACTUAL_POS] --(BEFORE)--> [EVENT_BEFORE_N/A_ACTUAL_POS],hémogramme,BEFORE,ionogramme,BEFORE,examen,BEFORE,retenu,BEFORE,évolution,,
135,49,FR100697,[EVENT_BEFORE_N/A_ACTUAL_POS] --(BEFORE)--> [EVENT_BEFORE_N/A_ACTUAL_POS] | [EVENT_BEFORE_N/A_ACTUAL_POS] --(BEFORE)--> [EVENT_BEFORE_N/A_ACTUAL_POS] | [EVENT_BEFORE_N/A_ACTUAL_POS] --(BEFORE)--> [EVENT_BEFORE_N/A_ACTUAL_POS] | [EVENT_BEFORE_N/A_ACTUAL_POS] --(BEFORE)--> [EVENT_BEFORE_N/A_ACTUAL_POS],palpation,BEFORE,examen,BEFORE,mammographie,BEFORE,échographie,BEFORE,examen,,
135,49,FR100708,[EVENT_BEFORE_N/A_ACTUAL_POS] --(BEFORE)--> [EVENT_BEFORE_N/A_ACTUAL_POS] | [EVENT_BEFORE_N/A_ACTUAL_POS] --(BEFORE)--> [EVENT_BEFORE_N/A_ACTUAL_POS] | [EVENT_BEFORE_N/A_ACTUAL_POS] --(BEFORE)--> [EVENT_BEFORE_N/A_ACTUAL_POS] | [EVENT_BEFORE_N/A_ACTUAL_POS] --(BEFORE)--> [EVENT_BEFORE_N/A_ACTUAL_POS],examen,BEFORE,mammographie,BEFORE,échographie,BEFORE,ponction,BEFORE,étude,,
135,49,FR100717,[EVENT_BEFORE_N/A_ACTUAL_POS] --(BEFORE)--> [EVENT_BEFORE_N/A_ACTUAL_POS] | [EVENT_BEFORE_N/A_ACTUAL_POS] --(BEFORE)--> [EVENT_BEFORE_N/A_ACTUAL_POS] | [EVENT_BEFORE_N/A_ACTUAL_POS] --(BEFORE)--> [EVENT_BEFORE_N/A_ACTUAL_POS] | [EVENT_BEFORE_N/A_ACTUAL_POS] --(BEFORE)--> [EVENT_BEFORE_N/A_ACTUAL_POS],consulté,BEFORE,traitement,BEFORE,examen,BEFORE,examens,BEFORE,scanner,,
135,49,FR100748,[EVENT_BEFORE_N/A_ACTUAL_POS] --(BEFORE)--> [EVENT_BEFORE_N/A_ACTUAL_POS] | [EVENT_BEFORE_N/A_ACTUAL_POS] --(BEFORE)--> [EVENT_BEFORE_N/A_ACTUAL_POS] | [EVENT_BEFORE_N/A_ACTUAL_POS] --(BEFORE)--> [EVENT_BEFORE_N/A_ACTUAL_POS] | [EVENT_BEFORE_N/A_ACTUAL_POS] --(BEFORE)--> [EVENT_BEFORE_N/A_ACTUAL_POS],mobilisation,BEFORE,suites,BEFORE,transférée,BEFORE,regagné,BEFORE,recul,,
135,49,FR100806,[EVENT_BEFORE_N/A_ACTUAL_POS] --(BEFORE)--> [EVENT_BEFORE_N/A_ACTUAL_POS] | [EVENT_BEFORE_N/A_ACTUAL_POS] --(BEFORE)--> [EVENT_BEFORE_N/A_ACTUAL_POS] | [EVENT_BEFORE_N/A_ACTUAL_POS] --(BEFORE)--> [EVENT_BEFORE_N/A_ACTUAL_POS] | [EVENT_BEFORE_N/A_ACTUAL_POS] --(BEFORE)--> [EVENT_BEFORE_N/A_ACTUAL_POS],prise,BEFORE,référée,BEFORE,examen,BEFORE,biologie,BEFORE,hospitalisée,,
135,49,FR100826,[EVENT_BEFORE_N/A_ACTUAL_POS] --(BEFORE)--> [EVENT_BEFORE_N/A_ACTUAL_POS] | [EVENT_BEFORE_N/A_ACTUAL_POS] --(BEFORE)--> [EVENT_BEFORE_N/A_ACTUAL_POS] | [EVENT_BEFORE_N/A_ACTUAL_POS] --(BEFORE)--> [EVENT_BEFORE_N/A_ACTUAL_POS] | [EVENT_BEFORE_N/A_ACTUAL_POS] --(BEFORE)--> [EVENT_BEFORE_N/A_ACTUAL_POS],examen,BEFORE,bilan,BEFORE,bilan,BEFORE,retenue,BEFORE,exploration,,
135,49,FR100845,[EVENT_BEFORE_N/A_ACTUAL_POS] --(BEFORE)--> [EVENT_BEFORE_N/A_ACTUAL_POS] | [EVENT_BEFORE_N/A_ACTUAL_POS] --(BEFORE)--> [EVENT_BEFORE_N/A_ACTUAL_POS] | [EVENT_BEFORE_N/A_ACTUAL_POS] --(BEFORE)--> [EVENT_BEFORE_N/A_ACTUAL_POS] | [EVENT_BEFORE_N/A_ACTUAL_POS] --(BEFORE)--> [EVENT_BEFORE_N/A_ACTUAL_POS],extraction,BEFORE,examen,BEFORE,examinés,BEFORE,détresse,BEFORE,intubée,,
135,49,FR100870,[EVENT_BEFORE_N/A_ACTUAL_POS] --(BEFORE)--> [EVENT_BEFORE_N/A_ACTUAL_POS] | [EVENT_BEFORE_N/A_ACTUAL_POS] --(BEFORE)--> [EVENT_BEFORE_N/A_ACTUAL_POS] | [EVENT_BEFORE_N/A_ACTUAL_POS] --(BEFORE)--> [EVENT_BEFORE_N/A_ACTUAL_POS] | [EVENT_BEFORE_N/A_ACTUAL_POS] --(BEFORE)--> [EVENT_BEFORE_N/A_ACTUAL_POS],hémogramme,BEFORE,bilan,BEFORE,IRM,BEFORE,électrophorèse,BEFORE,immunosoustraction,,
135,49,FR100874,[EVENT_BEFORE_N/A_ACTUAL_POS] --(BEFORE)--> [EVENT_BEFORE_N/A_ACTUAL_POS] | [EVENT_BEFORE_N/A_ACTUAL_POS] --(BEFORE)--> [EVENT_BEFORE_N/A_ACTUAL_POS] | [EVENT_BEFORE_N/A_ACTUAL_POS] --(BEFORE)--> [EVENT_BEFORE_N/A_ACTUAL_POS] | [EVENT_BEFORE_N/A_ACTUAL_POS] --(BEFORE)--> [EVENT_BEFORE_N/A_ACTUAL_POS],hémogramme,BEFORE,fibroscopie,BEFORE,transit,BEFORE,tomodensitométrie,BEFORE,retenu,,
135,49,FR100894,[EVENT_BEFORE_N/A_ACTUAL_POS] --(BEFORE)--> [EVENT_BEFORE_N/A_ACTUAL_POS] | [EVENT_BEFORE_N/A_ACTUAL_POS] --(BEFORE)--> [EVENT_BEFORE_N/A_ACTUAL_POS] | [EVENT_BEFORE_N/A_ACTUAL_POS] --(BEFORE)--> [EVENT_BEFORE_N/A_ACTUAL_POS] | [EVENT_BEFORE_N/A_ACTUAL_POS] --(BEFORE)--> [EVENT_BEFORE_N/A_ACTUAL_POS],appuyés,BEFORE,diagnostic,BEFORE,pris,BEFORE,incision,BEFORE,immobilisé,,
135,49,FR100903,[EVENT_BEFORE_N/A_ACTUAL_POS] --(BEFORE)--> [EVENT_BEFORE_N/A_ACTUAL_POS] | [EVENT_BEFORE_N/A_ACTUAL_POS] --(BEFORE)--> [EVENT_BEFORE_N/A_ACTUAL_POS] | [EVENT_BEFORE_N/A_ACTUAL_POS] --(BEFORE)--> [EVENT_BEFORE_N/A_ACTUAL_POS] | [EVENT_BEFORE_N/A_ACTUAL_POS] --(BEFORE)--> [EVENT_BEFORE_N/A_ACTUAL_POS],écarté,BEFORE,contrôles,BEFORE,accouchement,BEFORE,décédé,BEFORE,caryotype,,
135,49,FR100946,[EVENT_BEFORE_N/A_ACTUAL_POS] --(BEFORE)--> [EVENT_BEFORE_N/A_ACTUAL_POS] | [EVENT_BEFORE_N/A_ACTUAL_POS] --(BEFORE)--> [EVENT_BEFORE_N/A_ACTUAL_POS] | [EVENT_BEFORE_N/A_ACTUAL_POS] --(BEFORE)--> [EVENT_BEFORE_N/A_ACTUAL_POS] | [EVENT_BEFORE_N/A_ACTUAL_POS] --(BEFORE)--> [EVENT_BEFORE_N/A_ACTUAL_POS],examen,BEFORE,IRM,BEFORE,analyse,BEFORE,mise,BEFORE,exérèse,,
135,49,FR100996,[EVENT_BEFORE_N/A_ACTUAL_POS] --(BEFORE)--> [EVENT_BEFORE_N/A_ACTUAL_POS] | [EVENT_BEFORE_N/A_ACTUAL_POS] --(BEFORE)--> [EVENT_BEFORE_N/A_ACTUAL_POS] | [EVENT_BEFORE_N/A_ACTUAL_POS] --(BEFORE)--> [EVENT_BEFORE_N/A_ACTUAL_POS] | [EVENT_BEFORE_N/A_ACTUAL_POS] --(BEFORE)--> [EVENT_BEFORE_N/A_ACTUAL_POS],consulté,BEFORE,examen,BEFORE,tomodensitométrie,BEFORE,injection,BEFORE,retenu,,
196,47,FR100003,[EVENT_BEFORE_N/A_ACTUAL_POS] --(BEFORE)--> [EVENT_BEFORE_N/A_ACTUAL_POS] | [EVENT_BEFORE_N/A_ACTUAL_POS] --(OVERLAP)--> [EVENT_BEFORE_N/A_ACTUAL_POS],drainage,BEFORE,traitement,OVERLAP,culture,,,,,,
196,47,FR100078,[EVENT_BEFORE_N/A_ACTUAL_POS] --(BEFORE)--> [EVENT_BEFORE_N/A_ACTUAL_POS] | [EVENT_BEFORE_N/A_ACTUAL_POS] --(OVERLAP)--> [EVENT_BEFORE_N/A_ACTUAL_POS],doppler,BEFORE,doppler,OVERLAP,indice,,,,,,
196,47,FR100120,[EVENT_BEFORE_N/A_ACTUAL_POS] --(BEFORE)--> [EVENT_BEFORE_N/A_ACTUAL_POS] | [EVENT_BEFORE_N/A_ACTUAL_POS] --(OVERLAP)--> [EVENT_BEFORE_N/A_ACTUAL_POS],retirées,BEFORE,conclure,OVERLAP,identifiées,,,,,,
196,47,FR100130,[EVENT_BEFORE_N/A_ACTUAL_POS] --(BEFORE)--> [EVENT_BEFORE_N/A_ACTUAL_POS] | [EVENT_BEFORE_N/A_ACTUAL_POS] --(OVERLAP)--> [EVENT_BEFORE_N/A_ACTUAL_POS],administrées,BEFORE,reçu,OVERLAP,amélioration,,,,,,
196,47,FR100132,[EVENT_BEFORE_N/A_ACTUAL_POS] --(BEFORE)--> [EVENT_BEFORE_N/A_ACTUAL_POS] | [EVENT_BEFORE_N/A_ACTUAL_POS] --(OVERLAP)--> [EVENT_BEFORE_N/A_ACTUAL_POS],examen,BEFORE,écho-Doppler,OVERLAP,fibroscopie,,,,,,
196,47,FR100142,[EVENT_BEFORE_N/A_ACTUAL_POS] --(BEFORE)--> [EVENT_BEFORE_N/A_ACTUAL_POS] | [EVENT_BEFORE_N/A_ACTUAL_POS] --(OVERLAP)--> [EVENT_BEFORE_N/A_ACTUAL_POS],sérologie,BEFORE,évolution,OVERLAP,altération,,,,,,
196,47,FR100161,[EVENT_BEFORE_N/A_ACTUAL_POS] --(BEFORE)--> [EVENT_BEFORE_N/A_ACTUAL_POS] | [EVENT_BEFORE_N/A_ACTUAL_POS] --(OVERLAP)--> [EVENT_BEFORE_N/A_ACTUAL_POS],interrogatoire,BEFORE,examen,OVERLAP,TA,,,,,,
196,47,FR100168,[EVENT_BEFORE_N/A_ACTUAL_POS] --(BEFORE)--> [EVENT_BEFORE_N/A_ACTUAL_POS] | [EVENT_BEFORE_N/A_ACTUAL_POS] --(OVERLAP)--> [EVENT_BEFORE_N/A_ACTUAL_POS],tests,BEFORE,entretien,OVERLAP,habitude,,,,,,
196,47,FR100255,[EVENT_BEFORE_N/A_ACTUAL_POS] --(BEFORE)--> [EVENT_BEFORE_N/A_ACTUAL_POS] | [EVENT_BEFORE_N/A_ACTUAL_POS] --(OVERLAP)--> [EVENT_BEFORE_N/A_ACTUAL_POS],admission,BEFORE,expulsé,OVERLAP,poids,,,,,,
196,47,FR100275,[EVENT_BEFORE_N/A_ACTUAL_POS] --(BEFORE)--> [EVENT_BEFORE_N/A_ACTUAL_POS] | [EVENT_BEFORE_N/A_ACTUAL_POS] --(OVERLAP)--> [EVENT_BEFORE_N/A_ACTUAL_POS],bilan,BEFORE,bilan,OVERLAP,rassurant,,,,,,
196,47,FR100314,[EVENT_BEFORE_N/A_ACTUAL_POS] --(BEFORE)--> [EVENT_BEFORE_N/A_ACTUAL_POS] | [EVENT_BEFORE_N/A_ACTUAL_POS] --(OVERLAP)--> [EVENT_BEFORE_N/A_ACTUAL_POS],bilan,BEFORE,drainage,OVERLAP,analgésie,,,,,,
196,47,FR100344,[EVENT_BEFORE_N/A_ACTUAL_POS] --(BEFORE)--> [EVENT_BEFORE_N/A_ACTUAL_POS] | [EVENT_BEFORE_N/A_ACTUAL_POS] --(OVERLAP)--> [EVENT_BEFORE_N/A_ACTUAL_POS],laissé,BEFORE,délivrance,OVERLAP,transférés,,,,,,
196,47,FR100346,[EVENT_BEFORE_N/A_ACTUAL_POS] --(BEFORE)--> [EVENT_BEFORE_N/A_ACTUAL_POS] | [EVENT_BEFORE_N/A_ACTUAL_POS] --(OVERLAP)--> [EVENT_BEFORE_N/A_ACTUAL_POS],héparinothérapie,BEFORE,anti-vitamine,OVERLAP,antibiothérapie,,,,,,
196,47,FR100360,[EVENT_BEFORE_N/A_ACTUAL_POS] --(BEFORE)--> [EVENT_BEFORE_N/A_ACTUAL_POS] | [EVENT_BEFORE_N/A_ACTUAL_POS] --(OVERLAP)--> [EVENT_BEFORE_N/A_ACTUAL_POS],radiothérapie,BEFORE,cures,OVERLAP,tolérance,,,,,,
196,47,FR100361,[EVENT_BEFORE_N/A_ACTUAL_POS] --(BEFORE)--> [EVENT_BEFORE_N/A_ACTUAL_POS] | [EVENT_BEFORE_N/A_ACTUAL_POS] --(OVERLAP)--> [EVENT_BEFORE_N/A_ACTUAL_POS],prolactinémie,BEFORE,améliorée,OVERLAP,persistance,,,,,,
196,47,FR100400,[EVENT_BEFORE_N/A_ACTUAL_POS] --(BEFORE)--> [EVENT_BEFORE_N/A_ACTUAL_POS] | [EVENT_BEFORE_N/A_ACTUAL_POS] --(OVERLAP)--> [EVENT_BEFORE_N/A_ACTUAL_POS],résection,BEFORE,suites,OVERLAP,étude,,,,,,
196,47,FR100439,[EVENT_BEFORE_N/A_ACTUAL_POS] --(BEFORE)--> [EVENT_BEFORE_N/A_ACTUAL_POS] | [EVENT_BEFORE_N/A_ACTUAL_POS] --(OVERLAP)--> [EVENT_BEFORE_N/A_ACTUAL_POS],nasofibroscopie,BEFORE,contrôles,OVERLAP,recul,,,,,,
196,47,FR100517,[EVENT_BEFORE_N/A_ACTUAL_POS] --(BEFORE)--> [EVENT_BEFORE_N/A_ACTUAL_POS] | [EVENT_BEFORE_N/A_ACTUAL_POS] --(OVERLAP)--> [EVENT_BEFORE_N/A_ACTUAL_POS],adressée,BEFORE,examen,OVERLAP,éléments,,,,,,
196,47,FR100519,[EVENT_BEFORE_N/A_ACTUAL_POS] --(BEFORE)--> [EVENT_BEFORE_N/A_ACTUAL_POS] | [EVENT_BEFORE_N/A_ACTUAL_POS] --(OVERLAP)--> [EVENT_BEFORE_N/A_ACTUAL_POS],hémogramme,BEFORE,remplissage,OVERLAP,décidé,,,,,,
196,47,FR100589,[EVENT_BEFORE_N/A_ACTUAL_POS] --(BEFORE)--> [EVENT_BEFORE_N/A_ACTUAL_POS] | [EVENT_BEFORE_N/A_ACTUAL_POS] --(OVERLAP)--> [EVENT_BEFORE_N/A_ACTUAL_POS],diagnostic,BEFORE,corticothérapie,OVERLAP,amélioration,,,,,,
196,47,FR100597,[EVENT_BEFORE_N/A_ACTUAL_POS] --(BEFORE)--> [EVENT_BEFORE_N/A_ACTUAL_POS] | [EVENT_BEFORE_N/A_ACTUAL_POS] --(OVERLAP)--> [EVENT_BEFORE_N/A_ACTUAL_POS],intervention,BEFORE,gestes,OVERLAP,examen,,,,,,
196,47,FR100603,[EVENT_BEFORE_N/A_ACTUAL_POS] --(BEFORE)--> [EVENT_BEFORE_N/A_ACTUAL_POS] | [EVENT_BEFORE_N/A_ACTUAL_POS] --(OVERLAP)--> [EVENT_BEFORE_N/A_ACTUAL_POS],chirurgie,BEFORE,hémocultures,OVERLAP,culture,,,,,,
196,47,FR100611,[EVENT_BEFORE_N/A_ACTUAL_POS] --(BEFORE)--> [EVENT_BEFORE_N/A_ACTUAL_POS] | [EVENT_BEFORE_N/A_ACTUAL_POS] --(OVERLAP)--> [EVENT_BEFORE_N/A_ACTUAL_POS],hémogramme,BEFORE,ionogramme,OVERLAP,reste,,,,,,
196,47,FR100620,[EVENT_BEFORE_N/A_ACTUAL_POS] --(BEFORE)--> [EVENT_BEFORE_N/A_ACTUAL_POS] | [EVENT_BEFORE_N/A_ACTUAL_POS] --(OVERLAP)--> [EVENT_BEFORE_N/A_ACTUAL_POS],bilan,BEFORE,évolution,OVERLAP,pleurodèse,,,,,,
196,47,FR100623,[EVENT_BEFORE_N/A_ACTUAL_POS] --(BEFORE)--> [EVENT_BEFORE_N/A_ACTUAL_POS] | [EVENT_BEFORE_N/A_ACTUAL_POS] --(OVERLAP)--> [EVENT_BEFORE_N/A_ACTUAL_POS],prise,BEFORE,analyse,OVERLAP,diagnostic,,,,,,
196,47,FR100632,[EVENT_BEFORE_N/A_ACTUAL_POS] --(BEFORE)--> [EVENT_BEFORE_N/A_ACTUAL_POS] | [EVENT_BEFORE_N/A_ACTUAL_POS] --(OVERLAP)--> [EVENT_BEFORE_N/A_ACTUAL_POS],diagnostic,BEFORE,mis,OVERLAP,rééducation,,,,,,
196,47,FR100663,[EVENT_BEFORE_N/A_ACTUAL_POS] --(BEFORE)--> [EVENT_BEFORE_N/A_ACTUAL_POS] | [EVENT_BEFORE_N/A_ACTUAL_POS] --(OVERLAP)--> [EVENT_BEFORE_N/A_ACTUAL_POS],administration,BEFORE,contrôle,OVERLAP,stable,,,,,,
196,47,FR100666,[EVENT_BEFORE_N/A_ACTUAL_POS] --(BEFORE)--> [EVENT_BEFORE_N/A_ACTUAL_POS] | [EVENT_BEFORE_N/A_ACTUAL_POS] --(OVERLAP)--> [EVENT_BEFORE_N/A_ACTUAL_POS],polychimiothérapie,BEFORE,COPADEM,OVERLAP,CYVE,,,,,,
196,47,FR100683,[EVENT_BEFORE_N/A_ACTUAL_POS] --(BEFORE)--> [EVENT_BEFORE_N/A_ACTUAL_POS] | [EVENT_BEFORE_N/A_ACTUAL_POS] --(OVERLAP)--> [EVENT_BEFORE_N/A_ACTUAL_POS],osteodensitométrie,BEFORE,traitée,OVERLAP,évolution,,,,,,
196,47,FR100697,[EVENT_BEFORE_N/A_ACTUAL_POS] --(BEFORE)--> [EVENT_BEFORE_N/A_ACTUAL_POS] | [EVENT_BEFORE_N/A_ACTUAL_POS] --(OVERLAP)--> [EVENT_BEFORE_N/A_ACTUAL_POS],examen,BEFORE,immunomarquage,OVERLAP,tout,,,,,,
196,47,FR100708,[EVENT_BEFORE_N/A_ACTUAL_POS] --(BEFORE)--> [EVENT_BEFORE_N/A_ACTUAL_POS] | [EVENT_BEFORE_N/A_ACTUAL_POS] --(OVERLAP)--> [EVENT_BEFORE_N/A_ACTUAL_POS],tests,BEFORE,mise,OVERLAP,évolution,,,,,,
196,47,FR100717,[EVENT_BEFORE_N/A_ACTUAL_POS] --(BEFORE)--> [EVENT_BEFORE_N/A_ACTUAL_POS] | [EVENT_BEFORE_N/A_ACTUAL_POS] --(OVERLAP)--> [EVENT_BEFORE_N/A_ACTUAL_POS],exploration,BEFORE,suites,OVERLAP,évolution,,,,,,
196,47,FR100748,[EVENT_BEFORE_N/A_ACTUAL_POS] --(BEFORE)--> [EVENT_BEFORE_N/A_ACTUAL_POS] | [EVENT_BEFORE_N/A_ACTUAL_POS] --(OVERLAP)--> [EVENT_BEFORE_N/A_ACTUAL_POS],chiffres,BEFORE,Nicardipine,OVERLAP,préparation,,,,,,
196,47,FR100766,[EVENT_BEFORE_N/A_ACTUAL_POS] --(BEFORE)--> [EVENT_BEFORE_N/A_ACTUAL_POS] | [EVENT_BEFORE_N/A_ACTUAL_POS] --(OVERLAP)--> [EVENT_BEFORE_N/A_ACTUAL_POS],amputation,BEFORE,propre,OVERLAP,satisfait,,,,,,
196,47,FR100780,[EVENT_BEFORE_N/A_ACTUAL_POS] --(BEFORE)--> [EVENT_BEFORE_N/A_ACTUAL_POS] | [EVENT_BEFORE_N/A_ACTUAL_POS] --(OVERLAP)--> [EVENT_BEFORE_N/A_ACTUAL_POS],bilan,BEFORE,séances,OVERLAP,séance,,,,,,
196,47,FR100806,[EVENT_BEFORE_N/A_ACTUAL_POS] --(BEFORE)--> [EVENT_BEFORE_N/A_ACTUAL_POS] | [EVENT_BEFORE_N/A_ACTUAL_POS] --(OVERLAP)--> [EVENT_BEFORE_N/A_ACTUAL_POS],prise,BEFORE,référée,OVERLAP,urémie,,,,,,
196,47,FR100814,[EVENT_BEFORE_N/A_ACTUAL_POS] --(BEFORE)--> [EVENT_BEFORE_N/A_ACTUAL_POS] | [EVENT_BEFORE_N/A_ACTUAL_POS] --(OVERLAP)--> [EVENT_BEFORE_N/A_ACTUAL_POS],IRM,BEFORE,diagnostic,OVERLAP,examen,,,,,,
196,47,FR100826,[EVENT_BEFORE_N/A_ACTUAL_POS] --(BEFORE)--> [EVENT_BEFORE_N/A_ACTUAL_POS] | [EVENT_BEFORE_N/A_ACTUAL_POS] --(OVERLAP)--> [EVENT_BEFORE_N/A_ACTUAL_POS],bilan,BEFORE,retenue,OVERLAP,indication,,,,,,
196,47,FR100845,[EVENT_BEFORE_N/A_ACTUAL_POS] --(BEFORE)--> [EVENT_BEFORE_N/A_ACTUAL_POS] | [EVENT_BEFORE_N/A_ACTUAL_POS] --(OVERLAP)--> [EVENT_BEFORE_N/A_ACTUAL_POS],extraction,BEFORE,Apgar,OVERLAP,poids,,,,,,
196,47,FR100870,[EVENT_BEFORE_N/A_ACTUAL_POS] --(BEFORE)--> [EVENT_BEFORE_N/A_ACTUAL_POS] | [EVENT_BEFORE_N/A_ACTUAL_POS] --(OVERLAP)--> [EVENT_BEFORE_N/A_ACTUAL_POS],dosage,BEFORE,dosage,OVERLAP,rapport,,,,,,
196,47,FR100874,[EVENT_BEFORE_N/A_ACTUAL_POS] --(BEFORE)--> [EVENT_BEFORE_N/A_ACTUAL_POS] | [EVENT_BEFORE_N/A_ACTUAL_POS] --(OVERLAP)--> [EVENT_BEFORE_N/A_ACTUAL_POS],retenu,BEFORE,mise,OVERLAP,transfusions,,,,,,
196,47,FR100882,[EVENT_BEFORE_N/A_ACTUAL_POS] --(BEFORE)--> [EVENT_BEFORE_N/A_ACTUAL_POS] | [EVENT_BEFORE_N/A_ACTUAL_POS] --(OVERLAP)--> [EVENT_BEFORE_N/A_ACTUAL_POS],prise,BEFORE,laminectomie,OVERLAP,examen,,,,,,
196,47,FR100894,[EVENT_BEFORE_N/A_ACTUAL_POS] --(BEFORE)--> [EVENT_BEFORE_N/A_ACTUAL_POS] | [EVENT_BEFORE_N/A_ACTUAL_POS] --(OVERLAP)--> [EVENT_BEFORE_N/A_ACTUAL_POS],pris,BEFORE,incision,OVERLAP,rompu,,,,,,
196,47,FR100932,[EVENT_BEFORE_N/A_ACTUAL_POS] --(BEFORE)--> [EVENT_BEFORE_N/A_ACTUAL_POS] | [EVENT_BEFORE_N/A_ACTUAL_POS] --(OVERLAP)--> [EVENT_BEFORE_N/A_ACTUAL_POS],mise,BEFORE,opérée,OVERLAP,stabilisation,,,,,,
22,46,FR100003,[EVENT_BEFORE_N/A_ACTUAL_POS] --(CONTAINS)--> [EVENT_BEFORE_N/A_ACTUAL_POS] | [EVENT_BEFORE_N/A_ACTUAL_POS] --(BEFORE)--> [EVENT_BEFORE_N/A_ACTUAL_POS] | [EVENT_BEFORE_N/A_ACTUAL_POS] --(BEFORE)--> [EVENT_BEFORE_N/A_ACTUAL_POS] | [EVENT_BEFORE_N/A_ACTUAL_POS] --(BEFORE)--> [EVENT_BEFORE_N/A_ACTUAL_POS] | [EVENT_BEFORE_N/A_ACTUAL_POS] --(BEFORE)--> [EVENT_BEFORE_N/A_ACTUAL_POS],délabrement,CONTAINS,panoramique,BEFORE,ponction,BEFORE,examen,BEFORE,examen,BEFORE,antibiothérapie
22,46,FR100092,[EVENT_BEFORE_N/A_ACTUAL_POS] --(CONTAINS)--> [EVENT_BEFORE_N/A_ACTUAL_POS] | [EVENT_BEFORE_N/A_ACTUAL_POS] --(BEFORE)--> [EVENT_BEFORE_N/A_ACTUAL_POS] | [EVENT_BEFORE_N/A_ACTUAL_POS] --(BEFORE)--> [EVENT_BEFORE_N/A_ACTUAL_POS] | [EVENT_BEFORE_N/A_ACTUAL_POS] --(BEFORE)--> [EVENT_BEFORE_N/A_ACTUAL_POS] | [EVENT_BEFORE_N/A_ACTUAL_POS] --(BEFORE)--> [EVENT_BEFORE_N/A_ACTUAL_POS],sensibilité,CONTAINS,examen,BEFORE,examen,BEFORE,échographie,BEFORE,tableau,BEFORE,reste
22,46,FR100130,[EVENT_BEFORE_N/A_ACTUAL_POS] --(CONTAINS)--> [EVENT_BEFORE_N/A_ACTUAL_POS] | [EVENT_BEFORE_N/A_ACTUAL_POS] --(BEFORE)--> [EVENT_BEFORE_N/A_ACTUAL_POS] | [EVENT_BEFORE_N/A_ACTUAL_POS] --(BEFORE)--> [EVENT_BEFORE_N/A_ACTUAL_POS] | [EVENT_BEFORE_N/A_ACTUAL_POS] --(BEFORE)--> [EVENT_BEFORE_N/A_ACTUAL_POS] | [EVENT_BEFORE_N/A_ACTUAL_POS] --(BEFORE)--> [EVENT_BEFORE_N/A_ACTUAL_POS],sensibilité,CONTAINS,examen,BEFORE,biologie,BEFORE,glycémie,BEFORE,confirmé,BEFORE,recherche
22,46,FR100142,[EVENT_BEFORE_N/A_ACTUAL_POS] --(CONTAINS)--> [EVENT_BEFORE_N/A_ACTUAL_POS] | [EVENT_BEFORE_N/A_ACTUAL_POS] --(BEFORE)--> [EVENT_BEFORE_N/A_ACTUAL_POS] | [EVENT_BEFORE_N/A_ACTUAL_POS] --(BEFORE)--> [EVENT_BEFORE_N/A_ACTUAL_POS] | [EVENT_BEFORE_N/A_ACTUAL_POS] --(BEFORE)--> [EVENT_BEFORE_N/A_ACTUAL_POS] | [EVENT_BEFORE_N/A_ACTUAL_POS] --(BEFORE)--> [EVENT_BEFORE_N/A_ACTUAL_POS],adénopathies,CONTAINS,examen,BEFORE,électrophorèse,BEFORE,scanner,BEFORE,fibroscopie,BEFORE,biopsie
22,46,FR100161,[EVENT_BEFORE_N/A_ACTUAL_POS] --(CONTAINS)--> [EVENT_BEFORE_N/A_ACTUAL_POS] | [EVENT_BEFORE_N/A_ACTUAL_POS] --(BEFORE)--> [EVENT_BEFORE_N/A_ACTUAL_POS] | [EVENT_BEFORE_N/A_ACTUAL_POS] --(BEFORE)--> [EVENT_BEFORE_N/A_ACTUAL_POS] | [EVENT_BEFORE_N/A_ACTUAL_POS] --(BEFORE)--> [EVENT_BEFORE_N/A_ACTUAL_POS] | [EVENT_BEFORE_N/A_ACTUAL_POS] --(BEFORE)--> [EVENT_BEFORE_N/A_ACTUAL_POS],sérologie,CONTAINS,examens,BEFORE,radiographie,BEFORE,complément,BEFORE,cortisol,BEFORE,cortisol
22,46,FR100255,[EVENT_BEFORE_N/A_ACTUAL_POS] --(CONTAINS)--> [EVENT_BEFORE_N/A_ACTUAL_POS] | [EVENT_BEFORE_N/A_ACTUAL_POS] --(BEFORE)--> [EVENT_BEFORE_N/A_ACTUAL_POS] | [EVENT_BEFORE_N/A_ACTUAL_POS] --(BEFORE)--> [EVENT_BEFORE_N/A_ACTUAL_POS] | [EVENT_BEFORE_N/A_ACTUAL_POS] --(BEFORE)--> [EVENT_BEFORE_N/A_ACTUAL_POS] | [EVENT_BEFORE_N/A_ACTUAL_POS] --(BEFORE)--> [EVENT_BEFORE_N/A_ACTUAL_POS],fréquence,CONTAINS,examen,BEFORE,examen,BEFORE,échographie,BEFORE,mise,BEFORE,traitement
22,46,FR100275,[EVENT_BEFORE_N/A_ACTUAL_POS] --(CONTAINS)--> [EVENT_BEFORE_N/A_ACTUAL_POS] | [EVENT_BEFORE_N/A_ACTUAL_POS] --(BEFORE)--> [EVENT_BEFORE_N/A_ACTUAL_POS] | [EVENT_BEFORE_N/A_ACTUAL_POS] --(BEFORE)--> [EVENT_BEFORE_N/A_ACTUAL_POS] | [EVENT_BEFORE_N/A_ACTUAL_POS] --(BEFORE)--> [EVENT_BEFORE_N/A_ACTUAL_POS] | [EVENT_BEFORE_N/A_ACTUAL_POS] --(BEFORE)--> [EVENT_BEFORE_N/A_ACTUAL_POS],mort,CONTAINS,établi,BEFORE,manœuvres,BEFORE,transféré,BEFORE,anamnèse,BEFORE,examen
22,46,FR100283,[EVENT_BEFORE_N/A_ACTUAL_POS] --(CONTAINS)--> [EVENT_BEFORE_N/A_ACTUAL_POS] | [EVENT_BEFORE_N/A_ACTUAL_POS] --(BEFORE)--> [EVENT_BEFORE_N/A_ACTUAL_POS] | [EVENT_BEFORE_N/A_ACTUAL_POS] --(BEFORE)--> [EVENT_BEFORE_N/A_ACTUAL_POS] | [EVENT_BEFORE_N/A_ACTUAL_POS] --(BEFORE)--> [EVENT_BEFORE_N/A_ACTUAL_POS] | [EVENT_BEFORE_N/A_ACTUAL_POS] --(BEFORE)--> [EVENT_BEFORE_N/A_ACTUAL_POS],consulté,CONTAINS,bilan,BEFORE,IRM,BEFORE,hypophysiogramme,BEFORE,traitement,BEFORE,évolution
22,46,FR100314,[EVENT_BEFORE_N/A_ACTUAL_POS] --(CONTAINS)--> [EVENT_BEFORE_N/A_ACTUAL_POS] | [EVENT_BEFORE_N/A_ACTUAL_POS] --(BEFORE)--> [EVENT_BEFORE_N/A_ACTUAL_POS] | [EVENT_BEFORE_N/A_ACTUAL_POS] --(BEFORE)--> [EVENT_BEFORE_N/A_ACTUAL_POS] | [EVENT_BEFORE_N/A_ACTUAL_POS] --(BEFORE)--> [EVENT_BEFORE_N/A_ACTUAL_POS] | [EVENT_BEFORE_N/A_ACTUAL_POS] --(BEFORE)--> [EVENT_BEFORE_N/A_ACTUAL_POS],traumatisme,CONTAINS,admise,BEFORE,bilan,BEFORE,drainage,BEFORE,angio-scanner,BEFORE,amputation
22,46,FR100344,[EVENT_BEFORE_N/A_ACTUAL_POS] --(CONTAINS)--> [EVENT_BEFORE_N/A_ACTUAL_POS] | [EVENT_BEFORE_N/A_ACTUAL_POS] --(BEFORE)--> [EVENT_BEFORE_N/A_ACTUAL_POS] | [EVENT_BEFORE_N/A_ACTUAL_POS] --(BEFORE)--> [EVENT_BEFORE_N/A_ACTUAL_POS] | [EVENT_BEFORE_N/A_ACTUAL_POS] --(BEFORE)--> [EVENT_BEFORE_N/A_ACTUAL_POS] | [EVENT_BEFORE_N/A_ACTUAL_POS] --(BEFORE)--> [EVENT_BEFORE_N/A_ACTUAL_POS],évolution,CONTAINS,déroulée,BEFORE,plainte,BEFORE,examen,BEFORE,césarienne,BEFORE,pesait
22,46,FR100346,[EVENT_BEFORE_N/A_ACTUAL_POS] --(CONTAINS)--> [EVENT_BEFORE_N/A_ACTUAL_POS] | [EVENT_BEFORE_N/A_ACTUAL_POS] --(BEFORE)--> [EVENT_BEFORE_N/A_ACTUAL_POS] | [EVENT_BEFORE_N/A_ACTUAL_POS] --(BEFORE)--> [EVENT_BEFORE_N/A_ACTUAL_POS] | [EVENT_BEFORE_N/A_ACTUAL_POS] --(BEFORE)--> [EVENT_BEFORE_N/A_ACTUAL_POS] | [EVENT_BEFORE_N/A_ACTUAL_POS] --(BEFORE)--> [EVENT_BEFORE_N/A_ACTUAL_POS],lésions,CONTAINS,angioscanner,BEFORE,echo-dopler,BEFORE,IRM,BEFORE,scanner,BEFORE,posé
22,46,FR100360,[EVENT_BEFORE_N/A_ACTUAL_POS] --(CONTAINS)--> [EVENT_BEFORE_N/A_ACTUAL_POS] | [EVENT_BEFORE_N/A_ACTUAL_POS] --(BEFORE)--> [EVENT_BEFORE_N/A_ACTUAL_POS] | [EVENT_BEFORE_N/A_ACTUAL_POS] --(BEFORE)--> [EVENT_BEFORE_N/A_ACTUAL_POS] | [EVENT_BEFORE_N/A_ACTUAL_POS] --(BEFORE)--> [EVENT_BEFORE_N/A_ACTUAL_POS] | [EVENT_BEFORE_N/A_ACTUAL_POS] --(BEFORE)--> [EVENT_BEFORE_N/A_ACTUAL_POS],processus,CONTAINS,complément,BEFORE,biopsie,BEFORE,tomodensitométrie,BEFORE,radiothérapie,BEFORE,cures
22,46,FR100361,[EVENT_BEFORE_N/A_ACTUAL_POS] --(CONTAINS)--> [EVENT_BEFORE_N/A_ACTUAL_POS] | [EVENT_BEFORE_N/A_ACTUAL_POS] --(BEFORE)--> [EVENT_BEFORE_N/A_ACTUAL_POS] | [EVENT_BEFORE_N/A_ACTUAL_POS] --(BEFORE)--> [EVENT_BEFORE_N/A_ACTUAL_POS] | [EVENT_BEFORE_N/A_ACTUAL_POS] --(BEFORE)--> [EVENT_BEFORE_N/A_ACTUAL_POS] | [EVENT_BEFORE_N/A_ACTUAL_POS] --(BEFORE)--> [EVENT_BEFORE_N/A_ACTUAL_POS],englobe,CONTAINS,TDM,BEFORE,ponction,BEFORE,examen,BEFORE,examen,BEFORE,culture
22,46,FR100371,[EVENT_BEFORE_N/A_ACTUAL_POS] --(CONTAINS)--> [EVENT_BEFORE_N/A_ACTUAL_POS] | [EVENT_BEFORE_N/A_ACTUAL_POS] --(BEFORE)--> [EVENT_BEFORE_N/A_ACTUAL_POS] | [EVENT_BEFORE_N/A_ACTUAL_POS] --(BEFORE)--> [EVENT_BEFORE_N/A_ACTUAL_POS] | [EVENT_BEFORE_N/A_ACTUAL_POS] --(BEFORE)--> [EVENT_BEFORE_N/A_ACTUAL_POS] | [EVENT_BEFORE_N/A_ACTUAL_POS] --(BEFORE)--> [EVENT_BEFORE_N/A_ACTUAL_POS],nombre,CONTAINS,bilan,BEFORE,bilan,BEFORE,intervention,BEFORE,sortie,BEFORE,perdue
22,46,FR100400,[EVENT_BEFORE_N/A_ACTUAL_POS] --(CONTAINS)--> [EVENT_BEFORE_N/A_ACTUAL_POS] | [EVENT_BEFORE_N/A_ACTUAL_POS] --(BEFORE)--> [EVENT_BEFORE_N/A_ACTUAL_POS] | [EVENT_BEFORE_N/A_ACTUAL_POS] --(BEFORE)--> [EVENT_BEFORE_N/A_ACTUAL_POS] | [EVENT_BEFORE_N/A_ACTUAL_POS] --(BEFORE)--> [EVENT_BEFORE_N/A_ACTUAL_POS] | [EVENT_BEFORE_N/A_ACTUAL_POS] --(BEFORE)--> [EVENT_BEFORE_N/A_ACTUAL_POS],anictérique,CONTAINS,examen,BEFORE,bilan,BEFORE,Radiographie,BEFORE,échographie,BEFORE,scanner
22,46,FR100439,[EVENT_BEFORE_N/A_ACTUAL_POS] --(CONTAINS)--> [EVENT_BEFORE_N/A_ACTUAL_POS] | [EVENT_BEFORE_N/A_ACTUAL_POS] --(BEFORE)--> [EVENT_BEFORE_N/A_ACTUAL_POS] | [EVENT_BEFORE_N/A_ACTUAL_POS] --(BEFORE)--> [EVENT_BEFORE_N/A_ACTUAL_POS] | [EVENT_BEFORE_N/A_ACTUAL_POS] --(BEFORE)--> [EVENT_BEFORE_N/A_ACTUAL_POS] | [EVENT_BEFORE_N/A_ACTUAL_POS] --(BEFORE)--> [EVENT_BEFORE_N/A_ACTUAL_POS],hyperfixations,CONTAINS,examen,BEFORE,classée,BEFORE,bénéficier,BEFORE,nasofibroscopie,BEFORE,contrôles
22,46,FR100480,[EVENT_BEFORE_N/A_ACTUAL_POS] --(CONTAINS)--> [EVENT_BEFORE_N/A_ACTUAL_POS] | [EVENT_BEFORE_N/A_ACTUAL_POS] --(BEFORE)--> [EVENT_BEFORE_N/A_ACTUAL_POS] | [EVENT_BEFORE_N/A_ACTUAL_POS] --(BEFORE)--> [EVENT_BEFORE_N/A_ACTUAL_POS] | [EVENT_BEFORE_N/A_ACTUAL_POS] --(BEFORE)--> [EVENT_BEFORE_N/A_ACTUAL_POS] | [EVENT_BEFORE_N/A_ACTUAL_POS] --(BEFORE)--> [EVENT_BEFORE_N/A_ACTUAL_POS],libres,CONTAINS,examen,BEFORE,imagerie,BEFORE,bilan,BEFORE,scanner,BEFORE,Tomographie
22,46,FR100517,[EVENT_BEFORE_N/A_ACTUAL_POS] --(CONTAINS)--> [EVENT_BEFORE_N/A_ACTUAL_POS] | [EVENT_BEFORE_N/A_ACTUAL_POS] --(BEFORE)--> [EVENT_BEFORE_N/A_ACTUAL_POS] | [EVENT_BEFORE_N/A_ACTUAL_POS] --(BEFORE)--> [EVENT_BEFORE_N/A_ACTUAL_POS] | [EVENT_BEFORE_N/A_ACTUAL_POS] --(BEFORE)--> [EVENT_BEFORE_N/A_ACTUAL_POS] | [EVENT_BEFORE_N/A_ACTUAL_POS] --(BEFORE)--> [EVENT_BEFORE_N/A_ACTUAL_POS],enzymes,CONTAINS,bilan,BEFORE,électromyogramme,BEFORE,bilan,BEFORE,explorations,BEFORE,porté
22,46,FR100589,[EVENT_BEFORE_N/A_ACTUAL_POS] --(CONTAINS)--> [EVENT_BEFORE_N/A_ACTUAL_POS] | [EVENT_BEFORE_N/A_ACTUAL_POS] --(BEFORE)--> [EVENT_BEFORE_N/A_ACTUAL_POS] | [EVENT_BEFORE_N/A_ACTUAL_POS] --(BEFORE)--> [EVENT_BEFORE_N/A_ACTUAL_POS] | [EVENT_BEFORE_N/A_ACTUAL_POS] --(BEFORE)--> [EVENT_BEFORE_N/A_ACTUAL_POS] | [EVENT_BEFORE_N/A_ACTUAL_POS] --(BEFORE)--> [EVENT_BEFORE_N/A_ACTUAL_POS],contexte,CONTAINS,rechercher,BEFORE,bronchoscopie,BEFORE,lavage,BEFORE,biopsies,BEFORE,exploration
22,46,FR100597,[EVENT_BEFORE_N/A_ACTUAL_POS] --(CONTAINS)--> [EVENT_BEFORE_N/A_ACTUAL_POS] | [EVENT_BEFORE_N/A_ACTUAL_POS] --(BEFORE)--> [EVENT_BEFORE_N/A_ACTUAL_POS] | [EVENT_BEFORE_N/A_ACTUAL_POS] --(BEFORE)--> [EVENT_BEFORE_N/A_ACTUAL_POS] | [EVENT_BEFORE_N/A_ACTUAL_POS] --(BEFORE)--> [EVENT_BEFORE_N/A_ACTUAL_POS] | [EVENT_BEFORE_N/A_ACTUAL_POS] --(BEFORE)--> [EVENT_BEFORE_N/A_ACTUAL_POS],consultation,CONTAINS,examen,BEFORE,examen,BEFORE,examen,BEFORE,toucher,BEFORE,reste
22,46,FR100611,[EVENT_BEFORE_N/A_ACTUAL_POS] --(CONTAINS)--> [EVENT_BEFORE_N/A_ACTUAL_POS] | [EVENT_BEFORE_N/A_ACTUAL_POS] --(BEFORE)--> [EVENT_BEFORE_N/A_ACTUAL_POS] | [EVENT_BEFORE_N/A_ACTUAL_POS] --(BEFORE)--> [EVENT_BEFORE_N/A_ACTUAL_POS] | [EVENT_BEFORE_N/A_ACTUAL_POS] --(BEFORE)--> [EVENT_BEFORE_N/A_ACTUAL_POS] | [EVENT_BEFORE_N/A_ACTUAL_POS] --(BEFORE)--> [EVENT_BEFORE_N/A_ACTUAL_POS],aphasie,CONTAINS,examen,BEFORE,IRM,BEFORE,étude,BEFORE,examen,BEFORE,cultures
22,46,FR100614,[EVENT_BEFORE_N/A_ACTUAL_POS] --(CONTAINS)--> [EVENT_BEFORE_N/A_ACTUAL_POS] | [EVENT_BEFORE_N/A_ACTUAL_POS] --(BEFORE)--> [EVENT_BEFORE_N/A_ACTUAL_POS] | [EVENT_BEFORE_N/A_ACTUAL_POS] --(BEFORE)--> [EVENT_BEFORE_N/A_ACTUAL_POS] | [EVENT_BEFORE_N/A_ACTUAL_POS] --(BEFORE)--> [EVENT_BEFORE_N/A_ACTUAL_POS] | [EVENT_BEFORE_N/A_ACTUAL_POS] --(BEFORE)--> [EVENT_BEFORE_N/A_ACTUAL_POS],masse,CONTAINS,tomodensitométrie,BEFORE,radiographie,BEFORE,taux,BEFORE,exploration,BEFORE,rupture
22,46,FR100620,[EVENT_BEFORE_N/A_ACTUAL_POS] --(CONTAINS)--> [EVENT_BEFORE_N/A_ACTUAL_POS] | [EVENT_BEFORE_N/A_ACTUAL_POS] --(BEFORE)--> [EVENT_BEFORE_N/A_ACTUAL_POS] | [EVENT_BEFORE_N/A_ACTUAL_POS] --(BEFORE)--> [EVENT_BEFORE_N/A_ACTUAL_POS] | [EVENT_BEFORE_N/A_ACTUAL_POS] --(BEFORE)--> [EVENT_BEFORE_N/A_ACTUAL_POS] | [EVENT_BEFORE_N/A_ACTUAL_POS] --(BEFORE)--> [EVENT_BEFORE_N/A_ACTUAL_POS],hippocratisme,CONTAINS,examen,BEFORE,radiographie,BEFORE,drainage,BEFORE,radiographie,BEFORE,demandé
22,46,FR100623,[EVENT_BEFORE_N/A_ACTUAL_POS] --(CONTAINS)--> [EVENT_BEFORE_N/A_ACTUAL_POS] | [EVENT_BEFORE_N/A_ACTUAL_POS] --(BEFORE)--> [EVENT_BEFORE_N/A_ACTUAL_POS] | [EVENT_BEFORE_N/A_ACTUAL_POS] --(BEFORE)--> [EVENT_BEFORE_N/A_ACTUAL_POS] | [EVENT_BEFORE_N/A_ACTUAL_POS] --(BEFORE)--> [EVENT_BEFORE_N/A_ACTUAL_POS] | [EVENT_BEFORE_N/A_ACTUAL_POS] --(BEFORE)--> [EVENT_BEFORE_N/A_ACTUAL_POS],douleur,CONTAINS,consulté,BEFORE,examen,BEFORE,échographie,BEFORE,tomodensitométrie,BEFORE,retenu
22,46,FR100629,[EVENT_BEFORE_N/A_ACTUAL_POS] --(CONTAINS)--> [EVENT_BEFORE_N/A_ACTUAL_POS] | [EVENT_BEFORE_N/A_ACTUAL_POS] --(BEFORE)--> [EVENT_BEFORE_N/A_ACTUAL_POS] | [EVENT_BEFORE_N/A_ACTUAL_POS] --(BEFORE)--> [EVENT_BEFORE_N/A_ACTUAL_POS] | [EVENT_BEFORE_N/A_ACTUAL_POS] --(BEFORE)--> [EVENT_BEFORE_N/A_ACTUAL_POS] | [EVENT_BEFORE_N/A_ACTUAL_POS] --(BEFORE)--> [EVENT_BEFORE_N/A_ACTUAL_POS],syndrome,CONTAINS,examen,BEFORE,radiographie,BEFORE,thoracoscopie,BEFORE,marquage,BEFORE,étude
22,46,FR100632,[EVENT_BEFORE_N/A_ACTUAL_POS] --(CONTAINS)--> [EVENT_BEFORE_N/A_ACTUAL_POS] | [EVENT_BEFORE_N/A_ACTUAL_POS] --(BEFORE)--> [EVENT_BEFORE_N/A_ACTUAL_POS] | [EVENT_BEFORE_N/A_ACTUAL_POS] --(BEFORE)--> [EVENT_BEFORE_N/A_ACTUAL_POS] | [EVENT_BEFORE_N/A_ACTUAL_POS] --(BEFORE)--> [EVENT_BEFORE_N/A_ACTUAL_POS] | [EVENT_BEFORE_N/A_ACTUAL_POS] --(BEFORE)--> [EVENT_BEFORE_N/A_ACTUAL_POS],état,CONTAINS,examen,BEFORE,examen,BEFORE,IRM,BEFORE,IRM,BEFORE,étude
22,46,FR100663,[EVENT_BEFORE_N/A_ACTUAL_POS] --(CONTAINS)--> [EVENT_BEFORE_N/A_ACTUAL_POS] | [EVENT_BEFORE_N/A_ACTUAL_POS] --(BEFORE)--> [EVENT_BEFORE_N/A_ACTUAL_POS] | [EVENT_BEFORE_N/A_ACTUAL_POS] --(BEFORE)--> [EVENT_BEFORE_N/A_ACTUAL_POS] | [EVENT_BEFORE_N/A_ACTUAL_POS] --(BEFORE)--> [EVENT_BEFORE_N/A_ACTUAL_POS] | [EVENT_BEFORE_N/A_ACTUAL_POS] --(BEFORE)--> [EVENT_BEFORE_N/A_ACTUAL_POS],palpation,CONTAINS,examen,BEFORE,échographie,BEFORE,taux,BEFORE,tenté,BEFORE,contrôle
22,46,FR100666,[EVENT_BEFORE_N/A_ACTUAL_POS] --(CONTAINS)--> [EVENT_BEFORE_N/A_ACTUAL_POS] | [EVENT_BEFORE_N/A_ACTUAL_POS] --(BEFORE)--> [EVENT_BEFORE_N/A_ACTUAL_POS] | [EVENT_BEFORE_N/A_ACTUAL_POS] --(BEFORE)--> [EVENT_BEFORE_N/A_ACTUAL_POS] | [EVENT_BEFORE_N/A_ACTUAL_POS] --(BEFORE)--> [EVENT_BEFORE_N/A_ACTUAL_POS] | [EVENT_BEFORE_N/A_ACTUAL_POS] --(BEFORE)--> [EVENT_BEFORE_N/A_ACTUAL_POS],sérologie,CONTAINS,bilan,BEFORE,myologramme,BEFORE,bilan,BEFORE,classé,BEFORE,traitement
22,46,FR100683,[EVENT_BEFORE_N/A_ACTUAL_POS] --(CONTAINS)--> [EVENT_BEFORE_N/A_ACTUAL_POS] | [EVENT_BEFORE_N/A_ACTUAL_POS] --(BEFORE)--> [EVENT_BEFORE_N/A_ACTUAL_POS] | [EVENT_BEFORE_N/A_ACTUAL_POS] --(BEFORE)--> [EVENT_BEFORE_N/A_ACTUAL_POS] | [EVENT_BEFORE_N/A_ACTUAL_POS] --(BEFORE)--> [EVENT_BEFORE_N/A_ACTUAL_POS] | [EVENT_BEFORE_N/A_ACTUAL_POS] --(BEFORE)--> [EVENT_BEFORE_N/A_ACTUAL_POS],indice,CONTAINS,examen,BEFORE,exploration,BEFORE,exploration,BEFORE,IRM,BEFORE,écho-mammographie
22,46,FR100688,[EVENT_BEFORE_N/A_ACTUAL_POS] --(CONTAINS)--> [EVENT_BEFORE_N/A_ACTUAL_POS] | [EVENT_BEFORE_N/A_ACTUAL_POS] --(BEFORE)--> [EVENT_BEFORE_N/A_ACTUAL_POS] | [EVENT_BEFORE_N/A_ACTUAL_POS] --(BEFORE)--> [EVENT_BEFORE_N/A_ACTUAL_POS] | [EVENT_BEFORE_N/A_ACTUAL_POS] --(BEFORE)--> [EVENT_BEFORE_N/A_ACTUAL_POS] | [EVENT_BEFORE_N/A_ACTUAL_POS] --(BEFORE)--> [EVENT_BEFORE_N/A_ACTUAL_POS],érosion,CONTAINS,radiographie,BEFORE,échographie,BEFORE,radiographie,BEFORE,incision,BEFORE,analyse
22,46,FR100689,[EVENT_BEFORE_N/A_ACTUAL_POS] --(CONTAINS)--> [EVENT_BEFORE_N/A_ACTUAL_POS] | [EVENT_BEFORE_N/A_ACTUAL_POS] --(BEFORE)--> [EVENT_BEFORE_N/A_ACTUAL_POS] | [EVENT_BEFORE_N/A_ACTUAL_POS] --(BEFORE)--> [EVENT_BEFORE_N/A_ACTUAL_POS] | [EVENT_BEFORE_N/A_ACTUAL_POS] --(BEFORE)--> [EVENT_BEFORE_N/A_ACTUAL_POS] | [EVENT_BEFORE_N/A_ACTUAL_POS] --(BEFORE)--> [EVENT_BEFORE_N/A_ACTUAL_POS],CRP,CONTAINS,ionogramme,BEFORE,examen,BEFORE,retenu,BEFORE,traitement,BEFORE,corticothérapie
22,46,FR100697,[EVENT_BEFORE_N/A_ACTUAL_POS] --(CONTAINS)--> [EVENT_BEFORE_N/A_ACTUAL_POS] | [EVENT_BEFORE_N/A_ACTUAL_POS] --(BEFORE)--> [EVENT_BEFORE_N/A_ACTUAL_POS] | [EVENT_BEFORE_N/A_ACTUAL_POS] --(BEFORE)--> [EVENT_BEFORE_N/A_ACTUAL_POS] | [EVENT_BEFORE_N/A_ACTUAL_POS] --(BEFORE)--> [EVENT_BEFORE_N/A_ACTUAL_POS] | [EVENT_BEFORE_N/A_ACTUAL_POS] --(BEFORE)--> [EVENT_BEFORE_N/A_ACTUAL_POS],adénopathies,CONTAINS,palpation,BEFORE,examen,BEFORE,mammographie,BEFORE,échographie,BEFORE,examen
22,46,FR100708,[EVENT_BEFORE_N/A_ACTUAL_POS] --(CONTAINS)--> [EVENT_BEFORE_N/A_ACTUAL_POS] | [EVENT_BEFORE_N/A_ACTUAL_POS] --(BEFORE)--> [EVENT_BEFORE_N/A_ACTUAL_POS] | [EVENT_BEFORE_N/A_ACTUAL_POS] --(BEFORE)--> [EVENT_BEFORE_N/A_ACTUAL_POS] | [EVENT_BEFORE_N/A_ACTUAL_POS] --(BEFORE)--> [EVENT_BEFORE_N/A_ACTUAL_POS] | [EVENT_BEFORE_N/A_ACTUAL_POS] --(BEFORE)--> [EVENT_BEFORE_N/A_ACTUAL_POS],consulté,CONTAINS,examen,BEFORE,mammographie,BEFORE,échographie,BEFORE,ponction,BEFORE,étude
22,46,FR100717,[EVENT_BEFORE_N/A_ACTUAL_POS] --(CONTAINS)--> [EVENT_BEFORE_N/A_ACTUAL_POS] | [EVENT_BEFORE_N/A_ACTUAL_POS] --(BEFORE)--> [EVENT_BEFORE_N/A_ACTUAL_POS] | [EVENT_BEFORE_N/A_ACTUAL_POS] --(BEFORE)--> [EVENT_BEFORE_N/A_ACTUAL_POS] | [EVENT_BEFORE_N/A_ACTUAL_POS] --(BEFORE)--> [EVENT_BEFORE_N/A_ACTUAL_POS] | [EVENT_BEFORE_N/A_ACTUAL_POS] --(BEFORE)--> [EVENT_BEFORE_N/A_ACTUAL_POS],état,CONTAINS,examen,BEFORE,examens,BEFORE,scanner,BEFORE,IRM,BEFORE,laminectomie
22,46,FR100748,[EVENT_BEFORE_N/A_ACTUAL_POS] --(CONTAINS)--> [EVENT_BEFORE_N/A_ACTUAL_POS] | [EVENT_BEFORE_N/A_ACTUAL_POS] --(BEFORE)--> [EVENT_BEFORE_N/A_ACTUAL_POS] | [EVENT_BEFORE_N/A_ACTUAL_POS] --(BEFORE)--> [EVENT_BEFORE_N/A_ACTUAL_POS] | [EVENT_BEFORE_N/A_ACTUAL_POS] --(BEFORE)--> [EVENT_BEFORE_N/A_ACTUAL_POS] | [EVENT_BEFORE_N/A_ACTUAL_POS] --(BEFORE)--> [EVENT_BEFORE_N/A_ACTUAL_POS],intervention,CONTAINS,mobilisation,BEFORE,suites,BEFORE,transférée,BEFORE,regagné,BEFORE,recul
22,46,FR100806,[EVENT_BEFORE_N/A_ACTUAL_POS] --(CONTAINS)--> [EVENT_BEFORE_N/A_ACTUAL_POS] | [EVENT_BEFORE_N/A_ACTUAL_POS] --(BEFORE)--> [EVENT_BEFORE_N/A_ACTUAL_POS] | [EVENT_BEFORE_N/A_ACTUAL_POS] --(BEFORE)--> [EVENT_BEFORE_N/A_ACTUAL_POS] | [EVENT_BEFORE_N/A_ACTUAL_POS] --(BEFORE)--> [EVENT_BEFORE_N/A_ACTUAL_POS] | [EVENT_BEFORE_N/A_ACTUAL_POS] --(BEFORE)--> [EVENT_BEFORE_N/A_ACTUAL_POS],TP,CONTAINS,biologie,BEFORE,tomodensitométrie,BEFORE,prise,BEFORE,examen,BEFORE,suites
22,46,FR100826,[EVENT_BEFORE_N/A_ACTUAL_POS] --(CONTAINS)--> [EVENT_BEFORE_N/A_ACTUAL_POS] | [EVENT_BEFORE_N/A_ACTUAL_POS] --(BEFORE)--> [EVENT_BEFORE_N/A_ACTUAL_POS] | [EVENT_BEFORE_N/A_ACTUAL_POS] --(BEFORE)--> [EVENT_BEFORE_N/A_ACTUAL_POS] | [EVENT_BEFORE_N/A_ACTUAL_POS] --(BEFORE)--> [EVENT_BEFORE_N/A_ACTUAL_POS] | [EVENT_BEFORE_N/A_ACTUAL_POS] --(BEFORE)--> [EVENT_BEFORE_N/A_ACTUAL_POS],termine,CONTAINS,bilan,BEFORE,bilan,BEFORE,retenue,BEFORE,exploration,BEFORE,suites
22,46,FR100845,[EVENT_BEFORE_N/A_ACTUAL_POS] --(CONTAINS)--> [EVENT_BEFORE_N/A_ACTUAL_POS] | [EVENT_BEFORE_N/A_ACTUAL_POS] --(BEFORE)--> [EVENT_BEFORE_N/A_ACTUAL_POS] | [EVENT_BEFORE_N/A_ACTUAL_POS] --(BEFORE)--> [EVENT_BEFORE_N/A_ACTUAL_POS] | [EVENT_BEFORE_N/A_ACTUAL_POS] --(BEFORE)--> [EVENT_BEFORE_N/A_ACTUAL_POS] | [EVENT_BEFORE_N/A_ACTUAL_POS] --(BEFORE)--> [EVENT_BEFORE_N/A_ACTUAL_POS],consciente,CONTAINS,examen,BEFORE,examen,BEFORE,échographie,BEFORE,radiographie,BEFORE,décision
22,46,FR100870,[EVENT_BEFORE_N/A_ACTUAL_POS] --(CONTAINS)--> [EVENT_BEFORE_N/A_ACTUAL_POS] | [EVENT_BEFORE_N/A_ACTUAL_POS] --(BEFORE)--> [EVENT_BEFORE_N/A_ACTUAL_POS] | [EVENT_BEFORE_N/A_ACTUAL_POS] --(BEFORE)--> [EVENT_BEFORE_N/A_ACTUAL_POS] | [EVENT_BEFORE_N/A_ACTUAL_POS] --(BEFORE)--> [EVENT_BEFORE_N/A_ACTUAL_POS] | [EVENT_BEFORE_N/A_ACTUAL_POS] --(BEFORE)--> [EVENT_BEFORE_N/A_ACTUAL_POS],calcémie,CONTAINS,bilan,BEFORE,IRM,BEFORE,électrophorèse,BEFORE,immunosoustraction,BEFORE,typer
22,46,FR100874,[EVENT_BEFORE_N/A_ACTUAL_POS] --(CONTAINS)--> [EVENT_BEFORE_N/A_ACTUAL_POS] | [EVENT_BEFORE_N/A_ACTUAL_POS] --(BEFORE)--> [EVENT_BEFORE_N/A_ACTUAL_POS] | [EVENT_BEFORE_N/A_ACTUAL_POS] --(BEFORE)--> [EVENT_BEFORE_N/A_ACTUAL_POS] | [EVENT_BEFORE_N/A_ACTUAL_POS] --(BEFORE)--> [EVENT_BEFORE_N/A_ACTUAL_POS] | [EVENT_BEFORE_N/A_ACTUAL_POS] --(BEFORE)--> [EVENT_BEFORE_N/A_ACTUAL_POS],calcémie,CONTAINS,hémogramme,BEFORE,fibroscopie,BEFORE,transit,BEFORE,tomodensitométrie,BEFORE,retenu
22,46,FR100894,[EVENT_BEFORE_N/A_ACTUAL_POS] --(CONTAINS)--> [EVENT_BEFORE_N/A_ACTUAL_POS] | [EVENT_BEFORE_N/A_ACTUAL_POS] --(BEFORE)--> [EVENT_BEFORE_N/A_ACTUAL_POS] | [EVENT_BEFORE_N/A_ACTUAL_POS] --(BEFORE)--> [EVENT_BEFORE_N/A_ACTUAL_POS] | [EVENT_BEFORE_N/A_ACTUAL_POS] --(BEFORE)--> [EVENT_BEFORE_N/A_ACTUAL_POS] | [EVENT_BEFORE_N/A_ACTUAL_POS] --(BEFORE)--> [EVENT_BEFORE_N/A_ACTUAL_POS],reçu,CONTAINS,appuyés,BEFORE,diagnostic,BEFORE,pris,BEFORE,incision,BEFORE,immobilisé
22,46,FR100903,[EVENT_BEFORE_N/A_ACTUAL_POS] --(CONTAINS)--> [EVENT_BEFORE_N/A_ACTUAL_POS] | [EVENT_BEFORE_N/A_ACTUAL_POS] --(BEFORE)--> [EVENT_BEFORE_N/A_ACTUAL_POS] | [EVENT_BEFORE_N/A_ACTUAL_POS] --(BEFORE)--> [EVENT_BEFORE_N/A_ACTUAL_POS] | [EVENT_BEFORE_N/A_ACTUAL_POS] --(BEFORE)--> [EVENT_BEFORE_N/A_ACTUAL_POS] | [EVENT_BEFORE_N/A_ACTUAL_POS] --(BEFORE)--> [EVENT_BEFORE_N/A_ACTUAL_POS],biométrie,CONTAINS,échographie,BEFORE,IRM,BEFORE,diagnostic,BEFORE,écarté,BEFORE,réfléchir
22,46,FR100946,[EVENT_BEFORE_N/A_ACTUAL_POS] --(CONTAINS)--> [EVENT_BEFORE_N/A_ACTUAL_POS] | [EVENT_BEFORE_N/A_ACTUAL_POS] --(BEFORE)--> [EVENT_BEFORE_N/A_ACTUAL_POS] | [EVENT_BEFORE_N/A_ACTUAL_POS] --(BEFORE)--> [EVENT_BEFORE_N/A_ACTUAL_POS] | [EVENT_BEFORE_N/A_ACTUAL_POS] --(BEFORE)--> [EVENT_BEFORE_N/A_ACTUAL_POS] | [EVENT_BEFORE_N/A_ACTUAL_POS] --(BEFORE)--> [EVENT_BEFORE_N/A_ACTUAL_POS],lésion,CONTAINS,IRM,BEFORE,analyse,BEFORE,mise,BEFORE,analyse,BEFORE,mise
22,46,FR100996,[EVENT_BEFORE_N/A_ACTUAL_POS] --(CONTAINS)--> [EVENT_BEFORE_N/A_ACTUAL_POS] | [EVENT_BEFORE_N/A_ACTUAL_POS] --(BEFORE)--> [EVENT_BEFORE_N/A_ACTUAL_POS] | [EVENT_BEFORE_N/A_ACTUAL_POS] --(BEFORE)--> [EVENT_BEFORE_N/A_ACTUAL_POS] | [EVENT_BEFORE_N/A_ACTUAL_POS] --(BEFORE)--> [EVENT_BEFORE_N/A_ACTUAL_POS] | [EVENT_BEFORE_N/A_ACTUAL_POS] --(BEFORE)--> [EVENT_BEFORE_N/A_ACTUAL_POS],sac,CONTAINS,tomodensitométrie,BEFORE,injection,BEFORE,retenu,BEFORE,chirurgical,BEFORE,suites
136,45,FR100003,[EVENT_BEFORE_N/A_ACTUAL_POS] --(BEFORE)--> [EVENT_BEFORE_N/A_ACTUAL_POS] | [EVENT_BEFORE_N/A_ACTUAL_POS] --(BEFORE)--> [EVENT_BEFORE_N/A_ACTUAL_POS] | [EVENT_BEFORE_N/A_ACTUAL_POS] --(BEFORE)--> [EVENT_BEFORE_N/A_ACTUAL_POS] | [EVENT_BEFORE_N/A_ACTUAL_POS] --(BEFORE)--> [EVENT_BEFORE_N/A_ACTUAL_POS] | [EVENT_BEFORE_N/A_ACTUAL_POS] --(BEFORE)--> [EVENT_BEFORE_N/A_ACTUAL_POS],injection,BEFORE,ponction,BEFORE,examen,BEFORE,examen,BEFORE,antibiothérapie,BEFORE,bloc
136,45,FR100092,[EVENT_BEFORE_N/A_ACTUAL_POS] --(BEFORE)--> [EVENT_BEFORE_N/A_ACTUAL_POS] | [EVENT_BEFORE_N/A_ACTUAL_POS] --(BEFORE)--> [EVENT_BEFORE_N/A_ACTUAL_POS] | [EVENT_BEFORE_N/A_ACTUAL_POS] --(BEFORE)--> [EVENT_BEFORE_N/A_ACTUAL_POS] | [EVENT_BEFORE_N/A_ACTUAL_POS] --(BEFORE)--> [EVENT_BEFORE_N/A_ACTUAL_POS] | [EVENT_BEFORE_N/A_ACTUAL_POS] --(BEFORE)--> [EVENT_BEFORE_N/A_ACTUAL_POS],examen,BEFORE,examen,BEFORE,examen,BEFORE,échographie,BEFORE,tableau,BEFORE,reste
136,45,FR100130,[EVENT_BEFORE_N/A_ACTUAL_POS] --(BEFORE)--> [EVENT_BEFORE_N/A_ACTUAL_POS] | [EVENT_BEFORE_N/A_ACTUAL_POS] --(BEFORE)--> [EVENT_BEFORE_N/A_ACTUAL_POS] | [EVENT_BEFORE_N/A_ACTUAL_POS] --(BEFORE)--> [EVENT_BEFORE_N/A_ACTUAL_POS] | [EVENT_BEFORE_N/A_ACTUAL_POS] --(BEFORE)--> [EVENT_BEFORE_N/A_ACTUAL_POS] | [EVENT_BEFORE_N/A_ACTUAL_POS] --(BEFORE)--> [EVENT_BEFORE_N/A_ACTUAL_POS],électromyogramme,BEFORE,confirmé,BEFORE,recherche,BEFORE,séjour,BEFORE,bilan,BEFORE,suspectée
136,45,FR100142,[EVENT_BEFORE_N/A_ACTUAL_POS] --(BEFORE)--> [EVENT_BEFORE_N/A_ACTUAL_POS] | [EVENT_BEFORE_N/A_ACTUAL_POS] --(BEFORE)--> [EVENT_BEFORE_N/A_ACTUAL_POS] | [EVENT_BEFORE_N/A_ACTUAL_POS] --(BEFORE)--> [EVENT_BEFORE_N/A_ACTUAL_POS] | [EVENT_BEFORE_N/A_ACTUAL_POS] --(BEFORE)--> [EVENT_BEFORE_N/A_ACTUAL_POS] | [EVENT_BEFORE_N/A_ACTUAL_POS] --(BEFORE)--> [EVENT_BEFORE_N/A_ACTUAL_POS],électrophorèse,BEFORE,scanner,BEFORE,fibroscopie,BEFORE,biopsie,BEFORE,mis,BEFORE,évolution
136,45,FR100161,[EVENT_BEFORE_N/A_ACTUAL_POS] --(BEFORE)--> [EVENT_BEFORE_N/A_ACTUAL_POS] | [EVENT_BEFORE_N/A_ACTUAL_POS] --(BEFORE)--> [EVENT_BEFORE_N/A_ACTUAL_POS] | [EVENT_BEFORE_N/A_ACTUAL_POS] --(BEFORE)--> [EVENT_BEFORE_N/A_ACTUAL_POS] | [EVENT_BEFORE_N/A_ACTUAL_POS] --(BEFORE)--> [EVENT_BEFORE_N/A_ACTUAL_POS] | [EVENT_BEFORE_N/A_ACTUAL_POS] --(BEFORE)--> [EVENT_BEFORE_N/A_ACTUAL_POS],examen,BEFORE,examens,BEFORE,radiographie,BEFORE,complément,BEFORE,cortisol,BEFORE,cortisol
136,45,FR100255,[EVENT_BEFORE_N/A_ACTUAL_POS] --(BEFORE)--> [EVENT_BEFORE_N/A_ACTUAL_POS] | [EVENT_BEFORE_N/A_ACTUAL_POS] --(BEFORE)--> [EVENT_BEFORE_N/A_ACTUAL_POS] | [EVENT_BEFORE_N/A_ACTUAL_POS] --(BEFORE)--> [EVENT_BEFORE_N/A_ACTUAL_POS] | [EVENT_BEFORE_N/A_ACTUAL_POS] --(BEFORE)--> [EVENT_BEFORE_N/A_ACTUAL_POS] | [EVENT_BEFORE_N/A_ACTUAL_POS] --(BEFORE)--> [EVENT_BEFORE_N/A_ACTUAL_POS],admise,BEFORE,examen,BEFORE,examen,BEFORE,échographie,BEFORE,mise,BEFORE,traitement
136,45,FR100275,[EVENT_BEFORE_N/A_ACTUAL_POS] --(BEFORE)--> [EVENT_BEFORE_N/A_ACTUAL_POS] | [EVENT_BEFORE_N/A_ACTUAL_POS] --(BEFORE)--> [EVENT_BEFORE_N/A_ACTUAL_POS] | [EVENT_BEFORE_N/A_ACTUAL_POS] --(BEFORE)--> [EVENT_BEFORE_N/A_ACTUAL_POS] | [EVENT_BEFORE_N/A_ACTUAL_POS] --(BEFORE)--> [EVENT_BEFORE_N/A_ACTUAL_POS] | [EVENT_BEFORE_N/A_ACTUAL_POS] --(BEFORE)--> [EVENT_BEFORE_N/A_ACTUAL_POS],découverte,BEFORE,arrivée,BEFORE,établi,BEFORE,manœuvres,BEFORE,transféré,BEFORE,anamnèse
136,45,FR100314,[EVENT_BEFORE_N/A_ACTUAL_POS] --(BEFORE)--> [EVENT_BEFORE_N/A_ACTUAL_POS] | [EVENT_BEFORE_N/A_ACTUAL_POS] --(BEFORE)--> [EVENT_BEFORE_N/A_ACTUAL_POS] | [EVENT_BEFORE_N/A_ACTUAL_POS] --(BEFORE)--> [EVENT_BEFORE_N/A_ACTUAL_POS] | [EVENT_BEFORE_N/A_ACTUAL_POS] --(BEFORE)--> [EVENT_BEFORE_N/A_ACTUAL_POS] | [EVENT_BEFORE_N/A_ACTUAL_POS] --(BEFORE)--> [EVENT_BEFORE_N/A_ACTUAL_POS],admise,BEFORE,bilan,BEFORE,drainage,BEFORE,angio-scanner,BEFORE,amputation,BEFORE,mise
136,45,FR100346,[EVENT_BEFORE_N/A_ACTUAL_POS] --(BEFORE)--> [EVENT_BEFORE_N/A_ACTUAL_POS] | [EVENT_BEFORE_N/A_ACTUAL_POS] --(BEFORE)--> [EVENT_BEFORE_N/A_ACTUAL_POS] | [EVENT_BEFORE_N/A_ACTUAL_POS] --(BEFORE)--> [EVENT_BEFORE_N/A_ACTUAL_POS] | [EVENT_BEFORE_N/A_ACTUAL_POS] --(BEFORE)--> [EVENT_BEFORE_N/A_ACTUAL_POS] | [EVENT_BEFORE_N/A_ACTUAL_POS] --(BEFORE)--> [EVENT_BEFORE_N/A_ACTUAL_POS],examen,BEFORE,gazométrie,BEFORE,reste,BEFORE,radiographie,BEFORE,angioscanner,BEFORE,echo-dopler
136,45,FR100360,[EVENT_BEFORE_N/A_ACTUAL_POS] --(BEFORE)--> [EVENT_BEFORE_N/A_ACTUAL_POS] | [EVENT_BEFORE_N/A_ACTUAL_POS] --(BEFORE)--> [EVENT_BEFORE_N/A_ACTUAL_POS] | [EVENT_BEFORE_N/A_ACTUAL_POS] --(BEFORE)--> [EVENT_BEFORE_N/A_ACTUAL_POS] | [EVENT_BEFORE_N/A_ACTUAL_POS] --(BEFORE)--> [EVENT_BEFORE_N/A_ACTUAL_POS] | [EVENT_BEFORE_N/A_ACTUAL_POS] --(BEFORE)--> [EVENT_BEFORE_N/A_ACTUAL_POS],tomodensitométrie,BEFORE,complément,BEFORE,biopsie,BEFORE,tomodensitométrie,BEFORE,radiothérapie,BEFORE,cures
136,45,FR100361,[EVENT_BEFORE_N/A_ACTUAL_POS] --(BEFORE)--> [EVENT_BEFORE_N/A_ACTUAL_POS] | [EVENT_BEFORE_N/A_ACTUAL_POS] --(BEFORE)--> [EVENT_BEFORE_N/A_ACTUAL_POS] | [EVENT_BEFORE_N/A_ACTUAL_POS] --(BEFORE)--> [EVENT_BEFORE_N/A_ACTUAL_POS] | [EVENT_BEFORE_N/A_ACTUAL_POS] --(BEFORE)--> [EVENT_BEFORE_N/A_ACTUAL_POS] | [EVENT_BEFORE_N/A_ACTUAL_POS] --(BEFORE)--> [EVENT_BEFORE_N/A_ACTUAL_POS],examen,BEFORE,TDM,BEFORE,ponction,BEFORE,examen,BEFORE,examen,BEFORE,culture
136,45,FR100371,[EVENT_BEFORE_N/A_ACTUAL_POS] --(BEFORE)--> [EVENT_BEFORE_N/A_ACTUAL_POS] | [EVENT_BEFORE_N/A_ACTUAL_POS] --(BEFORE)--> [EVENT_BEFORE_N/A_ACTUAL_POS] | [EVENT_BEFORE_N/A_ACTUAL_POS] --(BEFORE)--> [EVENT_BEFORE_N/A_ACTUAL_POS] | [EVENT_BEFORE_N/A_ACTUAL_POS] --(BEFORE)--> [EVENT_BEFORE_N/A_ACTUAL_POS] | [EVENT_BEFORE_N/A_ACTUAL_POS] --(BEFORE)--> [EVENT_BEFORE_N/A_ACTUAL_POS],examen,BEFORE,bilan,BEFORE,bilan,BEFORE,intervention,BEFORE,sortie,BEFORE,perdue
136,45,FR100400,[EVENT_BEFORE_N/A_ACTUAL_POS] --(BEFORE)--> [EVENT_BEFORE_N/A_ACTUAL_POS] | [EVENT_BEFORE_N/A_ACTUAL_POS] --(BEFORE)--> [EVENT_BEFORE_N/A_ACTUAL_POS] | [EVENT_BEFORE_N/A_ACTUAL_POS] --(BEFORE)--> [EVENT_BEFORE_N/A_ACTUAL_POS] | [EVENT_BEFORE_N/A_ACTUAL_POS] --(BEFORE)--> [EVENT_BEFORE_N/A_ACTUAL_POS] | [EVENT_BEFORE_N/A_ACTUAL_POS] --(BEFORE)--> [EVENT_BEFORE_N/A_ACTUAL_POS],bilan,BEFORE,Radiographie,BEFORE,échographie,BEFORE,scanner,BEFORE,diagnostic,BEFORE,opérée
136,45,FR100439,[EVENT_BEFORE_N/A_ACTUAL_POS] --(BEFORE)--> [EVENT_BEFORE_N/A_ACTUAL_POS] | [EVENT_BEFORE_N/A_ACTUAL_POS] --(BEFORE)--> [EVENT_BEFORE_N/A_ACTUAL_POS] | [EVENT_BEFORE_N/A_ACTUAL_POS] --(BEFORE)--> [EVENT_BEFORE_N/A_ACTUAL_POS] | [EVENT_BEFORE_N/A_ACTUAL_POS] --(BEFORE)--> [EVENT_BEFORE_N/A_ACTUAL_POS] | [EVENT_BEFORE_N/A_ACTUAL_POS] --(BEFORE)--> [EVENT_BEFORE_N/A_ACTUAL_POS],établie,BEFORE,demandée,BEFORE,examen,BEFORE,classée,BEFORE,bénéficier,BEFORE,nasofibroscopie
136,45,FR100480,[EVENT_BEFORE_N/A_ACTUAL_POS] --(BEFORE)--> [EVENT_BEFORE_N/A_ACTUAL_POS] | [EVENT_BEFORE_N/A_ACTUAL_POS] --(BEFORE)--> [EVENT_BEFORE_N/A_ACTUAL_POS] | [EVENT_BEFORE_N/A_ACTUAL_POS] --(BEFORE)--> [EVENT_BEFORE_N/A_ACTUAL_POS] | [EVENT_BEFORE_N/A_ACTUAL_POS] --(BEFORE)--> [EVENT_BEFORE_N/A_ACTUAL_POS] | [EVENT_BEFORE_N/A_ACTUAL_POS] --(BEFORE)--> [EVENT_BEFORE_N/A_ACTUAL_POS],installation,BEFORE,bilan,BEFORE,analyse,BEFORE,amputation,BEFORE,examen,BEFORE,bilan
136,45,FR100517,[EVENT_BEFORE_N/A_ACTUAL_POS] --(BEFORE)--> [EVENT_BEFORE_N/A_ACTUAL_POS] | [EVENT_BEFORE_N/A_ACTUAL_POS] --(BEFORE)--> [EVENT_BEFORE_N/A_ACTUAL_POS] | [EVENT_BEFORE_N/A_ACTUAL_POS] --(BEFORE)--> [EVENT_BEFORE_N/A_ACTUAL_POS] | [EVENT_BEFORE_N/A_ACTUAL_POS] --(BEFORE)--> [EVENT_BEFORE_N/A_ACTUAL_POS] | [EVENT_BEFORE_N/A_ACTUAL_POS] --(BEFORE)--> [EVENT_BEFORE_N/A_ACTUAL_POS],adressée,BEFORE,examen,BEFORE,bilan,BEFORE,électromyogramme,BEFORE,bilan,BEFORE,explorations
136,45,FR100519,[EVENT_BEFORE_N/A_ACTUAL_POS] --(BEFORE)--> [EVENT_BEFORE_N/A_ACTUAL_POS] | [EVENT_BEFORE_N/A_ACTUAL_POS] --(BEFORE)--> [EVENT_BEFORE_N/A_ACTUAL_POS] | [EVENT_BEFORE_N/A_ACTUAL_POS] --(BEFORE)--> [EVENT_BEFORE_N/A_ACTUAL_POS] | [EVENT_BEFORE_N/A_ACTUAL_POS] --(BEFORE)--> [EVENT_BEFORE_N/A_ACTUAL_POS] | [EVENT_BEFORE_N/A_ACTUAL_POS] --(BEFORE)--> [EVENT_BEFORE_N/A_ACTUAL_POS],hospitalisée,BEFORE,entrée,BEFORE,bilan,BEFORE,angioscanner,BEFORE,échodoppler,BEFORE,retenue
136,45,FR100589,[EVENT_BEFORE_N/A_ACTUAL_POS] --(BEFORE)--> [EVENT_BEFORE_N/A_ACTUAL_POS] | [EVENT_BEFORE_N/A_ACTUAL_POS] --(BEFORE)--> [EVENT_BEFORE_N/A_ACTUAL_POS] | [EVENT_BEFORE_N/A_ACTUAL_POS] --(BEFORE)--> [EVENT_BEFORE_N/A_ACTUAL_POS] | [EVENT_BEFORE_N/A_ACTUAL_POS] --(BEFORE)--> [EVENT_BEFORE_N/A_ACTUAL_POS] | [EVENT_BEFORE_N/A_ACTUAL_POS] --(BEFORE)--> [EVENT_BEFORE_N/A_ACTUAL_POS],lavage,BEFORE,biopsies,BEFORE,exploration,BEFORE,hémogramme,BEFORE,Cytométrie,BEFORE,biopsie
136,45,FR100597,[EVENT_BEFORE_N/A_ACTUAL_POS] --(BEFORE)--> [EVENT_BEFORE_N/A_ACTUAL_POS] | [EVENT_BEFORE_N/A_ACTUAL_POS] --(BEFORE)--> [EVENT_BEFORE_N/A_ACTUAL_POS] | [EVENT_BEFORE_N/A_ACTUAL_POS] --(BEFORE)--> [EVENT_BEFORE_N/A_ACTUAL_POS] | [EVENT_BEFORE_N/A_ACTUAL_POS] --(BEFORE)--> [EVENT_BEFORE_N/A_ACTUAL_POS] | [EVENT_BEFORE_N/A_ACTUAL_POS] --(BEFORE)--> [EVENT_BEFORE_N/A_ACTUAL_POS],fibroscopie,BEFORE,marqueurs,BEFORE,décidée,BEFORE,intervention,BEFORE,gestes,BEFORE,suites
136,45,FR100611,[EVENT_BEFORE_N/A_ACTUAL_POS] --(BEFORE)--> [EVENT_BEFORE_N/A_ACTUAL_POS] | [EVENT_BEFORE_N/A_ACTUAL_POS] --(BEFORE)--> [EVENT_BEFORE_N/A_ACTUAL_POS] | [EVENT_BEFORE_N/A_ACTUAL_POS] --(BEFORE)--> [EVENT_BEFORE_N/A_ACTUAL_POS] | [EVENT_BEFORE_N/A_ACTUAL_POS] --(BEFORE)--> [EVENT_BEFORE_N/A_ACTUAL_POS] | [EVENT_BEFORE_N/A_ACTUAL_POS] --(BEFORE)--> [EVENT_BEFORE_N/A_ACTUAL_POS],IRM,BEFORE,étude,BEFORE,examen,BEFORE,PCR,BEFORE,TDM,BEFORE,biopsie
136,45,FR100614,[EVENT_BEFORE_N/A_ACTUAL_POS] --(BEFORE)--> [EVENT_BEFORE_N/A_ACTUAL_POS] | [EVENT_BEFORE_N/A_ACTUAL_POS] --(BEFORE)--> [EVENT_BEFORE_N/A_ACTUAL_POS] | [EVENT_BEFORE_N/A_ACTUAL_POS] --(BEFORE)--> [EVENT_BEFORE_N/A_ACTUAL_POS] | [EVENT_BEFORE_N/A_ACTUAL_POS] --(BEFORE)--> [EVENT_BEFORE_N/A_ACTUAL_POS] | [EVENT_BEFORE_N/A_ACTUAL_POS] --(BEFORE)--> [EVENT_BEFORE_N/A_ACTUAL_POS],examen,BEFORE,échographique,BEFORE,tomodensitométrie,BEFORE,radiographie,BEFORE,taux,BEFORE,exploration
136,45,FR100620,[EVENT_BEFORE_N/A_ACTUAL_POS] --(BEFORE)--> [EVENT_BEFORE_N/A_ACTUAL_POS] | [EVENT_BEFORE_N/A_ACTUAL_POS] --(BEFORE)--> [EVENT_BEFORE_N/A_ACTUAL_POS] | [EVENT_BEFORE_N/A_ACTUAL_POS] --(BEFORE)--> [EVENT_BEFORE_N/A_ACTUAL_POS] | [EVENT_BEFORE_N/A_ACTUAL_POS] --(BEFORE)--> [EVENT_BEFORE_N/A_ACTUAL_POS] | [EVENT_BEFORE_N/A_ACTUAL_POS] --(BEFORE)--> [EVENT_BEFORE_N/A_ACTUAL_POS],radiographie,BEFORE,demandé,BEFORE,aspect,BEFORE,bronchoscopie,BEFORE,bilan,BEFORE,bilan
136,45,FR100623,[EVENT_BEFORE_N/A_ACTUAL_POS] --(BEFORE)--> [EVENT_BEFORE_N/A_ACTUAL_POS] | [EVENT_BEFORE_N/A_ACTUAL_POS] --(BEFORE)--> [EVENT_BEFORE_N/A_ACTUAL_POS] | [EVENT_BEFORE_N/A_ACTUAL_POS] --(BEFORE)--> [EVENT_BEFORE_N/A_ACTUAL_POS] | [EVENT_BEFORE_N/A_ACTUAL_POS] --(BEFORE)--> [EVENT_BEFORE_N/A_ACTUAL_POS] | [EVENT_BEFORE_N/A_ACTUAL_POS] --(BEFORE)--> [EVENT_BEFORE_N/A_ACTUAL_POS],examen,BEFORE,échographie,BEFORE,tomodensitométrie,BEFORE,retenu,BEFORE,prise,BEFORE,analyse
136,45,FR100629,[EVENT_BEFORE_N/A_ACTUAL_POS] --(BEFORE)--> [EVENT_BEFORE_N/A_ACTUAL_POS] | [EVENT_BEFORE_N/A_ACTUAL_POS] --(BEFORE)--> [EVENT_BEFORE_N/A_ACTUAL_POS] | [EVENT_BEFORE_N/A_ACTUAL_POS] --(BEFORE)--> [EVENT_BEFORE_N/A_ACTUAL_POS] | [EVENT_BEFORE_N/A_ACTUAL_POS] --(BEFORE)--> [EVENT_BEFORE_N/A_ACTUAL_POS] | [EVENT_BEFORE_N/A_ACTUAL_POS] --(BEFORE)--> [EVENT_BEFORE_N/A_ACTUAL_POS],radiographie,BEFORE,thoracoscopie,BEFORE,marquage,BEFORE,bilan,BEFORE,décision,BEFORE,chimiothérapie
136,45,FR100632,[EVENT_BEFORE_N/A_ACTUAL_POS] --(BEFORE)--> [EVENT_BEFORE_N/A_ACTUAL_POS] | [EVENT_BEFORE_N/A_ACTUAL_POS] --(BEFORE)--> [EVENT_BEFORE_N/A_ACTUAL_POS] | [EVENT_BEFORE_N/A_ACTUAL_POS] --(BEFORE)--> [EVENT_BEFORE_N/A_ACTUAL_POS] | [EVENT_BEFORE_N/A_ACTUAL_POS] --(BEFORE)--> [EVENT_BEFORE_N/A_ACTUAL_POS] | [EVENT_BEFORE_N/A_ACTUAL_POS] --(BEFORE)--> [EVENT_BEFORE_N/A_ACTUAL_POS],numération,BEFORE,bilan,BEFORE,enquête,BEFORE,étude,BEFORE,radiographie,BEFORE,examen
136,45,FR100663,[EVENT_BEFORE_N/A_ACTUAL_POS] --(BEFORE)--> [EVENT_BEFORE_N/A_ACTUAL_POS] | [EVENT_BEFORE_N/A_ACTUAL_POS] --(BEFORE)--> [EVENT_BEFORE_N/A_ACTUAL_POS] | [EVENT_BEFORE_N/A_ACTUAL_POS] --(BEFORE)--> [EVENT_BEFORE_N/A_ACTUAL_POS] | [EVENT_BEFORE_N/A_ACTUAL_POS] --(BEFORE)--> [EVENT_BEFORE_N/A_ACTUAL_POS] | [EVENT_BEFORE_N/A_ACTUAL_POS] --(BEFORE)--> [EVENT_BEFORE_N/A_ACTUAL_POS],ligature,BEFORE,incisée,BEFORE,vérifié,BEFORE,reprise,BEFORE,fermé,BEFORE,sortie
136,45,FR100666,[EVENT_BEFORE_N/A_ACTUAL_POS] --(BEFORE)--> [EVENT_BEFORE_N/A_ACTUAL_POS] | [EVENT_BEFORE_N/A_ACTUAL_POS] --(BEFORE)--> [EVENT_BEFORE_N/A_ACTUAL_POS] | [EVENT_BEFORE_N/A_ACTUAL_POS] --(BEFORE)--> [EVENT_BEFORE_N/A_ACTUAL_POS] | [EVENT_BEFORE_N/A_ACTUAL_POS] --(BEFORE)--> [EVENT_BEFORE_N/A_ACTUAL_POS] | [EVENT_BEFORE_N/A_ACTUAL_POS] --(BEFORE)--> [EVENT_BEFORE_N/A_ACTUAL_POS],étude,BEFORE,adressé,BEFORE,bilan,BEFORE,myologramme,BEFORE,bilan,BEFORE,classé
136,45,FR100688,[EVENT_BEFORE_N/A_ACTUAL_POS] --(BEFORE)--> [EVENT_BEFORE_N/A_ACTUAL_POS] | [EVENT_BEFORE_N/A_ACTUAL_POS] --(BEFORE)--> [EVENT_BEFORE_N/A_ACTUAL_POS] | [EVENT_BEFORE_N/A_ACTUAL_POS] --(BEFORE)--> [EVENT_BEFORE_N/A_ACTUAL_POS] | [EVENT_BEFORE_N/A_ACTUAL_POS] --(BEFORE)--> [EVENT_BEFORE_N/A_ACTUAL_POS] | [EVENT_BEFORE_N/A_ACTUAL_POS] --(BEFORE)--> [EVENT_BEFORE_N/A_ACTUAL_POS],examen,BEFORE,examen,BEFORE,sérologie,BEFORE,radiographie,BEFORE,échographie,BEFORE,radiographie
136,45,FR100689,[EVENT_BEFORE_N/A_ACTUAL_POS] --(BEFORE)--> [EVENT_BEFORE_N/A_ACTUAL_POS] | [EVENT_BEFORE_N/A_ACTUAL_POS] --(BEFORE)--> [EVENT_BEFORE_N/A_ACTUAL_POS] | [EVENT_BEFORE_N/A_ACTUAL_POS] --(BEFORE)--> [EVENT_BEFORE_N/A_ACTUAL_POS] | [EVENT_BEFORE_N/A_ACTUAL_POS] --(BEFORE)--> [EVENT_BEFORE_N/A_ACTUAL_POS] | [EVENT_BEFORE_N/A_ACTUAL_POS] --(BEFORE)--> [EVENT_BEFORE_N/A_ACTUAL_POS],hémogramme,BEFORE,ionogramme,BEFORE,examen,BEFORE,retenu,BEFORE,traitement,BEFORE,corticothérapie
136,45,FR100697,[EVENT_BEFORE_N/A_ACTUAL_POS] --(BEFORE)--> [EVENT_BEFORE_N/A_ACTUAL_POS] | [EVENT_BEFORE_N/A_ACTUAL_POS] --(BEFORE)--> [EVENT_BEFORE_N/A_ACTUAL_POS] | [EVENT_BEFORE_N/A_ACTUAL_POS] --(BEFORE)--> [EVENT_BEFORE_N/A_ACTUAL_POS] | [EVENT_BEFORE_N/A_ACTUAL_POS] --(BEFORE)--> [EVENT_BEFORE_N/A_ACTUAL_POS] | [EVENT_BEFORE_N/A_ACTUAL_POS] --(BEFORE)--> [EVENT_BEFORE_N/A_ACTUAL_POS],palpation,BEFORE,examen,BEFORE,mammographie,BEFORE,échographie,BEFORE,examen,BEFORE,immunomarquage
136,45,FR100717,[EVENT_BEFORE_N/A_ACTUAL_POS] --(BEFORE)--> [EVENT_BEFORE_N/A_ACTUAL_POS] | [EVENT_BEFORE_N/A_ACTUAL_POS] --(BEFORE)--> [EVENT_BEFORE_N/A_ACTUAL_POS] | [EVENT_BEFORE_N/A_ACTUAL_POS] --(BEFORE)--> [EVENT_BEFORE_N/A_ACTUAL_POS] | [EVENT_BEFORE_N/A_ACTUAL_POS] --(BEFORE)--> [EVENT_BEFORE_N/A_ACTUAL_POS] | [EVENT_BEFORE_N/A_ACTUAL_POS] --(BEFORE)--> [EVENT_BEFORE_N/A_ACTUAL_POS],consulté,BEFORE,traitement,BEFORE,examen,BEFORE,examens,BEFORE,scanner,BEFORE,IRM
136,45,FR100806,[EVENT_BEFORE_N/A_ACTUAL_POS] --(BEFORE)--> [EVENT_BEFORE_N/A_ACTUAL_POS] | [EVENT_BEFORE_N/A_ACTUAL_POS] --(BEFORE)--> [EVENT_BEFORE_N/A_ACTUAL_POS] | [EVENT_BEFORE_N/A_ACTUAL_POS] --(BEFORE)--> [EVENT_BEFORE_N/A_ACTUAL_POS] | [EVENT_BEFORE_N/A_ACTUAL_POS] --(BEFORE)--> [EVENT_BEFORE_N/A_ACTUAL_POS] | [EVENT_BEFORE_N/A_ACTUAL_POS] --(BEFORE)--> [EVENT_BEFORE_N/A_ACTUAL_POS],prise,BEFORE,référée,BEFORE,examen,BEFORE,biologie,BEFORE,hospitalisée,BEFORE,dialyse
136,45,FR100826,[EVENT_BEFORE_N/A_ACTUAL_POS] --(BEFORE)--> [EVENT_BEFORE_N/A_ACTUAL_POS] | [EVENT_BEFORE_N/A_ACTUAL_POS] --(BEFORE)--> [EVENT_BEFORE_N/A_ACTUAL_POS] | [EVENT_BEFORE_N/A_ACTUAL_POS] --(BEFORE)--> [EVENT_BEFORE_N/A_ACTUAL_POS] | [EVENT_BEFORE_N/A_ACTUAL_POS] --(BEFORE)--> [EVENT_BEFORE_N/A_ACTUAL_POS] | [EVENT_BEFORE_N/A_ACTUAL_POS] --(BEFORE)--> [EVENT_BEFORE_N/A_ACTUAL_POS],examen,BEFORE,bilan,BEFORE,bilan,BEFORE,retenue,BEFORE,exploration,BEFORE,suites
136,45,FR100845,[EVENT_BEFORE_N/A_ACTUAL_POS] --(BEFORE)--> [EVENT_BEFORE_N/A_ACTUAL_POS] | [EVENT_BEFORE_N/A_ACTUAL_POS] --(BEFORE)--> [EVENT_BEFORE_N/A_ACTUAL_POS] | [EVENT_BEFORE_N/A_ACTUAL_POS] --(BEFORE)--> [EVENT_BEFORE_N/A_ACTUAL_POS] | [EVENT_BEFORE_N/A_ACTUAL_POS] --(BEFORE)--> [EVENT_BEFORE_N/A_ACTUAL_POS] | [EVENT_BEFORE_N/A_ACTUAL_POS] --(BEFORE)--> [EVENT_BEFORE_N/A_ACTUAL_POS],extraction,BEFORE,examen,BEFORE,examinés,BEFORE,détresse,BEFORE,intubée,BEFORE,ventilées
136,45,FR100870,[EVENT_BEFORE_N/A_ACTUAL_POS] --(BEFORE)--> [EVENT_BEFORE_N/A_ACTUAL_POS] | [EVENT_BEFORE_N/A_ACTUAL_POS] --(BEFORE)--> [EVENT_BEFORE_N/A_ACTUAL_POS] | [EVENT_BEFORE_N/A_ACTUAL_POS] --(BEFORE)--> [EVENT_BEFORE_N/A_ACTUAL_POS] | [EVENT_BEFORE_N/A_ACTUAL_POS] --(BEFORE)--> [EVENT_BEFORE_N/A_ACTUAL_POS] | [EVENT_BEFORE_N/A_ACTUAL_POS] --(BEFORE)--> [EVENT_BEFORE_N/A_ACTUAL_POS],hémogramme,BEFORE,bilan,BEFORE,IRM,BEFORE,électrophorèse,BEFORE,immunosoustraction,BEFORE,typer
136,45,FR100874,[EVENT_BEFORE_N/A_ACTUAL_POS] --(BEFORE)--> [EVENT_BEFORE_N/A_ACTUAL_POS] | [EVENT_BEFORE_N/A_ACTUAL_POS] --(BEFORE)--> [EVENT_BEFORE_N/A_ACTUAL_POS] | [EVENT_BEFORE_N/A_ACTUAL_POS] --(BEFORE)--> [EVENT_BEFORE_N/A_ACTUAL_POS] | [EVENT_BEFORE_N/A_ACTUAL_POS] --(BEFORE)--> [EVENT_BEFORE_N/A_ACTUAL_POS] | [EVENT_BEFORE_N/A_ACTUAL_POS] --(BEFORE)--> [EVENT_BEFORE_N/A_ACTUAL_POS],hémogramme,BEFORE,fibroscopie,BEFORE,transit,BEFORE,tomodensitométrie,BEFORE,retenu,BEFORE,mise
136,45,FR100903,[EVENT_BEFORE_N/A_ACTUAL_POS] --(BEFORE)--> [EVENT_BEFORE_N/A_ACTUAL_POS] | [EVENT_BEFORE_N/A_ACTUAL_POS] --(BEFORE)--> [EVENT_BEFORE_N/A_ACTUAL_POS] | [EVENT_BEFORE_N/A_ACTUAL_POS] --(BEFORE)--> [EVENT_BEFORE_N/A_ACTUAL_POS] | [EVENT_BEFORE_N/A_ACTUAL_POS] --(BEFORE)--> [EVENT_BEFORE_N/A_ACTUAL_POS] | [EVENT_BEFORE_N/A_ACTUAL_POS] --(BEFORE)--> [EVENT_BEFORE_N/A_ACTUAL_POS],demandée,BEFORE,IRM,BEFORE,diagnostic,BEFORE,écarté,BEFORE,contrôles,BEFORE,accouchement
136,45,FR100946,[EVENT_BEFORE_N/A_ACTUAL_POS] --(BEFORE)--> [EVENT_BEFORE_N/A_ACTUAL_POS] | [EVENT_BEFORE_N/A_ACTUAL_POS] --(BEFORE)--> [EVENT_BEFORE_N/A_ACTUAL_POS] | [EVENT_BEFORE_N/A_ACTUAL_POS] --(BEFORE)--> [EVENT_BEFORE_N/A_ACTUAL_POS] | [EVENT_BEFORE_N/A_ACTUAL_POS] --(BEFORE)--> [EVENT_BEFORE_N/A_ACTUAL_POS] | [EVENT_BEFORE_N/A_ACTUAL_POS] --(BEFORE)--> [EVENT_BEFORE_N/A_ACTUAL_POS],examen,BEFORE,IRM,BEFORE,analyse,BEFORE,mise,BEFORE,analyse,BEFORE,mise
136,45,FR100996,[EVENT_BEFORE_N/A_ACTUAL_POS] --(BEFORE)--> [EVENT_BEFORE_N/A_ACTUAL_POS] | [EVENT_BEFORE_N/A_ACTUAL_POS] --(BEFORE)--> [EVENT_BEFORE_N/A_ACTUAL_POS] | [EVENT_BEFORE_N/A_ACTUAL_POS] --(BEFORE)--> [EVENT_BEFORE_N/A_ACTUAL_POS] | [EVENT_BEFORE_N/A_ACTUAL_POS] --(BEFORE)--> [EVENT_BEFORE_N/A_ACTUAL_POS] | [EVENT_BEFORE_N/A_ACTUAL_POS] --(BEFORE)--> [EVENT_BEFORE_N/A_ACTUAL_POS],consulté,BEFORE,examen,BEFORE,tomodensitométrie,BEFORE,injection,BEFORE,retenu,BEFORE,chirurgical
183,45,FR100120,[EVENT_BEFORE_N/A_ACTUAL_POS] --(BEFORE)--> [EVENT_BEFORE_N/A_ACTUAL_POS] | [EVENT_BEFORE_N/A_ACTUAL_POS] --(BEFORE)--> [EVENT_BEFORE_N/A_ACTUAL_POS] | [EVENT_BEFORE_N/A_ACTUAL_POS] --(BEFORE)--> [EVENT_BEFORE_N/A_ACTUAL_POS],traitement,BEFORE,retirées,[RETOUR],traitement,BEFORE,sailli,[RETOUR],retirées,BEFORE,conclure
183,45,FR100130,[EVENT_BEFORE_N/A_ACTUAL_POS] --(BEFORE)--> [EVENT_BEFORE_N/A_ACTUAL_POS] | [EVENT_BEFORE_N/A_ACTUAL_POS] --(BEFORE)--> [EVENT_BEFORE_N/A_ACTUAL_POS] | [EVENT_BEFORE_N/A_ACTUAL_POS] --(BEFORE)--> [EVENT_BEFORE_N/A_ACTUAL_POS],glycémie,BEFORE,confirmé,[RETOUR],glycémie,BEFORE,bilan,[RETOUR],confirmé,BEFORE,recherche
183,45,FR100142,[EVENT_BEFORE_N/A_ACTUAL_POS] --(BEFORE)--> [EVENT_BEFORE_N/A_ACTUAL_POS] | [EVENT_BEFORE_N/A_ACTUAL_POS] --(BEFORE)--> [EVENT_BEFORE_N/A_ACTUAL_POS] | [EVENT_BEFORE_N/A_ACTUAL_POS] --(BEFORE)--> [EVENT_BEFORE_N/A_ACTUAL_POS],fibroscopie,BEFORE,biopsie,[RETOUR],fibroscopie,BEFORE,colonoscopie,[RETOUR],biopsie,BEFORE,mis
183,45,FR100161,[EVENT_BEFORE_N/A_ACTUAL_POS] --(BEFORE)--> [EVENT_BEFORE_N/A_ACTUAL_POS] | [EVENT_BEFORE_N/A_ACTUAL_POS] --(BEFORE)--> [EVENT_BEFORE_N/A_ACTUAL_POS] | [EVENT_BEFORE_N/A_ACTUAL_POS] --(BEFORE)--> [EVENT_BEFORE_N/A_ACTUAL_POS],cortisol,BEFORE,exérèse,[RETOUR],cortisol,BEFORE,dérivés,[RETOUR],exérèse,BEFORE,examen
183,45,FR100168,[EVENT_BEFORE_N/A_ACTUAL_POS] --(BEFORE)--> [EVENT_BEFORE_N/A_ACTUAL_POS] | [EVENT_BEFORE_N/A_ACTUAL_POS] --(BEFORE)--> [EVENT_BEFORE_N/A_ACTUAL_POS] | [EVENT_BEFORE_N/A_ACTUAL_POS] --(BEFORE)--> [EVENT_BEFORE_N/A_ACTUAL_POS],examen,BEFORE,bilan,[RETOUR],examen,BEFORE,intervention,[RETOUR],bilan,BEFORE,dissection
183,45,FR100255,[EVENT_BEFORE_N/A_ACTUAL_POS] --(BEFORE)--> [EVENT_BEFORE_N/A_ACTUAL_POS] | [EVENT_BEFORE_N/A_ACTUAL_POS] --(BEFORE)--> [EVENT_BEFORE_N/A_ACTUAL_POS] | [EVENT_BEFORE_N/A_ACTUAL_POS] --(BEFORE)--> [EVENT_BEFORE_N/A_ACTUAL_POS],mise,BEFORE,réveillée,[RETOUR],mise,BEFORE,traitement,[RETOUR],réveillée,BEFORE,radio
183,45,FR100276,[EVENT_BEFORE_N/A_ACTUAL_POS] --(BEFORE)--> [EVENT_BEFORE_N/A_ACTUAL_POS] | [EVENT_BEFORE_N/A_ACTUAL_POS] --(BEFORE)--> [EVENT_BEFORE_N/A_ACTUAL_POS] | [EVENT_BEFORE_N/A_ACTUAL_POS] --(BEFORE)--> [EVENT_BEFORE_N/A_ACTUAL_POS],accouchement,BEFORE,reste,[RETOUR],accouchement,BEFORE,poids,[RETOUR],reste,BEFORE,bilan
183,45,FR100283,[EVENT_BEFORE_N/A_ACTUAL_POS] --(BEFORE)--> [EVENT_BEFORE_N/A_ACTUAL_POS] | [EVENT_BEFORE_N/A_ACTUAL_POS] --(BEFORE)--> [EVENT_BEFORE_N/A_ACTUAL_POS] | [EVENT_BEFORE_N/A_ACTUAL_POS] --(BEFORE)--> [EVENT_BEFORE_N/A_ACTUAL_POS],bilan,BEFORE,IRM,[RETOUR],bilan,BEFORE,ponction,[RETOUR],IRM,BEFORE,hypophysiogramme
183,45,FR100344,[EVENT_BEFORE_N/A_ACTUAL_POS] --(BEFORE)--> [EVENT_BEFORE_N/A_ACTUAL_POS] | [EVENT_BEFORE_N/A_ACTUAL_POS] --(BEFORE)--> [EVENT_BEFORE_N/A_ACTUAL_POS] | [EVENT_BEFORE_N/A_ACTUAL_POS] --(BEFORE)--> [EVENT_BEFORE_N/A_ACTUAL_POS],développé,BEFORE,contrôle,[RETOUR],développé,BEFORE,suivie,[RETOUR],contrôle,BEFORE,tombée
183,45,FR100360,[EVENT_BEFORE_N/A_ACTUAL_POS] --(BEFORE)--> [EVENT_BEFORE_N/A_ACTUAL_POS] | [EVENT_BEFORE_N/A_ACTUAL_POS] --(BEFORE)--> [EVENT_BEFORE_N/A_ACTUAL_POS] | [EVENT_BEFORE_N/A_ACTUAL_POS] --(BEFORE)--> [EVENT_BEFORE_N/A_ACTUAL_POS],biopsie,BEFORE,tomodensitométrie,[RETOUR],biopsie,BEFORE,étude,[RETOUR],tomodensitométrie,BEFORE,radiothérapie
183,45,FR100371,[EVENT_BEFORE_N/A_ACTUAL_POS] --(BEFORE)--> [EVENT_BEFORE_N/A_ACTUAL_POS] | [EVENT_BEFORE_N/A_ACTUAL_POS] --(BEFORE)--> [EVENT_BEFORE_N/A_ACTUAL_POS] | [EVENT_BEFORE_N/A_ACTUAL_POS] --(BEFORE)--> [EVENT_BEFORE_N/A_ACTUAL_POS],incision,BEFORE,envoyée,[RETOUR],incision,BEFORE,suite,[RETOUR],envoyée,BEFORE,examen
183,45,FR100400,[EVENT_BEFORE_N/A_ACTUAL_POS] --(BEFORE)--> [EVENT_BEFORE_N/A_ACTUAL_POS] | [EVENT_BEFORE_N/A_ACTUAL_POS] --(BEFORE)--> [EVENT_BEFORE_N/A_ACTUAL_POS] | [EVENT_BEFORE_N/A_ACTUAL_POS] --(BEFORE)--> [EVENT_BEFORE_N/A_ACTUAL_POS],bilan,BEFORE,Radiographie,[RETOUR],bilan,BEFORE,sérologie,[RETOUR],Radiographie,BEFORE,échographie
183,45,FR100439,[EVENT_BEFORE_N/A_ACTUAL_POS] --(BEFORE)--> [EVENT_BEFORE_N/A_ACTUAL_POS] | [EVENT_BEFORE_N/A_ACTUAL_POS] --(BEFORE)--> [EVENT_BEFORE_N/A_ACTUAL_POS] | [EVENT_BEFORE_N/A_ACTUAL_POS] --(BEFORE)--> [EVENT_BEFORE_N/A_ACTUAL_POS],demandée,BEFORE,examen,[RETOUR],demandée,BEFORE,déterminer,[RETOUR],examen,BEFORE,classée
183,45,FR100480,[EVENT_BEFORE_N/A_ACTUAL_POS] --(BEFORE)--> [EVENT_BEFORE_N/A_ACTUAL_POS] | [EVENT_BEFORE_N/A_ACTUAL_POS] --(BEFORE)--> [EVENT_BEFORE_N/A_ACTUAL_POS] | [EVENT_BEFORE_N/A_ACTUAL_POS] --(BEFORE)--> [EVENT_BEFORE_N/A_ACTUAL_POS],bilan,BEFORE,analyse,[RETOUR],bilan,BEFORE,biopsie,[RETOUR],analyse,BEFORE,amputation
183,45,FR100515,[EVENT_BEFORE_N/A_ACTUAL_POS] --(BEFORE)--> [EVENT_BEFORE_N/A_ACTUAL_POS] | [EVENT_BEFORE_N/A_ACTUAL_POS] --(BEFORE)--> [EVENT_BEFORE_N/A_ACTUAL_POS] | [EVENT_BEFORE_N/A_ACTUAL_POS] --(BEFORE)--> [EVENT_BEFORE_N/A_ACTUAL_POS],testing,BEFORE,dosage,[RETOUR],testing,BEFORE,électromyogramme,[RETOUR],dosage,BEFORE,bilan
183,45,FR100519,[EVENT_BEFORE_N/A_ACTUAL_POS] --(BEFORE)--> [EVENT_BEFORE_N/A_ACTUAL_POS] | [EVENT_BEFORE_N/A_ACTUAL_POS] --(BEFORE)--> [EVENT_BEFORE_N/A_ACTUAL_POS] | [EVENT_BEFORE_N/A_ACTUAL_POS] --(BEFORE)--> [EVENT_BEFORE_N/A_ACTUAL_POS],hospitalisée,BEFORE,entrée,[RETOUR],hospitalisée,BEFORE,transférée,[RETOUR],entrée,BEFORE,bilan
183,45,FR100579,[EVENT_BEFORE_N/A_ACTUAL_POS] --(BEFORE)--> [EVENT_BEFORE_N/A_ACTUAL_POS] | [EVENT_BEFORE_N/A_ACTUAL_POS] --(BEFORE)--> [EVENT_BEFORE_N/A_ACTUAL_POS] | [EVENT_BEFORE_N/A_ACTUAL_POS] --(BEFORE)--> [EVENT_BEFORE_N/A_ACTUAL_POS],échocardiographie,BEFORE,angio-scanner,[RETOUR],échocardiographie,BEFORE,bilan,[RETOUR],angio-scanner,BEFORE,imagerie
183,45,FR100589,[EVENT_BEFORE_N/A_ACTUAL_POS] --(BEFORE)--> [EVENT_BEFORE_N/A_ACTUAL_POS] | [EVENT_BEFORE_N/A_ACTUAL_POS] --(BEFORE)--> [EVENT_BEFORE_N/A_ACTUAL_POS] | [EVENT_BEFORE_N/A_ACTUAL_POS] --(BEFORE)--> [EVENT_BEFORE_N/A_ACTUAL_POS],caryotype,BEFORE,sérologie,[RETOUR],caryotype,BEFORE,biopsie,[RETOUR],sérologie,BEFORE,diagnostic
183,45,FR100597,[EVENT_BEFORE_N/A_ACTUAL_POS] --(BEFORE)--> [EVENT_BEFORE_N/A_ACTUAL_POS] | [EVENT_BEFORE_N/A_ACTUAL_POS] --(BEFORE)--> [EVENT_BEFORE_N/A_ACTUAL_POS] | [EVENT_BEFORE_N/A_ACTUAL_POS] --(BEFORE)--> [EVENT_BEFORE_N/A_ACTUAL_POS],fibroscopie,BEFORE,marqueurs,[RETOUR],fibroscopie,BEFORE,coloscopie,[RETOUR],marqueurs,BEFORE,décidée
183,45,FR100611,[EVENT_BEFORE_N/A_ACTUAL_POS] --(BEFORE)--> [EVENT_BEFORE_N/A_ACTUAL_POS] | [EVENT_BEFORE_N/A_ACTUAL_POS] --(BEFORE)--> [EVENT_BEFORE_N/A_ACTUAL_POS] | [EVENT_BEFORE_N/A_ACTUAL_POS] --(BEFORE)--> [EVENT_BEFORE_N/A_ACTUAL_POS],examen,BEFORE,PCR,[RETOUR],examen,BEFORE,cultures,[RETOUR],PCR,BEFORE,TDM
183,45,FR100614,[EVENT_BEFORE_N/A_ACTUAL_POS] --(BEFORE)--> [EVENT_BEFORE_N/A_ACTUAL_POS] | [EVENT_BEFORE_N/A_ACTUAL_POS] --(BEFORE)--> [EVENT_BEFORE_N/A_ACTUAL_POS] | [EVENT_BEFORE_N/A_ACTUAL_POS] --(BEFORE)--> [EVENT_BEFORE_N/A_ACTUAL_POS],radiographie,BEFORE,taux,[RETOUR],radiographie,BEFORE,échographie,[RETOUR],taux,BEFORE,exploration
183,45,FR100620,[EVENT_BEFORE_N/A_ACTUAL_POS] --(BEFORE)--> [EVENT_BEFORE_N/A_ACTUAL_POS] | [EVENT_BEFORE_N/A_ACTUAL_POS] --(BEFORE)--> [EVENT_BEFORE_N/A_ACTUAL_POS] | [EVENT_BEFORE_N/A_ACTUAL_POS] --(BEFORE)--> [EVENT_BEFORE_N/A_ACTUAL_POS],demandé,BEFORE,aspect,[RETOUR],demandé,BEFORE,complément,[RETOUR],aspect,BEFORE,bronchoscopie
183,45,FR100623,[EVENT_BEFORE_N/A_ACTUAL_POS] --(BEFORE)--> [EVENT_BEFORE_N/A_ACTUAL_POS] | [EVENT_BEFORE_N/A_ACTUAL_POS] --(BEFORE)--> [EVENT_BEFORE_N/A_ACTUAL_POS] | [EVENT_BEFORE_N/A_ACTUAL_POS] --(BEFORE)--> [EVENT_BEFORE_N/A_ACTUAL_POS],examen,BEFORE,échographie,[RETOUR],examen,BEFORE,bilan,[RETOUR],échographie,BEFORE,tomodensitométrie
183,45,FR100629,[EVENT_BEFORE_N/A_ACTUAL_POS] --(BEFORE)--> [EVENT_BEFORE_N/A_ACTUAL_POS] | [EVENT_BEFORE_N/A_ACTUAL_POS] --(BEFORE)--> [EVENT_BEFORE_N/A_ACTUAL_POS] | [EVENT_BEFORE_N/A_ACTUAL_POS] --(BEFORE)--> [EVENT_BEFORE_N/A_ACTUAL_POS],radiographie,BEFORE,thoracoscopie,[RETOUR],radiographie,BEFORE,TDM,[RETOUR],thoracoscopie,BEFORE,marquage
183,45,FR100632,[EVENT_BEFORE_N/A_ACTUAL_POS] --(BEFORE)--> [EVENT_BEFORE_N/A_ACTUAL_POS] | [EVENT_BEFORE_N/A_ACTUAL_POS] --(BEFORE)--> [EVENT_BEFORE_N/A_ACTUAL_POS] | [EVENT_BEFORE_N/A_ACTUAL_POS] --(BEFORE)--> [EVENT_BEFORE_N/A_ACTUAL_POS],numération,BEFORE,bilan,[RETOUR],numération,BEFORE,vitesse,[RETOUR],bilan,BEFORE,enquête
183,45,FR100663,[EVENT_BEFORE_N/A_ACTUAL_POS] --(BEFORE)--> [EVENT_BEFORE_N/A_ACTUAL_POS] | [EVENT_BEFORE_N/A_ACTUAL_POS] --(BEFORE)--> [EVENT_BEFORE_N/A_ACTUAL_POS] | [EVENT_BEFORE_N/A_ACTUAL_POS] --(BEFORE)--> [EVENT_BEFORE_N/A_ACTUAL_POS],ligature,BEFORE,incisée,[RETOUR],ligature,BEFORE,libération,[RETOUR],incisée,BEFORE,vérifié
183,45,FR100666,[EVENT_BEFORE_N/A_ACTUAL_POS] --(BEFORE)--> [EVENT_BEFORE_N/A_ACTUAL_POS] | [EVENT_BEFORE_N/A_ACTUAL_POS] --(BEFORE)--> [EVENT_BEFORE_N/A_ACTUAL_POS] | [EVENT_BEFORE_N/A_ACTUAL_POS] --(BEFORE)--> [EVENT_BEFORE_N/A_ACTUAL_POS],biopsie,BEFORE,étude,[RETOUR],biopsie,BEFORE,examen,[RETOUR],étude,BEFORE,adressé
183,45,FR100688,[EVENT_BEFORE_N/A_ACTUAL_POS] --(BEFORE)--> [EVENT_BEFORE_N/A_ACTUAL_POS] | [EVENT_BEFORE_N/A_ACTUAL_POS] --(BEFORE)--> [EVENT_BEFORE_N/A_ACTUAL_POS] | [EVENT_BEFORE_N/A_ACTUAL_POS] --(BEFORE)--> [EVENT_BEFORE_N/A_ACTUAL_POS],sérologie,BEFORE,radiographie,[RETOUR],sérologie,BEFORE,intradermoréaction,[RETOUR],radiographie,BEFORE,échographie
183,45,FR100689,[EVENT_BEFORE_N/A_ACTUAL_POS] --(BEFORE)--> [EVENT_BEFORE_N/A_ACTUAL_POS] | [EVENT_BEFORE_N/A_ACTUAL_POS] --(BEFORE)--> [EVENT_BEFORE_N/A_ACTUAL_POS] | [EVENT_BEFORE_N/A_ACTUAL_POS] --(BEFORE)--> [EVENT_BEFORE_N/A_ACTUAL_POS],examen,BEFORE,PCR,[RETOUR],examen,BEFORE,cultures,[RETOUR],PCR,BEFORE,scanner
183,45,FR100697,[EVENT_BEFORE_N/A_ACTUAL_POS] --(BEFORE)--> [EVENT_BEFORE_N/A_ACTUAL_POS] | [EVENT_BEFORE_N/A_ACTUAL_POS] --(BEFORE)--> [EVENT_BEFORE_N/A_ACTUAL_POS] | [EVENT_BEFORE_N/A_ACTUAL_POS] --(BEFORE)--> [EVENT_BEFORE_N/A_ACTUAL_POS],examen,BEFORE,mammographie,[RETOUR],examen,BEFORE,reste,[RETOUR],mammographie,BEFORE,échographie
183,45,FR100708,[EVENT_BEFORE_N/A_ACTUAL_POS] --(BEFORE)--> [EVENT_BEFORE_N/A_ACTUAL_POS] | [EVENT_BEFORE_N/A_ACTUAL_POS] --(BEFORE)--> [EVENT_BEFORE_N/A_ACTUAL_POS] | [EVENT_BEFORE_N/A_ACTUAL_POS] --(BEFORE)--> [EVENT_BEFORE_N/A_ACTUAL_POS],demandée,BEFORE,tests,[RETOUR],demandée,BEFORE,IRM,[RETOUR],tests,BEFORE,mise
183,45,FR100748,[EVENT_BEFORE_N/A_ACTUAL_POS] --(BEFORE)--> [EVENT_BEFORE_N/A_ACTUAL_POS] | [EVENT_BEFORE_N/A_ACTUAL_POS] --(BEFORE)--> [EVENT_BEFORE_N/A_ACTUAL_POS] | [EVENT_BEFORE_N/A_ACTUAL_POS] --(BEFORE)--> [EVENT_BEFORE_N/A_ACTUAL_POS],mobilisation,BEFORE,suites,[RETOUR],mobilisation,BEFORE,résection,[RETOUR],suites,BEFORE,transférée
183,45,FR100780,[EVENT_BEFORE_N/A_ACTUAL_POS] --(BEFORE)--> [EVENT_BEFORE_N/A_ACTUAL_POS] | [EVENT_BEFORE_N/A_ACTUAL_POS] --(BEFORE)--> [EVENT_BEFORE_N/A_ACTUAL_POS] | [EVENT_BEFORE_N/A_ACTUAL_POS] --(BEFORE)--> [EVENT_BEFORE_N/A_ACTUAL_POS],geste,BEFORE,geste,[RETOUR],geste,BEFORE,accouchement,[RETOUR],geste,BEFORE,geste
183,45,FR100826,[EVENT_BEFORE_N/A_ACTUAL_POS] --(BEFORE)--> [EVENT_BEFORE_N/A_ACTUAL_POS] | [EVENT_BEFORE_N/A_ACTUAL_POS] --(BEFORE)--> [EVENT_BEFORE_N/A_ACTUAL_POS] | [EVENT_BEFORE_N/A_ACTUAL_POS] --(BEFORE)--> [EVENT_BEFORE_N/A_ACTUAL_POS],admis,BEFORE,examen,[RETOUR],admis,BEFORE,transplantation,[RETOUR],examen,BEFORE,bilan
183,45,FR100845,[EVENT_BEFORE_N/A_ACTUAL_POS] --(BEFORE)--> [EVENT_BEFORE_N/A_ACTUAL_POS] | [EVENT_BEFORE_N/A_ACTUAL_POS] --(BEFORE)--> [EVENT_BEFORE_N/A_ACTUAL_POS] | [EVENT_BEFORE_N/A_ACTUAL_POS] --(BEFORE)--> [EVENT_BEFORE_N/A_ACTUAL_POS],extraction,BEFORE,examen,[RETOUR],extraction,BEFORE,Apgar,[RETOUR],examen,BEFORE,examinés
183,45,FR100870,[EVENT_BEFORE_N/A_ACTUAL_POS] --(BEFORE)--> [EVENT_BEFORE_N/A_ACTUAL_POS] | [EVENT_BEFORE_N/A_ACTUAL_POS] --(BEFORE)--> [EVENT_BEFORE_N/A_ACTUAL_POS] | [EVENT_BEFORE_N/A_ACTUAL_POS] --(BEFORE)--> [EVENT_BEFORE_N/A_ACTUAL_POS],bilan,BEFORE,B2,[RETOUR],bilan,BEFORE,fonction,[RETOUR],B2,BEFORE,myélogramme
183,45,FR100903,[EVENT_BEFORE_N/A_ACTUAL_POS] --(BEFORE)--> [EVENT_BEFORE_N/A_ACTUAL_POS] | [EVENT_BEFORE_N/A_ACTUAL_POS] --(BEFORE)--> [EVENT_BEFORE_N/A_ACTUAL_POS] | [EVENT_BEFORE_N/A_ACTUAL_POS] --(BEFORE)--> [EVENT_BEFORE_N/A_ACTUAL_POS],écarté,BEFORE,contrôles,[RETOUR],écarté,BEFORE,réfléchir,[RETOUR],contrôles,BEFORE,accouchement
183,45,FR100919,[EVENT_BEFORE_N/A_ACTUAL_POS] --(BEFORE)--> [EVENT_BEFORE_N/A_ACTUAL_POS] | [EVENT_BEFORE_N/A_ACTUAL_POS] --(BEFORE)--> [EVENT_BEFORE_N/A_ACTUAL_POS] | [EVENT_BEFORE_N/A_ACTUAL_POS] --(BEFORE)--> [EVENT_BEFORE_N/A_ACTUAL_POS],correction,BEFORE,adressée,[RETOUR],correction,BEFORE,normalisation,[RETOUR],adressée,BEFORE,bilan
183,45,FR100932,[EVENT_BEFORE_N/A_ACTUAL_POS] --(BEFORE)--> [EVENT_BEFORE_N/A_ACTUAL_POS] | [EVENT_BEFORE_N/A_ACTUAL_POS] --(BEFORE)--> [EVENT_BEFORE_N/A_ACTUAL_POS] | [EVENT_BEFORE_N/A_ACTUAL_POS] --(BEFORE)--> [EVENT_BEFORE_N/A_ACTUAL_POS],mise,BEFORE,opérée,[RETOUR],mise,BEFORE,installation,[RETOUR],opérée,BEFORE,évolution
183,45,FR100946,[EVENT_BEFORE_N/A_ACTUAL_POS] --(BEFORE)--> [EVENT_BEFORE_N/A_ACTUAL_POS] | [EVENT_BEFORE_N/A_ACTUAL_POS] --(BEFORE)--> [EVENT_BEFORE_N/A_ACTUAL_POS] | [EVENT_BEFORE_N/A_ACTUAL_POS] --(BEFORE)--> [EVENT_BEFORE_N/A_ACTUAL_POS],mise,BEFORE,analyse,[RETOUR],mise,BEFORE,abord,[RETOUR],analyse,BEFORE,mise
90,43,FR100003,[EVENT_BEFORE_N/A_ACTUAL_POS] --(CONTAINS)--> [EVENT_BEFORE_N/A_ACTUAL_POS] | [EVENT_BEFORE_N/A_ACTUAL_POS] --(BEFORE)--> [EVENT_BEFORE_N/A_ACTUAL_POS] | [EVENT_BEFORE_N/A_ACTUAL_POS] --(BEFORE)--> [EVENT_BEFORE_N/A_ACTUAL_POS],ponction,CONTAINS,ramené,[RETOUR],ponction,BEFORE,examen,BEFORE,examen,,
90,43,FR100092,[EVENT_BEFORE_N/A_ACTUAL_POS] --(CONTAINS)--> [EVENT_BEFORE_N/A_ACTUAL_POS] | [EVENT_BEFORE_N/A_ACTUAL_POS] --(BEFORE)--> [EVENT_BEFORE_N/A_ACTUAL_POS] | [EVENT_BEFORE_N/A_ACTUAL_POS] --(BEFORE)--> [EVENT_BEFORE_N/A_ACTUAL_POS],examen,CONTAINS,fréquence,[RETOUR],examen,BEFORE,examen,BEFORE,examen,,
90,43,FR100130,[EVENT_BEFORE_N/A_ACTUAL_POS] --(CONTAINS)--> [EVENT_BEFORE_N/A_ACTUAL_POS] | [EVENT_BEFORE_N/A_ACTUAL_POS] --(BEFORE)--> [EVENT_BEFORE_N/A_ACTUAL_POS] | [EVENT_BEFORE_N/A_ACTUAL_POS] --(BEFORE)--> [EVENT_BEFORE_N/A_ACTUAL_POS],biologie,CONTAINS,créatine,[RETOUR],biologie,BEFORE,glycémie,BEFORE,confirmé,,
90,43,FR100161,[EVENT_BEFORE_N/A_ACTUAL_POS] --(CONTAINS)--> [EVENT_BEFORE_N/A_ACTUAL_POS] | [EVENT_BEFORE_N/A_ACTUAL_POS] --(BEFORE)--> [EVENT_BEFORE_N/A_ACTUAL_POS] | [EVENT_BEFORE_N/A_ACTUAL_POS] --(BEFORE)--> [EVENT_BEFORE_N/A_ACTUAL_POS],examens,CONTAINS,Fibro,[RETOUR],examens,BEFORE,radiographie,BEFORE,échographie,,
90,43,FR100255,[EVENT_BEFORE_N/A_ACTUAL_POS] --(CONTAINS)--> [EVENT_BEFORE_N/A_ACTUAL_POS] | [EVENT_BEFORE_N/A_ACTUAL_POS] --(BEFORE)--> [EVENT_BEFORE_N/A_ACTUAL_POS] | [EVENT_BEFORE_N/A_ACTUAL_POS] --(BEFORE)--> [EVENT_BEFORE_N/A_ACTUAL_POS],échographie,CONTAINS,confirmation,[RETOUR],échographie,BEFORE,mise,BEFORE,traitement,,
90,43,FR100275,[EVENT_BEFORE_N/A_ACTUAL_POS] --(CONTAINS)--> [EVENT_BEFORE_N/A_ACTUAL_POS] | [EVENT_BEFORE_N/A_ACTUAL_POS] --(BEFORE)--> [EVENT_BEFORE_N/A_ACTUAL_POS] | [EVENT_BEFORE_N/A_ACTUAL_POS] --(BEFORE)--> [EVENT_BEFORE_N/A_ACTUAL_POS],manœuvres,CONTAINS,dégagement,[RETOUR],manœuvres,BEFORE,transféré,BEFORE,anamnèse,,
90,43,FR100276,[EVENT_BEFORE_N/A_ACTUAL_POS] --(CONTAINS)--> [EVENT_BEFORE_N/A_ACTUAL_POS] | [EVENT_BEFORE_N/A_ACTUAL_POS] --(BEFORE)--> [EVENT_BEFORE_N/A_ACTUAL_POS] | [EVENT_BEFORE_N/A_ACTUAL_POS] --(BEFORE)--> [EVENT_BEFORE_N/A_ACTUAL_POS],biopsie,CONTAINS,examen,[RETOUR],biopsie,BEFORE,posé,BEFORE,application,,
90,43,FR100296,[EVENT_BEFORE_N/A_ACTUAL_POS] --(CONTAINS)--> [EVENT_BEFORE_N/A_ACTUAL_POS] | [EVENT_BEFORE_N/A_ACTUAL_POS] --(BEFORE)--> [EVENT_BEFORE_N/A_ACTUAL_POS] | [EVENT_BEFORE_N/A_ACTUAL_POS] --(BEFORE)--> [EVENT_BEFORE_N/A_ACTUAL_POS],fenestration,CONTAINS,geste,[RETOUR],fenestration,BEFORE,suites,BEFORE,exéaté,,
90,43,FR100344,[EVENT_BEFORE_N/A_ACTUAL_POS] --(CONTAINS)--> [EVENT_BEFORE_N/A_ACTUAL_POS] | [EVENT_BEFORE_N/A_ACTUAL_POS] --(BEFORE)--> [EVENT_BEFORE_N/A_ACTUAL_POS] | [EVENT_BEFORE_N/A_ACTUAL_POS] --(BEFORE)--> [EVENT_BEFORE_N/A_ACTUAL_POS],bilan,CONTAINS,échographie,[RETOUR],bilan,BEFORE,contrôle,BEFORE,échographies,,
90,43,FR100346,[EVENT_BEFORE_N/A_ACTUAL_POS] --(CONTAINS)--> [EVENT_BEFORE_N/A_ACTUAL_POS] | [EVENT_BEFORE_N/A_ACTUAL_POS] --(BEFORE)--> [EVENT_BEFORE_N/A_ACTUAL_POS] | [EVENT_BEFORE_N/A_ACTUAL_POS] --(BEFORE)--> [EVENT_BEFORE_N/A_ACTUAL_POS],examen,CONTAINS,reste,[RETOUR],examen,BEFORE,gazométrie,BEFORE,reste,,
90,43,FR100361,[EVENT_BEFORE_N/A_ACTUAL_POS] --(CONTAINS)--> [EVENT_BEFORE_N/A_ACTUAL_POS] | [EVENT_BEFORE_N/A_ACTUAL_POS] --(BEFORE)--> [EVENT_BEFORE_N/A_ACTUAL_POS] | [EVENT_BEFORE_N/A_ACTUAL_POS] --(BEFORE)--> [EVENT_BEFORE_N/A_ACTUAL_POS],examen,CONTAINS,mobilisait,[RETOUR],examen,BEFORE,TDM,BEFORE,ponction,,
90,43,FR100371,[EVENT_BEFORE_N/A_ACTUAL_POS] --(CONTAINS)--> [EVENT_BEFORE_N/A_ACTUAL_POS] | [EVENT_BEFORE_N/A_ACTUAL_POS] --(BEFORE)--> [EVENT_BEFORE_N/A_ACTUAL_POS] | [EVENT_BEFORE_N/A_ACTUAL_POS] --(BEFORE)--> [EVENT_BEFORE_N/A_ACTUAL_POS],bilan,CONTAINS,bilan,[RETOUR],bilan,BEFORE,bilan,BEFORE,intervention,,
90,43,FR100400,[EVENT_BEFORE_N/A_ACTUAL_POS] --(CONTAINS)--> [EVENT_BEFORE_N/A_ACTUAL_POS] | [EVENT_BEFORE_N/A_ACTUAL_POS] --(BEFORE)--> [EVENT_BEFORE_N/A_ACTUAL_POS] | [EVENT_BEFORE_N/A_ACTUAL_POS] --(BEFORE)--> [EVENT_BEFORE_N/A_ACTUAL_POS],histoire,CONTAINS,douleurs,[RETOUR],histoire,BEFORE,examen,BEFORE,bilan,,
90,43,FR100448,[EVENT_BEFORE_N/A_ACTUAL_POS] --(CONTAINS)--> [EVENT_BEFORE_N/A_ACTUAL_POS] | [EVENT_BEFORE_N/A_ACTUAL_POS] --(BEFORE)--> [EVENT_BEFORE_N/A_ACTUAL_POS] | [EVENT_BEFORE_N/A_ACTUAL_POS] --(BEFORE)--> [EVENT_BEFORE_N/A_ACTUAL_POS],examen,CONTAINS,reste,[RETOUR],examen,BEFORE,échotomographie,BEFORE,hémi thyroïdectomie,,
90,43,FR100515,[EVENT_BEFORE_N/A_ACTUAL_POS] --(CONTAINS)--> [EVENT_BEFORE_N/A_ACTUAL_POS] | [EVENT_BEFORE_N/A_ACTUAL_POS] --(BEFORE)--> [EVENT_BEFORE_N/A_ACTUAL_POS] | [EVENT_BEFORE_N/A_ACTUAL_POS] --(BEFORE)--> [EVENT_BEFORE_N/A_ACTUAL_POS],bilan,CONTAINS,scanner,[RETOUR],bilan,BEFORE,prescrits,BEFORE,corticothérapie,,
90,43,FR100517,[EVENT_BEFORE_N/A_ACTUAL_POS] --(CONTAINS)--> [EVENT_BEFORE_N/A_ACTUAL_POS] | [EVENT_BEFORE_N/A_ACTUAL_POS] --(BEFORE)--> [EVENT_BEFORE_N/A_ACTUAL_POS] | [EVENT_BEFORE_N/A_ACTUAL_POS] --(BEFORE)--> [EVENT_BEFORE_N/A_ACTUAL_POS],bilan,CONTAINS,radiographie,[RETOUR],bilan,BEFORE,mise,BEFORE,auscultation,,
90,43,FR100519,[EVENT_BEFORE_N/A_ACTUAL_POS] --(CONTAINS)--> [EVENT_BEFORE_N/A_ACTUAL_POS] | [EVENT_BEFORE_N/A_ACTUAL_POS] --(BEFORE)--> [EVENT_BEFORE_N/A_ACTUAL_POS] | [EVENT_BEFORE_N/A_ACTUAL_POS] --(BEFORE)--> [EVENT_BEFORE_N/A_ACTUAL_POS],bilan,CONTAINS,radiographie,[RETOUR],bilan,BEFORE,angioscanner,BEFORE,échodoppler,,
90,43,FR100589,[EVENT_BEFORE_N/A_ACTUAL_POS] --(CONTAINS)--> [EVENT_BEFORE_N/A_ACTUAL_POS] | [EVENT_BEFORE_N/A_ACTUAL_POS] --(BEFORE)--> [EVENT_BEFORE_N/A_ACTUAL_POS] | [EVENT_BEFORE_N/A_ACTUAL_POS] --(BEFORE)--> [EVENT_BEFORE_N/A_ACTUAL_POS],lavage,CONTAINS,recherche,[RETOUR],lavage,BEFORE,biopsies,BEFORE,exploration,,
90,43,FR100597,[EVENT_BEFORE_N/A_ACTUAL_POS] --(CONTAINS)--> [EVENT_BEFORE_N/A_ACTUAL_POS] | [EVENT_BEFORE_N/A_ACTUAL_POS] --(BEFORE)--> [EVENT_BEFORE_N/A_ACTUAL_POS] | [EVENT_BEFORE_N/A_ACTUAL_POS] --(BEFORE)--> [EVENT_BEFORE_N/A_ACTUAL_POS],intervention,CONTAINS,exploration,[RETOUR],intervention,BEFORE,gestes,BEFORE,suites,,
90,43,FR100603,[EVENT_BEFORE_N/A_ACTUAL_POS] --(CONTAINS)--> [EVENT_BEFORE_N/A_ACTUAL_POS] | [EVENT_BEFORE_N/A_ACTUAL_POS] --(BEFORE)--> [EVENT_BEFORE_N/A_ACTUAL_POS] | [EVENT_BEFORE_N/A_ACTUAL_POS] --(BEFORE)--> [EVENT_BEFORE_N/A_ACTUAL_POS],chirurgie,CONTAINS,remplacée,[RETOUR],chirurgie,BEFORE,hémocultures,BEFORE,évolution,,
90,43,FR100611,[EVENT_BEFORE_N/A_ACTUAL_POS] --(CONTAINS)--> [EVENT_BEFORE_N/A_ACTUAL_POS] | [EVENT_BEFORE_N/A_ACTUAL_POS] --(BEFORE)--> [EVENT_BEFORE_N/A_ACTUAL_POS] | [EVENT_BEFORE_N/A_ACTUAL_POS] --(BEFORE)--> [EVENT_BEFORE_N/A_ACTUAL_POS],TDM,CONTAINS,image,[RETOUR],TDM,BEFORE,biopsie,BEFORE,recherche,,
90,43,FR100614,[EVENT_BEFORE_N/A_ACTUAL_POS] --(CONTAINS)--> [EVENT_BEFORE_N/A_ACTUAL_POS] | [EVENT_BEFORE_N/A_ACTUAL_POS] --(BEFORE)--> [EVENT_BEFORE_N/A_ACTUAL_POS] | [EVENT_BEFORE_N/A_ACTUAL_POS] --(BEFORE)--> [EVENT_BEFORE_N/A_ACTUAL_POS],intervention,CONTAINS,éviter,[RETOUR],intervention,BEFORE,résection,BEFORE,étude,,
90,43,FR100620,[EVENT_BEFORE_N/A_ACTUAL_POS] --(CONTAINS)--> [EVENT_BEFORE_N/A_ACTUAL_POS] | [EVENT_BEFORE_N/A_ACTUAL_POS] --(BEFORE)--> [EVENT_BEFORE_N/A_ACTUAL_POS] | [EVENT_BEFORE_N/A_ACTUAL_POS] --(BEFORE)--> [EVENT_BEFORE_N/A_ACTUAL_POS],bilan,CONTAINS,échographie,[RETOUR],bilan,BEFORE,bilan,BEFORE,évolution,,
90,43,FR100629,[EVENT_BEFORE_N/A_ACTUAL_POS] --(CONTAINS)--> [EVENT_BEFORE_N/A_ACTUAL_POS] | [EVENT_BEFORE_N/A_ACTUAL_POS] --(BEFORE)--> [EVENT_BEFORE_N/A_ACTUAL_POS] | [EVENT_BEFORE_N/A_ACTUAL_POS] --(BEFORE)--> [EVENT_BEFORE_N/A_ACTUAL_POS],thoracoscopie,CONTAINS,biopsie,[RETOUR],thoracoscopie,BEFORE,marquage,BEFORE,bilan,,
90,43,FR100632,[EVENT_BEFORE_N/A_ACTUAL_POS] --(CONTAINS)--> [EVENT_BEFORE_N/A_ACTUAL_POS] | [EVENT_BEFORE_N/A_ACTUAL_POS] --(BEFORE)--> [EVENT_BEFORE_N/A_ACTUAL_POS] | [EVENT_BEFORE_N/A_ACTUAL_POS] --(BEFORE)--> [EVENT_BEFORE_N/A_ACTUAL_POS],étude,CONTAINS,culture,[RETOUR],étude,BEFORE,numération,BEFORE,vitesse,,
90,43,FR100658,[EVENT_BEFORE_N/A_ACTUAL_POS] --(CONTAINS)--> [EVENT_BEFORE_N/A_ACTUAL_POS] | [EVENT_BEFORE_N/A_ACTUAL_POS] --(BEFORE)--> [EVENT_BEFORE_N/A_ACTUAL_POS] | [EVENT_BEFORE_N/A_ACTUAL_POS] --(BEFORE)--> [EVENT_BEFORE_N/A_ACTUAL_POS],monitorage,CONTAINS,enregistrement,[RETOUR],monitorage,BEFORE,prise,BEFORE,anesthésie,,
90,43,FR100666,[EVENT_BEFORE_N/A_ACTUAL_POS] --(CONTAINS)--> [EVENT_BEFORE_N/A_ACTUAL_POS] | [EVENT_BEFORE_N/A_ACTUAL_POS] --(BEFORE)--> [EVENT_BEFORE_N/A_ACTUAL_POS] | [EVENT_BEFORE_N/A_ACTUAL_POS] --(BEFORE)--> [EVENT_BEFORE_N/A_ACTUAL_POS],examen,CONTAINS,palpation,[RETOUR],examen,BEFORE,examen,BEFORE,palpation,,
90,43,FR100689,[EVENT_BEFORE_N/A_ACTUAL_POS] --(CONTAINS)--> [EVENT_BEFORE_N/A_ACTUAL_POS] | [EVENT_BEFORE_N/A_ACTUAL_POS] --(BEFORE)--> [EVENT_BEFORE_N/A_ACTUAL_POS] | [EVENT_BEFORE_N/A_ACTUAL_POS] --(BEFORE)--> [EVENT_BEFORE_N/A_ACTUAL_POS],IRM,CONTAINS,injection,[RETOUR],IRM,BEFORE,étude,BEFORE,examen,,
90,43,FR100748,[EVENT_BEFORE_N/A_ACTUAL_POS] --(CONTAINS)--> [EVENT_BEFORE_N/A_ACTUAL_POS] | [EVENT_BEFORE_N/A_ACTUAL_POS] --(BEFORE)--> [EVENT_BEFORE_N/A_ACTUAL_POS] | [EVENT_BEFORE_N/A_ACTUAL_POS] --(BEFORE)--> [EVENT_BEFORE_N/A_ACTUAL_POS],consultation,CONTAINS,examen,[RETOUR],consultation,BEFORE,ASA,BEFORE,Nicardipine,,
90,43,FR100780,[EVENT_BEFORE_N/A_ACTUAL_POS] --(CONTAINS)--> [EVENT_BEFORE_N/A_ACTUAL_POS] | [EVENT_BEFORE_N/A_ACTUAL_POS] --(BEFORE)--> [EVENT_BEFORE_N/A_ACTUAL_POS] | [EVENT_BEFORE_N/A_ACTUAL_POS] --(BEFORE)--> [EVENT_BEFORE_N/A_ACTUAL_POS],examen,CONTAINS,tension,[RETOUR],examen,BEFORE,toucher,BEFORE,échographie,,
90,43,FR100806,[EVENT_BEFORE_N/A_ACTUAL_POS] --(CONTAINS)--> [EVENT_BEFORE_N/A_ACTUAL_POS] | [EVENT_BEFORE_N/A_ACTUAL_POS] --(BEFORE)--> [EVENT_BEFORE_N/A_ACTUAL_POS] | [EVENT_BEFORE_N/A_ACTUAL_POS] --(BEFORE)--> [EVENT_BEFORE_N/A_ACTUAL_POS],prise,CONTAINS,splénectomie,[RETOUR],prise,BEFORE,examen,BEFORE,suites,,
90,43,FR100814,[EVENT_BEFORE_N/A_ACTUAL_POS] --(CONTAINS)--> [EVENT_BEFORE_N/A_ACTUAL_POS] | [EVENT_BEFORE_N/A_ACTUAL_POS] --(BEFORE)--> [EVENT_BEFORE_N/A_ACTUAL_POS] | [EVENT_BEFORE_N/A_ACTUAL_POS] --(BEFORE)--> [EVENT_BEFORE_N/A_ACTUAL_POS],IRM,CONTAINS,hypersignal,[RETOUR],IRM,BEFORE,diagnostic,BEFORE,réséquée,,
90,43,FR100845,[EVENT_BEFORE_N/A_ACTUAL_POS] --(CONTAINS)--> [EVENT_BEFORE_N/A_ACTUAL_POS] | [EVENT_BEFORE_N/A_ACTUAL_POS] --(BEFORE)--> [EVENT_BEFORE_N/A_ACTUAL_POS] | [EVENT_BEFORE_N/A_ACTUAL_POS] --(BEFORE)--> [EVENT_BEFORE_N/A_ACTUAL_POS],examinés,CONTAINS,examen,[RETOUR],examinés,BEFORE,détresse,BEFORE,intubée,,
90,43,FR100870,[EVENT_BEFORE_N/A_ACTUAL_POS] --(CONTAINS)--> [EVENT_BEFORE_N/A_ACTUAL_POS] | [EVENT_BEFORE_N/A_ACTUAL_POS] --(BEFORE)--> [EVENT_BEFORE_N/A_ACTUAL_POS] | [EVENT_BEFORE_N/A_ACTUAL_POS] --(BEFORE)--> [EVENT_BEFORE_N/A_ACTUAL_POS],électrophorèse,CONTAINS,découverte,[RETOUR],électrophorèse,BEFORE,immunosoustraction,BEFORE,typer,,
90,43,FR100874,[EVENT_BEFORE_N/A_ACTUAL_POS] --(CONTAINS)--> [EVENT_BEFORE_N/A_ACTUAL_POS] | [EVENT_BEFORE_N/A_ACTUAL_POS] --(BEFORE)--> [EVENT_BEFORE_N/A_ACTUAL_POS] | [EVENT_BEFORE_N/A_ACTUAL_POS] --(BEFORE)--> [EVENT_BEFORE_N/A_ACTUAL_POS],admission,CONTAINS,interrogatoire,[RETOUR],admission,BEFORE,examen,BEFORE,hémogramme,,
90,43,FR100903,[EVENT_BEFORE_N/A_ACTUAL_POS] --(CONTAINS)--> [EVENT_BEFORE_N/A_ACTUAL_POS] | [EVENT_BEFORE_N/A_ACTUAL_POS] --(BEFORE)--> [EVENT_BEFORE_N/A_ACTUAL_POS] | [EVENT_BEFORE_N/A_ACTUAL_POS] --(BEFORE)--> [EVENT_BEFORE_N/A_ACTUAL_POS],accouchement,CONTAINS,naissance,[RETOUR],accouchement,BEFORE,décédé,BEFORE,caryotype,,
90,43,FR100919,[EVENT_BEFORE_N/A_ACTUAL_POS] --(CONTAINS)--> [EVENT_BEFORE_N/A_ACTUAL_POS] | [EVENT_BEFORE_N/A_ACTUAL_POS] --(BEFORE)--> [EVENT_BEFORE_N/A_ACTUAL_POS] | [EVENT_BEFORE_N/A_ACTUAL_POS] --(BEFORE)--> [EVENT_BEFORE_N/A_ACTUAL_POS],correction,CONTAINS,injection,[RETOUR],correction,BEFORE,adressée,BEFORE,bilan,,
90,43,FR100946,[EVENT_BEFORE_N/A_ACTUAL_POS] --(CONTAINS)--> [EVENT_BEFORE_N/A_ACTUAL_POS] | [EVENT_BEFORE_N/A_ACTUAL_POS] --(BEFORE)--> [EVENT_BEFORE_N/A_ACTUAL_POS] | [EVENT_BEFORE_N/A_ACTUAL_POS] --(BEFORE)--> [EVENT_BEFORE_N/A_ACTUAL_POS],IRM,CONTAINS,prise,[RETOUR],IRM,BEFORE,analyse,BEFORE,mise,,
90,43,FR100959,[EVENT_BEFORE_N/A_ACTUAL_POS] --(CONTAINS)--> [EVENT_BEFORE_N/A_ACTUAL_POS] | [EVENT_BEFORE_N/A_ACTUAL_POS] --(BEFORE)--> [EVENT_BEFORE_N/A_ACTUAL_POS] | [EVENT_BEFORE_N/A_ACTUAL_POS] --(BEFORE)--> [EVENT_BEFORE_N/A_ACTUAL_POS],œsophagoscopie,CONTAINS,permis,[RETOUR],œsophagoscopie,BEFORE,Transit,BEFORE,notée,,
177,42,FR100003,[EVENT_BEFORE_N/A_ACTUAL_POS] --(BEFORE)--> [EVENT_BEFORE_N/A_ACTUAL_POS] | [EVENT_BEFORE_N/A_ACTUAL_POS] --(BEFORE)--> [EVENT_BEFORE_N/A_ACTUAL_POS] | [EVENT_BEFORE_N/A_ACTUAL_POS] --(CONTAINS)--> [EVENT_BEFORE_N/A_ACTUAL_POS],TDM,BEFORE,panoramique,BEFORE,ponction,CONTAINS,ramené,,,,
177,42,FR100092,[EVENT_BEFORE_N/A_ACTUAL_POS] --(BEFORE)--> [EVENT_BEFORE_N/A_ACTUAL_POS] | [EVENT_BEFORE_N/A_ACTUAL_POS] --(BEFORE)--> [EVENT_BEFORE_N/A_ACTUAL_POS] | [EVENT_BEFORE_N/A_ACTUAL_POS] --(CONTAINS)--> [EVENT_BEFORE_N/A_ACTUAL_POS],tableau,BEFORE,reste,BEFORE,minilaparotomie,CONTAINS,exploration,,,,
177,42,FR100130,[EVENT_BEFORE_N/A_ACTUAL_POS] --(BEFORE)--> [EVENT_BEFORE_N/A_ACTUAL_POS] | [EVENT_BEFORE_N/A_ACTUAL_POS] --(BEFORE)--> [EVENT_BEFORE_N/A_ACTUAL_POS] | [EVENT_BEFORE_N/A_ACTUAL_POS] --(CONTAINS)--> [EVENT_BEFORE_N/A_ACTUAL_POS],recherche,BEFORE,séjour,BEFORE,bilan,CONTAINS,recherchée,,,,
177,42,FR100132,[EVENT_BEFORE_N/A_ACTUAL_POS] --(BEFORE)--> [EVENT_BEFORE_N/A_ACTUAL_POS] | [EVENT_BEFORE_N/A_ACTUAL_POS] --(BEFORE)--> [EVENT_BEFORE_N/A_ACTUAL_POS] | [EVENT_BEFORE_N/A_ACTUAL_POS] --(CONTAINS)--> [EVENT_BEFORE_N/A_ACTUAL_POS],palpation,BEFORE,histologie,BEFORE,examen,CONTAINS,tension,,,,
177,42,FR100161,[EVENT_BEFORE_N/A_ACTUAL_POS] --(BEFORE)--> [EVENT_BEFORE_N/A_ACTUAL_POS] | [EVENT_BEFORE_N/A_ACTUAL_POS] --(BEFORE)--> [EVENT_BEFORE_N/A_ACTUAL_POS] | [EVENT_BEFORE_N/A_ACTUAL_POS] --(CONTAINS)--> [EVENT_BEFORE_N/A_ACTUAL_POS],interrogatoire,BEFORE,examen,BEFORE,examens,CONTAINS,Fibro,,,,
177,42,FR100168,[EVENT_BEFORE_N/A_ACTUAL_POS] --(BEFORE)--> [EVENT_BEFORE_N/A_ACTUAL_POS] | [EVENT_BEFORE_N/A_ACTUAL_POS] --(BEFORE)--> [EVENT_BEFORE_N/A_ACTUAL_POS] | [EVENT_BEFORE_N/A_ACTUAL_POS] --(CONTAINS)--> [EVENT_BEFORE_N/A_ACTUAL_POS],bilan,BEFORE,tests,BEFORE,entretien,CONTAINS,dévoiler,,,,
177,42,FR100255,[EVENT_BEFORE_N/A_ACTUAL_POS] --(BEFORE)--> [EVENT_BEFORE_N/A_ACTUAL_POS] | [EVENT_BEFORE_N/A_ACTUAL_POS] --(BEFORE)--> [EVENT_BEFORE_N/A_ACTUAL_POS] | [EVENT_BEFORE_N/A_ACTUAL_POS] --(CONTAINS)--> [EVENT_BEFORE_N/A_ACTUAL_POS],examen,BEFORE,examen,BEFORE,échographie,CONTAINS,confirmation,,,,
177,42,FR100275,[EVENT_BEFORE_N/A_ACTUAL_POS] --(BEFORE)--> [EVENT_BEFORE_N/A_ACTUAL_POS] | [EVENT_BEFORE_N/A_ACTUAL_POS] --(BEFORE)--> [EVENT_BEFORE_N/A_ACTUAL_POS] | [EVENT_BEFORE_N/A_ACTUAL_POS] --(CONTAINS)--> [EVENT_BEFORE_N/A_ACTUAL_POS],transféré,BEFORE,anamnèse,BEFORE,examen,CONTAINS,température,,,,
177,42,FR100276,[EVENT_BEFORE_N/A_ACTUAL_POS] --(BEFORE)--> [EVENT_BEFORE_N/A_ACTUAL_POS] | [EVENT_BEFORE_N/A_ACTUAL_POS] --(BEFORE)--> [EVENT_BEFORE_N/A_ACTUAL_POS] | [EVENT_BEFORE_N/A_ACTUAL_POS] --(CONTAINS)--> [EVENT_BEFORE_N/A_ACTUAL_POS],accouchement,BEFORE,reste,BEFORE,bilan,CONTAINS,bilan,,,,
177,42,FR100283,[EVENT_BEFORE_N/A_ACTUAL_POS] --(BEFORE)--> [EVENT_BEFORE_N/A_ACTUAL_POS] | [EVENT_BEFORE_N/A_ACTUAL_POS] --(BEFORE)--> [EVENT_BEFORE_N/A_ACTUAL_POS] | [EVENT_BEFORE_N/A_ACTUAL_POS] --(CONTAINS)--> [EVENT_BEFORE_N/A_ACTUAL_POS],IRM,BEFORE,hypophysiogramme,BEFORE,traitement,CONTAINS,opothérapie,,,,
177,42,FR100296,[EVENT_BEFORE_N/A_ACTUAL_POS] --(BEFORE)--> [EVENT_BEFORE_N/A_ACTUAL_POS] | [EVENT_BEFORE_N/A_ACTUAL_POS] --(BEFORE)--> [EVENT_BEFORE_N/A_ACTUAL_POS] | [EVENT_BEFORE_N/A_ACTUAL_POS] --(CONTAINS)--> [EVENT_BEFORE_N/A_ACTUAL_POS],IRM,BEFORE,fenestration,BEFORE,suites,CONTAINS,rétrocession,,,,
177,42,FR100344,[EVENT_BEFORE_N/A_ACTUAL_POS] --(BEFORE)--> [EVENT_BEFORE_N/A_ACTUAL_POS] | [EVENT_BEFORE_N/A_ACTUAL_POS] --(BEFORE)--> [EVENT_BEFORE_N/A_ACTUAL_POS] | [EVENT_BEFORE_N/A_ACTUAL_POS] --(CONTAINS)--> [EVENT_BEFORE_N/A_ACTUAL_POS],plainte,BEFORE,examen,BEFORE,césarienne,CONTAINS,laissé,,,,
177,42,FR100371,[EVENT_BEFORE_N/A_ACTUAL_POS] --(BEFORE)--> [EVENT_BEFORE_N/A_ACTUAL_POS] | [EVENT_BEFORE_N/A_ACTUAL_POS] --(BEFORE)--> [EVENT_BEFORE_N/A_ACTUAL_POS] | [EVENT_BEFORE_N/A_ACTUAL_POS] --(CONTAINS)--> [EVENT_BEFORE_N/A_ACTUAL_POS],bilan,BEFORE,bilan,BEFORE,intervention,CONTAINS,exérèse,,,,
177,42,FR100400,[EVENT_BEFORE_N/A_ACTUAL_POS] --(BEFORE)--> [EVENT_BEFORE_N/A_ACTUAL_POS] | [EVENT_BEFORE_N/A_ACTUAL_POS] --(BEFORE)--> [EVENT_BEFORE_N/A_ACTUAL_POS] | [EVENT_BEFORE_N/A_ACTUAL_POS] --(CONTAINS)--> [EVENT_BEFORE_N/A_ACTUAL_POS],résection,BEFORE,suites,BEFORE,suivie,CONTAINS,consultation,,,,
177,42,FR100515,[EVENT_BEFORE_N/A_ACTUAL_POS] --(BEFORE)--> [EVENT_BEFORE_N/A_ACTUAL_POS] | [EVENT_BEFORE_N/A_ACTUAL_POS] --(BEFORE)--> [EVENT_BEFORE_N/A_ACTUAL_POS] | [EVENT_BEFORE_N/A_ACTUAL_POS] --(CONTAINS)--> [EVENT_BEFORE_N/A_ACTUAL_POS],retenu,BEFORE,bilan,BEFORE,bilan,CONTAINS,scanner,,,,
177,42,FR100519,[EVENT_BEFORE_N/A_ACTUAL_POS] --(BEFORE)--> [EVENT_BEFORE_N/A_ACTUAL_POS] | [EVENT_BEFORE_N/A_ACTUAL_POS] --(BEFORE)--> [EVENT_BEFORE_N/A_ACTUAL_POS] | [EVENT_BEFORE_N/A_ACTUAL_POS] --(CONTAINS)--> [EVENT_BEFORE_N/A_ACTUAL_POS],hospitalisée,BEFORE,entrée,BEFORE,bilan,CONTAINS,radiographie,,,,
177,42,FR100589,[EVENT_BEFORE_N/A_ACTUAL_POS] --(BEFORE)--> [EVENT_BEFORE_N/A_ACTUAL_POS] | [EVENT_BEFORE_N/A_ACTUAL_POS] --(BEFORE)--> [EVENT_BEFORE_N/A_ACTUAL_POS] | [EVENT_BEFORE_N/A_ACTUAL_POS] --(CONTAINS)--> [EVENT_BEFORE_N/A_ACTUAL_POS],radiographie,BEFORE,tomodensitométrie,BEFORE,discuté,CONTAINS,évoqué,,,,
177,42,FR100597,[EVENT_BEFORE_N/A_ACTUAL_POS] --(BEFORE)--> [EVENT_BEFORE_N/A_ACTUAL_POS] | [EVENT_BEFORE_N/A_ACTUAL_POS] --(BEFORE)--> [EVENT_BEFORE_N/A_ACTUAL_POS] | [EVENT_BEFORE_N/A_ACTUAL_POS] --(CONTAINS)--> [EVENT_BEFORE_N/A_ACTUAL_POS],intervention,BEFORE,gestes,BEFORE,suites,CONTAINS,marquées,,,,
177,42,FR100611,[EVENT_BEFORE_N/A_ACTUAL_POS] --(BEFORE)--> [EVENT_BEFORE_N/A_ACTUAL_POS] | [EVENT_BEFORE_N/A_ACTUAL_POS] --(BEFORE)--> [EVENT_BEFORE_N/A_ACTUAL_POS] | [EVENT_BEFORE_N/A_ACTUAL_POS] --(CONTAINS)--> [EVENT_BEFORE_N/A_ACTUAL_POS],examen,BEFORE,PCR,BEFORE,TDM,CONTAINS,image,,,,
177,42,FR100614,[EVENT_BEFORE_N/A_ACTUAL_POS] --(BEFORE)--> [EVENT_BEFORE_N/A_ACTUAL_POS] | [EVENT_BEFORE_N/A_ACTUAL_POS] --(BEFORE)--> [EVENT_BEFORE_N/A_ACTUAL_POS] | [EVENT_BEFORE_N/A_ACTUAL_POS] --(CONTAINS)--> [EVENT_BEFORE_N/A_ACTUAL_POS],exploration,BEFORE,rupture,BEFORE,intervention,CONTAINS,éviter,,,,
177,42,FR100620,[EVENT_BEFORE_N/A_ACTUAL_POS] --(BEFORE)--> [EVENT_BEFORE_N/A_ACTUAL_POS] | [EVENT_BEFORE_N/A_ACTUAL_POS] --(BEFORE)--> [EVENT_BEFORE_N/A_ACTUAL_POS] | [EVENT_BEFORE_N/A_ACTUAL_POS] --(CONTAINS)--> [EVENT_BEFORE_N/A_ACTUAL_POS],bilan,BEFORE,bilan,BEFORE,évolution,CONTAINS,récidive,,,,
177,42,FR100629,[EVENT_BEFORE_N/A_ACTUAL_POS] --(BEFORE)--> [EVENT_BEFORE_N/A_ACTUAL_POS] | [EVENT_BEFORE_N/A_ACTUAL_POS] --(BEFORE)--> [EVENT_BEFORE_N/A_ACTUAL_POS] | [EVENT_BEFORE_N/A_ACTUAL_POS] --(CONTAINS)--> [EVENT_BEFORE_N/A_ACTUAL_POS],bilan,BEFORE,décision,BEFORE,chimiothérapie,CONTAINS,bithérapie,,,,
177,42,FR100632,[EVENT_BEFORE_N/A_ACTUAL_POS] --(BEFORE)--> [EVENT_BEFORE_N/A_ACTUAL_POS] | [EVENT_BEFORE_N/A_ACTUAL_POS] --(BEFORE)--> [EVENT_BEFORE_N/A_ACTUAL_POS] | [EVENT_BEFORE_N/A_ACTUAL_POS] --(CONTAINS)--> [EVENT_BEFORE_N/A_ACTUAL_POS],numération,BEFORE,bilan,BEFORE,enquête,CONTAINS,bilan,,,,
177,42,FR100658,[EVENT_BEFORE_N/A_ACTUAL_POS] --(BEFORE)--> [EVENT_BEFORE_N/A_ACTUAL_POS] | [EVENT_BEFORE_N/A_ACTUAL_POS] --(BEFORE)--> [EVENT_BEFORE_N/A_ACTUAL_POS] | [EVENT_BEFORE_N/A_ACTUAL_POS] --(CONTAINS)--> [EVENT_BEFORE_N/A_ACTUAL_POS],monitorage,BEFORE,prise,BEFORE,anesthésie,CONTAINS,monitorage,,,,
177,42,FR100663,[EVENT_BEFORE_N/A_ACTUAL_POS] --(BEFORE)--> [EVENT_BEFORE_N/A_ACTUAL_POS] | [EVENT_BEFORE_N/A_ACTUAL_POS] --(BEFORE)--> [EVENT_BEFORE_N/A_ACTUAL_POS] | [EVENT_BEFORE_N/A_ACTUAL_POS] --(CONTAINS)--> [EVENT_BEFORE_N/A_ACTUAL_POS],taux,BEFORE,tenté,BEFORE,bilan,CONTAINS,Taux,,,,
177,42,FR100666,[EVENT_BEFORE_N/A_ACTUAL_POS] --(BEFORE)--> [EVENT_BEFORE_N/A_ACTUAL_POS] | [EVENT_BEFORE_N/A_ACTUAL_POS] --(BEFORE)--> [EVENT_BEFORE_N/A_ACTUAL_POS] | [EVENT_BEFORE_N/A_ACTUAL_POS] --(CONTAINS)--> [EVENT_BEFORE_N/A_ACTUAL_POS],bilan,BEFORE,classé,BEFORE,traitement,CONTAINS,polychimiothérapie,,,,
177,42,FR100688,[EVENT_BEFORE_N/A_ACTUAL_POS] --(BEFORE)--> [EVENT_BEFORE_N/A_ACTUAL_POS] | [EVENT_BEFORE_N/A_ACTUAL_POS] --(BEFORE)--> [EVENT_BEFORE_N/A_ACTUAL_POS] | [EVENT_BEFORE_N/A_ACTUAL_POS] --(CONTAINS)--> [EVENT_BEFORE_N/A_ACTUAL_POS],incision,BEFORE,analyse,BEFORE,traitement,CONTAINS,phase,,,,
177,42,FR100689,[EVENT_BEFORE_N/A_ACTUAL_POS] --(BEFORE)--> [EVENT_BEFORE_N/A_ACTUAL_POS] | [EVENT_BEFORE_N/A_ACTUAL_POS] --(BEFORE)--> [EVENT_BEFORE_N/A_ACTUAL_POS] | [EVENT_BEFORE_N/A_ACTUAL_POS] --(CONTAINS)--> [EVENT_BEFORE_N/A_ACTUAL_POS],examen,BEFORE,retenu,BEFORE,évolution,CONTAINS,disparition,,,,
177,42,FR100708,[EVENT_BEFORE_N/A_ACTUAL_POS] --(BEFORE)--> [EVENT_BEFORE_N/A_ACTUAL_POS] | [EVENT_BEFORE_N/A_ACTUAL_POS] --(BEFORE)--> [EVENT_BEFORE_N/A_ACTUAL_POS] | [EVENT_BEFORE_N/A_ACTUAL_POS] --(CONTAINS)--> [EVENT_BEFORE_N/A_ACTUAL_POS],mammographie,BEFORE,échographie,BEFORE,ponction,CONTAINS,ramenant,,,,
177,42,FR100717,[EVENT_BEFORE_N/A_ACTUAL_POS] --(BEFORE)--> [EVENT_BEFORE_N/A_ACTUAL_POS] | [EVENT_BEFORE_N/A_ACTUAL_POS] --(BEFORE)--> [EVENT_BEFORE_N/A_ACTUAL_POS] | [EVENT_BEFORE_N/A_ACTUAL_POS] --(CONTAINS)--> [EVENT_BEFORE_N/A_ACTUAL_POS],enlevée,BEFORE,exploration,BEFORE,suites,CONTAINS,régression,,,,
177,42,FR100806,[EVENT_BEFORE_N/A_ACTUAL_POS] --(BEFORE)--> [EVENT_BEFORE_N/A_ACTUAL_POS] | [EVENT_BEFORE_N/A_ACTUAL_POS] --(BEFORE)--> [EVENT_BEFORE_N/A_ACTUAL_POS] | [EVENT_BEFORE_N/A_ACTUAL_POS] --(CONTAINS)--> [EVENT_BEFORE_N/A_ACTUAL_POS],biologie,BEFORE,tomodensitométrie,BEFORE,prise,CONTAINS,splénectomie,,,,
177,42,FR100826,[EVENT_BEFORE_N/A_ACTUAL_POS] --(BEFORE)--> [EVENT_BEFORE_N/A_ACTUAL_POS] | [EVENT_BEFORE_N/A_ACTUAL_POS] --(BEFORE)--> [EVENT_BEFORE_N/A_ACTUAL_POS] | [EVENT_BEFORE_N/A_ACTUAL_POS] --(CONTAINS)--> [EVENT_BEFORE_N/A_ACTUAL_POS],retenue,BEFORE,exploration,BEFORE,suites,CONTAINS,sortie,,,,
177,42,FR100845,[EVENT_BEFORE_N/A_ACTUAL_POS] --(BEFORE)--> [EVENT_BEFORE_N/A_ACTUAL_POS] | [EVENT_BEFORE_N/A_ACTUAL_POS] --(BEFORE)--> [EVENT_BEFORE_N/A_ACTUAL_POS] | [EVENT_BEFORE_N/A_ACTUAL_POS] --(CONTAINS)--> [EVENT_BEFORE_N/A_ACTUAL_POS],extraction,BEFORE,examen,BEFORE,examinés,CONTAINS,examen,,,,
177,42,FR100870,[EVENT_BEFORE_N/A_ACTUAL_POS] --(BEFORE)--> [EVENT_BEFORE_N/A_ACTUAL_POS] | [EVENT_BEFORE_N/A_ACTUAL_POS] --(BEFORE)--> [EVENT_BEFORE_N/A_ACTUAL_POS] | [EVENT_BEFORE_N/A_ACTUAL_POS] --(CONTAINS)--> [EVENT_BEFORE_N/A_ACTUAL_POS],bilan,BEFORE,IRM,BEFORE,électrophorèse,CONTAINS,découverte,,,,
177,42,FR100874,[EVENT_BEFORE_N/A_ACTUAL_POS] --(BEFORE)--> [EVENT_BEFORE_N/A_ACTUAL_POS] | [EVENT_BEFORE_N/A_ACTUAL_POS] --(BEFORE)--> [EVENT_BEFORE_N/A_ACTUAL_POS] | [EVENT_BEFORE_N/A_ACTUAL_POS] --(CONTAINS)--> [EVENT_BEFORE_N/A_ACTUAL_POS],hémogramme,BEFORE,fibroscopie,BEFORE,transit,CONTAINS,image,,,,
177,42,FR100882,[EVENT_BEFORE_N/A_ACTUAL_POS] --(BEFORE)--> [EVENT_BEFORE_N/A_ACTUAL_POS] | [EVENT_BEFORE_N/A_ACTUAL_POS] --(BEFORE)--> [EVENT_BEFORE_N/A_ACTUAL_POS] | [EVENT_BEFORE_N/A_ACTUAL_POS] --(CONTAINS)--> [EVENT_BEFORE_N/A_ACTUAL_POS],sérologies,BEFORE,sclérothérapie,BEFORE,évolution,CONTAINS,amélioration,,,,
177,42,FR100883,[EVENT_BEFORE_N/A_ACTUAL_POS] --(BEFORE)--> [EVENT_BEFORE_N/A_ACTUAL_POS] | [EVENT_BEFORE_N/A_ACTUAL_POS] --(BEFORE)--> [EVENT_BEFORE_N/A_ACTUAL_POS] | [EVENT_BEFORE_N/A_ACTUAL_POS] --(CONTAINS)--> [EVENT_BEFORE_N/A_ACTUAL_POS],biopsie,BEFORE,bilan,BEFORE,reçu,CONTAINS,radiothérapie,,,,
177,42,FR100894,[EVENT_BEFORE_N/A_ACTUAL_POS] --(BEFORE)--> [EVENT_BEFORE_N/A_ACTUAL_POS] | [EVENT_BEFORE_N/A_ACTUAL_POS] --(BEFORE)--> [EVENT_BEFORE_N/A_ACTUAL_POS] | [EVENT_BEFORE_N/A_ACTUAL_POS] --(CONTAINS)--> [EVENT_BEFORE_N/A_ACTUAL_POS],diagnostic,BEFORE,pris,BEFORE,incision,CONTAINS,décompression,,,,
177,42,FR100903,[EVENT_BEFORE_N/A_ACTUAL_POS] --(BEFORE)--> [EVENT_BEFORE_N/A_ACTUAL_POS] | [EVENT_BEFORE_N/A_ACTUAL_POS] --(BEFORE)--> [EVENT_BEFORE_N/A_ACTUAL_POS] | [EVENT_BEFORE_N/A_ACTUAL_POS] --(CONTAINS)--> [EVENT_BEFORE_N/A_ACTUAL_POS],écarté,BEFORE,contrôles,BEFORE,accouchement,CONTAINS,naissance,,,,
177,42,FR100998,[EVENT_BEFORE_N/A_ACTUAL_POS] --(BEFORE)--> [EVENT_BEFORE_N/A_ACTUAL_POS] | [EVENT_BEFORE_N/A_ACTUAL_POS] --(BEFORE)--> [EVENT_BEFORE_N/A_ACTUAL_POS] | [EVENT_BEFORE_N/A_ACTUAL_POS] --(CONTAINS)--> [EVENT_BEFORE_N/A_ACTUAL_POS],taux,BEFORE,diagnostic,BEFORE,traitée,CONTAINS,cures,,,,
78,41,FR100078,[EVENT_BEFORE_N/A_ACTUAL_POS] --(CONTAINS)--> [EVENT_BEFORE_N/A_ACTUAL_POS] | [EVENT_BEFORE_N/A_ACTUAL_POS] --(CONTAINS)--> [EVENT_BEFORE_N/A_ACTUAL_POS] | [EVENT_BEFORE_N/A_ACTUAL_POS] --(BEFORE)--> [EVENT_BEFORE_N/A_ACTUAL_POS],signes,CONTAINS,diagnostic,[RETOUR],signes,CONTAINS,C-réactive,[RETOUR],diagnostic,BEFORE,traitements
78,41,FR100092,[EVENT_BEFORE_N/A_ACTUAL_POS] --(CONTAINS)--> [EVENT_BEFORE_N/A_ACTUAL_POS] | [EVENT_BEFORE_N/A_ACTUAL_POS] --(CONTAINS)--> [EVENT_BEFORE_N/A_ACTUAL_POS] | [EVENT_BEFORE_N/A_ACTUAL_POS] --(BEFORE)--> [EVENT_BEFORE_N/A_ACTUAL_POS],minilaparotomie,CONTAINS,reste,[RETOUR],minilaparotomie,CONTAINS,exploration,[RETOUR],reste,BEFORE,étude
78,41,FR100130,[EVENT_BEFORE_N/A_ACTUAL_POS] --(CONTAINS)--> [EVENT_BEFORE_N/A_ACTUAL_POS] | [EVENT_BEFORE_N/A_ACTUAL_POS] --(CONTAINS)--> [EVENT_BEFORE_N/A_ACTUAL_POS] | [EVENT_BEFORE_N/A_ACTUAL_POS] --(BEFORE)--> [EVENT_BEFORE_N/A_ACTUAL_POS],activité,CONTAINS,électromyogramme,[RETOUR],activité,CONTAINS,décharges,[RETOUR],électromyogramme,BEFORE,confirmé
78,41,FR100142,[EVENT_BEFORE_N/A_ACTUAL_POS] --(CONTAINS)--> [EVENT_BEFORE_N/A_ACTUAL_POS] | [EVENT_BEFORE_N/A_ACTUAL_POS] --(CONTAINS)--> [EVENT_BEFORE_N/A_ACTUAL_POS] | [EVENT_BEFORE_N/A_ACTUAL_POS] --(BEFORE)--> [EVENT_BEFORE_N/A_ACTUAL_POS],lésions,CONTAINS,apparition,[RETOUR],lésions,CONTAINS,examen,[RETOUR],apparition,BEFORE,extension
78,41,FR100168,[EVENT_BEFORE_N/A_ACTUAL_POS] --(CONTAINS)--> [EVENT_BEFORE_N/A_ACTUAL_POS] | [EVENT_BEFORE_N/A_ACTUAL_POS] --(CONTAINS)--> [EVENT_BEFORE_N/A_ACTUAL_POS] | [EVENT_BEFORE_N/A_ACTUAL_POS] --(BEFORE)--> [EVENT_BEFORE_N/A_ACTUAL_POS],plaquettes,CONTAINS,bilan,[RETOUR],plaquettes,CONTAINS,bilan,[RETOUR],bilan,BEFORE,tests
78,41,FR100185,[EVENT_BEFORE_N/A_ACTUAL_POS] --(CONTAINS)--> [EVENT_BEFORE_N/A_ACTUAL_POS] | [EVENT_BEFORE_N/A_ACTUAL_POS] --(CONTAINS)--> [EVENT_BEFORE_N/A_ACTUAL_POS] | [EVENT_BEFORE_N/A_ACTUAL_POS] --(BEFORE)--> [EVENT_BEFORE_N/A_ACTUAL_POS],accuse,CONTAINS,Electromyogramme,[RETOUR],accuse,CONTAINS,examen,[RETOUR],Electromyogramme,BEFORE,IRM
78,41,FR100255,[EVENT_BEFORE_N/A_ACTUAL_POS] --(CONTAINS)--> [EVENT_BEFORE_N/A_ACTUAL_POS] | [EVENT_BEFORE_N/A_ACTUAL_POS] --(CONTAINS)--> [EVENT_BEFORE_N/A_ACTUAL_POS] | [EVENT_BEFORE_N/A_ACTUAL_POS] --(BEFORE)--> [EVENT_BEFORE_N/A_ACTUAL_POS],emphysème,CONTAINS,radio,[RETOUR],emphysème,CONTAINS,examen,[RETOUR],radio,BEFORE,TDM
78,41,FR100276,[EVENT_BEFORE_N/A_ACTUAL_POS] --(CONTAINS)--> [EVENT_BEFORE_N/A_ACTUAL_POS] | [EVENT_BEFORE_N/A_ACTUAL_POS] --(CONTAINS)--> [EVENT_BEFORE_N/A_ACTUAL_POS] | [EVENT_BEFORE_N/A_ACTUAL_POS] --(BEFORE)--> [EVENT_BEFORE_N/A_ACTUAL_POS],signe,CONTAINS,posé,[RETOUR],signe,CONTAINS,examen,[RETOUR],posé,BEFORE,application
78,41,FR100283,[EVENT_BEFORE_N/A_ACTUAL_POS] --(CONTAINS)--> [EVENT_BEFORE_N/A_ACTUAL_POS] | [EVENT_BEFORE_N/A_ACTUAL_POS] --(CONTAINS)--> [EVENT_BEFORE_N/A_ACTUAL_POS] | [EVENT_BEFORE_N/A_ACTUAL_POS] --(BEFORE)--> [EVENT_BEFORE_N/A_ACTUAL_POS],consulté,CONTAINS,bilan,[RETOUR],consulté,CONTAINS,examen,[RETOUR],bilan,BEFORE,ponction
78,41,FR100344,[EVENT_BEFORE_N/A_ACTUAL_POS] --(CONTAINS)--> [EVENT_BEFORE_N/A_ACTUAL_POS] | [EVENT_BEFORE_N/A_ACTUAL_POS] --(CONTAINS)--> [EVENT_BEFORE_N/A_ACTUAL_POS] | [EVENT_BEFORE_N/A_ACTUAL_POS] --(BEFORE)--> [EVENT_BEFORE_N/A_ACTUAL_POS],grossesse,CONTAINS,contrôle,[RETOUR],grossesse,CONTAINS,échographie,[RETOUR],contrôle,BEFORE,échographies
78,41,FR100346,[EVENT_BEFORE_N/A_ACTUAL_POS] --(CONTAINS)--> [EVENT_BEFORE_N/A_ACTUAL_POS] | [EVENT_BEFORE_N/A_ACTUAL_POS] --(CONTAINS)--> [EVENT_BEFORE_N/A_ACTUAL_POS] | [EVENT_BEFORE_N/A_ACTUAL_POS] --(BEFORE)--> [EVENT_BEFORE_N/A_ACTUAL_POS],enquête,CONTAINS,bilan,[RETOUR],enquête,CONTAINS,réalisé,[RETOUR],bilan,BEFORE,héparinothérapie
78,41,FR100360,[EVENT_BEFORE_N/A_ACTUAL_POS] --(CONTAINS)--> [EVENT_BEFORE_N/A_ACTUAL_POS] | [EVENT_BEFORE_N/A_ACTUAL_POS] --(CONTAINS)--> [EVENT_BEFORE_N/A_ACTUAL_POS] | [EVENT_BEFORE_N/A_ACTUAL_POS] --(BEFORE)--> [EVENT_BEFORE_N/A_ACTUAL_POS],colpohystérectomie,CONTAINS,curage,[RETOUR],colpohystérectomie,CONTAINS,annexectomie,[RETOUR],curage,BEFORE,radiothérapie
78,41,FR100361,[EVENT_BEFORE_N/A_ACTUAL_POS] --(CONTAINS)--> [EVENT_BEFORE_N/A_ACTUAL_POS] | [EVENT_BEFORE_N/A_ACTUAL_POS] --(CONTAINS)--> [EVENT_BEFORE_N/A_ACTUAL_POS] | [EVENT_BEFORE_N/A_ACTUAL_POS] --(BEFORE)--> [EVENT_BEFORE_N/A_ACTUAL_POS],englobe,CONTAINS,TDM,[RETOUR],englobe,CONTAINS,étude,[RETOUR],TDM,BEFORE,ponction
78,41,FR100371,[EVENT_BEFORE_N/A_ACTUAL_POS] --(CONTAINS)--> [EVENT_BEFORE_N/A_ACTUAL_POS] | [EVENT_BEFORE_N/A_ACTUAL_POS] --(CONTAINS)--> [EVENT_BEFORE_N/A_ACTUAL_POS] | [EVENT_BEFORE_N/A_ACTUAL_POS] --(BEFORE)--> [EVENT_BEFORE_N/A_ACTUAL_POS],ablation,CONTAINS,incision,[RETOUR],ablation,CONTAINS,hémostase,[RETOUR],incision,BEFORE,envoyée
78,41,FR100453,[EVENT_BEFORE_N/A_ACTUAL_POS] --(CONTAINS)--> [EVENT_BEFORE_N/A_ACTUAL_POS] | [EVENT_BEFORE_N/A_ACTUAL_POS] --(CONTAINS)--> [EVENT_BEFORE_N/A_ACTUAL_POS] | [EVENT_BEFORE_N/A_ACTUAL_POS] --(BEFORE)--> [EVENT_BEFORE_N/A_ACTUAL_POS],développement,CONTAINS,examen,[RETOUR],développement,CONTAINS,examen,[RETOUR],examen,BEFORE,radiographies
78,41,FR100510,[EVENT_BEFORE_N/A_ACTUAL_POS] --(CONTAINS)--> [EVENT_BEFORE_N/A_ACTUAL_POS] | [EVENT_BEFORE_N/A_ACTUAL_POS] --(CONTAINS)--> [EVENT_BEFORE_N/A_ACTUAL_POS] | [EVENT_BEFORE_N/A_ACTUAL_POS] --(BEFORE)--> [EVENT_BEFORE_N/A_ACTUAL_POS],kyste,CONTAINS,biopsie,[RETOUR],kyste,CONTAINS,données,[RETOUR],biopsie,BEFORE,décision
78,41,FR100515,[EVENT_BEFORE_N/A_ACTUAL_POS] --(CONTAINS)--> [EVENT_BEFORE_N/A_ACTUAL_POS] | [EVENT_BEFORE_N/A_ACTUAL_POS] --(CONTAINS)--> [EVENT_BEFORE_N/A_ACTUAL_POS] | [EVENT_BEFORE_N/A_ACTUAL_POS] --(BEFORE)--> [EVENT_BEFORE_N/A_ACTUAL_POS],atteinte,CONTAINS,testing,[RETOUR],atteinte,CONTAINS,hospitalisée,[RETOUR],testing,BEFORE,dosage
78,41,FR100519,[EVENT_BEFORE_N/A_ACTUAL_POS] --(CONTAINS)--> [EVENT_BEFORE_N/A_ACTUAL_POS] | [EVENT_BEFORE_N/A_ACTUAL_POS] --(CONTAINS)--> [EVENT_BEFORE_N/A_ACTUAL_POS] | [EVENT_BEFORE_N/A_ACTUAL_POS] --(BEFORE)--> [EVENT_BEFORE_N/A_ACTUAL_POS],embolie,CONTAINS,angioscanner,[RETOUR],embolie,CONTAINS,admise,[RETOUR],angioscanner,BEFORE,échodoppler
78,41,FR100579,[EVENT_BEFORE_N/A_ACTUAL_POS] --(CONTAINS)--> [EVENT_BEFORE_N/A_ACTUAL_POS] | [EVENT_BEFORE_N/A_ACTUAL_POS] --(CONTAINS)--> [EVENT_BEFORE_N/A_ACTUAL_POS] | [EVENT_BEFORE_N/A_ACTUAL_POS] --(BEFORE)--> [EVENT_BEFORE_N/A_ACTUAL_POS],processus,CONTAINS,échocardiographie,[RETOUR],processus,CONTAINS,imagerie,[RETOUR],échocardiographie,BEFORE,bilan
78,41,FR100589,[EVENT_BEFORE_N/A_ACTUAL_POS] --(CONTAINS)--> [EVENT_BEFORE_N/A_ACTUAL_POS] | [EVENT_BEFORE_N/A_ACTUAL_POS] --(CONTAINS)--> [EVENT_BEFORE_N/A_ACTUAL_POS] | [EVENT_BEFORE_N/A_ACTUAL_POS] --(BEFORE)--> [EVENT_BEFORE_N/A_ACTUAL_POS],aspect,CONTAINS,tomodensitométrie,[RETOUR],aspect,CONTAINS,évoquer,[RETOUR],tomodensitométrie,BEFORE,discuté
78,41,FR100614,[EVENT_BEFORE_N/A_ACTUAL_POS] --(CONTAINS)--> [EVENT_BEFORE_N/A_ACTUAL_POS] | [EVENT_BEFORE_N/A_ACTUAL_POS] --(CONTAINS)--> [EVENT_BEFORE_N/A_ACTUAL_POS] | [EVENT_BEFORE_N/A_ACTUAL_POS] --(BEFORE)--> [EVENT_BEFORE_N/A_ACTUAL_POS],masse,CONTAINS,tomodensitométrie,[RETOUR],masse,CONTAINS,examen,[RETOUR],tomodensitométrie,BEFORE,radiographie
78,41,FR100620,[EVENT_BEFORE_N/A_ACTUAL_POS] --(CONTAINS)--> [EVENT_BEFORE_N/A_ACTUAL_POS] | [EVENT_BEFORE_N/A_ACTUAL_POS] --(CONTAINS)--> [EVENT_BEFORE_N/A_ACTUAL_POS] | [EVENT_BEFORE_N/A_ACTUAL_POS] --(BEFORE)--> [EVENT_BEFORE_N/A_ACTUAL_POS],toux,CONTAINS,présenté,[RETOUR],toux,CONTAINS,expectorations,[RETOUR],présenté,BEFORE,examen
78,41,FR100632,[EVENT_BEFORE_N/A_ACTUAL_POS] --(CONTAINS)--> [EVENT_BEFORE_N/A_ACTUAL_POS] | [EVENT_BEFORE_N/A_ACTUAL_POS] --(CONTAINS)--> [EVENT_BEFORE_N/A_ACTUAL_POS] | [EVENT_BEFORE_N/A_ACTUAL_POS] --(BEFORE)--> [EVENT_BEFORE_N/A_ACTUAL_POS],myélite,CONTAINS,IRM,[RETOUR],myélite,CONTAINS,diagnostic,[RETOUR],IRM,BEFORE,IRM
78,41,FR100663,[EVENT_BEFORE_N/A_ACTUAL_POS] --(CONTAINS)--> [EVENT_BEFORE_N/A_ACTUAL_POS] | [EVENT_BEFORE_N/A_ACTUAL_POS] --(CONTAINS)--> [EVENT_BEFORE_N/A_ACTUAL_POS] | [EVENT_BEFORE_N/A_ACTUAL_POS] --(BEFORE)--> [EVENT_BEFORE_N/A_ACTUAL_POS],contenait,CONTAINS,échographie,[RETOUR],contenait,CONTAINS,longueur,[RETOUR],échographie,BEFORE,taux
78,41,FR100688,[EVENT_BEFORE_N/A_ACTUAL_POS] --(CONTAINS)--> [EVENT_BEFORE_N/A_ACTUAL_POS] | [EVENT_BEFORE_N/A_ACTUAL_POS] --(CONTAINS)--> [EVENT_BEFORE_N/A_ACTUAL_POS] | [EVENT_BEFORE_N/A_ACTUAL_POS] --(BEFORE)--> [EVENT_BEFORE_N/A_ACTUAL_POS],Bacille,CONTAINS,analyse,[RETOUR],Bacille,CONTAINS,culture,[RETOUR],analyse,BEFORE,traitement
78,41,FR100689,[EVENT_BEFORE_N/A_ACTUAL_POS] --(CONTAINS)--> [EVENT_BEFORE_N/A_ACTUAL_POS] | [EVENT_BEFORE_N/A_ACTUAL_POS] --(CONTAINS)--> [EVENT_BEFORE_N/A_ACTUAL_POS] | [EVENT_BEFORE_N/A_ACTUAL_POS] --(BEFORE)--> [EVENT_BEFORE_N/A_ACTUAL_POS],symptomatologie,CONTAINS,demandé,[RETOUR],symptomatologie,CONTAINS,augmentation,[RETOUR],demandé,BEFORE,avis
78,41,FR100717,[EVENT_BEFORE_N/A_ACTUAL_POS] --(CONTAINS)--> [EVENT_BEFORE_N/A_ACTUAL_POS] | [EVENT_BEFORE_N/A_ACTUAL_POS] --(CONTAINS)--> [EVENT_BEFORE_N/A_ACTUAL_POS] | [EVENT_BEFORE_N/A_ACTUAL_POS] --(BEFORE)--> [EVENT_BEFORE_N/A_ACTUAL_POS],épaississement,CONTAINS,IRM,[RETOUR],épaississement,CONTAINS,hypersignal,[RETOUR],IRM,BEFORE,laminectomie
78,41,FR100748,[EVENT_BEFORE_N/A_ACTUAL_POS] --(CONTAINS)--> [EVENT_BEFORE_N/A_ACTUAL_POS] | [EVENT_BEFORE_N/A_ACTUAL_POS] --(CONTAINS)--> [EVENT_BEFORE_N/A_ACTUAL_POS] | [EVENT_BEFORE_N/A_ACTUAL_POS] --(BEFORE)--> [EVENT_BEFORE_N/A_ACTUAL_POS],hospitalisation,CONTAINS,indication,[RETOUR],hospitalisation,CONTAINS,reste,[RETOUR],indication,BEFORE,consultation
78,41,FR100806,[EVENT_BEFORE_N/A_ACTUAL_POS] --(CONTAINS)--> [EVENT_BEFORE_N/A_ACTUAL_POS] | [EVENT_BEFORE_N/A_ACTUAL_POS] --(CONTAINS)--> [EVENT_BEFORE_N/A_ACTUAL_POS] | [EVENT_BEFORE_N/A_ACTUAL_POS] --(BEFORE)--> [EVENT_BEFORE_N/A_ACTUAL_POS],hématome,CONTAINS,examen,[RETOUR],hématome,CONTAINS,tomodensitométrie,[RETOUR],examen,BEFORE,suites
78,41,FR100894,[EVENT_BEFORE_N/A_ACTUAL_POS] --(CONTAINS)--> [EVENT_BEFORE_N/A_ACTUAL_POS] | [EVENT_BEFORE_N/A_ACTUAL_POS] --(CONTAINS)--> [EVENT_BEFORE_N/A_ACTUAL_POS] | [EVENT_BEFORE_N/A_ACTUAL_POS] --(BEFORE)--> [EVENT_BEFORE_N/A_ACTUAL_POS],incision,CONTAINS,décompression,[RETOUR],incision,CONTAINS,section,[RETOUR],décompression,BEFORE,palpation
78,41,FR100903,[EVENT_BEFORE_N/A_ACTUAL_POS] --(CONTAINS)--> [EVENT_BEFORE_N/A_ACTUAL_POS] | [EVENT_BEFORE_N/A_ACTUAL_POS] --(CONTAINS)--> [EVENT_BEFORE_N/A_ACTUAL_POS] | [EVENT_BEFORE_N/A_ACTUAL_POS] --(BEFORE)--> [EVENT_BEFORE_N/A_ACTUAL_POS],hydrops,CONTAINS,diagnostic,[RETOUR],hydrops,CONTAINS,circonférence,[RETOUR],diagnostic,BEFORE,écarté
78,41,FR100944,[EVENT_BEFORE_N/A_ACTUAL_POS] --(CONTAINS)--> [EVENT_BEFORE_N/A_ACTUAL_POS] | [EVENT_BEFORE_N/A_ACTUAL_POS] --(CONTAINS)--> [EVENT_BEFORE_N/A_ACTUAL_POS] | [EVENT_BEFORE_N/A_ACTUAL_POS] --(BEFORE)--> [EVENT_BEFORE_N/A_ACTUAL_POS],suivi,CONTAINS,échocardiographique,[RETOUR],suivi,CONTAINS,hospitalisé,[RETOUR],échocardiographique,BEFORE,remplacement
12,40,FR100003,[EVENT_BEFORE_N/A_ACTUAL_POS] --(CONTAINS)--> [EVENT_BEFORE_N/A_ACTUAL_POS] | [EVENT_BEFORE_N/A_ACTUAL_POS] --(OVERLAP)--> [EVENT_BEFORE_N/A_ACTUAL_POS],état,CONTAINS,Lexamen,[RETOUR],état,OVERLAP,SaO2,,,,
12,40,FR100092,[EVENT_BEFORE_N/A_ACTUAL_POS] --(CONTAINS)--> [EVENT_BEFORE_N/A_ACTUAL_POS] | [EVENT_BEFORE_N/A_ACTUAL_POS] --(OVERLAP)--> [EVENT_BEFORE_N/A_ACTUAL_POS],appendicite,CONTAINS,étude,[RETOUR],appendicite,OVERLAP,réaction,,,,
12,40,FR100120,[EVENT_BEFORE_N/A_ACTUAL_POS] --(CONTAINS)--> [EVENT_BEFORE_N/A_ACTUAL_POS] | [EVENT_BEFORE_N/A_ACTUAL_POS] --(OVERLAP)--> [EVENT_BEFORE_N/A_ACTUAL_POS],traitement,CONTAINS,soins,[RETOUR],traitement,OVERLAP,rattaché,,,,
12,40,FR100130,[EVENT_BEFORE_N/A_ACTUAL_POS] --(CONTAINS)--> [EVENT_BEFORE_N/A_ACTUAL_POS] | [EVENT_BEFORE_N/A_ACTUAL_POS] --(OVERLAP)--> [EVENT_BEFORE_N/A_ACTUAL_POS],réflexes,CONTAINS,examen,[RETOUR],réflexes,OVERLAP,réflexe,,,,
12,40,FR100132,[EVENT_BEFORE_N/A_ACTUAL_POS] --(CONTAINS)--> [EVENT_BEFORE_N/A_ACTUAL_POS] | [EVENT_BEFORE_N/A_ACTUAL_POS] --(OVERLAP)--> [EVENT_BEFORE_N/A_ACTUAL_POS],consultation,CONTAINS,référée,[RETOUR],consultation,OVERLAP,antécédents,,,,
12,40,FR100142,[EVENT_BEFORE_N/A_ACTUAL_POS] --(CONTAINS)--> [EVENT_BEFORE_N/A_ACTUAL_POS] | [EVENT_BEFORE_N/A_ACTUAL_POS] --(OVERLAP)--> [EVENT_BEFORE_N/A_ACTUAL_POS],marquage,CONTAINS,étude,[RETOUR],marquage,OVERLAP,maladie,,,,
12,40,FR100161,[EVENT_BEFORE_N/A_ACTUAL_POS] --(CONTAINS)--> [EVENT_BEFORE_N/A_ACTUAL_POS] | [EVENT_BEFORE_N/A_ACTUAL_POS] --(OVERLAP)--> [EVENT_BEFORE_N/A_ACTUAL_POS],sérologie,CONTAINS,examens,[RETOUR],sérologie,OVERLAP,charge,,,,
12,40,FR100168,[EVENT_BEFORE_N/A_ACTUAL_POS] --(CONTAINS)--> [EVENT_BEFORE_N/A_ACTUAL_POS] | [EVENT_BEFORE_N/A_ACTUAL_POS] --(OVERLAP)--> [EVENT_BEFORE_N/A_ACTUAL_POS],entretien,CONTAINS,dévoiler,[RETOUR],entretien,OVERLAP,habitude,,,,
12,40,FR100275,[EVENT_BEFORE_N/A_ACTUAL_POS] --(CONTAINS)--> [EVENT_BEFORE_N/A_ACTUAL_POS] | [EVENT_BEFORE_N/A_ACTUAL_POS] --(OVERLAP)--> [EVENT_BEFORE_N/A_ACTUAL_POS],bilan,CONTAINS,radiographie,[RETOUR],bilan,OVERLAP,rassurant,,,,
12,40,FR100282,[EVENT_BEFORE_N/A_ACTUAL_POS] --(CONTAINS)--> [EVENT_BEFORE_N/A_ACTUAL_POS] | [EVENT_BEFORE_N/A_ACTUAL_POS] --(OVERLAP)--> [EVENT_BEFORE_N/A_ACTUAL_POS],crises,CONTAINS,soumis,[RETOUR],crises,OVERLAP,perte,,,,
12,40,FR100296,[EVENT_BEFORE_N/A_ACTUAL_POS] --(CONTAINS)--> [EVENT_BEFORE_N/A_ACTUAL_POS] | [EVENT_BEFORE_N/A_ACTUAL_POS] --(OVERLAP)--> [EVENT_BEFORE_N/A_ACTUAL_POS],émergence,CONTAINS,fenestration,[RETOUR],émergence,OVERLAP,conflit,,,,
12,40,FR100361,[EVENT_BEFORE_N/A_ACTUAL_POS] --(CONTAINS)--> [EVENT_BEFORE_N/A_ACTUAL_POS] | [EVENT_BEFORE_N/A_ACTUAL_POS] --(OVERLAP)--> [EVENT_BEFORE_N/A_ACTUAL_POS],méningo-vascularite,CONTAINS,diagnostic,[RETOUR],méningo-vascularite,OVERLAP,adénome,,,,
12,40,FR100371,[EVENT_BEFORE_N/A_ACTUAL_POS] --(CONTAINS)--> [EVENT_BEFORE_N/A_ACTUAL_POS] | [EVENT_BEFORE_N/A_ACTUAL_POS] --(OVERLAP)--> [EVENT_BEFORE_N/A_ACTUAL_POS],pesait,CONTAINS,examen,[RETOUR],pesait,OVERLAP,taille,,,,
12,40,FR100400,[EVENT_BEFORE_N/A_ACTUAL_POS] --(CONTAINS)--> [EVENT_BEFORE_N/A_ACTUAL_POS] | [EVENT_BEFORE_N/A_ACTUAL_POS] --(OVERLAP)--> [EVENT_BEFORE_N/A_ACTUAL_POS],suites,CONTAINS,retiré,[RETOUR],suites,OVERLAP,étude,,,,
12,40,FR100517,[EVENT_BEFORE_N/A_ACTUAL_POS] --(CONTAINS)--> [EVENT_BEFORE_N/A_ACTUAL_POS] | [EVENT_BEFORE_N/A_ACTUAL_POS] --(OVERLAP)--> [EVENT_BEFORE_N/A_ACTUAL_POS],bilan,CONTAINS,radiographie,[RETOUR],bilan,OVERLAP,amélioration,,,,
12,40,FR100579,[EVENT_BEFORE_N/A_ACTUAL_POS] --(CONTAINS)--> [EVENT_BEFORE_N/A_ACTUAL_POS] | [EVENT_BEFORE_N/A_ACTUAL_POS] --(OVERLAP)--> [EVENT_BEFORE_N/A_ACTUAL_POS],antécédents,CONTAINS,traumatisme,[RETOUR],antécédents,OVERLAP,consulte,,,,
12,40,FR100589,[EVENT_BEFORE_N/A_ACTUAL_POS] --(CONTAINS)--> [EVENT_BEFORE_N/A_ACTUAL_POS] | [EVENT_BEFORE_N/A_ACTUAL_POS] --(OVERLAP)--> [EVENT_BEFORE_N/A_ACTUAL_POS],pneumopathie,CONTAINS,évoquer,[RETOUR],pneumopathie,OVERLAP,leucémie,,,,
12,40,FR100597,[EVENT_BEFORE_N/A_ACTUAL_POS] --(CONTAINS)--> [EVENT_BEFORE_N/A_ACTUAL_POS] | [EVENT_BEFORE_N/A_ACTUAL_POS] --(OVERLAP)--> [EVENT_BEFORE_N/A_ACTUAL_POS],gestes,CONTAINS,annexectomie,[RETOUR],gestes,OVERLAP,examen,,,,
12,40,FR100620,[EVENT_BEFORE_N/A_ACTUAL_POS] --(CONTAINS)--> [EVENT_BEFORE_N/A_ACTUAL_POS] | [EVENT_BEFORE_N/A_ACTUAL_POS] --(OVERLAP)--> [EVENT_BEFORE_N/A_ACTUAL_POS],prise,CONTAINS,corticothérapie,[RETOUR],prise,OVERLAP,sevrage,,,,
12,40,FR100632,[EVENT_BEFORE_N/A_ACTUAL_POS] --(CONTAINS)--> [EVENT_BEFORE_N/A_ACTUAL_POS] | [EVENT_BEFORE_N/A_ACTUAL_POS] --(OVERLAP)--> [EVENT_BEFORE_N/A_ACTUAL_POS],myélite,CONTAINS,IRM,[RETOUR],myélite,OVERLAP,hépatite,,,,
12,40,FR100658,[EVENT_BEFORE_N/A_ACTUAL_POS] --(CONTAINS)--> [EVENT_BEFORE_N/A_ACTUAL_POS] | [EVENT_BEFORE_N/A_ACTUAL_POS] --(OVERLAP)--> [EVENT_BEFORE_N/A_ACTUAL_POS],Opéré,CONTAINS,exérèse,[RETOUR],Opéré,OVERLAP,antécédents,,,,
12,40,FR100666,[EVENT_BEFORE_N/A_ACTUAL_POS] --(CONTAINS)--> [EVENT_BEFORE_N/A_ACTUAL_POS] | [EVENT_BEFORE_N/A_ACTUAL_POS] --(OVERLAP)--> [EVENT_BEFORE_N/A_ACTUAL_POS],lymphome,CONTAINS,cytoponction,[RETOUR],lymphome,OVERLAP,CD20,,,,
12,40,FR100683,[EVENT_BEFORE_N/A_ACTUAL_POS] --(CONTAINS)--> [EVENT_BEFORE_N/A_ACTUAL_POS] | [EVENT_BEFORE_N/A_ACTUAL_POS] --(OVERLAP)--> [EVENT_BEFORE_N/A_ACTUAL_POS],taux,CONTAINS,exploration,[RETOUR],taux,OVERLAP,FSH,,,,
12,40,FR100689,[EVENT_BEFORE_N/A_ACTUAL_POS] --(CONTAINS)--> [EVENT_BEFORE_N/A_ACTUAL_POS] | [EVENT_BEFORE_N/A_ACTUAL_POS] --(OVERLAP)--> [EVENT_BEFORE_N/A_ACTUAL_POS],épisode,CONTAINS,évolution,[RETOUR],épisode,OVERLAP,mis,,,,
12,40,FR100717,[EVENT_BEFORE_N/A_ACTUAL_POS] --(CONTAINS)--> [EVENT_BEFORE_N/A_ACTUAL_POS] | [EVENT_BEFORE_N/A_ACTUAL_POS] --(OVERLAP)--> [EVENT_BEFORE_N/A_ACTUAL_POS],évolution,CONTAINS,installation,[RETOUR],évolution,OVERLAP,rééducation,,,,
12,40,FR100748,[EVENT_BEFORE_N/A_ACTUAL_POS] --(CONTAINS)--> [EVENT_BEFORE_N/A_ACTUAL_POS] | [EVENT_BEFORE_N/A_ACTUAL_POS] --(OVERLAP)--> [EVENT_BEFORE_N/A_ACTUAL_POS],ouverture,CONTAINS,aborder,[RETOUR],ouverture,OVERLAP,libération,,,,
12,40,FR100780,[EVENT_BEFORE_N/A_ACTUAL_POS] --(CONTAINS)--> [EVENT_BEFORE_N/A_ACTUAL_POS] | [EVENT_BEFORE_N/A_ACTUAL_POS] --(OVERLAP)--> [EVENT_BEFORE_N/A_ACTUAL_POS],séances,CONTAINS,circuit,[RETOUR],séances,OVERLAP,séance,,,,
12,40,FR100849,[EVENT_BEFORE_N/A_ACTUAL_POS] --(CONTAINS)--> [EVENT_BEFORE_N/A_ACTUAL_POS] | [EVENT_BEFORE_N/A_ACTUAL_POS] --(OVERLAP)--> [EVENT_BEFORE_N/A_ACTUAL_POS],admission,CONTAINS,examen,[RETOUR],admission,OVERLAP,CRP,,,,
12,40,FR100870,[EVENT_BEFORE_N/A_ACTUAL_POS] --(CONTAINS)--> [EVENT_BEFORE_N/A_ACTUAL_POS] | [EVENT_BEFORE_N/A_ACTUAL_POS] --(OVERLAP)--> [EVENT_BEFORE_N/A_ACTUAL_POS],anomalie,CONTAINS,imagerie,[RETOUR],anomalie,OVERLAP,processus,,,,
12,40,FR100882,[EVENT_BEFORE_N/A_ACTUAL_POS] --(CONTAINS)--> [EVENT_BEFORE_N/A_ACTUAL_POS] | [EVENT_BEFORE_N/A_ACTUAL_POS] --(OVERLAP)--> [EVENT_BEFORE_N/A_ACTUAL_POS],parésie,CONTAINS,examen,[RETOUR],parésie,OVERLAP,force,,,,
12,40,FR100894,[EVENT_BEFORE_N/A_ACTUAL_POS] --(CONTAINS)--> [EVENT_BEFORE_N/A_ACTUAL_POS] | [EVENT_BEFORE_N/A_ACTUAL_POS] --(OVERLAP)--> [EVENT_BEFORE_N/A_ACTUAL_POS],incision,CONTAINS,décompression,[RETOUR],incision,OVERLAP,rompu,,,,
12,40,FR100903,[EVENT_BEFORE_N/A_ACTUAL_POS] --(CONTAINS)--> [EVENT_BEFORE_N/A_ACTUAL_POS] | [EVENT_BEFORE_N/A_ACTUAL_POS] --(OVERLAP)--> [EVENT_BEFORE_N/A_ACTUAL_POS],protubérance,CONTAINS,échographie,[RETOUR],protubérance,OVERLAP,inversée,,,,
12,40,FR100919,[EVENT_BEFORE_N/A_ACTUAL_POS] --(CONTAINS)--> [EVENT_BEFORE_N/A_ACTUAL_POS] | [EVENT_BEFORE_N/A_ACTUAL_POS] --(OVERLAP)--> [EVENT_BEFORE_N/A_ACTUAL_POS],signes,CONTAINS,bilans,[RETOUR],signes,OVERLAP,prise,,,,
12,40,FR100925,[EVENT_BEFORE_N/A_ACTUAL_POS] --(CONTAINS)--> [EVENT_BEFORE_N/A_ACTUAL_POS] | [EVENT_BEFORE_N/A_ACTUAL_POS] --(OVERLAP)--> [EVENT_BEFORE_N/A_ACTUAL_POS],infection,CONTAINS,bilan,[RETOUR],infection,OVERLAP,Ac,,,,
12,40,FR100994,[EVENT_BEFORE_N/A_ACTUAL_POS] --(CONTAINS)--> [EVENT_BEFORE_N/A_ACTUAL_POS] | [EVENT_BEFORE_N/A_ACTUAL_POS] --(OVERLAP)--> [EVENT_BEFORE_N/A_ACTUAL_POS],métastase,CONTAINS,suivi,[RETOUR],métastase,OVERLAP,contexte,,,,
12,40,FR100996,[EVENT_BEFORE_N/A_ACTUAL_POS] --(CONTAINS)--> [EVENT_BEFORE_N/A_ACTUAL_POS] | [EVENT_BEFORE_N/A_ACTUAL_POS] --(OVERLAP)--> [EVENT_BEFORE_N/A_ACTUAL_POS],hernie,CONTAINS,retenu,[RETOUR],hernie,OVERLAP,signe,,,,
