ID_Motif,Support,Document,Structure_Abstraite,Exemples_du_Texte
14,71,FR100003,[EVENT_BEFORE_N/A_ACTUAL_POS] --(CONTAINS)--> [EVENT_BEFORE_N/A_ACTUAL_POS] | [EVENT_BEFORE_N/A_ACTUAL_POS] --(BEFORE)--> [EVENT_BEFORE_N/A_ACTUAL_POS],"""mixte"" --(CONTAINS)--> ""examen"" | ""examen"" --(BEFORE)--> ""antibiothérapie"""
14,71,FR100078,[EVENT_BEFORE_N/A_ACTUAL_POS] --(CONTAINS)--> [EVENT_BEFORE_N/A_ACTUAL_POS] | [EVENT_BEFORE_N/A_ACTUAL_POS] --(BEFORE)--> [EVENT_BEFORE_N/A_ACTUAL_POS],"""signes"" --(CONTAINS)--> ""diagnostic"" | ""diagnostic"" --(BEFORE)--> ""traitements"""
14,71,FR100092,[EVENT_BEFORE_N/A_ACTUAL_POS] --(CONTAINS)--> [EVENT_BEFORE_N/A_ACTUAL_POS] | [EVENT_BEFORE_N/A_ACTUAL_POS] --(BEFORE)--> [EVENT_BEFORE_N/A_ACTUAL_POS],"""normal"" --(CONTAINS)--> ""échographie"" | ""échographie"" --(BEFORE)--> ""tableau"""
14,71,FR100120,[EVENT_BEFORE_N/A_ACTUAL_POS] --(CONTAINS)--> [EVENT_BEFORE_N/A_ACTUAL_POS] | [EVENT_BEFORE_N/A_ACTUAL_POS] --(BEFORE)--> [EVENT_BEFORE_N/A_ACTUAL_POS],"""examen"" --(CONTAINS)--> ""reste"" | ""reste"" --(BEFORE)--> ""bilan"""
14,71,FR100130,[EVENT_BEFORE_N/A_ACTUAL_POS] --(CONTAINS)--> [EVENT_BEFORE_N/A_ACTUAL_POS] | [EVENT_BEFORE_N/A_ACTUAL_POS] --(BEFORE)--> [EVENT_BEFORE_N/A_ACTUAL_POS],"""sensibilité"" --(CONTAINS)--> ""examen"" | ""examen"" --(BEFORE)--> ""biologie"""
14,71,FR100132,[EVENT_BEFORE_N/A_ACTUAL_POS] --(CONTAINS)--> [EVENT_BEFORE_N/A_ACTUAL_POS] | [EVENT_BEFORE_N/A_ACTUAL_POS] --(BEFORE)--> [EVENT_BEFORE_N/A_ACTUAL_POS],"""baisse"" --(CONTAINS)--> ""consultation"" | ""consultation"" --(BEFORE)--> ""examen"""
14,71,FR100142,[EVENT_BEFORE_N/A_ACTUAL_POS] --(CONTAINS)--> [EVENT_BEFORE_N/A_ACTUAL_POS] | [EVENT_BEFORE_N/A_ACTUAL_POS] --(BEFORE)--> [EVENT_BEFORE_N/A_ACTUAL_POS],"""prolifération"" --(CONTAINS)--> ""biopsie"" | ""biopsie"" --(BEFORE)--> ""étude"""
14,71,FR100161,[EVENT_BEFORE_N/A_ACTUAL_POS] --(CONTAINS)--> [EVENT_BEFORE_N/A_ACTUAL_POS] | [EVENT_BEFORE_N/A_ACTUAL_POS] --(BEFORE)--> [EVENT_BEFORE_N/A_ACTUAL_POS],"""sérologie"" --(CONTAINS)--> ""examens"" | ""examens"" --(BEFORE)--> ""radiographie"""
14,71,FR100168,[EVENT_BEFORE_N/A_ACTUAL_POS] --(CONTAINS)--> [EVENT_BEFORE_N/A_ACTUAL_POS] | [EVENT_BEFORE_N/A_ACTUAL_POS] --(BEFORE)--> [EVENT_BEFORE_N/A_ACTUAL_POS],"""hémoglobine"" --(CONTAINS)--> ""bilan"" | ""bilan"" --(BEFORE)--> ""tests"""
14,71,FR100185,[EVENT_BEFORE_N/A_ACTUAL_POS] --(CONTAINS)--> [EVENT_BEFORE_N/A_ACTUAL_POS] | [EVENT_BEFORE_N/A_ACTUAL_POS] --(BEFORE)--> [EVENT_BEFORE_N/A_ACTUAL_POS],"""abolition"" --(CONTAINS)--> ""Electromyogramme"" | ""Electromyogramme"" --(BEFORE)--> ""IRM"""
14,71,FR100255,[EVENT_BEFORE_N/A_ACTUAL_POS] --(CONTAINS)--> [EVENT_BEFORE_N/A_ACTUAL_POS] | [EVENT_BEFORE_N/A_ACTUAL_POS] --(BEFORE)--> [EVENT_BEFORE_N/A_ACTUAL_POS],"""fréquence"" --(CONTAINS)--> ""examen"" | ""examen"" --(BEFORE)--> ""examen"""
14,71,FR100275,[EVENT_BEFORE_N/A_ACTUAL_POS] --(CONTAINS)--> [EVENT_BEFORE_N/A_ACTUAL_POS] | [EVENT_BEFORE_N/A_ACTUAL_POS] --(BEFORE)--> [EVENT_BEFORE_N/A_ACTUAL_POS],"""mort"" --(CONTAINS)--> ""établi"" | ""établi"" --(BEFORE)--> ""manœuvres"""
14,71,FR100276,[EVENT_BEFORE_N/A_ACTUAL_POS] --(CONTAINS)--> [EVENT_BEFORE_N/A_ACTUAL_POS] | [EVENT_BEFORE_N/A_ACTUAL_POS] --(BEFORE)--> [EVENT_BEFORE_N/A_ACTUAL_POS],"""signe"" --(CONTAINS)--> ""posé"" | ""posé"" --(BEFORE)--> ""application"""
14,71,FR100282,[EVENT_BEFORE_N/A_ACTUAL_POS] --(CONTAINS)--> [EVENT_BEFORE_N/A_ACTUAL_POS] | [EVENT_BEFORE_N/A_ACTUAL_POS] --(BEFORE)--> [EVENT_BEFORE_N/A_ACTUAL_POS],"""crises"" --(CONTAINS)--> ""soumis"" | ""soumis"" --(BEFORE)--> ""consultation"""
14,71,FR100283,[EVENT_BEFORE_N/A_ACTUAL_POS] --(CONTAINS)--> [EVENT_BEFORE_N/A_ACTUAL_POS] | [EVENT_BEFORE_N/A_ACTUAL_POS] --(BEFORE)--> [EVENT_BEFORE_N/A_ACTUAL_POS],"""processus"" --(CONTAINS)--> ""IRM"" | ""IRM"" --(BEFORE)--> ""hypophysiogramme"""
14,71,FR100296,[EVENT_BEFORE_N/A_ACTUAL_POS] --(CONTAINS)--> [EVENT_BEFORE_N/A_ACTUAL_POS] | [EVENT_BEFORE_N/A_ACTUAL_POS] --(BEFORE)--> [EVENT_BEFORE_N/A_ACTUAL_POS],"""émergence"" --(CONTAINS)--> ""fenestration"" | ""fenestration"" --(BEFORE)--> ""suites"""
14,71,FR100314,[EVENT_BEFORE_N/A_ACTUAL_POS] --(CONTAINS)--> [EVENT_BEFORE_N/A_ACTUAL_POS] | [EVENT_BEFORE_N/A_ACTUAL_POS] --(BEFORE)--> [EVENT_BEFORE_N/A_ACTUAL_POS],"""hospitalisation"" --(CONTAINS)--> ""signes"" | ""signes"" --(BEFORE)--> ""angio-scanner"""
14,71,FR100344,[EVENT_BEFORE_N/A_ACTUAL_POS] --(CONTAINS)--> [EVENT_BEFORE_N/A_ACTUAL_POS] | [EVENT_BEFORE_N/A_ACTUAL_POS] --(BEFORE)--> [EVENT_BEFORE_N/A_ACTUAL_POS],"""insuffisance"" --(CONTAINS)--> ""développé"" | ""développé"" --(BEFORE)--> ""contrôle"""
14,71,FR100346,[EVENT_BEFORE_N/A_ACTUAL_POS] --(CONTAINS)--> [EVENT_BEFORE_N/A_ACTUAL_POS] | [EVENT_BEFORE_N/A_ACTUAL_POS] --(BEFORE)--> [EVENT_BEFORE_N/A_ACTUAL_POS],"""lésions"" --(CONTAINS)--> ""angioscanner"" | ""angioscanner"" --(BEFORE)--> ""echo-dopler"""
14,71,FR100360,[EVENT_BEFORE_N/A_ACTUAL_POS] --(CONTAINS)--> [EVENT_BEFORE_N/A_ACTUAL_POS] | [EVENT_BEFORE_N/A_ACTUAL_POS] --(BEFORE)--> [EVENT_BEFORE_N/A_ACTUAL_POS],"""colpohystérectomie"" --(CONTAINS)--> ""curage"" | ""curage"" --(BEFORE)--> ""radiothérapie"""
14,71,FR100361,[EVENT_BEFORE_N/A_ACTUAL_POS] --(CONTAINS)--> [EVENT_BEFORE_N/A_ACTUAL_POS] | [EVENT_BEFORE_N/A_ACTUAL_POS] --(BEFORE)--> [EVENT_BEFORE_N/A_ACTUAL_POS],"""englobe"" --(CONTAINS)--> ""TDM"" | ""TDM"" --(BEFORE)--> ""ponction"""
14,71,FR100371,[EVENT_BEFORE_N/A_ACTUAL_POS] --(CONTAINS)--> [EVENT_BEFORE_N/A_ACTUAL_POS] | [EVENT_BEFORE_N/A_ACTUAL_POS] --(BEFORE)--> [EVENT_BEFORE_N/A_ACTUAL_POS],"""nombre"" --(CONTAINS)--> ""bilan"" | ""bilan"" --(BEFORE)--> ""bilan"""
14,71,FR100400,[EVENT_BEFORE_N/A_ACTUAL_POS] --(CONTAINS)--> [EVENT_BEFORE_N/A_ACTUAL_POS] | [EVENT_BEFORE_N/A_ACTUAL_POS] --(BEFORE)--> [EVENT_BEFORE_N/A_ACTUAL_POS],"""anictérique"" --(CONTAINS)--> ""examen"" | ""examen"" --(BEFORE)--> ""bilan"""
14,71,FR100439,[EVENT_BEFORE_N/A_ACTUAL_POS] --(CONTAINS)--> [EVENT_BEFORE_N/A_ACTUAL_POS] | [EVENT_BEFORE_N/A_ACTUAL_POS] --(BEFORE)--> [EVENT_BEFORE_N/A_ACTUAL_POS],"""adénopathie"" --(CONTAINS)--> ""IRM"" | ""IRM"" --(BEFORE)--> ""scanner"""
14,71,FR100453,[EVENT_BEFORE_N/A_ACTUAL_POS] --(CONTAINS)--> [EVENT_BEFORE_N/A_ACTUAL_POS] | [EVENT_BEFORE_N/A_ACTUAL_POS] --(BEFORE)--> [EVENT_BEFORE_N/A_ACTUAL_POS],"""développement"" --(CONTAINS)--> ""examen"" | ""examen"" --(BEFORE)--> ""radiographies"""
14,71,FR100480,[EVENT_BEFORE_N/A_ACTUAL_POS] --(CONTAINS)--> [EVENT_BEFORE_N/A_ACTUAL_POS] | [EVENT_BEFORE_N/A_ACTUAL_POS] --(BEFORE)--> [EVENT_BEFORE_N/A_ACTUAL_POS],"""extension"" --(CONTAINS)--> ""imagerie"" | ""imagerie"" --(BEFORE)--> ""bilan"""
14,71,FR100510,[EVENT_BEFORE_N/A_ACTUAL_POS] --(CONTAINS)--> [EVENT_BEFORE_N/A_ACTUAL_POS] | [EVENT_BEFORE_N/A_ACTUAL_POS] --(BEFORE)--> [EVENT_BEFORE_N/A_ACTUAL_POS],"""sensation"" --(CONTAINS)--> ""examen"" | ""examen"" --(BEFORE)--> ""radiographie"""
14,71,FR100515,[EVENT_BEFORE_N/A_ACTUAL_POS] --(CONTAINS)--> [EVENT_BEFORE_N/A_ACTUAL_POS] | [EVENT_BEFORE_N/A_ACTUAL_POS] --(BEFORE)--> [EVENT_BEFORE_N/A_ACTUAL_POS],"""atteinte"" --(CONTAINS)--> ""testing"" | ""testing"" --(BEFORE)--> ""dosage"""
14,71,FR100517,[EVENT_BEFORE_N/A_ACTUAL_POS] --(CONTAINS)--> [EVENT_BEFORE_N/A_ACTUAL_POS] | [EVENT_BEFORE_N/A_ACTUAL_POS] --(BEFORE)--> [EVENT_BEFORE_N/A_ACTUAL_POS],"""enzymes"" --(CONTAINS)--> ""bilan"" | ""bilan"" --(BEFORE)--> ""électromyogramme"""
14,71,FR100519,[EVENT_BEFORE_N/A_ACTUAL_POS] --(CONTAINS)--> [EVENT_BEFORE_N/A_ACTUAL_POS] | [EVENT_BEFORE_N/A_ACTUAL_POS] --(BEFORE)--> [EVENT_BEFORE_N/A_ACTUAL_POS],"""embolie"" --(CONTAINS)--> ""angioscanner"" | ""angioscanner"" --(BEFORE)--> ""échodoppler"""
14,71,FR100579,[EVENT_BEFORE_N/A_ACTUAL_POS] --(CONTAINS)--> [EVENT_BEFORE_N/A_ACTUAL_POS] | [EVENT_BEFORE_N/A_ACTUAL_POS] --(BEFORE)--> [EVENT_BEFORE_N/A_ACTUAL_POS],"""processus"" --(CONTAINS)--> ""échocardiographie"" | ""échocardiographie"" --(BEFORE)--> ""bilan"""
14,71,FR100589,[EVENT_BEFORE_N/A_ACTUAL_POS] --(CONTAINS)--> [EVENT_BEFORE_N/A_ACTUAL_POS] | [EVENT_BEFORE_N/A_ACTUAL_POS] --(BEFORE)--> [EVENT_BEFORE_N/A_ACTUAL_POS],"""contexte"" --(CONTAINS)--> ""rechercher"" | ""rechercher"" --(BEFORE)--> ""bronchoscopie"""
14,71,FR100597,[EVENT_BEFORE_N/A_ACTUAL_POS] --(CONTAINS)--> [EVENT_BEFORE_N/A_ACTUAL_POS] | [EVENT_BEFORE_N/A_ACTUAL_POS] --(BEFORE)--> [EVENT_BEFORE_N/A_ACTUAL_POS],"""intervention"" --(CONTAINS)--> ""exploration"" | ""exploration"" --(BEFORE)--> ""étayer"""
14,71,FR100603,[EVENT_BEFORE_N/A_ACTUAL_POS] --(CONTAINS)--> [EVENT_BEFORE_N/A_ACTUAL_POS] | [EVENT_BEFORE_N/A_ACTUAL_POS] --(BEFORE)--> [EVENT_BEFORE_N/A_ACTUAL_POS],"""staphylococcus"" --(CONTAINS)--> ""hémocultures"" | ""hémocultures"" --(BEFORE)--> ""évolution"""
14,71,FR100611,[EVENT_BEFORE_N/A_ACTUAL_POS] --(CONTAINS)--> [EVENT_BEFORE_N/A_ACTUAL_POS] | [EVENT_BEFORE_N/A_ACTUAL_POS] --(BEFORE)--> [EVENT_BEFORE_N/A_ACTUAL_POS],"""anémie"" --(CONTAINS)--> ""hémogramme"" | ""hémogramme"" --(BEFORE)--> ""ionogramme"""
14,71,FR100614,[EVENT_BEFORE_N/A_ACTUAL_POS] --(CONTAINS)--> [EVENT_BEFORE_N/A_ACTUAL_POS] | [EVENT_BEFORE_N/A_ACTUAL_POS] --(BEFORE)--> [EVENT_BEFORE_N/A_ACTUAL_POS],"""masse"" --(CONTAINS)--> ""tomodensitométrie"" | ""tomodensitométrie"" --(BEFORE)--> ""radiographie"""
14,71,FR100620,[EVENT_BEFORE_N/A_ACTUAL_POS] --(CONTAINS)--> [EVENT_BEFORE_N/A_ACTUAL_POS] | [EVENT_BEFORE_N/A_ACTUAL_POS] --(BEFORE)--> [EVENT_BEFORE_N/A_ACTUAL_POS],"""hippocratisme"" --(CONTAINS)--> ""examen"" | ""examen"" --(BEFORE)--> ""radiographie"""
14,71,FR100623,[EVENT_BEFORE_N/A_ACTUAL_POS] --(CONTAINS)--> [EVENT_BEFORE_N/A_ACTUAL_POS] | [EVENT_BEFORE_N/A_ACTUAL_POS] --(BEFORE)--> [EVENT_BEFORE_N/A_ACTUAL_POS],"""disposition"" --(CONTAINS)--> ""tomodensitométrie"" | ""tomodensitométrie"" --(BEFORE)--> ""retenu"""
14,71,FR100629,[EVENT_BEFORE_N/A_ACTUAL_POS] --(CONTAINS)--> [EVENT_BEFORE_N/A_ACTUAL_POS] | [EVENT_BEFORE_N/A_ACTUAL_POS] --(BEFORE)--> [EVENT_BEFORE_N/A_ACTUAL_POS],"""syndrome"" --(CONTAINS)--> ""examen"" | ""examen"" --(BEFORE)--> ""radiographie"""
14,71,FR100632,[EVENT_BEFORE_N/A_ACTUAL_POS] --(CONTAINS)--> [EVENT_BEFORE_N/A_ACTUAL_POS] | [EVENT_BEFORE_N/A_ACTUAL_POS] --(BEFORE)--> [EVENT_BEFORE_N/A_ACTUAL_POS],"""état"" --(CONTAINS)--> ""examen"" | ""examen"" --(BEFORE)--> ""examen"""
14,71,FR100658,[EVENT_BEFORE_N/A_ACTUAL_POS] --(CONTAINS)--> [EVENT_BEFORE_N/A_ACTUAL_POS] | [EVENT_BEFORE_N/A_ACTUAL_POS] --(BEFORE)--> [EVENT_BEFORE_N/A_ACTUAL_POS],"""apyrétique"" --(CONTAINS)--> ""examen"" | ""examen"" --(BEFORE)--> ""laryngoscopie"""
14,71,FR100663,[EVENT_BEFORE_N/A_ACTUAL_POS] --(CONTAINS)--> [EVENT_BEFORE_N/A_ACTUAL_POS] | [EVENT_BEFORE_N/A_ACTUAL_POS] --(BEFORE)--> [EVENT_BEFORE_N/A_ACTUAL_POS],"""contenait"" --(CONTAINS)--> ""échographie"" | ""échographie"" --(BEFORE)--> ""taux"""
14,71,FR100666,[EVENT_BEFORE_N/A_ACTUAL_POS] --(CONTAINS)--> [EVENT_BEFORE_N/A_ACTUAL_POS] | [EVENT_BEFORE_N/A_ACTUAL_POS] --(BEFORE)--> [EVENT_BEFORE_N/A_ACTUAL_POS],"""sérologie"" --(CONTAINS)--> ""bilan"" | ""bilan"" --(BEFORE)--> ""myologramme"""
14,71,FR100683,[EVENT_BEFORE_N/A_ACTUAL_POS] --(CONTAINS)--> [EVENT_BEFORE_N/A_ACTUAL_POS] | [EVENT_BEFORE_N/A_ACTUAL_POS] --(BEFORE)--> [EVENT_BEFORE_N/A_ACTUAL_POS],"""glycémie"" --(CONTAINS)--> ""exploration"" | ""exploration"" --(BEFORE)--> ""exploration"""
14,71,FR100688,[EVENT_BEFORE_N/A_ACTUAL_POS] --(CONTAINS)--> [EVENT_BEFORE_N/A_ACTUAL_POS] | [EVENT_BEFORE_N/A_ACTUAL_POS] --(BEFORE)--> [EVENT_BEFORE_N/A_ACTUAL_POS],"""érosion"" --(CONTAINS)--> ""radiographie"" | ""radiographie"" --(BEFORE)--> ""échographie"""
14,71,FR100689,[EVENT_BEFORE_N/A_ACTUAL_POS] --(CONTAINS)--> [EVENT_BEFORE_N/A_ACTUAL_POS] | [EVENT_BEFORE_N/A_ACTUAL_POS] --(BEFORE)--> [EVENT_BEFORE_N/A_ACTUAL_POS],"""CRP"" --(CONTAINS)--> ""ionogramme"" | ""ionogramme"" --(BEFORE)--> ""examen"""
14,71,FR100697,[EVENT_BEFORE_N/A_ACTUAL_POS] --(CONTAINS)--> [EVENT_BEFORE_N/A_ACTUAL_POS] | [EVENT_BEFORE_N/A_ACTUAL_POS] --(BEFORE)--> [EVENT_BEFORE_N/A_ACTUAL_POS],"""rétraction"" --(CONTAINS)--> ""mammographie"" | ""mammographie"" --(BEFORE)--> ""échographie"""
14,71,FR100708,[EVENT_BEFORE_N/A_ACTUAL_POS] --(CONTAINS)--> [EVENT_BEFORE_N/A_ACTUAL_POS] | [EVENT_BEFORE_N/A_ACTUAL_POS] --(BEFORE)--> [EVENT_BEFORE_N/A_ACTUAL_POS],"""masse"" --(CONTAINS)--> ""mammographie"" | ""mammographie"" --(BEFORE)--> ""échographie"""
14,71,FR100717,[EVENT_BEFORE_N/A_ACTUAL_POS] --(CONTAINS)--> [EVENT_BEFORE_N/A_ACTUAL_POS] | [EVENT_BEFORE_N/A_ACTUAL_POS] --(BEFORE)--> [EVENT_BEFORE_N/A_ACTUAL_POS],"""HDL"" --(CONTAINS)--> ""examens"" | ""examens"" --(BEFORE)--> ""scanner"""
14,71,FR100748,[EVENT_BEFORE_N/A_ACTUAL_POS] --(CONTAINS)--> [EVENT_BEFORE_N/A_ACTUAL_POS] | [EVENT_BEFORE_N/A_ACTUAL_POS] --(BEFORE)--> [EVENT_BEFORE_N/A_ACTUAL_POS],"""hospitalisation"" --(CONTAINS)--> ""indication"" | ""indication"" --(BEFORE)--> ""consultation"""
14,71,FR100766,[EVENT_BEFORE_N/A_ACTUAL_POS] --(CONTAINS)--> [EVENT_BEFORE_N/A_ACTUAL_POS] | [EVENT_BEFORE_N/A_ACTUAL_POS] --(BEFORE)--> [EVENT_BEFORE_N/A_ACTUAL_POS],"""opéré"" --(CONTAINS)--> ""amputation"" | ""amputation"" --(BEFORE)--> ""propre"""
14,71,FR100780,[EVENT_BEFORE_N/A_ACTUAL_POS] --(CONTAINS)--> [EVENT_BEFORE_N/A_ACTUAL_POS] | [EVENT_BEFORE_N/A_ACTUAL_POS] --(BEFORE)--> [EVENT_BEFORE_N/A_ACTUAL_POS],"""poids"" --(CONTAINS)--> ""examen"" | ""examen"" --(BEFORE)--> ""toucher"""
14,71,FR100806,[EVENT_BEFORE_N/A_ACTUAL_POS] --(CONTAINS)--> [EVENT_BEFORE_N/A_ACTUAL_POS] | [EVENT_BEFORE_N/A_ACTUAL_POS] --(BEFORE)--> [EVENT_BEFORE_N/A_ACTUAL_POS],"""créatininémie"" --(CONTAINS)--> ""bilan"" | ""bilan"" --(BEFORE)--> ""récupération"""
14,71,FR100814,[EVENT_BEFORE_N/A_ACTUAL_POS] --(CONTAINS)--> [EVENT_BEFORE_N/A_ACTUAL_POS] | [EVENT_BEFORE_N/A_ACTUAL_POS] --(BEFORE)--> [EVENT_BEFORE_N/A_ACTUAL_POS],"""processus"" --(CONTAINS)--> ""IRM"" | ""IRM"" --(BEFORE)--> ""diagnostic"""
14,71,FR100826,[EVENT_BEFORE_N/A_ACTUAL_POS] --(CONTAINS)--> [EVENT_BEFORE_N/A_ACTUAL_POS] | [EVENT_BEFORE_N/A_ACTUAL_POS] --(BEFORE)--> [EVENT_BEFORE_N/A_ACTUAL_POS],"""termine"" --(CONTAINS)--> ""bilan"" | ""bilan"" --(BEFORE)--> ""bilan"""
14,71,FR100845,[EVENT_BEFORE_N/A_ACTUAL_POS] --(CONTAINS)--> [EVENT_BEFORE_N/A_ACTUAL_POS] | [EVENT_BEFORE_N/A_ACTUAL_POS] --(BEFORE)--> [EVENT_BEFORE_N/A_ACTUAL_POS],"""consciente"" --(CONTAINS)--> ""examen"" | ""examen"" --(BEFORE)--> ""examen"""
14,71,FR100870,[EVENT_BEFORE_N/A_ACTUAL_POS] --(CONTAINS)--> [EVENT_BEFORE_N/A_ACTUAL_POS] | [EVENT_BEFORE_N/A_ACTUAL_POS] --(BEFORE)--> [EVENT_BEFORE_N/A_ACTUAL_POS],"""calcémie"" --(CONTAINS)--> ""bilan"" | ""bilan"" --(BEFORE)--> ""IRM"""
14,71,FR100874,[EVENT_BEFORE_N/A_ACTUAL_POS] --(CONTAINS)--> [EVENT_BEFORE_N/A_ACTUAL_POS] | [EVENT_BEFORE_N/A_ACTUAL_POS] --(BEFORE)--> [EVENT_BEFORE_N/A_ACTUAL_POS],"""diverticule"" --(CONTAINS)--> ""retenu"" | ""retenu"" --(BEFORE)--> ""mise"""
14,71,FR100882,[EVENT_BEFORE_N/A_ACTUAL_POS] --(CONTAINS)--> [EVENT_BEFORE_N/A_ACTUAL_POS] | [EVENT_BEFORE_N/A_ACTUAL_POS] --(BEFORE)--> [EVENT_BEFORE_N/A_ACTUAL_POS],"""parésie"" --(CONTAINS)--> ""examen"" | ""examen"" --(BEFORE)--> ""examen"""
14,71,FR100883,[EVENT_BEFORE_N/A_ACTUAL_POS] --(CONTAINS)--> [EVENT_BEFORE_N/A_ACTUAL_POS] | [EVENT_BEFORE_N/A_ACTUAL_POS] --(BEFORE)--> [EVENT_BEFORE_N/A_ACTUAL_POS],"""admission"" --(CONTAINS)--> ""TDM"" | ""TDM"" --(BEFORE)--> ""biopsie"""
14,71,FR100894,[EVENT_BEFORE_N/A_ACTUAL_POS] --(CONTAINS)--> [EVENT_BEFORE_N/A_ACTUAL_POS] | [EVENT_BEFORE_N/A_ACTUAL_POS] --(BEFORE)--> [EVENT_BEFORE_N/A_ACTUAL_POS],"""syndrome"" --(CONTAINS)--> ""diagnostic"" | ""diagnostic"" --(BEFORE)--> ""pris"""
14,71,FR100903,[EVENT_BEFORE_N/A_ACTUAL_POS] --(CONTAINS)--> [EVENT_BEFORE_N/A_ACTUAL_POS] | [EVENT_BEFORE_N/A_ACTUAL_POS] --(BEFORE)--> [EVENT_BEFORE_N/A_ACTUAL_POS],"""biométrie"" --(CONTAINS)--> ""échographie"" | ""échographie"" --(BEFORE)--> ""IRM"""
14,71,FR100944,[EVENT_BEFORE_N/A_ACTUAL_POS] --(CONTAINS)--> [EVENT_BEFORE_N/A_ACTUAL_POS] | [EVENT_BEFORE_N/A_ACTUAL_POS] --(BEFORE)--> [EVENT_BEFORE_N/A_ACTUAL_POS],"""fuite"" --(CONTAINS)--> ""échocardiographique"" | ""échocardiographique"" --(BEFORE)--> ""remplacement"""
14,71,FR100946,[EVENT_BEFORE_N/A_ACTUAL_POS] --(CONTAINS)--> [EVENT_BEFORE_N/A_ACTUAL_POS] | [EVENT_BEFORE_N/A_ACTUAL_POS] --(BEFORE)--> [EVENT_BEFORE_N/A_ACTUAL_POS],"""lésion"" --(CONTAINS)--> ""IRM"" | ""IRM"" --(BEFORE)--> ""analyse"""
14,71,FR100959,[EVENT_BEFORE_N/A_ACTUAL_POS] --(CONTAINS)--> [EVENT_BEFORE_N/A_ACTUAL_POS] | [EVENT_BEFORE_N/A_ACTUAL_POS] --(BEFORE)--> [EVENT_BEFORE_N/A_ACTUAL_POS],"""orifice"" --(CONTAINS)--> ""Transit"" | ""Transit"" --(BEFORE)--> ""notée"""
14,71,FR100979,[EVENT_BEFORE_N/A_ACTUAL_POS] --(CONTAINS)--> [EVENT_BEFORE_N/A_ACTUAL_POS] | [EVENT_BEFORE_N/A_ACTUAL_POS] --(BEFORE)--> [EVENT_BEFORE_N/A_ACTUAL_POS],"""grossesse"" --(CONTAINS)--> ""admise"" | ""admise"" --(BEFORE)--> ""césarienne"""
14,71,FR100996,[EVENT_BEFORE_N/A_ACTUAL_POS] --(CONTAINS)--> [EVENT_BEFORE_N/A_ACTUAL_POS] | [EVENT_BEFORE_N/A_ACTUAL_POS] --(BEFORE)--> [EVENT_BEFORE_N/A_ACTUAL_POS],"""sac"" --(CONTAINS)--> ""tomodensitométrie"" | ""tomodensitométrie"" --(BEFORE)--> ""injection"""
14,71,FR100998,[EVENT_BEFORE_N/A_ACTUAL_POS] --(CONTAINS)--> [EVENT_BEFORE_N/A_ACTUAL_POS] | [EVENT_BEFORE_N/A_ACTUAL_POS] --(BEFORE)--> [EVENT_BEFORE_N/A_ACTUAL_POS],"""inflammation"" --(CONTAINS)--> ""diagnostic"" | ""diagnostic"" --(BEFORE)--> ""traitée"""
131,69,FR100003,[EVENT_BEFORE_N/A_ACTUAL_POS] --(BEFORE)--> [EVENT_BEFORE_N/A_ACTUAL_POS] | [EVENT_BEFORE_N/A_ACTUAL_POS] --(BEFORE)--> [EVENT_BEFORE_N/A_ACTUAL_POS],"""injection"" --(BEFORE)--> ""ponction"" | ""ponction"" --(BEFORE)--> ""examen"""
131,69,FR100078,[EVENT_BEFORE_N/A_ACTUAL_POS] --(BEFORE)--> [EVENT_BEFORE_N/A_ACTUAL_POS] | [EVENT_BEFORE_N/A_ACTUAL_POS] --(BEFORE)--> [EVENT_BEFORE_N/A_ACTUAL_POS],"""examen"" --(BEFORE)--> ""doppler"" | ""doppler"" --(BEFORE)--> ""doppler"""
131,69,FR100092,[EVENT_BEFORE_N/A_ACTUAL_POS] --(BEFORE)--> [EVENT_BEFORE_N/A_ACTUAL_POS] | [EVENT_BEFORE_N/A_ACTUAL_POS] --(BEFORE)--> [EVENT_BEFORE_N/A_ACTUAL_POS],"""examen"" --(BEFORE)--> ""examen"" | ""examen"" --(BEFORE)--> ""examen"""
131,69,FR100120,[EVENT_BEFORE_N/A_ACTUAL_POS] --(BEFORE)--> [EVENT_BEFORE_N/A_ACTUAL_POS] | [EVENT_BEFORE_N/A_ACTUAL_POS] --(BEFORE)--> [EVENT_BEFORE_N/A_ACTUAL_POS],"""traitement"" --(BEFORE)--> ""retirées"" | ""retirées"" --(BEFORE)--> ""conclure"""
131,69,FR100130,[EVENT_BEFORE_N/A_ACTUAL_POS] --(BEFORE)--> [EVENT_BEFORE_N/A_ACTUAL_POS] | [EVENT_BEFORE_N/A_ACTUAL_POS] --(BEFORE)--> [EVENT_BEFORE_N/A_ACTUAL_POS],"""électromyogramme"" --(BEFORE)--> ""confirmé"" | ""confirmé"" --(BEFORE)--> ""recherche"""
131,69,FR100132,[EVENT_BEFORE_N/A_ACTUAL_POS] --(BEFORE)--> [EVENT_BEFORE_N/A_ACTUAL_POS] | [EVENT_BEFORE_N/A_ACTUAL_POS] --(BEFORE)--> [EVENT_BEFORE_N/A_ACTUAL_POS],"""histologie"" --(BEFORE)--> ""examen"" | ""examen"" --(BEFORE)--> ""écho-Doppler"""
131,69,FR100142,[EVENT_BEFORE_N/A_ACTUAL_POS] --(BEFORE)--> [EVENT_BEFORE_N/A_ACTUAL_POS] | [EVENT_BEFORE_N/A_ACTUAL_POS] --(BEFORE)--> [EVENT_BEFORE_N/A_ACTUAL_POS],"""biopsie"" --(BEFORE)--> ""mis"" | ""mis"" --(BEFORE)--> ""évolution"""
131,69,FR100161,[EVENT_BEFORE_N/A_ACTUAL_POS] --(BEFORE)--> [EVENT_BEFORE_N/A_ACTUAL_POS] | [EVENT_BEFORE_N/A_ACTUAL_POS] --(BEFORE)--> [EVENT_BEFORE_N/A_ACTUAL_POS],"""complément"" --(BEFORE)--> ""cortisol"" | ""cortisol"" --(BEFORE)--> ""dérivés"""
131,69,FR100168,[EVENT_BEFORE_N/A_ACTUAL_POS] --(BEFORE)--> [EVENT_BEFORE_N/A_ACTUAL_POS] | [EVENT_BEFORE_N/A_ACTUAL_POS] --(BEFORE)--> [EVENT_BEFORE_N/A_ACTUAL_POS],"""bilan"" --(BEFORE)--> ""tests"" | ""tests"" --(BEFORE)--> ""entretien"""
131,69,FR100255,[EVENT_BEFORE_N/A_ACTUAL_POS] --(BEFORE)--> [EVENT_BEFORE_N/A_ACTUAL_POS] | [EVENT_BEFORE_N/A_ACTUAL_POS] --(BEFORE)--> [EVENT_BEFORE_N/A_ACTUAL_POS],"""admise"" --(BEFORE)--> ""examen"" | ""examen"" --(BEFORE)--> ""examen"""
131,69,FR100275,[EVENT_BEFORE_N/A_ACTUAL_POS] --(BEFORE)--> [EVENT_BEFORE_N/A_ACTUAL_POS] | [EVENT_BEFORE_N/A_ACTUAL_POS] --(BEFORE)--> [EVENT_BEFORE_N/A_ACTUAL_POS],"""transféré"" --(BEFORE)--> ""anamnèse"" | ""anamnèse"" --(BEFORE)--> ""examen"""
131,69,FR100276,[EVENT_BEFORE_N/A_ACTUAL_POS] --(BEFORE)--> [EVENT_BEFORE_N/A_ACTUAL_POS] | [EVENT_BEFORE_N/A_ACTUAL_POS] --(BEFORE)--> [EVENT_BEFORE_N/A_ACTUAL_POS],"""biopsie"" --(BEFORE)--> ""posé"" | ""posé"" --(BEFORE)--> ""application"""
131,69,FR100282,[EVENT_BEFORE_N/A_ACTUAL_POS] --(BEFORE)--> [EVENT_BEFORE_N/A_ACTUAL_POS] | [EVENT_BEFORE_N/A_ACTUAL_POS] --(BEFORE)--> [EVENT_BEFORE_N/A_ACTUAL_POS],"""examen"" --(BEFORE)--> ""électroencéphalogramme"" | ""électroencéphalogramme"" --(BEFORE)--> ""scanner"""
131,69,FR100283,[EVENT_BEFORE_N/A_ACTUAL_POS] --(BEFORE)--> [EVENT_BEFORE_N/A_ACTUAL_POS] | [EVENT_BEFORE_N/A_ACTUAL_POS] --(BEFORE)--> [EVENT_BEFORE_N/A_ACTUAL_POS],"""IRM"" --(BEFORE)--> ""hypophysiogramme"" | ""hypophysiogramme"" --(BEFORE)--> ""traitement"""
131,69,FR100296,[EVENT_BEFORE_N/A_ACTUAL_POS] --(BEFORE)--> [EVENT_BEFORE_N/A_ACTUAL_POS] | [EVENT_BEFORE_N/A_ACTUAL_POS] --(BEFORE)--> [EVENT_BEFORE_N/A_ACTUAL_POS],"""fenestration"" --(BEFORE)--> ""suites"" | ""suites"" --(BEFORE)--> ""exéaté"""
131,69,FR100314,[EVENT_BEFORE_N/A_ACTUAL_POS] --(BEFORE)--> [EVENT_BEFORE_N/A_ACTUAL_POS] | [EVENT_BEFORE_N/A_ACTUAL_POS] --(BEFORE)--> [EVENT_BEFORE_N/A_ACTUAL_POS],"""angio-scanner"" --(BEFORE)--> ""amputation"" | ""amputation"" --(BEFORE)--> ""mise"""
131,69,FR100344,[EVENT_BEFORE_N/A_ACTUAL_POS] --(BEFORE)--> [EVENT_BEFORE_N/A_ACTUAL_POS] | [EVENT_BEFORE_N/A_ACTUAL_POS] --(BEFORE)--> [EVENT_BEFORE_N/A_ACTUAL_POS],"""examen"" --(BEFORE)--> ""césarienne"" | ""césarienne"" --(BEFORE)--> ""pesait"""
131,69,FR100346,[EVENT_BEFORE_N/A_ACTUAL_POS] --(BEFORE)--> [EVENT_BEFORE_N/A_ACTUAL_POS] | [EVENT_BEFORE_N/A_ACTUAL_POS] --(BEFORE)--> [EVENT_BEFORE_N/A_ACTUAL_POS],"""examen"" --(BEFORE)--> ""gazométrie"" | ""gazométrie"" --(BEFORE)--> ""reste"""
131,69,FR100360,[EVENT_BEFORE_N/A_ACTUAL_POS] --(BEFORE)--> [EVENT_BEFORE_N/A_ACTUAL_POS] | [EVENT_BEFORE_N/A_ACTUAL_POS] --(BEFORE)--> [EVENT_BEFORE_N/A_ACTUAL_POS],"""complément"" --(BEFORE)--> ""biopsie"" | ""biopsie"" --(BEFORE)--> ""étude"""
131,69,FR100361,[EVENT_BEFORE_N/A_ACTUAL_POS] --(BEFORE)--> [EVENT_BEFORE_N/A_ACTUAL_POS] | [EVENT_BEFORE_N/A_ACTUAL_POS] --(BEFORE)--> [EVENT_BEFORE_N/A_ACTUAL_POS],"""ponction"" --(BEFORE)--> ""examen"" | ""examen"" --(BEFORE)--> ""examen"""
131,69,FR100371,[EVENT_BEFORE_N/A_ACTUAL_POS] --(BEFORE)--> [EVENT_BEFORE_N/A_ACTUAL_POS] | [EVENT_BEFORE_N/A_ACTUAL_POS] --(BEFORE)--> [EVENT_BEFORE_N/A_ACTUAL_POS],"""bilan"" --(BEFORE)--> ""bilan"" | ""bilan"" --(BEFORE)--> ""intervention"""
131,69,FR100400,[EVENT_BEFORE_N/A_ACTUAL_POS] --(BEFORE)--> [EVENT_BEFORE_N/A_ACTUAL_POS] | [EVENT_BEFORE_N/A_ACTUAL_POS] --(BEFORE)--> [EVENT_BEFORE_N/A_ACTUAL_POS],"""bilan"" --(BEFORE)--> ""Radiographie"" | ""Radiographie"" --(BEFORE)--> ""échographie"""
131,69,FR100439,[EVENT_BEFORE_N/A_ACTUAL_POS] --(BEFORE)--> [EVENT_BEFORE_N/A_ACTUAL_POS] | [EVENT_BEFORE_N/A_ACTUAL_POS] --(BEFORE)--> [EVENT_BEFORE_N/A_ACTUAL_POS],"""IRM"" --(BEFORE)--> ""scanner"" | ""scanner"" --(BEFORE)--> ""bilan"""
131,69,FR100448,[EVENT_BEFORE_N/A_ACTUAL_POS] --(BEFORE)--> [EVENT_BEFORE_N/A_ACTUAL_POS] | [EVENT_BEFORE_N/A_ACTUAL_POS] --(BEFORE)--> [EVENT_BEFORE_N/A_ACTUAL_POS],"""échotomographie"" --(BEFORE)--> ""hémi thyroïdectomie"" | ""hémi thyroïdectomie"" --(BEFORE)--> ""examen"""
131,69,FR100480,[EVENT_BEFORE_N/A_ACTUAL_POS] --(BEFORE)--> [EVENT_BEFORE_N/A_ACTUAL_POS] | [EVENT_BEFORE_N/A_ACTUAL_POS] --(BEFORE)--> [EVENT_BEFORE_N/A_ACTUAL_POS],"""analyse"" --(BEFORE)--> ""amputation"" | ""amputation"" --(BEFORE)--> ""examen"""
131,69,FR100515,[EVENT_BEFORE_N/A_ACTUAL_POS] --(BEFORE)--> [EVENT_BEFORE_N/A_ACTUAL_POS] | [EVENT_BEFORE_N/A_ACTUAL_POS] --(BEFORE)--> [EVENT_BEFORE_N/A_ACTUAL_POS],"""retenu"" --(BEFORE)--> ""bilan"" | ""bilan"" --(BEFORE)--> ""bilan"""
131,69,FR100517,[EVENT_BEFORE_N/A_ACTUAL_POS] --(BEFORE)--> [EVENT_BEFORE_N/A_ACTUAL_POS] | [EVENT_BEFORE_N/A_ACTUAL_POS] --(BEFORE)--> [EVENT_BEFORE_N/A_ACTUAL_POS],"""électromyogramme"" --(BEFORE)--> ""bilan"" | ""bilan"" --(BEFORE)--> ""explorations"""
131,69,FR100519,[EVENT_BEFORE_N/A_ACTUAL_POS] --(BEFORE)--> [EVENT_BEFORE_N/A_ACTUAL_POS] | [EVENT_BEFORE_N/A_ACTUAL_POS] --(BEFORE)--> [EVENT_BEFORE_N/A_ACTUAL_POS],"""entrée"" --(BEFORE)--> ""bilan"" | ""bilan"" --(BEFORE)--> ""angioscanner"""
131,69,FR100579,[EVENT_BEFORE_N/A_ACTUAL_POS] --(BEFORE)--> [EVENT_BEFORE_N/A_ACTUAL_POS] | [EVENT_BEFORE_N/A_ACTUAL_POS] --(BEFORE)--> [EVENT_BEFORE_N/A_ACTUAL_POS],"""échocardiographie"" --(BEFORE)--> ""angio-scanner"" | ""angio-scanner"" --(BEFORE)--> ""imagerie"""
131,69,FR100589,[EVENT_BEFORE_N/A_ACTUAL_POS] --(BEFORE)--> [EVENT_BEFORE_N/A_ACTUAL_POS] | [EVENT_BEFORE_N/A_ACTUAL_POS] --(BEFORE)--> [EVENT_BEFORE_N/A_ACTUAL_POS],"""lavage"" --(BEFORE)--> ""biopsies"" | ""biopsies"" --(BEFORE)--> ""exploration"""
131,69,FR100597,[EVENT_BEFORE_N/A_ACTUAL_POS] --(BEFORE)--> [EVENT_BEFORE_N/A_ACTUAL_POS] | [EVENT_BEFORE_N/A_ACTUAL_POS] --(BEFORE)--> [EVENT_BEFORE_N/A_ACTUAL_POS],"""fibroscopie"" --(BEFORE)--> ""marqueurs"" | ""marqueurs"" --(BEFORE)--> ""décidée"""
131,69,FR100603,[EVENT_BEFORE_N/A_ACTUAL_POS] --(BEFORE)--> [EVENT_BEFORE_N/A_ACTUAL_POS] | [EVENT_BEFORE_N/A_ACTUAL_POS] --(BEFORE)--> [EVENT_BEFORE_N/A_ACTUAL_POS],"""chirurgie"" --(BEFORE)--> ""hémocultures"" | ""hémocultures"" --(BEFORE)--> ""évolution"""
131,69,FR100611,[EVENT_BEFORE_N/A_ACTUAL_POS] --(BEFORE)--> [EVENT_BEFORE_N/A_ACTUAL_POS] | [EVENT_BEFORE_N/A_ACTUAL_POS] --(BEFORE)--> [EVENT_BEFORE_N/A_ACTUAL_POS],"""IRM"" --(BEFORE)--> ""étude"" | ""étude"" --(BEFORE)--> ""examen"""
131,69,FR100614,[EVENT_BEFORE_N/A_ACTUAL_POS] --(BEFORE)--> [EVENT_BEFORE_N/A_ACTUAL_POS] | [EVENT_BEFORE_N/A_ACTUAL_POS] --(BEFORE)--> [EVENT_BEFORE_N/A_ACTUAL_POS],"""examen"" --(BEFORE)--> ""échographique"" | ""échographique"" --(BEFORE)--> ""tomodensitométrie"""
131,69,FR100620,[EVENT_BEFORE_N/A_ACTUAL_POS] --(BEFORE)--> [EVENT_BEFORE_N/A_ACTUAL_POS] | [EVENT_BEFORE_N/A_ACTUAL_POS] --(BEFORE)--> [EVENT_BEFORE_N/A_ACTUAL_POS],"""radiographie"" --(BEFORE)--> ""demandé"" | ""demandé"" --(BEFORE)--> ""complément"""
131,69,FR100623,[EVENT_BEFORE_N/A_ACTUAL_POS] --(BEFORE)--> [EVENT_BEFORE_N/A_ACTUAL_POS] | [EVENT_BEFORE_N/A_ACTUAL_POS] --(BEFORE)--> [EVENT_BEFORE_N/A_ACTUAL_POS],"""examen"" --(BEFORE)--> ""échographie"" | ""échographie"" --(BEFORE)--> ""tomodensitométrie"""
131,69,FR100629,[EVENT_BEFORE_N/A_ACTUAL_POS] --(BEFORE)--> [EVENT_BEFORE_N/A_ACTUAL_POS] | [EVENT_BEFORE_N/A_ACTUAL_POS] --(BEFORE)--> [EVENT_BEFORE_N/A_ACTUAL_POS],"""radiographie"" --(BEFORE)--> ""thoracoscopie"" | ""thoracoscopie"" --(BEFORE)--> ""marquage"""
131,69,FR100632,[EVENT_BEFORE_N/A_ACTUAL_POS] --(BEFORE)--> [EVENT_BEFORE_N/A_ACTUAL_POS] | [EVENT_BEFORE_N/A_ACTUAL_POS] --(BEFORE)--> [EVENT_BEFORE_N/A_ACTUAL_POS],"""numération"" --(BEFORE)--> ""bilan"" | ""bilan"" --(BEFORE)--> ""enquête"""
131,69,FR100658,[EVENT_BEFORE_N/A_ACTUAL_POS] --(BEFORE)--> [EVENT_BEFORE_N/A_ACTUAL_POS] | [EVENT_BEFORE_N/A_ACTUAL_POS] --(BEFORE)--> [EVENT_BEFORE_N/A_ACTUAL_POS],"""monitorage"" --(BEFORE)--> ""prise"" | ""prise"" --(BEFORE)--> ""anesthésie"""
131,69,FR100663,[EVENT_BEFORE_N/A_ACTUAL_POS] --(BEFORE)--> [EVENT_BEFORE_N/A_ACTUAL_POS] | [EVENT_BEFORE_N/A_ACTUAL_POS] --(BEFORE)--> [EVENT_BEFORE_N/A_ACTUAL_POS],"""ligature"" --(BEFORE)--> ""incisée"" | ""incisée"" --(BEFORE)--> ""vérifié"""
131,69,FR100666,[EVENT_BEFORE_N/A_ACTUAL_POS] --(BEFORE)--> [EVENT_BEFORE_N/A_ACTUAL_POS] | [EVENT_BEFORE_N/A_ACTUAL_POS] --(BEFORE)--> [EVENT_BEFORE_N/A_ACTUAL_POS],"""bilan"" --(BEFORE)--> ""myologramme"" | ""myologramme"" --(BEFORE)--> ""bilan"""
131,69,FR100683,[EVENT_BEFORE_N/A_ACTUAL_POS] --(BEFORE)--> [EVENT_BEFORE_N/A_ACTUAL_POS] | [EVENT_BEFORE_N/A_ACTUAL_POS] --(BEFORE)--> [EVENT_BEFORE_N/A_ACTUAL_POS],"""examen"" --(BEFORE)--> ""exploration"" | ""exploration"" --(BEFORE)--> ""exploration"""
131,69,FR100688,[EVENT_BEFORE_N/A_ACTUAL_POS] --(BEFORE)--> [EVENT_BEFORE_N/A_ACTUAL_POS] | [EVENT_BEFORE_N/A_ACTUAL_POS] --(BEFORE)--> [EVENT_BEFORE_N/A_ACTUAL_POS],"""examen"" --(BEFORE)--> ""examen"" | ""examen"" --(BEFORE)--> ""sérologie"""
131,69,FR100689,[EVENT_BEFORE_N/A_ACTUAL_POS] --(BEFORE)--> [EVENT_BEFORE_N/A_ACTUAL_POS] | [EVENT_BEFORE_N/A_ACTUAL_POS] --(BEFORE)--> [EVENT_BEFORE_N/A_ACTUAL_POS],"""hémogramme"" --(BEFORE)--> ""ionogramme"" | ""ionogramme"" --(BEFORE)--> ""examen"""
131,69,FR100697,[EVENT_BEFORE_N/A_ACTUAL_POS] --(BEFORE)--> [EVENT_BEFORE_N/A_ACTUAL_POS] | [EVENT_BEFORE_N/A_ACTUAL_POS] --(BEFORE)--> [EVENT_BEFORE_N/A_ACTUAL_POS],"""mammographie"" --(BEFORE)--> ""échographie"" | ""échographie"" --(BEFORE)--> ""examen"""
131,69,FR100708,[EVENT_BEFORE_N/A_ACTUAL_POS] --(BEFORE)--> [EVENT_BEFORE_N/A_ACTUAL_POS] | [EVENT_BEFORE_N/A_ACTUAL_POS] --(BEFORE)--> [EVENT_BEFORE_N/A_ACTUAL_POS],"""échographie"" --(BEFORE)--> ""ponction"" | ""ponction"" --(BEFORE)--> ""étude"""
131,69,FR100717,[EVENT_BEFORE_N/A_ACTUAL_POS] --(BEFORE)--> [EVENT_BEFORE_N/A_ACTUAL_POS] | [EVENT_BEFORE_N/A_ACTUAL_POS] --(BEFORE)--> [EVENT_BEFORE_N/A_ACTUAL_POS],"""consulté"" --(BEFORE)--> ""traitement"" | ""traitement"" --(BEFORE)--> ""examen"""
131,69,FR100748,[EVENT_BEFORE_N/A_ACTUAL_POS] --(BEFORE)--> [EVENT_BEFORE_N/A_ACTUAL_POS] | [EVENT_BEFORE_N/A_ACTUAL_POS] --(BEFORE)--> [EVENT_BEFORE_N/A_ACTUAL_POS],"""consultation"" --(BEFORE)--> ""ASA"" | ""ASA"" --(BEFORE)--> ""Nicardipine"""
131,69,FR100766,[EVENT_BEFORE_N/A_ACTUAL_POS] --(BEFORE)--> [EVENT_BEFORE_N/A_ACTUAL_POS] | [EVENT_BEFORE_N/A_ACTUAL_POS] --(BEFORE)--> [EVENT_BEFORE_N/A_ACTUAL_POS],"""examen"" --(BEFORE)--> ""hospitalisation"" | ""hospitalisation"" --(BEFORE)--> ""traitement"""
131,69,FR100780,[EVENT_BEFORE_N/A_ACTUAL_POS] --(BEFORE)--> [EVENT_BEFORE_N/A_ACTUAL_POS] | [EVENT_BEFORE_N/A_ACTUAL_POS] --(BEFORE)--> [EVENT_BEFORE_N/A_ACTUAL_POS],"""geste"" --(BEFORE)--> ""geste"" | ""geste"" --(BEFORE)--> ""geste"""
131,69,FR100806,[EVENT_BEFORE_N/A_ACTUAL_POS] --(BEFORE)--> [EVENT_BEFORE_N/A_ACTUAL_POS] | [EVENT_BEFORE_N/A_ACTUAL_POS] --(BEFORE)--> [EVENT_BEFORE_N/A_ACTUAL_POS],"""prise"" --(BEFORE)--> ""examen"" | ""examen"" --(BEFORE)--> ""suites"""
131,69,FR100814,[EVENT_BEFORE_N/A_ACTUAL_POS] --(BEFORE)--> [EVENT_BEFORE_N/A_ACTUAL_POS] | [EVENT_BEFORE_N/A_ACTUAL_POS] --(BEFORE)--> [EVENT_BEFORE_N/A_ACTUAL_POS],"""IRM"" --(BEFORE)--> ""diagnostic"" | ""diagnostic"" --(BEFORE)--> ""réséquée"""
131,69,FR100826,[EVENT_BEFORE_N/A_ACTUAL_POS] --(BEFORE)--> [EVENT_BEFORE_N/A_ACTUAL_POS] | [EVENT_BEFORE_N/A_ACTUAL_POS] --(BEFORE)--> [EVENT_BEFORE_N/A_ACTUAL_POS],"""examen"" --(BEFORE)--> ""bilan"" | ""bilan"" --(BEFORE)--> ""bilan"""
131,69,FR100845,[EVENT_BEFORE_N/A_ACTUAL_POS] --(BEFORE)--> [EVENT_BEFORE_N/A_ACTUAL_POS] | [EVENT_BEFORE_N/A_ACTUAL_POS] --(BEFORE)--> [EVENT_BEFORE_N/A_ACTUAL_POS],"""extraction"" --(BEFORE)--> ""examen"" | ""examen"" --(BEFORE)--> ""examinés"""
131,69,FR100870,[EVENT_BEFORE_N/A_ACTUAL_POS] --(BEFORE)--> [EVENT_BEFORE_N/A_ACTUAL_POS] | [EVENT_BEFORE_N/A_ACTUAL_POS] --(BEFORE)--> [EVENT_BEFORE_N/A_ACTUAL_POS],"""hémogramme"" --(BEFORE)--> ""bilan"" | ""bilan"" --(BEFORE)--> ""IRM"""
131,69,FR100874,[EVENT_BEFORE_N/A_ACTUAL_POS] --(BEFORE)--> [EVENT_BEFORE_N/A_ACTUAL_POS] | [EVENT_BEFORE_N/A_ACTUAL_POS] --(BEFORE)--> [EVENT_BEFORE_N/A_ACTUAL_POS],"""hémogramme"" --(BEFORE)--> ""fibroscopie"" | ""fibroscopie"" --(BEFORE)--> ""transit"""
131,69,FR100882,[EVENT_BEFORE_N/A_ACTUAL_POS] --(BEFORE)--> [EVENT_BEFORE_N/A_ACTUAL_POS] | [EVENT_BEFORE_N/A_ACTUAL_POS] --(BEFORE)--> [EVENT_BEFORE_N/A_ACTUAL_POS],"""prise"" --(BEFORE)--> ""laminectomie"" | ""laminectomie"" --(BEFORE)--> ""suites"""
131,69,FR100883,[EVENT_BEFORE_N/A_ACTUAL_POS] --(BEFORE)--> [EVENT_BEFORE_N/A_ACTUAL_POS] | [EVENT_BEFORE_N/A_ACTUAL_POS] --(BEFORE)--> [EVENT_BEFORE_N/A_ACTUAL_POS],"""biopsie"" --(BEFORE)--> ""bilan"" | ""bilan"" --(BEFORE)--> ""sérologie"""
131,69,FR100894,[EVENT_BEFORE_N/A_ACTUAL_POS] --(BEFORE)--> [EVENT_BEFORE_N/A_ACTUAL_POS] | [EVENT_BEFORE_N/A_ACTUAL_POS] --(BEFORE)--> [EVENT_BEFORE_N/A_ACTUAL_POS],"""diagnostic"" --(BEFORE)--> ""pris"" | ""pris"" --(BEFORE)--> ""incision"""
131,69,FR100903,[EVENT_BEFORE_N/A_ACTUAL_POS] --(BEFORE)--> [EVENT_BEFORE_N/A_ACTUAL_POS] | [EVENT_BEFORE_N/A_ACTUAL_POS] --(BEFORE)--> [EVENT_BEFORE_N/A_ACTUAL_POS],"""accouchement"" --(BEFORE)--> ""décédé"" | ""décédé"" --(BEFORE)--> ""caryotype"""
131,69,FR100919,[EVENT_BEFORE_N/A_ACTUAL_POS] --(BEFORE)--> [EVENT_BEFORE_N/A_ACTUAL_POS] | [EVENT_BEFORE_N/A_ACTUAL_POS] --(BEFORE)--> [EVENT_BEFORE_N/A_ACTUAL_POS],"""correction"" --(BEFORE)--> ""adressée"" | ""adressée"" --(BEFORE)--> ""bilan"""
131,69,FR100932,[EVENT_BEFORE_N/A_ACTUAL_POS] --(BEFORE)--> [EVENT_BEFORE_N/A_ACTUAL_POS] | [EVENT_BEFORE_N/A_ACTUAL_POS] --(BEFORE)--> [EVENT_BEFORE_N/A_ACTUAL_POS],"""mise"" --(BEFORE)--> ""opérée"" | ""opérée"" --(BEFORE)--> ""évolution"""
131,69,FR100946,[EVENT_BEFORE_N/A_ACTUAL_POS] --(BEFORE)--> [EVENT_BEFORE_N/A_ACTUAL_POS] | [EVENT_BEFORE_N/A_ACTUAL_POS] --(BEFORE)--> [EVENT_BEFORE_N/A_ACTUAL_POS],"""examen"" --(BEFORE)--> ""IRM"" | ""IRM"" --(BEFORE)--> ""analyse"""
131,69,FR100959,[EVENT_BEFORE_N/A_ACTUAL_POS] --(BEFORE)--> [EVENT_BEFORE_N/A_ACTUAL_POS] | [EVENT_BEFORE_N/A_ACTUAL_POS] --(BEFORE)--> [EVENT_BEFORE_N/A_ACTUAL_POS],"""œsophagoscopie"" --(BEFORE)--> ""Transit"" | ""Transit"" --(BEFORE)--> ""notée"""
131,69,FR100996,[EVENT_BEFORE_N/A_ACTUAL_POS] --(BEFORE)--> [EVENT_BEFORE_N/A_ACTUAL_POS] | [EVENT_BEFORE_N/A_ACTUAL_POS] --(BEFORE)--> [EVENT_BEFORE_N/A_ACTUAL_POS],"""consulté"" --(BEFORE)--> ""examen"" | ""examen"" --(BEFORE)--> ""tomodensitométrie"""
131,69,FR100998,[EVENT_BEFORE_N/A_ACTUAL_POS] --(BEFORE)--> [EVENT_BEFORE_N/A_ACTUAL_POS] | [EVENT_BEFORE_N/A_ACTUAL_POS] --(BEFORE)--> [EVENT_BEFORE_N/A_ACTUAL_POS],"""diagnostic"" --(BEFORE)--> ""traitée"" | ""traitée"" --(BEFORE)--> ""bilan"""
15,65,FR100003,[EVENT_BEFORE_N/A_ACTUAL_POS] --(CONTAINS)--> [EVENT_BEFORE_N/A_ACTUAL_POS] | [EVENT_BEFORE_N/A_ACTUAL_POS] --(BEFORE)--> [EVENT_BEFORE_N/A_ACTUAL_POS] | [EVENT_BEFORE_N/A_ACTUAL_POS] --(BEFORE)--> [EVENT_BEFORE_N/A_ACTUAL_POS],"""mixte"" --(CONTAINS)--> ""examen"" | ""examen"" --(BEFORE)--> ""antibiothérapie"" | ""antibiothérapie"" --(BEFORE)--> ""bloc"""
15,65,FR100078,[EVENT_BEFORE_N/A_ACTUAL_POS] --(CONTAINS)--> [EVENT_BEFORE_N/A_ACTUAL_POS] | [EVENT_BEFORE_N/A_ACTUAL_POS] --(BEFORE)--> [EVENT_BEFORE_N/A_ACTUAL_POS] | [EVENT_BEFORE_N/A_ACTUAL_POS] --(BEFORE)--> [EVENT_BEFORE_N/A_ACTUAL_POS],"""pouls"" --(CONTAINS)--> ""examen"" | ""examen"" --(BEFORE)--> ""doppler"" | ""doppler"" --(BEFORE)--> ""doppler"""
15,65,FR100092,[EVENT_BEFORE_N/A_ACTUAL_POS] --(CONTAINS)--> [EVENT_BEFORE_N/A_ACTUAL_POS] | [EVENT_BEFORE_N/A_ACTUAL_POS] --(BEFORE)--> [EVENT_BEFORE_N/A_ACTUAL_POS] | [EVENT_BEFORE_N/A_ACTUAL_POS] --(BEFORE)--> [EVENT_BEFORE_N/A_ACTUAL_POS],"""normal"" --(CONTAINS)--> ""échographie"" | ""échographie"" --(BEFORE)--> ""tableau"" | ""tableau"" --(BEFORE)--> ""reste"""
15,65,FR100120,[EVENT_BEFORE_N/A_ACTUAL_POS] --(CONTAINS)--> [EVENT_BEFORE_N/A_ACTUAL_POS] | [EVENT_BEFORE_N/A_ACTUAL_POS] --(BEFORE)--> [EVENT_BEFORE_N/A_ACTUAL_POS] | [EVENT_BEFORE_N/A_ACTUAL_POS] --(BEFORE)--> [EVENT_BEFORE_N/A_ACTUAL_POS],"""retard"" --(CONTAINS)--> ""rattaché"" | ""rattaché"" --(BEFORE)--> ""traitement"" | ""traitement"" --(BEFORE)--> ""sailli"""
15,65,FR100130,[EVENT_BEFORE_N/A_ACTUAL_POS] --(CONTAINS)--> [EVENT_BEFORE_N/A_ACTUAL_POS] | [EVENT_BEFORE_N/A_ACTUAL_POS] --(BEFORE)--> [EVENT_BEFORE_N/A_ACTUAL_POS] | [EVENT_BEFORE_N/A_ACTUAL_POS] --(BEFORE)--> [EVENT_BEFORE_N/A_ACTUAL_POS],"""sensibilité"" --(CONTAINS)--> ""examen"" | ""examen"" --(BEFORE)--> ""biologie"" | ""biologie"" --(BEFORE)--> ""glycémie"""
15,65,FR100132,[EVENT_BEFORE_N/A_ACTUAL_POS] --(CONTAINS)--> [EVENT_BEFORE_N/A_ACTUAL_POS] | [EVENT_BEFORE_N/A_ACTUAL_POS] --(BEFORE)--> [EVENT_BEFORE_N/A_ACTUAL_POS] | [EVENT_BEFORE_N/A_ACTUAL_POS] --(BEFORE)--> [EVENT_BEFORE_N/A_ACTUAL_POS],"""examen"" --(CONTAINS)--> ""palpation"" | ""palpation"" --(BEFORE)--> ""histologie"" | ""histologie"" --(BEFORE)--> ""examen"""
15,65,FR100142,[EVENT_BEFORE_N/A_ACTUAL_POS] --(CONTAINS)--> [EVENT_BEFORE_N/A_ACTUAL_POS] | [EVENT_BEFORE_N/A_ACTUAL_POS] --(BEFORE)--> [EVENT_BEFORE_N/A_ACTUAL_POS] | [EVENT_BEFORE_N/A_ACTUAL_POS] --(BEFORE)--> [EVENT_BEFORE_N/A_ACTUAL_POS],"""prolifération"" --(CONTAINS)--> ""biopsie"" | ""biopsie"" --(BEFORE)--> ""étude"" | ""étude"" --(BEFORE)--> ""sérologie"""
15,65,FR100161,[EVENT_BEFORE_N/A_ACTUAL_POS] --(CONTAINS)--> [EVENT_BEFORE_N/A_ACTUAL_POS] | [EVENT_BEFORE_N/A_ACTUAL_POS] --(BEFORE)--> [EVENT_BEFORE_N/A_ACTUAL_POS] | [EVENT_BEFORE_N/A_ACTUAL_POS] --(BEFORE)--> [EVENT_BEFORE_N/A_ACTUAL_POS],"""sérologie"" --(CONTAINS)--> ""examens"" | ""examens"" --(BEFORE)--> ""radiographie"" | ""radiographie"" --(BEFORE)--> ""complément"""
15,65,FR100168,[EVENT_BEFORE_N/A_ACTUAL_POS] --(CONTAINS)--> [EVENT_BEFORE_N/A_ACTUAL_POS] | [EVENT_BEFORE_N/A_ACTUAL_POS] --(BEFORE)--> [EVENT_BEFORE_N/A_ACTUAL_POS] | [EVENT_BEFORE_N/A_ACTUAL_POS] --(BEFORE)--> [EVENT_BEFORE_N/A_ACTUAL_POS],"""hémoglobine"" --(CONTAINS)--> ""bilan"" | ""bilan"" --(BEFORE)--> ""tests"" | ""tests"" --(BEFORE)--> ""entretien"""
15,65,FR100255,[EVENT_BEFORE_N/A_ACTUAL_POS] --(CONTAINS)--> [EVENT_BEFORE_N/A_ACTUAL_POS] | [EVENT_BEFORE_N/A_ACTUAL_POS] --(BEFORE)--> [EVENT_BEFORE_N/A_ACTUAL_POS] | [EVENT_BEFORE_N/A_ACTUAL_POS] --(BEFORE)--> [EVENT_BEFORE_N/A_ACTUAL_POS],"""fréquence"" --(CONTAINS)--> ""examen"" | ""examen"" --(BEFORE)--> ""examen"" | ""examen"" --(BEFORE)--> ""échographie"""
15,65,FR100275,[EVENT_BEFORE_N/A_ACTUAL_POS] --(CONTAINS)--> [EVENT_BEFORE_N/A_ACTUAL_POS] | [EVENT_BEFORE_N/A_ACTUAL_POS] --(BEFORE)--> [EVENT_BEFORE_N/A_ACTUAL_POS] | [EVENT_BEFORE_N/A_ACTUAL_POS] --(BEFORE)--> [EVENT_BEFORE_N/A_ACTUAL_POS],"""mort"" --(CONTAINS)--> ""établi"" | ""établi"" --(BEFORE)--> ""manœuvres"" | ""manœuvres"" --(BEFORE)--> ""transféré"""
15,65,FR100276,[EVENT_BEFORE_N/A_ACTUAL_POS] --(CONTAINS)--> [EVENT_BEFORE_N/A_ACTUAL_POS] | [EVENT_BEFORE_N/A_ACTUAL_POS] --(BEFORE)--> [EVENT_BEFORE_N/A_ACTUAL_POS] | [EVENT_BEFORE_N/A_ACTUAL_POS] --(BEFORE)--> [EVENT_BEFORE_N/A_ACTUAL_POS],"""aplasie"" --(CONTAINS)--> ""accouchement"" | ""accouchement"" --(BEFORE)--> ""reste"" | ""reste"" --(BEFORE)--> ""bilan"""
15,65,FR100282,[EVENT_BEFORE_N/A_ACTUAL_POS] --(CONTAINS)--> [EVENT_BEFORE_N/A_ACTUAL_POS] | [EVENT_BEFORE_N/A_ACTUAL_POS] --(BEFORE)--> [EVENT_BEFORE_N/A_ACTUAL_POS] | [EVENT_BEFORE_N/A_ACTUAL_POS] --(BEFORE)--> [EVENT_BEFORE_N/A_ACTUAL_POS],"""tracé"" --(CONTAINS)--> ""électroencéphalogramme"" | ""électroencéphalogramme"" --(BEFORE)--> ""scanner"" | ""scanner"" --(BEFORE)--> ""conclus"""
15,65,FR100283,[EVENT_BEFORE_N/A_ACTUAL_POS] --(CONTAINS)--> [EVENT_BEFORE_N/A_ACTUAL_POS] | [EVENT_BEFORE_N/A_ACTUAL_POS] --(BEFORE)--> [EVENT_BEFORE_N/A_ACTUAL_POS] | [EVENT_BEFORE_N/A_ACTUAL_POS] --(BEFORE)--> [EVENT_BEFORE_N/A_ACTUAL_POS],"""processus"" --(CONTAINS)--> ""IRM"" | ""IRM"" --(BEFORE)--> ""hypophysiogramme"" | ""hypophysiogramme"" --(BEFORE)--> ""traitement"""
15,65,FR100296,[EVENT_BEFORE_N/A_ACTUAL_POS] --(CONTAINS)--> [EVENT_BEFORE_N/A_ACTUAL_POS] | [EVENT_BEFORE_N/A_ACTUAL_POS] --(BEFORE)--> [EVENT_BEFORE_N/A_ACTUAL_POS] | [EVENT_BEFORE_N/A_ACTUAL_POS] --(BEFORE)--> [EVENT_BEFORE_N/A_ACTUAL_POS],"""émergence"" --(CONTAINS)--> ""fenestration"" | ""fenestration"" --(BEFORE)--> ""suites"" | ""suites"" --(BEFORE)--> ""exéaté"""
15,65,FR100314,[EVENT_BEFORE_N/A_ACTUAL_POS] --(CONTAINS)--> [EVENT_BEFORE_N/A_ACTUAL_POS] | [EVENT_BEFORE_N/A_ACTUAL_POS] --(BEFORE)--> [EVENT_BEFORE_N/A_ACTUAL_POS] | [EVENT_BEFORE_N/A_ACTUAL_POS] --(BEFORE)--> [EVENT_BEFORE_N/A_ACTUAL_POS],"""hospitalisation"" --(CONTAINS)--> ""signes"" | ""signes"" --(BEFORE)--> ""angio-scanner"" | ""angio-scanner"" --(BEFORE)--> ""amputation"""
15,65,FR100344,[EVENT_BEFORE_N/A_ACTUAL_POS] --(CONTAINS)--> [EVENT_BEFORE_N/A_ACTUAL_POS] | [EVENT_BEFORE_N/A_ACTUAL_POS] --(BEFORE)--> [EVENT_BEFORE_N/A_ACTUAL_POS] | [EVENT_BEFORE_N/A_ACTUAL_POS] --(BEFORE)--> [EVENT_BEFORE_N/A_ACTUAL_POS],"""insuffisance"" --(CONTAINS)--> ""développé"" | ""développé"" --(BEFORE)--> ""contrôle"" | ""contrôle"" --(BEFORE)--> ""tombée"""
15,65,FR100346,[EVENT_BEFORE_N/A_ACTUAL_POS] --(CONTAINS)--> [EVENT_BEFORE_N/A_ACTUAL_POS] | [EVENT_BEFORE_N/A_ACTUAL_POS] --(BEFORE)--> [EVENT_BEFORE_N/A_ACTUAL_POS] | [EVENT_BEFORE_N/A_ACTUAL_POS] --(BEFORE)--> [EVENT_BEFORE_N/A_ACTUAL_POS],"""lésions"" --(CONTAINS)--> ""angioscanner"" | ""angioscanner"" --(BEFORE)--> ""echo-dopler"" | ""echo-dopler"" --(BEFORE)--> ""IRM"""
15,65,FR100360,[EVENT_BEFORE_N/A_ACTUAL_POS] --(CONTAINS)--> [EVENT_BEFORE_N/A_ACTUAL_POS] | [EVENT_BEFORE_N/A_ACTUAL_POS] --(BEFORE)--> [EVENT_BEFORE_N/A_ACTUAL_POS] | [EVENT_BEFORE_N/A_ACTUAL_POS] --(BEFORE)--> [EVENT_BEFORE_N/A_ACTUAL_POS],"""colpohystérectomie"" --(CONTAINS)--> ""curage"" | ""curage"" --(BEFORE)--> ""radiothérapie"" | ""radiothérapie"" --(BEFORE)--> ""curiethérapie"""
15,65,FR100361,[EVENT_BEFORE_N/A_ACTUAL_POS] --(CONTAINS)--> [EVENT_BEFORE_N/A_ACTUAL_POS] | [EVENT_BEFORE_N/A_ACTUAL_POS] --(BEFORE)--> [EVENT_BEFORE_N/A_ACTUAL_POS] | [EVENT_BEFORE_N/A_ACTUAL_POS] --(BEFORE)--> [EVENT_BEFORE_N/A_ACTUAL_POS],"""englobe"" --(CONTAINS)--> ""TDM"" | ""TDM"" --(BEFORE)--> ""ponction"" | ""ponction"" --(BEFORE)--> ""examen"""
15,65,FR100371,[EVENT_BEFORE_N/A_ACTUAL_POS] --(CONTAINS)--> [EVENT_BEFORE_N/A_ACTUAL_POS] | [EVENT_BEFORE_N/A_ACTUAL_POS] --(BEFORE)--> [EVENT_BEFORE_N/A_ACTUAL_POS] | [EVENT_BEFORE_N/A_ACTUAL_POS] --(BEFORE)--> [EVENT_BEFORE_N/A_ACTUAL_POS],"""nombre"" --(CONTAINS)--> ""bilan"" | ""bilan"" --(BEFORE)--> ""bilan"" | ""bilan"" --(BEFORE)--> ""intervention"""
15,65,FR100400,[EVENT_BEFORE_N/A_ACTUAL_POS] --(CONTAINS)--> [EVENT_BEFORE_N/A_ACTUAL_POS] | [EVENT_BEFORE_N/A_ACTUAL_POS] --(BEFORE)--> [EVENT_BEFORE_N/A_ACTUAL_POS] | [EVENT_BEFORE_N/A_ACTUAL_POS] --(BEFORE)--> [EVENT_BEFORE_N/A_ACTUAL_POS],"""anictérique"" --(CONTAINS)--> ""examen"" | ""examen"" --(BEFORE)--> ""bilan"" | ""bilan"" --(BEFORE)--> ""sérologie"""
15,65,FR100439,[EVENT_BEFORE_N/A_ACTUAL_POS] --(CONTAINS)--> [EVENT_BEFORE_N/A_ACTUAL_POS] | [EVENT_BEFORE_N/A_ACTUAL_POS] --(BEFORE)--> [EVENT_BEFORE_N/A_ACTUAL_POS] | [EVENT_BEFORE_N/A_ACTUAL_POS] --(BEFORE)--> [EVENT_BEFORE_N/A_ACTUAL_POS],"""adénopathie"" --(CONTAINS)--> ""IRM"" | ""IRM"" --(BEFORE)--> ""scanner"" | ""scanner"" --(BEFORE)--> ""bilan"""
15,65,FR100480,[EVENT_BEFORE_N/A_ACTUAL_POS] --(CONTAINS)--> [EVENT_BEFORE_N/A_ACTUAL_POS] | [EVENT_BEFORE_N/A_ACTUAL_POS] --(BEFORE)--> [EVENT_BEFORE_N/A_ACTUAL_POS] | [EVENT_BEFORE_N/A_ACTUAL_POS] --(BEFORE)--> [EVENT_BEFORE_N/A_ACTUAL_POS],"""extension"" --(CONTAINS)--> ""imagerie"" | ""imagerie"" --(BEFORE)--> ""bilan"" | ""bilan"" --(BEFORE)--> ""scanner"""
15,65,FR100515,[EVENT_BEFORE_N/A_ACTUAL_POS] --(CONTAINS)--> [EVENT_BEFORE_N/A_ACTUAL_POS] | [EVENT_BEFORE_N/A_ACTUAL_POS] --(BEFORE)--> [EVENT_BEFORE_N/A_ACTUAL_POS] | [EVENT_BEFORE_N/A_ACTUAL_POS] --(BEFORE)--> [EVENT_BEFORE_N/A_ACTUAL_POS],"""atteinte"" --(CONTAINS)--> ""testing"" | ""testing"" --(BEFORE)--> ""dosage"" | ""dosage"" --(BEFORE)--> ""bilan"""
15,65,FR100517,[EVENT_BEFORE_N/A_ACTUAL_POS] --(CONTAINS)--> [EVENT_BEFORE_N/A_ACTUAL_POS] | [EVENT_BEFORE_N/A_ACTUAL_POS] --(BEFORE)--> [EVENT_BEFORE_N/A_ACTUAL_POS] | [EVENT_BEFORE_N/A_ACTUAL_POS] --(BEFORE)--> [EVENT_BEFORE_N/A_ACTUAL_POS],"""enzymes"" --(CONTAINS)--> ""bilan"" | ""bilan"" --(BEFORE)--> ""électromyogramme"" | ""électromyogramme"" --(BEFORE)--> ""bilan"""
15,65,FR100519,[EVENT_BEFORE_N/A_ACTUAL_POS] --(CONTAINS)--> [EVENT_BEFORE_N/A_ACTUAL_POS] | [EVENT_BEFORE_N/A_ACTUAL_POS] --(BEFORE)--> [EVENT_BEFORE_N/A_ACTUAL_POS] | [EVENT_BEFORE_N/A_ACTUAL_POS] --(BEFORE)--> [EVENT_BEFORE_N/A_ACTUAL_POS],"""aspect"" --(CONTAINS)--> ""bilan"" | ""bilan"" --(BEFORE)--> ""angioscanner"" | ""angioscanner"" --(BEFORE)--> ""échodoppler"""
15,65,FR100579,[EVENT_BEFORE_N/A_ACTUAL_POS] --(CONTAINS)--> [EVENT_BEFORE_N/A_ACTUAL_POS] | [EVENT_BEFORE_N/A_ACTUAL_POS] --(BEFORE)--> [EVENT_BEFORE_N/A_ACTUAL_POS] | [EVENT_BEFORE_N/A_ACTUAL_POS] --(BEFORE)--> [EVENT_BEFORE_N/A_ACTUAL_POS],"""processus"" --(CONTAINS)--> ""échocardiographie"" | ""échocardiographie"" --(BEFORE)--> ""bilan"" | ""bilan"" --(BEFORE)--> ""recherche"""
15,65,FR100589,[EVENT_BEFORE_N/A_ACTUAL_POS] --(CONTAINS)--> [EVENT_BEFORE_N/A_ACTUAL_POS] | [EVENT_BEFORE_N/A_ACTUAL_POS] --(BEFORE)--> [EVENT_BEFORE_N/A_ACTUAL_POS] | [EVENT_BEFORE_N/A_ACTUAL_POS] --(BEFORE)--> [EVENT_BEFORE_N/A_ACTUAL_POS],"""contexte"" --(CONTAINS)--> ""rechercher"" | ""rechercher"" --(BEFORE)--> ""bronchoscopie"" | ""bronchoscopie"" --(BEFORE)--> ""lavage"""
15,65,FR100597,[EVENT_BEFORE_N/A_ACTUAL_POS] --(CONTAINS)--> [EVENT_BEFORE_N/A_ACTUAL_POS] | [EVENT_BEFORE_N/A_ACTUAL_POS] --(BEFORE)--> [EVENT_BEFORE_N/A_ACTUAL_POS] | [EVENT_BEFORE_N/A_ACTUAL_POS] --(BEFORE)--> [EVENT_BEFORE_N/A_ACTUAL_POS],"""consultation"" --(CONTAINS)--> ""examen"" | ""examen"" --(BEFORE)--> ""examen"" | ""examen"" --(BEFORE)--> ""examen"""
15,65,FR100611,[EVENT_BEFORE_N/A_ACTUAL_POS] --(CONTAINS)--> [EVENT_BEFORE_N/A_ACTUAL_POS] | [EVENT_BEFORE_N/A_ACTUAL_POS] --(BEFORE)--> [EVENT_BEFORE_N/A_ACTUAL_POS] | [EVENT_BEFORE_N/A_ACTUAL_POS] --(BEFORE)--> [EVENT_BEFORE_N/A_ACTUAL_POS],"""aphasie"" --(CONTAINS)--> ""examen"" | ""examen"" --(BEFORE)--> ""IRM"" | ""IRM"" --(BEFORE)--> ""étude"""
15,65,FR100614,[EVENT_BEFORE_N/A_ACTUAL_POS] --(CONTAINS)--> [EVENT_BEFORE_N/A_ACTUAL_POS] | [EVENT_BEFORE_N/A_ACTUAL_POS] --(BEFORE)--> [EVENT_BEFORE_N/A_ACTUAL_POS] | [EVENT_BEFORE_N/A_ACTUAL_POS] --(BEFORE)--> [EVENT_BEFORE_N/A_ACTUAL_POS],"""masse"" --(CONTAINS)--> ""tomodensitométrie"" | ""tomodensitométrie"" --(BEFORE)--> ""radiographie"" | ""radiographie"" --(BEFORE)--> ""taux"""
15,65,FR100620,[EVENT_BEFORE_N/A_ACTUAL_POS] --(CONTAINS)--> [EVENT_BEFORE_N/A_ACTUAL_POS] | [EVENT_BEFORE_N/A_ACTUAL_POS] --(BEFORE)--> [EVENT_BEFORE_N/A_ACTUAL_POS] | [EVENT_BEFORE_N/A_ACTUAL_POS] --(BEFORE)--> [EVENT_BEFORE_N/A_ACTUAL_POS],"""hippocratisme"" --(CONTAINS)--> ""examen"" | ""examen"" --(BEFORE)--> ""radiographie"" | ""radiographie"" --(BEFORE)--> ""drainage"""
15,65,FR100623,[EVENT_BEFORE_N/A_ACTUAL_POS] --(CONTAINS)--> [EVENT_BEFORE_N/A_ACTUAL_POS] | [EVENT_BEFORE_N/A_ACTUAL_POS] --(BEFORE)--> [EVENT_BEFORE_N/A_ACTUAL_POS] | [EVENT_BEFORE_N/A_ACTUAL_POS] --(BEFORE)--> [EVENT_BEFORE_N/A_ACTUAL_POS],"""disposition"" --(CONTAINS)--> ""tomodensitométrie"" | ""tomodensitométrie"" --(BEFORE)--> ""retenu"" | ""retenu"" --(BEFORE)--> ""prise"""
15,65,FR100629,[EVENT_BEFORE_N/A_ACTUAL_POS] --(CONTAINS)--> [EVENT_BEFORE_N/A_ACTUAL_POS] | [EVENT_BEFORE_N/A_ACTUAL_POS] --(BEFORE)--> [EVENT_BEFORE_N/A_ACTUAL_POS] | [EVENT_BEFORE_N/A_ACTUAL_POS] --(BEFORE)--> [EVENT_BEFORE_N/A_ACTUAL_POS],"""syndrome"" --(CONTAINS)--> ""examen"" | ""examen"" --(BEFORE)--> ""radiographie"" | ""radiographie"" --(BEFORE)--> ""TDM"""
15,65,FR100632,[EVENT_BEFORE_N/A_ACTUAL_POS] --(CONTAINS)--> [EVENT_BEFORE_N/A_ACTUAL_POS] | [EVENT_BEFORE_N/A_ACTUAL_POS] --(BEFORE)--> [EVENT_BEFORE_N/A_ACTUAL_POS] | [EVENT_BEFORE_N/A_ACTUAL_POS] --(BEFORE)--> [EVENT_BEFORE_N/A_ACTUAL_POS],"""état"" --(CONTAINS)--> ""examen"" | ""examen"" --(BEFORE)--> ""examen"" | ""examen"" --(BEFORE)--> ""IRM"""
15,65,FR100658,[EVENT_BEFORE_N/A_ACTUAL_POS] --(CONTAINS)--> [EVENT_BEFORE_N/A_ACTUAL_POS] | [EVENT_BEFORE_N/A_ACTUAL_POS] --(BEFORE)--> [EVENT_BEFORE_N/A_ACTUAL_POS] | [EVENT_BEFORE_N/A_ACTUAL_POS] --(BEFORE)--> [EVENT_BEFORE_N/A_ACTUAL_POS],"""tolérance"" --(CONTAINS)--> ""évaluation"" | ""évaluation"" --(BEFORE)--> ""auscultation"" | ""auscultation"" --(BEFORE)--> ""examens"""
15,65,FR100663,[EVENT_BEFORE_N/A_ACTUAL_POS] --(CONTAINS)--> [EVENT_BEFORE_N/A_ACTUAL_POS] | [EVENT_BEFORE_N/A_ACTUAL_POS] --(BEFORE)--> [EVENT_BEFORE_N/A_ACTUAL_POS] | [EVENT_BEFORE_N/A_ACTUAL_POS] --(BEFORE)--> [EVENT_BEFORE_N/A_ACTUAL_POS],"""contenait"" --(CONTAINS)--> ""échographie"" | ""échographie"" --(BEFORE)--> ""taux"" | ""taux"" --(BEFORE)--> ""tenté"""
15,65,FR100666,[EVENT_BEFORE_N/A_ACTUAL_POS] --(CONTAINS)--> [EVENT_BEFORE_N/A_ACTUAL_POS] | [EVENT_BEFORE_N/A_ACTUAL_POS] --(BEFORE)--> [EVENT_BEFORE_N/A_ACTUAL_POS] | [EVENT_BEFORE_N/A_ACTUAL_POS] --(BEFORE)--> [EVENT_BEFORE_N/A_ACTUAL_POS],"""sérologie"" --(CONTAINS)--> ""bilan"" | ""bilan"" --(BEFORE)--> ""myologramme"" | ""myologramme"" --(BEFORE)--> ""bilan"""
15,65,FR100683,[EVENT_BEFORE_N/A_ACTUAL_POS] --(CONTAINS)--> [EVENT_BEFORE_N/A_ACTUAL_POS] | [EVENT_BEFORE_N/A_ACTUAL_POS] --(BEFORE)--> [EVENT_BEFORE_N/A_ACTUAL_POS] | [EVENT_BEFORE_N/A_ACTUAL_POS] --(BEFORE)--> [EVENT_BEFORE_N/A_ACTUAL_POS],"""glycémie"" --(CONTAINS)--> ""exploration"" | ""exploration"" --(BEFORE)--> ""exploration"" | ""exploration"" --(BEFORE)--> ""IRM"""
15,65,FR100688,[EVENT_BEFORE_N/A_ACTUAL_POS] --(CONTAINS)--> [EVENT_BEFORE_N/A_ACTUAL_POS] | [EVENT_BEFORE_N/A_ACTUAL_POS] --(BEFORE)--> [EVENT_BEFORE_N/A_ACTUAL_POS] | [EVENT_BEFORE_N/A_ACTUAL_POS] --(BEFORE)--> [EVENT_BEFORE_N/A_ACTUAL_POS],"""érosion"" --(CONTAINS)--> ""radiographie"" | ""radiographie"" --(BEFORE)--> ""échographie"" | ""échographie"" --(BEFORE)--> ""radiographie"""
15,65,FR100689,[EVENT_BEFORE_N/A_ACTUAL_POS] --(CONTAINS)--> [EVENT_BEFORE_N/A_ACTUAL_POS] | [EVENT_BEFORE_N/A_ACTUAL_POS] --(BEFORE)--> [EVENT_BEFORE_N/A_ACTUAL_POS] | [EVENT_BEFORE_N/A_ACTUAL_POS] --(BEFORE)--> [EVENT_BEFORE_N/A_ACTUAL_POS],"""CRP"" --(CONTAINS)--> ""ionogramme"" | ""ionogramme"" --(BEFORE)--> ""examen"" | ""examen"" --(BEFORE)--> ""retenu"""
15,65,FR100697,[EVENT_BEFORE_N/A_ACTUAL_POS] --(CONTAINS)--> [EVENT_BEFORE_N/A_ACTUAL_POS] | [EVENT_BEFORE_N/A_ACTUAL_POS] --(BEFORE)--> [EVENT_BEFORE_N/A_ACTUAL_POS] | [EVENT_BEFORE_N/A_ACTUAL_POS] --(BEFORE)--> [EVENT_BEFORE_N/A_ACTUAL_POS],"""rétraction"" --(CONTAINS)--> ""mammographie"" | ""mammographie"" --(BEFORE)--> ""échographie"" | ""échographie"" --(BEFORE)--> ""examen"""
15,65,FR100708,[EVENT_BEFORE_N/A_ACTUAL_POS] --(CONTAINS)--> [EVENT_BEFORE_N/A_ACTUAL_POS] | [EVENT_BEFORE_N/A_ACTUAL_POS] --(BEFORE)--> [EVENT_BEFORE_N/A_ACTUAL_POS] | [EVENT_BEFORE_N/A_ACTUAL_POS] --(BEFORE)--> [EVENT_BEFORE_N/A_ACTUAL_POS],"""masse"" --(CONTAINS)--> ""mammographie"" | ""mammographie"" --(BEFORE)--> ""échographie"" | ""échographie"" --(BEFORE)--> ""ponction"""
15,65,FR100717,[EVENT_BEFORE_N/A_ACTUAL_POS] --(CONTAINS)--> [EVENT_BEFORE_N/A_ACTUAL_POS] | [EVENT_BEFORE_N/A_ACTUAL_POS] --(BEFORE)--> [EVENT_BEFORE_N/A_ACTUAL_POS] | [EVENT_BEFORE_N/A_ACTUAL_POS] --(BEFORE)--> [EVENT_BEFORE_N/A_ACTUAL_POS],"""HDL"" --(CONTAINS)--> ""examens"" | ""examens"" --(BEFORE)--> ""scanner"" | ""scanner"" --(BEFORE)--> ""IRM"""
15,65,FR100748,[EVENT_BEFORE_N/A_ACTUAL_POS] --(CONTAINS)--> [EVENT_BEFORE_N/A_ACTUAL_POS] | [EVENT_BEFORE_N/A_ACTUAL_POS] --(BEFORE)--> [EVENT_BEFORE_N/A_ACTUAL_POS] | [EVENT_BEFORE_N/A_ACTUAL_POS] --(BEFORE)--> [EVENT_BEFORE_N/A_ACTUAL_POS],"""hospitalisation"" --(CONTAINS)--> ""indication"" | ""indication"" --(BEFORE)--> ""consultation"" | ""consultation"" --(BEFORE)--> ""ASA"""
15,65,FR100766,[EVENT_BEFORE_N/A_ACTUAL_POS] --(CONTAINS)--> [EVENT_BEFORE_N/A_ACTUAL_POS] | [EVENT_BEFORE_N/A_ACTUAL_POS] --(BEFORE)--> [EVENT_BEFORE_N/A_ACTUAL_POS] | [EVENT_BEFORE_N/A_ACTUAL_POS] --(BEFORE)--> [EVENT_BEFORE_N/A_ACTUAL_POS],"""prolabé"" --(CONTAINS)--> ""examen"" | ""examen"" --(BEFORE)--> ""hospitalisation"" | ""hospitalisation"" --(BEFORE)--> ""traitement"""
15,65,FR100780,[EVENT_BEFORE_N/A_ACTUAL_POS] --(CONTAINS)--> [EVENT_BEFORE_N/A_ACTUAL_POS] | [EVENT_BEFORE_N/A_ACTUAL_POS] --(BEFORE)--> [EVENT_BEFORE_N/A_ACTUAL_POS] | [EVENT_BEFORE_N/A_ACTUAL_POS] --(BEFORE)--> [EVENT_BEFORE_N/A_ACTUAL_POS],"""poids"" --(CONTAINS)--> ""examen"" | ""examen"" --(BEFORE)--> ""toucher"" | ""toucher"" --(BEFORE)--> ""échographie"""
15,65,FR100806,[EVENT_BEFORE_N/A_ACTUAL_POS] --(CONTAINS)--> [EVENT_BEFORE_N/A_ACTUAL_POS] | [EVENT_BEFORE_N/A_ACTUAL_POS] --(BEFORE)--> [EVENT_BEFORE_N/A_ACTUAL_POS] | [EVENT_BEFORE_N/A_ACTUAL_POS] --(BEFORE)--> [EVENT_BEFORE_N/A_ACTUAL_POS],"""TP"" --(CONTAINS)--> ""biologie"" | ""biologie"" --(BEFORE)--> ""tomodensitométrie"" | ""tomodensitométrie"" --(BEFORE)--> ""prise"""
15,65,FR100814,[EVENT_BEFORE_N/A_ACTUAL_POS] --(CONTAINS)--> [EVENT_BEFORE_N/A_ACTUAL_POS] | [EVENT_BEFORE_N/A_ACTUAL_POS] --(BEFORE)--> [EVENT_BEFORE_N/A_ACTUAL_POS] | [EVENT_BEFORE_N/A_ACTUAL_POS] --(BEFORE)--> [EVENT_BEFORE_N/A_ACTUAL_POS],"""processus"" --(CONTAINS)--> ""IRM"" | ""IRM"" --(BEFORE)--> ""diagnostic"" | ""diagnostic"" --(BEFORE)--> ""réséquée"""
15,65,FR100826,[EVENT_BEFORE_N/A_ACTUAL_POS] --(CONTAINS)--> [EVENT_BEFORE_N/A_ACTUAL_POS] | [EVENT_BEFORE_N/A_ACTUAL_POS] --(BEFORE)--> [EVENT_BEFORE_N/A_ACTUAL_POS] | [EVENT_BEFORE_N/A_ACTUAL_POS] --(BEFORE)--> [EVENT_BEFORE_N/A_ACTUAL_POS],"""termine"" --(CONTAINS)--> ""bilan"" | ""bilan"" --(BEFORE)--> ""bilan"" | ""bilan"" --(BEFORE)--> ""retenue"""
15,65,FR100845,[EVENT_BEFORE_N/A_ACTUAL_POS] --(CONTAINS)--> [EVENT_BEFORE_N/A_ACTUAL_POS] | [EVENT_BEFORE_N/A_ACTUAL_POS] --(BEFORE)--> [EVENT_BEFORE_N/A_ACTUAL_POS] | [EVENT_BEFORE_N/A_ACTUAL_POS] --(BEFORE)--> [EVENT_BEFORE_N/A_ACTUAL_POS],"""consciente"" --(CONTAINS)--> ""examen"" | ""examen"" --(BEFORE)--> ""examen"" | ""examen"" --(BEFORE)--> ""échographie"""
15,65,FR100870,[EVENT_BEFORE_N/A_ACTUAL_POS] --(CONTAINS)--> [EVENT_BEFORE_N/A_ACTUAL_POS] | [EVENT_BEFORE_N/A_ACTUAL_POS] --(BEFORE)--> [EVENT_BEFORE_N/A_ACTUAL_POS] | [EVENT_BEFORE_N/A_ACTUAL_POS] --(BEFORE)--> [EVENT_BEFORE_N/A_ACTUAL_POS],"""calcémie"" --(CONTAINS)--> ""bilan"" | ""bilan"" --(BEFORE)--> ""IRM"" | ""IRM"" --(BEFORE)--> ""électrophorèse"""
15,65,FR100874,[EVENT_BEFORE_N/A_ACTUAL_POS] --(CONTAINS)--> [EVENT_BEFORE_N/A_ACTUAL_POS] | [EVENT_BEFORE_N/A_ACTUAL_POS] --(BEFORE)--> [EVENT_BEFORE_N/A_ACTUAL_POS] | [EVENT_BEFORE_N/A_ACTUAL_POS] --(BEFORE)--> [EVENT_BEFORE_N/A_ACTUAL_POS],"""diverticule"" --(CONTAINS)--> ""retenu"" | ""retenu"" --(BEFORE)--> ""mise"" | ""mise"" --(BEFORE)--> ""diverticulectomie"""
15,65,FR100882,[EVENT_BEFORE_N/A_ACTUAL_POS] --(CONTAINS)--> [EVENT_BEFORE_N/A_ACTUAL_POS] | [EVENT_BEFORE_N/A_ACTUAL_POS] --(BEFORE)--> [EVENT_BEFORE_N/A_ACTUAL_POS] | [EVENT_BEFORE_N/A_ACTUAL_POS] --(BEFORE)--> [EVENT_BEFORE_N/A_ACTUAL_POS],"""parésie"" --(CONTAINS)--> ""examen"" | ""examen"" --(BEFORE)--> ""examen"" | ""examen"" --(BEFORE)--> ""examen"""
15,65,FR100883,[EVENT_BEFORE_N/A_ACTUAL_POS] --(CONTAINS)--> [EVENT_BEFORE_N/A_ACTUAL_POS] | [EVENT_BEFORE_N/A_ACTUAL_POS] --(BEFORE)--> [EVENT_BEFORE_N/A_ACTUAL_POS] | [EVENT_BEFORE_N/A_ACTUAL_POS] --(BEFORE)--> [EVENT_BEFORE_N/A_ACTUAL_POS],"""admission"" --(CONTAINS)--> ""TDM"" | ""TDM"" --(BEFORE)--> ""biopsie"" | ""biopsie"" --(BEFORE)--> ""bilan"""
15,65,FR100894,[EVENT_BEFORE_N/A_ACTUAL_POS] --(CONTAINS)--> [EVENT_BEFORE_N/A_ACTUAL_POS] | [EVENT_BEFORE_N/A_ACTUAL_POS] --(BEFORE)--> [EVENT_BEFORE_N/A_ACTUAL_POS] | [EVENT_BEFORE_N/A_ACTUAL_POS] --(BEFORE)--> [EVENT_BEFORE_N/A_ACTUAL_POS],"""syndrome"" --(CONTAINS)--> ""diagnostic"" | ""diagnostic"" --(BEFORE)--> ""pris"" | ""pris"" --(BEFORE)--> ""incision"""
15,65,FR100903,[EVENT_BEFORE_N/A_ACTUAL_POS] --(CONTAINS)--> [EVENT_BEFORE_N/A_ACTUAL_POS] | [EVENT_BEFORE_N/A_ACTUAL_POS] --(BEFORE)--> [EVENT_BEFORE_N/A_ACTUAL_POS] | [EVENT_BEFORE_N/A_ACTUAL_POS] --(BEFORE)--> [EVENT_BEFORE_N/A_ACTUAL_POS],"""biométrie"" --(CONTAINS)--> ""échographie"" | ""échographie"" --(BEFORE)--> ""IRM"" | ""IRM"" --(BEFORE)--> ""diagnostic"""
15,65,FR100946,[EVENT_BEFORE_N/A_ACTUAL_POS] --(CONTAINS)--> [EVENT_BEFORE_N/A_ACTUAL_POS] | [EVENT_BEFORE_N/A_ACTUAL_POS] --(BEFORE)--> [EVENT_BEFORE_N/A_ACTUAL_POS] | [EVENT_BEFORE_N/A_ACTUAL_POS] --(BEFORE)--> [EVENT_BEFORE_N/A_ACTUAL_POS],"""lésion"" --(CONTAINS)--> ""IRM"" | ""IRM"" --(BEFORE)--> ""analyse"" | ""analyse"" --(BEFORE)--> ""mise"""
15,65,FR100959,[EVENT_BEFORE_N/A_ACTUAL_POS] --(CONTAINS)--> [EVENT_BEFORE_N/A_ACTUAL_POS] | [EVENT_BEFORE_N/A_ACTUAL_POS] --(BEFORE)--> [EVENT_BEFORE_N/A_ACTUAL_POS] | [EVENT_BEFORE_N/A_ACTUAL_POS] --(BEFORE)--> [EVENT_BEFORE_N/A_ACTUAL_POS],"""admis"" --(CONTAINS)--> ""œsophagoscopie"" | ""œsophagoscopie"" --(BEFORE)--> ""Transit"" | ""Transit"" --(BEFORE)--> ""notée"""
15,65,FR100996,[EVENT_BEFORE_N/A_ACTUAL_POS] --(CONTAINS)--> [EVENT_BEFORE_N/A_ACTUAL_POS] | [EVENT_BEFORE_N/A_ACTUAL_POS] --(BEFORE)--> [EVENT_BEFORE_N/A_ACTUAL_POS] | [EVENT_BEFORE_N/A_ACTUAL_POS] --(BEFORE)--> [EVENT_BEFORE_N/A_ACTUAL_POS],"""sac"" --(CONTAINS)--> ""tomodensitométrie"" | ""tomodensitométrie"" --(BEFORE)--> ""injection"" | ""injection"" --(BEFORE)--> ""retenu"""
15,65,FR100998,[EVENT_BEFORE_N/A_ACTUAL_POS] --(CONTAINS)--> [EVENT_BEFORE_N/A_ACTUAL_POS] | [EVENT_BEFORE_N/A_ACTUAL_POS] --(BEFORE)--> [EVENT_BEFORE_N/A_ACTUAL_POS] | [EVENT_BEFORE_N/A_ACTUAL_POS] --(BEFORE)--> [EVENT_BEFORE_N/A_ACTUAL_POS],"""inflammation"" --(CONTAINS)--> ""diagnostic"" | ""diagnostic"" --(BEFORE)--> ""traitée"" | ""traitée"" --(BEFORE)--> ""bilan"""
0,63,FR100003,[EVENT_BEFORE_N/A_ACTUAL_POS] --(CONTAINS)--> [EVENT_BEFORE_N/A_ACTUAL_POS] | [EVENT_BEFORE_N/A_ACTUAL_POS] --(CONTAINS)--> [EVENT_BEFORE_N/A_ACTUAL_POS],"""observation"" --(CONTAINS)--> ""consulte"" | ""observation"" --(CONTAINS)--> ""Lexamen"""
0,63,FR100078,[EVENT_BEFORE_N/A_ACTUAL_POS] --(CONTAINS)--> [EVENT_BEFORE_N/A_ACTUAL_POS] | [EVENT_BEFORE_N/A_ACTUAL_POS] --(CONTAINS)--> [EVENT_BEFORE_N/A_ACTUAL_POS],"""signes"" --(CONTAINS)--> ""diagnostic"" | ""signes"" --(CONTAINS)--> ""C-réactive"""
0,63,FR100092,[EVENT_BEFORE_N/A_ACTUAL_POS] --(CONTAINS)--> [EVENT_BEFORE_N/A_ACTUAL_POS] | [EVENT_BEFORE_N/A_ACTUAL_POS] --(CONTAINS)--> [EVENT_BEFORE_N/A_ACTUAL_POS],"""minilaparotomie"" --(CONTAINS)--> ""exploration"" | ""minilaparotomie"" --(CONTAINS)--> ""salpingectomie"""
0,63,FR100130,[EVENT_BEFORE_N/A_ACTUAL_POS] --(CONTAINS)--> [EVENT_BEFORE_N/A_ACTUAL_POS] | [EVENT_BEFORE_N/A_ACTUAL_POS] --(CONTAINS)--> [EVENT_BEFORE_N/A_ACTUAL_POS],"""traité"" --(CONTAINS)--> ""kinésithérapie"" | ""traité"" --(CONTAINS)--> ""amélioration"""
0,63,FR100132,[EVENT_BEFORE_N/A_ACTUAL_POS] --(CONTAINS)--> [EVENT_BEFORE_N/A_ACTUAL_POS] | [EVENT_BEFORE_N/A_ACTUAL_POS] --(CONTAINS)--> [EVENT_BEFORE_N/A_ACTUAL_POS],"""examen"" --(CONTAINS)--> ""tension"" | ""examen"" --(CONTAINS)--> ""angiographie"""
0,63,FR100142,[EVENT_BEFORE_N/A_ACTUAL_POS] --(CONTAINS)--> [EVENT_BEFORE_N/A_ACTUAL_POS] | [EVENT_BEFORE_N/A_ACTUAL_POS] --(CONTAINS)--> [EVENT_BEFORE_N/A_ACTUAL_POS],"""lésions"" --(CONTAINS)--> ""apparition"" | ""lésions"" --(CONTAINS)--> ""examen"""
0,63,FR100161,[EVENT_BEFORE_N/A_ACTUAL_POS] --(CONTAINS)--> [EVENT_BEFORE_N/A_ACTUAL_POS] | [EVENT_BEFORE_N/A_ACTUAL_POS] --(CONTAINS)--> [EVENT_BEFORE_N/A_ACTUAL_POS],"""génotype"" --(CONTAINS)--> ""Fibro"" | ""génotype"" --(CONTAINS)--> ""Acti tests"""
0,63,FR100168,[EVENT_BEFORE_N/A_ACTUAL_POS] --(CONTAINS)--> [EVENT_BEFORE_N/A_ACTUAL_POS] | [EVENT_BEFORE_N/A_ACTUAL_POS] --(CONTAINS)--> [EVENT_BEFORE_N/A_ACTUAL_POS],"""plaquettes"" --(CONTAINS)--> ""bilan"" | ""plaquettes"" --(CONTAINS)--> ""bilan"""
0,63,FR100185,[EVENT_BEFORE_N/A_ACTUAL_POS] --(CONTAINS)--> [EVENT_BEFORE_N/A_ACTUAL_POS] | [EVENT_BEFORE_N/A_ACTUAL_POS] --(CONTAINS)--> [EVENT_BEFORE_N/A_ACTUAL_POS],"""accuse"" --(CONTAINS)--> ""Electromyogramme"" | ""accuse"" --(CONTAINS)--> ""examen"""
0,63,FR100255,[EVENT_BEFORE_N/A_ACTUAL_POS] --(CONTAINS)--> [EVENT_BEFORE_N/A_ACTUAL_POS] | [EVENT_BEFORE_N/A_ACTUAL_POS] --(CONTAINS)--> [EVENT_BEFORE_N/A_ACTUAL_POS],"""bilan"" --(CONTAINS)--> ""bilan"" | ""bilan"" --(CONTAINS)--> ""ionogramme"""
0,63,FR100275,[EVENT_BEFORE_N/A_ACTUAL_POS] --(CONTAINS)--> [EVENT_BEFORE_N/A_ACTUAL_POS] | [EVENT_BEFORE_N/A_ACTUAL_POS] --(CONTAINS)--> [EVENT_BEFORE_N/A_ACTUAL_POS],"""hospitalisation"" --(CONTAINS)--> ""évolution"" | ""hospitalisation"" --(CONTAINS)--> ""bilan"""
0,63,FR100276,[EVENT_BEFORE_N/A_ACTUAL_POS] --(CONTAINS)--> [EVENT_BEFORE_N/A_ACTUAL_POS] | [EVENT_BEFORE_N/A_ACTUAL_POS] --(CONTAINS)--> [EVENT_BEFORE_N/A_ACTUAL_POS],"""bilan"" --(CONTAINS)--> ""bilan"" | ""bilan"" --(CONTAINS)--> ""bilan"""
0,63,FR100283,[EVENT_BEFORE_N/A_ACTUAL_POS] --(CONTAINS)--> [EVENT_BEFORE_N/A_ACTUAL_POS] | [EVENT_BEFORE_N/A_ACTUAL_POS] --(CONTAINS)--> [EVENT_BEFORE_N/A_ACTUAL_POS],"""traitement"" --(CONTAINS)--> ""opothérapie"" | ""traitement"" --(CONTAINS)--> ""antibiothérapie"""
0,63,FR100296,[EVENT_BEFORE_N/A_ACTUAL_POS] --(CONTAINS)--> [EVENT_BEFORE_N/A_ACTUAL_POS] | [EVENT_BEFORE_N/A_ACTUAL_POS] --(CONTAINS)--> [EVENT_BEFORE_N/A_ACTUAL_POS],"""fenestration"" --(CONTAINS)--> ""geste"" | ""fenestration"" --(CONTAINS)--> ""ablation"""
0,63,FR100344,[EVENT_BEFORE_N/A_ACTUAL_POS] --(CONTAINS)--> [EVENT_BEFORE_N/A_ACTUAL_POS] | [EVENT_BEFORE_N/A_ACTUAL_POS] --(CONTAINS)--> [EVENT_BEFORE_N/A_ACTUAL_POS],"""grossesse"" --(CONTAINS)--> ""contrôle"" | ""grossesse"" --(CONTAINS)--> ""échographie"""
0,63,FR100346,[EVENT_BEFORE_N/A_ACTUAL_POS] --(CONTAINS)--> [EVENT_BEFORE_N/A_ACTUAL_POS] | [EVENT_BEFORE_N/A_ACTUAL_POS] --(CONTAINS)--> [EVENT_BEFORE_N/A_ACTUAL_POS],"""enquête"" --(CONTAINS)--> ""bilan"" | ""enquête"" --(CONTAINS)--> ""réalisé"""
0,63,FR100360,[EVENT_BEFORE_N/A_ACTUAL_POS] --(CONTAINS)--> [EVENT_BEFORE_N/A_ACTUAL_POS] | [EVENT_BEFORE_N/A_ACTUAL_POS] --(CONTAINS)--> [EVENT_BEFORE_N/A_ACTUAL_POS],"""colpohystérectomie"" --(CONTAINS)--> ""annexectomie"" | ""colpohystérectomie"" --(CONTAINS)--> ""curage"""
0,63,FR100361,[EVENT_BEFORE_N/A_ACTUAL_POS] --(CONTAINS)--> [EVENT_BEFORE_N/A_ACTUAL_POS] | [EVENT_BEFORE_N/A_ACTUAL_POS] --(CONTAINS)--> [EVENT_BEFORE_N/A_ACTUAL_POS],"""englobe"" --(CONTAINS)--> ""TDM"" | ""englobe"" --(CONTAINS)--> ""étude"""
0,63,FR100371,[EVENT_BEFORE_N/A_ACTUAL_POS] --(CONTAINS)--> [EVENT_BEFORE_N/A_ACTUAL_POS] | [EVENT_BEFORE_N/A_ACTUAL_POS] --(CONTAINS)--> [EVENT_BEFORE_N/A_ACTUAL_POS],"""ablation"" --(CONTAINS)--> ""incision"" | ""ablation"" --(CONTAINS)--> ""hémostase"""
0,63,FR100400,[EVENT_BEFORE_N/A_ACTUAL_POS] --(CONTAINS)--> [EVENT_BEFORE_N/A_ACTUAL_POS] | [EVENT_BEFORE_N/A_ACTUAL_POS] --(CONTAINS)--> [EVENT_BEFORE_N/A_ACTUAL_POS],"""suivie"" --(CONTAINS)--> ""consultation"" | ""suivie"" --(CONTAINS)--> ""contrôles"""
0,63,FR100439,[EVENT_BEFORE_N/A_ACTUAL_POS] --(CONTAINS)--> [EVENT_BEFORE_N/A_ACTUAL_POS] | [EVENT_BEFORE_N/A_ACTUAL_POS] --(CONTAINS)--> [EVENT_BEFORE_N/A_ACTUAL_POS],"""traitement"" --(CONTAINS)--> ""irradiation"" | ""traitement"" --(CONTAINS)--> ""chimiothérapie"""
0,63,FR100453,[EVENT_BEFORE_N/A_ACTUAL_POS] --(CONTAINS)--> [EVENT_BEFORE_N/A_ACTUAL_POS] | [EVENT_BEFORE_N/A_ACTUAL_POS] --(CONTAINS)--> [EVENT_BEFORE_N/A_ACTUAL_POS],"""développement"" --(CONTAINS)--> ""examen"" | ""développement"" --(CONTAINS)--> ""examen"""
0,63,FR100510,[EVENT_BEFORE_N/A_ACTUAL_POS] --(CONTAINS)--> [EVENT_BEFORE_N/A_ACTUAL_POS] | [EVENT_BEFORE_N/A_ACTUAL_POS] --(CONTAINS)--> [EVENT_BEFORE_N/A_ACTUAL_POS],"""kyste"" --(CONTAINS)--> ""données"" | ""kyste"" --(CONTAINS)--> ""biopsie"""
0,63,FR100515,[EVENT_BEFORE_N/A_ACTUAL_POS] --(CONTAINS)--> [EVENT_BEFORE_N/A_ACTUAL_POS] | [EVENT_BEFORE_N/A_ACTUAL_POS] --(CONTAINS)--> [EVENT_BEFORE_N/A_ACTUAL_POS],"""atteinte"" --(CONTAINS)--> ""testing"" | ""atteinte"" --(CONTAINS)--> ""hospitalisée"""
0,63,FR100517,[EVENT_BEFORE_N/A_ACTUAL_POS] --(CONTAINS)--> [EVENT_BEFORE_N/A_ACTUAL_POS] | [EVENT_BEFORE_N/A_ACTUAL_POS] --(CONTAINS)--> [EVENT_BEFORE_N/A_ACTUAL_POS],"""bilan"" --(CONTAINS)--> ""radiographie"" | ""bilan"" --(CONTAINS)--> ""fibroscopie"""
0,63,FR100519,[EVENT_BEFORE_N/A_ACTUAL_POS] --(CONTAINS)--> [EVENT_BEFORE_N/A_ACTUAL_POS] | [EVENT_BEFORE_N/A_ACTUAL_POS] --(CONTAINS)--> [EVENT_BEFORE_N/A_ACTUAL_POS],"""embolie"" --(CONTAINS)--> ""angioscanner"" | ""embolie"" --(CONTAINS)--> ""retenue"""
0,63,FR100579,[EVENT_BEFORE_N/A_ACTUAL_POS] --(CONTAINS)--> [EVENT_BEFORE_N/A_ACTUAL_POS] | [EVENT_BEFORE_N/A_ACTUAL_POS] --(CONTAINS)--> [EVENT_BEFORE_N/A_ACTUAL_POS],"""processus"" --(CONTAINS)--> ""échocardiographie"" | ""processus"" --(CONTAINS)--> ""imagerie"""
0,63,FR100589,[EVENT_BEFORE_N/A_ACTUAL_POS] --(CONTAINS)--> [EVENT_BEFORE_N/A_ACTUAL_POS] | [EVENT_BEFORE_N/A_ACTUAL_POS] --(CONTAINS)--> [EVENT_BEFORE_N/A_ACTUAL_POS],"""bilan"" --(CONTAINS)--> ""tomodensitométrie"" | ""bilan"" --(CONTAINS)--> ""frottis"""
0,63,FR100597,[EVENT_BEFORE_N/A_ACTUAL_POS] --(CONTAINS)--> [EVENT_BEFORE_N/A_ACTUAL_POS] | [EVENT_BEFORE_N/A_ACTUAL_POS] --(CONTAINS)--> [EVENT_BEFORE_N/A_ACTUAL_POS],"""gestes"" --(CONTAINS)--> ""annexectomie"" | ""gestes"" --(CONTAINS)--> ""exérèse"""
0,63,FR100611,[EVENT_BEFORE_N/A_ACTUAL_POS] --(CONTAINS)--> [EVENT_BEFORE_N/A_ACTUAL_POS] | [EVENT_BEFORE_N/A_ACTUAL_POS] --(CONTAINS)--> [EVENT_BEFORE_N/A_ACTUAL_POS],"""traitement"" --(CONTAINS)--> ""bithérapie"" | ""traitement"" --(CONTAINS)--> ""quadrithérapie"""
0,63,FR100614,[EVENT_BEFORE_N/A_ACTUAL_POS] --(CONTAINS)--> [EVENT_BEFORE_N/A_ACTUAL_POS] | [EVENT_BEFORE_N/A_ACTUAL_POS] --(CONTAINS)--> [EVENT_BEFORE_N/A_ACTUAL_POS],"""masse"" --(CONTAINS)--> ""examen"" | ""masse"" --(CONTAINS)--> ""tomodensitométrie"""
0,63,FR100620,[EVENT_BEFORE_N/A_ACTUAL_POS] --(CONTAINS)--> [EVENT_BEFORE_N/A_ACTUAL_POS] | [EVENT_BEFORE_N/A_ACTUAL_POS] --(CONTAINS)--> [EVENT_BEFORE_N/A_ACTUAL_POS],"""toux"" --(CONTAINS)--> ""présenté"" | ""toux"" --(CONTAINS)--> ""expectorations"""
0,63,FR100629,[EVENT_BEFORE_N/A_ACTUAL_POS] --(CONTAINS)--> [EVENT_BEFORE_N/A_ACTUAL_POS] | [EVENT_BEFORE_N/A_ACTUAL_POS] --(CONTAINS)--> [EVENT_BEFORE_N/A_ACTUAL_POS],"""thoracoscopie"" --(CONTAINS)--> ""biopsie"" | ""thoracoscopie"" --(CONTAINS)--> ""immuno histochimie"""
0,63,FR100632,[EVENT_BEFORE_N/A_ACTUAL_POS] --(CONTAINS)--> [EVENT_BEFORE_N/A_ACTUAL_POS] | [EVENT_BEFORE_N/A_ACTUAL_POS] --(CONTAINS)--> [EVENT_BEFORE_N/A_ACTUAL_POS],"""étude"" --(CONTAINS)--> ""culture"" | ""étude"" --(CONTAINS)--> ""recherche"""
0,63,FR100658,[EVENT_BEFORE_N/A_ACTUAL_POS] --(CONTAINS)--> [EVENT_BEFORE_N/A_ACTUAL_POS] | [EVENT_BEFORE_N/A_ACTUAL_POS] --(CONTAINS)--> [EVENT_BEFORE_N/A_ACTUAL_POS],"""monitorage"" --(CONTAINS)--> ""enregistrement"" | ""monitorage"" --(CONTAINS)--> ""capnographie"""
0,63,FR100663,[EVENT_BEFORE_N/A_ACTUAL_POS] --(CONTAINS)--> [EVENT_BEFORE_N/A_ACTUAL_POS] | [EVENT_BEFORE_N/A_ACTUAL_POS] --(CONTAINS)--> [EVENT_BEFORE_N/A_ACTUAL_POS],"""contenait"" --(CONTAINS)--> ""longueur"" | ""contenait"" --(CONTAINS)--> ""échographie"""
0,63,FR100666,[EVENT_BEFORE_N/A_ACTUAL_POS] --(CONTAINS)--> [EVENT_BEFORE_N/A_ACTUAL_POS] | [EVENT_BEFORE_N/A_ACTUAL_POS] --(CONTAINS)--> [EVENT_BEFORE_N/A_ACTUAL_POS],"""polychimiothérapie"" --(CONTAINS)--> ""COP"" | ""polychimiothérapie"" --(CONTAINS)--> ""radiothérapie"""
0,63,FR100683,[EVENT_BEFORE_N/A_ACTUAL_POS] --(CONTAINS)--> [EVENT_BEFORE_N/A_ACTUAL_POS] | [EVENT_BEFORE_N/A_ACTUAL_POS] --(CONTAINS)--> [EVENT_BEFORE_N/A_ACTUAL_POS],"""évolution"" --(CONTAINS)--> ""apparition"" | ""évolution"" --(CONTAINS)--> ""augmentation"""
0,63,FR100688,[EVENT_BEFORE_N/A_ACTUAL_POS] --(CONTAINS)--> [EVENT_BEFORE_N/A_ACTUAL_POS] | [EVENT_BEFORE_N/A_ACTUAL_POS] --(CONTAINS)--> [EVENT_BEFORE_N/A_ACTUAL_POS],"""Bacille"" --(CONTAINS)--> ""culture"" | ""Bacille"" --(CONTAINS)--> ""analyse"""
0,63,FR100689,[EVENT_BEFORE_N/A_ACTUAL_POS] --(CONTAINS)--> [EVENT_BEFORE_N/A_ACTUAL_POS] | [EVENT_BEFORE_N/A_ACTUAL_POS] --(CONTAINS)--> [EVENT_BEFORE_N/A_ACTUAL_POS],"""évolution"" --(CONTAINS)--> ""apparition"" | ""évolution"" --(CONTAINS)--> ""admission"""
0,63,FR100697,[EVENT_BEFORE_N/A_ACTUAL_POS] --(CONTAINS)--> [EVENT_BEFORE_N/A_ACTUAL_POS] | [EVENT_BEFORE_N/A_ACTUAL_POS] --(CONTAINS)--> [EVENT_BEFORE_N/A_ACTUAL_POS],"""bilan"" --(CONTAINS)--> ""biopsie"" | ""bilan"" --(CONTAINS)--> ""échographie"""
0,63,FR100717,[EVENT_BEFORE_N/A_ACTUAL_POS] --(CONTAINS)--> [EVENT_BEFORE_N/A_ACTUAL_POS] | [EVENT_BEFORE_N/A_ACTUAL_POS] --(CONTAINS)--> [EVENT_BEFORE_N/A_ACTUAL_POS],"""épaississement"" --(CONTAINS)--> ""IRM"" | ""épaississement"" --(CONTAINS)--> ""hypersignal"""
0,63,FR100748,[EVENT_BEFORE_N/A_ACTUAL_POS] --(CONTAINS)--> [EVENT_BEFORE_N/A_ACTUAL_POS] | [EVENT_BEFORE_N/A_ACTUAL_POS] --(CONTAINS)--> [EVENT_BEFORE_N/A_ACTUAL_POS],"""hospitalisation"" --(CONTAINS)--> ""indication"" | ""hospitalisation"" --(CONTAINS)--> ""reste"""
0,63,FR100780,[EVENT_BEFORE_N/A_ACTUAL_POS] --(CONTAINS)--> [EVENT_BEFORE_N/A_ACTUAL_POS] | [EVENT_BEFORE_N/A_ACTUAL_POS] --(CONTAINS)--> [EVENT_BEFORE_N/A_ACTUAL_POS],"""circuit"" --(CONTAINS)--> ""héparine"" | ""circuit"" --(CONTAINS)--> ""héparine"""
0,63,FR100806,[EVENT_BEFORE_N/A_ACTUAL_POS] --(CONTAINS)--> [EVENT_BEFORE_N/A_ACTUAL_POS] | [EVENT_BEFORE_N/A_ACTUAL_POS] --(CONTAINS)--> [EVENT_BEFORE_N/A_ACTUAL_POS],"""dialyse"" --(CONTAINS)--> ""crise"" | ""dialyse"" --(CONTAINS)--> ""séances"""
0,63,FR100814,[EVENT_BEFORE_N/A_ACTUAL_POS] --(CONTAINS)--> [EVENT_BEFORE_N/A_ACTUAL_POS] | [EVENT_BEFORE_N/A_ACTUAL_POS] --(CONTAINS)--> [EVENT_BEFORE_N/A_ACTUAL_POS],"""IRM"" --(CONTAINS)--> ""hypersignal"" | ""IRM"" --(CONTAINS)--> ""iso-signal"""
0,63,FR100845,[EVENT_BEFORE_N/A_ACTUAL_POS] --(CONTAINS)--> [EVENT_BEFORE_N/A_ACTUAL_POS] | [EVENT_BEFORE_N/A_ACTUAL_POS] --(CONTAINS)--> [EVENT_BEFORE_N/A_ACTUAL_POS],"""examen"" --(CONTAINS)--> ""BCF"" | ""examen"" --(CONTAINS)--> ""spéculum"""
0,63,FR100874,[EVENT_BEFORE_N/A_ACTUAL_POS] --(CONTAINS)--> [EVENT_BEFORE_N/A_ACTUAL_POS] | [EVENT_BEFORE_N/A_ACTUAL_POS] --(CONTAINS)--> [EVENT_BEFORE_N/A_ACTUAL_POS],"""examen"" --(CONTAINS)--> ""constantes"" | ""examen"" --(CONTAINS)--> ""reste"""
0,63,FR100883,[EVENT_BEFORE_N/A_ACTUAL_POS] --(CONTAINS)--> [EVENT_BEFORE_N/A_ACTUAL_POS] | [EVENT_BEFORE_N/A_ACTUAL_POS] --(CONTAINS)--> [EVENT_BEFORE_N/A_ACTUAL_POS],"""reçu"" --(CONTAINS)--> ""radiothérapie"" | ""reçu"" --(CONTAINS)--> ""cures"""
0,63,FR100894,[EVENT_BEFORE_N/A_ACTUAL_POS] --(CONTAINS)--> [EVENT_BEFORE_N/A_ACTUAL_POS] | [EVENT_BEFORE_N/A_ACTUAL_POS] --(CONTAINS)--> [EVENT_BEFORE_N/A_ACTUAL_POS],"""incision"" --(CONTAINS)--> ""décompression"" | ""incision"" --(CONTAINS)--> ""section"""
0,63,FR100903,[EVENT_BEFORE_N/A_ACTUAL_POS] --(CONTAINS)--> [EVENT_BEFORE_N/A_ACTUAL_POS] | [EVENT_BEFORE_N/A_ACTUAL_POS] --(CONTAINS)--> [EVENT_BEFORE_N/A_ACTUAL_POS],"""hydrops"" --(CONTAINS)--> ""diagnostic"" | ""hydrops"" --(CONTAINS)--> ""circonférence"""
0,63,FR100925,[EVENT_BEFORE_N/A_ACTUAL_POS] --(CONTAINS)--> [EVENT_BEFORE_N/A_ACTUAL_POS] | [EVENT_BEFORE_N/A_ACTUAL_POS] --(CONTAINS)--> [EVENT_BEFORE_N/A_ACTUAL_POS],"""pic"" --(CONTAINS)--> ""arguments"" | ""pic"" --(CONTAINS)--> ""électrophorèse"""
0,63,FR100944,[EVENT_BEFORE_N/A_ACTUAL_POS] --(CONTAINS)--> [EVENT_BEFORE_N/A_ACTUAL_POS] | [EVENT_BEFORE_N/A_ACTUAL_POS] --(CONTAINS)--> [EVENT_BEFORE_N/A_ACTUAL_POS],"""suivi"" --(CONTAINS)--> ""échocardiographique"" | ""suivi"" --(CONTAINS)--> ""hospitalisé"""
0,63,FR100959,[EVENT_BEFORE_N/A_ACTUAL_POS] --(CONTAINS)--> [EVENT_BEFORE_N/A_ACTUAL_POS] | [EVENT_BEFORE_N/A_ACTUAL_POS] --(CONTAINS)--> [EVENT_BEFORE_N/A_ACTUAL_POS],"""œsophagoscopie"" --(CONTAINS)--> ""permis"" | ""œsophagoscopie"" --(CONTAINS)--> ""extraction"""
0,63,FR100960,[EVENT_BEFORE_N/A_ACTUAL_POS] --(CONTAINS)--> [EVENT_BEFORE_N/A_ACTUAL_POS] | [EVENT_BEFORE_N/A_ACTUAL_POS] --(CONTAINS)--> [EVENT_BEFORE_N/A_ACTUAL_POS],"""récidive"" --(CONTAINS)--> ""scanner"" | ""récidive"" --(CONTAINS)--> ""localisation"""
0,63,FR100994,[EVENT_BEFORE_N/A_ACTUAL_POS] --(CONTAINS)--> [EVENT_BEFORE_N/A_ACTUAL_POS] | [EVENT_BEFORE_N/A_ACTUAL_POS] --(CONTAINS)--> [EVENT_BEFORE_N/A_ACTUAL_POS],"""cancer"" --(CONTAINS)--> ""suivi"" | ""cancer"" --(CONTAINS)--> ""suivi"""
0,63,FR100998,[EVENT_BEFORE_N/A_ACTUAL_POS] --(CONTAINS)--> [EVENT_BEFORE_N/A_ACTUAL_POS] | [EVENT_BEFORE_N/A_ACTUAL_POS] --(CONTAINS)--> [EVENT_BEFORE_N/A_ACTUAL_POS],"""traitée"" --(CONTAINS)--> ""cures"" | ""traitée"" --(CONTAINS)--> ""développé"""
132,61,FR100003,[EVENT_BEFORE_N/A_ACTUAL_POS] --(BEFORE)--> [EVENT_BEFORE_N/A_ACTUAL_POS] | [EVENT_BEFORE_N/A_ACTUAL_POS] --(BEFORE)--> [EVENT_BEFORE_N/A_ACTUAL_POS] | [EVENT_BEFORE_N/A_ACTUAL_POS] --(BEFORE)--> [EVENT_BEFORE_N/A_ACTUAL_POS],"""injection"" --(BEFORE)--> ""ponction"" | ""ponction"" --(BEFORE)--> ""examen"" | ""examen"" --(BEFORE)--> ""examen"""
132,61,FR100092,[EVENT_BEFORE_N/A_ACTUAL_POS] --(BEFORE)--> [EVENT_BEFORE_N/A_ACTUAL_POS] | [EVENT_BEFORE_N/A_ACTUAL_POS] --(BEFORE)--> [EVENT_BEFORE_N/A_ACTUAL_POS] | [EVENT_BEFORE_N/A_ACTUAL_POS] --(BEFORE)--> [EVENT_BEFORE_N/A_ACTUAL_POS],"""examen"" --(BEFORE)--> ""examen"" | ""examen"" --(BEFORE)--> ""examen"" | ""examen"" --(BEFORE)--> ""échographie"""
132,61,FR100120,[EVENT_BEFORE_N/A_ACTUAL_POS] --(BEFORE)--> [EVENT_BEFORE_N/A_ACTUAL_POS] | [EVENT_BEFORE_N/A_ACTUAL_POS] --(BEFORE)--> [EVENT_BEFORE_N/A_ACTUAL_POS] | [EVENT_BEFORE_N/A_ACTUAL_POS] --(BEFORE)--> [EVENT_BEFORE_N/A_ACTUAL_POS],"""rattaché"" --(BEFORE)--> ""traitement"" | ""traitement"" --(BEFORE)--> ""retirées"" | ""retirées"" --(BEFORE)--> ""conclure"""
132,61,FR100130,[EVENT_BEFORE_N/A_ACTUAL_POS] --(BEFORE)--> [EVENT_BEFORE_N/A_ACTUAL_POS] | [EVENT_BEFORE_N/A_ACTUAL_POS] --(BEFORE)--> [EVENT_BEFORE_N/A_ACTUAL_POS] | [EVENT_BEFORE_N/A_ACTUAL_POS] --(BEFORE)--> [EVENT_BEFORE_N/A_ACTUAL_POS],"""électromyogramme"" --(BEFORE)--> ""confirmé"" | ""confirmé"" --(BEFORE)--> ""recherche"" | ""recherche"" --(BEFORE)--> ""séjour"""
132,61,FR100132,[EVENT_BEFORE_N/A_ACTUAL_POS] --(BEFORE)--> [EVENT_BEFORE_N/A_ACTUAL_POS] | [EVENT_BEFORE_N/A_ACTUAL_POS] --(BEFORE)--> [EVENT_BEFORE_N/A_ACTUAL_POS] | [EVENT_BEFORE_N/A_ACTUAL_POS] --(BEFORE)--> [EVENT_BEFORE_N/A_ACTUAL_POS],"""palpation"" --(BEFORE)--> ""histologie"" | ""histologie"" --(BEFORE)--> ""examen"" | ""examen"" --(BEFORE)--> ""écho-Doppler"""
132,61,FR100142,[EVENT_BEFORE_N/A_ACTUAL_POS] --(BEFORE)--> [EVENT_BEFORE_N/A_ACTUAL_POS] | [EVENT_BEFORE_N/A_ACTUAL_POS] --(BEFORE)--> [EVENT_BEFORE_N/A_ACTUAL_POS] | [EVENT_BEFORE_N/A_ACTUAL_POS] --(BEFORE)--> [EVENT_BEFORE_N/A_ACTUAL_POS],"""scanner"" --(BEFORE)--> ""fibroscopie"" | ""fibroscopie"" --(BEFORE)--> ""biopsie"" | ""biopsie"" --(BEFORE)--> ""mis"""
132,61,FR100161,[EVENT_BEFORE_N/A_ACTUAL_POS] --(BEFORE)--> [EVENT_BEFORE_N/A_ACTUAL_POS] | [EVENT_BEFORE_N/A_ACTUAL_POS] --(BEFORE)--> [EVENT_BEFORE_N/A_ACTUAL_POS] | [EVENT_BEFORE_N/A_ACTUAL_POS] --(BEFORE)--> [EVENT_BEFORE_N/A_ACTUAL_POS],"""complément"" --(BEFORE)--> ""cortisol"" | ""cortisol"" --(BEFORE)--> ""exérèse"" | ""exérèse"" --(BEFORE)--> ""examen"""
132,61,FR100168,[EVENT_BEFORE_N/A_ACTUAL_POS] --(BEFORE)--> [EVENT_BEFORE_N/A_ACTUAL_POS] | [EVENT_BEFORE_N/A_ACTUAL_POS] --(BEFORE)--> [EVENT_BEFORE_N/A_ACTUAL_POS] | [EVENT_BEFORE_N/A_ACTUAL_POS] --(BEFORE)--> [EVENT_BEFORE_N/A_ACTUAL_POS],"""transfusion"" --(BEFORE)--> ""bilan"" | ""bilan"" --(BEFORE)--> ""tests"" | ""tests"" --(BEFORE)--> ""entretien"""
132,61,FR100255,[EVENT_BEFORE_N/A_ACTUAL_POS] --(BEFORE)--> [EVENT_BEFORE_N/A_ACTUAL_POS] | [EVENT_BEFORE_N/A_ACTUAL_POS] --(BEFORE)--> [EVENT_BEFORE_N/A_ACTUAL_POS] | [EVENT_BEFORE_N/A_ACTUAL_POS] --(BEFORE)--> [EVENT_BEFORE_N/A_ACTUAL_POS],"""admise"" --(BEFORE)--> ""examen"" | ""examen"" --(BEFORE)--> ""examen"" | ""examen"" --(BEFORE)--> ""échographie"""
132,61,FR100275,[EVENT_BEFORE_N/A_ACTUAL_POS] --(BEFORE)--> [EVENT_BEFORE_N/A_ACTUAL_POS] | [EVENT_BEFORE_N/A_ACTUAL_POS] --(BEFORE)--> [EVENT_BEFORE_N/A_ACTUAL_POS] | [EVENT_BEFORE_N/A_ACTUAL_POS] --(BEFORE)--> [EVENT_BEFORE_N/A_ACTUAL_POS],"""établi"" --(BEFORE)--> ""manœuvres"" | ""manœuvres"" --(BEFORE)--> ""transféré"" | ""transféré"" --(BEFORE)--> ""anamnèse"""
132,61,FR100276,[EVENT_BEFORE_N/A_ACTUAL_POS] --(BEFORE)--> [EVENT_BEFORE_N/A_ACTUAL_POS] | [EVENT_BEFORE_N/A_ACTUAL_POS] --(BEFORE)--> [EVENT_BEFORE_N/A_ACTUAL_POS] | [EVENT_BEFORE_N/A_ACTUAL_POS] --(BEFORE)--> [EVENT_BEFORE_N/A_ACTUAL_POS],"""accouchement"" --(BEFORE)--> ""reste"" | ""reste"" --(BEFORE)--> ""bilan"" | ""bilan"" --(BEFORE)--> ""régression"""
132,61,FR100282,[EVENT_BEFORE_N/A_ACTUAL_POS] --(BEFORE)--> [EVENT_BEFORE_N/A_ACTUAL_POS] | [EVENT_BEFORE_N/A_ACTUAL_POS] --(BEFORE)--> [EVENT_BEFORE_N/A_ACTUAL_POS] | [EVENT_BEFORE_N/A_ACTUAL_POS] --(BEFORE)--> [EVENT_BEFORE_N/A_ACTUAL_POS],"""examen"" --(BEFORE)--> ""électroencéphalogramme"" | ""électroencéphalogramme"" --(BEFORE)--> ""scanner"" | ""scanner"" --(BEFORE)--> ""conclus"""
132,61,FR100283,[EVENT_BEFORE_N/A_ACTUAL_POS] --(BEFORE)--> [EVENT_BEFORE_N/A_ACTUAL_POS] | [EVENT_BEFORE_N/A_ACTUAL_POS] --(BEFORE)--> [EVENT_BEFORE_N/A_ACTUAL_POS] | [EVENT_BEFORE_N/A_ACTUAL_POS] --(BEFORE)--> [EVENT_BEFORE_N/A_ACTUAL_POS],"""IRM"" --(BEFORE)--> ""hypophysiogramme"" | ""hypophysiogramme"" --(BEFORE)--> ""traitement"" | ""traitement"" --(BEFORE)--> ""évolution"""
132,61,FR100296,[EVENT_BEFORE_N/A_ACTUAL_POS] --(BEFORE)--> [EVENT_BEFORE_N/A_ACTUAL_POS] | [EVENT_BEFORE_N/A_ACTUAL_POS] --(BEFORE)--> [EVENT_BEFORE_N/A_ACTUAL_POS] | [EVENT_BEFORE_N/A_ACTUAL_POS] --(BEFORE)--> [EVENT_BEFORE_N/A_ACTUAL_POS],"""IRM"" --(BEFORE)--> ""fenestration"" | ""fenestration"" --(BEFORE)--> ""suites"" | ""suites"" --(BEFORE)--> ""exéaté"""
132,61,FR100314,[EVENT_BEFORE_N/A_ACTUAL_POS] --(BEFORE)--> [EVENT_BEFORE_N/A_ACTUAL_POS] | [EVENT_BEFORE_N/A_ACTUAL_POS] --(BEFORE)--> [EVENT_BEFORE_N/A_ACTUAL_POS] | [EVENT_BEFORE_N/A_ACTUAL_POS] --(BEFORE)--> [EVENT_BEFORE_N/A_ACTUAL_POS],"""bilan"" --(BEFORE)--> ""drainage"" | ""drainage"" --(BEFORE)--> ""angio-scanner"" | ""angio-scanner"" --(BEFORE)--> ""amputation"""
132,61,FR100344,[EVENT_BEFORE_N/A_ACTUAL_POS] --(BEFORE)--> [EVENT_BEFORE_N/A_ACTUAL_POS] | [EVENT_BEFORE_N/A_ACTUAL_POS] --(BEFORE)--> [EVENT_BEFORE_N/A_ACTUAL_POS] | [EVENT_BEFORE_N/A_ACTUAL_POS] --(BEFORE)--> [EVENT_BEFORE_N/A_ACTUAL_POS],"""plainte"" --(BEFORE)--> ""examen"" | ""examen"" --(BEFORE)--> ""césarienne"" | ""césarienne"" --(BEFORE)--> ""pesait"""
132,61,FR100346,[EVENT_BEFORE_N/A_ACTUAL_POS] --(BEFORE)--> [EVENT_BEFORE_N/A_ACTUAL_POS] | [EVENT_BEFORE_N/A_ACTUAL_POS] --(BEFORE)--> [EVENT_BEFORE_N/A_ACTUAL_POS] | [EVENT_BEFORE_N/A_ACTUAL_POS] --(BEFORE)--> [EVENT_BEFORE_N/A_ACTUAL_POS],"""examen"" --(BEFORE)--> ""gazométrie"" | ""gazométrie"" --(BEFORE)--> ""reste"" | ""reste"" --(BEFORE)--> ""radiographie"""
132,61,FR100360,[EVENT_BEFORE_N/A_ACTUAL_POS] --(BEFORE)--> [EVENT_BEFORE_N/A_ACTUAL_POS] | [EVENT_BEFORE_N/A_ACTUAL_POS] --(BEFORE)--> [EVENT_BEFORE_N/A_ACTUAL_POS] | [EVENT_BEFORE_N/A_ACTUAL_POS] --(BEFORE)--> [EVENT_BEFORE_N/A_ACTUAL_POS],"""complément"" --(BEFORE)--> ""biopsie"" | ""biopsie"" --(BEFORE)--> ""tomodensitométrie"" | ""tomodensitométrie"" --(BEFORE)--> ""radiothérapie"""
132,61,FR100361,[EVENT_BEFORE_N/A_ACTUAL_POS] --(BEFORE)--> [EVENT_BEFORE_N/A_ACTUAL_POS] | [EVENT_BEFORE_N/A_ACTUAL_POS] --(BEFORE)--> [EVENT_BEFORE_N/A_ACTUAL_POS] | [EVENT_BEFORE_N/A_ACTUAL_POS] --(BEFORE)--> [EVENT_BEFORE_N/A_ACTUAL_POS],"""ponction"" --(BEFORE)--> ""examen"" | ""examen"" --(BEFORE)--> ""examen"" | ""examen"" --(BEFORE)--> ""culture"""
132,61,FR100371,[EVENT_BEFORE_N/A_ACTUAL_POS] --(BEFORE)--> [EVENT_BEFORE_N/A_ACTUAL_POS] | [EVENT_BEFORE_N/A_ACTUAL_POS] --(BEFORE)--> [EVENT_BEFORE_N/A_ACTUAL_POS] | [EVENT_BEFORE_N/A_ACTUAL_POS] --(BEFORE)--> [EVENT_BEFORE_N/A_ACTUAL_POS],"""bilan"" --(BEFORE)--> ""bilan"" | ""bilan"" --(BEFORE)--> ""intervention"" | ""intervention"" --(BEFORE)--> ""sortie"""
132,61,FR100400,[EVENT_BEFORE_N/A_ACTUAL_POS] --(BEFORE)--> [EVENT_BEFORE_N/A_ACTUAL_POS] | [EVENT_BEFORE_N/A_ACTUAL_POS] --(BEFORE)--> [EVENT_BEFORE_N/A_ACTUAL_POS] | [EVENT_BEFORE_N/A_ACTUAL_POS] --(BEFORE)--> [EVENT_BEFORE_N/A_ACTUAL_POS],"""bilan"" --(BEFORE)--> ""Radiographie"" | ""Radiographie"" --(BEFORE)--> ""échographie"" | ""échographie"" --(BEFORE)--> ""scanner"""
132,61,FR100439,[EVENT_BEFORE_N/A_ACTUAL_POS] --(BEFORE)--> [EVENT_BEFORE_N/A_ACTUAL_POS] | [EVENT_BEFORE_N/A_ACTUAL_POS] --(BEFORE)--> [EVENT_BEFORE_N/A_ACTUAL_POS] | [EVENT_BEFORE_N/A_ACTUAL_POS] --(BEFORE)--> [EVENT_BEFORE_N/A_ACTUAL_POS],"""établie"" --(BEFORE)--> ""demandée"" | ""demandée"" --(BEFORE)--> ""examen"" | ""examen"" --(BEFORE)--> ""classée"""
132,61,FR100448,[EVENT_BEFORE_N/A_ACTUAL_POS] --(BEFORE)--> [EVENT_BEFORE_N/A_ACTUAL_POS] | [EVENT_BEFORE_N/A_ACTUAL_POS] --(BEFORE)--> [EVENT_BEFORE_N/A_ACTUAL_POS] | [EVENT_BEFORE_N/A_ACTUAL_POS] --(BEFORE)--> [EVENT_BEFORE_N/A_ACTUAL_POS],"""échotomographie"" --(BEFORE)--> ""hémi thyroïdectomie"" | ""hémi thyroïdectomie"" --(BEFORE)--> ""examen"" | ""examen"" --(BEFORE)--> ""histochimie"""
132,61,FR100480,[EVENT_BEFORE_N/A_ACTUAL_POS] --(BEFORE)--> [EVENT_BEFORE_N/A_ACTUAL_POS] | [EVENT_BEFORE_N/A_ACTUAL_POS] --(BEFORE)--> [EVENT_BEFORE_N/A_ACTUAL_POS] | [EVENT_BEFORE_N/A_ACTUAL_POS] --(BEFORE)--> [EVENT_BEFORE_N/A_ACTUAL_POS],"""analyse"" --(BEFORE)--> ""amputation"" | ""amputation"" --(BEFORE)--> ""examen"" | ""examen"" --(BEFORE)--> ""bilan"""
132,61,FR100515,[EVENT_BEFORE_N/A_ACTUAL_POS] --(BEFORE)--> [EVENT_BEFORE_N/A_ACTUAL_POS] | [EVENT_BEFORE_N/A_ACTUAL_POS] --(BEFORE)--> [EVENT_BEFORE_N/A_ACTUAL_POS] | [EVENT_BEFORE_N/A_ACTUAL_POS] --(BEFORE)--> [EVENT_BEFORE_N/A_ACTUAL_POS],"""retenu"" --(BEFORE)--> ""bilan"" | ""bilan"" --(BEFORE)--> ""bilan"" | ""bilan"" --(BEFORE)--> ""prescrits"""
132,61,FR100517,[EVENT_BEFORE_N/A_ACTUAL_POS] --(BEFORE)--> [EVENT_BEFORE_N/A_ACTUAL_POS] | [EVENT_BEFORE_N/A_ACTUAL_POS] --(BEFORE)--> [EVENT_BEFORE_N/A_ACTUAL_POS] | [EVENT_BEFORE_N/A_ACTUAL_POS] --(BEFORE)--> [EVENT_BEFORE_N/A_ACTUAL_POS],"""électromyogramme"" --(BEFORE)--> ""bilan"" | ""bilan"" --(BEFORE)--> ""explorations"" | ""explorations"" --(BEFORE)--> ""porté"""
132,61,FR100519,[EVENT_BEFORE_N/A_ACTUAL_POS] --(BEFORE)--> [EVENT_BEFORE_N/A_ACTUAL_POS] | [EVENT_BEFORE_N/A_ACTUAL_POS] --(BEFORE)--> [EVENT_BEFORE_N/A_ACTUAL_POS] | [EVENT_BEFORE_N/A_ACTUAL_POS] --(BEFORE)--> [EVENT_BEFORE_N/A_ACTUAL_POS],"""entrée"" --(BEFORE)--> ""bilan"" | ""bilan"" --(BEFORE)--> ""angioscanner"" | ""angioscanner"" --(BEFORE)--> ""échodoppler"""
132,61,FR100579,[EVENT_BEFORE_N/A_ACTUAL_POS] --(BEFORE)--> [EVENT_BEFORE_N/A_ACTUAL_POS] | [EVENT_BEFORE_N/A_ACTUAL_POS] --(BEFORE)--> [EVENT_BEFORE_N/A_ACTUAL_POS] | [EVENT_BEFORE_N/A_ACTUAL_POS] --(BEFORE)--> [EVENT_BEFORE_N/A_ACTUAL_POS],"""radiographie"" --(BEFORE)--> ""échocardiographie"" | ""échocardiographie"" --(BEFORE)--> ""angio-scanner"" | ""angio-scanner"" --(BEFORE)--> ""imagerie"""
132,61,FR100589,[EVENT_BEFORE_N/A_ACTUAL_POS] --(BEFORE)--> [EVENT_BEFORE_N/A_ACTUAL_POS] | [EVENT_BEFORE_N/A_ACTUAL_POS] --(BEFORE)--> [EVENT_BEFORE_N/A_ACTUAL_POS] | [EVENT_BEFORE_N/A_ACTUAL_POS] --(BEFORE)--> [EVENT_BEFORE_N/A_ACTUAL_POS],"""lavage"" --(BEFORE)--> ""biopsies"" | ""biopsies"" --(BEFORE)--> ""exploration"" | ""exploration"" --(BEFORE)--> ""hémogramme"""
132,61,FR100597,[EVENT_BEFORE_N/A_ACTUAL_POS] --(BEFORE)--> [EVENT_BEFORE_N/A_ACTUAL_POS] | [EVENT_BEFORE_N/A_ACTUAL_POS] --(BEFORE)--> [EVENT_BEFORE_N/A_ACTUAL_POS] | [EVENT_BEFORE_N/A_ACTUAL_POS] --(BEFORE)--> [EVENT_BEFORE_N/A_ACTUAL_POS],"""fibroscopie"" --(BEFORE)--> ""marqueurs"" | ""marqueurs"" --(BEFORE)--> ""décidée"" | ""décidée"" --(BEFORE)--> ""intervention"""
132,61,FR100611,[EVENT_BEFORE_N/A_ACTUAL_POS] --(BEFORE)--> [EVENT_BEFORE_N/A_ACTUAL_POS] | [EVENT_BEFORE_N/A_ACTUAL_POS] --(BEFORE)--> [EVENT_BEFORE_N/A_ACTUAL_POS] | [EVENT_BEFORE_N/A_ACTUAL_POS] --(BEFORE)--> [EVENT_BEFORE_N/A_ACTUAL_POS],"""IRM"" --(BEFORE)--> ""étude"" | ""étude"" --(BEFORE)--> ""examen"" | ""examen"" --(BEFORE)--> ""cultures"""
132,61,FR100614,[EVENT_BEFORE_N/A_ACTUAL_POS] --(BEFORE)--> [EVENT_BEFORE_N/A_ACTUAL_POS] | [EVENT_BEFORE_N/A_ACTUAL_POS] --(BEFORE)--> [EVENT_BEFORE_N/A_ACTUAL_POS] | [EVENT_BEFORE_N/A_ACTUAL_POS] --(BEFORE)--> [EVENT_BEFORE_N/A_ACTUAL_POS],"""examen"" --(BEFORE)--> ""échographique"" | ""échographique"" --(BEFORE)--> ""tomodensitométrie"" | ""tomodensitométrie"" --(BEFORE)--> ""radiographie"""
132,61,FR100620,[EVENT_BEFORE_N/A_ACTUAL_POS] --(BEFORE)--> [EVENT_BEFORE_N/A_ACTUAL_POS] | [EVENT_BEFORE_N/A_ACTUAL_POS] --(BEFORE)--> [EVENT_BEFORE_N/A_ACTUAL_POS] | [EVENT_BEFORE_N/A_ACTUAL_POS] --(BEFORE)--> [EVENT_BEFORE_N/A_ACTUAL_POS],"""radiographie"" --(BEFORE)--> ""demandé"" | ""demandé"" --(BEFORE)--> ""aspect"" | ""aspect"" --(BEFORE)--> ""bronchoscopie"""
132,61,FR100623,[EVENT_BEFORE_N/A_ACTUAL_POS] --(BEFORE)--> [EVENT_BEFORE_N/A_ACTUAL_POS] | [EVENT_BEFORE_N/A_ACTUAL_POS] --(BEFORE)--> [EVENT_BEFORE_N/A_ACTUAL_POS] | [EVENT_BEFORE_N/A_ACTUAL_POS] --(BEFORE)--> [EVENT_BEFORE_N/A_ACTUAL_POS],"""examen"" --(BEFORE)--> ""échographie"" | ""échographie"" --(BEFORE)--> ""tomodensitométrie"" | ""tomodensitométrie"" --(BEFORE)--> ""retenu"""
132,61,FR100629,[EVENT_BEFORE_N/A_ACTUAL_POS] --(BEFORE)--> [EVENT_BEFORE_N/A_ACTUAL_POS] | [EVENT_BEFORE_N/A_ACTUAL_POS] --(BEFORE)--> [EVENT_BEFORE_N/A_ACTUAL_POS] | [EVENT_BEFORE_N/A_ACTUAL_POS] --(BEFORE)--> [EVENT_BEFORE_N/A_ACTUAL_POS],"""radiographie"" --(BEFORE)--> ""thoracoscopie"" | ""thoracoscopie"" --(BEFORE)--> ""marquage"" | ""marquage"" --(BEFORE)--> ""étude"""
132,61,FR100632,[EVENT_BEFORE_N/A_ACTUAL_POS] --(BEFORE)--> [EVENT_BEFORE_N/A_ACTUAL_POS] | [EVENT_BEFORE_N/A_ACTUAL_POS] --(BEFORE)--> [EVENT_BEFORE_N/A_ACTUAL_POS] | [EVENT_BEFORE_N/A_ACTUAL_POS] --(BEFORE)--> [EVENT_BEFORE_N/A_ACTUAL_POS],"""numération"" --(BEFORE)--> ""bilan"" | ""bilan"" --(BEFORE)--> ""enquête"" | ""enquête"" --(BEFORE)--> ""étude"""
132,61,FR100663,[EVENT_BEFORE_N/A_ACTUAL_POS] --(BEFORE)--> [EVENT_BEFORE_N/A_ACTUAL_POS] | [EVENT_BEFORE_N/A_ACTUAL_POS] --(BEFORE)--> [EVENT_BEFORE_N/A_ACTUAL_POS] | [EVENT_BEFORE_N/A_ACTUAL_POS] --(BEFORE)--> [EVENT_BEFORE_N/A_ACTUAL_POS],"""ligature"" --(BEFORE)--> ""incisée"" | ""incisée"" --(BEFORE)--> ""vérifié"" | ""vérifié"" --(BEFORE)--> ""assuré"""
132,61,FR100666,[EVENT_BEFORE_N/A_ACTUAL_POS] --(BEFORE)--> [EVENT_BEFORE_N/A_ACTUAL_POS] | [EVENT_BEFORE_N/A_ACTUAL_POS] --(BEFORE)--> [EVENT_BEFORE_N/A_ACTUAL_POS] | [EVENT_BEFORE_N/A_ACTUAL_POS] --(BEFORE)--> [EVENT_BEFORE_N/A_ACTUAL_POS],"""bilan"" --(BEFORE)--> ""myologramme"" | ""myologramme"" --(BEFORE)--> ""bilan"" | ""bilan"" --(BEFORE)--> ""classé"""
132,61,FR100683,[EVENT_BEFORE_N/A_ACTUAL_POS] --(BEFORE)--> [EVENT_BEFORE_N/A_ACTUAL_POS] | [EVENT_BEFORE_N/A_ACTUAL_POS] --(BEFORE)--> [EVENT_BEFORE_N/A_ACTUAL_POS] | [EVENT_BEFORE_N/A_ACTUAL_POS] --(BEFORE)--> [EVENT_BEFORE_N/A_ACTUAL_POS],"""examen"" --(BEFORE)--> ""exploration"" | ""exploration"" --(BEFORE)--> ""exploration"" | ""exploration"" --(BEFORE)--> ""IRM"""
132,61,FR100688,[EVENT_BEFORE_N/A_ACTUAL_POS] --(BEFORE)--> [EVENT_BEFORE_N/A_ACTUAL_POS] | [EVENT_BEFORE_N/A_ACTUAL_POS] --(BEFORE)--> [EVENT_BEFORE_N/A_ACTUAL_POS] | [EVENT_BEFORE_N/A_ACTUAL_POS] --(BEFORE)--> [EVENT_BEFORE_N/A_ACTUAL_POS],"""examen"" --(BEFORE)--> ""examen"" | ""examen"" --(BEFORE)--> ""sérologie"" | ""sérologie"" --(BEFORE)--> ""intradermoréaction"""
132,61,FR100689,[EVENT_BEFORE_N/A_ACTUAL_POS] --(BEFORE)--> [EVENT_BEFORE_N/A_ACTUAL_POS] | [EVENT_BEFORE_N/A_ACTUAL_POS] --(BEFORE)--> [EVENT_BEFORE_N/A_ACTUAL_POS] | [EVENT_BEFORE_N/A_ACTUAL_POS] --(BEFORE)--> [EVENT_BEFORE_N/A_ACTUAL_POS],"""hémogramme"" --(BEFORE)--> ""ionogramme"" | ""ionogramme"" --(BEFORE)--> ""examen"" | ""examen"" --(BEFORE)--> ""retenu"""
132,61,FR100697,[EVENT_BEFORE_N/A_ACTUAL_POS] --(BEFORE)--> [EVENT_BEFORE_N/A_ACTUAL_POS] | [EVENT_BEFORE_N/A_ACTUAL_POS] --(BEFORE)--> [EVENT_BEFORE_N/A_ACTUAL_POS] | [EVENT_BEFORE_N/A_ACTUAL_POS] --(BEFORE)--> [EVENT_BEFORE_N/A_ACTUAL_POS],"""mammographie"" --(BEFORE)--> ""échographie"" | ""échographie"" --(BEFORE)--> ""examen"" | ""examen"" --(BEFORE)--> ""immunomarquage"""
132,61,FR100708,[EVENT_BEFORE_N/A_ACTUAL_POS] --(BEFORE)--> [EVENT_BEFORE_N/A_ACTUAL_POS] | [EVENT_BEFORE_N/A_ACTUAL_POS] --(BEFORE)--> [EVENT_BEFORE_N/A_ACTUAL_POS] | [EVENT_BEFORE_N/A_ACTUAL_POS] --(BEFORE)--> [EVENT_BEFORE_N/A_ACTUAL_POS],"""taux"" --(BEFORE)--> ""demandée"" | ""demandée"" --(BEFORE)--> ""tests"" | ""tests"" --(BEFORE)--> ""mise"""
132,61,FR100717,[EVENT_BEFORE_N/A_ACTUAL_POS] --(BEFORE)--> [EVENT_BEFORE_N/A_ACTUAL_POS] | [EVENT_BEFORE_N/A_ACTUAL_POS] --(BEFORE)--> [EVENT_BEFORE_N/A_ACTUAL_POS] | [EVENT_BEFORE_N/A_ACTUAL_POS] --(BEFORE)--> [EVENT_BEFORE_N/A_ACTUAL_POS],"""consulté"" --(BEFORE)--> ""traitement"" | ""traitement"" --(BEFORE)--> ""examen"" | ""examen"" --(BEFORE)--> ""examens"""
132,61,FR100748,[EVENT_BEFORE_N/A_ACTUAL_POS] --(BEFORE)--> [EVENT_BEFORE_N/A_ACTUAL_POS] | [EVENT_BEFORE_N/A_ACTUAL_POS] --(BEFORE)--> [EVENT_BEFORE_N/A_ACTUAL_POS] | [EVENT_BEFORE_N/A_ACTUAL_POS] --(BEFORE)--> [EVENT_BEFORE_N/A_ACTUAL_POS],"""indication"" --(BEFORE)--> ""consultation"" | ""consultation"" --(BEFORE)--> ""ASA"" | ""ASA"" --(BEFORE)--> ""Nicardipine"""
132,61,FR100780,[EVENT_BEFORE_N/A_ACTUAL_POS] --(BEFORE)--> [EVENT_BEFORE_N/A_ACTUAL_POS] | [EVENT_BEFORE_N/A_ACTUAL_POS] --(BEFORE)--> [EVENT_BEFORE_N/A_ACTUAL_POS] | [EVENT_BEFORE_N/A_ACTUAL_POS] --(BEFORE)--> [EVENT_BEFORE_N/A_ACTUAL_POS],"""admise"" --(BEFORE)--> ""examen"" | ""examen"" --(BEFORE)--> ""toucher"" | ""toucher"" --(BEFORE)--> ""échographie"""
132,61,FR100806,[EVENT_BEFORE_N/A_ACTUAL_POS] --(BEFORE)--> [EVENT_BEFORE_N/A_ACTUAL_POS] | [EVENT_BEFORE_N/A_ACTUAL_POS] --(BEFORE)--> [EVENT_BEFORE_N/A_ACTUAL_POS] | [EVENT_BEFORE_N/A_ACTUAL_POS] --(BEFORE)--> [EVENT_BEFORE_N/A_ACTUAL_POS],"""prise"" --(BEFORE)--> ""référée"" | ""référée"" --(BEFORE)--> ""examen"" | ""examen"" --(BEFORE)--> ""biologie"""
132,61,FR100826,[EVENT_BEFORE_N/A_ACTUAL_POS] --(BEFORE)--> [EVENT_BEFORE_N/A_ACTUAL_POS] | [EVENT_BEFORE_N/A_ACTUAL_POS] --(BEFORE)--> [EVENT_BEFORE_N/A_ACTUAL_POS] | [EVENT_BEFORE_N/A_ACTUAL_POS] --(BEFORE)--> [EVENT_BEFORE_N/A_ACTUAL_POS],"""examen"" --(BEFORE)--> ""bilan"" | ""bilan"" --(BEFORE)--> ""bilan"" | ""bilan"" --(BEFORE)--> ""retenue"""
132,61,FR100845,[EVENT_BEFORE_N/A_ACTUAL_POS] --(BEFORE)--> [EVENT_BEFORE_N/A_ACTUAL_POS] | [EVENT_BEFORE_N/A_ACTUAL_POS] --(BEFORE)--> [EVENT_BEFORE_N/A_ACTUAL_POS] | [EVENT_BEFORE_N/A_ACTUAL_POS] --(BEFORE)--> [EVENT_BEFORE_N/A_ACTUAL_POS],"""extraction"" --(BEFORE)--> ""examen"" | ""examen"" --(BEFORE)--> ""examinés"" | ""examinés"" --(BEFORE)--> ""détresse"""
132,61,FR100870,[EVENT_BEFORE_N/A_ACTUAL_POS] --(BEFORE)--> [EVENT_BEFORE_N/A_ACTUAL_POS] | [EVENT_BEFORE_N/A_ACTUAL_POS] --(BEFORE)--> [EVENT_BEFORE_N/A_ACTUAL_POS] | [EVENT_BEFORE_N/A_ACTUAL_POS] --(BEFORE)--> [EVENT_BEFORE_N/A_ACTUAL_POS],"""hémogramme"" --(BEFORE)--> ""bilan"" | ""bilan"" --(BEFORE)--> ""IRM"" | ""IRM"" --(BEFORE)--> ""électrophorèse"""
132,61,FR100874,[EVENT_BEFORE_N/A_ACTUAL_POS] --(BEFORE)--> [EVENT_BEFORE_N/A_ACTUAL_POS] | [EVENT_BEFORE_N/A_ACTUAL_POS] --(BEFORE)--> [EVENT_BEFORE_N/A_ACTUAL_POS] | [EVENT_BEFORE_N/A_ACTUAL_POS] --(BEFORE)--> [EVENT_BEFORE_N/A_ACTUAL_POS],"""hémogramme"" --(BEFORE)--> ""fibroscopie"" | ""fibroscopie"" --(BEFORE)--> ""transit"" | ""transit"" --(BEFORE)--> ""tomodensitométrie"""
132,61,FR100882,[EVENT_BEFORE_N/A_ACTUAL_POS] --(BEFORE)--> [EVENT_BEFORE_N/A_ACTUAL_POS] | [EVENT_BEFORE_N/A_ACTUAL_POS] --(BEFORE)--> [EVENT_BEFORE_N/A_ACTUAL_POS] | [EVENT_BEFORE_N/A_ACTUAL_POS] --(BEFORE)--> [EVENT_BEFORE_N/A_ACTUAL_POS],"""admise"" --(BEFORE)--> ""examen"" | ""examen"" --(BEFORE)--> ""examen"" | ""examen"" --(BEFORE)--> ""examen"""
132,61,FR100883,[EVENT_BEFORE_N/A_ACTUAL_POS] --(BEFORE)--> [EVENT_BEFORE_N/A_ACTUAL_POS] | [EVENT_BEFORE_N/A_ACTUAL_POS] --(BEFORE)--> [EVENT_BEFORE_N/A_ACTUAL_POS] | [EVENT_BEFORE_N/A_ACTUAL_POS] --(BEFORE)--> [EVENT_BEFORE_N/A_ACTUAL_POS],"""TDM"" --(BEFORE)--> ""biopsie"" | ""biopsie"" --(BEFORE)--> ""bilan"" | ""bilan"" --(BEFORE)--> ""sérologie"""
132,61,FR100894,[EVENT_BEFORE_N/A_ACTUAL_POS] --(BEFORE)--> [EVENT_BEFORE_N/A_ACTUAL_POS] | [EVENT_BEFORE_N/A_ACTUAL_POS] --(BEFORE)--> [EVENT_BEFORE_N/A_ACTUAL_POS] | [EVENT_BEFORE_N/A_ACTUAL_POS] --(BEFORE)--> [EVENT_BEFORE_N/A_ACTUAL_POS],"""diagnostic"" --(BEFORE)--> ""pris"" | ""pris"" --(BEFORE)--> ""incision"" | ""incision"" --(BEFORE)--> ""immobilisé"""
132,61,FR100903,[EVENT_BEFORE_N/A_ACTUAL_POS] --(BEFORE)--> [EVENT_BEFORE_N/A_ACTUAL_POS] | [EVENT_BEFORE_N/A_ACTUAL_POS] --(BEFORE)--> [EVENT_BEFORE_N/A_ACTUAL_POS] | [EVENT_BEFORE_N/A_ACTUAL_POS] --(BEFORE)--> [EVENT_BEFORE_N/A_ACTUAL_POS],"""écarté"" --(BEFORE)--> ""contrôles"" | ""contrôles"" --(BEFORE)--> ""accouchement"" | ""accouchement"" --(BEFORE)--> ""décédé"""
132,61,FR100946,[EVENT_BEFORE_N/A_ACTUAL_POS] --(BEFORE)--> [EVENT_BEFORE_N/A_ACTUAL_POS] | [EVENT_BEFORE_N/A_ACTUAL_POS] --(BEFORE)--> [EVENT_BEFORE_N/A_ACTUAL_POS] | [EVENT_BEFORE_N/A_ACTUAL_POS] --(BEFORE)--> [EVENT_BEFORE_N/A_ACTUAL_POS],"""examen"" --(BEFORE)--> ""IRM"" | ""IRM"" --(BEFORE)--> ""analyse"" | ""analyse"" --(BEFORE)--> ""mise"""
132,61,FR100996,[EVENT_BEFORE_N/A_ACTUAL_POS] --(BEFORE)--> [EVENT_BEFORE_N/A_ACTUAL_POS] | [EVENT_BEFORE_N/A_ACTUAL_POS] --(BEFORE)--> [EVENT_BEFORE_N/A_ACTUAL_POS] | [EVENT_BEFORE_N/A_ACTUAL_POS] --(BEFORE)--> [EVENT_BEFORE_N/A_ACTUAL_POS],"""consulté"" --(BEFORE)--> ""examen"" | ""examen"" --(BEFORE)--> ""tomodensitométrie"" | ""tomodensitométrie"" --(BEFORE)--> ""injection"""
132,61,FR100998,[EVENT_BEFORE_N/A_ACTUAL_POS] --(BEFORE)--> [EVENT_BEFORE_N/A_ACTUAL_POS] | [EVENT_BEFORE_N/A_ACTUAL_POS] --(BEFORE)--> [EVENT_BEFORE_N/A_ACTUAL_POS] | [EVENT_BEFORE_N/A_ACTUAL_POS] --(BEFORE)--> [EVENT_BEFORE_N/A_ACTUAL_POS],"""taux"" --(BEFORE)--> ""diagnostic"" | ""diagnostic"" --(BEFORE)--> ""traitée"" | ""traitée"" --(BEFORE)--> ""bilan"""
16,56,FR100003,[EVENT_BEFORE_N/A_ACTUAL_POS] --(CONTAINS)--> [EVENT_BEFORE_N/A_ACTUAL_POS] | [EVENT_BEFORE_N/A_ACTUAL_POS] --(BEFORE)--> [EVENT_BEFORE_N/A_ACTUAL_POS] | [EVENT_BEFORE_N/A_ACTUAL_POS] --(BEFORE)--> [EVENT_BEFORE_N/A_ACTUAL_POS] | [EVENT_BEFORE_N/A_ACTUAL_POS] --(BEFORE)--> [EVENT_BEFORE_N/A_ACTUAL_POS],"""délabrement"" --(CONTAINS)--> ""panoramique"" | ""panoramique"" --(BEFORE)--> ""ponction"" | ""ponction"" --(BEFORE)--> ""examen"" | ""examen"" --(BEFORE)--> ""examen"""
16,56,FR100092,[EVENT_BEFORE_N/A_ACTUAL_POS] --(CONTAINS)--> [EVENT_BEFORE_N/A_ACTUAL_POS] | [EVENT_BEFORE_N/A_ACTUAL_POS] --(BEFORE)--> [EVENT_BEFORE_N/A_ACTUAL_POS] | [EVENT_BEFORE_N/A_ACTUAL_POS] --(BEFORE)--> [EVENT_BEFORE_N/A_ACTUAL_POS] | [EVENT_BEFORE_N/A_ACTUAL_POS] --(BEFORE)--> [EVENT_BEFORE_N/A_ACTUAL_POS],"""normal"" --(CONTAINS)--> ""échographie"" | ""échographie"" --(BEFORE)--> ""tableau"" | ""tableau"" --(BEFORE)--> ""reste"" | ""reste"" --(BEFORE)--> ""minilaparotomie"""
16,56,FR100120,[EVENT_BEFORE_N/A_ACTUAL_POS] --(CONTAINS)--> [EVENT_BEFORE_N/A_ACTUAL_POS] | [EVENT_BEFORE_N/A_ACTUAL_POS] --(BEFORE)--> [EVENT_BEFORE_N/A_ACTUAL_POS] | [EVENT_BEFORE_N/A_ACTUAL_POS] --(BEFORE)--> [EVENT_BEFORE_N/A_ACTUAL_POS] | [EVENT_BEFORE_N/A_ACTUAL_POS] --(BEFORE)--> [EVENT_BEFORE_N/A_ACTUAL_POS],"""retard"" --(CONTAINS)--> ""rattaché"" | ""rattaché"" --(BEFORE)--> ""traitement"" | ""traitement"" --(BEFORE)--> ""retirées"" | ""retirées"" --(BEFORE)--> ""conclure"""
16,56,FR100130,[EVENT_BEFORE_N/A_ACTUAL_POS] --(CONTAINS)--> [EVENT_BEFORE_N/A_ACTUAL_POS] | [EVENT_BEFORE_N/A_ACTUAL_POS] --(BEFORE)--> [EVENT_BEFORE_N/A_ACTUAL_POS] | [EVENT_BEFORE_N/A_ACTUAL_POS] --(BEFORE)--> [EVENT_BEFORE_N/A_ACTUAL_POS] | [EVENT_BEFORE_N/A_ACTUAL_POS] --(BEFORE)--> [EVENT_BEFORE_N/A_ACTUAL_POS],"""sensibilité"" --(CONTAINS)--> ""examen"" | ""examen"" --(BEFORE)--> ""biologie"" | ""biologie"" --(BEFORE)--> ""glycémie"" | ""glycémie"" --(BEFORE)--> ""confirmé"""
16,56,FR100132,[EVENT_BEFORE_N/A_ACTUAL_POS] --(CONTAINS)--> [EVENT_BEFORE_N/A_ACTUAL_POS] | [EVENT_BEFORE_N/A_ACTUAL_POS] --(BEFORE)--> [EVENT_BEFORE_N/A_ACTUAL_POS] | [EVENT_BEFORE_N/A_ACTUAL_POS] --(BEFORE)--> [EVENT_BEFORE_N/A_ACTUAL_POS] | [EVENT_BEFORE_N/A_ACTUAL_POS] --(BEFORE)--> [EVENT_BEFORE_N/A_ACTUAL_POS],"""examen"" --(CONTAINS)--> ""palpation"" | ""palpation"" --(BEFORE)--> ""histologie"" | ""histologie"" --(BEFORE)--> ""examen"" | ""examen"" --(BEFORE)--> ""écho-Doppler"""
16,56,FR100142,[EVENT_BEFORE_N/A_ACTUAL_POS] --(CONTAINS)--> [EVENT_BEFORE_N/A_ACTUAL_POS] | [EVENT_BEFORE_N/A_ACTUAL_POS] --(BEFORE)--> [EVENT_BEFORE_N/A_ACTUAL_POS] | [EVENT_BEFORE_N/A_ACTUAL_POS] --(BEFORE)--> [EVENT_BEFORE_N/A_ACTUAL_POS] | [EVENT_BEFORE_N/A_ACTUAL_POS] --(BEFORE)--> [EVENT_BEFORE_N/A_ACTUAL_POS],"""prolifération"" --(CONTAINS)--> ""biopsie"" | ""biopsie"" --(BEFORE)--> ""étude"" | ""étude"" --(BEFORE)--> ""sérologie"" | ""sérologie"" --(BEFORE)--> ""évolution"""
16,56,FR100161,[EVENT_BEFORE_N/A_ACTUAL_POS] --(CONTAINS)--> [EVENT_BEFORE_N/A_ACTUAL_POS] | [EVENT_BEFORE_N/A_ACTUAL_POS] --(BEFORE)--> [EVENT_BEFORE_N/A_ACTUAL_POS] | [EVENT_BEFORE_N/A_ACTUAL_POS] --(BEFORE)--> [EVENT_BEFORE_N/A_ACTUAL_POS] | [EVENT_BEFORE_N/A_ACTUAL_POS] --(BEFORE)--> [EVENT_BEFORE_N/A_ACTUAL_POS],"""sérologie"" --(CONTAINS)--> ""examens"" | ""examens"" --(BEFORE)--> ""radiographie"" | ""radiographie"" --(BEFORE)--> ""complément"" | ""complément"" --(BEFORE)--> ""cortisol"""
16,56,FR100255,[EVENT_BEFORE_N/A_ACTUAL_POS] --(CONTAINS)--> [EVENT_BEFORE_N/A_ACTUAL_POS] | [EVENT_BEFORE_N/A_ACTUAL_POS] --(BEFORE)--> [EVENT_BEFORE_N/A_ACTUAL_POS] | [EVENT_BEFORE_N/A_ACTUAL_POS] --(BEFORE)--> [EVENT_BEFORE_N/A_ACTUAL_POS] | [EVENT_BEFORE_N/A_ACTUAL_POS] --(BEFORE)--> [EVENT_BEFORE_N/A_ACTUAL_POS],"""fréquence"" --(CONTAINS)--> ""examen"" | ""examen"" --(BEFORE)--> ""examen"" | ""examen"" --(BEFORE)--> ""échographie"" | ""échographie"" --(BEFORE)--> ""mise"""
16,56,FR100275,[EVENT_BEFORE_N/A_ACTUAL_POS] --(CONTAINS)--> [EVENT_BEFORE_N/A_ACTUAL_POS] | [EVENT_BEFORE_N/A_ACTUAL_POS] --(BEFORE)--> [EVENT_BEFORE_N/A_ACTUAL_POS] | [EVENT_BEFORE_N/A_ACTUAL_POS] --(BEFORE)--> [EVENT_BEFORE_N/A_ACTUAL_POS] | [EVENT_BEFORE_N/A_ACTUAL_POS] --(BEFORE)--> [EVENT_BEFORE_N/A_ACTUAL_POS],"""mort"" --(CONTAINS)--> ""établi"" | ""établi"" --(BEFORE)--> ""manœuvres"" | ""manœuvres"" --(BEFORE)--> ""transféré"" | ""transféré"" --(BEFORE)--> ""anamnèse"""
16,56,FR100276,[EVENT_BEFORE_N/A_ACTUAL_POS] --(CONTAINS)--> [EVENT_BEFORE_N/A_ACTUAL_POS] | [EVENT_BEFORE_N/A_ACTUAL_POS] --(BEFORE)--> [EVENT_BEFORE_N/A_ACTUAL_POS] | [EVENT_BEFORE_N/A_ACTUAL_POS] --(BEFORE)--> [EVENT_BEFORE_N/A_ACTUAL_POS] | [EVENT_BEFORE_N/A_ACTUAL_POS] --(BEFORE)--> [EVENT_BEFORE_N/A_ACTUAL_POS],"""aplasie"" --(CONTAINS)--> ""accouchement"" | ""accouchement"" --(BEFORE)--> ""reste"" | ""reste"" --(BEFORE)--> ""bilan"" | ""bilan"" --(BEFORE)--> ""régression"""
16,56,FR100283,[EVENT_BEFORE_N/A_ACTUAL_POS] --(CONTAINS)--> [EVENT_BEFORE_N/A_ACTUAL_POS] | [EVENT_BEFORE_N/A_ACTUAL_POS] --(BEFORE)--> [EVENT_BEFORE_N/A_ACTUAL_POS] | [EVENT_BEFORE_N/A_ACTUAL_POS] --(BEFORE)--> [EVENT_BEFORE_N/A_ACTUAL_POS] | [EVENT_BEFORE_N/A_ACTUAL_POS] --(BEFORE)--> [EVENT_BEFORE_N/A_ACTUAL_POS],"""processus"" --(CONTAINS)--> ""IRM"" | ""IRM"" --(BEFORE)--> ""hypophysiogramme"" | ""hypophysiogramme"" --(BEFORE)--> ""traitement"" | ""traitement"" --(BEFORE)--> ""évolution"""
16,56,FR100296,[EVENT_BEFORE_N/A_ACTUAL_POS] --(CONTAINS)--> [EVENT_BEFORE_N/A_ACTUAL_POS] | [EVENT_BEFORE_N/A_ACTUAL_POS] --(BEFORE)--> [EVENT_BEFORE_N/A_ACTUAL_POS] | [EVENT_BEFORE_N/A_ACTUAL_POS] --(BEFORE)--> [EVENT_BEFORE_N/A_ACTUAL_POS] | [EVENT_BEFORE_N/A_ACTUAL_POS] --(BEFORE)--> [EVENT_BEFORE_N/A_ACTUAL_POS],"""aspect"" --(CONTAINS)--> ""IRM"" | ""IRM"" --(BEFORE)--> ""fenestration"" | ""fenestration"" --(BEFORE)--> ""suites"" | ""suites"" --(BEFORE)--> ""exéaté"""
16,56,FR100314,[EVENT_BEFORE_N/A_ACTUAL_POS] --(CONTAINS)--> [EVENT_BEFORE_N/A_ACTUAL_POS] | [EVENT_BEFORE_N/A_ACTUAL_POS] --(BEFORE)--> [EVENT_BEFORE_N/A_ACTUAL_POS] | [EVENT_BEFORE_N/A_ACTUAL_POS] --(BEFORE)--> [EVENT_BEFORE_N/A_ACTUAL_POS] | [EVENT_BEFORE_N/A_ACTUAL_POS] --(BEFORE)--> [EVENT_BEFORE_N/A_ACTUAL_POS],"""hospitalisation"" --(CONTAINS)--> ""signes"" | ""signes"" --(BEFORE)--> ""angio-scanner"" | ""angio-scanner"" --(BEFORE)--> ""amputation"" | ""amputation"" --(BEFORE)--> ""mise"""
16,56,FR100344,[EVENT_BEFORE_N/A_ACTUAL_POS] --(CONTAINS)--> [EVENT_BEFORE_N/A_ACTUAL_POS] | [EVENT_BEFORE_N/A_ACTUAL_POS] --(BEFORE)--> [EVENT_BEFORE_N/A_ACTUAL_POS] | [EVENT_BEFORE_N/A_ACTUAL_POS] --(BEFORE)--> [EVENT_BEFORE_N/A_ACTUAL_POS] | [EVENT_BEFORE_N/A_ACTUAL_POS] --(BEFORE)--> [EVENT_BEFORE_N/A_ACTUAL_POS],"""insuffisance"" --(CONTAINS)--> ""développé"" | ""développé"" --(BEFORE)--> ""contrôle"" | ""contrôle"" --(BEFORE)--> ""tombée"" | ""tombée"" --(BEFORE)--> ""interruption"""
16,56,FR100346,[EVENT_BEFORE_N/A_ACTUAL_POS] --(CONTAINS)--> [EVENT_BEFORE_N/A_ACTUAL_POS] | [EVENT_BEFORE_N/A_ACTUAL_POS] --(BEFORE)--> [EVENT_BEFORE_N/A_ACTUAL_POS] | [EVENT_BEFORE_N/A_ACTUAL_POS] --(BEFORE)--> [EVENT_BEFORE_N/A_ACTUAL_POS] | [EVENT_BEFORE_N/A_ACTUAL_POS] --(BEFORE)--> [EVENT_BEFORE_N/A_ACTUAL_POS],"""lésions"" --(CONTAINS)--> ""angioscanner"" | ""angioscanner"" --(BEFORE)--> ""echo-dopler"" | ""echo-dopler"" --(BEFORE)--> ""IRM"" | ""IRM"" --(BEFORE)--> ""scanner"""
16,56,FR100360,[EVENT_BEFORE_N/A_ACTUAL_POS] --(CONTAINS)--> [EVENT_BEFORE_N/A_ACTUAL_POS] | [EVENT_BEFORE_N/A_ACTUAL_POS] --(BEFORE)--> [EVENT_BEFORE_N/A_ACTUAL_POS] | [EVENT_BEFORE_N/A_ACTUAL_POS] --(BEFORE)--> [EVENT_BEFORE_N/A_ACTUAL_POS] | [EVENT_BEFORE_N/A_ACTUAL_POS] --(BEFORE)--> [EVENT_BEFORE_N/A_ACTUAL_POS],"""adénocarcinome"" --(CONTAINS)--> ""examen"" | ""examen"" --(BEFORE)--> ""curage"" | ""curage"" --(BEFORE)--> ""radiothérapie"" | ""radiothérapie"" --(BEFORE)--> ""curiethérapie"""
16,56,FR100361,[EVENT_BEFORE_N/A_ACTUAL_POS] --(CONTAINS)--> [EVENT_BEFORE_N/A_ACTUAL_POS] | [EVENT_BEFORE_N/A_ACTUAL_POS] --(BEFORE)--> [EVENT_BEFORE_N/A_ACTUAL_POS] | [EVENT_BEFORE_N/A_ACTUAL_POS] --(BEFORE)--> [EVENT_BEFORE_N/A_ACTUAL_POS] | [EVENT_BEFORE_N/A_ACTUAL_POS] --(BEFORE)--> [EVENT_BEFORE_N/A_ACTUAL_POS],"""englobe"" --(CONTAINS)--> ""TDM"" | ""TDM"" --(BEFORE)--> ""ponction"" | ""ponction"" --(BEFORE)--> ""examen"" | ""examen"" --(BEFORE)--> ""examen"""
16,56,FR100371,[EVENT_BEFORE_N/A_ACTUAL_POS] --(CONTAINS)--> [EVENT_BEFORE_N/A_ACTUAL_POS] | [EVENT_BEFORE_N/A_ACTUAL_POS] --(BEFORE)--> [EVENT_BEFORE_N/A_ACTUAL_POS] | [EVENT_BEFORE_N/A_ACTUAL_POS] --(BEFORE)--> [EVENT_BEFORE_N/A_ACTUAL_POS] | [EVENT_BEFORE_N/A_ACTUAL_POS] --(BEFORE)--> [EVENT_BEFORE_N/A_ACTUAL_POS],"""nombre"" --(CONTAINS)--> ""bilan"" | ""bilan"" --(BEFORE)--> ""bilan"" | ""bilan"" --(BEFORE)--> ""intervention"" | ""intervention"" --(BEFORE)--> ""sortie"""
16,56,FR100400,[EVENT_BEFORE_N/A_ACTUAL_POS] --(CONTAINS)--> [EVENT_BEFORE_N/A_ACTUAL_POS] | [EVENT_BEFORE_N/A_ACTUAL_POS] --(BEFORE)--> [EVENT_BEFORE_N/A_ACTUAL_POS] | [EVENT_BEFORE_N/A_ACTUAL_POS] --(BEFORE)--> [EVENT_BEFORE_N/A_ACTUAL_POS] | [EVENT_BEFORE_N/A_ACTUAL_POS] --(BEFORE)--> [EVENT_BEFORE_N/A_ACTUAL_POS],"""anictérique"" --(CONTAINS)--> ""examen"" | ""examen"" --(BEFORE)--> ""bilan"" | ""bilan"" --(BEFORE)--> ""Radiographie"" | ""Radiographie"" --(BEFORE)--> ""échographie"""
16,56,FR100439,[EVENT_BEFORE_N/A_ACTUAL_POS] --(CONTAINS)--> [EVENT_BEFORE_N/A_ACTUAL_POS] | [EVENT_BEFORE_N/A_ACTUAL_POS] --(BEFORE)--> [EVENT_BEFORE_N/A_ACTUAL_POS] | [EVENT_BEFORE_N/A_ACTUAL_POS] --(BEFORE)--> [EVENT_BEFORE_N/A_ACTUAL_POS] | [EVENT_BEFORE_N/A_ACTUAL_POS] --(BEFORE)--> [EVENT_BEFORE_N/A_ACTUAL_POS],"""hyperfixations"" --(CONTAINS)--> ""examen"" | ""examen"" --(BEFORE)--> ""classée"" | ""classée"" --(BEFORE)--> ""bénéficier"" | ""bénéficier"" --(BEFORE)--> ""nasofibroscopie"""
16,56,FR100480,[EVENT_BEFORE_N/A_ACTUAL_POS] --(CONTAINS)--> [EVENT_BEFORE_N/A_ACTUAL_POS] | [EVENT_BEFORE_N/A_ACTUAL_POS] --(BEFORE)--> [EVENT_BEFORE_N/A_ACTUAL_POS] | [EVENT_BEFORE_N/A_ACTUAL_POS] --(BEFORE)--> [EVENT_BEFORE_N/A_ACTUAL_POS] | [EVENT_BEFORE_N/A_ACTUAL_POS] --(BEFORE)--> [EVENT_BEFORE_N/A_ACTUAL_POS],"""extension"" --(CONTAINS)--> ""imagerie"" | ""imagerie"" --(BEFORE)--> ""bilan"" | ""bilan"" --(BEFORE)--> ""scanner"" | ""scanner"" --(BEFORE)--> ""Tomographie"""
16,56,FR100515,[EVENT_BEFORE_N/A_ACTUAL_POS] --(CONTAINS)--> [EVENT_BEFORE_N/A_ACTUAL_POS] | [EVENT_BEFORE_N/A_ACTUAL_POS] --(BEFORE)--> [EVENT_BEFORE_N/A_ACTUAL_POS] | [EVENT_BEFORE_N/A_ACTUAL_POS] --(BEFORE)--> [EVENT_BEFORE_N/A_ACTUAL_POS] | [EVENT_BEFORE_N/A_ACTUAL_POS] --(BEFORE)--> [EVENT_BEFORE_N/A_ACTUAL_POS],"""atteinte"" --(CONTAINS)--> ""testing"" | ""testing"" --(BEFORE)--> ""dosage"" | ""dosage"" --(BEFORE)--> ""bilan"" | ""bilan"" --(BEFORE)--> ""biopsie"""
16,56,FR100517,[EVENT_BEFORE_N/A_ACTUAL_POS] --(CONTAINS)--> [EVENT_BEFORE_N/A_ACTUAL_POS] | [EVENT_BEFORE_N/A_ACTUAL_POS] --(BEFORE)--> [EVENT_BEFORE_N/A_ACTUAL_POS] | [EVENT_BEFORE_N/A_ACTUAL_POS] --(BEFORE)--> [EVENT_BEFORE_N/A_ACTUAL_POS] | [EVENT_BEFORE_N/A_ACTUAL_POS] --(BEFORE)--> [EVENT_BEFORE_N/A_ACTUAL_POS],"""enzymes"" --(CONTAINS)--> ""bilan"" | ""bilan"" --(BEFORE)--> ""électromyogramme"" | ""électromyogramme"" --(BEFORE)--> ""bilan"" | ""bilan"" --(BEFORE)--> ""explorations"""
16,56,FR100519,[EVENT_BEFORE_N/A_ACTUAL_POS] --(CONTAINS)--> [EVENT_BEFORE_N/A_ACTUAL_POS] | [EVENT_BEFORE_N/A_ACTUAL_POS] --(BEFORE)--> [EVENT_BEFORE_N/A_ACTUAL_POS] | [EVENT_BEFORE_N/A_ACTUAL_POS] --(BEFORE)--> [EVENT_BEFORE_N/A_ACTUAL_POS] | [EVENT_BEFORE_N/A_ACTUAL_POS] --(BEFORE)--> [EVENT_BEFORE_N/A_ACTUAL_POS],"""aspect"" --(CONTAINS)--> ""bilan"" | ""bilan"" --(BEFORE)--> ""angioscanner"" | ""angioscanner"" --(BEFORE)--> ""échodoppler"" | ""échodoppler"" --(BEFORE)--> ""retenue"""
16,56,FR100579,[EVENT_BEFORE_N/A_ACTUAL_POS] --(CONTAINS)--> [EVENT_BEFORE_N/A_ACTUAL_POS] | [EVENT_BEFORE_N/A_ACTUAL_POS] --(BEFORE)--> [EVENT_BEFORE_N/A_ACTUAL_POS] | [EVENT_BEFORE_N/A_ACTUAL_POS] --(BEFORE)--> [EVENT_BEFORE_N/A_ACTUAL_POS] | [EVENT_BEFORE_N/A_ACTUAL_POS] --(BEFORE)--> [EVENT_BEFORE_N/A_ACTUAL_POS],"""dilatation"" --(CONTAINS)--> ""radiographie"" | ""radiographie"" --(BEFORE)--> ""échocardiographie"" | ""échocardiographie"" --(BEFORE)--> ""angio-scanner"" | ""angio-scanner"" --(BEFORE)--> ""imagerie"""
16,56,FR100589,[EVENT_BEFORE_N/A_ACTUAL_POS] --(CONTAINS)--> [EVENT_BEFORE_N/A_ACTUAL_POS] | [EVENT_BEFORE_N/A_ACTUAL_POS] --(BEFORE)--> [EVENT_BEFORE_N/A_ACTUAL_POS] | [EVENT_BEFORE_N/A_ACTUAL_POS] --(BEFORE)--> [EVENT_BEFORE_N/A_ACTUAL_POS] | [EVENT_BEFORE_N/A_ACTUAL_POS] --(BEFORE)--> [EVENT_BEFORE_N/A_ACTUAL_POS],"""contexte"" --(CONTAINS)--> ""rechercher"" | ""rechercher"" --(BEFORE)--> ""bronchoscopie"" | ""bronchoscopie"" --(BEFORE)--> ""lavage"" | ""lavage"" --(BEFORE)--> ""biopsies"""
16,56,FR100597,[EVENT_BEFORE_N/A_ACTUAL_POS] --(CONTAINS)--> [EVENT_BEFORE_N/A_ACTUAL_POS] | [EVENT_BEFORE_N/A_ACTUAL_POS] --(BEFORE)--> [EVENT_BEFORE_N/A_ACTUAL_POS] | [EVENT_BEFORE_N/A_ACTUAL_POS] --(BEFORE)--> [EVENT_BEFORE_N/A_ACTUAL_POS] | [EVENT_BEFORE_N/A_ACTUAL_POS] --(BEFORE)--> [EVENT_BEFORE_N/A_ACTUAL_POS],"""consultation"" --(CONTAINS)--> ""examen"" | ""examen"" --(BEFORE)--> ""examen"" | ""examen"" --(BEFORE)--> ""examen"" | ""examen"" --(BEFORE)--> ""toucher"""
16,56,FR100611,[EVENT_BEFORE_N/A_ACTUAL_POS] --(CONTAINS)--> [EVENT_BEFORE_N/A_ACTUAL_POS] | [EVENT_BEFORE_N/A_ACTUAL_POS] --(BEFORE)--> [EVENT_BEFORE_N/A_ACTUAL_POS] | [EVENT_BEFORE_N/A_ACTUAL_POS] --(BEFORE)--> [EVENT_BEFORE_N/A_ACTUAL_POS] | [EVENT_BEFORE_N/A_ACTUAL_POS] --(BEFORE)--> [EVENT_BEFORE_N/A_ACTUAL_POS],"""aphasie"" --(CONTAINS)--> ""examen"" | ""examen"" --(BEFORE)--> ""IRM"" | ""IRM"" --(BEFORE)--> ""étude"" | ""étude"" --(BEFORE)--> ""examen"""
16,56,FR100614,[EVENT_BEFORE_N/A_ACTUAL_POS] --(CONTAINS)--> [EVENT_BEFORE_N/A_ACTUAL_POS] | [EVENT_BEFORE_N/A_ACTUAL_POS] --(BEFORE)--> [EVENT_BEFORE_N/A_ACTUAL_POS] | [EVENT_BEFORE_N/A_ACTUAL_POS] --(BEFORE)--> [EVENT_BEFORE_N/A_ACTUAL_POS] | [EVENT_BEFORE_N/A_ACTUAL_POS] --(BEFORE)--> [EVENT_BEFORE_N/A_ACTUAL_POS],"""masse"" --(CONTAINS)--> ""tomodensitométrie"" | ""tomodensitométrie"" --(BEFORE)--> ""radiographie"" | ""radiographie"" --(BEFORE)--> ""taux"" | ""taux"" --(BEFORE)--> ""exploration"""
16,56,FR100620,[EVENT_BEFORE_N/A_ACTUAL_POS] --(CONTAINS)--> [EVENT_BEFORE_N/A_ACTUAL_POS] | [EVENT_BEFORE_N/A_ACTUAL_POS] --(BEFORE)--> [EVENT_BEFORE_N/A_ACTUAL_POS] | [EVENT_BEFORE_N/A_ACTUAL_POS] --(BEFORE)--> [EVENT_BEFORE_N/A_ACTUAL_POS] | [EVENT_BEFORE_N/A_ACTUAL_POS] --(BEFORE)--> [EVENT_BEFORE_N/A_ACTUAL_POS],"""hippocratisme"" --(CONTAINS)--> ""examen"" | ""examen"" --(BEFORE)--> ""radiographie"" | ""radiographie"" --(BEFORE)--> ""drainage"" | ""drainage"" --(BEFORE)--> ""visibles"""
16,56,FR100623,[EVENT_BEFORE_N/A_ACTUAL_POS] --(CONTAINS)--> [EVENT_BEFORE_N/A_ACTUAL_POS] | [EVENT_BEFORE_N/A_ACTUAL_POS] --(BEFORE)--> [EVENT_BEFORE_N/A_ACTUAL_POS] | [EVENT_BEFORE_N/A_ACTUAL_POS] --(BEFORE)--> [EVENT_BEFORE_N/A_ACTUAL_POS] | [EVENT_BEFORE_N/A_ACTUAL_POS] --(BEFORE)--> [EVENT_BEFORE_N/A_ACTUAL_POS],"""disposition"" --(CONTAINS)--> ""tomodensitométrie"" | ""tomodensitométrie"" --(BEFORE)--> ""retenu"" | ""retenu"" --(BEFORE)--> ""prise"" | ""prise"" --(BEFORE)--> ""analyse"""
16,56,FR100629,[EVENT_BEFORE_N/A_ACTUAL_POS] --(CONTAINS)--> [EVENT_BEFORE_N/A_ACTUAL_POS] | [EVENT_BEFORE_N/A_ACTUAL_POS] --(BEFORE)--> [EVENT_BEFORE_N/A_ACTUAL_POS] | [EVENT_BEFORE_N/A_ACTUAL_POS] --(BEFORE)--> [EVENT_BEFORE_N/A_ACTUAL_POS] | [EVENT_BEFORE_N/A_ACTUAL_POS] --(BEFORE)--> [EVENT_BEFORE_N/A_ACTUAL_POS],"""syndrome"" --(CONTAINS)--> ""examen"" | ""examen"" --(BEFORE)--> ""radiographie"" | ""radiographie"" --(BEFORE)--> ""thoracoscopie"" | ""thoracoscopie"" --(BEFORE)--> ""marquage"""
16,56,FR100632,[EVENT_BEFORE_N/A_ACTUAL_POS] --(CONTAINS)--> [EVENT_BEFORE_N/A_ACTUAL_POS] | [EVENT_BEFORE_N/A_ACTUAL_POS] --(BEFORE)--> [EVENT_BEFORE_N/A_ACTUAL_POS] | [EVENT_BEFORE_N/A_ACTUAL_POS] --(BEFORE)--> [EVENT_BEFORE_N/A_ACTUAL_POS] | [EVENT_BEFORE_N/A_ACTUAL_POS] --(BEFORE)--> [EVENT_BEFORE_N/A_ACTUAL_POS],"""état"" --(CONTAINS)--> ""examen"" | ""examen"" --(BEFORE)--> ""examen"" | ""examen"" --(BEFORE)--> ""IRM"" | ""IRM"" --(BEFORE)--> ""IRM"""
16,56,FR100663,[EVENT_BEFORE_N/A_ACTUAL_POS] --(CONTAINS)--> [EVENT_BEFORE_N/A_ACTUAL_POS] | [EVENT_BEFORE_N/A_ACTUAL_POS] --(BEFORE)--> [EVENT_BEFORE_N/A_ACTUAL_POS] | [EVENT_BEFORE_N/A_ACTUAL_POS] --(BEFORE)--> [EVENT_BEFORE_N/A_ACTUAL_POS] | [EVENT_BEFORE_N/A_ACTUAL_POS] --(BEFORE)--> [EVENT_BEFORE_N/A_ACTUAL_POS],"""contenait"" --(CONTAINS)--> ""échographie"" | ""échographie"" --(BEFORE)--> ""taux"" | ""taux"" --(BEFORE)--> ""tenté"" | ""tenté"" --(BEFORE)--> ""répétée"""
16,56,FR100666,[EVENT_BEFORE_N/A_ACTUAL_POS] --(CONTAINS)--> [EVENT_BEFORE_N/A_ACTUAL_POS] | [EVENT_BEFORE_N/A_ACTUAL_POS] --(BEFORE)--> [EVENT_BEFORE_N/A_ACTUAL_POS] | [EVENT_BEFORE_N/A_ACTUAL_POS] --(BEFORE)--> [EVENT_BEFORE_N/A_ACTUAL_POS] | [EVENT_BEFORE_N/A_ACTUAL_POS] --(BEFORE)--> [EVENT_BEFORE_N/A_ACTUAL_POS],"""sérologie"" --(CONTAINS)--> ""bilan"" | ""bilan"" --(BEFORE)--> ""myologramme"" | ""myologramme"" --(BEFORE)--> ""bilan"" | ""bilan"" --(BEFORE)--> ""classé"""
16,56,FR100683,[EVENT_BEFORE_N/A_ACTUAL_POS] --(CONTAINS)--> [EVENT_BEFORE_N/A_ACTUAL_POS] | [EVENT_BEFORE_N/A_ACTUAL_POS] --(BEFORE)--> [EVENT_BEFORE_N/A_ACTUAL_POS] | [EVENT_BEFORE_N/A_ACTUAL_POS] --(BEFORE)--> [EVENT_BEFORE_N/A_ACTUAL_POS] | [EVENT_BEFORE_N/A_ACTUAL_POS] --(BEFORE)--> [EVENT_BEFORE_N/A_ACTUAL_POS],"""glycémie"" --(CONTAINS)--> ""exploration"" | ""exploration"" --(BEFORE)--> ""exploration"" | ""exploration"" --(BEFORE)--> ""IRM"" | ""IRM"" --(BEFORE)--> ""écho-mammographie"""
16,56,FR100688,[EVENT_BEFORE_N/A_ACTUAL_POS] --(CONTAINS)--> [EVENT_BEFORE_N/A_ACTUAL_POS] | [EVENT_BEFORE_N/A_ACTUAL_POS] --(BEFORE)--> [EVENT_BEFORE_N/A_ACTUAL_POS] | [EVENT_BEFORE_N/A_ACTUAL_POS] --(BEFORE)--> [EVENT_BEFORE_N/A_ACTUAL_POS] | [EVENT_BEFORE_N/A_ACTUAL_POS] --(BEFORE)--> [EVENT_BEFORE_N/A_ACTUAL_POS],"""érosion"" --(CONTAINS)--> ""radiographie"" | ""radiographie"" --(BEFORE)--> ""échographie"" | ""échographie"" --(BEFORE)--> ""radiographie"" | ""radiographie"" --(BEFORE)--> ""incision"""
16,56,FR100689,[EVENT_BEFORE_N/A_ACTUAL_POS] --(CONTAINS)--> [EVENT_BEFORE_N/A_ACTUAL_POS] | [EVENT_BEFORE_N/A_ACTUAL_POS] --(BEFORE)--> [EVENT_BEFORE_N/A_ACTUAL_POS] | [EVENT_BEFORE_N/A_ACTUAL_POS] --(BEFORE)--> [EVENT_BEFORE_N/A_ACTUAL_POS] | [EVENT_BEFORE_N/A_ACTUAL_POS] --(BEFORE)--> [EVENT_BEFORE_N/A_ACTUAL_POS],"""CRP"" --(CONTAINS)--> ""ionogramme"" | ""ionogramme"" --(BEFORE)--> ""examen"" | ""examen"" --(BEFORE)--> ""retenu"" | ""retenu"" --(BEFORE)--> ""évolution"""
16,56,FR100697,[EVENT_BEFORE_N/A_ACTUAL_POS] --(CONTAINS)--> [EVENT_BEFORE_N/A_ACTUAL_POS] | [EVENT_BEFORE_N/A_ACTUAL_POS] --(BEFORE)--> [EVENT_BEFORE_N/A_ACTUAL_POS] | [EVENT_BEFORE_N/A_ACTUAL_POS] --(BEFORE)--> [EVENT_BEFORE_N/A_ACTUAL_POS] | [EVENT_BEFORE_N/A_ACTUAL_POS] --(BEFORE)--> [EVENT_BEFORE_N/A_ACTUAL_POS],"""rétraction"" --(CONTAINS)--> ""mammographie"" | ""mammographie"" --(BEFORE)--> ""échographie"" | ""échographie"" --(BEFORE)--> ""examen"" | ""examen"" --(BEFORE)--> ""immunomarquage"""
16,56,FR100708,[EVENT_BEFORE_N/A_ACTUAL_POS] --(CONTAINS)--> [EVENT_BEFORE_N/A_ACTUAL_POS] | [EVENT_BEFORE_N/A_ACTUAL_POS] --(BEFORE)--> [EVENT_BEFORE_N/A_ACTUAL_POS] | [EVENT_BEFORE_N/A_ACTUAL_POS] --(BEFORE)--> [EVENT_BEFORE_N/A_ACTUAL_POS] | [EVENT_BEFORE_N/A_ACTUAL_POS] --(BEFORE)--> [EVENT_BEFORE_N/A_ACTUAL_POS],"""masse"" --(CONTAINS)--> ""mammographie"" | ""mammographie"" --(BEFORE)--> ""échographie"" | ""échographie"" --(BEFORE)--> ""ponction"" | ""ponction"" --(BEFORE)--> ""étude"""
16,56,FR100717,[EVENT_BEFORE_N/A_ACTUAL_POS] --(CONTAINS)--> [EVENT_BEFORE_N/A_ACTUAL_POS] | [EVENT_BEFORE_N/A_ACTUAL_POS] --(BEFORE)--> [EVENT_BEFORE_N/A_ACTUAL_POS] | [EVENT_BEFORE_N/A_ACTUAL_POS] --(BEFORE)--> [EVENT_BEFORE_N/A_ACTUAL_POS] | [EVENT_BEFORE_N/A_ACTUAL_POS] --(BEFORE)--> [EVENT_BEFORE_N/A_ACTUAL_POS],"""HDL"" --(CONTAINS)--> ""examens"" | ""examens"" --(BEFORE)--> ""scanner"" | ""scanner"" --(BEFORE)--> ""IRM"" | ""IRM"" --(BEFORE)--> ""laminectomie"""
16,56,FR100748,[EVENT_BEFORE_N/A_ACTUAL_POS] --(CONTAINS)--> [EVENT_BEFORE_N/A_ACTUAL_POS] | [EVENT_BEFORE_N/A_ACTUAL_POS] --(BEFORE)--> [EVENT_BEFORE_N/A_ACTUAL_POS] | [EVENT_BEFORE_N/A_ACTUAL_POS] --(BEFORE)--> [EVENT_BEFORE_N/A_ACTUAL_POS] | [EVENT_BEFORE_N/A_ACTUAL_POS] --(BEFORE)--> [EVENT_BEFORE_N/A_ACTUAL_POS],"""hospitalisation"" --(CONTAINS)--> ""indication"" | ""indication"" --(BEFORE)--> ""consultation"" | ""consultation"" --(BEFORE)--> ""ASA"" | ""ASA"" --(BEFORE)--> ""Nicardipine"""
16,56,FR100806,[EVENT_BEFORE_N/A_ACTUAL_POS] --(CONTAINS)--> [EVENT_BEFORE_N/A_ACTUAL_POS] | [EVENT_BEFORE_N/A_ACTUAL_POS] --(BEFORE)--> [EVENT_BEFORE_N/A_ACTUAL_POS] | [EVENT_BEFORE_N/A_ACTUAL_POS] --(BEFORE)--> [EVENT_BEFORE_N/A_ACTUAL_POS] | [EVENT_BEFORE_N/A_ACTUAL_POS] --(BEFORE)--> [EVENT_BEFORE_N/A_ACTUAL_POS],"""TP"" --(CONTAINS)--> ""biologie"" | ""biologie"" --(BEFORE)--> ""tomodensitométrie"" | ""tomodensitométrie"" --(BEFORE)--> ""prise"" | ""prise"" --(BEFORE)--> ""examen"""
16,56,FR100826,[EVENT_BEFORE_N/A_ACTUAL_POS] --(CONTAINS)--> [EVENT_BEFORE_N/A_ACTUAL_POS] | [EVENT_BEFORE_N/A_ACTUAL_POS] --(BEFORE)--> [EVENT_BEFORE_N/A_ACTUAL_POS] | [EVENT_BEFORE_N/A_ACTUAL_POS] --(BEFORE)--> [EVENT_BEFORE_N/A_ACTUAL_POS] | [EVENT_BEFORE_N/A_ACTUAL_POS] --(BEFORE)--> [EVENT_BEFORE_N/A_ACTUAL_POS],"""termine"" --(CONTAINS)--> ""bilan"" | ""bilan"" --(BEFORE)--> ""bilan"" | ""bilan"" --(BEFORE)--> ""retenue"" | ""retenue"" --(BEFORE)--> ""exploration"""
16,56,FR100845,[EVENT_BEFORE_N/A_ACTUAL_POS] --(CONTAINS)--> [EVENT_BEFORE_N/A_ACTUAL_POS] | [EVENT_BEFORE_N/A_ACTUAL_POS] --(BEFORE)--> [EVENT_BEFORE_N/A_ACTUAL_POS] | [EVENT_BEFORE_N/A_ACTUAL_POS] --(BEFORE)--> [EVENT_BEFORE_N/A_ACTUAL_POS] | [EVENT_BEFORE_N/A_ACTUAL_POS] --(BEFORE)--> [EVENT_BEFORE_N/A_ACTUAL_POS],"""consciente"" --(CONTAINS)--> ""examen"" | ""examen"" --(BEFORE)--> ""examen"" | ""examen"" --(BEFORE)--> ""échographie"" | ""échographie"" --(BEFORE)--> ""radiographie"""
16,56,FR100870,[EVENT_BEFORE_N/A_ACTUAL_POS] --(CONTAINS)--> [EVENT_BEFORE_N/A_ACTUAL_POS] | [EVENT_BEFORE_N/A_ACTUAL_POS] --(BEFORE)--> [EVENT_BEFORE_N/A_ACTUAL_POS] | [EVENT_BEFORE_N/A_ACTUAL_POS] --(BEFORE)--> [EVENT_BEFORE_N/A_ACTUAL_POS] | [EVENT_BEFORE_N/A_ACTUAL_POS] --(BEFORE)--> [EVENT_BEFORE_N/A_ACTUAL_POS],"""calcémie"" --(CONTAINS)--> ""bilan"" | ""bilan"" --(BEFORE)--> ""IRM"" | ""IRM"" --(BEFORE)--> ""électrophorèse"" | ""électrophorèse"" --(BEFORE)--> ""immunosoustraction"""
16,56,FR100874,[EVENT_BEFORE_N/A_ACTUAL_POS] --(CONTAINS)--> [EVENT_BEFORE_N/A_ACTUAL_POS] | [EVENT_BEFORE_N/A_ACTUAL_POS] --(BEFORE)--> [EVENT_BEFORE_N/A_ACTUAL_POS] | [EVENT_BEFORE_N/A_ACTUAL_POS] --(BEFORE)--> [EVENT_BEFORE_N/A_ACTUAL_POS] | [EVENT_BEFORE_N/A_ACTUAL_POS] --(BEFORE)--> [EVENT_BEFORE_N/A_ACTUAL_POS],"""diverticule"" --(CONTAINS)--> ""retenu"" | ""retenu"" --(BEFORE)--> ""mise"" | ""mise"" --(BEFORE)--> ""diverticulectomie"" | ""diverticulectomie"" --(BEFORE)--> ""décédée"""
16,56,FR100882,[EVENT_BEFORE_N/A_ACTUAL_POS] --(CONTAINS)--> [EVENT_BEFORE_N/A_ACTUAL_POS] | [EVENT_BEFORE_N/A_ACTUAL_POS] --(BEFORE)--> [EVENT_BEFORE_N/A_ACTUAL_POS] | [EVENT_BEFORE_N/A_ACTUAL_POS] --(BEFORE)--> [EVENT_BEFORE_N/A_ACTUAL_POS] | [EVENT_BEFORE_N/A_ACTUAL_POS] --(BEFORE)--> [EVENT_BEFORE_N/A_ACTUAL_POS],"""hospitalisation"" --(CONTAINS)--> ""admise"" | ""admise"" --(BEFORE)--> ""examen"" | ""examen"" --(BEFORE)--> ""examen"" | ""examen"" --(BEFORE)--> ""examen"""
16,56,FR100883,[EVENT_BEFORE_N/A_ACTUAL_POS] --(CONTAINS)--> [EVENT_BEFORE_N/A_ACTUAL_POS] | [EVENT_BEFORE_N/A_ACTUAL_POS] --(BEFORE)--> [EVENT_BEFORE_N/A_ACTUAL_POS] | [EVENT_BEFORE_N/A_ACTUAL_POS] --(BEFORE)--> [EVENT_BEFORE_N/A_ACTUAL_POS] | [EVENT_BEFORE_N/A_ACTUAL_POS] --(BEFORE)--> [EVENT_BEFORE_N/A_ACTUAL_POS],"""admission"" --(CONTAINS)--> ""TDM"" | ""TDM"" --(BEFORE)--> ""biopsie"" | ""biopsie"" --(BEFORE)--> ""bilan"" | ""bilan"" --(BEFORE)--> ""sérologie"""
16,56,FR100894,[EVENT_BEFORE_N/A_ACTUAL_POS] --(CONTAINS)--> [EVENT_BEFORE_N/A_ACTUAL_POS] | [EVENT_BEFORE_N/A_ACTUAL_POS] --(BEFORE)--> [EVENT_BEFORE_N/A_ACTUAL_POS] | [EVENT_BEFORE_N/A_ACTUAL_POS] --(BEFORE)--> [EVENT_BEFORE_N/A_ACTUAL_POS] | [EVENT_BEFORE_N/A_ACTUAL_POS] --(BEFORE)--> [EVENT_BEFORE_N/A_ACTUAL_POS],"""syndrome"" --(CONTAINS)--> ""diagnostic"" | ""diagnostic"" --(BEFORE)--> ""pris"" | ""pris"" --(BEFORE)--> ""incision"" | ""incision"" --(BEFORE)--> ""immobilisé"""
16,56,FR100903,[EVENT_BEFORE_N/A_ACTUAL_POS] --(CONTAINS)--> [EVENT_BEFORE_N/A_ACTUAL_POS] | [EVENT_BEFORE_N/A_ACTUAL_POS] --(BEFORE)--> [EVENT_BEFORE_N/A_ACTUAL_POS] | [EVENT_BEFORE_N/A_ACTUAL_POS] --(BEFORE)--> [EVENT_BEFORE_N/A_ACTUAL_POS] | [EVENT_BEFORE_N/A_ACTUAL_POS] --(BEFORE)--> [EVENT_BEFORE_N/A_ACTUAL_POS],"""biométrie"" --(CONTAINS)--> ""échographie"" | ""échographie"" --(BEFORE)--> ""IRM"" | ""IRM"" --(BEFORE)--> ""diagnostic"" | ""diagnostic"" --(BEFORE)--> ""écarté"""
16,56,FR100946,[EVENT_BEFORE_N/A_ACTUAL_POS] --(CONTAINS)--> [EVENT_BEFORE_N/A_ACTUAL_POS] | [EVENT_BEFORE_N/A_ACTUAL_POS] --(BEFORE)--> [EVENT_BEFORE_N/A_ACTUAL_POS] | [EVENT_BEFORE_N/A_ACTUAL_POS] --(BEFORE)--> [EVENT_BEFORE_N/A_ACTUAL_POS] | [EVENT_BEFORE_N/A_ACTUAL_POS] --(BEFORE)--> [EVENT_BEFORE_N/A_ACTUAL_POS],"""lésion"" --(CONTAINS)--> ""IRM"" | ""IRM"" --(BEFORE)--> ""analyse"" | ""analyse"" --(BEFORE)--> ""mise"" | ""mise"" --(BEFORE)--> ""abord"""
16,56,FR100996,[EVENT_BEFORE_N/A_ACTUAL_POS] --(CONTAINS)--> [EVENT_BEFORE_N/A_ACTUAL_POS] | [EVENT_BEFORE_N/A_ACTUAL_POS] --(BEFORE)--> [EVENT_BEFORE_N/A_ACTUAL_POS] | [EVENT_BEFORE_N/A_ACTUAL_POS] --(BEFORE)--> [EVENT_BEFORE_N/A_ACTUAL_POS] | [EVENT_BEFORE_N/A_ACTUAL_POS] --(BEFORE)--> [EVENT_BEFORE_N/A_ACTUAL_POS],"""sac"" --(CONTAINS)--> ""tomodensitométrie"" | ""tomodensitométrie"" --(BEFORE)--> ""injection"" | ""injection"" --(BEFORE)--> ""retenu"" | ""retenu"" --(BEFORE)--> ""chirurgical"""
89,52,FR100003,[EVENT_BEFORE_N/A_ACTUAL_POS] --(CONTAINS)--> [EVENT_BEFORE_N/A_ACTUAL_POS] | [EVENT_BEFORE_N/A_ACTUAL_POS] --(BEFORE)--> [EVENT_BEFORE_N/A_ACTUAL_POS],"""antibiothérapie"" --(CONTAINS)--> ""réajustée"" | ""antibiothérapie"" --(BEFORE)--> ""bloc"""
89,52,FR100092,[EVENT_BEFORE_N/A_ACTUAL_POS] --(CONTAINS)--> [EVENT_BEFORE_N/A_ACTUAL_POS] | [EVENT_BEFORE_N/A_ACTUAL_POS] --(BEFORE)--> [EVENT_BEFORE_N/A_ACTUAL_POS],"""examen"" --(CONTAINS)--> ""fréquence"" | ""examen"" --(BEFORE)--> ""examen"""
89,52,FR100130,[EVENT_BEFORE_N/A_ACTUAL_POS] --(CONTAINS)--> [EVENT_BEFORE_N/A_ACTUAL_POS] | [EVENT_BEFORE_N/A_ACTUAL_POS] --(BEFORE)--> [EVENT_BEFORE_N/A_ACTUAL_POS],"""biologie"" --(CONTAINS)--> ""créatine"" | ""biologie"" --(BEFORE)--> ""glycémie"""
89,52,FR100132,[EVENT_BEFORE_N/A_ACTUAL_POS] --(CONTAINS)--> [EVENT_BEFORE_N/A_ACTUAL_POS] | [EVENT_BEFORE_N/A_ACTUAL_POS] --(BEFORE)--> [EVENT_BEFORE_N/A_ACTUAL_POS],"""consultation"" --(CONTAINS)--> ""référée"" | ""consultation"" --(BEFORE)--> ""examen"""
89,52,FR100161,[EVENT_BEFORE_N/A_ACTUAL_POS] --(CONTAINS)--> [EVENT_BEFORE_N/A_ACTUAL_POS] | [EVENT_BEFORE_N/A_ACTUAL_POS] --(BEFORE)--> [EVENT_BEFORE_N/A_ACTUAL_POS],"""examens"" --(CONTAINS)--> ""Fibro"" | ""examens"" --(BEFORE)--> ""radiographie"""
89,52,FR100168,[EVENT_BEFORE_N/A_ACTUAL_POS] --(CONTAINS)--> [EVENT_BEFORE_N/A_ACTUAL_POS] | [EVENT_BEFORE_N/A_ACTUAL_POS] --(BEFORE)--> [EVENT_BEFORE_N/A_ACTUAL_POS],"""tests"" --(CONTAINS)--> ""recherche"" | ""tests"" --(BEFORE)--> ""entretien"""
89,52,FR100255,[EVENT_BEFORE_N/A_ACTUAL_POS] --(CONTAINS)--> [EVENT_BEFORE_N/A_ACTUAL_POS] | [EVENT_BEFORE_N/A_ACTUAL_POS] --(BEFORE)--> [EVENT_BEFORE_N/A_ACTUAL_POS],"""échographie"" --(CONTAINS)--> ""confirmation"" | ""échographie"" --(BEFORE)--> ""mise"""
89,52,FR100275,[EVENT_BEFORE_N/A_ACTUAL_POS] --(CONTAINS)--> [EVENT_BEFORE_N/A_ACTUAL_POS] | [EVENT_BEFORE_N/A_ACTUAL_POS] --(BEFORE)--> [EVENT_BEFORE_N/A_ACTUAL_POS],"""bilan"" --(CONTAINS)--> ""électrocardiogramme"" | ""bilan"" --(BEFORE)--> ""bilan"""
89,52,FR100276,[EVENT_BEFORE_N/A_ACTUAL_POS] --(CONTAINS)--> [EVENT_BEFORE_N/A_ACTUAL_POS] | [EVENT_BEFORE_N/A_ACTUAL_POS] --(BEFORE)--> [EVENT_BEFORE_N/A_ACTUAL_POS],"""biopsie"" --(CONTAINS)--> ""examen"" | ""biopsie"" --(BEFORE)--> ""posé"""
89,52,FR100283,[EVENT_BEFORE_N/A_ACTUAL_POS] --(CONTAINS)--> [EVENT_BEFORE_N/A_ACTUAL_POS] | [EVENT_BEFORE_N/A_ACTUAL_POS] --(BEFORE)--> [EVENT_BEFORE_N/A_ACTUAL_POS],"""traitement"" --(CONTAINS)--> ""opothérapie"" | ""traitement"" --(BEFORE)--> ""évolution"""
89,52,FR100296,[EVENT_BEFORE_N/A_ACTUAL_POS] --(CONTAINS)--> [EVENT_BEFORE_N/A_ACTUAL_POS] | [EVENT_BEFORE_N/A_ACTUAL_POS] --(BEFORE)--> [EVENT_BEFORE_N/A_ACTUAL_POS],"""fenestration"" --(CONTAINS)--> ""geste"" | ""fenestration"" --(BEFORE)--> ""suites"""
89,52,FR100344,[EVENT_BEFORE_N/A_ACTUAL_POS] --(CONTAINS)--> [EVENT_BEFORE_N/A_ACTUAL_POS] | [EVENT_BEFORE_N/A_ACTUAL_POS] --(BEFORE)--> [EVENT_BEFORE_N/A_ACTUAL_POS],"""bilan"" --(CONTAINS)--> ""échographie"" | ""bilan"" --(BEFORE)--> ""contrôle"""
89,52,FR100346,[EVENT_BEFORE_N/A_ACTUAL_POS] --(CONTAINS)--> [EVENT_BEFORE_N/A_ACTUAL_POS] | [EVENT_BEFORE_N/A_ACTUAL_POS] --(BEFORE)--> [EVENT_BEFORE_N/A_ACTUAL_POS],"""examen"" --(CONTAINS)--> ""reste"" | ""examen"" --(BEFORE)--> ""gazométrie"""
89,52,FR100360,[EVENT_BEFORE_N/A_ACTUAL_POS] --(CONTAINS)--> [EVENT_BEFORE_N/A_ACTUAL_POS] | [EVENT_BEFORE_N/A_ACTUAL_POS] --(BEFORE)--> [EVENT_BEFORE_N/A_ACTUAL_POS],"""colpohystérectomie"" --(CONTAINS)--> ""annexectomie"" | ""colpohystérectomie"" --(BEFORE)--> ""examen"""
89,52,FR100361,[EVENT_BEFORE_N/A_ACTUAL_POS] --(CONTAINS)--> [EVENT_BEFORE_N/A_ACTUAL_POS] | [EVENT_BEFORE_N/A_ACTUAL_POS] --(BEFORE)--> [EVENT_BEFORE_N/A_ACTUAL_POS],"""prolactinémie"" --(CONTAINS)--> ""passée"" | ""prolactinémie"" --(BEFORE)--> ""améliorée"""
89,52,FR100371,[EVENT_BEFORE_N/A_ACTUAL_POS] --(CONTAINS)--> [EVENT_BEFORE_N/A_ACTUAL_POS] | [EVENT_BEFORE_N/A_ACTUAL_POS] --(BEFORE)--> [EVENT_BEFORE_N/A_ACTUAL_POS],"""bilan"" --(CONTAINS)--> ""bilan"" | ""bilan"" --(BEFORE)--> ""bilan"""
89,52,FR100400,[EVENT_BEFORE_N/A_ACTUAL_POS] --(CONTAINS)--> [EVENT_BEFORE_N/A_ACTUAL_POS] | [EVENT_BEFORE_N/A_ACTUAL_POS] --(BEFORE)--> [EVENT_BEFORE_N/A_ACTUAL_POS],"""histoire"" --(CONTAINS)--> ""douleurs"" | ""histoire"" --(BEFORE)--> ""examen"""
89,52,FR100448,[EVENT_BEFORE_N/A_ACTUAL_POS] --(CONTAINS)--> [EVENT_BEFORE_N/A_ACTUAL_POS] | [EVENT_BEFORE_N/A_ACTUAL_POS] --(BEFORE)--> [EVENT_BEFORE_N/A_ACTUAL_POS],"""examen"" --(CONTAINS)--> ""reste"" | ""examen"" --(BEFORE)--> ""échotomographie"""
89,52,FR100515,[EVENT_BEFORE_N/A_ACTUAL_POS] --(CONTAINS)--> [EVENT_BEFORE_N/A_ACTUAL_POS] | [EVENT_BEFORE_N/A_ACTUAL_POS] --(BEFORE)--> [EVENT_BEFORE_N/A_ACTUAL_POS],"""bilan"" --(CONTAINS)--> ""scanner"" | ""bilan"" --(BEFORE)--> ""prescrits"""
89,52,FR100517,[EVENT_BEFORE_N/A_ACTUAL_POS] --(CONTAINS)--> [EVENT_BEFORE_N/A_ACTUAL_POS] | [EVENT_BEFORE_N/A_ACTUAL_POS] --(BEFORE)--> [EVENT_BEFORE_N/A_ACTUAL_POS],"""bilan"" --(CONTAINS)--> ""radiographie"" | ""bilan"" --(BEFORE)--> ""mise"""
89,52,FR100519,[EVENT_BEFORE_N/A_ACTUAL_POS] --(CONTAINS)--> [EVENT_BEFORE_N/A_ACTUAL_POS] | [EVENT_BEFORE_N/A_ACTUAL_POS] --(BEFORE)--> [EVENT_BEFORE_N/A_ACTUAL_POS],"""hémogramme"" --(CONTAINS)--> ""bilan"" | ""hémogramme"" --(BEFORE)--> ""remplissage"""
89,52,FR100589,[EVENT_BEFORE_N/A_ACTUAL_POS] --(CONTAINS)--> [EVENT_BEFORE_N/A_ACTUAL_POS] | [EVENT_BEFORE_N/A_ACTUAL_POS] --(BEFORE)--> [EVENT_BEFORE_N/A_ACTUAL_POS],"""lavage"" --(CONTAINS)--> ""recherche"" | ""lavage"" --(BEFORE)--> ""biopsies"""
89,52,FR100597,[EVENT_BEFORE_N/A_ACTUAL_POS] --(CONTAINS)--> [EVENT_BEFORE_N/A_ACTUAL_POS] | [EVENT_BEFORE_N/A_ACTUAL_POS] --(BEFORE)--> [EVENT_BEFORE_N/A_ACTUAL_POS],"""intervention"" --(CONTAINS)--> ""exploration"" | ""intervention"" --(BEFORE)--> ""décédée"""
89,52,FR100603,[EVENT_BEFORE_N/A_ACTUAL_POS] --(CONTAINS)--> [EVENT_BEFORE_N/A_ACTUAL_POS] | [EVENT_BEFORE_N/A_ACTUAL_POS] --(BEFORE)--> [EVENT_BEFORE_N/A_ACTUAL_POS],"""chirurgie"" --(CONTAINS)--> ""remplacée"" | ""chirurgie"" --(BEFORE)--> ""hémocultures"""
89,52,FR100611,[EVENT_BEFORE_N/A_ACTUAL_POS] --(CONTAINS)--> [EVENT_BEFORE_N/A_ACTUAL_POS] | [EVENT_BEFORE_N/A_ACTUAL_POS] --(BEFORE)--> [EVENT_BEFORE_N/A_ACTUAL_POS],"""TDM"" --(CONTAINS)--> ""image"" | ""TDM"" --(BEFORE)--> ""biopsie"""
89,52,FR100614,[EVENT_BEFORE_N/A_ACTUAL_POS] --(CONTAINS)--> [EVENT_BEFORE_N/A_ACTUAL_POS] | [EVENT_BEFORE_N/A_ACTUAL_POS] --(BEFORE)--> [EVENT_BEFORE_N/A_ACTUAL_POS],"""intervention"" --(CONTAINS)--> ""éviter"" | ""intervention"" --(BEFORE)--> ""résection"""
89,52,FR100620,[EVENT_BEFORE_N/A_ACTUAL_POS] --(CONTAINS)--> [EVENT_BEFORE_N/A_ACTUAL_POS] | [EVENT_BEFORE_N/A_ACTUAL_POS] --(BEFORE)--> [EVENT_BEFORE_N/A_ACTUAL_POS],"""bilan"" --(CONTAINS)--> ""échographie"" | ""bilan"" --(BEFORE)--> ""bilan"""
89,52,FR100629,[EVENT_BEFORE_N/A_ACTUAL_POS] --(CONTAINS)--> [EVENT_BEFORE_N/A_ACTUAL_POS] | [EVENT_BEFORE_N/A_ACTUAL_POS] --(BEFORE)--> [EVENT_BEFORE_N/A_ACTUAL_POS],"""thoracoscopie"" --(CONTAINS)--> ""biopsie"" | ""thoracoscopie"" --(BEFORE)--> ""marquage"""
89,52,FR100632,[EVENT_BEFORE_N/A_ACTUAL_POS] --(CONTAINS)--> [EVENT_BEFORE_N/A_ACTUAL_POS] | [EVENT_BEFORE_N/A_ACTUAL_POS] --(BEFORE)--> [EVENT_BEFORE_N/A_ACTUAL_POS],"""étude"" --(CONTAINS)--> ""culture"" | ""étude"" --(BEFORE)--> ""numération"""
89,52,FR100658,[EVENT_BEFORE_N/A_ACTUAL_POS] --(CONTAINS)--> [EVENT_BEFORE_N/A_ACTUAL_POS] | [EVENT_BEFORE_N/A_ACTUAL_POS] --(BEFORE)--> [EVENT_BEFORE_N/A_ACTUAL_POS],"""monitorage"" --(CONTAINS)--> ""enregistrement"" | ""monitorage"" --(BEFORE)--> ""prise"""
89,52,FR100663,[EVENT_BEFORE_N/A_ACTUAL_POS] --(CONTAINS)--> [EVENT_BEFORE_N/A_ACTUAL_POS] | [EVENT_BEFORE_N/A_ACTUAL_POS] --(BEFORE)--> [EVENT_BEFORE_N/A_ACTUAL_POS],"""bilan"" --(CONTAINS)--> ""Taux"" | ""bilan"" --(BEFORE)--> ""répétée"""
89,52,FR100666,[EVENT_BEFORE_N/A_ACTUAL_POS] --(CONTAINS)--> [EVENT_BEFORE_N/A_ACTUAL_POS] | [EVENT_BEFORE_N/A_ACTUAL_POS] --(BEFORE)--> [EVENT_BEFORE_N/A_ACTUAL_POS],"""polychimiothérapie"" --(CONTAINS)--> ""COP"" | ""polychimiothérapie"" --(BEFORE)--> ""COPADEM"""
89,52,FR100688,[EVENT_BEFORE_N/A_ACTUAL_POS] --(CONTAINS)--> [EVENT_BEFORE_N/A_ACTUAL_POS] | [EVENT_BEFORE_N/A_ACTUAL_POS] --(BEFORE)--> [EVENT_BEFORE_N/A_ACTUAL_POS],"""traitement"" --(CONTAINS)--> ""phase"" | ""traitement"" --(BEFORE)--> ""évolution"""
89,52,FR100689,[EVENT_BEFORE_N/A_ACTUAL_POS] --(CONTAINS)--> [EVENT_BEFORE_N/A_ACTUAL_POS] | [EVENT_BEFORE_N/A_ACTUAL_POS] --(BEFORE)--> [EVENT_BEFORE_N/A_ACTUAL_POS],"""IRM"" --(CONTAINS)--> ""injection"" | ""IRM"" --(BEFORE)--> ""étude"""
89,52,FR100697,[EVENT_BEFORE_N/A_ACTUAL_POS] --(CONTAINS)--> [EVENT_BEFORE_N/A_ACTUAL_POS] | [EVENT_BEFORE_N/A_ACTUAL_POS] --(BEFORE)--> [EVENT_BEFORE_N/A_ACTUAL_POS],"""bilan"" --(CONTAINS)--> ""biopsie"" | ""bilan"" --(BEFORE)--> ""test"""
89,52,FR100708,[EVENT_BEFORE_N/A_ACTUAL_POS] --(CONTAINS)--> [EVENT_BEFORE_N/A_ACTUAL_POS] | [EVENT_BEFORE_N/A_ACTUAL_POS] --(BEFORE)--> [EVENT_BEFORE_N/A_ACTUAL_POS],"""ponction"" --(CONTAINS)--> ""ramenant"" | ""ponction"" --(BEFORE)--> ""étude"""
89,52,FR100748,[EVENT_BEFORE_N/A_ACTUAL_POS] --(CONTAINS)--> [EVENT_BEFORE_N/A_ACTUAL_POS] | [EVENT_BEFORE_N/A_ACTUAL_POS] --(BEFORE)--> [EVENT_BEFORE_N/A_ACTUAL_POS],"""consultation"" --(CONTAINS)--> ""examen"" | ""consultation"" --(BEFORE)--> ""ASA"""
89,52,FR100766,[EVENT_BEFORE_N/A_ACTUAL_POS] --(CONTAINS)--> [EVENT_BEFORE_N/A_ACTUAL_POS] | [EVENT_BEFORE_N/A_ACTUAL_POS] --(BEFORE)--> [EVENT_BEFORE_N/A_ACTUAL_POS],"""amputation"" --(CONTAINS)--> ""confection"" | ""amputation"" --(BEFORE)--> ""propre"""
89,52,FR100780,[EVENT_BEFORE_N/A_ACTUAL_POS] --(CONTAINS)--> [EVENT_BEFORE_N/A_ACTUAL_POS] | [EVENT_BEFORE_N/A_ACTUAL_POS] --(BEFORE)--> [EVENT_BEFORE_N/A_ACTUAL_POS],"""examen"" --(CONTAINS)--> ""tension"" | ""examen"" --(BEFORE)--> ""toucher"""
89,52,FR100806,[EVENT_BEFORE_N/A_ACTUAL_POS] --(CONTAINS)--> [EVENT_BEFORE_N/A_ACTUAL_POS] | [EVENT_BEFORE_N/A_ACTUAL_POS] --(BEFORE)--> [EVENT_BEFORE_N/A_ACTUAL_POS],"""prise"" --(CONTAINS)--> ""splénectomie"" | ""prise"" --(BEFORE)--> ""examen"""
89,52,FR100814,[EVENT_BEFORE_N/A_ACTUAL_POS] --(CONTAINS)--> [EVENT_BEFORE_N/A_ACTUAL_POS] | [EVENT_BEFORE_N/A_ACTUAL_POS] --(BEFORE)--> [EVENT_BEFORE_N/A_ACTUAL_POS],"""IRM"" --(CONTAINS)--> ""hypersignal"" | ""IRM"" --(BEFORE)--> ""diagnostic"""
89,52,FR100845,[EVENT_BEFORE_N/A_ACTUAL_POS] --(CONTAINS)--> [EVENT_BEFORE_N/A_ACTUAL_POS] | [EVENT_BEFORE_N/A_ACTUAL_POS] --(BEFORE)--> [EVENT_BEFORE_N/A_ACTUAL_POS],"""examinés"" --(CONTAINS)--> ""examen"" | ""examinés"" --(BEFORE)--> ""détresse"""
89,52,FR100870,[EVENT_BEFORE_N/A_ACTUAL_POS] --(CONTAINS)--> [EVENT_BEFORE_N/A_ACTUAL_POS] | [EVENT_BEFORE_N/A_ACTUAL_POS] --(BEFORE)--> [EVENT_BEFORE_N/A_ACTUAL_POS],"""électrophorèse"" --(CONTAINS)--> ""découverte"" | ""électrophorèse"" --(BEFORE)--> ""immunosoustraction"""
89,52,FR100874,[EVENT_BEFORE_N/A_ACTUAL_POS] --(CONTAINS)--> [EVENT_BEFORE_N/A_ACTUAL_POS] | [EVENT_BEFORE_N/A_ACTUAL_POS] --(BEFORE)--> [EVENT_BEFORE_N/A_ACTUAL_POS],"""admission"" --(CONTAINS)--> ""interrogatoire"" | ""admission"" --(BEFORE)--> ""examen"""
89,52,FR100894,[EVENT_BEFORE_N/A_ACTUAL_POS] --(CONTAINS)--> [EVENT_BEFORE_N/A_ACTUAL_POS] | [EVENT_BEFORE_N/A_ACTUAL_POS] --(BEFORE)--> [EVENT_BEFORE_N/A_ACTUAL_POS],"""incision"" --(CONTAINS)--> ""décompression"" | ""incision"" --(BEFORE)--> ""immobilisé"""
89,52,FR100903,[EVENT_BEFORE_N/A_ACTUAL_POS] --(CONTAINS)--> [EVENT_BEFORE_N/A_ACTUAL_POS] | [EVENT_BEFORE_N/A_ACTUAL_POS] --(BEFORE)--> [EVENT_BEFORE_N/A_ACTUAL_POS],"""accouchement"" --(CONTAINS)--> ""naissance"" | ""accouchement"" --(BEFORE)--> ""décédé"""
89,52,FR100919,[EVENT_BEFORE_N/A_ACTUAL_POS] --(CONTAINS)--> [EVENT_BEFORE_N/A_ACTUAL_POS] | [EVENT_BEFORE_N/A_ACTUAL_POS] --(BEFORE)--> [EVENT_BEFORE_N/A_ACTUAL_POS],"""correction"" --(CONTAINS)--> ""injection"" | ""correction"" --(BEFORE)--> ""normalisation"""
89,52,FR100946,[EVENT_BEFORE_N/A_ACTUAL_POS] --(CONTAINS)--> [EVENT_BEFORE_N/A_ACTUAL_POS] | [EVENT_BEFORE_N/A_ACTUAL_POS] --(BEFORE)--> [EVENT_BEFORE_N/A_ACTUAL_POS],"""IRM"" --(CONTAINS)--> ""prise"" | ""IRM"" --(BEFORE)--> ""analyse"""
89,52,FR100959,[EVENT_BEFORE_N/A_ACTUAL_POS] --(CONTAINS)--> [EVENT_BEFORE_N/A_ACTUAL_POS] | [EVENT_BEFORE_N/A_ACTUAL_POS] --(BEFORE)--> [EVENT_BEFORE_N/A_ACTUAL_POS],"""œsophagoscopie"" --(CONTAINS)--> ""permis"" | ""œsophagoscopie"" --(BEFORE)--> ""Transit"""
89,52,FR100998,[EVENT_BEFORE_N/A_ACTUAL_POS] --(CONTAINS)--> [EVENT_BEFORE_N/A_ACTUAL_POS] | [EVENT_BEFORE_N/A_ACTUAL_POS] --(BEFORE)--> [EVENT_BEFORE_N/A_ACTUAL_POS],"""traitée"" --(CONTAINS)--> ""cures"" | ""traitée"" --(BEFORE)--> ""bilan"""
189,52,FR100003,[EVENT_BEFORE_N/A_ACTUAL_POS] --(BEFORE)--> [EVENT_BEFORE_N/A_ACTUAL_POS] | [EVENT_BEFORE_N/A_ACTUAL_POS] --(CONTAINS)--> [EVENT_BEFORE_N/A_ACTUAL_POS],"""injection"" --(BEFORE)--> ""ponction"" | ""ponction"" --(CONTAINS)--> ""ramené"""
189,52,FR100092,[EVENT_BEFORE_N/A_ACTUAL_POS] --(BEFORE)--> [EVENT_BEFORE_N/A_ACTUAL_POS] | [EVENT_BEFORE_N/A_ACTUAL_POS] --(CONTAINS)--> [EVENT_BEFORE_N/A_ACTUAL_POS],"""reste"" --(BEFORE)--> ""minilaparotomie"" | ""minilaparotomie"" --(CONTAINS)--> ""exploration"""
189,52,FR100120,[EVENT_BEFORE_N/A_ACTUAL_POS] --(BEFORE)--> [EVENT_BEFORE_N/A_ACTUAL_POS] | [EVENT_BEFORE_N/A_ACTUAL_POS] --(CONTAINS)--> [EVENT_BEFORE_N/A_ACTUAL_POS],"""reste"" --(BEFORE)--> ""traitement"" | ""traitement"" --(CONTAINS)--> ""soins"""
189,52,FR100130,[EVENT_BEFORE_N/A_ACTUAL_POS] --(BEFORE)--> [EVENT_BEFORE_N/A_ACTUAL_POS] | [EVENT_BEFORE_N/A_ACTUAL_POS] --(CONTAINS)--> [EVENT_BEFORE_N/A_ACTUAL_POS],"""recherche"" --(BEFORE)--> ""séjour"" | ""séjour"" --(CONTAINS)--> ""réconforté"""
189,52,FR100132,[EVENT_BEFORE_N/A_ACTUAL_POS] --(BEFORE)--> [EVENT_BEFORE_N/A_ACTUAL_POS] | [EVENT_BEFORE_N/A_ACTUAL_POS] --(CONTAINS)--> [EVENT_BEFORE_N/A_ACTUAL_POS],"""consultation"" --(BEFORE)--> ""examen"" | ""examen"" --(CONTAINS)--> ""palpation"""
189,52,FR100161,[EVENT_BEFORE_N/A_ACTUAL_POS] --(BEFORE)--> [EVENT_BEFORE_N/A_ACTUAL_POS] | [EVENT_BEFORE_N/A_ACTUAL_POS] --(CONTAINS)--> [EVENT_BEFORE_N/A_ACTUAL_POS],"""examen"" --(BEFORE)--> ""examens"" | ""examens"" --(CONTAINS)--> ""Fibro"""
189,52,FR100168,[EVENT_BEFORE_N/A_ACTUAL_POS] --(BEFORE)--> [EVENT_BEFORE_N/A_ACTUAL_POS] | [EVENT_BEFORE_N/A_ACTUAL_POS] --(CONTAINS)--> [EVENT_BEFORE_N/A_ACTUAL_POS],"""bilan"" --(BEFORE)--> ""dissection"" | ""dissection"" --(CONTAINS)--> ""saignement"""
189,52,FR100185,[EVENT_BEFORE_N/A_ACTUAL_POS] --(BEFORE)--> [EVENT_BEFORE_N/A_ACTUAL_POS] | [EVENT_BEFORE_N/A_ACTUAL_POS] --(CONTAINS)--> [EVENT_BEFORE_N/A_ACTUAL_POS],"""Electromyogramme"" --(BEFORE)--> ""IRM"" | ""IRM"" --(CONTAINS)--> ""aspect"""
189,52,FR100255,[EVENT_BEFORE_N/A_ACTUAL_POS] --(BEFORE)--> [EVENT_BEFORE_N/A_ACTUAL_POS] | [EVENT_BEFORE_N/A_ACTUAL_POS] --(CONTAINS)--> [EVENT_BEFORE_N/A_ACTUAL_POS],"""mise"" --(BEFORE)--> ""traitement"" | ""traitement"" --(CONTAINS)--> ""bolus"""
189,52,FR100275,[EVENT_BEFORE_N/A_ACTUAL_POS] --(BEFORE)--> [EVENT_BEFORE_N/A_ACTUAL_POS] | [EVENT_BEFORE_N/A_ACTUAL_POS] --(CONTAINS)--> [EVENT_BEFORE_N/A_ACTUAL_POS],"""bilan"" --(BEFORE)--> ""bilan"" | ""bilan"" --(CONTAINS)--> ""radiographie"""
189,52,FR100276,[EVENT_BEFORE_N/A_ACTUAL_POS] --(BEFORE)--> [EVENT_BEFORE_N/A_ACTUAL_POS] | [EVENT_BEFORE_N/A_ACTUAL_POS] --(CONTAINS)--> [EVENT_BEFORE_N/A_ACTUAL_POS],"""grossesses"" --(BEFORE)--> ""grossesse"" | ""grossesse"" --(CONTAINS)--> ""posé"""
189,52,FR100283,[EVENT_BEFORE_N/A_ACTUAL_POS] --(BEFORE)--> [EVENT_BEFORE_N/A_ACTUAL_POS] | [EVENT_BEFORE_N/A_ACTUAL_POS] --(CONTAINS)--> [EVENT_BEFORE_N/A_ACTUAL_POS],"""hypophysiogramme"" --(BEFORE)--> ""traitement"" | ""traitement"" --(CONTAINS)--> ""opothérapie"""
189,52,FR100296,[EVENT_BEFORE_N/A_ACTUAL_POS] --(BEFORE)--> [EVENT_BEFORE_N/A_ACTUAL_POS] | [EVENT_BEFORE_N/A_ACTUAL_POS] --(CONTAINS)--> [EVENT_BEFORE_N/A_ACTUAL_POS],"""fenestration"" --(BEFORE)--> ""suites"" | ""suites"" --(CONTAINS)--> ""rétrocession"""
189,52,FR100344,[EVENT_BEFORE_N/A_ACTUAL_POS] --(BEFORE)--> [EVENT_BEFORE_N/A_ACTUAL_POS] | [EVENT_BEFORE_N/A_ACTUAL_POS] --(CONTAINS)--> [EVENT_BEFORE_N/A_ACTUAL_POS],"""examen"" --(BEFORE)--> ""césarienne"" | ""césarienne"" --(CONTAINS)--> ""extraction"""
189,52,FR100361,[EVENT_BEFORE_N/A_ACTUAL_POS] --(BEFORE)--> [EVENT_BEFORE_N/A_ACTUAL_POS] | [EVENT_BEFORE_N/A_ACTUAL_POS] --(CONTAINS)--> [EVENT_BEFORE_N/A_ACTUAL_POS],"""admise"" --(BEFORE)--> ""examen"" | ""examen"" --(CONTAINS)--> ""mobilisait"""
189,52,FR100371,[EVENT_BEFORE_N/A_ACTUAL_POS] --(BEFORE)--> [EVENT_BEFORE_N/A_ACTUAL_POS] | [EVENT_BEFORE_N/A_ACTUAL_POS] --(CONTAINS)--> [EVENT_BEFORE_N/A_ACTUAL_POS],"""bilan"" --(BEFORE)--> ""bilan"" | ""bilan"" --(CONTAINS)--> ""radiographie"""
189,52,FR100400,[EVENT_BEFORE_N/A_ACTUAL_POS] --(BEFORE)--> [EVENT_BEFORE_N/A_ACTUAL_POS] | [EVENT_BEFORE_N/A_ACTUAL_POS] --(CONTAINS)--> [EVENT_BEFORE_N/A_ACTUAL_POS],"""suites"" --(BEFORE)--> ""suivie"" | ""suivie"" --(CONTAINS)--> ""consultation"""
189,52,FR100510,[EVENT_BEFORE_N/A_ACTUAL_POS] --(BEFORE)--> [EVENT_BEFORE_N/A_ACTUAL_POS] | [EVENT_BEFORE_N/A_ACTUAL_POS] --(CONTAINS)--> [EVENT_BEFORE_N/A_ACTUAL_POS],"""examen"" --(BEFORE)--> ""examen"" | ""examen"" --(CONTAINS)--> ""caractéristiques"""
189,52,FR100515,[EVENT_BEFORE_N/A_ACTUAL_POS] --(BEFORE)--> [EVENT_BEFORE_N/A_ACTUAL_POS] | [EVENT_BEFORE_N/A_ACTUAL_POS] --(CONTAINS)--> [EVENT_BEFORE_N/A_ACTUAL_POS],"""retenu"" --(BEFORE)--> ""bilan"" | ""bilan"" --(CONTAINS)--> ""échographie"""
189,52,FR100519,[EVENT_BEFORE_N/A_ACTUAL_POS] --(BEFORE)--> [EVENT_BEFORE_N/A_ACTUAL_POS] | [EVENT_BEFORE_N/A_ACTUAL_POS] --(CONTAINS)--> [EVENT_BEFORE_N/A_ACTUAL_POS],"""entrée"" --(BEFORE)--> ""bilan"" | ""bilan"" --(CONTAINS)--> ""radiographie"""
189,52,FR100589,[EVENT_BEFORE_N/A_ACTUAL_POS] --(BEFORE)--> [EVENT_BEFORE_N/A_ACTUAL_POS] | [EVENT_BEFORE_N/A_ACTUAL_POS] --(CONTAINS)--> [EVENT_BEFORE_N/A_ACTUAL_POS],"""demandé"" --(BEFORE)--> ""bilan"" | ""bilan"" --(CONTAINS)--> ""tomodensitométrie"""
189,52,FR100597,[EVENT_BEFORE_N/A_ACTUAL_POS] --(BEFORE)--> [EVENT_BEFORE_N/A_ACTUAL_POS] | [EVENT_BEFORE_N/A_ACTUAL_POS] --(CONTAINS)--> [EVENT_BEFORE_N/A_ACTUAL_POS],"""intervention"" --(BEFORE)--> ""gestes"" | ""gestes"" --(CONTAINS)--> ""annexectomie"""
189,52,FR100611,[EVENT_BEFORE_N/A_ACTUAL_POS] --(BEFORE)--> [EVENT_BEFORE_N/A_ACTUAL_POS] | [EVENT_BEFORE_N/A_ACTUAL_POS] --(CONTAINS)--> [EVENT_BEFORE_N/A_ACTUAL_POS],"""PCR"" --(BEFORE)--> ""TDM"" | ""TDM"" --(CONTAINS)--> ""image"""
189,52,FR100614,[EVENT_BEFORE_N/A_ACTUAL_POS] --(BEFORE)--> [EVENT_BEFORE_N/A_ACTUAL_POS] | [EVENT_BEFORE_N/A_ACTUAL_POS] --(CONTAINS)--> [EVENT_BEFORE_N/A_ACTUAL_POS],"""rupture"" --(BEFORE)--> ""intervention"" | ""intervention"" --(CONTAINS)--> ""éviter"""
189,52,FR100620,[EVENT_BEFORE_N/A_ACTUAL_POS] --(BEFORE)--> [EVENT_BEFORE_N/A_ACTUAL_POS] | [EVENT_BEFORE_N/A_ACTUAL_POS] --(CONTAINS)--> [EVENT_BEFORE_N/A_ACTUAL_POS],"""bilan"" --(BEFORE)--> ""évolution"" | ""évolution"" --(CONTAINS)--> ""récidive"""
189,52,FR100629,[EVENT_BEFORE_N/A_ACTUAL_POS] --(BEFORE)--> [EVENT_BEFORE_N/A_ACTUAL_POS] | [EVENT_BEFORE_N/A_ACTUAL_POS] --(CONTAINS)--> [EVENT_BEFORE_N/A_ACTUAL_POS],"""radiographie"" --(BEFORE)--> ""thoracoscopie"" | ""thoracoscopie"" --(CONTAINS)--> ""biopsie"""
189,52,FR100632,[EVENT_BEFORE_N/A_ACTUAL_POS] --(BEFORE)--> [EVENT_BEFORE_N/A_ACTUAL_POS] | [EVENT_BEFORE_N/A_ACTUAL_POS] --(CONTAINS)--> [EVENT_BEFORE_N/A_ACTUAL_POS],"""bilan"" --(BEFORE)--> ""enquête"" | ""enquête"" --(CONTAINS)--> ""bilan"""
189,52,FR100658,[EVENT_BEFORE_N/A_ACTUAL_POS] --(BEFORE)--> [EVENT_BEFORE_N/A_ACTUAL_POS] | [EVENT_BEFORE_N/A_ACTUAL_POS] --(CONTAINS)--> [EVENT_BEFORE_N/A_ACTUAL_POS],"""auscultation"" --(BEFORE)--> ""examens"" | ""examens"" --(CONTAINS)--> ""numération"""
189,52,FR100663,[EVENT_BEFORE_N/A_ACTUAL_POS] --(BEFORE)--> [EVENT_BEFORE_N/A_ACTUAL_POS] | [EVENT_BEFORE_N/A_ACTUAL_POS] --(CONTAINS)--> [EVENT_BEFORE_N/A_ACTUAL_POS],"""tenté"" --(BEFORE)--> ""bilan"" | ""bilan"" --(CONTAINS)--> ""Taux"""
189,52,FR100666,[EVENT_BEFORE_N/A_ACTUAL_POS] --(BEFORE)--> [EVENT_BEFORE_N/A_ACTUAL_POS] | [EVENT_BEFORE_N/A_ACTUAL_POS] --(CONTAINS)--> [EVENT_BEFORE_N/A_ACTUAL_POS],"""polychimiothérapie"" --(BEFORE)--> ""COPADEM"" | ""COPADEM"" --(CONTAINS)--> ""vincristine"""
189,52,FR100688,[EVENT_BEFORE_N/A_ACTUAL_POS] --(BEFORE)--> [EVENT_BEFORE_N/A_ACTUAL_POS] | [EVENT_BEFORE_N/A_ACTUAL_POS] --(CONTAINS)--> [EVENT_BEFORE_N/A_ACTUAL_POS],"""analyse"" --(BEFORE)--> ""traitement"" | ""traitement"" --(CONTAINS)--> ""phase"""
189,52,FR100689,[EVENT_BEFORE_N/A_ACTUAL_POS] --(BEFORE)--> [EVENT_BEFORE_N/A_ACTUAL_POS] | [EVENT_BEFORE_N/A_ACTUAL_POS] --(CONTAINS)--> [EVENT_BEFORE_N/A_ACTUAL_POS],"""scanner"" --(BEFORE)--> ""IRM"" | ""IRM"" --(CONTAINS)--> ""injection"""
189,52,FR100697,[EVENT_BEFORE_N/A_ACTUAL_POS] --(BEFORE)--> [EVENT_BEFORE_N/A_ACTUAL_POS] | [EVENT_BEFORE_N/A_ACTUAL_POS] --(CONTAINS)--> [EVENT_BEFORE_N/A_ACTUAL_POS],"""tout"" --(BEFORE)--> ""bilan"" | ""bilan"" --(CONTAINS)--> ""biopsie"""
189,52,FR100708,[EVENT_BEFORE_N/A_ACTUAL_POS] --(BEFORE)--> [EVENT_BEFORE_N/A_ACTUAL_POS] | [EVENT_BEFORE_N/A_ACTUAL_POS] --(CONTAINS)--> [EVENT_BEFORE_N/A_ACTUAL_POS],"""échographie"" --(BEFORE)--> ""ponction"" | ""ponction"" --(CONTAINS)--> ""ramenant"""
189,52,FR100717,[EVENT_BEFORE_N/A_ACTUAL_POS] --(BEFORE)--> [EVENT_BEFORE_N/A_ACTUAL_POS] | [EVENT_BEFORE_N/A_ACTUAL_POS] --(CONTAINS)--> [EVENT_BEFORE_N/A_ACTUAL_POS],"""exploration"" --(BEFORE)--> ""suites"" | ""suites"" --(CONTAINS)--> ""régression"""
189,52,FR100748,[EVENT_BEFORE_N/A_ACTUAL_POS] --(BEFORE)--> [EVENT_BEFORE_N/A_ACTUAL_POS] | [EVENT_BEFORE_N/A_ACTUAL_POS] --(CONTAINS)--> [EVENT_BEFORE_N/A_ACTUAL_POS],"""adressée"" --(BEFORE)--> ""hospitalisation"" | ""hospitalisation"" --(CONTAINS)--> ""indication"""
189,52,FR100766,[EVENT_BEFORE_N/A_ACTUAL_POS] --(BEFORE)--> [EVENT_BEFORE_N/A_ACTUAL_POS] | [EVENT_BEFORE_N/A_ACTUAL_POS] --(CONTAINS)--> [EVENT_BEFORE_N/A_ACTUAL_POS],"""retenu"" --(BEFORE)--> ""bénéficié"" | ""bénéficié"" --(CONTAINS)--> ""fixation"""
189,52,FR100780,[EVENT_BEFORE_N/A_ACTUAL_POS] --(BEFORE)--> [EVENT_BEFORE_N/A_ACTUAL_POS] | [EVENT_BEFORE_N/A_ACTUAL_POS] --(CONTAINS)--> [EVENT_BEFORE_N/A_ACTUAL_POS],"""bilan"" --(BEFORE)--> ""séances"" | ""séances"" --(CONTAINS)--> ""circuit"""
189,52,FR100806,[EVENT_BEFORE_N/A_ACTUAL_POS] --(BEFORE)--> [EVENT_BEFORE_N/A_ACTUAL_POS] | [EVENT_BEFORE_N/A_ACTUAL_POS] --(CONTAINS)--> [EVENT_BEFORE_N/A_ACTUAL_POS],"""hospitalisée"" --(BEFORE)--> ""dialyse"" | ""dialyse"" --(CONTAINS)--> ""crise"""
189,52,FR100826,[EVENT_BEFORE_N/A_ACTUAL_POS] --(BEFORE)--> [EVENT_BEFORE_N/A_ACTUAL_POS] | [EVENT_BEFORE_N/A_ACTUAL_POS] --(CONTAINS)--> [EVENT_BEFORE_N/A_ACTUAL_POS],"""exploration"" --(BEFORE)--> ""suites"" | ""suites"" --(CONTAINS)--> ""sortie"""
189,52,FR100845,[EVENT_BEFORE_N/A_ACTUAL_POS] --(BEFORE)--> [EVENT_BEFORE_N/A_ACTUAL_POS] | [EVENT_BEFORE_N/A_ACTUAL_POS] --(CONTAINS)--> [EVENT_BEFORE_N/A_ACTUAL_POS],"""examen"" --(BEFORE)--> ""examinés"" | ""examinés"" --(CONTAINS)--> ""examen"""
189,52,FR100870,[EVENT_BEFORE_N/A_ACTUAL_POS] --(BEFORE)--> [EVENT_BEFORE_N/A_ACTUAL_POS] | [EVENT_BEFORE_N/A_ACTUAL_POS] --(CONTAINS)--> [EVENT_BEFORE_N/A_ACTUAL_POS],"""IRM"" --(BEFORE)--> ""électrophorèse"" | ""électrophorèse"" --(CONTAINS)--> ""découverte"""
189,52,FR100874,[EVENT_BEFORE_N/A_ACTUAL_POS] --(BEFORE)--> [EVENT_BEFORE_N/A_ACTUAL_POS] | [EVENT_BEFORE_N/A_ACTUAL_POS] --(CONTAINS)--> [EVENT_BEFORE_N/A_ACTUAL_POS],"""admission"" --(BEFORE)--> ""examen"" | ""examen"" --(CONTAINS)--> ""constantes"""
189,52,FR100882,[EVENT_BEFORE_N/A_ACTUAL_POS] --(BEFORE)--> [EVENT_BEFORE_N/A_ACTUAL_POS] | [EVENT_BEFORE_N/A_ACTUAL_POS] --(CONTAINS)--> [EVENT_BEFORE_N/A_ACTUAL_POS],"""sclérothérapie"" --(BEFORE)--> ""évolution"" | ""évolution"" --(CONTAINS)--> ""amélioration"""
189,52,FR100883,[EVENT_BEFORE_N/A_ACTUAL_POS] --(BEFORE)--> [EVENT_BEFORE_N/A_ACTUAL_POS] | [EVENT_BEFORE_N/A_ACTUAL_POS] --(CONTAINS)--> [EVENT_BEFORE_N/A_ACTUAL_POS],"""bilan"" --(BEFORE)--> ""reçu"" | ""reçu"" --(CONTAINS)--> ""radiothérapie"""
189,52,FR100894,[EVENT_BEFORE_N/A_ACTUAL_POS] --(BEFORE)--> [EVENT_BEFORE_N/A_ACTUAL_POS] | [EVENT_BEFORE_N/A_ACTUAL_POS] --(CONTAINS)--> [EVENT_BEFORE_N/A_ACTUAL_POS],"""rejoint"" --(BEFORE)--> ""reçu"" | ""reçu"" --(CONTAINS)--> ""plaignait"""
189,52,FR100903,[EVENT_BEFORE_N/A_ACTUAL_POS] --(BEFORE)--> [EVENT_BEFORE_N/A_ACTUAL_POS] | [EVENT_BEFORE_N/A_ACTUAL_POS] --(CONTAINS)--> [EVENT_BEFORE_N/A_ACTUAL_POS],"""écarté"" --(BEFORE)--> ""contrôles"" | ""contrôles"" --(CONTAINS)--> ""biométrie"""
189,52,FR100946,[EVENT_BEFORE_N/A_ACTUAL_POS] --(BEFORE)--> [EVENT_BEFORE_N/A_ACTUAL_POS] | [EVENT_BEFORE_N/A_ACTUAL_POS] --(CONTAINS)--> [EVENT_BEFORE_N/A_ACTUAL_POS],"""examen"" --(BEFORE)--> ""IRM"" | ""IRM"" --(CONTAINS)--> ""prise"""
189,52,FR100960,[EVENT_BEFORE_N/A_ACTUAL_POS] --(BEFORE)--> [EVENT_BEFORE_N/A_ACTUAL_POS] | [EVENT_BEFORE_N/A_ACTUAL_POS] --(CONTAINS)--> [EVENT_BEFORE_N/A_ACTUAL_POS],"""opéré"" --(BEFORE)--> ""consulté"" | ""consulté"" --(CONTAINS)--> ""scanner"""
189,52,FR100998,[EVENT_BEFORE_N/A_ACTUAL_POS] --(BEFORE)--> [EVENT_BEFORE_N/A_ACTUAL_POS] | [EVENT_BEFORE_N/A_ACTUAL_POS] --(CONTAINS)--> [EVENT_BEFORE_N/A_ACTUAL_POS],"""diagnostic"" --(BEFORE)--> ""traitée"" | ""traitée"" --(CONTAINS)--> ""cures"""
97,50,FR100003,[EVENT_BEFORE_N/A_ACTUAL_POS] --(CONTAINS)--> [EVENT_BEFORE_N/A_ACTUAL_POS] | [EVENT_BEFORE_N/A_ACTUAL_POS] --(CONTAINS)--> [EVENT_BEFORE_N/A_ACTUAL_POS],"""foyer"" --(CONTAINS)--> ""abordé"" | ""abordé"" --(CONTAINS)--> ""incision"""
97,50,FR100092,[EVENT_BEFORE_N/A_ACTUAL_POS] --(CONTAINS)--> [EVENT_BEFORE_N/A_ACTUAL_POS] | [EVENT_BEFORE_N/A_ACTUAL_POS] --(CONTAINS)--> [EVENT_BEFORE_N/A_ACTUAL_POS],"""minilaparotomie"" --(CONTAINS)--> ""exploration"" | ""exploration"" --(CONTAINS)--> ""grossesse"""
97,50,FR100120,[EVENT_BEFORE_N/A_ACTUAL_POS] --(CONTAINS)--> [EVENT_BEFORE_N/A_ACTUAL_POS] | [EVENT_BEFORE_N/A_ACTUAL_POS] --(CONTAINS)--> [EVENT_BEFORE_N/A_ACTUAL_POS],"""consultation"" --(CONTAINS)--> ""examen"" | ""examen"" --(CONTAINS)--> ""reste"""
97,50,FR100130,[EVENT_BEFORE_N/A_ACTUAL_POS] --(CONTAINS)--> [EVENT_BEFORE_N/A_ACTUAL_POS] | [EVENT_BEFORE_N/A_ACTUAL_POS] --(CONTAINS)--> [EVENT_BEFORE_N/A_ACTUAL_POS],"""marqueurs"" --(CONTAINS)--> ""bilan"" | ""bilan"" --(CONTAINS)--> ""recherchée"""
97,50,FR100132,[EVENT_BEFORE_N/A_ACTUAL_POS] --(CONTAINS)--> [EVENT_BEFORE_N/A_ACTUAL_POS] | [EVENT_BEFORE_N/A_ACTUAL_POS] --(CONTAINS)--> [EVENT_BEFORE_N/A_ACTUAL_POS],"""baisse"" --(CONTAINS)--> ""consultation"" | ""consultation"" --(CONTAINS)--> ""référée"""
97,50,FR100161,[EVENT_BEFORE_N/A_ACTUAL_POS] --(CONTAINS)--> [EVENT_BEFORE_N/A_ACTUAL_POS] | [EVENT_BEFORE_N/A_ACTUAL_POS] --(CONTAINS)--> [EVENT_BEFORE_N/A_ACTUAL_POS],"""sérologie"" --(CONTAINS)--> ""examens"" | ""examens"" --(CONTAINS)--> ""Fibro"""
97,50,FR100168,[EVENT_BEFORE_N/A_ACTUAL_POS] --(CONTAINS)--> [EVENT_BEFORE_N/A_ACTUAL_POS] | [EVENT_BEFORE_N/A_ACTUAL_POS] --(CONTAINS)--> [EVENT_BEFORE_N/A_ACTUAL_POS],"""prise"" --(CONTAINS)--> ""entretien"" | ""entretien"" --(CONTAINS)--> ""dévoiler"""
97,50,FR100275,[EVENT_BEFORE_N/A_ACTUAL_POS] --(CONTAINS)--> [EVENT_BEFORE_N/A_ACTUAL_POS] | [EVENT_BEFORE_N/A_ACTUAL_POS] --(CONTAINS)--> [EVENT_BEFORE_N/A_ACTUAL_POS],"""poids"" --(CONTAINS)--> ""examen"" | ""examen"" --(CONTAINS)--> ""température"""
97,50,FR100276,[EVENT_BEFORE_N/A_ACTUAL_POS] --(CONTAINS)--> [EVENT_BEFORE_N/A_ACTUAL_POS] | [EVENT_BEFORE_N/A_ACTUAL_POS] --(CONTAINS)--> [EVENT_BEFORE_N/A_ACTUAL_POS],"""bilan"" --(CONTAINS)--> ""bilan"" | ""bilan"" --(CONTAINS)--> ""uricémie"""
97,50,FR100283,[EVENT_BEFORE_N/A_ACTUAL_POS] --(CONTAINS)--> [EVENT_BEFORE_N/A_ACTUAL_POS] | [EVENT_BEFORE_N/A_ACTUAL_POS] --(CONTAINS)--> [EVENT_BEFORE_N/A_ACTUAL_POS],"""diplopie"" --(CONTAINS)--> ""consulté"" | ""consulté"" --(CONTAINS)--> ""bilan"""
97,50,FR100296,[EVENT_BEFORE_N/A_ACTUAL_POS] --(CONTAINS)--> [EVENT_BEFORE_N/A_ACTUAL_POS] | [EVENT_BEFORE_N/A_ACTUAL_POS] --(CONTAINS)--> [EVENT_BEFORE_N/A_ACTUAL_POS],"""émergence"" --(CONTAINS)--> ""fenestration"" | ""fenestration"" --(CONTAINS)--> ""ablation"""
97,50,FR100346,[EVENT_BEFORE_N/A_ACTUAL_POS] --(CONTAINS)--> [EVENT_BEFORE_N/A_ACTUAL_POS] | [EVENT_BEFORE_N/A_ACTUAL_POS] --(CONTAINS)--> [EVENT_BEFORE_N/A_ACTUAL_POS],"""pouls"" --(CONTAINS)--> ""examen"" | ""examen"" --(CONTAINS)--> ""reste"""
97,50,FR100361,[EVENT_BEFORE_N/A_ACTUAL_POS] --(CONTAINS)--> [EVENT_BEFORE_N/A_ACTUAL_POS] | [EVENT_BEFORE_N/A_ACTUAL_POS] --(CONTAINS)--> [EVENT_BEFORE_N/A_ACTUAL_POS],"""GCS"" --(CONTAINS)--> ""examen"" | ""examen"" --(CONTAINS)--> ""mobilisait"""
97,50,FR100371,[EVENT_BEFORE_N/A_ACTUAL_POS] --(CONTAINS)--> [EVENT_BEFORE_N/A_ACTUAL_POS] | [EVENT_BEFORE_N/A_ACTUAL_POS] --(CONTAINS)--> [EVENT_BEFORE_N/A_ACTUAL_POS],"""nombre"" --(CONTAINS)--> ""bilan"" | ""bilan"" --(CONTAINS)--> ""bilan"""
97,50,FR100400,[EVENT_BEFORE_N/A_ACTUAL_POS] --(CONTAINS)--> [EVENT_BEFORE_N/A_ACTUAL_POS] | [EVENT_BEFORE_N/A_ACTUAL_POS] --(CONTAINS)--> [EVENT_BEFORE_N/A_ACTUAL_POS],"""kyste"" --(CONTAINS)--> ""étude"" | ""étude"" --(CONTAINS)--> ""conclu"""
97,50,FR100439,[EVENT_BEFORE_N/A_ACTUAL_POS] --(CONTAINS)--> [EVENT_BEFORE_N/A_ACTUAL_POS] | [EVENT_BEFORE_N/A_ACTUAL_POS] --(CONTAINS)--> [EVENT_BEFORE_N/A_ACTUAL_POS],"""traitement"" --(CONTAINS)--> ""chimiothérapie"" | ""chimiothérapie"" --(CONTAINS)--> ""cures"""
97,50,FR100510,[EVENT_BEFORE_N/A_ACTUAL_POS] --(CONTAINS)--> [EVENT_BEFORE_N/A_ACTUAL_POS] | [EVENT_BEFORE_N/A_ACTUAL_POS] --(CONTAINS)--> [EVENT_BEFORE_N/A_ACTUAL_POS],"""lésion"" --(CONTAINS)--> ""examen"" | ""examen"" --(CONTAINS)--> ""caractéristiques"""
97,50,FR100515,[EVENT_BEFORE_N/A_ACTUAL_POS] --(CONTAINS)--> [EVENT_BEFORE_N/A_ACTUAL_POS] | [EVENT_BEFORE_N/A_ACTUAL_POS] --(CONTAINS)--> [EVENT_BEFORE_N/A_ACTUAL_POS],"""évolution"" --(CONTAINS)--> ""amélioration"" | ""amélioration"" --(CONTAINS)--> ""disparition"""
97,50,FR100519,[EVENT_BEFORE_N/A_ACTUAL_POS] --(CONTAINS)--> [EVENT_BEFORE_N/A_ACTUAL_POS] | [EVENT_BEFORE_N/A_ACTUAL_POS] --(CONTAINS)--> [EVENT_BEFORE_N/A_ACTUAL_POS],"""embolie"" --(CONTAINS)--> ""bilan"" | ""bilan"" --(CONTAINS)--> ""radiographie"""
97,50,FR100589,[EVENT_BEFORE_N/A_ACTUAL_POS] --(CONTAINS)--> [EVENT_BEFORE_N/A_ACTUAL_POS] | [EVENT_BEFORE_N/A_ACTUAL_POS] --(CONTAINS)--> [EVENT_BEFORE_N/A_ACTUAL_POS],"""taux"" --(CONTAINS)--> ""bilan"" | ""bilan"" --(CONTAINS)--> ""tomodensitométrie"""
97,50,FR100611,[EVENT_BEFORE_N/A_ACTUAL_POS] --(CONTAINS)--> [EVENT_BEFORE_N/A_ACTUAL_POS] | [EVENT_BEFORE_N/A_ACTUAL_POS] --(CONTAINS)--> [EVENT_BEFORE_N/A_ACTUAL_POS],"""micronodules"" --(CONTAINS)--> ""TDM"" | ""TDM"" --(CONTAINS)--> ""image"""
97,50,FR100620,[EVENT_BEFORE_N/A_ACTUAL_POS] --(CONTAINS)--> [EVENT_BEFORE_N/A_ACTUAL_POS] | [EVENT_BEFORE_N/A_ACTUAL_POS] --(CONTAINS)--> [EVENT_BEFORE_N/A_ACTUAL_POS],"""aspect"" --(CONTAINS)--> ""bronchoscopie"" | ""bronchoscopie"" --(CONTAINS)--> ""lavage"""
97,50,FR100629,[EVENT_BEFORE_N/A_ACTUAL_POS] --(CONTAINS)--> [EVENT_BEFORE_N/A_ACTUAL_POS] | [EVENT_BEFORE_N/A_ACTUAL_POS] --(CONTAINS)--> [EVENT_BEFORE_N/A_ACTUAL_POS],"""chimiothérapie"" --(CONTAINS)--> ""bithérapie"" | ""bithérapie"" --(CONTAINS)--> ""doxorubicine"""
97,50,FR100632,[EVENT_BEFORE_N/A_ACTUAL_POS] --(CONTAINS)--> [EVENT_BEFORE_N/A_ACTUAL_POS] | [EVENT_BEFORE_N/A_ACTUAL_POS] --(CONTAINS)--> [EVENT_BEFORE_N/A_ACTUAL_POS],"""état"" --(CONTAINS)--> ""examen"" | ""examen"" --(CONTAINS)--> ""constantes"""
97,50,FR100658,[EVENT_BEFORE_N/A_ACTUAL_POS] --(CONTAINS)--> [EVENT_BEFORE_N/A_ACTUAL_POS] | [EVENT_BEFORE_N/A_ACTUAL_POS] --(CONTAINS)--> [EVENT_BEFORE_N/A_ACTUAL_POS],"""anesthésie"" --(CONTAINS)--> ""monitorage"" | ""monitorage"" --(CONTAINS)--> ""surveillance"""
97,50,FR100666,[EVENT_BEFORE_N/A_ACTUAL_POS] --(CONTAINS)--> [EVENT_BEFORE_N/A_ACTUAL_POS] | [EVENT_BEFORE_N/A_ACTUAL_POS] --(CONTAINS)--> [EVENT_BEFORE_N/A_ACTUAL_POS],"""polychimiothérapie"" --(CONTAINS)--> ""COP"" | ""COP"" --(CONTAINS)--> ""vincristine"""
97,50,FR100683,[EVENT_BEFORE_N/A_ACTUAL_POS] --(CONTAINS)--> [EVENT_BEFORE_N/A_ACTUAL_POS] | [EVENT_BEFORE_N/A_ACTUAL_POS] --(CONTAINS)--> [EVENT_BEFORE_N/A_ACTUAL_POS],"""évolution"" --(CONTAINS)--> ""augmentation"" | ""augmentation"" --(CONTAINS)--> ""FSH"""
97,50,FR100688,[EVENT_BEFORE_N/A_ACTUAL_POS] --(CONTAINS)--> [EVENT_BEFORE_N/A_ACTUAL_POS] | [EVENT_BEFORE_N/A_ACTUAL_POS] --(CONTAINS)--> [EVENT_BEFORE_N/A_ACTUAL_POS],"""séquelle"" --(CONTAINS)--> ""évolution"" | ""évolution"" --(CONTAINS)--> ""amélioration"""
97,50,FR100689,[EVENT_BEFORE_N/A_ACTUAL_POS] --(CONTAINS)--> [EVENT_BEFORE_N/A_ACTUAL_POS] | [EVENT_BEFORE_N/A_ACTUAL_POS] --(CONTAINS)--> [EVENT_BEFORE_N/A_ACTUAL_POS],"""rehaussement"" --(CONTAINS)--> ""IRM"" | ""IRM"" --(CONTAINS)--> ""injection"""
97,50,FR100748,[EVENT_BEFORE_N/A_ACTUAL_POS] --(CONTAINS)--> [EVENT_BEFORE_N/A_ACTUAL_POS] | [EVENT_BEFORE_N/A_ACTUAL_POS] --(CONTAINS)--> [EVENT_BEFORE_N/A_ACTUAL_POS],"""état"" --(CONTAINS)--> ""examen"" | ""examen"" --(CONTAINS)--> ""auscultation"""
97,50,FR100766,[EVENT_BEFORE_N/A_ACTUAL_POS] --(CONTAINS)--> [EVENT_BEFORE_N/A_ACTUAL_POS] | [EVENT_BEFORE_N/A_ACTUAL_POS] --(CONTAINS)--> [EVENT_BEFORE_N/A_ACTUAL_POS],"""opéré"" --(CONTAINS)--> ""amputation"" | ""amputation"" --(CONTAINS)--> ""confection"""
97,50,FR100780,[EVENT_BEFORE_N/A_ACTUAL_POS] --(CONTAINS)--> [EVENT_BEFORE_N/A_ACTUAL_POS] | [EVENT_BEFORE_N/A_ACTUAL_POS] --(CONTAINS)--> [EVENT_BEFORE_N/A_ACTUAL_POS],"""poids"" --(CONTAINS)--> ""examen"" | ""examen"" --(CONTAINS)--> ""tension"""
97,50,FR100806,[EVENT_BEFORE_N/A_ACTUAL_POS] --(CONTAINS)--> [EVENT_BEFORE_N/A_ACTUAL_POS] | [EVENT_BEFORE_N/A_ACTUAL_POS] --(CONTAINS)--> [EVENT_BEFORE_N/A_ACTUAL_POS],"""ionogramme"" --(CONTAINS)--> ""biologie"" | ""biologie"" --(CONTAINS)--> ""NFS"""
97,50,FR100814,[EVENT_BEFORE_N/A_ACTUAL_POS] --(CONTAINS)--> [EVENT_BEFORE_N/A_ACTUAL_POS] | [EVENT_BEFORE_N/A_ACTUAL_POS] --(CONTAINS)--> [EVENT_BEFORE_N/A_ACTUAL_POS],"""processus"" --(CONTAINS)--> ""IRM"" | ""IRM"" --(CONTAINS)--> ""hypersignal"""
97,50,FR100845,[EVENT_BEFORE_N/A_ACTUAL_POS] --(CONTAINS)--> [EVENT_BEFORE_N/A_ACTUAL_POS] | [EVENT_BEFORE_N/A_ACTUAL_POS] --(CONTAINS)--> [EVENT_BEFORE_N/A_ACTUAL_POS],"""jumeaux"" --(CONTAINS)--> ""aspect"" | ""aspect"" --(CONTAINS)--> ""échographie"""
97,50,FR100849,[EVENT_BEFORE_N/A_ACTUAL_POS] --(CONTAINS)--> [EVENT_BEFORE_N/A_ACTUAL_POS] | [EVENT_BEFORE_N/A_ACTUAL_POS] --(CONTAINS)--> [EVENT_BEFORE_N/A_ACTUAL_POS],"""défense"" --(CONTAINS)--> ""examen"" | ""examen"" --(CONTAINS)--> ""reste"""
97,50,FR100874,[EVENT_BEFORE_N/A_ACTUAL_POS] --(CONTAINS)--> [EVENT_BEFORE_N/A_ACTUAL_POS] | [EVENT_BEFORE_N/A_ACTUAL_POS] --(CONTAINS)--> [EVENT_BEFORE_N/A_ACTUAL_POS],"""altération"" --(CONTAINS)--> ""examen"" | ""examen"" --(CONTAINS)--> ""constantes"""
97,50,FR100882,[EVENT_BEFORE_N/A_ACTUAL_POS] --(CONTAINS)--> [EVENT_BEFORE_N/A_ACTUAL_POS] | [EVENT_BEFORE_N/A_ACTUAL_POS] --(CONTAINS)--> [EVENT_BEFORE_N/A_ACTUAL_POS],"""troubles"" --(CONTAINS)--> ""miction"" | ""miction"" --(CONTAINS)--> ""régression"""
97,50,FR100903,[EVENT_BEFORE_N/A_ACTUAL_POS] --(CONTAINS)--> [EVENT_BEFORE_N/A_ACTUAL_POS] | [EVENT_BEFORE_N/A_ACTUAL_POS] --(CONTAINS)--> [EVENT_BEFORE_N/A_ACTUAL_POS],"""biométrie"" --(CONTAINS)--> ""échographie"" | ""échographie"" --(CONTAINS)--> ""visualisation"""
97,50,FR100930,[EVENT_BEFORE_N/A_ACTUAL_POS] --(CONTAINS)--> [EVENT_BEFORE_N/A_ACTUAL_POS] | [EVENT_BEFORE_N/A_ACTUAL_POS] --(CONTAINS)--> [EVENT_BEFORE_N/A_ACTUAL_POS],"""admis"" --(CONTAINS)--> ""recours"" | ""recours"" --(CONTAINS)--> ""évolution"""
97,50,FR100944,[EVENT_BEFORE_N/A_ACTUAL_POS] --(CONTAINS)--> [EVENT_BEFORE_N/A_ACTUAL_POS] | [EVENT_BEFORE_N/A_ACTUAL_POS] --(CONTAINS)--> [EVENT_BEFORE_N/A_ACTUAL_POS],"""insuffisance"" --(CONTAINS)--> ""suivi"" | ""suivi"" --(CONTAINS)--> ""échocardiographique"""
97,50,FR100946,[EVENT_BEFORE_N/A_ACTUAL_POS] --(CONTAINS)--> [EVENT_BEFORE_N/A_ACTUAL_POS] | [EVENT_BEFORE_N/A_ACTUAL_POS] --(CONTAINS)--> [EVENT_BEFORE_N/A_ACTUAL_POS],"""lésion"" --(CONTAINS)--> ""IRM"" | ""IRM"" --(CONTAINS)--> ""prise"""
97,50,FR100959,[EVENT_BEFORE_N/A_ACTUAL_POS] --(CONTAINS)--> [EVENT_BEFORE_N/A_ACTUAL_POS] | [EVENT_BEFORE_N/A_ACTUAL_POS] --(CONTAINS)--> [EVENT_BEFORE_N/A_ACTUAL_POS],"""cas"" --(CONTAINS)--> ""orifice"" | ""orifice"" --(CONTAINS)--> ""Transit"""
97,50,FR100960,[EVENT_BEFORE_N/A_ACTUAL_POS] --(CONTAINS)--> [EVENT_BEFORE_N/A_ACTUAL_POS] | [EVENT_BEFORE_N/A_ACTUAL_POS] --(CONTAINS)--> [EVENT_BEFORE_N/A_ACTUAL_POS],"""douleurs"" --(CONTAINS)--> ""consulté"" | ""consulté"" --(CONTAINS)--> ""scanner"""
97,50,FR100994,[EVENT_BEFORE_N/A_ACTUAL_POS] --(CONTAINS)--> [EVENT_BEFORE_N/A_ACTUAL_POS] | [EVENT_BEFORE_N/A_ACTUAL_POS] --(CONTAINS)--> [EVENT_BEFORE_N/A_ACTUAL_POS],"""cancer"" --(CONTAINS)--> ""suivi"" | ""suivi"" --(CONTAINS)--> ""opéré"""
192,50,FR100003,[EVENT_BEFORE_N/A_ACTUAL_POS] --(BEFORE)--> [EVENT_BEFORE_N/A_ACTUAL_POS] | [EVENT_BEFORE_N/A_ACTUAL_POS] --(BEFORE)--> [EVENT_BEFORE_N/A_ACTUAL_POS],"""drainage"" --(BEFORE)--> ""traitement"" | ""drainage"" --(BEFORE)--> ""extraction"""
192,50,FR100120,[EVENT_BEFORE_N/A_ACTUAL_POS] --(BEFORE)--> [EVENT_BEFORE_N/A_ACTUAL_POS] | [EVENT_BEFORE_N/A_ACTUAL_POS] --(BEFORE)--> [EVENT_BEFORE_N/A_ACTUAL_POS],"""traitement"" --(BEFORE)--> ""sailli"" | ""traitement"" --(BEFORE)--> ""retirées"""
192,50,FR100130,[EVENT_BEFORE_N/A_ACTUAL_POS] --(BEFORE)--> [EVENT_BEFORE_N/A_ACTUAL_POS] | [EVENT_BEFORE_N/A_ACTUAL_POS] --(BEFORE)--> [EVENT_BEFORE_N/A_ACTUAL_POS],"""glycémie"" --(BEFORE)--> ""confirmé"" | ""glycémie"" --(BEFORE)--> ""bilan"""
192,50,FR100142,[EVENT_BEFORE_N/A_ACTUAL_POS] --(BEFORE)--> [EVENT_BEFORE_N/A_ACTUAL_POS] | [EVENT_BEFORE_N/A_ACTUAL_POS] --(BEFORE)--> [EVENT_BEFORE_N/A_ACTUAL_POS],"""mis"" --(BEFORE)--> ""évolution"" | ""mis"" --(BEFORE)--> ""bithérapie"""
192,50,FR100161,[EVENT_BEFORE_N/A_ACTUAL_POS] --(BEFORE)--> [EVENT_BEFORE_N/A_ACTUAL_POS] | [EVENT_BEFORE_N/A_ACTUAL_POS] --(BEFORE)--> [EVENT_BEFORE_N/A_ACTUAL_POS],"""cortisol"" --(BEFORE)--> ""dérivés"" | ""cortisol"" --(BEFORE)--> ""cortisol"""
192,50,FR100168,[EVENT_BEFORE_N/A_ACTUAL_POS] --(BEFORE)--> [EVENT_BEFORE_N/A_ACTUAL_POS] | [EVENT_BEFORE_N/A_ACTUAL_POS] --(BEFORE)--> [EVENT_BEFORE_N/A_ACTUAL_POS],"""examen"" --(BEFORE)--> ""bilan"" | ""examen"" --(BEFORE)--> ""intervention"""
192,50,FR100255,[EVENT_BEFORE_N/A_ACTUAL_POS] --(BEFORE)--> [EVENT_BEFORE_N/A_ACTUAL_POS] | [EVENT_BEFORE_N/A_ACTUAL_POS] --(BEFORE)--> [EVENT_BEFORE_N/A_ACTUAL_POS],"""mise"" --(BEFORE)--> ""traitement"" | ""mise"" --(BEFORE)--> ""réveillée"""
192,50,FR100276,[EVENT_BEFORE_N/A_ACTUAL_POS] --(BEFORE)--> [EVENT_BEFORE_N/A_ACTUAL_POS] | [EVENT_BEFORE_N/A_ACTUAL_POS] --(BEFORE)--> [EVENT_BEFORE_N/A_ACTUAL_POS],"""accouchement"" --(BEFORE)--> ""reste"" | ""accouchement"" --(BEFORE)--> ""poids"""
192,50,FR100282,[EVENT_BEFORE_N/A_ACTUAL_POS] --(BEFORE)--> [EVENT_BEFORE_N/A_ACTUAL_POS] | [EVENT_BEFORE_N/A_ACTUAL_POS] --(BEFORE)--> [EVENT_BEFORE_N/A_ACTUAL_POS],"""monothérapie"" --(BEFORE)--> ""consulte"" | ""monothérapie"" --(BEFORE)--> ""multithérapie"""
192,50,FR100283,[EVENT_BEFORE_N/A_ACTUAL_POS] --(BEFORE)--> [EVENT_BEFORE_N/A_ACTUAL_POS] | [EVENT_BEFORE_N/A_ACTUAL_POS] --(BEFORE)--> [EVENT_BEFORE_N/A_ACTUAL_POS],"""bilan"" --(BEFORE)--> ""ponction"" | ""bilan"" --(BEFORE)--> ""IRM"""
192,50,FR100344,[EVENT_BEFORE_N/A_ACTUAL_POS] --(BEFORE)--> [EVENT_BEFORE_N/A_ACTUAL_POS] | [EVENT_BEFORE_N/A_ACTUAL_POS] --(BEFORE)--> [EVENT_BEFORE_N/A_ACTUAL_POS],"""développé"" --(BEFORE)--> ""contrôle"" | ""développé"" --(BEFORE)--> ""suivie"""
192,50,FR100360,[EVENT_BEFORE_N/A_ACTUAL_POS] --(BEFORE)--> [EVENT_BEFORE_N/A_ACTUAL_POS] | [EVENT_BEFORE_N/A_ACTUAL_POS] --(BEFORE)--> [EVENT_BEFORE_N/A_ACTUAL_POS],"""biopsie"" --(BEFORE)--> ""étude"" | ""biopsie"" --(BEFORE)--> ""tomodensitométrie"""
192,50,FR100371,[EVENT_BEFORE_N/A_ACTUAL_POS] --(BEFORE)--> [EVENT_BEFORE_N/A_ACTUAL_POS] | [EVENT_BEFORE_N/A_ACTUAL_POS] --(BEFORE)--> [EVENT_BEFORE_N/A_ACTUAL_POS],"""envoyée"" --(BEFORE)--> ""examen"" | ""envoyée"" --(BEFORE)--> ""résultat"""
192,50,FR100400,[EVENT_BEFORE_N/A_ACTUAL_POS] --(BEFORE)--> [EVENT_BEFORE_N/A_ACTUAL_POS] | [EVENT_BEFORE_N/A_ACTUAL_POS] --(BEFORE)--> [EVENT_BEFORE_N/A_ACTUAL_POS],"""bilan"" --(BEFORE)--> ""sérologie"" | ""bilan"" --(BEFORE)--> ""Radiographie"""
192,50,FR100439,[EVENT_BEFORE_N/A_ACTUAL_POS] --(BEFORE)--> [EVENT_BEFORE_N/A_ACTUAL_POS] | [EVENT_BEFORE_N/A_ACTUAL_POS] --(BEFORE)--> [EVENT_BEFORE_N/A_ACTUAL_POS],"""scanner"" --(BEFORE)--> ""bilan"" | ""scanner"" --(BEFORE)--> ""endoscopie"""
192,50,FR100480,[EVENT_BEFORE_N/A_ACTUAL_POS] --(BEFORE)--> [EVENT_BEFORE_N/A_ACTUAL_POS] | [EVENT_BEFORE_N/A_ACTUAL_POS] --(BEFORE)--> [EVENT_BEFORE_N/A_ACTUAL_POS],"""bilan"" --(BEFORE)--> ""analyse"" | ""bilan"" --(BEFORE)--> ""biopsie"""
192,50,FR100515,[EVENT_BEFORE_N/A_ACTUAL_POS] --(BEFORE)--> [EVENT_BEFORE_N/A_ACTUAL_POS] | [EVENT_BEFORE_N/A_ACTUAL_POS] --(BEFORE)--> [EVENT_BEFORE_N/A_ACTUAL_POS],"""testing"" --(BEFORE)--> ""dosage"" | ""testing"" --(BEFORE)--> ""électromyogramme"""
192,50,FR100519,[EVENT_BEFORE_N/A_ACTUAL_POS] --(BEFORE)--> [EVENT_BEFORE_N/A_ACTUAL_POS] | [EVENT_BEFORE_N/A_ACTUAL_POS] --(BEFORE)--> [EVENT_BEFORE_N/A_ACTUAL_POS],"""hospitalisée"" --(BEFORE)--> ""transférée"" | ""hospitalisée"" --(BEFORE)--> ""entrée"""
192,50,FR100579,[EVENT_BEFORE_N/A_ACTUAL_POS] --(BEFORE)--> [EVENT_BEFORE_N/A_ACTUAL_POS] | [EVENT_BEFORE_N/A_ACTUAL_POS] --(BEFORE)--> [EVENT_BEFORE_N/A_ACTUAL_POS],"""bilan"" --(BEFORE)--> ""étude"" | ""bilan"" --(BEFORE)--> ""recherche"""
192,50,FR100589,[EVENT_BEFORE_N/A_ACTUAL_POS] --(BEFORE)--> [EVENT_BEFORE_N/A_ACTUAL_POS] | [EVENT_BEFORE_N/A_ACTUAL_POS] --(BEFORE)--> [EVENT_BEFORE_N/A_ACTUAL_POS],"""caryotype"" --(BEFORE)--> ""biopsie"" | ""caryotype"" --(BEFORE)--> ""sérologie"""
192,50,FR100597,[EVENT_BEFORE_N/A_ACTUAL_POS] --(BEFORE)--> [EVENT_BEFORE_N/A_ACTUAL_POS] | [EVENT_BEFORE_N/A_ACTUAL_POS] --(BEFORE)--> [EVENT_BEFORE_N/A_ACTUAL_POS],"""fibroscopie"" --(BEFORE)--> ""coloscopie"" | ""fibroscopie"" --(BEFORE)--> ""marqueurs"""
192,50,FR100611,[EVENT_BEFORE_N/A_ACTUAL_POS] --(BEFORE)--> [EVENT_BEFORE_N/A_ACTUAL_POS] | [EVENT_BEFORE_N/A_ACTUAL_POS] --(BEFORE)--> [EVENT_BEFORE_N/A_ACTUAL_POS],"""instauré"" --(BEFORE)--> ""effacement"" | ""instauré"" --(BEFORE)--> ""disparition"""
192,50,FR100614,[EVENT_BEFORE_N/A_ACTUAL_POS] --(BEFORE)--> [EVENT_BEFORE_N/A_ACTUAL_POS] | [EVENT_BEFORE_N/A_ACTUAL_POS] --(BEFORE)--> [EVENT_BEFORE_N/A_ACTUAL_POS],"""radiographie"" --(BEFORE)--> ""échographie"" | ""radiographie"" --(BEFORE)--> ""taux"""
192,50,FR100620,[EVENT_BEFORE_N/A_ACTUAL_POS] --(BEFORE)--> [EVENT_BEFORE_N/A_ACTUAL_POS] | [EVENT_BEFORE_N/A_ACTUAL_POS] --(BEFORE)--> [EVENT_BEFORE_N/A_ACTUAL_POS],"""demandé"" --(BEFORE)--> ""complément"" | ""demandé"" --(BEFORE)--> ""aspect"""
192,50,FR100623,[EVENT_BEFORE_N/A_ACTUAL_POS] --(BEFORE)--> [EVENT_BEFORE_N/A_ACTUAL_POS] | [EVENT_BEFORE_N/A_ACTUAL_POS] --(BEFORE)--> [EVENT_BEFORE_N/A_ACTUAL_POS],"""examen"" --(BEFORE)--> ""bilan"" | ""examen"" --(BEFORE)--> ""échographie"""
192,50,FR100629,[EVENT_BEFORE_N/A_ACTUAL_POS] --(BEFORE)--> [EVENT_BEFORE_N/A_ACTUAL_POS] | [EVENT_BEFORE_N/A_ACTUAL_POS] --(BEFORE)--> [EVENT_BEFORE_N/A_ACTUAL_POS],"""radiographie"" --(BEFORE)--> ""TDM"" | ""radiographie"" --(BEFORE)--> ""thoracoscopie"""
192,50,FR100632,[EVENT_BEFORE_N/A_ACTUAL_POS] --(BEFORE)--> [EVENT_BEFORE_N/A_ACTUAL_POS] | [EVENT_BEFORE_N/A_ACTUAL_POS] --(BEFORE)--> [EVENT_BEFORE_N/A_ACTUAL_POS],"""numération"" --(BEFORE)--> ""bilan"" | ""numération"" --(BEFORE)--> ""vitesse"""
192,50,FR100663,[EVENT_BEFORE_N/A_ACTUAL_POS] --(BEFORE)--> [EVENT_BEFORE_N/A_ACTUAL_POS] | [EVENT_BEFORE_N/A_ACTUAL_POS] --(BEFORE)--> [EVENT_BEFORE_N/A_ACTUAL_POS],"""ligature"" --(BEFORE)--> ""libération"" | ""ligature"" --(BEFORE)--> ""incisée"""
192,50,FR100666,[EVENT_BEFORE_N/A_ACTUAL_POS] --(BEFORE)--> [EVENT_BEFORE_N/A_ACTUAL_POS] | [EVENT_BEFORE_N/A_ACTUAL_POS] --(BEFORE)--> [EVENT_BEFORE_N/A_ACTUAL_POS],"""biopsie"" --(BEFORE)--> ""examen"" | ""biopsie"" --(BEFORE)--> ""étude"""
192,50,FR100683,[EVENT_BEFORE_N/A_ACTUAL_POS] --(BEFORE)--> [EVENT_BEFORE_N/A_ACTUAL_POS] | [EVENT_BEFORE_N/A_ACTUAL_POS] --(BEFORE)--> [EVENT_BEFORE_N/A_ACTUAL_POS],"""osteodensitométrie"" --(BEFORE)--> ""IRM"" | ""osteodensitométrie"" --(BEFORE)--> ""traitée"""
192,50,FR100688,[EVENT_BEFORE_N/A_ACTUAL_POS] --(BEFORE)--> [EVENT_BEFORE_N/A_ACTUAL_POS] | [EVENT_BEFORE_N/A_ACTUAL_POS] --(BEFORE)--> [EVENT_BEFORE_N/A_ACTUAL_POS],"""sérologie"" --(BEFORE)--> ""intradermoréaction"" | ""sérologie"" --(BEFORE)--> ""radiographie"""
192,50,FR100689,[EVENT_BEFORE_N/A_ACTUAL_POS] --(BEFORE)--> [EVENT_BEFORE_N/A_ACTUAL_POS] | [EVENT_BEFORE_N/A_ACTUAL_POS] --(BEFORE)--> [EVENT_BEFORE_N/A_ACTUAL_POS],"""examen"" --(BEFORE)--> ""cultures"" | ""examen"" --(BEFORE)--> ""PCR"""
192,50,FR100697,[EVENT_BEFORE_N/A_ACTUAL_POS] --(BEFORE)--> [EVENT_BEFORE_N/A_ACTUAL_POS] | [EVENT_BEFORE_N/A_ACTUAL_POS] --(BEFORE)--> [EVENT_BEFORE_N/A_ACTUAL_POS],"""examen"" --(BEFORE)--> ""reste"" | ""examen"" --(BEFORE)--> ""mammographie"""
192,50,FR100708,[EVENT_BEFORE_N/A_ACTUAL_POS] --(BEFORE)--> [EVENT_BEFORE_N/A_ACTUAL_POS] | [EVENT_BEFORE_N/A_ACTUAL_POS] --(BEFORE)--> [EVENT_BEFORE_N/A_ACTUAL_POS],"""demandée"" --(BEFORE)--> ""tests"" | ""demandée"" --(BEFORE)--> ""IRM"""
192,50,FR100748,[EVENT_BEFORE_N/A_ACTUAL_POS] --(BEFORE)--> [EVENT_BEFORE_N/A_ACTUAL_POS] | [EVENT_BEFORE_N/A_ACTUAL_POS] --(BEFORE)--> [EVENT_BEFORE_N/A_ACTUAL_POS],"""chiffres"" --(BEFORE)--> ""Nicardipine"" | ""chiffres"" --(BEFORE)--> ""propranolol"""
192,50,FR100766,[EVENT_BEFORE_N/A_ACTUAL_POS] --(BEFORE)--> [EVENT_BEFORE_N/A_ACTUAL_POS] | [EVENT_BEFORE_N/A_ACTUAL_POS] --(BEFORE)--> [EVENT_BEFORE_N/A_ACTUAL_POS],"""amputation"" --(BEFORE)--> ""propre"" | ""amputation"" --(BEFORE)--> ""état"""
192,50,FR100780,[EVENT_BEFORE_N/A_ACTUAL_POS] --(BEFORE)--> [EVENT_BEFORE_N/A_ACTUAL_POS] | [EVENT_BEFORE_N/A_ACTUAL_POS] --(BEFORE)--> [EVENT_BEFORE_N/A_ACTUAL_POS],"""geste"" --(BEFORE)--> ""geste"" | ""geste"" --(BEFORE)--> ""accouchement"""
192,50,FR100806,[EVENT_BEFORE_N/A_ACTUAL_POS] --(BEFORE)--> [EVENT_BEFORE_N/A_ACTUAL_POS] | [EVENT_BEFORE_N/A_ACTUAL_POS] --(BEFORE)--> [EVENT_BEFORE_N/A_ACTUAL_POS],"""hospitalisée"" --(BEFORE)--> ""transfusion"" | ""hospitalisée"" --(BEFORE)--> ""dialyse"""
192,50,FR100826,[EVENT_BEFORE_N/A_ACTUAL_POS] --(BEFORE)--> [EVENT_BEFORE_N/A_ACTUAL_POS] | [EVENT_BEFORE_N/A_ACTUAL_POS] --(BEFORE)--> [EVENT_BEFORE_N/A_ACTUAL_POS],"""admis"" --(BEFORE)--> ""transplantation"" | ""admis"" --(BEFORE)--> ""don"""
192,50,FR100845,[EVENT_BEFORE_N/A_ACTUAL_POS] --(BEFORE)--> [EVENT_BEFORE_N/A_ACTUAL_POS] | [EVENT_BEFORE_N/A_ACTUAL_POS] --(BEFORE)--> [EVENT_BEFORE_N/A_ACTUAL_POS],"""extraction"" --(BEFORE)--> ""Apgar"" | ""extraction"" --(BEFORE)--> ""examen"""
192,50,FR100870,[EVENT_BEFORE_N/A_ACTUAL_POS] --(BEFORE)--> [EVENT_BEFORE_N/A_ACTUAL_POS] | [EVENT_BEFORE_N/A_ACTUAL_POS] --(BEFORE)--> [EVENT_BEFORE_N/A_ACTUAL_POS],"""bilan"" --(BEFORE)--> ""B2"" | ""bilan"" --(BEFORE)--> ""fonction"""
192,50,FR100883,[EVENT_BEFORE_N/A_ACTUAL_POS] --(BEFORE)--> [EVENT_BEFORE_N/A_ACTUAL_POS] | [EVENT_BEFORE_N/A_ACTUAL_POS] --(BEFORE)--> [EVENT_BEFORE_N/A_ACTUAL_POS],"""bilan"" --(BEFORE)--> ""sérologie"" | ""bilan"" --(BEFORE)--> ""reçu"""
192,50,FR100894,[EVENT_BEFORE_N/A_ACTUAL_POS] --(BEFORE)--> [EVENT_BEFORE_N/A_ACTUAL_POS] | [EVENT_BEFORE_N/A_ACTUAL_POS] --(BEFORE)--> [EVENT_BEFORE_N/A_ACTUAL_POS],"""rejoint"" --(BEFORE)--> ""reçu"" | ""rejoint"" --(BEFORE)--> ""trajet"""
192,50,FR100903,[EVENT_BEFORE_N/A_ACTUAL_POS] --(BEFORE)--> [EVENT_BEFORE_N/A_ACTUAL_POS] | [EVENT_BEFORE_N/A_ACTUAL_POS] --(BEFORE)--> [EVENT_BEFORE_N/A_ACTUAL_POS],"""écarté"" --(BEFORE)--> ""contrôles"" | ""écarté"" --(BEFORE)--> ""réfléchir"""
192,50,FR100919,[EVENT_BEFORE_N/A_ACTUAL_POS] --(BEFORE)--> [EVENT_BEFORE_N/A_ACTUAL_POS] | [EVENT_BEFORE_N/A_ACTUAL_POS] --(BEFORE)--> [EVENT_BEFORE_N/A_ACTUAL_POS],"""correction"" --(BEFORE)--> ""normalisation"" | ""correction"" --(BEFORE)--> ""adressée"""
192,50,FR100932,[EVENT_BEFORE_N/A_ACTUAL_POS] --(BEFORE)--> [EVENT_BEFORE_N/A_ACTUAL_POS] | [EVENT_BEFORE_N/A_ACTUAL_POS] --(BEFORE)--> [EVENT_BEFORE_N/A_ACTUAL_POS],"""mise"" --(BEFORE)--> ""installation"" | ""mise"" --(BEFORE)--> ""opérée"""
192,50,FR100946,[EVENT_BEFORE_N/A_ACTUAL_POS] --(BEFORE)--> [EVENT_BEFORE_N/A_ACTUAL_POS] | [EVENT_BEFORE_N/A_ACTUAL_POS] --(BEFORE)--> [EVENT_BEFORE_N/A_ACTUAL_POS],"""mise"" --(BEFORE)--> ""abord"" | ""mise"" --(BEFORE)--> ""exérèse"""
135,49,FR100003,[EVENT_BEFORE_N/A_ACTUAL_POS] --(BEFORE)--> [EVENT_BEFORE_N/A_ACTUAL_POS] | [EVENT_BEFORE_N/A_ACTUAL_POS] --(BEFORE)--> [EVENT_BEFORE_N/A_ACTUAL_POS] | [EVENT_BEFORE_N/A_ACTUAL_POS] --(BEFORE)--> [EVENT_BEFORE_N/A_ACTUAL_POS] | [EVENT_BEFORE_N/A_ACTUAL_POS] --(BEFORE)--> [EVENT_BEFORE_N/A_ACTUAL_POS],"""injection"" --(BEFORE)--> ""ponction"" | ""ponction"" --(BEFORE)--> ""examen"" | ""examen"" --(BEFORE)--> ""examen"" | ""examen"" --(BEFORE)--> ""antibiothérapie"""
135,49,FR100092,[EVENT_BEFORE_N/A_ACTUAL_POS] --(BEFORE)--> [EVENT_BEFORE_N/A_ACTUAL_POS] | [EVENT_BEFORE_N/A_ACTUAL_POS] --(BEFORE)--> [EVENT_BEFORE_N/A_ACTUAL_POS] | [EVENT_BEFORE_N/A_ACTUAL_POS] --(BEFORE)--> [EVENT_BEFORE_N/A_ACTUAL_POS] | [EVENT_BEFORE_N/A_ACTUAL_POS] --(BEFORE)--> [EVENT_BEFORE_N/A_ACTUAL_POS],"""examen"" --(BEFORE)--> ""examen"" | ""examen"" --(BEFORE)--> ""examen"" | ""examen"" --(BEFORE)--> ""échographie"" | ""échographie"" --(BEFORE)--> ""tableau"""
135,49,FR100130,[EVENT_BEFORE_N/A_ACTUAL_POS] --(BEFORE)--> [EVENT_BEFORE_N/A_ACTUAL_POS] | [EVENT_BEFORE_N/A_ACTUAL_POS] --(BEFORE)--> [EVENT_BEFORE_N/A_ACTUAL_POS] | [EVENT_BEFORE_N/A_ACTUAL_POS] --(BEFORE)--> [EVENT_BEFORE_N/A_ACTUAL_POS] | [EVENT_BEFORE_N/A_ACTUAL_POS] --(BEFORE)--> [EVENT_BEFORE_N/A_ACTUAL_POS],"""électromyogramme"" --(BEFORE)--> ""confirmé"" | ""confirmé"" --(BEFORE)--> ""recherche"" | ""recherche"" --(BEFORE)--> ""séjour"" | ""séjour"" --(BEFORE)--> ""bilan"""
135,49,FR100142,[EVENT_BEFORE_N/A_ACTUAL_POS] --(BEFORE)--> [EVENT_BEFORE_N/A_ACTUAL_POS] | [EVENT_BEFORE_N/A_ACTUAL_POS] --(BEFORE)--> [EVENT_BEFORE_N/A_ACTUAL_POS] | [EVENT_BEFORE_N/A_ACTUAL_POS] --(BEFORE)--> [EVENT_BEFORE_N/A_ACTUAL_POS] | [EVENT_BEFORE_N/A_ACTUAL_POS] --(BEFORE)--> [EVENT_BEFORE_N/A_ACTUAL_POS],"""scanner"" --(BEFORE)--> ""fibroscopie"" | ""fibroscopie"" --(BEFORE)--> ""biopsie"" | ""biopsie"" --(BEFORE)--> ""mis"" | ""mis"" --(BEFORE)--> ""évolution"""
135,49,FR100161,[EVENT_BEFORE_N/A_ACTUAL_POS] --(BEFORE)--> [EVENT_BEFORE_N/A_ACTUAL_POS] | [EVENT_BEFORE_N/A_ACTUAL_POS] --(BEFORE)--> [EVENT_BEFORE_N/A_ACTUAL_POS] | [EVENT_BEFORE_N/A_ACTUAL_POS] --(BEFORE)--> [EVENT_BEFORE_N/A_ACTUAL_POS] | [EVENT_BEFORE_N/A_ACTUAL_POS] --(BEFORE)--> [EVENT_BEFORE_N/A_ACTUAL_POS],"""examen"" --(BEFORE)--> ""examens"" | ""examens"" --(BEFORE)--> ""radiographie"" | ""radiographie"" --(BEFORE)--> ""complément"" | ""complément"" --(BEFORE)--> ""cortisol"""
135,49,FR100255,[EVENT_BEFORE_N/A_ACTUAL_POS] --(BEFORE)--> [EVENT_BEFORE_N/A_ACTUAL_POS] | [EVENT_BEFORE_N/A_ACTUAL_POS] --(BEFORE)--> [EVENT_BEFORE_N/A_ACTUAL_POS] | [EVENT_BEFORE_N/A_ACTUAL_POS] --(BEFORE)--> [EVENT_BEFORE_N/A_ACTUAL_POS] | [EVENT_BEFORE_N/A_ACTUAL_POS] --(BEFORE)--> [EVENT_BEFORE_N/A_ACTUAL_POS],"""admise"" --(BEFORE)--> ""examen"" | ""examen"" --(BEFORE)--> ""examen"" | ""examen"" --(BEFORE)--> ""échographie"" | ""échographie"" --(BEFORE)--> ""mise"""
135,49,FR100275,[EVENT_BEFORE_N/A_ACTUAL_POS] --(BEFORE)--> [EVENT_BEFORE_N/A_ACTUAL_POS] | [EVENT_BEFORE_N/A_ACTUAL_POS] --(BEFORE)--> [EVENT_BEFORE_N/A_ACTUAL_POS] | [EVENT_BEFORE_N/A_ACTUAL_POS] --(BEFORE)--> [EVENT_BEFORE_N/A_ACTUAL_POS] | [EVENT_BEFORE_N/A_ACTUAL_POS] --(BEFORE)--> [EVENT_BEFORE_N/A_ACTUAL_POS],"""établi"" --(BEFORE)--> ""manœuvres"" | ""manœuvres"" --(BEFORE)--> ""transféré"" | ""transféré"" --(BEFORE)--> ""anamnèse"" | ""anamnèse"" --(BEFORE)--> ""examen"""
135,49,FR100283,[EVENT_BEFORE_N/A_ACTUAL_POS] --(BEFORE)--> [EVENT_BEFORE_N/A_ACTUAL_POS] | [EVENT_BEFORE_N/A_ACTUAL_POS] --(BEFORE)--> [EVENT_BEFORE_N/A_ACTUAL_POS] | [EVENT_BEFORE_N/A_ACTUAL_POS] --(BEFORE)--> [EVENT_BEFORE_N/A_ACTUAL_POS] | [EVENT_BEFORE_N/A_ACTUAL_POS] --(BEFORE)--> [EVENT_BEFORE_N/A_ACTUAL_POS],"""bilan"" --(BEFORE)--> ""IRM"" | ""IRM"" --(BEFORE)--> ""hypophysiogramme"" | ""hypophysiogramme"" --(BEFORE)--> ""traitement"" | ""traitement"" --(BEFORE)--> ""évolution"""
135,49,FR100314,[EVENT_BEFORE_N/A_ACTUAL_POS] --(BEFORE)--> [EVENT_BEFORE_N/A_ACTUAL_POS] | [EVENT_BEFORE_N/A_ACTUAL_POS] --(BEFORE)--> [EVENT_BEFORE_N/A_ACTUAL_POS] | [EVENT_BEFORE_N/A_ACTUAL_POS] --(BEFORE)--> [EVENT_BEFORE_N/A_ACTUAL_POS] | [EVENT_BEFORE_N/A_ACTUAL_POS] --(BEFORE)--> [EVENT_BEFORE_N/A_ACTUAL_POS],"""bilan"" --(BEFORE)--> ""drainage"" | ""drainage"" --(BEFORE)--> ""angio-scanner"" | ""angio-scanner"" --(BEFORE)--> ""amputation"" | ""amputation"" --(BEFORE)--> ""mise"""
135,49,FR100344,[EVENT_BEFORE_N/A_ACTUAL_POS] --(BEFORE)--> [EVENT_BEFORE_N/A_ACTUAL_POS] | [EVENT_BEFORE_N/A_ACTUAL_POS] --(BEFORE)--> [EVENT_BEFORE_N/A_ACTUAL_POS] | [EVENT_BEFORE_N/A_ACTUAL_POS] --(BEFORE)--> [EVENT_BEFORE_N/A_ACTUAL_POS] | [EVENT_BEFORE_N/A_ACTUAL_POS] --(BEFORE)--> [EVENT_BEFORE_N/A_ACTUAL_POS],"""déroulée"" --(BEFORE)--> ""plainte"" | ""plainte"" --(BEFORE)--> ""examen"" | ""examen"" --(BEFORE)--> ""césarienne"" | ""césarienne"" --(BEFORE)--> ""pesait"""
135,49,FR100346,[EVENT_BEFORE_N/A_ACTUAL_POS] --(BEFORE)--> [EVENT_BEFORE_N/A_ACTUAL_POS] | [EVENT_BEFORE_N/A_ACTUAL_POS] --(BEFORE)--> [EVENT_BEFORE_N/A_ACTUAL_POS] | [EVENT_BEFORE_N/A_ACTUAL_POS] --(BEFORE)--> [EVENT_BEFORE_N/A_ACTUAL_POS] | [EVENT_BEFORE_N/A_ACTUAL_POS] --(BEFORE)--> [EVENT_BEFORE_N/A_ACTUAL_POS],"""examen"" --(BEFORE)--> ""gazométrie"" | ""gazométrie"" --(BEFORE)--> ""reste"" | ""reste"" --(BEFORE)--> ""radiographie"" | ""radiographie"" --(BEFORE)--> ""angioscanner"""
135,49,FR100360,[EVENT_BEFORE_N/A_ACTUAL_POS] --(BEFORE)--> [EVENT_BEFORE_N/A_ACTUAL_POS] | [EVENT_BEFORE_N/A_ACTUAL_POS] --(BEFORE)--> [EVENT_BEFORE_N/A_ACTUAL_POS] | [EVENT_BEFORE_N/A_ACTUAL_POS] --(BEFORE)--> [EVENT_BEFORE_N/A_ACTUAL_POS] | [EVENT_BEFORE_N/A_ACTUAL_POS] --(BEFORE)--> [EVENT_BEFORE_N/A_ACTUAL_POS],"""complément"" --(BEFORE)--> ""biopsie"" | ""biopsie"" --(BEFORE)--> ""tomodensitométrie"" | ""tomodensitométrie"" --(BEFORE)--> ""radiothérapie"" | ""radiothérapie"" --(BEFORE)--> ""cures"""
135,49,FR100361,[EVENT_BEFORE_N/A_ACTUAL_POS] --(BEFORE)--> [EVENT_BEFORE_N/A_ACTUAL_POS] | [EVENT_BEFORE_N/A_ACTUAL_POS] --(BEFORE)--> [EVENT_BEFORE_N/A_ACTUAL_POS] | [EVENT_BEFORE_N/A_ACTUAL_POS] --(BEFORE)--> [EVENT_BEFORE_N/A_ACTUAL_POS] | [EVENT_BEFORE_N/A_ACTUAL_POS] --(BEFORE)--> [EVENT_BEFORE_N/A_ACTUAL_POS],"""examen"" --(BEFORE)--> ""TDM"" | ""TDM"" --(BEFORE)--> ""ponction"" | ""ponction"" --(BEFORE)--> ""examen"" | ""examen"" --(BEFORE)--> ""examen"""
135,49,FR100371,[EVENT_BEFORE_N/A_ACTUAL_POS] --(BEFORE)--> [EVENT_BEFORE_N/A_ACTUAL_POS] | [EVENT_BEFORE_N/A_ACTUAL_POS] --(BEFORE)--> [EVENT_BEFORE_N/A_ACTUAL_POS] | [EVENT_BEFORE_N/A_ACTUAL_POS] --(BEFORE)--> [EVENT_BEFORE_N/A_ACTUAL_POS] | [EVENT_BEFORE_N/A_ACTUAL_POS] --(BEFORE)--> [EVENT_BEFORE_N/A_ACTUAL_POS],"""bilan"" --(BEFORE)--> ""bilan"" | ""bilan"" --(BEFORE)--> ""intervention"" | ""intervention"" --(BEFORE)--> ""sortie"" | ""sortie"" --(BEFORE)--> ""perdue"""
135,49,FR100400,[EVENT_BEFORE_N/A_ACTUAL_POS] --(BEFORE)--> [EVENT_BEFORE_N/A_ACTUAL_POS] | [EVENT_BEFORE_N/A_ACTUAL_POS] --(BEFORE)--> [EVENT_BEFORE_N/A_ACTUAL_POS] | [EVENT_BEFORE_N/A_ACTUAL_POS] --(BEFORE)--> [EVENT_BEFORE_N/A_ACTUAL_POS] | [EVENT_BEFORE_N/A_ACTUAL_POS] --(BEFORE)--> [EVENT_BEFORE_N/A_ACTUAL_POS],"""bilan"" --(BEFORE)--> ""Radiographie"" | ""Radiographie"" --(BEFORE)--> ""échographie"" | ""échographie"" --(BEFORE)--> ""scanner"" | ""scanner"" --(BEFORE)--> ""diagnostic"""
135,49,FR100439,[EVENT_BEFORE_N/A_ACTUAL_POS] --(BEFORE)--> [EVENT_BEFORE_N/A_ACTUAL_POS] | [EVENT_BEFORE_N/A_ACTUAL_POS] --(BEFORE)--> [EVENT_BEFORE_N/A_ACTUAL_POS] | [EVENT_BEFORE_N/A_ACTUAL_POS] --(BEFORE)--> [EVENT_BEFORE_N/A_ACTUAL_POS] | [EVENT_BEFORE_N/A_ACTUAL_POS] --(BEFORE)--> [EVENT_BEFORE_N/A_ACTUAL_POS],"""établie"" --(BEFORE)--> ""demandée"" | ""demandée"" --(BEFORE)--> ""examen"" | ""examen"" --(BEFORE)--> ""classée"" | ""classée"" --(BEFORE)--> ""bénéficier"""
135,49,FR100448,[EVENT_BEFORE_N/A_ACTUAL_POS] --(BEFORE)--> [EVENT_BEFORE_N/A_ACTUAL_POS] | [EVENT_BEFORE_N/A_ACTUAL_POS] --(BEFORE)--> [EVENT_BEFORE_N/A_ACTUAL_POS] | [EVENT_BEFORE_N/A_ACTUAL_POS] --(BEFORE)--> [EVENT_BEFORE_N/A_ACTUAL_POS] | [EVENT_BEFORE_N/A_ACTUAL_POS] --(BEFORE)--> [EVENT_BEFORE_N/A_ACTUAL_POS],"""examen"" --(BEFORE)--> ""échotomographie"" | ""échotomographie"" --(BEFORE)--> ""hémi thyroïdectomie"" | ""hémi thyroïdectomie"" --(BEFORE)--> ""examen"" | ""examen"" --(BEFORE)--> ""histochimie"""
135,49,FR100480,[EVENT_BEFORE_N/A_ACTUAL_POS] --(BEFORE)--> [EVENT_BEFORE_N/A_ACTUAL_POS] | [EVENT_BEFORE_N/A_ACTUAL_POS] --(BEFORE)--> [EVENT_BEFORE_N/A_ACTUAL_POS] | [EVENT_BEFORE_N/A_ACTUAL_POS] --(BEFORE)--> [EVENT_BEFORE_N/A_ACTUAL_POS] | [EVENT_BEFORE_N/A_ACTUAL_POS] --(BEFORE)--> [EVENT_BEFORE_N/A_ACTUAL_POS],"""bilan"" --(BEFORE)--> ""analyse"" | ""analyse"" --(BEFORE)--> ""amputation"" | ""amputation"" --(BEFORE)--> ""examen"" | ""examen"" --(BEFORE)--> ""bilan"""
135,49,FR100515,[EVENT_BEFORE_N/A_ACTUAL_POS] --(BEFORE)--> [EVENT_BEFORE_N/A_ACTUAL_POS] | [EVENT_BEFORE_N/A_ACTUAL_POS] --(BEFORE)--> [EVENT_BEFORE_N/A_ACTUAL_POS] | [EVENT_BEFORE_N/A_ACTUAL_POS] --(BEFORE)--> [EVENT_BEFORE_N/A_ACTUAL_POS] | [EVENT_BEFORE_N/A_ACTUAL_POS] --(BEFORE)--> [EVENT_BEFORE_N/A_ACTUAL_POS],"""retenu"" --(BEFORE)--> ""bilan"" | ""bilan"" --(BEFORE)--> ""bilan"" | ""bilan"" --(BEFORE)--> ""prescrits"" | ""prescrits"" --(BEFORE)--> ""corticothérapie"""
135,49,FR100517,[EVENT_BEFORE_N/A_ACTUAL_POS] --(BEFORE)--> [EVENT_BEFORE_N/A_ACTUAL_POS] | [EVENT_BEFORE_N/A_ACTUAL_POS] --(BEFORE)--> [EVENT_BEFORE_N/A_ACTUAL_POS] | [EVENT_BEFORE_N/A_ACTUAL_POS] --(BEFORE)--> [EVENT_BEFORE_N/A_ACTUAL_POS] | [EVENT_BEFORE_N/A_ACTUAL_POS] --(BEFORE)--> [EVENT_BEFORE_N/A_ACTUAL_POS],"""électromyogramme"" --(BEFORE)--> ""bilan"" | ""bilan"" --(BEFORE)--> ""explorations"" | ""explorations"" --(BEFORE)--> ""porté"" | ""porté"" --(BEFORE)--> ""échographie"""
135,49,FR100519,[EVENT_BEFORE_N/A_ACTUAL_POS] --(BEFORE)--> [EVENT_BEFORE_N/A_ACTUAL_POS] | [EVENT_BEFORE_N/A_ACTUAL_POS] --(BEFORE)--> [EVENT_BEFORE_N/A_ACTUAL_POS] | [EVENT_BEFORE_N/A_ACTUAL_POS] --(BEFORE)--> [EVENT_BEFORE_N/A_ACTUAL_POS] | [EVENT_BEFORE_N/A_ACTUAL_POS] --(BEFORE)--> [EVENT_BEFORE_N/A_ACTUAL_POS],"""entrée"" --(BEFORE)--> ""bilan"" | ""bilan"" --(BEFORE)--> ""angioscanner"" | ""angioscanner"" --(BEFORE)--> ""échodoppler"" | ""échodoppler"" --(BEFORE)--> ""retenue"""
135,49,FR100589,[EVENT_BEFORE_N/A_ACTUAL_POS] --(BEFORE)--> [EVENT_BEFORE_N/A_ACTUAL_POS] | [EVENT_BEFORE_N/A_ACTUAL_POS] --(BEFORE)--> [EVENT_BEFORE_N/A_ACTUAL_POS] | [EVENT_BEFORE_N/A_ACTUAL_POS] --(BEFORE)--> [EVENT_BEFORE_N/A_ACTUAL_POS] | [EVENT_BEFORE_N/A_ACTUAL_POS] --(BEFORE)--> [EVENT_BEFORE_N/A_ACTUAL_POS],"""lavage"" --(BEFORE)--> ""biopsies"" | ""biopsies"" --(BEFORE)--> ""exploration"" | ""exploration"" --(BEFORE)--> ""hémogramme"" | ""hémogramme"" --(BEFORE)--> ""Cytométrie"""
135,49,FR100597,[EVENT_BEFORE_N/A_ACTUAL_POS] --(BEFORE)--> [EVENT_BEFORE_N/A_ACTUAL_POS] | [EVENT_BEFORE_N/A_ACTUAL_POS] --(BEFORE)--> [EVENT_BEFORE_N/A_ACTUAL_POS] | [EVENT_BEFORE_N/A_ACTUAL_POS] --(BEFORE)--> [EVENT_BEFORE_N/A_ACTUAL_POS] | [EVENT_BEFORE_N/A_ACTUAL_POS] --(BEFORE)--> [EVENT_BEFORE_N/A_ACTUAL_POS],"""fibroscopie"" --(BEFORE)--> ""marqueurs"" | ""marqueurs"" --(BEFORE)--> ""décidée"" | ""décidée"" --(BEFORE)--> ""intervention"" | ""intervention"" --(BEFORE)--> ""décédée"""
135,49,FR100611,[EVENT_BEFORE_N/A_ACTUAL_POS] --(BEFORE)--> [EVENT_BEFORE_N/A_ACTUAL_POS] | [EVENT_BEFORE_N/A_ACTUAL_POS] --(BEFORE)--> [EVENT_BEFORE_N/A_ACTUAL_POS] | [EVENT_BEFORE_N/A_ACTUAL_POS] --(BEFORE)--> [EVENT_BEFORE_N/A_ACTUAL_POS] | [EVENT_BEFORE_N/A_ACTUAL_POS] --(BEFORE)--> [EVENT_BEFORE_N/A_ACTUAL_POS],"""IRM"" --(BEFORE)--> ""étude"" | ""étude"" --(BEFORE)--> ""examen"" | ""examen"" --(BEFORE)--> ""PCR"" | ""PCR"" --(BEFORE)--> ""TDM"""
135,49,FR100614,[EVENT_BEFORE_N/A_ACTUAL_POS] --(BEFORE)--> [EVENT_BEFORE_N/A_ACTUAL_POS] | [EVENT_BEFORE_N/A_ACTUAL_POS] --(BEFORE)--> [EVENT_BEFORE_N/A_ACTUAL_POS] | [EVENT_BEFORE_N/A_ACTUAL_POS] --(BEFORE)--> [EVENT_BEFORE_N/A_ACTUAL_POS] | [EVENT_BEFORE_N/A_ACTUAL_POS] --(BEFORE)--> [EVENT_BEFORE_N/A_ACTUAL_POS],"""examen"" --(BEFORE)--> ""échographique"" | ""échographique"" --(BEFORE)--> ""tomodensitométrie"" | ""tomodensitométrie"" --(BEFORE)--> ""radiographie"" | ""radiographie"" --(BEFORE)--> ""échographie"""
135,49,FR100620,[EVENT_BEFORE_N/A_ACTUAL_POS] --(BEFORE)--> [EVENT_BEFORE_N/A_ACTUAL_POS] | [EVENT_BEFORE_N/A_ACTUAL_POS] --(BEFORE)--> [EVENT_BEFORE_N/A_ACTUAL_POS] | [EVENT_BEFORE_N/A_ACTUAL_POS] --(BEFORE)--> [EVENT_BEFORE_N/A_ACTUAL_POS] | [EVENT_BEFORE_N/A_ACTUAL_POS] --(BEFORE)--> [EVENT_BEFORE_N/A_ACTUAL_POS],"""radiographie"" --(BEFORE)--> ""demandé"" | ""demandé"" --(BEFORE)--> ""aspect"" | ""aspect"" --(BEFORE)--> ""bronchoscopie"" | ""bronchoscopie"" --(BEFORE)--> ""bilan"""
135,49,FR100623,[EVENT_BEFORE_N/A_ACTUAL_POS] --(BEFORE)--> [EVENT_BEFORE_N/A_ACTUAL_POS] | [EVENT_BEFORE_N/A_ACTUAL_POS] --(BEFORE)--> [EVENT_BEFORE_N/A_ACTUAL_POS] | [EVENT_BEFORE_N/A_ACTUAL_POS] --(BEFORE)--> [EVENT_BEFORE_N/A_ACTUAL_POS] | [EVENT_BEFORE_N/A_ACTUAL_POS] --(BEFORE)--> [EVENT_BEFORE_N/A_ACTUAL_POS],"""examen"" --(BEFORE)--> ""échographie"" | ""échographie"" --(BEFORE)--> ""tomodensitométrie"" | ""tomodensitométrie"" --(BEFORE)--> ""retenu"" | ""retenu"" --(BEFORE)--> ""prise"""
135,49,FR100629,[EVENT_BEFORE_N/A_ACTUAL_POS] --(BEFORE)--> [EVENT_BEFORE_N/A_ACTUAL_POS] | [EVENT_BEFORE_N/A_ACTUAL_POS] --(BEFORE)--> [EVENT_BEFORE_N/A_ACTUAL_POS] | [EVENT_BEFORE_N/A_ACTUAL_POS] --(BEFORE)--> [EVENT_BEFORE_N/A_ACTUAL_POS] | [EVENT_BEFORE_N/A_ACTUAL_POS] --(BEFORE)--> [EVENT_BEFORE_N/A_ACTUAL_POS],"""radiographie"" --(BEFORE)--> ""thoracoscopie"" | ""thoracoscopie"" --(BEFORE)--> ""marquage"" | ""marquage"" --(BEFORE)--> ""bilan"" | ""bilan"" --(BEFORE)--> ""décision"""
135,49,FR100632,[EVENT_BEFORE_N/A_ACTUAL_POS] --(BEFORE)--> [EVENT_BEFORE_N/A_ACTUAL_POS] | [EVENT_BEFORE_N/A_ACTUAL_POS] --(BEFORE)--> [EVENT_BEFORE_N/A_ACTUAL_POS] | [EVENT_BEFORE_N/A_ACTUAL_POS] --(BEFORE)--> [EVENT_BEFORE_N/A_ACTUAL_POS] | [EVENT_BEFORE_N/A_ACTUAL_POS] --(BEFORE)--> [EVENT_BEFORE_N/A_ACTUAL_POS],"""numération"" --(BEFORE)--> ""bilan"" | ""bilan"" --(BEFORE)--> ""enquête"" | ""enquête"" --(BEFORE)--> ""étude"" | ""étude"" --(BEFORE)--> ""radiographie"""
135,49,FR100663,[EVENT_BEFORE_N/A_ACTUAL_POS] --(BEFORE)--> [EVENT_BEFORE_N/A_ACTUAL_POS] | [EVENT_BEFORE_N/A_ACTUAL_POS] --(BEFORE)--> [EVENT_BEFORE_N/A_ACTUAL_POS] | [EVENT_BEFORE_N/A_ACTUAL_POS] --(BEFORE)--> [EVENT_BEFORE_N/A_ACTUAL_POS] | [EVENT_BEFORE_N/A_ACTUAL_POS] --(BEFORE)--> [EVENT_BEFORE_N/A_ACTUAL_POS],"""ligature"" --(BEFORE)--> ""incisée"" | ""incisée"" --(BEFORE)--> ""vérifié"" | ""vérifié"" --(BEFORE)--> ""reprise"" | ""reprise"" --(BEFORE)--> ""fermé"""
135,49,FR100666,[EVENT_BEFORE_N/A_ACTUAL_POS] --(BEFORE)--> [EVENT_BEFORE_N/A_ACTUAL_POS] | [EVENT_BEFORE_N/A_ACTUAL_POS] --(BEFORE)--> [EVENT_BEFORE_N/A_ACTUAL_POS] | [EVENT_BEFORE_N/A_ACTUAL_POS] --(BEFORE)--> [EVENT_BEFORE_N/A_ACTUAL_POS] | [EVENT_BEFORE_N/A_ACTUAL_POS] --(BEFORE)--> [EVENT_BEFORE_N/A_ACTUAL_POS],"""bilan"" --(BEFORE)--> ""myologramme"" | ""myologramme"" --(BEFORE)--> ""bilan"" | ""bilan"" --(BEFORE)--> ""classé"" | ""classé"" --(BEFORE)--> ""traitement"""
135,49,FR100683,[EVENT_BEFORE_N/A_ACTUAL_POS] --(BEFORE)--> [EVENT_BEFORE_N/A_ACTUAL_POS] | [EVENT_BEFORE_N/A_ACTUAL_POS] --(BEFORE)--> [EVENT_BEFORE_N/A_ACTUAL_POS] | [EVENT_BEFORE_N/A_ACTUAL_POS] --(BEFORE)--> [EVENT_BEFORE_N/A_ACTUAL_POS] | [EVENT_BEFORE_N/A_ACTUAL_POS] --(BEFORE)--> [EVENT_BEFORE_N/A_ACTUAL_POS],"""examen"" --(BEFORE)--> ""exploration"" | ""exploration"" --(BEFORE)--> ""exploration"" | ""exploration"" --(BEFORE)--> ""IRM"" | ""IRM"" --(BEFORE)--> ""écho-mammographie"""
135,49,FR100688,[EVENT_BEFORE_N/A_ACTUAL_POS] --(BEFORE)--> [EVENT_BEFORE_N/A_ACTUAL_POS] | [EVENT_BEFORE_N/A_ACTUAL_POS] --(BEFORE)--> [EVENT_BEFORE_N/A_ACTUAL_POS] | [EVENT_BEFORE_N/A_ACTUAL_POS] --(BEFORE)--> [EVENT_BEFORE_N/A_ACTUAL_POS] | [EVENT_BEFORE_N/A_ACTUAL_POS] --(BEFORE)--> [EVENT_BEFORE_N/A_ACTUAL_POS],"""examen"" --(BEFORE)--> ""examen"" | ""examen"" --(BEFORE)--> ""sérologie"" | ""sérologie"" --(BEFORE)--> ""radiographie"" | ""radiographie"" --(BEFORE)--> ""échographie"""
135,49,FR100689,[EVENT_BEFORE_N/A_ACTUAL_POS] --(BEFORE)--> [EVENT_BEFORE_N/A_ACTUAL_POS] | [EVENT_BEFORE_N/A_ACTUAL_POS] --(BEFORE)--> [EVENT_BEFORE_N/A_ACTUAL_POS] | [EVENT_BEFORE_N/A_ACTUAL_POS] --(BEFORE)--> [EVENT_BEFORE_N/A_ACTUAL_POS] | [EVENT_BEFORE_N/A_ACTUAL_POS] --(BEFORE)--> [EVENT_BEFORE_N/A_ACTUAL_POS],"""hémogramme"" --(BEFORE)--> ""ionogramme"" | ""ionogramme"" --(BEFORE)--> ""examen"" | ""examen"" --(BEFORE)--> ""retenu"" | ""retenu"" --(BEFORE)--> ""évolution"""
135,49,FR100697,[EVENT_BEFORE_N/A_ACTUAL_POS] --(BEFORE)--> [EVENT_BEFORE_N/A_ACTUAL_POS] | [EVENT_BEFORE_N/A_ACTUAL_POS] --(BEFORE)--> [EVENT_BEFORE_N/A_ACTUAL_POS] | [EVENT_BEFORE_N/A_ACTUAL_POS] --(BEFORE)--> [EVENT_BEFORE_N/A_ACTUAL_POS] | [EVENT_BEFORE_N/A_ACTUAL_POS] --(BEFORE)--> [EVENT_BEFORE_N/A_ACTUAL_POS],"""palpation"" --(BEFORE)--> ""examen"" | ""examen"" --(BEFORE)--> ""mammographie"" | ""mammographie"" --(BEFORE)--> ""échographie"" | ""échographie"" --(BEFORE)--> ""examen"""
135,49,FR100708,[EVENT_BEFORE_N/A_ACTUAL_POS] --(BEFORE)--> [EVENT_BEFORE_N/A_ACTUAL_POS] | [EVENT_BEFORE_N/A_ACTUAL_POS] --(BEFORE)--> [EVENT_BEFORE_N/A_ACTUAL_POS] | [EVENT_BEFORE_N/A_ACTUAL_POS] --(BEFORE)--> [EVENT_BEFORE_N/A_ACTUAL_POS] | [EVENT_BEFORE_N/A_ACTUAL_POS] --(BEFORE)--> [EVENT_BEFORE_N/A_ACTUAL_POS],"""examen"" --(BEFORE)--> ""mammographie"" | ""mammographie"" --(BEFORE)--> ""échographie"" | ""échographie"" --(BEFORE)--> ""ponction"" | ""ponction"" --(BEFORE)--> ""étude"""
135,49,FR100717,[EVENT_BEFORE_N/A_ACTUAL_POS] --(BEFORE)--> [EVENT_BEFORE_N/A_ACTUAL_POS] | [EVENT_BEFORE_N/A_ACTUAL_POS] --(BEFORE)--> [EVENT_BEFORE_N/A_ACTUAL_POS] | [EVENT_BEFORE_N/A_ACTUAL_POS] --(BEFORE)--> [EVENT_BEFORE_N/A_ACTUAL_POS] | [EVENT_BEFORE_N/A_ACTUAL_POS] --(BEFORE)--> [EVENT_BEFORE_N/A_ACTUAL_POS],"""consulté"" --(BEFORE)--> ""traitement"" | ""traitement"" --(BEFORE)--> ""examen"" | ""examen"" --(BEFORE)--> ""examens"" | ""examens"" --(BEFORE)--> ""scanner"""
135,49,FR100748,[EVENT_BEFORE_N/A_ACTUAL_POS] --(BEFORE)--> [EVENT_BEFORE_N/A_ACTUAL_POS] | [EVENT_BEFORE_N/A_ACTUAL_POS] --(BEFORE)--> [EVENT_BEFORE_N/A_ACTUAL_POS] | [EVENT_BEFORE_N/A_ACTUAL_POS] --(BEFORE)--> [EVENT_BEFORE_N/A_ACTUAL_POS] | [EVENT_BEFORE_N/A_ACTUAL_POS] --(BEFORE)--> [EVENT_BEFORE_N/A_ACTUAL_POS],"""mobilisation"" --(BEFORE)--> ""suites"" | ""suites"" --(BEFORE)--> ""transférée"" | ""transférée"" --(BEFORE)--> ""regagné"" | ""regagné"" --(BEFORE)--> ""recul"""
135,49,FR100806,[EVENT_BEFORE_N/A_ACTUAL_POS] --(BEFORE)--> [EVENT_BEFORE_N/A_ACTUAL_POS] | [EVENT_BEFORE_N/A_ACTUAL_POS] --(BEFORE)--> [EVENT_BEFORE_N/A_ACTUAL_POS] | [EVENT_BEFORE_N/A_ACTUAL_POS] --(BEFORE)--> [EVENT_BEFORE_N/A_ACTUAL_POS] | [EVENT_BEFORE_N/A_ACTUAL_POS] --(BEFORE)--> [EVENT_BEFORE_N/A_ACTUAL_POS],"""prise"" --(BEFORE)--> ""référée"" | ""référée"" --(BEFORE)--> ""examen"" | ""examen"" --(BEFORE)--> ""biologie"" | ""biologie"" --(BEFORE)--> ""hospitalisée"""
135,49,FR100826,[EVENT_BEFORE_N/A_ACTUAL_POS] --(BEFORE)--> [EVENT_BEFORE_N/A_ACTUAL_POS] | [EVENT_BEFORE_N/A_ACTUAL_POS] --(BEFORE)--> [EVENT_BEFORE_N/A_ACTUAL_POS] | [EVENT_BEFORE_N/A_ACTUAL_POS] --(BEFORE)--> [EVENT_BEFORE_N/A_ACTUAL_POS] | [EVENT_BEFORE_N/A_ACTUAL_POS] --(BEFORE)--> [EVENT_BEFORE_N/A_ACTUAL_POS],"""examen"" --(BEFORE)--> ""bilan"" | ""bilan"" --(BEFORE)--> ""bilan"" | ""bilan"" --(BEFORE)--> ""retenue"" | ""retenue"" --(BEFORE)--> ""exploration"""
135,49,FR100845,[EVENT_BEFORE_N/A_ACTUAL_POS] --(BEFORE)--> [EVENT_BEFORE_N/A_ACTUAL_POS] | [EVENT_BEFORE_N/A_ACTUAL_POS] --(BEFORE)--> [EVENT_BEFORE_N/A_ACTUAL_POS] | [EVENT_BEFORE_N/A_ACTUAL_POS] --(BEFORE)--> [EVENT_BEFORE_N/A_ACTUAL_POS] | [EVENT_BEFORE_N/A_ACTUAL_POS] --(BEFORE)--> [EVENT_BEFORE_N/A_ACTUAL_POS],"""extraction"" --(BEFORE)--> ""examen"" | ""examen"" --(BEFORE)--> ""examinés"" | ""examinés"" --(BEFORE)--> ""détresse"" | ""détresse"" --(BEFORE)--> ""intubée"""
135,49,FR100870,[EVENT_BEFORE_N/A_ACTUAL_POS] --(BEFORE)--> [EVENT_BEFORE_N/A_ACTUAL_POS] | [EVENT_BEFORE_N/A_ACTUAL_POS] --(BEFORE)--> [EVENT_BEFORE_N/A_ACTUAL_POS] | [EVENT_BEFORE_N/A_ACTUAL_POS] --(BEFORE)--> [EVENT_BEFORE_N/A_ACTUAL_POS] | [EVENT_BEFORE_N/A_ACTUAL_POS] --(BEFORE)--> [EVENT_BEFORE_N/A_ACTUAL_POS],"""hémogramme"" --(BEFORE)--> ""bilan"" | ""bilan"" --(BEFORE)--> ""IRM"" | ""IRM"" --(BEFORE)--> ""électrophorèse"" | ""électrophorèse"" --(BEFORE)--> ""immunosoustraction"""
135,49,FR100874,[EVENT_BEFORE_N/A_ACTUAL_POS] --(BEFORE)--> [EVENT_BEFORE_N/A_ACTUAL_POS] | [EVENT_BEFORE_N/A_ACTUAL_POS] --(BEFORE)--> [EVENT_BEFORE_N/A_ACTUAL_POS] | [EVENT_BEFORE_N/A_ACTUAL_POS] --(BEFORE)--> [EVENT_BEFORE_N/A_ACTUAL_POS] | [EVENT_BEFORE_N/A_ACTUAL_POS] --(BEFORE)--> [EVENT_BEFORE_N/A_ACTUAL_POS],"""hémogramme"" --(BEFORE)--> ""fibroscopie"" | ""fibroscopie"" --(BEFORE)--> ""transit"" | ""transit"" --(BEFORE)--> ""tomodensitométrie"" | ""tomodensitométrie"" --(BEFORE)--> ""retenu"""
135,49,FR100894,[EVENT_BEFORE_N/A_ACTUAL_POS] --(BEFORE)--> [EVENT_BEFORE_N/A_ACTUAL_POS] | [EVENT_BEFORE_N/A_ACTUAL_POS] --(BEFORE)--> [EVENT_BEFORE_N/A_ACTUAL_POS] | [EVENT_BEFORE_N/A_ACTUAL_POS] --(BEFORE)--> [EVENT_BEFORE_N/A_ACTUAL_POS] | [EVENT_BEFORE_N/A_ACTUAL_POS] --(BEFORE)--> [EVENT_BEFORE_N/A_ACTUAL_POS],"""appuyés"" --(BEFORE)--> ""diagnostic"" | ""diagnostic"" --(BEFORE)--> ""pris"" | ""pris"" --(BEFORE)--> ""incision"" | ""incision"" --(BEFORE)--> ""immobilisé"""
135,49,FR100903,[EVENT_BEFORE_N/A_ACTUAL_POS] --(BEFORE)--> [EVENT_BEFORE_N/A_ACTUAL_POS] | [EVENT_BEFORE_N/A_ACTUAL_POS] --(BEFORE)--> [EVENT_BEFORE_N/A_ACTUAL_POS] | [EVENT_BEFORE_N/A_ACTUAL_POS] --(BEFORE)--> [EVENT_BEFORE_N/A_ACTUAL_POS] | [EVENT_BEFORE_N/A_ACTUAL_POS] --(BEFORE)--> [EVENT_BEFORE_N/A_ACTUAL_POS],"""écarté"" --(BEFORE)--> ""contrôles"" | ""contrôles"" --(BEFORE)--> ""accouchement"" | ""accouchement"" --(BEFORE)--> ""décédé"" | ""décédé"" --(BEFORE)--> ""caryotype"""
135,49,FR100946,[EVENT_BEFORE_N/A_ACTUAL_POS] --(BEFORE)--> [EVENT_BEFORE_N/A_ACTUAL_POS] | [EVENT_BEFORE_N/A_ACTUAL_POS] --(BEFORE)--> [EVENT_BEFORE_N/A_ACTUAL_POS] | [EVENT_BEFORE_N/A_ACTUAL_POS] --(BEFORE)--> [EVENT_BEFORE_N/A_ACTUAL_POS] | [EVENT_BEFORE_N/A_ACTUAL_POS] --(BEFORE)--> [EVENT_BEFORE_N/A_ACTUAL_POS],"""examen"" --(BEFORE)--> ""IRM"" | ""IRM"" --(BEFORE)--> ""analyse"" | ""analyse"" --(BEFORE)--> ""mise"" | ""mise"" --(BEFORE)--> ""exérèse"""
135,49,FR100996,[EVENT_BEFORE_N/A_ACTUAL_POS] --(BEFORE)--> [EVENT_BEFORE_N/A_ACTUAL_POS] | [EVENT_BEFORE_N/A_ACTUAL_POS] --(BEFORE)--> [EVENT_BEFORE_N/A_ACTUAL_POS] | [EVENT_BEFORE_N/A_ACTUAL_POS] --(BEFORE)--> [EVENT_BEFORE_N/A_ACTUAL_POS] | [EVENT_BEFORE_N/A_ACTUAL_POS] --(BEFORE)--> [EVENT_BEFORE_N/A_ACTUAL_POS],"""consulté"" --(BEFORE)--> ""examen"" | ""examen"" --(BEFORE)--> ""tomodensitométrie"" | ""tomodensitométrie"" --(BEFORE)--> ""injection"" | ""injection"" --(BEFORE)--> ""retenu"""
196,47,FR100003,[EVENT_BEFORE_N/A_ACTUAL_POS] --(BEFORE)--> [EVENT_BEFORE_N/A_ACTUAL_POS] | [EVENT_BEFORE_N/A_ACTUAL_POS] --(OVERLAP)--> [EVENT_BEFORE_N/A_ACTUAL_POS],"""drainage"" --(BEFORE)--> ""traitement"" | ""traitement"" --(OVERLAP)--> ""culture"""
196,47,FR100078,[EVENT_BEFORE_N/A_ACTUAL_POS] --(BEFORE)--> [EVENT_BEFORE_N/A_ACTUAL_POS] | [EVENT_BEFORE_N/A_ACTUAL_POS] --(OVERLAP)--> [EVENT_BEFORE_N/A_ACTUAL_POS],"""doppler"" --(BEFORE)--> ""doppler"" | ""doppler"" --(OVERLAP)--> ""indice"""
196,47,FR100120,[EVENT_BEFORE_N/A_ACTUAL_POS] --(BEFORE)--> [EVENT_BEFORE_N/A_ACTUAL_POS] | [EVENT_BEFORE_N/A_ACTUAL_POS] --(OVERLAP)--> [EVENT_BEFORE_N/A_ACTUAL_POS],"""retirées"" --(BEFORE)--> ""conclure"" | ""conclure"" --(OVERLAP)--> ""identifiées"""
196,47,FR100130,[EVENT_BEFORE_N/A_ACTUAL_POS] --(BEFORE)--> [EVENT_BEFORE_N/A_ACTUAL_POS] | [EVENT_BEFORE_N/A_ACTUAL_POS] --(OVERLAP)--> [EVENT_BEFORE_N/A_ACTUAL_POS],"""administrées"" --(BEFORE)--> ""reçu"" | ""reçu"" --(OVERLAP)--> ""amélioration"""
196,47,FR100132,[EVENT_BEFORE_N/A_ACTUAL_POS] --(BEFORE)--> [EVENT_BEFORE_N/A_ACTUAL_POS] | [EVENT_BEFORE_N/A_ACTUAL_POS] --(OVERLAP)--> [EVENT_BEFORE_N/A_ACTUAL_POS],"""examen"" --(BEFORE)--> ""écho-Doppler"" | ""écho-Doppler"" --(OVERLAP)--> ""fibroscopie"""
196,47,FR100142,[EVENT_BEFORE_N/A_ACTUAL_POS] --(BEFORE)--> [EVENT_BEFORE_N/A_ACTUAL_POS] | [EVENT_BEFORE_N/A_ACTUAL_POS] --(OVERLAP)--> [EVENT_BEFORE_N/A_ACTUAL_POS],"""sérologie"" --(BEFORE)--> ""évolution"" | ""évolution"" --(OVERLAP)--> ""altération"""
196,47,FR100161,[EVENT_BEFORE_N/A_ACTUAL_POS] --(BEFORE)--> [EVENT_BEFORE_N/A_ACTUAL_POS] | [EVENT_BEFORE_N/A_ACTUAL_POS] --(OVERLAP)--> [EVENT_BEFORE_N/A_ACTUAL_POS],"""interrogatoire"" --(BEFORE)--> ""examen"" | ""examen"" --(OVERLAP)--> ""TA"""
196,47,FR100168,[EVENT_BEFORE_N/A_ACTUAL_POS] --(BEFORE)--> [EVENT_BEFORE_N/A_ACTUAL_POS] | [EVENT_BEFORE_N/A_ACTUAL_POS] --(OVERLAP)--> [EVENT_BEFORE_N/A_ACTUAL_POS],"""tests"" --(BEFORE)--> ""entretien"" | ""entretien"" --(OVERLAP)--> ""habitude"""
196,47,FR100255,[EVENT_BEFORE_N/A_ACTUAL_POS] --(BEFORE)--> [EVENT_BEFORE_N/A_ACTUAL_POS] | [EVENT_BEFORE_N/A_ACTUAL_POS] --(OVERLAP)--> [EVENT_BEFORE_N/A_ACTUAL_POS],"""admission"" --(BEFORE)--> ""expulsé"" | ""expulsé"" --(OVERLAP)--> ""poids"""
196,47,FR100275,[EVENT_BEFORE_N/A_ACTUAL_POS] --(BEFORE)--> [EVENT_BEFORE_N/A_ACTUAL_POS] | [EVENT_BEFORE_N/A_ACTUAL_POS] --(OVERLAP)--> [EVENT_BEFORE_N/A_ACTUAL_POS],"""bilan"" --(BEFORE)--> ""bilan"" | ""bilan"" --(OVERLAP)--> ""rassurant"""
196,47,FR100314,[EVENT_BEFORE_N/A_ACTUAL_POS] --(BEFORE)--> [EVENT_BEFORE_N/A_ACTUAL_POS] | [EVENT_BEFORE_N/A_ACTUAL_POS] --(OVERLAP)--> [EVENT_BEFORE_N/A_ACTUAL_POS],"""bilan"" --(BEFORE)--> ""drainage"" | ""drainage"" --(OVERLAP)--> ""analgésie"""
196,47,FR100344,[EVENT_BEFORE_N/A_ACTUAL_POS] --(BEFORE)--> [EVENT_BEFORE_N/A_ACTUAL_POS] | [EVENT_BEFORE_N/A_ACTUAL_POS] --(OVERLAP)--> [EVENT_BEFORE_N/A_ACTUAL_POS],"""laissé"" --(BEFORE)--> ""délivrance"" | ""délivrance"" --(OVERLAP)--> ""transférés"""
196,47,FR100346,[EVENT_BEFORE_N/A_ACTUAL_POS] --(BEFORE)--> [EVENT_BEFORE_N/A_ACTUAL_POS] | [EVENT_BEFORE_N/A_ACTUAL_POS] --(OVERLAP)--> [EVENT_BEFORE_N/A_ACTUAL_POS],"""héparinothérapie"" --(BEFORE)--> ""anti-vitamine"" | ""anti-vitamine"" --(OVERLAP)--> ""antibiothérapie"""
196,47,FR100360,[EVENT_BEFORE_N/A_ACTUAL_POS] --(BEFORE)--> [EVENT_BEFORE_N/A_ACTUAL_POS] | [EVENT_BEFORE_N/A_ACTUAL_POS] --(OVERLAP)--> [EVENT_BEFORE_N/A_ACTUAL_POS],"""radiothérapie"" --(BEFORE)--> ""cures"" | ""cures"" --(OVERLAP)--> ""tolérance"""
196,47,FR100361,[EVENT_BEFORE_N/A_ACTUAL_POS] --(BEFORE)--> [EVENT_BEFORE_N/A_ACTUAL_POS] | [EVENT_BEFORE_N/A_ACTUAL_POS] --(OVERLAP)--> [EVENT_BEFORE_N/A_ACTUAL_POS],"""prolactinémie"" --(BEFORE)--> ""améliorée"" | ""améliorée"" --(OVERLAP)--> ""persistance"""
196,47,FR100400,[EVENT_BEFORE_N/A_ACTUAL_POS] --(BEFORE)--> [EVENT_BEFORE_N/A_ACTUAL_POS] | [EVENT_BEFORE_N/A_ACTUAL_POS] --(OVERLAP)--> [EVENT_BEFORE_N/A_ACTUAL_POS],"""résection"" --(BEFORE)--> ""suites"" | ""suites"" --(OVERLAP)--> ""étude"""
196,47,FR100439,[EVENT_BEFORE_N/A_ACTUAL_POS] --(BEFORE)--> [EVENT_BEFORE_N/A_ACTUAL_POS] | [EVENT_BEFORE_N/A_ACTUAL_POS] --(OVERLAP)--> [EVENT_BEFORE_N/A_ACTUAL_POS],"""nasofibroscopie"" --(BEFORE)--> ""contrôles"" | ""contrôles"" --(OVERLAP)--> ""recul"""
196,47,FR100517,[EVENT_BEFORE_N/A_ACTUAL_POS] --(BEFORE)--> [EVENT_BEFORE_N/A_ACTUAL_POS] | [EVENT_BEFORE_N/A_ACTUAL_POS] --(OVERLAP)--> [EVENT_BEFORE_N/A_ACTUAL_POS],"""adressée"" --(BEFORE)--> ""examen"" | ""examen"" --(OVERLAP)--> ""éléments"""
196,47,FR100519,[EVENT_BEFORE_N/A_ACTUAL_POS] --(BEFORE)--> [EVENT_BEFORE_N/A_ACTUAL_POS] | [EVENT_BEFORE_N/A_ACTUAL_POS] --(OVERLAP)--> [EVENT_BEFORE_N/A_ACTUAL_POS],"""hémogramme"" --(BEFORE)--> ""remplissage"" | ""remplissage"" --(OVERLAP)--> ""décidé"""
196,47,FR100589,[EVENT_BEFORE_N/A_ACTUAL_POS] --(BEFORE)--> [EVENT_BEFORE_N/A_ACTUAL_POS] | [EVENT_BEFORE_N/A_ACTUAL_POS] --(OVERLAP)--> [EVENT_BEFORE_N/A_ACTUAL_POS],"""diagnostic"" --(BEFORE)--> ""corticothérapie"" | ""corticothérapie"" --(OVERLAP)--> ""amélioration"""
196,47,FR100597,[EVENT_BEFORE_N/A_ACTUAL_POS] --(BEFORE)--> [EVENT_BEFORE_N/A_ACTUAL_POS] | [EVENT_BEFORE_N/A_ACTUAL_POS] --(OVERLAP)--> [EVENT_BEFORE_N/A_ACTUAL_POS],"""intervention"" --(BEFORE)--> ""gestes"" | ""gestes"" --(OVERLAP)--> ""examen"""
196,47,FR100603,[EVENT_BEFORE_N/A_ACTUAL_POS] --(BEFORE)--> [EVENT_BEFORE_N/A_ACTUAL_POS] | [EVENT_BEFORE_N/A_ACTUAL_POS] --(OVERLAP)--> [EVENT_BEFORE_N/A_ACTUAL_POS],"""chirurgie"" --(BEFORE)--> ""hémocultures"" | ""hémocultures"" --(OVERLAP)--> ""culture"""
196,47,FR100611,[EVENT_BEFORE_N/A_ACTUAL_POS] --(BEFORE)--> [EVENT_BEFORE_N/A_ACTUAL_POS] | [EVENT_BEFORE_N/A_ACTUAL_POS] --(OVERLAP)--> [EVENT_BEFORE_N/A_ACTUAL_POS],"""hémogramme"" --(BEFORE)--> ""ionogramme"" | ""ionogramme"" --(OVERLAP)--> ""reste"""
196,47,FR100620,[EVENT_BEFORE_N/A_ACTUAL_POS] --(BEFORE)--> [EVENT_BEFORE_N/A_ACTUAL_POS] | [EVENT_BEFORE_N/A_ACTUAL_POS] --(OVERLAP)--> [EVENT_BEFORE_N/A_ACTUAL_POS],"""bilan"" --(BEFORE)--> ""évolution"" | ""évolution"" --(OVERLAP)--> ""pleurodèse"""
196,47,FR100623,[EVENT_BEFORE_N/A_ACTUAL_POS] --(BEFORE)--> [EVENT_BEFORE_N/A_ACTUAL_POS] | [EVENT_BEFORE_N/A_ACTUAL_POS] --(OVERLAP)--> [EVENT_BEFORE_N/A_ACTUAL_POS],"""prise"" --(BEFORE)--> ""analyse"" | ""analyse"" --(OVERLAP)--> ""diagnostic"""
196,47,FR100632,[EVENT_BEFORE_N/A_ACTUAL_POS] --(BEFORE)--> [EVENT_BEFORE_N/A_ACTUAL_POS] | [EVENT_BEFORE_N/A_ACTUAL_POS] --(OVERLAP)--> [EVENT_BEFORE_N/A_ACTUAL_POS],"""diagnostic"" --(BEFORE)--> ""mis"" | ""mis"" --(OVERLAP)--> ""rééducation"""
196,47,FR100663,[EVENT_BEFORE_N/A_ACTUAL_POS] --(BEFORE)--> [EVENT_BEFORE_N/A_ACTUAL_POS] | [EVENT_BEFORE_N/A_ACTUAL_POS] --(OVERLAP)--> [EVENT_BEFORE_N/A_ACTUAL_POS],"""administration"" --(BEFORE)--> ""contrôle"" | ""contrôle"" --(OVERLAP)--> ""stable"""
196,47,FR100666,[EVENT_BEFORE_N/A_ACTUAL_POS] --(BEFORE)--> [EVENT_BEFORE_N/A_ACTUAL_POS] | [EVENT_BEFORE_N/A_ACTUAL_POS] --(OVERLAP)--> [EVENT_BEFORE_N/A_ACTUAL_POS],"""polychimiothérapie"" --(BEFORE)--> ""COPADEM"" | ""COPADEM"" --(OVERLAP)--> ""CYVE"""
196,47,FR100683,[EVENT_BEFORE_N/A_ACTUAL_POS] --(BEFORE)--> [EVENT_BEFORE_N/A_ACTUAL_POS] | [EVENT_BEFORE_N/A_ACTUAL_POS] --(OVERLAP)--> [EVENT_BEFORE_N/A_ACTUAL_POS],"""osteodensitométrie"" --(BEFORE)--> ""traitée"" | ""traitée"" --(OVERLAP)--> ""évolution"""
196,47,FR100697,[EVENT_BEFORE_N/A_ACTUAL_POS] --(BEFORE)--> [EVENT_BEFORE_N/A_ACTUAL_POS] | [EVENT_BEFORE_N/A_ACTUAL_POS] --(OVERLAP)--> [EVENT_BEFORE_N/A_ACTUAL_POS],"""examen"" --(BEFORE)--> ""immunomarquage"" | ""immunomarquage"" --(OVERLAP)--> ""tout"""
196,47,FR100708,[EVENT_BEFORE_N/A_ACTUAL_POS] --(BEFORE)--> [EVENT_BEFORE_N/A_ACTUAL_POS] | [EVENT_BEFORE_N/A_ACTUAL_POS] --(OVERLAP)--> [EVENT_BEFORE_N/A_ACTUAL_POS],"""tests"" --(BEFORE)--> ""mise"" | ""mise"" --(OVERLAP)--> ""évolution"""
196,47,FR100717,[EVENT_BEFORE_N/A_ACTUAL_POS] --(BEFORE)--> [EVENT_BEFORE_N/A_ACTUAL_POS] | [EVENT_BEFORE_N/A_ACTUAL_POS] --(OVERLAP)--> [EVENT_BEFORE_N/A_ACTUAL_POS],"""exploration"" --(BEFORE)--> ""suites"" | ""suites"" --(OVERLAP)--> ""évolution"""
196,47,FR100748,[EVENT_BEFORE_N/A_ACTUAL_POS] --(BEFORE)--> [EVENT_BEFORE_N/A_ACTUAL_POS] | [EVENT_BEFORE_N/A_ACTUAL_POS] --(OVERLAP)--> [EVENT_BEFORE_N/A_ACTUAL_POS],"""chiffres"" --(BEFORE)--> ""Nicardipine"" | ""Nicardipine"" --(OVERLAP)--> ""préparation"""
196,47,FR100766,[EVENT_BEFORE_N/A_ACTUAL_POS] --(BEFORE)--> [EVENT_BEFORE_N/A_ACTUAL_POS] | [EVENT_BEFORE_N/A_ACTUAL_POS] --(OVERLAP)--> [EVENT_BEFORE_N/A_ACTUAL_POS],"""amputation"" --(BEFORE)--> ""propre"" | ""propre"" --(OVERLAP)--> ""satisfait"""
196,47,FR100780,[EVENT_BEFORE_N/A_ACTUAL_POS] --(BEFORE)--> [EVENT_BEFORE_N/A_ACTUAL_POS] | [EVENT_BEFORE_N/A_ACTUAL_POS] --(OVERLAP)--> [EVENT_BEFORE_N/A_ACTUAL_POS],"""bilan"" --(BEFORE)--> ""séances"" | ""séances"" --(OVERLAP)--> ""séance"""
196,47,FR100806,[EVENT_BEFORE_N/A_ACTUAL_POS] --(BEFORE)--> [EVENT_BEFORE_N/A_ACTUAL_POS] | [EVENT_BEFORE_N/A_ACTUAL_POS] --(OVERLAP)--> [EVENT_BEFORE_N/A_ACTUAL_POS],"""prise"" --(BEFORE)--> ""référée"" | ""référée"" --(OVERLAP)--> ""urémie"""
196,47,FR100814,[EVENT_BEFORE_N/A_ACTUAL_POS] --(BEFORE)--> [EVENT_BEFORE_N/A_ACTUAL_POS] | [EVENT_BEFORE_N/A_ACTUAL_POS] --(OVERLAP)--> [EVENT_BEFORE_N/A_ACTUAL_POS],"""IRM"" --(BEFORE)--> ""diagnostic"" | ""diagnostic"" --(OVERLAP)--> ""examen"""
196,47,FR100826,[EVENT_BEFORE_N/A_ACTUAL_POS] --(BEFORE)--> [EVENT_BEFORE_N/A_ACTUAL_POS] | [EVENT_BEFORE_N/A_ACTUAL_POS] --(OVERLAP)--> [EVENT_BEFORE_N/A_ACTUAL_POS],"""bilan"" --(BEFORE)--> ""retenue"" | ""retenue"" --(OVERLAP)--> ""indication"""
196,47,FR100845,[EVENT_BEFORE_N/A_ACTUAL_POS] --(BEFORE)--> [EVENT_BEFORE_N/A_ACTUAL_POS] | [EVENT_BEFORE_N/A_ACTUAL_POS] --(OVERLAP)--> [EVENT_BEFORE_N/A_ACTUAL_POS],"""extraction"" --(BEFORE)--> ""Apgar"" | ""Apgar"" --(OVERLAP)--> ""poids"""
196,47,FR100870,[EVENT_BEFORE_N/A_ACTUAL_POS] --(BEFORE)--> [EVENT_BEFORE_N/A_ACTUAL_POS] | [EVENT_BEFORE_N/A_ACTUAL_POS] --(OVERLAP)--> [EVENT_BEFORE_N/A_ACTUAL_POS],"""dosage"" --(BEFORE)--> ""dosage"" | ""dosage"" --(OVERLAP)--> ""rapport"""
196,47,FR100874,[EVENT_BEFORE_N/A_ACTUAL_POS] --(BEFORE)--> [EVENT_BEFORE_N/A_ACTUAL_POS] | [EVENT_BEFORE_N/A_ACTUAL_POS] --(OVERLAP)--> [EVENT_BEFORE_N/A_ACTUAL_POS],"""retenu"" --(BEFORE)--> ""mise"" | ""mise"" --(OVERLAP)--> ""transfusions"""
196,47,FR100882,[EVENT_BEFORE_N/A_ACTUAL_POS] --(BEFORE)--> [EVENT_BEFORE_N/A_ACTUAL_POS] | [EVENT_BEFORE_N/A_ACTUAL_POS] --(OVERLAP)--> [EVENT_BEFORE_N/A_ACTUAL_POS],"""prise"" --(BEFORE)--> ""laminectomie"" | ""laminectomie"" --(OVERLAP)--> ""examen"""
196,47,FR100894,[EVENT_BEFORE_N/A_ACTUAL_POS] --(BEFORE)--> [EVENT_BEFORE_N/A_ACTUAL_POS] | [EVENT_BEFORE_N/A_ACTUAL_POS] --(OVERLAP)--> [EVENT_BEFORE_N/A_ACTUAL_POS],"""pris"" --(BEFORE)--> ""incision"" | ""incision"" --(OVERLAP)--> ""rompu"""
196,47,FR100932,[EVENT_BEFORE_N/A_ACTUAL_POS] --(BEFORE)--> [EVENT_BEFORE_N/A_ACTUAL_POS] | [EVENT_BEFORE_N/A_ACTUAL_POS] --(OVERLAP)--> [EVENT_BEFORE_N/A_ACTUAL_POS],"""mise"" --(BEFORE)--> ""opérée"" | ""opérée"" --(OVERLAP)--> ""stabilisation"""
22,46,FR100003,[EVENT_BEFORE_N/A_ACTUAL_POS] --(CONTAINS)--> [EVENT_BEFORE_N/A_ACTUAL_POS] | [EVENT_BEFORE_N/A_ACTUAL_POS] --(BEFORE)--> [EVENT_BEFORE_N/A_ACTUAL_POS] | [EVENT_BEFORE_N/A_ACTUAL_POS] --(BEFORE)--> [EVENT_BEFORE_N/A_ACTUAL_POS] | [EVENT_BEFORE_N/A_ACTUAL_POS] --(BEFORE)--> [EVENT_BEFORE_N/A_ACTUAL_POS] | [EVENT_BEFORE_N/A_ACTUAL_POS] --(BEFORE)--> [EVENT_BEFORE_N/A_ACTUAL_POS],"""délabrement"" --(CONTAINS)--> ""panoramique"" | ""panoramique"" --(BEFORE)--> ""ponction"" | ""ponction"" --(BEFORE)--> ""examen"" | ""examen"" --(BEFORE)--> ""examen"" | ""examen"" --(BEFORE)--> ""antibiothérapie"""
22,46,FR100092,[EVENT_BEFORE_N/A_ACTUAL_POS] --(CONTAINS)--> [EVENT_BEFORE_N/A_ACTUAL_POS] | [EVENT_BEFORE_N/A_ACTUAL_POS] --(BEFORE)--> [EVENT_BEFORE_N/A_ACTUAL_POS] | [EVENT_BEFORE_N/A_ACTUAL_POS] --(BEFORE)--> [EVENT_BEFORE_N/A_ACTUAL_POS] | [EVENT_BEFORE_N/A_ACTUAL_POS] --(BEFORE)--> [EVENT_BEFORE_N/A_ACTUAL_POS] | [EVENT_BEFORE_N/A_ACTUAL_POS] --(BEFORE)--> [EVENT_BEFORE_N/A_ACTUAL_POS],"""sensibilité"" --(CONTAINS)--> ""examen"" | ""examen"" --(BEFORE)--> ""examen"" | ""examen"" --(BEFORE)--> ""échographie"" | ""échographie"" --(BEFORE)--> ""tableau"" | ""tableau"" --(BEFORE)--> ""reste"""
22,46,FR100130,[EVENT_BEFORE_N/A_ACTUAL_POS] --(CONTAINS)--> [EVENT_BEFORE_N/A_ACTUAL_POS] | [EVENT_BEFORE_N/A_ACTUAL_POS] --(BEFORE)--> [EVENT_BEFORE_N/A_ACTUAL_POS] | [EVENT_BEFORE_N/A_ACTUAL_POS] --(BEFORE)--> [EVENT_BEFORE_N/A_ACTUAL_POS] | [EVENT_BEFORE_N/A_ACTUAL_POS] --(BEFORE)--> [EVENT_BEFORE_N/A_ACTUAL_POS] | [EVENT_BEFORE_N/A_ACTUAL_POS] --(BEFORE)--> [EVENT_BEFORE_N/A_ACTUAL_POS],"""sensibilité"" --(CONTAINS)--> ""examen"" | ""examen"" --(BEFORE)--> ""biologie"" | ""biologie"" --(BEFORE)--> ""glycémie"" | ""glycémie"" --(BEFORE)--> ""confirmé"" | ""confirmé"" --(BEFORE)--> ""recherche"""
22,46,FR100142,[EVENT_BEFORE_N/A_ACTUAL_POS] --(CONTAINS)--> [EVENT_BEFORE_N/A_ACTUAL_POS] | [EVENT_BEFORE_N/A_ACTUAL_POS] --(BEFORE)--> [EVENT_BEFORE_N/A_ACTUAL_POS] | [EVENT_BEFORE_N/A_ACTUAL_POS] --(BEFORE)--> [EVENT_BEFORE_N/A_ACTUAL_POS] | [EVENT_BEFORE_N/A_ACTUAL_POS] --(BEFORE)--> [EVENT_BEFORE_N/A_ACTUAL_POS] | [EVENT_BEFORE_N/A_ACTUAL_POS] --(BEFORE)--> [EVENT_BEFORE_N/A_ACTUAL_POS],"""adénopathies"" --(CONTAINS)--> ""examen"" | ""examen"" --(BEFORE)--> ""électrophorèse"" | ""électrophorèse"" --(BEFORE)--> ""scanner"" | ""scanner"" --(BEFORE)--> ""fibroscopie"" | ""fibroscopie"" --(BEFORE)--> ""biopsie"""
22,46,FR100161,[EVENT_BEFORE_N/A_ACTUAL_POS] --(CONTAINS)--> [EVENT_BEFORE_N/A_ACTUAL_POS] | [EVENT_BEFORE_N/A_ACTUAL_POS] --(BEFORE)--> [EVENT_BEFORE_N/A_ACTUAL_POS] | [EVENT_BEFORE_N/A_ACTUAL_POS] --(BEFORE)--> [EVENT_BEFORE_N/A_ACTUAL_POS] | [EVENT_BEFORE_N/A_ACTUAL_POS] --(BEFORE)--> [EVENT_BEFORE_N/A_ACTUAL_POS] | [EVENT_BEFORE_N/A_ACTUAL_POS] --(BEFORE)--> [EVENT_BEFORE_N/A_ACTUAL_POS],"""sérologie"" --(CONTAINS)--> ""examens"" | ""examens"" --(BEFORE)--> ""radiographie"" | ""radiographie"" --(BEFORE)--> ""complément"" | ""complément"" --(BEFORE)--> ""cortisol"" | ""cortisol"" --(BEFORE)--> ""cortisol"""
22,46,FR100255,[EVENT_BEFORE_N/A_ACTUAL_POS] --(CONTAINS)--> [EVENT_BEFORE_N/A_ACTUAL_POS] | [EVENT_BEFORE_N/A_ACTUAL_POS] --(BEFORE)--> [EVENT_BEFORE_N/A_ACTUAL_POS] | [EVENT_BEFORE_N/A_ACTUAL_POS] --(BEFORE)--> [EVENT_BEFORE_N/A_ACTUAL_POS] | [EVENT_BEFORE_N/A_ACTUAL_POS] --(BEFORE)--> [EVENT_BEFORE_N/A_ACTUAL_POS] | [EVENT_BEFORE_N/A_ACTUAL_POS] --(BEFORE)--> [EVENT_BEFORE_N/A_ACTUAL_POS],"""fréquence"" --(CONTAINS)--> ""examen"" | ""examen"" --(BEFORE)--> ""examen"" | ""examen"" --(BEFORE)--> ""échographie"" | ""échographie"" --(BEFORE)--> ""mise"" | ""mise"" --(BEFORE)--> ""traitement"""
22,46,FR100275,[EVENT_BEFORE_N/A_ACTUAL_POS] --(CONTAINS)--> [EVENT_BEFORE_N/A_ACTUAL_POS] | [EVENT_BEFORE_N/A_ACTUAL_POS] --(BEFORE)--> [EVENT_BEFORE_N/A_ACTUAL_POS] | [EVENT_BEFORE_N/A_ACTUAL_POS] --(BEFORE)--> [EVENT_BEFORE_N/A_ACTUAL_POS] | [EVENT_BEFORE_N/A_ACTUAL_POS] --(BEFORE)--> [EVENT_BEFORE_N/A_ACTUAL_POS] | [EVENT_BEFORE_N/A_ACTUAL_POS] --(BEFORE)--> [EVENT_BEFORE_N/A_ACTUAL_POS],"""mort"" --(CONTAINS)--> ""établi"" | ""établi"" --(BEFORE)--> ""manœuvres"" | ""manœuvres"" --(BEFORE)--> ""transféré"" | ""transféré"" --(BEFORE)--> ""anamnèse"" | ""anamnèse"" --(BEFORE)--> ""examen"""
22,46,FR100283,[EVENT_BEFORE_N/A_ACTUAL_POS] --(CONTAINS)--> [EVENT_BEFORE_N/A_ACTUAL_POS] | [EVENT_BEFORE_N/A_ACTUAL_POS] --(BEFORE)--> [EVENT_BEFORE_N/A_ACTUAL_POS] | [EVENT_BEFORE_N/A_ACTUAL_POS] --(BEFORE)--> [EVENT_BEFORE_N/A_ACTUAL_POS] | [EVENT_BEFORE_N/A_ACTUAL_POS] --(BEFORE)--> [EVENT_BEFORE_N/A_ACTUAL_POS] | [EVENT_BEFORE_N/A_ACTUAL_POS] --(BEFORE)--> [EVENT_BEFORE_N/A_ACTUAL_POS],"""consulté"" --(CONTAINS)--> ""bilan"" | ""bilan"" --(BEFORE)--> ""IRM"" | ""IRM"" --(BEFORE)--> ""hypophysiogramme"" | ""hypophysiogramme"" --(BEFORE)--> ""traitement"" | ""traitement"" --(BEFORE)--> ""évolution"""
22,46,FR100314,[EVENT_BEFORE_N/A_ACTUAL_POS] --(CONTAINS)--> [EVENT_BEFORE_N/A_ACTUAL_POS] | [EVENT_BEFORE_N/A_ACTUAL_POS] --(BEFORE)--> [EVENT_BEFORE_N/A_ACTUAL_POS] | [EVENT_BEFORE_N/A_ACTUAL_POS] --(BEFORE)--> [EVENT_BEFORE_N/A_ACTUAL_POS] | [EVENT_BEFORE_N/A_ACTUAL_POS] --(BEFORE)--> [EVENT_BEFORE_N/A_ACTUAL_POS] | [EVENT_BEFORE_N/A_ACTUAL_POS] --(BEFORE)--> [EVENT_BEFORE_N/A_ACTUAL_POS],"""traumatisme"" --(CONTAINS)--> ""admise"" | ""admise"" --(BEFORE)--> ""bilan"" | ""bilan"" --(BEFORE)--> ""drainage"" | ""drainage"" --(BEFORE)--> ""angio-scanner"" | ""angio-scanner"" --(BEFORE)--> ""amputation"""
22,46,FR100344,[EVENT_BEFORE_N/A_ACTUAL_POS] --(CONTAINS)--> [EVENT_BEFORE_N/A_ACTUAL_POS] | [EVENT_BEFORE_N/A_ACTUAL_POS] --(BEFORE)--> [EVENT_BEFORE_N/A_ACTUAL_POS] | [EVENT_BEFORE_N/A_ACTUAL_POS] --(BEFORE)--> [EVENT_BEFORE_N/A_ACTUAL_POS] | [EVENT_BEFORE_N/A_ACTUAL_POS] --(BEFORE)--> [EVENT_BEFORE_N/A_ACTUAL_POS] | [EVENT_BEFORE_N/A_ACTUAL_POS] --(BEFORE)--> [EVENT_BEFORE_N/A_ACTUAL_POS],"""évolution"" --(CONTAINS)--> ""déroulée"" | ""déroulée"" --(BEFORE)--> ""plainte"" | ""plainte"" --(BEFORE)--> ""examen"" | ""examen"" --(BEFORE)--> ""césarienne"" | ""césarienne"" --(BEFORE)--> ""pesait"""
22,46,FR100346,[EVENT_BEFORE_N/A_ACTUAL_POS] --(CONTAINS)--> [EVENT_BEFORE_N/A_ACTUAL_POS] | [EVENT_BEFORE_N/A_ACTUAL_POS] --(BEFORE)--> [EVENT_BEFORE_N/A_ACTUAL_POS] | [EVENT_BEFORE_N/A_ACTUAL_POS] --(BEFORE)--> [EVENT_BEFORE_N/A_ACTUAL_POS] | [EVENT_BEFORE_N/A_ACTUAL_POS] --(BEFORE)--> [EVENT_BEFORE_N/A_ACTUAL_POS] | [EVENT_BEFORE_N/A_ACTUAL_POS] --(BEFORE)--> [EVENT_BEFORE_N/A_ACTUAL_POS],"""lésions"" --(CONTAINS)--> ""angioscanner"" | ""angioscanner"" --(BEFORE)--> ""echo-dopler"" | ""echo-dopler"" --(BEFORE)--> ""IRM"" | ""IRM"" --(BEFORE)--> ""scanner"" | ""scanner"" --(BEFORE)--> ""posé"""
22,46,FR100360,[EVENT_BEFORE_N/A_ACTUAL_POS] --(CONTAINS)--> [EVENT_BEFORE_N/A_ACTUAL_POS] | [EVENT_BEFORE_N/A_ACTUAL_POS] --(BEFORE)--> [EVENT_BEFORE_N/A_ACTUAL_POS] | [EVENT_BEFORE_N/A_ACTUAL_POS] --(BEFORE)--> [EVENT_BEFORE_N/A_ACTUAL_POS] | [EVENT_BEFORE_N/A_ACTUAL_POS] --(BEFORE)--> [EVENT_BEFORE_N/A_ACTUAL_POS] | [EVENT_BEFORE_N/A_ACTUAL_POS] --(BEFORE)--> [EVENT_BEFORE_N/A_ACTUAL_POS],"""processus"" --(CONTAINS)--> ""complément"" | ""complément"" --(BEFORE)--> ""biopsie"" | ""biopsie"" --(BEFORE)--> ""tomodensitométrie"" | ""tomodensitométrie"" --(BEFORE)--> ""radiothérapie"" | ""radiothérapie"" --(BEFORE)--> ""cures"""
22,46,FR100361,[EVENT_BEFORE_N/A_ACTUAL_POS] --(CONTAINS)--> [EVENT_BEFORE_N/A_ACTUAL_POS] | [EVENT_BEFORE_N/A_ACTUAL_POS] --(BEFORE)--> [EVENT_BEFORE_N/A_ACTUAL_POS] | [EVENT_BEFORE_N/A_ACTUAL_POS] --(BEFORE)--> [EVENT_BEFORE_N/A_ACTUAL_POS] | [EVENT_BEFORE_N/A_ACTUAL_POS] --(BEFORE)--> [EVENT_BEFORE_N/A_ACTUAL_POS] | [EVENT_BEFORE_N/A_ACTUAL_POS] --(BEFORE)--> [EVENT_BEFORE_N/A_ACTUAL_POS],"""englobe"" --(CONTAINS)--> ""TDM"" | ""TDM"" --(BEFORE)--> ""ponction"" | ""ponction"" --(BEFORE)--> ""examen"" | ""examen"" --(BEFORE)--> ""examen"" | ""examen"" --(BEFORE)--> ""culture"""
22,46,FR100371,[EVENT_BEFORE_N/A_ACTUAL_POS] --(CONTAINS)--> [EVENT_BEFORE_N/A_ACTUAL_POS] | [EVENT_BEFORE_N/A_ACTUAL_POS] --(BEFORE)--> [EVENT_BEFORE_N/A_ACTUAL_POS] | [EVENT_BEFORE_N/A_ACTUAL_POS] --(BEFORE)--> [EVENT_BEFORE_N/A_ACTUAL_POS] | [EVENT_BEFORE_N/A_ACTUAL_POS] --(BEFORE)--> [EVENT_BEFORE_N/A_ACTUAL_POS] | [EVENT_BEFORE_N/A_ACTUAL_POS] --(BEFORE)--> [EVENT_BEFORE_N/A_ACTUAL_POS],"""nombre"" --(CONTAINS)--> ""bilan"" | ""bilan"" --(BEFORE)--> ""bilan"" | ""bilan"" --(BEFORE)--> ""intervention"" | ""intervention"" --(BEFORE)--> ""sortie"" | ""sortie"" --(BEFORE)--> ""perdue"""
22,46,FR100400,[EVENT_BEFORE_N/A_ACTUAL_POS] --(CONTAINS)--> [EVENT_BEFORE_N/A_ACTUAL_POS] | [EVENT_BEFORE_N/A_ACTUAL_POS] --(BEFORE)--> [EVENT_BEFORE_N/A_ACTUAL_POS] | [EVENT_BEFORE_N/A_ACTUAL_POS] --(BEFORE)--> [EVENT_BEFORE_N/A_ACTUAL_POS] | [EVENT_BEFORE_N/A_ACTUAL_POS] --(BEFORE)--> [EVENT_BEFORE_N/A_ACTUAL_POS] | [EVENT_BEFORE_N/A_ACTUAL_POS] --(BEFORE)--> [EVENT_BEFORE_N/A_ACTUAL_POS],"""anictérique"" --(CONTAINS)--> ""examen"" | ""examen"" --(BEFORE)--> ""bilan"" | ""bilan"" --(BEFORE)--> ""Radiographie"" | ""Radiographie"" --(BEFORE)--> ""échographie"" | ""échographie"" --(BEFORE)--> ""scanner"""
22,46,FR100439,[EVENT_BEFORE_N/A_ACTUAL_POS] --(CONTAINS)--> [EVENT_BEFORE_N/A_ACTUAL_POS] | [EVENT_BEFORE_N/A_ACTUAL_POS] --(BEFORE)--> [EVENT_BEFORE_N/A_ACTUAL_POS] | [EVENT_BEFORE_N/A_ACTUAL_POS] --(BEFORE)--> [EVENT_BEFORE_N/A_ACTUAL_POS] | [EVENT_BEFORE_N/A_ACTUAL_POS] --(BEFORE)--> [EVENT_BEFORE_N/A_ACTUAL_POS] | [EVENT_BEFORE_N/A_ACTUAL_POS] --(BEFORE)--> [EVENT_BEFORE_N/A_ACTUAL_POS],"""hyperfixations"" --(CONTAINS)--> ""examen"" | ""examen"" --(BEFORE)--> ""classée"" | ""classée"" --(BEFORE)--> ""bénéficier"" | ""bénéficier"" --(BEFORE)--> ""nasofibroscopie"" | ""nasofibroscopie"" --(BEFORE)--> ""contrôles"""
22,46,FR100480,[EVENT_BEFORE_N/A_ACTUAL_POS] --(CONTAINS)--> [EVENT_BEFORE_N/A_ACTUAL_POS] | [EVENT_BEFORE_N/A_ACTUAL_POS] --(BEFORE)--> [EVENT_BEFORE_N/A_ACTUAL_POS] | [EVENT_BEFORE_N/A_ACTUAL_POS] --(BEFORE)--> [EVENT_BEFORE_N/A_ACTUAL_POS] | [EVENT_BEFORE_N/A_ACTUAL_POS] --(BEFORE)--> [EVENT_BEFORE_N/A_ACTUAL_POS] | [EVENT_BEFORE_N/A_ACTUAL_POS] --(BEFORE)--> [EVENT_BEFORE_N/A_ACTUAL_POS],"""libres"" --(CONTAINS)--> ""examen"" | ""examen"" --(BEFORE)--> ""imagerie"" | ""imagerie"" --(BEFORE)--> ""bilan"" | ""bilan"" --(BEFORE)--> ""scanner"" | ""scanner"" --(BEFORE)--> ""Tomographie"""
22,46,FR100517,[EVENT_BEFORE_N/A_ACTUAL_POS] --(CONTAINS)--> [EVENT_BEFORE_N/A_ACTUAL_POS] | [EVENT_BEFORE_N/A_ACTUAL_POS] --(BEFORE)--> [EVENT_BEFORE_N/A_ACTUAL_POS] | [EVENT_BEFORE_N/A_ACTUAL_POS] --(BEFORE)--> [EVENT_BEFORE_N/A_ACTUAL_POS] | [EVENT_BEFORE_N/A_ACTUAL_POS] --(BEFORE)--> [EVENT_BEFORE_N/A_ACTUAL_POS] | [EVENT_BEFORE_N/A_ACTUAL_POS] --(BEFORE)--> [EVENT_BEFORE_N/A_ACTUAL_POS],"""enzymes"" --(CONTAINS)--> ""bilan"" | ""bilan"" --(BEFORE)--> ""électromyogramme"" | ""électromyogramme"" --(BEFORE)--> ""bilan"" | ""bilan"" --(BEFORE)--> ""explorations"" | ""explorations"" --(BEFORE)--> ""porté"""
22,46,FR100589,[EVENT_BEFORE_N/A_ACTUAL_POS] --(CONTAINS)--> [EVENT_BEFORE_N/A_ACTUAL_POS] | [EVENT_BEFORE_N/A_ACTUAL_POS] --(BEFORE)--> [EVENT_BEFORE_N/A_ACTUAL_POS] | [EVENT_BEFORE_N/A_ACTUAL_POS] --(BEFORE)--> [EVENT_BEFORE_N/A_ACTUAL_POS] | [EVENT_BEFORE_N/A_ACTUAL_POS] --(BEFORE)--> [EVENT_BEFORE_N/A_ACTUAL_POS] | [EVENT_BEFORE_N/A_ACTUAL_POS] --(BEFORE)--> [EVENT_BEFORE_N/A_ACTUAL_POS],"""contexte"" --(CONTAINS)--> ""rechercher"" | ""rechercher"" --(BEFORE)--> ""bronchoscopie"" | ""bronchoscopie"" --(BEFORE)--> ""lavage"" | ""lavage"" --(BEFORE)--> ""biopsies"" | ""biopsies"" --(BEFORE)--> ""exploration"""
22,46,FR100597,[EVENT_BEFORE_N/A_ACTUAL_POS] --(CONTAINS)--> [EVENT_BEFORE_N/A_ACTUAL_POS] | [EVENT_BEFORE_N/A_ACTUAL_POS] --(BEFORE)--> [EVENT_BEFORE_N/A_ACTUAL_POS] | [EVENT_BEFORE_N/A_ACTUAL_POS] --(BEFORE)--> [EVENT_BEFORE_N/A_ACTUAL_POS] | [EVENT_BEFORE_N/A_ACTUAL_POS] --(BEFORE)--> [EVENT_BEFORE_N/A_ACTUAL_POS] | [EVENT_BEFORE_N/A_ACTUAL_POS] --(BEFORE)--> [EVENT_BEFORE_N/A_ACTUAL_POS],"""consultation"" --(CONTAINS)--> ""examen"" | ""examen"" --(BEFORE)--> ""examen"" | ""examen"" --(BEFORE)--> ""examen"" | ""examen"" --(BEFORE)--> ""toucher"" | ""toucher"" --(BEFORE)--> ""reste"""
22,46,FR100611,[EVENT_BEFORE_N/A_ACTUAL_POS] --(CONTAINS)--> [EVENT_BEFORE_N/A_ACTUAL_POS] | [EVENT_BEFORE_N/A_ACTUAL_POS] --(BEFORE)--> [EVENT_BEFORE_N/A_ACTUAL_POS] | [EVENT_BEFORE_N/A_ACTUAL_POS] --(BEFORE)--> [EVENT_BEFORE_N/A_ACTUAL_POS] | [EVENT_BEFORE_N/A_ACTUAL_POS] --(BEFORE)--> [EVENT_BEFORE_N/A_ACTUAL_POS] | [EVENT_BEFORE_N/A_ACTUAL_POS] --(BEFORE)--> [EVENT_BEFORE_N/A_ACTUAL_POS],"""aphasie"" --(CONTAINS)--> ""examen"" | ""examen"" --(BEFORE)--> ""IRM"" | ""IRM"" --(BEFORE)--> ""étude"" | ""étude"" --(BEFORE)--> ""examen"" | ""examen"" --(BEFORE)--> ""cultures"""
22,46,FR100614,[EVENT_BEFORE_N/A_ACTUAL_POS] --(CONTAINS)--> [EVENT_BEFORE_N/A_ACTUAL_POS] | [EVENT_BEFORE_N/A_ACTUAL_POS] --(BEFORE)--> [EVENT_BEFORE_N/A_ACTUAL_POS] | [EVENT_BEFORE_N/A_ACTUAL_POS] --(BEFORE)--> [EVENT_BEFORE_N/A_ACTUAL_POS] | [EVENT_BEFORE_N/A_ACTUAL_POS] --(BEFORE)--> [EVENT_BEFORE_N/A_ACTUAL_POS] | [EVENT_BEFORE_N/A_ACTUAL_POS] --(BEFORE)--> [EVENT_BEFORE_N/A_ACTUAL_POS],"""masse"" --(CONTAINS)--> ""tomodensitométrie"" | ""tomodensitométrie"" --(BEFORE)--> ""radiographie"" | ""radiographie"" --(BEFORE)--> ""taux"" | ""taux"" --(BEFORE)--> ""exploration"" | ""exploration"" --(BEFORE)--> ""rupture"""
22,46,FR100620,[EVENT_BEFORE_N/A_ACTUAL_POS] --(CONTAINS)--> [EVENT_BEFORE_N/A_ACTUAL_POS] | [EVENT_BEFORE_N/A_ACTUAL_POS] --(BEFORE)--> [EVENT_BEFORE_N/A_ACTUAL_POS] | [EVENT_BEFORE_N/A_ACTUAL_POS] --(BEFORE)--> [EVENT_BEFORE_N/A_ACTUAL_POS] | [EVENT_BEFORE_N/A_ACTUAL_POS] --(BEFORE)--> [EVENT_BEFORE_N/A_ACTUAL_POS] | [EVENT_BEFORE_N/A_ACTUAL_POS] --(BEFORE)--> [EVENT_BEFORE_N/A_ACTUAL_POS],"""hippocratisme"" --(CONTAINS)--> ""examen"" | ""examen"" --(BEFORE)--> ""radiographie"" | ""radiographie"" --(BEFORE)--> ""drainage"" | ""drainage"" --(BEFORE)--> ""radiographie"" | ""radiographie"" --(BEFORE)--> ""demandé"""
22,46,FR100623,[EVENT_BEFORE_N/A_ACTUAL_POS] --(CONTAINS)--> [EVENT_BEFORE_N/A_ACTUAL_POS] | [EVENT_BEFORE_N/A_ACTUAL_POS] --(BEFORE)--> [EVENT_BEFORE_N/A_ACTUAL_POS] | [EVENT_BEFORE_N/A_ACTUAL_POS] --(BEFORE)--> [EVENT_BEFORE_N/A_ACTUAL_POS] | [EVENT_BEFORE_N/A_ACTUAL_POS] --(BEFORE)--> [EVENT_BEFORE_N/A_ACTUAL_POS] | [EVENT_BEFORE_N/A_ACTUAL_POS] --(BEFORE)--> [EVENT_BEFORE_N/A_ACTUAL_POS],"""douleur"" --(CONTAINS)--> ""consulté"" | ""consulté"" --(BEFORE)--> ""examen"" | ""examen"" --(BEFORE)--> ""échographie"" | ""échographie"" --(BEFORE)--> ""tomodensitométrie"" | ""tomodensitométrie"" --(BEFORE)--> ""retenu"""
22,46,FR100629,[EVENT_BEFORE_N/A_ACTUAL_POS] --(CONTAINS)--> [EVENT_BEFORE_N/A_ACTUAL_POS] | [EVENT_BEFORE_N/A_ACTUAL_POS] --(BEFORE)--> [EVENT_BEFORE_N/A_ACTUAL_POS] | [EVENT_BEFORE_N/A_ACTUAL_POS] --(BEFORE)--> [EVENT_BEFORE_N/A_ACTUAL_POS] | [EVENT_BEFORE_N/A_ACTUAL_POS] --(BEFORE)--> [EVENT_BEFORE_N/A_ACTUAL_POS] | [EVENT_BEFORE_N/A_ACTUAL_POS] --(BEFORE)--> [EVENT_BEFORE_N/A_ACTUAL_POS],"""syndrome"" --(CONTAINS)--> ""examen"" | ""examen"" --(BEFORE)--> ""radiographie"" | ""radiographie"" --(BEFORE)--> ""thoracoscopie"" | ""thoracoscopie"" --(BEFORE)--> ""marquage"" | ""marquage"" --(BEFORE)--> ""étude"""
22,46,FR100632,[EVENT_BEFORE_N/A_ACTUAL_POS] --(CONTAINS)--> [EVENT_BEFORE_N/A_ACTUAL_POS] | [EVENT_BEFORE_N/A_ACTUAL_POS] --(BEFORE)--> [EVENT_BEFORE_N/A_ACTUAL_POS] | [EVENT_BEFORE_N/A_ACTUAL_POS] --(BEFORE)--> [EVENT_BEFORE_N/A_ACTUAL_POS] | [EVENT_BEFORE_N/A_ACTUAL_POS] --(BEFORE)--> [EVENT_BEFORE_N/A_ACTUAL_POS] | [EVENT_BEFORE_N/A_ACTUAL_POS] --(BEFORE)--> [EVENT_BEFORE_N/A_ACTUAL_POS],"""état"" --(CONTAINS)--> ""examen"" | ""examen"" --(BEFORE)--> ""examen"" | ""examen"" --(BEFORE)--> ""IRM"" | ""IRM"" --(BEFORE)--> ""IRM"" | ""IRM"" --(BEFORE)--> ""étude"""
22,46,FR100663,[EVENT_BEFORE_N/A_ACTUAL_POS] --(CONTAINS)--> [EVENT_BEFORE_N/A_ACTUAL_POS] | [EVENT_BEFORE_N/A_ACTUAL_POS] --(BEFORE)--> [EVENT_BEFORE_N/A_ACTUAL_POS] | [EVENT_BEFORE_N/A_ACTUAL_POS] --(BEFORE)--> [EVENT_BEFORE_N/A_ACTUAL_POS] | [EVENT_BEFORE_N/A_ACTUAL_POS] --(BEFORE)--> [EVENT_BEFORE_N/A_ACTUAL_POS] | [EVENT_BEFORE_N/A_ACTUAL_POS] --(BEFORE)--> [EVENT_BEFORE_N/A_ACTUAL_POS],"""palpation"" --(CONTAINS)--> ""examen"" | ""examen"" --(BEFORE)--> ""échographie"" | ""échographie"" --(BEFORE)--> ""taux"" | ""taux"" --(BEFORE)--> ""tenté"" | ""tenté"" --(BEFORE)--> ""contrôle"""
22,46,FR100666,[EVENT_BEFORE_N/A_ACTUAL_POS] --(CONTAINS)--> [EVENT_BEFORE_N/A_ACTUAL_POS] | [EVENT_BEFORE_N/A_ACTUAL_POS] --(BEFORE)--> [EVENT_BEFORE_N/A_ACTUAL_POS] | [EVENT_BEFORE_N/A_ACTUAL_POS] --(BEFORE)--> [EVENT_BEFORE_N/A_ACTUAL_POS] | [EVENT_BEFORE_N/A_ACTUAL_POS] --(BEFORE)--> [EVENT_BEFORE_N/A_ACTUAL_POS] | [EVENT_BEFORE_N/A_ACTUAL_POS] --(BEFORE)--> [EVENT_BEFORE_N/A_ACTUAL_POS],"""sérologie"" --(CONTAINS)--> ""bilan"" | ""bilan"" --(BEFORE)--> ""myologramme"" | ""myologramme"" --(BEFORE)--> ""bilan"" | ""bilan"" --(BEFORE)--> ""classé"" | ""classé"" --(BEFORE)--> ""traitement"""
22,46,FR100683,[EVENT_BEFORE_N/A_ACTUAL_POS] --(CONTAINS)--> [EVENT_BEFORE_N/A_ACTUAL_POS] | [EVENT_BEFORE_N/A_ACTUAL_POS] --(BEFORE)--> [EVENT_BEFORE_N/A_ACTUAL_POS] | [EVENT_BEFORE_N/A_ACTUAL_POS] --(BEFORE)--> [EVENT_BEFORE_N/A_ACTUAL_POS] | [EVENT_BEFORE_N/A_ACTUAL_POS] --(BEFORE)--> [EVENT_BEFORE_N/A_ACTUAL_POS] | [EVENT_BEFORE_N/A_ACTUAL_POS] --(BEFORE)--> [EVENT_BEFORE_N/A_ACTUAL_POS],"""indice"" --(CONTAINS)--> ""examen"" | ""examen"" --(BEFORE)--> ""exploration"" | ""exploration"" --(BEFORE)--> ""exploration"" | ""exploration"" --(BEFORE)--> ""IRM"" | ""IRM"" --(BEFORE)--> ""écho-mammographie"""
22,46,FR100688,[EVENT_BEFORE_N/A_ACTUAL_POS] --(CONTAINS)--> [EVENT_BEFORE_N/A_ACTUAL_POS] | [EVENT_BEFORE_N/A_ACTUAL_POS] --(BEFORE)--> [EVENT_BEFORE_N/A_ACTUAL_POS] | [EVENT_BEFORE_N/A_ACTUAL_POS] --(BEFORE)--> [EVENT_BEFORE_N/A_ACTUAL_POS] | [EVENT_BEFORE_N/A_ACTUAL_POS] --(BEFORE)--> [EVENT_BEFORE_N/A_ACTUAL_POS] | [EVENT_BEFORE_N/A_ACTUAL_POS] --(BEFORE)--> [EVENT_BEFORE_N/A_ACTUAL_POS],"""érosion"" --(CONTAINS)--> ""radiographie"" | ""radiographie"" --(BEFORE)--> ""échographie"" | ""échographie"" --(BEFORE)--> ""radiographie"" | ""radiographie"" --(BEFORE)--> ""incision"" | ""incision"" --(BEFORE)--> ""analyse"""
22,46,FR100689,[EVENT_BEFORE_N/A_ACTUAL_POS] --(CONTAINS)--> [EVENT_BEFORE_N/A_ACTUAL_POS] | [EVENT_BEFORE_N/A_ACTUAL_POS] --(BEFORE)--> [EVENT_BEFORE_N/A_ACTUAL_POS] | [EVENT_BEFORE_N/A_ACTUAL_POS] --(BEFORE)--> [EVENT_BEFORE_N/A_ACTUAL_POS] | [EVENT_BEFORE_N/A_ACTUAL_POS] --(BEFORE)--> [EVENT_BEFORE_N/A_ACTUAL_POS] | [EVENT_BEFORE_N/A_ACTUAL_POS] --(BEFORE)--> [EVENT_BEFORE_N/A_ACTUAL_POS],"""CRP"" --(CONTAINS)--> ""ionogramme"" | ""ionogramme"" --(BEFORE)--> ""examen"" | ""examen"" --(BEFORE)--> ""retenu"" | ""retenu"" --(BEFORE)--> ""traitement"" | ""traitement"" --(BEFORE)--> ""corticothérapie"""
22,46,FR100697,[EVENT_BEFORE_N/A_ACTUAL_POS] --(CONTAINS)--> [EVENT_BEFORE_N/A_ACTUAL_POS] | [EVENT_BEFORE_N/A_ACTUAL_POS] --(BEFORE)--> [EVENT_BEFORE_N/A_ACTUAL_POS] | [EVENT_BEFORE_N/A_ACTUAL_POS] --(BEFORE)--> [EVENT_BEFORE_N/A_ACTUAL_POS] | [EVENT_BEFORE_N/A_ACTUAL_POS] --(BEFORE)--> [EVENT_BEFORE_N/A_ACTUAL_POS] | [EVENT_BEFORE_N/A_ACTUAL_POS] --(BEFORE)--> [EVENT_BEFORE_N/A_ACTUAL_POS],"""adénopathies"" --(CONTAINS)--> ""palpation"" | ""palpation"" --(BEFORE)--> ""examen"" | ""examen"" --(BEFORE)--> ""mammographie"" | ""mammographie"" --(BEFORE)--> ""échographie"" | ""échographie"" --(BEFORE)--> ""examen"""
22,46,FR100708,[EVENT_BEFORE_N/A_ACTUAL_POS] --(CONTAINS)--> [EVENT_BEFORE_N/A_ACTUAL_POS] | [EVENT_BEFORE_N/A_ACTUAL_POS] --(BEFORE)--> [EVENT_BEFORE_N/A_ACTUAL_POS] | [EVENT_BEFORE_N/A_ACTUAL_POS] --(BEFORE)--> [EVENT_BEFORE_N/A_ACTUAL_POS] | [EVENT_BEFORE_N/A_ACTUAL_POS] --(BEFORE)--> [EVENT_BEFORE_N/A_ACTUAL_POS] | [EVENT_BEFORE_N/A_ACTUAL_POS] --(BEFORE)--> [EVENT_BEFORE_N/A_ACTUAL_POS],"""consulté"" --(CONTAINS)--> ""examen"" | ""examen"" --(BEFORE)--> ""mammographie"" | ""mammographie"" --(BEFORE)--> ""échographie"" | ""échographie"" --(BEFORE)--> ""ponction"" | ""ponction"" --(BEFORE)--> ""étude"""
22,46,FR100717,[EVENT_BEFORE_N/A_ACTUAL_POS] --(CONTAINS)--> [EVENT_BEFORE_N/A_ACTUAL_POS] | [EVENT_BEFORE_N/A_ACTUAL_POS] --(BEFORE)--> [EVENT_BEFORE_N/A_ACTUAL_POS] | [EVENT_BEFORE_N/A_ACTUAL_POS] --(BEFORE)--> [EVENT_BEFORE_N/A_ACTUAL_POS] | [EVENT_BEFORE_N/A_ACTUAL_POS] --(BEFORE)--> [EVENT_BEFORE_N/A_ACTUAL_POS] | [EVENT_BEFORE_N/A_ACTUAL_POS] --(BEFORE)--> [EVENT_BEFORE_N/A_ACTUAL_POS],"""état"" --(CONTAINS)--> ""examen"" | ""examen"" --(BEFORE)--> ""examens"" | ""examens"" --(BEFORE)--> ""scanner"" | ""scanner"" --(BEFORE)--> ""IRM"" | ""IRM"" --(BEFORE)--> ""laminectomie"""
22,46,FR100748,[EVENT_BEFORE_N/A_ACTUAL_POS] --(CONTAINS)--> [EVENT_BEFORE_N/A_ACTUAL_POS] | [EVENT_BEFORE_N/A_ACTUAL_POS] --(BEFORE)--> [EVENT_BEFORE_N/A_ACTUAL_POS] | [EVENT_BEFORE_N/A_ACTUAL_POS] --(BEFORE)--> [EVENT_BEFORE_N/A_ACTUAL_POS] | [EVENT_BEFORE_N/A_ACTUAL_POS] --(BEFORE)--> [EVENT_BEFORE_N/A_ACTUAL_POS] | [EVENT_BEFORE_N/A_ACTUAL_POS] --(BEFORE)--> [EVENT_BEFORE_N/A_ACTUAL_POS],"""intervention"" --(CONTAINS)--> ""mobilisation"" | ""mobilisation"" --(BEFORE)--> ""suites"" | ""suites"" --(BEFORE)--> ""transférée"" | ""transférée"" --(BEFORE)--> ""regagné"" | ""regagné"" --(BEFORE)--> ""recul"""
22,46,FR100806,[EVENT_BEFORE_N/A_ACTUAL_POS] --(CONTAINS)--> [EVENT_BEFORE_N/A_ACTUAL_POS] | [EVENT_BEFORE_N/A_ACTUAL_POS] --(BEFORE)--> [EVENT_BEFORE_N/A_ACTUAL_POS] | [EVENT_BEFORE_N/A_ACTUAL_POS] --(BEFORE)--> [EVENT_BEFORE_N/A_ACTUAL_POS] | [EVENT_BEFORE_N/A_ACTUAL_POS] --(BEFORE)--> [EVENT_BEFORE_N/A_ACTUAL_POS] | [EVENT_BEFORE_N/A_ACTUAL_POS] --(BEFORE)--> [EVENT_BEFORE_N/A_ACTUAL_POS],"""TP"" --(CONTAINS)--> ""biologie"" | ""biologie"" --(BEFORE)--> ""tomodensitométrie"" | ""tomodensitométrie"" --(BEFORE)--> ""prise"" | ""prise"" --(BEFORE)--> ""examen"" | ""examen"" --(BEFORE)--> ""suites"""
22,46,FR100826,[EVENT_BEFORE_N/A_ACTUAL_POS] --(CONTAINS)--> [EVENT_BEFORE_N/A_ACTUAL_POS] | [EVENT_BEFORE_N/A_ACTUAL_POS] --(BEFORE)--> [EVENT_BEFORE_N/A_ACTUAL_POS] | [EVENT_BEFORE_N/A_ACTUAL_POS] --(BEFORE)--> [EVENT_BEFORE_N/A_ACTUAL_POS] | [EVENT_BEFORE_N/A_ACTUAL_POS] --(BEFORE)--> [EVENT_BEFORE_N/A_ACTUAL_POS] | [EVENT_BEFORE_N/A_ACTUAL_POS] --(BEFORE)--> [EVENT_BEFORE_N/A_ACTUAL_POS],"""termine"" --(CONTAINS)--> ""bilan"" | ""bilan"" --(BEFORE)--> ""bilan"" | ""bilan"" --(BEFORE)--> ""retenue"" | ""retenue"" --(BEFORE)--> ""exploration"" | ""exploration"" --(BEFORE)--> ""suites"""
22,46,FR100845,[EVENT_BEFORE_N/A_ACTUAL_POS] --(CONTAINS)--> [EVENT_BEFORE_N/A_ACTUAL_POS] | [EVENT_BEFORE_N/A_ACTUAL_POS] --(BEFORE)--> [EVENT_BEFORE_N/A_ACTUAL_POS] | [EVENT_BEFORE_N/A_ACTUAL_POS] --(BEFORE)--> [EVENT_BEFORE_N/A_ACTUAL_POS] | [EVENT_BEFORE_N/A_ACTUAL_POS] --(BEFORE)--> [EVENT_BEFORE_N/A_ACTUAL_POS] | [EVENT_BEFORE_N/A_ACTUAL_POS] --(BEFORE)--> [EVENT_BEFORE_N/A_ACTUAL_POS],"""consciente"" --(CONTAINS)--> ""examen"" | ""examen"" --(BEFORE)--> ""examen"" | ""examen"" --(BEFORE)--> ""échographie"" | ""échographie"" --(BEFORE)--> ""radiographie"" | ""radiographie"" --(BEFORE)--> ""décision"""
22,46,FR100870,[EVENT_BEFORE_N/A_ACTUAL_POS] --(CONTAINS)--> [EVENT_BEFORE_N/A_ACTUAL_POS] | [EVENT_BEFORE_N/A_ACTUAL_POS] --(BEFORE)--> [EVENT_BEFORE_N/A_ACTUAL_POS] | [EVENT_BEFORE_N/A_ACTUAL_POS] --(BEFORE)--> [EVENT_BEFORE_N/A_ACTUAL_POS] | [EVENT_BEFORE_N/A_ACTUAL_POS] --(BEFORE)--> [EVENT_BEFORE_N/A_ACTUAL_POS] | [EVENT_BEFORE_N/A_ACTUAL_POS] --(BEFORE)--> [EVENT_BEFORE_N/A_ACTUAL_POS],"""calcémie"" --(CONTAINS)--> ""bilan"" | ""bilan"" --(BEFORE)--> ""IRM"" | ""IRM"" --(BEFORE)--> ""électrophorèse"" | ""électrophorèse"" --(BEFORE)--> ""immunosoustraction"" | ""immunosoustraction"" --(BEFORE)--> ""typer"""
22,46,FR100874,[EVENT_BEFORE_N/A_ACTUAL_POS] --(CONTAINS)--> [EVENT_BEFORE_N/A_ACTUAL_POS] | [EVENT_BEFORE_N/A_ACTUAL_POS] --(BEFORE)--> [EVENT_BEFORE_N/A_ACTUAL_POS] | [EVENT_BEFORE_N/A_ACTUAL_POS] --(BEFORE)--> [EVENT_BEFORE_N/A_ACTUAL_POS] | [EVENT_BEFORE_N/A_ACTUAL_POS] --(BEFORE)--> [EVENT_BEFORE_N/A_ACTUAL_POS] | [EVENT_BEFORE_N/A_ACTUAL_POS] --(BEFORE)--> [EVENT_BEFORE_N/A_ACTUAL_POS],"""calcémie"" --(CONTAINS)--> ""hémogramme"" | ""hémogramme"" --(BEFORE)--> ""fibroscopie"" | ""fibroscopie"" --(BEFORE)--> ""transit"" | ""transit"" --(BEFORE)--> ""tomodensitométrie"" | ""tomodensitométrie"" --(BEFORE)--> ""retenu"""
22,46,FR100894,[EVENT_BEFORE_N/A_ACTUAL_POS] --(CONTAINS)--> [EVENT_BEFORE_N/A_ACTUAL_POS] | [EVENT_BEFORE_N/A_ACTUAL_POS] --(BEFORE)--> [EVENT_BEFORE_N/A_ACTUAL_POS] | [EVENT_BEFORE_N/A_ACTUAL_POS] --(BEFORE)--> [EVENT_BEFORE_N/A_ACTUAL_POS] | [EVENT_BEFORE_N/A_ACTUAL_POS] --(BEFORE)--> [EVENT_BEFORE_N/A_ACTUAL_POS] | [EVENT_BEFORE_N/A_ACTUAL_POS] --(BEFORE)--> [EVENT_BEFORE_N/A_ACTUAL_POS],"""reçu"" --(CONTAINS)--> ""appuyés"" | ""appuyés"" --(BEFORE)--> ""diagnostic"" | ""diagnostic"" --(BEFORE)--> ""pris"" | ""pris"" --(BEFORE)--> ""incision"" | ""incision"" --(BEFORE)--> ""immobilisé"""
22,46,FR100903,[EVENT_BEFORE_N/A_ACTUAL_POS] --(CONTAINS)--> [EVENT_BEFORE_N/A_ACTUAL_POS] | [EVENT_BEFORE_N/A_ACTUAL_POS] --(BEFORE)--> [EVENT_BEFORE_N/A_ACTUAL_POS] | [EVENT_BEFORE_N/A_ACTUAL_POS] --(BEFORE)--> [EVENT_BEFORE_N/A_ACTUAL_POS] | [EVENT_BEFORE_N/A_ACTUAL_POS] --(BEFORE)--> [EVENT_BEFORE_N/A_ACTUAL_POS] | [EVENT_BEFORE_N/A_ACTUAL_POS] --(BEFORE)--> [EVENT_BEFORE_N/A_ACTUAL_POS],"""biométrie"" --(CONTAINS)--> ""échographie"" | ""échographie"" --(BEFORE)--> ""IRM"" | ""IRM"" --(BEFORE)--> ""diagnostic"" | ""diagnostic"" --(BEFORE)--> ""écarté"" | ""écarté"" --(BEFORE)--> ""réfléchir"""
22,46,FR100946,[EVENT_BEFORE_N/A_ACTUAL_POS] --(CONTAINS)--> [EVENT_BEFORE_N/A_ACTUAL_POS] | [EVENT_BEFORE_N/A_ACTUAL_POS] --(BEFORE)--> [EVENT_BEFORE_N/A_ACTUAL_POS] | [EVENT_BEFORE_N/A_ACTUAL_POS] --(BEFORE)--> [EVENT_BEFORE_N/A_ACTUAL_POS] | [EVENT_BEFORE_N/A_ACTUAL_POS] --(BEFORE)--> [EVENT_BEFORE_N/A_ACTUAL_POS] | [EVENT_BEFORE_N/A_ACTUAL_POS] --(BEFORE)--> [EVENT_BEFORE_N/A_ACTUAL_POS],"""lésion"" --(CONTAINS)--> ""IRM"" | ""IRM"" --(BEFORE)--> ""analyse"" | ""analyse"" --(BEFORE)--> ""mise"" | ""mise"" --(BEFORE)--> ""analyse"" | ""analyse"" --(BEFORE)--> ""mise"""
22,46,FR100996,[EVENT_BEFORE_N/A_ACTUAL_POS] --(CONTAINS)--> [EVENT_BEFORE_N/A_ACTUAL_POS] | [EVENT_BEFORE_N/A_ACTUAL_POS] --(BEFORE)--> [EVENT_BEFORE_N/A_ACTUAL_POS] | [EVENT_BEFORE_N/A_ACTUAL_POS] --(BEFORE)--> [EVENT_BEFORE_N/A_ACTUAL_POS] | [EVENT_BEFORE_N/A_ACTUAL_POS] --(BEFORE)--> [EVENT_BEFORE_N/A_ACTUAL_POS] | [EVENT_BEFORE_N/A_ACTUAL_POS] --(BEFORE)--> [EVENT_BEFORE_N/A_ACTUAL_POS],"""sac"" --(CONTAINS)--> ""tomodensitométrie"" | ""tomodensitométrie"" --(BEFORE)--> ""injection"" | ""injection"" --(BEFORE)--> ""retenu"" | ""retenu"" --(BEFORE)--> ""chirurgical"" | ""chirurgical"" --(BEFORE)--> ""suites"""
136,45,FR100003,[EVENT_BEFORE_N/A_ACTUAL_POS] --(BEFORE)--> [EVENT_BEFORE_N/A_ACTUAL_POS] | [EVENT_BEFORE_N/A_ACTUAL_POS] --(BEFORE)--> [EVENT_BEFORE_N/A_ACTUAL_POS] | [EVENT_BEFORE_N/A_ACTUAL_POS] --(BEFORE)--> [EVENT_BEFORE_N/A_ACTUAL_POS] | [EVENT_BEFORE_N/A_ACTUAL_POS] --(BEFORE)--> [EVENT_BEFORE_N/A_ACTUAL_POS] | [EVENT_BEFORE_N/A_ACTUAL_POS] --(BEFORE)--> [EVENT_BEFORE_N/A_ACTUAL_POS],"""injection"" --(BEFORE)--> ""ponction"" | ""ponction"" --(BEFORE)--> ""examen"" | ""examen"" --(BEFORE)--> ""examen"" | ""examen"" --(BEFORE)--> ""antibiothérapie"" | ""antibiothérapie"" --(BEFORE)--> ""bloc"""
136,45,FR100092,[EVENT_BEFORE_N/A_ACTUAL_POS] --(BEFORE)--> [EVENT_BEFORE_N/A_ACTUAL_POS] | [EVENT_BEFORE_N/A_ACTUAL_POS] --(BEFORE)--> [EVENT_BEFORE_N/A_ACTUAL_POS] | [EVENT_BEFORE_N/A_ACTUAL_POS] --(BEFORE)--> [EVENT_BEFORE_N/A_ACTUAL_POS] | [EVENT_BEFORE_N/A_ACTUAL_POS] --(BEFORE)--> [EVENT_BEFORE_N/A_ACTUAL_POS] | [EVENT_BEFORE_N/A_ACTUAL_POS] --(BEFORE)--> [EVENT_BEFORE_N/A_ACTUAL_POS],"""examen"" --(BEFORE)--> ""examen"" | ""examen"" --(BEFORE)--> ""examen"" | ""examen"" --(BEFORE)--> ""échographie"" | ""échographie"" --(BEFORE)--> ""tableau"" | ""tableau"" --(BEFORE)--> ""reste"""
136,45,FR100130,[EVENT_BEFORE_N/A_ACTUAL_POS] --(BEFORE)--> [EVENT_BEFORE_N/A_ACTUAL_POS] | [EVENT_BEFORE_N/A_ACTUAL_POS] --(BEFORE)--> [EVENT_BEFORE_N/A_ACTUAL_POS] | [EVENT_BEFORE_N/A_ACTUAL_POS] --(BEFORE)--> [EVENT_BEFORE_N/A_ACTUAL_POS] | [EVENT_BEFORE_N/A_ACTUAL_POS] --(BEFORE)--> [EVENT_BEFORE_N/A_ACTUAL_POS] | [EVENT_BEFORE_N/A_ACTUAL_POS] --(BEFORE)--> [EVENT_BEFORE_N/A_ACTUAL_POS],"""électromyogramme"" --(BEFORE)--> ""confirmé"" | ""confirmé"" --(BEFORE)--> ""recherche"" | ""recherche"" --(BEFORE)--> ""séjour"" | ""séjour"" --(BEFORE)--> ""bilan"" | ""bilan"" --(BEFORE)--> ""suspectée"""
136,45,FR100142,[EVENT_BEFORE_N/A_ACTUAL_POS] --(BEFORE)--> [EVENT_BEFORE_N/A_ACTUAL_POS] | [EVENT_BEFORE_N/A_ACTUAL_POS] --(BEFORE)--> [EVENT_BEFORE_N/A_ACTUAL_POS] | [EVENT_BEFORE_N/A_ACTUAL_POS] --(BEFORE)--> [EVENT_BEFORE_N/A_ACTUAL_POS] | [EVENT_BEFORE_N/A_ACTUAL_POS] --(BEFORE)--> [EVENT_BEFORE_N/A_ACTUAL_POS] | [EVENT_BEFORE_N/A_ACTUAL_POS] --(BEFORE)--> [EVENT_BEFORE_N/A_ACTUAL_POS],"""électrophorèse"" --(BEFORE)--> ""scanner"" | ""scanner"" --(BEFORE)--> ""fibroscopie"" | ""fibroscopie"" --(BEFORE)--> ""biopsie"" | ""biopsie"" --(BEFORE)--> ""mis"" | ""mis"" --(BEFORE)--> ""évolution"""
136,45,FR100161,[EVENT_BEFORE_N/A_ACTUAL_POS] --(BEFORE)--> [EVENT_BEFORE_N/A_ACTUAL_POS] | [EVENT_BEFORE_N/A_ACTUAL_POS] --(BEFORE)--> [EVENT_BEFORE_N/A_ACTUAL_POS] | [EVENT_BEFORE_N/A_ACTUAL_POS] --(BEFORE)--> [EVENT_BEFORE_N/A_ACTUAL_POS] | [EVENT_BEFORE_N/A_ACTUAL_POS] --(BEFORE)--> [EVENT_BEFORE_N/A_ACTUAL_POS] | [EVENT_BEFORE_N/A_ACTUAL_POS] --(BEFORE)--> [EVENT_BEFORE_N/A_ACTUAL_POS],"""examen"" --(BEFORE)--> ""examens"" | ""examens"" --(BEFORE)--> ""radiographie"" | ""radiographie"" --(BEFORE)--> ""complément"" | ""complément"" --(BEFORE)--> ""cortisol"" | ""cortisol"" --(BEFORE)--> ""cortisol"""
136,45,FR100255,[EVENT_BEFORE_N/A_ACTUAL_POS] --(BEFORE)--> [EVENT_BEFORE_N/A_ACTUAL_POS] | [EVENT_BEFORE_N/A_ACTUAL_POS] --(BEFORE)--> [EVENT_BEFORE_N/A_ACTUAL_POS] | [EVENT_BEFORE_N/A_ACTUAL_POS] --(BEFORE)--> [EVENT_BEFORE_N/A_ACTUAL_POS] | [EVENT_BEFORE_N/A_ACTUAL_POS] --(BEFORE)--> [EVENT_BEFORE_N/A_ACTUAL_POS] | [EVENT_BEFORE_N/A_ACTUAL_POS] --(BEFORE)--> [EVENT_BEFORE_N/A_ACTUAL_POS],"""admise"" --(BEFORE)--> ""examen"" | ""examen"" --(BEFORE)--> ""examen"" | ""examen"" --(BEFORE)--> ""échographie"" | ""échographie"" --(BEFORE)--> ""mise"" | ""mise"" --(BEFORE)--> ""traitement"""
136,45,FR100275,[EVENT_BEFORE_N/A_ACTUAL_POS] --(BEFORE)--> [EVENT_BEFORE_N/A_ACTUAL_POS] | [EVENT_BEFORE_N/A_ACTUAL_POS] --(BEFORE)--> [EVENT_BEFORE_N/A_ACTUAL_POS] | [EVENT_BEFORE_N/A_ACTUAL_POS] --(BEFORE)--> [EVENT_BEFORE_N/A_ACTUAL_POS] | [EVENT_BEFORE_N/A_ACTUAL_POS] --(BEFORE)--> [EVENT_BEFORE_N/A_ACTUAL_POS] | [EVENT_BEFORE_N/A_ACTUAL_POS] --(BEFORE)--> [EVENT_BEFORE_N/A_ACTUAL_POS],"""découverte"" --(BEFORE)--> ""arrivée"" | ""arrivée"" --(BEFORE)--> ""établi"" | ""établi"" --(BEFORE)--> ""manœuvres"" | ""manœuvres"" --(BEFORE)--> ""transféré"" | ""transféré"" --(BEFORE)--> ""anamnèse"""
136,45,FR100314,[EVENT_BEFORE_N/A_ACTUAL_POS] --(BEFORE)--> [EVENT_BEFORE_N/A_ACTUAL_POS] | [EVENT_BEFORE_N/A_ACTUAL_POS] --(BEFORE)--> [EVENT_BEFORE_N/A_ACTUAL_POS] | [EVENT_BEFORE_N/A_ACTUAL_POS] --(BEFORE)--> [EVENT_BEFORE_N/A_ACTUAL_POS] | [EVENT_BEFORE_N/A_ACTUAL_POS] --(BEFORE)--> [EVENT_BEFORE_N/A_ACTUAL_POS] | [EVENT_BEFORE_N/A_ACTUAL_POS] --(BEFORE)--> [EVENT_BEFORE_N/A_ACTUAL_POS],"""admise"" --(BEFORE)--> ""bilan"" | ""bilan"" --(BEFORE)--> ""drainage"" | ""drainage"" --(BEFORE)--> ""angio-scanner"" | ""angio-scanner"" --(BEFORE)--> ""amputation"" | ""amputation"" --(BEFORE)--> ""mise"""
136,45,FR100346,[EVENT_BEFORE_N/A_ACTUAL_POS] --(BEFORE)--> [EVENT_BEFORE_N/A_ACTUAL_POS] | [EVENT_BEFORE_N/A_ACTUAL_POS] --(BEFORE)--> [EVENT_BEFORE_N/A_ACTUAL_POS] | [EVENT_BEFORE_N/A_ACTUAL_POS] --(BEFORE)--> [EVENT_BEFORE_N/A_ACTUAL_POS] | [EVENT_BEFORE_N/A_ACTUAL_POS] --(BEFORE)--> [EVENT_BEFORE_N/A_ACTUAL_POS] | [EVENT_BEFORE_N/A_ACTUAL_POS] --(BEFORE)--> [EVENT_BEFORE_N/A_ACTUAL_POS],"""examen"" --(BEFORE)--> ""gazométrie"" | ""gazométrie"" --(BEFORE)--> ""reste"" | ""reste"" --(BEFORE)--> ""radiographie"" | ""radiographie"" --(BEFORE)--> ""angioscanner"" | ""angioscanner"" --(BEFORE)--> ""echo-dopler"""
136,45,FR100360,[EVENT_BEFORE_N/A_ACTUAL_POS] --(BEFORE)--> [EVENT_BEFORE_N/A_ACTUAL_POS] | [EVENT_BEFORE_N/A_ACTUAL_POS] --(BEFORE)--> [EVENT_BEFORE_N/A_ACTUAL_POS] | [EVENT_BEFORE_N/A_ACTUAL_POS] --(BEFORE)--> [EVENT_BEFORE_N/A_ACTUAL_POS] | [EVENT_BEFORE_N/A_ACTUAL_POS] --(BEFORE)--> [EVENT_BEFORE_N/A_ACTUAL_POS] | [EVENT_BEFORE_N/A_ACTUAL_POS] --(BEFORE)--> [EVENT_BEFORE_N/A_ACTUAL_POS],"""tomodensitométrie"" --(BEFORE)--> ""complément"" | ""complément"" --(BEFORE)--> ""biopsie"" | ""biopsie"" --(BEFORE)--> ""tomodensitométrie"" | ""tomodensitométrie"" --(BEFORE)--> ""radiothérapie"" | ""radiothérapie"" --(BEFORE)--> ""cures"""
136,45,FR100361,[EVENT_BEFORE_N/A_ACTUAL_POS] --(BEFORE)--> [EVENT_BEFORE_N/A_ACTUAL_POS] | [EVENT_BEFORE_N/A_ACTUAL_POS] --(BEFORE)--> [EVENT_BEFORE_N/A_ACTUAL_POS] | [EVENT_BEFORE_N/A_ACTUAL_POS] --(BEFORE)--> [EVENT_BEFORE_N/A_ACTUAL_POS] | [EVENT_BEFORE_N/A_ACTUAL_POS] --(BEFORE)--> [EVENT_BEFORE_N/A_ACTUAL_POS] | [EVENT_BEFORE_N/A_ACTUAL_POS] --(BEFORE)--> [EVENT_BEFORE_N/A_ACTUAL_POS],"""examen"" --(BEFORE)--> ""TDM"" | ""TDM"" --(BEFORE)--> ""ponction"" | ""ponction"" --(BEFORE)--> ""examen"" | ""examen"" --(BEFORE)--> ""examen"" | ""examen"" --(BEFORE)--> ""culture"""
136,45,FR100371,[EVENT_BEFORE_N/A_ACTUAL_POS] --(BEFORE)--> [EVENT_BEFORE_N/A_ACTUAL_POS] | [EVENT_BEFORE_N/A_ACTUAL_POS] --(BEFORE)--> [EVENT_BEFORE_N/A_ACTUAL_POS] | [EVENT_BEFORE_N/A_ACTUAL_POS] --(BEFORE)--> [EVENT_BEFORE_N/A_ACTUAL_POS] | [EVENT_BEFORE_N/A_ACTUAL_POS] --(BEFORE)--> [EVENT_BEFORE_N/A_ACTUAL_POS] | [EVENT_BEFORE_N/A_ACTUAL_POS] --(BEFORE)--> [EVENT_BEFORE_N/A_ACTUAL_POS],"""examen"" --(BEFORE)--> ""bilan"" | ""bilan"" --(BEFORE)--> ""bilan"" | ""bilan"" --(BEFORE)--> ""intervention"" | ""intervention"" --(BEFORE)--> ""sortie"" | ""sortie"" --(BEFORE)--> ""perdue"""
136,45,FR100400,[EVENT_BEFORE_N/A_ACTUAL_POS] --(BEFORE)--> [EVENT_BEFORE_N/A_ACTUAL_POS] | [EVENT_BEFORE_N/A_ACTUAL_POS] --(BEFORE)--> [EVENT_BEFORE_N/A_ACTUAL_POS] | [EVENT_BEFORE_N/A_ACTUAL_POS] --(BEFORE)--> [EVENT_BEFORE_N/A_ACTUAL_POS] | [EVENT_BEFORE_N/A_ACTUAL_POS] --(BEFORE)--> [EVENT_BEFORE_N/A_ACTUAL_POS] | [EVENT_BEFORE_N/A_ACTUAL_POS] --(BEFORE)--> [EVENT_BEFORE_N/A_ACTUAL_POS],"""bilan"" --(BEFORE)--> ""Radiographie"" | ""Radiographie"" --(BEFORE)--> ""échographie"" | ""échographie"" --(BEFORE)--> ""scanner"" | ""scanner"" --(BEFORE)--> ""diagnostic"" | ""diagnostic"" --(BEFORE)--> ""opérée"""
136,45,FR100439,[EVENT_BEFORE_N/A_ACTUAL_POS] --(BEFORE)--> [EVENT_BEFORE_N/A_ACTUAL_POS] | [EVENT_BEFORE_N/A_ACTUAL_POS] --(BEFORE)--> [EVENT_BEFORE_N/A_ACTUAL_POS] | [EVENT_BEFORE_N/A_ACTUAL_POS] --(BEFORE)--> [EVENT_BEFORE_N/A_ACTUAL_POS] | [EVENT_BEFORE_N/A_ACTUAL_POS] --(BEFORE)--> [EVENT_BEFORE_N/A_ACTUAL_POS] | [EVENT_BEFORE_N/A_ACTUAL_POS] --(BEFORE)--> [EVENT_BEFORE_N/A_ACTUAL_POS],"""établie"" --(BEFORE)--> ""demandée"" | ""demandée"" --(BEFORE)--> ""examen"" | ""examen"" --(BEFORE)--> ""classée"" | ""classée"" --(BEFORE)--> ""bénéficier"" | ""bénéficier"" --(BEFORE)--> ""nasofibroscopie"""
136,45,FR100480,[EVENT_BEFORE_N/A_ACTUAL_POS] --(BEFORE)--> [EVENT_BEFORE_N/A_ACTUAL_POS] | [EVENT_BEFORE_N/A_ACTUAL_POS] --(BEFORE)--> [EVENT_BEFORE_N/A_ACTUAL_POS] | [EVENT_BEFORE_N/A_ACTUAL_POS] --(BEFORE)--> [EVENT_BEFORE_N/A_ACTUAL_POS] | [EVENT_BEFORE_N/A_ACTUAL_POS] --(BEFORE)--> [EVENT_BEFORE_N/A_ACTUAL_POS] | [EVENT_BEFORE_N/A_ACTUAL_POS] --(BEFORE)--> [EVENT_BEFORE_N/A_ACTUAL_POS],"""installation"" --(BEFORE)--> ""bilan"" | ""bilan"" --(BEFORE)--> ""analyse"" | ""analyse"" --(BEFORE)--> ""amputation"" | ""amputation"" --(BEFORE)--> ""examen"" | ""examen"" --(BEFORE)--> ""bilan"""
136,45,FR100517,[EVENT_BEFORE_N/A_ACTUAL_POS] --(BEFORE)--> [EVENT_BEFORE_N/A_ACTUAL_POS] | [EVENT_BEFORE_N/A_ACTUAL_POS] --(BEFORE)--> [EVENT_BEFORE_N/A_ACTUAL_POS] | [EVENT_BEFORE_N/A_ACTUAL_POS] --(BEFORE)--> [EVENT_BEFORE_N/A_ACTUAL_POS] | [EVENT_BEFORE_N/A_ACTUAL_POS] --(BEFORE)--> [EVENT_BEFORE_N/A_ACTUAL_POS] | [EVENT_BEFORE_N/A_ACTUAL_POS] --(BEFORE)--> [EVENT_BEFORE_N/A_ACTUAL_POS],"""adressée"" --(BEFORE)--> ""examen"" | ""examen"" --(BEFORE)--> ""bilan"" | ""bilan"" --(BEFORE)--> ""électromyogramme"" | ""électromyogramme"" --(BEFORE)--> ""bilan"" | ""bilan"" --(BEFORE)--> ""explorations"""
136,45,FR100519,[EVENT_BEFORE_N/A_ACTUAL_POS] --(BEFORE)--> [EVENT_BEFORE_N/A_ACTUAL_POS] | [EVENT_BEFORE_N/A_ACTUAL_POS] --(BEFORE)--> [EVENT_BEFORE_N/A_ACTUAL_POS] | [EVENT_BEFORE_N/A_ACTUAL_POS] --(BEFORE)--> [EVENT_BEFORE_N/A_ACTUAL_POS] | [EVENT_BEFORE_N/A_ACTUAL_POS] --(BEFORE)--> [EVENT_BEFORE_N/A_ACTUAL_POS] | [EVENT_BEFORE_N/A_ACTUAL_POS] --(BEFORE)--> [EVENT_BEFORE_N/A_ACTUAL_POS],"""hospitalisée"" --(BEFORE)--> ""entrée"" | ""entrée"" --(BEFORE)--> ""bilan"" | ""bilan"" --(BEFORE)--> ""angioscanner"" | ""angioscanner"" --(BEFORE)--> ""échodoppler"" | ""échodoppler"" --(BEFORE)--> ""retenue"""
136,45,FR100589,[EVENT_BEFORE_N/A_ACTUAL_POS] --(BEFORE)--> [EVENT_BEFORE_N/A_ACTUAL_POS] | [EVENT_BEFORE_N/A_ACTUAL_POS] --(BEFORE)--> [EVENT_BEFORE_N/A_ACTUAL_POS] | [EVENT_BEFORE_N/A_ACTUAL_POS] --(BEFORE)--> [EVENT_BEFORE_N/A_ACTUAL_POS] | [EVENT_BEFORE_N/A_ACTUAL_POS] --(BEFORE)--> [EVENT_BEFORE_N/A_ACTUAL_POS] | [EVENT_BEFORE_N/A_ACTUAL_POS] --(BEFORE)--> [EVENT_BEFORE_N/A_ACTUAL_POS],"""lavage"" --(BEFORE)--> ""biopsies"" | ""biopsies"" --(BEFORE)--> ""exploration"" | ""exploration"" --(BEFORE)--> ""hémogramme"" | ""hémogramme"" --(BEFORE)--> ""Cytométrie"" | ""Cytométrie"" --(BEFORE)--> ""biopsie"""
136,45,FR100597,[EVENT_BEFORE_N/A_ACTUAL_POS] --(BEFORE)--> [EVENT_BEFORE_N/A_ACTUAL_POS] | [EVENT_BEFORE_N/A_ACTUAL_POS] --(BEFORE)--> [EVENT_BEFORE_N/A_ACTUAL_POS] | [EVENT_BEFORE_N/A_ACTUAL_POS] --(BEFORE)--> [EVENT_BEFORE_N/A_ACTUAL_POS] | [EVENT_BEFORE_N/A_ACTUAL_POS] --(BEFORE)--> [EVENT_BEFORE_N/A_ACTUAL_POS] | [EVENT_BEFORE_N/A_ACTUAL_POS] --(BEFORE)--> [EVENT_BEFORE_N/A_ACTUAL_POS],"""fibroscopie"" --(BEFORE)--> ""marqueurs"" | ""marqueurs"" --(BEFORE)--> ""décidée"" | ""décidée"" --(BEFORE)--> ""intervention"" | ""intervention"" --(BEFORE)--> ""gestes"" | ""gestes"" --(BEFORE)--> ""suites"""
136,45,FR100611,[EVENT_BEFORE_N/A_ACTUAL_POS] --(BEFORE)--> [EVENT_BEFORE_N/A_ACTUAL_POS] | [EVENT_BEFORE_N/A_ACTUAL_POS] --(BEFORE)--> [EVENT_BEFORE_N/A_ACTUAL_POS] | [EVENT_BEFORE_N/A_ACTUAL_POS] --(BEFORE)--> [EVENT_BEFORE_N/A_ACTUAL_POS] | [EVENT_BEFORE_N/A_ACTUAL_POS] --(BEFORE)--> [EVENT_BEFORE_N/A_ACTUAL_POS] | [EVENT_BEFORE_N/A_ACTUAL_POS] --(BEFORE)--> [EVENT_BEFORE_N/A_ACTUAL_POS],"""IRM"" --(BEFORE)--> ""étude"" | ""étude"" --(BEFORE)--> ""examen"" | ""examen"" --(BEFORE)--> ""PCR"" | ""PCR"" --(BEFORE)--> ""TDM"" | ""TDM"" --(BEFORE)--> ""biopsie"""
136,45,FR100614,[EVENT_BEFORE_N/A_ACTUAL_POS] --(BEFORE)--> [EVENT_BEFORE_N/A_ACTUAL_POS] | [EVENT_BEFORE_N/A_ACTUAL_POS] --(BEFORE)--> [EVENT_BEFORE_N/A_ACTUAL_POS] | [EVENT_BEFORE_N/A_ACTUAL_POS] --(BEFORE)--> [EVENT_BEFORE_N/A_ACTUAL_POS] | [EVENT_BEFORE_N/A_ACTUAL_POS] --(BEFORE)--> [EVENT_BEFORE_N/A_ACTUAL_POS] | [EVENT_BEFORE_N/A_ACTUAL_POS] --(BEFORE)--> [EVENT_BEFORE_N/A_ACTUAL_POS],"""examen"" --(BEFORE)--> ""échographique"" | ""échographique"" --(BEFORE)--> ""tomodensitométrie"" | ""tomodensitométrie"" --(BEFORE)--> ""radiographie"" | ""radiographie"" --(BEFORE)--> ""taux"" | ""taux"" --(BEFORE)--> ""exploration"""
136,45,FR100620,[EVENT_BEFORE_N/A_ACTUAL_POS] --(BEFORE)--> [EVENT_BEFORE_N/A_ACTUAL_POS] | [EVENT_BEFORE_N/A_ACTUAL_POS] --(BEFORE)--> [EVENT_BEFORE_N/A_ACTUAL_POS] | [EVENT_BEFORE_N/A_ACTUAL_POS] --(BEFORE)--> [EVENT_BEFORE_N/A_ACTUAL_POS] | [EVENT_BEFORE_N/A_ACTUAL_POS] --(BEFORE)--> [EVENT_BEFORE_N/A_ACTUAL_POS] | [EVENT_BEFORE_N/A_ACTUAL_POS] --(BEFORE)--> [EVENT_BEFORE_N/A_ACTUAL_POS],"""radiographie"" --(BEFORE)--> ""demandé"" | ""demandé"" --(BEFORE)--> ""aspect"" | ""aspect"" --(BEFORE)--> ""bronchoscopie"" | ""bronchoscopie"" --(BEFORE)--> ""bilan"" | ""bilan"" --(BEFORE)--> ""bilan"""
136,45,FR100623,[EVENT_BEFORE_N/A_ACTUAL_POS] --(BEFORE)--> [EVENT_BEFORE_N/A_ACTUAL_POS] | [EVENT_BEFORE_N/A_ACTUAL_POS] --(BEFORE)--> [EVENT_BEFORE_N/A_ACTUAL_POS] | [EVENT_BEFORE_N/A_ACTUAL_POS] --(BEFORE)--> [EVENT_BEFORE_N/A_ACTUAL_POS] | [EVENT_BEFORE_N/A_ACTUAL_POS] --(BEFORE)--> [EVENT_BEFORE_N/A_ACTUAL_POS] | [EVENT_BEFORE_N/A_ACTUAL_POS] --(BEFORE)--> [EVENT_BEFORE_N/A_ACTUAL_POS],"""examen"" --(BEFORE)--> ""échographie"" | ""échographie"" --(BEFORE)--> ""tomodensitométrie"" | ""tomodensitométrie"" --(BEFORE)--> ""retenu"" | ""retenu"" --(BEFORE)--> ""prise"" | ""prise"" --(BEFORE)--> ""analyse"""
136,45,FR100629,[EVENT_BEFORE_N/A_ACTUAL_POS] --(BEFORE)--> [EVENT_BEFORE_N/A_ACTUAL_POS] | [EVENT_BEFORE_N/A_ACTUAL_POS] --(BEFORE)--> [EVENT_BEFORE_N/A_ACTUAL_POS] | [EVENT_BEFORE_N/A_ACTUAL_POS] --(BEFORE)--> [EVENT_BEFORE_N/A_ACTUAL_POS] | [EVENT_BEFORE_N/A_ACTUAL_POS] --(BEFORE)--> [EVENT_BEFORE_N/A_ACTUAL_POS] | [EVENT_BEFORE_N/A_ACTUAL_POS] --(BEFORE)--> [EVENT_BEFORE_N/A_ACTUAL_POS],"""radiographie"" --(BEFORE)--> ""thoracoscopie"" | ""thoracoscopie"" --(BEFORE)--> ""marquage"" | ""marquage"" --(BEFORE)--> ""bilan"" | ""bilan"" --(BEFORE)--> ""décision"" | ""décision"" --(BEFORE)--> ""chimiothérapie"""
136,45,FR100632,[EVENT_BEFORE_N/A_ACTUAL_POS] --(BEFORE)--> [EVENT_BEFORE_N/A_ACTUAL_POS] | [EVENT_BEFORE_N/A_ACTUAL_POS] --(BEFORE)--> [EVENT_BEFORE_N/A_ACTUAL_POS] | [EVENT_BEFORE_N/A_ACTUAL_POS] --(BEFORE)--> [EVENT_BEFORE_N/A_ACTUAL_POS] | [EVENT_BEFORE_N/A_ACTUAL_POS] --(BEFORE)--> [EVENT_BEFORE_N/A_ACTUAL_POS] | [EVENT_BEFORE_N/A_ACTUAL_POS] --(BEFORE)--> [EVENT_BEFORE_N/A_ACTUAL_POS],"""numération"" --(BEFORE)--> ""bilan"" | ""bilan"" --(BEFORE)--> ""enquête"" | ""enquête"" --(BEFORE)--> ""étude"" | ""étude"" --(BEFORE)--> ""radiographie"" | ""radiographie"" --(BEFORE)--> ""examen"""
136,45,FR100663,[EVENT_BEFORE_N/A_ACTUAL_POS] --(BEFORE)--> [EVENT_BEFORE_N/A_ACTUAL_POS] | [EVENT_BEFORE_N/A_ACTUAL_POS] --(BEFORE)--> [EVENT_BEFORE_N/A_ACTUAL_POS] | [EVENT_BEFORE_N/A_ACTUAL_POS] --(BEFORE)--> [EVENT_BEFORE_N/A_ACTUAL_POS] | [EVENT_BEFORE_N/A_ACTUAL_POS] --(BEFORE)--> [EVENT_BEFORE_N/A_ACTUAL_POS] | [EVENT_BEFORE_N/A_ACTUAL_POS] --(BEFORE)--> [EVENT_BEFORE_N/A_ACTUAL_POS],"""ligature"" --(BEFORE)--> ""incisée"" | ""incisée"" --(BEFORE)--> ""vérifié"" | ""vérifié"" --(BEFORE)--> ""reprise"" | ""reprise"" --(BEFORE)--> ""fermé"" | ""fermé"" --(BEFORE)--> ""sortie"""
136,45,FR100666,[EVENT_BEFORE_N/A_ACTUAL_POS] --(BEFORE)--> [EVENT_BEFORE_N/A_ACTUAL_POS] | [EVENT_BEFORE_N/A_ACTUAL_POS] --(BEFORE)--> [EVENT_BEFORE_N/A_ACTUAL_POS] | [EVENT_BEFORE_N/A_ACTUAL_POS] --(BEFORE)--> [EVENT_BEFORE_N/A_ACTUAL_POS] | [EVENT_BEFORE_N/A_ACTUAL_POS] --(BEFORE)--> [EVENT_BEFORE_N/A_ACTUAL_POS] | [EVENT_BEFORE_N/A_ACTUAL_POS] --(BEFORE)--> [EVENT_BEFORE_N/A_ACTUAL_POS],"""étude"" --(BEFORE)--> ""adressé"" | ""adressé"" --(BEFORE)--> ""bilan"" | ""bilan"" --(BEFORE)--> ""myologramme"" | ""myologramme"" --(BEFORE)--> ""bilan"" | ""bilan"" --(BEFORE)--> ""classé"""
136,45,FR100688,[EVENT_BEFORE_N/A_ACTUAL_POS] --(BEFORE)--> [EVENT_BEFORE_N/A_ACTUAL_POS] | [EVENT_BEFORE_N/A_ACTUAL_POS] --(BEFORE)--> [EVENT_BEFORE_N/A_ACTUAL_POS] | [EVENT_BEFORE_N/A_ACTUAL_POS] --(BEFORE)--> [EVENT_BEFORE_N/A_ACTUAL_POS] | [EVENT_BEFORE_N/A_ACTUAL_POS] --(BEFORE)--> [EVENT_BEFORE_N/A_ACTUAL_POS] | [EVENT_BEFORE_N/A_ACTUAL_POS] --(BEFORE)--> [EVENT_BEFORE_N/A_ACTUAL_POS],"""examen"" --(BEFORE)--> ""examen"" | ""examen"" --(BEFORE)--> ""sérologie"" | ""sérologie"" --(BEFORE)--> ""radiographie"" | ""radiographie"" --(BEFORE)--> ""échographie"" | ""échographie"" --(BEFORE)--> ""radiographie"""
136,45,FR100689,[EVENT_BEFORE_N/A_ACTUAL_POS] --(BEFORE)--> [EVENT_BEFORE_N/A_ACTUAL_POS] | [EVENT_BEFORE_N/A_ACTUAL_POS] --(BEFORE)--> [EVENT_BEFORE_N/A_ACTUAL_POS] | [EVENT_BEFORE_N/A_ACTUAL_POS] --(BEFORE)--> [EVENT_BEFORE_N/A_ACTUAL_POS] | [EVENT_BEFORE_N/A_ACTUAL_POS] --(BEFORE)--> [EVENT_BEFORE_N/A_ACTUAL_POS] | [EVENT_BEFORE_N/A_ACTUAL_POS] --(BEFORE)--> [EVENT_BEFORE_N/A_ACTUAL_POS],"""hémogramme"" --(BEFORE)--> ""ionogramme"" | ""ionogramme"" --(BEFORE)--> ""examen"" | ""examen"" --(BEFORE)--> ""retenu"" | ""retenu"" --(BEFORE)--> ""traitement"" | ""traitement"" --(BEFORE)--> ""corticothérapie"""
136,45,FR100697,[EVENT_BEFORE_N/A_ACTUAL_POS] --(BEFORE)--> [EVENT_BEFORE_N/A_ACTUAL_POS] | [EVENT_BEFORE_N/A_ACTUAL_POS] --(BEFORE)--> [EVENT_BEFORE_N/A_ACTUAL_POS] | [EVENT_BEFORE_N/A_ACTUAL_POS] --(BEFORE)--> [EVENT_BEFORE_N/A_ACTUAL_POS] | [EVENT_BEFORE_N/A_ACTUAL_POS] --(BEFORE)--> [EVENT_BEFORE_N/A_ACTUAL_POS] | [EVENT_BEFORE_N/A_ACTUAL_POS] --(BEFORE)--> [EVENT_BEFORE_N/A_ACTUAL_POS],"""palpation"" --(BEFORE)--> ""examen"" | ""examen"" --(BEFORE)--> ""mammographie"" | ""mammographie"" --(BEFORE)--> ""échographie"" | ""échographie"" --(BEFORE)--> ""examen"" | ""examen"" --(BEFORE)--> ""immunomarquage"""
136,45,FR100717,[EVENT_BEFORE_N/A_ACTUAL_POS] --(BEFORE)--> [EVENT_BEFORE_N/A_ACTUAL_POS] | [EVENT_BEFORE_N/A_ACTUAL_POS] --(BEFORE)--> [EVENT_BEFORE_N/A_ACTUAL_POS] | [EVENT_BEFORE_N/A_ACTUAL_POS] --(BEFORE)--> [EVENT_BEFORE_N/A_ACTUAL_POS] | [EVENT_BEFORE_N/A_ACTUAL_POS] --(BEFORE)--> [EVENT_BEFORE_N/A_ACTUAL_POS] | [EVENT_BEFORE_N/A_ACTUAL_POS] --(BEFORE)--> [EVENT_BEFORE_N/A_ACTUAL_POS],"""consulté"" --(BEFORE)--> ""traitement"" | ""traitement"" --(BEFORE)--> ""examen"" | ""examen"" --(BEFORE)--> ""examens"" | ""examens"" --(BEFORE)--> ""scanner"" | ""scanner"" --(BEFORE)--> ""IRM"""
136,45,FR100806,[EVENT_BEFORE_N/A_ACTUAL_POS] --(BEFORE)--> [EVENT_BEFORE_N/A_ACTUAL_POS] | [EVENT_BEFORE_N/A_ACTUAL_POS] --(BEFORE)--> [EVENT_BEFORE_N/A_ACTUAL_POS] | [EVENT_BEFORE_N/A_ACTUAL_POS] --(BEFORE)--> [EVENT_BEFORE_N/A_ACTUAL_POS] | [EVENT_BEFORE_N/A_ACTUAL_POS] --(BEFORE)--> [EVENT_BEFORE_N/A_ACTUAL_POS] | [EVENT_BEFORE_N/A_ACTUAL_POS] --(BEFORE)--> [EVENT_BEFORE_N/A_ACTUAL_POS],"""prise"" --(BEFORE)--> ""référée"" | ""référée"" --(BEFORE)--> ""examen"" | ""examen"" --(BEFORE)--> ""biologie"" | ""biologie"" --(BEFORE)--> ""hospitalisée"" | ""hospitalisée"" --(BEFORE)--> ""dialyse"""
136,45,FR100826,[EVENT_BEFORE_N/A_ACTUAL_POS] --(BEFORE)--> [EVENT_BEFORE_N/A_ACTUAL_POS] | [EVENT_BEFORE_N/A_ACTUAL_POS] --(BEFORE)--> [EVENT_BEFORE_N/A_ACTUAL_POS] | [EVENT_BEFORE_N/A_ACTUAL_POS] --(BEFORE)--> [EVENT_BEFORE_N/A_ACTUAL_POS] | [EVENT_BEFORE_N/A_ACTUAL_POS] --(BEFORE)--> [EVENT_BEFORE_N/A_ACTUAL_POS] | [EVENT_BEFORE_N/A_ACTUAL_POS] --(BEFORE)--> [EVENT_BEFORE_N/A_ACTUAL_POS],"""examen"" --(BEFORE)--> ""bilan"" | ""bilan"" --(BEFORE)--> ""bilan"" | ""bilan"" --(BEFORE)--> ""retenue"" | ""retenue"" --(BEFORE)--> ""exploration"" | ""exploration"" --(BEFORE)--> ""suites"""
136,45,FR100845,[EVENT_BEFORE_N/A_ACTUAL_POS] --(BEFORE)--> [EVENT_BEFORE_N/A_ACTUAL_POS] | [EVENT_BEFORE_N/A_ACTUAL_POS] --(BEFORE)--> [EVENT_BEFORE_N/A_ACTUAL_POS] | [EVENT_BEFORE_N/A_ACTUAL_POS] --(BEFORE)--> [EVENT_BEFORE_N/A_ACTUAL_POS] | [EVENT_BEFORE_N/A_ACTUAL_POS] --(BEFORE)--> [EVENT_BEFORE_N/A_ACTUAL_POS] | [EVENT_BEFORE_N/A_ACTUAL_POS] --(BEFORE)--> [EVENT_BEFORE_N/A_ACTUAL_POS],"""extraction"" --(BEFORE)--> ""examen"" | ""examen"" --(BEFORE)--> ""examinés"" | ""examinés"" --(BEFORE)--> ""détresse"" | ""détresse"" --(BEFORE)--> ""intubée"" | ""intubée"" --(BEFORE)--> ""ventilées"""
136,45,FR100870,[EVENT_BEFORE_N/A_ACTUAL_POS] --(BEFORE)--> [EVENT_BEFORE_N/A_ACTUAL_POS] | [EVENT_BEFORE_N/A_ACTUAL_POS] --(BEFORE)--> [EVENT_BEFORE_N/A_ACTUAL_POS] | [EVENT_BEFORE_N/A_ACTUAL_POS] --(BEFORE)--> [EVENT_BEFORE_N/A_ACTUAL_POS] | [EVENT_BEFORE_N/A_ACTUAL_POS] --(BEFORE)--> [EVENT_BEFORE_N/A_ACTUAL_POS] | [EVENT_BEFORE_N/A_ACTUAL_POS] --(BEFORE)--> [EVENT_BEFORE_N/A_ACTUAL_POS],"""hémogramme"" --(BEFORE)--> ""bilan"" | ""bilan"" --(BEFORE)--> ""IRM"" | ""IRM"" --(BEFORE)--> ""électrophorèse"" | ""électrophorèse"" --(BEFORE)--> ""immunosoustraction"" | ""immunosoustraction"" --(BEFORE)--> ""typer"""
136,45,FR100874,[EVENT_BEFORE_N/A_ACTUAL_POS] --(BEFORE)--> [EVENT_BEFORE_N/A_ACTUAL_POS] | [EVENT_BEFORE_N/A_ACTUAL_POS] --(BEFORE)--> [EVENT_BEFORE_N/A_ACTUAL_POS] | [EVENT_BEFORE_N/A_ACTUAL_POS] --(BEFORE)--> [EVENT_BEFORE_N/A_ACTUAL_POS] | [EVENT_BEFORE_N/A_ACTUAL_POS] --(BEFORE)--> [EVENT_BEFORE_N/A_ACTUAL_POS] | [EVENT_BEFORE_N/A_ACTUAL_POS] --(BEFORE)--> [EVENT_BEFORE_N/A_ACTUAL_POS],"""hémogramme"" --(BEFORE)--> ""fibroscopie"" | ""fibroscopie"" --(BEFORE)--> ""transit"" | ""transit"" --(BEFORE)--> ""tomodensitométrie"" | ""tomodensitométrie"" --(BEFORE)--> ""retenu"" | ""retenu"" --(BEFORE)--> ""mise"""
136,45,FR100903,[EVENT_BEFORE_N/A_ACTUAL_POS] --(BEFORE)--> [EVENT_BEFORE_N/A_ACTUAL_POS] | [EVENT_BEFORE_N/A_ACTUAL_POS] --(BEFORE)--> [EVENT_BEFORE_N/A_ACTUAL_POS] | [EVENT_BEFORE_N/A_ACTUAL_POS] --(BEFORE)--> [EVENT_BEFORE_N/A_ACTUAL_POS] | [EVENT_BEFORE_N/A_ACTUAL_POS] --(BEFORE)--> [EVENT_BEFORE_N/A_ACTUAL_POS] | [EVENT_BEFORE_N/A_ACTUAL_POS] --(BEFORE)--> [EVENT_BEFORE_N/A_ACTUAL_POS],"""demandée"" --(BEFORE)--> ""IRM"" | ""IRM"" --(BEFORE)--> ""diagnostic"" | ""diagnostic"" --(BEFORE)--> ""écarté"" | ""écarté"" --(BEFORE)--> ""contrôles"" | ""contrôles"" --(BEFORE)--> ""accouchement"""
136,45,FR100946,[EVENT_BEFORE_N/A_ACTUAL_POS] --(BEFORE)--> [EVENT_BEFORE_N/A_ACTUAL_POS] | [EVENT_BEFORE_N/A_ACTUAL_POS] --(BEFORE)--> [EVENT_BEFORE_N/A_ACTUAL_POS] | [EVENT_BEFORE_N/A_ACTUAL_POS] --(BEFORE)--> [EVENT_BEFORE_N/A_ACTUAL_POS] | [EVENT_BEFORE_N/A_ACTUAL_POS] --(BEFORE)--> [EVENT_BEFORE_N/A_ACTUAL_POS] | [EVENT_BEFORE_N/A_ACTUAL_POS] --(BEFORE)--> [EVENT_BEFORE_N/A_ACTUAL_POS],"""examen"" --(BEFORE)--> ""IRM"" | ""IRM"" --(BEFORE)--> ""analyse"" | ""analyse"" --(BEFORE)--> ""mise"" | ""mise"" --(BEFORE)--> ""analyse"" | ""analyse"" --(BEFORE)--> ""mise"""
136,45,FR100996,[EVENT_BEFORE_N/A_ACTUAL_POS] --(BEFORE)--> [EVENT_BEFORE_N/A_ACTUAL_POS] | [EVENT_BEFORE_N/A_ACTUAL_POS] --(BEFORE)--> [EVENT_BEFORE_N/A_ACTUAL_POS] | [EVENT_BEFORE_N/A_ACTUAL_POS] --(BEFORE)--> [EVENT_BEFORE_N/A_ACTUAL_POS] | [EVENT_BEFORE_N/A_ACTUAL_POS] --(BEFORE)--> [EVENT_BEFORE_N/A_ACTUAL_POS] | [EVENT_BEFORE_N/A_ACTUAL_POS] --(BEFORE)--> [EVENT_BEFORE_N/A_ACTUAL_POS],"""consulté"" --(BEFORE)--> ""examen"" | ""examen"" --(BEFORE)--> ""tomodensitométrie"" | ""tomodensitométrie"" --(BEFORE)--> ""injection"" | ""injection"" --(BEFORE)--> ""retenu"" | ""retenu"" --(BEFORE)--> ""chirurgical"""
183,45,FR100120,[EVENT_BEFORE_N/A_ACTUAL_POS] --(BEFORE)--> [EVENT_BEFORE_N/A_ACTUAL_POS] | [EVENT_BEFORE_N/A_ACTUAL_POS] --(BEFORE)--> [EVENT_BEFORE_N/A_ACTUAL_POS] | [EVENT_BEFORE_N/A_ACTUAL_POS] --(BEFORE)--> [EVENT_BEFORE_N/A_ACTUAL_POS],"""traitement"" --(BEFORE)--> ""retirées"" | ""traitement"" --(BEFORE)--> ""sailli"" | ""retirées"" --(BEFORE)--> ""conclure"""
183,45,FR100130,[EVENT_BEFORE_N/A_ACTUAL_POS] --(BEFORE)--> [EVENT_BEFORE_N/A_ACTUAL_POS] | [EVENT_BEFORE_N/A_ACTUAL_POS] --(BEFORE)--> [EVENT_BEFORE_N/A_ACTUAL_POS] | [EVENT_BEFORE_N/A_ACTUAL_POS] --(BEFORE)--> [EVENT_BEFORE_N/A_ACTUAL_POS],"""glycémie"" --(BEFORE)--> ""confirmé"" | ""glycémie"" --(BEFORE)--> ""bilan"" | ""confirmé"" --(BEFORE)--> ""recherche"""
183,45,FR100142,[EVENT_BEFORE_N/A_ACTUAL_POS] --(BEFORE)--> [EVENT_BEFORE_N/A_ACTUAL_POS] | [EVENT_BEFORE_N/A_ACTUAL_POS] --(BEFORE)--> [EVENT_BEFORE_N/A_ACTUAL_POS] | [EVENT_BEFORE_N/A_ACTUAL_POS] --(BEFORE)--> [EVENT_BEFORE_N/A_ACTUAL_POS],"""fibroscopie"" --(BEFORE)--> ""biopsie"" | ""fibroscopie"" --(BEFORE)--> ""colonoscopie"" | ""biopsie"" --(BEFORE)--> ""mis"""
183,45,FR100161,[EVENT_BEFORE_N/A_ACTUAL_POS] --(BEFORE)--> [EVENT_BEFORE_N/A_ACTUAL_POS] | [EVENT_BEFORE_N/A_ACTUAL_POS] --(BEFORE)--> [EVENT_BEFORE_N/A_ACTUAL_POS] | [EVENT_BEFORE_N/A_ACTUAL_POS] --(BEFORE)--> [EVENT_BEFORE_N/A_ACTUAL_POS],"""cortisol"" --(BEFORE)--> ""exérèse"" | ""cortisol"" --(BEFORE)--> ""dérivés"" | ""exérèse"" --(BEFORE)--> ""examen"""
183,45,FR100168,[EVENT_BEFORE_N/A_ACTUAL_POS] --(BEFORE)--> [EVENT_BEFORE_N/A_ACTUAL_POS] | [EVENT_BEFORE_N/A_ACTUAL_POS] --(BEFORE)--> [EVENT_BEFORE_N/A_ACTUAL_POS] | [EVENT_BEFORE_N/A_ACTUAL_POS] --(BEFORE)--> [EVENT_BEFORE_N/A_ACTUAL_POS],"""examen"" --(BEFORE)--> ""bilan"" | ""examen"" --(BEFORE)--> ""intervention"" | ""bilan"" --(BEFORE)--> ""dissection"""
183,45,FR100255,[EVENT_BEFORE_N/A_ACTUAL_POS] --(BEFORE)--> [EVENT_BEFORE_N/A_ACTUAL_POS] | [EVENT_BEFORE_N/A_ACTUAL_POS] --(BEFORE)--> [EVENT_BEFORE_N/A_ACTUAL_POS] | [EVENT_BEFORE_N/A_ACTUAL_POS] --(BEFORE)--> [EVENT_BEFORE_N/A_ACTUAL_POS],"""mise"" --(BEFORE)--> ""réveillée"" | ""mise"" --(BEFORE)--> ""traitement"" | ""réveillée"" --(BEFORE)--> ""radio"""
183,45,FR100276,[EVENT_BEFORE_N/A_ACTUAL_POS] --(BEFORE)--> [EVENT_BEFORE_N/A_ACTUAL_POS] | [EVENT_BEFORE_N/A_ACTUAL_POS] --(BEFORE)--> [EVENT_BEFORE_N/A_ACTUAL_POS] | [EVENT_BEFORE_N/A_ACTUAL_POS] --(BEFORE)--> [EVENT_BEFORE_N/A_ACTUAL_POS],"""accouchement"" --(BEFORE)--> ""reste"" | ""accouchement"" --(BEFORE)--> ""poids"" | ""reste"" --(BEFORE)--> ""bilan"""
183,45,FR100283,[EVENT_BEFORE_N/A_ACTUAL_POS] --(BEFORE)--> [EVENT_BEFORE_N/A_ACTUAL_POS] | [EVENT_BEFORE_N/A_ACTUAL_POS] --(BEFORE)--> [EVENT_BEFORE_N/A_ACTUAL_POS] | [EVENT_BEFORE_N/A_ACTUAL_POS] --(BEFORE)--> [EVENT_BEFORE_N/A_ACTUAL_POS],"""bilan"" --(BEFORE)--> ""IRM"" | ""bilan"" --(BEFORE)--> ""ponction"" | ""IRM"" --(BEFORE)--> ""hypophysiogramme"""
183,45,FR100344,[EVENT_BEFORE_N/A_ACTUAL_POS] --(BEFORE)--> [EVENT_BEFORE_N/A_ACTUAL_POS] | [EVENT_BEFORE_N/A_ACTUAL_POS] --(BEFORE)--> [EVENT_BEFORE_N/A_ACTUAL_POS] | [EVENT_BEFORE_N/A_ACTUAL_POS] --(BEFORE)--> [EVENT_BEFORE_N/A_ACTUAL_POS],"""développé"" --(BEFORE)--> ""contrôle"" | ""développé"" --(BEFORE)--> ""suivie"" | ""contrôle"" --(BEFORE)--> ""tombée"""
183,45,FR100360,[EVENT_BEFORE_N/A_ACTUAL_POS] --(BEFORE)--> [EVENT_BEFORE_N/A_ACTUAL_POS] | [EVENT_BEFORE_N/A_ACTUAL_POS] --(BEFORE)--> [EVENT_BEFORE_N/A_ACTUAL_POS] | [EVENT_BEFORE_N/A_ACTUAL_POS] --(BEFORE)--> [EVENT_BEFORE_N/A_ACTUAL_POS],"""biopsie"" --(BEFORE)--> ""tomodensitométrie"" | ""biopsie"" --(BEFORE)--> ""étude"" | ""tomodensitométrie"" --(BEFORE)--> ""radiothérapie"""
183,45,FR100371,[EVENT_BEFORE_N/A_ACTUAL_POS] --(BEFORE)--> [EVENT_BEFORE_N/A_ACTUAL_POS] | [EVENT_BEFORE_N/A_ACTUAL_POS] --(BEFORE)--> [EVENT_BEFORE_N/A_ACTUAL_POS] | [EVENT_BEFORE_N/A_ACTUAL_POS] --(BEFORE)--> [EVENT_BEFORE_N/A_ACTUAL_POS],"""incision"" --(BEFORE)--> ""envoyée"" | ""incision"" --(BEFORE)--> ""suite"" | ""envoyée"" --(BEFORE)--> ""examen"""
183,45,FR100400,[EVENT_BEFORE_N/A_ACTUAL_POS] --(BEFORE)--> [EVENT_BEFORE_N/A_ACTUAL_POS] | [EVENT_BEFORE_N/A_ACTUAL_POS] --(BEFORE)--> [EVENT_BEFORE_N/A_ACTUAL_POS] | [EVENT_BEFORE_N/A_ACTUAL_POS] --(BEFORE)--> [EVENT_BEFORE_N/A_ACTUAL_POS],"""bilan"" --(BEFORE)--> ""Radiographie"" | ""bilan"" --(BEFORE)--> ""sérologie"" | ""Radiographie"" --(BEFORE)--> ""échographie"""
183,45,FR100439,[EVENT_BEFORE_N/A_ACTUAL_POS] --(BEFORE)--> [EVENT_BEFORE_N/A_ACTUAL_POS] | [EVENT_BEFORE_N/A_ACTUAL_POS] --(BEFORE)--> [EVENT_BEFORE_N/A_ACTUAL_POS] | [EVENT_BEFORE_N/A_ACTUAL_POS] --(BEFORE)--> [EVENT_BEFORE_N/A_ACTUAL_POS],"""demandée"" --(BEFORE)--> ""examen"" | ""demandée"" --(BEFORE)--> ""déterminer"" | ""examen"" --(BEFORE)--> ""classée"""
183,45,FR100480,[EVENT_BEFORE_N/A_ACTUAL_POS] --(BEFORE)--> [EVENT_BEFORE_N/A_ACTUAL_POS] | [EVENT_BEFORE_N/A_ACTUAL_POS] --(BEFORE)--> [EVENT_BEFORE_N/A_ACTUAL_POS] | [EVENT_BEFORE_N/A_ACTUAL_POS] --(BEFORE)--> [EVENT_BEFORE_N/A_ACTUAL_POS],"""bilan"" --(BEFORE)--> ""analyse"" | ""bilan"" --(BEFORE)--> ""biopsie"" | ""analyse"" --(BEFORE)--> ""amputation"""
183,45,FR100515,[EVENT_BEFORE_N/A_ACTUAL_POS] --(BEFORE)--> [EVENT_BEFORE_N/A_ACTUAL_POS] | [EVENT_BEFORE_N/A_ACTUAL_POS] --(BEFORE)--> [EVENT_BEFORE_N/A_ACTUAL_POS] | [EVENT_BEFORE_N/A_ACTUAL_POS] --(BEFORE)--> [EVENT_BEFORE_N/A_ACTUAL_POS],"""testing"" --(BEFORE)--> ""dosage"" | ""testing"" --(BEFORE)--> ""électromyogramme"" | ""dosage"" --(BEFORE)--> ""bilan"""
183,45,FR100519,[EVENT_BEFORE_N/A_ACTUAL_POS] --(BEFORE)--> [EVENT_BEFORE_N/A_ACTUAL_POS] | [EVENT_BEFORE_N/A_ACTUAL_POS] --(BEFORE)--> [EVENT_BEFORE_N/A_ACTUAL_POS] | [EVENT_BEFORE_N/A_ACTUAL_POS] --(BEFORE)--> [EVENT_BEFORE_N/A_ACTUAL_POS],"""hospitalisée"" --(BEFORE)--> ""entrée"" | ""hospitalisée"" --(BEFORE)--> ""transférée"" | ""entrée"" --(BEFORE)--> ""bilan"""
183,45,FR100579,[EVENT_BEFORE_N/A_ACTUAL_POS] --(BEFORE)--> [EVENT_BEFORE_N/A_ACTUAL_POS] | [EVENT_BEFORE_N/A_ACTUAL_POS] --(BEFORE)--> [EVENT_BEFORE_N/A_ACTUAL_POS] | [EVENT_BEFORE_N/A_ACTUAL_POS] --(BEFORE)--> [EVENT_BEFORE_N/A_ACTUAL_POS],"""échocardiographie"" --(BEFORE)--> ""angio-scanner"" | ""échocardiographie"" --(BEFORE)--> ""bilan"" | ""angio-scanner"" --(BEFORE)--> ""imagerie"""
183,45,FR100589,[EVENT_BEFORE_N/A_ACTUAL_POS] --(BEFORE)--> [EVENT_BEFORE_N/A_ACTUAL_POS] | [EVENT_BEFORE_N/A_ACTUAL_POS] --(BEFORE)--> [EVENT_BEFORE_N/A_ACTUAL_POS] | [EVENT_BEFORE_N/A_ACTUAL_POS] --(BEFORE)--> [EVENT_BEFORE_N/A_ACTUAL_POS],"""caryotype"" --(BEFORE)--> ""sérologie"" | ""caryotype"" --(BEFORE)--> ""biopsie"" | ""sérologie"" --(BEFORE)--> ""diagnostic"""
183,45,FR100597,[EVENT_BEFORE_N/A_ACTUAL_POS] --(BEFORE)--> [EVENT_BEFORE_N/A_ACTUAL_POS] | [EVENT_BEFORE_N/A_ACTUAL_POS] --(BEFORE)--> [EVENT_BEFORE_N/A_ACTUAL_POS] | [EVENT_BEFORE_N/A_ACTUAL_POS] --(BEFORE)--> [EVENT_BEFORE_N/A_ACTUAL_POS],"""fibroscopie"" --(BEFORE)--> ""marqueurs"" | ""fibroscopie"" --(BEFORE)--> ""coloscopie"" | ""marqueurs"" --(BEFORE)--> ""décidée"""
183,45,FR100611,[EVENT_BEFORE_N/A_ACTUAL_POS] --(BEFORE)--> [EVENT_BEFORE_N/A_ACTUAL_POS] | [EVENT_BEFORE_N/A_ACTUAL_POS] --(BEFORE)--> [EVENT_BEFORE_N/A_ACTUAL_POS] | [EVENT_BEFORE_N/A_ACTUAL_POS] --(BEFORE)--> [EVENT_BEFORE_N/A_ACTUAL_POS],"""examen"" --(BEFORE)--> ""PCR"" | ""examen"" --(BEFORE)--> ""cultures"" | ""PCR"" --(BEFORE)--> ""TDM"""
183,45,FR100614,[EVENT_BEFORE_N/A_ACTUAL_POS] --(BEFORE)--> [EVENT_BEFORE_N/A_ACTUAL_POS] | [EVENT_BEFORE_N/A_ACTUAL_POS] --(BEFORE)--> [EVENT_BEFORE_N/A_ACTUAL_POS] | [EVENT_BEFORE_N/A_ACTUAL_POS] --(BEFORE)--> [EVENT_BEFORE_N/A_ACTUAL_POS],"""radiographie"" --(BEFORE)--> ""taux"" | ""radiographie"" --(BEFORE)--> ""échographie"" | ""taux"" --(BEFORE)--> ""exploration"""
183,45,FR100620,[EVENT_BEFORE_N/A_ACTUAL_POS] --(BEFORE)--> [EVENT_BEFORE_N/A_ACTUAL_POS] | [EVENT_BEFORE_N/A_ACTUAL_POS] --(BEFORE)--> [EVENT_BEFORE_N/A_ACTUAL_POS] | [EVENT_BEFORE_N/A_ACTUAL_POS] --(BEFORE)--> [EVENT_BEFORE_N/A_ACTUAL_POS],"""demandé"" --(BEFORE)--> ""aspect"" | ""demandé"" --(BEFORE)--> ""complément"" | ""aspect"" --(BEFORE)--> ""bronchoscopie"""
183,45,FR100623,[EVENT_BEFORE_N/A_ACTUAL_POS] --(BEFORE)--> [EVENT_BEFORE_N/A_ACTUAL_POS] | [EVENT_BEFORE_N/A_ACTUAL_POS] --(BEFORE)--> [EVENT_BEFORE_N/A_ACTUAL_POS] | [EVENT_BEFORE_N/A_ACTUAL_POS] --(BEFORE)--> [EVENT_BEFORE_N/A_ACTUAL_POS],"""examen"" --(BEFORE)--> ""échographie"" | ""examen"" --(BEFORE)--> ""bilan"" | ""échographie"" --(BEFORE)--> ""tomodensitométrie"""
183,45,FR100629,[EVENT_BEFORE_N/A_ACTUAL_POS] --(BEFORE)--> [EVENT_BEFORE_N/A_ACTUAL_POS] | [EVENT_BEFORE_N/A_ACTUAL_POS] --(BEFORE)--> [EVENT_BEFORE_N/A_ACTUAL_POS] | [EVENT_BEFORE_N/A_ACTUAL_POS] --(BEFORE)--> [EVENT_BEFORE_N/A_ACTUAL_POS],"""radiographie"" --(BEFORE)--> ""thoracoscopie"" | ""radiographie"" --(BEFORE)--> ""TDM"" | ""thoracoscopie"" --(BEFORE)--> ""marquage"""
183,45,FR100632,[EVENT_BEFORE_N/A_ACTUAL_POS] --(BEFORE)--> [EVENT_BEFORE_N/A_ACTUAL_POS] | [EVENT_BEFORE_N/A_ACTUAL_POS] --(BEFORE)--> [EVENT_BEFORE_N/A_ACTUAL_POS] | [EVENT_BEFORE_N/A_ACTUAL_POS] --(BEFORE)--> [EVENT_BEFORE_N/A_ACTUAL_POS],"""numération"" --(BEFORE)--> ""bilan"" | ""numération"" --(BEFORE)--> ""vitesse"" | ""bilan"" --(BEFORE)--> ""enquête"""
183,45,FR100663,[EVENT_BEFORE_N/A_ACTUAL_POS] --(BEFORE)--> [EVENT_BEFORE_N/A_ACTUAL_POS] | [EVENT_BEFORE_N/A_ACTUAL_POS] --(BEFORE)--> [EVENT_BEFORE_N/A_ACTUAL_POS] | [EVENT_BEFORE_N/A_ACTUAL_POS] --(BEFORE)--> [EVENT_BEFORE_N/A_ACTUAL_POS],"""ligature"" --(BEFORE)--> ""incisée"" | ""ligature"" --(BEFORE)--> ""libération"" | ""incisée"" --(BEFORE)--> ""vérifié"""
183,45,FR100666,[EVENT_BEFORE_N/A_ACTUAL_POS] --(BEFORE)--> [EVENT_BEFORE_N/A_ACTUAL_POS] | [EVENT_BEFORE_N/A_ACTUAL_POS] --(BEFORE)--> [EVENT_BEFORE_N/A_ACTUAL_POS] | [EVENT_BEFORE_N/A_ACTUAL_POS] --(BEFORE)--> [EVENT_BEFORE_N/A_ACTUAL_POS],"""biopsie"" --(BEFORE)--> ""étude"" | ""biopsie"" --(BEFORE)--> ""examen"" | ""étude"" --(BEFORE)--> ""adressé"""
183,45,FR100688,[EVENT_BEFORE_N/A_ACTUAL_POS] --(BEFORE)--> [EVENT_BEFORE_N/A_ACTUAL_POS] | [EVENT_BEFORE_N/A_ACTUAL_POS] --(BEFORE)--> [EVENT_BEFORE_N/A_ACTUAL_POS] | [EVENT_BEFORE_N/A_ACTUAL_POS] --(BEFORE)--> [EVENT_BEFORE_N/A_ACTUAL_POS],"""sérologie"" --(BEFORE)--> ""radiographie"" | ""sérologie"" --(BEFORE)--> ""intradermoréaction"" | ""radiographie"" --(BEFORE)--> ""échographie"""
183,45,FR100689,[EVENT_BEFORE_N/A_ACTUAL_POS] --(BEFORE)--> [EVENT_BEFORE_N/A_ACTUAL_POS] | [EVENT_BEFORE_N/A_ACTUAL_POS] --(BEFORE)--> [EVENT_BEFORE_N/A_ACTUAL_POS] | [EVENT_BEFORE_N/A_ACTUAL_POS] --(BEFORE)--> [EVENT_BEFORE_N/A_ACTUAL_POS],"""examen"" --(BEFORE)--> ""PCR"" | ""examen"" --(BEFORE)--> ""cultures"" | ""PCR"" --(BEFORE)--> ""scanner"""
183,45,FR100697,[EVENT_BEFORE_N/A_ACTUAL_POS] --(BEFORE)--> [EVENT_BEFORE_N/A_ACTUAL_POS] | [EVENT_BEFORE_N/A_ACTUAL_POS] --(BEFORE)--> [EVENT_BEFORE_N/A_ACTUAL_POS] | [EVENT_BEFORE_N/A_ACTUAL_POS] --(BEFORE)--> [EVENT_BEFORE_N/A_ACTUAL_POS],"""examen"" --(BEFORE)--> ""mammographie"" | ""examen"" --(BEFORE)--> ""reste"" | ""mammographie"" --(BEFORE)--> ""échographie"""
183,45,FR100708,[EVENT_BEFORE_N/A_ACTUAL_POS] --(BEFORE)--> [EVENT_BEFORE_N/A_ACTUAL_POS] | [EVENT_BEFORE_N/A_ACTUAL_POS] --(BEFORE)--> [EVENT_BEFORE_N/A_ACTUAL_POS] | [EVENT_BEFORE_N/A_ACTUAL_POS] --(BEFORE)--> [EVENT_BEFORE_N/A_ACTUAL_POS],"""demandée"" --(BEFORE)--> ""tests"" | ""demandée"" --(BEFORE)--> ""IRM"" | ""tests"" --(BEFORE)--> ""mise"""
183,45,FR100748,[EVENT_BEFORE_N/A_ACTUAL_POS] --(BEFORE)--> [EVENT_BEFORE_N/A_ACTUAL_POS] | [EVENT_BEFORE_N/A_ACTUAL_POS] --(BEFORE)--> [EVENT_BEFORE_N/A_ACTUAL_POS] | [EVENT_BEFORE_N/A_ACTUAL_POS] --(BEFORE)--> [EVENT_BEFORE_N/A_ACTUAL_POS],"""mobilisation"" --(BEFORE)--> ""suites"" | ""mobilisation"" --(BEFORE)--> ""résection"" | ""suites"" --(BEFORE)--> ""transférée"""
183,45,FR100780,[EVENT_BEFORE_N/A_ACTUAL_POS] --(BEFORE)--> [EVENT_BEFORE_N/A_ACTUAL_POS] | [EVENT_BEFORE_N/A_ACTUAL_POS] --(BEFORE)--> [EVENT_BEFORE_N/A_ACTUAL_POS] | [EVENT_BEFORE_N/A_ACTUAL_POS] --(BEFORE)--> [EVENT_BEFORE_N/A_ACTUAL_POS],"""geste"" --(BEFORE)--> ""geste"" | ""geste"" --(BEFORE)--> ""accouchement"" | ""geste"" --(BEFORE)--> ""geste"""
183,45,FR100826,[EVENT_BEFORE_N/A_ACTUAL_POS] --(BEFORE)--> [EVENT_BEFORE_N/A_ACTUAL_POS] | [EVENT_BEFORE_N/A_ACTUAL_POS] --(BEFORE)--> [EVENT_BEFORE_N/A_ACTUAL_POS] | [EVENT_BEFORE_N/A_ACTUAL_POS] --(BEFORE)--> [EVENT_BEFORE_N/A_ACTUAL_POS],"""admis"" --(BEFORE)--> ""examen"" | ""admis"" --(BEFORE)--> ""transplantation"" | ""examen"" --(BEFORE)--> ""bilan"""
183,45,FR100845,[EVENT_BEFORE_N/A_ACTUAL_POS] --(BEFORE)--> [EVENT_BEFORE_N/A_ACTUAL_POS] | [EVENT_BEFORE_N/A_ACTUAL_POS] --(BEFORE)--> [EVENT_BEFORE_N/A_ACTUAL_POS] | [EVENT_BEFORE_N/A_ACTUAL_POS] --(BEFORE)--> [EVENT_BEFORE_N/A_ACTUAL_POS],"""extraction"" --(BEFORE)--> ""examen"" | ""extraction"" --(BEFORE)--> ""Apgar"" | ""examen"" --(BEFORE)--> ""examinés"""
183,45,FR100870,[EVENT_BEFORE_N/A_ACTUAL_POS] --(BEFORE)--> [EVENT_BEFORE_N/A_ACTUAL_POS] | [EVENT_BEFORE_N/A_ACTUAL_POS] --(BEFORE)--> [EVENT_BEFORE_N/A_ACTUAL_POS] | [EVENT_BEFORE_N/A_ACTUAL_POS] --(BEFORE)--> [EVENT_BEFORE_N/A_ACTUAL_POS],"""bilan"" --(BEFORE)--> ""B2"" | ""bilan"" --(BEFORE)--> ""fonction"" | ""B2"" --(BEFORE)--> ""myélogramme"""
183,45,FR100903,[EVENT_BEFORE_N/A_ACTUAL_POS] --(BEFORE)--> [EVENT_BEFORE_N/A_ACTUAL_POS] | [EVENT_BEFORE_N/A_ACTUAL_POS] --(BEFORE)--> [EVENT_BEFORE_N/A_ACTUAL_POS] | [EVENT_BEFORE_N/A_ACTUAL_POS] --(BEFORE)--> [EVENT_BEFORE_N/A_ACTUAL_POS],"""écarté"" --(BEFORE)--> ""contrôles"" | ""écarté"" --(BEFORE)--> ""réfléchir"" | ""contrôles"" --(BEFORE)--> ""accouchement"""
183,45,FR100919,[EVENT_BEFORE_N/A_ACTUAL_POS] --(BEFORE)--> [EVENT_BEFORE_N/A_ACTUAL_POS] | [EVENT_BEFORE_N/A_ACTUAL_POS] --(BEFORE)--> [EVENT_BEFORE_N/A_ACTUAL_POS] | [EVENT_BEFORE_N/A_ACTUAL_POS] --(BEFORE)--> [EVENT_BEFORE_N/A_ACTUAL_POS],"""correction"" --(BEFORE)--> ""adressée"" | ""correction"" --(BEFORE)--> ""normalisation"" | ""adressée"" --(BEFORE)--> ""bilan"""
183,45,FR100932,[EVENT_BEFORE_N/A_ACTUAL_POS] --(BEFORE)--> [EVENT_BEFORE_N/A_ACTUAL_POS] | [EVENT_BEFORE_N/A_ACTUAL_POS] --(BEFORE)--> [EVENT_BEFORE_N/A_ACTUAL_POS] | [EVENT_BEFORE_N/A_ACTUAL_POS] --(BEFORE)--> [EVENT_BEFORE_N/A_ACTUAL_POS],"""mise"" --(BEFORE)--> ""opérée"" | ""mise"" --(BEFORE)--> ""installation"" | ""opérée"" --(BEFORE)--> ""évolution"""
183,45,FR100946,[EVENT_BEFORE_N/A_ACTUAL_POS] --(BEFORE)--> [EVENT_BEFORE_N/A_ACTUAL_POS] | [EVENT_BEFORE_N/A_ACTUAL_POS] --(BEFORE)--> [EVENT_BEFORE_N/A_ACTUAL_POS] | [EVENT_BEFORE_N/A_ACTUAL_POS] --(BEFORE)--> [EVENT_BEFORE_N/A_ACTUAL_POS],"""mise"" --(BEFORE)--> ""analyse"" | ""mise"" --(BEFORE)--> ""abord"" | ""analyse"" --(BEFORE)--> ""mise"""
90,43,FR100003,[EVENT_BEFORE_N/A_ACTUAL_POS] --(CONTAINS)--> [EVENT_BEFORE_N/A_ACTUAL_POS] | [EVENT_BEFORE_N/A_ACTUAL_POS] --(BEFORE)--> [EVENT_BEFORE_N/A_ACTUAL_POS] | [EVENT_BEFORE_N/A_ACTUAL_POS] --(BEFORE)--> [EVENT_BEFORE_N/A_ACTUAL_POS],"""ponction"" --(CONTAINS)--> ""ramené"" | ""ponction"" --(BEFORE)--> ""examen"" | ""examen"" --(BEFORE)--> ""examen"""
90,43,FR100092,[EVENT_BEFORE_N/A_ACTUAL_POS] --(CONTAINS)--> [EVENT_BEFORE_N/A_ACTUAL_POS] | [EVENT_BEFORE_N/A_ACTUAL_POS] --(BEFORE)--> [EVENT_BEFORE_N/A_ACTUAL_POS] | [EVENT_BEFORE_N/A_ACTUAL_POS] --(BEFORE)--> [EVENT_BEFORE_N/A_ACTUAL_POS],"""examen"" --(CONTAINS)--> ""fréquence"" | ""examen"" --(BEFORE)--> ""examen"" | ""examen"" --(BEFORE)--> ""examen"""
90,43,FR100130,[EVENT_BEFORE_N/A_ACTUAL_POS] --(CONTAINS)--> [EVENT_BEFORE_N/A_ACTUAL_POS] | [EVENT_BEFORE_N/A_ACTUAL_POS] --(BEFORE)--> [EVENT_BEFORE_N/A_ACTUAL_POS] | [EVENT_BEFORE_N/A_ACTUAL_POS] --(BEFORE)--> [EVENT_BEFORE_N/A_ACTUAL_POS],"""biologie"" --(CONTAINS)--> ""créatine"" | ""biologie"" --(BEFORE)--> ""glycémie"" | ""glycémie"" --(BEFORE)--> ""confirmé"""
90,43,FR100161,[EVENT_BEFORE_N/A_ACTUAL_POS] --(CONTAINS)--> [EVENT_BEFORE_N/A_ACTUAL_POS] | [EVENT_BEFORE_N/A_ACTUAL_POS] --(BEFORE)--> [EVENT_BEFORE_N/A_ACTUAL_POS] | [EVENT_BEFORE_N/A_ACTUAL_POS] --(BEFORE)--> [EVENT_BEFORE_N/A_ACTUAL_POS],"""examens"" --(CONTAINS)--> ""Fibro"" | ""examens"" --(BEFORE)--> ""radiographie"" | ""radiographie"" --(BEFORE)--> ""échographie"""
90,43,FR100255,[EVENT_BEFORE_N/A_ACTUAL_POS] --(CONTAINS)--> [EVENT_BEFORE_N/A_ACTUAL_POS] | [EVENT_BEFORE_N/A_ACTUAL_POS] --(BEFORE)--> [EVENT_BEFORE_N/A_ACTUAL_POS] | [EVENT_BEFORE_N/A_ACTUAL_POS] --(BEFORE)--> [EVENT_BEFORE_N/A_ACTUAL_POS],"""échographie"" --(CONTAINS)--> ""confirmation"" | ""échographie"" --(BEFORE)--> ""mise"" | ""mise"" --(BEFORE)--> ""traitement"""
90,43,FR100275,[EVENT_BEFORE_N/A_ACTUAL_POS] --(CONTAINS)--> [EVENT_BEFORE_N/A_ACTUAL_POS] | [EVENT_BEFORE_N/A_ACTUAL_POS] --(BEFORE)--> [EVENT_BEFORE_N/A_ACTUAL_POS] | [EVENT_BEFORE_N/A_ACTUAL_POS] --(BEFORE)--> [EVENT_BEFORE_N/A_ACTUAL_POS],"""manœuvres"" --(CONTAINS)--> ""dégagement"" | ""manœuvres"" --(BEFORE)--> ""transféré"" | ""transféré"" --(BEFORE)--> ""anamnèse"""
90,43,FR100276,[EVENT_BEFORE_N/A_ACTUAL_POS] --(CONTAINS)--> [EVENT_BEFORE_N/A_ACTUAL_POS] | [EVENT_BEFORE_N/A_ACTUAL_POS] --(BEFORE)--> [EVENT_BEFORE_N/A_ACTUAL_POS] | [EVENT_BEFORE_N/A_ACTUAL_POS] --(BEFORE)--> [EVENT_BEFORE_N/A_ACTUAL_POS],"""biopsie"" --(CONTAINS)--> ""examen"" | ""biopsie"" --(BEFORE)--> ""posé"" | ""posé"" --(BEFORE)--> ""application"""
90,43,FR100296,[EVENT_BEFORE_N/A_ACTUAL_POS] --(CONTAINS)--> [EVENT_BEFORE_N/A_ACTUAL_POS] | [EVENT_BEFORE_N/A_ACTUAL_POS] --(BEFORE)--> [EVENT_BEFORE_N/A_ACTUAL_POS] | [EVENT_BEFORE_N/A_ACTUAL_POS] --(BEFORE)--> [EVENT_BEFORE_N/A_ACTUAL_POS],"""fenestration"" --(CONTAINS)--> ""geste"" | ""fenestration"" --(BEFORE)--> ""suites"" | ""suites"" --(BEFORE)--> ""exéaté"""
90,43,FR100344,[EVENT_BEFORE_N/A_ACTUAL_POS] --(CONTAINS)--> [EVENT_BEFORE_N/A_ACTUAL_POS] | [EVENT_BEFORE_N/A_ACTUAL_POS] --(BEFORE)--> [EVENT_BEFORE_N/A_ACTUAL_POS] | [EVENT_BEFORE_N/A_ACTUAL_POS] --(BEFORE)--> [EVENT_BEFORE_N/A_ACTUAL_POS],"""bilan"" --(CONTAINS)--> ""échographie"" | ""bilan"" --(BEFORE)--> ""contrôle"" | ""contrôle"" --(BEFORE)--> ""échographies"""
90,43,FR100346,[EVENT_BEFORE_N/A_ACTUAL_POS] --(CONTAINS)--> [EVENT_BEFORE_N/A_ACTUAL_POS] | [EVENT_BEFORE_N/A_ACTUAL_POS] --(BEFORE)--> [EVENT_BEFORE_N/A_ACTUAL_POS] | [EVENT_BEFORE_N/A_ACTUAL_POS] --(BEFORE)--> [EVENT_BEFORE_N/A_ACTUAL_POS],"""examen"" --(CONTAINS)--> ""reste"" | ""examen"" --(BEFORE)--> ""gazométrie"" | ""gazométrie"" --(BEFORE)--> ""reste"""
90,43,FR100361,[EVENT_BEFORE_N/A_ACTUAL_POS] --(CONTAINS)--> [EVENT_BEFORE_N/A_ACTUAL_POS] | [EVENT_BEFORE_N/A_ACTUAL_POS] --(BEFORE)--> [EVENT_BEFORE_N/A_ACTUAL_POS] | [EVENT_BEFORE_N/A_ACTUAL_POS] --(BEFORE)--> [EVENT_BEFORE_N/A_ACTUAL_POS],"""examen"" --(CONTAINS)--> ""mobilisait"" | ""examen"" --(BEFORE)--> ""TDM"" | ""TDM"" --(BEFORE)--> ""ponction"""
90,43,FR100371,[EVENT_BEFORE_N/A_ACTUAL_POS] --(CONTAINS)--> [EVENT_BEFORE_N/A_ACTUAL_POS] | [EVENT_BEFORE_N/A_ACTUAL_POS] --(BEFORE)--> [EVENT_BEFORE_N/A_ACTUAL_POS] | [EVENT_BEFORE_N/A_ACTUAL_POS] --(BEFORE)--> [EVENT_BEFORE_N/A_ACTUAL_POS],"""bilan"" --(CONTAINS)--> ""bilan"" | ""bilan"" --(BEFORE)--> ""bilan"" | ""bilan"" --(BEFORE)--> ""intervention"""
90,43,FR100400,[EVENT_BEFORE_N/A_ACTUAL_POS] --(CONTAINS)--> [EVENT_BEFORE_N/A_ACTUAL_POS] | [EVENT_BEFORE_N/A_ACTUAL_POS] --(BEFORE)--> [EVENT_BEFORE_N/A_ACTUAL_POS] | [EVENT_BEFORE_N/A_ACTUAL_POS] --(BEFORE)--> [EVENT_BEFORE_N/A_ACTUAL_POS],"""histoire"" --(CONTAINS)--> ""douleurs"" | ""histoire"" --(BEFORE)--> ""examen"" | ""examen"" --(BEFORE)--> ""bilan"""
90,43,FR100448,[EVENT_BEFORE_N/A_ACTUAL_POS] --(CONTAINS)--> [EVENT_BEFORE_N/A_ACTUAL_POS] | [EVENT_BEFORE_N/A_ACTUAL_POS] --(BEFORE)--> [EVENT_BEFORE_N/A_ACTUAL_POS] | [EVENT_BEFORE_N/A_ACTUAL_POS] --(BEFORE)--> [EVENT_BEFORE_N/A_ACTUAL_POS],"""examen"" --(CONTAINS)--> ""reste"" | ""examen"" --(BEFORE)--> ""échotomographie"" | ""échotomographie"" --(BEFORE)--> ""hémi thyroïdectomie"""
90,43,FR100515,[EVENT_BEFORE_N/A_ACTUAL_POS] --(CONTAINS)--> [EVENT_BEFORE_N/A_ACTUAL_POS] | [EVENT_BEFORE_N/A_ACTUAL_POS] --(BEFORE)--> [EVENT_BEFORE_N/A_ACTUAL_POS] | [EVENT_BEFORE_N/A_ACTUAL_POS] --(BEFORE)--> [EVENT_BEFORE_N/A_ACTUAL_POS],"""bilan"" --(CONTAINS)--> ""scanner"" | ""bilan"" --(BEFORE)--> ""prescrits"" | ""prescrits"" --(BEFORE)--> ""corticothérapie"""
90,43,FR100517,[EVENT_BEFORE_N/A_ACTUAL_POS] --(CONTAINS)--> [EVENT_BEFORE_N/A_ACTUAL_POS] | [EVENT_BEFORE_N/A_ACTUAL_POS] --(BEFORE)--> [EVENT_BEFORE_N/A_ACTUAL_POS] | [EVENT_BEFORE_N/A_ACTUAL_POS] --(BEFORE)--> [EVENT_BEFORE_N/A_ACTUAL_POS],"""bilan"" --(CONTAINS)--> ""radiographie"" | ""bilan"" --(BEFORE)--> ""mise"" | ""mise"" --(BEFORE)--> ""auscultation"""
90,43,FR100519,[EVENT_BEFORE_N/A_ACTUAL_POS] --(CONTAINS)--> [EVENT_BEFORE_N/A_ACTUAL_POS] | [EVENT_BEFORE_N/A_ACTUAL_POS] --(BEFORE)--> [EVENT_BEFORE_N/A_ACTUAL_POS] | [EVENT_BEFORE_N/A_ACTUAL_POS] --(BEFORE)--> [EVENT_BEFORE_N/A_ACTUAL_POS],"""bilan"" --(CONTAINS)--> ""radiographie"" | ""bilan"" --(BEFORE)--> ""angioscanner"" | ""angioscanner"" --(BEFORE)--> ""échodoppler"""
90,43,FR100589,[EVENT_BEFORE_N/A_ACTUAL_POS] --(CONTAINS)--> [EVENT_BEFORE_N/A_ACTUAL_POS] | [EVENT_BEFORE_N/A_ACTUAL_POS] --(BEFORE)--> [EVENT_BEFORE_N/A_ACTUAL_POS] | [EVENT_BEFORE_N/A_ACTUAL_POS] --(BEFORE)--> [EVENT_BEFORE_N/A_ACTUAL_POS],"""lavage"" --(CONTAINS)--> ""recherche"" | ""lavage"" --(BEFORE)--> ""biopsies"" | ""biopsies"" --(BEFORE)--> ""exploration"""
90,43,FR100597,[EVENT_BEFORE_N/A_ACTUAL_POS] --(CONTAINS)--> [EVENT_BEFORE_N/A_ACTUAL_POS] | [EVENT_BEFORE_N/A_ACTUAL_POS] --(BEFORE)--> [EVENT_BEFORE_N/A_ACTUAL_POS] | [EVENT_BEFORE_N/A_ACTUAL_POS] --(BEFORE)--> [EVENT_BEFORE_N/A_ACTUAL_POS],"""intervention"" --(CONTAINS)--> ""exploration"" | ""intervention"" --(BEFORE)--> ""gestes"" | ""gestes"" --(BEFORE)--> ""suites"""
90,43,FR100603,[EVENT_BEFORE_N/A_ACTUAL_POS] --(CONTAINS)--> [EVENT_BEFORE_N/A_ACTUAL_POS] | [EVENT_BEFORE_N/A_ACTUAL_POS] --(BEFORE)--> [EVENT_BEFORE_N/A_ACTUAL_POS] | [EVENT_BEFORE_N/A_ACTUAL_POS] --(BEFORE)--> [EVENT_BEFORE_N/A_ACTUAL_POS],"""chirurgie"" --(CONTAINS)--> ""remplacée"" | ""chirurgie"" --(BEFORE)--> ""hémocultures"" | ""hémocultures"" --(BEFORE)--> ""évolution"""
90,43,FR100611,[EVENT_BEFORE_N/A_ACTUAL_POS] --(CONTAINS)--> [EVENT_BEFORE_N/A_ACTUAL_POS] | [EVENT_BEFORE_N/A_ACTUAL_POS] --(BEFORE)--> [EVENT_BEFORE_N/A_ACTUAL_POS] | [EVENT_BEFORE_N/A_ACTUAL_POS] --(BEFORE)--> [EVENT_BEFORE_N/A_ACTUAL_POS],"""TDM"" --(CONTAINS)--> ""image"" | ""TDM"" --(BEFORE)--> ""biopsie"" | ""biopsie"" --(BEFORE)--> ""recherche"""
90,43,FR100614,[EVENT_BEFORE_N/A_ACTUAL_POS] --(CONTAINS)--> [EVENT_BEFORE_N/A_ACTUAL_POS] | [EVENT_BEFORE_N/A_ACTUAL_POS] --(BEFORE)--> [EVENT_BEFORE_N/A_ACTUAL_POS] | [EVENT_BEFORE_N/A_ACTUAL_POS] --(BEFORE)--> [EVENT_BEFORE_N/A_ACTUAL_POS],"""intervention"" --(CONTAINS)--> ""éviter"" | ""intervention"" --(BEFORE)--> ""résection"" | ""résection"" --(BEFORE)--> ""étude"""
90,43,FR100620,[EVENT_BEFORE_N/A_ACTUAL_POS] --(CONTAINS)--> [EVENT_BEFORE_N/A_ACTUAL_POS] | [EVENT_BEFORE_N/A_ACTUAL_POS] --(BEFORE)--> [EVENT_BEFORE_N/A_ACTUAL_POS] | [EVENT_BEFORE_N/A_ACTUAL_POS] --(BEFORE)--> [EVENT_BEFORE_N/A_ACTUAL_POS],"""bilan"" --(CONTAINS)--> ""échographie"" | ""bilan"" --(BEFORE)--> ""bilan"" | ""bilan"" --(BEFORE)--> ""évolution"""
90,43,FR100629,[EVENT_BEFORE_N/A_ACTUAL_POS] --(CONTAINS)--> [EVENT_BEFORE_N/A_ACTUAL_POS] | [EVENT_BEFORE_N/A_ACTUAL_POS] --(BEFORE)--> [EVENT_BEFORE_N/A_ACTUAL_POS] | [EVENT_BEFORE_N/A_ACTUAL_POS] --(BEFORE)--> [EVENT_BEFORE_N/A_ACTUAL_POS],"""thoracoscopie"" --(CONTAINS)--> ""biopsie"" | ""thoracoscopie"" --(BEFORE)--> ""marquage"" | ""marquage"" --(BEFORE)--> ""bilan"""
90,43,FR100632,[EVENT_BEFORE_N/A_ACTUAL_POS] --(CONTAINS)--> [EVENT_BEFORE_N/A_ACTUAL_POS] | [EVENT_BEFORE_N/A_ACTUAL_POS] --(BEFORE)--> [EVENT_BEFORE_N/A_ACTUAL_POS] | [EVENT_BEFORE_N/A_ACTUAL_POS] --(BEFORE)--> [EVENT_BEFORE_N/A_ACTUAL_POS],"""étude"" --(CONTAINS)--> ""culture"" | ""étude"" --(BEFORE)--> ""numération"" | ""numération"" --(BEFORE)--> ""vitesse"""
90,43,FR100658,[EVENT_BEFORE_N/A_ACTUAL_POS] --(CONTAINS)--> [EVENT_BEFORE_N/A_ACTUAL_POS] | [EVENT_BEFORE_N/A_ACTUAL_POS] --(BEFORE)--> [EVENT_BEFORE_N/A_ACTUAL_POS] | [EVENT_BEFORE_N/A_ACTUAL_POS] --(BEFORE)--> [EVENT_BEFORE_N/A_ACTUAL_POS],"""monitorage"" --(CONTAINS)--> ""enregistrement"" | ""monitorage"" --(BEFORE)--> ""prise"" | ""prise"" --(BEFORE)--> ""anesthésie"""
90,43,FR100666,[EVENT_BEFORE_N/A_ACTUAL_POS] --(CONTAINS)--> [EVENT_BEFORE_N/A_ACTUAL_POS] | [EVENT_BEFORE_N/A_ACTUAL_POS] --(BEFORE)--> [EVENT_BEFORE_N/A_ACTUAL_POS] | [EVENT_BEFORE_N/A_ACTUAL_POS] --(BEFORE)--> [EVENT_BEFORE_N/A_ACTUAL_POS],"""examen"" --(CONTAINS)--> ""palpation"" | ""examen"" --(BEFORE)--> ""examen"" | ""examen"" --(BEFORE)--> ""palpation"""
90,43,FR100689,[EVENT_BEFORE_N/A_ACTUAL_POS] --(CONTAINS)--> [EVENT_BEFORE_N/A_ACTUAL_POS] | [EVENT_BEFORE_N/A_ACTUAL_POS] --(BEFORE)--> [EVENT_BEFORE_N/A_ACTUAL_POS] | [EVENT_BEFORE_N/A_ACTUAL_POS] --(BEFORE)--> [EVENT_BEFORE_N/A_ACTUAL_POS],"""IRM"" --(CONTAINS)--> ""injection"" | ""IRM"" --(BEFORE)--> ""étude"" | ""étude"" --(BEFORE)--> ""examen"""
90,43,FR100748,[EVENT_BEFORE_N/A_ACTUAL_POS] --(CONTAINS)--> [EVENT_BEFORE_N/A_ACTUAL_POS] | [EVENT_BEFORE_N/A_ACTUAL_POS] --(BEFORE)--> [EVENT_BEFORE_N/A_ACTUAL_POS] | [EVENT_BEFORE_N/A_ACTUAL_POS] --(BEFORE)--> [EVENT_BEFORE_N/A_ACTUAL_POS],"""consultation"" --(CONTAINS)--> ""examen"" | ""consultation"" --(BEFORE)--> ""ASA"" | ""ASA"" --(BEFORE)--> ""Nicardipine"""
90,43,FR100780,[EVENT_BEFORE_N/A_ACTUAL_POS] --(CONTAINS)--> [EVENT_BEFORE_N/A_ACTUAL_POS] | [EVENT_BEFORE_N/A_ACTUAL_POS] --(BEFORE)--> [EVENT_BEFORE_N/A_ACTUAL_POS] | [EVENT_BEFORE_N/A_ACTUAL_POS] --(BEFORE)--> [EVENT_BEFORE_N/A_ACTUAL_POS],"""examen"" --(CONTAINS)--> ""tension"" | ""examen"" --(BEFORE)--> ""toucher"" | ""toucher"" --(BEFORE)--> ""échographie"""
90,43,FR100806,[EVENT_BEFORE_N/A_ACTUAL_POS] --(CONTAINS)--> [EVENT_BEFORE_N/A_ACTUAL_POS] | [EVENT_BEFORE_N/A_ACTUAL_POS] --(BEFORE)--> [EVENT_BEFORE_N/A_ACTUAL_POS] | [EVENT_BEFORE_N/A_ACTUAL_POS] --(BEFORE)--> [EVENT_BEFORE_N/A_ACTUAL_POS],"""prise"" --(CONTAINS)--> ""splénectomie"" | ""prise"" --(BEFORE)--> ""examen"" | ""examen"" --(BEFORE)--> ""suites"""
90,43,FR100814,[EVENT_BEFORE_N/A_ACTUAL_POS] --(CONTAINS)--> [EVENT_BEFORE_N/A_ACTUAL_POS] | [EVENT_BEFORE_N/A_ACTUAL_POS] --(BEFORE)--> [EVENT_BEFORE_N/A_ACTUAL_POS] | [EVENT_BEFORE_N/A_ACTUAL_POS] --(BEFORE)--> [EVENT_BEFORE_N/A_ACTUAL_POS],"""IRM"" --(CONTAINS)--> ""hypersignal"" | ""IRM"" --(BEFORE)--> ""diagnostic"" | ""diagnostic"" --(BEFORE)--> ""réséquée"""
90,43,FR100845,[EVENT_BEFORE_N/A_ACTUAL_POS] --(CONTAINS)--> [EVENT_BEFORE_N/A_ACTUAL_POS] | [EVENT_BEFORE_N/A_ACTUAL_POS] --(BEFORE)--> [EVENT_BEFORE_N/A_ACTUAL_POS] | [EVENT_BEFORE_N/A_ACTUAL_POS] --(BEFORE)--> [EVENT_BEFORE_N/A_ACTUAL_POS],"""examinés"" --(CONTAINS)--> ""examen"" | ""examinés"" --(BEFORE)--> ""détresse"" | ""détresse"" --(BEFORE)--> ""intubée"""
90,43,FR100870,[EVENT_BEFORE_N/A_ACTUAL_POS] --(CONTAINS)--> [EVENT_BEFORE_N/A_ACTUAL_POS] | [EVENT_BEFORE_N/A_ACTUAL_POS] --(BEFORE)--> [EVENT_BEFORE_N/A_ACTUAL_POS] | [EVENT_BEFORE_N/A_ACTUAL_POS] --(BEFORE)--> [EVENT_BEFORE_N/A_ACTUAL_POS],"""électrophorèse"" --(CONTAINS)--> ""découverte"" | ""électrophorèse"" --(BEFORE)--> ""immunosoustraction"" | ""immunosoustraction"" --(BEFORE)--> ""typer"""
90,43,FR100874,[EVENT_BEFORE_N/A_ACTUAL_POS] --(CONTAINS)--> [EVENT_BEFORE_N/A_ACTUAL_POS] | [EVENT_BEFORE_N/A_ACTUAL_POS] --(BEFORE)--> [EVENT_BEFORE_N/A_ACTUAL_POS] | [EVENT_BEFORE_N/A_ACTUAL_POS] --(BEFORE)--> [EVENT_BEFORE_N/A_ACTUAL_POS],"""admission"" --(CONTAINS)--> ""interrogatoire"" | ""admission"" --(BEFORE)--> ""examen"" | ""examen"" --(BEFORE)--> ""hémogramme"""
90,43,FR100903,[EVENT_BEFORE_N/A_ACTUAL_POS] --(CONTAINS)--> [EVENT_BEFORE_N/A_ACTUAL_POS] | [EVENT_BEFORE_N/A_ACTUAL_POS] --(BEFORE)--> [EVENT_BEFORE_N/A_ACTUAL_POS] | [EVENT_BEFORE_N/A_ACTUAL_POS] --(BEFORE)--> [EVENT_BEFORE_N/A_ACTUAL_POS],"""accouchement"" --(CONTAINS)--> ""naissance"" | ""accouchement"" --(BEFORE)--> ""décédé"" | ""décédé"" --(BEFORE)--> ""caryotype"""
90,43,FR100919,[EVENT_BEFORE_N/A_ACTUAL_POS] --(CONTAINS)--> [EVENT_BEFORE_N/A_ACTUAL_POS] | [EVENT_BEFORE_N/A_ACTUAL_POS] --(BEFORE)--> [EVENT_BEFORE_N/A_ACTUAL_POS] | [EVENT_BEFORE_N/A_ACTUAL_POS] --(BEFORE)--> [EVENT_BEFORE_N/A_ACTUAL_POS],"""correction"" --(CONTAINS)--> ""injection"" | ""correction"" --(BEFORE)--> ""adressée"" | ""adressée"" --(BEFORE)--> ""bilan"""
90,43,FR100946,[EVENT_BEFORE_N/A_ACTUAL_POS] --(CONTAINS)--> [EVENT_BEFORE_N/A_ACTUAL_POS] | [EVENT_BEFORE_N/A_ACTUAL_POS] --(BEFORE)--> [EVENT_BEFORE_N/A_ACTUAL_POS] | [EVENT_BEFORE_N/A_ACTUAL_POS] --(BEFORE)--> [EVENT_BEFORE_N/A_ACTUAL_POS],"""IRM"" --(CONTAINS)--> ""prise"" | ""IRM"" --(BEFORE)--> ""analyse"" | ""analyse"" --(BEFORE)--> ""mise"""
90,43,FR100959,[EVENT_BEFORE_N/A_ACTUAL_POS] --(CONTAINS)--> [EVENT_BEFORE_N/A_ACTUAL_POS] | [EVENT_BEFORE_N/A_ACTUAL_POS] --(BEFORE)--> [EVENT_BEFORE_N/A_ACTUAL_POS] | [EVENT_BEFORE_N/A_ACTUAL_POS] --(BEFORE)--> [EVENT_BEFORE_N/A_ACTUAL_POS],"""œsophagoscopie"" --(CONTAINS)--> ""permis"" | ""œsophagoscopie"" --(BEFORE)--> ""Transit"" | ""Transit"" --(BEFORE)--> ""notée"""
177,42,FR100003,[EVENT_BEFORE_N/A_ACTUAL_POS] --(BEFORE)--> [EVENT_BEFORE_N/A_ACTUAL_POS] | [EVENT_BEFORE_N/A_ACTUAL_POS] --(BEFORE)--> [EVENT_BEFORE_N/A_ACTUAL_POS] | [EVENT_BEFORE_N/A_ACTUAL_POS] --(CONTAINS)--> [EVENT_BEFORE_N/A_ACTUAL_POS],"""TDM"" --(BEFORE)--> ""panoramique"" | ""panoramique"" --(BEFORE)--> ""ponction"" | ""ponction"" --(CONTAINS)--> ""ramené"""
177,42,FR100092,[EVENT_BEFORE_N/A_ACTUAL_POS] --(BEFORE)--> [EVENT_BEFORE_N/A_ACTUAL_POS] | [EVENT_BEFORE_N/A_ACTUAL_POS] --(BEFORE)--> [EVENT_BEFORE_N/A_ACTUAL_POS] | [EVENT_BEFORE_N/A_ACTUAL_POS] --(CONTAINS)--> [EVENT_BEFORE_N/A_ACTUAL_POS],"""tableau"" --(BEFORE)--> ""reste"" | ""reste"" --(BEFORE)--> ""minilaparotomie"" | ""minilaparotomie"" --(CONTAINS)--> ""exploration"""
177,42,FR100130,[EVENT_BEFORE_N/A_ACTUAL_POS] --(BEFORE)--> [EVENT_BEFORE_N/A_ACTUAL_POS] | [EVENT_BEFORE_N/A_ACTUAL_POS] --(BEFORE)--> [EVENT_BEFORE_N/A_ACTUAL_POS] | [EVENT_BEFORE_N/A_ACTUAL_POS] --(CONTAINS)--> [EVENT_BEFORE_N/A_ACTUAL_POS],"""recherche"" --(BEFORE)--> ""séjour"" | ""séjour"" --(BEFORE)--> ""bilan"" | ""bilan"" --(CONTAINS)--> ""recherchée"""
177,42,FR100132,[EVENT_BEFORE_N/A_ACTUAL_POS] --(BEFORE)--> [EVENT_BEFORE_N/A_ACTUAL_POS] | [EVENT_BEFORE_N/A_ACTUAL_POS] --(BEFORE)--> [EVENT_BEFORE_N/A_ACTUAL_POS] | [EVENT_BEFORE_N/A_ACTUAL_POS] --(CONTAINS)--> [EVENT_BEFORE_N/A_ACTUAL_POS],"""palpation"" --(BEFORE)--> ""histologie"" | ""histologie"" --(BEFORE)--> ""examen"" | ""examen"" --(CONTAINS)--> ""tension"""
177,42,FR100161,[EVENT_BEFORE_N/A_ACTUAL_POS] --(BEFORE)--> [EVENT_BEFORE_N/A_ACTUAL_POS] | [EVENT_BEFORE_N/A_ACTUAL_POS] --(BEFORE)--> [EVENT_BEFORE_N/A_ACTUAL_POS] | [EVENT_BEFORE_N/A_ACTUAL_POS] --(CONTAINS)--> [EVENT_BEFORE_N/A_ACTUAL_POS],"""interrogatoire"" --(BEFORE)--> ""examen"" | ""examen"" --(BEFORE)--> ""examens"" | ""examens"" --(CONTAINS)--> ""Fibro"""
177,42,FR100168,[EVENT_BEFORE_N/A_ACTUAL_POS] --(BEFORE)--> [EVENT_BEFORE_N/A_ACTUAL_POS] | [EVENT_BEFORE_N/A_ACTUAL_POS] --(BEFORE)--> [EVENT_BEFORE_N/A_ACTUAL_POS] | [EVENT_BEFORE_N/A_ACTUAL_POS] --(CONTAINS)--> [EVENT_BEFORE_N/A_ACTUAL_POS],"""bilan"" --(BEFORE)--> ""tests"" | ""tests"" --(BEFORE)--> ""entretien"" | ""entretien"" --(CONTAINS)--> ""dévoiler"""
177,42,FR100255,[EVENT_BEFORE_N/A_ACTUAL_POS] --(BEFORE)--> [EVENT_BEFORE_N/A_ACTUAL_POS] | [EVENT_BEFORE_N/A_ACTUAL_POS] --(BEFORE)--> [EVENT_BEFORE_N/A_ACTUAL_POS] | [EVENT_BEFORE_N/A_ACTUAL_POS] --(CONTAINS)--> [EVENT_BEFORE_N/A_ACTUAL_POS],"""examen"" --(BEFORE)--> ""examen"" | ""examen"" --(BEFORE)--> ""échographie"" | ""échographie"" --(CONTAINS)--> ""confirmation"""
177,42,FR100275,[EVENT_BEFORE_N/A_ACTUAL_POS] --(BEFORE)--> [EVENT_BEFORE_N/A_ACTUAL_POS] | [EVENT_BEFORE_N/A_ACTUAL_POS] --(BEFORE)--> [EVENT_BEFORE_N/A_ACTUAL_POS] | [EVENT_BEFORE_N/A_ACTUAL_POS] --(CONTAINS)--> [EVENT_BEFORE_N/A_ACTUAL_POS],"""transféré"" --(BEFORE)--> ""anamnèse"" | ""anamnèse"" --(BEFORE)--> ""examen"" | ""examen"" --(CONTAINS)--> ""température"""
177,42,FR100276,[EVENT_BEFORE_N/A_ACTUAL_POS] --(BEFORE)--> [EVENT_BEFORE_N/A_ACTUAL_POS] | [EVENT_BEFORE_N/A_ACTUAL_POS] --(BEFORE)--> [EVENT_BEFORE_N/A_ACTUAL_POS] | [EVENT_BEFORE_N/A_ACTUAL_POS] --(CONTAINS)--> [EVENT_BEFORE_N/A_ACTUAL_POS],"""accouchement"" --(BEFORE)--> ""reste"" | ""reste"" --(BEFORE)--> ""bilan"" | ""bilan"" --(CONTAINS)--> ""bilan"""
177,42,FR100283,[EVENT_BEFORE_N/A_ACTUAL_POS] --(BEFORE)--> [EVENT_BEFORE_N/A_ACTUAL_POS] | [EVENT_BEFORE_N/A_ACTUAL_POS] --(BEFORE)--> [EVENT_BEFORE_N/A_ACTUAL_POS] | [EVENT_BEFORE_N/A_ACTUAL_POS] --(CONTAINS)--> [EVENT_BEFORE_N/A_ACTUAL_POS],"""IRM"" --(BEFORE)--> ""hypophysiogramme"" | ""hypophysiogramme"" --(BEFORE)--> ""traitement"" | ""traitement"" --(CONTAINS)--> ""opothérapie"""
177,42,FR100296,[EVENT_BEFORE_N/A_ACTUAL_POS] --(BEFORE)--> [EVENT_BEFORE_N/A_ACTUAL_POS] | [EVENT_BEFORE_N/A_ACTUAL_POS] --(BEFORE)--> [EVENT_BEFORE_N/A_ACTUAL_POS] | [EVENT_BEFORE_N/A_ACTUAL_POS] --(CONTAINS)--> [EVENT_BEFORE_N/A_ACTUAL_POS],"""IRM"" --(BEFORE)--> ""fenestration"" | ""fenestration"" --(BEFORE)--> ""suites"" | ""suites"" --(CONTAINS)--> ""rétrocession"""
177,42,FR100344,[EVENT_BEFORE_N/A_ACTUAL_POS] --(BEFORE)--> [EVENT_BEFORE_N/A_ACTUAL_POS] | [EVENT_BEFORE_N/A_ACTUAL_POS] --(BEFORE)--> [EVENT_BEFORE_N/A_ACTUAL_POS] | [EVENT_BEFORE_N/A_ACTUAL_POS] --(CONTAINS)--> [EVENT_BEFORE_N/A_ACTUAL_POS],"""plainte"" --(BEFORE)--> ""examen"" | ""examen"" --(BEFORE)--> ""césarienne"" | ""césarienne"" --(CONTAINS)--> ""laissé"""
177,42,FR100371,[EVENT_BEFORE_N/A_ACTUAL_POS] --(BEFORE)--> [EVENT_BEFORE_N/A_ACTUAL_POS] | [EVENT_BEFORE_N/A_ACTUAL_POS] --(BEFORE)--> [EVENT_BEFORE_N/A_ACTUAL_POS] | [EVENT_BEFORE_N/A_ACTUAL_POS] --(CONTAINS)--> [EVENT_BEFORE_N/A_ACTUAL_POS],"""bilan"" --(BEFORE)--> ""bilan"" | ""bilan"" --(BEFORE)--> ""intervention"" | ""intervention"" --(CONTAINS)--> ""exérèse"""
177,42,FR100400,[EVENT_BEFORE_N/A_ACTUAL_POS] --(BEFORE)--> [EVENT_BEFORE_N/A_ACTUAL_POS] | [EVENT_BEFORE_N/A_ACTUAL_POS] --(BEFORE)--> [EVENT_BEFORE_N/A_ACTUAL_POS] | [EVENT_BEFORE_N/A_ACTUAL_POS] --(CONTAINS)--> [EVENT_BEFORE_N/A_ACTUAL_POS],"""résection"" --(BEFORE)--> ""suites"" | ""suites"" --(BEFORE)--> ""suivie"" | ""suivie"" --(CONTAINS)--> ""consultation"""
177,42,FR100515,[EVENT_BEFORE_N/A_ACTUAL_POS] --(BEFORE)--> [EVENT_BEFORE_N/A_ACTUAL_POS] | [EVENT_BEFORE_N/A_ACTUAL_POS] --(BEFORE)--> [EVENT_BEFORE_N/A_ACTUAL_POS] | [EVENT_BEFORE_N/A_ACTUAL_POS] --(CONTAINS)--> [EVENT_BEFORE_N/A_ACTUAL_POS],"""retenu"" --(BEFORE)--> ""bilan"" | ""bilan"" --(BEFORE)--> ""bilan"" | ""bilan"" --(CONTAINS)--> ""scanner"""
177,42,FR100519,[EVENT_BEFORE_N/A_ACTUAL_POS] --(BEFORE)--> [EVENT_BEFORE_N/A_ACTUAL_POS] | [EVENT_BEFORE_N/A_ACTUAL_POS] --(BEFORE)--> [EVENT_BEFORE_N/A_ACTUAL_POS] | [EVENT_BEFORE_N/A_ACTUAL_POS] --(CONTAINS)--> [EVENT_BEFORE_N/A_ACTUAL_POS],"""hospitalisée"" --(BEFORE)--> ""entrée"" | ""entrée"" --(BEFORE)--> ""bilan"" | ""bilan"" --(CONTAINS)--> ""radiographie"""
177,42,FR100589,[EVENT_BEFORE_N/A_ACTUAL_POS] --(BEFORE)--> [EVENT_BEFORE_N/A_ACTUAL_POS] | [EVENT_BEFORE_N/A_ACTUAL_POS] --(BEFORE)--> [EVENT_BEFORE_N/A_ACTUAL_POS] | [EVENT_BEFORE_N/A_ACTUAL_POS] --(CONTAINS)--> [EVENT_BEFORE_N/A_ACTUAL_POS],"""radiographie"" --(BEFORE)--> ""tomodensitométrie"" | ""tomodensitométrie"" --(BEFORE)--> ""discuté"" | ""discuté"" --(CONTAINS)--> ""évoqué"""
177,42,FR100597,[EVENT_BEFORE_N/A_ACTUAL_POS] --(BEFORE)--> [EVENT_BEFORE_N/A_ACTUAL_POS] | [EVENT_BEFORE_N/A_ACTUAL_POS] --(BEFORE)--> [EVENT_BEFORE_N/A_ACTUAL_POS] | [EVENT_BEFORE_N/A_ACTUAL_POS] --(CONTAINS)--> [EVENT_BEFORE_N/A_ACTUAL_POS],"""intervention"" --(BEFORE)--> ""gestes"" | ""gestes"" --(BEFORE)--> ""suites"" | ""suites"" --(CONTAINS)--> ""marquées"""
177,42,FR100611,[EVENT_BEFORE_N/A_ACTUAL_POS] --(BEFORE)--> [EVENT_BEFORE_N/A_ACTUAL_POS] | [EVENT_BEFORE_N/A_ACTUAL_POS] --(BEFORE)--> [EVENT_BEFORE_N/A_ACTUAL_POS] | [EVENT_BEFORE_N/A_ACTUAL_POS] --(CONTAINS)--> [EVENT_BEFORE_N/A_ACTUAL_POS],"""examen"" --(BEFORE)--> ""PCR"" | ""PCR"" --(BEFORE)--> ""TDM"" | ""TDM"" --(CONTAINS)--> ""image"""
177,42,FR100614,[EVENT_BEFORE_N/A_ACTUAL_POS] --(BEFORE)--> [EVENT_BEFORE_N/A_ACTUAL_POS] | [EVENT_BEFORE_N/A_ACTUAL_POS] --(BEFORE)--> [EVENT_BEFORE_N/A_ACTUAL_POS] | [EVENT_BEFORE_N/A_ACTUAL_POS] --(CONTAINS)--> [EVENT_BEFORE_N/A_ACTUAL_POS],"""exploration"" --(BEFORE)--> ""rupture"" | ""rupture"" --(BEFORE)--> ""intervention"" | ""intervention"" --(CONTAINS)--> ""éviter"""
177,42,FR100620,[EVENT_BEFORE_N/A_ACTUAL_POS] --(BEFORE)--> [EVENT_BEFORE_N/A_ACTUAL_POS] | [EVENT_BEFORE_N/A_ACTUAL_POS] --(BEFORE)--> [EVENT_BEFORE_N/A_ACTUAL_POS] | [EVENT_BEFORE_N/A_ACTUAL_POS] --(CONTAINS)--> [EVENT_BEFORE_N/A_ACTUAL_POS],"""bilan"" --(BEFORE)--> ""bilan"" | ""bilan"" --(BEFORE)--> ""évolution"" | ""évolution"" --(CONTAINS)--> ""récidive"""
177,42,FR100629,[EVENT_BEFORE_N/A_ACTUAL_POS] --(BEFORE)--> [EVENT_BEFORE_N/A_ACTUAL_POS] | [EVENT_BEFORE_N/A_ACTUAL_POS] --(BEFORE)--> [EVENT_BEFORE_N/A_ACTUAL_POS] | [EVENT_BEFORE_N/A_ACTUAL_POS] --(CONTAINS)--> [EVENT_BEFORE_N/A_ACTUAL_POS],"""bilan"" --(BEFORE)--> ""décision"" | ""décision"" --(BEFORE)--> ""chimiothérapie"" | ""chimiothérapie"" --(CONTAINS)--> ""bithérapie"""
177,42,FR100632,[EVENT_BEFORE_N/A_ACTUAL_POS] --(BEFORE)--> [EVENT_BEFORE_N/A_ACTUAL_POS] | [EVENT_BEFORE_N/A_ACTUAL_POS] --(BEFORE)--> [EVENT_BEFORE_N/A_ACTUAL_POS] | [EVENT_BEFORE_N/A_ACTUAL_POS] --(CONTAINS)--> [EVENT_BEFORE_N/A_ACTUAL_POS],"""numération"" --(BEFORE)--> ""bilan"" | ""bilan"" --(BEFORE)--> ""enquête"" | ""enquête"" --(CONTAINS)--> ""bilan"""
177,42,FR100658,[EVENT_BEFORE_N/A_ACTUAL_POS] --(BEFORE)--> [EVENT_BEFORE_N/A_ACTUAL_POS] | [EVENT_BEFORE_N/A_ACTUAL_POS] --(BEFORE)--> [EVENT_BEFORE_N/A_ACTUAL_POS] | [EVENT_BEFORE_N/A_ACTUAL_POS] --(CONTAINS)--> [EVENT_BEFORE_N/A_ACTUAL_POS],"""monitorage"" --(BEFORE)--> ""prise"" | ""prise"" --(BEFORE)--> ""anesthésie"" | ""anesthésie"" --(CONTAINS)--> ""monitorage"""
177,42,FR100663,[EVENT_BEFORE_N/A_ACTUAL_POS] --(BEFORE)--> [EVENT_BEFORE_N/A_ACTUAL_POS] | [EVENT_BEFORE_N/A_ACTUAL_POS] --(BEFORE)--> [EVENT_BEFORE_N/A_ACTUAL_POS] | [EVENT_BEFORE_N/A_ACTUAL_POS] --(CONTAINS)--> [EVENT_BEFORE_N/A_ACTUAL_POS],"""taux"" --(BEFORE)--> ""tenté"" | ""tenté"" --(BEFORE)--> ""bilan"" | ""bilan"" --(CONTAINS)--> ""Taux"""
177,42,FR100666,[EVENT_BEFORE_N/A_ACTUAL_POS] --(BEFORE)--> [EVENT_BEFORE_N/A_ACTUAL_POS] | [EVENT_BEFORE_N/A_ACTUAL_POS] --(BEFORE)--> [EVENT_BEFORE_N/A_ACTUAL_POS] | [EVENT_BEFORE_N/A_ACTUAL_POS] --(CONTAINS)--> [EVENT_BEFORE_N/A_ACTUAL_POS],"""bilan"" --(BEFORE)--> ""classé"" | ""classé"" --(BEFORE)--> ""traitement"" | ""traitement"" --(CONTAINS)--> ""polychimiothérapie"""
177,42,FR100688,[EVENT_BEFORE_N/A_ACTUAL_POS] --(BEFORE)--> [EVENT_BEFORE_N/A_ACTUAL_POS] | [EVENT_BEFORE_N/A_ACTUAL_POS] --(BEFORE)--> [EVENT_BEFORE_N/A_ACTUAL_POS] | [EVENT_BEFORE_N/A_ACTUAL_POS] --(CONTAINS)--> [EVENT_BEFORE_N/A_ACTUAL_POS],"""incision"" --(BEFORE)--> ""analyse"" | ""analyse"" --(BEFORE)--> ""traitement"" | ""traitement"" --(CONTAINS)--> ""phase"""
177,42,FR100689,[EVENT_BEFORE_N/A_ACTUAL_POS] --(BEFORE)--> [EVENT_BEFORE_N/A_ACTUAL_POS] | [EVENT_BEFORE_N/A_ACTUAL_POS] --(BEFORE)--> [EVENT_BEFORE_N/A_ACTUAL_POS] | [EVENT_BEFORE_N/A_ACTUAL_POS] --(CONTAINS)--> [EVENT_BEFORE_N/A_ACTUAL_POS],"""examen"" --(BEFORE)--> ""retenu"" | ""retenu"" --(BEFORE)--> ""évolution"" | ""évolution"" --(CONTAINS)--> ""disparition"""
177,42,FR100708,[EVENT_BEFORE_N/A_ACTUAL_POS] --(BEFORE)--> [EVENT_BEFORE_N/A_ACTUAL_POS] | [EVENT_BEFORE_N/A_ACTUAL_POS] --(BEFORE)--> [EVENT_BEFORE_N/A_ACTUAL_POS] | [EVENT_BEFORE_N/A_ACTUAL_POS] --(CONTAINS)--> [EVENT_BEFORE_N/A_ACTUAL_POS],"""mammographie"" --(BEFORE)--> ""échographie"" | ""échographie"" --(BEFORE)--> ""ponction"" | ""ponction"" --(CONTAINS)--> ""ramenant"""
177,42,FR100717,[EVENT_BEFORE_N/A_ACTUAL_POS] --(BEFORE)--> [EVENT_BEFORE_N/A_ACTUAL_POS] | [EVENT_BEFORE_N/A_ACTUAL_POS] --(BEFORE)--> [EVENT_BEFORE_N/A_ACTUAL_POS] | [EVENT_BEFORE_N/A_ACTUAL_POS] --(CONTAINS)--> [EVENT_BEFORE_N/A_ACTUAL_POS],"""enlevée"" --(BEFORE)--> ""exploration"" | ""exploration"" --(BEFORE)--> ""suites"" | ""suites"" --(CONTAINS)--> ""régression"""
177,42,FR100806,[EVENT_BEFORE_N/A_ACTUAL_POS] --(BEFORE)--> [EVENT_BEFORE_N/A_ACTUAL_POS] | [EVENT_BEFORE_N/A_ACTUAL_POS] --(BEFORE)--> [EVENT_BEFORE_N/A_ACTUAL_POS] | [EVENT_BEFORE_N/A_ACTUAL_POS] --(CONTAINS)--> [EVENT_BEFORE_N/A_ACTUAL_POS],"""biologie"" --(BEFORE)--> ""tomodensitométrie"" | ""tomodensitométrie"" --(BEFORE)--> ""prise"" | ""prise"" --(CONTAINS)--> ""splénectomie"""
177,42,FR100826,[EVENT_BEFORE_N/A_ACTUAL_POS] --(BEFORE)--> [EVENT_BEFORE_N/A_ACTUAL_POS] | [EVENT_BEFORE_N/A_ACTUAL_POS] --(BEFORE)--> [EVENT_BEFORE_N/A_ACTUAL_POS] | [EVENT_BEFORE_N/A_ACTUAL_POS] --(CONTAINS)--> [EVENT_BEFORE_N/A_ACTUAL_POS],"""retenue"" --(BEFORE)--> ""exploration"" | ""exploration"" --(BEFORE)--> ""suites"" | ""suites"" --(CONTAINS)--> ""sortie"""
177,42,FR100845,[EVENT_BEFORE_N/A_ACTUAL_POS] --(BEFORE)--> [EVENT_BEFORE_N/A_ACTUAL_POS] | [EVENT_BEFORE_N/A_ACTUAL_POS] --(BEFORE)--> [EVENT_BEFORE_N/A_ACTUAL_POS] | [EVENT_BEFORE_N/A_ACTUAL_POS] --(CONTAINS)--> [EVENT_BEFORE_N/A_ACTUAL_POS],"""extraction"" --(BEFORE)--> ""examen"" | ""examen"" --(BEFORE)--> ""examinés"" | ""examinés"" --(CONTAINS)--> ""examen"""
177,42,FR100870,[EVENT_BEFORE_N/A_ACTUAL_POS] --(BEFORE)--> [EVENT_BEFORE_N/A_ACTUAL_POS] | [EVENT_BEFORE_N/A_ACTUAL_POS] --(BEFORE)--> [EVENT_BEFORE_N/A_ACTUAL_POS] | [EVENT_BEFORE_N/A_ACTUAL_POS] --(CONTAINS)--> [EVENT_BEFORE_N/A_ACTUAL_POS],"""bilan"" --(BEFORE)--> ""IRM"" | ""IRM"" --(BEFORE)--> ""électrophorèse"" | ""électrophorèse"" --(CONTAINS)--> ""découverte"""
177,42,FR100874,[EVENT_BEFORE_N/A_ACTUAL_POS] --(BEFORE)--> [EVENT_BEFORE_N/A_ACTUAL_POS] | [EVENT_BEFORE_N/A_ACTUAL_POS] --(BEFORE)--> [EVENT_BEFORE_N/A_ACTUAL_POS] | [EVENT_BEFORE_N/A_ACTUAL_POS] --(CONTAINS)--> [EVENT_BEFORE_N/A_ACTUAL_POS],"""hémogramme"" --(BEFORE)--> ""fibroscopie"" | ""fibroscopie"" --(BEFORE)--> ""transit"" | ""transit"" --(CONTAINS)--> ""image"""
177,42,FR100882,[EVENT_BEFORE_N/A_ACTUAL_POS] --(BEFORE)--> [EVENT_BEFORE_N/A_ACTUAL_POS] | [EVENT_BEFORE_N/A_ACTUAL_POS] --(BEFORE)--> [EVENT_BEFORE_N/A_ACTUAL_POS] | [EVENT_BEFORE_N/A_ACTUAL_POS] --(CONTAINS)--> [EVENT_BEFORE_N/A_ACTUAL_POS],"""sérologies"" --(BEFORE)--> ""sclérothérapie"" | ""sclérothérapie"" --(BEFORE)--> ""évolution"" | ""évolution"" --(CONTAINS)--> ""amélioration"""
177,42,FR100883,[EVENT_BEFORE_N/A_ACTUAL_POS] --(BEFORE)--> [EVENT_BEFORE_N/A_ACTUAL_POS] | [EVENT_BEFORE_N/A_ACTUAL_POS] --(BEFORE)--> [EVENT_BEFORE_N/A_ACTUAL_POS] | [EVENT_BEFORE_N/A_ACTUAL_POS] --(CONTAINS)--> [EVENT_BEFORE_N/A_ACTUAL_POS],"""biopsie"" --(BEFORE)--> ""bilan"" | ""bilan"" --(BEFORE)--> ""reçu"" | ""reçu"" --(CONTAINS)--> ""radiothérapie"""
177,42,FR100894,[EVENT_BEFORE_N/A_ACTUAL_POS] --(BEFORE)--> [EVENT_BEFORE_N/A_ACTUAL_POS] | [EVENT_BEFORE_N/A_ACTUAL_POS] --(BEFORE)--> [EVENT_BEFORE_N/A_ACTUAL_POS] | [EVENT_BEFORE_N/A_ACTUAL_POS] --(CONTAINS)--> [EVENT_BEFORE_N/A_ACTUAL_POS],"""diagnostic"" --(BEFORE)--> ""pris"" | ""pris"" --(BEFORE)--> ""incision"" | ""incision"" --(CONTAINS)--> ""décompression"""
177,42,FR100903,[EVENT_BEFORE_N/A_ACTUAL_POS] --(BEFORE)--> [EVENT_BEFORE_N/A_ACTUAL_POS] | [EVENT_BEFORE_N/A_ACTUAL_POS] --(BEFORE)--> [EVENT_BEFORE_N/A_ACTUAL_POS] | [EVENT_BEFORE_N/A_ACTUAL_POS] --(CONTAINS)--> [EVENT_BEFORE_N/A_ACTUAL_POS],"""écarté"" --(BEFORE)--> ""contrôles"" | ""contrôles"" --(BEFORE)--> ""accouchement"" | ""accouchement"" --(CONTAINS)--> ""naissance"""
177,42,FR100998,[EVENT_BEFORE_N/A_ACTUAL_POS] --(BEFORE)--> [EVENT_BEFORE_N/A_ACTUAL_POS] | [EVENT_BEFORE_N/A_ACTUAL_POS] --(BEFORE)--> [EVENT_BEFORE_N/A_ACTUAL_POS] | [EVENT_BEFORE_N/A_ACTUAL_POS] --(CONTAINS)--> [EVENT_BEFORE_N/A_ACTUAL_POS],"""taux"" --(BEFORE)--> ""diagnostic"" | ""diagnostic"" --(BEFORE)--> ""traitée"" | ""traitée"" --(CONTAINS)--> ""cures"""
78,41,FR100078,[EVENT_BEFORE_N/A_ACTUAL_POS] --(CONTAINS)--> [EVENT_BEFORE_N/A_ACTUAL_POS] | [EVENT_BEFORE_N/A_ACTUAL_POS] --(CONTAINS)--> [EVENT_BEFORE_N/A_ACTUAL_POS] | [EVENT_BEFORE_N/A_ACTUAL_POS] --(BEFORE)--> [EVENT_BEFORE_N/A_ACTUAL_POS],"""signes"" --(CONTAINS)--> ""diagnostic"" | ""signes"" --(CONTAINS)--> ""C-réactive"" | ""diagnostic"" --(BEFORE)--> ""traitements"""
78,41,FR100092,[EVENT_BEFORE_N/A_ACTUAL_POS] --(CONTAINS)--> [EVENT_BEFORE_N/A_ACTUAL_POS] | [EVENT_BEFORE_N/A_ACTUAL_POS] --(CONTAINS)--> [EVENT_BEFORE_N/A_ACTUAL_POS] | [EVENT_BEFORE_N/A_ACTUAL_POS] --(BEFORE)--> [EVENT_BEFORE_N/A_ACTUAL_POS],"""minilaparotomie"" --(CONTAINS)--> ""reste"" | ""minilaparotomie"" --(CONTAINS)--> ""exploration"" | ""reste"" --(BEFORE)--> ""étude"""
78,41,FR100130,[EVENT_BEFORE_N/A_ACTUAL_POS] --(CONTAINS)--> [EVENT_BEFORE_N/A_ACTUAL_POS] | [EVENT_BEFORE_N/A_ACTUAL_POS] --(CONTAINS)--> [EVENT_BEFORE_N/A_ACTUAL_POS] | [EVENT_BEFORE_N/A_ACTUAL_POS] --(BEFORE)--> [EVENT_BEFORE_N/A_ACTUAL_POS],"""activité"" --(CONTAINS)--> ""électromyogramme"" | ""activité"" --(CONTAINS)--> ""décharges"" | ""électromyogramme"" --(BEFORE)--> ""confirmé"""
78,41,FR100142,[EVENT_BEFORE_N/A_ACTUAL_POS] --(CONTAINS)--> [EVENT_BEFORE_N/A_ACTUAL_POS] | [EVENT_BEFORE_N/A_ACTUAL_POS] --(CONTAINS)--> [EVENT_BEFORE_N/A_ACTUAL_POS] | [EVENT_BEFORE_N/A_ACTUAL_POS] --(BEFORE)--> [EVENT_BEFORE_N/A_ACTUAL_POS],"""lésions"" --(CONTAINS)--> ""apparition"" | ""lésions"" --(CONTAINS)--> ""examen"" | ""apparition"" --(BEFORE)--> ""extension"""
78,41,FR100168,[EVENT_BEFORE_N/A_ACTUAL_POS] --(CONTAINS)--> [EVENT_BEFORE_N/A_ACTUAL_POS] | [EVENT_BEFORE_N/A_ACTUAL_POS] --(CONTAINS)--> [EVENT_BEFORE_N/A_ACTUAL_POS] | [EVENT_BEFORE_N/A_ACTUAL_POS] --(BEFORE)--> [EVENT_BEFORE_N/A_ACTUAL_POS],"""plaquettes"" --(CONTAINS)--> ""bilan"" | ""plaquettes"" --(CONTAINS)--> ""bilan"" | ""bilan"" --(BEFORE)--> ""tests"""
78,41,FR100185,[EVENT_BEFORE_N/A_ACTUAL_POS] --(CONTAINS)--> [EVENT_BEFORE_N/A_ACTUAL_POS] | [EVENT_BEFORE_N/A_ACTUAL_POS] --(CONTAINS)--> [EVENT_BEFORE_N/A_ACTUAL_POS] | [EVENT_BEFORE_N/A_ACTUAL_POS] --(BEFORE)--> [EVENT_BEFORE_N/A_ACTUAL_POS],"""accuse"" --(CONTAINS)--> ""Electromyogramme"" | ""accuse"" --(CONTAINS)--> ""examen"" | ""Electromyogramme"" --(BEFORE)--> ""IRM"""
78,41,FR100255,[EVENT_BEFORE_N/A_ACTUAL_POS] --(CONTAINS)--> [EVENT_BEFORE_N/A_ACTUAL_POS] | [EVENT_BEFORE_N/A_ACTUAL_POS] --(CONTAINS)--> [EVENT_BEFORE_N/A_ACTUAL_POS] | [EVENT_BEFORE_N/A_ACTUAL_POS] --(BEFORE)--> [EVENT_BEFORE_N/A_ACTUAL_POS],"""emphysème"" --(CONTAINS)--> ""radio"" | ""emphysème"" --(CONTAINS)--> ""examen"" | ""radio"" --(BEFORE)--> ""TDM"""
78,41,FR100276,[EVENT_BEFORE_N/A_ACTUAL_POS] --(CONTAINS)--> [EVENT_BEFORE_N/A_ACTUAL_POS] | [EVENT_BEFORE_N/A_ACTUAL_POS] --(CONTAINS)--> [EVENT_BEFORE_N/A_ACTUAL_POS] | [EVENT_BEFORE_N/A_ACTUAL_POS] --(BEFORE)--> [EVENT_BEFORE_N/A_ACTUAL_POS],"""signe"" --(CONTAINS)--> ""posé"" | ""signe"" --(CONTAINS)--> ""examen"" | ""posé"" --(BEFORE)--> ""application"""
78,41,FR100283,[EVENT_BEFORE_N/A_ACTUAL_POS] --(CONTAINS)--> [EVENT_BEFORE_N/A_ACTUAL_POS] | [EVENT_BEFORE_N/A_ACTUAL_POS] --(CONTAINS)--> [EVENT_BEFORE_N/A_ACTUAL_POS] | [EVENT_BEFORE_N/A_ACTUAL_POS] --(BEFORE)--> [EVENT_BEFORE_N/A_ACTUAL_POS],"""consulté"" --(CONTAINS)--> ""bilan"" | ""consulté"" --(CONTAINS)--> ""examen"" | ""bilan"" --(BEFORE)--> ""ponction"""
78,41,FR100344,[EVENT_BEFORE_N/A_ACTUAL_POS] --(CONTAINS)--> [EVENT_BEFORE_N/A_ACTUAL_POS] | [EVENT_BEFORE_N/A_ACTUAL_POS] --(CONTAINS)--> [EVENT_BEFORE_N/A_ACTUAL_POS] | [EVENT_BEFORE_N/A_ACTUAL_POS] --(BEFORE)--> [EVENT_BEFORE_N/A_ACTUAL_POS],"""grossesse"" --(CONTAINS)--> ""contrôle"" | ""grossesse"" --(CONTAINS)--> ""échographie"" | ""contrôle"" --(BEFORE)--> ""échographies"""
78,41,FR100346,[EVENT_BEFORE_N/A_ACTUAL_POS] --(CONTAINS)--> [EVENT_BEFORE_N/A_ACTUAL_POS] | [EVENT_BEFORE_N/A_ACTUAL_POS] --(CONTAINS)--> [EVENT_BEFORE_N/A_ACTUAL_POS] | [EVENT_BEFORE_N/A_ACTUAL_POS] --(BEFORE)--> [EVENT_BEFORE_N/A_ACTUAL_POS],"""enquête"" --(CONTAINS)--> ""bilan"" | ""enquête"" --(CONTAINS)--> ""réalisé"" | ""bilan"" --(BEFORE)--> ""héparinothérapie"""
78,41,FR100360,[EVENT_BEFORE_N/A_ACTUAL_POS] --(CONTAINS)--> [EVENT_BEFORE_N/A_ACTUAL_POS] | [EVENT_BEFORE_N/A_ACTUAL_POS] --(CONTAINS)--> [EVENT_BEFORE_N/A_ACTUAL_POS] | [EVENT_BEFORE_N/A_ACTUAL_POS] --(BEFORE)--> [EVENT_BEFORE_N/A_ACTUAL_POS],"""colpohystérectomie"" --(CONTAINS)--> ""curage"" | ""colpohystérectomie"" --(CONTAINS)--> ""annexectomie"" | ""curage"" --(BEFORE)--> ""radiothérapie"""
78,41,FR100361,[EVENT_BEFORE_N/A_ACTUAL_POS] --(CONTAINS)--> [EVENT_BEFORE_N/A_ACTUAL_POS] | [EVENT_BEFORE_N/A_ACTUAL_POS] --(CONTAINS)--> [EVENT_BEFORE_N/A_ACTUAL_POS] | [EVENT_BEFORE_N/A_ACTUAL_POS] --(BEFORE)--> [EVENT_BEFORE_N/A_ACTUAL_POS],"""englobe"" --(CONTAINS)--> ""TDM"" | ""englobe"" --(CONTAINS)--> ""étude"" | ""TDM"" --(BEFORE)--> ""ponction"""
78,41,FR100371,[EVENT_BEFORE_N/A_ACTUAL_POS] --(CONTAINS)--> [EVENT_BEFORE_N/A_ACTUAL_POS] | [EVENT_BEFORE_N/A_ACTUAL_POS] --(CONTAINS)--> [EVENT_BEFORE_N/A_ACTUAL_POS] | [EVENT_BEFORE_N/A_ACTUAL_POS] --(BEFORE)--> [EVENT_BEFORE_N/A_ACTUAL_POS],"""ablation"" --(CONTAINS)--> ""incision"" | ""ablation"" --(CONTAINS)--> ""hémostase"" | ""incision"" --(BEFORE)--> ""envoyée"""
78,41,FR100453,[EVENT_BEFORE_N/A_ACTUAL_POS] --(CONTAINS)--> [EVENT_BEFORE_N/A_ACTUAL_POS] | [EVENT_BEFORE_N/A_ACTUAL_POS] --(CONTAINS)--> [EVENT_BEFORE_N/A_ACTUAL_POS] | [EVENT_BEFORE_N/A_ACTUAL_POS] --(BEFORE)--> [EVENT_BEFORE_N/A_ACTUAL_POS],"""développement"" --(CONTAINS)--> ""examen"" | ""développement"" --(CONTAINS)--> ""examen"" | ""examen"" --(BEFORE)--> ""radiographies"""
78,41,FR100510,[EVENT_BEFORE_N/A_ACTUAL_POS] --(CONTAINS)--> [EVENT_BEFORE_N/A_ACTUAL_POS] | [EVENT_BEFORE_N/A_ACTUAL_POS] --(CONTAINS)--> [EVENT_BEFORE_N/A_ACTUAL_POS] | [EVENT_BEFORE_N/A_ACTUAL_POS] --(BEFORE)--> [EVENT_BEFORE_N/A_ACTUAL_POS],"""kyste"" --(CONTAINS)--> ""biopsie"" | ""kyste"" --(CONTAINS)--> ""données"" | ""biopsie"" --(BEFORE)--> ""décision"""
78,41,FR100515,[EVENT_BEFORE_N/A_ACTUAL_POS] --(CONTAINS)--> [EVENT_BEFORE_N/A_ACTUAL_POS] | [EVENT_BEFORE_N/A_ACTUAL_POS] --(CONTAINS)--> [EVENT_BEFORE_N/A_ACTUAL_POS] | [EVENT_BEFORE_N/A_ACTUAL_POS] --(BEFORE)--> [EVENT_BEFORE_N/A_ACTUAL_POS],"""atteinte"" --(CONTAINS)--> ""testing"" | ""atteinte"" --(CONTAINS)--> ""hospitalisée"" | ""testing"" --(BEFORE)--> ""dosage"""
78,41,FR100519,[EVENT_BEFORE_N/A_ACTUAL_POS] --(CONTAINS)--> [EVENT_BEFORE_N/A_ACTUAL_POS] | [EVENT_BEFORE_N/A_ACTUAL_POS] --(CONTAINS)--> [EVENT_BEFORE_N/A_ACTUAL_POS] | [EVENT_BEFORE_N/A_ACTUAL_POS] --(BEFORE)--> [EVENT_BEFORE_N/A_ACTUAL_POS],"""embolie"" --(CONTAINS)--> ""angioscanner"" | ""embolie"" --(CONTAINS)--> ""admise"" | ""angioscanner"" --(BEFORE)--> ""échodoppler"""
78,41,FR100579,[EVENT_BEFORE_N/A_ACTUAL_POS] --(CONTAINS)--> [EVENT_BEFORE_N/A_ACTUAL_POS] | [EVENT_BEFORE_N/A_ACTUAL_POS] --(CONTAINS)--> [EVENT_BEFORE_N/A_ACTUAL_POS] | [EVENT_BEFORE_N/A_ACTUAL_POS] --(BEFORE)--> [EVENT_BEFORE_N/A_ACTUAL_POS],"""processus"" --(CONTAINS)--> ""échocardiographie"" | ""processus"" --(CONTAINS)--> ""imagerie"" | ""échocardiographie"" --(BEFORE)--> ""bilan"""
78,41,FR100589,[EVENT_BEFORE_N/A_ACTUAL_POS] --(CONTAINS)--> [EVENT_BEFORE_N/A_ACTUAL_POS] | [EVENT_BEFORE_N/A_ACTUAL_POS] --(CONTAINS)--> [EVENT_BEFORE_N/A_ACTUAL_POS] | [EVENT_BEFORE_N/A_ACTUAL_POS] --(BEFORE)--> [EVENT_BEFORE_N/A_ACTUAL_POS],"""aspect"" --(CONTAINS)--> ""tomodensitométrie"" | ""aspect"" --(CONTAINS)--> ""évoquer"" | ""tomodensitométrie"" --(BEFORE)--> ""discuté"""
78,41,FR100614,[EVENT_BEFORE_N/A_ACTUAL_POS] --(CONTAINS)--> [EVENT_BEFORE_N/A_ACTUAL_POS] | [EVENT_BEFORE_N/A_ACTUAL_POS] --(CONTAINS)--> [EVENT_BEFORE_N/A_ACTUAL_POS] | [EVENT_BEFORE_N/A_ACTUAL_POS] --(BEFORE)--> [EVENT_BEFORE_N/A_ACTUAL_POS],"""masse"" --(CONTAINS)--> ""tomodensitométrie"" | ""masse"" --(CONTAINS)--> ""examen"" | ""tomodensitométrie"" --(BEFORE)--> ""radiographie"""
78,41,FR100620,[EVENT_BEFORE_N/A_ACTUAL_POS] --(CONTAINS)--> [EVENT_BEFORE_N/A_ACTUAL_POS] | [EVENT_BEFORE_N/A_ACTUAL_POS] --(CONTAINS)--> [EVENT_BEFORE_N/A_ACTUAL_POS] | [EVENT_BEFORE_N/A_ACTUAL_POS] --(BEFORE)--> [EVENT_BEFORE_N/A_ACTUAL_POS],"""toux"" --(CONTAINS)--> ""présenté"" | ""toux"" --(CONTAINS)--> ""expectorations"" | ""présenté"" --(BEFORE)--> ""examen"""
78,41,FR100632,[EVENT_BEFORE_N/A_ACTUAL_POS] --(CONTAINS)--> [EVENT_BEFORE_N/A_ACTUAL_POS] | [EVENT_BEFORE_N/A_ACTUAL_POS] --(CONTAINS)--> [EVENT_BEFORE_N/A_ACTUAL_POS] | [EVENT_BEFORE_N/A_ACTUAL_POS] --(BEFORE)--> [EVENT_BEFORE_N/A_ACTUAL_POS],"""myélite"" --(CONTAINS)--> ""IRM"" | ""myélite"" --(CONTAINS)--> ""diagnostic"" | ""IRM"" --(BEFORE)--> ""IRM"""
78,41,FR100663,[EVENT_BEFORE_N/A_ACTUAL_POS] --(CONTAINS)--> [EVENT_BEFORE_N/A_ACTUAL_POS] | [EVENT_BEFORE_N/A_ACTUAL_POS] --(CONTAINS)--> [EVENT_BEFORE_N/A_ACTUAL_POS] | [EVENT_BEFORE_N/A_ACTUAL_POS] --(BEFORE)--> [EVENT_BEFORE_N/A_ACTUAL_POS],"""contenait"" --(CONTAINS)--> ""échographie"" | ""contenait"" --(CONTAINS)--> ""longueur"" | ""échographie"" --(BEFORE)--> ""taux"""
78,41,FR100688,[EVENT_BEFORE_N/A_ACTUAL_POS] --(CONTAINS)--> [EVENT_BEFORE_N/A_ACTUAL_POS] | [EVENT_BEFORE_N/A_ACTUAL_POS] --(CONTAINS)--> [EVENT_BEFORE_N/A_ACTUAL_POS] | [EVENT_BEFORE_N/A_ACTUAL_POS] --(BEFORE)--> [EVENT_BEFORE_N/A_ACTUAL_POS],"""Bacille"" --(CONTAINS)--> ""analyse"" | ""Bacille"" --(CONTAINS)--> ""culture"" | ""analyse"" --(BEFORE)--> ""traitement"""
78,41,FR100689,[EVENT_BEFORE_N/A_ACTUAL_POS] --(CONTAINS)--> [EVENT_BEFORE_N/A_ACTUAL_POS] | [EVENT_BEFORE_N/A_ACTUAL_POS] --(CONTAINS)--> [EVENT_BEFORE_N/A_ACTUAL_POS] | [EVENT_BEFORE_N/A_ACTUAL_POS] --(BEFORE)--> [EVENT_BEFORE_N/A_ACTUAL_POS],"""symptomatologie"" --(CONTAINS)--> ""demandé"" | ""symptomatologie"" --(CONTAINS)--> ""augmentation"" | ""demandé"" --(BEFORE)--> ""avis"""
78,41,FR100717,[EVENT_BEFORE_N/A_ACTUAL_POS] --(CONTAINS)--> [EVENT_BEFORE_N/A_ACTUAL_POS] | [EVENT_BEFORE_N/A_ACTUAL_POS] --(CONTAINS)--> [EVENT_BEFORE_N/A_ACTUAL_POS] | [EVENT_BEFORE_N/A_ACTUAL_POS] --(BEFORE)--> [EVENT_BEFORE_N/A_ACTUAL_POS],"""épaississement"" --(CONTAINS)--> ""IRM"" | ""épaississement"" --(CONTAINS)--> ""hypersignal"" | ""IRM"" --(BEFORE)--> ""laminectomie"""
78,41,FR100748,[EVENT_BEFORE_N/A_ACTUAL_POS] --(CONTAINS)--> [EVENT_BEFORE_N/A_ACTUAL_POS] | [EVENT_BEFORE_N/A_ACTUAL_POS] --(CONTAINS)--> [EVENT_BEFORE_N/A_ACTUAL_POS] | [EVENT_BEFORE_N/A_ACTUAL_POS] --(BEFORE)--> [EVENT_BEFORE_N/A_ACTUAL_POS],"""hospitalisation"" --(CONTAINS)--> ""indication"" | ""hospitalisation"" --(CONTAINS)--> ""reste"" | ""indication"" --(BEFORE)--> ""consultation"""
78,41,FR100806,[EVENT_BEFORE_N/A_ACTUAL_POS] --(CONTAINS)--> [EVENT_BEFORE_N/A_ACTUAL_POS] | [EVENT_BEFORE_N/A_ACTUAL_POS] --(CONTAINS)--> [EVENT_BEFORE_N/A_ACTUAL_POS] | [EVENT_BEFORE_N/A_ACTUAL_POS] --(BEFORE)--> [EVENT_BEFORE_N/A_ACTUAL_POS],"""hématome"" --(CONTAINS)--> ""examen"" | ""hématome"" --(CONTAINS)--> ""tomodensitométrie"" | ""examen"" --(BEFORE)--> ""suites"""
78,41,FR100894,[EVENT_BEFORE_N/A_ACTUAL_POS] --(CONTAINS)--> [EVENT_BEFORE_N/A_ACTUAL_POS] | [EVENT_BEFORE_N/A_ACTUAL_POS] --(CONTAINS)--> [EVENT_BEFORE_N/A_ACTUAL_POS] | [EVENT_BEFORE_N/A_ACTUAL_POS] --(BEFORE)--> [EVENT_BEFORE_N/A_ACTUAL_POS],"""incision"" --(CONTAINS)--> ""décompression"" | ""incision"" --(CONTAINS)--> ""section"" | ""décompression"" --(BEFORE)--> ""palpation"""
78,41,FR100903,[EVENT_BEFORE_N/A_ACTUAL_POS] --(CONTAINS)--> [EVENT_BEFORE_N/A_ACTUAL_POS] | [EVENT_BEFORE_N/A_ACTUAL_POS] --(CONTAINS)--> [EVENT_BEFORE_N/A_ACTUAL_POS] | [EVENT_BEFORE_N/A_ACTUAL_POS] --(BEFORE)--> [EVENT_BEFORE_N/A_ACTUAL_POS],"""hydrops"" --(CONTAINS)--> ""diagnostic"" | ""hydrops"" --(CONTAINS)--> ""circonférence"" | ""diagnostic"" --(BEFORE)--> ""écarté"""
78,41,FR100944,[EVENT_BEFORE_N/A_ACTUAL_POS] --(CONTAINS)--> [EVENT_BEFORE_N/A_ACTUAL_POS] | [EVENT_BEFORE_N/A_ACTUAL_POS] --(CONTAINS)--> [EVENT_BEFORE_N/A_ACTUAL_POS] | [EVENT_BEFORE_N/A_ACTUAL_POS] --(BEFORE)--> [EVENT_BEFORE_N/A_ACTUAL_POS],"""suivi"" --(CONTAINS)--> ""échocardiographique"" | ""suivi"" --(CONTAINS)--> ""hospitalisé"" | ""échocardiographique"" --(BEFORE)--> ""remplacement"""
12,40,FR100003,[EVENT_BEFORE_N/A_ACTUAL_POS] --(CONTAINS)--> [EVENT_BEFORE_N/A_ACTUAL_POS] | [EVENT_BEFORE_N/A_ACTUAL_POS] --(OVERLAP)--> [EVENT_BEFORE_N/A_ACTUAL_POS],"""état"" --(CONTAINS)--> ""Lexamen"" | ""état"" --(OVERLAP)--> ""SaO2"""
12,40,FR100092,[EVENT_BEFORE_N/A_ACTUAL_POS] --(CONTAINS)--> [EVENT_BEFORE_N/A_ACTUAL_POS] | [EVENT_BEFORE_N/A_ACTUAL_POS] --(OVERLAP)--> [EVENT_BEFORE_N/A_ACTUAL_POS],"""appendicite"" --(CONTAINS)--> ""étude"" | ""appendicite"" --(OVERLAP)--> ""réaction"""
12,40,FR100120,[EVENT_BEFORE_N/A_ACTUAL_POS] --(CONTAINS)--> [EVENT_BEFORE_N/A_ACTUAL_POS] | [EVENT_BEFORE_N/A_ACTUAL_POS] --(OVERLAP)--> [EVENT_BEFORE_N/A_ACTUAL_POS],"""traitement"" --(CONTAINS)--> ""soins"" | ""traitement"" --(OVERLAP)--> ""rattaché"""
12,40,FR100130,[EVENT_BEFORE_N/A_ACTUAL_POS] --(CONTAINS)--> [EVENT_BEFORE_N/A_ACTUAL_POS] | [EVENT_BEFORE_N/A_ACTUAL_POS] --(OVERLAP)--> [EVENT_BEFORE_N/A_ACTUAL_POS],"""réflexes"" --(CONTAINS)--> ""examen"" | ""réflexes"" --(OVERLAP)--> ""réflexe"""
12,40,FR100132,[EVENT_BEFORE_N/A_ACTUAL_POS] --(CONTAINS)--> [EVENT_BEFORE_N/A_ACTUAL_POS] | [EVENT_BEFORE_N/A_ACTUAL_POS] --(OVERLAP)--> [EVENT_BEFORE_N/A_ACTUAL_POS],"""consultation"" --(CONTAINS)--> ""référée"" | ""consultation"" --(OVERLAP)--> ""antécédents"""
12,40,FR100142,[EVENT_BEFORE_N/A_ACTUAL_POS] --(CONTAINS)--> [EVENT_BEFORE_N/A_ACTUAL_POS] | [EVENT_BEFORE_N/A_ACTUAL_POS] --(OVERLAP)--> [EVENT_BEFORE_N/A_ACTUAL_POS],"""marquage"" --(CONTAINS)--> ""étude"" | ""marquage"" --(OVERLAP)--> ""maladie"""
12,40,FR100161,[EVENT_BEFORE_N/A_ACTUAL_POS] --(CONTAINS)--> [EVENT_BEFORE_N/A_ACTUAL_POS] | [EVENT_BEFORE_N/A_ACTUAL_POS] --(OVERLAP)--> [EVENT_BEFORE_N/A_ACTUAL_POS],"""sérologie"" --(CONTAINS)--> ""examens"" | ""sérologie"" --(OVERLAP)--> ""charge"""
12,40,FR100168,[EVENT_BEFORE_N/A_ACTUAL_POS] --(CONTAINS)--> [EVENT_BEFORE_N/A_ACTUAL_POS] | [EVENT_BEFORE_N/A_ACTUAL_POS] --(OVERLAP)--> [EVENT_BEFORE_N/A_ACTUAL_POS],"""entretien"" --(CONTAINS)--> ""dévoiler"" | ""entretien"" --(OVERLAP)--> ""habitude"""
12,40,FR100275,[EVENT_BEFORE_N/A_ACTUAL_POS] --(CONTAINS)--> [EVENT_BEFORE_N/A_ACTUAL_POS] | [EVENT_BEFORE_N/A_ACTUAL_POS] --(OVERLAP)--> [EVENT_BEFORE_N/A_ACTUAL_POS],"""bilan"" --(CONTAINS)--> ""radiographie"" | ""bilan"" --(OVERLAP)--> ""rassurant"""
12,40,FR100282,[EVENT_BEFORE_N/A_ACTUAL_POS] --(CONTAINS)--> [EVENT_BEFORE_N/A_ACTUAL_POS] | [EVENT_BEFORE_N/A_ACTUAL_POS] --(OVERLAP)--> [EVENT_BEFORE_N/A_ACTUAL_POS],"""crises"" --(CONTAINS)--> ""soumis"" | ""crises"" --(OVERLAP)--> ""perte"""
12,40,FR100296,[EVENT_BEFORE_N/A_ACTUAL_POS] --(CONTAINS)--> [EVENT_BEFORE_N/A_ACTUAL_POS] | [EVENT_BEFORE_N/A_ACTUAL_POS] --(OVERLAP)--> [EVENT_BEFORE_N/A_ACTUAL_POS],"""émergence"" --(CONTAINS)--> ""fenestration"" | ""émergence"" --(OVERLAP)--> ""conflit"""
12,40,FR100361,[EVENT_BEFORE_N/A_ACTUAL_POS] --(CONTAINS)--> [EVENT_BEFORE_N/A_ACTUAL_POS] | [EVENT_BEFORE_N/A_ACTUAL_POS] --(OVERLAP)--> [EVENT_BEFORE_N/A_ACTUAL_POS],"""méningo-vascularite"" --(CONTAINS)--> ""diagnostic"" | ""méningo-vascularite"" --(OVERLAP)--> ""adénome"""
12,40,FR100371,[EVENT_BEFORE_N/A_ACTUAL_POS] --(CONTAINS)--> [EVENT_BEFORE_N/A_ACTUAL_POS] | [EVENT_BEFORE_N/A_ACTUAL_POS] --(OVERLAP)--> [EVENT_BEFORE_N/A_ACTUAL_POS],"""pesait"" --(CONTAINS)--> ""examen"" | ""pesait"" --(OVERLAP)--> ""taille"""
12,40,FR100400,[EVENT_BEFORE_N/A_ACTUAL_POS] --(CONTAINS)--> [EVENT_BEFORE_N/A_ACTUAL_POS] | [EVENT_BEFORE_N/A_ACTUAL_POS] --(OVERLAP)--> [EVENT_BEFORE_N/A_ACTUAL_POS],"""suites"" --(CONTAINS)--> ""retiré"" | ""suites"" --(OVERLAP)--> ""étude"""
12,40,FR100517,[EVENT_BEFORE_N/A_ACTUAL_POS] --(CONTAINS)--> [EVENT_BEFORE_N/A_ACTUAL_POS] | [EVENT_BEFORE_N/A_ACTUAL_POS] --(OVERLAP)--> [EVENT_BEFORE_N/A_ACTUAL_POS],"""bilan"" --(CONTAINS)--> ""radiographie"" | ""bilan"" --(OVERLAP)--> ""amélioration"""
12,40,FR100579,[EVENT_BEFORE_N/A_ACTUAL_POS] --(CONTAINS)--> [EVENT_BEFORE_N/A_ACTUAL_POS] | [EVENT_BEFORE_N/A_ACTUAL_POS] --(OVERLAP)--> [EVENT_BEFORE_N/A_ACTUAL_POS],"""antécédents"" --(CONTAINS)--> ""traumatisme"" | ""antécédents"" --(OVERLAP)--> ""consulte"""
12,40,FR100589,[EVENT_BEFORE_N/A_ACTUAL_POS] --(CONTAINS)--> [EVENT_BEFORE_N/A_ACTUAL_POS] | [EVENT_BEFORE_N/A_ACTUAL_POS] --(OVERLAP)--> [EVENT_BEFORE_N/A_ACTUAL_POS],"""pneumopathie"" --(CONTAINS)--> ""évoquer"" | ""pneumopathie"" --(OVERLAP)--> ""leucémie"""
12,40,FR100597,[EVENT_BEFORE_N/A_ACTUAL_POS] --(CONTAINS)--> [EVENT_BEFORE_N/A_ACTUAL_POS] | [EVENT_BEFORE_N/A_ACTUAL_POS] --(OVERLAP)--> [EVENT_BEFORE_N/A_ACTUAL_POS],"""gestes"" --(CONTAINS)--> ""annexectomie"" | ""gestes"" --(OVERLAP)--> ""examen"""
12,40,FR100620,[EVENT_BEFORE_N/A_ACTUAL_POS] --(CONTAINS)--> [EVENT_BEFORE_N/A_ACTUAL_POS] | [EVENT_BEFORE_N/A_ACTUAL_POS] --(OVERLAP)--> [EVENT_BEFORE_N/A_ACTUAL_POS],"""prise"" --(CONTAINS)--> ""corticothérapie"" | ""prise"" --(OVERLAP)--> ""sevrage"""
12,40,FR100632,[EVENT_BEFORE_N/A_ACTUAL_POS] --(CONTAINS)--> [EVENT_BEFORE_N/A_ACTUAL_POS] | [EVENT_BEFORE_N/A_ACTUAL_POS] --(OVERLAP)--> [EVENT_BEFORE_N/A_ACTUAL_POS],"""myélite"" --(CONTAINS)--> ""IRM"" | ""myélite"" --(OVERLAP)--> ""hépatite"""
12,40,FR100658,[EVENT_BEFORE_N/A_ACTUAL_POS] --(CONTAINS)--> [EVENT_BEFORE_N/A_ACTUAL_POS] | [EVENT_BEFORE_N/A_ACTUAL_POS] --(OVERLAP)--> [EVENT_BEFORE_N/A_ACTUAL_POS],"""Opéré"" --(CONTAINS)--> ""exérèse"" | ""Opéré"" --(OVERLAP)--> ""antécédents"""
12,40,FR100666,[EVENT_BEFORE_N/A_ACTUAL_POS] --(CONTAINS)--> [EVENT_BEFORE_N/A_ACTUAL_POS] | [EVENT_BEFORE_N/A_ACTUAL_POS] --(OVERLAP)--> [EVENT_BEFORE_N/A_ACTUAL_POS],"""lymphome"" --(CONTAINS)--> ""cytoponction"" | ""lymphome"" --(OVERLAP)--> ""CD20"""
12,40,FR100683,[EVENT_BEFORE_N/A_ACTUAL_POS] --(CONTAINS)--> [EVENT_BEFORE_N/A_ACTUAL_POS] | [EVENT_BEFORE_N/A_ACTUAL_POS] --(OVERLAP)--> [EVENT_BEFORE_N/A_ACTUAL_POS],"""taux"" --(CONTAINS)--> ""exploration"" | ""taux"" --(OVERLAP)--> ""FSH"""
12,40,FR100689,[EVENT_BEFORE_N/A_ACTUAL_POS] --(CONTAINS)--> [EVENT_BEFORE_N/A_ACTUAL_POS] | [EVENT_BEFORE_N/A_ACTUAL_POS] --(OVERLAP)--> [EVENT_BEFORE_N/A_ACTUAL_POS],"""épisode"" --(CONTAINS)--> ""évolution"" | ""épisode"" --(OVERLAP)--> ""mis"""
12,40,FR100717,[EVENT_BEFORE_N/A_ACTUAL_POS] --(CONTAINS)--> [EVENT_BEFORE_N/A_ACTUAL_POS] | [EVENT_BEFORE_N/A_ACTUAL_POS] --(OVERLAP)--> [EVENT_BEFORE_N/A_ACTUAL_POS],"""évolution"" --(CONTAINS)--> ""installation"" | ""évolution"" --(OVERLAP)--> ""rééducation"""
12,40,FR100748,[EVENT_BEFORE_N/A_ACTUAL_POS] --(CONTAINS)--> [EVENT_BEFORE_N/A_ACTUAL_POS] | [EVENT_BEFORE_N/A_ACTUAL_POS] --(OVERLAP)--> [EVENT_BEFORE_N/A_ACTUAL_POS],"""ouverture"" --(CONTAINS)--> ""aborder"" | ""ouverture"" --(OVERLAP)--> ""libération"""
12,40,FR100780,[EVENT_BEFORE_N/A_ACTUAL_POS] --(CONTAINS)--> [EVENT_BEFORE_N/A_ACTUAL_POS] | [EVENT_BEFORE_N/A_ACTUAL_POS] --(OVERLAP)--> [EVENT_BEFORE_N/A_ACTUAL_POS],"""séances"" --(CONTAINS)--> ""circuit"" | ""séances"" --(OVERLAP)--> ""séance"""
12,40,FR100849,[EVENT_BEFORE_N/A_ACTUAL_POS] --(CONTAINS)--> [EVENT_BEFORE_N/A_ACTUAL_POS] | [EVENT_BEFORE_N/A_ACTUAL_POS] --(OVERLAP)--> [EVENT_BEFORE_N/A_ACTUAL_POS],"""admission"" --(CONTAINS)--> ""examen"" | ""admission"" --(OVERLAP)--> ""CRP"""
12,40,FR100870,[EVENT_BEFORE_N/A_ACTUAL_POS] --(CONTAINS)--> [EVENT_BEFORE_N/A_ACTUAL_POS] | [EVENT_BEFORE_N/A_ACTUAL_POS] --(OVERLAP)--> [EVENT_BEFORE_N/A_ACTUAL_POS],"""anomalie"" --(CONTAINS)--> ""imagerie"" | ""anomalie"" --(OVERLAP)--> ""processus"""
12,40,FR100882,[EVENT_BEFORE_N/A_ACTUAL_POS] --(CONTAINS)--> [EVENT_BEFORE_N/A_ACTUAL_POS] | [EVENT_BEFORE_N/A_ACTUAL_POS] --(OVERLAP)--> [EVENT_BEFORE_N/A_ACTUAL_POS],"""parésie"" --(CONTAINS)--> ""examen"" | ""parésie"" --(OVERLAP)--> ""force"""
12,40,FR100894,[EVENT_BEFORE_N/A_ACTUAL_POS] --(CONTAINS)--> [EVENT_BEFORE_N/A_ACTUAL_POS] | [EVENT_BEFORE_N/A_ACTUAL_POS] --(OVERLAP)--> [EVENT_BEFORE_N/A_ACTUAL_POS],"""incision"" --(CONTAINS)--> ""décompression"" | ""incision"" --(OVERLAP)--> ""rompu"""
12,40,FR100903,[EVENT_BEFORE_N/A_ACTUAL_POS] --(CONTAINS)--> [EVENT_BEFORE_N/A_ACTUAL_POS] | [EVENT_BEFORE_N/A_ACTUAL_POS] --(OVERLAP)--> [EVENT_BEFORE_N/A_ACTUAL_POS],"""protubérance"" --(CONTAINS)--> ""échographie"" | ""protubérance"" --(OVERLAP)--> ""inversée"""
12,40,FR100919,[EVENT_BEFORE_N/A_ACTUAL_POS] --(CONTAINS)--> [EVENT_BEFORE_N/A_ACTUAL_POS] | [EVENT_BEFORE_N/A_ACTUAL_POS] --(OVERLAP)--> [EVENT_BEFORE_N/A_ACTUAL_POS],"""signes"" --(CONTAINS)--> ""bilans"" | ""signes"" --(OVERLAP)--> ""prise"""
12,40,FR100925,[EVENT_BEFORE_N/A_ACTUAL_POS] --(CONTAINS)--> [EVENT_BEFORE_N/A_ACTUAL_POS] | [EVENT_BEFORE_N/A_ACTUAL_POS] --(OVERLAP)--> [EVENT_BEFORE_N/A_ACTUAL_POS],"""infection"" --(CONTAINS)--> ""bilan"" | ""infection"" --(OVERLAP)--> ""Ac"""
12,40,FR100994,[EVENT_BEFORE_N/A_ACTUAL_POS] --(CONTAINS)--> [EVENT_BEFORE_N/A_ACTUAL_POS] | [EVENT_BEFORE_N/A_ACTUAL_POS] --(OVERLAP)--> [EVENT_BEFORE_N/A_ACTUAL_POS],"""métastase"" --(CONTAINS)--> ""suivi"" | ""métastase"" --(OVERLAP)--> ""contexte"""
12,40,FR100996,[EVENT_BEFORE_N/A_ACTUAL_POS] --(CONTAINS)--> [EVENT_BEFORE_N/A_ACTUAL_POS] | [EVENT_BEFORE_N/A_ACTUAL_POS] --(OVERLAP)--> [EVENT_BEFORE_N/A_ACTUAL_POS],"""hernie"" --(CONTAINS)--> ""retenu"" | ""hernie"" --(OVERLAP)--> ""signe"""
