ID_Motif,Support,Document,Structure_Abstraite,Mot_1,Relation_1,Mot_2,Relation_2,Mot_3,Relation_3,Mot_4,Relation_4,Mot_5,Relation_5,Mot_6,Relation_6,Mot_7
14,73,FR100003,[EVENT_BEFORE_ACTUAL_POS] --(CONTAINS)--> [EVENT_BEFORE_ACTUAL_POS] | [EVENT_BEFORE_ACTUAL_POS] --(BEFORE)--> [EVENT_BEFORE_ACTUAL_POS],mixte,CONTAINS,examen,BEFORE,antibiothérapie,,,,,,,,
14,73,FR100078,[EVENT_BEFORE_ACTUAL_POS] --(CONTAINS)--> [EVENT_BEFORE_ACTUAL_POS] | [EVENT_BEFORE_ACTUAL_POS] --(BEFORE)--> [EVENT_BEFORE_ACTUAL_POS],pus,CONTAINS,diagnostic,BEFORE,traitements,,,,,,,,
14,73,FR100092,[EVENT_BEFORE_ACTUAL_POS] --(CONTAINS)--> [EVENT_BEFORE_ACTUAL_POS] | [EVENT_BEFORE_ACTUAL_POS] --(BEFORE)--> [EVENT_BEFORE_ACTUAL_POS],conjonctives,CONTAINS,examen,BEFORE,examen,,,,,,,,
14,73,FR100120,[EVENT_BEFORE_ACTUAL_POS] --(CONTAINS)--> [EVENT_BEFORE_ACTUAL_POS] | [EVENT_BEFORE_ACTUAL_POS] --(BEFORE)--> [EVENT_BEFORE_ACTUAL_POS],examen,CONTAINS,reste,BEFORE,traitement,,,,,,,,
14,73,FR100130,[EVENT_BEFORE_ACTUAL_POS] --(CONTAINS)--> [EVENT_BEFORE_ACTUAL_POS] | [EVENT_BEFORE_ACTUAL_POS] --(BEFORE)--> [EVENT_BEFORE_ACTUAL_POS],marqueurs,CONTAINS,bilan,BEFORE,suspectée,,,,,,,,
14,73,FR100132,[EVENT_BEFORE_ACTUAL_POS] --(CONTAINS)--> [EVENT_BEFORE_ACTUAL_POS] | [EVENT_BEFORE_ACTUAL_POS] --(BEFORE)--> [EVENT_BEFORE_ACTUAL_POS],examen,CONTAINS,palpation,BEFORE,histologie,,,,,,,,
14,73,FR100142,[EVENT_BEFORE_ACTUAL_POS] --(CONTAINS)--> [EVENT_BEFORE_ACTUAL_POS] | [EVENT_BEFORE_ACTUAL_POS] --(BEFORE)--> [EVENT_BEFORE_ACTUAL_POS],lésions,CONTAINS,examen,BEFORE,électrophorèse,,,,,,,,
14,73,FR100161,[EVENT_BEFORE_ACTUAL_POS] --(CONTAINS)--> [EVENT_BEFORE_ACTUAL_POS] | [EVENT_BEFORE_ACTUAL_POS] --(BEFORE)--> [EVENT_BEFORE_ACTUAL_POS],sérologie,CONTAINS,examens,BEFORE,radiographie,,,,,,,,
14,73,FR100168,[EVENT_BEFORE_ACTUAL_POS] --(CONTAINS)--> [EVENT_BEFORE_ACTUAL_POS] | [EVENT_BEFORE_ACTUAL_POS] --(BEFORE)--> [EVENT_BEFORE_ACTUAL_POS],hémoglobine,CONTAINS,bilan,BEFORE,tests,,,,,,,,
14,73,FR100185,[EVENT_BEFORE_ACTUAL_POS] --(CONTAINS)--> [EVENT_BEFORE_ACTUAL_POS] | [EVENT_BEFORE_ACTUAL_POS] --(BEFORE)--> [EVENT_BEFORE_ACTUAL_POS],abolition,CONTAINS,Electromyogramme,BEFORE,IRM,,,,,,,,
14,73,FR100255,[EVENT_BEFORE_ACTUAL_POS] --(CONTAINS)--> [EVENT_BEFORE_ACTUAL_POS] | [EVENT_BEFORE_ACTUAL_POS] --(BEFORE)--> [EVENT_BEFORE_ACTUAL_POS],fréquence,CONTAINS,examen,BEFORE,examen,,,,,,,,
14,73,FR100275,[EVENT_BEFORE_ACTUAL_POS] --(CONTAINS)--> [EVENT_BEFORE_ACTUAL_POS] | [EVENT_BEFORE_ACTUAL_POS] --(BEFORE)--> [EVENT_BEFORE_ACTUAL_POS],mort,CONTAINS,établi,BEFORE,manœuvres,,,,,,,,
14,73,FR100276,[EVENT_BEFORE_ACTUAL_POS] --(CONTAINS)--> [EVENT_BEFORE_ACTUAL_POS] | [EVENT_BEFORE_ACTUAL_POS] --(BEFORE)--> [EVENT_BEFORE_ACTUAL_POS],grossesse,CONTAINS,posé,BEFORE,application,,,,,,,,
14,73,FR100282,[EVENT_BEFORE_ACTUAL_POS] --(CONTAINS)--> [EVENT_BEFORE_ACTUAL_POS] | [EVENT_BEFORE_ACTUAL_POS] --(BEFORE)--> [EVENT_BEFORE_ACTUAL_POS],tracé,CONTAINS,électroencéphalogramme,BEFORE,scanner,,,,,,,,
14,73,FR100283,[EVENT_BEFORE_ACTUAL_POS] --(CONTAINS)--> [EVENT_BEFORE_ACTUAL_POS] | [EVENT_BEFORE_ACTUAL_POS] --(BEFORE)--> [EVENT_BEFORE_ACTUAL_POS],syndrome,CONTAINS,bilan,BEFORE,IRM,,,,,,,,
14,73,FR100296,[EVENT_BEFORE_ACTUAL_POS] --(CONTAINS)--> [EVENT_BEFORE_ACTUAL_POS] | [EVENT_BEFORE_ACTUAL_POS] --(BEFORE)--> [EVENT_BEFORE_ACTUAL_POS],émergence,CONTAINS,fenestration,BEFORE,suites,,,,,,,,
14,73,FR100314,[EVENT_BEFORE_ACTUAL_POS] --(CONTAINS)--> [EVENT_BEFORE_ACTUAL_POS] | [EVENT_BEFORE_ACTUAL_POS] --(BEFORE)--> [EVENT_BEFORE_ACTUAL_POS],fracture,CONTAINS,bilan,BEFORE,drainage,,,,,,,,
14,73,FR100344,[EVENT_BEFORE_ACTUAL_POS] --(CONTAINS)--> [EVENT_BEFORE_ACTUAL_POS] | [EVENT_BEFORE_ACTUAL_POS] --(BEFORE)--> [EVENT_BEFORE_ACTUAL_POS],insuffisance,CONTAINS,développé,BEFORE,suivie,,,,,,,,
14,73,FR100346,[EVENT_BEFORE_ACTUAL_POS] --(CONTAINS)--> [EVENT_BEFORE_ACTUAL_POS] | [EVENT_BEFORE_ACTUAL_POS] --(BEFORE)--> [EVENT_BEFORE_ACTUAL_POS],lésions,CONTAINS,angioscanner,BEFORE,echo-dopler,,,,,,,,
14,73,FR100360,[EVENT_BEFORE_ACTUAL_POS] --(CONTAINS)--> [EVENT_BEFORE_ACTUAL_POS] | [EVENT_BEFORE_ACTUAL_POS] --(BEFORE)--> [EVENT_BEFORE_ACTUAL_POS],adénocarcinome,CONTAINS,examen,BEFORE,curage,,,,,,,,
14,73,FR100361,[EVENT_BEFORE_ACTUAL_POS] --(CONTAINS)--> [EVENT_BEFORE_ACTUAL_POS] | [EVENT_BEFORE_ACTUAL_POS] --(BEFORE)--> [EVENT_BEFORE_ACTUAL_POS],méningo-vascularite,CONTAINS,diagnostic,BEFORE,traitement,,,,,,,,
14,73,FR100371,[EVENT_BEFORE_ACTUAL_POS] --(CONTAINS)--> [EVENT_BEFORE_ACTUAL_POS] | [EVENT_BEFORE_ACTUAL_POS] --(BEFORE)--> [EVENT_BEFORE_ACTUAL_POS],taux,CONTAINS,bilan,BEFORE,bilan,,,,,,,,
14,73,FR100400,[EVENT_BEFORE_ACTUAL_POS] --(CONTAINS)--> [EVENT_BEFORE_ACTUAL_POS] | [EVENT_BEFORE_ACTUAL_POS] --(BEFORE)--> [EVENT_BEFORE_ACTUAL_POS],lésion,CONTAINS,échographie,BEFORE,scanner,,,,,,,,
14,73,FR100439,[EVENT_BEFORE_ACTUAL_POS] --(CONTAINS)--> [EVENT_BEFORE_ACTUAL_POS] | [EVENT_BEFORE_ACTUAL_POS] --(BEFORE)--> [EVENT_BEFORE_ACTUAL_POS],disparition,CONTAINS,nasofibroscopie,BEFORE,contrôles,,,,,,,,
14,73,FR100448,[EVENT_BEFORE_ACTUAL_POS] --(CONTAINS)--> [EVENT_BEFORE_ACTUAL_POS] | [EVENT_BEFORE_ACTUAL_POS] --(BEFORE)--> [EVENT_BEFORE_ACTUAL_POS],foyer,CONTAINS,scanner,BEFORE,débutée,,,,,,,,
14,73,FR100453,[EVENT_BEFORE_ACTUAL_POS] --(CONTAINS)--> [EVENT_BEFORE_ACTUAL_POS] | [EVENT_BEFORE_ACTUAL_POS] --(BEFORE)--> [EVENT_BEFORE_ACTUAL_POS],hypertrophie,CONTAINS,radiographies,BEFORE,porté,,,,,,,,
14,73,FR100480,[EVENT_BEFORE_ACTUAL_POS] --(CONTAINS)--> [EVENT_BEFORE_ACTUAL_POS] | [EVENT_BEFORE_ACTUAL_POS] --(BEFORE)--> [EVENT_BEFORE_ACTUAL_POS],nodules,CONTAINS,Tomographie,BEFORE,reprise,,,,,,,,
14,73,FR100510,[EVENT_BEFORE_ACTUAL_POS] --(CONTAINS)--> [EVENT_BEFORE_ACTUAL_POS] | [EVENT_BEFORE_ACTUAL_POS] --(BEFORE)--> [EVENT_BEFORE_ACTUAL_POS],limitation,CONTAINS,examen,BEFORE,radiographie,,,,,,,,
14,73,FR100515,[EVENT_BEFORE_ACTUAL_POS] --(CONTAINS)--> [EVENT_BEFORE_ACTUAL_POS] | [EVENT_BEFORE_ACTUAL_POS] --(BEFORE)--> [EVENT_BEFORE_ACTUAL_POS],atteinte,CONTAINS,testing,BEFORE,électromyogramme,,,,,,,,
14,73,FR100517,[EVENT_BEFORE_ACTUAL_POS] --(CONTAINS)--> [EVENT_BEFORE_ACTUAL_POS] | [EVENT_BEFORE_ACTUAL_POS] --(BEFORE)--> [EVENT_BEFORE_ACTUAL_POS],opacités,CONTAINS,tomodensitométrie,BEFORE,instauré,,,,,,,,
14,73,FR100519,[EVENT_BEFORE_ACTUAL_POS] --(CONTAINS)--> [EVENT_BEFORE_ACTUAL_POS] | [EVENT_BEFORE_ACTUAL_POS] --(BEFORE)--> [EVENT_BEFORE_ACTUAL_POS],déglobulisation,CONTAINS,hémogramme,BEFORE,remplissage,,,,,,,,
14,73,FR100579,[EVENT_BEFORE_ACTUAL_POS] --(CONTAINS)--> [EVENT_BEFORE_ACTUAL_POS] | [EVENT_BEFORE_ACTUAL_POS] --(BEFORE)--> [EVENT_BEFORE_ACTUAL_POS],processus,CONTAINS,échocardiographie,BEFORE,bilan,,,,,,,,
14,73,FR100589,[EVENT_BEFORE_ACTUAL_POS] --(CONTAINS)--> [EVENT_BEFORE_ACTUAL_POS] | [EVENT_BEFORE_ACTUAL_POS] --(BEFORE)--> [EVENT_BEFORE_ACTUAL_POS],syndrome,CONTAINS,Cytométrie,BEFORE,biopsie,,,,,,,,
14,73,FR100597,[EVENT_BEFORE_ACTUAL_POS] --(CONTAINS)--> [EVENT_BEFORE_ACTUAL_POS] | [EVENT_BEFORE_ACTUAL_POS] --(BEFORE)--> [EVENT_BEFORE_ACTUAL_POS],consultation,CONTAINS,examen,BEFORE,examen,,,,,,,,
14,73,FR100603,[EVENT_BEFORE_ACTUAL_POS] --(CONTAINS)--> [EVENT_BEFORE_ACTUAL_POS] | [EVENT_BEFORE_ACTUAL_POS] --(BEFORE)--> [EVENT_BEFORE_ACTUAL_POS],staphylococcus,CONTAINS,hémocultures,BEFORE,évolution,,,,,,,,
14,73,FR100611,[EVENT_BEFORE_ACTUAL_POS] --(CONTAINS)--> [EVENT_BEFORE_ACTUAL_POS] | [EVENT_BEFORE_ACTUAL_POS] --(BEFORE)--> [EVENT_BEFORE_ACTUAL_POS],syndrome,CONTAINS,examen,BEFORE,IRM,,,,,,,,
14,73,FR100614,[EVENT_BEFORE_ACTUAL_POS] --(CONTAINS)--> [EVENT_BEFORE_ACTUAL_POS] | [EVENT_BEFORE_ACTUAL_POS] --(BEFORE)--> [EVENT_BEFORE_ACTUAL_POS],kyste,CONTAINS,exploration,BEFORE,rupture,,,,,,,,
14,73,FR100620,[EVENT_BEFORE_ACTUAL_POS] --(CONTAINS)--> [EVENT_BEFORE_ACTUAL_POS] | [EVENT_BEFORE_ACTUAL_POS] --(BEFORE)--> [EVENT_BEFORE_ACTUAL_POS],conservation,CONTAINS,présenté,BEFORE,examen,,,,,,,,
14,73,FR100623,[EVENT_BEFORE_ACTUAL_POS] --(CONTAINS)--> [EVENT_BEFORE_ACTUAL_POS] | [EVENT_BEFORE_ACTUAL_POS] --(BEFORE)--> [EVENT_BEFORE_ACTUAL_POS],douleur,CONTAINS,consulté,BEFORE,examen,,,,,,,,
14,73,FR100629,[EVENT_BEFORE_ACTUAL_POS] --(CONTAINS)--> [EVENT_BEFORE_ACTUAL_POS] | [EVENT_BEFORE_ACTUAL_POS] --(BEFORE)--> [EVENT_BEFORE_ACTUAL_POS],métastases,CONTAINS,bilan,BEFORE,décision,,,,,,,,
14,73,FR100632,[EVENT_BEFORE_ACTUAL_POS] --(CONTAINS)--> [EVENT_BEFORE_ACTUAL_POS] | [EVENT_BEFORE_ACTUAL_POS] --(BEFORE)--> [EVENT_BEFORE_ACTUAL_POS],apyrétique,CONTAINS,examen,BEFORE,examen,,,,,,,,
14,73,FR100658,[EVENT_BEFORE_ACTUAL_POS] --(CONTAINS)--> [EVENT_BEFORE_ACTUAL_POS] | [EVENT_BEFORE_ACTUAL_POS] --(BEFORE)--> [EVENT_BEFORE_ACTUAL_POS],apyrétique,CONTAINS,examen,BEFORE,laryngoscopie,,,,,,,,
14,73,FR100663,[EVENT_BEFORE_ACTUAL_POS] --(CONTAINS)--> [EVENT_BEFORE_ACTUAL_POS] | [EVENT_BEFORE_ACTUAL_POS] --(BEFORE)--> [EVENT_BEFORE_ACTUAL_POS],stable,CONTAINS,examen,BEFORE,examen,,,,,,,,
14,73,FR100666,[EVENT_BEFORE_ACTUAL_POS] --(CONTAINS)--> [EVENT_BEFORE_ACTUAL_POS] | [EVENT_BEFORE_ACTUAL_POS] --(BEFORE)--> [EVENT_BEFORE_ACTUAL_POS],asymétrie,CONTAINS,examen,BEFORE,examen,,,,,,,,
14,73,FR100683,[EVENT_BEFORE_ACTUAL_POS] --(CONTAINS)--> [EVENT_BEFORE_ACTUAL_POS] | [EVENT_BEFORE_ACTUAL_POS] --(BEFORE)--> [EVENT_BEFORE_ACTUAL_POS],pouls,CONTAINS,examen,BEFORE,exploration,,,,,,,,
14,73,FR100688,[EVENT_BEFORE_ACTUAL_POS] --(CONTAINS)--> [EVENT_BEFORE_ACTUAL_POS] | [EVENT_BEFORE_ACTUAL_POS] --(BEFORE)--> [EVENT_BEFORE_ACTUAL_POS],indice,CONTAINS,examen,BEFORE,examen,,,,,,,,
14,73,FR100689,[EVENT_BEFORE_ACTUAL_POS] --(CONTAINS)--> [EVENT_BEFORE_ACTUAL_POS] | [EVENT_BEFORE_ACTUAL_POS] --(BEFORE)--> [EVENT_BEFORE_ACTUAL_POS],foyers,CONTAINS,scanner,BEFORE,hémogramme,,,,,,,,
14,73,FR100697,[EVENT_BEFORE_ACTUAL_POS] --(CONTAINS)--> [EVENT_BEFORE_ACTUAL_POS] | [EVENT_BEFORE_ACTUAL_POS] --(BEFORE)--> [EVENT_BEFORE_ACTUAL_POS],surcroît,CONTAINS,mammographie,BEFORE,échographie,,,,,,,,
14,73,FR100708,[EVENT_BEFORE_ACTUAL_POS] --(CONTAINS)--> [EVENT_BEFORE_ACTUAL_POS] | [EVENT_BEFORE_ACTUAL_POS] --(BEFORE)--> [EVENT_BEFORE_ACTUAL_POS],augmentation,CONTAINS,constaté,BEFORE,consulté,,,,,,,,
14,73,FR100717,[EVENT_BEFORE_ACTUAL_POS] --(CONTAINS)--> [EVENT_BEFORE_ACTUAL_POS] | [EVENT_BEFORE_ACTUAL_POS] --(BEFORE)--> [EVENT_BEFORE_ACTUAL_POS],Lasègue,CONTAINS,examen,BEFORE,examens,,,,,,,,
14,73,FR100748,[EVENT_BEFORE_ACTUAL_POS] --(CONTAINS)--> [EVENT_BEFORE_ACTUAL_POS] | [EVENT_BEFORE_ACTUAL_POS] --(BEFORE)--> [EVENT_BEFORE_ACTUAL_POS],intervention,CONTAINS,mobilisation,BEFORE,suites,,,,,,,,
14,73,FR100766,[EVENT_BEFORE_ACTUAL_POS] --(CONTAINS)--> [EVENT_BEFORE_ACTUAL_POS] | [EVENT_BEFORE_ACTUAL_POS] --(BEFORE)--> [EVENT_BEFORE_ACTUAL_POS],opéré,CONTAINS,amputation,BEFORE,décision,,,,,,,,
14,73,FR100780,[EVENT_BEFORE_ACTUAL_POS] --(CONTAINS)--> [EVENT_BEFORE_ACTUAL_POS] | [EVENT_BEFORE_ACTUAL_POS] --(BEFORE)--> [EVENT_BEFORE_ACTUAL_POS],poids,CONTAINS,examen,BEFORE,toucher,,,,,,,,
14,73,FR100806,[EVENT_BEFORE_ACTUAL_POS] --(CONTAINS)--> [EVENT_BEFORE_ACTUAL_POS] | [EVENT_BEFORE_ACTUAL_POS] --(BEFORE)--> [EVENT_BEFORE_ACTUAL_POS],plaquettes,CONTAINS,bilan,BEFORE,récupération,,,,,,,,
14,73,FR100814,[EVENT_BEFORE_ACTUAL_POS] --(CONTAINS)--> [EVENT_BEFORE_ACTUAL_POS] | [EVENT_BEFORE_ACTUAL_POS] --(BEFORE)--> [EVENT_BEFORE_ACTUAL_POS],processus,CONTAINS,IRM,BEFORE,diagnostic,,,,,,,,
14,73,FR100826,[EVENT_BEFORE_ACTUAL_POS] --(CONTAINS)--> [EVENT_BEFORE_ACTUAL_POS] | [EVENT_BEFORE_ACTUAL_POS] --(BEFORE)--> [EVENT_BEFORE_ACTUAL_POS],présence,CONTAINS,retenue,BEFORE,exploration,,,,,,,,
14,73,FR100845,[EVENT_BEFORE_ACTUAL_POS] --(CONTAINS)--> [EVENT_BEFORE_ACTUAL_POS] | [EVENT_BEFORE_ACTUAL_POS] --(BEFORE)--> [EVENT_BEFORE_ACTUAL_POS],eupnéique,CONTAINS,examen,BEFORE,examen,,,,,,,,
14,73,FR100849,[EVENT_BEFORE_ACTUAL_POS] --(CONTAINS)--> [EVENT_BEFORE_ACTUAL_POS] | [EVENT_BEFORE_ACTUAL_POS] --(BEFORE)--> [EVENT_BEFORE_ACTUAL_POS],IMC,CONTAINS,admission,BEFORE,tomodensitométrie,,,,,,,,
14,73,FR100870,[EVENT_BEFORE_ACTUAL_POS] --(CONTAINS)--> [EVENT_BEFORE_ACTUAL_POS] | [EVENT_BEFORE_ACTUAL_POS] --(BEFORE)--> [EVENT_BEFORE_ACTUAL_POS],apparition,CONTAINS,retenu,BEFORE,radiothérapie,,,,,,,,
14,73,FR100874,[EVENT_BEFORE_ACTUAL_POS] --(CONTAINS)--> [EVENT_BEFORE_ACTUAL_POS] | [EVENT_BEFORE_ACTUAL_POS] --(BEFORE)--> [EVENT_BEFORE_ACTUAL_POS],diverticule,CONTAINS,retenu,BEFORE,mise,,,,,,,,
14,73,FR100882,[EVENT_BEFORE_ACTUAL_POS] --(CONTAINS)--> [EVENT_BEFORE_ACTUAL_POS] | [EVENT_BEFORE_ACTUAL_POS] --(BEFORE)--> [EVENT_BEFORE_ACTUAL_POS],signe,CONTAINS,examen,BEFORE,examen,,,,,,,,
14,73,FR100883,[EVENT_BEFORE_ACTUAL_POS] --(CONTAINS)--> [EVENT_BEFORE_ACTUAL_POS] | [EVENT_BEFORE_ACTUAL_POS] --(BEFORE)--> [EVENT_BEFORE_ACTUAL_POS],admission,CONTAINS,TDM,BEFORE,biopsie,,,,,,,,
14,73,FR100894,[EVENT_BEFORE_ACTUAL_POS] --(CONTAINS)--> [EVENT_BEFORE_ACTUAL_POS] | [EVENT_BEFORE_ACTUAL_POS] --(BEFORE)--> [EVENT_BEFORE_ACTUAL_POS],incision,CONTAINS,décompression,BEFORE,palpation,,,,,,,,
14,73,FR100903,[EVENT_BEFORE_ACTUAL_POS] --(CONTAINS)--> [EVENT_BEFORE_ACTUAL_POS] | [EVENT_BEFORE_ACTUAL_POS] --(BEFORE)--> [EVENT_BEFORE_ACTUAL_POS],syndrome,CONTAINS,IRM,BEFORE,diagnostic,,,,,,,,
14,73,FR100919,[EVENT_BEFORE_ACTUAL_POS] --(CONTAINS)--> [EVENT_BEFORE_ACTUAL_POS] | [EVENT_BEFORE_ACTUAL_POS] --(BEFORE)--> [EVENT_BEFORE_ACTUAL_POS],prise,CONTAINS,considérée,BEFORE,écarter,,,,,,,,
14,73,FR100921,[EVENT_BEFORE_ACTUAL_POS] --(CONTAINS)--> [EVENT_BEFORE_ACTUAL_POS] | [EVENT_BEFORE_ACTUAL_POS] --(BEFORE)--> [EVENT_BEFORE_ACTUAL_POS],signe,CONTAINS,palpation,BEFORE,imagerie,,,,,,,,
14,73,FR100925,[EVENT_BEFORE_ACTUAL_POS] --(CONTAINS)--> [EVENT_BEFORE_ACTUAL_POS] | [EVENT_BEFORE_ACTUAL_POS] --(BEFORE)--> [EVENT_BEFORE_ACTUAL_POS],évolution,CONTAINS,apparition,BEFORE,retenue,,,,,,,,
14,73,FR100944,[EVENT_BEFORE_ACTUAL_POS] --(CONTAINS)--> [EVENT_BEFORE_ACTUAL_POS] | [EVENT_BEFORE_ACTUAL_POS] --(BEFORE)--> [EVENT_BEFORE_ACTUAL_POS],végétations,CONTAINS,échocardiographique,BEFORE,remplacement,,,,,,,,
14,73,FR100946,[EVENT_BEFORE_ACTUAL_POS] --(CONTAINS)--> [EVENT_BEFORE_ACTUAL_POS] | [EVENT_BEFORE_ACTUAL_POS] --(BEFORE)--> [EVENT_BEFORE_ACTUAL_POS],tuberculome,CONTAINS,analyse,BEFORE,mise,,,,,,,,
14,73,FR100959,[EVENT_BEFORE_ACTUAL_POS] --(CONTAINS)--> [EVENT_BEFORE_ACTUAL_POS] | [EVENT_BEFORE_ACTUAL_POS] --(BEFORE)--> [EVENT_BEFORE_ACTUAL_POS],admis,CONTAINS,œsophagoscopie,BEFORE,Transit,,,,,,,,
14,73,FR100979,[EVENT_BEFORE_ACTUAL_POS] --(CONTAINS)--> [EVENT_BEFORE_ACTUAL_POS] | [EVENT_BEFORE_ACTUAL_POS] --(BEFORE)--> [EVENT_BEFORE_ACTUAL_POS],grossesse,CONTAINS,admise,BEFORE,accident,,,,,,,,
14,73,FR100996,[EVENT_BEFORE_ACTUAL_POS] --(CONTAINS)--> [EVENT_BEFORE_ACTUAL_POS] | [EVENT_BEFORE_ACTUAL_POS] --(BEFORE)--> [EVENT_BEFORE_ACTUAL_POS],masse,CONTAINS,examen,BEFORE,tomodensitométrie,,,,,,,,
14,73,FR100998,[EVENT_BEFORE_ACTUAL_POS] --(CONTAINS)--> [EVENT_BEFORE_ACTUAL_POS] | [EVENT_BEFORE_ACTUAL_POS] --(BEFORE)--> [EVENT_BEFORE_ACTUAL_POS],inflammation,CONTAINS,diagnostic,BEFORE,traitée,,,,,,,,
130,70,FR100003,[EVENT_BEFORE_ACTUAL_POS] --(BEFORE)--> [EVENT_BEFORE_ACTUAL_POS] | [EVENT_BEFORE_ACTUAL_POS] --(BEFORE)--> [EVENT_BEFORE_ACTUAL_POS],injection,BEFORE,ponction,BEFORE,examen,,,,,,,,
130,70,FR100078,[EVENT_BEFORE_ACTUAL_POS] --(BEFORE)--> [EVENT_BEFORE_ACTUAL_POS] | [EVENT_BEFORE_ACTUAL_POS] --(BEFORE)--> [EVENT_BEFORE_ACTUAL_POS],examen,BEFORE,doppler,BEFORE,doppler,,,,,,,,
130,70,FR100092,[EVENT_BEFORE_ACTUAL_POS] --(BEFORE)--> [EVENT_BEFORE_ACTUAL_POS] | [EVENT_BEFORE_ACTUAL_POS] --(BEFORE)--> [EVENT_BEFORE_ACTUAL_POS],échographie,BEFORE,tableau,BEFORE,reste,,,,,,,,
130,70,FR100120,[EVENT_BEFORE_ACTUAL_POS] --(BEFORE)--> [EVENT_BEFORE_ACTUAL_POS] | [EVENT_BEFORE_ACTUAL_POS] --(BEFORE)--> [EVENT_BEFORE_ACTUAL_POS],rattaché,BEFORE,traitement,BEFORE,sailli,,,,,,,,
130,70,FR100130,[EVENT_BEFORE_ACTUAL_POS] --(BEFORE)--> [EVENT_BEFORE_ACTUAL_POS] | [EVENT_BEFORE_ACTUAL_POS] --(BEFORE)--> [EVENT_BEFORE_ACTUAL_POS],admis,BEFORE,plaignait,BEFORE,examen,,,,,,,,
130,70,FR100132,[EVENT_BEFORE_ACTUAL_POS] --(BEFORE)--> [EVENT_BEFORE_ACTUAL_POS] | [EVENT_BEFORE_ACTUAL_POS] --(BEFORE)--> [EVENT_BEFORE_ACTUAL_POS],examen,BEFORE,écho-Doppler,BEFORE,reçu,,,,,,,,
130,70,FR100142,[EVENT_BEFORE_ACTUAL_POS] --(BEFORE)--> [EVENT_BEFORE_ACTUAL_POS] | [EVENT_BEFORE_ACTUAL_POS] --(BEFORE)--> [EVENT_BEFORE_ACTUAL_POS],scanner,BEFORE,fibroscopie,BEFORE,colonoscopie,,,,,,,,
130,70,FR100161,[EVENT_BEFORE_ACTUAL_POS] --(BEFORE)--> [EVENT_BEFORE_ACTUAL_POS] | [EVENT_BEFORE_ACTUAL_POS] --(BEFORE)--> [EVENT_BEFORE_ACTUAL_POS],complément,BEFORE,cortisol,BEFORE,cortisol,,,,,,,,
130,70,FR100168,[EVENT_BEFORE_ACTUAL_POS] --(BEFORE)--> [EVENT_BEFORE_ACTUAL_POS] | [EVENT_BEFORE_ACTUAL_POS] --(BEFORE)--> [EVENT_BEFORE_ACTUAL_POS],bilan,BEFORE,tests,BEFORE,entretien,,,,,,,,
130,70,FR100255,[EVENT_BEFORE_ACTUAL_POS] --(BEFORE)--> [EVENT_BEFORE_ACTUAL_POS] | [EVENT_BEFORE_ACTUAL_POS] --(BEFORE)--> [EVENT_BEFORE_ACTUAL_POS],examen,BEFORE,examen,BEFORE,échographie,,,,,,,,
130,70,FR100275,[EVENT_BEFORE_ACTUAL_POS] --(BEFORE)--> [EVENT_BEFORE_ACTUAL_POS] | [EVENT_BEFORE_ACTUAL_POS] --(BEFORE)--> [EVENT_BEFORE_ACTUAL_POS],établi,BEFORE,manœuvres,BEFORE,retour,,,,,,,,
130,70,FR100276,[EVENT_BEFORE_ACTUAL_POS] --(BEFORE)--> [EVENT_BEFORE_ACTUAL_POS] | [EVENT_BEFORE_ACTUAL_POS] --(BEFORE)--> [EVENT_BEFORE_ACTUAL_POS],biopsie,BEFORE,posé,BEFORE,application,,,,,,,,
130,70,FR100282,[EVENT_BEFORE_ACTUAL_POS] --(BEFORE)--> [EVENT_BEFORE_ACTUAL_POS] | [EVENT_BEFORE_ACTUAL_POS] --(BEFORE)--> [EVENT_BEFORE_ACTUAL_POS],scanner,BEFORE,conclus,BEFORE,instauré,,,,,,,,
130,70,FR100283,[EVENT_BEFORE_ACTUAL_POS] --(BEFORE)--> [EVENT_BEFORE_ACTUAL_POS] | [EVENT_BEFORE_ACTUAL_POS] --(BEFORE)--> [EVENT_BEFORE_ACTUAL_POS],bilan,BEFORE,IRM,BEFORE,hypophysiogramme,,,,,,,,
130,70,FR100296,[EVENT_BEFORE_ACTUAL_POS] --(BEFORE)--> [EVENT_BEFORE_ACTUAL_POS] | [EVENT_BEFORE_ACTUAL_POS] --(BEFORE)--> [EVENT_BEFORE_ACTUAL_POS],fenestration,BEFORE,suites,BEFORE,exéaté,,,,,,,,
130,70,FR100314,[EVENT_BEFORE_ACTUAL_POS] --(BEFORE)--> [EVENT_BEFORE_ACTUAL_POS] | [EVENT_BEFORE_ACTUAL_POS] --(BEFORE)--> [EVENT_BEFORE_ACTUAL_POS],angio-scanner,BEFORE,amputation,BEFORE,mise,,,,,,,,
130,70,FR100344,[EVENT_BEFORE_ACTUAL_POS] --(BEFORE)--> [EVENT_BEFORE_ACTUAL_POS] | [EVENT_BEFORE_ACTUAL_POS] --(BEFORE)--> [EVENT_BEFORE_ACTUAL_POS],développé,BEFORE,contrôle,BEFORE,tombée,,,,,,,,
130,70,FR100346,[EVENT_BEFORE_ACTUAL_POS] --(BEFORE)--> [EVENT_BEFORE_ACTUAL_POS] | [EVENT_BEFORE_ACTUAL_POS] --(BEFORE)--> [EVENT_BEFORE_ACTUAL_POS],posé,BEFORE,bilan,BEFORE,héparinothérapie,,,,,,,,
130,70,FR100360,[EVENT_BEFORE_ACTUAL_POS] --(BEFORE)--> [EVENT_BEFORE_ACTUAL_POS] | [EVENT_BEFORE_ACTUAL_POS] --(BEFORE)--> [EVENT_BEFORE_ACTUAL_POS],biopsie,BEFORE,tomodensitométrie,BEFORE,radiothérapie,,,,,,,,
130,70,FR100361,[EVENT_BEFORE_ACTUAL_POS] --(BEFORE)--> [EVENT_BEFORE_ACTUAL_POS] | [EVENT_BEFORE_ACTUAL_POS] --(BEFORE)--> [EVENT_BEFORE_ACTUAL_POS],bilan,BEFORE,diagnostic,BEFORE,traitement,,,,,,,,
130,70,FR100371,[EVENT_BEFORE_ACTUAL_POS] --(BEFORE)--> [EVENT_BEFORE_ACTUAL_POS] | [EVENT_BEFORE_ACTUAL_POS] --(BEFORE)--> [EVENT_BEFORE_ACTUAL_POS],adressée,BEFORE,admission,BEFORE,examen,,,,,,,,
130,70,FR100400,[EVENT_BEFORE_ACTUAL_POS] --(BEFORE)--> [EVENT_BEFORE_ACTUAL_POS] | [EVENT_BEFORE_ACTUAL_POS] --(BEFORE)--> [EVENT_BEFORE_ACTUAL_POS],Radiographie,BEFORE,échographie,BEFORE,scanner,,,,,,,,
130,70,FR100439,[EVENT_BEFORE_ACTUAL_POS] --(BEFORE)--> [EVENT_BEFORE_ACTUAL_POS] | [EVENT_BEFORE_ACTUAL_POS] --(BEFORE)--> [EVENT_BEFORE_ACTUAL_POS],classée,BEFORE,bénéficier,BEFORE,nasofibroscopie,,,,,,,,
130,70,FR100448,[EVENT_BEFORE_ACTUAL_POS] --(BEFORE)--> [EVENT_BEFORE_ACTUAL_POS] | [EVENT_BEFORE_ACTUAL_POS] --(BEFORE)--> [EVENT_BEFORE_ACTUAL_POS],examen,BEFORE,histochimie,BEFORE,scanner,,,,,,,,
130,70,FR100453,[EVENT_BEFORE_ACTUAL_POS] --(BEFORE)--> [EVENT_BEFORE_ACTUAL_POS] | [EVENT_BEFORE_ACTUAL_POS] --(BEFORE)--> [EVENT_BEFORE_ACTUAL_POS],examen,BEFORE,radiographies,BEFORE,porté,,,,,,,,
130,70,FR100480,[EVENT_BEFORE_ACTUAL_POS] --(BEFORE)--> [EVENT_BEFORE_ACTUAL_POS] | [EVENT_BEFORE_ACTUAL_POS] --(BEFORE)--> [EVENT_BEFORE_ACTUAL_POS],amputation,BEFORE,examen,BEFORE,bilan,,,,,,,,
130,70,FR100510,[EVENT_BEFORE_ACTUAL_POS] --(BEFORE)--> [EVENT_BEFORE_ACTUAL_POS] | [EVENT_BEFORE_ACTUAL_POS] --(BEFORE)--> [EVENT_BEFORE_ACTUAL_POS],résection,BEFORE,examen,BEFORE,examen,,,,,,,,
130,70,FR100515,[EVENT_BEFORE_ACTUAL_POS] --(BEFORE)--> [EVENT_BEFORE_ACTUAL_POS] | [EVENT_BEFORE_ACTUAL_POS] --(BEFORE)--> [EVENT_BEFORE_ACTUAL_POS],reprise,BEFORE,réintroduction,BEFORE,rémission,,,,,,,,
130,70,FR100517,[EVENT_BEFORE_ACTUAL_POS] --(BEFORE)--> [EVENT_BEFORE_ACTUAL_POS] | [EVENT_BEFORE_ACTUAL_POS] --(BEFORE)--> [EVENT_BEFORE_ACTUAL_POS],électromyogramme,BEFORE,bilan,BEFORE,explorations,,,,,,,,
130,70,FR100519,[EVENT_BEFORE_ACTUAL_POS] --(BEFORE)--> [EVENT_BEFORE_ACTUAL_POS] | [EVENT_BEFORE_ACTUAL_POS] --(BEFORE)--> [EVENT_BEFORE_ACTUAL_POS],tomodensitométrie,BEFORE,laparotomie,BEFORE,suites,,,,,,,,
130,70,FR100579,[EVENT_BEFORE_ACTUAL_POS] --(BEFORE)--> [EVENT_BEFORE_ACTUAL_POS] | [EVENT_BEFORE_ACTUAL_POS] --(BEFORE)--> [EVENT_BEFORE_ACTUAL_POS],échocardiographie,BEFORE,angio-scanner,BEFORE,imagerie,,,,,,,,
130,70,FR100589,[EVENT_BEFORE_ACTUAL_POS] --(BEFORE)--> [EVENT_BEFORE_ACTUAL_POS] | [EVENT_BEFORE_ACTUAL_POS] --(BEFORE)--> [EVENT_BEFORE_ACTUAL_POS],biopsies,BEFORE,exploration,BEFORE,hémogramme,,,,,,,,
130,70,FR100597,[EVENT_BEFORE_ACTUAL_POS] --(BEFORE)--> [EVENT_BEFORE_ACTUAL_POS] | [EVENT_BEFORE_ACTUAL_POS] --(BEFORE)--> [EVENT_BEFORE_ACTUAL_POS],examen,BEFORE,examen,BEFORE,examen,,,,,,,,
130,70,FR100603,[EVENT_BEFORE_ACTUAL_POS] --(BEFORE)--> [EVENT_BEFORE_ACTUAL_POS] | [EVENT_BEFORE_ACTUAL_POS] --(BEFORE)--> [EVENT_BEFORE_ACTUAL_POS],chirurgie,BEFORE,hémocultures,BEFORE,évolution,,,,,,,,
130,70,FR100611,[EVENT_BEFORE_ACTUAL_POS] --(BEFORE)--> [EVENT_BEFORE_ACTUAL_POS] | [EVENT_BEFORE_ACTUAL_POS] --(BEFORE)--> [EVENT_BEFORE_ACTUAL_POS],IRM,BEFORE,étude,BEFORE,examen,,,,,,,,
130,70,FR100614,[EVENT_BEFORE_ACTUAL_POS] --(BEFORE)--> [EVENT_BEFORE_ACTUAL_POS] | [EVENT_BEFORE_ACTUAL_POS] --(BEFORE)--> [EVENT_BEFORE_ACTUAL_POS],étude,BEFORE,suites,BEFORE,sérologie,,,,,,,,
130,70,FR100620,[EVENT_BEFORE_ACTUAL_POS] --(BEFORE)--> [EVENT_BEFORE_ACTUAL_POS] | [EVENT_BEFORE_ACTUAL_POS] --(BEFORE)--> [EVENT_BEFORE_ACTUAL_POS],bilan,BEFORE,bilan,BEFORE,bilan,,,,,,,,
130,70,FR100623,[EVENT_BEFORE_ACTUAL_POS] --(BEFORE)--> [EVENT_BEFORE_ACTUAL_POS] | [EVENT_BEFORE_ACTUAL_POS] --(BEFORE)--> [EVENT_BEFORE_ACTUAL_POS],consulté,BEFORE,examen,BEFORE,bilan,,,,,,,,
130,70,FR100629,[EVENT_BEFORE_ACTUAL_POS] --(BEFORE)--> [EVENT_BEFORE_ACTUAL_POS] | [EVENT_BEFORE_ACTUAL_POS] --(BEFORE)--> [EVENT_BEFORE_ACTUAL_POS],thoracoscopie,BEFORE,marquage,BEFORE,étude,,,,,,,,
130,70,FR100632,[EVENT_BEFORE_ACTUAL_POS] --(BEFORE)--> [EVENT_BEFORE_ACTUAL_POS] | [EVENT_BEFORE_ACTUAL_POS] --(BEFORE)--> [EVENT_BEFORE_ACTUAL_POS],interrogatoire,BEFORE,examen,BEFORE,examen,,,,,,,,
130,70,FR100658,[EVENT_BEFORE_ACTUAL_POS] --(BEFORE)--> [EVENT_BEFORE_ACTUAL_POS] | [EVENT_BEFORE_ACTUAL_POS] --(BEFORE)--> [EVENT_BEFORE_ACTUAL_POS],noté,BEFORE,fin,BEFORE,administration,,,,,,,,
130,70,FR100663,[EVENT_BEFORE_ACTUAL_POS] --(BEFORE)--> [EVENT_BEFORE_ACTUAL_POS] | [EVENT_BEFORE_ACTUAL_POS] --(BEFORE)--> [EVENT_BEFORE_ACTUAL_POS],incisée,BEFORE,vérifié,BEFORE,reprise,,,,,,,,
130,70,FR100666,[EVENT_BEFORE_ACTUAL_POS] --(BEFORE)--> [EVENT_BEFORE_ACTUAL_POS] | [EVENT_BEFORE_ACTUAL_POS] --(BEFORE)--> [EVENT_BEFORE_ACTUAL_POS],étude,BEFORE,adressé,BEFORE,bilan,,,,,,,,
130,70,FR100683,[EVENT_BEFORE_ACTUAL_POS] --(BEFORE)--> [EVENT_BEFORE_ACTUAL_POS] | [EVENT_BEFORE_ACTUAL_POS] --(BEFORE)--> [EVENT_BEFORE_ACTUAL_POS],exploration,BEFORE,IRM,BEFORE,écho-mammographie,,,,,,,,
130,70,FR100688,[EVENT_BEFORE_ACTUAL_POS] --(BEFORE)--> [EVENT_BEFORE_ACTUAL_POS] | [EVENT_BEFORE_ACTUAL_POS] --(BEFORE)--> [EVENT_BEFORE_ACTUAL_POS],examen,BEFORE,examen,BEFORE,examen,,,,,,,,
130,70,FR100689,[EVENT_BEFORE_ACTUAL_POS] --(BEFORE)--> [EVENT_BEFORE_ACTUAL_POS] | [EVENT_BEFORE_ACTUAL_POS] --(BEFORE)--> [EVENT_BEFORE_ACTUAL_POS],examen,BEFORE,PCR,BEFORE,scanner,,,,,,,,
130,70,FR100697,[EVENT_BEFORE_ACTUAL_POS] --(BEFORE)--> [EVENT_BEFORE_ACTUAL_POS] | [EVENT_BEFORE_ACTUAL_POS] --(BEFORE)--> [EVENT_BEFORE_ACTUAL_POS],apparition,BEFORE,inspection,BEFORE,palpation,,,,,,,,
130,70,FR100708,[EVENT_BEFORE_ACTUAL_POS] --(BEFORE)--> [EVENT_BEFORE_ACTUAL_POS] | [EVENT_BEFORE_ACTUAL_POS] --(BEFORE)--> [EVENT_BEFORE_ACTUAL_POS],examen,BEFORE,mammographie,BEFORE,échographie,,,,,,,,
130,70,FR100717,[EVENT_BEFORE_ACTUAL_POS] --(BEFORE)--> [EVENT_BEFORE_ACTUAL_POS] | [EVENT_BEFORE_ACTUAL_POS] --(BEFORE)--> [EVENT_BEFORE_ACTUAL_POS],examens,BEFORE,scanner,BEFORE,IRM,,,,,,,,
130,70,FR100748,[EVENT_BEFORE_ACTUAL_POS] --(BEFORE)--> [EVENT_BEFORE_ACTUAL_POS] | [EVENT_BEFORE_ACTUAL_POS] --(BEFORE)--> [EVENT_BEFORE_ACTUAL_POS],transférée,BEFORE,regagné,BEFORE,recul,,,,,,,,
130,70,FR100766,[EVENT_BEFORE_ACTUAL_POS] --(BEFORE)--> [EVENT_BEFORE_ACTUAL_POS] | [EVENT_BEFORE_ACTUAL_POS] --(BEFORE)--> [EVENT_BEFORE_ACTUAL_POS],examen,BEFORE,hospitalisation,BEFORE,traitement,,,,,,,,
130,70,FR100780,[EVENT_BEFORE_ACTUAL_POS] --(BEFORE)--> [EVENT_BEFORE_ACTUAL_POS] | [EVENT_BEFORE_ACTUAL_POS] --(BEFORE)--> [EVENT_BEFORE_ACTUAL_POS],admise,BEFORE,examen,BEFORE,toucher,,,,,,,,
130,70,FR100806,[EVENT_BEFORE_ACTUAL_POS] --(BEFORE)--> [EVENT_BEFORE_ACTUAL_POS] | [EVENT_BEFORE_ACTUAL_POS] --(BEFORE)--> [EVENT_BEFORE_ACTUAL_POS],tomodensitométrie,BEFORE,prise,BEFORE,examen,,,,,,,,
130,70,FR100814,[EVENT_BEFORE_ACTUAL_POS] --(BEFORE)--> [EVENT_BEFORE_ACTUAL_POS] | [EVENT_BEFORE_ACTUAL_POS] --(BEFORE)--> [EVENT_BEFORE_ACTUAL_POS],diagnostic,BEFORE,réséquée,BEFORE,examen,,,,,,,,
130,70,FR100826,[EVENT_BEFORE_ACTUAL_POS] --(BEFORE)--> [EVENT_BEFORE_ACTUAL_POS] | [EVENT_BEFORE_ACTUAL_POS] --(BEFORE)--> [EVENT_BEFORE_ACTUAL_POS],examen,BEFORE,bilan,BEFORE,bilan,,,,,,,,
130,70,FR100845,[EVENT_BEFORE_ACTUAL_POS] --(BEFORE)--> [EVENT_BEFORE_ACTUAL_POS] | [EVENT_BEFORE_ACTUAL_POS] --(BEFORE)--> [EVENT_BEFORE_ACTUAL_POS],examen,BEFORE,échographie,BEFORE,radiographie,,,,,,,,
130,70,FR100849,[EVENT_BEFORE_ACTUAL_POS] --(BEFORE)--> [EVENT_BEFORE_ACTUAL_POS] | [EVENT_BEFORE_ACTUAL_POS] --(BEFORE)--> [EVENT_BEFORE_ACTUAL_POS],tomodensitométrie,BEFORE,acheminé,BEFORE,suites,,,,,,,,
130,70,FR100870,[EVENT_BEFORE_ACTUAL_POS] --(BEFORE)--> [EVENT_BEFORE_ACTUAL_POS] | [EVENT_BEFORE_ACTUAL_POS] --(BEFORE)--> [EVENT_BEFORE_ACTUAL_POS],hémogramme,BEFORE,bilan,BEFORE,IRM,,,,,,,,
130,70,FR100874,[EVENT_BEFORE_ACTUAL_POS] --(BEFORE)--> [EVENT_BEFORE_ACTUAL_POS] | [EVENT_BEFORE_ACTUAL_POS] --(BEFORE)--> [EVENT_BEFORE_ACTUAL_POS],fibroscopie,BEFORE,transit,BEFORE,tomodensitométrie,,,,,,,,
130,70,FR100882,[EVENT_BEFORE_ACTUAL_POS] --(BEFORE)--> [EVENT_BEFORE_ACTUAL_POS] | [EVENT_BEFORE_ACTUAL_POS] --(BEFORE)--> [EVENT_BEFORE_ACTUAL_POS],Imagerie,BEFORE,bilan,BEFORE,sérologies,,,,,,,,
130,70,FR100883,[EVENT_BEFORE_ACTUAL_POS] --(BEFORE)--> [EVENT_BEFORE_ACTUAL_POS] | [EVENT_BEFORE_ACTUAL_POS] --(BEFORE)--> [EVENT_BEFORE_ACTUAL_POS],TDM,BEFORE,biopsie,BEFORE,bilan,,,,,,,,
130,70,FR100894,[EVENT_BEFORE_ACTUAL_POS] --(BEFORE)--> [EVENT_BEFORE_ACTUAL_POS] | [EVENT_BEFORE_ACTUAL_POS] --(BEFORE)--> [EVENT_BEFORE_ACTUAL_POS],imagerie,BEFORE,prescrit,BEFORE,rejoint,,,,,,,,
130,70,FR100903,[EVENT_BEFORE_ACTUAL_POS] --(BEFORE)--> [EVENT_BEFORE_ACTUAL_POS] | [EVENT_BEFORE_ACTUAL_POS] --(BEFORE)--> [EVENT_BEFORE_ACTUAL_POS],diagnostic,BEFORE,écarté,BEFORE,contrôles,,,,,,,,
130,70,FR100919,[EVENT_BEFORE_ACTUAL_POS] --(BEFORE)--> [EVENT_BEFORE_ACTUAL_POS] | [EVENT_BEFORE_ACTUAL_POS] --(BEFORE)--> [EVENT_BEFORE_ACTUAL_POS],correction,BEFORE,adressée,BEFORE,bilan,,,,,,,,
130,70,FR100921,[EVENT_BEFORE_ACTUAL_POS] --(BEFORE)--> [EVENT_BEFORE_ACTUAL_POS] | [EVENT_BEFORE_ACTUAL_POS] --(BEFORE)--> [EVENT_BEFORE_ACTUAL_POS],palpation,BEFORE,imagerie,BEFORE,exérèse,,,,,,,,
130,70,FR100932,[EVENT_BEFORE_ACTUAL_POS] --(BEFORE)--> [EVENT_BEFORE_ACTUAL_POS] | [EVENT_BEFORE_ACTUAL_POS] --(BEFORE)--> [EVENT_BEFORE_ACTUAL_POS],mise,BEFORE,opérée,BEFORE,évolution,,,,,,,,
130,70,FR100946,[EVENT_BEFORE_ACTUAL_POS] --(BEFORE)--> [EVENT_BEFORE_ACTUAL_POS] | [EVENT_BEFORE_ACTUAL_POS] --(BEFORE)--> [EVENT_BEFORE_ACTUAL_POS],IRM,BEFORE,analyse,BEFORE,mise,,,,,,,,
130,70,FR100959,[EVENT_BEFORE_ACTUAL_POS] --(BEFORE)--> [EVENT_BEFORE_ACTUAL_POS] | [EVENT_BEFORE_ACTUAL_POS] --(BEFORE)--> [EVENT_BEFORE_ACTUAL_POS],œsophagoscopie,BEFORE,Transit,BEFORE,notée,,,,,,,,
130,70,FR100996,[EVENT_BEFORE_ACTUAL_POS] --(BEFORE)--> [EVENT_BEFORE_ACTUAL_POS] | [EVENT_BEFORE_ACTUAL_POS] --(BEFORE)--> [EVENT_BEFORE_ACTUAL_POS],retenu,BEFORE,chirurgical,BEFORE,suites,,,,,,,,
130,70,FR100998,[EVENT_BEFORE_ACTUAL_POS] --(BEFORE)--> [EVENT_BEFORE_ACTUAL_POS] | [EVENT_BEFORE_ACTUAL_POS] --(BEFORE)--> [EVENT_BEFORE_ACTUAL_POS],test,BEFORE,diagnostic,BEFORE,traitée,,,,,,,,
15,67,FR100003,[EVENT_BEFORE_ACTUAL_POS] --(CONTAINS)--> [EVENT_BEFORE_ACTUAL_POS] | [EVENT_BEFORE_ACTUAL_POS] --(BEFORE)--> [EVENT_BEFORE_ACTUAL_POS] | [EVENT_BEFORE_ACTUAL_POS] --(BEFORE)--> [EVENT_BEFORE_ACTUAL_POS],mixte,CONTAINS,examen,BEFORE,antibiothérapie,BEFORE,bloc,,,,,,
15,67,FR100078,[EVENT_BEFORE_ACTUAL_POS] --(CONTAINS)--> [EVENT_BEFORE_ACTUAL_POS] | [EVENT_BEFORE_ACTUAL_POS] --(BEFORE)--> [EVENT_BEFORE_ACTUAL_POS] | [EVENT_BEFORE_ACTUAL_POS] --(BEFORE)--> [EVENT_BEFORE_ACTUAL_POS],pouls,CONTAINS,examen,BEFORE,doppler,BEFORE,doppler,,,,,,
15,67,FR100092,[EVENT_BEFORE_ACTUAL_POS] --(CONTAINS)--> [EVENT_BEFORE_ACTUAL_POS] | [EVENT_BEFORE_ACTUAL_POS] --(BEFORE)--> [EVENT_BEFORE_ACTUAL_POS] | [EVENT_BEFORE_ACTUAL_POS] --(BEFORE)--> [EVENT_BEFORE_ACTUAL_POS],conjonctives,CONTAINS,examen,BEFORE,examen,BEFORE,examen,,,,,,
15,67,FR100120,[EVENT_BEFORE_ACTUAL_POS] --(CONTAINS)--> [EVENT_BEFORE_ACTUAL_POS] | [EVENT_BEFORE_ACTUAL_POS] --(BEFORE)--> [EVENT_BEFORE_ACTUAL_POS] | [EVENT_BEFORE_ACTUAL_POS] --(BEFORE)--> [EVENT_BEFORE_ACTUAL_POS],retard,CONTAINS,rattaché,BEFORE,traitement,BEFORE,sailli,,,,,,
15,67,FR100130,[EVENT_BEFORE_ACTUAL_POS] --(CONTAINS)--> [EVENT_BEFORE_ACTUAL_POS] | [EVENT_BEFORE_ACTUAL_POS] --(BEFORE)--> [EVENT_BEFORE_ACTUAL_POS] | [EVENT_BEFORE_ACTUAL_POS] --(BEFORE)--> [EVENT_BEFORE_ACTUAL_POS],marqueurs,CONTAINS,bilan,BEFORE,suspectée,BEFORE,bilan,,,,,,
15,67,FR100132,[EVENT_BEFORE_ACTUAL_POS] --(CONTAINS)--> [EVENT_BEFORE_ACTUAL_POS] | [EVENT_BEFORE_ACTUAL_POS] --(BEFORE)--> [EVENT_BEFORE_ACTUAL_POS] | [EVENT_BEFORE_ACTUAL_POS] --(BEFORE)--> [EVENT_BEFORE_ACTUAL_POS],examen,CONTAINS,palpation,BEFORE,histologie,BEFORE,examen,,,,,,
15,67,FR100142,[EVENT_BEFORE_ACTUAL_POS] --(CONTAINS)--> [EVENT_BEFORE_ACTUAL_POS] | [EVENT_BEFORE_ACTUAL_POS] --(BEFORE)--> [EVENT_BEFORE_ACTUAL_POS] | [EVENT_BEFORE_ACTUAL_POS] --(BEFORE)--> [EVENT_BEFORE_ACTUAL_POS],lésions,CONTAINS,examen,BEFORE,électrophorèse,BEFORE,scanner,,,,,,
15,67,FR100161,[EVENT_BEFORE_ACTUAL_POS] --(CONTAINS)--> [EVENT_BEFORE_ACTUAL_POS] | [EVENT_BEFORE_ACTUAL_POS] --(BEFORE)--> [EVENT_BEFORE_ACTUAL_POS] | [EVENT_BEFORE_ACTUAL_POS] --(BEFORE)--> [EVENT_BEFORE_ACTUAL_POS],sérologie,CONTAINS,examens,BEFORE,radiographie,BEFORE,complément,,,,,,
15,67,FR100168,[EVENT_BEFORE_ACTUAL_POS] --(CONTAINS)--> [EVENT_BEFORE_ACTUAL_POS] | [EVENT_BEFORE_ACTUAL_POS] --(BEFORE)--> [EVENT_BEFORE_ACTUAL_POS] | [EVENT_BEFORE_ACTUAL_POS] --(BEFORE)--> [EVENT_BEFORE_ACTUAL_POS],hémoglobine,CONTAINS,bilan,BEFORE,tests,BEFORE,entretien,,,,,,
15,67,FR100255,[EVENT_BEFORE_ACTUAL_POS] --(CONTAINS)--> [EVENT_BEFORE_ACTUAL_POS] | [EVENT_BEFORE_ACTUAL_POS] --(BEFORE)--> [EVENT_BEFORE_ACTUAL_POS] | [EVENT_BEFORE_ACTUAL_POS] --(BEFORE)--> [EVENT_BEFORE_ACTUAL_POS],fréquence,CONTAINS,examen,BEFORE,examen,BEFORE,échographie,,,,,,
15,67,FR100275,[EVENT_BEFORE_ACTUAL_POS] --(CONTAINS)--> [EVENT_BEFORE_ACTUAL_POS] | [EVENT_BEFORE_ACTUAL_POS] --(BEFORE)--> [EVENT_BEFORE_ACTUAL_POS] | [EVENT_BEFORE_ACTUAL_POS] --(BEFORE)--> [EVENT_BEFORE_ACTUAL_POS],mort,CONTAINS,établi,BEFORE,manœuvres,BEFORE,retour,,,,,,
15,67,FR100276,[EVENT_BEFORE_ACTUAL_POS] --(CONTAINS)--> [EVENT_BEFORE_ACTUAL_POS] | [EVENT_BEFORE_ACTUAL_POS] --(BEFORE)--> [EVENT_BEFORE_ACTUAL_POS] | [EVENT_BEFORE_ACTUAL_POS] --(BEFORE)--> [EVENT_BEFORE_ACTUAL_POS],aplasie,CONTAINS,accouchement,BEFORE,reste,BEFORE,bilan,,,,,,
15,67,FR100282,[EVENT_BEFORE_ACTUAL_POS] --(CONTAINS)--> [EVENT_BEFORE_ACTUAL_POS] | [EVENT_BEFORE_ACTUAL_POS] --(BEFORE)--> [EVENT_BEFORE_ACTUAL_POS] | [EVENT_BEFORE_ACTUAL_POS] --(BEFORE)--> [EVENT_BEFORE_ACTUAL_POS],tracé,CONTAINS,électroencéphalogramme,BEFORE,scanner,BEFORE,conclus,,,,,,
15,67,FR100283,[EVENT_BEFORE_ACTUAL_POS] --(CONTAINS)--> [EVENT_BEFORE_ACTUAL_POS] | [EVENT_BEFORE_ACTUAL_POS] --(BEFORE)--> [EVENT_BEFORE_ACTUAL_POS] | [EVENT_BEFORE_ACTUAL_POS] --(BEFORE)--> [EVENT_BEFORE_ACTUAL_POS],syndrome,CONTAINS,bilan,BEFORE,IRM,BEFORE,hypophysiogramme,,,,,,
15,67,FR100296,[EVENT_BEFORE_ACTUAL_POS] --(CONTAINS)--> [EVENT_BEFORE_ACTUAL_POS] | [EVENT_BEFORE_ACTUAL_POS] --(BEFORE)--> [EVENT_BEFORE_ACTUAL_POS] | [EVENT_BEFORE_ACTUAL_POS] --(BEFORE)--> [EVENT_BEFORE_ACTUAL_POS],émergence,CONTAINS,fenestration,BEFORE,suites,BEFORE,exéaté,,,,,,
15,67,FR100314,[EVENT_BEFORE_ACTUAL_POS] --(CONTAINS)--> [EVENT_BEFORE_ACTUAL_POS] | [EVENT_BEFORE_ACTUAL_POS] --(BEFORE)--> [EVENT_BEFORE_ACTUAL_POS] | [EVENT_BEFORE_ACTUAL_POS] --(BEFORE)--> [EVENT_BEFORE_ACTUAL_POS],fracture,CONTAINS,bilan,BEFORE,drainage,BEFORE,angio-scanner,,,,,,
15,67,FR100344,[EVENT_BEFORE_ACTUAL_POS] --(CONTAINS)--> [EVENT_BEFORE_ACTUAL_POS] | [EVENT_BEFORE_ACTUAL_POS] --(BEFORE)--> [EVENT_BEFORE_ACTUAL_POS] | [EVENT_BEFORE_ACTUAL_POS] --(BEFORE)--> [EVENT_BEFORE_ACTUAL_POS],insuffisance,CONTAINS,développé,BEFORE,contrôle,BEFORE,tombée,,,,,,
15,67,FR100346,[EVENT_BEFORE_ACTUAL_POS] --(CONTAINS)--> [EVENT_BEFORE_ACTUAL_POS] | [EVENT_BEFORE_ACTUAL_POS] --(BEFORE)--> [EVENT_BEFORE_ACTUAL_POS] | [EVENT_BEFORE_ACTUAL_POS] --(BEFORE)--> [EVENT_BEFORE_ACTUAL_POS],lésions,CONTAINS,angioscanner,BEFORE,echo-dopler,BEFORE,IRM,,,,,,
15,67,FR100360,[EVENT_BEFORE_ACTUAL_POS] --(CONTAINS)--> [EVENT_BEFORE_ACTUAL_POS] | [EVENT_BEFORE_ACTUAL_POS] --(BEFORE)--> [EVENT_BEFORE_ACTUAL_POS] | [EVENT_BEFORE_ACTUAL_POS] --(BEFORE)--> [EVENT_BEFORE_ACTUAL_POS],adénocarcinome,CONTAINS,examen,BEFORE,curage,BEFORE,radiothérapie,,,,,,
15,67,FR100361,[EVENT_BEFORE_ACTUAL_POS] --(CONTAINS)--> [EVENT_BEFORE_ACTUAL_POS] | [EVENT_BEFORE_ACTUAL_POS] --(BEFORE)--> [EVENT_BEFORE_ACTUAL_POS] | [EVENT_BEFORE_ACTUAL_POS] --(BEFORE)--> [EVENT_BEFORE_ACTUAL_POS],GCS,CONTAINS,examen,BEFORE,TDM,BEFORE,ponction,,,,,,
15,67,FR100371,[EVENT_BEFORE_ACTUAL_POS] --(CONTAINS)--> [EVENT_BEFORE_ACTUAL_POS] | [EVENT_BEFORE_ACTUAL_POS] --(BEFORE)--> [EVENT_BEFORE_ACTUAL_POS] | [EVENT_BEFORE_ACTUAL_POS] --(BEFORE)--> [EVENT_BEFORE_ACTUAL_POS],taux,CONTAINS,bilan,BEFORE,bilan,BEFORE,intervention,,,,,,
15,67,FR100400,[EVENT_BEFORE_ACTUAL_POS] --(CONTAINS)--> [EVENT_BEFORE_ACTUAL_POS] | [EVENT_BEFORE_ACTUAL_POS] --(BEFORE)--> [EVENT_BEFORE_ACTUAL_POS] | [EVENT_BEFORE_ACTUAL_POS] --(BEFORE)--> [EVENT_BEFORE_ACTUAL_POS],lésion,CONTAINS,échographie,BEFORE,scanner,BEFORE,diagnostic,,,,,,
15,67,FR100439,[EVENT_BEFORE_ACTUAL_POS] --(CONTAINS)--> [EVENT_BEFORE_ACTUAL_POS] | [EVENT_BEFORE_ACTUAL_POS] --(BEFORE)--> [EVENT_BEFORE_ACTUAL_POS] | [EVENT_BEFORE_ACTUAL_POS] --(BEFORE)--> [EVENT_BEFORE_ACTUAL_POS],anesthésie,CONTAINS,endoscopie,BEFORE,biopsies,BEFORE,analyse,,,,,,
15,67,FR100448,[EVENT_BEFORE_ACTUAL_POS] --(CONTAINS)--> [EVENT_BEFORE_ACTUAL_POS] | [EVENT_BEFORE_ACTUAL_POS] --(BEFORE)--> [EVENT_BEFORE_ACTUAL_POS] | [EVENT_BEFORE_ACTUAL_POS] --(BEFORE)--> [EVENT_BEFORE_ACTUAL_POS],foyer,CONTAINS,scanner,BEFORE,débutée,BEFORE,évaluation,,,,,,
15,67,FR100453,[EVENT_BEFORE_ACTUAL_POS] --(CONTAINS)--> [EVENT_BEFORE_ACTUAL_POS] | [EVENT_BEFORE_ACTUAL_POS] --(BEFORE)--> [EVENT_BEFORE_ACTUAL_POS] | [EVENT_BEFORE_ACTUAL_POS] --(BEFORE)--> [EVENT_BEFORE_ACTUAL_POS],hypertrophie,CONTAINS,radiographies,BEFORE,porté,BEFORE,hospitalisé,,,,,,
15,67,FR100480,[EVENT_BEFORE_ACTUAL_POS] --(CONTAINS)--> [EVENT_BEFORE_ACTUAL_POS] | [EVENT_BEFORE_ACTUAL_POS] --(BEFORE)--> [EVENT_BEFORE_ACTUAL_POS] | [EVENT_BEFORE_ACTUAL_POS] --(BEFORE)--> [EVENT_BEFORE_ACTUAL_POS],nodules,CONTAINS,Tomographie,BEFORE,reprise,BEFORE,débuté,,,,,,
15,67,FR100510,[EVENT_BEFORE_ACTUAL_POS] --(CONTAINS)--> [EVENT_BEFORE_ACTUAL_POS] | [EVENT_BEFORE_ACTUAL_POS] --(BEFORE)--> [EVENT_BEFORE_ACTUAL_POS] | [EVENT_BEFORE_ACTUAL_POS] --(BEFORE)--> [EVENT_BEFORE_ACTUAL_POS],kyste,CONTAINS,biopsie,BEFORE,décision,BEFORE,intervention,,,,,,
15,67,FR100515,[EVENT_BEFORE_ACTUAL_POS] --(CONTAINS)--> [EVENT_BEFORE_ACTUAL_POS] | [EVENT_BEFORE_ACTUAL_POS] --(BEFORE)--> [EVENT_BEFORE_ACTUAL_POS] | [EVENT_BEFORE_ACTUAL_POS] --(BEFORE)--> [EVENT_BEFORE_ACTUAL_POS],atteinte,CONTAINS,testing,BEFORE,dosage,BEFORE,bilan,,,,,,
15,67,FR100517,[EVENT_BEFORE_ACTUAL_POS] --(CONTAINS)--> [EVENT_BEFORE_ACTUAL_POS] | [EVENT_BEFORE_ACTUAL_POS] --(BEFORE)--> [EVENT_BEFORE_ACTUAL_POS] | [EVENT_BEFORE_ACTUAL_POS] --(BEFORE)--> [EVENT_BEFORE_ACTUAL_POS],opacités,CONTAINS,tomodensitométrie,BEFORE,instauré,BEFORE,remise,,,,,,
15,67,FR100519,[EVENT_BEFORE_ACTUAL_POS] --(CONTAINS)--> [EVENT_BEFORE_ACTUAL_POS] | [EVENT_BEFORE_ACTUAL_POS] --(BEFORE)--> [EVENT_BEFORE_ACTUAL_POS] | [EVENT_BEFORE_ACTUAL_POS] --(BEFORE)--> [EVENT_BEFORE_ACTUAL_POS],aspect,CONTAINS,bilan,BEFORE,angioscanner,BEFORE,échodoppler,,,,,,
15,67,FR100579,[EVENT_BEFORE_ACTUAL_POS] --(CONTAINS)--> [EVENT_BEFORE_ACTUAL_POS] | [EVENT_BEFORE_ACTUAL_POS] --(BEFORE)--> [EVENT_BEFORE_ACTUAL_POS] | [EVENT_BEFORE_ACTUAL_POS] --(BEFORE)--> [EVENT_BEFORE_ACTUAL_POS],processus,CONTAINS,échocardiographie,BEFORE,bilan,BEFORE,recherche,,,,,,
15,67,FR100589,[EVENT_BEFORE_ACTUAL_POS] --(CONTAINS)--> [EVENT_BEFORE_ACTUAL_POS] | [EVENT_BEFORE_ACTUAL_POS] --(BEFORE)--> [EVENT_BEFORE_ACTUAL_POS] | [EVENT_BEFORE_ACTUAL_POS] --(BEFORE)--> [EVENT_BEFORE_ACTUAL_POS],syndrome,CONTAINS,Cytométrie,BEFORE,biopsie,BEFORE,bilan,,,,,,
15,67,FR100597,[EVENT_BEFORE_ACTUAL_POS] --(CONTAINS)--> [EVENT_BEFORE_ACTUAL_POS] | [EVENT_BEFORE_ACTUAL_POS] --(BEFORE)--> [EVENT_BEFORE_ACTUAL_POS] | [EVENT_BEFORE_ACTUAL_POS] --(BEFORE)--> [EVENT_BEFORE_ACTUAL_POS],consultation,CONTAINS,examen,BEFORE,examen,BEFORE,examen,,,,,,
15,67,FR100611,[EVENT_BEFORE_ACTUAL_POS] --(CONTAINS)--> [EVENT_BEFORE_ACTUAL_POS] | [EVENT_BEFORE_ACTUAL_POS] --(BEFORE)--> [EVENT_BEFORE_ACTUAL_POS] | [EVENT_BEFORE_ACTUAL_POS] --(BEFORE)--> [EVENT_BEFORE_ACTUAL_POS],syndrome,CONTAINS,examen,BEFORE,IRM,BEFORE,étude,,,,,,
15,67,FR100614,[EVENT_BEFORE_ACTUAL_POS] --(CONTAINS)--> [EVENT_BEFORE_ACTUAL_POS] | [EVENT_BEFORE_ACTUAL_POS] --(BEFORE)--> [EVENT_BEFORE_ACTUAL_POS] | [EVENT_BEFORE_ACTUAL_POS] --(BEFORE)--> [EVENT_BEFORE_ACTUAL_POS],kyste,CONTAINS,exploration,BEFORE,rupture,BEFORE,intervention,,,,,,
15,67,FR100620,[EVENT_BEFORE_ACTUAL_POS] --(CONTAINS)--> [EVENT_BEFORE_ACTUAL_POS] | [EVENT_BEFORE_ACTUAL_POS] --(BEFORE)--> [EVENT_BEFORE_ACTUAL_POS] | [EVENT_BEFORE_ACTUAL_POS] --(BEFORE)--> [EVENT_BEFORE_ACTUAL_POS],conservation,CONTAINS,présenté,BEFORE,examen,BEFORE,radiographie,,,,,,
15,67,FR100623,[EVENT_BEFORE_ACTUAL_POS] --(CONTAINS)--> [EVENT_BEFORE_ACTUAL_POS] | [EVENT_BEFORE_ACTUAL_POS] --(BEFORE)--> [EVENT_BEFORE_ACTUAL_POS] | [EVENT_BEFORE_ACTUAL_POS] --(BEFORE)--> [EVENT_BEFORE_ACTUAL_POS],douleur,CONTAINS,consulté,BEFORE,examen,BEFORE,bilan,,,,,,
15,67,FR100629,[EVENT_BEFORE_ACTUAL_POS] --(CONTAINS)--> [EVENT_BEFORE_ACTUAL_POS] | [EVENT_BEFORE_ACTUAL_POS] --(BEFORE)--> [EVENT_BEFORE_ACTUAL_POS] | [EVENT_BEFORE_ACTUAL_POS] --(BEFORE)--> [EVENT_BEFORE_ACTUAL_POS],métastases,CONTAINS,bilan,BEFORE,décision,BEFORE,évolution,,,,,,
15,67,FR100632,[EVENT_BEFORE_ACTUAL_POS] --(CONTAINS)--> [EVENT_BEFORE_ACTUAL_POS] | [EVENT_BEFORE_ACTUAL_POS] --(BEFORE)--> [EVENT_BEFORE_ACTUAL_POS] | [EVENT_BEFORE_ACTUAL_POS] --(BEFORE)--> [EVENT_BEFORE_ACTUAL_POS],apyrétique,CONTAINS,examen,BEFORE,examen,BEFORE,IRM,,,,,,
15,67,FR100658,[EVENT_BEFORE_ACTUAL_POS] --(CONTAINS)--> [EVENT_BEFORE_ACTUAL_POS] | [EVENT_BEFORE_ACTUAL_POS] --(BEFORE)--> [EVENT_BEFORE_ACTUAL_POS] | [EVENT_BEFORE_ACTUAL_POS] --(BEFORE)--> [EVENT_BEFORE_ACTUAL_POS],apyrétique,CONTAINS,examen,BEFORE,laryngoscopie,BEFORE,tomodensitométrie,,,,,,
15,67,FR100663,[EVENT_BEFORE_ACTUAL_POS] --(CONTAINS)--> [EVENT_BEFORE_ACTUAL_POS] | [EVENT_BEFORE_ACTUAL_POS] --(BEFORE)--> [EVENT_BEFORE_ACTUAL_POS] | [EVENT_BEFORE_ACTUAL_POS] --(BEFORE)--> [EVENT_BEFORE_ACTUAL_POS],stable,CONTAINS,examen,BEFORE,examen,BEFORE,échographie,,,,,,
15,67,FR100666,[EVENT_BEFORE_ACTUAL_POS] --(CONTAINS)--> [EVENT_BEFORE_ACTUAL_POS] | [EVENT_BEFORE_ACTUAL_POS] --(BEFORE)--> [EVENT_BEFORE_ACTUAL_POS] | [EVENT_BEFORE_ACTUAL_POS] --(BEFORE)--> [EVENT_BEFORE_ACTUAL_POS],asymétrie,CONTAINS,examen,BEFORE,examen,BEFORE,palpation,,,,,,
15,67,FR100683,[EVENT_BEFORE_ACTUAL_POS] --(CONTAINS)--> [EVENT_BEFORE_ACTUAL_POS] | [EVENT_BEFORE_ACTUAL_POS] --(BEFORE)--> [EVENT_BEFORE_ACTUAL_POS] | [EVENT_BEFORE_ACTUAL_POS] --(BEFORE)--> [EVENT_BEFORE_ACTUAL_POS],pouls,CONTAINS,examen,BEFORE,exploration,BEFORE,exploration,,,,,,
15,67,FR100688,[EVENT_BEFORE_ACTUAL_POS] --(CONTAINS)--> [EVENT_BEFORE_ACTUAL_POS] | [EVENT_BEFORE_ACTUAL_POS] --(BEFORE)--> [EVENT_BEFORE_ACTUAL_POS] | [EVENT_BEFORE_ACTUAL_POS] --(BEFORE)--> [EVENT_BEFORE_ACTUAL_POS],indice,CONTAINS,examen,BEFORE,examen,BEFORE,examen,,,,,,
15,67,FR100689,[EVENT_BEFORE_ACTUAL_POS] --(CONTAINS)--> [EVENT_BEFORE_ACTUAL_POS] | [EVENT_BEFORE_ACTUAL_POS] --(BEFORE)--> [EVENT_BEFORE_ACTUAL_POS] | [EVENT_BEFORE_ACTUAL_POS] --(BEFORE)--> [EVENT_BEFORE_ACTUAL_POS],foyers,CONTAINS,scanner,BEFORE,hémogramme,BEFORE,ionogramme,,,,,,
15,67,FR100697,[EVENT_BEFORE_ACTUAL_POS] --(CONTAINS)--> [EVENT_BEFORE_ACTUAL_POS] | [EVENT_BEFORE_ACTUAL_POS] --(BEFORE)--> [EVENT_BEFORE_ACTUAL_POS] | [EVENT_BEFORE_ACTUAL_POS] --(BEFORE)--> [EVENT_BEFORE_ACTUAL_POS],surcroît,CONTAINS,mammographie,BEFORE,échographie,BEFORE,examen,,,,,,
15,67,FR100708,[EVENT_BEFORE_ACTUAL_POS] --(CONTAINS)--> [EVENT_BEFORE_ACTUAL_POS] | [EVENT_BEFORE_ACTUAL_POS] --(BEFORE)--> [EVENT_BEFORE_ACTUAL_POS] | [EVENT_BEFORE_ACTUAL_POS] --(BEFORE)--> [EVENT_BEFORE_ACTUAL_POS],consulté,CONTAINS,examen,BEFORE,mammographie,BEFORE,échographie,,,,,,
15,67,FR100717,[EVENT_BEFORE_ACTUAL_POS] --(CONTAINS)--> [EVENT_BEFORE_ACTUAL_POS] | [EVENT_BEFORE_ACTUAL_POS] --(BEFORE)--> [EVENT_BEFORE_ACTUAL_POS] | [EVENT_BEFORE_ACTUAL_POS] --(BEFORE)--> [EVENT_BEFORE_ACTUAL_POS],Lasègue,CONTAINS,examen,BEFORE,examens,BEFORE,scanner,,,,,,
15,67,FR100748,[EVENT_BEFORE_ACTUAL_POS] --(CONTAINS)--> [EVENT_BEFORE_ACTUAL_POS] | [EVENT_BEFORE_ACTUAL_POS] --(BEFORE)--> [EVENT_BEFORE_ACTUAL_POS] | [EVENT_BEFORE_ACTUAL_POS] --(BEFORE)--> [EVENT_BEFORE_ACTUAL_POS],intervention,CONTAINS,mobilisation,BEFORE,suites,BEFORE,transférée,,,,,,
15,67,FR100766,[EVENT_BEFORE_ACTUAL_POS] --(CONTAINS)--> [EVENT_BEFORE_ACTUAL_POS] | [EVENT_BEFORE_ACTUAL_POS] --(BEFORE)--> [EVENT_BEFORE_ACTUAL_POS] | [EVENT_BEFORE_ACTUAL_POS] --(BEFORE)--> [EVENT_BEFORE_ACTUAL_POS],prolabé,CONTAINS,examen,BEFORE,hospitalisation,BEFORE,traitement,,,,,,
15,67,FR100780,[EVENT_BEFORE_ACTUAL_POS] --(CONTAINS)--> [EVENT_BEFORE_ACTUAL_POS] | [EVENT_BEFORE_ACTUAL_POS] --(BEFORE)--> [EVENT_BEFORE_ACTUAL_POS] | [EVENT_BEFORE_ACTUAL_POS] --(BEFORE)--> [EVENT_BEFORE_ACTUAL_POS],poids,CONTAINS,examen,BEFORE,toucher,BEFORE,échographie,,,,,,
15,67,FR100806,[EVENT_BEFORE_ACTUAL_POS] --(CONTAINS)--> [EVENT_BEFORE_ACTUAL_POS] | [EVENT_BEFORE_ACTUAL_POS] --(BEFORE)--> [EVENT_BEFORE_ACTUAL_POS] | [EVENT_BEFORE_ACTUAL_POS] --(BEFORE)--> [EVENT_BEFORE_ACTUAL_POS],urée,CONTAINS,biologie,BEFORE,hospitalisée,BEFORE,hémodialyse,,,,,,
15,67,FR100814,[EVENT_BEFORE_ACTUAL_POS] --(CONTAINS)--> [EVENT_BEFORE_ACTUAL_POS] | [EVENT_BEFORE_ACTUAL_POS] --(BEFORE)--> [EVENT_BEFORE_ACTUAL_POS] | [EVENT_BEFORE_ACTUAL_POS] --(BEFORE)--> [EVENT_BEFORE_ACTUAL_POS],processus,CONTAINS,IRM,BEFORE,diagnostic,BEFORE,réséquée,,,,,,
15,67,FR100826,[EVENT_BEFORE_ACTUAL_POS] --(CONTAINS)--> [EVENT_BEFORE_ACTUAL_POS] | [EVENT_BEFORE_ACTUAL_POS] --(BEFORE)--> [EVENT_BEFORE_ACTUAL_POS] | [EVENT_BEFORE_ACTUAL_POS] --(BEFORE)--> [EVENT_BEFORE_ACTUAL_POS],présence,CONTAINS,retenue,BEFORE,exploration,BEFORE,suites,,,,,,
15,67,FR100845,[EVENT_BEFORE_ACTUAL_POS] --(CONTAINS)--> [EVENT_BEFORE_ACTUAL_POS] | [EVENT_BEFORE_ACTUAL_POS] --(BEFORE)--> [EVENT_BEFORE_ACTUAL_POS] | [EVENT_BEFORE_ACTUAL_POS] --(BEFORE)--> [EVENT_BEFORE_ACTUAL_POS],eupnéique,CONTAINS,examen,BEFORE,examen,BEFORE,échographie,,,,,,
15,67,FR100849,[EVENT_BEFORE_ACTUAL_POS] --(CONTAINS)--> [EVENT_BEFORE_ACTUAL_POS] | [EVENT_BEFORE_ACTUAL_POS] --(BEFORE)--> [EVENT_BEFORE_ACTUAL_POS] | [EVENT_BEFORE_ACTUAL_POS] --(BEFORE)--> [EVENT_BEFORE_ACTUAL_POS],IMC,CONTAINS,admission,BEFORE,tomodensitométrie,BEFORE,acheminé,,,,,,
15,67,FR100870,[EVENT_BEFORE_ACTUAL_POS] --(CONTAINS)--> [EVENT_BEFORE_ACTUAL_POS] | [EVENT_BEFORE_ACTUAL_POS] --(BEFORE)--> [EVENT_BEFORE_ACTUAL_POS] | [EVENT_BEFORE_ACTUAL_POS] --(BEFORE)--> [EVENT_BEFORE_ACTUAL_POS],apparition,CONTAINS,retenu,BEFORE,radiothérapie,BEFORE,admis,,,,,,
15,67,FR100874,[EVENT_BEFORE_ACTUAL_POS] --(CONTAINS)--> [EVENT_BEFORE_ACTUAL_POS] | [EVENT_BEFORE_ACTUAL_POS] --(BEFORE)--> [EVENT_BEFORE_ACTUAL_POS] | [EVENT_BEFORE_ACTUAL_POS] --(BEFORE)--> [EVENT_BEFORE_ACTUAL_POS],diverticule,CONTAINS,retenu,BEFORE,mise,BEFORE,diverticulectomie,,,,,,
15,67,FR100882,[EVENT_BEFORE_ACTUAL_POS] --(CONTAINS)--> [EVENT_BEFORE_ACTUAL_POS] | [EVENT_BEFORE_ACTUAL_POS] --(BEFORE)--> [EVENT_BEFORE_ACTUAL_POS] | [EVENT_BEFORE_ACTUAL_POS] --(BEFORE)--> [EVENT_BEFORE_ACTUAL_POS],signe,CONTAINS,examen,BEFORE,examen,BEFORE,examen,,,,,,
15,67,FR100883,[EVENT_BEFORE_ACTUAL_POS] --(CONTAINS)--> [EVENT_BEFORE_ACTUAL_POS] | [EVENT_BEFORE_ACTUAL_POS] --(BEFORE)--> [EVENT_BEFORE_ACTUAL_POS] | [EVENT_BEFORE_ACTUAL_POS] --(BEFORE)--> [EVENT_BEFORE_ACTUAL_POS],admission,CONTAINS,TDM,BEFORE,biopsie,BEFORE,bilan,,,,,,
15,67,FR100894,[EVENT_BEFORE_ACTUAL_POS] --(CONTAINS)--> [EVENT_BEFORE_ACTUAL_POS] | [EVENT_BEFORE_ACTUAL_POS] --(BEFORE)--> [EVENT_BEFORE_ACTUAL_POS] | [EVENT_BEFORE_ACTUAL_POS] --(BEFORE)--> [EVENT_BEFORE_ACTUAL_POS],syndrome,CONTAINS,diagnostic,BEFORE,pris,BEFORE,incision,,,,,,
15,67,FR100903,[EVENT_BEFORE_ACTUAL_POS] --(CONTAINS)--> [EVENT_BEFORE_ACTUAL_POS] | [EVENT_BEFORE_ACTUAL_POS] --(BEFORE)--> [EVENT_BEFORE_ACTUAL_POS] | [EVENT_BEFORE_ACTUAL_POS] --(BEFORE)--> [EVENT_BEFORE_ACTUAL_POS],syndrome,CONTAINS,IRM,BEFORE,diagnostic,BEFORE,écarté,,,,,,
15,67,FR100921,[EVENT_BEFORE_ACTUAL_POS] --(CONTAINS)--> [EVENT_BEFORE_ACTUAL_POS] | [EVENT_BEFORE_ACTUAL_POS] --(BEFORE)--> [EVENT_BEFORE_ACTUAL_POS] | [EVENT_BEFORE_ACTUAL_POS] --(BEFORE)--> [EVENT_BEFORE_ACTUAL_POS],signe,CONTAINS,palpation,BEFORE,imagerie,BEFORE,exérèse,,,,,,
15,67,FR100946,[EVENT_BEFORE_ACTUAL_POS] --(CONTAINS)--> [EVENT_BEFORE_ACTUAL_POS] | [EVENT_BEFORE_ACTUAL_POS] --(BEFORE)--> [EVENT_BEFORE_ACTUAL_POS] | [EVENT_BEFORE_ACTUAL_POS] --(BEFORE)--> [EVENT_BEFORE_ACTUAL_POS],tuberculome,CONTAINS,analyse,BEFORE,mise,BEFORE,arrêt,,,,,,
15,67,FR100959,[EVENT_BEFORE_ACTUAL_POS] --(CONTAINS)--> [EVENT_BEFORE_ACTUAL_POS] | [EVENT_BEFORE_ACTUAL_POS] --(BEFORE)--> [EVENT_BEFORE_ACTUAL_POS] | [EVENT_BEFORE_ACTUAL_POS] --(BEFORE)--> [EVENT_BEFORE_ACTUAL_POS],admis,CONTAINS,œsophagoscopie,BEFORE,Transit,BEFORE,notée,,,,,,
15,67,FR100996,[EVENT_BEFORE_ACTUAL_POS] --(CONTAINS)--> [EVENT_BEFORE_ACTUAL_POS] | [EVENT_BEFORE_ACTUAL_POS] --(BEFORE)--> [EVENT_BEFORE_ACTUAL_POS] | [EVENT_BEFORE_ACTUAL_POS] --(BEFORE)--> [EVENT_BEFORE_ACTUAL_POS],masse,CONTAINS,examen,BEFORE,tomodensitométrie,BEFORE,injection,,,,,,
15,67,FR100998,[EVENT_BEFORE_ACTUAL_POS] --(CONTAINS)--> [EVENT_BEFORE_ACTUAL_POS] | [EVENT_BEFORE_ACTUAL_POS] --(BEFORE)--> [EVENT_BEFORE_ACTUAL_POS] | [EVENT_BEFORE_ACTUAL_POS] --(BEFORE)--> [EVENT_BEFORE_ACTUAL_POS],inflammation,CONTAINS,diagnostic,BEFORE,traitée,BEFORE,bilan,,,,,,
131,62,FR100003,[EVENT_BEFORE_ACTUAL_POS] --(BEFORE)--> [EVENT_BEFORE_ACTUAL_POS] | [EVENT_BEFORE_ACTUAL_POS] --(BEFORE)--> [EVENT_BEFORE_ACTUAL_POS] | [EVENT_BEFORE_ACTUAL_POS] --(BEFORE)--> [EVENT_BEFORE_ACTUAL_POS],injection,BEFORE,ponction,BEFORE,examen,BEFORE,examen,,,,,,
131,62,FR100092,[EVENT_BEFORE_ACTUAL_POS] --(BEFORE)--> [EVENT_BEFORE_ACTUAL_POS] | [EVENT_BEFORE_ACTUAL_POS] --(BEFORE)--> [EVENT_BEFORE_ACTUAL_POS] | [EVENT_BEFORE_ACTUAL_POS] --(BEFORE)--> [EVENT_BEFORE_ACTUAL_POS],échographie,BEFORE,tableau,BEFORE,reste,BEFORE,minilaparotomie,,,,,,
131,62,FR100120,[EVENT_BEFORE_ACTUAL_POS] --(BEFORE)--> [EVENT_BEFORE_ACTUAL_POS] | [EVENT_BEFORE_ACTUAL_POS] --(BEFORE)--> [EVENT_BEFORE_ACTUAL_POS] | [EVENT_BEFORE_ACTUAL_POS] --(BEFORE)--> [EVENT_BEFORE_ACTUAL_POS],rattaché,BEFORE,traitement,BEFORE,retirées,BEFORE,conclure,,,,,,
131,62,FR100130,[EVENT_BEFORE_ACTUAL_POS] --(BEFORE)--> [EVENT_BEFORE_ACTUAL_POS] | [EVENT_BEFORE_ACTUAL_POS] --(BEFORE)--> [EVENT_BEFORE_ACTUAL_POS] | [EVENT_BEFORE_ACTUAL_POS] --(BEFORE)--> [EVENT_BEFORE_ACTUAL_POS],admis,BEFORE,plaignait,BEFORE,examen,BEFORE,biologie,,,,,,
131,62,FR100132,[EVENT_BEFORE_ACTUAL_POS] --(BEFORE)--> [EVENT_BEFORE_ACTUAL_POS] | [EVENT_BEFORE_ACTUAL_POS] --(BEFORE)--> [EVENT_BEFORE_ACTUAL_POS] | [EVENT_BEFORE_ACTUAL_POS] --(BEFORE)--> [EVENT_BEFORE_ACTUAL_POS],palpation,BEFORE,histologie,BEFORE,examen,BEFORE,écho-Doppler,,,,,,
131,62,FR100142,[EVENT_BEFORE_ACTUAL_POS] --(BEFORE)--> [EVENT_BEFORE_ACTUAL_POS] | [EVENT_BEFORE_ACTUAL_POS] --(BEFORE)--> [EVENT_BEFORE_ACTUAL_POS] | [EVENT_BEFORE_ACTUAL_POS] --(BEFORE)--> [EVENT_BEFORE_ACTUAL_POS],scanner,BEFORE,fibroscopie,BEFORE,biopsie,BEFORE,mis,,,,,,
131,62,FR100161,[EVENT_BEFORE_ACTUAL_POS] --(BEFORE)--> [EVENT_BEFORE_ACTUAL_POS] | [EVENT_BEFORE_ACTUAL_POS] --(BEFORE)--> [EVENT_BEFORE_ACTUAL_POS] | [EVENT_BEFORE_ACTUAL_POS] --(BEFORE)--> [EVENT_BEFORE_ACTUAL_POS],complément,BEFORE,cortisol,BEFORE,exérèse,BEFORE,examen,,,,,,
131,62,FR100168,[EVENT_BEFORE_ACTUAL_POS] --(BEFORE)--> [EVENT_BEFORE_ACTUAL_POS] | [EVENT_BEFORE_ACTUAL_POS] --(BEFORE)--> [EVENT_BEFORE_ACTUAL_POS] | [EVENT_BEFORE_ACTUAL_POS] --(BEFORE)--> [EVENT_BEFORE_ACTUAL_POS],transfusion,BEFORE,bilan,BEFORE,tests,BEFORE,entretien,,,,,,
131,62,FR100255,[EVENT_BEFORE_ACTUAL_POS] --(BEFORE)--> [EVENT_BEFORE_ACTUAL_POS] | [EVENT_BEFORE_ACTUAL_POS] --(BEFORE)--> [EVENT_BEFORE_ACTUAL_POS] | [EVENT_BEFORE_ACTUAL_POS] --(BEFORE)--> [EVENT_BEFORE_ACTUAL_POS],examen,BEFORE,examen,BEFORE,échographie,BEFORE,mise,,,,,,
131,62,FR100275,[EVENT_BEFORE_ACTUAL_POS] --(BEFORE)--> [EVENT_BEFORE_ACTUAL_POS] | [EVENT_BEFORE_ACTUAL_POS] --(BEFORE)--> [EVENT_BEFORE_ACTUAL_POS] | [EVENT_BEFORE_ACTUAL_POS] --(BEFORE)--> [EVENT_BEFORE_ACTUAL_POS],établi,BEFORE,manœuvres,BEFORE,transféré,BEFORE,anamnèse,,,,,,
131,62,FR100276,[EVENT_BEFORE_ACTUAL_POS] --(BEFORE)--> [EVENT_BEFORE_ACTUAL_POS] | [EVENT_BEFORE_ACTUAL_POS] --(BEFORE)--> [EVENT_BEFORE_ACTUAL_POS] | [EVENT_BEFORE_ACTUAL_POS] --(BEFORE)--> [EVENT_BEFORE_ACTUAL_POS],accouchement,BEFORE,reste,BEFORE,bilan,BEFORE,régression,,,,,,
131,62,FR100282,[EVENT_BEFORE_ACTUAL_POS] --(BEFORE)--> [EVENT_BEFORE_ACTUAL_POS] | [EVENT_BEFORE_ACTUAL_POS] --(BEFORE)--> [EVENT_BEFORE_ACTUAL_POS] | [EVENT_BEFORE_ACTUAL_POS] --(BEFORE)--> [EVENT_BEFORE_ACTUAL_POS],scanner,BEFORE,conclus,BEFORE,instauré,BEFORE,suivi,,,,,,
131,62,FR100283,[EVENT_BEFORE_ACTUAL_POS] --(BEFORE)--> [EVENT_BEFORE_ACTUAL_POS] | [EVENT_BEFORE_ACTUAL_POS] --(BEFORE)--> [EVENT_BEFORE_ACTUAL_POS] | [EVENT_BEFORE_ACTUAL_POS] --(BEFORE)--> [EVENT_BEFORE_ACTUAL_POS],bilan,BEFORE,IRM,BEFORE,hypophysiogramme,BEFORE,traitement,,,,,,
131,62,FR100296,[EVENT_BEFORE_ACTUAL_POS] --(BEFORE)--> [EVENT_BEFORE_ACTUAL_POS] | [EVENT_BEFORE_ACTUAL_POS] --(BEFORE)--> [EVENT_BEFORE_ACTUAL_POS] | [EVENT_BEFORE_ACTUAL_POS] --(BEFORE)--> [EVENT_BEFORE_ACTUAL_POS],examen,BEFORE,IRM,BEFORE,fenestration,BEFORE,suites,,,,,,
131,62,FR100314,[EVENT_BEFORE_ACTUAL_POS] --(BEFORE)--> [EVENT_BEFORE_ACTUAL_POS] | [EVENT_BEFORE_ACTUAL_POS] --(BEFORE)--> [EVENT_BEFORE_ACTUAL_POS] | [EVENT_BEFORE_ACTUAL_POS] --(BEFORE)--> [EVENT_BEFORE_ACTUAL_POS],drainage,BEFORE,angio-scanner,BEFORE,amputation,BEFORE,mise,,,,,,
131,62,FR100344,[EVENT_BEFORE_ACTUAL_POS] --(BEFORE)--> [EVENT_BEFORE_ACTUAL_POS] | [EVENT_BEFORE_ACTUAL_POS] --(BEFORE)--> [EVENT_BEFORE_ACTUAL_POS] | [EVENT_BEFORE_ACTUAL_POS] --(BEFORE)--> [EVENT_BEFORE_ACTUAL_POS],développé,BEFORE,contrôle,BEFORE,tombée,BEFORE,interruption,,,,,,
131,62,FR100346,[EVENT_BEFORE_ACTUAL_POS] --(BEFORE)--> [EVENT_BEFORE_ACTUAL_POS] | [EVENT_BEFORE_ACTUAL_POS] --(BEFORE)--> [EVENT_BEFORE_ACTUAL_POS] | [EVENT_BEFORE_ACTUAL_POS] --(BEFORE)--> [EVENT_BEFORE_ACTUAL_POS],posé,BEFORE,bilan,BEFORE,héparinothérapie,BEFORE,anti-vitamine,,,,,,
131,62,FR100360,[EVENT_BEFORE_ACTUAL_POS] --(BEFORE)--> [EVENT_BEFORE_ACTUAL_POS] | [EVENT_BEFORE_ACTUAL_POS] --(BEFORE)--> [EVENT_BEFORE_ACTUAL_POS] | [EVENT_BEFORE_ACTUAL_POS] --(BEFORE)--> [EVENT_BEFORE_ACTUAL_POS],biopsie,BEFORE,tomodensitométrie,BEFORE,radiothérapie,BEFORE,cures,,,,,,
131,62,FR100361,[EVENT_BEFORE_ACTUAL_POS] --(BEFORE)--> [EVENT_BEFORE_ACTUAL_POS] | [EVENT_BEFORE_ACTUAL_POS] --(BEFORE)--> [EVENT_BEFORE_ACTUAL_POS] | [EVENT_BEFORE_ACTUAL_POS] --(BEFORE)--> [EVENT_BEFORE_ACTUAL_POS],examen,BEFORE,examen,BEFORE,culture,BEFORE,protéine,,,,,,
131,62,FR100371,[EVENT_BEFORE_ACTUAL_POS] --(BEFORE)--> [EVENT_BEFORE_ACTUAL_POS] | [EVENT_BEFORE_ACTUAL_POS] --(BEFORE)--> [EVENT_BEFORE_ACTUAL_POS] | [EVENT_BEFORE_ACTUAL_POS] --(BEFORE)--> [EVENT_BEFORE_ACTUAL_POS],adressée,BEFORE,admission,BEFORE,examen,BEFORE,examen,,,,,,
131,62,FR100400,[EVENT_BEFORE_ACTUAL_POS] --(BEFORE)--> [EVENT_BEFORE_ACTUAL_POS] | [EVENT_BEFORE_ACTUAL_POS] --(BEFORE)--> [EVENT_BEFORE_ACTUAL_POS] | [EVENT_BEFORE_ACTUAL_POS] --(BEFORE)--> [EVENT_BEFORE_ACTUAL_POS],Radiographie,BEFORE,échographie,BEFORE,scanner,BEFORE,diagnostic,,,,,,
131,62,FR100439,[EVENT_BEFORE_ACTUAL_POS] --(BEFORE)--> [EVENT_BEFORE_ACTUAL_POS] | [EVENT_BEFORE_ACTUAL_POS] --(BEFORE)--> [EVENT_BEFORE_ACTUAL_POS] | [EVENT_BEFORE_ACTUAL_POS] --(BEFORE)--> [EVENT_BEFORE_ACTUAL_POS],classée,BEFORE,bénéficier,BEFORE,nasofibroscopie,BEFORE,contrôles,,,,,,
131,62,FR100448,[EVENT_BEFORE_ACTUAL_POS] --(BEFORE)--> [EVENT_BEFORE_ACTUAL_POS] | [EVENT_BEFORE_ACTUAL_POS] --(BEFORE)--> [EVENT_BEFORE_ACTUAL_POS] | [EVENT_BEFORE_ACTUAL_POS] --(BEFORE)--> [EVENT_BEFORE_ACTUAL_POS],examen,BEFORE,histochimie,BEFORE,scanner,BEFORE,tomographie,,,,,,
131,62,FR100453,[EVENT_BEFORE_ACTUAL_POS] --(BEFORE)--> [EVENT_BEFORE_ACTUAL_POS] | [EVENT_BEFORE_ACTUAL_POS] --(BEFORE)--> [EVENT_BEFORE_ACTUAL_POS] | [EVENT_BEFORE_ACTUAL_POS] --(BEFORE)--> [EVENT_BEFORE_ACTUAL_POS],examen,BEFORE,radiographies,BEFORE,porté,BEFORE,hospitalisé,,,,,,
131,62,FR100480,[EVENT_BEFORE_ACTUAL_POS] --(BEFORE)--> [EVENT_BEFORE_ACTUAL_POS] | [EVENT_BEFORE_ACTUAL_POS] --(BEFORE)--> [EVENT_BEFORE_ACTUAL_POS] | [EVENT_BEFORE_ACTUAL_POS] --(BEFORE)--> [EVENT_BEFORE_ACTUAL_POS],scanner,BEFORE,Tomographie,BEFORE,reprise,BEFORE,débuté,,,,,,
131,62,FR100515,[EVENT_BEFORE_ACTUAL_POS] --(BEFORE)--> [EVENT_BEFORE_ACTUAL_POS] | [EVENT_BEFORE_ACTUAL_POS] --(BEFORE)--> [EVENT_BEFORE_ACTUAL_POS] | [EVENT_BEFORE_ACTUAL_POS] --(BEFORE)--> [EVENT_BEFORE_ACTUAL_POS],retenu,BEFORE,bilan,BEFORE,bilan,BEFORE,prescrits,,,,,,
131,62,FR100517,[EVENT_BEFORE_ACTUAL_POS] --(BEFORE)--> [EVENT_BEFORE_ACTUAL_POS] | [EVENT_BEFORE_ACTUAL_POS] --(BEFORE)--> [EVENT_BEFORE_ACTUAL_POS] | [EVENT_BEFORE_ACTUAL_POS] --(BEFORE)--> [EVENT_BEFORE_ACTUAL_POS],électromyogramme,BEFORE,bilan,BEFORE,explorations,BEFORE,porté,,,,,,
131,62,FR100519,[EVENT_BEFORE_ACTUAL_POS] --(BEFORE)--> [EVENT_BEFORE_ACTUAL_POS] | [EVENT_BEFORE_ACTUAL_POS] --(BEFORE)--> [EVENT_BEFORE_ACTUAL_POS] | [EVENT_BEFORE_ACTUAL_POS] --(BEFORE)--> [EVENT_BEFORE_ACTUAL_POS],transfusion,BEFORE,tomodensitométrie,BEFORE,laparotomie,BEFORE,suites,,,,,,
131,62,FR100579,[EVENT_BEFORE_ACTUAL_POS] --(BEFORE)--> [EVENT_BEFORE_ACTUAL_POS] | [EVENT_BEFORE_ACTUAL_POS] --(BEFORE)--> [EVENT_BEFORE_ACTUAL_POS] | [EVENT_BEFORE_ACTUAL_POS] --(BEFORE)--> [EVENT_BEFORE_ACTUAL_POS],radiographie,BEFORE,échocardiographie,BEFORE,angio-scanner,BEFORE,imagerie,,,,,,
131,62,FR100589,[EVENT_BEFORE_ACTUAL_POS] --(BEFORE)--> [EVENT_BEFORE_ACTUAL_POS] | [EVENT_BEFORE_ACTUAL_POS] --(BEFORE)--> [EVENT_BEFORE_ACTUAL_POS] | [EVENT_BEFORE_ACTUAL_POS] --(BEFORE)--> [EVENT_BEFORE_ACTUAL_POS],biopsies,BEFORE,exploration,BEFORE,hémogramme,BEFORE,Cytométrie,,,,,,
131,62,FR100597,[EVENT_BEFORE_ACTUAL_POS] --(BEFORE)--> [EVENT_BEFORE_ACTUAL_POS] | [EVENT_BEFORE_ACTUAL_POS] --(BEFORE)--> [EVENT_BEFORE_ACTUAL_POS] | [EVENT_BEFORE_ACTUAL_POS] --(BEFORE)--> [EVENT_BEFORE_ACTUAL_POS],examen,BEFORE,examen,BEFORE,examen,BEFORE,toucher,,,,,,
131,62,FR100611,[EVENT_BEFORE_ACTUAL_POS] --(BEFORE)--> [EVENT_BEFORE_ACTUAL_POS] | [EVENT_BEFORE_ACTUAL_POS] --(BEFORE)--> [EVENT_BEFORE_ACTUAL_POS] | [EVENT_BEFORE_ACTUAL_POS] --(BEFORE)--> [EVENT_BEFORE_ACTUAL_POS],IRM,BEFORE,étude,BEFORE,examen,BEFORE,cultures,,,,,,
131,62,FR100614,[EVENT_BEFORE_ACTUAL_POS] --(BEFORE)--> [EVENT_BEFORE_ACTUAL_POS] | [EVENT_BEFORE_ACTUAL_POS] --(BEFORE)--> [EVENT_BEFORE_ACTUAL_POS] | [EVENT_BEFORE_ACTUAL_POS] --(BEFORE)--> [EVENT_BEFORE_ACTUAL_POS],étude,BEFORE,suites,BEFORE,sérologie,BEFORE,traitement,,,,,,
131,62,FR100620,[EVENT_BEFORE_ACTUAL_POS] --(BEFORE)--> [EVENT_BEFORE_ACTUAL_POS] | [EVENT_BEFORE_ACTUAL_POS] --(BEFORE)--> [EVENT_BEFORE_ACTUAL_POS] | [EVENT_BEFORE_ACTUAL_POS] --(BEFORE)--> [EVENT_BEFORE_ACTUAL_POS],bilan,BEFORE,bilan,BEFORE,bilan,BEFORE,évolution,,,,,,
131,62,FR100623,[EVENT_BEFORE_ACTUAL_POS] --(BEFORE)--> [EVENT_BEFORE_ACTUAL_POS] | [EVENT_BEFORE_ACTUAL_POS] --(BEFORE)--> [EVENT_BEFORE_ACTUAL_POS] | [EVENT_BEFORE_ACTUAL_POS] --(BEFORE)--> [EVENT_BEFORE_ACTUAL_POS],consulté,BEFORE,examen,BEFORE,échographie,BEFORE,tomodensitométrie,,,,,,
131,62,FR100629,[EVENT_BEFORE_ACTUAL_POS] --(BEFORE)--> [EVENT_BEFORE_ACTUAL_POS] | [EVENT_BEFORE_ACTUAL_POS] --(BEFORE)--> [EVENT_BEFORE_ACTUAL_POS] | [EVENT_BEFORE_ACTUAL_POS] --(BEFORE)--> [EVENT_BEFORE_ACTUAL_POS],thoracoscopie,BEFORE,marquage,BEFORE,bilan,BEFORE,décision,,,,,,
131,62,FR100632,[EVENT_BEFORE_ACTUAL_POS] --(BEFORE)--> [EVENT_BEFORE_ACTUAL_POS] | [EVENT_BEFORE_ACTUAL_POS] --(BEFORE)--> [EVENT_BEFORE_ACTUAL_POS] | [EVENT_BEFORE_ACTUAL_POS] --(BEFORE)--> [EVENT_BEFORE_ACTUAL_POS],interrogatoire,BEFORE,examen,BEFORE,examen,BEFORE,IRM,,,,,,
131,62,FR100658,[EVENT_BEFORE_ACTUAL_POS] --(BEFORE)--> [EVENT_BEFORE_ACTUAL_POS] | [EVENT_BEFORE_ACTUAL_POS] --(BEFORE)--> [EVENT_BEFORE_ACTUAL_POS] | [EVENT_BEFORE_ACTUAL_POS] --(BEFORE)--> [EVENT_BEFORE_ACTUAL_POS],début,BEFORE,examen,BEFORE,laryngoscopie,BEFORE,tomodensitométrie,,,,,,
131,62,FR100663,[EVENT_BEFORE_ACTUAL_POS] --(BEFORE)--> [EVENT_BEFORE_ACTUAL_POS] | [EVENT_BEFORE_ACTUAL_POS] --(BEFORE)--> [EVENT_BEFORE_ACTUAL_POS] | [EVENT_BEFORE_ACTUAL_POS] --(BEFORE)--> [EVENT_BEFORE_ACTUAL_POS],incisée,BEFORE,vérifié,BEFORE,reprise,BEFORE,fermé,,,,,,
131,62,FR100666,[EVENT_BEFORE_ACTUAL_POS] --(BEFORE)--> [EVENT_BEFORE_ACTUAL_POS] | [EVENT_BEFORE_ACTUAL_POS] --(BEFORE)--> [EVENT_BEFORE_ACTUAL_POS] | [EVENT_BEFORE_ACTUAL_POS] --(BEFORE)--> [EVENT_BEFORE_ACTUAL_POS],étude,BEFORE,adressé,BEFORE,bilan,BEFORE,myologramme,,,,,,
131,62,FR100683,[EVENT_BEFORE_ACTUAL_POS] --(BEFORE)--> [EVENT_BEFORE_ACTUAL_POS] | [EVENT_BEFORE_ACTUAL_POS] --(BEFORE)--> [EVENT_BEFORE_ACTUAL_POS] | [EVENT_BEFORE_ACTUAL_POS] --(BEFORE)--> [EVENT_BEFORE_ACTUAL_POS],exploration,BEFORE,IRM,BEFORE,écho-mammographie,BEFORE,osteodensitométrie,,,,,,
131,62,FR100688,[EVENT_BEFORE_ACTUAL_POS] --(BEFORE)--> [EVENT_BEFORE_ACTUAL_POS] | [EVENT_BEFORE_ACTUAL_POS] --(BEFORE)--> [EVENT_BEFORE_ACTUAL_POS] | [EVENT_BEFORE_ACTUAL_POS] --(BEFORE)--> [EVENT_BEFORE_ACTUAL_POS],examen,BEFORE,examen,BEFORE,examen,BEFORE,sérologie,,,,,,
131,62,FR100689,[EVENT_BEFORE_ACTUAL_POS] --(BEFORE)--> [EVENT_BEFORE_ACTUAL_POS] | [EVENT_BEFORE_ACTUAL_POS] --(BEFORE)--> [EVENT_BEFORE_ACTUAL_POS] | [EVENT_BEFORE_ACTUAL_POS] --(BEFORE)--> [EVENT_BEFORE_ACTUAL_POS],examen,BEFORE,PCR,BEFORE,scanner,BEFORE,hémogramme,,,,,,
131,62,FR100697,[EVENT_BEFORE_ACTUAL_POS] --(BEFORE)--> [EVENT_BEFORE_ACTUAL_POS] | [EVENT_BEFORE_ACTUAL_POS] --(BEFORE)--> [EVENT_BEFORE_ACTUAL_POS] | [EVENT_BEFORE_ACTUAL_POS] --(BEFORE)--> [EVENT_BEFORE_ACTUAL_POS],apparition,BEFORE,inspection,BEFORE,palpation,BEFORE,examen,,,,,,
131,62,FR100708,[EVENT_BEFORE_ACTUAL_POS] --(BEFORE)--> [EVENT_BEFORE_ACTUAL_POS] | [EVENT_BEFORE_ACTUAL_POS] --(BEFORE)--> [EVENT_BEFORE_ACTUAL_POS] | [EVENT_BEFORE_ACTUAL_POS] --(BEFORE)--> [EVENT_BEFORE_ACTUAL_POS],examen,BEFORE,mammographie,BEFORE,échographie,BEFORE,ponction,,,,,,
131,62,FR100717,[EVENT_BEFORE_ACTUAL_POS] --(BEFORE)--> [EVENT_BEFORE_ACTUAL_POS] | [EVENT_BEFORE_ACTUAL_POS] --(BEFORE)--> [EVENT_BEFORE_ACTUAL_POS] | [EVENT_BEFORE_ACTUAL_POS] --(BEFORE)--> [EVENT_BEFORE_ACTUAL_POS],examens,BEFORE,scanner,BEFORE,IRM,BEFORE,laminectomie,,,,,,
131,62,FR100748,[EVENT_BEFORE_ACTUAL_POS] --(BEFORE)--> [EVENT_BEFORE_ACTUAL_POS] | [EVENT_BEFORE_ACTUAL_POS] --(BEFORE)--> [EVENT_BEFORE_ACTUAL_POS] | [EVENT_BEFORE_ACTUAL_POS] --(BEFORE)--> [EVENT_BEFORE_ACTUAL_POS],suites,BEFORE,transférée,BEFORE,regagné,BEFORE,recul,,,,,,
131,62,FR100780,[EVENT_BEFORE_ACTUAL_POS] --(BEFORE)--> [EVENT_BEFORE_ACTUAL_POS] | [EVENT_BEFORE_ACTUAL_POS] --(BEFORE)--> [EVENT_BEFORE_ACTUAL_POS] | [EVENT_BEFORE_ACTUAL_POS] --(BEFORE)--> [EVENT_BEFORE_ACTUAL_POS],admise,BEFORE,examen,BEFORE,toucher,BEFORE,échographie,,,,,,
131,62,FR100806,[EVENT_BEFORE_ACTUAL_POS] --(BEFORE)--> [EVENT_BEFORE_ACTUAL_POS] | [EVENT_BEFORE_ACTUAL_POS] --(BEFORE)--> [EVENT_BEFORE_ACTUAL_POS] | [EVENT_BEFORE_ACTUAL_POS] --(BEFORE)--> [EVENT_BEFORE_ACTUAL_POS],tomodensitométrie,BEFORE,prise,BEFORE,examen,BEFORE,suites,,,,,,
131,62,FR100814,[EVENT_BEFORE_ACTUAL_POS] --(BEFORE)--> [EVENT_BEFORE_ACTUAL_POS] | [EVENT_BEFORE_ACTUAL_POS] --(BEFORE)--> [EVENT_BEFORE_ACTUAL_POS] | [EVENT_BEFORE_ACTUAL_POS] --(BEFORE)--> [EVENT_BEFORE_ACTUAL_POS],IRM,BEFORE,diagnostic,BEFORE,réséquée,BEFORE,examen,,,,,,
131,62,FR100826,[EVENT_BEFORE_ACTUAL_POS] --(BEFORE)--> [EVENT_BEFORE_ACTUAL_POS] | [EVENT_BEFORE_ACTUAL_POS] --(BEFORE)--> [EVENT_BEFORE_ACTUAL_POS] | [EVENT_BEFORE_ACTUAL_POS] --(BEFORE)--> [EVENT_BEFORE_ACTUAL_POS],examen,BEFORE,bilan,BEFORE,bilan,BEFORE,retenue,,,,,,
131,62,FR100845,[EVENT_BEFORE_ACTUAL_POS] --(BEFORE)--> [EVENT_BEFORE_ACTUAL_POS] | [EVENT_BEFORE_ACTUAL_POS] --(BEFORE)--> [EVENT_BEFORE_ACTUAL_POS] | [EVENT_BEFORE_ACTUAL_POS] --(BEFORE)--> [EVENT_BEFORE_ACTUAL_POS],examen,BEFORE,échographie,BEFORE,radiographie,BEFORE,décision,,,,,,
131,62,FR100849,[EVENT_BEFORE_ACTUAL_POS] --(BEFORE)--> [EVENT_BEFORE_ACTUAL_POS] | [EVENT_BEFORE_ACTUAL_POS] --(BEFORE)--> [EVENT_BEFORE_ACTUAL_POS] | [EVENT_BEFORE_ACTUAL_POS] --(BEFORE)--> [EVENT_BEFORE_ACTUAL_POS],admission,BEFORE,tomodensitométrie,BEFORE,acheminé,BEFORE,suites,,,,,,
131,62,FR100870,[EVENT_BEFORE_ACTUAL_POS] --(BEFORE)--> [EVENT_BEFORE_ACTUAL_POS] | [EVENT_BEFORE_ACTUAL_POS] --(BEFORE)--> [EVENT_BEFORE_ACTUAL_POS] | [EVENT_BEFORE_ACTUAL_POS] --(BEFORE)--> [EVENT_BEFORE_ACTUAL_POS],hémogramme,BEFORE,bilan,BEFORE,IRM,BEFORE,électrophorèse,,,,,,
131,62,FR100874,[EVENT_BEFORE_ACTUAL_POS] --(BEFORE)--> [EVENT_BEFORE_ACTUAL_POS] | [EVENT_BEFORE_ACTUAL_POS] --(BEFORE)--> [EVENT_BEFORE_ACTUAL_POS] | [EVENT_BEFORE_ACTUAL_POS] --(BEFORE)--> [EVENT_BEFORE_ACTUAL_POS],fibroscopie,BEFORE,transit,BEFORE,tomodensitométrie,BEFORE,retenu,,,,,,
131,62,FR100882,[EVENT_BEFORE_ACTUAL_POS] --(BEFORE)--> [EVENT_BEFORE_ACTUAL_POS] | [EVENT_BEFORE_ACTUAL_POS] --(BEFORE)--> [EVENT_BEFORE_ACTUAL_POS] | [EVENT_BEFORE_ACTUAL_POS] --(BEFORE)--> [EVENT_BEFORE_ACTUAL_POS],Imagerie,BEFORE,bilan,BEFORE,sérologies,BEFORE,sclérothérapie,,,,,,
131,62,FR100883,[EVENT_BEFORE_ACTUAL_POS] --(BEFORE)--> [EVENT_BEFORE_ACTUAL_POS] | [EVENT_BEFORE_ACTUAL_POS] --(BEFORE)--> [EVENT_BEFORE_ACTUAL_POS] | [EVENT_BEFORE_ACTUAL_POS] --(BEFORE)--> [EVENT_BEFORE_ACTUAL_POS],TDM,BEFORE,biopsie,BEFORE,bilan,BEFORE,reçu,,,,,,
131,62,FR100894,[EVENT_BEFORE_ACTUAL_POS] --(BEFORE)--> [EVENT_BEFORE_ACTUAL_POS] | [EVENT_BEFORE_ACTUAL_POS] --(BEFORE)--> [EVENT_BEFORE_ACTUAL_POS] | [EVENT_BEFORE_ACTUAL_POS] --(BEFORE)--> [EVENT_BEFORE_ACTUAL_POS],imagerie,BEFORE,prescrit,BEFORE,rejoint,BEFORE,trajet,,,,,,
131,62,FR100903,[EVENT_BEFORE_ACTUAL_POS] --(BEFORE)--> [EVENT_BEFORE_ACTUAL_POS] | [EVENT_BEFORE_ACTUAL_POS] --(BEFORE)--> [EVENT_BEFORE_ACTUAL_POS] | [EVENT_BEFORE_ACTUAL_POS] --(BEFORE)--> [EVENT_BEFORE_ACTUAL_POS],diagnostic,BEFORE,écarté,BEFORE,contrôles,BEFORE,accouchement,,,,,,
131,62,FR100946,[EVENT_BEFORE_ACTUAL_POS] --(BEFORE)--> [EVENT_BEFORE_ACTUAL_POS] | [EVENT_BEFORE_ACTUAL_POS] --(BEFORE)--> [EVENT_BEFORE_ACTUAL_POS] | [EVENT_BEFORE_ACTUAL_POS] --(BEFORE)--> [EVENT_BEFORE_ACTUAL_POS],IRM,BEFORE,analyse,BEFORE,mise,BEFORE,exérèse,,,,,,
131,62,FR100996,[EVENT_BEFORE_ACTUAL_POS] --(BEFORE)--> [EVENT_BEFORE_ACTUAL_POS] | [EVENT_BEFORE_ACTUAL_POS] --(BEFORE)--> [EVENT_BEFORE_ACTUAL_POS] | [EVENT_BEFORE_ACTUAL_POS] --(BEFORE)--> [EVENT_BEFORE_ACTUAL_POS],examen,BEFORE,tomodensitométrie,BEFORE,injection,BEFORE,retenu,,,,,,
131,62,FR100998,[EVENT_BEFORE_ACTUAL_POS] --(BEFORE)--> [EVENT_BEFORE_ACTUAL_POS] | [EVENT_BEFORE_ACTUAL_POS] --(BEFORE)--> [EVENT_BEFORE_ACTUAL_POS] | [EVENT_BEFORE_ACTUAL_POS] --(BEFORE)--> [EVENT_BEFORE_ACTUAL_POS],test,BEFORE,diagnostic,BEFORE,traitée,BEFORE,bilan,,,,,,
0,59,FR100003,[EVENT_BEFORE_ACTUAL_POS] --(CONTAINS)--> [EVENT_BEFORE_ACTUAL_POS] | [EVENT_BEFORE_ACTUAL_POS] --(CONTAINS)--> [EVENT_BEFORE_ACTUAL_POS],bloc,CONTAINS,abordé,[RETOUR],bloc,CONTAINS,drainé,,,,,,
0,59,FR100078,[EVENT_BEFORE_ACTUAL_POS] --(CONTAINS)--> [EVENT_BEFORE_ACTUAL_POS] | [EVENT_BEFORE_ACTUAL_POS] --(CONTAINS)--> [EVENT_BEFORE_ACTUAL_POS],signes,CONTAINS,diagnostic,[RETOUR],signes,CONTAINS,C-réactive,,,,,,
0,59,FR100092,[EVENT_BEFORE_ACTUAL_POS] --(CONTAINS)--> [EVENT_BEFORE_ACTUAL_POS] | [EVENT_BEFORE_ACTUAL_POS] --(CONTAINS)--> [EVENT_BEFORE_ACTUAL_POS],examen,CONTAINS,fréquence,[RETOUR],examen,CONTAINS,tension,,,,,,
0,59,FR100130,[EVENT_BEFORE_ACTUAL_POS] --(CONTAINS)--> [EVENT_BEFORE_ACTUAL_POS] | [EVENT_BEFORE_ACTUAL_POS] --(CONTAINS)--> [EVENT_BEFORE_ACTUAL_POS],activité,CONTAINS,électromyogramme,[RETOUR],activité,CONTAINS,décharges,,,,,,
0,59,FR100132,[EVENT_BEFORE_ACTUAL_POS] --(CONTAINS)--> [EVENT_BEFORE_ACTUAL_POS] | [EVENT_BEFORE_ACTUAL_POS] --(CONTAINS)--> [EVENT_BEFORE_ACTUAL_POS],examen,CONTAINS,angiographie,[RETOUR],examen,CONTAINS,tension,,,,,,
0,59,FR100142,[EVENT_BEFORE_ACTUAL_POS] --(CONTAINS)--> [EVENT_BEFORE_ACTUAL_POS] | [EVENT_BEFORE_ACTUAL_POS] --(CONTAINS)--> [EVENT_BEFORE_ACTUAL_POS],évolution,CONTAINS,notait,[RETOUR],évolution,CONTAINS,taux,,,,,,
0,59,FR100161,[EVENT_BEFORE_ACTUAL_POS] --(CONTAINS)--> [EVENT_BEFORE_ACTUAL_POS] | [EVENT_BEFORE_ACTUAL_POS] --(CONTAINS)--> [EVENT_BEFORE_ACTUAL_POS],génotype,CONTAINS,Acti tests,[RETOUR],génotype,CONTAINS,Fibro,,,,,,
0,59,FR100168,[EVENT_BEFORE_ACTUAL_POS] --(CONTAINS)--> [EVENT_BEFORE_ACTUAL_POS] | [EVENT_BEFORE_ACTUAL_POS] --(CONTAINS)--> [EVENT_BEFORE_ACTUAL_POS],circonstances,CONTAINS,technique,[RETOUR],circonstances,CONTAINS,expérimenté,,,,,,
0,59,FR100185,[EVENT_BEFORE_ACTUAL_POS] --(CONTAINS)--> [EVENT_BEFORE_ACTUAL_POS] | [EVENT_BEFORE_ACTUAL_POS] --(CONTAINS)--> [EVENT_BEFORE_ACTUAL_POS],accuse,CONTAINS,examen,[RETOUR],accuse,CONTAINS,Electromyogramme,,,,,,
0,59,FR100255,[EVENT_BEFORE_ACTUAL_POS] --(CONTAINS)--> [EVENT_BEFORE_ACTUAL_POS] | [EVENT_BEFORE_ACTUAL_POS] --(CONTAINS)--> [EVENT_BEFORE_ACTUAL_POS],bilan,CONTAINS,NFS,[RETOUR],bilan,CONTAINS,bilan,,,,,,
0,59,FR100275,[EVENT_BEFORE_ACTUAL_POS] --(CONTAINS)--> [EVENT_BEFORE_ACTUAL_POS] | [EVENT_BEFORE_ACTUAL_POS] --(CONTAINS)--> [EVENT_BEFORE_ACTUAL_POS],manœuvres,CONTAINS,massages,[RETOUR],manœuvres,CONTAINS,insufflations,,,,,,
0,59,FR100276,[EVENT_BEFORE_ACTUAL_POS] --(CONTAINS)--> [EVENT_BEFORE_ACTUAL_POS] | [EVENT_BEFORE_ACTUAL_POS] --(CONTAINS)--> [EVENT_BEFORE_ACTUAL_POS],grossesse,CONTAINS,éruption,[RETOUR],grossesse,CONTAINS,posé,,,,,,
0,59,FR100283,[EVENT_BEFORE_ACTUAL_POS] --(CONTAINS)--> [EVENT_BEFORE_ACTUAL_POS] | [EVENT_BEFORE_ACTUAL_POS] --(CONTAINS)--> [EVENT_BEFORE_ACTUAL_POS],consulté,CONTAINS,bilan,[RETOUR],consulté,CONTAINS,examen,,,,,,
0,59,FR100296,[EVENT_BEFORE_ACTUAL_POS] --(CONTAINS)--> [EVENT_BEFORE_ACTUAL_POS] | [EVENT_BEFORE_ACTUAL_POS] --(CONTAINS)--> [EVENT_BEFORE_ACTUAL_POS],fenestration,CONTAINS,ablation,[RETOUR],fenestration,CONTAINS,geste,,,,,,
0,59,FR100344,[EVENT_BEFORE_ACTUAL_POS] --(CONTAINS)--> [EVENT_BEFORE_ACTUAL_POS] | [EVENT_BEFORE_ACTUAL_POS] --(CONTAINS)--> [EVENT_BEFORE_ACTUAL_POS],césarienne,CONTAINS,laissé,[RETOUR],césarienne,CONTAINS,extraction,,,,,,
0,59,FR100346,[EVENT_BEFORE_ACTUAL_POS] --(CONTAINS)--> [EVENT_BEFORE_ACTUAL_POS] | [EVENT_BEFORE_ACTUAL_POS] --(CONTAINS)--> [EVENT_BEFORE_ACTUAL_POS],enquête,CONTAINS,bilan,[RETOUR],enquête,CONTAINS,réalisé,,,,,,
0,59,FR100360,[EVENT_BEFORE_ACTUAL_POS] --(CONTAINS)--> [EVENT_BEFORE_ACTUAL_POS] | [EVENT_BEFORE_ACTUAL_POS] --(CONTAINS)--> [EVENT_BEFORE_ACTUAL_POS],colpohystérectomie,CONTAINS,annexectomie,[RETOUR],colpohystérectomie,CONTAINS,curage,,,,,,
0,59,FR100361,[EVENT_BEFORE_ACTUAL_POS] --(CONTAINS)--> [EVENT_BEFORE_ACTUAL_POS] | [EVENT_BEFORE_ACTUAL_POS] --(CONTAINS)--> [EVENT_BEFORE_ACTUAL_POS],méningo-vascularite,CONTAINS,révélant,[RETOUR],méningo-vascularite,CONTAINS,diagnostic,,,,,,
0,59,FR100371,[EVENT_BEFORE_ACTUAL_POS] --(CONTAINS)--> [EVENT_BEFORE_ACTUAL_POS] | [EVENT_BEFORE_ACTUAL_POS] --(CONTAINS)--> [EVENT_BEFORE_ACTUAL_POS],ablation,CONTAINS,hémostase,[RETOUR],ablation,CONTAINS,incision,,,,,,
0,59,FR100400,[EVENT_BEFORE_ACTUAL_POS] --(CONTAINS)--> [EVENT_BEFORE_ACTUAL_POS] | [EVENT_BEFORE_ACTUAL_POS] --(CONTAINS)--> [EVENT_BEFORE_ACTUAL_POS],suivie,CONTAINS,consultation,[RETOUR],suivie,CONTAINS,contrôles,,,,,,
0,59,FR100439,[EVENT_BEFORE_ACTUAL_POS] --(CONTAINS)--> [EVENT_BEFORE_ACTUAL_POS] | [EVENT_BEFORE_ACTUAL_POS] --(CONTAINS)--> [EVENT_BEFORE_ACTUAL_POS],obstruction,CONTAINS,voix,[RETOUR],obstruction,CONTAINS,examen,,,,,,
0,59,FR100453,[EVENT_BEFORE_ACTUAL_POS] --(CONTAINS)--> [EVENT_BEFORE_ACTUAL_POS] | [EVENT_BEFORE_ACTUAL_POS] --(CONTAINS)--> [EVENT_BEFORE_ACTUAL_POS],développement,CONTAINS,examen,[RETOUR],développement,CONTAINS,examen,,,,,,
0,59,FR100510,[EVENT_BEFORE_ACTUAL_POS] --(CONTAINS)--> [EVENT_BEFORE_ACTUAL_POS] | [EVENT_BEFORE_ACTUAL_POS] --(CONTAINS)--> [EVENT_BEFORE_ACTUAL_POS],bilan,CONTAINS,radiographie,[RETOUR],bilan,CONTAINS,données,,,,,,
0,59,FR100515,[EVENT_BEFORE_ACTUAL_POS] --(CONTAINS)--> [EVENT_BEFORE_ACTUAL_POS] | [EVENT_BEFORE_ACTUAL_POS] --(CONTAINS)--> [EVENT_BEFORE_ACTUAL_POS],atteinte,CONTAINS,testing,[RETOUR],atteinte,CONTAINS,hospitalisée,,,,,,
0,59,FR100517,[EVENT_BEFORE_ACTUAL_POS] --(CONTAINS)--> [EVENT_BEFORE_ACTUAL_POS] | [EVENT_BEFORE_ACTUAL_POS] --(CONTAINS)--> [EVENT_BEFORE_ACTUAL_POS],bilan,CONTAINS,fibroscopie,[RETOUR],bilan,CONTAINS,examen,,,,,,
0,59,FR100519,[EVENT_BEFORE_ACTUAL_POS] --(CONTAINS)--> [EVENT_BEFORE_ACTUAL_POS] | [EVENT_BEFORE_ACTUAL_POS] --(CONTAINS)--> [EVENT_BEFORE_ACTUAL_POS],déglobulisation,CONTAINS,hémoglobine,[RETOUR],déglobulisation,CONTAINS,hémogramme,,,,,,
0,59,FR100579,[EVENT_BEFORE_ACTUAL_POS] --(CONTAINS)--> [EVENT_BEFORE_ACTUAL_POS] | [EVENT_BEFORE_ACTUAL_POS] --(CONTAINS)--> [EVENT_BEFORE_ACTUAL_POS],processus,CONTAINS,échocardiographie,[RETOUR],processus,CONTAINS,imagerie,,,,,,
0,59,FR100589,[EVENT_BEFORE_ACTUAL_POS] --(CONTAINS)--> [EVENT_BEFORE_ACTUAL_POS] | [EVENT_BEFORE_ACTUAL_POS] --(CONTAINS)--> [EVENT_BEFORE_ACTUAL_POS],aspect,CONTAINS,évoquer,[RETOUR],aspect,CONTAINS,tomodensitométrie,,,,,,
0,59,FR100597,[EVENT_BEFORE_ACTUAL_POS] --(CONTAINS)--> [EVENT_BEFORE_ACTUAL_POS] | [EVENT_BEFORE_ACTUAL_POS] --(CONTAINS)--> [EVENT_BEFORE_ACTUAL_POS],masse,CONTAINS,scanner,[RETOUR],masse,CONTAINS,rehaussant,,,,,,
0,59,FR100611,[EVENT_BEFORE_ACTUAL_POS] --(CONTAINS)--> [EVENT_BEFORE_ACTUAL_POS] | [EVENT_BEFORE_ACTUAL_POS] --(CONTAINS)--> [EVENT_BEFORE_ACTUAL_POS],traitement,CONTAINS,quadrithérapie,[RETOUR],traitement,CONTAINS,corticothérapie,,,,,,
0,59,FR100620,[EVENT_BEFORE_ACTUAL_POS] --(CONTAINS)--> [EVENT_BEFORE_ACTUAL_POS] | [EVENT_BEFORE_ACTUAL_POS] --(CONTAINS)--> [EVENT_BEFORE_ACTUAL_POS],bilan,CONTAINS,TM6M,[RETOUR],bilan,CONTAINS,pléthysmographie,,,,,,
0,59,FR100629,[EVENT_BEFORE_ACTUAL_POS] --(CONTAINS)--> [EVENT_BEFORE_ACTUAL_POS] | [EVENT_BEFORE_ACTUAL_POS] --(CONTAINS)--> [EVENT_BEFORE_ACTUAL_POS],thoracoscopie,CONTAINS,biopsie,[RETOUR],thoracoscopie,CONTAINS,immuno histochimie,,,,,,
0,59,FR100632,[EVENT_BEFORE_ACTUAL_POS] --(CONTAINS)--> [EVENT_BEFORE_ACTUAL_POS] | [EVENT_BEFORE_ACTUAL_POS] --(CONTAINS)--> [EVENT_BEFORE_ACTUAL_POS],enquête,CONTAINS,taux,[RETOUR],enquête,CONTAINS,bilan,,,,,,
0,59,FR100658,[EVENT_BEFORE_ACTUAL_POS] --(CONTAINS)--> [EVENT_BEFORE_ACTUAL_POS] | [EVENT_BEFORE_ACTUAL_POS] --(CONTAINS)--> [EVENT_BEFORE_ACTUAL_POS],examens,CONTAINS,fonction,[RETOUR],examens,CONTAINS,numération,,,,,,
0,59,FR100663,[EVENT_BEFORE_ACTUAL_POS] --(CONTAINS)--> [EVENT_BEFORE_ACTUAL_POS] | [EVENT_BEFORE_ACTUAL_POS] --(CONTAINS)--> [EVENT_BEFORE_ACTUAL_POS],grossesse,CONTAINS,consultation,[RETOUR],grossesse,CONTAINS,examen,,,,,,
0,59,FR100666,[EVENT_BEFORE_ACTUAL_POS] --(CONTAINS)--> [EVENT_BEFORE_ACTUAL_POS] | [EVENT_BEFORE_ACTUAL_POS] --(CONTAINS)--> [EVENT_BEFORE_ACTUAL_POS],COPADEM,CONTAINS,doxorubicine,[RETOUR],COPADEM,CONTAINS,vincristine,,,,,,
0,59,FR100683,[EVENT_BEFORE_ACTUAL_POS] --(CONTAINS)--> [EVENT_BEFORE_ACTUAL_POS] | [EVENT_BEFORE_ACTUAL_POS] --(CONTAINS)--> [EVENT_BEFORE_ACTUAL_POS],augmentation,CONTAINS,FSH,[RETOUR],augmentation,CONTAINS,LH,,,,,,
0,59,FR100688,[EVENT_BEFORE_ACTUAL_POS] --(CONTAINS)--> [EVENT_BEFORE_ACTUAL_POS] | [EVENT_BEFORE_ACTUAL_POS] --(CONTAINS)--> [EVENT_BEFORE_ACTUAL_POS],bacille,CONTAINS,analyse,[RETOUR],bacille,CONTAINS,examen,,,,,,
0,59,FR100689,[EVENT_BEFORE_ACTUAL_POS] --(CONTAINS)--> [EVENT_BEFORE_ACTUAL_POS] | [EVENT_BEFORE_ACTUAL_POS] --(CONTAINS)--> [EVENT_BEFORE_ACTUAL_POS],évolution,CONTAINS,disparition,[RETOUR],évolution,CONTAINS,effacement,,,,,,
0,59,FR100697,[EVENT_BEFORE_ACTUAL_POS] --(CONTAINS)--> [EVENT_BEFORE_ACTUAL_POS] | [EVENT_BEFORE_ACTUAL_POS] --(CONTAINS)--> [EVENT_BEFORE_ACTUAL_POS],bilan,CONTAINS,TDM,[RETOUR],bilan,CONTAINS,biopsie,,,,,,
0,59,FR100717,[EVENT_BEFORE_ACTUAL_POS] --(CONTAINS)--> [EVENT_BEFORE_ACTUAL_POS] | [EVENT_BEFORE_ACTUAL_POS] --(CONTAINS)--> [EVENT_BEFORE_ACTUAL_POS],intervention,CONTAINS,laminectomie,[RETOUR],intervention,CONTAINS,laminectomie,,,,,,
0,59,FR100748,[EVENT_BEFORE_ACTUAL_POS] --(CONTAINS)--> [EVENT_BEFORE_ACTUAL_POS] | [EVENT_BEFORE_ACTUAL_POS] --(CONTAINS)--> [EVENT_BEFORE_ACTUAL_POS],examen,CONTAINS,tension,[RETOUR],examen,CONTAINS,auscultation,,,,,,
0,59,FR100780,[EVENT_BEFORE_ACTUAL_POS] --(CONTAINS)--> [EVENT_BEFORE_ACTUAL_POS] | [EVENT_BEFORE_ACTUAL_POS] --(CONTAINS)--> [EVENT_BEFORE_ACTUAL_POS],circuit,CONTAINS,héparine,[RETOUR],circuit,CONTAINS,héparine,,,,,,
0,59,FR100814,[EVENT_BEFORE_ACTUAL_POS] --(CONTAINS)--> [EVENT_BEFORE_ACTUAL_POS] | [EVENT_BEFORE_ACTUAL_POS] --(CONTAINS)--> [EVENT_BEFORE_ACTUAL_POS],IRM,CONTAINS,iso-signal,[RETOUR],IRM,CONTAINS,hypersignal,,,,,,
0,59,FR100845,[EVENT_BEFORE_ACTUAL_POS] --(CONTAINS)--> [EVENT_BEFORE_ACTUAL_POS] | [EVENT_BEFORE_ACTUAL_POS] --(CONTAINS)--> [EVENT_BEFORE_ACTUAL_POS],examen,CONTAINS,toucher,[RETOUR],examen,CONTAINS,BCF,,,,,,
0,59,FR100874,[EVENT_BEFORE_ACTUAL_POS] --(CONTAINS)--> [EVENT_BEFORE_ACTUAL_POS] | [EVENT_BEFORE_ACTUAL_POS] --(CONTAINS)--> [EVENT_BEFORE_ACTUAL_POS],examen,CONTAINS,reste,[RETOUR],examen,CONTAINS,constantes,,,,,,
0,59,FR100882,[EVENT_BEFORE_ACTUAL_POS] --(CONTAINS)--> [EVENT_BEFORE_ACTUAL_POS] | [EVENT_BEFORE_ACTUAL_POS] --(CONTAINS)--> [EVENT_BEFORE_ACTUAL_POS],troubles,CONTAINS,admise,[RETOUR],troubles,CONTAINS,miction,,,,,,
0,59,FR100883,[EVENT_BEFORE_ACTUAL_POS] --(CONTAINS)--> [EVENT_BEFORE_ACTUAL_POS] | [EVENT_BEFORE_ACTUAL_POS] --(CONTAINS)--> [EVENT_BEFORE_ACTUAL_POS],reçu,CONTAINS,radiothérapie,[RETOUR],reçu,CONTAINS,cures,,,,,,
0,59,FR100894,[EVENT_BEFORE_ACTUAL_POS] --(CONTAINS)--> [EVENT_BEFORE_ACTUAL_POS] | [EVENT_BEFORE_ACTUAL_POS] --(CONTAINS)--> [EVENT_BEFORE_ACTUAL_POS],incision,CONTAINS,décompression,[RETOUR],incision,CONTAINS,section,,,,,,
0,59,FR100903,[EVENT_BEFORE_ACTUAL_POS] --(CONTAINS)--> [EVENT_BEFORE_ACTUAL_POS] | [EVENT_BEFORE_ACTUAL_POS] --(CONTAINS)--> [EVENT_BEFORE_ACTUAL_POS],hydrops,CONTAINS,échographie,[RETOUR],hydrops,CONTAINS,circonférence,,,,,,
0,59,FR100925,[EVENT_BEFORE_ACTUAL_POS] --(CONTAINS)--> [EVENT_BEFORE_ACTUAL_POS] | [EVENT_BEFORE_ACTUAL_POS] --(CONTAINS)--> [EVENT_BEFORE_ACTUAL_POS],pic,CONTAINS,électrophorèse,[RETOUR],pic,CONTAINS,arguments,,,,,,
0,59,FR100930,[EVENT_BEFORE_ACTUAL_POS] --(CONTAINS)--> [EVENT_BEFORE_ACTUAL_POS] | [EVENT_BEFORE_ACTUAL_POS] --(CONTAINS)--> [EVENT_BEFORE_ACTUAL_POS],recours,CONTAINS,permis,[RETOUR],recours,CONTAINS,évolution,,,,,,
0,59,FR100944,[EVENT_BEFORE_ACTUAL_POS] --(CONTAINS)--> [EVENT_BEFORE_ACTUAL_POS] | [EVENT_BEFORE_ACTUAL_POS] --(CONTAINS)--> [EVENT_BEFORE_ACTUAL_POS],suivi,CONTAINS,hospitalisé,[RETOUR],suivi,CONTAINS,échocardiographique,,,,,,
0,59,FR100959,[EVENT_BEFORE_ACTUAL_POS] --(CONTAINS)--> [EVENT_BEFORE_ACTUAL_POS] | [EVENT_BEFORE_ACTUAL_POS] --(CONTAINS)--> [EVENT_BEFORE_ACTUAL_POS],œsophagoscopie,CONTAINS,permis,[RETOUR],œsophagoscopie,CONTAINS,extraction,,,,,,
0,59,FR100960,[EVENT_BEFORE_ACTUAL_POS] --(CONTAINS)--> [EVENT_BEFORE_ACTUAL_POS] | [EVENT_BEFORE_ACTUAL_POS] --(CONTAINS)--> [EVENT_BEFORE_ACTUAL_POS],consulté,CONTAINS,scanner,[RETOUR],consulté,CONTAINS,étude,,,,,,
0,59,FR100998,[EVENT_BEFORE_ACTUAL_POS] --(CONTAINS)--> [EVENT_BEFORE_ACTUAL_POS] | [EVENT_BEFORE_ACTUAL_POS] --(CONTAINS)--> [EVENT_BEFORE_ACTUAL_POS],traitée,CONTAINS,cures,[RETOUR],traitée,CONTAINS,développé,,,,,,
16,58,FR100003,[EVENT_BEFORE_ACTUAL_POS] --(CONTAINS)--> [EVENT_BEFORE_ACTUAL_POS] | [EVENT_BEFORE_ACTUAL_POS] --(BEFORE)--> [EVENT_BEFORE_ACTUAL_POS] | [EVENT_BEFORE_ACTUAL_POS] --(BEFORE)--> [EVENT_BEFORE_ACTUAL_POS] | [EVENT_BEFORE_ACTUAL_POS] --(BEFORE)--> [EVENT_BEFORE_ACTUAL_POS],granulome,CONTAINS,panoramique,BEFORE,ponction,BEFORE,examen,BEFORE,examen,,,,
16,58,FR100092,[EVENT_BEFORE_ACTUAL_POS] --(CONTAINS)--> [EVENT_BEFORE_ACTUAL_POS] | [EVENT_BEFORE_ACTUAL_POS] --(BEFORE)--> [EVENT_BEFORE_ACTUAL_POS] | [EVENT_BEFORE_ACTUAL_POS] --(BEFORE)--> [EVENT_BEFORE_ACTUAL_POS] | [EVENT_BEFORE_ACTUAL_POS] --(BEFORE)--> [EVENT_BEFORE_ACTUAL_POS],conjonctives,CONTAINS,examen,BEFORE,examen,BEFORE,examen,BEFORE,échographie,,,,
16,58,FR100120,[EVENT_BEFORE_ACTUAL_POS] --(CONTAINS)--> [EVENT_BEFORE_ACTUAL_POS] | [EVENT_BEFORE_ACTUAL_POS] --(BEFORE)--> [EVENT_BEFORE_ACTUAL_POS] | [EVENT_BEFORE_ACTUAL_POS] --(BEFORE)--> [EVENT_BEFORE_ACTUAL_POS] | [EVENT_BEFORE_ACTUAL_POS] --(BEFORE)--> [EVENT_BEFORE_ACTUAL_POS],retard,CONTAINS,rattaché,BEFORE,traitement,BEFORE,retirées,BEFORE,conclure,,,,
16,58,FR100130,[EVENT_BEFORE_ACTUAL_POS] --(CONTAINS)--> [EVENT_BEFORE_ACTUAL_POS] | [EVENT_BEFORE_ACTUAL_POS] --(BEFORE)--> [EVENT_BEFORE_ACTUAL_POS] | [EVENT_BEFORE_ACTUAL_POS] --(BEFORE)--> [EVENT_BEFORE_ACTUAL_POS] | [EVENT_BEFORE_ACTUAL_POS] --(BEFORE)--> [EVENT_BEFORE_ACTUAL_POS],marqueurs,CONTAINS,bilan,BEFORE,suspectée,BEFORE,bilan,BEFORE,traité,,,,
16,58,FR100132,[EVENT_BEFORE_ACTUAL_POS] --(CONTAINS)--> [EVENT_BEFORE_ACTUAL_POS] | [EVENT_BEFORE_ACTUAL_POS] --(BEFORE)--> [EVENT_BEFORE_ACTUAL_POS] | [EVENT_BEFORE_ACTUAL_POS] --(BEFORE)--> [EVENT_BEFORE_ACTUAL_POS] | [EVENT_BEFORE_ACTUAL_POS] --(BEFORE)--> [EVENT_BEFORE_ACTUAL_POS],examen,CONTAINS,palpation,BEFORE,histologie,BEFORE,examen,BEFORE,écho-Doppler,,,,
16,58,FR100142,[EVENT_BEFORE_ACTUAL_POS] --(CONTAINS)--> [EVENT_BEFORE_ACTUAL_POS] | [EVENT_BEFORE_ACTUAL_POS] --(BEFORE)--> [EVENT_BEFORE_ACTUAL_POS] | [EVENT_BEFORE_ACTUAL_POS] --(BEFORE)--> [EVENT_BEFORE_ACTUAL_POS] | [EVENT_BEFORE_ACTUAL_POS] --(BEFORE)--> [EVENT_BEFORE_ACTUAL_POS],lésions,CONTAINS,examen,BEFORE,électrophorèse,BEFORE,scanner,BEFORE,fibroscopie,,,,
16,58,FR100161,[EVENT_BEFORE_ACTUAL_POS] --(CONTAINS)--> [EVENT_BEFORE_ACTUAL_POS] | [EVENT_BEFORE_ACTUAL_POS] --(BEFORE)--> [EVENT_BEFORE_ACTUAL_POS] | [EVENT_BEFORE_ACTUAL_POS] --(BEFORE)--> [EVENT_BEFORE_ACTUAL_POS] | [EVENT_BEFORE_ACTUAL_POS] --(BEFORE)--> [EVENT_BEFORE_ACTUAL_POS],sérologie,CONTAINS,examens,BEFORE,radiographie,BEFORE,complément,BEFORE,cortisol,,,,
16,58,FR100255,[EVENT_BEFORE_ACTUAL_POS] --(CONTAINS)--> [EVENT_BEFORE_ACTUAL_POS] | [EVENT_BEFORE_ACTUAL_POS] --(BEFORE)--> [EVENT_BEFORE_ACTUAL_POS] | [EVENT_BEFORE_ACTUAL_POS] --(BEFORE)--> [EVENT_BEFORE_ACTUAL_POS] | [EVENT_BEFORE_ACTUAL_POS] --(BEFORE)--> [EVENT_BEFORE_ACTUAL_POS],fréquence,CONTAINS,examen,BEFORE,examen,BEFORE,échographie,BEFORE,mise,,,,
16,58,FR100275,[EVENT_BEFORE_ACTUAL_POS] --(CONTAINS)--> [EVENT_BEFORE_ACTUAL_POS] | [EVENT_BEFORE_ACTUAL_POS] --(BEFORE)--> [EVENT_BEFORE_ACTUAL_POS] | [EVENT_BEFORE_ACTUAL_POS] --(BEFORE)--> [EVENT_BEFORE_ACTUAL_POS] | [EVENT_BEFORE_ACTUAL_POS] --(BEFORE)--> [EVENT_BEFORE_ACTUAL_POS],mort,CONTAINS,établi,BEFORE,manœuvres,BEFORE,transféré,BEFORE,anamnèse,,,,
16,58,FR100276,[EVENT_BEFORE_ACTUAL_POS] --(CONTAINS)--> [EVENT_BEFORE_ACTUAL_POS] | [EVENT_BEFORE_ACTUAL_POS] --(BEFORE)--> [EVENT_BEFORE_ACTUAL_POS] | [EVENT_BEFORE_ACTUAL_POS] --(BEFORE)--> [EVENT_BEFORE_ACTUAL_POS] | [EVENT_BEFORE_ACTUAL_POS] --(BEFORE)--> [EVENT_BEFORE_ACTUAL_POS],aplasie,CONTAINS,accouchement,BEFORE,reste,BEFORE,bilan,BEFORE,régression,,,,
16,58,FR100282,[EVENT_BEFORE_ACTUAL_POS] --(CONTAINS)--> [EVENT_BEFORE_ACTUAL_POS] | [EVENT_BEFORE_ACTUAL_POS] --(BEFORE)--> [EVENT_BEFORE_ACTUAL_POS] | [EVENT_BEFORE_ACTUAL_POS] --(BEFORE)--> [EVENT_BEFORE_ACTUAL_POS] | [EVENT_BEFORE_ACTUAL_POS] --(BEFORE)--> [EVENT_BEFORE_ACTUAL_POS],tracé,CONTAINS,électroencéphalogramme,BEFORE,scanner,BEFORE,conclus,BEFORE,instauré,,,,
16,58,FR100283,[EVENT_BEFORE_ACTUAL_POS] --(CONTAINS)--> [EVENT_BEFORE_ACTUAL_POS] | [EVENT_BEFORE_ACTUAL_POS] --(BEFORE)--> [EVENT_BEFORE_ACTUAL_POS] | [EVENT_BEFORE_ACTUAL_POS] --(BEFORE)--> [EVENT_BEFORE_ACTUAL_POS] | [EVENT_BEFORE_ACTUAL_POS] --(BEFORE)--> [EVENT_BEFORE_ACTUAL_POS],syndrome,CONTAINS,bilan,BEFORE,IRM,BEFORE,hypophysiogramme,BEFORE,traitement,,,,
16,58,FR100296,[EVENT_BEFORE_ACTUAL_POS] --(CONTAINS)--> [EVENT_BEFORE_ACTUAL_POS] | [EVENT_BEFORE_ACTUAL_POS] --(BEFORE)--> [EVENT_BEFORE_ACTUAL_POS] | [EVENT_BEFORE_ACTUAL_POS] --(BEFORE)--> [EVENT_BEFORE_ACTUAL_POS] | [EVENT_BEFORE_ACTUAL_POS] --(BEFORE)--> [EVENT_BEFORE_ACTUAL_POS],phénomènes,CONTAINS,examen,BEFORE,IRM,BEFORE,fenestration,BEFORE,suites,,,,
16,58,FR100314,[EVENT_BEFORE_ACTUAL_POS] --(CONTAINS)--> [EVENT_BEFORE_ACTUAL_POS] | [EVENT_BEFORE_ACTUAL_POS] --(BEFORE)--> [EVENT_BEFORE_ACTUAL_POS] | [EVENT_BEFORE_ACTUAL_POS] --(BEFORE)--> [EVENT_BEFORE_ACTUAL_POS] | [EVENT_BEFORE_ACTUAL_POS] --(BEFORE)--> [EVENT_BEFORE_ACTUAL_POS],fracture,CONTAINS,bilan,BEFORE,drainage,BEFORE,angio-scanner,BEFORE,amputation,,,,
16,58,FR100344,[EVENT_BEFORE_ACTUAL_POS] --(CONTAINS)--> [EVENT_BEFORE_ACTUAL_POS] | [EVENT_BEFORE_ACTUAL_POS] --(BEFORE)--> [EVENT_BEFORE_ACTUAL_POS] | [EVENT_BEFORE_ACTUAL_POS] --(BEFORE)--> [EVENT_BEFORE_ACTUAL_POS] | [EVENT_BEFORE_ACTUAL_POS] --(BEFORE)--> [EVENT_BEFORE_ACTUAL_POS],insuffisance,CONTAINS,développé,BEFORE,contrôle,BEFORE,tombée,BEFORE,interruption,,,,
16,58,FR100346,[EVENT_BEFORE_ACTUAL_POS] --(CONTAINS)--> [EVENT_BEFORE_ACTUAL_POS] | [EVENT_BEFORE_ACTUAL_POS] --(BEFORE)--> [EVENT_BEFORE_ACTUAL_POS] | [EVENT_BEFORE_ACTUAL_POS] --(BEFORE)--> [EVENT_BEFORE_ACTUAL_POS] | [EVENT_BEFORE_ACTUAL_POS] --(BEFORE)--> [EVENT_BEFORE_ACTUAL_POS],lésions,CONTAINS,angioscanner,BEFORE,echo-dopler,BEFORE,IRM,BEFORE,scanner,,,,
16,58,FR100360,[EVENT_BEFORE_ACTUAL_POS] --(CONTAINS)--> [EVENT_BEFORE_ACTUAL_POS] | [EVENT_BEFORE_ACTUAL_POS] --(BEFORE)--> [EVENT_BEFORE_ACTUAL_POS] | [EVENT_BEFORE_ACTUAL_POS] --(BEFORE)--> [EVENT_BEFORE_ACTUAL_POS] | [EVENT_BEFORE_ACTUAL_POS] --(BEFORE)--> [EVENT_BEFORE_ACTUAL_POS],adénocarcinome,CONTAINS,examen,BEFORE,curage,BEFORE,radiothérapie,BEFORE,curiethérapie,,,,
16,58,FR100361,[EVENT_BEFORE_ACTUAL_POS] --(CONTAINS)--> [EVENT_BEFORE_ACTUAL_POS] | [EVENT_BEFORE_ACTUAL_POS] --(BEFORE)--> [EVENT_BEFORE_ACTUAL_POS] | [EVENT_BEFORE_ACTUAL_POS] --(BEFORE)--> [EVENT_BEFORE_ACTUAL_POS] | [EVENT_BEFORE_ACTUAL_POS] --(BEFORE)--> [EVENT_BEFORE_ACTUAL_POS],GCS,CONTAINS,examen,BEFORE,TDM,BEFORE,ponction,BEFORE,examen,,,,
16,58,FR100371,[EVENT_BEFORE_ACTUAL_POS] --(CONTAINS)--> [EVENT_BEFORE_ACTUAL_POS] | [EVENT_BEFORE_ACTUAL_POS] --(BEFORE)--> [EVENT_BEFORE_ACTUAL_POS] | [EVENT_BEFORE_ACTUAL_POS] --(BEFORE)--> [EVENT_BEFORE_ACTUAL_POS] | [EVENT_BEFORE_ACTUAL_POS] --(BEFORE)--> [EVENT_BEFORE_ACTUAL_POS],tension,CONTAINS,examen,BEFORE,examen,BEFORE,bilan,BEFORE,bilan,,,,
16,58,FR100400,[EVENT_BEFORE_ACTUAL_POS] --(CONTAINS)--> [EVENT_BEFORE_ACTUAL_POS] | [EVENT_BEFORE_ACTUAL_POS] --(BEFORE)--> [EVENT_BEFORE_ACTUAL_POS] | [EVENT_BEFORE_ACTUAL_POS] --(BEFORE)--> [EVENT_BEFORE_ACTUAL_POS] | [EVENT_BEFORE_ACTUAL_POS] --(BEFORE)--> [EVENT_BEFORE_ACTUAL_POS],lésion,CONTAINS,échographie,BEFORE,scanner,BEFORE,diagnostic,BEFORE,exploration,,,,
16,58,FR100439,[EVENT_BEFORE_ACTUAL_POS] --(CONTAINS)--> [EVENT_BEFORE_ACTUAL_POS] | [EVENT_BEFORE_ACTUAL_POS] --(BEFORE)--> [EVENT_BEFORE_ACTUAL_POS] | [EVENT_BEFORE_ACTUAL_POS] --(BEFORE)--> [EVENT_BEFORE_ACTUAL_POS] | [EVENT_BEFORE_ACTUAL_POS] --(BEFORE)--> [EVENT_BEFORE_ACTUAL_POS],anesthésie,CONTAINS,endoscopie,BEFORE,biopsies,BEFORE,analyse,BEFORE,exploration,,,,
16,58,FR100453,[EVENT_BEFORE_ACTUAL_POS] --(CONTAINS)--> [EVENT_BEFORE_ACTUAL_POS] | [EVENT_BEFORE_ACTUAL_POS] --(BEFORE)--> [EVENT_BEFORE_ACTUAL_POS] | [EVENT_BEFORE_ACTUAL_POS] --(BEFORE)--> [EVENT_BEFORE_ACTUAL_POS] | [EVENT_BEFORE_ACTUAL_POS] --(BEFORE)--> [EVENT_BEFORE_ACTUAL_POS],développement,CONTAINS,examen,BEFORE,radiographies,BEFORE,porté,BEFORE,hospitalisé,,,,
16,58,FR100480,[EVENT_BEFORE_ACTUAL_POS] --(CONTAINS)--> [EVENT_BEFORE_ACTUAL_POS] | [EVENT_BEFORE_ACTUAL_POS] --(BEFORE)--> [EVENT_BEFORE_ACTUAL_POS] | [EVENT_BEFORE_ACTUAL_POS] --(BEFORE)--> [EVENT_BEFORE_ACTUAL_POS] | [EVENT_BEFORE_ACTUAL_POS] --(BEFORE)--> [EVENT_BEFORE_ACTUAL_POS],nodules,CONTAINS,Tomographie,BEFORE,reprise,BEFORE,débuté,BEFORE,réadaptation,,,,
16,58,FR100515,[EVENT_BEFORE_ACTUAL_POS] --(CONTAINS)--> [EVENT_BEFORE_ACTUAL_POS] | [EVENT_BEFORE_ACTUAL_POS] --(BEFORE)--> [EVENT_BEFORE_ACTUAL_POS] | [EVENT_BEFORE_ACTUAL_POS] --(BEFORE)--> [EVENT_BEFORE_ACTUAL_POS] | [EVENT_BEFORE_ACTUAL_POS] --(BEFORE)--> [EVENT_BEFORE_ACTUAL_POS],atteinte,CONTAINS,testing,BEFORE,dosage,BEFORE,bilan,BEFORE,biopsie,,,,
16,58,FR100517,[EVENT_BEFORE_ACTUAL_POS] --(CONTAINS)--> [EVENT_BEFORE_ACTUAL_POS] | [EVENT_BEFORE_ACTUAL_POS] --(BEFORE)--> [EVENT_BEFORE_ACTUAL_POS] | [EVENT_BEFORE_ACTUAL_POS] --(BEFORE)--> [EVENT_BEFORE_ACTUAL_POS] | [EVENT_BEFORE_ACTUAL_POS] --(BEFORE)--> [EVENT_BEFORE_ACTUAL_POS],plaques,CONTAINS,examen,BEFORE,bilan,BEFORE,électromyogramme,BEFORE,bilan,,,,
16,58,FR100519,[EVENT_BEFORE_ACTUAL_POS] --(CONTAINS)--> [EVENT_BEFORE_ACTUAL_POS] | [EVENT_BEFORE_ACTUAL_POS] --(BEFORE)--> [EVENT_BEFORE_ACTUAL_POS] | [EVENT_BEFORE_ACTUAL_POS] --(BEFORE)--> [EVENT_BEFORE_ACTUAL_POS] | [EVENT_BEFORE_ACTUAL_POS] --(BEFORE)--> [EVENT_BEFORE_ACTUAL_POS],aspect,CONTAINS,bilan,BEFORE,angioscanner,BEFORE,échodoppler,BEFORE,retenue,,,,
16,58,FR100579,[EVENT_BEFORE_ACTUAL_POS] --(CONTAINS)--> [EVENT_BEFORE_ACTUAL_POS] | [EVENT_BEFORE_ACTUAL_POS] --(BEFORE)--> [EVENT_BEFORE_ACTUAL_POS] | [EVENT_BEFORE_ACTUAL_POS] --(BEFORE)--> [EVENT_BEFORE_ACTUAL_POS] | [EVENT_BEFORE_ACTUAL_POS] --(BEFORE)--> [EVENT_BEFORE_ACTUAL_POS],consulte,CONTAINS,radiographie,BEFORE,échocardiographie,BEFORE,angio-scanner,BEFORE,imagerie,,,,
16,58,FR100589,[EVENT_BEFORE_ACTUAL_POS] --(CONTAINS)--> [EVENT_BEFORE_ACTUAL_POS] | [EVENT_BEFORE_ACTUAL_POS] --(BEFORE)--> [EVENT_BEFORE_ACTUAL_POS] | [EVENT_BEFORE_ACTUAL_POS] --(BEFORE)--> [EVENT_BEFORE_ACTUAL_POS] | [EVENT_BEFORE_ACTUAL_POS] --(BEFORE)--> [EVENT_BEFORE_ACTUAL_POS],syndrome,CONTAINS,Cytométrie,BEFORE,biopsie,BEFORE,bilan,BEFORE,caryotype,,,,
16,58,FR100597,[EVENT_BEFORE_ACTUAL_POS] --(CONTAINS)--> [EVENT_BEFORE_ACTUAL_POS] | [EVENT_BEFORE_ACTUAL_POS] --(BEFORE)--> [EVENT_BEFORE_ACTUAL_POS] | [EVENT_BEFORE_ACTUAL_POS] --(BEFORE)--> [EVENT_BEFORE_ACTUAL_POS] | [EVENT_BEFORE_ACTUAL_POS] --(BEFORE)--> [EVENT_BEFORE_ACTUAL_POS],consultation,CONTAINS,examen,BEFORE,examen,BEFORE,examen,BEFORE,toucher,,,,
16,58,FR100611,[EVENT_BEFORE_ACTUAL_POS] --(CONTAINS)--> [EVENT_BEFORE_ACTUAL_POS] | [EVENT_BEFORE_ACTUAL_POS] --(BEFORE)--> [EVENT_BEFORE_ACTUAL_POS] | [EVENT_BEFORE_ACTUAL_POS] --(BEFORE)--> [EVENT_BEFORE_ACTUAL_POS] | [EVENT_BEFORE_ACTUAL_POS] --(BEFORE)--> [EVENT_BEFORE_ACTUAL_POS],syndrome,CONTAINS,examen,BEFORE,IRM,BEFORE,étude,BEFORE,examen,,,,
16,58,FR100614,[EVENT_BEFORE_ACTUAL_POS] --(CONTAINS)--> [EVENT_BEFORE_ACTUAL_POS] | [EVENT_BEFORE_ACTUAL_POS] --(BEFORE)--> [EVENT_BEFORE_ACTUAL_POS] | [EVENT_BEFORE_ACTUAL_POS] --(BEFORE)--> [EVENT_BEFORE_ACTUAL_POS] | [EVENT_BEFORE_ACTUAL_POS] --(BEFORE)--> [EVENT_BEFORE_ACTUAL_POS],kyste,CONTAINS,exploration,BEFORE,rupture,BEFORE,intervention,BEFORE,résection,,,,
16,58,FR100620,[EVENT_BEFORE_ACTUAL_POS] --(CONTAINS)--> [EVENT_BEFORE_ACTUAL_POS] | [EVENT_BEFORE_ACTUAL_POS] --(BEFORE)--> [EVENT_BEFORE_ACTUAL_POS] | [EVENT_BEFORE_ACTUAL_POS] --(BEFORE)--> [EVENT_BEFORE_ACTUAL_POS] | [EVENT_BEFORE_ACTUAL_POS] --(BEFORE)--> [EVENT_BEFORE_ACTUAL_POS],conservation,CONTAINS,présenté,BEFORE,examen,BEFORE,radiographie,BEFORE,drainage,,,,
16,58,FR100623,[EVENT_BEFORE_ACTUAL_POS] --(CONTAINS)--> [EVENT_BEFORE_ACTUAL_POS] | [EVENT_BEFORE_ACTUAL_POS] --(BEFORE)--> [EVENT_BEFORE_ACTUAL_POS] | [EVENT_BEFORE_ACTUAL_POS] --(BEFORE)--> [EVENT_BEFORE_ACTUAL_POS] | [EVENT_BEFORE_ACTUAL_POS] --(BEFORE)--> [EVENT_BEFORE_ACTUAL_POS],douleur,CONTAINS,consulté,BEFORE,examen,BEFORE,échographie,BEFORE,tomodensitométrie,,,,
16,58,FR100629,[EVENT_BEFORE_ACTUAL_POS] --(CONTAINS)--> [EVENT_BEFORE_ACTUAL_POS] | [EVENT_BEFORE_ACTUAL_POS] --(BEFORE)--> [EVENT_BEFORE_ACTUAL_POS] | [EVENT_BEFORE_ACTUAL_POS] --(BEFORE)--> [EVENT_BEFORE_ACTUAL_POS] | [EVENT_BEFORE_ACTUAL_POS] --(BEFORE)--> [EVENT_BEFORE_ACTUAL_POS],opacité,CONTAINS,radiographie,BEFORE,thoracoscopie,BEFORE,marquage,BEFORE,étude,,,,
16,58,FR100632,[EVENT_BEFORE_ACTUAL_POS] --(CONTAINS)--> [EVENT_BEFORE_ACTUAL_POS] | [EVENT_BEFORE_ACTUAL_POS] --(BEFORE)--> [EVENT_BEFORE_ACTUAL_POS] | [EVENT_BEFORE_ACTUAL_POS] --(BEFORE)--> [EVENT_BEFORE_ACTUAL_POS] | [EVENT_BEFORE_ACTUAL_POS] --(BEFORE)--> [EVENT_BEFORE_ACTUAL_POS],apyrétique,CONTAINS,examen,BEFORE,examen,BEFORE,IRM,BEFORE,IRM,,,,
16,58,FR100663,[EVENT_BEFORE_ACTUAL_POS] --(CONTAINS)--> [EVENT_BEFORE_ACTUAL_POS] | [EVENT_BEFORE_ACTUAL_POS] --(BEFORE)--> [EVENT_BEFORE_ACTUAL_POS] | [EVENT_BEFORE_ACTUAL_POS] --(BEFORE)--> [EVENT_BEFORE_ACTUAL_POS] | [EVENT_BEFORE_ACTUAL_POS] --(BEFORE)--> [EVENT_BEFORE_ACTUAL_POS],stable,CONTAINS,examen,BEFORE,examen,BEFORE,échographie,BEFORE,taux,,,,
16,58,FR100666,[EVENT_BEFORE_ACTUAL_POS] --(CONTAINS)--> [EVENT_BEFORE_ACTUAL_POS] | [EVENT_BEFORE_ACTUAL_POS] --(BEFORE)--> [EVENT_BEFORE_ACTUAL_POS] | [EVENT_BEFORE_ACTUAL_POS] --(BEFORE)--> [EVENT_BEFORE_ACTUAL_POS] | [EVENT_BEFORE_ACTUAL_POS] --(BEFORE)--> [EVENT_BEFORE_ACTUAL_POS],asymétrie,CONTAINS,examen,BEFORE,examen,BEFORE,palpation,BEFORE,radiographie,,,,
16,58,FR100683,[EVENT_BEFORE_ACTUAL_POS] --(CONTAINS)--> [EVENT_BEFORE_ACTUAL_POS] | [EVENT_BEFORE_ACTUAL_POS] --(BEFORE)--> [EVENT_BEFORE_ACTUAL_POS] | [EVENT_BEFORE_ACTUAL_POS] --(BEFORE)--> [EVENT_BEFORE_ACTUAL_POS] | [EVENT_BEFORE_ACTUAL_POS] --(BEFORE)--> [EVENT_BEFORE_ACTUAL_POS],pouls,CONTAINS,examen,BEFORE,exploration,BEFORE,exploration,BEFORE,IRM,,,,
16,58,FR100688,[EVENT_BEFORE_ACTUAL_POS] --(CONTAINS)--> [EVENT_BEFORE_ACTUAL_POS] | [EVENT_BEFORE_ACTUAL_POS] --(BEFORE)--> [EVENT_BEFORE_ACTUAL_POS] | [EVENT_BEFORE_ACTUAL_POS] --(BEFORE)--> [EVENT_BEFORE_ACTUAL_POS] | [EVENT_BEFORE_ACTUAL_POS] --(BEFORE)--> [EVENT_BEFORE_ACTUAL_POS],indice,CONTAINS,examen,BEFORE,examen,BEFORE,examen,BEFORE,sérologie,,,,
16,58,FR100689,[EVENT_BEFORE_ACTUAL_POS] --(CONTAINS)--> [EVENT_BEFORE_ACTUAL_POS] | [EVENT_BEFORE_ACTUAL_POS] --(BEFORE)--> [EVENT_BEFORE_ACTUAL_POS] | [EVENT_BEFORE_ACTUAL_POS] --(BEFORE)--> [EVENT_BEFORE_ACTUAL_POS] | [EVENT_BEFORE_ACTUAL_POS] --(BEFORE)--> [EVENT_BEFORE_ACTUAL_POS],foyers,CONTAINS,scanner,BEFORE,hémogramme,BEFORE,ionogramme,BEFORE,examen,,,,
16,58,FR100697,[EVENT_BEFORE_ACTUAL_POS] --(CONTAINS)--> [EVENT_BEFORE_ACTUAL_POS] | [EVENT_BEFORE_ACTUAL_POS] --(BEFORE)--> [EVENT_BEFORE_ACTUAL_POS] | [EVENT_BEFORE_ACTUAL_POS] --(BEFORE)--> [EVENT_BEFORE_ACTUAL_POS] | [EVENT_BEFORE_ACTUAL_POS] --(BEFORE)--> [EVENT_BEFORE_ACTUAL_POS],surcroît,CONTAINS,mammographie,BEFORE,échographie,BEFORE,examen,BEFORE,immunomarquage,,,,
16,58,FR100708,[EVENT_BEFORE_ACTUAL_POS] --(CONTAINS)--> [EVENT_BEFORE_ACTUAL_POS] | [EVENT_BEFORE_ACTUAL_POS] --(BEFORE)--> [EVENT_BEFORE_ACTUAL_POS] | [EVENT_BEFORE_ACTUAL_POS] --(BEFORE)--> [EVENT_BEFORE_ACTUAL_POS] | [EVENT_BEFORE_ACTUAL_POS] --(BEFORE)--> [EVENT_BEFORE_ACTUAL_POS],consulté,CONTAINS,examen,BEFORE,mammographie,BEFORE,échographie,BEFORE,ponction,,,,
16,58,FR100717,[EVENT_BEFORE_ACTUAL_POS] --(CONTAINS)--> [EVENT_BEFORE_ACTUAL_POS] | [EVENT_BEFORE_ACTUAL_POS] --(BEFORE)--> [EVENT_BEFORE_ACTUAL_POS] | [EVENT_BEFORE_ACTUAL_POS] --(BEFORE)--> [EVENT_BEFORE_ACTUAL_POS] | [EVENT_BEFORE_ACTUAL_POS] --(BEFORE)--> [EVENT_BEFORE_ACTUAL_POS],Lasègue,CONTAINS,examen,BEFORE,examens,BEFORE,scanner,BEFORE,IRM,,,,
16,58,FR100748,[EVENT_BEFORE_ACTUAL_POS] --(CONTAINS)--> [EVENT_BEFORE_ACTUAL_POS] | [EVENT_BEFORE_ACTUAL_POS] --(BEFORE)--> [EVENT_BEFORE_ACTUAL_POS] | [EVENT_BEFORE_ACTUAL_POS] --(BEFORE)--> [EVENT_BEFORE_ACTUAL_POS] | [EVENT_BEFORE_ACTUAL_POS] --(BEFORE)--> [EVENT_BEFORE_ACTUAL_POS],intervention,CONTAINS,mobilisation,BEFORE,suites,BEFORE,transférée,BEFORE,regagné,,,,
16,58,FR100806,[EVENT_BEFORE_ACTUAL_POS] --(CONTAINS)--> [EVENT_BEFORE_ACTUAL_POS] | [EVENT_BEFORE_ACTUAL_POS] --(BEFORE)--> [EVENT_BEFORE_ACTUAL_POS] | [EVENT_BEFORE_ACTUAL_POS] --(BEFORE)--> [EVENT_BEFORE_ACTUAL_POS] | [EVENT_BEFORE_ACTUAL_POS] --(BEFORE)--> [EVENT_BEFORE_ACTUAL_POS],TP,CONTAINS,biologie,BEFORE,tomodensitométrie,BEFORE,prise,BEFORE,examen,,,,
16,58,FR100814,[EVENT_BEFORE_ACTUAL_POS] --(CONTAINS)--> [EVENT_BEFORE_ACTUAL_POS] | [EVENT_BEFORE_ACTUAL_POS] --(BEFORE)--> [EVENT_BEFORE_ACTUAL_POS] | [EVENT_BEFORE_ACTUAL_POS] --(BEFORE)--> [EVENT_BEFORE_ACTUAL_POS] | [EVENT_BEFORE_ACTUAL_POS] --(BEFORE)--> [EVENT_BEFORE_ACTUAL_POS],processus,CONTAINS,IRM,BEFORE,diagnostic,BEFORE,réséquée,BEFORE,examen,,,,
16,58,FR100826,[EVENT_BEFORE_ACTUAL_POS] --(CONTAINS)--> [EVENT_BEFORE_ACTUAL_POS] | [EVENT_BEFORE_ACTUAL_POS] --(BEFORE)--> [EVENT_BEFORE_ACTUAL_POS] | [EVENT_BEFORE_ACTUAL_POS] --(BEFORE)--> [EVENT_BEFORE_ACTUAL_POS] | [EVENT_BEFORE_ACTUAL_POS] --(BEFORE)--> [EVENT_BEFORE_ACTUAL_POS],draine,CONTAINS,bilan,BEFORE,bilan,BEFORE,retenue,BEFORE,exploration,,,,
16,58,FR100845,[EVENT_BEFORE_ACTUAL_POS] --(CONTAINS)--> [EVENT_BEFORE_ACTUAL_POS] | [EVENT_BEFORE_ACTUAL_POS] --(BEFORE)--> [EVENT_BEFORE_ACTUAL_POS] | [EVENT_BEFORE_ACTUAL_POS] --(BEFORE)--> [EVENT_BEFORE_ACTUAL_POS] | [EVENT_BEFORE_ACTUAL_POS] --(BEFORE)--> [EVENT_BEFORE_ACTUAL_POS],eupnéique,CONTAINS,examen,BEFORE,examen,BEFORE,échographie,BEFORE,radiographie,,,,
16,58,FR100849,[EVENT_BEFORE_ACTUAL_POS] --(CONTAINS)--> [EVENT_BEFORE_ACTUAL_POS] | [EVENT_BEFORE_ACTUAL_POS] --(BEFORE)--> [EVENT_BEFORE_ACTUAL_POS] | [EVENT_BEFORE_ACTUAL_POS] --(BEFORE)--> [EVENT_BEFORE_ACTUAL_POS] | [EVENT_BEFORE_ACTUAL_POS] --(BEFORE)--> [EVENT_BEFORE_ACTUAL_POS],IMC,CONTAINS,admission,BEFORE,tomodensitométrie,BEFORE,acheminé,BEFORE,suites,,,,
16,58,FR100870,[EVENT_BEFORE_ACTUAL_POS] --(CONTAINS)--> [EVENT_BEFORE_ACTUAL_POS] | [EVENT_BEFORE_ACTUAL_POS] --(BEFORE)--> [EVENT_BEFORE_ACTUAL_POS] | [EVENT_BEFORE_ACTUAL_POS] --(BEFORE)--> [EVENT_BEFORE_ACTUAL_POS] | [EVENT_BEFORE_ACTUAL_POS] --(BEFORE)--> [EVENT_BEFORE_ACTUAL_POS],apparition,CONTAINS,retenu,BEFORE,radiothérapie,BEFORE,admis,BEFORE,imagerie,,,,
16,58,FR100874,[EVENT_BEFORE_ACTUAL_POS] --(CONTAINS)--> [EVENT_BEFORE_ACTUAL_POS] | [EVENT_BEFORE_ACTUAL_POS] --(BEFORE)--> [EVENT_BEFORE_ACTUAL_POS] | [EVENT_BEFORE_ACTUAL_POS] --(BEFORE)--> [EVENT_BEFORE_ACTUAL_POS] | [EVENT_BEFORE_ACTUAL_POS] --(BEFORE)--> [EVENT_BEFORE_ACTUAL_POS],diverticule,CONTAINS,retenu,BEFORE,mise,BEFORE,diverticulectomie,BEFORE,décédée,,,,
16,58,FR100882,[EVENT_BEFORE_ACTUAL_POS] --(CONTAINS)--> [EVENT_BEFORE_ACTUAL_POS] | [EVENT_BEFORE_ACTUAL_POS] --(BEFORE)--> [EVENT_BEFORE_ACTUAL_POS] | [EVENT_BEFORE_ACTUAL_POS] --(BEFORE)--> [EVENT_BEFORE_ACTUAL_POS] | [EVENT_BEFORE_ACTUAL_POS] --(BEFORE)--> [EVENT_BEFORE_ACTUAL_POS],signe,CONTAINS,examen,BEFORE,examen,BEFORE,examen,BEFORE,conclu,,,,
16,58,FR100883,[EVENT_BEFORE_ACTUAL_POS] --(CONTAINS)--> [EVENT_BEFORE_ACTUAL_POS] | [EVENT_BEFORE_ACTUAL_POS] --(BEFORE)--> [EVENT_BEFORE_ACTUAL_POS] | [EVENT_BEFORE_ACTUAL_POS] --(BEFORE)--> [EVENT_BEFORE_ACTUAL_POS] | [EVENT_BEFORE_ACTUAL_POS] --(BEFORE)--> [EVENT_BEFORE_ACTUAL_POS],admission,CONTAINS,TDM,BEFORE,biopsie,BEFORE,bilan,BEFORE,reçu,,,,
16,58,FR100894,[EVENT_BEFORE_ACTUAL_POS] --(CONTAINS)--> [EVENT_BEFORE_ACTUAL_POS] | [EVENT_BEFORE_ACTUAL_POS] --(BEFORE)--> [EVENT_BEFORE_ACTUAL_POS] | [EVENT_BEFORE_ACTUAL_POS] --(BEFORE)--> [EVENT_BEFORE_ACTUAL_POS] | [EVENT_BEFORE_ACTUAL_POS] --(BEFORE)--> [EVENT_BEFORE_ACTUAL_POS],désinsertion,CONTAINS,imagerie,BEFORE,prescrit,BEFORE,rejoint,BEFORE,trajet,,,,
16,58,FR100903,[EVENT_BEFORE_ACTUAL_POS] --(CONTAINS)--> [EVENT_BEFORE_ACTUAL_POS] | [EVENT_BEFORE_ACTUAL_POS] --(BEFORE)--> [EVENT_BEFORE_ACTUAL_POS] | [EVENT_BEFORE_ACTUAL_POS] --(BEFORE)--> [EVENT_BEFORE_ACTUAL_POS] | [EVENT_BEFORE_ACTUAL_POS] --(BEFORE)--> [EVENT_BEFORE_ACTUAL_POS],syndrome,CONTAINS,IRM,BEFORE,diagnostic,BEFORE,écarté,BEFORE,réfléchir,,,,
16,58,FR100946,[EVENT_BEFORE_ACTUAL_POS] --(CONTAINS)--> [EVENT_BEFORE_ACTUAL_POS] | [EVENT_BEFORE_ACTUAL_POS] --(BEFORE)--> [EVENT_BEFORE_ACTUAL_POS] | [EVENT_BEFORE_ACTUAL_POS] --(BEFORE)--> [EVENT_BEFORE_ACTUAL_POS] | [EVENT_BEFORE_ACTUAL_POS] --(BEFORE)--> [EVENT_BEFORE_ACTUAL_POS],marche,CONTAINS,examen,BEFORE,IRM,BEFORE,analyse,BEFORE,mise,,,,
16,58,FR100996,[EVENT_BEFORE_ACTUAL_POS] --(CONTAINS)--> [EVENT_BEFORE_ACTUAL_POS] | [EVENT_BEFORE_ACTUAL_POS] --(BEFORE)--> [EVENT_BEFORE_ACTUAL_POS] | [EVENT_BEFORE_ACTUAL_POS] --(BEFORE)--> [EVENT_BEFORE_ACTUAL_POS] | [EVENT_BEFORE_ACTUAL_POS] --(BEFORE)--> [EVENT_BEFORE_ACTUAL_POS],masse,CONTAINS,examen,BEFORE,tomodensitométrie,BEFORE,injection,BEFORE,retenu,,,,
16,58,FR100998,[EVENT_BEFORE_ACTUAL_POS] --(CONTAINS)--> [EVENT_BEFORE_ACTUAL_POS] | [EVENT_BEFORE_ACTUAL_POS] --(BEFORE)--> [EVENT_BEFORE_ACTUAL_POS] | [EVENT_BEFORE_ACTUAL_POS] --(BEFORE)--> [EVENT_BEFORE_ACTUAL_POS] | [EVENT_BEFORE_ACTUAL_POS] --(BEFORE)--> [EVENT_BEFORE_ACTUAL_POS],inflammation,CONTAINS,diagnostic,BEFORE,traitée,BEFORE,bilan,BEFORE,démarré,,,,
208,56,FR100003,[EVENT_BEFORE_ACTUAL_POS] --(BEFORE)--> [EVENT_BEFORE_ACTUAL_POS] | [EVENT_BEFORE_ACTUAL_POS] --(BEFORE)--> [EVENT_BEFORE_ACTUAL_POS],drainage,BEFORE,extraction,[RETOUR],drainage,BEFORE,traitement,,,,,,
208,56,FR100120,[EVENT_BEFORE_ACTUAL_POS] --(BEFORE)--> [EVENT_BEFORE_ACTUAL_POS] | [EVENT_BEFORE_ACTUAL_POS] --(BEFORE)--> [EVENT_BEFORE_ACTUAL_POS],rattaché,BEFORE,traitement,[RETOUR],rattaché,BEFORE,traitées,,,,,,
208,56,FR100130,[EVENT_BEFORE_ACTUAL_POS] --(BEFORE)--> [EVENT_BEFORE_ACTUAL_POS] | [EVENT_BEFORE_ACTUAL_POS] --(BEFORE)--> [EVENT_BEFORE_ACTUAL_POS],admis,BEFORE,plaignait,[RETOUR],admis,BEFORE,exploration,,,,,,
208,56,FR100142,[EVENT_BEFORE_ACTUAL_POS] --(BEFORE)--> [EVENT_BEFORE_ACTUAL_POS] | [EVENT_BEFORE_ACTUAL_POS] --(BEFORE)--> [EVENT_BEFORE_ACTUAL_POS],mis,BEFORE,bithérapie,[RETOUR],mis,BEFORE,évolution,,,,,,
208,56,FR100161,[EVENT_BEFORE_ACTUAL_POS] --(BEFORE)--> [EVENT_BEFORE_ACTUAL_POS] | [EVENT_BEFORE_ACTUAL_POS] --(BEFORE)--> [EVENT_BEFORE_ACTUAL_POS],radiographie,BEFORE,échographie,[RETOUR],radiographie,BEFORE,complément,,,,,,
208,56,FR100168,[EVENT_BEFORE_ACTUAL_POS] --(BEFORE)--> [EVENT_BEFORE_ACTUAL_POS] | [EVENT_BEFORE_ACTUAL_POS] --(BEFORE)--> [EVENT_BEFORE_ACTUAL_POS],examen,BEFORE,ostéosynthèse,[RETOUR],examen,BEFORE,bilan,,,,,,
208,56,FR100255,[EVENT_BEFORE_ACTUAL_POS] --(BEFORE)--> [EVENT_BEFORE_ACTUAL_POS] | [EVENT_BEFORE_ACTUAL_POS] --(BEFORE)--> [EVENT_BEFORE_ACTUAL_POS],mise,BEFORE,traitement,[RETOUR],mise,BEFORE,traitement,,,,,,
208,56,FR100275,[EVENT_BEFORE_ACTUAL_POS] --(BEFORE)--> [EVENT_BEFORE_ACTUAL_POS] | [EVENT_BEFORE_ACTUAL_POS] --(BEFORE)--> [EVENT_BEFORE_ACTUAL_POS],pris,BEFORE,instauré,[RETOUR],pris,BEFORE,électroencéphalogramme,,,,,,
208,56,FR100276,[EVENT_BEFORE_ACTUAL_POS] --(BEFORE)--> [EVENT_BEFORE_ACTUAL_POS] | [EVENT_BEFORE_ACTUAL_POS] --(BEFORE)--> [EVENT_BEFORE_ACTUAL_POS],arrêt,BEFORE,consulté,[RETOUR],arrêt,BEFORE,menée,,,,,,
208,56,FR100282,[EVENT_BEFORE_ACTUAL_POS] --(BEFORE)--> [EVENT_BEFORE_ACTUAL_POS] | [EVENT_BEFORE_ACTUAL_POS] --(BEFORE)--> [EVENT_BEFORE_ACTUAL_POS],monothérapie,BEFORE,consulte,[RETOUR],monothérapie,BEFORE,multithérapie,,,,,,
208,56,FR100283,[EVENT_BEFORE_ACTUAL_POS] --(BEFORE)--> [EVENT_BEFORE_ACTUAL_POS] | [EVENT_BEFORE_ACTUAL_POS] --(BEFORE)--> [EVENT_BEFORE_ACTUAL_POS],bilan,BEFORE,IRM,[RETOUR],bilan,BEFORE,ponction,,,,,,
208,56,FR100344,[EVENT_BEFORE_ACTUAL_POS] --(BEFORE)--> [EVENT_BEFORE_ACTUAL_POS] | [EVENT_BEFORE_ACTUAL_POS] --(BEFORE)--> [EVENT_BEFORE_ACTUAL_POS],développé,BEFORE,suivie,[RETOUR],développé,BEFORE,contrôle,,,,,,
208,56,FR100360,[EVENT_BEFORE_ACTUAL_POS] --(BEFORE)--> [EVENT_BEFORE_ACTUAL_POS] | [EVENT_BEFORE_ACTUAL_POS] --(BEFORE)--> [EVENT_BEFORE_ACTUAL_POS],biopsie,BEFORE,tomodensitométrie,[RETOUR],biopsie,BEFORE,étude,,,,,,
208,56,FR100361,[EVENT_BEFORE_ACTUAL_POS] --(BEFORE)--> [EVENT_BEFORE_ACTUAL_POS] | [EVENT_BEFORE_ACTUAL_POS] --(BEFORE)--> [EVENT_BEFORE_ACTUAL_POS],ponction,BEFORE,examen,[RETOUR],ponction,BEFORE,étude,,,,,,
208,56,FR100371,[EVENT_BEFORE_ACTUAL_POS] --(BEFORE)--> [EVENT_BEFORE_ACTUAL_POS] | [EVENT_BEFORE_ACTUAL_POS] --(BEFORE)--> [EVENT_BEFORE_ACTUAL_POS],envoyée,BEFORE,examen,[RETOUR],envoyée,BEFORE,résultat,,,,,,
208,56,FR100400,[EVENT_BEFORE_ACTUAL_POS] --(BEFORE)--> [EVENT_BEFORE_ACTUAL_POS] | [EVENT_BEFORE_ACTUAL_POS] --(BEFORE)--> [EVENT_BEFORE_ACTUAL_POS],histoire,BEFORE,examen,[RETOUR],histoire,BEFORE,admise,,,,,,
208,56,FR100439,[EVENT_BEFORE_ACTUAL_POS] --(BEFORE)--> [EVENT_BEFORE_ACTUAL_POS] | [EVENT_BEFORE_ACTUAL_POS] --(BEFORE)--> [EVENT_BEFORE_ACTUAL_POS],nasofibroscopie,BEFORE,contrôles,[RETOUR],nasofibroscopie,BEFORE,scanner,,,,,,
208,56,FR100480,[EVENT_BEFORE_ACTUAL_POS] --(BEFORE)--> [EVENT_BEFORE_ACTUAL_POS] | [EVENT_BEFORE_ACTUAL_POS] --(BEFORE)--> [EVENT_BEFORE_ACTUAL_POS],reprise,BEFORE,débuté,[RETOUR],reprise,BEFORE,présenté,,,,,,
208,56,FR100510,[EVENT_BEFORE_ACTUAL_POS] --(BEFORE)--> [EVENT_BEFORE_ACTUAL_POS] | [EVENT_BEFORE_ACTUAL_POS] --(BEFORE)--> [EVENT_BEFORE_ACTUAL_POS],décision,BEFORE,intervention,[RETOUR],décision,BEFORE,exerce,,,,,,
208,56,FR100515,[EVENT_BEFORE_ACTUAL_POS] --(BEFORE)--> [EVENT_BEFORE_ACTUAL_POS] | [EVENT_BEFORE_ACTUAL_POS] --(BEFORE)--> [EVENT_BEFORE_ACTUAL_POS],prescrits,BEFORE,évolution,[RETOUR],prescrits,BEFORE,corticothérapie,,,,,,
208,56,FR100517,[EVENT_BEFORE_ACTUAL_POS] --(BEFORE)--> [EVENT_BEFORE_ACTUAL_POS] | [EVENT_BEFORE_ACTUAL_POS] --(BEFORE)--> [EVENT_BEFORE_ACTUAL_POS],bilan,BEFORE,mise,[RETOUR],bilan,BEFORE,mise,,,,,,
208,56,FR100519,[EVENT_BEFORE_ACTUAL_POS] --(BEFORE)--> [EVENT_BEFORE_ACTUAL_POS] | [EVENT_BEFORE_ACTUAL_POS] --(BEFORE)--> [EVENT_BEFORE_ACTUAL_POS],hospitalisée,BEFORE,entrée,[RETOUR],hospitalisée,BEFORE,transférée,,,,,,
208,56,FR100579,[EVENT_BEFORE_ACTUAL_POS] --(BEFORE)--> [EVENT_BEFORE_ACTUAL_POS] | [EVENT_BEFORE_ACTUAL_POS] --(BEFORE)--> [EVENT_BEFORE_ACTUAL_POS],bilan,BEFORE,recherche,[RETOUR],bilan,BEFORE,étude,,,,,,
208,56,FR100589,[EVENT_BEFORE_ACTUAL_POS] --(BEFORE)--> [EVENT_BEFORE_ACTUAL_POS] | [EVENT_BEFORE_ACTUAL_POS] --(BEFORE)--> [EVENT_BEFORE_ACTUAL_POS],caryotype,BEFORE,sérologie,[RETOUR],caryotype,BEFORE,biopsie,,,,,,
208,56,FR100597,[EVENT_BEFORE_ACTUAL_POS] --(BEFORE)--> [EVENT_BEFORE_ACTUAL_POS] | [EVENT_BEFORE_ACTUAL_POS] --(BEFORE)--> [EVENT_BEFORE_ACTUAL_POS],accouchements,BEFORE,ligature,[RETOUR],accouchements,BEFORE,ménopausée,,,,,,
208,56,FR100611,[EVENT_BEFORE_ACTUAL_POS] --(BEFORE)--> [EVENT_BEFORE_ACTUAL_POS] | [EVENT_BEFORE_ACTUAL_POS] --(BEFORE)--> [EVENT_BEFORE_ACTUAL_POS],examen,BEFORE,cultures,[RETOUR],examen,BEFORE,PCR,,,,,,
208,56,FR100614,[EVENT_BEFORE_ACTUAL_POS] --(BEFORE)--> [EVENT_BEFORE_ACTUAL_POS] | [EVENT_BEFORE_ACTUAL_POS] --(BEFORE)--> [EVENT_BEFORE_ACTUAL_POS],exploration,BEFORE,rupture,[RETOUR],exploration,BEFORE,exploration,,,,,,
208,56,FR100620,[EVENT_BEFORE_ACTUAL_POS] --(BEFORE)--> [EVENT_BEFORE_ACTUAL_POS] | [EVENT_BEFORE_ACTUAL_POS] --(BEFORE)--> [EVENT_BEFORE_ACTUAL_POS],pleurodèse,BEFORE,biopsie,[RETOUR],pleurodèse,BEFORE,biopsie,,,,,,
208,56,FR100623,[EVENT_BEFORE_ACTUAL_POS] --(BEFORE)--> [EVENT_BEFORE_ACTUAL_POS] | [EVENT_BEFORE_ACTUAL_POS] --(BEFORE)--> [EVENT_BEFORE_ACTUAL_POS],examen,BEFORE,bilan,[RETOUR],examen,BEFORE,échographie,,,,,,
208,56,FR100629,[EVENT_BEFORE_ACTUAL_POS] --(BEFORE)--> [EVENT_BEFORE_ACTUAL_POS] | [EVENT_BEFORE_ACTUAL_POS] --(BEFORE)--> [EVENT_BEFORE_ACTUAL_POS],marquage,BEFORE,étude,[RETOUR],marquage,BEFORE,bilan,,,,,,
208,56,FR100632,[EVENT_BEFORE_ACTUAL_POS] --(BEFORE)--> [EVENT_BEFORE_ACTUAL_POS] | [EVENT_BEFORE_ACTUAL_POS] --(BEFORE)--> [EVENT_BEFORE_ACTUAL_POS],numération,BEFORE,bilan,[RETOUR],numération,BEFORE,vitesse,,,,,,
208,56,FR100658,[EVENT_BEFORE_ACTUAL_POS] --(BEFORE)--> [EVENT_BEFORE_ACTUAL_POS] | [EVENT_BEFORE_ACTUAL_POS] --(BEFORE)--> [EVENT_BEFORE_ACTUAL_POS],fin,BEFORE,administration,[RETOUR],fin,BEFORE,arrêt,,,,,,
208,56,FR100663,[EVENT_BEFORE_ACTUAL_POS] --(BEFORE)--> [EVENT_BEFORE_ACTUAL_POS] | [EVENT_BEFORE_ACTUAL_POS] --(BEFORE)--> [EVENT_BEFORE_ACTUAL_POS],incisée,BEFORE,vérifié,[RETOUR],incisée,BEFORE,aspiration,,,,,,
208,56,FR100666,[EVENT_BEFORE_ACTUAL_POS] --(BEFORE)--> [EVENT_BEFORE_ACTUAL_POS] | [EVENT_BEFORE_ACTUAL_POS] --(BEFORE)--> [EVENT_BEFORE_ACTUAL_POS],biopsie,BEFORE,étude,[RETOUR],biopsie,BEFORE,examen,,,,,,
208,56,FR100683,[EVENT_BEFORE_ACTUAL_POS] --(BEFORE)--> [EVENT_BEFORE_ACTUAL_POS] | [EVENT_BEFORE_ACTUAL_POS] --(BEFORE)--> [EVENT_BEFORE_ACTUAL_POS],osteodensitométrie,BEFORE,IRM,[RETOUR],osteodensitométrie,BEFORE,traitée,,,,,,
208,56,FR100688,[EVENT_BEFORE_ACTUAL_POS] --(BEFORE)--> [EVENT_BEFORE_ACTUAL_POS] | [EVENT_BEFORE_ACTUAL_POS] --(BEFORE)--> [EVENT_BEFORE_ACTUAL_POS],sérologie,BEFORE,recherche,[RETOUR],sérologie,BEFORE,radiographie,,,,,,
208,56,FR100689,[EVENT_BEFORE_ACTUAL_POS] --(BEFORE)--> [EVENT_BEFORE_ACTUAL_POS] | [EVENT_BEFORE_ACTUAL_POS] --(BEFORE)--> [EVENT_BEFORE_ACTUAL_POS],examen,BEFORE,PCR,[RETOUR],examen,BEFORE,cultures,,,,,,
208,56,FR100697,[EVENT_BEFORE_ACTUAL_POS] --(BEFORE)--> [EVENT_BEFORE_ACTUAL_POS] | [EVENT_BEFORE_ACTUAL_POS] --(BEFORE)--> [EVENT_BEFORE_ACTUAL_POS],examen,BEFORE,reste,[RETOUR],examen,BEFORE,mammographie,,,,,,
208,56,FR100708,[EVENT_BEFORE_ACTUAL_POS] --(BEFORE)--> [EVENT_BEFORE_ACTUAL_POS] | [EVENT_BEFORE_ACTUAL_POS] --(BEFORE)--> [EVENT_BEFORE_ACTUAL_POS],demandée,BEFORE,IRM,[RETOUR],demandée,BEFORE,tests,,,,,,
208,56,FR100748,[EVENT_BEFORE_ACTUAL_POS] --(BEFORE)--> [EVENT_BEFORE_ACTUAL_POS] | [EVENT_BEFORE_ACTUAL_POS] --(BEFORE)--> [EVENT_BEFORE_ACTUAL_POS],chiffres,BEFORE,Nicardipine,[RETOUR],chiffres,BEFORE,propranolol,,,,,,
208,56,FR100766,[EVENT_BEFORE_ACTUAL_POS] --(BEFORE)--> [EVENT_BEFORE_ACTUAL_POS] | [EVENT_BEFORE_ACTUAL_POS] --(BEFORE)--> [EVENT_BEFORE_ACTUAL_POS],amputation,BEFORE,décision,[RETOUR],amputation,BEFORE,état,,,,,,
208,56,FR100780,[EVENT_BEFORE_ACTUAL_POS] --(BEFORE)--> [EVENT_BEFORE_ACTUAL_POS] | [EVENT_BEFORE_ACTUAL_POS] --(BEFORE)--> [EVENT_BEFORE_ACTUAL_POS],geste,BEFORE,geste,[RETOUR],geste,BEFORE,gestes,,,,,,
208,56,FR100806,[EVENT_BEFORE_ACTUAL_POS] --(BEFORE)--> [EVENT_BEFORE_ACTUAL_POS] | [EVENT_BEFORE_ACTUAL_POS] --(BEFORE)--> [EVENT_BEFORE_ACTUAL_POS],hospitalisée,BEFORE,hémodialyse,[RETOUR],hospitalisée,BEFORE,transfusion,,,,,,
208,56,FR100826,[EVENT_BEFORE_ACTUAL_POS] --(BEFORE)--> [EVENT_BEFORE_ACTUAL_POS] | [EVENT_BEFORE_ACTUAL_POS] --(BEFORE)--> [EVENT_BEFORE_ACTUAL_POS],admis,BEFORE,examen,[RETOUR],admis,BEFORE,don,,,,,,
208,56,FR100845,[EVENT_BEFORE_ACTUAL_POS] --(BEFORE)--> [EVENT_BEFORE_ACTUAL_POS] | [EVENT_BEFORE_ACTUAL_POS] --(BEFORE)--> [EVENT_BEFORE_ACTUAL_POS],extraction,BEFORE,examen,[RETOUR],extraction,BEFORE,Apgar,,,,,,
208,56,FR100849,[EVENT_BEFORE_ACTUAL_POS] --(BEFORE)--> [EVENT_BEFORE_ACTUAL_POS] | [EVENT_BEFORE_ACTUAL_POS] --(BEFORE)--> [EVENT_BEFORE_ACTUAL_POS],acheminé,BEFORE,suites,[RETOUR],acheminé,BEFORE,découverte,,,,,,
208,56,FR100870,[EVENT_BEFORE_ACTUAL_POS] --(BEFORE)--> [EVENT_BEFORE_ACTUAL_POS] | [EVENT_BEFORE_ACTUAL_POS] --(BEFORE)--> [EVENT_BEFORE_ACTUAL_POS],immunosoustraction,BEFORE,immunofixation,[RETOUR],immunosoustraction,BEFORE,typer,,,,,,
208,56,FR100882,[EVENT_BEFORE_ACTUAL_POS] --(BEFORE)--> [EVENT_BEFORE_ACTUAL_POS] | [EVENT_BEFORE_ACTUAL_POS] --(BEFORE)--> [EVENT_BEFORE_ACTUAL_POS],laminectomie,BEFORE,suites,[RETOUR],laminectomie,BEFORE,Imagerie,,,,,,
208,56,FR100883,[EVENT_BEFORE_ACTUAL_POS] --(BEFORE)--> [EVENT_BEFORE_ACTUAL_POS] | [EVENT_BEFORE_ACTUAL_POS] --(BEFORE)--> [EVENT_BEFORE_ACTUAL_POS],bilan,BEFORE,reçu,[RETOUR],bilan,BEFORE,sérologie,,,,,,
208,56,FR100894,[EVENT_BEFORE_ACTUAL_POS] --(BEFORE)--> [EVENT_BEFORE_ACTUAL_POS] | [EVENT_BEFORE_ACTUAL_POS] --(BEFORE)--> [EVENT_BEFORE_ACTUAL_POS],rejoint,BEFORE,trajet,[RETOUR],rejoint,BEFORE,reçu,,,,,,
208,56,FR100903,[EVENT_BEFORE_ACTUAL_POS] --(BEFORE)--> [EVENT_BEFORE_ACTUAL_POS] | [EVENT_BEFORE_ACTUAL_POS] --(BEFORE)--> [EVENT_BEFORE_ACTUAL_POS],écarté,BEFORE,contrôles,[RETOUR],écarté,BEFORE,réfléchir,,,,,,
208,56,FR100919,[EVENT_BEFORE_ACTUAL_POS] --(BEFORE)--> [EVENT_BEFORE_ACTUAL_POS] | [EVENT_BEFORE_ACTUAL_POS] --(BEFORE)--> [EVENT_BEFORE_ACTUAL_POS],correction,BEFORE,normalisation,[RETOUR],correction,BEFORE,disparition,,,,,,
208,56,FR100921,[EVENT_BEFORE_ACTUAL_POS] --(BEFORE)--> [EVENT_BEFORE_ACTUAL_POS] | [EVENT_BEFORE_ACTUAL_POS] --(BEFORE)--> [EVENT_BEFORE_ACTUAL_POS],exérèse,BEFORE,examen,[RETOUR],exérèse,BEFORE,disparition,,,,,,
208,56,FR100932,[EVENT_BEFORE_ACTUAL_POS] --(BEFORE)--> [EVENT_BEFORE_ACTUAL_POS] | [EVENT_BEFORE_ACTUAL_POS] --(BEFORE)--> [EVENT_BEFORE_ACTUAL_POS],mise,BEFORE,installation,[RETOUR],mise,BEFORE,opérée,,,,,,
208,56,FR100946,[EVENT_BEFORE_ACTUAL_POS] --(BEFORE)--> [EVENT_BEFORE_ACTUAL_POS] | [EVENT_BEFORE_ACTUAL_POS] --(BEFORE)--> [EVENT_BEFORE_ACTUAL_POS],mise,BEFORE,arrêt,[RETOUR],mise,BEFORE,récupération,,,,,,
208,56,FR100979,[EVENT_BEFORE_ACTUAL_POS] --(BEFORE)--> [EVENT_BEFORE_ACTUAL_POS] | [EVENT_BEFORE_ACTUAL_POS] --(BEFORE)--> [EVENT_BEFORE_ACTUAL_POS],admise,BEFORE,accident,[RETOUR],admise,BEFORE,accident,,,,,,
133,52,FR100003,[EVENT_BEFORE_ACTUAL_POS] --(BEFORE)--> [EVENT_BEFORE_ACTUAL_POS] | [EVENT_BEFORE_ACTUAL_POS] --(BEFORE)--> [EVENT_BEFORE_ACTUAL_POS] | [EVENT_BEFORE_ACTUAL_POS] --(BEFORE)--> [EVENT_BEFORE_ACTUAL_POS] | [EVENT_BEFORE_ACTUAL_POS] --(BEFORE)--> [EVENT_BEFORE_ACTUAL_POS],injection,BEFORE,ponction,BEFORE,examen,BEFORE,examen,BEFORE,antibiothérapie,,,,
133,52,FR100092,[EVENT_BEFORE_ACTUAL_POS] --(BEFORE)--> [EVENT_BEFORE_ACTUAL_POS] | [EVENT_BEFORE_ACTUAL_POS] --(BEFORE)--> [EVENT_BEFORE_ACTUAL_POS] | [EVENT_BEFORE_ACTUAL_POS] --(BEFORE)--> [EVENT_BEFORE_ACTUAL_POS] | [EVENT_BEFORE_ACTUAL_POS] --(BEFORE)--> [EVENT_BEFORE_ACTUAL_POS],admise,BEFORE,examen,BEFORE,examen,BEFORE,examen,BEFORE,échographie,,,,
133,52,FR100130,[EVENT_BEFORE_ACTUAL_POS] --(BEFORE)--> [EVENT_BEFORE_ACTUAL_POS] | [EVENT_BEFORE_ACTUAL_POS] --(BEFORE)--> [EVENT_BEFORE_ACTUAL_POS] | [EVENT_BEFORE_ACTUAL_POS] --(BEFORE)--> [EVENT_BEFORE_ACTUAL_POS] | [EVENT_BEFORE_ACTUAL_POS] --(BEFORE)--> [EVENT_BEFORE_ACTUAL_POS],admis,BEFORE,plaignait,BEFORE,examen,BEFORE,biologie,BEFORE,glycémie,,,,
133,52,FR100132,[EVENT_BEFORE_ACTUAL_POS] --(BEFORE)--> [EVENT_BEFORE_ACTUAL_POS] | [EVENT_BEFORE_ACTUAL_POS] --(BEFORE)--> [EVENT_BEFORE_ACTUAL_POS] | [EVENT_BEFORE_ACTUAL_POS] --(BEFORE)--> [EVENT_BEFORE_ACTUAL_POS] | [EVENT_BEFORE_ACTUAL_POS] --(BEFORE)--> [EVENT_BEFORE_ACTUAL_POS],palpation,BEFORE,histologie,BEFORE,examen,BEFORE,écho-Doppler,BEFORE,reçu,,,,
133,52,FR100142,[EVENT_BEFORE_ACTUAL_POS] --(BEFORE)--> [EVENT_BEFORE_ACTUAL_POS] | [EVENT_BEFORE_ACTUAL_POS] --(BEFORE)--> [EVENT_BEFORE_ACTUAL_POS] | [EVENT_BEFORE_ACTUAL_POS] --(BEFORE)--> [EVENT_BEFORE_ACTUAL_POS] | [EVENT_BEFORE_ACTUAL_POS] --(BEFORE)--> [EVENT_BEFORE_ACTUAL_POS],scanner,BEFORE,fibroscopie,BEFORE,biopsie,BEFORE,mis,BEFORE,bithérapie,,,,
133,52,FR100161,[EVENT_BEFORE_ACTUAL_POS] --(BEFORE)--> [EVENT_BEFORE_ACTUAL_POS] | [EVENT_BEFORE_ACTUAL_POS] --(BEFORE)--> [EVENT_BEFORE_ACTUAL_POS] | [EVENT_BEFORE_ACTUAL_POS] --(BEFORE)--> [EVENT_BEFORE_ACTUAL_POS] | [EVENT_BEFORE_ACTUAL_POS] --(BEFORE)--> [EVENT_BEFORE_ACTUAL_POS],examen,BEFORE,examens,BEFORE,radiographie,BEFORE,complément,BEFORE,cortisol,,,,
133,52,FR100255,[EVENT_BEFORE_ACTUAL_POS] --(BEFORE)--> [EVENT_BEFORE_ACTUAL_POS] | [EVENT_BEFORE_ACTUAL_POS] --(BEFORE)--> [EVENT_BEFORE_ACTUAL_POS] | [EVENT_BEFORE_ACTUAL_POS] --(BEFORE)--> [EVENT_BEFORE_ACTUAL_POS] | [EVENT_BEFORE_ACTUAL_POS] --(BEFORE)--> [EVENT_BEFORE_ACTUAL_POS],examen,BEFORE,examen,BEFORE,échographie,BEFORE,mise,BEFORE,traitement,,,,
133,52,FR100275,[EVENT_BEFORE_ACTUAL_POS] --(BEFORE)--> [EVENT_BEFORE_ACTUAL_POS] | [EVENT_BEFORE_ACTUAL_POS] --(BEFORE)--> [EVENT_BEFORE_ACTUAL_POS] | [EVENT_BEFORE_ACTUAL_POS] --(BEFORE)--> [EVENT_BEFORE_ACTUAL_POS] | [EVENT_BEFORE_ACTUAL_POS] --(BEFORE)--> [EVENT_BEFORE_ACTUAL_POS],établi,BEFORE,manœuvres,BEFORE,transféré,BEFORE,anamnèse,BEFORE,examen,,,,
133,52,FR100282,[EVENT_BEFORE_ACTUAL_POS] --(BEFORE)--> [EVENT_BEFORE_ACTUAL_POS] | [EVENT_BEFORE_ACTUAL_POS] --(BEFORE)--> [EVENT_BEFORE_ACTUAL_POS] | [EVENT_BEFORE_ACTUAL_POS] --(BEFORE)--> [EVENT_BEFORE_ACTUAL_POS] | [EVENT_BEFORE_ACTUAL_POS] --(BEFORE)--> [EVENT_BEFORE_ACTUAL_POS],électroencéphalogramme,BEFORE,scanner,BEFORE,conclus,BEFORE,instauré,BEFORE,suivi,,,,
133,52,FR100283,[EVENT_BEFORE_ACTUAL_POS] --(BEFORE)--> [EVENT_BEFORE_ACTUAL_POS] | [EVENT_BEFORE_ACTUAL_POS] --(BEFORE)--> [EVENT_BEFORE_ACTUAL_POS] | [EVENT_BEFORE_ACTUAL_POS] --(BEFORE)--> [EVENT_BEFORE_ACTUAL_POS] | [EVENT_BEFORE_ACTUAL_POS] --(BEFORE)--> [EVENT_BEFORE_ACTUAL_POS],bilan,BEFORE,IRM,BEFORE,hypophysiogramme,BEFORE,traitement,BEFORE,évolution,,,,
133,52,FR100296,[EVENT_BEFORE_ACTUAL_POS] --(BEFORE)--> [EVENT_BEFORE_ACTUAL_POS] | [EVENT_BEFORE_ACTUAL_POS] --(BEFORE)--> [EVENT_BEFORE_ACTUAL_POS] | [EVENT_BEFORE_ACTUAL_POS] --(BEFORE)--> [EVENT_BEFORE_ACTUAL_POS] | [EVENT_BEFORE_ACTUAL_POS] --(BEFORE)--> [EVENT_BEFORE_ACTUAL_POS],examen,BEFORE,IRM,BEFORE,fenestration,BEFORE,suites,BEFORE,exéaté,,,,
133,52,FR100314,[EVENT_BEFORE_ACTUAL_POS] --(BEFORE)--> [EVENT_BEFORE_ACTUAL_POS] | [EVENT_BEFORE_ACTUAL_POS] --(BEFORE)--> [EVENT_BEFORE_ACTUAL_POS] | [EVENT_BEFORE_ACTUAL_POS] --(BEFORE)--> [EVENT_BEFORE_ACTUAL_POS] | [EVENT_BEFORE_ACTUAL_POS] --(BEFORE)--> [EVENT_BEFORE_ACTUAL_POS],bilan,BEFORE,drainage,BEFORE,angio-scanner,BEFORE,amputation,BEFORE,mise,,,,
133,52,FR100344,[EVENT_BEFORE_ACTUAL_POS] --(BEFORE)--> [EVENT_BEFORE_ACTUAL_POS] | [EVENT_BEFORE_ACTUAL_POS] --(BEFORE)--> [EVENT_BEFORE_ACTUAL_POS] | [EVENT_BEFORE_ACTUAL_POS] --(BEFORE)--> [EVENT_BEFORE_ACTUAL_POS] | [EVENT_BEFORE_ACTUAL_POS] --(BEFORE)--> [EVENT_BEFORE_ACTUAL_POS],déroulée,BEFORE,plainte,BEFORE,examen,BEFORE,césarienne,BEFORE,pesait,,,,
133,52,FR100346,[EVENT_BEFORE_ACTUAL_POS] --(BEFORE)--> [EVENT_BEFORE_ACTUAL_POS] | [EVENT_BEFORE_ACTUAL_POS] --(BEFORE)--> [EVENT_BEFORE_ACTUAL_POS] | [EVENT_BEFORE_ACTUAL_POS] --(BEFORE)--> [EVENT_BEFORE_ACTUAL_POS] | [EVENT_BEFORE_ACTUAL_POS] --(BEFORE)--> [EVENT_BEFORE_ACTUAL_POS],gazométrie,BEFORE,reste,BEFORE,radiographie,BEFORE,angioscanner,BEFORE,echo-dopler,,,,
133,52,FR100360,[EVENT_BEFORE_ACTUAL_POS] --(BEFORE)--> [EVENT_BEFORE_ACTUAL_POS] | [EVENT_BEFORE_ACTUAL_POS] --(BEFORE)--> [EVENT_BEFORE_ACTUAL_POS] | [EVENT_BEFORE_ACTUAL_POS] --(BEFORE)--> [EVENT_BEFORE_ACTUAL_POS] | [EVENT_BEFORE_ACTUAL_POS] --(BEFORE)--> [EVENT_BEFORE_ACTUAL_POS],complément,BEFORE,biopsie,BEFORE,tomodensitométrie,BEFORE,radiothérapie,BEFORE,cures,,,,
133,52,FR100361,[EVENT_BEFORE_ACTUAL_POS] --(BEFORE)--> [EVENT_BEFORE_ACTUAL_POS] | [EVENT_BEFORE_ACTUAL_POS] --(BEFORE)--> [EVENT_BEFORE_ACTUAL_POS] | [EVENT_BEFORE_ACTUAL_POS] --(BEFORE)--> [EVENT_BEFORE_ACTUAL_POS] | [EVENT_BEFORE_ACTUAL_POS] --(BEFORE)--> [EVENT_BEFORE_ACTUAL_POS],examen,BEFORE,TDM,BEFORE,ponction,BEFORE,examen,BEFORE,examen,,,,
133,52,FR100371,[EVENT_BEFORE_ACTUAL_POS] --(BEFORE)--> [EVENT_BEFORE_ACTUAL_POS] | [EVENT_BEFORE_ACTUAL_POS] --(BEFORE)--> [EVENT_BEFORE_ACTUAL_POS] | [EVENT_BEFORE_ACTUAL_POS] --(BEFORE)--> [EVENT_BEFORE_ACTUAL_POS] | [EVENT_BEFORE_ACTUAL_POS] --(BEFORE)--> [EVENT_BEFORE_ACTUAL_POS],adressée,BEFORE,admission,BEFORE,examen,BEFORE,examen,BEFORE,bilan,,,,
133,52,FR100400,[EVENT_BEFORE_ACTUAL_POS] --(BEFORE)--> [EVENT_BEFORE_ACTUAL_POS] | [EVENT_BEFORE_ACTUAL_POS] --(BEFORE)--> [EVENT_BEFORE_ACTUAL_POS] | [EVENT_BEFORE_ACTUAL_POS] --(BEFORE)--> [EVENT_BEFORE_ACTUAL_POS] | [EVENT_BEFORE_ACTUAL_POS] --(BEFORE)--> [EVENT_BEFORE_ACTUAL_POS],Radiographie,BEFORE,échographie,BEFORE,scanner,BEFORE,diagnostic,BEFORE,exploration,,,,
133,52,FR100439,[EVENT_BEFORE_ACTUAL_POS] --(BEFORE)--> [EVENT_BEFORE_ACTUAL_POS] | [EVENT_BEFORE_ACTUAL_POS] --(BEFORE)--> [EVENT_BEFORE_ACTUAL_POS] | [EVENT_BEFORE_ACTUAL_POS] --(BEFORE)--> [EVENT_BEFORE_ACTUAL_POS] | [EVENT_BEFORE_ACTUAL_POS] --(BEFORE)--> [EVENT_BEFORE_ACTUAL_POS],établie,BEFORE,demandée,BEFORE,examen,BEFORE,classée,BEFORE,bénéficier,,,,
133,52,FR100448,[EVENT_BEFORE_ACTUAL_POS] --(BEFORE)--> [EVENT_BEFORE_ACTUAL_POS] | [EVENT_BEFORE_ACTUAL_POS] --(BEFORE)--> [EVENT_BEFORE_ACTUAL_POS] | [EVENT_BEFORE_ACTUAL_POS] --(BEFORE)--> [EVENT_BEFORE_ACTUAL_POS] | [EVENT_BEFORE_ACTUAL_POS] --(BEFORE)--> [EVENT_BEFORE_ACTUAL_POS],hémi thyroïdectomie,BEFORE,examen,BEFORE,histochimie,BEFORE,scanner,BEFORE,tomographie,,,,
133,52,FR100480,[EVENT_BEFORE_ACTUAL_POS] --(BEFORE)--> [EVENT_BEFORE_ACTUAL_POS] | [EVENT_BEFORE_ACTUAL_POS] --(BEFORE)--> [EVENT_BEFORE_ACTUAL_POS] | [EVENT_BEFORE_ACTUAL_POS] --(BEFORE)--> [EVENT_BEFORE_ACTUAL_POS] | [EVENT_BEFORE_ACTUAL_POS] --(BEFORE)--> [EVENT_BEFORE_ACTUAL_POS],scanner,BEFORE,Tomographie,BEFORE,reprise,BEFORE,débuté,BEFORE,réadaptation,,,,
133,52,FR100515,[EVENT_BEFORE_ACTUAL_POS] --(BEFORE)--> [EVENT_BEFORE_ACTUAL_POS] | [EVENT_BEFORE_ACTUAL_POS] --(BEFORE)--> [EVENT_BEFORE_ACTUAL_POS] | [EVENT_BEFORE_ACTUAL_POS] --(BEFORE)--> [EVENT_BEFORE_ACTUAL_POS] | [EVENT_BEFORE_ACTUAL_POS] --(BEFORE)--> [EVENT_BEFORE_ACTUAL_POS],retenu,BEFORE,bilan,BEFORE,bilan,BEFORE,prescrits,BEFORE,méthotrexate,,,,
133,52,FR100517,[EVENT_BEFORE_ACTUAL_POS] --(BEFORE)--> [EVENT_BEFORE_ACTUAL_POS] | [EVENT_BEFORE_ACTUAL_POS] --(BEFORE)--> [EVENT_BEFORE_ACTUAL_POS] | [EVENT_BEFORE_ACTUAL_POS] --(BEFORE)--> [EVENT_BEFORE_ACTUAL_POS] | [EVENT_BEFORE_ACTUAL_POS] --(BEFORE)--> [EVENT_BEFORE_ACTUAL_POS],électromyogramme,BEFORE,bilan,BEFORE,explorations,BEFORE,porté,BEFORE,échographie,,,,
133,52,FR100519,[EVENT_BEFORE_ACTUAL_POS] --(BEFORE)--> [EVENT_BEFORE_ACTUAL_POS] | [EVENT_BEFORE_ACTUAL_POS] --(BEFORE)--> [EVENT_BEFORE_ACTUAL_POS] | [EVENT_BEFORE_ACTUAL_POS] --(BEFORE)--> [EVENT_BEFORE_ACTUAL_POS] | [EVENT_BEFORE_ACTUAL_POS] --(BEFORE)--> [EVENT_BEFORE_ACTUAL_POS],hospitalisée,BEFORE,entrée,BEFORE,bilan,BEFORE,angioscanner,BEFORE,échodoppler,,,,
133,52,FR100589,[EVENT_BEFORE_ACTUAL_POS] --(BEFORE)--> [EVENT_BEFORE_ACTUAL_POS] | [EVENT_BEFORE_ACTUAL_POS] --(BEFORE)--> [EVENT_BEFORE_ACTUAL_POS] | [EVENT_BEFORE_ACTUAL_POS] --(BEFORE)--> [EVENT_BEFORE_ACTUAL_POS] | [EVENT_BEFORE_ACTUAL_POS] --(BEFORE)--> [EVENT_BEFORE_ACTUAL_POS],biopsies,BEFORE,exploration,BEFORE,hémogramme,BEFORE,Cytométrie,BEFORE,biopsie,,,,
133,52,FR100597,[EVENT_BEFORE_ACTUAL_POS] --(BEFORE)--> [EVENT_BEFORE_ACTUAL_POS] | [EVENT_BEFORE_ACTUAL_POS] --(BEFORE)--> [EVENT_BEFORE_ACTUAL_POS] | [EVENT_BEFORE_ACTUAL_POS] --(BEFORE)--> [EVENT_BEFORE_ACTUAL_POS] | [EVENT_BEFORE_ACTUAL_POS] --(BEFORE)--> [EVENT_BEFORE_ACTUAL_POS],examen,BEFORE,examen,BEFORE,examen,BEFORE,toucher,BEFORE,reste,,,,
133,52,FR100611,[EVENT_BEFORE_ACTUAL_POS] --(BEFORE)--> [EVENT_BEFORE_ACTUAL_POS] | [EVENT_BEFORE_ACTUAL_POS] --(BEFORE)--> [EVENT_BEFORE_ACTUAL_POS] | [EVENT_BEFORE_ACTUAL_POS] --(BEFORE)--> [EVENT_BEFORE_ACTUAL_POS] | [EVENT_BEFORE_ACTUAL_POS] --(BEFORE)--> [EVENT_BEFORE_ACTUAL_POS],IRM,BEFORE,étude,BEFORE,examen,BEFORE,PCR,BEFORE,TDM,,,,
133,52,FR100614,[EVENT_BEFORE_ACTUAL_POS] --(BEFORE)--> [EVENT_BEFORE_ACTUAL_POS] | [EVENT_BEFORE_ACTUAL_POS] --(BEFORE)--> [EVENT_BEFORE_ACTUAL_POS] | [EVENT_BEFORE_ACTUAL_POS] --(BEFORE)--> [EVENT_BEFORE_ACTUAL_POS] | [EVENT_BEFORE_ACTUAL_POS] --(BEFORE)--> [EVENT_BEFORE_ACTUAL_POS],examen,BEFORE,échographique,BEFORE,tomodensitométrie,BEFORE,radiographie,BEFORE,taux,,,,
133,52,FR100620,[EVENT_BEFORE_ACTUAL_POS] --(BEFORE)--> [EVENT_BEFORE_ACTUAL_POS] | [EVENT_BEFORE_ACTUAL_POS] --(BEFORE)--> [EVENT_BEFORE_ACTUAL_POS] | [EVENT_BEFORE_ACTUAL_POS] --(BEFORE)--> [EVENT_BEFORE_ACTUAL_POS] | [EVENT_BEFORE_ACTUAL_POS] --(BEFORE)--> [EVENT_BEFORE_ACTUAL_POS],radiographie,BEFORE,drainage,BEFORE,radiographie,BEFORE,demandé,BEFORE,complément,,,,
133,52,FR100623,[EVENT_BEFORE_ACTUAL_POS] --(BEFORE)--> [EVENT_BEFORE_ACTUAL_POS] | [EVENT_BEFORE_ACTUAL_POS] --(BEFORE)--> [EVENT_BEFORE_ACTUAL_POS] | [EVENT_BEFORE_ACTUAL_POS] --(BEFORE)--> [EVENT_BEFORE_ACTUAL_POS] | [EVENT_BEFORE_ACTUAL_POS] --(BEFORE)--> [EVENT_BEFORE_ACTUAL_POS],consulté,BEFORE,examen,BEFORE,échographie,BEFORE,tomodensitométrie,BEFORE,retenu,,,,
133,52,FR100629,[EVENT_BEFORE_ACTUAL_POS] --(BEFORE)--> [EVENT_BEFORE_ACTUAL_POS] | [EVENT_BEFORE_ACTUAL_POS] --(BEFORE)--> [EVENT_BEFORE_ACTUAL_POS] | [EVENT_BEFORE_ACTUAL_POS] --(BEFORE)--> [EVENT_BEFORE_ACTUAL_POS] | [EVENT_BEFORE_ACTUAL_POS] --(BEFORE)--> [EVENT_BEFORE_ACTUAL_POS],thoracoscopie,BEFORE,marquage,BEFORE,bilan,BEFORE,décision,BEFORE,évolution,,,,
133,52,FR100632,[EVENT_BEFORE_ACTUAL_POS] --(BEFORE)--> [EVENT_BEFORE_ACTUAL_POS] | [EVENT_BEFORE_ACTUAL_POS] --(BEFORE)--> [EVENT_BEFORE_ACTUAL_POS] | [EVENT_BEFORE_ACTUAL_POS] --(BEFORE)--> [EVENT_BEFORE_ACTUAL_POS] | [EVENT_BEFORE_ACTUAL_POS] --(BEFORE)--> [EVENT_BEFORE_ACTUAL_POS],interrogatoire,BEFORE,examen,BEFORE,examen,BEFORE,IRM,BEFORE,IRM,,,,
133,52,FR100663,[EVENT_BEFORE_ACTUAL_POS] --(BEFORE)--> [EVENT_BEFORE_ACTUAL_POS] | [EVENT_BEFORE_ACTUAL_POS] --(BEFORE)--> [EVENT_BEFORE_ACTUAL_POS] | [EVENT_BEFORE_ACTUAL_POS] --(BEFORE)--> [EVENT_BEFORE_ACTUAL_POS] | [EVENT_BEFORE_ACTUAL_POS] --(BEFORE)--> [EVENT_BEFORE_ACTUAL_POS],incisée,BEFORE,vérifié,BEFORE,reprise,BEFORE,fermé,BEFORE,sortie,,,,
133,52,FR100666,[EVENT_BEFORE_ACTUAL_POS] --(BEFORE)--> [EVENT_BEFORE_ACTUAL_POS] | [EVENT_BEFORE_ACTUAL_POS] --(BEFORE)--> [EVENT_BEFORE_ACTUAL_POS] | [EVENT_BEFORE_ACTUAL_POS] --(BEFORE)--> [EVENT_BEFORE_ACTUAL_POS] | [EVENT_BEFORE_ACTUAL_POS] --(BEFORE)--> [EVENT_BEFORE_ACTUAL_POS],étude,BEFORE,adressé,BEFORE,bilan,BEFORE,myologramme,BEFORE,bilan,,,,
133,52,FR100683,[EVENT_BEFORE_ACTUAL_POS] --(BEFORE)--> [EVENT_BEFORE_ACTUAL_POS] | [EVENT_BEFORE_ACTUAL_POS] --(BEFORE)--> [EVENT_BEFORE_ACTUAL_POS] | [EVENT_BEFORE_ACTUAL_POS] --(BEFORE)--> [EVENT_BEFORE_ACTUAL_POS] | [EVENT_BEFORE_ACTUAL_POS] --(BEFORE)--> [EVENT_BEFORE_ACTUAL_POS],exploration,BEFORE,IRM,BEFORE,écho-mammographie,BEFORE,osteodensitométrie,BEFORE,IRM,,,,
133,52,FR100688,[EVENT_BEFORE_ACTUAL_POS] --(BEFORE)--> [EVENT_BEFORE_ACTUAL_POS] | [EVENT_BEFORE_ACTUAL_POS] --(BEFORE)--> [EVENT_BEFORE_ACTUAL_POS] | [EVENT_BEFORE_ACTUAL_POS] --(BEFORE)--> [EVENT_BEFORE_ACTUAL_POS] | [EVENT_BEFORE_ACTUAL_POS] --(BEFORE)--> [EVENT_BEFORE_ACTUAL_POS],examen,BEFORE,examen,BEFORE,examen,BEFORE,sérologie,BEFORE,recherche,,,,
133,52,FR100689,[EVENT_BEFORE_ACTUAL_POS] --(BEFORE)--> [EVENT_BEFORE_ACTUAL_POS] | [EVENT_BEFORE_ACTUAL_POS] --(BEFORE)--> [EVENT_BEFORE_ACTUAL_POS] | [EVENT_BEFORE_ACTUAL_POS] --(BEFORE)--> [EVENT_BEFORE_ACTUAL_POS] | [EVENT_BEFORE_ACTUAL_POS] --(BEFORE)--> [EVENT_BEFORE_ACTUAL_POS],examen,BEFORE,PCR,BEFORE,scanner,BEFORE,hémogramme,BEFORE,ionogramme,,,,
133,52,FR100697,[EVENT_BEFORE_ACTUAL_POS] --(BEFORE)--> [EVENT_BEFORE_ACTUAL_POS] | [EVENT_BEFORE_ACTUAL_POS] --(BEFORE)--> [EVENT_BEFORE_ACTUAL_POS] | [EVENT_BEFORE_ACTUAL_POS] --(BEFORE)--> [EVENT_BEFORE_ACTUAL_POS] | [EVENT_BEFORE_ACTUAL_POS] --(BEFORE)--> [EVENT_BEFORE_ACTUAL_POS],apparition,BEFORE,inspection,BEFORE,palpation,BEFORE,examen,BEFORE,reste,,,,
133,52,FR100708,[EVENT_BEFORE_ACTUAL_POS] --(BEFORE)--> [EVENT_BEFORE_ACTUAL_POS] | [EVENT_BEFORE_ACTUAL_POS] --(BEFORE)--> [EVENT_BEFORE_ACTUAL_POS] | [EVENT_BEFORE_ACTUAL_POS] --(BEFORE)--> [EVENT_BEFORE_ACTUAL_POS] | [EVENT_BEFORE_ACTUAL_POS] --(BEFORE)--> [EVENT_BEFORE_ACTUAL_POS],examen,BEFORE,mammographie,BEFORE,échographie,BEFORE,ponction,BEFORE,redémarré,,,,
133,52,FR100717,[EVENT_BEFORE_ACTUAL_POS] --(BEFORE)--> [EVENT_BEFORE_ACTUAL_POS] | [EVENT_BEFORE_ACTUAL_POS] --(BEFORE)--> [EVENT_BEFORE_ACTUAL_POS] | [EVENT_BEFORE_ACTUAL_POS] --(BEFORE)--> [EVENT_BEFORE_ACTUAL_POS] | [EVENT_BEFORE_ACTUAL_POS] --(BEFORE)--> [EVENT_BEFORE_ACTUAL_POS],traitement,BEFORE,examen,BEFORE,examens,BEFORE,scanner,BEFORE,IRM,,,,
133,52,FR100748,[EVENT_BEFORE_ACTUAL_POS] --(BEFORE)--> [EVENT_BEFORE_ACTUAL_POS] | [EVENT_BEFORE_ACTUAL_POS] --(BEFORE)--> [EVENT_BEFORE_ACTUAL_POS] | [EVENT_BEFORE_ACTUAL_POS] --(BEFORE)--> [EVENT_BEFORE_ACTUAL_POS] | [EVENT_BEFORE_ACTUAL_POS] --(BEFORE)--> [EVENT_BEFORE_ACTUAL_POS],mobilisation,BEFORE,suites,BEFORE,transférée,BEFORE,regagné,BEFORE,recul,,,,
133,52,FR100806,[EVENT_BEFORE_ACTUAL_POS] --(BEFORE)--> [EVENT_BEFORE_ACTUAL_POS] | [EVENT_BEFORE_ACTUAL_POS] --(BEFORE)--> [EVENT_BEFORE_ACTUAL_POS] | [EVENT_BEFORE_ACTUAL_POS] --(BEFORE)--> [EVENT_BEFORE_ACTUAL_POS] | [EVENT_BEFORE_ACTUAL_POS] --(BEFORE)--> [EVENT_BEFORE_ACTUAL_POS],prise,BEFORE,référée,BEFORE,examen,BEFORE,biologie,BEFORE,hospitalisée,,,,
133,52,FR100826,[EVENT_BEFORE_ACTUAL_POS] --(BEFORE)--> [EVENT_BEFORE_ACTUAL_POS] | [EVENT_BEFORE_ACTUAL_POS] --(BEFORE)--> [EVENT_BEFORE_ACTUAL_POS] | [EVENT_BEFORE_ACTUAL_POS] --(BEFORE)--> [EVENT_BEFORE_ACTUAL_POS] | [EVENT_BEFORE_ACTUAL_POS] --(BEFORE)--> [EVENT_BEFORE_ACTUAL_POS],examen,BEFORE,bilan,BEFORE,bilan,BEFORE,retenue,BEFORE,exploration,,,,
133,52,FR100845,[EVENT_BEFORE_ACTUAL_POS] --(BEFORE)--> [EVENT_BEFORE_ACTUAL_POS] | [EVENT_BEFORE_ACTUAL_POS] --(BEFORE)--> [EVENT_BEFORE_ACTUAL_POS] | [EVENT_BEFORE_ACTUAL_POS] --(BEFORE)--> [EVENT_BEFORE_ACTUAL_POS] | [EVENT_BEFORE_ACTUAL_POS] --(BEFORE)--> [EVENT_BEFORE_ACTUAL_POS],examen,BEFORE,échographie,BEFORE,radiographie,BEFORE,décision,BEFORE,extraction,,,,
133,52,FR100870,[EVENT_BEFORE_ACTUAL_POS] --(BEFORE)--> [EVENT_BEFORE_ACTUAL_POS] | [EVENT_BEFORE_ACTUAL_POS] --(BEFORE)--> [EVENT_BEFORE_ACTUAL_POS] | [EVENT_BEFORE_ACTUAL_POS] --(BEFORE)--> [EVENT_BEFORE_ACTUAL_POS] | [EVENT_BEFORE_ACTUAL_POS] --(BEFORE)--> [EVENT_BEFORE_ACTUAL_POS],hémogramme,BEFORE,bilan,BEFORE,IRM,BEFORE,électrophorèse,BEFORE,immunosoustraction,,,,
133,52,FR100874,[EVENT_BEFORE_ACTUAL_POS] --(BEFORE)--> [EVENT_BEFORE_ACTUAL_POS] | [EVENT_BEFORE_ACTUAL_POS] --(BEFORE)--> [EVENT_BEFORE_ACTUAL_POS] | [EVENT_BEFORE_ACTUAL_POS] --(BEFORE)--> [EVENT_BEFORE_ACTUAL_POS] | [EVENT_BEFORE_ACTUAL_POS] --(BEFORE)--> [EVENT_BEFORE_ACTUAL_POS],fibroscopie,BEFORE,transit,BEFORE,tomodensitométrie,BEFORE,retenu,BEFORE,mise,,,,
133,52,FR100882,[EVENT_BEFORE_ACTUAL_POS] --(BEFORE)--> [EVENT_BEFORE_ACTUAL_POS] | [EVENT_BEFORE_ACTUAL_POS] --(BEFORE)--> [EVENT_BEFORE_ACTUAL_POS] | [EVENT_BEFORE_ACTUAL_POS] --(BEFORE)--> [EVENT_BEFORE_ACTUAL_POS] | [EVENT_BEFORE_ACTUAL_POS] --(BEFORE)--> [EVENT_BEFORE_ACTUAL_POS],Imagerie,BEFORE,bilan,BEFORE,sérologies,BEFORE,sclérothérapie,BEFORE,évolution,,,,
133,52,FR100894,[EVENT_BEFORE_ACTUAL_POS] --(BEFORE)--> [EVENT_BEFORE_ACTUAL_POS] | [EVENT_BEFORE_ACTUAL_POS] --(BEFORE)--> [EVENT_BEFORE_ACTUAL_POS] | [EVENT_BEFORE_ACTUAL_POS] --(BEFORE)--> [EVENT_BEFORE_ACTUAL_POS] | [EVENT_BEFORE_ACTUAL_POS] --(BEFORE)--> [EVENT_BEFORE_ACTUAL_POS],IRM,BEFORE,appuyés,BEFORE,diagnostic,BEFORE,pris,BEFORE,incision,,,,
133,52,FR100903,[EVENT_BEFORE_ACTUAL_POS] --(BEFORE)--> [EVENT_BEFORE_ACTUAL_POS] | [EVENT_BEFORE_ACTUAL_POS] --(BEFORE)--> [EVENT_BEFORE_ACTUAL_POS] | [EVENT_BEFORE_ACTUAL_POS] --(BEFORE)--> [EVENT_BEFORE_ACTUAL_POS] | [EVENT_BEFORE_ACTUAL_POS] --(BEFORE)--> [EVENT_BEFORE_ACTUAL_POS],diagnostic,BEFORE,écarté,BEFORE,contrôles,BEFORE,accouchement,BEFORE,décédé,,,,
133,52,FR100946,[EVENT_BEFORE_ACTUAL_POS] --(BEFORE)--> [EVENT_BEFORE_ACTUAL_POS] | [EVENT_BEFORE_ACTUAL_POS] --(BEFORE)--> [EVENT_BEFORE_ACTUAL_POS] | [EVENT_BEFORE_ACTUAL_POS] --(BEFORE)--> [EVENT_BEFORE_ACTUAL_POS] | [EVENT_BEFORE_ACTUAL_POS] --(BEFORE)--> [EVENT_BEFORE_ACTUAL_POS],IRM,BEFORE,analyse,BEFORE,mise,BEFORE,analyse,BEFORE,mise,,,,
133,52,FR100996,[EVENT_BEFORE_ACTUAL_POS] --(BEFORE)--> [EVENT_BEFORE_ACTUAL_POS] | [EVENT_BEFORE_ACTUAL_POS] --(BEFORE)--> [EVENT_BEFORE_ACTUAL_POS] | [EVENT_BEFORE_ACTUAL_POS] --(BEFORE)--> [EVENT_BEFORE_ACTUAL_POS] | [EVENT_BEFORE_ACTUAL_POS] --(BEFORE)--> [EVENT_BEFORE_ACTUAL_POS],examen,BEFORE,tomodensitométrie,BEFORE,injection,BEFORE,retenu,BEFORE,chirurgical,,,,
133,52,FR100998,[EVENT_BEFORE_ACTUAL_POS] --(BEFORE)--> [EVENT_BEFORE_ACTUAL_POS] | [EVENT_BEFORE_ACTUAL_POS] --(BEFORE)--> [EVENT_BEFORE_ACTUAL_POS] | [EVENT_BEFORE_ACTUAL_POS] --(BEFORE)--> [EVENT_BEFORE_ACTUAL_POS] | [EVENT_BEFORE_ACTUAL_POS] --(BEFORE)--> [EVENT_BEFORE_ACTUAL_POS],test,BEFORE,diagnostic,BEFORE,traitée,BEFORE,bilan,BEFORE,démarré,,,,
205,52,FR100003,[EVENT_BEFORE_ACTUAL_POS] --(BEFORE)--> [EVENT_BEFORE_ACTUAL_POS] | [EVENT_BEFORE_ACTUAL_POS] --(CONTAINS)--> [EVENT_BEFORE_ACTUAL_POS],injection,BEFORE,ponction,CONTAINS,ramené,,,,,,,,
205,52,FR100092,[EVENT_BEFORE_ACTUAL_POS] --(BEFORE)--> [EVENT_BEFORE_ACTUAL_POS] | [EVENT_BEFORE_ACTUAL_POS] --(CONTAINS)--> [EVENT_BEFORE_ACTUAL_POS],admise,BEFORE,examen,CONTAINS,fréquence,,,,,,,,
205,52,FR100120,[EVENT_BEFORE_ACTUAL_POS] --(BEFORE)--> [EVENT_BEFORE_ACTUAL_POS] | [EVENT_BEFORE_ACTUAL_POS] --(CONTAINS)--> [EVENT_BEFORE_ACTUAL_POS],reste,BEFORE,traitement,CONTAINS,soins,,,,,,,,
205,52,FR100130,[EVENT_BEFORE_ACTUAL_POS] --(BEFORE)--> [EVENT_BEFORE_ACTUAL_POS] | [EVENT_BEFORE_ACTUAL_POS] --(CONTAINS)--> [EVENT_BEFORE_ACTUAL_POS],recherche,BEFORE,séjour,CONTAINS,réconforté,,,,,,,,
205,52,FR100132,[EVENT_BEFORE_ACTUAL_POS] --(BEFORE)--> [EVENT_BEFORE_ACTUAL_POS] | [EVENT_BEFORE_ACTUAL_POS] --(CONTAINS)--> [EVENT_BEFORE_ACTUAL_POS],consultation,BEFORE,examen,CONTAINS,palpation,,,,,,,,
205,52,FR100142,[EVENT_BEFORE_ACTUAL_POS] --(BEFORE)--> [EVENT_BEFORE_ACTUAL_POS] | [EVENT_BEFORE_ACTUAL_POS] --(CONTAINS)--> [EVENT_BEFORE_ACTUAL_POS],mis,BEFORE,évolution,CONTAINS,taux,,,,,,,,
205,52,FR100161,[EVENT_BEFORE_ACTUAL_POS] --(BEFORE)--> [EVENT_BEFORE_ACTUAL_POS] | [EVENT_BEFORE_ACTUAL_POS] --(CONTAINS)--> [EVENT_BEFORE_ACTUAL_POS],examen,BEFORE,examens,CONTAINS,Acti tests,,,,,,,,
205,52,FR100168,[EVENT_BEFORE_ACTUAL_POS] --(BEFORE)--> [EVENT_BEFORE_ACTUAL_POS] | [EVENT_BEFORE_ACTUAL_POS] --(CONTAINS)--> [EVENT_BEFORE_ACTUAL_POS],administrées,BEFORE,suites,CONTAINS,bilan,,,,,,,,
205,52,FR100185,[EVENT_BEFORE_ACTUAL_POS] --(BEFORE)--> [EVENT_BEFORE_ACTUAL_POS] | [EVENT_BEFORE_ACTUAL_POS] --(CONTAINS)--> [EVENT_BEFORE_ACTUAL_POS],Electromyogramme,BEFORE,IRM,CONTAINS,aspect,,,,,,,,
205,52,FR100255,[EVENT_BEFORE_ACTUAL_POS] --(BEFORE)--> [EVENT_BEFORE_ACTUAL_POS] | [EVENT_BEFORE_ACTUAL_POS] --(CONTAINS)--> [EVENT_BEFORE_ACTUAL_POS],examen,BEFORE,échographie,CONTAINS,confirmation,,,,,,,,
205,52,FR100275,[EVENT_BEFORE_ACTUAL_POS] --(BEFORE)--> [EVENT_BEFORE_ACTUAL_POS] | [EVENT_BEFORE_ACTUAL_POS] --(CONTAINS)--> [EVENT_BEFORE_ACTUAL_POS],établi,BEFORE,manœuvres,CONTAINS,massages,,,,,,,,
205,52,FR100276,[EVENT_BEFORE_ACTUAL_POS] --(BEFORE)--> [EVENT_BEFORE_ACTUAL_POS] | [EVENT_BEFORE_ACTUAL_POS] --(CONTAINS)--> [EVENT_BEFORE_ACTUAL_POS],grossesses,BEFORE,grossesse,CONTAINS,éruption,,,,,,,,
205,52,FR100283,[EVENT_BEFORE_ACTUAL_POS] --(BEFORE)--> [EVENT_BEFORE_ACTUAL_POS] | [EVENT_BEFORE_ACTUAL_POS] --(CONTAINS)--> [EVENT_BEFORE_ACTUAL_POS],hypophysiogramme,BEFORE,traitement,CONTAINS,opothérapie,,,,,,,,
205,52,FR100296,[EVENT_BEFORE_ACTUAL_POS] --(BEFORE)--> [EVENT_BEFORE_ACTUAL_POS] | [EVENT_BEFORE_ACTUAL_POS] --(CONTAINS)--> [EVENT_BEFORE_ACTUAL_POS],fenestration,BEFORE,suites,CONTAINS,rétrocession,,,,,,,,
205,52,FR100314,[EVENT_BEFORE_ACTUAL_POS] --(BEFORE)--> [EVENT_BEFORE_ACTUAL_POS] | [EVENT_BEFORE_ACTUAL_POS] --(CONTAINS)--> [EVENT_BEFORE_ACTUAL_POS],accident,BEFORE,traumatisme,CONTAINS,admise,,,,,,,,
205,52,FR100344,[EVENT_BEFORE_ACTUAL_POS] --(BEFORE)--> [EVENT_BEFORE_ACTUAL_POS] | [EVENT_BEFORE_ACTUAL_POS] --(CONTAINS)--> [EVENT_BEFORE_ACTUAL_POS],développé,BEFORE,suivie,CONTAINS,traitement,,,,,,,,
205,52,FR100361,[EVENT_BEFORE_ACTUAL_POS] --(BEFORE)--> [EVENT_BEFORE_ACTUAL_POS] | [EVENT_BEFORE_ACTUAL_POS] --(CONTAINS)--> [EVENT_BEFORE_ACTUAL_POS],admise,BEFORE,examen,CONTAINS,mobilisait,,,,,,,,
205,52,FR100371,[EVENT_BEFORE_ACTUAL_POS] --(BEFORE)--> [EVENT_BEFORE_ACTUAL_POS] | [EVENT_BEFORE_ACTUAL_POS] --(CONTAINS)--> [EVENT_BEFORE_ACTUAL_POS],examen,BEFORE,bilan,CONTAINS,bilan,,,,,,,,
205,52,FR100400,[EVENT_BEFORE_ACTUAL_POS] --(BEFORE)--> [EVENT_BEFORE_ACTUAL_POS] | [EVENT_BEFORE_ACTUAL_POS] --(CONTAINS)--> [EVENT_BEFORE_ACTUAL_POS],suites,BEFORE,suivie,CONTAINS,consultation,,,,,,,,
205,52,FR100510,[EVENT_BEFORE_ACTUAL_POS] --(BEFORE)--> [EVENT_BEFORE_ACTUAL_POS] | [EVENT_BEFORE_ACTUAL_POS] --(CONTAINS)--> [EVENT_BEFORE_ACTUAL_POS],décision,BEFORE,intervention,CONTAINS,résection,,,,,,,,
205,52,FR100515,[EVENT_BEFORE_ACTUAL_POS] --(BEFORE)--> [EVENT_BEFORE_ACTUAL_POS] | [EVENT_BEFORE_ACTUAL_POS] --(CONTAINS)--> [EVENT_BEFORE_ACTUAL_POS],retenu,BEFORE,bilan,CONTAINS,recherche,,,,,,,,
205,52,FR100519,[EVENT_BEFORE_ACTUAL_POS] --(BEFORE)--> [EVENT_BEFORE_ACTUAL_POS] | [EVENT_BEFORE_ACTUAL_POS] --(CONTAINS)--> [EVENT_BEFORE_ACTUAL_POS],entrée,BEFORE,bilan,CONTAINS,ECG,,,,,,,,
205,52,FR100589,[EVENT_BEFORE_ACTUAL_POS] --(BEFORE)--> [EVENT_BEFORE_ACTUAL_POS] | [EVENT_BEFORE_ACTUAL_POS] --(CONTAINS)--> [EVENT_BEFORE_ACTUAL_POS],admis,BEFORE,examen,CONTAINS,examen,,,,,,,,
205,52,FR100597,[EVENT_BEFORE_ACTUAL_POS] --(BEFORE)--> [EVENT_BEFORE_ACTUAL_POS] | [EVENT_BEFORE_ACTUAL_POS] --(CONTAINS)--> [EVENT_BEFORE_ACTUAL_POS],hystérectomie,BEFORE,suites,CONTAINS,transfert,,,,,,,,
205,52,FR100611,[EVENT_BEFORE_ACTUAL_POS] --(BEFORE)--> [EVENT_BEFORE_ACTUAL_POS] | [EVENT_BEFORE_ACTUAL_POS] --(CONTAINS)--> [EVENT_BEFORE_ACTUAL_POS],PCR,BEFORE,TDM,CONTAINS,image,,,,,,,,
205,52,FR100614,[EVENT_BEFORE_ACTUAL_POS] --(BEFORE)--> [EVENT_BEFORE_ACTUAL_POS] | [EVENT_BEFORE_ACTUAL_POS] --(CONTAINS)--> [EVENT_BEFORE_ACTUAL_POS],rupture,BEFORE,intervention,CONTAINS,éviter,,,,,,,,
205,52,FR100620,[EVENT_BEFORE_ACTUAL_POS] --(BEFORE)--> [EVENT_BEFORE_ACTUAL_POS] | [EVENT_BEFORE_ACTUAL_POS] --(CONTAINS)--> [EVENT_BEFORE_ACTUAL_POS],bilan,BEFORE,bilan,CONTAINS,scintigraphie,,,,,,,,
205,52,FR100629,[EVENT_BEFORE_ACTUAL_POS] --(BEFORE)--> [EVENT_BEFORE_ACTUAL_POS] | [EVENT_BEFORE_ACTUAL_POS] --(CONTAINS)--> [EVENT_BEFORE_ACTUAL_POS],radiographie,BEFORE,thoracoscopie,CONTAINS,biopsie,,,,,,,,
205,52,FR100632,[EVENT_BEFORE_ACTUAL_POS] --(BEFORE)--> [EVENT_BEFORE_ACTUAL_POS] | [EVENT_BEFORE_ACTUAL_POS] --(CONTAINS)--> [EVENT_BEFORE_ACTUAL_POS],interrogatoire,BEFORE,examen,CONTAINS,constantes,,,,,,,,
205,52,FR100658,[EVENT_BEFORE_ACTUAL_POS] --(BEFORE)--> [EVENT_BEFORE_ACTUAL_POS] | [EVENT_BEFORE_ACTUAL_POS] --(CONTAINS)--> [EVENT_BEFORE_ACTUAL_POS],évaluation,BEFORE,auscultation,CONTAINS,saturation,,,,,,,,
205,52,FR100663,[EVENT_BEFORE_ACTUAL_POS] --(BEFORE)--> [EVENT_BEFORE_ACTUAL_POS] | [EVENT_BEFORE_ACTUAL_POS] --(CONTAINS)--> [EVENT_BEFORE_ACTUAL_POS],décidé,BEFORE,traitement,CONTAINS,reprise,,,,,,,,
205,52,FR100666,[EVENT_BEFORE_ACTUAL_POS] --(BEFORE)--> [EVENT_BEFORE_ACTUAL_POS] | [EVENT_BEFORE_ACTUAL_POS] --(CONTAINS)--> [EVENT_BEFORE_ACTUAL_POS],classé,BEFORE,traitement,CONTAINS,polychimiothérapie,,,,,,,,
205,52,FR100688,[EVENT_BEFORE_ACTUAL_POS] --(BEFORE)--> [EVENT_BEFORE_ACTUAL_POS] | [EVENT_BEFORE_ACTUAL_POS] --(CONTAINS)--> [EVENT_BEFORE_ACTUAL_POS],traitement,BEFORE,évolution,CONTAINS,amélioration,,,,,,,,
205,52,FR100689,[EVENT_BEFORE_ACTUAL_POS] --(BEFORE)--> [EVENT_BEFORE_ACTUAL_POS] | [EVENT_BEFORE_ACTUAL_POS] --(CONTAINS)--> [EVENT_BEFORE_ACTUAL_POS],retenu,BEFORE,évolution,CONTAINS,disparition,,,,,,,,
205,52,FR100697,[EVENT_BEFORE_ACTUAL_POS] --(BEFORE)--> [EVENT_BEFORE_ACTUAL_POS] | [EVENT_BEFORE_ACTUAL_POS] --(CONTAINS)--> [EVENT_BEFORE_ACTUAL_POS],tout,BEFORE,bilan,CONTAINS,TDM,,,,,,,,
205,52,FR100708,[EVENT_BEFORE_ACTUAL_POS] --(BEFORE)--> [EVENT_BEFORE_ACTUAL_POS] | [EVENT_BEFORE_ACTUAL_POS] --(CONTAINS)--> [EVENT_BEFORE_ACTUAL_POS],échographie,BEFORE,ponction,CONTAINS,ramenant,,,,,,,,
205,52,FR100717,[EVENT_BEFORE_ACTUAL_POS] --(BEFORE)--> [EVENT_BEFORE_ACTUAL_POS] | [EVENT_BEFORE_ACTUAL_POS] --(CONTAINS)--> [EVENT_BEFORE_ACTUAL_POS],exploration,BEFORE,suites,CONTAINS,régression,,,,,,,,
205,52,FR100748,[EVENT_BEFORE_ACTUAL_POS] --(BEFORE)--> [EVENT_BEFORE_ACTUAL_POS] | [EVENT_BEFORE_ACTUAL_POS] --(CONTAINS)--> [EVENT_BEFORE_ACTUAL_POS],adressée,BEFORE,hospitalisation,CONTAINS,dosage,,,,,,,,
205,52,FR100766,[EVENT_BEFORE_ACTUAL_POS] --(BEFORE)--> [EVENT_BEFORE_ACTUAL_POS] | [EVENT_BEFORE_ACTUAL_POS] --(CONTAINS)--> [EVENT_BEFORE_ACTUAL_POS],retenu,BEFORE,bénéficié,CONTAINS,mucosectomie,,,,,,,,
205,52,FR100780,[EVENT_BEFORE_ACTUAL_POS] --(BEFORE)--> [EVENT_BEFORE_ACTUAL_POS] | [EVENT_BEFORE_ACTUAL_POS] --(CONTAINS)--> [EVENT_BEFORE_ACTUAL_POS],admise,BEFORE,examen,CONTAINS,température,,,,,,,,
205,52,FR100806,[EVENT_BEFORE_ACTUAL_POS] --(BEFORE)--> [EVENT_BEFORE_ACTUAL_POS] | [EVENT_BEFORE_ACTUAL_POS] --(CONTAINS)--> [EVENT_BEFORE_ACTUAL_POS],tomodensitométrie,BEFORE,prise,CONTAINS,splénectomie,,,,,,,,
205,52,FR100826,[EVENT_BEFORE_ACTUAL_POS] --(BEFORE)--> [EVENT_BEFORE_ACTUAL_POS] | [EVENT_BEFORE_ACTUAL_POS] --(CONTAINS)--> [EVENT_BEFORE_ACTUAL_POS],examen,BEFORE,bilan,CONTAINS,tomodensitométrie,,,,,,,,
205,52,FR100845,[EVENT_BEFORE_ACTUAL_POS] --(BEFORE)--> [EVENT_BEFORE_ACTUAL_POS] | [EVENT_BEFORE_ACTUAL_POS] --(CONTAINS)--> [EVENT_BEFORE_ACTUAL_POS],examen,BEFORE,examen,CONTAINS,toucher,,,,,,,,
205,52,FR100870,[EVENT_BEFORE_ACTUAL_POS] --(BEFORE)--> [EVENT_BEFORE_ACTUAL_POS] | [EVENT_BEFORE_ACTUAL_POS] --(CONTAINS)--> [EVENT_BEFORE_ACTUAL_POS],IRM,BEFORE,électrophorèse,CONTAINS,découverte,,,,,,,,
205,52,FR100874,[EVENT_BEFORE_ACTUAL_POS] --(BEFORE)--> [EVENT_BEFORE_ACTUAL_POS] | [EVENT_BEFORE_ACTUAL_POS] --(CONTAINS)--> [EVENT_BEFORE_ACTUAL_POS],fibroscopie,BEFORE,transit,CONTAINS,image,,,,,,,,
205,52,FR100882,[EVENT_BEFORE_ACTUAL_POS] --(BEFORE)--> [EVENT_BEFORE_ACTUAL_POS] | [EVENT_BEFORE_ACTUAL_POS] --(CONTAINS)--> [EVENT_BEFORE_ACTUAL_POS],sclérothérapie,BEFORE,évolution,CONTAINS,amélioration,,,,,,,,
205,52,FR100883,[EVENT_BEFORE_ACTUAL_POS] --(BEFORE)--> [EVENT_BEFORE_ACTUAL_POS] | [EVENT_BEFORE_ACTUAL_POS] --(CONTAINS)--> [EVENT_BEFORE_ACTUAL_POS],bilan,BEFORE,reçu,CONTAINS,radiothérapie,,,,,,,,
205,52,FR100894,[EVENT_BEFORE_ACTUAL_POS] --(BEFORE)--> [EVENT_BEFORE_ACTUAL_POS] | [EVENT_BEFORE_ACTUAL_POS] --(CONTAINS)--> [EVENT_BEFORE_ACTUAL_POS],pris,BEFORE,incision,CONTAINS,décompression,,,,,,,,
205,52,FR100903,[EVENT_BEFORE_ACTUAL_POS] --(BEFORE)--> [EVENT_BEFORE_ACTUAL_POS] | [EVENT_BEFORE_ACTUAL_POS] --(CONTAINS)--> [EVENT_BEFORE_ACTUAL_POS],contrôles,BEFORE,accouchement,CONTAINS,naissance,,,,,,,,
205,52,FR100946,[EVENT_BEFORE_ACTUAL_POS] --(BEFORE)--> [EVENT_BEFORE_ACTUAL_POS] | [EVENT_BEFORE_ACTUAL_POS] --(CONTAINS)--> [EVENT_BEFORE_ACTUAL_POS],examen,BEFORE,IRM,CONTAINS,prise,,,,,,,,
205,52,FR100960,[EVENT_BEFORE_ACTUAL_POS] --(BEFORE)--> [EVENT_BEFORE_ACTUAL_POS] | [EVENT_BEFORE_ACTUAL_POS] --(CONTAINS)--> [EVENT_BEFORE_ACTUAL_POS],opéré,BEFORE,consulté,CONTAINS,scanner,,,,,,,,
205,52,FR100998,[EVENT_BEFORE_ACTUAL_POS] --(BEFORE)--> [EVENT_BEFORE_ACTUAL_POS] | [EVENT_BEFORE_ACTUAL_POS] --(CONTAINS)--> [EVENT_BEFORE_ACTUAL_POS],diagnostic,BEFORE,traitée,CONTAINS,cures,,,,,,,,
88,51,FR100003,[EVENT_BEFORE_ACTUAL_POS] --(CONTAINS)--> [EVENT_BEFORE_ACTUAL_POS] | [EVENT_BEFORE_ACTUAL_POS] --(BEFORE)--> [EVENT_BEFORE_ACTUAL_POS],ponction,CONTAINS,ramené,[RETOUR],ponction,BEFORE,examen,,,,,,
88,51,FR100092,[EVENT_BEFORE_ACTUAL_POS] --(CONTAINS)--> [EVENT_BEFORE_ACTUAL_POS] | [EVENT_BEFORE_ACTUAL_POS] --(BEFORE)--> [EVENT_BEFORE_ACTUAL_POS],examen,CONTAINS,fréquence,[RETOUR],examen,BEFORE,examen,,,,,,
88,51,FR100130,[EVENT_BEFORE_ACTUAL_POS] --(CONTAINS)--> [EVENT_BEFORE_ACTUAL_POS] | [EVENT_BEFORE_ACTUAL_POS] --(BEFORE)--> [EVENT_BEFORE_ACTUAL_POS],examen,CONTAINS,notait,[RETOUR],examen,BEFORE,biologie,,,,,,
88,51,FR100132,[EVENT_BEFORE_ACTUAL_POS] --(CONTAINS)--> [EVENT_BEFORE_ACTUAL_POS] | [EVENT_BEFORE_ACTUAL_POS] --(BEFORE)--> [EVENT_BEFORE_ACTUAL_POS],examen,CONTAINS,angiographie,[RETOUR],examen,BEFORE,écho-Doppler,,,,,,
88,51,FR100161,[EVENT_BEFORE_ACTUAL_POS] --(CONTAINS)--> [EVENT_BEFORE_ACTUAL_POS] | [EVENT_BEFORE_ACTUAL_POS] --(BEFORE)--> [EVENT_BEFORE_ACTUAL_POS],examens,CONTAINS,Acti tests,[RETOUR],examens,BEFORE,radiographie,,,,,,
88,51,FR100168,[EVENT_BEFORE_ACTUAL_POS] --(CONTAINS)--> [EVENT_BEFORE_ACTUAL_POS] | [EVENT_BEFORE_ACTUAL_POS] --(BEFORE)--> [EVENT_BEFORE_ACTUAL_POS],tests,CONTAINS,recherche,[RETOUR],tests,BEFORE,entretien,,,,,,
88,51,FR100255,[EVENT_BEFORE_ACTUAL_POS] --(CONTAINS)--> [EVENT_BEFORE_ACTUAL_POS] | [EVENT_BEFORE_ACTUAL_POS] --(BEFORE)--> [EVENT_BEFORE_ACTUAL_POS],échographie,CONTAINS,confirmation,[RETOUR],échographie,BEFORE,mise,,,,,,
88,51,FR100275,[EVENT_BEFORE_ACTUAL_POS] --(CONTAINS)--> [EVENT_BEFORE_ACTUAL_POS] | [EVENT_BEFORE_ACTUAL_POS] --(BEFORE)--> [EVENT_BEFORE_ACTUAL_POS],manœuvres,CONTAINS,massages,[RETOUR],manœuvres,BEFORE,retour,,,,,,
88,51,FR100276,[EVENT_BEFORE_ACTUAL_POS] --(CONTAINS)--> [EVENT_BEFORE_ACTUAL_POS] | [EVENT_BEFORE_ACTUAL_POS] --(BEFORE)--> [EVENT_BEFORE_ACTUAL_POS],biopsie,CONTAINS,examen,[RETOUR],biopsie,BEFORE,posé,,,,,,
88,51,FR100283,[EVENT_BEFORE_ACTUAL_POS] --(CONTAINS)--> [EVENT_BEFORE_ACTUAL_POS] | [EVENT_BEFORE_ACTUAL_POS] --(BEFORE)--> [EVENT_BEFORE_ACTUAL_POS],traitement,CONTAINS,opothérapie,[RETOUR],traitement,BEFORE,évolution,,,,,,
88,51,FR100296,[EVENT_BEFORE_ACTUAL_POS] --(CONTAINS)--> [EVENT_BEFORE_ACTUAL_POS] | [EVENT_BEFORE_ACTUAL_POS] --(BEFORE)--> [EVENT_BEFORE_ACTUAL_POS],fenestration,CONTAINS,ablation,[RETOUR],fenestration,BEFORE,suites,,,,,,
88,51,FR100344,[EVENT_BEFORE_ACTUAL_POS] --(CONTAINS)--> [EVENT_BEFORE_ACTUAL_POS] | [EVENT_BEFORE_ACTUAL_POS] --(BEFORE)--> [EVENT_BEFORE_ACTUAL_POS],bilan,CONTAINS,échographie,[RETOUR],bilan,BEFORE,contrôle,,,,,,
88,51,FR100346,[EVENT_BEFORE_ACTUAL_POS] --(CONTAINS)--> [EVENT_BEFORE_ACTUAL_POS] | [EVENT_BEFORE_ACTUAL_POS] --(BEFORE)--> [EVENT_BEFORE_ACTUAL_POS],examen,CONTAINS,reste,[RETOUR],examen,BEFORE,gazométrie,,,,,,
88,51,FR100360,[EVENT_BEFORE_ACTUAL_POS] --(CONTAINS)--> [EVENT_BEFORE_ACTUAL_POS] | [EVENT_BEFORE_ACTUAL_POS] --(BEFORE)--> [EVENT_BEFORE_ACTUAL_POS],colpohystérectomie,CONTAINS,annexectomie,[RETOUR],colpohystérectomie,BEFORE,examen,,,,,,
88,51,FR100361,[EVENT_BEFORE_ACTUAL_POS] --(CONTAINS)--> [EVENT_BEFORE_ACTUAL_POS] | [EVENT_BEFORE_ACTUAL_POS] --(BEFORE)--> [EVENT_BEFORE_ACTUAL_POS],prolactinémie,CONTAINS,passée,[RETOUR],prolactinémie,BEFORE,améliorée,,,,,,
88,51,FR100371,[EVENT_BEFORE_ACTUAL_POS] --(CONTAINS)--> [EVENT_BEFORE_ACTUAL_POS] | [EVENT_BEFORE_ACTUAL_POS] --(BEFORE)--> [EVENT_BEFORE_ACTUAL_POS],suite,CONTAINS,tension,[RETOUR],suite,BEFORE,sortie,,,,,,
88,51,FR100400,[EVENT_BEFORE_ACTUAL_POS] --(CONTAINS)--> [EVENT_BEFORE_ACTUAL_POS] | [EVENT_BEFORE_ACTUAL_POS] --(BEFORE)--> [EVENT_BEFORE_ACTUAL_POS],suites,CONTAINS,sortante,[RETOUR],suites,BEFORE,suivie,,,,,,
88,51,FR100448,[EVENT_BEFORE_ACTUAL_POS] --(CONTAINS)--> [EVENT_BEFORE_ACTUAL_POS] | [EVENT_BEFORE_ACTUAL_POS] --(BEFORE)--> [EVENT_BEFORE_ACTUAL_POS],examen,CONTAINS,reste,[RETOUR],examen,BEFORE,échotomographie,,,,,,
88,51,FR100515,[EVENT_BEFORE_ACTUAL_POS] --(CONTAINS)--> [EVENT_BEFORE_ACTUAL_POS] | [EVENT_BEFORE_ACTUAL_POS] --(BEFORE)--> [EVENT_BEFORE_ACTUAL_POS],bilan,CONTAINS,scanner,[RETOUR],bilan,BEFORE,prescrits,,,,,,
88,51,FR100517,[EVENT_BEFORE_ACTUAL_POS] --(CONTAINS)--> [EVENT_BEFORE_ACTUAL_POS] | [EVENT_BEFORE_ACTUAL_POS] --(BEFORE)--> [EVENT_BEFORE_ACTUAL_POS],bilan,CONTAINS,fibroscopie,[RETOUR],bilan,BEFORE,mise,,,,,,
88,51,FR100519,[EVENT_BEFORE_ACTUAL_POS] --(CONTAINS)--> [EVENT_BEFORE_ACTUAL_POS] | [EVENT_BEFORE_ACTUAL_POS] --(BEFORE)--> [EVENT_BEFORE_ACTUAL_POS],hémogramme,CONTAINS,bilan,[RETOUR],hémogramme,BEFORE,remplissage,,,,,,
88,51,FR100589,[EVENT_BEFORE_ACTUAL_POS] --(CONTAINS)--> [EVENT_BEFORE_ACTUAL_POS] | [EVENT_BEFORE_ACTUAL_POS] --(BEFORE)--> [EVENT_BEFORE_ACTUAL_POS],bilan,CONTAINS,tomodensitométrie,[RETOUR],bilan,BEFORE,caryotype,,,,,,
88,51,FR100597,[EVENT_BEFORE_ACTUAL_POS] --(CONTAINS)--> [EVENT_BEFORE_ACTUAL_POS] | [EVENT_BEFORE_ACTUAL_POS] --(BEFORE)--> [EVENT_BEFORE_ACTUAL_POS],suites,CONTAINS,transfert,[RETOUR],suites,BEFORE,décédée,,,,,,
88,51,FR100603,[EVENT_BEFORE_ACTUAL_POS] --(CONTAINS)--> [EVENT_BEFORE_ACTUAL_POS] | [EVENT_BEFORE_ACTUAL_POS] --(BEFORE)--> [EVENT_BEFORE_ACTUAL_POS],chirurgie,CONTAINS,remplacée,[RETOUR],chirurgie,BEFORE,hémocultures,,,,,,
88,51,FR100611,[EVENT_BEFORE_ACTUAL_POS] --(CONTAINS)--> [EVENT_BEFORE_ACTUAL_POS] | [EVENT_BEFORE_ACTUAL_POS] --(BEFORE)--> [EVENT_BEFORE_ACTUAL_POS],TDM,CONTAINS,image,[RETOUR],TDM,BEFORE,biopsie,,,,,,
88,51,FR100614,[EVENT_BEFORE_ACTUAL_POS] --(CONTAINS)--> [EVENT_BEFORE_ACTUAL_POS] | [EVENT_BEFORE_ACTUAL_POS] --(BEFORE)--> [EVENT_BEFORE_ACTUAL_POS],intervention,CONTAINS,éviter,[RETOUR],intervention,BEFORE,résection,,,,,,
88,51,FR100620,[EVENT_BEFORE_ACTUAL_POS] --(CONTAINS)--> [EVENT_BEFORE_ACTUAL_POS] | [EVENT_BEFORE_ACTUAL_POS] --(BEFORE)--> [EVENT_BEFORE_ACTUAL_POS],bilan,CONTAINS,TM6M,[RETOUR],bilan,BEFORE,bilan,,,,,,
88,51,FR100629,[EVENT_BEFORE_ACTUAL_POS] --(CONTAINS)--> [EVENT_BEFORE_ACTUAL_POS] | [EVENT_BEFORE_ACTUAL_POS] --(BEFORE)--> [EVENT_BEFORE_ACTUAL_POS],thoracoscopie,CONTAINS,biopsie,[RETOUR],thoracoscopie,BEFORE,marquage,,,,,,
88,51,FR100632,[EVENT_BEFORE_ACTUAL_POS] --(CONTAINS)--> [EVENT_BEFORE_ACTUAL_POS] | [EVENT_BEFORE_ACTUAL_POS] --(BEFORE)--> [EVENT_BEFORE_ACTUAL_POS],enquête,CONTAINS,taux,[RETOUR],enquête,BEFORE,étude,,,,,,
88,51,FR100658,[EVENT_BEFORE_ACTUAL_POS] --(CONTAINS)--> [EVENT_BEFORE_ACTUAL_POS] | [EVENT_BEFORE_ACTUAL_POS] --(BEFORE)--> [EVENT_BEFORE_ACTUAL_POS],évaluation,CONTAINS,examen,[RETOUR],évaluation,BEFORE,auscultation,,,,,,
88,51,FR100663,[EVENT_BEFORE_ACTUAL_POS] --(CONTAINS)--> [EVENT_BEFORE_ACTUAL_POS] | [EVENT_BEFORE_ACTUAL_POS] --(BEFORE)--> [EVENT_BEFORE_ACTUAL_POS],traitement,CONTAINS,ouverture,[RETOUR],traitement,BEFORE,exploration,,,,,,
88,51,FR100666,[EVENT_BEFORE_ACTUAL_POS] --(CONTAINS)--> [EVENT_BEFORE_ACTUAL_POS] | [EVENT_BEFORE_ACTUAL_POS] --(BEFORE)--> [EVENT_BEFORE_ACTUAL_POS],polychimiothérapie,CONTAINS,radiothérapie,[RETOUR],polychimiothérapie,BEFORE,COPADEM,,,,,,
88,51,FR100688,[EVENT_BEFORE_ACTUAL_POS] --(CONTAINS)--> [EVENT_BEFORE_ACTUAL_POS] | [EVENT_BEFORE_ACTUAL_POS] --(BEFORE)--> [EVENT_BEFORE_ACTUAL_POS],traitement,CONTAINS,phase,[RETOUR],traitement,BEFORE,évolution,,,,,,
88,51,FR100689,[EVENT_BEFORE_ACTUAL_POS] --(CONTAINS)--> [EVENT_BEFORE_ACTUAL_POS] | [EVENT_BEFORE_ACTUAL_POS] --(BEFORE)--> [EVENT_BEFORE_ACTUAL_POS],IRM,CONTAINS,injection,[RETOUR],IRM,BEFORE,étude,,,,,,
88,51,FR100697,[EVENT_BEFORE_ACTUAL_POS] --(CONTAINS)--> [EVENT_BEFORE_ACTUAL_POS] | [EVENT_BEFORE_ACTUAL_POS] --(BEFORE)--> [EVENT_BEFORE_ACTUAL_POS],bilan,CONTAINS,TDM,[RETOUR],bilan,BEFORE,test,,,,,,
88,51,FR100708,[EVENT_BEFORE_ACTUAL_POS] --(CONTAINS)--> [EVENT_BEFORE_ACTUAL_POS] | [EVENT_BEFORE_ACTUAL_POS] --(BEFORE)--> [EVENT_BEFORE_ACTUAL_POS],ponction,CONTAINS,ramenant,[RETOUR],ponction,BEFORE,redémarré,,,,,,
88,51,FR100748,[EVENT_BEFORE_ACTUAL_POS] --(CONTAINS)--> [EVENT_BEFORE_ACTUAL_POS] | [EVENT_BEFORE_ACTUAL_POS] --(BEFORE)--> [EVENT_BEFORE_ACTUAL_POS],préparation,CONTAINS,régime,[RETOUR],préparation,BEFORE,salle,,,,,,
88,51,FR100766,[EVENT_BEFORE_ACTUAL_POS] --(CONTAINS)--> [EVENT_BEFORE_ACTUAL_POS] | [EVENT_BEFORE_ACTUAL_POS] --(BEFORE)--> [EVENT_BEFORE_ACTUAL_POS],amputation,CONTAINS,confection,[RETOUR],amputation,BEFORE,décision,,,,,,
88,51,FR100780,[EVENT_BEFORE_ACTUAL_POS] --(CONTAINS)--> [EVENT_BEFORE_ACTUAL_POS] | [EVENT_BEFORE_ACTUAL_POS] --(BEFORE)--> [EVENT_BEFORE_ACTUAL_POS],examen,CONTAINS,température,[RETOUR],examen,BEFORE,toucher,,,,,,
88,51,FR100806,[EVENT_BEFORE_ACTUAL_POS] --(CONTAINS)--> [EVENT_BEFORE_ACTUAL_POS] | [EVENT_BEFORE_ACTUAL_POS] --(BEFORE)--> [EVENT_BEFORE_ACTUAL_POS],prise,CONTAINS,splénectomie,[RETOUR],prise,BEFORE,examen,,,,,,
88,51,FR100814,[EVENT_BEFORE_ACTUAL_POS] --(CONTAINS)--> [EVENT_BEFORE_ACTUAL_POS] | [EVENT_BEFORE_ACTUAL_POS] --(BEFORE)--> [EVENT_BEFORE_ACTUAL_POS],IRM,CONTAINS,iso-signal,[RETOUR],IRM,BEFORE,diagnostic,,,,,,
88,51,FR100826,[EVENT_BEFORE_ACTUAL_POS] --(CONTAINS)--> [EVENT_BEFORE_ACTUAL_POS] | [EVENT_BEFORE_ACTUAL_POS] --(BEFORE)--> [EVENT_BEFORE_ACTUAL_POS],bilan,CONTAINS,tomodensitométrie,[RETOUR],bilan,BEFORE,bilan,,,,,,
88,51,FR100845,[EVENT_BEFORE_ACTUAL_POS] --(CONTAINS)--> [EVENT_BEFORE_ACTUAL_POS] | [EVENT_BEFORE_ACTUAL_POS] --(BEFORE)--> [EVENT_BEFORE_ACTUAL_POS],examen,CONTAINS,toucher,[RETOUR],examen,BEFORE,échographie,,,,,,
88,51,FR100849,[EVENT_BEFORE_ACTUAL_POS] --(CONTAINS)--> [EVENT_BEFORE_ACTUAL_POS] | [EVENT_BEFORE_ACTUAL_POS] --(BEFORE)--> [EVENT_BEFORE_ACTUAL_POS],admission,CONTAINS,examen,[RETOUR],admission,BEFORE,tomodensitométrie,,,,,,
88,51,FR100870,[EVENT_BEFORE_ACTUAL_POS] --(CONTAINS)--> [EVENT_BEFORE_ACTUAL_POS] | [EVENT_BEFORE_ACTUAL_POS] --(BEFORE)--> [EVENT_BEFORE_ACTUAL_POS],électrophorèse,CONTAINS,découverte,[RETOUR],électrophorèse,BEFORE,immunosoustraction,,,,,,
88,51,FR100874,[EVENT_BEFORE_ACTUAL_POS] --(CONTAINS)--> [EVENT_BEFORE_ACTUAL_POS] | [EVENT_BEFORE_ACTUAL_POS] --(BEFORE)--> [EVENT_BEFORE_ACTUAL_POS],admission,CONTAINS,interrogatoire,[RETOUR],admission,BEFORE,examen,,,,,,
88,51,FR100903,[EVENT_BEFORE_ACTUAL_POS] --(CONTAINS)--> [EVENT_BEFORE_ACTUAL_POS] | [EVENT_BEFORE_ACTUAL_POS] --(BEFORE)--> [EVENT_BEFORE_ACTUAL_POS],contrôles,CONTAINS,biométrie,[RETOUR],contrôles,BEFORE,accouchement,,,,,,
88,51,FR100919,[EVENT_BEFORE_ACTUAL_POS] --(CONTAINS)--> [EVENT_BEFORE_ACTUAL_POS] | [EVENT_BEFORE_ACTUAL_POS] --(BEFORE)--> [EVENT_BEFORE_ACTUAL_POS],correction,CONTAINS,injection,[RETOUR],correction,BEFORE,normalisation,,,,,,
88,51,FR100946,[EVENT_BEFORE_ACTUAL_POS] --(CONTAINS)--> [EVENT_BEFORE_ACTUAL_POS] | [EVENT_BEFORE_ACTUAL_POS] --(BEFORE)--> [EVENT_BEFORE_ACTUAL_POS],IRM,CONTAINS,prise,[RETOUR],IRM,BEFORE,analyse,,,,,,
88,51,FR100959,[EVENT_BEFORE_ACTUAL_POS] --(CONTAINS)--> [EVENT_BEFORE_ACTUAL_POS] | [EVENT_BEFORE_ACTUAL_POS] --(BEFORE)--> [EVENT_BEFORE_ACTUAL_POS],œsophagoscopie,CONTAINS,permis,[RETOUR],œsophagoscopie,BEFORE,Transit,,,,,,
88,51,FR100998,[EVENT_BEFORE_ACTUAL_POS] --(CONTAINS)--> [EVENT_BEFORE_ACTUAL_POS] | [EVENT_BEFORE_ACTUAL_POS] --(BEFORE)--> [EVENT_BEFORE_ACTUAL_POS],traitée,CONTAINS,cures,[RETOUR],traitée,BEFORE,bilan,,,,,,
97,51,FR100003,[EVENT_BEFORE_ACTUAL_POS] --(CONTAINS)--> [EVENT_BEFORE_ACTUAL_POS] | [EVENT_BEFORE_ACTUAL_POS] --(CONTAINS)--> [EVENT_BEFORE_ACTUAL_POS],foyer,CONTAINS,abordé,CONTAINS,incision,,,,,,,,
97,51,FR100092,[EVENT_BEFORE_ACTUAL_POS] --(CONTAINS)--> [EVENT_BEFORE_ACTUAL_POS] | [EVENT_BEFORE_ACTUAL_POS] --(CONTAINS)--> [EVENT_BEFORE_ACTUAL_POS],conjonctives,CONTAINS,examen,CONTAINS,fréquence,,,,,,,,
97,51,FR100120,[EVENT_BEFORE_ACTUAL_POS] --(CONTAINS)--> [EVENT_BEFORE_ACTUAL_POS] | [EVENT_BEFORE_ACTUAL_POS] --(CONTAINS)--> [EVENT_BEFORE_ACTUAL_POS],antécédents,CONTAINS,diabète,CONTAINS,antidiabétiques,,,,,,,,
97,51,FR100130,[EVENT_BEFORE_ACTUAL_POS] --(CONTAINS)--> [EVENT_BEFORE_ACTUAL_POS] | [EVENT_BEFORE_ACTUAL_POS] --(CONTAINS)--> [EVENT_BEFORE_ACTUAL_POS],marqueurs,CONTAINS,bilan,CONTAINS,recherchée,,,,,,,,
97,51,FR100132,[EVENT_BEFORE_ACTUAL_POS] --(CONTAINS)--> [EVENT_BEFORE_ACTUAL_POS] | [EVENT_BEFORE_ACTUAL_POS] --(CONTAINS)--> [EVENT_BEFORE_ACTUAL_POS],baisse,CONTAINS,consultation,CONTAINS,référée,,,,,,,,
97,51,FR100142,[EVENT_BEFORE_ACTUAL_POS] --(CONTAINS)--> [EVENT_BEFORE_ACTUAL_POS] | [EVENT_BEFORE_ACTUAL_POS] --(CONTAINS)--> [EVENT_BEFORE_ACTUAL_POS],évolution,CONTAINS,taux,CONTAINS,passé,,,,,,,,
97,51,FR100161,[EVENT_BEFORE_ACTUAL_POS] --(CONTAINS)--> [EVENT_BEFORE_ACTUAL_POS] | [EVENT_BEFORE_ACTUAL_POS] --(CONTAINS)--> [EVENT_BEFORE_ACTUAL_POS],sérologie,CONTAINS,examens,CONTAINS,Acti tests,,,,,,,,
97,51,FR100168,[EVENT_BEFORE_ACTUAL_POS] --(CONTAINS)--> [EVENT_BEFORE_ACTUAL_POS] | [EVENT_BEFORE_ACTUAL_POS] --(CONTAINS)--> [EVENT_BEFORE_ACTUAL_POS],prise,CONTAINS,entretien,CONTAINS,dévoiler,,,,,,,,
97,51,FR100275,[EVENT_BEFORE_ACTUAL_POS] --(CONTAINS)--> [EVENT_BEFORE_ACTUAL_POS] | [EVENT_BEFORE_ACTUAL_POS] --(CONTAINS)--> [EVENT_BEFORE_ACTUAL_POS],poids,CONTAINS,examen,CONTAINS,pression,,,,,,,,
97,51,FR100276,[EVENT_BEFORE_ACTUAL_POS] --(CONTAINS)--> [EVENT_BEFORE_ACTUAL_POS] | [EVENT_BEFORE_ACTUAL_POS] --(CONTAINS)--> [EVENT_BEFORE_ACTUAL_POS],pemphigoïde,CONTAINS,signe,CONTAINS,posé,,,,,,,,
97,51,FR100283,[EVENT_BEFORE_ACTUAL_POS] --(CONTAINS)--> [EVENT_BEFORE_ACTUAL_POS] | [EVENT_BEFORE_ACTUAL_POS] --(CONTAINS)--> [EVENT_BEFORE_ACTUAL_POS],diplopie,CONTAINS,consulté,CONTAINS,bilan,,,,,,,,
97,51,FR100296,[EVENT_BEFORE_ACTUAL_POS] --(CONTAINS)--> [EVENT_BEFORE_ACTUAL_POS] | [EVENT_BEFORE_ACTUAL_POS] --(CONTAINS)--> [EVENT_BEFORE_ACTUAL_POS],émergence,CONTAINS,fenestration,CONTAINS,ablation,,,,,,,,
97,51,FR100346,[EVENT_BEFORE_ACTUAL_POS] --(CONTAINS)--> [EVENT_BEFORE_ACTUAL_POS] | [EVENT_BEFORE_ACTUAL_POS] --(CONTAINS)--> [EVENT_BEFORE_ACTUAL_POS],pouls,CONTAINS,examen,CONTAINS,reste,,,,,,,,
97,51,FR100361,[EVENT_BEFORE_ACTUAL_POS] --(CONTAINS)--> [EVENT_BEFORE_ACTUAL_POS] | [EVENT_BEFORE_ACTUAL_POS] --(CONTAINS)--> [EVENT_BEFORE_ACTUAL_POS],GCS,CONTAINS,examen,CONTAINS,mobilisait,,,,,,,,
97,51,FR100371,[EVENT_BEFORE_ACTUAL_POS] --(CONTAINS)--> [EVENT_BEFORE_ACTUAL_POS] | [EVENT_BEFORE_ACTUAL_POS] --(CONTAINS)--> [EVENT_BEFORE_ACTUAL_POS],taux,CONTAINS,bilan,CONTAINS,bilan,,,,,,,,
97,51,FR100400,[EVENT_BEFORE_ACTUAL_POS] --(CONTAINS)--> [EVENT_BEFORE_ACTUAL_POS] | [EVENT_BEFORE_ACTUAL_POS] --(CONTAINS)--> [EVENT_BEFORE_ACTUAL_POS],kyste,CONTAINS,étude,CONTAINS,conclu,,,,,,,,
97,51,FR100439,[EVENT_BEFORE_ACTUAL_POS] --(CONTAINS)--> [EVENT_BEFORE_ACTUAL_POS] | [EVENT_BEFORE_ACTUAL_POS] --(CONTAINS)--> [EVENT_BEFORE_ACTUAL_POS],obstruction,CONTAINS,examen,CONTAINS,fibroscopie,,,,,,,,
97,51,FR100510,[EVENT_BEFORE_ACTUAL_POS] --(CONTAINS)--> [EVENT_BEFORE_ACTUAL_POS] | [EVENT_BEFORE_ACTUAL_POS] --(CONTAINS)--> [EVENT_BEFORE_ACTUAL_POS],lésion,CONTAINS,examen,CONTAINS,caractéristiques,,,,,,,,
97,51,FR100515,[EVENT_BEFORE_ACTUAL_POS] --(CONTAINS)--> [EVENT_BEFORE_ACTUAL_POS] | [EVENT_BEFORE_ACTUAL_POS] --(CONTAINS)--> [EVENT_BEFORE_ACTUAL_POS],bilan,CONTAINS,scanner,CONTAINS,images,,,,,,,,
97,51,FR100519,[EVENT_BEFORE_ACTUAL_POS] --(CONTAINS)--> [EVENT_BEFORE_ACTUAL_POS] | [EVENT_BEFORE_ACTUAL_POS] --(CONTAINS)--> [EVENT_BEFORE_ACTUAL_POS],déglobulisation,CONTAINS,hémogramme,CONTAINS,bilan,,,,,,,,
97,51,FR100579,[EVENT_BEFORE_ACTUAL_POS] --(CONTAINS)--> [EVENT_BEFORE_ACTUAL_POS] | [EVENT_BEFORE_ACTUAL_POS] --(CONTAINS)--> [EVENT_BEFORE_ACTUAL_POS],hypertension,CONTAINS,signes,CONTAINS,consulte,,,,,,,,
97,51,FR100589,[EVENT_BEFORE_ACTUAL_POS] --(CONTAINS)--> [EVENT_BEFORE_ACTUAL_POS] | [EVENT_BEFORE_ACTUAL_POS] --(CONTAINS)--> [EVENT_BEFORE_ACTUAL_POS],taux,CONTAINS,bilan,CONTAINS,tomodensitométrie,,,,,,,,
97,51,FR100597,[EVENT_BEFORE_ACTUAL_POS] --(CONTAINS)--> [EVENT_BEFORE_ACTUAL_POS] | [EVENT_BEFORE_ACTUAL_POS] --(CONTAINS)--> [EVENT_BEFORE_ACTUAL_POS],malignité,CONTAINS,signes,CONTAINS,examen,,,,,,,,
97,51,FR100611,[EVENT_BEFORE_ACTUAL_POS] --(CONTAINS)--> [EVENT_BEFORE_ACTUAL_POS] | [EVENT_BEFORE_ACTUAL_POS] --(CONTAINS)--> [EVENT_BEFORE_ACTUAL_POS],micronodules,CONTAINS,TDM,CONTAINS,image,,,,,,,,
97,51,FR100620,[EVENT_BEFORE_ACTUAL_POS] --(CONTAINS)--> [EVENT_BEFORE_ACTUAL_POS] | [EVENT_BEFORE_ACTUAL_POS] --(CONTAINS)--> [EVENT_BEFORE_ACTUAL_POS],aspect,CONTAINS,bronchoscopie,CONTAINS,lavage,,,,,,,,
97,51,FR100629,[EVENT_BEFORE_ACTUAL_POS] --(CONTAINS)--> [EVENT_BEFORE_ACTUAL_POS] | [EVENT_BEFORE_ACTUAL_POS] --(CONTAINS)--> [EVENT_BEFORE_ACTUAL_POS],chimiothérapie,CONTAINS,bithérapie,CONTAINS,doxorubicine,,,,,,,,
97,51,FR100632,[EVENT_BEFORE_ACTUAL_POS] --(CONTAINS)--> [EVENT_BEFORE_ACTUAL_POS] | [EVENT_BEFORE_ACTUAL_POS] --(CONTAINS)--> [EVENT_BEFORE_ACTUAL_POS],apyrétique,CONTAINS,examen,CONTAINS,constantes,,,,,,,,
97,51,FR100658,[EVENT_BEFORE_ACTUAL_POS] --(CONTAINS)--> [EVENT_BEFORE_ACTUAL_POS] | [EVENT_BEFORE_ACTUAL_POS] --(CONTAINS)--> [EVENT_BEFORE_ACTUAL_POS],examens,CONTAINS,bilan,CONTAINS,radiographie,,,,,,,,
97,51,FR100666,[EVENT_BEFORE_ACTUAL_POS] --(CONTAINS)--> [EVENT_BEFORE_ACTUAL_POS] | [EVENT_BEFORE_ACTUAL_POS] --(CONTAINS)--> [EVENT_BEFORE_ACTUAL_POS],asymétrie,CONTAINS,examen,CONTAINS,palpation,,,,,,,,
97,51,FR100683,[EVENT_BEFORE_ACTUAL_POS] --(CONTAINS)--> [EVENT_BEFORE_ACTUAL_POS] | [EVENT_BEFORE_ACTUAL_POS] --(CONTAINS)--> [EVENT_BEFORE_ACTUAL_POS],aménorrhée,CONTAINS,consulte,CONTAINS,anamnèse,,,,,,,,
97,51,FR100688,[EVENT_BEFORE_ACTUAL_POS] --(CONTAINS)--> [EVENT_BEFORE_ACTUAL_POS] | [EVENT_BEFORE_ACTUAL_POS] --(CONTAINS)--> [EVENT_BEFORE_ACTUAL_POS],séquelle,CONTAINS,évolution,CONTAINS,disparition,,,,,,,,
97,51,FR100689,[EVENT_BEFORE_ACTUAL_POS] --(CONTAINS)--> [EVENT_BEFORE_ACTUAL_POS] | [EVENT_BEFORE_ACTUAL_POS] --(CONTAINS)--> [EVENT_BEFORE_ACTUAL_POS],évolution,CONTAINS,effacement,CONTAINS,IRM,,,,,,,,
97,51,FR100748,[EVENT_BEFORE_ACTUAL_POS] --(CONTAINS)--> [EVENT_BEFORE_ACTUAL_POS] | [EVENT_BEFORE_ACTUAL_POS] --(CONTAINS)--> [EVENT_BEFORE_ACTUAL_POS],consultation,CONTAINS,examen,CONTAINS,tension,,,,,,,,
97,51,FR100766,[EVENT_BEFORE_ACTUAL_POS] --(CONTAINS)--> [EVENT_BEFORE_ACTUAL_POS] | [EVENT_BEFORE_ACTUAL_POS] --(CONTAINS)--> [EVENT_BEFORE_ACTUAL_POS],adénocarcinome,CONTAINS,opéré,CONTAINS,amputation,,,,,,,,
97,51,FR100780,[EVENT_BEFORE_ACTUAL_POS] --(CONTAINS)--> [EVENT_BEFORE_ACTUAL_POS] | [EVENT_BEFORE_ACTUAL_POS] --(CONTAINS)--> [EVENT_BEFORE_ACTUAL_POS],poids,CONTAINS,examen,CONTAINS,température,,,,,,,,
97,51,FR100806,[EVENT_BEFORE_ACTUAL_POS] --(CONTAINS)--> [EVENT_BEFORE_ACTUAL_POS] | [EVENT_BEFORE_ACTUAL_POS] --(CONTAINS)--> [EVENT_BEFORE_ACTUAL_POS],dédifférenciés,CONTAINS,échographies,CONTAINS,notait,,,,,,,,
97,51,FR100814,[EVENT_BEFORE_ACTUAL_POS] --(CONTAINS)--> [EVENT_BEFORE_ACTUAL_POS] | [EVENT_BEFORE_ACTUAL_POS] --(CONTAINS)--> [EVENT_BEFORE_ACTUAL_POS],processus,CONTAINS,IRM,CONTAINS,iso-signal,,,,,,,,
97,51,FR100826,[EVENT_BEFORE_ACTUAL_POS] --(CONTAINS)--> [EVENT_BEFORE_ACTUAL_POS] | [EVENT_BEFORE_ACTUAL_POS] --(CONTAINS)--> [EVENT_BEFORE_ACTUAL_POS],draine,CONTAINS,bilan,CONTAINS,tomodensitométrie,,,,,,,,
97,51,FR100845,[EVENT_BEFORE_ACTUAL_POS] --(CONTAINS)--> [EVENT_BEFORE_ACTUAL_POS] | [EVENT_BEFORE_ACTUAL_POS] --(CONTAINS)--> [EVENT_BEFORE_ACTUAL_POS],jumeaux,CONTAINS,aspect,CONTAINS,échographie,,,,,,,,
97,51,FR100849,[EVENT_BEFORE_ACTUAL_POS] --(CONTAINS)--> [EVENT_BEFORE_ACTUAL_POS] | [EVENT_BEFORE_ACTUAL_POS] --(CONTAINS)--> [EVENT_BEFORE_ACTUAL_POS],IMC,CONTAINS,admission,CONTAINS,examen,,,,,,,,
97,51,FR100874,[EVENT_BEFORE_ACTUAL_POS] --(CONTAINS)--> [EVENT_BEFORE_ACTUAL_POS] | [EVENT_BEFORE_ACTUAL_POS] --(CONTAINS)--> [EVENT_BEFORE_ACTUAL_POS],refoulement,CONTAINS,transit,CONTAINS,image,,,,,,,,
97,51,FR100882,[EVENT_BEFORE_ACTUAL_POS] --(CONTAINS)--> [EVENT_BEFORE_ACTUAL_POS] | [EVENT_BEFORE_ACTUAL_POS] --(CONTAINS)--> [EVENT_BEFORE_ACTUAL_POS],évolution,CONTAINS,amélioration,CONTAINS,régression,,,,,,,,
97,51,FR100903,[EVENT_BEFORE_ACTUAL_POS] --(CONTAINS)--> [EVENT_BEFORE_ACTUAL_POS] | [EVENT_BEFORE_ACTUAL_POS] --(CONTAINS)--> [EVENT_BEFORE_ACTUAL_POS],dilatées,CONTAINS,échographie,CONTAINS,visualisation,,,,,,,,
97,51,FR100930,[EVENT_BEFORE_ACTUAL_POS] --(CONTAINS)--> [EVENT_BEFORE_ACTUAL_POS] | [EVENT_BEFORE_ACTUAL_POS] --(CONTAINS)--> [EVENT_BEFORE_ACTUAL_POS],admis,CONTAINS,recours,CONTAINS,permis,,,,,,,,
97,51,FR100944,[EVENT_BEFORE_ACTUAL_POS] --(CONTAINS)--> [EVENT_BEFORE_ACTUAL_POS] | [EVENT_BEFORE_ACTUAL_POS] --(CONTAINS)--> [EVENT_BEFORE_ACTUAL_POS],insuffisance,CONTAINS,suivi,CONTAINS,hospitalisé,,,,,,,,
97,51,FR100946,[EVENT_BEFORE_ACTUAL_POS] --(CONTAINS)--> [EVENT_BEFORE_ACTUAL_POS] | [EVENT_BEFORE_ACTUAL_POS] --(CONTAINS)--> [EVENT_BEFORE_ACTUAL_POS],processus,CONTAINS,IRM,CONTAINS,prise,,,,,,,,
97,51,FR100959,[EVENT_BEFORE_ACTUAL_POS] --(CONTAINS)--> [EVENT_BEFORE_ACTUAL_POS] | [EVENT_BEFORE_ACTUAL_POS] --(CONTAINS)--> [EVENT_BEFORE_ACTUAL_POS],admis,CONTAINS,œsophagoscopie,CONTAINS,extraction,,,,,,,,
97,51,FR100960,[EVENT_BEFORE_ACTUAL_POS] --(CONTAINS)--> [EVENT_BEFORE_ACTUAL_POS] | [EVENT_BEFORE_ACTUAL_POS] --(CONTAINS)--> [EVENT_BEFORE_ACTUAL_POS],consulté,CONTAINS,étude,CONTAINS,localisation,,,,,,,,
97,51,FR100994,[EVENT_BEFORE_ACTUAL_POS] --(CONTAINS)--> [EVENT_BEFORE_ACTUAL_POS] | [EVENT_BEFORE_ACTUAL_POS] --(CONTAINS)--> [EVENT_BEFORE_ACTUAL_POS],cancer,CONTAINS,suivi,CONTAINS,opéré,,,,,,,,
22,48,FR100003,[EVENT_BEFORE_ACTUAL_POS] --(CONTAINS)--> [EVENT_BEFORE_ACTUAL_POS] | [EVENT_BEFORE_ACTUAL_POS] --(BEFORE)--> [EVENT_BEFORE_ACTUAL_POS] | [EVENT_BEFORE_ACTUAL_POS] --(BEFORE)--> [EVENT_BEFORE_ACTUAL_POS] | [EVENT_BEFORE_ACTUAL_POS] --(BEFORE)--> [EVENT_BEFORE_ACTUAL_POS] | [EVENT_BEFORE_ACTUAL_POS] --(BEFORE)--> [EVENT_BEFORE_ACTUAL_POS],granulome,CONTAINS,panoramique,BEFORE,ponction,BEFORE,examen,BEFORE,examen,BEFORE,antibiothérapie,,
22,48,FR100092,[EVENT_BEFORE_ACTUAL_POS] --(CONTAINS)--> [EVENT_BEFORE_ACTUAL_POS] | [EVENT_BEFORE_ACTUAL_POS] --(BEFORE)--> [EVENT_BEFORE_ACTUAL_POS] | [EVENT_BEFORE_ACTUAL_POS] --(BEFORE)--> [EVENT_BEFORE_ACTUAL_POS] | [EVENT_BEFORE_ACTUAL_POS] --(BEFORE)--> [EVENT_BEFORE_ACTUAL_POS] | [EVENT_BEFORE_ACTUAL_POS] --(BEFORE)--> [EVENT_BEFORE_ACTUAL_POS],conjonctives,CONTAINS,examen,BEFORE,examen,BEFORE,examen,BEFORE,échographie,BEFORE,tableau,,
22,48,FR100130,[EVENT_BEFORE_ACTUAL_POS] --(CONTAINS)--> [EVENT_BEFORE_ACTUAL_POS] | [EVENT_BEFORE_ACTUAL_POS] --(BEFORE)--> [EVENT_BEFORE_ACTUAL_POS] | [EVENT_BEFORE_ACTUAL_POS] --(BEFORE)--> [EVENT_BEFORE_ACTUAL_POS] | [EVENT_BEFORE_ACTUAL_POS] --(BEFORE)--> [EVENT_BEFORE_ACTUAL_POS] | [EVENT_BEFORE_ACTUAL_POS] --(BEFORE)--> [EVENT_BEFORE_ACTUAL_POS],lombalgies,CONTAINS,admis,BEFORE,plaignait,BEFORE,examen,BEFORE,biologie,BEFORE,glycémie,,
22,48,FR100132,[EVENT_BEFORE_ACTUAL_POS] --(CONTAINS)--> [EVENT_BEFORE_ACTUAL_POS] | [EVENT_BEFORE_ACTUAL_POS] --(BEFORE)--> [EVENT_BEFORE_ACTUAL_POS] | [EVENT_BEFORE_ACTUAL_POS] --(BEFORE)--> [EVENT_BEFORE_ACTUAL_POS] | [EVENT_BEFORE_ACTUAL_POS] --(BEFORE)--> [EVENT_BEFORE_ACTUAL_POS] | [EVENT_BEFORE_ACTUAL_POS] --(BEFORE)--> [EVENT_BEFORE_ACTUAL_POS],examen,CONTAINS,palpation,BEFORE,histologie,BEFORE,examen,BEFORE,écho-Doppler,BEFORE,reçu,,
22,48,FR100142,[EVENT_BEFORE_ACTUAL_POS] --(CONTAINS)--> [EVENT_BEFORE_ACTUAL_POS] | [EVENT_BEFORE_ACTUAL_POS] --(BEFORE)--> [EVENT_BEFORE_ACTUAL_POS] | [EVENT_BEFORE_ACTUAL_POS] --(BEFORE)--> [EVENT_BEFORE_ACTUAL_POS] | [EVENT_BEFORE_ACTUAL_POS] --(BEFORE)--> [EVENT_BEFORE_ACTUAL_POS] | [EVENT_BEFORE_ACTUAL_POS] --(BEFORE)--> [EVENT_BEFORE_ACTUAL_POS],lésions,CONTAINS,examen,BEFORE,électrophorèse,BEFORE,scanner,BEFORE,fibroscopie,BEFORE,colonoscopie,,
22,48,FR100161,[EVENT_BEFORE_ACTUAL_POS] --(CONTAINS)--> [EVENT_BEFORE_ACTUAL_POS] | [EVENT_BEFORE_ACTUAL_POS] --(BEFORE)--> [EVENT_BEFORE_ACTUAL_POS] | [EVENT_BEFORE_ACTUAL_POS] --(BEFORE)--> [EVENT_BEFORE_ACTUAL_POS] | [EVENT_BEFORE_ACTUAL_POS] --(BEFORE)--> [EVENT_BEFORE_ACTUAL_POS] | [EVENT_BEFORE_ACTUAL_POS] --(BEFORE)--> [EVENT_BEFORE_ACTUAL_POS],sérologie,CONTAINS,examens,BEFORE,radiographie,BEFORE,complément,BEFORE,cortisol,BEFORE,exérèse,,
22,48,FR100255,[EVENT_BEFORE_ACTUAL_POS] --(CONTAINS)--> [EVENT_BEFORE_ACTUAL_POS] | [EVENT_BEFORE_ACTUAL_POS] --(BEFORE)--> [EVENT_BEFORE_ACTUAL_POS] | [EVENT_BEFORE_ACTUAL_POS] --(BEFORE)--> [EVENT_BEFORE_ACTUAL_POS] | [EVENT_BEFORE_ACTUAL_POS] --(BEFORE)--> [EVENT_BEFORE_ACTUAL_POS] | [EVENT_BEFORE_ACTUAL_POS] --(BEFORE)--> [EVENT_BEFORE_ACTUAL_POS],fréquence,CONTAINS,examen,BEFORE,examen,BEFORE,échographie,BEFORE,mise,BEFORE,traitement,,
22,48,FR100275,[EVENT_BEFORE_ACTUAL_POS] --(CONTAINS)--> [EVENT_BEFORE_ACTUAL_POS] | [EVENT_BEFORE_ACTUAL_POS] --(BEFORE)--> [EVENT_BEFORE_ACTUAL_POS] | [EVENT_BEFORE_ACTUAL_POS] --(BEFORE)--> [EVENT_BEFORE_ACTUAL_POS] | [EVENT_BEFORE_ACTUAL_POS] --(BEFORE)--> [EVENT_BEFORE_ACTUAL_POS] | [EVENT_BEFORE_ACTUAL_POS] --(BEFORE)--> [EVENT_BEFORE_ACTUAL_POS],mort,CONTAINS,établi,BEFORE,manœuvres,BEFORE,transféré,BEFORE,anamnèse,BEFORE,examen,,
22,48,FR100282,[EVENT_BEFORE_ACTUAL_POS] --(CONTAINS)--> [EVENT_BEFORE_ACTUAL_POS] | [EVENT_BEFORE_ACTUAL_POS] --(BEFORE)--> [EVENT_BEFORE_ACTUAL_POS] | [EVENT_BEFORE_ACTUAL_POS] --(BEFORE)--> [EVENT_BEFORE_ACTUAL_POS] | [EVENT_BEFORE_ACTUAL_POS] --(BEFORE)--> [EVENT_BEFORE_ACTUAL_POS] | [EVENT_BEFORE_ACTUAL_POS] --(BEFORE)--> [EVENT_BEFORE_ACTUAL_POS],tracé,CONTAINS,électroencéphalogramme,BEFORE,scanner,BEFORE,conclus,BEFORE,instauré,BEFORE,suivi,,
22,48,FR100283,[EVENT_BEFORE_ACTUAL_POS] --(CONTAINS)--> [EVENT_BEFORE_ACTUAL_POS] | [EVENT_BEFORE_ACTUAL_POS] --(BEFORE)--> [EVENT_BEFORE_ACTUAL_POS] | [EVENT_BEFORE_ACTUAL_POS] --(BEFORE)--> [EVENT_BEFORE_ACTUAL_POS] | [EVENT_BEFORE_ACTUAL_POS] --(BEFORE)--> [EVENT_BEFORE_ACTUAL_POS] | [EVENT_BEFORE_ACTUAL_POS] --(BEFORE)--> [EVENT_BEFORE_ACTUAL_POS],syndrome,CONTAINS,bilan,BEFORE,IRM,BEFORE,hypophysiogramme,BEFORE,traitement,BEFORE,évolution,,
22,48,FR100296,[EVENT_BEFORE_ACTUAL_POS] --(CONTAINS)--> [EVENT_BEFORE_ACTUAL_POS] | [EVENT_BEFORE_ACTUAL_POS] --(BEFORE)--> [EVENT_BEFORE_ACTUAL_POS] | [EVENT_BEFORE_ACTUAL_POS] --(BEFORE)--> [EVENT_BEFORE_ACTUAL_POS] | [EVENT_BEFORE_ACTUAL_POS] --(BEFORE)--> [EVENT_BEFORE_ACTUAL_POS] | [EVENT_BEFORE_ACTUAL_POS] --(BEFORE)--> [EVENT_BEFORE_ACTUAL_POS],phénomènes,CONTAINS,examen,BEFORE,IRM,BEFORE,fenestration,BEFORE,suites,BEFORE,exéaté,,
22,48,FR100314,[EVENT_BEFORE_ACTUAL_POS] --(CONTAINS)--> [EVENT_BEFORE_ACTUAL_POS] | [EVENT_BEFORE_ACTUAL_POS] --(BEFORE)--> [EVENT_BEFORE_ACTUAL_POS] | [EVENT_BEFORE_ACTUAL_POS] --(BEFORE)--> [EVENT_BEFORE_ACTUAL_POS] | [EVENT_BEFORE_ACTUAL_POS] --(BEFORE)--> [EVENT_BEFORE_ACTUAL_POS] | [EVENT_BEFORE_ACTUAL_POS] --(BEFORE)--> [EVENT_BEFORE_ACTUAL_POS],fracture,CONTAINS,bilan,BEFORE,drainage,BEFORE,angio-scanner,BEFORE,amputation,BEFORE,mise,,
22,48,FR100344,[EVENT_BEFORE_ACTUAL_POS] --(CONTAINS)--> [EVENT_BEFORE_ACTUAL_POS] | [EVENT_BEFORE_ACTUAL_POS] --(BEFORE)--> [EVENT_BEFORE_ACTUAL_POS] | [EVENT_BEFORE_ACTUAL_POS] --(BEFORE)--> [EVENT_BEFORE_ACTUAL_POS] | [EVENT_BEFORE_ACTUAL_POS] --(BEFORE)--> [EVENT_BEFORE_ACTUAL_POS] | [EVENT_BEFORE_ACTUAL_POS] --(BEFORE)--> [EVENT_BEFORE_ACTUAL_POS],évolution,CONTAINS,déroulée,BEFORE,plainte,BEFORE,examen,BEFORE,césarienne,BEFORE,pesait,,
22,48,FR100346,[EVENT_BEFORE_ACTUAL_POS] --(CONTAINS)--> [EVENT_BEFORE_ACTUAL_POS] | [EVENT_BEFORE_ACTUAL_POS] --(BEFORE)--> [EVENT_BEFORE_ACTUAL_POS] | [EVENT_BEFORE_ACTUAL_POS] --(BEFORE)--> [EVENT_BEFORE_ACTUAL_POS] | [EVENT_BEFORE_ACTUAL_POS] --(BEFORE)--> [EVENT_BEFORE_ACTUAL_POS] | [EVENT_BEFORE_ACTUAL_POS] --(BEFORE)--> [EVENT_BEFORE_ACTUAL_POS],lésions,CONTAINS,angioscanner,BEFORE,echo-dopler,BEFORE,IRM,BEFORE,scanner,BEFORE,posé,,
22,48,FR100360,[EVENT_BEFORE_ACTUAL_POS] --(CONTAINS)--> [EVENT_BEFORE_ACTUAL_POS] | [EVENT_BEFORE_ACTUAL_POS] --(BEFORE)--> [EVENT_BEFORE_ACTUAL_POS] | [EVENT_BEFORE_ACTUAL_POS] --(BEFORE)--> [EVENT_BEFORE_ACTUAL_POS] | [EVENT_BEFORE_ACTUAL_POS] --(BEFORE)--> [EVENT_BEFORE_ACTUAL_POS] | [EVENT_BEFORE_ACTUAL_POS] --(BEFORE)--> [EVENT_BEFORE_ACTUAL_POS],adénocarcinome,CONTAINS,examen,BEFORE,curage,BEFORE,radiothérapie,BEFORE,fin,BEFORE,tomodensitométrie,,
22,48,FR100361,[EVENT_BEFORE_ACTUAL_POS] --(CONTAINS)--> [EVENT_BEFORE_ACTUAL_POS] | [EVENT_BEFORE_ACTUAL_POS] --(BEFORE)--> [EVENT_BEFORE_ACTUAL_POS] | [EVENT_BEFORE_ACTUAL_POS] --(BEFORE)--> [EVENT_BEFORE_ACTUAL_POS] | [EVENT_BEFORE_ACTUAL_POS] --(BEFORE)--> [EVENT_BEFORE_ACTUAL_POS] | [EVENT_BEFORE_ACTUAL_POS] --(BEFORE)--> [EVENT_BEFORE_ACTUAL_POS],GCS,CONTAINS,examen,BEFORE,TDM,BEFORE,ponction,BEFORE,examen,BEFORE,examen,,
22,48,FR100371,[EVENT_BEFORE_ACTUAL_POS] --(CONTAINS)--> [EVENT_BEFORE_ACTUAL_POS] | [EVENT_BEFORE_ACTUAL_POS] --(BEFORE)--> [EVENT_BEFORE_ACTUAL_POS] | [EVENT_BEFORE_ACTUAL_POS] --(BEFORE)--> [EVENT_BEFORE_ACTUAL_POS] | [EVENT_BEFORE_ACTUAL_POS] --(BEFORE)--> [EVENT_BEFORE_ACTUAL_POS] | [EVENT_BEFORE_ACTUAL_POS] --(BEFORE)--> [EVENT_BEFORE_ACTUAL_POS],tension,CONTAINS,examen,BEFORE,examen,BEFORE,bilan,BEFORE,bilan,BEFORE,intervention,,
22,48,FR100400,[EVENT_BEFORE_ACTUAL_POS] --(CONTAINS)--> [EVENT_BEFORE_ACTUAL_POS] | [EVENT_BEFORE_ACTUAL_POS] --(BEFORE)--> [EVENT_BEFORE_ACTUAL_POS] | [EVENT_BEFORE_ACTUAL_POS] --(BEFORE)--> [EVENT_BEFORE_ACTUAL_POS] | [EVENT_BEFORE_ACTUAL_POS] --(BEFORE)--> [EVENT_BEFORE_ACTUAL_POS] | [EVENT_BEFORE_ACTUAL_POS] --(BEFORE)--> [EVENT_BEFORE_ACTUAL_POS],lésion,CONTAINS,échographie,BEFORE,scanner,BEFORE,diagnostic,BEFORE,exploration,BEFORE,résection,,
22,48,FR100439,[EVENT_BEFORE_ACTUAL_POS] --(CONTAINS)--> [EVENT_BEFORE_ACTUAL_POS] | [EVENT_BEFORE_ACTUAL_POS] --(BEFORE)--> [EVENT_BEFORE_ACTUAL_POS] | [EVENT_BEFORE_ACTUAL_POS] --(BEFORE)--> [EVENT_BEFORE_ACTUAL_POS] | [EVENT_BEFORE_ACTUAL_POS] --(BEFORE)--> [EVENT_BEFORE_ACTUAL_POS] | [EVENT_BEFORE_ACTUAL_POS] --(BEFORE)--> [EVENT_BEFORE_ACTUAL_POS],anesthésie,CONTAINS,endoscopie,BEFORE,biopsies,BEFORE,analyse,BEFORE,exploration,BEFORE,posant,,
22,48,FR100480,[EVENT_BEFORE_ACTUAL_POS] --(CONTAINS)--> [EVENT_BEFORE_ACTUAL_POS] | [EVENT_BEFORE_ACTUAL_POS] --(BEFORE)--> [EVENT_BEFORE_ACTUAL_POS] | [EVENT_BEFORE_ACTUAL_POS] --(BEFORE)--> [EVENT_BEFORE_ACTUAL_POS] | [EVENT_BEFORE_ACTUAL_POS] --(BEFORE)--> [EVENT_BEFORE_ACTUAL_POS] | [EVENT_BEFORE_ACTUAL_POS] --(BEFORE)--> [EVENT_BEFORE_ACTUAL_POS],extension,CONTAINS,imagerie,BEFORE,bilan,BEFORE,scanner,BEFORE,Tomographie,BEFORE,reprise,,
22,48,FR100517,[EVENT_BEFORE_ACTUAL_POS] --(CONTAINS)--> [EVENT_BEFORE_ACTUAL_POS] | [EVENT_BEFORE_ACTUAL_POS] --(BEFORE)--> [EVENT_BEFORE_ACTUAL_POS] | [EVENT_BEFORE_ACTUAL_POS] --(BEFORE)--> [EVENT_BEFORE_ACTUAL_POS] | [EVENT_BEFORE_ACTUAL_POS] --(BEFORE)--> [EVENT_BEFORE_ACTUAL_POS] | [EVENT_BEFORE_ACTUAL_POS] --(BEFORE)--> [EVENT_BEFORE_ACTUAL_POS],plaques,CONTAINS,examen,BEFORE,bilan,BEFORE,électromyogramme,BEFORE,bilan,BEFORE,explorations,,
22,48,FR100519,[EVENT_BEFORE_ACTUAL_POS] --(CONTAINS)--> [EVENT_BEFORE_ACTUAL_POS] | [EVENT_BEFORE_ACTUAL_POS] --(BEFORE)--> [EVENT_BEFORE_ACTUAL_POS] | [EVENT_BEFORE_ACTUAL_POS] --(BEFORE)--> [EVENT_BEFORE_ACTUAL_POS] | [EVENT_BEFORE_ACTUAL_POS] --(BEFORE)--> [EVENT_BEFORE_ACTUAL_POS] | [EVENT_BEFORE_ACTUAL_POS] --(BEFORE)--> [EVENT_BEFORE_ACTUAL_POS],aspect,CONTAINS,bilan,BEFORE,angioscanner,BEFORE,échodoppler,BEFORE,retenue,BEFORE,poursuivie,,
22,48,FR100589,[EVENT_BEFORE_ACTUAL_POS] --(CONTAINS)--> [EVENT_BEFORE_ACTUAL_POS] | [EVENT_BEFORE_ACTUAL_POS] --(BEFORE)--> [EVENT_BEFORE_ACTUAL_POS] | [EVENT_BEFORE_ACTUAL_POS] --(BEFORE)--> [EVENT_BEFORE_ACTUAL_POS] | [EVENT_BEFORE_ACTUAL_POS] --(BEFORE)--> [EVENT_BEFORE_ACTUAL_POS] | [EVENT_BEFORE_ACTUAL_POS] --(BEFORE)--> [EVENT_BEFORE_ACTUAL_POS],syndrome,CONTAINS,Cytométrie,BEFORE,biopsie,BEFORE,bilan,BEFORE,caryotype,BEFORE,sérologie,,
22,48,FR100597,[EVENT_BEFORE_ACTUAL_POS] --(CONTAINS)--> [EVENT_BEFORE_ACTUAL_POS] | [EVENT_BEFORE_ACTUAL_POS] --(BEFORE)--> [EVENT_BEFORE_ACTUAL_POS] | [EVENT_BEFORE_ACTUAL_POS] --(BEFORE)--> [EVENT_BEFORE_ACTUAL_POS] | [EVENT_BEFORE_ACTUAL_POS] --(BEFORE)--> [EVENT_BEFORE_ACTUAL_POS] | [EVENT_BEFORE_ACTUAL_POS] --(BEFORE)--> [EVENT_BEFORE_ACTUAL_POS],consultation,CONTAINS,examen,BEFORE,examen,BEFORE,examen,BEFORE,toucher,BEFORE,reste,,
22,48,FR100611,[EVENT_BEFORE_ACTUAL_POS] --(CONTAINS)--> [EVENT_BEFORE_ACTUAL_POS] | [EVENT_BEFORE_ACTUAL_POS] --(BEFORE)--> [EVENT_BEFORE_ACTUAL_POS] | [EVENT_BEFORE_ACTUAL_POS] --(BEFORE)--> [EVENT_BEFORE_ACTUAL_POS] | [EVENT_BEFORE_ACTUAL_POS] --(BEFORE)--> [EVENT_BEFORE_ACTUAL_POS] | [EVENT_BEFORE_ACTUAL_POS] --(BEFORE)--> [EVENT_BEFORE_ACTUAL_POS],syndrome,CONTAINS,examen,BEFORE,IRM,BEFORE,étude,BEFORE,examen,BEFORE,cultures,,
22,48,FR100614,[EVENT_BEFORE_ACTUAL_POS] --(CONTAINS)--> [EVENT_BEFORE_ACTUAL_POS] | [EVENT_BEFORE_ACTUAL_POS] --(BEFORE)--> [EVENT_BEFORE_ACTUAL_POS] | [EVENT_BEFORE_ACTUAL_POS] --(BEFORE)--> [EVENT_BEFORE_ACTUAL_POS] | [EVENT_BEFORE_ACTUAL_POS] --(BEFORE)--> [EVENT_BEFORE_ACTUAL_POS] | [EVENT_BEFORE_ACTUAL_POS] --(BEFORE)--> [EVENT_BEFORE_ACTUAL_POS],kyste,CONTAINS,exploration,BEFORE,rupture,BEFORE,intervention,BEFORE,résection,BEFORE,étude,,
22,48,FR100620,[EVENT_BEFORE_ACTUAL_POS] --(CONTAINS)--> [EVENT_BEFORE_ACTUAL_POS] | [EVENT_BEFORE_ACTUAL_POS] --(BEFORE)--> [EVENT_BEFORE_ACTUAL_POS] | [EVENT_BEFORE_ACTUAL_POS] --(BEFORE)--> [EVENT_BEFORE_ACTUAL_POS] | [EVENT_BEFORE_ACTUAL_POS] --(BEFORE)--> [EVENT_BEFORE_ACTUAL_POS] | [EVENT_BEFORE_ACTUAL_POS] --(BEFORE)--> [EVENT_BEFORE_ACTUAL_POS],conservation,CONTAINS,présenté,BEFORE,examen,BEFORE,radiographie,BEFORE,drainage,BEFORE,radiographie,,
22,48,FR100623,[EVENT_BEFORE_ACTUAL_POS] --(CONTAINS)--> [EVENT_BEFORE_ACTUAL_POS] | [EVENT_BEFORE_ACTUAL_POS] --(BEFORE)--> [EVENT_BEFORE_ACTUAL_POS] | [EVENT_BEFORE_ACTUAL_POS] --(BEFORE)--> [EVENT_BEFORE_ACTUAL_POS] | [EVENT_BEFORE_ACTUAL_POS] --(BEFORE)--> [EVENT_BEFORE_ACTUAL_POS] | [EVENT_BEFORE_ACTUAL_POS] --(BEFORE)--> [EVENT_BEFORE_ACTUAL_POS],douleur,CONTAINS,consulté,BEFORE,examen,BEFORE,échographie,BEFORE,tomodensitométrie,BEFORE,retenu,,
22,48,FR100629,[EVENT_BEFORE_ACTUAL_POS] --(CONTAINS)--> [EVENT_BEFORE_ACTUAL_POS] | [EVENT_BEFORE_ACTUAL_POS] --(BEFORE)--> [EVENT_BEFORE_ACTUAL_POS] | [EVENT_BEFORE_ACTUAL_POS] --(BEFORE)--> [EVENT_BEFORE_ACTUAL_POS] | [EVENT_BEFORE_ACTUAL_POS] --(BEFORE)--> [EVENT_BEFORE_ACTUAL_POS] | [EVENT_BEFORE_ACTUAL_POS] --(BEFORE)--> [EVENT_BEFORE_ACTUAL_POS],opacité,CONTAINS,radiographie,BEFORE,thoracoscopie,BEFORE,marquage,BEFORE,bilan,BEFORE,décision,,
22,48,FR100632,[EVENT_BEFORE_ACTUAL_POS] --(CONTAINS)--> [EVENT_BEFORE_ACTUAL_POS] | [EVENT_BEFORE_ACTUAL_POS] --(BEFORE)--> [EVENT_BEFORE_ACTUAL_POS] | [EVENT_BEFORE_ACTUAL_POS] --(BEFORE)--> [EVENT_BEFORE_ACTUAL_POS] | [EVENT_BEFORE_ACTUAL_POS] --(BEFORE)--> [EVENT_BEFORE_ACTUAL_POS] | [EVENT_BEFORE_ACTUAL_POS] --(BEFORE)--> [EVENT_BEFORE_ACTUAL_POS],apyrétique,CONTAINS,examen,BEFORE,examen,BEFORE,IRM,BEFORE,IRM,BEFORE,étude,,
22,48,FR100663,[EVENT_BEFORE_ACTUAL_POS] --(CONTAINS)--> [EVENT_BEFORE_ACTUAL_POS] | [EVENT_BEFORE_ACTUAL_POS] --(BEFORE)--> [EVENT_BEFORE_ACTUAL_POS] | [EVENT_BEFORE_ACTUAL_POS] --(BEFORE)--> [EVENT_BEFORE_ACTUAL_POS] | [EVENT_BEFORE_ACTUAL_POS] --(BEFORE)--> [EVENT_BEFORE_ACTUAL_POS] | [EVENT_BEFORE_ACTUAL_POS] --(BEFORE)--> [EVENT_BEFORE_ACTUAL_POS],stable,CONTAINS,examen,BEFORE,examen,BEFORE,échographie,BEFORE,taux,BEFORE,tenté,,
22,48,FR100666,[EVENT_BEFORE_ACTUAL_POS] --(CONTAINS)--> [EVENT_BEFORE_ACTUAL_POS] | [EVENT_BEFORE_ACTUAL_POS] --(BEFORE)--> [EVENT_BEFORE_ACTUAL_POS] | [EVENT_BEFORE_ACTUAL_POS] --(BEFORE)--> [EVENT_BEFORE_ACTUAL_POS] | [EVENT_BEFORE_ACTUAL_POS] --(BEFORE)--> [EVENT_BEFORE_ACTUAL_POS] | [EVENT_BEFORE_ACTUAL_POS] --(BEFORE)--> [EVENT_BEFORE_ACTUAL_POS],asymétrie,CONTAINS,examen,BEFORE,examen,BEFORE,palpation,BEFORE,radiographie,BEFORE,tomodensitométrie,,
22,48,FR100683,[EVENT_BEFORE_ACTUAL_POS] --(CONTAINS)--> [EVENT_BEFORE_ACTUAL_POS] | [EVENT_BEFORE_ACTUAL_POS] --(BEFORE)--> [EVENT_BEFORE_ACTUAL_POS] | [EVENT_BEFORE_ACTUAL_POS] --(BEFORE)--> [EVENT_BEFORE_ACTUAL_POS] | [EVENT_BEFORE_ACTUAL_POS] --(BEFORE)--> [EVENT_BEFORE_ACTUAL_POS] | [EVENT_BEFORE_ACTUAL_POS] --(BEFORE)--> [EVENT_BEFORE_ACTUAL_POS],pouls,CONTAINS,examen,BEFORE,exploration,BEFORE,exploration,BEFORE,IRM,BEFORE,écho-mammographie,,
22,48,FR100688,[EVENT_BEFORE_ACTUAL_POS] --(CONTAINS)--> [EVENT_BEFORE_ACTUAL_POS] | [EVENT_BEFORE_ACTUAL_POS] --(BEFORE)--> [EVENT_BEFORE_ACTUAL_POS] | [EVENT_BEFORE_ACTUAL_POS] --(BEFORE)--> [EVENT_BEFORE_ACTUAL_POS] | [EVENT_BEFORE_ACTUAL_POS] --(BEFORE)--> [EVENT_BEFORE_ACTUAL_POS] | [EVENT_BEFORE_ACTUAL_POS] --(BEFORE)--> [EVENT_BEFORE_ACTUAL_POS],indice,CONTAINS,examen,BEFORE,examen,BEFORE,examen,BEFORE,sérologie,BEFORE,recherche,,
22,48,FR100689,[EVENT_BEFORE_ACTUAL_POS] --(CONTAINS)--> [EVENT_BEFORE_ACTUAL_POS] | [EVENT_BEFORE_ACTUAL_POS] --(BEFORE)--> [EVENT_BEFORE_ACTUAL_POS] | [EVENT_BEFORE_ACTUAL_POS] --(BEFORE)--> [EVENT_BEFORE_ACTUAL_POS] | [EVENT_BEFORE_ACTUAL_POS] --(BEFORE)--> [EVENT_BEFORE_ACTUAL_POS] | [EVENT_BEFORE_ACTUAL_POS] --(BEFORE)--> [EVENT_BEFORE_ACTUAL_POS],foyers,CONTAINS,scanner,BEFORE,hémogramme,BEFORE,ionogramme,BEFORE,examen,BEFORE,retenu,,
22,48,FR100697,[EVENT_BEFORE_ACTUAL_POS] --(CONTAINS)--> [EVENT_BEFORE_ACTUAL_POS] | [EVENT_BEFORE_ACTUAL_POS] --(BEFORE)--> [EVENT_BEFORE_ACTUAL_POS] | [EVENT_BEFORE_ACTUAL_POS] --(BEFORE)--> [EVENT_BEFORE_ACTUAL_POS] | [EVENT_BEFORE_ACTUAL_POS] --(BEFORE)--> [EVENT_BEFORE_ACTUAL_POS] | [EVENT_BEFORE_ACTUAL_POS] --(BEFORE)--> [EVENT_BEFORE_ACTUAL_POS],adénopathies,CONTAINS,examen,BEFORE,mammographie,BEFORE,échographie,BEFORE,examen,BEFORE,immunomarquage,,
22,48,FR100708,[EVENT_BEFORE_ACTUAL_POS] --(CONTAINS)--> [EVENT_BEFORE_ACTUAL_POS] | [EVENT_BEFORE_ACTUAL_POS] --(BEFORE)--> [EVENT_BEFORE_ACTUAL_POS] | [EVENT_BEFORE_ACTUAL_POS] --(BEFORE)--> [EVENT_BEFORE_ACTUAL_POS] | [EVENT_BEFORE_ACTUAL_POS] --(BEFORE)--> [EVENT_BEFORE_ACTUAL_POS] | [EVENT_BEFORE_ACTUAL_POS] --(BEFORE)--> [EVENT_BEFORE_ACTUAL_POS],consulté,CONTAINS,examen,BEFORE,mammographie,BEFORE,échographie,BEFORE,ponction,BEFORE,redémarré,,
22,48,FR100717,[EVENT_BEFORE_ACTUAL_POS] --(CONTAINS)--> [EVENT_BEFORE_ACTUAL_POS] | [EVENT_BEFORE_ACTUAL_POS] --(BEFORE)--> [EVENT_BEFORE_ACTUAL_POS] | [EVENT_BEFORE_ACTUAL_POS] --(BEFORE)--> [EVENT_BEFORE_ACTUAL_POS] | [EVENT_BEFORE_ACTUAL_POS] --(BEFORE)--> [EVENT_BEFORE_ACTUAL_POS] | [EVENT_BEFORE_ACTUAL_POS] --(BEFORE)--> [EVENT_BEFORE_ACTUAL_POS],Lasègue,CONTAINS,examen,BEFORE,examens,BEFORE,scanner,BEFORE,IRM,BEFORE,laminectomie,,
22,48,FR100748,[EVENT_BEFORE_ACTUAL_POS] --(CONTAINS)--> [EVENT_BEFORE_ACTUAL_POS] | [EVENT_BEFORE_ACTUAL_POS] --(BEFORE)--> [EVENT_BEFORE_ACTUAL_POS] | [EVENT_BEFORE_ACTUAL_POS] --(BEFORE)--> [EVENT_BEFORE_ACTUAL_POS] | [EVENT_BEFORE_ACTUAL_POS] --(BEFORE)--> [EVENT_BEFORE_ACTUAL_POS] | [EVENT_BEFORE_ACTUAL_POS] --(BEFORE)--> [EVENT_BEFORE_ACTUAL_POS],intervention,CONTAINS,mobilisation,BEFORE,suites,BEFORE,transférée,BEFORE,regagné,BEFORE,recul,,
22,48,FR100806,[EVENT_BEFORE_ACTUAL_POS] --(CONTAINS)--> [EVENT_BEFORE_ACTUAL_POS] | [EVENT_BEFORE_ACTUAL_POS] --(BEFORE)--> [EVENT_BEFORE_ACTUAL_POS] | [EVENT_BEFORE_ACTUAL_POS] --(BEFORE)--> [EVENT_BEFORE_ACTUAL_POS] | [EVENT_BEFORE_ACTUAL_POS] --(BEFORE)--> [EVENT_BEFORE_ACTUAL_POS] | [EVENT_BEFORE_ACTUAL_POS] --(BEFORE)--> [EVENT_BEFORE_ACTUAL_POS],TP,CONTAINS,biologie,BEFORE,tomodensitométrie,BEFORE,prise,BEFORE,examen,BEFORE,suites,,
22,48,FR100826,[EVENT_BEFORE_ACTUAL_POS] --(CONTAINS)--> [EVENT_BEFORE_ACTUAL_POS] | [EVENT_BEFORE_ACTUAL_POS] --(BEFORE)--> [EVENT_BEFORE_ACTUAL_POS] | [EVENT_BEFORE_ACTUAL_POS] --(BEFORE)--> [EVENT_BEFORE_ACTUAL_POS] | [EVENT_BEFORE_ACTUAL_POS] --(BEFORE)--> [EVENT_BEFORE_ACTUAL_POS] | [EVENT_BEFORE_ACTUAL_POS] --(BEFORE)--> [EVENT_BEFORE_ACTUAL_POS],draine,CONTAINS,bilan,BEFORE,bilan,BEFORE,retenue,BEFORE,exploration,BEFORE,suites,,
22,48,FR100845,[EVENT_BEFORE_ACTUAL_POS] --(CONTAINS)--> [EVENT_BEFORE_ACTUAL_POS] | [EVENT_BEFORE_ACTUAL_POS] --(BEFORE)--> [EVENT_BEFORE_ACTUAL_POS] | [EVENT_BEFORE_ACTUAL_POS] --(BEFORE)--> [EVENT_BEFORE_ACTUAL_POS] | [EVENT_BEFORE_ACTUAL_POS] --(BEFORE)--> [EVENT_BEFORE_ACTUAL_POS] | [EVENT_BEFORE_ACTUAL_POS] --(BEFORE)--> [EVENT_BEFORE_ACTUAL_POS],eupnéique,CONTAINS,examen,BEFORE,examen,BEFORE,échographie,BEFORE,radiographie,BEFORE,décision,,
22,48,FR100870,[EVENT_BEFORE_ACTUAL_POS] --(CONTAINS)--> [EVENT_BEFORE_ACTUAL_POS] | [EVENT_BEFORE_ACTUAL_POS] --(BEFORE)--> [EVENT_BEFORE_ACTUAL_POS] | [EVENT_BEFORE_ACTUAL_POS] --(BEFORE)--> [EVENT_BEFORE_ACTUAL_POS] | [EVENT_BEFORE_ACTUAL_POS] --(BEFORE)--> [EVENT_BEFORE_ACTUAL_POS] | [EVENT_BEFORE_ACTUAL_POS] --(BEFORE)--> [EVENT_BEFORE_ACTUAL_POS],apparition,CONTAINS,retenu,BEFORE,radiothérapie,BEFORE,admis,BEFORE,imagerie,BEFORE,hémogramme,,
22,48,FR100874,[EVENT_BEFORE_ACTUAL_POS] --(CONTAINS)--> [EVENT_BEFORE_ACTUAL_POS] | [EVENT_BEFORE_ACTUAL_POS] --(BEFORE)--> [EVENT_BEFORE_ACTUAL_POS] | [EVENT_BEFORE_ACTUAL_POS] --(BEFORE)--> [EVENT_BEFORE_ACTUAL_POS] | [EVENT_BEFORE_ACTUAL_POS] --(BEFORE)--> [EVENT_BEFORE_ACTUAL_POS] | [EVENT_BEFORE_ACTUAL_POS] --(BEFORE)--> [EVENT_BEFORE_ACTUAL_POS],protéine,CONTAINS,hémogramme,BEFORE,fibroscopie,BEFORE,transit,BEFORE,tomodensitométrie,BEFORE,retenu,,
22,48,FR100882,[EVENT_BEFORE_ACTUAL_POS] --(CONTAINS)--> [EVENT_BEFORE_ACTUAL_POS] | [EVENT_BEFORE_ACTUAL_POS] --(BEFORE)--> [EVENT_BEFORE_ACTUAL_POS] | [EVENT_BEFORE_ACTUAL_POS] --(BEFORE)--> [EVENT_BEFORE_ACTUAL_POS] | [EVENT_BEFORE_ACTUAL_POS] --(BEFORE)--> [EVENT_BEFORE_ACTUAL_POS] | [EVENT_BEFORE_ACTUAL_POS] --(BEFORE)--> [EVENT_BEFORE_ACTUAL_POS],signe,CONTAINS,examen,BEFORE,examen,BEFORE,examen,BEFORE,conclu,BEFORE,IRM,,
22,48,FR100903,[EVENT_BEFORE_ACTUAL_POS] --(CONTAINS)--> [EVENT_BEFORE_ACTUAL_POS] | [EVENT_BEFORE_ACTUAL_POS] --(BEFORE)--> [EVENT_BEFORE_ACTUAL_POS] | [EVENT_BEFORE_ACTUAL_POS] --(BEFORE)--> [EVENT_BEFORE_ACTUAL_POS] | [EVENT_BEFORE_ACTUAL_POS] --(BEFORE)--> [EVENT_BEFORE_ACTUAL_POS] | [EVENT_BEFORE_ACTUAL_POS] --(BEFORE)--> [EVENT_BEFORE_ACTUAL_POS],syndrome,CONTAINS,IRM,BEFORE,diagnostic,BEFORE,écarté,BEFORE,contrôles,BEFORE,accouchement,,
22,48,FR100946,[EVENT_BEFORE_ACTUAL_POS] --(CONTAINS)--> [EVENT_BEFORE_ACTUAL_POS] | [EVENT_BEFORE_ACTUAL_POS] --(BEFORE)--> [EVENT_BEFORE_ACTUAL_POS] | [EVENT_BEFORE_ACTUAL_POS] --(BEFORE)--> [EVENT_BEFORE_ACTUAL_POS] | [EVENT_BEFORE_ACTUAL_POS] --(BEFORE)--> [EVENT_BEFORE_ACTUAL_POS] | [EVENT_BEFORE_ACTUAL_POS] --(BEFORE)--> [EVENT_BEFORE_ACTUAL_POS],marche,CONTAINS,examen,BEFORE,IRM,BEFORE,analyse,BEFORE,mise,BEFORE,exérèse,,
22,48,FR100996,[EVENT_BEFORE_ACTUAL_POS] --(CONTAINS)--> [EVENT_BEFORE_ACTUAL_POS] | [EVENT_BEFORE_ACTUAL_POS] --(BEFORE)--> [EVENT_BEFORE_ACTUAL_POS] | [EVENT_BEFORE_ACTUAL_POS] --(BEFORE)--> [EVENT_BEFORE_ACTUAL_POS] | [EVENT_BEFORE_ACTUAL_POS] --(BEFORE)--> [EVENT_BEFORE_ACTUAL_POS] | [EVENT_BEFORE_ACTUAL_POS] --(BEFORE)--> [EVENT_BEFORE_ACTUAL_POS],masse,CONTAINS,examen,BEFORE,tomodensitométrie,BEFORE,injection,BEFORE,retenu,BEFORE,chirurgical,,
212,48,FR100003,[EVENT_BEFORE_ACTUAL_POS] --(BEFORE)--> [EVENT_BEFORE_ACTUAL_POS] | [EVENT_BEFORE_ACTUAL_POS] --(OVERLAP)--> [EVENT_BEFORE_ACTUAL_POS],drainage,BEFORE,traitement,OVERLAP,culture,,,,,,,,
212,48,FR100078,[EVENT_BEFORE_ACTUAL_POS] --(BEFORE)--> [EVENT_BEFORE_ACTUAL_POS] | [EVENT_BEFORE_ACTUAL_POS] --(OVERLAP)--> [EVENT_BEFORE_ACTUAL_POS],diagnostic,BEFORE,traitements,OVERLAP,reprise,,,,,,,,
212,48,FR100120,[EVENT_BEFORE_ACTUAL_POS] --(BEFORE)--> [EVENT_BEFORE_ACTUAL_POS] | [EVENT_BEFORE_ACTUAL_POS] --(OVERLAP)--> [EVENT_BEFORE_ACTUAL_POS],reste,BEFORE,traitement,OVERLAP,rattaché,,,,,,,,
212,48,FR100130,[EVENT_BEFORE_ACTUAL_POS] --(BEFORE)--> [EVENT_BEFORE_ACTUAL_POS] | [EVENT_BEFORE_ACTUAL_POS] --(OVERLAP)--> [EVENT_BEFORE_ACTUAL_POS],administrées,BEFORE,reçu,OVERLAP,disparition,,,,,,,,
212,48,FR100132,[EVENT_BEFORE_ACTUAL_POS] --(BEFORE)--> [EVENT_BEFORE_ACTUAL_POS] | [EVENT_BEFORE_ACTUAL_POS] --(OVERLAP)--> [EVENT_BEFORE_ACTUAL_POS],écho-Doppler,BEFORE,reçu,OVERLAP,psychothérapie,,,,,,,,
212,48,FR100142,[EVENT_BEFORE_ACTUAL_POS] --(BEFORE)--> [EVENT_BEFORE_ACTUAL_POS] | [EVENT_BEFORE_ACTUAL_POS] --(OVERLAP)--> [EVENT_BEFORE_ACTUAL_POS],sérologie,BEFORE,évolution,OVERLAP,altération,,,,,,,,
212,48,FR100161,[EVENT_BEFORE_ACTUAL_POS] --(BEFORE)--> [EVENT_BEFORE_ACTUAL_POS] | [EVENT_BEFORE_ACTUAL_POS] --(OVERLAP)--> [EVENT_BEFORE_ACTUAL_POS],interrogatoire,BEFORE,examen,OVERLAP,TA,,,,,,,,
212,48,FR100168,[EVENT_BEFORE_ACTUAL_POS] --(BEFORE)--> [EVENT_BEFORE_ACTUAL_POS] | [EVENT_BEFORE_ACTUAL_POS] --(OVERLAP)--> [EVENT_BEFORE_ACTUAL_POS],tests,BEFORE,entretien,OVERLAP,habitude,,,,,,,,
212,48,FR100255,[EVENT_BEFORE_ACTUAL_POS] --(BEFORE)--> [EVENT_BEFORE_ACTUAL_POS] | [EVENT_BEFORE_ACTUAL_POS] --(OVERLAP)--> [EVENT_BEFORE_ACTUAL_POS],admission,BEFORE,expulsé,OVERLAP,poids,,,,,,,,
212,48,FR100275,[EVENT_BEFORE_ACTUAL_POS] --(BEFORE)--> [EVENT_BEFORE_ACTUAL_POS] | [EVENT_BEFORE_ACTUAL_POS] --(OVERLAP)--> [EVENT_BEFORE_ACTUAL_POS],établi,BEFORE,manœuvres,OVERLAP,permettent,,,,,,,,
212,48,FR100276,[EVENT_BEFORE_ACTUAL_POS] --(BEFORE)--> [EVENT_BEFORE_ACTUAL_POS] | [EVENT_BEFORE_ACTUAL_POS] --(OVERLAP)--> [EVENT_BEFORE_ACTUAL_POS],arrêt,BEFORE,menée,OVERLAP,accouchement,,,,,,,,
212,48,FR100314,[EVENT_BEFORE_ACTUAL_POS] --(BEFORE)--> [EVENT_BEFORE_ACTUAL_POS] | [EVENT_BEFORE_ACTUAL_POS] --(OVERLAP)--> [EVENT_BEFORE_ACTUAL_POS],bilan,BEFORE,drainage,OVERLAP,analgésie,,,,,,,,
212,48,FR100344,[EVENT_BEFORE_ACTUAL_POS] --(BEFORE)--> [EVENT_BEFORE_ACTUAL_POS] | [EVENT_BEFORE_ACTUAL_POS] --(OVERLAP)--> [EVENT_BEFORE_ACTUAL_POS],laissé,BEFORE,délivrance,OVERLAP,transférés,,,,,,,,
212,48,FR100346,[EVENT_BEFORE_ACTUAL_POS] --(BEFORE)--> [EVENT_BEFORE_ACTUAL_POS] | [EVENT_BEFORE_ACTUAL_POS] --(OVERLAP)--> [EVENT_BEFORE_ACTUAL_POS],héparinothérapie,BEFORE,anti-vitamine,OVERLAP,antibiothérapie,,,,,,,,
212,48,FR100360,[EVENT_BEFORE_ACTUAL_POS] --(BEFORE)--> [EVENT_BEFORE_ACTUAL_POS] | [EVENT_BEFORE_ACTUAL_POS] --(OVERLAP)--> [EVENT_BEFORE_ACTUAL_POS],radiothérapie,BEFORE,cures,OVERLAP,tolérance,,,,,,,,
212,48,FR100361,[EVENT_BEFORE_ACTUAL_POS] --(BEFORE)--> [EVENT_BEFORE_ACTUAL_POS] | [EVENT_BEFORE_ACTUAL_POS] --(OVERLAP)--> [EVENT_BEFORE_ACTUAL_POS],prolactinémie,BEFORE,améliorée,OVERLAP,opérée,,,,,,,,
212,48,FR100400,[EVENT_BEFORE_ACTUAL_POS] --(BEFORE)--> [EVENT_BEFORE_ACTUAL_POS] | [EVENT_BEFORE_ACTUAL_POS] --(OVERLAP)--> [EVENT_BEFORE_ACTUAL_POS],résection,BEFORE,suites,OVERLAP,étude,,,,,,,,
212,48,FR100439,[EVENT_BEFORE_ACTUAL_POS] --(BEFORE)--> [EVENT_BEFORE_ACTUAL_POS] | [EVENT_BEFORE_ACTUAL_POS] --(OVERLAP)--> [EVENT_BEFORE_ACTUAL_POS],nasofibroscopie,BEFORE,contrôles,OVERLAP,recul,,,,,,,,
212,48,FR100453,[EVENT_BEFORE_ACTUAL_POS] --(BEFORE)--> [EVENT_BEFORE_ACTUAL_POS] | [EVENT_BEFORE_ACTUAL_POS] --(OVERLAP)--> [EVENT_BEFORE_ACTUAL_POS],porté,BEFORE,hospitalisé,OVERLAP,évolution,,,,,,,,
212,48,FR100517,[EVENT_BEFORE_ACTUAL_POS] --(BEFORE)--> [EVENT_BEFORE_ACTUAL_POS] | [EVENT_BEFORE_ACTUAL_POS] --(OVERLAP)--> [EVENT_BEFORE_ACTUAL_POS],bilan,BEFORE,mise,OVERLAP,faible,,,,,,,,
212,48,FR100519,[EVENT_BEFORE_ACTUAL_POS] --(BEFORE)--> [EVENT_BEFORE_ACTUAL_POS] | [EVENT_BEFORE_ACTUAL_POS] --(OVERLAP)--> [EVENT_BEFORE_ACTUAL_POS],retenue,BEFORE,poursuivie,OVERLAP,Fluindione,,,,,,,,
212,48,FR100589,[EVENT_BEFORE_ACTUAL_POS] --(BEFORE)--> [EVENT_BEFORE_ACTUAL_POS] | [EVENT_BEFORE_ACTUAL_POS] --(OVERLAP)--> [EVENT_BEFORE_ACTUAL_POS],diagnostic,BEFORE,corticothérapie,OVERLAP,amélioration,,,,,,,,
212,48,FR100597,[EVENT_BEFORE_ACTUAL_POS] --(BEFORE)--> [EVENT_BEFORE_ACTUAL_POS] | [EVENT_BEFORE_ACTUAL_POS] --(OVERLAP)--> [EVENT_BEFORE_ACTUAL_POS],laparotomie,BEFORE,hystérectomie,OVERLAP,examen,,,,,,,,
212,48,FR100603,[EVENT_BEFORE_ACTUAL_POS] --(BEFORE)--> [EVENT_BEFORE_ACTUAL_POS] | [EVENT_BEFORE_ACTUAL_POS] --(OVERLAP)--> [EVENT_BEFORE_ACTUAL_POS],chirurgie,BEFORE,hémocultures,OVERLAP,culture,,,,,,,,
212,48,FR100611,[EVENT_BEFORE_ACTUAL_POS] --(BEFORE)--> [EVENT_BEFORE_ACTUAL_POS] | [EVENT_BEFORE_ACTUAL_POS] --(OVERLAP)--> [EVENT_BEFORE_ACTUAL_POS],hémogramme,BEFORE,ionogramme,OVERLAP,reste,,,,,,,,
212,48,FR100620,[EVENT_BEFORE_ACTUAL_POS] --(BEFORE)--> [EVENT_BEFORE_ACTUAL_POS] | [EVENT_BEFORE_ACTUAL_POS] --(OVERLAP)--> [EVENT_BEFORE_ACTUAL_POS],biopsie,BEFORE,prise,OVERLAP,sevrage,,,,,,,,
212,48,FR100623,[EVENT_BEFORE_ACTUAL_POS] --(BEFORE)--> [EVENT_BEFORE_ACTUAL_POS] | [EVENT_BEFORE_ACTUAL_POS] --(OVERLAP)--> [EVENT_BEFORE_ACTUAL_POS],prise,BEFORE,analyse,OVERLAP,diagnostic,,,,,,,,
212,48,FR100629,[EVENT_BEFORE_ACTUAL_POS] --(BEFORE)--> [EVENT_BEFORE_ACTUAL_POS] | [EVENT_BEFORE_ACTUAL_POS] --(OVERLAP)--> [EVENT_BEFORE_ACTUAL_POS],décision,BEFORE,évolution,OVERLAP,chimiothérapie,,,,,,,,
212,48,FR100632,[EVENT_BEFORE_ACTUAL_POS] --(BEFORE)--> [EVENT_BEFORE_ACTUAL_POS] | [EVENT_BEFORE_ACTUAL_POS] --(OVERLAP)--> [EVENT_BEFORE_ACTUAL_POS],diagnostic,BEFORE,mis,OVERLAP,traitement,,,,,,,,
212,48,FR100658,[EVENT_BEFORE_ACTUAL_POS] --(BEFORE)--> [EVENT_BEFORE_ACTUAL_POS] | [EVENT_BEFORE_ACTUAL_POS] --(OVERLAP)--> [EVENT_BEFORE_ACTUAL_POS],noté,BEFORE,fin,OVERLAP,geste,,,,,,,,
212,48,FR100663,[EVENT_BEFORE_ACTUAL_POS] --(BEFORE)--> [EVENT_BEFORE_ACTUAL_POS] | [EVENT_BEFORE_ACTUAL_POS] --(OVERLAP)--> [EVENT_BEFORE_ACTUAL_POS],administration,BEFORE,contrôle,OVERLAP,stable,,,,,,,,
212,48,FR100666,[EVENT_BEFORE_ACTUAL_POS] --(BEFORE)--> [EVENT_BEFORE_ACTUAL_POS] | [EVENT_BEFORE_ACTUAL_POS] --(OVERLAP)--> [EVENT_BEFORE_ACTUAL_POS],étude,BEFORE,adressé,OVERLAP,prise,,,,,,,,
212,48,FR100683,[EVENT_BEFORE_ACTUAL_POS] --(BEFORE)--> [EVENT_BEFORE_ACTUAL_POS] | [EVENT_BEFORE_ACTUAL_POS] --(OVERLAP)--> [EVENT_BEFORE_ACTUAL_POS],osteodensitométrie,BEFORE,traitée,OVERLAP,évolution,,,,,,,,
212,48,FR100697,[EVENT_BEFORE_ACTUAL_POS] --(BEFORE)--> [EVENT_BEFORE_ACTUAL_POS] | [EVENT_BEFORE_ACTUAL_POS] --(OVERLAP)--> [EVENT_BEFORE_ACTUAL_POS],examen,BEFORE,immunomarquage,OVERLAP,tout,,,,,,,,
212,48,FR100708,[EVENT_BEFORE_ACTUAL_POS] --(BEFORE)--> [EVENT_BEFORE_ACTUAL_POS] | [EVENT_BEFORE_ACTUAL_POS] --(OVERLAP)--> [EVENT_BEFORE_ACTUAL_POS],ponction,BEFORE,redémarré,OVERLAP,évolution,,,,,,,,
212,48,FR100717,[EVENT_BEFORE_ACTUAL_POS] --(BEFORE)--> [EVENT_BEFORE_ACTUAL_POS] | [EVENT_BEFORE_ACTUAL_POS] --(OVERLAP)--> [EVENT_BEFORE_ACTUAL_POS],exploration,BEFORE,suites,OVERLAP,évolution,,,,,,,,
212,48,FR100748,[EVENT_BEFORE_ACTUAL_POS] --(BEFORE)--> [EVENT_BEFORE_ACTUAL_POS] | [EVENT_BEFORE_ACTUAL_POS] --(OVERLAP)--> [EVENT_BEFORE_ACTUAL_POS],chiffres,BEFORE,Nicardipine,OVERLAP,préparation,,,,,,,,
212,48,FR100766,[EVENT_BEFORE_ACTUAL_POS] --(BEFORE)--> [EVENT_BEFORE_ACTUAL_POS] | [EVENT_BEFORE_ACTUAL_POS] --(OVERLAP)--> [EVENT_BEFORE_ACTUAL_POS],amputation,BEFORE,état,OVERLAP,évolution,,,,,,,,
212,48,FR100780,[EVENT_BEFORE_ACTUAL_POS] --(BEFORE)--> [EVENT_BEFORE_ACTUAL_POS] | [EVENT_BEFORE_ACTUAL_POS] --(OVERLAP)--> [EVENT_BEFORE_ACTUAL_POS],admise,BEFORE,examen,OVERLAP,obstétrical,,,,,,,,
212,48,FR100806,[EVENT_BEFORE_ACTUAL_POS] --(BEFORE)--> [EVENT_BEFORE_ACTUAL_POS] | [EVENT_BEFORE_ACTUAL_POS] --(OVERLAP)--> [EVENT_BEFORE_ACTUAL_POS],examen,BEFORE,suites,OVERLAP,poursuivies,,,,,,,,
212,48,FR100826,[EVENT_BEFORE_ACTUAL_POS] --(BEFORE)--> [EVENT_BEFORE_ACTUAL_POS] | [EVENT_BEFORE_ACTUAL_POS] --(OVERLAP)--> [EVENT_BEFORE_ACTUAL_POS],bilan,BEFORE,retenue,OVERLAP,indication,,,,,,,,
212,48,FR100845,[EVENT_BEFORE_ACTUAL_POS] --(BEFORE)--> [EVENT_BEFORE_ACTUAL_POS] | [EVENT_BEFORE_ACTUAL_POS] --(OVERLAP)--> [EVENT_BEFORE_ACTUAL_POS],intubée,BEFORE,ventilées,OVERLAP,échec,,,,,,,,
212,48,FR100849,[EVENT_BEFORE_ACTUAL_POS] --(BEFORE)--> [EVENT_BEFORE_ACTUAL_POS] | [EVENT_BEFORE_ACTUAL_POS] --(OVERLAP)--> [EVENT_BEFORE_ACTUAL_POS],acheminé,BEFORE,découverte,OVERLAP,geste,,,,,,,,
212,48,FR100870,[EVENT_BEFORE_ACTUAL_POS] --(BEFORE)--> [EVENT_BEFORE_ACTUAL_POS] | [EVENT_BEFORE_ACTUAL_POS] --(OVERLAP)--> [EVENT_BEFORE_ACTUAL_POS],dosage,BEFORE,dosage,OVERLAP,rapport,,,,,,,,
212,48,FR100874,[EVENT_BEFORE_ACTUAL_POS] --(BEFORE)--> [EVENT_BEFORE_ACTUAL_POS] | [EVENT_BEFORE_ACTUAL_POS] --(OVERLAP)--> [EVENT_BEFORE_ACTUAL_POS],retenu,BEFORE,mise,OVERLAP,transfusions,,,,,,,,
212,48,FR100882,[EVENT_BEFORE_ACTUAL_POS] --(BEFORE)--> [EVENT_BEFORE_ACTUAL_POS] | [EVENT_BEFORE_ACTUAL_POS] --(OVERLAP)--> [EVENT_BEFORE_ACTUAL_POS],sclérothérapie,BEFORE,évolution,OVERLAP,favorable,,,,,,,,
212,48,FR100894,[EVENT_BEFORE_ACTUAL_POS] --(BEFORE)--> [EVENT_BEFORE_ACTUAL_POS] | [EVENT_BEFORE_ACTUAL_POS] --(OVERLAP)--> [EVENT_BEFORE_ACTUAL_POS],IRM,BEFORE,appuyés,OVERLAP,éliminer,,,,,,,,
212,48,FR100932,[EVENT_BEFORE_ACTUAL_POS] --(BEFORE)--> [EVENT_BEFORE_ACTUAL_POS] | [EVENT_BEFORE_ACTUAL_POS] --(OVERLAP)--> [EVENT_BEFORE_ACTUAL_POS],mise,BEFORE,opérée,OVERLAP,drainage,,,,,,,,
89,46,FR100003,[EVENT_BEFORE_ACTUAL_POS] --(CONTAINS)--> [EVENT_BEFORE_ACTUAL_POS] | [EVENT_BEFORE_ACTUAL_POS] --(BEFORE)--> [EVENT_BEFORE_ACTUAL_POS] | [EVENT_BEFORE_ACTUAL_POS] --(BEFORE)--> [EVENT_BEFORE_ACTUAL_POS],ponction,CONTAINS,ramené,[RETOUR],ponction,BEFORE,examen,BEFORE,examen,,,,
89,46,FR100092,[EVENT_BEFORE_ACTUAL_POS] --(CONTAINS)--> [EVENT_BEFORE_ACTUAL_POS] | [EVENT_BEFORE_ACTUAL_POS] --(BEFORE)--> [EVENT_BEFORE_ACTUAL_POS] | [EVENT_BEFORE_ACTUAL_POS] --(BEFORE)--> [EVENT_BEFORE_ACTUAL_POS],examen,CONTAINS,fréquence,[RETOUR],examen,BEFORE,examen,BEFORE,examen,,,,
89,46,FR100130,[EVENT_BEFORE_ACTUAL_POS] --(CONTAINS)--> [EVENT_BEFORE_ACTUAL_POS] | [EVENT_BEFORE_ACTUAL_POS] --(BEFORE)--> [EVENT_BEFORE_ACTUAL_POS] | [EVENT_BEFORE_ACTUAL_POS] --(BEFORE)--> [EVENT_BEFORE_ACTUAL_POS],examen,CONTAINS,notait,[RETOUR],examen,BEFORE,biologie,BEFORE,glycémie,,,,
89,46,FR100132,[EVENT_BEFORE_ACTUAL_POS] --(CONTAINS)--> [EVENT_BEFORE_ACTUAL_POS] | [EVENT_BEFORE_ACTUAL_POS] --(BEFORE)--> [EVENT_BEFORE_ACTUAL_POS] | [EVENT_BEFORE_ACTUAL_POS] --(BEFORE)--> [EVENT_BEFORE_ACTUAL_POS],examen,CONTAINS,angiographie,[RETOUR],examen,BEFORE,écho-Doppler,BEFORE,reçu,,,,
89,46,FR100161,[EVENT_BEFORE_ACTUAL_POS] --(CONTAINS)--> [EVENT_BEFORE_ACTUAL_POS] | [EVENT_BEFORE_ACTUAL_POS] --(BEFORE)--> [EVENT_BEFORE_ACTUAL_POS] | [EVENT_BEFORE_ACTUAL_POS] --(BEFORE)--> [EVENT_BEFORE_ACTUAL_POS],examens,CONTAINS,Acti tests,[RETOUR],examens,BEFORE,radiographie,BEFORE,échographie,,,,
89,46,FR100168,[EVENT_BEFORE_ACTUAL_POS] --(CONTAINS)--> [EVENT_BEFORE_ACTUAL_POS] | [EVENT_BEFORE_ACTUAL_POS] --(BEFORE)--> [EVENT_BEFORE_ACTUAL_POS] | [EVENT_BEFORE_ACTUAL_POS] --(BEFORE)--> [EVENT_BEFORE_ACTUAL_POS],examen,CONTAINS,affirmé,[RETOUR],examen,BEFORE,bilan,BEFORE,dissection,,,,
89,46,FR100255,[EVENT_BEFORE_ACTUAL_POS] --(CONTAINS)--> [EVENT_BEFORE_ACTUAL_POS] | [EVENT_BEFORE_ACTUAL_POS] --(BEFORE)--> [EVENT_BEFORE_ACTUAL_POS] | [EVENT_BEFORE_ACTUAL_POS] --(BEFORE)--> [EVENT_BEFORE_ACTUAL_POS],échographie,CONTAINS,confirmation,[RETOUR],échographie,BEFORE,mise,BEFORE,traitement,,,,
89,46,FR100275,[EVENT_BEFORE_ACTUAL_POS] --(CONTAINS)--> [EVENT_BEFORE_ACTUAL_POS] | [EVENT_BEFORE_ACTUAL_POS] --(BEFORE)--> [EVENT_BEFORE_ACTUAL_POS] | [EVENT_BEFORE_ACTUAL_POS] --(BEFORE)--> [EVENT_BEFORE_ACTUAL_POS],manœuvres,CONTAINS,massages,[RETOUR],manœuvres,BEFORE,transféré,BEFORE,anamnèse,,,,
89,46,FR100276,[EVENT_BEFORE_ACTUAL_POS] --(CONTAINS)--> [EVENT_BEFORE_ACTUAL_POS] | [EVENT_BEFORE_ACTUAL_POS] --(BEFORE)--> [EVENT_BEFORE_ACTUAL_POS] | [EVENT_BEFORE_ACTUAL_POS] --(BEFORE)--> [EVENT_BEFORE_ACTUAL_POS],biopsie,CONTAINS,examen,[RETOUR],biopsie,BEFORE,posé,BEFORE,application,,,,
89,46,FR100296,[EVENT_BEFORE_ACTUAL_POS] --(CONTAINS)--> [EVENT_BEFORE_ACTUAL_POS] | [EVENT_BEFORE_ACTUAL_POS] --(BEFORE)--> [EVENT_BEFORE_ACTUAL_POS] | [EVENT_BEFORE_ACTUAL_POS] --(BEFORE)--> [EVENT_BEFORE_ACTUAL_POS],fenestration,CONTAINS,ablation,[RETOUR],fenestration,BEFORE,suites,BEFORE,exéaté,,,,
89,46,FR100344,[EVENT_BEFORE_ACTUAL_POS] --(CONTAINS)--> [EVENT_BEFORE_ACTUAL_POS] | [EVENT_BEFORE_ACTUAL_POS] --(BEFORE)--> [EVENT_BEFORE_ACTUAL_POS] | [EVENT_BEFORE_ACTUAL_POS] --(BEFORE)--> [EVENT_BEFORE_ACTUAL_POS],bilan,CONTAINS,échographie,[RETOUR],bilan,BEFORE,contrôle,BEFORE,échographies,,,,
89,46,FR100346,[EVENT_BEFORE_ACTUAL_POS] --(CONTAINS)--> [EVENT_BEFORE_ACTUAL_POS] | [EVENT_BEFORE_ACTUAL_POS] --(BEFORE)--> [EVENT_BEFORE_ACTUAL_POS] | [EVENT_BEFORE_ACTUAL_POS] --(BEFORE)--> [EVENT_BEFORE_ACTUAL_POS],examen,CONTAINS,reste,[RETOUR],examen,BEFORE,gazométrie,BEFORE,reste,,,,
89,46,FR100360,[EVENT_BEFORE_ACTUAL_POS] --(CONTAINS)--> [EVENT_BEFORE_ACTUAL_POS] | [EVENT_BEFORE_ACTUAL_POS] --(BEFORE)--> [EVENT_BEFORE_ACTUAL_POS] | [EVENT_BEFORE_ACTUAL_POS] --(BEFORE)--> [EVENT_BEFORE_ACTUAL_POS],colpohystérectomie,CONTAINS,annexectomie,[RETOUR],colpohystérectomie,BEFORE,examen,BEFORE,curage,,,,
89,46,FR100361,[EVENT_BEFORE_ACTUAL_POS] --(CONTAINS)--> [EVENT_BEFORE_ACTUAL_POS] | [EVENT_BEFORE_ACTUAL_POS] --(BEFORE)--> [EVENT_BEFORE_ACTUAL_POS] | [EVENT_BEFORE_ACTUAL_POS] --(BEFORE)--> [EVENT_BEFORE_ACTUAL_POS],examen,CONTAINS,mobilisait,[RETOUR],examen,BEFORE,TDM,BEFORE,ponction,,,,
89,46,FR100371,[EVENT_BEFORE_ACTUAL_POS] --(CONTAINS)--> [EVENT_BEFORE_ACTUAL_POS] | [EVENT_BEFORE_ACTUAL_POS] --(BEFORE)--> [EVENT_BEFORE_ACTUAL_POS] | [EVENT_BEFORE_ACTUAL_POS] --(BEFORE)--> [EVENT_BEFORE_ACTUAL_POS],suite,CONTAINS,tension,[RETOUR],suite,BEFORE,sortie,BEFORE,perdue,,,,
89,46,FR100400,[EVENT_BEFORE_ACTUAL_POS] --(CONTAINS)--> [EVENT_BEFORE_ACTUAL_POS] | [EVENT_BEFORE_ACTUAL_POS] --(BEFORE)--> [EVENT_BEFORE_ACTUAL_POS] | [EVENT_BEFORE_ACTUAL_POS] --(BEFORE)--> [EVENT_BEFORE_ACTUAL_POS],histoire,CONTAINS,douleurs,[RETOUR],histoire,BEFORE,examen,BEFORE,bilan,,,,
89,46,FR100448,[EVENT_BEFORE_ACTUAL_POS] --(CONTAINS)--> [EVENT_BEFORE_ACTUAL_POS] | [EVENT_BEFORE_ACTUAL_POS] --(BEFORE)--> [EVENT_BEFORE_ACTUAL_POS] | [EVENT_BEFORE_ACTUAL_POS] --(BEFORE)--> [EVENT_BEFORE_ACTUAL_POS],examen,CONTAINS,reste,[RETOUR],examen,BEFORE,échotomographie,BEFORE,hémi thyroïdectomie,,,,
89,46,FR100515,[EVENT_BEFORE_ACTUAL_POS] --(CONTAINS)--> [EVENT_BEFORE_ACTUAL_POS] | [EVENT_BEFORE_ACTUAL_POS] --(BEFORE)--> [EVENT_BEFORE_ACTUAL_POS] | [EVENT_BEFORE_ACTUAL_POS] --(BEFORE)--> [EVENT_BEFORE_ACTUAL_POS],bilan,CONTAINS,scanner,[RETOUR],bilan,BEFORE,prescrits,BEFORE,évolution,,,,
89,46,FR100517,[EVENT_BEFORE_ACTUAL_POS] --(CONTAINS)--> [EVENT_BEFORE_ACTUAL_POS] | [EVENT_BEFORE_ACTUAL_POS] --(BEFORE)--> [EVENT_BEFORE_ACTUAL_POS] | [EVENT_BEFORE_ACTUAL_POS] --(BEFORE)--> [EVENT_BEFORE_ACTUAL_POS],bilan,CONTAINS,fibroscopie,[RETOUR],bilan,BEFORE,mise,BEFORE,auscultation,,,,
89,46,FR100519,[EVENT_BEFORE_ACTUAL_POS] --(CONTAINS)--> [EVENT_BEFORE_ACTUAL_POS] | [EVENT_BEFORE_ACTUAL_POS] --(BEFORE)--> [EVENT_BEFORE_ACTUAL_POS] | [EVENT_BEFORE_ACTUAL_POS] --(BEFORE)--> [EVENT_BEFORE_ACTUAL_POS],bilan,CONTAINS,ECG,[RETOUR],bilan,BEFORE,angioscanner,BEFORE,échodoppler,,,,
89,46,FR100589,[EVENT_BEFORE_ACTUAL_POS] --(CONTAINS)--> [EVENT_BEFORE_ACTUAL_POS] | [EVENT_BEFORE_ACTUAL_POS] --(BEFORE)--> [EVENT_BEFORE_ACTUAL_POS] | [EVENT_BEFORE_ACTUAL_POS] --(BEFORE)--> [EVENT_BEFORE_ACTUAL_POS],bilan,CONTAINS,tomodensitométrie,[RETOUR],bilan,BEFORE,caryotype,BEFORE,biopsie,,,,
89,46,FR100597,[EVENT_BEFORE_ACTUAL_POS] --(CONTAINS)--> [EVENT_BEFORE_ACTUAL_POS] | [EVENT_BEFORE_ACTUAL_POS] --(BEFORE)--> [EVENT_BEFORE_ACTUAL_POS] | [EVENT_BEFORE_ACTUAL_POS] --(BEFORE)--> [EVENT_BEFORE_ACTUAL_POS],toucher,CONTAINS,difficile,[RETOUR],toucher,BEFORE,reste,BEFORE,échographie,,,,
89,46,FR100603,[EVENT_BEFORE_ACTUAL_POS] --(CONTAINS)--> [EVENT_BEFORE_ACTUAL_POS] | [EVENT_BEFORE_ACTUAL_POS] --(BEFORE)--> [EVENT_BEFORE_ACTUAL_POS] | [EVENT_BEFORE_ACTUAL_POS] --(BEFORE)--> [EVENT_BEFORE_ACTUAL_POS],chirurgie,CONTAINS,remplacée,[RETOUR],chirurgie,BEFORE,hémocultures,BEFORE,évolution,,,,
89,46,FR100611,[EVENT_BEFORE_ACTUAL_POS] --(CONTAINS)--> [EVENT_BEFORE_ACTUAL_POS] | [EVENT_BEFORE_ACTUAL_POS] --(BEFORE)--> [EVENT_BEFORE_ACTUAL_POS] | [EVENT_BEFORE_ACTUAL_POS] --(BEFORE)--> [EVENT_BEFORE_ACTUAL_POS],TDM,CONTAINS,image,[RETOUR],TDM,BEFORE,biopsie,BEFORE,recherche,,,,
89,46,FR100614,[EVENT_BEFORE_ACTUAL_POS] --(CONTAINS)--> [EVENT_BEFORE_ACTUAL_POS] | [EVENT_BEFORE_ACTUAL_POS] --(BEFORE)--> [EVENT_BEFORE_ACTUAL_POS] | [EVENT_BEFORE_ACTUAL_POS] --(BEFORE)--> [EVENT_BEFORE_ACTUAL_POS],intervention,CONTAINS,éviter,[RETOUR],intervention,BEFORE,résection,BEFORE,étude,,,,
89,46,FR100620,[EVENT_BEFORE_ACTUAL_POS] --(CONTAINS)--> [EVENT_BEFORE_ACTUAL_POS] | [EVENT_BEFORE_ACTUAL_POS] --(BEFORE)--> [EVENT_BEFORE_ACTUAL_POS] | [EVENT_BEFORE_ACTUAL_POS] --(BEFORE)--> [EVENT_BEFORE_ACTUAL_POS],bilan,CONTAINS,TM6M,[RETOUR],bilan,BEFORE,bilan,BEFORE,bilan,,,,
89,46,FR100629,[EVENT_BEFORE_ACTUAL_POS] --(CONTAINS)--> [EVENT_BEFORE_ACTUAL_POS] | [EVENT_BEFORE_ACTUAL_POS] --(BEFORE)--> [EVENT_BEFORE_ACTUAL_POS] | [EVENT_BEFORE_ACTUAL_POS] --(BEFORE)--> [EVENT_BEFORE_ACTUAL_POS],thoracoscopie,CONTAINS,biopsie,[RETOUR],thoracoscopie,BEFORE,marquage,BEFORE,étude,,,,
89,46,FR100632,[EVENT_BEFORE_ACTUAL_POS] --(CONTAINS)--> [EVENT_BEFORE_ACTUAL_POS] | [EVENT_BEFORE_ACTUAL_POS] --(BEFORE)--> [EVENT_BEFORE_ACTUAL_POS] | [EVENT_BEFORE_ACTUAL_POS] --(BEFORE)--> [EVENT_BEFORE_ACTUAL_POS],enquête,CONTAINS,taux,[RETOUR],enquête,BEFORE,étude,BEFORE,radiographie,,,,
89,46,FR100658,[EVENT_BEFORE_ACTUAL_POS] --(CONTAINS)--> [EVENT_BEFORE_ACTUAL_POS] | [EVENT_BEFORE_ACTUAL_POS] --(BEFORE)--> [EVENT_BEFORE_ACTUAL_POS] | [EVENT_BEFORE_ACTUAL_POS] --(BEFORE)--> [EVENT_BEFORE_ACTUAL_POS],évaluation,CONTAINS,examen,[RETOUR],évaluation,BEFORE,auscultation,BEFORE,examens,,,,
89,46,FR100666,[EVENT_BEFORE_ACTUAL_POS] --(CONTAINS)--> [EVENT_BEFORE_ACTUAL_POS] | [EVENT_BEFORE_ACTUAL_POS] --(BEFORE)--> [EVENT_BEFORE_ACTUAL_POS] | [EVENT_BEFORE_ACTUAL_POS] --(BEFORE)--> [EVENT_BEFORE_ACTUAL_POS],examen,CONTAINS,palpation,[RETOUR],examen,BEFORE,examen,BEFORE,palpation,,,,
89,46,FR100689,[EVENT_BEFORE_ACTUAL_POS] --(CONTAINS)--> [EVENT_BEFORE_ACTUAL_POS] | [EVENT_BEFORE_ACTUAL_POS] --(BEFORE)--> [EVENT_BEFORE_ACTUAL_POS] | [EVENT_BEFORE_ACTUAL_POS] --(BEFORE)--> [EVENT_BEFORE_ACTUAL_POS],IRM,CONTAINS,injection,[RETOUR],IRM,BEFORE,étude,BEFORE,examen,,,,
89,46,FR100748,[EVENT_BEFORE_ACTUAL_POS] --(CONTAINS)--> [EVENT_BEFORE_ACTUAL_POS] | [EVENT_BEFORE_ACTUAL_POS] --(BEFORE)--> [EVENT_BEFORE_ACTUAL_POS] | [EVENT_BEFORE_ACTUAL_POS] --(BEFORE)--> [EVENT_BEFORE_ACTUAL_POS],consultation,CONTAINS,examen,[RETOUR],consultation,BEFORE,ASA,BEFORE,Nicardipine,,,,
89,46,FR100780,[EVENT_BEFORE_ACTUAL_POS] --(CONTAINS)--> [EVENT_BEFORE_ACTUAL_POS] | [EVENT_BEFORE_ACTUAL_POS] --(BEFORE)--> [EVENT_BEFORE_ACTUAL_POS] | [EVENT_BEFORE_ACTUAL_POS] --(BEFORE)--> [EVENT_BEFORE_ACTUAL_POS],examen,CONTAINS,température,[RETOUR],examen,BEFORE,toucher,BEFORE,échographie,,,,
89,46,FR100806,[EVENT_BEFORE_ACTUAL_POS] --(CONTAINS)--> [EVENT_BEFORE_ACTUAL_POS] | [EVENT_BEFORE_ACTUAL_POS] --(BEFORE)--> [EVENT_BEFORE_ACTUAL_POS] | [EVENT_BEFORE_ACTUAL_POS] --(BEFORE)--> [EVENT_BEFORE_ACTUAL_POS],prise,CONTAINS,splénectomie,[RETOUR],prise,BEFORE,examen,BEFORE,suites,,,,
89,46,FR100814,[EVENT_BEFORE_ACTUAL_POS] --(CONTAINS)--> [EVENT_BEFORE_ACTUAL_POS] | [EVENT_BEFORE_ACTUAL_POS] --(BEFORE)--> [EVENT_BEFORE_ACTUAL_POS] | [EVENT_BEFORE_ACTUAL_POS] --(BEFORE)--> [EVENT_BEFORE_ACTUAL_POS],IRM,CONTAINS,iso-signal,[RETOUR],IRM,BEFORE,diagnostic,BEFORE,réséquée,,,,
89,46,FR100826,[EVENT_BEFORE_ACTUAL_POS] --(CONTAINS)--> [EVENT_BEFORE_ACTUAL_POS] | [EVENT_BEFORE_ACTUAL_POS] --(BEFORE)--> [EVENT_BEFORE_ACTUAL_POS] | [EVENT_BEFORE_ACTUAL_POS] --(BEFORE)--> [EVENT_BEFORE_ACTUAL_POS],bilan,CONTAINS,tomodensitométrie,[RETOUR],bilan,BEFORE,bilan,BEFORE,retenue,,,,
89,46,FR100845,[EVENT_BEFORE_ACTUAL_POS] --(CONTAINS)--> [EVENT_BEFORE_ACTUAL_POS] | [EVENT_BEFORE_ACTUAL_POS] --(BEFORE)--> [EVENT_BEFORE_ACTUAL_POS] | [EVENT_BEFORE_ACTUAL_POS] --(BEFORE)--> [EVENT_BEFORE_ACTUAL_POS],examen,CONTAINS,toucher,[RETOUR],examen,BEFORE,échographie,BEFORE,radiographie,,,,
89,46,FR100849,[EVENT_BEFORE_ACTUAL_POS] --(CONTAINS)--> [EVENT_BEFORE_ACTUAL_POS] | [EVENT_BEFORE_ACTUAL_POS] --(BEFORE)--> [EVENT_BEFORE_ACTUAL_POS] | [EVENT_BEFORE_ACTUAL_POS] --(BEFORE)--> [EVENT_BEFORE_ACTUAL_POS],admission,CONTAINS,examen,[RETOUR],admission,BEFORE,tomodensitométrie,BEFORE,acheminé,,,,
89,46,FR100870,[EVENT_BEFORE_ACTUAL_POS] --(CONTAINS)--> [EVENT_BEFORE_ACTUAL_POS] | [EVENT_BEFORE_ACTUAL_POS] --(BEFORE)--> [EVENT_BEFORE_ACTUAL_POS] | [EVENT_BEFORE_ACTUAL_POS] --(BEFORE)--> [EVENT_BEFORE_ACTUAL_POS],électrophorèse,CONTAINS,découverte,[RETOUR],électrophorèse,BEFORE,immunosoustraction,BEFORE,immunofixation,,,,
89,46,FR100874,[EVENT_BEFORE_ACTUAL_POS] --(CONTAINS)--> [EVENT_BEFORE_ACTUAL_POS] | [EVENT_BEFORE_ACTUAL_POS] --(BEFORE)--> [EVENT_BEFORE_ACTUAL_POS] | [EVENT_BEFORE_ACTUAL_POS] --(BEFORE)--> [EVENT_BEFORE_ACTUAL_POS],admission,CONTAINS,interrogatoire,[RETOUR],admission,BEFORE,examen,BEFORE,hémogramme,,,,
89,46,FR100903,[EVENT_BEFORE_ACTUAL_POS] --(CONTAINS)--> [EVENT_BEFORE_ACTUAL_POS] | [EVENT_BEFORE_ACTUAL_POS] --(BEFORE)--> [EVENT_BEFORE_ACTUAL_POS] | [EVENT_BEFORE_ACTUAL_POS] --(BEFORE)--> [EVENT_BEFORE_ACTUAL_POS],contrôles,CONTAINS,biométrie,[RETOUR],contrôles,BEFORE,accouchement,BEFORE,décédé,,,,
89,46,FR100919,[EVENT_BEFORE_ACTUAL_POS] --(CONTAINS)--> [EVENT_BEFORE_ACTUAL_POS] | [EVENT_BEFORE_ACTUAL_POS] --(BEFORE)--> [EVENT_BEFORE_ACTUAL_POS] | [EVENT_BEFORE_ACTUAL_POS] --(BEFORE)--> [EVENT_BEFORE_ACTUAL_POS],correction,CONTAINS,injection,[RETOUR],correction,BEFORE,adressée,BEFORE,bilan,,,,
89,46,FR100946,[EVENT_BEFORE_ACTUAL_POS] --(CONTAINS)--> [EVENT_BEFORE_ACTUAL_POS] | [EVENT_BEFORE_ACTUAL_POS] --(BEFORE)--> [EVENT_BEFORE_ACTUAL_POS] | [EVENT_BEFORE_ACTUAL_POS] --(BEFORE)--> [EVENT_BEFORE_ACTUAL_POS],IRM,CONTAINS,prise,[RETOUR],IRM,BEFORE,analyse,BEFORE,mise,,,,
89,46,FR100959,[EVENT_BEFORE_ACTUAL_POS] --(CONTAINS)--> [EVENT_BEFORE_ACTUAL_POS] | [EVENT_BEFORE_ACTUAL_POS] --(BEFORE)--> [EVENT_BEFORE_ACTUAL_POS] | [EVENT_BEFORE_ACTUAL_POS] --(BEFORE)--> [EVENT_BEFORE_ACTUAL_POS],œsophagoscopie,CONTAINS,permis,[RETOUR],œsophagoscopie,BEFORE,Transit,BEFORE,notée,,,,
89,46,FR100998,[EVENT_BEFORE_ACTUAL_POS] --(CONTAINS)--> [EVENT_BEFORE_ACTUAL_POS] | [EVENT_BEFORE_ACTUAL_POS] --(BEFORE)--> [EVENT_BEFORE_ACTUAL_POS] | [EVENT_BEFORE_ACTUAL_POS] --(BEFORE)--> [EVENT_BEFORE_ACTUAL_POS],traitée,CONTAINS,cures,[RETOUR],traitée,BEFORE,bilan,BEFORE,démarré,,,,
198,45,FR100120,[EVENT_BEFORE_ACTUAL_POS] --(BEFORE)--> [EVENT_BEFORE_ACTUAL_POS] | [EVENT_BEFORE_ACTUAL_POS] --(BEFORE)--> [EVENT_BEFORE_ACTUAL_POS] | [EVENT_BEFORE_ACTUAL_POS] --(BEFORE)--> [EVENT_BEFORE_ACTUAL_POS],rattaché,BEFORE,traitement,[RETOUR],rattaché,BEFORE,traitées,[RETOUR],traitement,BEFORE,sailli,,
198,45,FR100130,[EVENT_BEFORE_ACTUAL_POS] --(BEFORE)--> [EVENT_BEFORE_ACTUAL_POS] | [EVENT_BEFORE_ACTUAL_POS] --(BEFORE)--> [EVENT_BEFORE_ACTUAL_POS] | [EVENT_BEFORE_ACTUAL_POS] --(BEFORE)--> [EVENT_BEFORE_ACTUAL_POS],admis,BEFORE,plaignait,[RETOUR],admis,BEFORE,exploration,[RETOUR],plaignait,BEFORE,examen,,
198,45,FR100142,[EVENT_BEFORE_ACTUAL_POS] --(BEFORE)--> [EVENT_BEFORE_ACTUAL_POS] | [EVENT_BEFORE_ACTUAL_POS] --(BEFORE)--> [EVENT_BEFORE_ACTUAL_POS] | [EVENT_BEFORE_ACTUAL_POS] --(BEFORE)--> [EVENT_BEFORE_ACTUAL_POS],fibroscopie,BEFORE,biopsie,[RETOUR],fibroscopie,BEFORE,colonoscopie,[RETOUR],biopsie,BEFORE,mis,,
198,45,FR100161,[EVENT_BEFORE_ACTUAL_POS] --(BEFORE)--> [EVENT_BEFORE_ACTUAL_POS] | [EVENT_BEFORE_ACTUAL_POS] --(BEFORE)--> [EVENT_BEFORE_ACTUAL_POS] | [EVENT_BEFORE_ACTUAL_POS] --(BEFORE)--> [EVENT_BEFORE_ACTUAL_POS],radiographie,BEFORE,complément,[RETOUR],radiographie,BEFORE,échographie,[RETOUR],complément,BEFORE,cortisol,,
198,45,FR100168,[EVENT_BEFORE_ACTUAL_POS] --(BEFORE)--> [EVENT_BEFORE_ACTUAL_POS] | [EVENT_BEFORE_ACTUAL_POS] --(BEFORE)--> [EVENT_BEFORE_ACTUAL_POS] | [EVENT_BEFORE_ACTUAL_POS] --(BEFORE)--> [EVENT_BEFORE_ACTUAL_POS],examen,BEFORE,bilan,[RETOUR],examen,BEFORE,ostéosynthèse,[RETOUR],bilan,BEFORE,dissection,,
198,45,FR100255,[EVENT_BEFORE_ACTUAL_POS] --(BEFORE)--> [EVENT_BEFORE_ACTUAL_POS] | [EVENT_BEFORE_ACTUAL_POS] --(BEFORE)--> [EVENT_BEFORE_ACTUAL_POS] | [EVENT_BEFORE_ACTUAL_POS] --(BEFORE)--> [EVENT_BEFORE_ACTUAL_POS],mise,BEFORE,réveillée,[RETOUR],mise,BEFORE,traitement,[RETOUR],réveillée,BEFORE,radio,,
198,45,FR100275,[EVENT_BEFORE_ACTUAL_POS] --(BEFORE)--> [EVENT_BEFORE_ACTUAL_POS] | [EVENT_BEFORE_ACTUAL_POS] --(BEFORE)--> [EVENT_BEFORE_ACTUAL_POS] | [EVENT_BEFORE_ACTUAL_POS] --(BEFORE)--> [EVENT_BEFORE_ACTUAL_POS],manœuvres,BEFORE,transféré,[RETOUR],manœuvres,BEFORE,retour,[RETOUR],transféré,BEFORE,anamnèse,,
198,45,FR100276,[EVENT_BEFORE_ACTUAL_POS] --(BEFORE)--> [EVENT_BEFORE_ACTUAL_POS] | [EVENT_BEFORE_ACTUAL_POS] --(BEFORE)--> [EVENT_BEFORE_ACTUAL_POS] | [EVENT_BEFORE_ACTUAL_POS] --(BEFORE)--> [EVENT_BEFORE_ACTUAL_POS],accouchement,BEFORE,reste,[RETOUR],accouchement,BEFORE,poids,[RETOUR],reste,BEFORE,bilan,,
198,45,FR100283,[EVENT_BEFORE_ACTUAL_POS] --(BEFORE)--> [EVENT_BEFORE_ACTUAL_POS] | [EVENT_BEFORE_ACTUAL_POS] --(BEFORE)--> [EVENT_BEFORE_ACTUAL_POS] | [EVENT_BEFORE_ACTUAL_POS] --(BEFORE)--> [EVENT_BEFORE_ACTUAL_POS],bilan,BEFORE,IRM,[RETOUR],bilan,BEFORE,ponction,[RETOUR],IRM,BEFORE,hypophysiogramme,,
198,45,FR100344,[EVENT_BEFORE_ACTUAL_POS] --(BEFORE)--> [EVENT_BEFORE_ACTUAL_POS] | [EVENT_BEFORE_ACTUAL_POS] --(BEFORE)--> [EVENT_BEFORE_ACTUAL_POS] | [EVENT_BEFORE_ACTUAL_POS] --(BEFORE)--> [EVENT_BEFORE_ACTUAL_POS],développé,BEFORE,contrôle,[RETOUR],développé,BEFORE,suivie,[RETOUR],contrôle,BEFORE,tombée,,
198,45,FR100360,[EVENT_BEFORE_ACTUAL_POS] --(BEFORE)--> [EVENT_BEFORE_ACTUAL_POS] | [EVENT_BEFORE_ACTUAL_POS] --(BEFORE)--> [EVENT_BEFORE_ACTUAL_POS] | [EVENT_BEFORE_ACTUAL_POS] --(BEFORE)--> [EVENT_BEFORE_ACTUAL_POS],biopsie,BEFORE,tomodensitométrie,[RETOUR],biopsie,BEFORE,étude,[RETOUR],tomodensitométrie,BEFORE,radiothérapie,,
198,45,FR100361,[EVENT_BEFORE_ACTUAL_POS] --(BEFORE)--> [EVENT_BEFORE_ACTUAL_POS] | [EVENT_BEFORE_ACTUAL_POS] --(BEFORE)--> [EVENT_BEFORE_ACTUAL_POS] | [EVENT_BEFORE_ACTUAL_POS] --(BEFORE)--> [EVENT_BEFORE_ACTUAL_POS],ponction,BEFORE,examen,[RETOUR],ponction,BEFORE,étude,[RETOUR],examen,BEFORE,examen,,
198,45,FR100371,[EVENT_BEFORE_ACTUAL_POS] --(BEFORE)--> [EVENT_BEFORE_ACTUAL_POS] | [EVENT_BEFORE_ACTUAL_POS] --(BEFORE)--> [EVENT_BEFORE_ACTUAL_POS] | [EVENT_BEFORE_ACTUAL_POS] --(BEFORE)--> [EVENT_BEFORE_ACTUAL_POS],incision,BEFORE,envoyée,[RETOUR],incision,BEFORE,suite,[RETOUR],envoyée,BEFORE,examen,,
198,45,FR100400,[EVENT_BEFORE_ACTUAL_POS] --(BEFORE)--> [EVENT_BEFORE_ACTUAL_POS] | [EVENT_BEFORE_ACTUAL_POS] --(BEFORE)--> [EVENT_BEFORE_ACTUAL_POS] | [EVENT_BEFORE_ACTUAL_POS] --(BEFORE)--> [EVENT_BEFORE_ACTUAL_POS],histoire,BEFORE,examen,[RETOUR],histoire,BEFORE,admise,[RETOUR],examen,BEFORE,bilan,,
198,45,FR100439,[EVENT_BEFORE_ACTUAL_POS] --(BEFORE)--> [EVENT_BEFORE_ACTUAL_POS] | [EVENT_BEFORE_ACTUAL_POS] --(BEFORE)--> [EVENT_BEFORE_ACTUAL_POS] | [EVENT_BEFORE_ACTUAL_POS] --(BEFORE)--> [EVENT_BEFORE_ACTUAL_POS],biopsies,BEFORE,analyse,[RETOUR],biopsies,BEFORE,envoyées,[RETOUR],analyse,BEFORE,exploration,,
198,45,FR100480,[EVENT_BEFORE_ACTUAL_POS] --(BEFORE)--> [EVENT_BEFORE_ACTUAL_POS] | [EVENT_BEFORE_ACTUAL_POS] --(BEFORE)--> [EVENT_BEFORE_ACTUAL_POS] | [EVENT_BEFORE_ACTUAL_POS] --(BEFORE)--> [EVENT_BEFORE_ACTUAL_POS],reprise,BEFORE,débuté,[RETOUR],reprise,BEFORE,présenté,[RETOUR],débuté,BEFORE,réadaptation,,
198,45,FR100515,[EVENT_BEFORE_ACTUAL_POS] --(BEFORE)--> [EVENT_BEFORE_ACTUAL_POS] | [EVENT_BEFORE_ACTUAL_POS] --(BEFORE)--> [EVENT_BEFORE_ACTUAL_POS] | [EVENT_BEFORE_ACTUAL_POS] --(BEFORE)--> [EVENT_BEFORE_ACTUAL_POS],testing,BEFORE,dosage,[RETOUR],testing,BEFORE,électromyogramme,[RETOUR],dosage,BEFORE,bilan,,
198,45,FR100517,[EVENT_BEFORE_ACTUAL_POS] --(BEFORE)--> [EVENT_BEFORE_ACTUAL_POS] | [EVENT_BEFORE_ACTUAL_POS] --(BEFORE)--> [EVENT_BEFORE_ACTUAL_POS] | [EVENT_BEFORE_ACTUAL_POS] --(BEFORE)--> [EVENT_BEFORE_ACTUAL_POS],bilan,BEFORE,mise,[RETOUR],bilan,BEFORE,mise,[RETOUR],mise,BEFORE,auscultation,,
198,45,FR100519,[EVENT_BEFORE_ACTUAL_POS] --(BEFORE)--> [EVENT_BEFORE_ACTUAL_POS] | [EVENT_BEFORE_ACTUAL_POS] --(BEFORE)--> [EVENT_BEFORE_ACTUAL_POS] | [EVENT_BEFORE_ACTUAL_POS] --(BEFORE)--> [EVENT_BEFORE_ACTUAL_POS],hospitalisée,BEFORE,entrée,[RETOUR],hospitalisée,BEFORE,transférée,[RETOUR],entrée,BEFORE,bilan,,
198,45,FR100579,[EVENT_BEFORE_ACTUAL_POS] --(BEFORE)--> [EVENT_BEFORE_ACTUAL_POS] | [EVENT_BEFORE_ACTUAL_POS] --(BEFORE)--> [EVENT_BEFORE_ACTUAL_POS] | [EVENT_BEFORE_ACTUAL_POS] --(BEFORE)--> [EVENT_BEFORE_ACTUAL_POS],échocardiographie,BEFORE,angio-scanner,[RETOUR],échocardiographie,BEFORE,bilan,[RETOUR],angio-scanner,BEFORE,imagerie,,
198,45,FR100589,[EVENT_BEFORE_ACTUAL_POS] --(BEFORE)--> [EVENT_BEFORE_ACTUAL_POS] | [EVENT_BEFORE_ACTUAL_POS] --(BEFORE)--> [EVENT_BEFORE_ACTUAL_POS] | [EVENT_BEFORE_ACTUAL_POS] --(BEFORE)--> [EVENT_BEFORE_ACTUAL_POS],caryotype,BEFORE,sérologie,[RETOUR],caryotype,BEFORE,biopsie,[RETOUR],sérologie,BEFORE,diagnostic,,
198,45,FR100597,[EVENT_BEFORE_ACTUAL_POS] --(BEFORE)--> [EVENT_BEFORE_ACTUAL_POS] | [EVENT_BEFORE_ACTUAL_POS] --(BEFORE)--> [EVENT_BEFORE_ACTUAL_POS] | [EVENT_BEFORE_ACTUAL_POS] --(BEFORE)--> [EVENT_BEFORE_ACTUAL_POS],accouchements,BEFORE,ménopausée,[RETOUR],accouchements,BEFORE,ligature,[RETOUR],ménopausée,BEFORE,consultation,,
198,45,FR100611,[EVENT_BEFORE_ACTUAL_POS] --(BEFORE)--> [EVENT_BEFORE_ACTUAL_POS] | [EVENT_BEFORE_ACTUAL_POS] --(BEFORE)--> [EVENT_BEFORE_ACTUAL_POS] | [EVENT_BEFORE_ACTUAL_POS] --(BEFORE)--> [EVENT_BEFORE_ACTUAL_POS],examen,BEFORE,PCR,[RETOUR],examen,BEFORE,cultures,[RETOUR],PCR,BEFORE,TDM,,
198,45,FR100614,[EVENT_BEFORE_ACTUAL_POS] --(BEFORE)--> [EVENT_BEFORE_ACTUAL_POS] | [EVENT_BEFORE_ACTUAL_POS] --(BEFORE)--> [EVENT_BEFORE_ACTUAL_POS] | [EVENT_BEFORE_ACTUAL_POS] --(BEFORE)--> [EVENT_BEFORE_ACTUAL_POS],exploration,BEFORE,rupture,[RETOUR],exploration,BEFORE,exploration,[RETOUR],rupture,BEFORE,intervention,,
198,45,FR100620,[EVENT_BEFORE_ACTUAL_POS] --(BEFORE)--> [EVENT_BEFORE_ACTUAL_POS] | [EVENT_BEFORE_ACTUAL_POS] --(BEFORE)--> [EVENT_BEFORE_ACTUAL_POS] | [EVENT_BEFORE_ACTUAL_POS] --(BEFORE)--> [EVENT_BEFORE_ACTUAL_POS],pleurodèse,BEFORE,biopsie,[RETOUR],pleurodèse,BEFORE,biopsie,[RETOUR],biopsie,BEFORE,prise,,
198,45,FR100623,[EVENT_BEFORE_ACTUAL_POS] --(BEFORE)--> [EVENT_BEFORE_ACTUAL_POS] | [EVENT_BEFORE_ACTUAL_POS] --(BEFORE)--> [EVENT_BEFORE_ACTUAL_POS] | [EVENT_BEFORE_ACTUAL_POS] --(BEFORE)--> [EVENT_BEFORE_ACTUAL_POS],examen,BEFORE,échographie,[RETOUR],examen,BEFORE,bilan,[RETOUR],échographie,BEFORE,tomodensitométrie,,
198,45,FR100629,[EVENT_BEFORE_ACTUAL_POS] --(BEFORE)--> [EVENT_BEFORE_ACTUAL_POS] | [EVENT_BEFORE_ACTUAL_POS] --(BEFORE)--> [EVENT_BEFORE_ACTUAL_POS] | [EVENT_BEFORE_ACTUAL_POS] --(BEFORE)--> [EVENT_BEFORE_ACTUAL_POS],marquage,BEFORE,bilan,[RETOUR],marquage,BEFORE,étude,[RETOUR],bilan,BEFORE,décision,,
198,45,FR100632,[EVENT_BEFORE_ACTUAL_POS] --(BEFORE)--> [EVENT_BEFORE_ACTUAL_POS] | [EVENT_BEFORE_ACTUAL_POS] --(BEFORE)--> [EVENT_BEFORE_ACTUAL_POS] | [EVENT_BEFORE_ACTUAL_POS] --(BEFORE)--> [EVENT_BEFORE_ACTUAL_POS],numération,BEFORE,bilan,[RETOUR],numération,BEFORE,vitesse,[RETOUR],bilan,BEFORE,enquête,,
198,45,FR100663,[EVENT_BEFORE_ACTUAL_POS] --(BEFORE)--> [EVENT_BEFORE_ACTUAL_POS] | [EVENT_BEFORE_ACTUAL_POS] --(BEFORE)--> [EVENT_BEFORE_ACTUAL_POS] | [EVENT_BEFORE_ACTUAL_POS] --(BEFORE)--> [EVENT_BEFORE_ACTUAL_POS],incisée,BEFORE,vérifié,[RETOUR],incisée,BEFORE,aspiration,[RETOUR],vérifié,BEFORE,reprise,,
198,45,FR100666,[EVENT_BEFORE_ACTUAL_POS] --(BEFORE)--> [EVENT_BEFORE_ACTUAL_POS] | [EVENT_BEFORE_ACTUAL_POS] --(BEFORE)--> [EVENT_BEFORE_ACTUAL_POS] | [EVENT_BEFORE_ACTUAL_POS] --(BEFORE)--> [EVENT_BEFORE_ACTUAL_POS],biopsie,BEFORE,étude,[RETOUR],biopsie,BEFORE,examen,[RETOUR],étude,BEFORE,adressé,,
198,45,FR100688,[EVENT_BEFORE_ACTUAL_POS] --(BEFORE)--> [EVENT_BEFORE_ACTUAL_POS] | [EVENT_BEFORE_ACTUAL_POS] --(BEFORE)--> [EVENT_BEFORE_ACTUAL_POS] | [EVENT_BEFORE_ACTUAL_POS] --(BEFORE)--> [EVENT_BEFORE_ACTUAL_POS],sérologie,BEFORE,radiographie,[RETOUR],sérologie,BEFORE,recherche,[RETOUR],radiographie,BEFORE,échographie,,
198,45,FR100689,[EVENT_BEFORE_ACTUAL_POS] --(BEFORE)--> [EVENT_BEFORE_ACTUAL_POS] | [EVENT_BEFORE_ACTUAL_POS] --(BEFORE)--> [EVENT_BEFORE_ACTUAL_POS] | [EVENT_BEFORE_ACTUAL_POS] --(BEFORE)--> [EVENT_BEFORE_ACTUAL_POS],examen,BEFORE,PCR,[RETOUR],examen,BEFORE,cultures,[RETOUR],PCR,BEFORE,scanner,,
198,45,FR100697,[EVENT_BEFORE_ACTUAL_POS] --(BEFORE)--> [EVENT_BEFORE_ACTUAL_POS] | [EVENT_BEFORE_ACTUAL_POS] --(BEFORE)--> [EVENT_BEFORE_ACTUAL_POS] | [EVENT_BEFORE_ACTUAL_POS] --(BEFORE)--> [EVENT_BEFORE_ACTUAL_POS],examen,BEFORE,mammographie,[RETOUR],examen,BEFORE,reste,[RETOUR],mammographie,BEFORE,échographie,,
198,45,FR100708,[EVENT_BEFORE_ACTUAL_POS] --(BEFORE)--> [EVENT_BEFORE_ACTUAL_POS] | [EVENT_BEFORE_ACTUAL_POS] --(BEFORE)--> [EVENT_BEFORE_ACTUAL_POS] | [EVENT_BEFORE_ACTUAL_POS] --(BEFORE)--> [EVENT_BEFORE_ACTUAL_POS],demandée,BEFORE,tests,[RETOUR],demandée,BEFORE,IRM,[RETOUR],tests,BEFORE,mise,,
198,45,FR100748,[EVENT_BEFORE_ACTUAL_POS] --(BEFORE)--> [EVENT_BEFORE_ACTUAL_POS] | [EVENT_BEFORE_ACTUAL_POS] --(BEFORE)--> [EVENT_BEFORE_ACTUAL_POS] | [EVENT_BEFORE_ACTUAL_POS] --(BEFORE)--> [EVENT_BEFORE_ACTUAL_POS],mobilisation,BEFORE,suites,[RETOUR],mobilisation,BEFORE,résection,[RETOUR],suites,BEFORE,transférée,,
198,45,FR100780,[EVENT_BEFORE_ACTUAL_POS] --(BEFORE)--> [EVENT_BEFORE_ACTUAL_POS] | [EVENT_BEFORE_ACTUAL_POS] --(BEFORE)--> [EVENT_BEFORE_ACTUAL_POS] | [EVENT_BEFORE_ACTUAL_POS] --(BEFORE)--> [EVENT_BEFORE_ACTUAL_POS],geste,BEFORE,geste,[RETOUR],geste,BEFORE,gestes,[RETOUR],geste,BEFORE,geste,,
198,45,FR100826,[EVENT_BEFORE_ACTUAL_POS] --(BEFORE)--> [EVENT_BEFORE_ACTUAL_POS] | [EVENT_BEFORE_ACTUAL_POS] --(BEFORE)--> [EVENT_BEFORE_ACTUAL_POS] | [EVENT_BEFORE_ACTUAL_POS] --(BEFORE)--> [EVENT_BEFORE_ACTUAL_POS],admis,BEFORE,examen,[RETOUR],admis,BEFORE,don,[RETOUR],examen,BEFORE,bilan,,
198,45,FR100845,[EVENT_BEFORE_ACTUAL_POS] --(BEFORE)--> [EVENT_BEFORE_ACTUAL_POS] | [EVENT_BEFORE_ACTUAL_POS] --(BEFORE)--> [EVENT_BEFORE_ACTUAL_POS] | [EVENT_BEFORE_ACTUAL_POS] --(BEFORE)--> [EVENT_BEFORE_ACTUAL_POS],extraction,BEFORE,examen,[RETOUR],extraction,BEFORE,Apgar,[RETOUR],examen,BEFORE,examinés,,
198,45,FR100870,[EVENT_BEFORE_ACTUAL_POS] --(BEFORE)--> [EVENT_BEFORE_ACTUAL_POS] | [EVENT_BEFORE_ACTUAL_POS] --(BEFORE)--> [EVENT_BEFORE_ACTUAL_POS] | [EVENT_BEFORE_ACTUAL_POS] --(BEFORE)--> [EVENT_BEFORE_ACTUAL_POS],immunosoustraction,BEFORE,immunofixation,[RETOUR],immunosoustraction,BEFORE,typer,[RETOUR],immunofixation,BEFORE,bilan,,
198,45,FR100882,[EVENT_BEFORE_ACTUAL_POS] --(BEFORE)--> [EVENT_BEFORE_ACTUAL_POS] | [EVENT_BEFORE_ACTUAL_POS] --(BEFORE)--> [EVENT_BEFORE_ACTUAL_POS] | [EVENT_BEFORE_ACTUAL_POS] --(BEFORE)--> [EVENT_BEFORE_ACTUAL_POS],laminectomie,BEFORE,Imagerie,[RETOUR],laminectomie,BEFORE,suites,[RETOUR],Imagerie,BEFORE,bilan,,
198,45,FR100903,[EVENT_BEFORE_ACTUAL_POS] --(BEFORE)--> [EVENT_BEFORE_ACTUAL_POS] | [EVENT_BEFORE_ACTUAL_POS] --(BEFORE)--> [EVENT_BEFORE_ACTUAL_POS] | [EVENT_BEFORE_ACTUAL_POS] --(BEFORE)--> [EVENT_BEFORE_ACTUAL_POS],écarté,BEFORE,contrôles,[RETOUR],écarté,BEFORE,réfléchir,[RETOUR],contrôles,BEFORE,accouchement,,
198,45,FR100919,[EVENT_BEFORE_ACTUAL_POS] --(BEFORE)--> [EVENT_BEFORE_ACTUAL_POS] | [EVENT_BEFORE_ACTUAL_POS] --(BEFORE)--> [EVENT_BEFORE_ACTUAL_POS] | [EVENT_BEFORE_ACTUAL_POS] --(BEFORE)--> [EVENT_BEFORE_ACTUAL_POS],correction,BEFORE,adressée,[RETOUR],correction,BEFORE,normalisation,[RETOUR],adressée,BEFORE,bilan,,
198,45,FR100932,[EVENT_BEFORE_ACTUAL_POS] --(BEFORE)--> [EVENT_BEFORE_ACTUAL_POS] | [EVENT_BEFORE_ACTUAL_POS] --(BEFORE)--> [EVENT_BEFORE_ACTUAL_POS] | [EVENT_BEFORE_ACTUAL_POS] --(BEFORE)--> [EVENT_BEFORE_ACTUAL_POS],mise,BEFORE,opérée,[RETOUR],mise,BEFORE,installation,[RETOUR],opérée,BEFORE,évolution,,
198,45,FR100946,[EVENT_BEFORE_ACTUAL_POS] --(BEFORE)--> [EVENT_BEFORE_ACTUAL_POS] | [EVENT_BEFORE_ACTUAL_POS] --(BEFORE)--> [EVENT_BEFORE_ACTUAL_POS] | [EVENT_BEFORE_ACTUAL_POS] --(BEFORE)--> [EVENT_BEFORE_ACTUAL_POS],mise,BEFORE,analyse,[RETOUR],mise,BEFORE,exérèse,[RETOUR],analyse,BEFORE,mise,,
134,44,FR100003,[EVENT_BEFORE_ACTUAL_POS] --(BEFORE)--> [EVENT_BEFORE_ACTUAL_POS] | [EVENT_BEFORE_ACTUAL_POS] --(BEFORE)--> [EVENT_BEFORE_ACTUAL_POS] | [EVENT_BEFORE_ACTUAL_POS] --(BEFORE)--> [EVENT_BEFORE_ACTUAL_POS] | [EVENT_BEFORE_ACTUAL_POS] --(BEFORE)--> [EVENT_BEFORE_ACTUAL_POS] | [EVENT_BEFORE_ACTUAL_POS] --(BEFORE)--> [EVENT_BEFORE_ACTUAL_POS],injection,BEFORE,ponction,BEFORE,examen,BEFORE,examen,BEFORE,antibiothérapie,BEFORE,bloc,,
134,44,FR100092,[EVENT_BEFORE_ACTUAL_POS] --(BEFORE)--> [EVENT_BEFORE_ACTUAL_POS] | [EVENT_BEFORE_ACTUAL_POS] --(BEFORE)--> [EVENT_BEFORE_ACTUAL_POS] | [EVENT_BEFORE_ACTUAL_POS] --(BEFORE)--> [EVENT_BEFORE_ACTUAL_POS] | [EVENT_BEFORE_ACTUAL_POS] --(BEFORE)--> [EVENT_BEFORE_ACTUAL_POS] | [EVENT_BEFORE_ACTUAL_POS] --(BEFORE)--> [EVENT_BEFORE_ACTUAL_POS],admise,BEFORE,examen,BEFORE,examen,BEFORE,examen,BEFORE,échographie,BEFORE,tableau,,
134,44,FR100130,[EVENT_BEFORE_ACTUAL_POS] --(BEFORE)--> [EVENT_BEFORE_ACTUAL_POS] | [EVENT_BEFORE_ACTUAL_POS] --(BEFORE)--> [EVENT_BEFORE_ACTUAL_POS] | [EVENT_BEFORE_ACTUAL_POS] --(BEFORE)--> [EVENT_BEFORE_ACTUAL_POS] | [EVENT_BEFORE_ACTUAL_POS] --(BEFORE)--> [EVENT_BEFORE_ACTUAL_POS] | [EVENT_BEFORE_ACTUAL_POS] --(BEFORE)--> [EVENT_BEFORE_ACTUAL_POS],admis,BEFORE,plaignait,BEFORE,examen,BEFORE,biologie,BEFORE,glycémie,BEFORE,bilan,,
134,44,FR100142,[EVENT_BEFORE_ACTUAL_POS] --(BEFORE)--> [EVENT_BEFORE_ACTUAL_POS] | [EVENT_BEFORE_ACTUAL_POS] --(BEFORE)--> [EVENT_BEFORE_ACTUAL_POS] | [EVENT_BEFORE_ACTUAL_POS] --(BEFORE)--> [EVENT_BEFORE_ACTUAL_POS] | [EVENT_BEFORE_ACTUAL_POS] --(BEFORE)--> [EVENT_BEFORE_ACTUAL_POS] | [EVENT_BEFORE_ACTUAL_POS] --(BEFORE)--> [EVENT_BEFORE_ACTUAL_POS],électrophorèse,BEFORE,scanner,BEFORE,fibroscopie,BEFORE,biopsie,BEFORE,mis,BEFORE,bithérapie,,
134,44,FR100161,[EVENT_BEFORE_ACTUAL_POS] --(BEFORE)--> [EVENT_BEFORE_ACTUAL_POS] | [EVENT_BEFORE_ACTUAL_POS] --(BEFORE)--> [EVENT_BEFORE_ACTUAL_POS] | [EVENT_BEFORE_ACTUAL_POS] --(BEFORE)--> [EVENT_BEFORE_ACTUAL_POS] | [EVENT_BEFORE_ACTUAL_POS] --(BEFORE)--> [EVENT_BEFORE_ACTUAL_POS] | [EVENT_BEFORE_ACTUAL_POS] --(BEFORE)--> [EVENT_BEFORE_ACTUAL_POS],examen,BEFORE,examens,BEFORE,radiographie,BEFORE,complément,BEFORE,cortisol,BEFORE,exérèse,,
134,44,FR100255,[EVENT_BEFORE_ACTUAL_POS] --(BEFORE)--> [EVENT_BEFORE_ACTUAL_POS] | [EVENT_BEFORE_ACTUAL_POS] --(BEFORE)--> [EVENT_BEFORE_ACTUAL_POS] | [EVENT_BEFORE_ACTUAL_POS] --(BEFORE)--> [EVENT_BEFORE_ACTUAL_POS] | [EVENT_BEFORE_ACTUAL_POS] --(BEFORE)--> [EVENT_BEFORE_ACTUAL_POS] | [EVENT_BEFORE_ACTUAL_POS] --(BEFORE)--> [EVENT_BEFORE_ACTUAL_POS],examen,BEFORE,examen,BEFORE,échographie,BEFORE,mise,BEFORE,réveillée,BEFORE,radio,,
134,44,FR100275,[EVENT_BEFORE_ACTUAL_POS] --(BEFORE)--> [EVENT_BEFORE_ACTUAL_POS] | [EVENT_BEFORE_ACTUAL_POS] --(BEFORE)--> [EVENT_BEFORE_ACTUAL_POS] | [EVENT_BEFORE_ACTUAL_POS] --(BEFORE)--> [EVENT_BEFORE_ACTUAL_POS] | [EVENT_BEFORE_ACTUAL_POS] --(BEFORE)--> [EVENT_BEFORE_ACTUAL_POS] | [EVENT_BEFORE_ACTUAL_POS] --(BEFORE)--> [EVENT_BEFORE_ACTUAL_POS],découverte,BEFORE,arrivée,BEFORE,établi,BEFORE,manœuvres,BEFORE,transféré,BEFORE,anamnèse,,
134,44,FR100282,[EVENT_BEFORE_ACTUAL_POS] --(BEFORE)--> [EVENT_BEFORE_ACTUAL_POS] | [EVENT_BEFORE_ACTUAL_POS] --(BEFORE)--> [EVENT_BEFORE_ACTUAL_POS] | [EVENT_BEFORE_ACTUAL_POS] --(BEFORE)--> [EVENT_BEFORE_ACTUAL_POS] | [EVENT_BEFORE_ACTUAL_POS] --(BEFORE)--> [EVENT_BEFORE_ACTUAL_POS] | [EVENT_BEFORE_ACTUAL_POS] --(BEFORE)--> [EVENT_BEFORE_ACTUAL_POS],examen,BEFORE,électroencéphalogramme,BEFORE,scanner,BEFORE,conclus,BEFORE,instauré,BEFORE,suivi,,
134,44,FR100314,[EVENT_BEFORE_ACTUAL_POS] --(BEFORE)--> [EVENT_BEFORE_ACTUAL_POS] | [EVENT_BEFORE_ACTUAL_POS] --(BEFORE)--> [EVENT_BEFORE_ACTUAL_POS] | [EVENT_BEFORE_ACTUAL_POS] --(BEFORE)--> [EVENT_BEFORE_ACTUAL_POS] | [EVENT_BEFORE_ACTUAL_POS] --(BEFORE)--> [EVENT_BEFORE_ACTUAL_POS] | [EVENT_BEFORE_ACTUAL_POS] --(BEFORE)--> [EVENT_BEFORE_ACTUAL_POS],admise,BEFORE,bilan,BEFORE,drainage,BEFORE,angio-scanner,BEFORE,amputation,BEFORE,mise,,
134,44,FR100346,[EVENT_BEFORE_ACTUAL_POS] --(BEFORE)--> [EVENT_BEFORE_ACTUAL_POS] | [EVENT_BEFORE_ACTUAL_POS] --(BEFORE)--> [EVENT_BEFORE_ACTUAL_POS] | [EVENT_BEFORE_ACTUAL_POS] --(BEFORE)--> [EVENT_BEFORE_ACTUAL_POS] | [EVENT_BEFORE_ACTUAL_POS] --(BEFORE)--> [EVENT_BEFORE_ACTUAL_POS] | [EVENT_BEFORE_ACTUAL_POS] --(BEFORE)--> [EVENT_BEFORE_ACTUAL_POS],gazométrie,BEFORE,reste,BEFORE,radiographie,BEFORE,angioscanner,BEFORE,echo-dopler,BEFORE,IRM,,
134,44,FR100360,[EVENT_BEFORE_ACTUAL_POS] --(BEFORE)--> [EVENT_BEFORE_ACTUAL_POS] | [EVENT_BEFORE_ACTUAL_POS] --(BEFORE)--> [EVENT_BEFORE_ACTUAL_POS] | [EVENT_BEFORE_ACTUAL_POS] --(BEFORE)--> [EVENT_BEFORE_ACTUAL_POS] | [EVENT_BEFORE_ACTUAL_POS] --(BEFORE)--> [EVENT_BEFORE_ACTUAL_POS] | [EVENT_BEFORE_ACTUAL_POS] --(BEFORE)--> [EVENT_BEFORE_ACTUAL_POS],curage,BEFORE,radiothérapie,BEFORE,fin,BEFORE,tomodensitométrie,BEFORE,complément,BEFORE,biopsie,,
134,44,FR100361,[EVENT_BEFORE_ACTUAL_POS] --(BEFORE)--> [EVENT_BEFORE_ACTUAL_POS] | [EVENT_BEFORE_ACTUAL_POS] --(BEFORE)--> [EVENT_BEFORE_ACTUAL_POS] | [EVENT_BEFORE_ACTUAL_POS] --(BEFORE)--> [EVENT_BEFORE_ACTUAL_POS] | [EVENT_BEFORE_ACTUAL_POS] --(BEFORE)--> [EVENT_BEFORE_ACTUAL_POS] | [EVENT_BEFORE_ACTUAL_POS] --(BEFORE)--> [EVENT_BEFORE_ACTUAL_POS],examen,BEFORE,TDM,BEFORE,ponction,BEFORE,examen,BEFORE,examen,BEFORE,culture,,
134,44,FR100371,[EVENT_BEFORE_ACTUAL_POS] --(BEFORE)--> [EVENT_BEFORE_ACTUAL_POS] | [EVENT_BEFORE_ACTUAL_POS] --(BEFORE)--> [EVENT_BEFORE_ACTUAL_POS] | [EVENT_BEFORE_ACTUAL_POS] --(BEFORE)--> [EVENT_BEFORE_ACTUAL_POS] | [EVENT_BEFORE_ACTUAL_POS] --(BEFORE)--> [EVENT_BEFORE_ACTUAL_POS] | [EVENT_BEFORE_ACTUAL_POS] --(BEFORE)--> [EVENT_BEFORE_ACTUAL_POS],adressée,BEFORE,admission,BEFORE,examen,BEFORE,examen,BEFORE,bilan,BEFORE,bilan,,
134,44,FR100400,[EVENT_BEFORE_ACTUAL_POS] --(BEFORE)--> [EVENT_BEFORE_ACTUAL_POS] | [EVENT_BEFORE_ACTUAL_POS] --(BEFORE)--> [EVENT_BEFORE_ACTUAL_POS] | [EVENT_BEFORE_ACTUAL_POS] --(BEFORE)--> [EVENT_BEFORE_ACTUAL_POS] | [EVENT_BEFORE_ACTUAL_POS] --(BEFORE)--> [EVENT_BEFORE_ACTUAL_POS] | [EVENT_BEFORE_ACTUAL_POS] --(BEFORE)--> [EVENT_BEFORE_ACTUAL_POS],Radiographie,BEFORE,échographie,BEFORE,scanner,BEFORE,diagnostic,BEFORE,exploration,BEFORE,résection,,
134,44,FR100439,[EVENT_BEFORE_ACTUAL_POS] --(BEFORE)--> [EVENT_BEFORE_ACTUAL_POS] | [EVENT_BEFORE_ACTUAL_POS] --(BEFORE)--> [EVENT_BEFORE_ACTUAL_POS] | [EVENT_BEFORE_ACTUAL_POS] --(BEFORE)--> [EVENT_BEFORE_ACTUAL_POS] | [EVENT_BEFORE_ACTUAL_POS] --(BEFORE)--> [EVENT_BEFORE_ACTUAL_POS] | [EVENT_BEFORE_ACTUAL_POS] --(BEFORE)--> [EVENT_BEFORE_ACTUAL_POS],établie,BEFORE,demandée,BEFORE,examen,BEFORE,classée,BEFORE,bénéficier,BEFORE,nasofibroscopie,,
134,44,FR100448,[EVENT_BEFORE_ACTUAL_POS] --(BEFORE)--> [EVENT_BEFORE_ACTUAL_POS] | [EVENT_BEFORE_ACTUAL_POS] --(BEFORE)--> [EVENT_BEFORE_ACTUAL_POS] | [EVENT_BEFORE_ACTUAL_POS] --(BEFORE)--> [EVENT_BEFORE_ACTUAL_POS] | [EVENT_BEFORE_ACTUAL_POS] --(BEFORE)--> [EVENT_BEFORE_ACTUAL_POS] | [EVENT_BEFORE_ACTUAL_POS] --(BEFORE)--> [EVENT_BEFORE_ACTUAL_POS],examen,BEFORE,échotomographie,BEFORE,hémi thyroïdectomie,BEFORE,examen,BEFORE,histochimie,BEFORE,scanner,,
134,44,FR100480,[EVENT_BEFORE_ACTUAL_POS] --(BEFORE)--> [EVENT_BEFORE_ACTUAL_POS] | [EVENT_BEFORE_ACTUAL_POS] --(BEFORE)--> [EVENT_BEFORE_ACTUAL_POS] | [EVENT_BEFORE_ACTUAL_POS] --(BEFORE)--> [EVENT_BEFORE_ACTUAL_POS] | [EVENT_BEFORE_ACTUAL_POS] --(BEFORE)--> [EVENT_BEFORE_ACTUAL_POS] | [EVENT_BEFORE_ACTUAL_POS] --(BEFORE)--> [EVENT_BEFORE_ACTUAL_POS],examen,BEFORE,imagerie,BEFORE,bilan,BEFORE,scanner,BEFORE,Tomographie,BEFORE,reprise,,
134,44,FR100517,[EVENT_BEFORE_ACTUAL_POS] --(BEFORE)--> [EVENT_BEFORE_ACTUAL_POS] | [EVENT_BEFORE_ACTUAL_POS] --(BEFORE)--> [EVENT_BEFORE_ACTUAL_POS] | [EVENT_BEFORE_ACTUAL_POS] --(BEFORE)--> [EVENT_BEFORE_ACTUAL_POS] | [EVENT_BEFORE_ACTUAL_POS] --(BEFORE)--> [EVENT_BEFORE_ACTUAL_POS] | [EVENT_BEFORE_ACTUAL_POS] --(BEFORE)--> [EVENT_BEFORE_ACTUAL_POS],bilan,BEFORE,mise,BEFORE,auscultation,BEFORE,radiographie,BEFORE,tomodensitométrie,BEFORE,instauré,,
134,44,FR100519,[EVENT_BEFORE_ACTUAL_POS] --(BEFORE)--> [EVENT_BEFORE_ACTUAL_POS] | [EVENT_BEFORE_ACTUAL_POS] --(BEFORE)--> [EVENT_BEFORE_ACTUAL_POS] | [EVENT_BEFORE_ACTUAL_POS] --(BEFORE)--> [EVENT_BEFORE_ACTUAL_POS] | [EVENT_BEFORE_ACTUAL_POS] --(BEFORE)--> [EVENT_BEFORE_ACTUAL_POS] | [EVENT_BEFORE_ACTUAL_POS] --(BEFORE)--> [EVENT_BEFORE_ACTUAL_POS],hospitalisée,BEFORE,entrée,BEFORE,bilan,BEFORE,angioscanner,BEFORE,échodoppler,BEFORE,retenue,,
134,44,FR100589,[EVENT_BEFORE_ACTUAL_POS] --(BEFORE)--> [EVENT_BEFORE_ACTUAL_POS] | [EVENT_BEFORE_ACTUAL_POS] --(BEFORE)--> [EVENT_BEFORE_ACTUAL_POS] | [EVENT_BEFORE_ACTUAL_POS] --(BEFORE)--> [EVENT_BEFORE_ACTUAL_POS] | [EVENT_BEFORE_ACTUAL_POS] --(BEFORE)--> [EVENT_BEFORE_ACTUAL_POS] | [EVENT_BEFORE_ACTUAL_POS] --(BEFORE)--> [EVENT_BEFORE_ACTUAL_POS],biopsies,BEFORE,exploration,BEFORE,hémogramme,BEFORE,Cytométrie,BEFORE,biopsie,BEFORE,bilan,,
134,44,FR100597,[EVENT_BEFORE_ACTUAL_POS] --(BEFORE)--> [EVENT_BEFORE_ACTUAL_POS] | [EVENT_BEFORE_ACTUAL_POS] --(BEFORE)--> [EVENT_BEFORE_ACTUAL_POS] | [EVENT_BEFORE_ACTUAL_POS] --(BEFORE)--> [EVENT_BEFORE_ACTUAL_POS] | [EVENT_BEFORE_ACTUAL_POS] --(BEFORE)--> [EVENT_BEFORE_ACTUAL_POS] | [EVENT_BEFORE_ACTUAL_POS] --(BEFORE)--> [EVENT_BEFORE_ACTUAL_POS],examen,BEFORE,examen,BEFORE,examen,BEFORE,toucher,BEFORE,reste,BEFORE,échographie,,
134,44,FR100611,[EVENT_BEFORE_ACTUAL_POS] --(BEFORE)--> [EVENT_BEFORE_ACTUAL_POS] | [EVENT_BEFORE_ACTUAL_POS] --(BEFORE)--> [EVENT_BEFORE_ACTUAL_POS] | [EVENT_BEFORE_ACTUAL_POS] --(BEFORE)--> [EVENT_BEFORE_ACTUAL_POS] | [EVENT_BEFORE_ACTUAL_POS] --(BEFORE)--> [EVENT_BEFORE_ACTUAL_POS] | [EVENT_BEFORE_ACTUAL_POS] --(BEFORE)--> [EVENT_BEFORE_ACTUAL_POS],IRM,BEFORE,étude,BEFORE,examen,BEFORE,PCR,BEFORE,TDM,BEFORE,biopsie,,
134,44,FR100614,[EVENT_BEFORE_ACTUAL_POS] --(BEFORE)--> [EVENT_BEFORE_ACTUAL_POS] | [EVENT_BEFORE_ACTUAL_POS] --(BEFORE)--> [EVENT_BEFORE_ACTUAL_POS] | [EVENT_BEFORE_ACTUAL_POS] --(BEFORE)--> [EVENT_BEFORE_ACTUAL_POS] | [EVENT_BEFORE_ACTUAL_POS] --(BEFORE)--> [EVENT_BEFORE_ACTUAL_POS] | [EVENT_BEFORE_ACTUAL_POS] --(BEFORE)--> [EVENT_BEFORE_ACTUAL_POS],examen,BEFORE,échographique,BEFORE,tomodensitométrie,BEFORE,radiographie,BEFORE,taux,BEFORE,exploration,,
134,44,FR100620,[EVENT_BEFORE_ACTUAL_POS] --(BEFORE)--> [EVENT_BEFORE_ACTUAL_POS] | [EVENT_BEFORE_ACTUAL_POS] --(BEFORE)--> [EVENT_BEFORE_ACTUAL_POS] | [EVENT_BEFORE_ACTUAL_POS] --(BEFORE)--> [EVENT_BEFORE_ACTUAL_POS] | [EVENT_BEFORE_ACTUAL_POS] --(BEFORE)--> [EVENT_BEFORE_ACTUAL_POS] | [EVENT_BEFORE_ACTUAL_POS] --(BEFORE)--> [EVENT_BEFORE_ACTUAL_POS],radiographie,BEFORE,drainage,BEFORE,radiographie,BEFORE,demandé,BEFORE,aspect,BEFORE,bronchoscopie,,
134,44,FR100623,[EVENT_BEFORE_ACTUAL_POS] --(BEFORE)--> [EVENT_BEFORE_ACTUAL_POS] | [EVENT_BEFORE_ACTUAL_POS] --(BEFORE)--> [EVENT_BEFORE_ACTUAL_POS] | [EVENT_BEFORE_ACTUAL_POS] --(BEFORE)--> [EVENT_BEFORE_ACTUAL_POS] | [EVENT_BEFORE_ACTUAL_POS] --(BEFORE)--> [EVENT_BEFORE_ACTUAL_POS] | [EVENT_BEFORE_ACTUAL_POS] --(BEFORE)--> [EVENT_BEFORE_ACTUAL_POS],consulté,BEFORE,examen,BEFORE,échographie,BEFORE,tomodensitométrie,BEFORE,retenu,BEFORE,prise,,
134,44,FR100629,[EVENT_BEFORE_ACTUAL_POS] --(BEFORE)--> [EVENT_BEFORE_ACTUAL_POS] | [EVENT_BEFORE_ACTUAL_POS] --(BEFORE)--> [EVENT_BEFORE_ACTUAL_POS] | [EVENT_BEFORE_ACTUAL_POS] --(BEFORE)--> [EVENT_BEFORE_ACTUAL_POS] | [EVENT_BEFORE_ACTUAL_POS] --(BEFORE)--> [EVENT_BEFORE_ACTUAL_POS] | [EVENT_BEFORE_ACTUAL_POS] --(BEFORE)--> [EVENT_BEFORE_ACTUAL_POS],radiographie,BEFORE,thoracoscopie,BEFORE,marquage,BEFORE,bilan,BEFORE,décision,BEFORE,évolution,,
134,44,FR100632,[EVENT_BEFORE_ACTUAL_POS] --(BEFORE)--> [EVENT_BEFORE_ACTUAL_POS] | [EVENT_BEFORE_ACTUAL_POS] --(BEFORE)--> [EVENT_BEFORE_ACTUAL_POS] | [EVENT_BEFORE_ACTUAL_POS] --(BEFORE)--> [EVENT_BEFORE_ACTUAL_POS] | [EVENT_BEFORE_ACTUAL_POS] --(BEFORE)--> [EVENT_BEFORE_ACTUAL_POS] | [EVENT_BEFORE_ACTUAL_POS] --(BEFORE)--> [EVENT_BEFORE_ACTUAL_POS],interrogatoire,BEFORE,examen,BEFORE,examen,BEFORE,IRM,BEFORE,IRM,BEFORE,étude,,
134,44,FR100663,[EVENT_BEFORE_ACTUAL_POS] --(BEFORE)--> [EVENT_BEFORE_ACTUAL_POS] | [EVENT_BEFORE_ACTUAL_POS] --(BEFORE)--> [EVENT_BEFORE_ACTUAL_POS] | [EVENT_BEFORE_ACTUAL_POS] --(BEFORE)--> [EVENT_BEFORE_ACTUAL_POS] | [EVENT_BEFORE_ACTUAL_POS] --(BEFORE)--> [EVENT_BEFORE_ACTUAL_POS] | [EVENT_BEFORE_ACTUAL_POS] --(BEFORE)--> [EVENT_BEFORE_ACTUAL_POS],incisée,BEFORE,vérifié,BEFORE,reprise,BEFORE,fermé,BEFORE,sortie,BEFORE,surveillance,,
134,44,FR100666,[EVENT_BEFORE_ACTUAL_POS] --(BEFORE)--> [EVENT_BEFORE_ACTUAL_POS] | [EVENT_BEFORE_ACTUAL_POS] --(BEFORE)--> [EVENT_BEFORE_ACTUAL_POS] | [EVENT_BEFORE_ACTUAL_POS] --(BEFORE)--> [EVENT_BEFORE_ACTUAL_POS] | [EVENT_BEFORE_ACTUAL_POS] --(BEFORE)--> [EVENT_BEFORE_ACTUAL_POS] | [EVENT_BEFORE_ACTUAL_POS] --(BEFORE)--> [EVENT_BEFORE_ACTUAL_POS],étude,BEFORE,adressé,BEFORE,bilan,BEFORE,myologramme,BEFORE,bilan,BEFORE,classé,,
134,44,FR100683,[EVENT_BEFORE_ACTUAL_POS] --(BEFORE)--> [EVENT_BEFORE_ACTUAL_POS] | [EVENT_BEFORE_ACTUAL_POS] --(BEFORE)--> [EVENT_BEFORE_ACTUAL_POS] | [EVENT_BEFORE_ACTUAL_POS] --(BEFORE)--> [EVENT_BEFORE_ACTUAL_POS] | [EVENT_BEFORE_ACTUAL_POS] --(BEFORE)--> [EVENT_BEFORE_ACTUAL_POS] | [EVENT_BEFORE_ACTUAL_POS] --(BEFORE)--> [EVENT_BEFORE_ACTUAL_POS],exploration,BEFORE,exploration,BEFORE,IRM,BEFORE,écho-mammographie,BEFORE,osteodensitométrie,BEFORE,IRM,,
134,44,FR100688,[EVENT_BEFORE_ACTUAL_POS] --(BEFORE)--> [EVENT_BEFORE_ACTUAL_POS] | [EVENT_BEFORE_ACTUAL_POS] --(BEFORE)--> [EVENT_BEFORE_ACTUAL_POS] | [EVENT_BEFORE_ACTUAL_POS] --(BEFORE)--> [EVENT_BEFORE_ACTUAL_POS] | [EVENT_BEFORE_ACTUAL_POS] --(BEFORE)--> [EVENT_BEFORE_ACTUAL_POS] | [EVENT_BEFORE_ACTUAL_POS] --(BEFORE)--> [EVENT_BEFORE_ACTUAL_POS],examen,BEFORE,examen,BEFORE,examen,BEFORE,sérologie,BEFORE,radiographie,BEFORE,échographie,,
134,44,FR100689,[EVENT_BEFORE_ACTUAL_POS] --(BEFORE)--> [EVENT_BEFORE_ACTUAL_POS] | [EVENT_BEFORE_ACTUAL_POS] --(BEFORE)--> [EVENT_BEFORE_ACTUAL_POS] | [EVENT_BEFORE_ACTUAL_POS] --(BEFORE)--> [EVENT_BEFORE_ACTUAL_POS] | [EVENT_BEFORE_ACTUAL_POS] --(BEFORE)--> [EVENT_BEFORE_ACTUAL_POS] | [EVENT_BEFORE_ACTUAL_POS] --(BEFORE)--> [EVENT_BEFORE_ACTUAL_POS],examen,BEFORE,PCR,BEFORE,scanner,BEFORE,hémogramme,BEFORE,ionogramme,BEFORE,examen,,
134,44,FR100697,[EVENT_BEFORE_ACTUAL_POS] --(BEFORE)--> [EVENT_BEFORE_ACTUAL_POS] | [EVENT_BEFORE_ACTUAL_POS] --(BEFORE)--> [EVENT_BEFORE_ACTUAL_POS] | [EVENT_BEFORE_ACTUAL_POS] --(BEFORE)--> [EVENT_BEFORE_ACTUAL_POS] | [EVENT_BEFORE_ACTUAL_POS] --(BEFORE)--> [EVENT_BEFORE_ACTUAL_POS] | [EVENT_BEFORE_ACTUAL_POS] --(BEFORE)--> [EVENT_BEFORE_ACTUAL_POS],apparition,BEFORE,inspection,BEFORE,palpation,BEFORE,examen,BEFORE,mammographie,BEFORE,échographie,,
134,44,FR100717,[EVENT_BEFORE_ACTUAL_POS] --(BEFORE)--> [EVENT_BEFORE_ACTUAL_POS] | [EVENT_BEFORE_ACTUAL_POS] --(BEFORE)--> [EVENT_BEFORE_ACTUAL_POS] | [EVENT_BEFORE_ACTUAL_POS] --(BEFORE)--> [EVENT_BEFORE_ACTUAL_POS] | [EVENT_BEFORE_ACTUAL_POS] --(BEFORE)--> [EVENT_BEFORE_ACTUAL_POS] | [EVENT_BEFORE_ACTUAL_POS] --(BEFORE)--> [EVENT_BEFORE_ACTUAL_POS],traitement,BEFORE,examen,BEFORE,examens,BEFORE,scanner,BEFORE,IRM,BEFORE,laminectomie,,
134,44,FR100806,[EVENT_BEFORE_ACTUAL_POS] --(BEFORE)--> [EVENT_BEFORE_ACTUAL_POS] | [EVENT_BEFORE_ACTUAL_POS] --(BEFORE)--> [EVENT_BEFORE_ACTUAL_POS] | [EVENT_BEFORE_ACTUAL_POS] --(BEFORE)--> [EVENT_BEFORE_ACTUAL_POS] | [EVENT_BEFORE_ACTUAL_POS] --(BEFORE)--> [EVENT_BEFORE_ACTUAL_POS] | [EVENT_BEFORE_ACTUAL_POS] --(BEFORE)--> [EVENT_BEFORE_ACTUAL_POS],prise,BEFORE,référée,BEFORE,examen,BEFORE,biologie,BEFORE,hospitalisée,BEFORE,hémodialyse,,
134,44,FR100826,[EVENT_BEFORE_ACTUAL_POS] --(BEFORE)--> [EVENT_BEFORE_ACTUAL_POS] | [EVENT_BEFORE_ACTUAL_POS] --(BEFORE)--> [EVENT_BEFORE_ACTUAL_POS] | [EVENT_BEFORE_ACTUAL_POS] --(BEFORE)--> [EVENT_BEFORE_ACTUAL_POS] | [EVENT_BEFORE_ACTUAL_POS] --(BEFORE)--> [EVENT_BEFORE_ACTUAL_POS] | [EVENT_BEFORE_ACTUAL_POS] --(BEFORE)--> [EVENT_BEFORE_ACTUAL_POS],examen,BEFORE,bilan,BEFORE,bilan,BEFORE,retenue,BEFORE,exploration,BEFORE,suites,,
134,44,FR100845,[EVENT_BEFORE_ACTUAL_POS] --(BEFORE)--> [EVENT_BEFORE_ACTUAL_POS] | [EVENT_BEFORE_ACTUAL_POS] --(BEFORE)--> [EVENT_BEFORE_ACTUAL_POS] | [EVENT_BEFORE_ACTUAL_POS] --(BEFORE)--> [EVENT_BEFORE_ACTUAL_POS] | [EVENT_BEFORE_ACTUAL_POS] --(BEFORE)--> [EVENT_BEFORE_ACTUAL_POS] | [EVENT_BEFORE_ACTUAL_POS] --(BEFORE)--> [EVENT_BEFORE_ACTUAL_POS],examen,BEFORE,échographie,BEFORE,radiographie,BEFORE,décision,BEFORE,extraction,BEFORE,examen,,
134,44,FR100870,[EVENT_BEFORE_ACTUAL_POS] --(BEFORE)--> [EVENT_BEFORE_ACTUAL_POS] | [EVENT_BEFORE_ACTUAL_POS] --(BEFORE)--> [EVENT_BEFORE_ACTUAL_POS] | [EVENT_BEFORE_ACTUAL_POS] --(BEFORE)--> [EVENT_BEFORE_ACTUAL_POS] | [EVENT_BEFORE_ACTUAL_POS] --(BEFORE)--> [EVENT_BEFORE_ACTUAL_POS] | [EVENT_BEFORE_ACTUAL_POS] --(BEFORE)--> [EVENT_BEFORE_ACTUAL_POS],hémogramme,BEFORE,bilan,BEFORE,IRM,BEFORE,électrophorèse,BEFORE,immunosoustraction,BEFORE,immunofixation,,
134,44,FR100874,[EVENT_BEFORE_ACTUAL_POS] --(BEFORE)--> [EVENT_BEFORE_ACTUAL_POS] | [EVENT_BEFORE_ACTUAL_POS] --(BEFORE)--> [EVENT_BEFORE_ACTUAL_POS] | [EVENT_BEFORE_ACTUAL_POS] --(BEFORE)--> [EVENT_BEFORE_ACTUAL_POS] | [EVENT_BEFORE_ACTUAL_POS] --(BEFORE)--> [EVENT_BEFORE_ACTUAL_POS] | [EVENT_BEFORE_ACTUAL_POS] --(BEFORE)--> [EVENT_BEFORE_ACTUAL_POS],fibroscopie,BEFORE,transit,BEFORE,tomodensitométrie,BEFORE,retenu,BEFORE,mise,BEFORE,diverticulectomie,,
134,44,FR100882,[EVENT_BEFORE_ACTUAL_POS] --(BEFORE)--> [EVENT_BEFORE_ACTUAL_POS] | [EVENT_BEFORE_ACTUAL_POS] --(BEFORE)--> [EVENT_BEFORE_ACTUAL_POS] | [EVENT_BEFORE_ACTUAL_POS] --(BEFORE)--> [EVENT_BEFORE_ACTUAL_POS] | [EVENT_BEFORE_ACTUAL_POS] --(BEFORE)--> [EVENT_BEFORE_ACTUAL_POS] | [EVENT_BEFORE_ACTUAL_POS] --(BEFORE)--> [EVENT_BEFORE_ACTUAL_POS],examen,BEFORE,conclu,BEFORE,IRM,BEFORE,scanner,BEFORE,laminectomie,BEFORE,suites,,
134,44,FR100903,[EVENT_BEFORE_ACTUAL_POS] --(BEFORE)--> [EVENT_BEFORE_ACTUAL_POS] | [EVENT_BEFORE_ACTUAL_POS] --(BEFORE)--> [EVENT_BEFORE_ACTUAL_POS] | [EVENT_BEFORE_ACTUAL_POS] --(BEFORE)--> [EVENT_BEFORE_ACTUAL_POS] | [EVENT_BEFORE_ACTUAL_POS] --(BEFORE)--> [EVENT_BEFORE_ACTUAL_POS] | [EVENT_BEFORE_ACTUAL_POS] --(BEFORE)--> [EVENT_BEFORE_ACTUAL_POS],diagnostic,BEFORE,écarté,BEFORE,contrôles,BEFORE,accouchement,BEFORE,décédé,BEFORE,caryotype,,
134,44,FR100946,[EVENT_BEFORE_ACTUAL_POS] --(BEFORE)--> [EVENT_BEFORE_ACTUAL_POS] | [EVENT_BEFORE_ACTUAL_POS] --(BEFORE)--> [EVENT_BEFORE_ACTUAL_POS] | [EVENT_BEFORE_ACTUAL_POS] --(BEFORE)--> [EVENT_BEFORE_ACTUAL_POS] | [EVENT_BEFORE_ACTUAL_POS] --(BEFORE)--> [EVENT_BEFORE_ACTUAL_POS] | [EVENT_BEFORE_ACTUAL_POS] --(BEFORE)--> [EVENT_BEFORE_ACTUAL_POS],IRM,BEFORE,analyse,BEFORE,mise,BEFORE,analyse,BEFORE,mise,BEFORE,arrêt,,
134,44,FR100996,[EVENT_BEFORE_ACTUAL_POS] --(BEFORE)--> [EVENT_BEFORE_ACTUAL_POS] | [EVENT_BEFORE_ACTUAL_POS] --(BEFORE)--> [EVENT_BEFORE_ACTUAL_POS] | [EVENT_BEFORE_ACTUAL_POS] --(BEFORE)--> [EVENT_BEFORE_ACTUAL_POS] | [EVENT_BEFORE_ACTUAL_POS] --(BEFORE)--> [EVENT_BEFORE_ACTUAL_POS] | [EVENT_BEFORE_ACTUAL_POS] --(BEFORE)--> [EVENT_BEFORE_ACTUAL_POS],examen,BEFORE,tomodensitométrie,BEFORE,injection,BEFORE,retenu,BEFORE,chirurgical,BEFORE,suites,,
188,42,FR100003,[EVENT_BEFORE_ACTUAL_POS] --(BEFORE)--> [EVENT_BEFORE_ACTUAL_POS] | [EVENT_BEFORE_ACTUAL_POS] --(BEFORE)--> [EVENT_BEFORE_ACTUAL_POS] | [EVENT_BEFORE_ACTUAL_POS] --(CONTAINS)--> [EVENT_BEFORE_ACTUAL_POS],examen,BEFORE,antibiothérapie,BEFORE,bloc,CONTAINS,abordé,,,,,,
188,42,FR100092,[EVENT_BEFORE_ACTUAL_POS] --(BEFORE)--> [EVENT_BEFORE_ACTUAL_POS] | [EVENT_BEFORE_ACTUAL_POS] --(BEFORE)--> [EVENT_BEFORE_ACTUAL_POS] | [EVENT_BEFORE_ACTUAL_POS] --(CONTAINS)--> [EVENT_BEFORE_ACTUAL_POS],tableau,BEFORE,reste,BEFORE,minilaparotomie,CONTAINS,exploration,,,,,,
188,42,FR100130,[EVENT_BEFORE_ACTUAL_POS] --(BEFORE)--> [EVENT_BEFORE_ACTUAL_POS] | [EVENT_BEFORE_ACTUAL_POS] --(BEFORE)--> [EVENT_BEFORE_ACTUAL_POS] | [EVENT_BEFORE_ACTUAL_POS] --(CONTAINS)--> [EVENT_BEFORE_ACTUAL_POS],admis,BEFORE,plaignait,BEFORE,examen,CONTAINS,notait,,,,,,
188,42,FR100132,[EVENT_BEFORE_ACTUAL_POS] --(BEFORE)--> [EVENT_BEFORE_ACTUAL_POS] | [EVENT_BEFORE_ACTUAL_POS] --(BEFORE)--> [EVENT_BEFORE_ACTUAL_POS] | [EVENT_BEFORE_ACTUAL_POS] --(CONTAINS)--> [EVENT_BEFORE_ACTUAL_POS],palpation,BEFORE,histologie,BEFORE,examen,CONTAINS,angiographie,,,,,,
188,42,FR100142,[EVENT_BEFORE_ACTUAL_POS] --(BEFORE)--> [EVENT_BEFORE_ACTUAL_POS] | [EVENT_BEFORE_ACTUAL_POS] --(BEFORE)--> [EVENT_BEFORE_ACTUAL_POS] | [EVENT_BEFORE_ACTUAL_POS] --(CONTAINS)--> [EVENT_BEFORE_ACTUAL_POS],biopsie,BEFORE,mis,BEFORE,évolution,CONTAINS,taux,,,,,,
188,42,FR100161,[EVENT_BEFORE_ACTUAL_POS] --(BEFORE)--> [EVENT_BEFORE_ACTUAL_POS] | [EVENT_BEFORE_ACTUAL_POS] --(BEFORE)--> [EVENT_BEFORE_ACTUAL_POS] | [EVENT_BEFORE_ACTUAL_POS] --(CONTAINS)--> [EVENT_BEFORE_ACTUAL_POS],interrogatoire,BEFORE,examen,BEFORE,examens,CONTAINS,Acti tests,,,,,,
188,42,FR100168,[EVENT_BEFORE_ACTUAL_POS] --(BEFORE)--> [EVENT_BEFORE_ACTUAL_POS] | [EVENT_BEFORE_ACTUAL_POS] --(BEFORE)--> [EVENT_BEFORE_ACTUAL_POS] | [EVENT_BEFORE_ACTUAL_POS] --(CONTAINS)--> [EVENT_BEFORE_ACTUAL_POS],bilan,BEFORE,tests,BEFORE,entretien,CONTAINS,dévoiler,,,,,,
188,42,FR100255,[EVENT_BEFORE_ACTUAL_POS] --(BEFORE)--> [EVENT_BEFORE_ACTUAL_POS] | [EVENT_BEFORE_ACTUAL_POS] --(BEFORE)--> [EVENT_BEFORE_ACTUAL_POS] | [EVENT_BEFORE_ACTUAL_POS] --(CONTAINS)--> [EVENT_BEFORE_ACTUAL_POS],examen,BEFORE,examen,BEFORE,échographie,CONTAINS,confirmation,,,,,,
188,42,FR100275,[EVENT_BEFORE_ACTUAL_POS] --(BEFORE)--> [EVENT_BEFORE_ACTUAL_POS] | [EVENT_BEFORE_ACTUAL_POS] --(BEFORE)--> [EVENT_BEFORE_ACTUAL_POS] | [EVENT_BEFORE_ACTUAL_POS] --(CONTAINS)--> [EVENT_BEFORE_ACTUAL_POS],transféré,BEFORE,anamnèse,BEFORE,examen,CONTAINS,pression,,,,,,
188,42,FR100276,[EVENT_BEFORE_ACTUAL_POS] --(BEFORE)--> [EVENT_BEFORE_ACTUAL_POS] | [EVENT_BEFORE_ACTUAL_POS] --(BEFORE)--> [EVENT_BEFORE_ACTUAL_POS] | [EVENT_BEFORE_ACTUAL_POS] --(CONTAINS)--> [EVENT_BEFORE_ACTUAL_POS],accouchement,BEFORE,reste,BEFORE,bilan,CONTAINS,recherche,,,,,,
188,42,FR100283,[EVENT_BEFORE_ACTUAL_POS] --(BEFORE)--> [EVENT_BEFORE_ACTUAL_POS] | [EVENT_BEFORE_ACTUAL_POS] --(BEFORE)--> [EVENT_BEFORE_ACTUAL_POS] | [EVENT_BEFORE_ACTUAL_POS] --(CONTAINS)--> [EVENT_BEFORE_ACTUAL_POS],IRM,BEFORE,hypophysiogramme,BEFORE,traitement,CONTAINS,opothérapie,,,,,,
188,42,FR100296,[EVENT_BEFORE_ACTUAL_POS] --(BEFORE)--> [EVENT_BEFORE_ACTUAL_POS] | [EVENT_BEFORE_ACTUAL_POS] --(BEFORE)--> [EVENT_BEFORE_ACTUAL_POS] | [EVENT_BEFORE_ACTUAL_POS] --(CONTAINS)--> [EVENT_BEFORE_ACTUAL_POS],examen,BEFORE,IRM,BEFORE,fenestration,CONTAINS,ablation,,,,,,
188,42,FR100344,[EVENT_BEFORE_ACTUAL_POS] --(BEFORE)--> [EVENT_BEFORE_ACTUAL_POS] | [EVENT_BEFORE_ACTUAL_POS] --(BEFORE)--> [EVENT_BEFORE_ACTUAL_POS] | [EVENT_BEFORE_ACTUAL_POS] --(CONTAINS)--> [EVENT_BEFORE_ACTUAL_POS],plainte,BEFORE,examen,BEFORE,césarienne,CONTAINS,laissé,,,,,,
188,42,FR100371,[EVENT_BEFORE_ACTUAL_POS] --(BEFORE)--> [EVENT_BEFORE_ACTUAL_POS] | [EVENT_BEFORE_ACTUAL_POS] --(BEFORE)--> [EVENT_BEFORE_ACTUAL_POS] | [EVENT_BEFORE_ACTUAL_POS] --(CONTAINS)--> [EVENT_BEFORE_ACTUAL_POS],examen,BEFORE,examen,BEFORE,bilan,CONTAINS,bilan,,,,,,
188,42,FR100400,[EVENT_BEFORE_ACTUAL_POS] --(BEFORE)--> [EVENT_BEFORE_ACTUAL_POS] | [EVENT_BEFORE_ACTUAL_POS] --(BEFORE)--> [EVENT_BEFORE_ACTUAL_POS] | [EVENT_BEFORE_ACTUAL_POS] --(CONTAINS)--> [EVENT_BEFORE_ACTUAL_POS],stérilisation,BEFORE,résection,BEFORE,suites,CONTAINS,sortante,,,,,,
188,42,FR100510,[EVENT_BEFORE_ACTUAL_POS] --(BEFORE)--> [EVENT_BEFORE_ACTUAL_POS] | [EVENT_BEFORE_ACTUAL_POS] --(BEFORE)--> [EVENT_BEFORE_ACTUAL_POS] | [EVENT_BEFORE_ACTUAL_POS] --(CONTAINS)--> [EVENT_BEFORE_ACTUAL_POS],résection,BEFORE,examen,BEFORE,examen,CONTAINS,caractéristiques,,,,,,
188,42,FR100515,[EVENT_BEFORE_ACTUAL_POS] --(BEFORE)--> [EVENT_BEFORE_ACTUAL_POS] | [EVENT_BEFORE_ACTUAL_POS] --(BEFORE)--> [EVENT_BEFORE_ACTUAL_POS] | [EVENT_BEFORE_ACTUAL_POS] --(CONTAINS)--> [EVENT_BEFORE_ACTUAL_POS],retenu,BEFORE,bilan,BEFORE,bilan,CONTAINS,explorations,,,,,,
188,42,FR100519,[EVENT_BEFORE_ACTUAL_POS] --(BEFORE)--> [EVENT_BEFORE_ACTUAL_POS] | [EVENT_BEFORE_ACTUAL_POS] --(BEFORE)--> [EVENT_BEFORE_ACTUAL_POS] | [EVENT_BEFORE_ACTUAL_POS] --(CONTAINS)--> [EVENT_BEFORE_ACTUAL_POS],hospitalisée,BEFORE,entrée,BEFORE,bilan,CONTAINS,ECG,,,,,,
188,42,FR100589,[EVENT_BEFORE_ACTUAL_POS] --(BEFORE)--> [EVENT_BEFORE_ACTUAL_POS] | [EVENT_BEFORE_ACTUAL_POS] --(BEFORE)--> [EVENT_BEFORE_ACTUAL_POS] | [EVENT_BEFORE_ACTUAL_POS] --(CONTAINS)--> [EVENT_BEFORE_ACTUAL_POS],Cytométrie,BEFORE,biopsie,BEFORE,bilan,CONTAINS,tomodensitométrie,,,,,,
188,42,FR100597,[EVENT_BEFORE_ACTUAL_POS] --(BEFORE)--> [EVENT_BEFORE_ACTUAL_POS] | [EVENT_BEFORE_ACTUAL_POS] --(BEFORE)--> [EVENT_BEFORE_ACTUAL_POS] | [EVENT_BEFORE_ACTUAL_POS] --(CONTAINS)--> [EVENT_BEFORE_ACTUAL_POS],accouchements,BEFORE,ménopausée,BEFORE,consultation,CONTAINS,examen,,,,,,
188,42,FR100611,[EVENT_BEFORE_ACTUAL_POS] --(BEFORE)--> [EVENT_BEFORE_ACTUAL_POS] | [EVENT_BEFORE_ACTUAL_POS] --(BEFORE)--> [EVENT_BEFORE_ACTUAL_POS] | [EVENT_BEFORE_ACTUAL_POS] --(CONTAINS)--> [EVENT_BEFORE_ACTUAL_POS],examen,BEFORE,PCR,BEFORE,TDM,CONTAINS,image,,,,,,
188,42,FR100614,[EVENT_BEFORE_ACTUAL_POS] --(BEFORE)--> [EVENT_BEFORE_ACTUAL_POS] | [EVENT_BEFORE_ACTUAL_POS] --(BEFORE)--> [EVENT_BEFORE_ACTUAL_POS] | [EVENT_BEFORE_ACTUAL_POS] --(CONTAINS)--> [EVENT_BEFORE_ACTUAL_POS],exploration,BEFORE,rupture,BEFORE,intervention,CONTAINS,éviter,,,,,,
188,42,FR100620,[EVENT_BEFORE_ACTUAL_POS] --(BEFORE)--> [EVENT_BEFORE_ACTUAL_POS] | [EVENT_BEFORE_ACTUAL_POS] --(BEFORE)--> [EVENT_BEFORE_ACTUAL_POS] | [EVENT_BEFORE_ACTUAL_POS] --(CONTAINS)--> [EVENT_BEFORE_ACTUAL_POS],pleurodèse,BEFORE,biopsie,BEFORE,prise,CONTAINS,corticothérapie,,,,,,
188,42,FR100629,[EVENT_BEFORE_ACTUAL_POS] --(BEFORE)--> [EVENT_BEFORE_ACTUAL_POS] | [EVENT_BEFORE_ACTUAL_POS] --(BEFORE)--> [EVENT_BEFORE_ACTUAL_POS] | [EVENT_BEFORE_ACTUAL_POS] --(CONTAINS)--> [EVENT_BEFORE_ACTUAL_POS],examen,BEFORE,radiographie,BEFORE,thoracoscopie,CONTAINS,biopsie,,,,,,
188,42,FR100632,[EVENT_BEFORE_ACTUAL_POS] --(BEFORE)--> [EVENT_BEFORE_ACTUAL_POS] | [EVENT_BEFORE_ACTUAL_POS] --(BEFORE)--> [EVENT_BEFORE_ACTUAL_POS] | [EVENT_BEFORE_ACTUAL_POS] --(CONTAINS)--> [EVENT_BEFORE_ACTUAL_POS],interrogatoire,BEFORE,examen,BEFORE,examen,CONTAINS,conservée,,,,,,
188,42,FR100658,[EVENT_BEFORE_ACTUAL_POS] --(BEFORE)--> [EVENT_BEFORE_ACTUAL_POS] | [EVENT_BEFORE_ACTUAL_POS] --(BEFORE)--> [EVENT_BEFORE_ACTUAL_POS] | [EVENT_BEFORE_ACTUAL_POS] --(CONTAINS)--> [EVENT_BEFORE_ACTUAL_POS],évaluation,BEFORE,auscultation,BEFORE,examens,CONTAINS,bilan,,,,,,
188,42,FR100663,[EVENT_BEFORE_ACTUAL_POS] --(BEFORE)--> [EVENT_BEFORE_ACTUAL_POS] | [EVENT_BEFORE_ACTUAL_POS] --(BEFORE)--> [EVENT_BEFORE_ACTUAL_POS] | [EVENT_BEFORE_ACTUAL_POS] --(CONTAINS)--> [EVENT_BEFORE_ACTUAL_POS],taux,BEFORE,tenté,BEFORE,bilan,CONTAINS,Taux,,,,,,
188,42,FR100666,[EVENT_BEFORE_ACTUAL_POS] --(BEFORE)--> [EVENT_BEFORE_ACTUAL_POS] | [EVENT_BEFORE_ACTUAL_POS] --(BEFORE)--> [EVENT_BEFORE_ACTUAL_POS] | [EVENT_BEFORE_ACTUAL_POS] --(CONTAINS)--> [EVENT_BEFORE_ACTUAL_POS],bilan,BEFORE,classé,BEFORE,traitement,CONTAINS,polychimiothérapie,,,,,,
188,42,FR100688,[EVENT_BEFORE_ACTUAL_POS] --(BEFORE)--> [EVENT_BEFORE_ACTUAL_POS] | [EVENT_BEFORE_ACTUAL_POS] --(BEFORE)--> [EVENT_BEFORE_ACTUAL_POS] | [EVENT_BEFORE_ACTUAL_POS] --(CONTAINS)--> [EVENT_BEFORE_ACTUAL_POS],incision,BEFORE,analyse,BEFORE,traitement,CONTAINS,phase,,,,,,
188,42,FR100689,[EVENT_BEFORE_ACTUAL_POS] --(BEFORE)--> [EVENT_BEFORE_ACTUAL_POS] | [EVENT_BEFORE_ACTUAL_POS] --(BEFORE)--> [EVENT_BEFORE_ACTUAL_POS] | [EVENT_BEFORE_ACTUAL_POS] --(CONTAINS)--> [EVENT_BEFORE_ACTUAL_POS],examen,BEFORE,retenu,BEFORE,évolution,CONTAINS,effacement,,,,,,
188,42,FR100708,[EVENT_BEFORE_ACTUAL_POS] --(BEFORE)--> [EVENT_BEFORE_ACTUAL_POS] | [EVENT_BEFORE_ACTUAL_POS] --(BEFORE)--> [EVENT_BEFORE_ACTUAL_POS] | [EVENT_BEFORE_ACTUAL_POS] --(CONTAINS)--> [EVENT_BEFORE_ACTUAL_POS],mammographie,BEFORE,échographie,BEFORE,ponction,CONTAINS,ramenant,,,,,,
188,42,FR100717,[EVENT_BEFORE_ACTUAL_POS] --(BEFORE)--> [EVENT_BEFORE_ACTUAL_POS] | [EVENT_BEFORE_ACTUAL_POS] --(BEFORE)--> [EVENT_BEFORE_ACTUAL_POS] | [EVENT_BEFORE_ACTUAL_POS] --(CONTAINS)--> [EVENT_BEFORE_ACTUAL_POS],enlevée,BEFORE,exploration,BEFORE,suites,CONTAINS,régression,,,,,,
188,42,FR100806,[EVENT_BEFORE_ACTUAL_POS] --(BEFORE)--> [EVENT_BEFORE_ACTUAL_POS] | [EVENT_BEFORE_ACTUAL_POS] --(BEFORE)--> [EVENT_BEFORE_ACTUAL_POS] | [EVENT_BEFORE_ACTUAL_POS] --(CONTAINS)--> [EVENT_BEFORE_ACTUAL_POS],dosage,BEFORE,échographies,BEFORE,ponction,CONTAINS,ramené,,,,,,
188,42,FR100826,[EVENT_BEFORE_ACTUAL_POS] --(BEFORE)--> [EVENT_BEFORE_ACTUAL_POS] | [EVENT_BEFORE_ACTUAL_POS] --(BEFORE)--> [EVENT_BEFORE_ACTUAL_POS] | [EVENT_BEFORE_ACTUAL_POS] --(CONTAINS)--> [EVENT_BEFORE_ACTUAL_POS],admis,BEFORE,examen,BEFORE,bilan,CONTAINS,tomodensitométrie,,,,,,
188,42,FR100845,[EVENT_BEFORE_ACTUAL_POS] --(BEFORE)--> [EVENT_BEFORE_ACTUAL_POS] | [EVENT_BEFORE_ACTUAL_POS] --(BEFORE)--> [EVENT_BEFORE_ACTUAL_POS] | [EVENT_BEFORE_ACTUAL_POS] --(CONTAINS)--> [EVENT_BEFORE_ACTUAL_POS],Consulte,BEFORE,examen,BEFORE,examen,CONTAINS,toucher,,,,,,
188,42,FR100870,[EVENT_BEFORE_ACTUAL_POS] --(BEFORE)--> [EVENT_BEFORE_ACTUAL_POS] | [EVENT_BEFORE_ACTUAL_POS] --(BEFORE)--> [EVENT_BEFORE_ACTUAL_POS] | [EVENT_BEFORE_ACTUAL_POS] --(CONTAINS)--> [EVENT_BEFORE_ACTUAL_POS],bilan,BEFORE,IRM,BEFORE,électrophorèse,CONTAINS,découverte,,,,,,
188,42,FR100874,[EVENT_BEFORE_ACTUAL_POS] --(BEFORE)--> [EVENT_BEFORE_ACTUAL_POS] | [EVENT_BEFORE_ACTUAL_POS] --(BEFORE)--> [EVENT_BEFORE_ACTUAL_POS] | [EVENT_BEFORE_ACTUAL_POS] --(CONTAINS)--> [EVENT_BEFORE_ACTUAL_POS],hémogramme,BEFORE,fibroscopie,BEFORE,transit,CONTAINS,image,,,,,,
188,42,FR100882,[EVENT_BEFORE_ACTUAL_POS] --(BEFORE)--> [EVENT_BEFORE_ACTUAL_POS] | [EVENT_BEFORE_ACTUAL_POS] --(BEFORE)--> [EVENT_BEFORE_ACTUAL_POS] | [EVENT_BEFORE_ACTUAL_POS] --(CONTAINS)--> [EVENT_BEFORE_ACTUAL_POS],sérologies,BEFORE,sclérothérapie,BEFORE,évolution,CONTAINS,correction,,,,,,
188,42,FR100883,[EVENT_BEFORE_ACTUAL_POS] --(BEFORE)--> [EVENT_BEFORE_ACTUAL_POS] | [EVENT_BEFORE_ACTUAL_POS] --(BEFORE)--> [EVENT_BEFORE_ACTUAL_POS] | [EVENT_BEFORE_ACTUAL_POS] --(CONTAINS)--> [EVENT_BEFORE_ACTUAL_POS],biopsie,BEFORE,bilan,BEFORE,reçu,CONTAINS,radiothérapie,,,,,,
188,42,FR100894,[EVENT_BEFORE_ACTUAL_POS] --(BEFORE)--> [EVENT_BEFORE_ACTUAL_POS] | [EVENT_BEFORE_ACTUAL_POS] --(BEFORE)--> [EVENT_BEFORE_ACTUAL_POS] | [EVENT_BEFORE_ACTUAL_POS] --(CONTAINS)--> [EVENT_BEFORE_ACTUAL_POS],arrivée,BEFORE,pris,BEFORE,incision,CONTAINS,décompression,,,,,,
188,42,FR100903,[EVENT_BEFORE_ACTUAL_POS] --(BEFORE)--> [EVENT_BEFORE_ACTUAL_POS] | [EVENT_BEFORE_ACTUAL_POS] --(BEFORE)--> [EVENT_BEFORE_ACTUAL_POS] | [EVENT_BEFORE_ACTUAL_POS] --(CONTAINS)--> [EVENT_BEFORE_ACTUAL_POS],diagnostic,BEFORE,écarté,BEFORE,contrôles,CONTAINS,biométrie,,,,,,
188,42,FR100998,[EVENT_BEFORE_ACTUAL_POS] --(BEFORE)--> [EVENT_BEFORE_ACTUAL_POS] | [EVENT_BEFORE_ACTUAL_POS] --(BEFORE)--> [EVENT_BEFORE_ACTUAL_POS] | [EVENT_BEFORE_ACTUAL_POS] --(CONTAINS)--> [EVENT_BEFORE_ACTUAL_POS],test,BEFORE,diagnostic,BEFORE,traitée,CONTAINS,cures,,,,,,
192,42,FR100078,[EVENT_BEFORE_ACTUAL_POS] --(BEFORE)--> [EVENT_BEFORE_ACTUAL_POS] | [EVENT_BEFORE_ACTUAL_POS] --(BEFORE)--> [EVENT_BEFORE_ACTUAL_POS] | [EVENT_BEFORE_ACTUAL_POS] --(OVERLAP)--> [EVENT_BEFORE_ACTUAL_POS],examen,BEFORE,doppler,BEFORE,doppler,OVERLAP,indice,,,,,,
192,42,FR100120,[EVENT_BEFORE_ACTUAL_POS] --(BEFORE)--> [EVENT_BEFORE_ACTUAL_POS] | [EVENT_BEFORE_ACTUAL_POS] --(BEFORE)--> [EVENT_BEFORE_ACTUAL_POS] | [EVENT_BEFORE_ACTUAL_POS] --(OVERLAP)--> [EVENT_BEFORE_ACTUAL_POS],traitement,BEFORE,retirées,BEFORE,conclure,OVERLAP,identifiées,,,,,,
192,42,FR100130,[EVENT_BEFORE_ACTUAL_POS] --(BEFORE)--> [EVENT_BEFORE_ACTUAL_POS] | [EVENT_BEFORE_ACTUAL_POS] --(BEFORE)--> [EVENT_BEFORE_ACTUAL_POS] | [EVENT_BEFORE_ACTUAL_POS] --(OVERLAP)--> [EVENT_BEFORE_ACTUAL_POS],traité,BEFORE,administrées,BEFORE,reçu,OVERLAP,disparition,,,,,,
192,42,FR100132,[EVENT_BEFORE_ACTUAL_POS] --(BEFORE)--> [EVENT_BEFORE_ACTUAL_POS] | [EVENT_BEFORE_ACTUAL_POS] --(BEFORE)--> [EVENT_BEFORE_ACTUAL_POS] | [EVENT_BEFORE_ACTUAL_POS] --(OVERLAP)--> [EVENT_BEFORE_ACTUAL_POS],examen,BEFORE,écho-Doppler,BEFORE,reçu,OVERLAP,psychothérapie,,,,,,
192,42,FR100142,[EVENT_BEFORE_ACTUAL_POS] --(BEFORE)--> [EVENT_BEFORE_ACTUAL_POS] | [EVENT_BEFORE_ACTUAL_POS] --(BEFORE)--> [EVENT_BEFORE_ACTUAL_POS] | [EVENT_BEFORE_ACTUAL_POS] --(OVERLAP)--> [EVENT_BEFORE_ACTUAL_POS],étude,BEFORE,sérologie,BEFORE,évolution,OVERLAP,altération,,,,,,
192,42,FR100168,[EVENT_BEFORE_ACTUAL_POS] --(BEFORE)--> [EVENT_BEFORE_ACTUAL_POS] | [EVENT_BEFORE_ACTUAL_POS] --(BEFORE)--> [EVENT_BEFORE_ACTUAL_POS] | [EVENT_BEFORE_ACTUAL_POS] --(OVERLAP)--> [EVENT_BEFORE_ACTUAL_POS],bilan,BEFORE,tests,BEFORE,entretien,OVERLAP,habitude,,,,,,
192,42,FR100255,[EVENT_BEFORE_ACTUAL_POS] --(BEFORE)--> [EVENT_BEFORE_ACTUAL_POS] | [EVENT_BEFORE_ACTUAL_POS] --(BEFORE)--> [EVENT_BEFORE_ACTUAL_POS] | [EVENT_BEFORE_ACTUAL_POS] --(OVERLAP)--> [EVENT_BEFORE_ACTUAL_POS],TDM,BEFORE,bilan,BEFORE,expulsé,OVERLAP,poids,,,,,,
192,42,FR100275,[EVENT_BEFORE_ACTUAL_POS] --(BEFORE)--> [EVENT_BEFORE_ACTUAL_POS] | [EVENT_BEFORE_ACTUAL_POS] --(BEFORE)--> [EVENT_BEFORE_ACTUAL_POS] | [EVENT_BEFORE_ACTUAL_POS] --(OVERLAP)--> [EVENT_BEFORE_ACTUAL_POS],incident,BEFORE,pris,BEFORE,instauré,OVERLAP,enquête,,,,,,
192,42,FR100314,[EVENT_BEFORE_ACTUAL_POS] --(BEFORE)--> [EVENT_BEFORE_ACTUAL_POS] | [EVENT_BEFORE_ACTUAL_POS] --(BEFORE)--> [EVENT_BEFORE_ACTUAL_POS] | [EVENT_BEFORE_ACTUAL_POS] --(OVERLAP)--> [EVENT_BEFORE_ACTUAL_POS],admise,BEFORE,bilan,BEFORE,drainage,OVERLAP,analgésie,,,,,,
192,42,FR100344,[EVENT_BEFORE_ACTUAL_POS] --(BEFORE)--> [EVENT_BEFORE_ACTUAL_POS] | [EVENT_BEFORE_ACTUAL_POS] --(BEFORE)--> [EVENT_BEFORE_ACTUAL_POS] | [EVENT_BEFORE_ACTUAL_POS] --(OVERLAP)--> [EVENT_BEFORE_ACTUAL_POS],bilan,BEFORE,contrôle,BEFORE,échographies,OVERLAP,déroulée,,,,,,
192,42,FR100346,[EVENT_BEFORE_ACTUAL_POS] --(BEFORE)--> [EVENT_BEFORE_ACTUAL_POS] | [EVENT_BEFORE_ACTUAL_POS] --(BEFORE)--> [EVENT_BEFORE_ACTUAL_POS] | [EVENT_BEFORE_ACTUAL_POS] --(OVERLAP)--> [EVENT_BEFORE_ACTUAL_POS],bilan,BEFORE,héparinothérapie,BEFORE,anti-vitamine,OVERLAP,antibiothérapie,,,,,,
192,42,FR100360,[EVENT_BEFORE_ACTUAL_POS] --(BEFORE)--> [EVENT_BEFORE_ACTUAL_POS] | [EVENT_BEFORE_ACTUAL_POS] --(BEFORE)--> [EVENT_BEFORE_ACTUAL_POS] | [EVENT_BEFORE_ACTUAL_POS] --(OVERLAP)--> [EVENT_BEFORE_ACTUAL_POS],tomodensitométrie,BEFORE,radiothérapie,BEFORE,cures,OVERLAP,tolérance,,,,,,
192,42,FR100361,[EVENT_BEFORE_ACTUAL_POS] --(BEFORE)--> [EVENT_BEFORE_ACTUAL_POS] | [EVENT_BEFORE_ACTUAL_POS] --(BEFORE)--> [EVENT_BEFORE_ACTUAL_POS] | [EVENT_BEFORE_ACTUAL_POS] --(OVERLAP)--> [EVENT_BEFORE_ACTUAL_POS],bilan,BEFORE,diagnostic,BEFORE,traitement,OVERLAP,améliorée,,,,,,
192,42,FR100400,[EVENT_BEFORE_ACTUAL_POS] --(BEFORE)--> [EVENT_BEFORE_ACTUAL_POS] | [EVENT_BEFORE_ACTUAL_POS] --(BEFORE)--> [EVENT_BEFORE_ACTUAL_POS] | [EVENT_BEFORE_ACTUAL_POS] --(OVERLAP)--> [EVENT_BEFORE_ACTUAL_POS],stérilisation,BEFORE,résection,BEFORE,suites,OVERLAP,étude,,,,,,
192,42,FR100439,[EVENT_BEFORE_ACTUAL_POS] --(BEFORE)--> [EVENT_BEFORE_ACTUAL_POS] | [EVENT_BEFORE_ACTUAL_POS] --(BEFORE)--> [EVENT_BEFORE_ACTUAL_POS] | [EVENT_BEFORE_ACTUAL_POS] --(OVERLAP)--> [EVENT_BEFORE_ACTUAL_POS],endoscopie,BEFORE,biopsies,BEFORE,analyse,OVERLAP,analyse,,,,,,
192,42,FR100453,[EVENT_BEFORE_ACTUAL_POS] --(BEFORE)--> [EVENT_BEFORE_ACTUAL_POS] | [EVENT_BEFORE_ACTUAL_POS] --(BEFORE)--> [EVENT_BEFORE_ACTUAL_POS] | [EVENT_BEFORE_ACTUAL_POS] --(OVERLAP)--> [EVENT_BEFORE_ACTUAL_POS],radiographies,BEFORE,porté,BEFORE,hospitalisé,OVERLAP,évolution,,,,,,
192,42,FR100517,[EVENT_BEFORE_ACTUAL_POS] --(BEFORE)--> [EVENT_BEFORE_ACTUAL_POS] | [EVENT_BEFORE_ACTUAL_POS] --(BEFORE)--> [EVENT_BEFORE_ACTUAL_POS] | [EVENT_BEFORE_ACTUAL_POS] --(OVERLAP)--> [EVENT_BEFORE_ACTUAL_POS],tomodensitométrie,BEFORE,instauré,BEFORE,évolution,OVERLAP,amélioration,,,,,,
192,42,FR100519,[EVENT_BEFORE_ACTUAL_POS] --(BEFORE)--> [EVENT_BEFORE_ACTUAL_POS] | [EVENT_BEFORE_ACTUAL_POS] --(BEFORE)--> [EVENT_BEFORE_ACTUAL_POS] | [EVENT_BEFORE_ACTUAL_POS] --(OVERLAP)--> [EVENT_BEFORE_ACTUAL_POS],échodoppler,BEFORE,retenue,BEFORE,poursuivie,OVERLAP,Fluindione,,,,,,
192,42,FR100589,[EVENT_BEFORE_ACTUAL_POS] --(BEFORE)--> [EVENT_BEFORE_ACTUAL_POS] | [EVENT_BEFORE_ACTUAL_POS] --(BEFORE)--> [EVENT_BEFORE_ACTUAL_POS] | [EVENT_BEFORE_ACTUAL_POS] --(OVERLAP)--> [EVENT_BEFORE_ACTUAL_POS],sérologie,BEFORE,diagnostic,BEFORE,corticothérapie,OVERLAP,amélioration,,,,,,
192,42,FR100597,[EVENT_BEFORE_ACTUAL_POS] --(BEFORE)--> [EVENT_BEFORE_ACTUAL_POS] | [EVENT_BEFORE_ACTUAL_POS] --(BEFORE)--> [EVENT_BEFORE_ACTUAL_POS] | [EVENT_BEFORE_ACTUAL_POS] --(OVERLAP)--> [EVENT_BEFORE_ACTUAL_POS],décidée,BEFORE,laparotomie,BEFORE,hystérectomie,OVERLAP,examen,,,,,,
192,42,FR100611,[EVENT_BEFORE_ACTUAL_POS] --(BEFORE)--> [EVENT_BEFORE_ACTUAL_POS] | [EVENT_BEFORE_ACTUAL_POS] --(BEFORE)--> [EVENT_BEFORE_ACTUAL_POS] | [EVENT_BEFORE_ACTUAL_POS] --(OVERLAP)--> [EVENT_BEFORE_ACTUAL_POS],sérologie,BEFORE,hémogramme,BEFORE,ionogramme,OVERLAP,reste,,,,,,
192,42,FR100620,[EVENT_BEFORE_ACTUAL_POS] --(BEFORE)--> [EVENT_BEFORE_ACTUAL_POS] | [EVENT_BEFORE_ACTUAL_POS] --(BEFORE)--> [EVENT_BEFORE_ACTUAL_POS] | [EVENT_BEFORE_ACTUAL_POS] --(OVERLAP)--> [EVENT_BEFORE_ACTUAL_POS],pleurodèse,BEFORE,biopsie,BEFORE,prise,OVERLAP,sevrage,,,,,,
192,42,FR100623,[EVENT_BEFORE_ACTUAL_POS] --(BEFORE)--> [EVENT_BEFORE_ACTUAL_POS] | [EVENT_BEFORE_ACTUAL_POS] --(BEFORE)--> [EVENT_BEFORE_ACTUAL_POS] | [EVENT_BEFORE_ACTUAL_POS] --(OVERLAP)--> [EVENT_BEFORE_ACTUAL_POS],retenu,BEFORE,prise,BEFORE,analyse,OVERLAP,diagnostic,,,,,,
192,42,FR100629,[EVENT_BEFORE_ACTUAL_POS] --(BEFORE)--> [EVENT_BEFORE_ACTUAL_POS] | [EVENT_BEFORE_ACTUAL_POS] --(BEFORE)--> [EVENT_BEFORE_ACTUAL_POS] | [EVENT_BEFORE_ACTUAL_POS] --(OVERLAP)--> [EVENT_BEFORE_ACTUAL_POS],bilan,BEFORE,décision,BEFORE,évolution,OVERLAP,chimiothérapie,,,,,,
192,42,FR100632,[EVENT_BEFORE_ACTUAL_POS] --(BEFORE)--> [EVENT_BEFORE_ACTUAL_POS] | [EVENT_BEFORE_ACTUAL_POS] --(BEFORE)--> [EVENT_BEFORE_ACTUAL_POS] | [EVENT_BEFORE_ACTUAL_POS] --(OVERLAP)--> [EVENT_BEFORE_ACTUAL_POS],sérologie,BEFORE,diagnostic,BEFORE,mis,OVERLAP,traitement,,,,,,
192,42,FR100663,[EVENT_BEFORE_ACTUAL_POS] --(BEFORE)--> [EVENT_BEFORE_ACTUAL_POS] | [EVENT_BEFORE_ACTUAL_POS] --(BEFORE)--> [EVENT_BEFORE_ACTUAL_POS] | [EVENT_BEFORE_ACTUAL_POS] --(OVERLAP)--> [EVENT_BEFORE_ACTUAL_POS],incisée,BEFORE,vérifié,BEFORE,reprise,OVERLAP,assurée,,,,,,
192,42,FR100666,[EVENT_BEFORE_ACTUAL_POS] --(BEFORE)--> [EVENT_BEFORE_ACTUAL_POS] | [EVENT_BEFORE_ACTUAL_POS] --(BEFORE)--> [EVENT_BEFORE_ACTUAL_POS] | [EVENT_BEFORE_ACTUAL_POS] --(OVERLAP)--> [EVENT_BEFORE_ACTUAL_POS],biopsie,BEFORE,étude,BEFORE,adressé,OVERLAP,prise,,,,,,
192,42,FR100683,[EVENT_BEFORE_ACTUAL_POS] --(BEFORE)--> [EVENT_BEFORE_ACTUAL_POS] | [EVENT_BEFORE_ACTUAL_POS] --(BEFORE)--> [EVENT_BEFORE_ACTUAL_POS] | [EVENT_BEFORE_ACTUAL_POS] --(OVERLAP)--> [EVENT_BEFORE_ACTUAL_POS],écho-mammographie,BEFORE,osteodensitométrie,BEFORE,traitée,OVERLAP,évolution,,,,,,
192,42,FR100697,[EVENT_BEFORE_ACTUAL_POS] --(BEFORE)--> [EVENT_BEFORE_ACTUAL_POS] | [EVENT_BEFORE_ACTUAL_POS] --(BEFORE)--> [EVENT_BEFORE_ACTUAL_POS] | [EVENT_BEFORE_ACTUAL_POS] --(OVERLAP)--> [EVENT_BEFORE_ACTUAL_POS],échographie,BEFORE,examen,BEFORE,immunomarquage,OVERLAP,tout,,,,,,
192,42,FR100708,[EVENT_BEFORE_ACTUAL_POS] --(BEFORE)--> [EVENT_BEFORE_ACTUAL_POS] | [EVENT_BEFORE_ACTUAL_POS] --(BEFORE)--> [EVENT_BEFORE_ACTUAL_POS] | [EVENT_BEFORE_ACTUAL_POS] --(OVERLAP)--> [EVENT_BEFORE_ACTUAL_POS],échographie,BEFORE,ponction,BEFORE,redémarré,OVERLAP,évolution,,,,,,
192,42,FR100717,[EVENT_BEFORE_ACTUAL_POS] --(BEFORE)--> [EVENT_BEFORE_ACTUAL_POS] | [EVENT_BEFORE_ACTUAL_POS] --(BEFORE)--> [EVENT_BEFORE_ACTUAL_POS] | [EVENT_BEFORE_ACTUAL_POS] --(OVERLAP)--> [EVENT_BEFORE_ACTUAL_POS],enlevée,BEFORE,exploration,BEFORE,suites,OVERLAP,évolution,,,,,,
192,42,FR100748,[EVENT_BEFORE_ACTUAL_POS] --(BEFORE)--> [EVENT_BEFORE_ACTUAL_POS] | [EVENT_BEFORE_ACTUAL_POS] --(BEFORE)--> [EVENT_BEFORE_ACTUAL_POS] | [EVENT_BEFORE_ACTUAL_POS] --(OVERLAP)--> [EVENT_BEFORE_ACTUAL_POS],transférée,BEFORE,regagné,BEFORE,recul,OVERLAP,chiffres,,,,,,
192,42,FR100780,[EVENT_BEFORE_ACTUAL_POS] --(BEFORE)--> [EVENT_BEFORE_ACTUAL_POS] | [EVENT_BEFORE_ACTUAL_POS] --(BEFORE)--> [EVENT_BEFORE_ACTUAL_POS] | [EVENT_BEFORE_ACTUAL_POS] --(OVERLAP)--> [EVENT_BEFORE_ACTUAL_POS],examen,BEFORE,toucher,BEFORE,échographie,OVERLAP,doppler,,,,,,
192,42,FR100806,[EVENT_BEFORE_ACTUAL_POS] --(BEFORE)--> [EVENT_BEFORE_ACTUAL_POS] | [EVENT_BEFORE_ACTUAL_POS] --(BEFORE)--> [EVENT_BEFORE_ACTUAL_POS] | [EVENT_BEFORE_ACTUAL_POS] --(OVERLAP)--> [EVENT_BEFORE_ACTUAL_POS],prise,BEFORE,référée,BEFORE,examen,OVERLAP,pression,,,,,,
192,42,FR100826,[EVENT_BEFORE_ACTUAL_POS] --(BEFORE)--> [EVENT_BEFORE_ACTUAL_POS] | [EVENT_BEFORE_ACTUAL_POS] --(BEFORE)--> [EVENT_BEFORE_ACTUAL_POS] | [EVENT_BEFORE_ACTUAL_POS] --(OVERLAP)--> [EVENT_BEFORE_ACTUAL_POS],bilan,BEFORE,bilan,BEFORE,retenue,OVERLAP,indication,,,,,,
192,42,FR100845,[EVENT_BEFORE_ACTUAL_POS] --(BEFORE)--> [EVENT_BEFORE_ACTUAL_POS] | [EVENT_BEFORE_ACTUAL_POS] --(BEFORE)--> [EVENT_BEFORE_ACTUAL_POS] | [EVENT_BEFORE_ACTUAL_POS] --(OVERLAP)--> [EVENT_BEFORE_ACTUAL_POS],détresse,BEFORE,intubée,BEFORE,ventilées,OVERLAP,échec,,,,,,
192,42,FR100849,[EVENT_BEFORE_ACTUAL_POS] --(BEFORE)--> [EVENT_BEFORE_ACTUAL_POS] | [EVENT_BEFORE_ACTUAL_POS] --(BEFORE)--> [EVENT_BEFORE_ACTUAL_POS] | [EVENT_BEFORE_ACTUAL_POS] --(OVERLAP)--> [EVENT_BEFORE_ACTUAL_POS],tomodensitométrie,BEFORE,acheminé,BEFORE,découverte,OVERLAP,geste,,,,,,
192,42,FR100870,[EVENT_BEFORE_ACTUAL_POS] --(BEFORE)--> [EVENT_BEFORE_ACTUAL_POS] | [EVENT_BEFORE_ACTUAL_POS] --(BEFORE)--> [EVENT_BEFORE_ACTUAL_POS] | [EVENT_BEFORE_ACTUAL_POS] --(OVERLAP)--> [EVENT_BEFORE_ACTUAL_POS],sérologie,BEFORE,retenu,BEFORE,radiothérapie,OVERLAP,chimiothérapie,,,,,,
192,42,FR100874,[EVENT_BEFORE_ACTUAL_POS] --(BEFORE)--> [EVENT_BEFORE_ACTUAL_POS] | [EVENT_BEFORE_ACTUAL_POS] --(BEFORE)--> [EVENT_BEFORE_ACTUAL_POS] | [EVENT_BEFORE_ACTUAL_POS] --(OVERLAP)--> [EVENT_BEFORE_ACTUAL_POS],tomodensitométrie,BEFORE,retenu,BEFORE,mise,OVERLAP,transfusions,,,,,,
192,42,FR100882,[EVENT_BEFORE_ACTUAL_POS] --(BEFORE)--> [EVENT_BEFORE_ACTUAL_POS] | [EVENT_BEFORE_ACTUAL_POS] --(BEFORE)--> [EVENT_BEFORE_ACTUAL_POS] | [EVENT_BEFORE_ACTUAL_POS] --(OVERLAP)--> [EVENT_BEFORE_ACTUAL_POS],IRM,BEFORE,scanner,BEFORE,laminectomie,OVERLAP,décompression,,,,,,
192,42,FR100894,[EVENT_BEFORE_ACTUAL_POS] --(BEFORE)--> [EVENT_BEFORE_ACTUAL_POS] | [EVENT_BEFORE_ACTUAL_POS] --(BEFORE)--> [EVENT_BEFORE_ACTUAL_POS] | [EVENT_BEFORE_ACTUAL_POS] --(OVERLAP)--> [EVENT_BEFORE_ACTUAL_POS],arrivée,BEFORE,pris,BEFORE,incision,OVERLAP,rompu,,,,,,
192,42,FR100932,[EVENT_BEFORE_ACTUAL_POS] --(BEFORE)--> [EVENT_BEFORE_ACTUAL_POS] | [EVENT_BEFORE_ACTUAL_POS] --(BEFORE)--> [EVENT_BEFORE_ACTUAL_POS] | [EVENT_BEFORE_ACTUAL_POS] --(OVERLAP)--> [EVENT_BEFORE_ACTUAL_POS],mise,BEFORE,opérée,BEFORE,évolution,OVERLAP,suivie,,,,,,
12,41,FR100003,[EVENT_BEFORE_ACTUAL_POS] --(CONTAINS)--> [EVENT_BEFORE_ACTUAL_POS] | [EVENT_BEFORE_ACTUAL_POS] --(OVERLAP)--> [EVENT_BEFORE_ACTUAL_POS],état,CONTAINS,Lexamen,[RETOUR],état,OVERLAP,bilan,,,,,,
12,41,FR100078,[EVENT_BEFORE_ACTUAL_POS] --(CONTAINS)--> [EVENT_BEFORE_ACTUAL_POS] | [EVENT_BEFORE_ACTUAL_POS] --(OVERLAP)--> [EVENT_BEFORE_ACTUAL_POS],ulcères,CONTAINS,hospitalisation,[RETOUR],ulcères,OVERLAP,récidives,,,,,,
12,41,FR100092,[EVENT_BEFORE_ACTUAL_POS] --(CONTAINS)--> [EVENT_BEFORE_ACTUAL_POS] | [EVENT_BEFORE_ACTUAL_POS] --(OVERLAP)--> [EVENT_BEFORE_ACTUAL_POS],appendicite,CONTAINS,étude,[RETOUR],appendicite,OVERLAP,réaction,,,,,,
12,41,FR100120,[EVENT_BEFORE_ACTUAL_POS] --(CONTAINS)--> [EVENT_BEFORE_ACTUAL_POS] | [EVENT_BEFORE_ACTUAL_POS] --(OVERLAP)--> [EVENT_BEFORE_ACTUAL_POS],antécédents,CONTAINS,diabète,[RETOUR],antécédents,OVERLAP,détachement,,,,,,
12,41,FR100130,[EVENT_BEFORE_ACTUAL_POS] --(CONTAINS)--> [EVENT_BEFORE_ACTUAL_POS] | [EVENT_BEFORE_ACTUAL_POS] --(OVERLAP)--> [EVENT_BEFORE_ACTUAL_POS],réflexes,CONTAINS,examen,[RETOUR],réflexes,OVERLAP,réflexe,,,,,,
12,41,FR100132,[EVENT_BEFORE_ACTUAL_POS] --(CONTAINS)--> [EVENT_BEFORE_ACTUAL_POS] | [EVENT_BEFORE_ACTUAL_POS] --(OVERLAP)--> [EVENT_BEFORE_ACTUAL_POS],consultation,CONTAINS,référée,[RETOUR],consultation,OVERLAP,antécédents,,,,,,
12,41,FR100142,[EVENT_BEFORE_ACTUAL_POS] --(CONTAINS)--> [EVENT_BEFORE_ACTUAL_POS] | [EVENT_BEFORE_ACTUAL_POS] --(OVERLAP)--> [EVENT_BEFORE_ACTUAL_POS],marquage,CONTAINS,étude,[RETOUR],marquage,OVERLAP,maladie,,,,,,
12,41,FR100161,[EVENT_BEFORE_ACTUAL_POS] --(CONTAINS)--> [EVENT_BEFORE_ACTUAL_POS] | [EVENT_BEFORE_ACTUAL_POS] --(OVERLAP)--> [EVENT_BEFORE_ACTUAL_POS],sérologie,CONTAINS,examens,[RETOUR],sérologie,OVERLAP,charge,,,,,,
12,41,FR100168,[EVENT_BEFORE_ACTUAL_POS] --(CONTAINS)--> [EVENT_BEFORE_ACTUAL_POS] | [EVENT_BEFORE_ACTUAL_POS] --(OVERLAP)--> [EVENT_BEFORE_ACTUAL_POS],entretien,CONTAINS,dévoiler,[RETOUR],entretien,OVERLAP,habitude,,,,,,
12,41,FR100275,[EVENT_BEFORE_ACTUAL_POS] --(CONTAINS)--> [EVENT_BEFORE_ACTUAL_POS] | [EVENT_BEFORE_ACTUAL_POS] --(OVERLAP)--> [EVENT_BEFORE_ACTUAL_POS],manœuvres,CONTAINS,massages,[RETOUR],manœuvres,OVERLAP,permettent,,,,,,
12,41,FR100282,[EVENT_BEFORE_ACTUAL_POS] --(CONTAINS)--> [EVENT_BEFORE_ACTUAL_POS] | [EVENT_BEFORE_ACTUAL_POS] --(OVERLAP)--> [EVENT_BEFORE_ACTUAL_POS],crises,CONTAINS,soumis,[RETOUR],crises,OVERLAP,perte,,,,,,
12,41,FR100296,[EVENT_BEFORE_ACTUAL_POS] --(CONTAINS)--> [EVENT_BEFORE_ACTUAL_POS] | [EVENT_BEFORE_ACTUAL_POS] --(OVERLAP)--> [EVENT_BEFORE_ACTUAL_POS],émergence,CONTAINS,fenestration,[RETOUR],émergence,OVERLAP,conflit,,,,,,
12,41,FR100361,[EVENT_BEFORE_ACTUAL_POS] --(CONTAINS)--> [EVENT_BEFORE_ACTUAL_POS] | [EVENT_BEFORE_ACTUAL_POS] --(OVERLAP)--> [EVENT_BEFORE_ACTUAL_POS],méningo-vascularite,CONTAINS,révélant,[RETOUR],méningo-vascularite,OVERLAP,adénome,,,,,,
12,41,FR100371,[EVENT_BEFORE_ACTUAL_POS] --(CONTAINS)--> [EVENT_BEFORE_ACTUAL_POS] | [EVENT_BEFORE_ACTUAL_POS] --(OVERLAP)--> [EVENT_BEFORE_ACTUAL_POS],tension,CONTAINS,examen,[RETOUR],tension,OVERLAP,pulsation,,,,,,
12,41,FR100400,[EVENT_BEFORE_ACTUAL_POS] --(CONTAINS)--> [EVENT_BEFORE_ACTUAL_POS] | [EVENT_BEFORE_ACTUAL_POS] --(OVERLAP)--> [EVENT_BEFORE_ACTUAL_POS],suites,CONTAINS,sortante,[RETOUR],suites,OVERLAP,étude,,,,,,
12,41,FR100517,[EVENT_BEFORE_ACTUAL_POS] --(CONTAINS)--> [EVENT_BEFORE_ACTUAL_POS] | [EVENT_BEFORE_ACTUAL_POS] --(OVERLAP)--> [EVENT_BEFORE_ACTUAL_POS],bilan,CONTAINS,fibroscopie,[RETOUR],bilan,OVERLAP,amélioration,,,,,,
12,41,FR100579,[EVENT_BEFORE_ACTUAL_POS] --(CONTAINS)--> [EVENT_BEFORE_ACTUAL_POS] | [EVENT_BEFORE_ACTUAL_POS] --(OVERLAP)--> [EVENT_BEFORE_ACTUAL_POS],antécédents,CONTAINS,traumatisme,[RETOUR],antécédents,OVERLAP,consulte,,,,,,
12,41,FR100589,[EVENT_BEFORE_ACTUAL_POS] --(CONTAINS)--> [EVENT_BEFORE_ACTUAL_POS] | [EVENT_BEFORE_ACTUAL_POS] --(OVERLAP)--> [EVENT_BEFORE_ACTUAL_POS],toux,CONTAINS,hospitalisation,[RETOUR],toux,OVERLAP,dyspnée,,,,,,
12,41,FR100597,[EVENT_BEFORE_ACTUAL_POS] --(CONTAINS)--> [EVENT_BEFORE_ACTUAL_POS] | [EVENT_BEFORE_ACTUAL_POS] --(OVERLAP)--> [EVENT_BEFORE_ACTUAL_POS],hystérectomie,CONTAINS,annexectomie,[RETOUR],hystérectomie,OVERLAP,examen,,,,,,
12,41,FR100620,[EVENT_BEFORE_ACTUAL_POS] --(CONTAINS)--> [EVENT_BEFORE_ACTUAL_POS] | [EVENT_BEFORE_ACTUAL_POS] --(OVERLAP)--> [EVENT_BEFORE_ACTUAL_POS],évolution,CONTAINS,récidive,[RETOUR],évolution,OVERLAP,pleurodèse,,,,,,
12,41,FR100632,[EVENT_BEFORE_ACTUAL_POS] --(CONTAINS)--> [EVENT_BEFORE_ACTUAL_POS] | [EVENT_BEFORE_ACTUAL_POS] --(OVERLAP)--> [EVENT_BEFORE_ACTUAL_POS],myélite,CONTAINS,diagnostic,[RETOUR],myélite,OVERLAP,hépatite,,,,,,
12,41,FR100658,[EVENT_BEFORE_ACTUAL_POS] --(CONTAINS)--> [EVENT_BEFORE_ACTUAL_POS] | [EVENT_BEFORE_ACTUAL_POS] --(OVERLAP)--> [EVENT_BEFORE_ACTUAL_POS],Opéré,CONTAINS,exérèse,[RETOUR],Opéré,OVERLAP,antécédents,,,,,,
12,41,FR100666,[EVENT_BEFORE_ACTUAL_POS] --(CONTAINS)--> [EVENT_BEFORE_ACTUAL_POS] | [EVENT_BEFORE_ACTUAL_POS] --(OVERLAP)--> [EVENT_BEFORE_ACTUAL_POS],COPADEM,CONTAINS,doxorubicine,[RETOUR],COPADEM,OVERLAP,CYVE,,,,,,
12,41,FR100683,[EVENT_BEFORE_ACTUAL_POS] --(CONTAINS)--> [EVENT_BEFORE_ACTUAL_POS] | [EVENT_BEFORE_ACTUAL_POS] --(OVERLAP)--> [EVENT_BEFORE_ACTUAL_POS],taux,CONTAINS,exploration,[RETOUR],taux,OVERLAP,LH,,,,,,
12,41,FR100689,[EVENT_BEFORE_ACTUAL_POS] --(CONTAINS)--> [EVENT_BEFORE_ACTUAL_POS] | [EVENT_BEFORE_ACTUAL_POS] --(OVERLAP)--> [EVENT_BEFORE_ACTUAL_POS],épisode,CONTAINS,évolution,[RETOUR],épisode,OVERLAP,mis,,,,,,
12,41,FR100697,[EVENT_BEFORE_ACTUAL_POS] --(CONTAINS)--> [EVENT_BEFORE_ACTUAL_POS] | [EVENT_BEFORE_ACTUAL_POS] --(OVERLAP)--> [EVENT_BEFORE_ACTUAL_POS],adénopathies,CONTAINS,échographie,[RETOUR],adénopathies,OVERLAP,épaississement,,,,,,
12,41,FR100717,[EVENT_BEFORE_ACTUAL_POS] --(CONTAINS)--> [EVENT_BEFORE_ACTUAL_POS] | [EVENT_BEFORE_ACTUAL_POS] --(OVERLAP)--> [EVENT_BEFORE_ACTUAL_POS],évolution,CONTAINS,installation,[RETOUR],évolution,OVERLAP,rééducation,,,,,,
12,41,FR100748,[EVENT_BEFORE_ACTUAL_POS] --(CONTAINS)--> [EVENT_BEFORE_ACTUAL_POS] | [EVENT_BEFORE_ACTUAL_POS] --(OVERLAP)--> [EVENT_BEFORE_ACTUAL_POS],ouverture,CONTAINS,aborder,[RETOUR],ouverture,OVERLAP,libération,,,,,,
12,41,FR100780,[EVENT_BEFORE_ACTUAL_POS] --(CONTAINS)--> [EVENT_BEFORE_ACTUAL_POS] | [EVENT_BEFORE_ACTUAL_POS] --(OVERLAP)--> [EVENT_BEFORE_ACTUAL_POS],examen,CONTAINS,température,[RETOUR],examen,OVERLAP,obstétrical,,,,,,
12,41,FR100849,[EVENT_BEFORE_ACTUAL_POS] --(CONTAINS)--> [EVENT_BEFORE_ACTUAL_POS] | [EVENT_BEFORE_ACTUAL_POS] --(OVERLAP)--> [EVENT_BEFORE_ACTUAL_POS],admission,CONTAINS,examen,[RETOUR],admission,OVERLAP,pouls,,,,,,
12,41,FR100870,[EVENT_BEFORE_ACTUAL_POS] --(CONTAINS)--> [EVENT_BEFORE_ACTUAL_POS] | [EVENT_BEFORE_ACTUAL_POS] --(OVERLAP)--> [EVENT_BEFORE_ACTUAL_POS],anomalie,CONTAINS,imagerie,[RETOUR],anomalie,OVERLAP,processus,,,,,,
12,41,FR100882,[EVENT_BEFORE_ACTUAL_POS] --(CONTAINS)--> [EVENT_BEFORE_ACTUAL_POS] | [EVENT_BEFORE_ACTUAL_POS] --(OVERLAP)--> [EVENT_BEFORE_ACTUAL_POS],troubles,CONTAINS,admise,[RETOUR],troubles,OVERLAP,aggravation,,,,,,
12,41,FR100894,[EVENT_BEFORE_ACTUAL_POS] --(CONTAINS)--> [EVENT_BEFORE_ACTUAL_POS] | [EVENT_BEFORE_ACTUAL_POS] --(OVERLAP)--> [EVENT_BEFORE_ACTUAL_POS],incision,CONTAINS,décompression,[RETOUR],incision,OVERLAP,rompu,,,,,,
12,41,FR100903,[EVENT_BEFORE_ACTUAL_POS] --(CONTAINS)--> [EVENT_BEFORE_ACTUAL_POS] | [EVENT_BEFORE_ACTUAL_POS] --(OVERLAP)--> [EVENT_BEFORE_ACTUAL_POS],protubérance,CONTAINS,échographie,[RETOUR],protubérance,OVERLAP,inversée,,,,,,
12,41,FR100919,[EVENT_BEFORE_ACTUAL_POS] --(CONTAINS)--> [EVENT_BEFORE_ACTUAL_POS] | [EVENT_BEFORE_ACTUAL_POS] --(OVERLAP)--> [EVENT_BEFORE_ACTUAL_POS],prise,CONTAINS,considérée,[RETOUR],prise,OVERLAP,correction,,,,,,
12,41,FR100925,[EVENT_BEFORE_ACTUAL_POS] --(CONTAINS)--> [EVENT_BEFORE_ACTUAL_POS] | [EVENT_BEFORE_ACTUAL_POS] --(OVERLAP)--> [EVENT_BEFORE_ACTUAL_POS],évolution,CONTAINS,apparition,[RETOUR],évolution,OVERLAP,rémission,,,,,,
12,41,FR100996,[EVENT_BEFORE_ACTUAL_POS] --(CONTAINS)--> [EVENT_BEFORE_ACTUAL_POS] | [EVENT_BEFORE_ACTUAL_POS] --(OVERLAP)--> [EVENT_BEFORE_ACTUAL_POS],hernie,CONTAINS,retenu,[RETOUR],hernie,OVERLAP,signe,,,,,,
135,40,FR100003,[EVENT_BEFORE_ACTUAL_POS] --(BEFORE)--> [EVENT_BEFORE_ACTUAL_POS] | [EVENT_BEFORE_ACTUAL_POS] --(BEFORE)--> [EVENT_BEFORE_ACTUAL_POS] | [EVENT_BEFORE_ACTUAL_POS] --(BEFORE)--> [EVENT_BEFORE_ACTUAL_POS] | [EVENT_BEFORE_ACTUAL_POS] --(BEFORE)--> [EVENT_BEFORE_ACTUAL_POS] | [EVENT_BEFORE_ACTUAL_POS] --(BEFORE)--> [EVENT_BEFORE_ACTUAL_POS] | [EVENT_BEFORE_ACTUAL_POS] --(BEFORE)--> [EVENT_BEFORE_ACTUAL_POS],TDM,BEFORE,panoramique,BEFORE,ponction,BEFORE,examen,BEFORE,examen,BEFORE,antibiothérapie,BEFORE,bloc
135,40,FR100092,[EVENT_BEFORE_ACTUAL_POS] --(BEFORE)--> [EVENT_BEFORE_ACTUAL_POS] | [EVENT_BEFORE_ACTUAL_POS] --(BEFORE)--> [EVENT_BEFORE_ACTUAL_POS] | [EVENT_BEFORE_ACTUAL_POS] --(BEFORE)--> [EVENT_BEFORE_ACTUAL_POS] | [EVENT_BEFORE_ACTUAL_POS] --(BEFORE)--> [EVENT_BEFORE_ACTUAL_POS] | [EVENT_BEFORE_ACTUAL_POS] --(BEFORE)--> [EVENT_BEFORE_ACTUAL_POS] | [EVENT_BEFORE_ACTUAL_POS] --(BEFORE)--> [EVENT_BEFORE_ACTUAL_POS],admise,BEFORE,examen,BEFORE,examen,BEFORE,examen,BEFORE,échographie,BEFORE,tableau,BEFORE,reste
135,40,FR100130,[EVENT_BEFORE_ACTUAL_POS] --(BEFORE)--> [EVENT_BEFORE_ACTUAL_POS] | [EVENT_BEFORE_ACTUAL_POS] --(BEFORE)--> [EVENT_BEFORE_ACTUAL_POS] | [EVENT_BEFORE_ACTUAL_POS] --(BEFORE)--> [EVENT_BEFORE_ACTUAL_POS] | [EVENT_BEFORE_ACTUAL_POS] --(BEFORE)--> [EVENT_BEFORE_ACTUAL_POS] | [EVENT_BEFORE_ACTUAL_POS] --(BEFORE)--> [EVENT_BEFORE_ACTUAL_POS] | [EVENT_BEFORE_ACTUAL_POS] --(BEFORE)--> [EVENT_BEFORE_ACTUAL_POS],admis,BEFORE,plaignait,BEFORE,examen,BEFORE,biologie,BEFORE,glycémie,BEFORE,confirmé,BEFORE,recherche
135,40,FR100142,[EVENT_BEFORE_ACTUAL_POS] --(BEFORE)--> [EVENT_BEFORE_ACTUAL_POS] | [EVENT_BEFORE_ACTUAL_POS] --(BEFORE)--> [EVENT_BEFORE_ACTUAL_POS] | [EVENT_BEFORE_ACTUAL_POS] --(BEFORE)--> [EVENT_BEFORE_ACTUAL_POS] | [EVENT_BEFORE_ACTUAL_POS] --(BEFORE)--> [EVENT_BEFORE_ACTUAL_POS] | [EVENT_BEFORE_ACTUAL_POS] --(BEFORE)--> [EVENT_BEFORE_ACTUAL_POS] | [EVENT_BEFORE_ACTUAL_POS] --(BEFORE)--> [EVENT_BEFORE_ACTUAL_POS],examen,BEFORE,électrophorèse,BEFORE,scanner,BEFORE,fibroscopie,BEFORE,biopsie,BEFORE,mis,BEFORE,bithérapie
135,40,FR100161,[EVENT_BEFORE_ACTUAL_POS] --(BEFORE)--> [EVENT_BEFORE_ACTUAL_POS] | [EVENT_BEFORE_ACTUAL_POS] --(BEFORE)--> [EVENT_BEFORE_ACTUAL_POS] | [EVENT_BEFORE_ACTUAL_POS] --(BEFORE)--> [EVENT_BEFORE_ACTUAL_POS] | [EVENT_BEFORE_ACTUAL_POS] --(BEFORE)--> [EVENT_BEFORE_ACTUAL_POS] | [EVENT_BEFORE_ACTUAL_POS] --(BEFORE)--> [EVENT_BEFORE_ACTUAL_POS] | [EVENT_BEFORE_ACTUAL_POS] --(BEFORE)--> [EVENT_BEFORE_ACTUAL_POS],examen,BEFORE,examens,BEFORE,radiographie,BEFORE,complément,BEFORE,cortisol,BEFORE,exérèse,BEFORE,examen
135,40,FR100255,[EVENT_BEFORE_ACTUAL_POS] --(BEFORE)--> [EVENT_BEFORE_ACTUAL_POS] | [EVENT_BEFORE_ACTUAL_POS] --(BEFORE)--> [EVENT_BEFORE_ACTUAL_POS] | [EVENT_BEFORE_ACTUAL_POS] --(BEFORE)--> [EVENT_BEFORE_ACTUAL_POS] | [EVENT_BEFORE_ACTUAL_POS] --(BEFORE)--> [EVENT_BEFORE_ACTUAL_POS] | [EVENT_BEFORE_ACTUAL_POS] --(BEFORE)--> [EVENT_BEFORE_ACTUAL_POS] | [EVENT_BEFORE_ACTUAL_POS] --(BEFORE)--> [EVENT_BEFORE_ACTUAL_POS],examen,BEFORE,examen,BEFORE,échographie,BEFORE,mise,BEFORE,réveillée,BEFORE,radio,BEFORE,TDM
135,40,FR100275,[EVENT_BEFORE_ACTUAL_POS] --(BEFORE)--> [EVENT_BEFORE_ACTUAL_POS] | [EVENT_BEFORE_ACTUAL_POS] --(BEFORE)--> [EVENT_BEFORE_ACTUAL_POS] | [EVENT_BEFORE_ACTUAL_POS] --(BEFORE)--> [EVENT_BEFORE_ACTUAL_POS] | [EVENT_BEFORE_ACTUAL_POS] --(BEFORE)--> [EVENT_BEFORE_ACTUAL_POS] | [EVENT_BEFORE_ACTUAL_POS] --(BEFORE)--> [EVENT_BEFORE_ACTUAL_POS] | [EVENT_BEFORE_ACTUAL_POS] --(BEFORE)--> [EVENT_BEFORE_ACTUAL_POS],découverte,BEFORE,arrivée,BEFORE,établi,BEFORE,manœuvres,BEFORE,transféré,BEFORE,anamnèse,BEFORE,examen
135,40,FR100346,[EVENT_BEFORE_ACTUAL_POS] --(BEFORE)--> [EVENT_BEFORE_ACTUAL_POS] | [EVENT_BEFORE_ACTUAL_POS] --(BEFORE)--> [EVENT_BEFORE_ACTUAL_POS] | [EVENT_BEFORE_ACTUAL_POS] --(BEFORE)--> [EVENT_BEFORE_ACTUAL_POS] | [EVENT_BEFORE_ACTUAL_POS] --(BEFORE)--> [EVENT_BEFORE_ACTUAL_POS] | [EVENT_BEFORE_ACTUAL_POS] --(BEFORE)--> [EVENT_BEFORE_ACTUAL_POS] | [EVENT_BEFORE_ACTUAL_POS] --(BEFORE)--> [EVENT_BEFORE_ACTUAL_POS],gazométrie,BEFORE,reste,BEFORE,radiographie,BEFORE,angioscanner,BEFORE,echo-dopler,BEFORE,IRM,BEFORE,scanner
135,40,FR100360,[EVENT_BEFORE_ACTUAL_POS] --(BEFORE)--> [EVENT_BEFORE_ACTUAL_POS] | [EVENT_BEFORE_ACTUAL_POS] --(BEFORE)--> [EVENT_BEFORE_ACTUAL_POS] | [EVENT_BEFORE_ACTUAL_POS] --(BEFORE)--> [EVENT_BEFORE_ACTUAL_POS] | [EVENT_BEFORE_ACTUAL_POS] --(BEFORE)--> [EVENT_BEFORE_ACTUAL_POS] | [EVENT_BEFORE_ACTUAL_POS] --(BEFORE)--> [EVENT_BEFORE_ACTUAL_POS] | [EVENT_BEFORE_ACTUAL_POS] --(BEFORE)--> [EVENT_BEFORE_ACTUAL_POS],curage,BEFORE,radiothérapie,BEFORE,fin,BEFORE,tomodensitométrie,BEFORE,complément,BEFORE,biopsie,BEFORE,étude
135,40,FR100361,[EVENT_BEFORE_ACTUAL_POS] --(BEFORE)--> [EVENT_BEFORE_ACTUAL_POS] | [EVENT_BEFORE_ACTUAL_POS] --(BEFORE)--> [EVENT_BEFORE_ACTUAL_POS] | [EVENT_BEFORE_ACTUAL_POS] --(BEFORE)--> [EVENT_BEFORE_ACTUAL_POS] | [EVENT_BEFORE_ACTUAL_POS] --(BEFORE)--> [EVENT_BEFORE_ACTUAL_POS] | [EVENT_BEFORE_ACTUAL_POS] --(BEFORE)--> [EVENT_BEFORE_ACTUAL_POS] | [EVENT_BEFORE_ACTUAL_POS] --(BEFORE)--> [EVENT_BEFORE_ACTUAL_POS],examen,BEFORE,TDM,BEFORE,ponction,BEFORE,examen,BEFORE,examen,BEFORE,culture,BEFORE,protéine
135,40,FR100371,[EVENT_BEFORE_ACTUAL_POS] --(BEFORE)--> [EVENT_BEFORE_ACTUAL_POS] | [EVENT_BEFORE_ACTUAL_POS] --(BEFORE)--> [EVENT_BEFORE_ACTUAL_POS] | [EVENT_BEFORE_ACTUAL_POS] --(BEFORE)--> [EVENT_BEFORE_ACTUAL_POS] | [EVENT_BEFORE_ACTUAL_POS] --(BEFORE)--> [EVENT_BEFORE_ACTUAL_POS] | [EVENT_BEFORE_ACTUAL_POS] --(BEFORE)--> [EVENT_BEFORE_ACTUAL_POS] | [EVENT_BEFORE_ACTUAL_POS] --(BEFORE)--> [EVENT_BEFORE_ACTUAL_POS],adressée,BEFORE,admission,BEFORE,examen,BEFORE,examen,BEFORE,bilan,BEFORE,bilan,BEFORE,intervention
135,40,FR100400,[EVENT_BEFORE_ACTUAL_POS] --(BEFORE)--> [EVENT_BEFORE_ACTUAL_POS] | [EVENT_BEFORE_ACTUAL_POS] --(BEFORE)--> [EVENT_BEFORE_ACTUAL_POS] | [EVENT_BEFORE_ACTUAL_POS] --(BEFORE)--> [EVENT_BEFORE_ACTUAL_POS] | [EVENT_BEFORE_ACTUAL_POS] --(BEFORE)--> [EVENT_BEFORE_ACTUAL_POS] | [EVENT_BEFORE_ACTUAL_POS] --(BEFORE)--> [EVENT_BEFORE_ACTUAL_POS] | [EVENT_BEFORE_ACTUAL_POS] --(BEFORE)--> [EVENT_BEFORE_ACTUAL_POS],Radiographie,BEFORE,échographie,BEFORE,scanner,BEFORE,diagnostic,BEFORE,exploration,BEFORE,résection,BEFORE,drainage
135,40,FR100439,[EVENT_BEFORE_ACTUAL_POS] --(BEFORE)--> [EVENT_BEFORE_ACTUAL_POS] | [EVENT_BEFORE_ACTUAL_POS] --(BEFORE)--> [EVENT_BEFORE_ACTUAL_POS] | [EVENT_BEFORE_ACTUAL_POS] --(BEFORE)--> [EVENT_BEFORE_ACTUAL_POS] | [EVENT_BEFORE_ACTUAL_POS] --(BEFORE)--> [EVENT_BEFORE_ACTUAL_POS] | [EVENT_BEFORE_ACTUAL_POS] --(BEFORE)--> [EVENT_BEFORE_ACTUAL_POS] | [EVENT_BEFORE_ACTUAL_POS] --(BEFORE)--> [EVENT_BEFORE_ACTUAL_POS],établie,BEFORE,demandée,BEFORE,examen,BEFORE,classée,BEFORE,bénéficier,BEFORE,nasofibroscopie,BEFORE,contrôles
135,40,FR100448,[EVENT_BEFORE_ACTUAL_POS] --(BEFORE)--> [EVENT_BEFORE_ACTUAL_POS] | [EVENT_BEFORE_ACTUAL_POS] --(BEFORE)--> [EVENT_BEFORE_ACTUAL_POS] | [EVENT_BEFORE_ACTUAL_POS] --(BEFORE)--> [EVENT_BEFORE_ACTUAL_POS] | [EVENT_BEFORE_ACTUAL_POS] --(BEFORE)--> [EVENT_BEFORE_ACTUAL_POS] | [EVENT_BEFORE_ACTUAL_POS] --(BEFORE)--> [EVENT_BEFORE_ACTUAL_POS] | [EVENT_BEFORE_ACTUAL_POS] --(BEFORE)--> [EVENT_BEFORE_ACTUAL_POS],examen,BEFORE,échotomographie,BEFORE,hémi thyroïdectomie,BEFORE,examen,BEFORE,histochimie,BEFORE,scanner,BEFORE,tomographie
135,40,FR100480,[EVENT_BEFORE_ACTUAL_POS] --(BEFORE)--> [EVENT_BEFORE_ACTUAL_POS] | [EVENT_BEFORE_ACTUAL_POS] --(BEFORE)--> [EVENT_BEFORE_ACTUAL_POS] | [EVENT_BEFORE_ACTUAL_POS] --(BEFORE)--> [EVENT_BEFORE_ACTUAL_POS] | [EVENT_BEFORE_ACTUAL_POS] --(BEFORE)--> [EVENT_BEFORE_ACTUAL_POS] | [EVENT_BEFORE_ACTUAL_POS] --(BEFORE)--> [EVENT_BEFORE_ACTUAL_POS] | [EVENT_BEFORE_ACTUAL_POS] --(BEFORE)--> [EVENT_BEFORE_ACTUAL_POS],examen,BEFORE,imagerie,BEFORE,bilan,BEFORE,scanner,BEFORE,Tomographie,BEFORE,reprise,BEFORE,débuté
135,40,FR100517,[EVENT_BEFORE_ACTUAL_POS] --(BEFORE)--> [EVENT_BEFORE_ACTUAL_POS] | [EVENT_BEFORE_ACTUAL_POS] --(BEFORE)--> [EVENT_BEFORE_ACTUAL_POS] | [EVENT_BEFORE_ACTUAL_POS] --(BEFORE)--> [EVENT_BEFORE_ACTUAL_POS] | [EVENT_BEFORE_ACTUAL_POS] --(BEFORE)--> [EVENT_BEFORE_ACTUAL_POS] | [EVENT_BEFORE_ACTUAL_POS] --(BEFORE)--> [EVENT_BEFORE_ACTUAL_POS] | [EVENT_BEFORE_ACTUAL_POS] --(BEFORE)--> [EVENT_BEFORE_ACTUAL_POS],bilan,BEFORE,mise,BEFORE,auscultation,BEFORE,radiographie,BEFORE,tomodensitométrie,BEFORE,instauré,BEFORE,remise
135,40,FR100519,[EVENT_BEFORE_ACTUAL_POS] --(BEFORE)--> [EVENT_BEFORE_ACTUAL_POS] | [EVENT_BEFORE_ACTUAL_POS] --(BEFORE)--> [EVENT_BEFORE_ACTUAL_POS] | [EVENT_BEFORE_ACTUAL_POS] --(BEFORE)--> [EVENT_BEFORE_ACTUAL_POS] | [EVENT_BEFORE_ACTUAL_POS] --(BEFORE)--> [EVENT_BEFORE_ACTUAL_POS] | [EVENT_BEFORE_ACTUAL_POS] --(BEFORE)--> [EVENT_BEFORE_ACTUAL_POS] | [EVENT_BEFORE_ACTUAL_POS] --(BEFORE)--> [EVENT_BEFORE_ACTUAL_POS],hospitalisée,BEFORE,entrée,BEFORE,bilan,BEFORE,angioscanner,BEFORE,échodoppler,BEFORE,retenue,BEFORE,poursuivie
135,40,FR100589,[EVENT_BEFORE_ACTUAL_POS] --(BEFORE)--> [EVENT_BEFORE_ACTUAL_POS] | [EVENT_BEFORE_ACTUAL_POS] --(BEFORE)--> [EVENT_BEFORE_ACTUAL_POS] | [EVENT_BEFORE_ACTUAL_POS] --(BEFORE)--> [EVENT_BEFORE_ACTUAL_POS] | [EVENT_BEFORE_ACTUAL_POS] --(BEFORE)--> [EVENT_BEFORE_ACTUAL_POS] | [EVENT_BEFORE_ACTUAL_POS] --(BEFORE)--> [EVENT_BEFORE_ACTUAL_POS] | [EVENT_BEFORE_ACTUAL_POS] --(BEFORE)--> [EVENT_BEFORE_ACTUAL_POS],biopsies,BEFORE,exploration,BEFORE,hémogramme,BEFORE,Cytométrie,BEFORE,biopsie,BEFORE,bilan,BEFORE,caryotype
135,40,FR100597,[EVENT_BEFORE_ACTUAL_POS] --(BEFORE)--> [EVENT_BEFORE_ACTUAL_POS] | [EVENT_BEFORE_ACTUAL_POS] --(BEFORE)--> [EVENT_BEFORE_ACTUAL_POS] | [EVENT_BEFORE_ACTUAL_POS] --(BEFORE)--> [EVENT_BEFORE_ACTUAL_POS] | [EVENT_BEFORE_ACTUAL_POS] --(BEFORE)--> [EVENT_BEFORE_ACTUAL_POS] | [EVENT_BEFORE_ACTUAL_POS] --(BEFORE)--> [EVENT_BEFORE_ACTUAL_POS] | [EVENT_BEFORE_ACTUAL_POS] --(BEFORE)--> [EVENT_BEFORE_ACTUAL_POS],examen,BEFORE,examen,BEFORE,examen,BEFORE,toucher,BEFORE,reste,BEFORE,échographie,BEFORE,complété
135,40,FR100611,[EVENT_BEFORE_ACTUAL_POS] --(BEFORE)--> [EVENT_BEFORE_ACTUAL_POS] | [EVENT_BEFORE_ACTUAL_POS] --(BEFORE)--> [EVENT_BEFORE_ACTUAL_POS] | [EVENT_BEFORE_ACTUAL_POS] --(BEFORE)--> [EVENT_BEFORE_ACTUAL_POS] | [EVENT_BEFORE_ACTUAL_POS] --(BEFORE)--> [EVENT_BEFORE_ACTUAL_POS] | [EVENT_BEFORE_ACTUAL_POS] --(BEFORE)--> [EVENT_BEFORE_ACTUAL_POS] | [EVENT_BEFORE_ACTUAL_POS] --(BEFORE)--> [EVENT_BEFORE_ACTUAL_POS],IRM,BEFORE,étude,BEFORE,examen,BEFORE,PCR,BEFORE,TDM,BEFORE,biopsie,BEFORE,recherche
135,40,FR100614,[EVENT_BEFORE_ACTUAL_POS] --(BEFORE)--> [EVENT_BEFORE_ACTUAL_POS] | [EVENT_BEFORE_ACTUAL_POS] --(BEFORE)--> [EVENT_BEFORE_ACTUAL_POS] | [EVENT_BEFORE_ACTUAL_POS] --(BEFORE)--> [EVENT_BEFORE_ACTUAL_POS] | [EVENT_BEFORE_ACTUAL_POS] --(BEFORE)--> [EVENT_BEFORE_ACTUAL_POS] | [EVENT_BEFORE_ACTUAL_POS] --(BEFORE)--> [EVENT_BEFORE_ACTUAL_POS] | [EVENT_BEFORE_ACTUAL_POS] --(BEFORE)--> [EVENT_BEFORE_ACTUAL_POS],examen,BEFORE,échographique,BEFORE,tomodensitométrie,BEFORE,radiographie,BEFORE,taux,BEFORE,exploration,BEFORE,rupture
135,40,FR100620,[EVENT_BEFORE_ACTUAL_POS] --(BEFORE)--> [EVENT_BEFORE_ACTUAL_POS] | [EVENT_BEFORE_ACTUAL_POS] --(BEFORE)--> [EVENT_BEFORE_ACTUAL_POS] | [EVENT_BEFORE_ACTUAL_POS] --(BEFORE)--> [EVENT_BEFORE_ACTUAL_POS] | [EVENT_BEFORE_ACTUAL_POS] --(BEFORE)--> [EVENT_BEFORE_ACTUAL_POS] | [EVENT_BEFORE_ACTUAL_POS] --(BEFORE)--> [EVENT_BEFORE_ACTUAL_POS] | [EVENT_BEFORE_ACTUAL_POS] --(BEFORE)--> [EVENT_BEFORE_ACTUAL_POS],radiographie,BEFORE,drainage,BEFORE,radiographie,BEFORE,demandé,BEFORE,aspect,BEFORE,bronchoscopie,BEFORE,bilan
135,40,FR100623,[EVENT_BEFORE_ACTUAL_POS] --(BEFORE)--> [EVENT_BEFORE_ACTUAL_POS] | [EVENT_BEFORE_ACTUAL_POS] --(BEFORE)--> [EVENT_BEFORE_ACTUAL_POS] | [EVENT_BEFORE_ACTUAL_POS] --(BEFORE)--> [EVENT_BEFORE_ACTUAL_POS] | [EVENT_BEFORE_ACTUAL_POS] --(BEFORE)--> [EVENT_BEFORE_ACTUAL_POS] | [EVENT_BEFORE_ACTUAL_POS] --(BEFORE)--> [EVENT_BEFORE_ACTUAL_POS] | [EVENT_BEFORE_ACTUAL_POS] --(BEFORE)--> [EVENT_BEFORE_ACTUAL_POS],consulté,BEFORE,examen,BEFORE,échographie,BEFORE,tomodensitométrie,BEFORE,retenu,BEFORE,prise,BEFORE,analyse
135,40,FR100629,[EVENT_BEFORE_ACTUAL_POS] --(BEFORE)--> [EVENT_BEFORE_ACTUAL_POS] | [EVENT_BEFORE_ACTUAL_POS] --(BEFORE)--> [EVENT_BEFORE_ACTUAL_POS] | [EVENT_BEFORE_ACTUAL_POS] --(BEFORE)--> [EVENT_BEFORE_ACTUAL_POS] | [EVENT_BEFORE_ACTUAL_POS] --(BEFORE)--> [EVENT_BEFORE_ACTUAL_POS] | [EVENT_BEFORE_ACTUAL_POS] --(BEFORE)--> [EVENT_BEFORE_ACTUAL_POS] | [EVENT_BEFORE_ACTUAL_POS] --(BEFORE)--> [EVENT_BEFORE_ACTUAL_POS],examen,BEFORE,radiographie,BEFORE,thoracoscopie,BEFORE,marquage,BEFORE,bilan,BEFORE,décision,BEFORE,évolution
135,40,FR100632,[EVENT_BEFORE_ACTUAL_POS] --(BEFORE)--> [EVENT_BEFORE_ACTUAL_POS] | [EVENT_BEFORE_ACTUAL_POS] --(BEFORE)--> [EVENT_BEFORE_ACTUAL_POS] | [EVENT_BEFORE_ACTUAL_POS] --(BEFORE)--> [EVENT_BEFORE_ACTUAL_POS] | [EVENT_BEFORE_ACTUAL_POS] --(BEFORE)--> [EVENT_BEFORE_ACTUAL_POS] | [EVENT_BEFORE_ACTUAL_POS] --(BEFORE)--> [EVENT_BEFORE_ACTUAL_POS] | [EVENT_BEFORE_ACTUAL_POS] --(BEFORE)--> [EVENT_BEFORE_ACTUAL_POS],interrogatoire,BEFORE,examen,BEFORE,examen,BEFORE,IRM,BEFORE,IRM,BEFORE,étude,BEFORE,numération
135,40,FR100663,[EVENT_BEFORE_ACTUAL_POS] --(BEFORE)--> [EVENT_BEFORE_ACTUAL_POS] | [EVENT_BEFORE_ACTUAL_POS] --(BEFORE)--> [EVENT_BEFORE_ACTUAL_POS] | [EVENT_BEFORE_ACTUAL_POS] --(BEFORE)--> [EVENT_BEFORE_ACTUAL_POS] | [EVENT_BEFORE_ACTUAL_POS] --(BEFORE)--> [EVENT_BEFORE_ACTUAL_POS] | [EVENT_BEFORE_ACTUAL_POS] --(BEFORE)--> [EVENT_BEFORE_ACTUAL_POS] | [EVENT_BEFORE_ACTUAL_POS] --(BEFORE)--> [EVENT_BEFORE_ACTUAL_POS],ligature,BEFORE,incisée,BEFORE,vérifié,BEFORE,reprise,BEFORE,fermé,BEFORE,sortie,BEFORE,surveillance
135,40,FR100666,[EVENT_BEFORE_ACTUAL_POS] --(BEFORE)--> [EVENT_BEFORE_ACTUAL_POS] | [EVENT_BEFORE_ACTUAL_POS] --(BEFORE)--> [EVENT_BEFORE_ACTUAL_POS] | [EVENT_BEFORE_ACTUAL_POS] --(BEFORE)--> [EVENT_BEFORE_ACTUAL_POS] | [EVENT_BEFORE_ACTUAL_POS] --(BEFORE)--> [EVENT_BEFORE_ACTUAL_POS] | [EVENT_BEFORE_ACTUAL_POS] --(BEFORE)--> [EVENT_BEFORE_ACTUAL_POS] | [EVENT_BEFORE_ACTUAL_POS] --(BEFORE)--> [EVENT_BEFORE_ACTUAL_POS],étude,BEFORE,adressé,BEFORE,bilan,BEFORE,myologramme,BEFORE,bilan,BEFORE,classé,BEFORE,traitement
135,40,FR100683,[EVENT_BEFORE_ACTUAL_POS] --(BEFORE)--> [EVENT_BEFORE_ACTUAL_POS] | [EVENT_BEFORE_ACTUAL_POS] --(BEFORE)--> [EVENT_BEFORE_ACTUAL_POS] | [EVENT_BEFORE_ACTUAL_POS] --(BEFORE)--> [EVENT_BEFORE_ACTUAL_POS] | [EVENT_BEFORE_ACTUAL_POS] --(BEFORE)--> [EVENT_BEFORE_ACTUAL_POS] | [EVENT_BEFORE_ACTUAL_POS] --(BEFORE)--> [EVENT_BEFORE_ACTUAL_POS] | [EVENT_BEFORE_ACTUAL_POS] --(BEFORE)--> [EVENT_BEFORE_ACTUAL_POS],examen,BEFORE,exploration,BEFORE,exploration,BEFORE,IRM,BEFORE,écho-mammographie,BEFORE,osteodensitométrie,BEFORE,IRM
135,40,FR100688,[EVENT_BEFORE_ACTUAL_POS] --(BEFORE)--> [EVENT_BEFORE_ACTUAL_POS] | [EVENT_BEFORE_ACTUAL_POS] --(BEFORE)--> [EVENT_BEFORE_ACTUAL_POS] | [EVENT_BEFORE_ACTUAL_POS] --(BEFORE)--> [EVENT_BEFORE_ACTUAL_POS] | [EVENT_BEFORE_ACTUAL_POS] --(BEFORE)--> [EVENT_BEFORE_ACTUAL_POS] | [EVENT_BEFORE_ACTUAL_POS] --(BEFORE)--> [EVENT_BEFORE_ACTUAL_POS] | [EVENT_BEFORE_ACTUAL_POS] --(BEFORE)--> [EVENT_BEFORE_ACTUAL_POS],examen,BEFORE,examen,BEFORE,examen,BEFORE,sérologie,BEFORE,radiographie,BEFORE,échographie,BEFORE,radiographie
135,40,FR100689,[EVENT_BEFORE_ACTUAL_POS] --(BEFORE)--> [EVENT_BEFORE_ACTUAL_POS] | [EVENT_BEFORE_ACTUAL_POS] --(BEFORE)--> [EVENT_BEFORE_ACTUAL_POS] | [EVENT_BEFORE_ACTUAL_POS] --(BEFORE)--> [EVENT_BEFORE_ACTUAL_POS] | [EVENT_BEFORE_ACTUAL_POS] --(BEFORE)--> [EVENT_BEFORE_ACTUAL_POS] | [EVENT_BEFORE_ACTUAL_POS] --(BEFORE)--> [EVENT_BEFORE_ACTUAL_POS] | [EVENT_BEFORE_ACTUAL_POS] --(BEFORE)--> [EVENT_BEFORE_ACTUAL_POS],examen,BEFORE,PCR,BEFORE,scanner,BEFORE,hémogramme,BEFORE,ionogramme,BEFORE,examen,BEFORE,retenu
135,40,FR100697,[EVENT_BEFORE_ACTUAL_POS] --(BEFORE)--> [EVENT_BEFORE_ACTUAL_POS] | [EVENT_BEFORE_ACTUAL_POS] --(BEFORE)--> [EVENT_BEFORE_ACTUAL_POS] | [EVENT_BEFORE_ACTUAL_POS] --(BEFORE)--> [EVENT_BEFORE_ACTUAL_POS] | [EVENT_BEFORE_ACTUAL_POS] --(BEFORE)--> [EVENT_BEFORE_ACTUAL_POS] | [EVENT_BEFORE_ACTUAL_POS] --(BEFORE)--> [EVENT_BEFORE_ACTUAL_POS] | [EVENT_BEFORE_ACTUAL_POS] --(BEFORE)--> [EVENT_BEFORE_ACTUAL_POS],apparition,BEFORE,inspection,BEFORE,palpation,BEFORE,examen,BEFORE,mammographie,BEFORE,échographie,BEFORE,examen
135,40,FR100717,[EVENT_BEFORE_ACTUAL_POS] --(BEFORE)--> [EVENT_BEFORE_ACTUAL_POS] | [EVENT_BEFORE_ACTUAL_POS] --(BEFORE)--> [EVENT_BEFORE_ACTUAL_POS] | [EVENT_BEFORE_ACTUAL_POS] --(BEFORE)--> [EVENT_BEFORE_ACTUAL_POS] | [EVENT_BEFORE_ACTUAL_POS] --(BEFORE)--> [EVENT_BEFORE_ACTUAL_POS] | [EVENT_BEFORE_ACTUAL_POS] --(BEFORE)--> [EVENT_BEFORE_ACTUAL_POS] | [EVENT_BEFORE_ACTUAL_POS] --(BEFORE)--> [EVENT_BEFORE_ACTUAL_POS],consulté,BEFORE,traitement,BEFORE,examen,BEFORE,examens,BEFORE,scanner,BEFORE,IRM,BEFORE,laminectomie
135,40,FR100826,[EVENT_BEFORE_ACTUAL_POS] --(BEFORE)--> [EVENT_BEFORE_ACTUAL_POS] | [EVENT_BEFORE_ACTUAL_POS] --(BEFORE)--> [EVENT_BEFORE_ACTUAL_POS] | [EVENT_BEFORE_ACTUAL_POS] --(BEFORE)--> [EVENT_BEFORE_ACTUAL_POS] | [EVENT_BEFORE_ACTUAL_POS] --(BEFORE)--> [EVENT_BEFORE_ACTUAL_POS] | [EVENT_BEFORE_ACTUAL_POS] --(BEFORE)--> [EVENT_BEFORE_ACTUAL_POS] | [EVENT_BEFORE_ACTUAL_POS] --(BEFORE)--> [EVENT_BEFORE_ACTUAL_POS],admis,BEFORE,examen,BEFORE,bilan,BEFORE,bilan,BEFORE,retenue,BEFORE,exploration,BEFORE,suites
135,40,FR100845,[EVENT_BEFORE_ACTUAL_POS] --(BEFORE)--> [EVENT_BEFORE_ACTUAL_POS] | [EVENT_BEFORE_ACTUAL_POS] --(BEFORE)--> [EVENT_BEFORE_ACTUAL_POS] | [EVENT_BEFORE_ACTUAL_POS] --(BEFORE)--> [EVENT_BEFORE_ACTUAL_POS] | [EVENT_BEFORE_ACTUAL_POS] --(BEFORE)--> [EVENT_BEFORE_ACTUAL_POS] | [EVENT_BEFORE_ACTUAL_POS] --(BEFORE)--> [EVENT_BEFORE_ACTUAL_POS] | [EVENT_BEFORE_ACTUAL_POS] --(BEFORE)--> [EVENT_BEFORE_ACTUAL_POS],examen,BEFORE,échographie,BEFORE,radiographie,BEFORE,décision,BEFORE,extraction,BEFORE,examen,BEFORE,examinés
135,40,FR100870,[EVENT_BEFORE_ACTUAL_POS] --(BEFORE)--> [EVENT_BEFORE_ACTUAL_POS] | [EVENT_BEFORE_ACTUAL_POS] --(BEFORE)--> [EVENT_BEFORE_ACTUAL_POS] | [EVENT_BEFORE_ACTUAL_POS] --(BEFORE)--> [EVENT_BEFORE_ACTUAL_POS] | [EVENT_BEFORE_ACTUAL_POS] --(BEFORE)--> [EVENT_BEFORE_ACTUAL_POS] | [EVENT_BEFORE_ACTUAL_POS] --(BEFORE)--> [EVENT_BEFORE_ACTUAL_POS] | [EVENT_BEFORE_ACTUAL_POS] --(BEFORE)--> [EVENT_BEFORE_ACTUAL_POS],hémogramme,BEFORE,bilan,BEFORE,IRM,BEFORE,électrophorèse,BEFORE,immunosoustraction,BEFORE,immunofixation,BEFORE,bilan
135,40,FR100874,[EVENT_BEFORE_ACTUAL_POS] --(BEFORE)--> [EVENT_BEFORE_ACTUAL_POS] | [EVENT_BEFORE_ACTUAL_POS] --(BEFORE)--> [EVENT_BEFORE_ACTUAL_POS] | [EVENT_BEFORE_ACTUAL_POS] --(BEFORE)--> [EVENT_BEFORE_ACTUAL_POS] | [EVENT_BEFORE_ACTUAL_POS] --(BEFORE)--> [EVENT_BEFORE_ACTUAL_POS] | [EVENT_BEFORE_ACTUAL_POS] --(BEFORE)--> [EVENT_BEFORE_ACTUAL_POS] | [EVENT_BEFORE_ACTUAL_POS] --(BEFORE)--> [EVENT_BEFORE_ACTUAL_POS],fibroscopie,BEFORE,transit,BEFORE,tomodensitométrie,BEFORE,retenu,BEFORE,mise,BEFORE,diverticulectomie,BEFORE,décédée
135,40,FR100882,[EVENT_BEFORE_ACTUAL_POS] --(BEFORE)--> [EVENT_BEFORE_ACTUAL_POS] | [EVENT_BEFORE_ACTUAL_POS] --(BEFORE)--> [EVENT_BEFORE_ACTUAL_POS] | [EVENT_BEFORE_ACTUAL_POS] --(BEFORE)--> [EVENT_BEFORE_ACTUAL_POS] | [EVENT_BEFORE_ACTUAL_POS] --(BEFORE)--> [EVENT_BEFORE_ACTUAL_POS] | [EVENT_BEFORE_ACTUAL_POS] --(BEFORE)--> [EVENT_BEFORE_ACTUAL_POS] | [EVENT_BEFORE_ACTUAL_POS] --(BEFORE)--> [EVENT_BEFORE_ACTUAL_POS],examen,BEFORE,conclu,BEFORE,IRM,BEFORE,scanner,BEFORE,laminectomie,BEFORE,Imagerie,BEFORE,bilan
135,40,FR100903,[EVENT_BEFORE_ACTUAL_POS] --(BEFORE)--> [EVENT_BEFORE_ACTUAL_POS] | [EVENT_BEFORE_ACTUAL_POS] --(BEFORE)--> [EVENT_BEFORE_ACTUAL_POS] | [EVENT_BEFORE_ACTUAL_POS] --(BEFORE)--> [EVENT_BEFORE_ACTUAL_POS] | [EVENT_BEFORE_ACTUAL_POS] --(BEFORE)--> [EVENT_BEFORE_ACTUAL_POS] | [EVENT_BEFORE_ACTUAL_POS] --(BEFORE)--> [EVENT_BEFORE_ACTUAL_POS] | [EVENT_BEFORE_ACTUAL_POS] --(BEFORE)--> [EVENT_BEFORE_ACTUAL_POS],échographie,BEFORE,IRM,BEFORE,diagnostic,BEFORE,écarté,BEFORE,contrôles,BEFORE,accouchement,BEFORE,décédé
135,40,FR100946,[EVENT_BEFORE_ACTUAL_POS] --(BEFORE)--> [EVENT_BEFORE_ACTUAL_POS] | [EVENT_BEFORE_ACTUAL_POS] --(BEFORE)--> [EVENT_BEFORE_ACTUAL_POS] | [EVENT_BEFORE_ACTUAL_POS] --(BEFORE)--> [EVENT_BEFORE_ACTUAL_POS] | [EVENT_BEFORE_ACTUAL_POS] --(BEFORE)--> [EVENT_BEFORE_ACTUAL_POS] | [EVENT_BEFORE_ACTUAL_POS] --(BEFORE)--> [EVENT_BEFORE_ACTUAL_POS] | [EVENT_BEFORE_ACTUAL_POS] --(BEFORE)--> [EVENT_BEFORE_ACTUAL_POS],examen,BEFORE,IRM,BEFORE,analyse,BEFORE,mise,BEFORE,analyse,BEFORE,mise,BEFORE,arrêt
135,40,FR100996,[EVENT_BEFORE_ACTUAL_POS] --(BEFORE)--> [EVENT_BEFORE_ACTUAL_POS] | [EVENT_BEFORE_ACTUAL_POS] --(BEFORE)--> [EVENT_BEFORE_ACTUAL_POS] | [EVENT_BEFORE_ACTUAL_POS] --(BEFORE)--> [EVENT_BEFORE_ACTUAL_POS] | [EVENT_BEFORE_ACTUAL_POS] --(BEFORE)--> [EVENT_BEFORE_ACTUAL_POS] | [EVENT_BEFORE_ACTUAL_POS] --(BEFORE)--> [EVENT_BEFORE_ACTUAL_POS] | [EVENT_BEFORE_ACTUAL_POS] --(BEFORE)--> [EVENT_BEFORE_ACTUAL_POS],consulté,BEFORE,examen,BEFORE,tomodensitométrie,BEFORE,injection,BEFORE,retenu,BEFORE,chirurgical,BEFORE,suites
194,40,FR100120,[EVENT_BEFORE_ACTUAL_POS] --(BEFORE)--> [EVENT_BEFORE_ACTUAL_POS] | [EVENT_BEFORE_ACTUAL_POS] --(BEFORE)--> [EVENT_BEFORE_ACTUAL_POS] | [EVENT_BEFORE_ACTUAL_POS] --(BEFORE)--> [EVENT_BEFORE_ACTUAL_POS],rattaché,BEFORE,traitement,BEFORE,sailli,[RETOUR],traitement,BEFORE,retirées,,,,
194,40,FR100130,[EVENT_BEFORE_ACTUAL_POS] --(BEFORE)--> [EVENT_BEFORE_ACTUAL_POS] | [EVENT_BEFORE_ACTUAL_POS] --(BEFORE)--> [EVENT_BEFORE_ACTUAL_POS] | [EVENT_BEFORE_ACTUAL_POS] --(BEFORE)--> [EVENT_BEFORE_ACTUAL_POS],biologie,BEFORE,glycémie,BEFORE,confirmé,[RETOUR],glycémie,BEFORE,bilan,,,,
194,40,FR100142,[EVENT_BEFORE_ACTUAL_POS] --(BEFORE)--> [EVENT_BEFORE_ACTUAL_POS] | [EVENT_BEFORE_ACTUAL_POS] --(BEFORE)--> [EVENT_BEFORE_ACTUAL_POS] | [EVENT_BEFORE_ACTUAL_POS] --(BEFORE)--> [EVENT_BEFORE_ACTUAL_POS],scanner,BEFORE,fibroscopie,BEFORE,colonoscopie,[RETOUR],fibroscopie,BEFORE,biopsie,,,,
194,40,FR100161,[EVENT_BEFORE_ACTUAL_POS] --(BEFORE)--> [EVENT_BEFORE_ACTUAL_POS] | [EVENT_BEFORE_ACTUAL_POS] --(BEFORE)--> [EVENT_BEFORE_ACTUAL_POS] | [EVENT_BEFORE_ACTUAL_POS] --(BEFORE)--> [EVENT_BEFORE_ACTUAL_POS],complément,BEFORE,cortisol,BEFORE,cortisol,[RETOUR],cortisol,BEFORE,exérèse,,,,
194,40,FR100255,[EVENT_BEFORE_ACTUAL_POS] --(BEFORE)--> [EVENT_BEFORE_ACTUAL_POS] | [EVENT_BEFORE_ACTUAL_POS] --(BEFORE)--> [EVENT_BEFORE_ACTUAL_POS] | [EVENT_BEFORE_ACTUAL_POS] --(BEFORE)--> [EVENT_BEFORE_ACTUAL_POS],échographie,BEFORE,mise,BEFORE,traitement,[RETOUR],mise,BEFORE,traitement,,,,
194,40,FR100275,[EVENT_BEFORE_ACTUAL_POS] --(BEFORE)--> [EVENT_BEFORE_ACTUAL_POS] | [EVENT_BEFORE_ACTUAL_POS] --(BEFORE)--> [EVENT_BEFORE_ACTUAL_POS] | [EVENT_BEFORE_ACTUAL_POS] --(BEFORE)--> [EVENT_BEFORE_ACTUAL_POS],établi,BEFORE,manœuvres,BEFORE,retour,[RETOUR],manœuvres,BEFORE,reprise,,,,
194,40,FR100360,[EVENT_BEFORE_ACTUAL_POS] --(BEFORE)--> [EVENT_BEFORE_ACTUAL_POS] | [EVENT_BEFORE_ACTUAL_POS] --(BEFORE)--> [EVENT_BEFORE_ACTUAL_POS] | [EVENT_BEFORE_ACTUAL_POS] --(BEFORE)--> [EVENT_BEFORE_ACTUAL_POS],complément,BEFORE,biopsie,BEFORE,tomodensitométrie,[RETOUR],biopsie,BEFORE,étude,,,,
194,40,FR100361,[EVENT_BEFORE_ACTUAL_POS] --(BEFORE)--> [EVENT_BEFORE_ACTUAL_POS] | [EVENT_BEFORE_ACTUAL_POS] --(BEFORE)--> [EVENT_BEFORE_ACTUAL_POS] | [EVENT_BEFORE_ACTUAL_POS] --(BEFORE)--> [EVENT_BEFORE_ACTUAL_POS],TDM,BEFORE,ponction,BEFORE,examen,[RETOUR],ponction,BEFORE,étude,,,,
194,40,FR100371,[EVENT_BEFORE_ACTUAL_POS] --(BEFORE)--> [EVENT_BEFORE_ACTUAL_POS] | [EVENT_BEFORE_ACTUAL_POS] --(BEFORE)--> [EVENT_BEFORE_ACTUAL_POS] | [EVENT_BEFORE_ACTUAL_POS] --(BEFORE)--> [EVENT_BEFORE_ACTUAL_POS],fixation,BEFORE,envoyée,BEFORE,examen,[RETOUR],envoyée,BEFORE,résultat,,,,
194,40,FR100400,[EVENT_BEFORE_ACTUAL_POS] --(BEFORE)--> [EVENT_BEFORE_ACTUAL_POS] | [EVENT_BEFORE_ACTUAL_POS] --(BEFORE)--> [EVENT_BEFORE_ACTUAL_POS] | [EVENT_BEFORE_ACTUAL_POS] --(BEFORE)--> [EVENT_BEFORE_ACTUAL_POS],stérilisation,BEFORE,résection,BEFORE,drainage,[RETOUR],résection,BEFORE,suites,,,,
194,40,FR100439,[EVENT_BEFORE_ACTUAL_POS] --(BEFORE)--> [EVENT_BEFORE_ACTUAL_POS] | [EVENT_BEFORE_ACTUAL_POS] --(BEFORE)--> [EVENT_BEFORE_ACTUAL_POS] | [EVENT_BEFORE_ACTUAL_POS] --(BEFORE)--> [EVENT_BEFORE_ACTUAL_POS],établie,BEFORE,demandée,BEFORE,examen,[RETOUR],demandée,BEFORE,déterminer,,,,
194,40,FR100480,[EVENT_BEFORE_ACTUAL_POS] --(BEFORE)--> [EVENT_BEFORE_ACTUAL_POS] | [EVENT_BEFORE_ACTUAL_POS] --(BEFORE)--> [EVENT_BEFORE_ACTUAL_POS] | [EVENT_BEFORE_ACTUAL_POS] --(BEFORE)--> [EVENT_BEFORE_ACTUAL_POS],installation,BEFORE,bilan,BEFORE,analyse,[RETOUR],bilan,BEFORE,biopsie,,,,
194,40,FR100510,[EVENT_BEFORE_ACTUAL_POS] --(BEFORE)--> [EVENT_BEFORE_ACTUAL_POS] | [EVENT_BEFORE_ACTUAL_POS] --(BEFORE)--> [EVENT_BEFORE_ACTUAL_POS] | [EVENT_BEFORE_ACTUAL_POS] --(BEFORE)--> [EVENT_BEFORE_ACTUAL_POS],biopsie,BEFORE,décision,BEFORE,intervention,[RETOUR],décision,BEFORE,exerce,,,,
194,40,FR100515,[EVENT_BEFORE_ACTUAL_POS] --(BEFORE)--> [EVENT_BEFORE_ACTUAL_POS] | [EVENT_BEFORE_ACTUAL_POS] --(BEFORE)--> [EVENT_BEFORE_ACTUAL_POS] | [EVENT_BEFORE_ACTUAL_POS] --(BEFORE)--> [EVENT_BEFORE_ACTUAL_POS],bilan,BEFORE,prescrits,BEFORE,évolution,[RETOUR],prescrits,BEFORE,méthotrexate,,,,
194,40,FR100517,[EVENT_BEFORE_ACTUAL_POS] --(BEFORE)--> [EVENT_BEFORE_ACTUAL_POS] | [EVENT_BEFORE_ACTUAL_POS] --(BEFORE)--> [EVENT_BEFORE_ACTUAL_POS] | [EVENT_BEFORE_ACTUAL_POS] --(BEFORE)--> [EVENT_BEFORE_ACTUAL_POS],tomodensitométrie,BEFORE,instauré,BEFORE,remise,[RETOUR],instauré,BEFORE,évolution,,,,
194,40,FR100579,[EVENT_BEFORE_ACTUAL_POS] --(BEFORE)--> [EVENT_BEFORE_ACTUAL_POS] | [EVENT_BEFORE_ACTUAL_POS] --(BEFORE)--> [EVENT_BEFORE_ACTUAL_POS] | [EVENT_BEFORE_ACTUAL_POS] --(BEFORE)--> [EVENT_BEFORE_ACTUAL_POS],échocardiographie,BEFORE,bilan,BEFORE,recherche,[RETOUR],bilan,BEFORE,étude,,,,
194,40,FR100589,[EVENT_BEFORE_ACTUAL_POS] --(BEFORE)--> [EVENT_BEFORE_ACTUAL_POS] | [EVENT_BEFORE_ACTUAL_POS] --(BEFORE)--> [EVENT_BEFORE_ACTUAL_POS] | [EVENT_BEFORE_ACTUAL_POS] --(BEFORE)--> [EVENT_BEFORE_ACTUAL_POS],bilan,BEFORE,caryotype,BEFORE,sérologie,[RETOUR],caryotype,BEFORE,biopsie,,,,
194,40,FR100597,[EVENT_BEFORE_ACTUAL_POS] --(BEFORE)--> [EVENT_BEFORE_ACTUAL_POS] | [EVENT_BEFORE_ACTUAL_POS] --(BEFORE)--> [EVENT_BEFORE_ACTUAL_POS] | [EVENT_BEFORE_ACTUAL_POS] --(BEFORE)--> [EVENT_BEFORE_ACTUAL_POS],évoqué,BEFORE,fibroscopie,BEFORE,coloscopie,[RETOUR],fibroscopie,BEFORE,marqueurs,,,,
194,40,FR100611,[EVENT_BEFORE_ACTUAL_POS] --(BEFORE)--> [EVENT_BEFORE_ACTUAL_POS] | [EVENT_BEFORE_ACTUAL_POS] --(BEFORE)--> [EVENT_BEFORE_ACTUAL_POS] | [EVENT_BEFORE_ACTUAL_POS] --(BEFORE)--> [EVENT_BEFORE_ACTUAL_POS],étude,BEFORE,examen,BEFORE,cultures,[RETOUR],examen,BEFORE,PCR,,,,
194,40,FR100614,[EVENT_BEFORE_ACTUAL_POS] --(BEFORE)--> [EVENT_BEFORE_ACTUAL_POS] | [EVENT_BEFORE_ACTUAL_POS] --(BEFORE)--> [EVENT_BEFORE_ACTUAL_POS] | [EVENT_BEFORE_ACTUAL_POS] --(BEFORE)--> [EVENT_BEFORE_ACTUAL_POS],tomodensitométrie,BEFORE,radiographie,BEFORE,taux,[RETOUR],radiographie,BEFORE,échographie,,,,
194,40,FR100620,[EVENT_BEFORE_ACTUAL_POS] --(BEFORE)--> [EVENT_BEFORE_ACTUAL_POS] | [EVENT_BEFORE_ACTUAL_POS] --(BEFORE)--> [EVENT_BEFORE_ACTUAL_POS] | [EVENT_BEFORE_ACTUAL_POS] --(BEFORE)--> [EVENT_BEFORE_ACTUAL_POS],radiographie,BEFORE,demandé,BEFORE,complément,[RETOUR],demandé,BEFORE,aspect,,,,
194,40,FR100623,[EVENT_BEFORE_ACTUAL_POS] --(BEFORE)--> [EVENT_BEFORE_ACTUAL_POS] | [EVENT_BEFORE_ACTUAL_POS] --(BEFORE)--> [EVENT_BEFORE_ACTUAL_POS] | [EVENT_BEFORE_ACTUAL_POS] --(BEFORE)--> [EVENT_BEFORE_ACTUAL_POS],consulté,BEFORE,examen,BEFORE,bilan,[RETOUR],examen,BEFORE,échographie,,,,
194,40,FR100629,[EVENT_BEFORE_ACTUAL_POS] --(BEFORE)--> [EVENT_BEFORE_ACTUAL_POS] | [EVENT_BEFORE_ACTUAL_POS] --(BEFORE)--> [EVENT_BEFORE_ACTUAL_POS] | [EVENT_BEFORE_ACTUAL_POS] --(BEFORE)--> [EVENT_BEFORE_ACTUAL_POS],thoracoscopie,BEFORE,marquage,BEFORE,étude,[RETOUR],marquage,BEFORE,bilan,,,,
194,40,FR100632,[EVENT_BEFORE_ACTUAL_POS] --(BEFORE)--> [EVENT_BEFORE_ACTUAL_POS] | [EVENT_BEFORE_ACTUAL_POS] --(BEFORE)--> [EVENT_BEFORE_ACTUAL_POS] | [EVENT_BEFORE_ACTUAL_POS] --(BEFORE)--> [EVENT_BEFORE_ACTUAL_POS],étude,BEFORE,radiographie,BEFORE,tomodensitométrie,[RETOUR],radiographie,BEFORE,examen,,,,
194,40,FR100658,[EVENT_BEFORE_ACTUAL_POS] --(BEFORE)--> [EVENT_BEFORE_ACTUAL_POS] | [EVENT_BEFORE_ACTUAL_POS] --(BEFORE)--> [EVENT_BEFORE_ACTUAL_POS] | [EVENT_BEFORE_ACTUAL_POS] --(BEFORE)--> [EVENT_BEFORE_ACTUAL_POS],noté,BEFORE,fin,BEFORE,administration,[RETOUR],fin,BEFORE,arrêt,,,,
194,40,FR100663,[EVENT_BEFORE_ACTUAL_POS] --(BEFORE)--> [EVENT_BEFORE_ACTUAL_POS] | [EVENT_BEFORE_ACTUAL_POS] --(BEFORE)--> [EVENT_BEFORE_ACTUAL_POS] | [EVENT_BEFORE_ACTUAL_POS] --(BEFORE)--> [EVENT_BEFORE_ACTUAL_POS],incisée,BEFORE,vérifié,BEFORE,reprise,[RETOUR],vérifié,BEFORE,assuré,,,,
194,40,FR100683,[EVENT_BEFORE_ACTUAL_POS] --(BEFORE)--> [EVENT_BEFORE_ACTUAL_POS] | [EVENT_BEFORE_ACTUAL_POS] --(BEFORE)--> [EVENT_BEFORE_ACTUAL_POS] | [EVENT_BEFORE_ACTUAL_POS] --(BEFORE)--> [EVENT_BEFORE_ACTUAL_POS],écho-mammographie,BEFORE,osteodensitométrie,BEFORE,IRM,[RETOUR],osteodensitométrie,BEFORE,traitée,,,,
194,40,FR100688,[EVENT_BEFORE_ACTUAL_POS] --(BEFORE)--> [EVENT_BEFORE_ACTUAL_POS] | [EVENT_BEFORE_ACTUAL_POS] --(BEFORE)--> [EVENT_BEFORE_ACTUAL_POS] | [EVENT_BEFORE_ACTUAL_POS] --(BEFORE)--> [EVENT_BEFORE_ACTUAL_POS],examen,BEFORE,sérologie,BEFORE,recherche,[RETOUR],sérologie,BEFORE,radiographie,,,,
194,40,FR100689,[EVENT_BEFORE_ACTUAL_POS] --(BEFORE)--> [EVENT_BEFORE_ACTUAL_POS] | [EVENT_BEFORE_ACTUAL_POS] --(BEFORE)--> [EVENT_BEFORE_ACTUAL_POS] | [EVENT_BEFORE_ACTUAL_POS] --(BEFORE)--> [EVENT_BEFORE_ACTUAL_POS],examen,BEFORE,retenu,BEFORE,évolution,[RETOUR],retenu,BEFORE,traitement,,,,
194,40,FR100697,[EVENT_BEFORE_ACTUAL_POS] --(BEFORE)--> [EVENT_BEFORE_ACTUAL_POS] | [EVENT_BEFORE_ACTUAL_POS] --(BEFORE)--> [EVENT_BEFORE_ACTUAL_POS] | [EVENT_BEFORE_ACTUAL_POS] --(BEFORE)--> [EVENT_BEFORE_ACTUAL_POS],palpation,BEFORE,examen,BEFORE,reste,[RETOUR],examen,BEFORE,mammographie,,,,
194,40,FR100708,[EVENT_BEFORE_ACTUAL_POS] --(BEFORE)--> [EVENT_BEFORE_ACTUAL_POS] | [EVENT_BEFORE_ACTUAL_POS] --(BEFORE)--> [EVENT_BEFORE_ACTUAL_POS] | [EVENT_BEFORE_ACTUAL_POS] --(BEFORE)--> [EVENT_BEFORE_ACTUAL_POS],échographie,BEFORE,ponction,BEFORE,redémarré,[RETOUR],ponction,BEFORE,étude,,,,
194,40,FR100806,[EVENT_BEFORE_ACTUAL_POS] --(BEFORE)--> [EVENT_BEFORE_ACTUAL_POS] | [EVENT_BEFORE_ACTUAL_POS] --(BEFORE)--> [EVENT_BEFORE_ACTUAL_POS] | [EVENT_BEFORE_ACTUAL_POS] --(BEFORE)--> [EVENT_BEFORE_ACTUAL_POS],biologie,BEFORE,hospitalisée,BEFORE,hémodialyse,[RETOUR],hospitalisée,BEFORE,transfusion,,,,
194,40,FR100845,[EVENT_BEFORE_ACTUAL_POS] --(BEFORE)--> [EVENT_BEFORE_ACTUAL_POS] | [EVENT_BEFORE_ACTUAL_POS] --(BEFORE)--> [EVENT_BEFORE_ACTUAL_POS] | [EVENT_BEFORE_ACTUAL_POS] --(BEFORE)--> [EVENT_BEFORE_ACTUAL_POS],décision,BEFORE,extraction,BEFORE,examen,[RETOUR],extraction,BEFORE,Apgar,,,,
194,40,FR100849,[EVENT_BEFORE_ACTUAL_POS] --(BEFORE)--> [EVENT_BEFORE_ACTUAL_POS] | [EVENT_BEFORE_ACTUAL_POS] --(BEFORE)--> [EVENT_BEFORE_ACTUAL_POS] | [EVENT_BEFORE_ACTUAL_POS] --(BEFORE)--> [EVENT_BEFORE_ACTUAL_POS],tomodensitométrie,BEFORE,acheminé,BEFORE,suites,[RETOUR],acheminé,BEFORE,découverte,,,,
194,40,FR100870,[EVENT_BEFORE_ACTUAL_POS] --(BEFORE)--> [EVENT_BEFORE_ACTUAL_POS] | [EVENT_BEFORE_ACTUAL_POS] --(BEFORE)--> [EVENT_BEFORE_ACTUAL_POS] | [EVENT_BEFORE_ACTUAL_POS] --(BEFORE)--> [EVENT_BEFORE_ACTUAL_POS],immunofixation,BEFORE,bilan,BEFORE,fonction,[RETOUR],bilan,BEFORE,B2,,,,
194,40,FR100882,[EVENT_BEFORE_ACTUAL_POS] --(BEFORE)--> [EVENT_BEFORE_ACTUAL_POS] | [EVENT_BEFORE_ACTUAL_POS] --(BEFORE)--> [EVENT_BEFORE_ACTUAL_POS] | [EVENT_BEFORE_ACTUAL_POS] --(BEFORE)--> [EVENT_BEFORE_ACTUAL_POS],prise,BEFORE,laminectomie,BEFORE,suites,[RETOUR],laminectomie,BEFORE,Imagerie,,,,
194,40,FR100883,[EVENT_BEFORE_ACTUAL_POS] --(BEFORE)--> [EVENT_BEFORE_ACTUAL_POS] | [EVENT_BEFORE_ACTUAL_POS] --(BEFORE)--> [EVENT_BEFORE_ACTUAL_POS] | [EVENT_BEFORE_ACTUAL_POS] --(BEFORE)--> [EVENT_BEFORE_ACTUAL_POS],biopsie,BEFORE,bilan,BEFORE,reçu,[RETOUR],bilan,BEFORE,sérologie,,,,
194,40,FR100894,[EVENT_BEFORE_ACTUAL_POS] --(BEFORE)--> [EVENT_BEFORE_ACTUAL_POS] | [EVENT_BEFORE_ACTUAL_POS] --(BEFORE)--> [EVENT_BEFORE_ACTUAL_POS] | [EVENT_BEFORE_ACTUAL_POS] --(BEFORE)--> [EVENT_BEFORE_ACTUAL_POS],prescrit,BEFORE,rejoint,BEFORE,trajet,[RETOUR],rejoint,BEFORE,reçu,,,,
194,40,FR100903,[EVENT_BEFORE_ACTUAL_POS] --(BEFORE)--> [EVENT_BEFORE_ACTUAL_POS] | [EVENT_BEFORE_ACTUAL_POS] --(BEFORE)--> [EVENT_BEFORE_ACTUAL_POS] | [EVENT_BEFORE_ACTUAL_POS] --(BEFORE)--> [EVENT_BEFORE_ACTUAL_POS],diagnostic,BEFORE,écarté,BEFORE,contrôles,[RETOUR],écarté,BEFORE,réfléchir,,,,
194,40,FR100946,[EVENT_BEFORE_ACTUAL_POS] --(BEFORE)--> [EVENT_BEFORE_ACTUAL_POS] | [EVENT_BEFORE_ACTUAL_POS] --(BEFORE)--> [EVENT_BEFORE_ACTUAL_POS] | [EVENT_BEFORE_ACTUAL_POS] --(BEFORE)--> [EVENT_BEFORE_ACTUAL_POS],analyse,BEFORE,mise,BEFORE,arrêt,[RETOUR],mise,BEFORE,récupération,,,,
215,40,FR100003,[EVENT_BEFORE_ACTUAL_POS] --(BEFORE)--> [EVENT_BEFORE_ACTUAL_POS] | [EVENT_BEFORE_ACTUAL_POS] --(SIMULTANEOUS)--> [EVENT_BEFORE_ACTUAL_POS],drainage,BEFORE,traitement,SIMULTANEOUS,nécessaire,,,,,,,,
215,40,FR100120,[EVENT_BEFORE_ACTUAL_POS] --(BEFORE)--> [EVENT_BEFORE_ACTUAL_POS] | [EVENT_BEFORE_ACTUAL_POS] --(SIMULTANEOUS)--> [EVENT_BEFORE_ACTUAL_POS],reste,BEFORE,traitement,SIMULTANEOUS,inefficace,,,,,,,,
215,40,FR100130,[EVENT_BEFORE_ACTUAL_POS] --(BEFORE)--> [EVENT_BEFORE_ACTUAL_POS] | [EVENT_BEFORE_ACTUAL_POS] --(SIMULTANEOUS)--> [EVENT_BEFORE_ACTUAL_POS],administrées,BEFORE,reçu,SIMULTANEOUS,cures,,,,,,,,
215,40,FR100142,[EVENT_BEFORE_ACTUAL_POS] --(BEFORE)--> [EVENT_BEFORE_ACTUAL_POS] | [EVENT_BEFORE_ACTUAL_POS] --(SIMULTANEOUS)--> [EVENT_BEFORE_ACTUAL_POS],mis,BEFORE,évolution,SIMULTANEOUS,favorable,,,,,,,,
215,40,FR100161,[EVENT_BEFORE_ACTUAL_POS] --(BEFORE)--> [EVENT_BEFORE_ACTUAL_POS] | [EVENT_BEFORE_ACTUAL_POS] --(SIMULTANEOUS)--> [EVENT_BEFORE_ACTUAL_POS],cortisol,BEFORE,exérèse,SIMULTANEOUS,laparotomie,,,,,,,,
215,40,FR100168,[EVENT_BEFORE_ACTUAL_POS] --(BEFORE)--> [EVENT_BEFORE_ACTUAL_POS] | [EVENT_BEFORE_ACTUAL_POS] --(SIMULTANEOUS)--> [EVENT_BEFORE_ACTUAL_POS],administrées,BEFORE,suites,SIMULTANEOUS,simples,,,,,,,,
215,40,FR100275,[EVENT_BEFORE_ACTUAL_POS] --(BEFORE)--> [EVENT_BEFORE_ACTUAL_POS] | [EVENT_BEFORE_ACTUAL_POS] --(SIMULTANEOUS)--> [EVENT_BEFORE_ACTUAL_POS],pris,BEFORE,trouvée,SIMULTANEOUS,découverte,,,,,,,,
215,40,FR100276,[EVENT_BEFORE_ACTUAL_POS] --(BEFORE)--> [EVENT_BEFORE_ACTUAL_POS] | [EVENT_BEFORE_ACTUAL_POS] --(SIMULTANEOUS)--> [EVENT_BEFORE_ACTUAL_POS],bilan,BEFORE,régression,SIMULTANEOUS,rapide,,,,,,,,
215,40,FR100282,[EVENT_BEFORE_ACTUAL_POS] --(BEFORE)--> [EVENT_BEFORE_ACTUAL_POS] | [EVENT_BEFORE_ACTUAL_POS] --(SIMULTANEOUS)--> [EVENT_BEFORE_ACTUAL_POS],monothérapie,BEFORE,multithérapie,SIMULTANEOUS,administrée,,,,,,,,
215,40,FR100283,[EVENT_BEFORE_ACTUAL_POS] --(BEFORE)--> [EVENT_BEFORE_ACTUAL_POS] | [EVENT_BEFORE_ACTUAL_POS] --(SIMULTANEOUS)--> [EVENT_BEFORE_ACTUAL_POS],traitement,BEFORE,évolution,SIMULTANEOUS,favorable,,,,,,,,
215,40,FR100296,[EVENT_BEFORE_ACTUAL_POS] --(BEFORE)--> [EVENT_BEFORE_ACTUAL_POS] | [EVENT_BEFORE_ACTUAL_POS] --(SIMULTANEOUS)--> [EVENT_BEFORE_ACTUAL_POS],fenestration,BEFORE,suites,SIMULTANEOUS,simples,,,,,,,,
215,40,FR100344,[EVENT_BEFORE_ACTUAL_POS] --(BEFORE)--> [EVENT_BEFORE_ACTUAL_POS] | [EVENT_BEFORE_ACTUAL_POS] --(SIMULTANEOUS)--> [EVENT_BEFORE_ACTUAL_POS],contrôle,BEFORE,échographies,SIMULTANEOUS,difficiles,,,,,,,,
215,40,FR100346,[EVENT_BEFORE_ACTUAL_POS] --(BEFORE)--> [EVENT_BEFORE_ACTUAL_POS] | [EVENT_BEFORE_ACTUAL_POS] --(SIMULTANEOUS)--> [EVENT_BEFORE_ACTUAL_POS],gazométrie,BEFORE,reste,SIMULTANEOUS,normal,,,,,,,,
215,40,FR100361,[EVENT_BEFORE_ACTUAL_POS] --(BEFORE)--> [EVENT_BEFORE_ACTUAL_POS] | [EVENT_BEFORE_ACTUAL_POS] --(SIMULTANEOUS)--> [EVENT_BEFORE_ACTUAL_POS],culture,BEFORE,protéine,SIMULTANEOUS,CRP,,,,,,,,
215,40,FR100371,[EVENT_BEFORE_ACTUAL_POS] --(BEFORE)--> [EVENT_BEFORE_ACTUAL_POS] | [EVENT_BEFORE_ACTUAL_POS] --(SIMULTANEOUS)--> [EVENT_BEFORE_ACTUAL_POS],incision,BEFORE,suite,SIMULTANEOUS,simple,,,,,,,,
215,40,FR100400,[EVENT_BEFORE_ACTUAL_POS] --(BEFORE)--> [EVENT_BEFORE_ACTUAL_POS] | [EVENT_BEFORE_ACTUAL_POS] --(SIMULTANEOUS)--> [EVENT_BEFORE_ACTUAL_POS],résection,BEFORE,suites,SIMULTANEOUS,favorables,,,,,,,,
215,40,FR100439,[EVENT_BEFORE_ACTUAL_POS] --(BEFORE)--> [EVENT_BEFORE_ACTUAL_POS] | [EVENT_BEFORE_ACTUAL_POS] --(SIMULTANEOUS)--> [EVENT_BEFORE_ACTUAL_POS],classée,BEFORE,bénéficier,SIMULTANEOUS,traitement,,,,,,,,
215,40,FR100515,[EVENT_BEFORE_ACTUAL_POS] --(BEFORE)--> [EVENT_BEFORE_ACTUAL_POS] | [EVENT_BEFORE_ACTUAL_POS] --(SIMULTANEOUS)--> [EVENT_BEFORE_ACTUAL_POS],résistance,BEFORE,évolution,SIMULTANEOUS,spectaculaire,,,,,,,,
215,40,FR100517,[EVENT_BEFORE_ACTUAL_POS] --(BEFORE)--> [EVENT_BEFORE_ACTUAL_POS] | [EVENT_BEFORE_ACTUAL_POS] --(SIMULTANEOUS)--> [EVENT_BEFORE_ACTUAL_POS],instauré,BEFORE,évolution,SIMULTANEOUS,favorable,,,,,,,,
215,40,FR100519,[EVENT_BEFORE_ACTUAL_POS] --(BEFORE)--> [EVENT_BEFORE_ACTUAL_POS] | [EVENT_BEFORE_ACTUAL_POS] --(SIMULTANEOUS)--> [EVENT_BEFORE_ACTUAL_POS],transfusion,BEFORE,tomodensitométrie,SIMULTANEOUS,TDM,,,,,,,,
215,40,FR100597,[EVENT_BEFORE_ACTUAL_POS] --(BEFORE)--> [EVENT_BEFORE_ACTUAL_POS] | [EVENT_BEFORE_ACTUAL_POS] --(SIMULTANEOUS)--> [EVENT_BEFORE_ACTUAL_POS],échographie,BEFORE,complété,SIMULTANEOUS,scanner,,,,,,,,
215,40,FR100603,[EVENT_BEFORE_ACTUAL_POS] --(BEFORE)--> [EVENT_BEFORE_ACTUAL_POS] | [EVENT_BEFORE_ACTUAL_POS] --(SIMULTANEOUS)--> [EVENT_BEFORE_ACTUAL_POS],hémocultures,BEFORE,évolution,SIMULTANEOUS,favorable,,,,,,,,
215,40,FR100614,[EVENT_BEFORE_ACTUAL_POS] --(BEFORE)--> [EVENT_BEFORE_ACTUAL_POS] | [EVENT_BEFORE_ACTUAL_POS] --(SIMULTANEOUS)--> [EVENT_BEFORE_ACTUAL_POS],rupture,BEFORE,intervention,SIMULTANEOUS,mesures,,,,,,,,
215,40,FR100629,[EVENT_BEFORE_ACTUAL_POS] --(BEFORE)--> [EVENT_BEFORE_ACTUAL_POS] | [EVENT_BEFORE_ACTUAL_POS] --(SIMULTANEOUS)--> [EVENT_BEFORE_ACTUAL_POS],radiographie,BEFORE,TDM,SIMULTANEOUS,tomodensitométrie,,,,,,,,
215,40,FR100658,[EVENT_BEFORE_ACTUAL_POS] --(BEFORE)--> [EVENT_BEFORE_ACTUAL_POS] | [EVENT_BEFORE_ACTUAL_POS] --(SIMULTANEOUS)--> [EVENT_BEFORE_ACTUAL_POS],fin,BEFORE,décurarisation,SIMULTANEOUS,rapide,,,,,,,,
215,40,FR100688,[EVENT_BEFORE_ACTUAL_POS] --(BEFORE)--> [EVENT_BEFORE_ACTUAL_POS] | [EVENT_BEFORE_ACTUAL_POS] --(SIMULTANEOUS)--> [EVENT_BEFORE_ACTUAL_POS],traitement,BEFORE,évolution,SIMULTANEOUS,favorable,,,,,,,,
215,40,FR100689,[EVENT_BEFORE_ACTUAL_POS] --(BEFORE)--> [EVENT_BEFORE_ACTUAL_POS] | [EVENT_BEFORE_ACTUAL_POS] --(SIMULTANEOUS)--> [EVENT_BEFORE_ACTUAL_POS],traitement,BEFORE,bithérapie,SIMULTANEOUS,traitement,,,,,,,,
215,40,FR100717,[EVENT_BEFORE_ACTUAL_POS] --(BEFORE)--> [EVENT_BEFORE_ACTUAL_POS] | [EVENT_BEFORE_ACTUAL_POS] --(SIMULTANEOUS)--> [EVENT_BEFORE_ACTUAL_POS],exploration,BEFORE,suites,SIMULTANEOUS,simples,,,,,,,,
215,40,FR100748,[EVENT_BEFORE_ACTUAL_POS] --(BEFORE)--> [EVENT_BEFORE_ACTUAL_POS] | [EVENT_BEFORE_ACTUAL_POS] --(SIMULTANEOUS)--> [EVENT_BEFORE_ACTUAL_POS],préparation,BEFORE,salle,SIMULTANEOUS,intervention,,,,,,,,
215,40,FR100780,[EVENT_BEFORE_ACTUAL_POS] --(BEFORE)--> [EVENT_BEFORE_ACTUAL_POS] | [EVENT_BEFORE_ACTUAL_POS] --(SIMULTANEOUS)--> [EVENT_BEFORE_ACTUAL_POS],geste,BEFORE,geste,SIMULTANEOUS,grossesse,,,,,,,,
215,40,FR100806,[EVENT_BEFORE_ACTUAL_POS] --(BEFORE)--> [EVENT_BEFORE_ACTUAL_POS] | [EVENT_BEFORE_ACTUAL_POS] --(SIMULTANEOUS)--> [EVENT_BEFORE_ACTUAL_POS],examen,BEFORE,suites,SIMULTANEOUS,simples,,,,,,,,
215,40,FR100826,[EVENT_BEFORE_ACTUAL_POS] --(BEFORE)--> [EVENT_BEFORE_ACTUAL_POS] | [EVENT_BEFORE_ACTUAL_POS] --(SIMULTANEOUS)--> [EVENT_BEFORE_ACTUAL_POS],exploration,BEFORE,suites,SIMULTANEOUS,simples,,,,,,,,
215,40,FR100845,[EVENT_BEFORE_ACTUAL_POS] --(BEFORE)--> [EVENT_BEFORE_ACTUAL_POS] | [EVENT_BEFORE_ACTUAL_POS] --(SIMULTANEOUS)--> [EVENT_BEFORE_ACTUAL_POS],informé,BEFORE,décision,SIMULTANEOUS,césarisée,,,,,,,,
215,40,FR100849,[EVENT_BEFORE_ACTUAL_POS] --(BEFORE)--> [EVENT_BEFORE_ACTUAL_POS] | [EVENT_BEFORE_ACTUAL_POS] --(SIMULTANEOUS)--> [EVENT_BEFORE_ACTUAL_POS],acheminé,BEFORE,suites,SIMULTANEOUS,simples,,,,,,,,
215,40,FR100870,[EVENT_BEFORE_ACTUAL_POS] --(BEFORE)--> [EVENT_BEFORE_ACTUAL_POS] | [EVENT_BEFORE_ACTUAL_POS] --(SIMULTANEOUS)--> [EVENT_BEFORE_ACTUAL_POS],admis,BEFORE,imagerie,SIMULTANEOUS,IRM,,,,,,,,
215,40,FR100882,[EVENT_BEFORE_ACTUAL_POS] --(BEFORE)--> [EVENT_BEFORE_ACTUAL_POS] | [EVENT_BEFORE_ACTUAL_POS] --(SIMULTANEOUS)--> [EVENT_BEFORE_ACTUAL_POS],laminectomie,BEFORE,Imagerie,SIMULTANEOUS,IRM,,,,,,,,
215,40,FR100894,[EVENT_BEFORE_ACTUAL_POS] --(BEFORE)--> [EVENT_BEFORE_ACTUAL_POS] | [EVENT_BEFORE_ACTUAL_POS] --(SIMULTANEOUS)--> [EVENT_BEFORE_ACTUAL_POS],incision,BEFORE,immobilisé,SIMULTANEOUS,plâtre,,,,,,,,
215,40,FR100921,[EVENT_BEFORE_ACTUAL_POS] --(BEFORE)--> [EVENT_BEFORE_ACTUAL_POS] | [EVENT_BEFORE_ACTUAL_POS] --(SIMULTANEOUS)--> [EVENT_BEFORE_ACTUAL_POS],imagerie,BEFORE,exérèse,SIMULTANEOUS,exérèse,,,,,,,,
215,40,FR100932,[EVENT_BEFORE_ACTUAL_POS] --(BEFORE)--> [EVENT_BEFORE_ACTUAL_POS] | [EVENT_BEFORE_ACTUAL_POS] --(SIMULTANEOUS)--> [EVENT_BEFORE_ACTUAL_POS],mise,BEFORE,imagerie,SIMULTANEOUS,IRM,,,,,,,,
215,40,FR100959,[EVENT_BEFORE_ACTUAL_POS] --(BEFORE)--> [EVENT_BEFORE_ACTUAL_POS] | [EVENT_BEFORE_ACTUAL_POS] --(SIMULTANEOUS)--> [EVENT_BEFORE_ACTUAL_POS],œsophagoscopie,BEFORE,Transit,SIMULTANEOUS,TOGD,,,,,,,,
