ID_Motif,Support,Document,Structure_Abstraite,Exemples_du_Texte
14,73,FR100003,[EVENT_BEFORE_ACTUAL_POS] --(CONTAINS)--> [EVENT_BEFORE_ACTUAL_POS] | [EVENT_BEFORE_ACTUAL_POS] --(BEFORE)--> [EVENT_BEFORE_ACTUAL_POS],"""mixte"" --(CONTAINS)--> ""examen"" | ""examen"" --(BEFORE)--> ""antibiothérapie"""
14,73,FR100078,[EVENT_BEFORE_ACTUAL_POS] --(CONTAINS)--> [EVENT_BEFORE_ACTUAL_POS] | [EVENT_BEFORE_ACTUAL_POS] --(BEFORE)--> [EVENT_BEFORE_ACTUAL_POS],"""pus"" --(CONTAINS)--> ""diagnostic"" | ""diagnostic"" --(BEFORE)--> ""traitements"""
14,73,FR100092,[EVENT_BEFORE_ACTUAL_POS] --(CONTAINS)--> [EVENT_BEFORE_ACTUAL_POS] | [EVENT_BEFORE_ACTUAL_POS] --(BEFORE)--> [EVENT_BEFORE_ACTUAL_POS],"""conjonctives"" --(CONTAINS)--> ""examen"" | ""examen"" --(BEFORE)--> ""examen"""
14,73,FR100120,[EVENT_BEFORE_ACTUAL_POS] --(CONTAINS)--> [EVENT_BEFORE_ACTUAL_POS] | [EVENT_BEFORE_ACTUAL_POS] --(BEFORE)--> [EVENT_BEFORE_ACTUAL_POS],"""examen"" --(CONTAINS)--> ""reste"" | ""reste"" --(BEFORE)--> ""traitement"""
14,73,FR100130,[EVENT_BEFORE_ACTUAL_POS] --(CONTAINS)--> [EVENT_BEFORE_ACTUAL_POS] | [EVENT_BEFORE_ACTUAL_POS] --(BEFORE)--> [EVENT_BEFORE_ACTUAL_POS],"""marqueurs"" --(CONTAINS)--> ""bilan"" | ""bilan"" --(BEFORE)--> ""suspectée"""
14,73,FR100132,[EVENT_BEFORE_ACTUAL_POS] --(CONTAINS)--> [EVENT_BEFORE_ACTUAL_POS] | [EVENT_BEFORE_ACTUAL_POS] --(BEFORE)--> [EVENT_BEFORE_ACTUAL_POS],"""examen"" --(CONTAINS)--> ""palpation"" | ""palpation"" --(BEFORE)--> ""histologie"""
14,73,FR100142,[EVENT_BEFORE_ACTUAL_POS] --(CONTAINS)--> [EVENT_BEFORE_ACTUAL_POS] | [EVENT_BEFORE_ACTUAL_POS] --(BEFORE)--> [EVENT_BEFORE_ACTUAL_POS],"""lésions"" --(CONTAINS)--> ""examen"" | ""examen"" --(BEFORE)--> ""électrophorèse"""
14,73,FR100161,[EVENT_BEFORE_ACTUAL_POS] --(CONTAINS)--> [EVENT_BEFORE_ACTUAL_POS] | [EVENT_BEFORE_ACTUAL_POS] --(BEFORE)--> [EVENT_BEFORE_ACTUAL_POS],"""sérologie"" --(CONTAINS)--> ""examens"" | ""examens"" --(BEFORE)--> ""radiographie"""
14,73,FR100168,[EVENT_BEFORE_ACTUAL_POS] --(CONTAINS)--> [EVENT_BEFORE_ACTUAL_POS] | [EVENT_BEFORE_ACTUAL_POS] --(BEFORE)--> [EVENT_BEFORE_ACTUAL_POS],"""hémoglobine"" --(CONTAINS)--> ""bilan"" | ""bilan"" --(BEFORE)--> ""tests"""
14,73,FR100185,[EVENT_BEFORE_ACTUAL_POS] --(CONTAINS)--> [EVENT_BEFORE_ACTUAL_POS] | [EVENT_BEFORE_ACTUAL_POS] --(BEFORE)--> [EVENT_BEFORE_ACTUAL_POS],"""abolition"" --(CONTAINS)--> ""Electromyogramme"" | ""Electromyogramme"" --(BEFORE)--> ""IRM"""
14,73,FR100255,[EVENT_BEFORE_ACTUAL_POS] --(CONTAINS)--> [EVENT_BEFORE_ACTUAL_POS] | [EVENT_BEFORE_ACTUAL_POS] --(BEFORE)--> [EVENT_BEFORE_ACTUAL_POS],"""fréquence"" --(CONTAINS)--> ""examen"" | ""examen"" --(BEFORE)--> ""examen"""
14,73,FR100275,[EVENT_BEFORE_ACTUAL_POS] --(CONTAINS)--> [EVENT_BEFORE_ACTUAL_POS] | [EVENT_BEFORE_ACTUAL_POS] --(BEFORE)--> [EVENT_BEFORE_ACTUAL_POS],"""mort"" --(CONTAINS)--> ""établi"" | ""établi"" --(BEFORE)--> ""manœuvres"""
14,73,FR100276,[EVENT_BEFORE_ACTUAL_POS] --(CONTAINS)--> [EVENT_BEFORE_ACTUAL_POS] | [EVENT_BEFORE_ACTUAL_POS] --(BEFORE)--> [EVENT_BEFORE_ACTUAL_POS],"""grossesse"" --(CONTAINS)--> ""posé"" | ""posé"" --(BEFORE)--> ""application"""
14,73,FR100282,[EVENT_BEFORE_ACTUAL_POS] --(CONTAINS)--> [EVENT_BEFORE_ACTUAL_POS] | [EVENT_BEFORE_ACTUAL_POS] --(BEFORE)--> [EVENT_BEFORE_ACTUAL_POS],"""tracé"" --(CONTAINS)--> ""électroencéphalogramme"" | ""électroencéphalogramme"" --(BEFORE)--> ""scanner"""
14,73,FR100283,[EVENT_BEFORE_ACTUAL_POS] --(CONTAINS)--> [EVENT_BEFORE_ACTUAL_POS] | [EVENT_BEFORE_ACTUAL_POS] --(BEFORE)--> [EVENT_BEFORE_ACTUAL_POS],"""syndrome"" --(CONTAINS)--> ""bilan"" | ""bilan"" --(BEFORE)--> ""IRM"""
14,73,FR100296,[EVENT_BEFORE_ACTUAL_POS] --(CONTAINS)--> [EVENT_BEFORE_ACTUAL_POS] | [EVENT_BEFORE_ACTUAL_POS] --(BEFORE)--> [EVENT_BEFORE_ACTUAL_POS],"""émergence"" --(CONTAINS)--> ""fenestration"" | ""fenestration"" --(BEFORE)--> ""suites"""
14,73,FR100314,[EVENT_BEFORE_ACTUAL_POS] --(CONTAINS)--> [EVENT_BEFORE_ACTUAL_POS] | [EVENT_BEFORE_ACTUAL_POS] --(BEFORE)--> [EVENT_BEFORE_ACTUAL_POS],"""fracture"" --(CONTAINS)--> ""bilan"" | ""bilan"" --(BEFORE)--> ""drainage"""
14,73,FR100344,[EVENT_BEFORE_ACTUAL_POS] --(CONTAINS)--> [EVENT_BEFORE_ACTUAL_POS] | [EVENT_BEFORE_ACTUAL_POS] --(BEFORE)--> [EVENT_BEFORE_ACTUAL_POS],"""insuffisance"" --(CONTAINS)--> ""développé"" | ""développé"" --(BEFORE)--> ""suivie"""
14,73,FR100346,[EVENT_BEFORE_ACTUAL_POS] --(CONTAINS)--> [EVENT_BEFORE_ACTUAL_POS] | [EVENT_BEFORE_ACTUAL_POS] --(BEFORE)--> [EVENT_BEFORE_ACTUAL_POS],"""lésions"" --(CONTAINS)--> ""angioscanner"" | ""angioscanner"" --(BEFORE)--> ""echo-dopler"""
14,73,FR100360,[EVENT_BEFORE_ACTUAL_POS] --(CONTAINS)--> [EVENT_BEFORE_ACTUAL_POS] | [EVENT_BEFORE_ACTUAL_POS] --(BEFORE)--> [EVENT_BEFORE_ACTUAL_POS],"""adénocarcinome"" --(CONTAINS)--> ""examen"" | ""examen"" --(BEFORE)--> ""curage"""
14,73,FR100361,[EVENT_BEFORE_ACTUAL_POS] --(CONTAINS)--> [EVENT_BEFORE_ACTUAL_POS] | [EVENT_BEFORE_ACTUAL_POS] --(BEFORE)--> [EVENT_BEFORE_ACTUAL_POS],"""méningo-vascularite"" --(CONTAINS)--> ""diagnostic"" | ""diagnostic"" --(BEFORE)--> ""traitement"""
14,73,FR100371,[EVENT_BEFORE_ACTUAL_POS] --(CONTAINS)--> [EVENT_BEFORE_ACTUAL_POS] | [EVENT_BEFORE_ACTUAL_POS] --(BEFORE)--> [EVENT_BEFORE_ACTUAL_POS],"""taux"" --(CONTAINS)--> ""bilan"" | ""bilan"" --(BEFORE)--> ""bilan"""
14,73,FR100400,[EVENT_BEFORE_ACTUAL_POS] --(CONTAINS)--> [EVENT_BEFORE_ACTUAL_POS] | [EVENT_BEFORE_ACTUAL_POS] --(BEFORE)--> [EVENT_BEFORE_ACTUAL_POS],"""lésion"" --(CONTAINS)--> ""échographie"" | ""échographie"" --(BEFORE)--> ""scanner"""
14,73,FR100439,[EVENT_BEFORE_ACTUAL_POS] --(CONTAINS)--> [EVENT_BEFORE_ACTUAL_POS] | [EVENT_BEFORE_ACTUAL_POS] --(BEFORE)--> [EVENT_BEFORE_ACTUAL_POS],"""disparition"" --(CONTAINS)--> ""nasofibroscopie"" | ""nasofibroscopie"" --(BEFORE)--> ""contrôles"""
14,73,FR100448,[EVENT_BEFORE_ACTUAL_POS] --(CONTAINS)--> [EVENT_BEFORE_ACTUAL_POS] | [EVENT_BEFORE_ACTUAL_POS] --(BEFORE)--> [EVENT_BEFORE_ACTUAL_POS],"""foyer"" --(CONTAINS)--> ""scanner"" | ""scanner"" --(BEFORE)--> ""débutée"""
14,73,FR100453,[EVENT_BEFORE_ACTUAL_POS] --(CONTAINS)--> [EVENT_BEFORE_ACTUAL_POS] | [EVENT_BEFORE_ACTUAL_POS] --(BEFORE)--> [EVENT_BEFORE_ACTUAL_POS],"""hypertrophie"" --(CONTAINS)--> ""radiographies"" | ""radiographies"" --(BEFORE)--> ""porté"""
14,73,FR100480,[EVENT_BEFORE_ACTUAL_POS] --(CONTAINS)--> [EVENT_BEFORE_ACTUAL_POS] | [EVENT_BEFORE_ACTUAL_POS] --(BEFORE)--> [EVENT_BEFORE_ACTUAL_POS],"""nodules"" --(CONTAINS)--> ""Tomographie"" | ""Tomographie"" --(BEFORE)--> ""reprise"""
14,73,FR100510,[EVENT_BEFORE_ACTUAL_POS] --(CONTAINS)--> [EVENT_BEFORE_ACTUAL_POS] | [EVENT_BEFORE_ACTUAL_POS] --(BEFORE)--> [EVENT_BEFORE_ACTUAL_POS],"""limitation"" --(CONTAINS)--> ""examen"" | ""examen"" --(BEFORE)--> ""radiographie"""
14,73,FR100515,[EVENT_BEFORE_ACTUAL_POS] --(CONTAINS)--> [EVENT_BEFORE_ACTUAL_POS] | [EVENT_BEFORE_ACTUAL_POS] --(BEFORE)--> [EVENT_BEFORE_ACTUAL_POS],"""atteinte"" --(CONTAINS)--> ""testing"" | ""testing"" --(BEFORE)--> ""électromyogramme"""
14,73,FR100517,[EVENT_BEFORE_ACTUAL_POS] --(CONTAINS)--> [EVENT_BEFORE_ACTUAL_POS] | [EVENT_BEFORE_ACTUAL_POS] --(BEFORE)--> [EVENT_BEFORE_ACTUAL_POS],"""opacités"" --(CONTAINS)--> ""tomodensitométrie"" | ""tomodensitométrie"" --(BEFORE)--> ""instauré"""
14,73,FR100519,[EVENT_BEFORE_ACTUAL_POS] --(CONTAINS)--> [EVENT_BEFORE_ACTUAL_POS] | [EVENT_BEFORE_ACTUAL_POS] --(BEFORE)--> [EVENT_BEFORE_ACTUAL_POS],"""déglobulisation"" --(CONTAINS)--> ""hémogramme"" | ""hémogramme"" --(BEFORE)--> ""remplissage"""
14,73,FR100579,[EVENT_BEFORE_ACTUAL_POS] --(CONTAINS)--> [EVENT_BEFORE_ACTUAL_POS] | [EVENT_BEFORE_ACTUAL_POS] --(BEFORE)--> [EVENT_BEFORE_ACTUAL_POS],"""processus"" --(CONTAINS)--> ""échocardiographie"" | ""échocardiographie"" --(BEFORE)--> ""bilan"""
14,73,FR100589,[EVENT_BEFORE_ACTUAL_POS] --(CONTAINS)--> [EVENT_BEFORE_ACTUAL_POS] | [EVENT_BEFORE_ACTUAL_POS] --(BEFORE)--> [EVENT_BEFORE_ACTUAL_POS],"""syndrome"" --(CONTAINS)--> ""Cytométrie"" | ""Cytométrie"" --(BEFORE)--> ""biopsie"""
14,73,FR100597,[EVENT_BEFORE_ACTUAL_POS] --(CONTAINS)--> [EVENT_BEFORE_ACTUAL_POS] | [EVENT_BEFORE_ACTUAL_POS] --(BEFORE)--> [EVENT_BEFORE_ACTUAL_POS],"""consultation"" --(CONTAINS)--> ""examen"" | ""examen"" --(BEFORE)--> ""examen"""
14,73,FR100603,[EVENT_BEFORE_ACTUAL_POS] --(CONTAINS)--> [EVENT_BEFORE_ACTUAL_POS] | [EVENT_BEFORE_ACTUAL_POS] --(BEFORE)--> [EVENT_BEFORE_ACTUAL_POS],"""staphylococcus"" --(CONTAINS)--> ""hémocultures"" | ""hémocultures"" --(BEFORE)--> ""évolution"""
14,73,FR100611,[EVENT_BEFORE_ACTUAL_POS] --(CONTAINS)--> [EVENT_BEFORE_ACTUAL_POS] | [EVENT_BEFORE_ACTUAL_POS] --(BEFORE)--> [EVENT_BEFORE_ACTUAL_POS],"""syndrome"" --(CONTAINS)--> ""examen"" | ""examen"" --(BEFORE)--> ""IRM"""
14,73,FR100614,[EVENT_BEFORE_ACTUAL_POS] --(CONTAINS)--> [EVENT_BEFORE_ACTUAL_POS] | [EVENT_BEFORE_ACTUAL_POS] --(BEFORE)--> [EVENT_BEFORE_ACTUAL_POS],"""kyste"" --(CONTAINS)--> ""exploration"" | ""exploration"" --(BEFORE)--> ""rupture"""
14,73,FR100620,[EVENT_BEFORE_ACTUAL_POS] --(CONTAINS)--> [EVENT_BEFORE_ACTUAL_POS] | [EVENT_BEFORE_ACTUAL_POS] --(BEFORE)--> [EVENT_BEFORE_ACTUAL_POS],"""conservation"" --(CONTAINS)--> ""présenté"" | ""présenté"" --(BEFORE)--> ""examen"""
14,73,FR100623,[EVENT_BEFORE_ACTUAL_POS] --(CONTAINS)--> [EVENT_BEFORE_ACTUAL_POS] | [EVENT_BEFORE_ACTUAL_POS] --(BEFORE)--> [EVENT_BEFORE_ACTUAL_POS],"""douleur"" --(CONTAINS)--> ""consulté"" | ""consulté"" --(BEFORE)--> ""examen"""
14,73,FR100629,[EVENT_BEFORE_ACTUAL_POS] --(CONTAINS)--> [EVENT_BEFORE_ACTUAL_POS] | [EVENT_BEFORE_ACTUAL_POS] --(BEFORE)--> [EVENT_BEFORE_ACTUAL_POS],"""métastases"" --(CONTAINS)--> ""bilan"" | ""bilan"" --(BEFORE)--> ""décision"""
14,73,FR100632,[EVENT_BEFORE_ACTUAL_POS] --(CONTAINS)--> [EVENT_BEFORE_ACTUAL_POS] | [EVENT_BEFORE_ACTUAL_POS] --(BEFORE)--> [EVENT_BEFORE_ACTUAL_POS],"""apyrétique"" --(CONTAINS)--> ""examen"" | ""examen"" --(BEFORE)--> ""examen"""
14,73,FR100658,[EVENT_BEFORE_ACTUAL_POS] --(CONTAINS)--> [EVENT_BEFORE_ACTUAL_POS] | [EVENT_BEFORE_ACTUAL_POS] --(BEFORE)--> [EVENT_BEFORE_ACTUAL_POS],"""apyrétique"" --(CONTAINS)--> ""examen"" | ""examen"" --(BEFORE)--> ""laryngoscopie"""
14,73,FR100663,[EVENT_BEFORE_ACTUAL_POS] --(CONTAINS)--> [EVENT_BEFORE_ACTUAL_POS] | [EVENT_BEFORE_ACTUAL_POS] --(BEFORE)--> [EVENT_BEFORE_ACTUAL_POS],"""stable"" --(CONTAINS)--> ""examen"" | ""examen"" --(BEFORE)--> ""examen"""
14,73,FR100666,[EVENT_BEFORE_ACTUAL_POS] --(CONTAINS)--> [EVENT_BEFORE_ACTUAL_POS] | [EVENT_BEFORE_ACTUAL_POS] --(BEFORE)--> [EVENT_BEFORE_ACTUAL_POS],"""asymétrie"" --(CONTAINS)--> ""examen"" | ""examen"" --(BEFORE)--> ""examen"""
14,73,FR100683,[EVENT_BEFORE_ACTUAL_POS] --(CONTAINS)--> [EVENT_BEFORE_ACTUAL_POS] | [EVENT_BEFORE_ACTUAL_POS] --(BEFORE)--> [EVENT_BEFORE_ACTUAL_POS],"""pouls"" --(CONTAINS)--> ""examen"" | ""examen"" --(BEFORE)--> ""exploration"""
14,73,FR100688,[EVENT_BEFORE_ACTUAL_POS] --(CONTAINS)--> [EVENT_BEFORE_ACTUAL_POS] | [EVENT_BEFORE_ACTUAL_POS] --(BEFORE)--> [EVENT_BEFORE_ACTUAL_POS],"""indice"" --(CONTAINS)--> ""examen"" | ""examen"" --(BEFORE)--> ""examen"""
14,73,FR100689,[EVENT_BEFORE_ACTUAL_POS] --(CONTAINS)--> [EVENT_BEFORE_ACTUAL_POS] | [EVENT_BEFORE_ACTUAL_POS] --(BEFORE)--> [EVENT_BEFORE_ACTUAL_POS],"""foyers"" --(CONTAINS)--> ""scanner"" | ""scanner"" --(BEFORE)--> ""hémogramme"""
14,73,FR100697,[EVENT_BEFORE_ACTUAL_POS] --(CONTAINS)--> [EVENT_BEFORE_ACTUAL_POS] | [EVENT_BEFORE_ACTUAL_POS] --(BEFORE)--> [EVENT_BEFORE_ACTUAL_POS],"""surcroît"" --(CONTAINS)--> ""mammographie"" | ""mammographie"" --(BEFORE)--> ""échographie"""
14,73,FR100708,[EVENT_BEFORE_ACTUAL_POS] --(CONTAINS)--> [EVENT_BEFORE_ACTUAL_POS] | [EVENT_BEFORE_ACTUAL_POS] --(BEFORE)--> [EVENT_BEFORE_ACTUAL_POS],"""augmentation"" --(CONTAINS)--> ""constaté"" | ""constaté"" --(BEFORE)--> ""consulté"""
14,73,FR100717,[EVENT_BEFORE_ACTUAL_POS] --(CONTAINS)--> [EVENT_BEFORE_ACTUAL_POS] | [EVENT_BEFORE_ACTUAL_POS] --(BEFORE)--> [EVENT_BEFORE_ACTUAL_POS],"""Lasègue"" --(CONTAINS)--> ""examen"" | ""examen"" --(BEFORE)--> ""examens"""
14,73,FR100748,[EVENT_BEFORE_ACTUAL_POS] --(CONTAINS)--> [EVENT_BEFORE_ACTUAL_POS] | [EVENT_BEFORE_ACTUAL_POS] --(BEFORE)--> [EVENT_BEFORE_ACTUAL_POS],"""intervention"" --(CONTAINS)--> ""mobilisation"" | ""mobilisation"" --(BEFORE)--> ""suites"""
14,73,FR100766,[EVENT_BEFORE_ACTUAL_POS] --(CONTAINS)--> [EVENT_BEFORE_ACTUAL_POS] | [EVENT_BEFORE_ACTUAL_POS] --(BEFORE)--> [EVENT_BEFORE_ACTUAL_POS],"""opéré"" --(CONTAINS)--> ""amputation"" | ""amputation"" --(BEFORE)--> ""décision"""
14,73,FR100780,[EVENT_BEFORE_ACTUAL_POS] --(CONTAINS)--> [EVENT_BEFORE_ACTUAL_POS] | [EVENT_BEFORE_ACTUAL_POS] --(BEFORE)--> [EVENT_BEFORE_ACTUAL_POS],"""poids"" --(CONTAINS)--> ""examen"" | ""examen"" --(BEFORE)--> ""toucher"""
14,73,FR100806,[EVENT_BEFORE_ACTUAL_POS] --(CONTAINS)--> [EVENT_BEFORE_ACTUAL_POS] | [EVENT_BEFORE_ACTUAL_POS] --(BEFORE)--> [EVENT_BEFORE_ACTUAL_POS],"""plaquettes"" --(CONTAINS)--> ""bilan"" | ""bilan"" --(BEFORE)--> ""récupération"""
14,73,FR100814,[EVENT_BEFORE_ACTUAL_POS] --(CONTAINS)--> [EVENT_BEFORE_ACTUAL_POS] | [EVENT_BEFORE_ACTUAL_POS] --(BEFORE)--> [EVENT_BEFORE_ACTUAL_POS],"""processus"" --(CONTAINS)--> ""IRM"" | ""IRM"" --(BEFORE)--> ""diagnostic"""
14,73,FR100826,[EVENT_BEFORE_ACTUAL_POS] --(CONTAINS)--> [EVENT_BEFORE_ACTUAL_POS] | [EVENT_BEFORE_ACTUAL_POS] --(BEFORE)--> [EVENT_BEFORE_ACTUAL_POS],"""présence"" --(CONTAINS)--> ""retenue"" | ""retenue"" --(BEFORE)--> ""exploration"""
14,73,FR100845,[EVENT_BEFORE_ACTUAL_POS] --(CONTAINS)--> [EVENT_BEFORE_ACTUAL_POS] | [EVENT_BEFORE_ACTUAL_POS] --(BEFORE)--> [EVENT_BEFORE_ACTUAL_POS],"""eupnéique"" --(CONTAINS)--> ""examen"" | ""examen"" --(BEFORE)--> ""examen"""
14,73,FR100849,[EVENT_BEFORE_ACTUAL_POS] --(CONTAINS)--> [EVENT_BEFORE_ACTUAL_POS] | [EVENT_BEFORE_ACTUAL_POS] --(BEFORE)--> [EVENT_BEFORE_ACTUAL_POS],"""IMC"" --(CONTAINS)--> ""admission"" | ""admission"" --(BEFORE)--> ""tomodensitométrie"""
14,73,FR100870,[EVENT_BEFORE_ACTUAL_POS] --(CONTAINS)--> [EVENT_BEFORE_ACTUAL_POS] | [EVENT_BEFORE_ACTUAL_POS] --(BEFORE)--> [EVENT_BEFORE_ACTUAL_POS],"""apparition"" --(CONTAINS)--> ""retenu"" | ""retenu"" --(BEFORE)--> ""radiothérapie"""
14,73,FR100874,[EVENT_BEFORE_ACTUAL_POS] --(CONTAINS)--> [EVENT_BEFORE_ACTUAL_POS] | [EVENT_BEFORE_ACTUAL_POS] --(BEFORE)--> [EVENT_BEFORE_ACTUAL_POS],"""diverticule"" --(CONTAINS)--> ""retenu"" | ""retenu"" --(BEFORE)--> ""mise"""
14,73,FR100882,[EVENT_BEFORE_ACTUAL_POS] --(CONTAINS)--> [EVENT_BEFORE_ACTUAL_POS] | [EVENT_BEFORE_ACTUAL_POS] --(BEFORE)--> [EVENT_BEFORE_ACTUAL_POS],"""signe"" --(CONTAINS)--> ""examen"" | ""examen"" --(BEFORE)--> ""examen"""
14,73,FR100883,[EVENT_BEFORE_ACTUAL_POS] --(CONTAINS)--> [EVENT_BEFORE_ACTUAL_POS] | [EVENT_BEFORE_ACTUAL_POS] --(BEFORE)--> [EVENT_BEFORE_ACTUAL_POS],"""admission"" --(CONTAINS)--> ""TDM"" | ""TDM"" --(BEFORE)--> ""biopsie"""
14,73,FR100894,[EVENT_BEFORE_ACTUAL_POS] --(CONTAINS)--> [EVENT_BEFORE_ACTUAL_POS] | [EVENT_BEFORE_ACTUAL_POS] --(BEFORE)--> [EVENT_BEFORE_ACTUAL_POS],"""incision"" --(CONTAINS)--> ""décompression"" | ""décompression"" --(BEFORE)--> ""palpation"""
14,73,FR100903,[EVENT_BEFORE_ACTUAL_POS] --(CONTAINS)--> [EVENT_BEFORE_ACTUAL_POS] | [EVENT_BEFORE_ACTUAL_POS] --(BEFORE)--> [EVENT_BEFORE_ACTUAL_POS],"""syndrome"" --(CONTAINS)--> ""IRM"" | ""IRM"" --(BEFORE)--> ""diagnostic"""
14,73,FR100919,[EVENT_BEFORE_ACTUAL_POS] --(CONTAINS)--> [EVENT_BEFORE_ACTUAL_POS] | [EVENT_BEFORE_ACTUAL_POS] --(BEFORE)--> [EVENT_BEFORE_ACTUAL_POS],"""prise"" --(CONTAINS)--> ""considérée"" | ""considérée"" --(BEFORE)--> ""écarter"""
14,73,FR100921,[EVENT_BEFORE_ACTUAL_POS] --(CONTAINS)--> [EVENT_BEFORE_ACTUAL_POS] | [EVENT_BEFORE_ACTUAL_POS] --(BEFORE)--> [EVENT_BEFORE_ACTUAL_POS],"""signe"" --(CONTAINS)--> ""palpation"" | ""palpation"" --(BEFORE)--> ""imagerie"""
14,73,FR100925,[EVENT_BEFORE_ACTUAL_POS] --(CONTAINS)--> [EVENT_BEFORE_ACTUAL_POS] | [EVENT_BEFORE_ACTUAL_POS] --(BEFORE)--> [EVENT_BEFORE_ACTUAL_POS],"""évolution"" --(CONTAINS)--> ""apparition"" | ""apparition"" --(BEFORE)--> ""retenue"""
14,73,FR100944,[EVENT_BEFORE_ACTUAL_POS] --(CONTAINS)--> [EVENT_BEFORE_ACTUAL_POS] | [EVENT_BEFORE_ACTUAL_POS] --(BEFORE)--> [EVENT_BEFORE_ACTUAL_POS],"""végétations"" --(CONTAINS)--> ""échocardiographique"" | ""échocardiographique"" --(BEFORE)--> ""remplacement"""
14,73,FR100946,[EVENT_BEFORE_ACTUAL_POS] --(CONTAINS)--> [EVENT_BEFORE_ACTUAL_POS] | [EVENT_BEFORE_ACTUAL_POS] --(BEFORE)--> [EVENT_BEFORE_ACTUAL_POS],"""tuberculome"" --(CONTAINS)--> ""analyse"" | ""analyse"" --(BEFORE)--> ""mise"""
14,73,FR100959,[EVENT_BEFORE_ACTUAL_POS] --(CONTAINS)--> [EVENT_BEFORE_ACTUAL_POS] | [EVENT_BEFORE_ACTUAL_POS] --(BEFORE)--> [EVENT_BEFORE_ACTUAL_POS],"""admis"" --(CONTAINS)--> ""œsophagoscopie"" | ""œsophagoscopie"" --(BEFORE)--> ""Transit"""
14,73,FR100979,[EVENT_BEFORE_ACTUAL_POS] --(CONTAINS)--> [EVENT_BEFORE_ACTUAL_POS] | [EVENT_BEFORE_ACTUAL_POS] --(BEFORE)--> [EVENT_BEFORE_ACTUAL_POS],"""grossesse"" --(CONTAINS)--> ""admise"" | ""admise"" --(BEFORE)--> ""accident"""
14,73,FR100996,[EVENT_BEFORE_ACTUAL_POS] --(CONTAINS)--> [EVENT_BEFORE_ACTUAL_POS] | [EVENT_BEFORE_ACTUAL_POS] --(BEFORE)--> [EVENT_BEFORE_ACTUAL_POS],"""masse"" --(CONTAINS)--> ""examen"" | ""examen"" --(BEFORE)--> ""tomodensitométrie"""
14,73,FR100998,[EVENT_BEFORE_ACTUAL_POS] --(CONTAINS)--> [EVENT_BEFORE_ACTUAL_POS] | [EVENT_BEFORE_ACTUAL_POS] --(BEFORE)--> [EVENT_BEFORE_ACTUAL_POS],"""inflammation"" --(CONTAINS)--> ""diagnostic"" | ""diagnostic"" --(BEFORE)--> ""traitée"""
130,70,FR100003,[EVENT_BEFORE_ACTUAL_POS] --(BEFORE)--> [EVENT_BEFORE_ACTUAL_POS] | [EVENT_BEFORE_ACTUAL_POS] --(BEFORE)--> [EVENT_BEFORE_ACTUAL_POS],"""injection"" --(BEFORE)--> ""ponction"" | ""ponction"" --(BEFORE)--> ""examen"""
130,70,FR100078,[EVENT_BEFORE_ACTUAL_POS] --(BEFORE)--> [EVENT_BEFORE_ACTUAL_POS] | [EVENT_BEFORE_ACTUAL_POS] --(BEFORE)--> [EVENT_BEFORE_ACTUAL_POS],"""examen"" --(BEFORE)--> ""doppler"" | ""doppler"" --(BEFORE)--> ""doppler"""
130,70,FR100092,[EVENT_BEFORE_ACTUAL_POS] --(BEFORE)--> [EVENT_BEFORE_ACTUAL_POS] | [EVENT_BEFORE_ACTUAL_POS] --(BEFORE)--> [EVENT_BEFORE_ACTUAL_POS],"""échographie"" --(BEFORE)--> ""tableau"" | ""tableau"" --(BEFORE)--> ""reste"""
130,70,FR100120,[EVENT_BEFORE_ACTUAL_POS] --(BEFORE)--> [EVENT_BEFORE_ACTUAL_POS] | [EVENT_BEFORE_ACTUAL_POS] --(BEFORE)--> [EVENT_BEFORE_ACTUAL_POS],"""rattaché"" --(BEFORE)--> ""traitement"" | ""traitement"" --(BEFORE)--> ""sailli"""
130,70,FR100130,[EVENT_BEFORE_ACTUAL_POS] --(BEFORE)--> [EVENT_BEFORE_ACTUAL_POS] | [EVENT_BEFORE_ACTUAL_POS] --(BEFORE)--> [EVENT_BEFORE_ACTUAL_POS],"""admis"" --(BEFORE)--> ""plaignait"" | ""plaignait"" --(BEFORE)--> ""examen"""
130,70,FR100132,[EVENT_BEFORE_ACTUAL_POS] --(BEFORE)--> [EVENT_BEFORE_ACTUAL_POS] | [EVENT_BEFORE_ACTUAL_POS] --(BEFORE)--> [EVENT_BEFORE_ACTUAL_POS],"""examen"" --(BEFORE)--> ""écho-Doppler"" | ""écho-Doppler"" --(BEFORE)--> ""reçu"""
130,70,FR100142,[EVENT_BEFORE_ACTUAL_POS] --(BEFORE)--> [EVENT_BEFORE_ACTUAL_POS] | [EVENT_BEFORE_ACTUAL_POS] --(BEFORE)--> [EVENT_BEFORE_ACTUAL_POS],"""scanner"" --(BEFORE)--> ""fibroscopie"" | ""fibroscopie"" --(BEFORE)--> ""colonoscopie"""
130,70,FR100161,[EVENT_BEFORE_ACTUAL_POS] --(BEFORE)--> [EVENT_BEFORE_ACTUAL_POS] | [EVENT_BEFORE_ACTUAL_POS] --(BEFORE)--> [EVENT_BEFORE_ACTUAL_POS],"""complément"" --(BEFORE)--> ""cortisol"" | ""cortisol"" --(BEFORE)--> ""cortisol"""
130,70,FR100168,[EVENT_BEFORE_ACTUAL_POS] --(BEFORE)--> [EVENT_BEFORE_ACTUAL_POS] | [EVENT_BEFORE_ACTUAL_POS] --(BEFORE)--> [EVENT_BEFORE_ACTUAL_POS],"""bilan"" --(BEFORE)--> ""tests"" | ""tests"" --(BEFORE)--> ""entretien"""
130,70,FR100255,[EVENT_BEFORE_ACTUAL_POS] --(BEFORE)--> [EVENT_BEFORE_ACTUAL_POS] | [EVENT_BEFORE_ACTUAL_POS] --(BEFORE)--> [EVENT_BEFORE_ACTUAL_POS],"""examen"" --(BEFORE)--> ""examen"" | ""examen"" --(BEFORE)--> ""échographie"""
130,70,FR100275,[EVENT_BEFORE_ACTUAL_POS] --(BEFORE)--> [EVENT_BEFORE_ACTUAL_POS] | [EVENT_BEFORE_ACTUAL_POS] --(BEFORE)--> [EVENT_BEFORE_ACTUAL_POS],"""établi"" --(BEFORE)--> ""manœuvres"" | ""manœuvres"" --(BEFORE)--> ""retour"""
130,70,FR100276,[EVENT_BEFORE_ACTUAL_POS] --(BEFORE)--> [EVENT_BEFORE_ACTUAL_POS] | [EVENT_BEFORE_ACTUAL_POS] --(BEFORE)--> [EVENT_BEFORE_ACTUAL_POS],"""biopsie"" --(BEFORE)--> ""posé"" | ""posé"" --(BEFORE)--> ""application"""
130,70,FR100282,[EVENT_BEFORE_ACTUAL_POS] --(BEFORE)--> [EVENT_BEFORE_ACTUAL_POS] | [EVENT_BEFORE_ACTUAL_POS] --(BEFORE)--> [EVENT_BEFORE_ACTUAL_POS],"""scanner"" --(BEFORE)--> ""conclus"" | ""conclus"" --(BEFORE)--> ""instauré"""
130,70,FR100283,[EVENT_BEFORE_ACTUAL_POS] --(BEFORE)--> [EVENT_BEFORE_ACTUAL_POS] | [EVENT_BEFORE_ACTUAL_POS] --(BEFORE)--> [EVENT_BEFORE_ACTUAL_POS],"""bilan"" --(BEFORE)--> ""IRM"" | ""IRM"" --(BEFORE)--> ""hypophysiogramme"""
130,70,FR100296,[EVENT_BEFORE_ACTUAL_POS] --(BEFORE)--> [EVENT_BEFORE_ACTUAL_POS] | [EVENT_BEFORE_ACTUAL_POS] --(BEFORE)--> [EVENT_BEFORE_ACTUAL_POS],"""fenestration"" --(BEFORE)--> ""suites"" | ""suites"" --(BEFORE)--> ""exéaté"""
130,70,FR100314,[EVENT_BEFORE_ACTUAL_POS] --(BEFORE)--> [EVENT_BEFORE_ACTUAL_POS] | [EVENT_BEFORE_ACTUAL_POS] --(BEFORE)--> [EVENT_BEFORE_ACTUAL_POS],"""angio-scanner"" --(BEFORE)--> ""amputation"" | ""amputation"" --(BEFORE)--> ""mise"""
130,70,FR100344,[EVENT_BEFORE_ACTUAL_POS] --(BEFORE)--> [EVENT_BEFORE_ACTUAL_POS] | [EVENT_BEFORE_ACTUAL_POS] --(BEFORE)--> [EVENT_BEFORE_ACTUAL_POS],"""développé"" --(BEFORE)--> ""contrôle"" | ""contrôle"" --(BEFORE)--> ""tombée"""
130,70,FR100346,[EVENT_BEFORE_ACTUAL_POS] --(BEFORE)--> [EVENT_BEFORE_ACTUAL_POS] | [EVENT_BEFORE_ACTUAL_POS] --(BEFORE)--> [EVENT_BEFORE_ACTUAL_POS],"""posé"" --(BEFORE)--> ""bilan"" | ""bilan"" --(BEFORE)--> ""héparinothérapie"""
130,70,FR100360,[EVENT_BEFORE_ACTUAL_POS] --(BEFORE)--> [EVENT_BEFORE_ACTUAL_POS] | [EVENT_BEFORE_ACTUAL_POS] --(BEFORE)--> [EVENT_BEFORE_ACTUAL_POS],"""biopsie"" --(BEFORE)--> ""tomodensitométrie"" | ""tomodensitométrie"" --(BEFORE)--> ""radiothérapie"""
130,70,FR100361,[EVENT_BEFORE_ACTUAL_POS] --(BEFORE)--> [EVENT_BEFORE_ACTUAL_POS] | [EVENT_BEFORE_ACTUAL_POS] --(BEFORE)--> [EVENT_BEFORE_ACTUAL_POS],"""bilan"" --(BEFORE)--> ""diagnostic"" | ""diagnostic"" --(BEFORE)--> ""traitement"""
130,70,FR100371,[EVENT_BEFORE_ACTUAL_POS] --(BEFORE)--> [EVENT_BEFORE_ACTUAL_POS] | [EVENT_BEFORE_ACTUAL_POS] --(BEFORE)--> [EVENT_BEFORE_ACTUAL_POS],"""adressée"" --(BEFORE)--> ""admission"" | ""admission"" --(BEFORE)--> ""examen"""
130,70,FR100400,[EVENT_BEFORE_ACTUAL_POS] --(BEFORE)--> [EVENT_BEFORE_ACTUAL_POS] | [EVENT_BEFORE_ACTUAL_POS] --(BEFORE)--> [EVENT_BEFORE_ACTUAL_POS],"""Radiographie"" --(BEFORE)--> ""échographie"" | ""échographie"" --(BEFORE)--> ""scanner"""
130,70,FR100439,[EVENT_BEFORE_ACTUAL_POS] --(BEFORE)--> [EVENT_BEFORE_ACTUAL_POS] | [EVENT_BEFORE_ACTUAL_POS] --(BEFORE)--> [EVENT_BEFORE_ACTUAL_POS],"""classée"" --(BEFORE)--> ""bénéficier"" | ""bénéficier"" --(BEFORE)--> ""nasofibroscopie"""
130,70,FR100448,[EVENT_BEFORE_ACTUAL_POS] --(BEFORE)--> [EVENT_BEFORE_ACTUAL_POS] | [EVENT_BEFORE_ACTUAL_POS] --(BEFORE)--> [EVENT_BEFORE_ACTUAL_POS],"""examen"" --(BEFORE)--> ""histochimie"" | ""histochimie"" --(BEFORE)--> ""scanner"""
130,70,FR100453,[EVENT_BEFORE_ACTUAL_POS] --(BEFORE)--> [EVENT_BEFORE_ACTUAL_POS] | [EVENT_BEFORE_ACTUAL_POS] --(BEFORE)--> [EVENT_BEFORE_ACTUAL_POS],"""examen"" --(BEFORE)--> ""radiographies"" | ""radiographies"" --(BEFORE)--> ""porté"""
130,70,FR100480,[EVENT_BEFORE_ACTUAL_POS] --(BEFORE)--> [EVENT_BEFORE_ACTUAL_POS] | [EVENT_BEFORE_ACTUAL_POS] --(BEFORE)--> [EVENT_BEFORE_ACTUAL_POS],"""amputation"" --(BEFORE)--> ""examen"" | ""examen"" --(BEFORE)--> ""bilan"""
130,70,FR100510,[EVENT_BEFORE_ACTUAL_POS] --(BEFORE)--> [EVENT_BEFORE_ACTUAL_POS] | [EVENT_BEFORE_ACTUAL_POS] --(BEFORE)--> [EVENT_BEFORE_ACTUAL_POS],"""résection"" --(BEFORE)--> ""examen"" | ""examen"" --(BEFORE)--> ""examen"""
130,70,FR100515,[EVENT_BEFORE_ACTUAL_POS] --(BEFORE)--> [EVENT_BEFORE_ACTUAL_POS] | [EVENT_BEFORE_ACTUAL_POS] --(BEFORE)--> [EVENT_BEFORE_ACTUAL_POS],"""reprise"" --(BEFORE)--> ""réintroduction"" | ""réintroduction"" --(BEFORE)--> ""rémission"""
130,70,FR100517,[EVENT_BEFORE_ACTUAL_POS] --(BEFORE)--> [EVENT_BEFORE_ACTUAL_POS] | [EVENT_BEFORE_ACTUAL_POS] --(BEFORE)--> [EVENT_BEFORE_ACTUAL_POS],"""électromyogramme"" --(BEFORE)--> ""bilan"" | ""bilan"" --(BEFORE)--> ""explorations"""
130,70,FR100519,[EVENT_BEFORE_ACTUAL_POS] --(BEFORE)--> [EVENT_BEFORE_ACTUAL_POS] | [EVENT_BEFORE_ACTUAL_POS] --(BEFORE)--> [EVENT_BEFORE_ACTUAL_POS],"""tomodensitométrie"" --(BEFORE)--> ""laparotomie"" | ""laparotomie"" --(BEFORE)--> ""suites"""
130,70,FR100579,[EVENT_BEFORE_ACTUAL_POS] --(BEFORE)--> [EVENT_BEFORE_ACTUAL_POS] | [EVENT_BEFORE_ACTUAL_POS] --(BEFORE)--> [EVENT_BEFORE_ACTUAL_POS],"""échocardiographie"" --(BEFORE)--> ""angio-scanner"" | ""angio-scanner"" --(BEFORE)--> ""imagerie"""
130,70,FR100589,[EVENT_BEFORE_ACTUAL_POS] --(BEFORE)--> [EVENT_BEFORE_ACTUAL_POS] | [EVENT_BEFORE_ACTUAL_POS] --(BEFORE)--> [EVENT_BEFORE_ACTUAL_POS],"""biopsies"" --(BEFORE)--> ""exploration"" | ""exploration"" --(BEFORE)--> ""hémogramme"""
130,70,FR100597,[EVENT_BEFORE_ACTUAL_POS] --(BEFORE)--> [EVENT_BEFORE_ACTUAL_POS] | [EVENT_BEFORE_ACTUAL_POS] --(BEFORE)--> [EVENT_BEFORE_ACTUAL_POS],"""examen"" --(BEFORE)--> ""examen"" | ""examen"" --(BEFORE)--> ""examen"""
130,70,FR100603,[EVENT_BEFORE_ACTUAL_POS] --(BEFORE)--> [EVENT_BEFORE_ACTUAL_POS] | [EVENT_BEFORE_ACTUAL_POS] --(BEFORE)--> [EVENT_BEFORE_ACTUAL_POS],"""chirurgie"" --(BEFORE)--> ""hémocultures"" | ""hémocultures"" --(BEFORE)--> ""évolution"""
130,70,FR100611,[EVENT_BEFORE_ACTUAL_POS] --(BEFORE)--> [EVENT_BEFORE_ACTUAL_POS] | [EVENT_BEFORE_ACTUAL_POS] --(BEFORE)--> [EVENT_BEFORE_ACTUAL_POS],"""IRM"" --(BEFORE)--> ""étude"" | ""étude"" --(BEFORE)--> ""examen"""
130,70,FR100614,[EVENT_BEFORE_ACTUAL_POS] --(BEFORE)--> [EVENT_BEFORE_ACTUAL_POS] | [EVENT_BEFORE_ACTUAL_POS] --(BEFORE)--> [EVENT_BEFORE_ACTUAL_POS],"""étude"" --(BEFORE)--> ""suites"" | ""suites"" --(BEFORE)--> ""sérologie"""
130,70,FR100620,[EVENT_BEFORE_ACTUAL_POS] --(BEFORE)--> [EVENT_BEFORE_ACTUAL_POS] | [EVENT_BEFORE_ACTUAL_POS] --(BEFORE)--> [EVENT_BEFORE_ACTUAL_POS],"""bilan"" --(BEFORE)--> ""bilan"" | ""bilan"" --(BEFORE)--> ""bilan"""
130,70,FR100623,[EVENT_BEFORE_ACTUAL_POS] --(BEFORE)--> [EVENT_BEFORE_ACTUAL_POS] | [EVENT_BEFORE_ACTUAL_POS] --(BEFORE)--> [EVENT_BEFORE_ACTUAL_POS],"""consulté"" --(BEFORE)--> ""examen"" | ""examen"" --(BEFORE)--> ""bilan"""
130,70,FR100629,[EVENT_BEFORE_ACTUAL_POS] --(BEFORE)--> [EVENT_BEFORE_ACTUAL_POS] | [EVENT_BEFORE_ACTUAL_POS] --(BEFORE)--> [EVENT_BEFORE_ACTUAL_POS],"""thoracoscopie"" --(BEFORE)--> ""marquage"" | ""marquage"" --(BEFORE)--> ""étude"""
130,70,FR100632,[EVENT_BEFORE_ACTUAL_POS] --(BEFORE)--> [EVENT_BEFORE_ACTUAL_POS] | [EVENT_BEFORE_ACTUAL_POS] --(BEFORE)--> [EVENT_BEFORE_ACTUAL_POS],"""interrogatoire"" --(BEFORE)--> ""examen"" | ""examen"" --(BEFORE)--> ""examen"""
130,70,FR100658,[EVENT_BEFORE_ACTUAL_POS] --(BEFORE)--> [EVENT_BEFORE_ACTUAL_POS] | [EVENT_BEFORE_ACTUAL_POS] --(BEFORE)--> [EVENT_BEFORE_ACTUAL_POS],"""noté"" --(BEFORE)--> ""fin"" | ""fin"" --(BEFORE)--> ""administration"""
130,70,FR100663,[EVENT_BEFORE_ACTUAL_POS] --(BEFORE)--> [EVENT_BEFORE_ACTUAL_POS] | [EVENT_BEFORE_ACTUAL_POS] --(BEFORE)--> [EVENT_BEFORE_ACTUAL_POS],"""incisée"" --(BEFORE)--> ""vérifié"" | ""vérifié"" --(BEFORE)--> ""reprise"""
130,70,FR100666,[EVENT_BEFORE_ACTUAL_POS] --(BEFORE)--> [EVENT_BEFORE_ACTUAL_POS] | [EVENT_BEFORE_ACTUAL_POS] --(BEFORE)--> [EVENT_BEFORE_ACTUAL_POS],"""étude"" --(BEFORE)--> ""adressé"" | ""adressé"" --(BEFORE)--> ""bilan"""
130,70,FR100683,[EVENT_BEFORE_ACTUAL_POS] --(BEFORE)--> [EVENT_BEFORE_ACTUAL_POS] | [EVENT_BEFORE_ACTUAL_POS] --(BEFORE)--> [EVENT_BEFORE_ACTUAL_POS],"""exploration"" --(BEFORE)--> ""IRM"" | ""IRM"" --(BEFORE)--> ""écho-mammographie"""
130,70,FR100688,[EVENT_BEFORE_ACTUAL_POS] --(BEFORE)--> [EVENT_BEFORE_ACTUAL_POS] | [EVENT_BEFORE_ACTUAL_POS] --(BEFORE)--> [EVENT_BEFORE_ACTUAL_POS],"""examen"" --(BEFORE)--> ""examen"" | ""examen"" --(BEFORE)--> ""examen"""
130,70,FR100689,[EVENT_BEFORE_ACTUAL_POS] --(BEFORE)--> [EVENT_BEFORE_ACTUAL_POS] | [EVENT_BEFORE_ACTUAL_POS] --(BEFORE)--> [EVENT_BEFORE_ACTUAL_POS],"""examen"" --(BEFORE)--> ""PCR"" | ""PCR"" --(BEFORE)--> ""scanner"""
130,70,FR100697,[EVENT_BEFORE_ACTUAL_POS] --(BEFORE)--> [EVENT_BEFORE_ACTUAL_POS] | [EVENT_BEFORE_ACTUAL_POS] --(BEFORE)--> [EVENT_BEFORE_ACTUAL_POS],"""apparition"" --(BEFORE)--> ""inspection"" | ""inspection"" --(BEFORE)--> ""palpation"""
130,70,FR100708,[EVENT_BEFORE_ACTUAL_POS] --(BEFORE)--> [EVENT_BEFORE_ACTUAL_POS] | [EVENT_BEFORE_ACTUAL_POS] --(BEFORE)--> [EVENT_BEFORE_ACTUAL_POS],"""examen"" --(BEFORE)--> ""mammographie"" | ""mammographie"" --(BEFORE)--> ""échographie"""
130,70,FR100717,[EVENT_BEFORE_ACTUAL_POS] --(BEFORE)--> [EVENT_BEFORE_ACTUAL_POS] | [EVENT_BEFORE_ACTUAL_POS] --(BEFORE)--> [EVENT_BEFORE_ACTUAL_POS],"""examens"" --(BEFORE)--> ""scanner"" | ""scanner"" --(BEFORE)--> ""IRM"""
130,70,FR100748,[EVENT_BEFORE_ACTUAL_POS] --(BEFORE)--> [EVENT_BEFORE_ACTUAL_POS] | [EVENT_BEFORE_ACTUAL_POS] --(BEFORE)--> [EVENT_BEFORE_ACTUAL_POS],"""transférée"" --(BEFORE)--> ""regagné"" | ""regagné"" --(BEFORE)--> ""recul"""
130,70,FR100766,[EVENT_BEFORE_ACTUAL_POS] --(BEFORE)--> [EVENT_BEFORE_ACTUAL_POS] | [EVENT_BEFORE_ACTUAL_POS] --(BEFORE)--> [EVENT_BEFORE_ACTUAL_POS],"""examen"" --(BEFORE)--> ""hospitalisation"" | ""hospitalisation"" --(BEFORE)--> ""traitement"""
130,70,FR100780,[EVENT_BEFORE_ACTUAL_POS] --(BEFORE)--> [EVENT_BEFORE_ACTUAL_POS] | [EVENT_BEFORE_ACTUAL_POS] --(BEFORE)--> [EVENT_BEFORE_ACTUAL_POS],"""admise"" --(BEFORE)--> ""examen"" | ""examen"" --(BEFORE)--> ""toucher"""
130,70,FR100806,[EVENT_BEFORE_ACTUAL_POS] --(BEFORE)--> [EVENT_BEFORE_ACTUAL_POS] | [EVENT_BEFORE_ACTUAL_POS] --(BEFORE)--> [EVENT_BEFORE_ACTUAL_POS],"""tomodensitométrie"" --(BEFORE)--> ""prise"" | ""prise"" --(BEFORE)--> ""examen"""
130,70,FR100814,[EVENT_BEFORE_ACTUAL_POS] --(BEFORE)--> [EVENT_BEFORE_ACTUAL_POS] | [EVENT_BEFORE_ACTUAL_POS] --(BEFORE)--> [EVENT_BEFORE_ACTUAL_POS],"""diagnostic"" --(BEFORE)--> ""réséquée"" | ""réséquée"" --(BEFORE)--> ""examen"""
130,70,FR100826,[EVENT_BEFORE_ACTUAL_POS] --(BEFORE)--> [EVENT_BEFORE_ACTUAL_POS] | [EVENT_BEFORE_ACTUAL_POS] --(BEFORE)--> [EVENT_BEFORE_ACTUAL_POS],"""examen"" --(BEFORE)--> ""bilan"" | ""bilan"" --(BEFORE)--> ""bilan"""
130,70,FR100845,[EVENT_BEFORE_ACTUAL_POS] --(BEFORE)--> [EVENT_BEFORE_ACTUAL_POS] | [EVENT_BEFORE_ACTUAL_POS] --(BEFORE)--> [EVENT_BEFORE_ACTUAL_POS],"""examen"" --(BEFORE)--> ""échographie"" | ""échographie"" --(BEFORE)--> ""radiographie"""
130,70,FR100849,[EVENT_BEFORE_ACTUAL_POS] --(BEFORE)--> [EVENT_BEFORE_ACTUAL_POS] | [EVENT_BEFORE_ACTUAL_POS] --(BEFORE)--> [EVENT_BEFORE_ACTUAL_POS],"""tomodensitométrie"" --(BEFORE)--> ""acheminé"" | ""acheminé"" --(BEFORE)--> ""suites"""
130,70,FR100870,[EVENT_BEFORE_ACTUAL_POS] --(BEFORE)--> [EVENT_BEFORE_ACTUAL_POS] | [EVENT_BEFORE_ACTUAL_POS] --(BEFORE)--> [EVENT_BEFORE_ACTUAL_POS],"""hémogramme"" --(BEFORE)--> ""bilan"" | ""bilan"" --(BEFORE)--> ""IRM"""
130,70,FR100874,[EVENT_BEFORE_ACTUAL_POS] --(BEFORE)--> [EVENT_BEFORE_ACTUAL_POS] | [EVENT_BEFORE_ACTUAL_POS] --(BEFORE)--> [EVENT_BEFORE_ACTUAL_POS],"""fibroscopie"" --(BEFORE)--> ""transit"" | ""transit"" --(BEFORE)--> ""tomodensitométrie"""
130,70,FR100882,[EVENT_BEFORE_ACTUAL_POS] --(BEFORE)--> [EVENT_BEFORE_ACTUAL_POS] | [EVENT_BEFORE_ACTUAL_POS] --(BEFORE)--> [EVENT_BEFORE_ACTUAL_POS],"""Imagerie"" --(BEFORE)--> ""bilan"" | ""bilan"" --(BEFORE)--> ""sérologies"""
130,70,FR100883,[EVENT_BEFORE_ACTUAL_POS] --(BEFORE)--> [EVENT_BEFORE_ACTUAL_POS] | [EVENT_BEFORE_ACTUAL_POS] --(BEFORE)--> [EVENT_BEFORE_ACTUAL_POS],"""TDM"" --(BEFORE)--> ""biopsie"" | ""biopsie"" --(BEFORE)--> ""bilan"""
130,70,FR100894,[EVENT_BEFORE_ACTUAL_POS] --(BEFORE)--> [EVENT_BEFORE_ACTUAL_POS] | [EVENT_BEFORE_ACTUAL_POS] --(BEFORE)--> [EVENT_BEFORE_ACTUAL_POS],"""imagerie"" --(BEFORE)--> ""prescrit"" | ""prescrit"" --(BEFORE)--> ""rejoint"""
130,70,FR100903,[EVENT_BEFORE_ACTUAL_POS] --(BEFORE)--> [EVENT_BEFORE_ACTUAL_POS] | [EVENT_BEFORE_ACTUAL_POS] --(BEFORE)--> [EVENT_BEFORE_ACTUAL_POS],"""diagnostic"" --(BEFORE)--> ""écarté"" | ""écarté"" --(BEFORE)--> ""contrôles"""
130,70,FR100919,[EVENT_BEFORE_ACTUAL_POS] --(BEFORE)--> [EVENT_BEFORE_ACTUAL_POS] | [EVENT_BEFORE_ACTUAL_POS] --(BEFORE)--> [EVENT_BEFORE_ACTUAL_POS],"""correction"" --(BEFORE)--> ""adressée"" | ""adressée"" --(BEFORE)--> ""bilan"""
130,70,FR100921,[EVENT_BEFORE_ACTUAL_POS] --(BEFORE)--> [EVENT_BEFORE_ACTUAL_POS] | [EVENT_BEFORE_ACTUAL_POS] --(BEFORE)--> [EVENT_BEFORE_ACTUAL_POS],"""palpation"" --(BEFORE)--> ""imagerie"" | ""imagerie"" --(BEFORE)--> ""exérèse"""
130,70,FR100932,[EVENT_BEFORE_ACTUAL_POS] --(BEFORE)--> [EVENT_BEFORE_ACTUAL_POS] | [EVENT_BEFORE_ACTUAL_POS] --(BEFORE)--> [EVENT_BEFORE_ACTUAL_POS],"""mise"" --(BEFORE)--> ""opérée"" | ""opérée"" --(BEFORE)--> ""évolution"""
130,70,FR100946,[EVENT_BEFORE_ACTUAL_POS] --(BEFORE)--> [EVENT_BEFORE_ACTUAL_POS] | [EVENT_BEFORE_ACTUAL_POS] --(BEFORE)--> [EVENT_BEFORE_ACTUAL_POS],"""IRM"" --(BEFORE)--> ""analyse"" | ""analyse"" --(BEFORE)--> ""mise"""
130,70,FR100959,[EVENT_BEFORE_ACTUAL_POS] --(BEFORE)--> [EVENT_BEFORE_ACTUAL_POS] | [EVENT_BEFORE_ACTUAL_POS] --(BEFORE)--> [EVENT_BEFORE_ACTUAL_POS],"""œsophagoscopie"" --(BEFORE)--> ""Transit"" | ""Transit"" --(BEFORE)--> ""notée"""
130,70,FR100996,[EVENT_BEFORE_ACTUAL_POS] --(BEFORE)--> [EVENT_BEFORE_ACTUAL_POS] | [EVENT_BEFORE_ACTUAL_POS] --(BEFORE)--> [EVENT_BEFORE_ACTUAL_POS],"""retenu"" --(BEFORE)--> ""chirurgical"" | ""chirurgical"" --(BEFORE)--> ""suites"""
130,70,FR100998,[EVENT_BEFORE_ACTUAL_POS] --(BEFORE)--> [EVENT_BEFORE_ACTUAL_POS] | [EVENT_BEFORE_ACTUAL_POS] --(BEFORE)--> [EVENT_BEFORE_ACTUAL_POS],"""test"" --(BEFORE)--> ""diagnostic"" | ""diagnostic"" --(BEFORE)--> ""traitée"""
15,67,FR100003,[EVENT_BEFORE_ACTUAL_POS] --(CONTAINS)--> [EVENT_BEFORE_ACTUAL_POS] | [EVENT_BEFORE_ACTUAL_POS] --(BEFORE)--> [EVENT_BEFORE_ACTUAL_POS] | [EVENT_BEFORE_ACTUAL_POS] --(BEFORE)--> [EVENT_BEFORE_ACTUAL_POS],"""mixte"" --(CONTAINS)--> ""examen"" | ""examen"" --(BEFORE)--> ""antibiothérapie"" | ""antibiothérapie"" --(BEFORE)--> ""bloc"""
15,67,FR100078,[EVENT_BEFORE_ACTUAL_POS] --(CONTAINS)--> [EVENT_BEFORE_ACTUAL_POS] | [EVENT_BEFORE_ACTUAL_POS] --(BEFORE)--> [EVENT_BEFORE_ACTUAL_POS] | [EVENT_BEFORE_ACTUAL_POS] --(BEFORE)--> [EVENT_BEFORE_ACTUAL_POS],"""pouls"" --(CONTAINS)--> ""examen"" | ""examen"" --(BEFORE)--> ""doppler"" | ""doppler"" --(BEFORE)--> ""doppler"""
15,67,FR100092,[EVENT_BEFORE_ACTUAL_POS] --(CONTAINS)--> [EVENT_BEFORE_ACTUAL_POS] | [EVENT_BEFORE_ACTUAL_POS] --(BEFORE)--> [EVENT_BEFORE_ACTUAL_POS] | [EVENT_BEFORE_ACTUAL_POS] --(BEFORE)--> [EVENT_BEFORE_ACTUAL_POS],"""conjonctives"" --(CONTAINS)--> ""examen"" | ""examen"" --(BEFORE)--> ""examen"" | ""examen"" --(BEFORE)--> ""examen"""
15,67,FR100120,[EVENT_BEFORE_ACTUAL_POS] --(CONTAINS)--> [EVENT_BEFORE_ACTUAL_POS] | [EVENT_BEFORE_ACTUAL_POS] --(BEFORE)--> [EVENT_BEFORE_ACTUAL_POS] | [EVENT_BEFORE_ACTUAL_POS] --(BEFORE)--> [EVENT_BEFORE_ACTUAL_POS],"""retard"" --(CONTAINS)--> ""rattaché"" | ""rattaché"" --(BEFORE)--> ""traitement"" | ""traitement"" --(BEFORE)--> ""sailli"""
15,67,FR100130,[EVENT_BEFORE_ACTUAL_POS] --(CONTAINS)--> [EVENT_BEFORE_ACTUAL_POS] | [EVENT_BEFORE_ACTUAL_POS] --(BEFORE)--> [EVENT_BEFORE_ACTUAL_POS] | [EVENT_BEFORE_ACTUAL_POS] --(BEFORE)--> [EVENT_BEFORE_ACTUAL_POS],"""marqueurs"" --(CONTAINS)--> ""bilan"" | ""bilan"" --(BEFORE)--> ""suspectée"" | ""suspectée"" --(BEFORE)--> ""bilan"""
15,67,FR100132,[EVENT_BEFORE_ACTUAL_POS] --(CONTAINS)--> [EVENT_BEFORE_ACTUAL_POS] | [EVENT_BEFORE_ACTUAL_POS] --(BEFORE)--> [EVENT_BEFORE_ACTUAL_POS] | [EVENT_BEFORE_ACTUAL_POS] --(BEFORE)--> [EVENT_BEFORE_ACTUAL_POS],"""examen"" --(CONTAINS)--> ""palpation"" | ""palpation"" --(BEFORE)--> ""histologie"" | ""histologie"" --(BEFORE)--> ""examen"""
15,67,FR100142,[EVENT_BEFORE_ACTUAL_POS] --(CONTAINS)--> [EVENT_BEFORE_ACTUAL_POS] | [EVENT_BEFORE_ACTUAL_POS] --(BEFORE)--> [EVENT_BEFORE_ACTUAL_POS] | [EVENT_BEFORE_ACTUAL_POS] --(BEFORE)--> [EVENT_BEFORE_ACTUAL_POS],"""lésions"" --(CONTAINS)--> ""examen"" | ""examen"" --(BEFORE)--> ""électrophorèse"" | ""électrophorèse"" --(BEFORE)--> ""scanner"""
15,67,FR100161,[EVENT_BEFORE_ACTUAL_POS] --(CONTAINS)--> [EVENT_BEFORE_ACTUAL_POS] | [EVENT_BEFORE_ACTUAL_POS] --(BEFORE)--> [EVENT_BEFORE_ACTUAL_POS] | [EVENT_BEFORE_ACTUAL_POS] --(BEFORE)--> [EVENT_BEFORE_ACTUAL_POS],"""sérologie"" --(CONTAINS)--> ""examens"" | ""examens"" --(BEFORE)--> ""radiographie"" | ""radiographie"" --(BEFORE)--> ""complément"""
15,67,FR100168,[EVENT_BEFORE_ACTUAL_POS] --(CONTAINS)--> [EVENT_BEFORE_ACTUAL_POS] | [EVENT_BEFORE_ACTUAL_POS] --(BEFORE)--> [EVENT_BEFORE_ACTUAL_POS] | [EVENT_BEFORE_ACTUAL_POS] --(BEFORE)--> [EVENT_BEFORE_ACTUAL_POS],"""hémoglobine"" --(CONTAINS)--> ""bilan"" | ""bilan"" --(BEFORE)--> ""tests"" | ""tests"" --(BEFORE)--> ""entretien"""
15,67,FR100255,[EVENT_BEFORE_ACTUAL_POS] --(CONTAINS)--> [EVENT_BEFORE_ACTUAL_POS] | [EVENT_BEFORE_ACTUAL_POS] --(BEFORE)--> [EVENT_BEFORE_ACTUAL_POS] | [EVENT_BEFORE_ACTUAL_POS] --(BEFORE)--> [EVENT_BEFORE_ACTUAL_POS],"""fréquence"" --(CONTAINS)--> ""examen"" | ""examen"" --(BEFORE)--> ""examen"" | ""examen"" --(BEFORE)--> ""échographie"""
15,67,FR100275,[EVENT_BEFORE_ACTUAL_POS] --(CONTAINS)--> [EVENT_BEFORE_ACTUAL_POS] | [EVENT_BEFORE_ACTUAL_POS] --(BEFORE)--> [EVENT_BEFORE_ACTUAL_POS] | [EVENT_BEFORE_ACTUAL_POS] --(BEFORE)--> [EVENT_BEFORE_ACTUAL_POS],"""mort"" --(CONTAINS)--> ""établi"" | ""établi"" --(BEFORE)--> ""manœuvres"" | ""manœuvres"" --(BEFORE)--> ""retour"""
15,67,FR100276,[EVENT_BEFORE_ACTUAL_POS] --(CONTAINS)--> [EVENT_BEFORE_ACTUAL_POS] | [EVENT_BEFORE_ACTUAL_POS] --(BEFORE)--> [EVENT_BEFORE_ACTUAL_POS] | [EVENT_BEFORE_ACTUAL_POS] --(BEFORE)--> [EVENT_BEFORE_ACTUAL_POS],"""aplasie"" --(CONTAINS)--> ""accouchement"" | ""accouchement"" --(BEFORE)--> ""reste"" | ""reste"" --(BEFORE)--> ""bilan"""
15,67,FR100282,[EVENT_BEFORE_ACTUAL_POS] --(CONTAINS)--> [EVENT_BEFORE_ACTUAL_POS] | [EVENT_BEFORE_ACTUAL_POS] --(BEFORE)--> [EVENT_BEFORE_ACTUAL_POS] | [EVENT_BEFORE_ACTUAL_POS] --(BEFORE)--> [EVENT_BEFORE_ACTUAL_POS],"""tracé"" --(CONTAINS)--> ""électroencéphalogramme"" | ""électroencéphalogramme"" --(BEFORE)--> ""scanner"" | ""scanner"" --(BEFORE)--> ""conclus"""
15,67,FR100283,[EVENT_BEFORE_ACTUAL_POS] --(CONTAINS)--> [EVENT_BEFORE_ACTUAL_POS] | [EVENT_BEFORE_ACTUAL_POS] --(BEFORE)--> [EVENT_BEFORE_ACTUAL_POS] | [EVENT_BEFORE_ACTUAL_POS] --(BEFORE)--> [EVENT_BEFORE_ACTUAL_POS],"""syndrome"" --(CONTAINS)--> ""bilan"" | ""bilan"" --(BEFORE)--> ""IRM"" | ""IRM"" --(BEFORE)--> ""hypophysiogramme"""
15,67,FR100296,[EVENT_BEFORE_ACTUAL_POS] --(CONTAINS)--> [EVENT_BEFORE_ACTUAL_POS] | [EVENT_BEFORE_ACTUAL_POS] --(BEFORE)--> [EVENT_BEFORE_ACTUAL_POS] | [EVENT_BEFORE_ACTUAL_POS] --(BEFORE)--> [EVENT_BEFORE_ACTUAL_POS],"""émergence"" --(CONTAINS)--> ""fenestration"" | ""fenestration"" --(BEFORE)--> ""suites"" | ""suites"" --(BEFORE)--> ""exéaté"""
15,67,FR100314,[EVENT_BEFORE_ACTUAL_POS] --(CONTAINS)--> [EVENT_BEFORE_ACTUAL_POS] | [EVENT_BEFORE_ACTUAL_POS] --(BEFORE)--> [EVENT_BEFORE_ACTUAL_POS] | [EVENT_BEFORE_ACTUAL_POS] --(BEFORE)--> [EVENT_BEFORE_ACTUAL_POS],"""fracture"" --(CONTAINS)--> ""bilan"" | ""bilan"" --(BEFORE)--> ""drainage"" | ""drainage"" --(BEFORE)--> ""angio-scanner"""
15,67,FR100344,[EVENT_BEFORE_ACTUAL_POS] --(CONTAINS)--> [EVENT_BEFORE_ACTUAL_POS] | [EVENT_BEFORE_ACTUAL_POS] --(BEFORE)--> [EVENT_BEFORE_ACTUAL_POS] | [EVENT_BEFORE_ACTUAL_POS] --(BEFORE)--> [EVENT_BEFORE_ACTUAL_POS],"""insuffisance"" --(CONTAINS)--> ""développé"" | ""développé"" --(BEFORE)--> ""contrôle"" | ""contrôle"" --(BEFORE)--> ""tombée"""
15,67,FR100346,[EVENT_BEFORE_ACTUAL_POS] --(CONTAINS)--> [EVENT_BEFORE_ACTUAL_POS] | [EVENT_BEFORE_ACTUAL_POS] --(BEFORE)--> [EVENT_BEFORE_ACTUAL_POS] | [EVENT_BEFORE_ACTUAL_POS] --(BEFORE)--> [EVENT_BEFORE_ACTUAL_POS],"""lésions"" --(CONTAINS)--> ""angioscanner"" | ""angioscanner"" --(BEFORE)--> ""echo-dopler"" | ""echo-dopler"" --(BEFORE)--> ""IRM"""
15,67,FR100360,[EVENT_BEFORE_ACTUAL_POS] --(CONTAINS)--> [EVENT_BEFORE_ACTUAL_POS] | [EVENT_BEFORE_ACTUAL_POS] --(BEFORE)--> [EVENT_BEFORE_ACTUAL_POS] | [EVENT_BEFORE_ACTUAL_POS] --(BEFORE)--> [EVENT_BEFORE_ACTUAL_POS],"""adénocarcinome"" --(CONTAINS)--> ""examen"" | ""examen"" --(BEFORE)--> ""curage"" | ""curage"" --(BEFORE)--> ""radiothérapie"""
15,67,FR100361,[EVENT_BEFORE_ACTUAL_POS] --(CONTAINS)--> [EVENT_BEFORE_ACTUAL_POS] | [EVENT_BEFORE_ACTUAL_POS] --(BEFORE)--> [EVENT_BEFORE_ACTUAL_POS] | [EVENT_BEFORE_ACTUAL_POS] --(BEFORE)--> [EVENT_BEFORE_ACTUAL_POS],"""GCS"" --(CONTAINS)--> ""examen"" | ""examen"" --(BEFORE)--> ""TDM"" | ""TDM"" --(BEFORE)--> ""ponction"""
15,67,FR100371,[EVENT_BEFORE_ACTUAL_POS] --(CONTAINS)--> [EVENT_BEFORE_ACTUAL_POS] | [EVENT_BEFORE_ACTUAL_POS] --(BEFORE)--> [EVENT_BEFORE_ACTUAL_POS] | [EVENT_BEFORE_ACTUAL_POS] --(BEFORE)--> [EVENT_BEFORE_ACTUAL_POS],"""taux"" --(CONTAINS)--> ""bilan"" | ""bilan"" --(BEFORE)--> ""bilan"" | ""bilan"" --(BEFORE)--> ""intervention"""
15,67,FR100400,[EVENT_BEFORE_ACTUAL_POS] --(CONTAINS)--> [EVENT_BEFORE_ACTUAL_POS] | [EVENT_BEFORE_ACTUAL_POS] --(BEFORE)--> [EVENT_BEFORE_ACTUAL_POS] | [EVENT_BEFORE_ACTUAL_POS] --(BEFORE)--> [EVENT_BEFORE_ACTUAL_POS],"""lésion"" --(CONTAINS)--> ""échographie"" | ""échographie"" --(BEFORE)--> ""scanner"" | ""scanner"" --(BEFORE)--> ""diagnostic"""
15,67,FR100439,[EVENT_BEFORE_ACTUAL_POS] --(CONTAINS)--> [EVENT_BEFORE_ACTUAL_POS] | [EVENT_BEFORE_ACTUAL_POS] --(BEFORE)--> [EVENT_BEFORE_ACTUAL_POS] | [EVENT_BEFORE_ACTUAL_POS] --(BEFORE)--> [EVENT_BEFORE_ACTUAL_POS],"""anesthésie"" --(CONTAINS)--> ""endoscopie"" | ""endoscopie"" --(BEFORE)--> ""biopsies"" | ""biopsies"" --(BEFORE)--> ""analyse"""
15,67,FR100448,[EVENT_BEFORE_ACTUAL_POS] --(CONTAINS)--> [EVENT_BEFORE_ACTUAL_POS] | [EVENT_BEFORE_ACTUAL_POS] --(BEFORE)--> [EVENT_BEFORE_ACTUAL_POS] | [EVENT_BEFORE_ACTUAL_POS] --(BEFORE)--> [EVENT_BEFORE_ACTUAL_POS],"""foyer"" --(CONTAINS)--> ""scanner"" | ""scanner"" --(BEFORE)--> ""débutée"" | ""débutée"" --(BEFORE)--> ""évaluation"""
15,67,FR100453,[EVENT_BEFORE_ACTUAL_POS] --(CONTAINS)--> [EVENT_BEFORE_ACTUAL_POS] | [EVENT_BEFORE_ACTUAL_POS] --(BEFORE)--> [EVENT_BEFORE_ACTUAL_POS] | [EVENT_BEFORE_ACTUAL_POS] --(BEFORE)--> [EVENT_BEFORE_ACTUAL_POS],"""hypertrophie"" --(CONTAINS)--> ""radiographies"" | ""radiographies"" --(BEFORE)--> ""porté"" | ""porté"" --(BEFORE)--> ""hospitalisé"""
15,67,FR100480,[EVENT_BEFORE_ACTUAL_POS] --(CONTAINS)--> [EVENT_BEFORE_ACTUAL_POS] | [EVENT_BEFORE_ACTUAL_POS] --(BEFORE)--> [EVENT_BEFORE_ACTUAL_POS] | [EVENT_BEFORE_ACTUAL_POS] --(BEFORE)--> [EVENT_BEFORE_ACTUAL_POS],"""nodules"" --(CONTAINS)--> ""Tomographie"" | ""Tomographie"" --(BEFORE)--> ""reprise"" | ""reprise"" --(BEFORE)--> ""débuté"""
15,67,FR100510,[EVENT_BEFORE_ACTUAL_POS] --(CONTAINS)--> [EVENT_BEFORE_ACTUAL_POS] | [EVENT_BEFORE_ACTUAL_POS] --(BEFORE)--> [EVENT_BEFORE_ACTUAL_POS] | [EVENT_BEFORE_ACTUAL_POS] --(BEFORE)--> [EVENT_BEFORE_ACTUAL_POS],"""kyste"" --(CONTAINS)--> ""biopsie"" | ""biopsie"" --(BEFORE)--> ""décision"" | ""décision"" --(BEFORE)--> ""intervention"""
15,67,FR100515,[EVENT_BEFORE_ACTUAL_POS] --(CONTAINS)--> [EVENT_BEFORE_ACTUAL_POS] | [EVENT_BEFORE_ACTUAL_POS] --(BEFORE)--> [EVENT_BEFORE_ACTUAL_POS] | [EVENT_BEFORE_ACTUAL_POS] --(BEFORE)--> [EVENT_BEFORE_ACTUAL_POS],"""atteinte"" --(CONTAINS)--> ""testing"" | ""testing"" --(BEFORE)--> ""dosage"" | ""dosage"" --(BEFORE)--> ""bilan"""
15,67,FR100517,[EVENT_BEFORE_ACTUAL_POS] --(CONTAINS)--> [EVENT_BEFORE_ACTUAL_POS] | [EVENT_BEFORE_ACTUAL_POS] --(BEFORE)--> [EVENT_BEFORE_ACTUAL_POS] | [EVENT_BEFORE_ACTUAL_POS] --(BEFORE)--> [EVENT_BEFORE_ACTUAL_POS],"""opacités"" --(CONTAINS)--> ""tomodensitométrie"" | ""tomodensitométrie"" --(BEFORE)--> ""instauré"" | ""instauré"" --(BEFORE)--> ""remise"""
15,67,FR100519,[EVENT_BEFORE_ACTUAL_POS] --(CONTAINS)--> [EVENT_BEFORE_ACTUAL_POS] | [EVENT_BEFORE_ACTUAL_POS] --(BEFORE)--> [EVENT_BEFORE_ACTUAL_POS] | [EVENT_BEFORE_ACTUAL_POS] --(BEFORE)--> [EVENT_BEFORE_ACTUAL_POS],"""aspect"" --(CONTAINS)--> ""bilan"" | ""bilan"" --(BEFORE)--> ""angioscanner"" | ""angioscanner"" --(BEFORE)--> ""échodoppler"""
15,67,FR100579,[EVENT_BEFORE_ACTUAL_POS] --(CONTAINS)--> [EVENT_BEFORE_ACTUAL_POS] | [EVENT_BEFORE_ACTUAL_POS] --(BEFORE)--> [EVENT_BEFORE_ACTUAL_POS] | [EVENT_BEFORE_ACTUAL_POS] --(BEFORE)--> [EVENT_BEFORE_ACTUAL_POS],"""processus"" --(CONTAINS)--> ""échocardiographie"" | ""échocardiographie"" --(BEFORE)--> ""bilan"" | ""bilan"" --(BEFORE)--> ""recherche"""
15,67,FR100589,[EVENT_BEFORE_ACTUAL_POS] --(CONTAINS)--> [EVENT_BEFORE_ACTUAL_POS] | [EVENT_BEFORE_ACTUAL_POS] --(BEFORE)--> [EVENT_BEFORE_ACTUAL_POS] | [EVENT_BEFORE_ACTUAL_POS] --(BEFORE)--> [EVENT_BEFORE_ACTUAL_POS],"""syndrome"" --(CONTAINS)--> ""Cytométrie"" | ""Cytométrie"" --(BEFORE)--> ""biopsie"" | ""biopsie"" --(BEFORE)--> ""bilan"""
15,67,FR100597,[EVENT_BEFORE_ACTUAL_POS] --(CONTAINS)--> [EVENT_BEFORE_ACTUAL_POS] | [EVENT_BEFORE_ACTUAL_POS] --(BEFORE)--> [EVENT_BEFORE_ACTUAL_POS] | [EVENT_BEFORE_ACTUAL_POS] --(BEFORE)--> [EVENT_BEFORE_ACTUAL_POS],"""consultation"" --(CONTAINS)--> ""examen"" | ""examen"" --(BEFORE)--> ""examen"" | ""examen"" --(BEFORE)--> ""examen"""
15,67,FR100611,[EVENT_BEFORE_ACTUAL_POS] --(CONTAINS)--> [EVENT_BEFORE_ACTUAL_POS] | [EVENT_BEFORE_ACTUAL_POS] --(BEFORE)--> [EVENT_BEFORE_ACTUAL_POS] | [EVENT_BEFORE_ACTUAL_POS] --(BEFORE)--> [EVENT_BEFORE_ACTUAL_POS],"""syndrome"" --(CONTAINS)--> ""examen"" | ""examen"" --(BEFORE)--> ""IRM"" | ""IRM"" --(BEFORE)--> ""étude"""
15,67,FR100614,[EVENT_BEFORE_ACTUAL_POS] --(CONTAINS)--> [EVENT_BEFORE_ACTUAL_POS] | [EVENT_BEFORE_ACTUAL_POS] --(BEFORE)--> [EVENT_BEFORE_ACTUAL_POS] | [EVENT_BEFORE_ACTUAL_POS] --(BEFORE)--> [EVENT_BEFORE_ACTUAL_POS],"""kyste"" --(CONTAINS)--> ""exploration"" | ""exploration"" --(BEFORE)--> ""rupture"" | ""rupture"" --(BEFORE)--> ""intervention"""
15,67,FR100620,[EVENT_BEFORE_ACTUAL_POS] --(CONTAINS)--> [EVENT_BEFORE_ACTUAL_POS] | [EVENT_BEFORE_ACTUAL_POS] --(BEFORE)--> [EVENT_BEFORE_ACTUAL_POS] | [EVENT_BEFORE_ACTUAL_POS] --(BEFORE)--> [EVENT_BEFORE_ACTUAL_POS],"""conservation"" --(CONTAINS)--> ""présenté"" | ""présenté"" --(BEFORE)--> ""examen"" | ""examen"" --(BEFORE)--> ""radiographie"""
15,67,FR100623,[EVENT_BEFORE_ACTUAL_POS] --(CONTAINS)--> [EVENT_BEFORE_ACTUAL_POS] | [EVENT_BEFORE_ACTUAL_POS] --(BEFORE)--> [EVENT_BEFORE_ACTUAL_POS] | [EVENT_BEFORE_ACTUAL_POS] --(BEFORE)--> [EVENT_BEFORE_ACTUAL_POS],"""douleur"" --(CONTAINS)--> ""consulté"" | ""consulté"" --(BEFORE)--> ""examen"" | ""examen"" --(BEFORE)--> ""bilan"""
15,67,FR100629,[EVENT_BEFORE_ACTUAL_POS] --(CONTAINS)--> [EVENT_BEFORE_ACTUAL_POS] | [EVENT_BEFORE_ACTUAL_POS] --(BEFORE)--> [EVENT_BEFORE_ACTUAL_POS] | [EVENT_BEFORE_ACTUAL_POS] --(BEFORE)--> [EVENT_BEFORE_ACTUAL_POS],"""métastases"" --(CONTAINS)--> ""bilan"" | ""bilan"" --(BEFORE)--> ""décision"" | ""décision"" --(BEFORE)--> ""évolution"""
15,67,FR100632,[EVENT_BEFORE_ACTUAL_POS] --(CONTAINS)--> [EVENT_BEFORE_ACTUAL_POS] | [EVENT_BEFORE_ACTUAL_POS] --(BEFORE)--> [EVENT_BEFORE_ACTUAL_POS] | [EVENT_BEFORE_ACTUAL_POS] --(BEFORE)--> [EVENT_BEFORE_ACTUAL_POS],"""apyrétique"" --(CONTAINS)--> ""examen"" | ""examen"" --(BEFORE)--> ""examen"" | ""examen"" --(BEFORE)--> ""IRM"""
15,67,FR100658,[EVENT_BEFORE_ACTUAL_POS] --(CONTAINS)--> [EVENT_BEFORE_ACTUAL_POS] | [EVENT_BEFORE_ACTUAL_POS] --(BEFORE)--> [EVENT_BEFORE_ACTUAL_POS] | [EVENT_BEFORE_ACTUAL_POS] --(BEFORE)--> [EVENT_BEFORE_ACTUAL_POS],"""apyrétique"" --(CONTAINS)--> ""examen"" | ""examen"" --(BEFORE)--> ""laryngoscopie"" | ""laryngoscopie"" --(BEFORE)--> ""tomodensitométrie"""
15,67,FR100663,[EVENT_BEFORE_ACTUAL_POS] --(CONTAINS)--> [EVENT_BEFORE_ACTUAL_POS] | [EVENT_BEFORE_ACTUAL_POS] --(BEFORE)--> [EVENT_BEFORE_ACTUAL_POS] | [EVENT_BEFORE_ACTUAL_POS] --(BEFORE)--> [EVENT_BEFORE_ACTUAL_POS],"""stable"" --(CONTAINS)--> ""examen"" | ""examen"" --(BEFORE)--> ""examen"" | ""examen"" --(BEFORE)--> ""échographie"""
15,67,FR100666,[EVENT_BEFORE_ACTUAL_POS] --(CONTAINS)--> [EVENT_BEFORE_ACTUAL_POS] | [EVENT_BEFORE_ACTUAL_POS] --(BEFORE)--> [EVENT_BEFORE_ACTUAL_POS] | [EVENT_BEFORE_ACTUAL_POS] --(BEFORE)--> [EVENT_BEFORE_ACTUAL_POS],"""asymétrie"" --(CONTAINS)--> ""examen"" | ""examen"" --(BEFORE)--> ""examen"" | ""examen"" --(BEFORE)--> ""palpation"""
15,67,FR100683,[EVENT_BEFORE_ACTUAL_POS] --(CONTAINS)--> [EVENT_BEFORE_ACTUAL_POS] | [EVENT_BEFORE_ACTUAL_POS] --(BEFORE)--> [EVENT_BEFORE_ACTUAL_POS] | [EVENT_BEFORE_ACTUAL_POS] --(BEFORE)--> [EVENT_BEFORE_ACTUAL_POS],"""pouls"" --(CONTAINS)--> ""examen"" | ""examen"" --(BEFORE)--> ""exploration"" | ""exploration"" --(BEFORE)--> ""exploration"""
15,67,FR100688,[EVENT_BEFORE_ACTUAL_POS] --(CONTAINS)--> [EVENT_BEFORE_ACTUAL_POS] | [EVENT_BEFORE_ACTUAL_POS] --(BEFORE)--> [EVENT_BEFORE_ACTUAL_POS] | [EVENT_BEFORE_ACTUAL_POS] --(BEFORE)--> [EVENT_BEFORE_ACTUAL_POS],"""indice"" --(CONTAINS)--> ""examen"" | ""examen"" --(BEFORE)--> ""examen"" | ""examen"" --(BEFORE)--> ""examen"""
15,67,FR100689,[EVENT_BEFORE_ACTUAL_POS] --(CONTAINS)--> [EVENT_BEFORE_ACTUAL_POS] | [EVENT_BEFORE_ACTUAL_POS] --(BEFORE)--> [EVENT_BEFORE_ACTUAL_POS] | [EVENT_BEFORE_ACTUAL_POS] --(BEFORE)--> [EVENT_BEFORE_ACTUAL_POS],"""foyers"" --(CONTAINS)--> ""scanner"" | ""scanner"" --(BEFORE)--> ""hémogramme"" | ""hémogramme"" --(BEFORE)--> ""ionogramme"""
15,67,FR100697,[EVENT_BEFORE_ACTUAL_POS] --(CONTAINS)--> [EVENT_BEFORE_ACTUAL_POS] | [EVENT_BEFORE_ACTUAL_POS] --(BEFORE)--> [EVENT_BEFORE_ACTUAL_POS] | [EVENT_BEFORE_ACTUAL_POS] --(BEFORE)--> [EVENT_BEFORE_ACTUAL_POS],"""surcroît"" --(CONTAINS)--> ""mammographie"" | ""mammographie"" --(BEFORE)--> ""échographie"" | ""échographie"" --(BEFORE)--> ""examen"""
15,67,FR100708,[EVENT_BEFORE_ACTUAL_POS] --(CONTAINS)--> [EVENT_BEFORE_ACTUAL_POS] | [EVENT_BEFORE_ACTUAL_POS] --(BEFORE)--> [EVENT_BEFORE_ACTUAL_POS] | [EVENT_BEFORE_ACTUAL_POS] --(BEFORE)--> [EVENT_BEFORE_ACTUAL_POS],"""consulté"" --(CONTAINS)--> ""examen"" | ""examen"" --(BEFORE)--> ""mammographie"" | ""mammographie"" --(BEFORE)--> ""échographie"""
15,67,FR100717,[EVENT_BEFORE_ACTUAL_POS] --(CONTAINS)--> [EVENT_BEFORE_ACTUAL_POS] | [EVENT_BEFORE_ACTUAL_POS] --(BEFORE)--> [EVENT_BEFORE_ACTUAL_POS] | [EVENT_BEFORE_ACTUAL_POS] --(BEFORE)--> [EVENT_BEFORE_ACTUAL_POS],"""Lasègue"" --(CONTAINS)--> ""examen"" | ""examen"" --(BEFORE)--> ""examens"" | ""examens"" --(BEFORE)--> ""scanner"""
15,67,FR100748,[EVENT_BEFORE_ACTUAL_POS] --(CONTAINS)--> [EVENT_BEFORE_ACTUAL_POS] | [EVENT_BEFORE_ACTUAL_POS] --(BEFORE)--> [EVENT_BEFORE_ACTUAL_POS] | [EVENT_BEFORE_ACTUAL_POS] --(BEFORE)--> [EVENT_BEFORE_ACTUAL_POS],"""intervention"" --(CONTAINS)--> ""mobilisation"" | ""mobilisation"" --(BEFORE)--> ""suites"" | ""suites"" --(BEFORE)--> ""transférée"""
15,67,FR100766,[EVENT_BEFORE_ACTUAL_POS] --(CONTAINS)--> [EVENT_BEFORE_ACTUAL_POS] | [EVENT_BEFORE_ACTUAL_POS] --(BEFORE)--> [EVENT_BEFORE_ACTUAL_POS] | [EVENT_BEFORE_ACTUAL_POS] --(BEFORE)--> [EVENT_BEFORE_ACTUAL_POS],"""prolabé"" --(CONTAINS)--> ""examen"" | ""examen"" --(BEFORE)--> ""hospitalisation"" | ""hospitalisation"" --(BEFORE)--> ""traitement"""
15,67,FR100780,[EVENT_BEFORE_ACTUAL_POS] --(CONTAINS)--> [EVENT_BEFORE_ACTUAL_POS] | [EVENT_BEFORE_ACTUAL_POS] --(BEFORE)--> [EVENT_BEFORE_ACTUAL_POS] | [EVENT_BEFORE_ACTUAL_POS] --(BEFORE)--> [EVENT_BEFORE_ACTUAL_POS],"""poids"" --(CONTAINS)--> ""examen"" | ""examen"" --(BEFORE)--> ""toucher"" | ""toucher"" --(BEFORE)--> ""échographie"""
15,67,FR100806,[EVENT_BEFORE_ACTUAL_POS] --(CONTAINS)--> [EVENT_BEFORE_ACTUAL_POS] | [EVENT_BEFORE_ACTUAL_POS] --(BEFORE)--> [EVENT_BEFORE_ACTUAL_POS] | [EVENT_BEFORE_ACTUAL_POS] --(BEFORE)--> [EVENT_BEFORE_ACTUAL_POS],"""urée"" --(CONTAINS)--> ""biologie"" | ""biologie"" --(BEFORE)--> ""hospitalisée"" | ""hospitalisée"" --(BEFORE)--> ""hémodialyse"""
15,67,FR100814,[EVENT_BEFORE_ACTUAL_POS] --(CONTAINS)--> [EVENT_BEFORE_ACTUAL_POS] | [EVENT_BEFORE_ACTUAL_POS] --(BEFORE)--> [EVENT_BEFORE_ACTUAL_POS] | [EVENT_BEFORE_ACTUAL_POS] --(BEFORE)--> [EVENT_BEFORE_ACTUAL_POS],"""processus"" --(CONTAINS)--> ""IRM"" | ""IRM"" --(BEFORE)--> ""diagnostic"" | ""diagnostic"" --(BEFORE)--> ""réséquée"""
15,67,FR100826,[EVENT_BEFORE_ACTUAL_POS] --(CONTAINS)--> [EVENT_BEFORE_ACTUAL_POS] | [EVENT_BEFORE_ACTUAL_POS] --(BEFORE)--> [EVENT_BEFORE_ACTUAL_POS] | [EVENT_BEFORE_ACTUAL_POS] --(BEFORE)--> [EVENT_BEFORE_ACTUAL_POS],"""présence"" --(CONTAINS)--> ""retenue"" | ""retenue"" --(BEFORE)--> ""exploration"" | ""exploration"" --(BEFORE)--> ""suites"""
15,67,FR100845,[EVENT_BEFORE_ACTUAL_POS] --(CONTAINS)--> [EVENT_BEFORE_ACTUAL_POS] | [EVENT_BEFORE_ACTUAL_POS] --(BEFORE)--> [EVENT_BEFORE_ACTUAL_POS] | [EVENT_BEFORE_ACTUAL_POS] --(BEFORE)--> [EVENT_BEFORE_ACTUAL_POS],"""eupnéique"" --(CONTAINS)--> ""examen"" | ""examen"" --(BEFORE)--> ""examen"" | ""examen"" --(BEFORE)--> ""échographie"""
15,67,FR100849,[EVENT_BEFORE_ACTUAL_POS] --(CONTAINS)--> [EVENT_BEFORE_ACTUAL_POS] | [EVENT_BEFORE_ACTUAL_POS] --(BEFORE)--> [EVENT_BEFORE_ACTUAL_POS] | [EVENT_BEFORE_ACTUAL_POS] --(BEFORE)--> [EVENT_BEFORE_ACTUAL_POS],"""IMC"" --(CONTAINS)--> ""admission"" | ""admission"" --(BEFORE)--> ""tomodensitométrie"" | ""tomodensitométrie"" --(BEFORE)--> ""acheminé"""
15,67,FR100870,[EVENT_BEFORE_ACTUAL_POS] --(CONTAINS)--> [EVENT_BEFORE_ACTUAL_POS] | [EVENT_BEFORE_ACTUAL_POS] --(BEFORE)--> [EVENT_BEFORE_ACTUAL_POS] | [EVENT_BEFORE_ACTUAL_POS] --(BEFORE)--> [EVENT_BEFORE_ACTUAL_POS],"""apparition"" --(CONTAINS)--> ""retenu"" | ""retenu"" --(BEFORE)--> ""radiothérapie"" | ""radiothérapie"" --(BEFORE)--> ""admis"""
15,67,FR100874,[EVENT_BEFORE_ACTUAL_POS] --(CONTAINS)--> [EVENT_BEFORE_ACTUAL_POS] | [EVENT_BEFORE_ACTUAL_POS] --(BEFORE)--> [EVENT_BEFORE_ACTUAL_POS] | [EVENT_BEFORE_ACTUAL_POS] --(BEFORE)--> [EVENT_BEFORE_ACTUAL_POS],"""diverticule"" --(CONTAINS)--> ""retenu"" | ""retenu"" --(BEFORE)--> ""mise"" | ""mise"" --(BEFORE)--> ""diverticulectomie"""
15,67,FR100882,[EVENT_BEFORE_ACTUAL_POS] --(CONTAINS)--> [EVENT_BEFORE_ACTUAL_POS] | [EVENT_BEFORE_ACTUAL_POS] --(BEFORE)--> [EVENT_BEFORE_ACTUAL_POS] | [EVENT_BEFORE_ACTUAL_POS] --(BEFORE)--> [EVENT_BEFORE_ACTUAL_POS],"""signe"" --(CONTAINS)--> ""examen"" | ""examen"" --(BEFORE)--> ""examen"" | ""examen"" --(BEFORE)--> ""examen"""
15,67,FR100883,[EVENT_BEFORE_ACTUAL_POS] --(CONTAINS)--> [EVENT_BEFORE_ACTUAL_POS] | [EVENT_BEFORE_ACTUAL_POS] --(BEFORE)--> [EVENT_BEFORE_ACTUAL_POS] | [EVENT_BEFORE_ACTUAL_POS] --(BEFORE)--> [EVENT_BEFORE_ACTUAL_POS],"""admission"" --(CONTAINS)--> ""TDM"" | ""TDM"" --(BEFORE)--> ""biopsie"" | ""biopsie"" --(BEFORE)--> ""bilan"""
15,67,FR100894,[EVENT_BEFORE_ACTUAL_POS] --(CONTAINS)--> [EVENT_BEFORE_ACTUAL_POS] | [EVENT_BEFORE_ACTUAL_POS] --(BEFORE)--> [EVENT_BEFORE_ACTUAL_POS] | [EVENT_BEFORE_ACTUAL_POS] --(BEFORE)--> [EVENT_BEFORE_ACTUAL_POS],"""syndrome"" --(CONTAINS)--> ""diagnostic"" | ""diagnostic"" --(BEFORE)--> ""pris"" | ""pris"" --(BEFORE)--> ""incision"""
15,67,FR100903,[EVENT_BEFORE_ACTUAL_POS] --(CONTAINS)--> [EVENT_BEFORE_ACTUAL_POS] | [EVENT_BEFORE_ACTUAL_POS] --(BEFORE)--> [EVENT_BEFORE_ACTUAL_POS] | [EVENT_BEFORE_ACTUAL_POS] --(BEFORE)--> [EVENT_BEFORE_ACTUAL_POS],"""syndrome"" --(CONTAINS)--> ""IRM"" | ""IRM"" --(BEFORE)--> ""diagnostic"" | ""diagnostic"" --(BEFORE)--> ""écarté"""
15,67,FR100921,[EVENT_BEFORE_ACTUAL_POS] --(CONTAINS)--> [EVENT_BEFORE_ACTUAL_POS] | [EVENT_BEFORE_ACTUAL_POS] --(BEFORE)--> [EVENT_BEFORE_ACTUAL_POS] | [EVENT_BEFORE_ACTUAL_POS] --(BEFORE)--> [EVENT_BEFORE_ACTUAL_POS],"""signe"" --(CONTAINS)--> ""palpation"" | ""palpation"" --(BEFORE)--> ""imagerie"" | ""imagerie"" --(BEFORE)--> ""exérèse"""
15,67,FR100946,[EVENT_BEFORE_ACTUAL_POS] --(CONTAINS)--> [EVENT_BEFORE_ACTUAL_POS] | [EVENT_BEFORE_ACTUAL_POS] --(BEFORE)--> [EVENT_BEFORE_ACTUAL_POS] | [EVENT_BEFORE_ACTUAL_POS] --(BEFORE)--> [EVENT_BEFORE_ACTUAL_POS],"""tuberculome"" --(CONTAINS)--> ""analyse"" | ""analyse"" --(BEFORE)--> ""mise"" | ""mise"" --(BEFORE)--> ""arrêt"""
15,67,FR100959,[EVENT_BEFORE_ACTUAL_POS] --(CONTAINS)--> [EVENT_BEFORE_ACTUAL_POS] | [EVENT_BEFORE_ACTUAL_POS] --(BEFORE)--> [EVENT_BEFORE_ACTUAL_POS] | [EVENT_BEFORE_ACTUAL_POS] --(BEFORE)--> [EVENT_BEFORE_ACTUAL_POS],"""admis"" --(CONTAINS)--> ""œsophagoscopie"" | ""œsophagoscopie"" --(BEFORE)--> ""Transit"" | ""Transit"" --(BEFORE)--> ""notée"""
15,67,FR100996,[EVENT_BEFORE_ACTUAL_POS] --(CONTAINS)--> [EVENT_BEFORE_ACTUAL_POS] | [EVENT_BEFORE_ACTUAL_POS] --(BEFORE)--> [EVENT_BEFORE_ACTUAL_POS] | [EVENT_BEFORE_ACTUAL_POS] --(BEFORE)--> [EVENT_BEFORE_ACTUAL_POS],"""masse"" --(CONTAINS)--> ""examen"" | ""examen"" --(BEFORE)--> ""tomodensitométrie"" | ""tomodensitométrie"" --(BEFORE)--> ""injection"""
15,67,FR100998,[EVENT_BEFORE_ACTUAL_POS] --(CONTAINS)--> [EVENT_BEFORE_ACTUAL_POS] | [EVENT_BEFORE_ACTUAL_POS] --(BEFORE)--> [EVENT_BEFORE_ACTUAL_POS] | [EVENT_BEFORE_ACTUAL_POS] --(BEFORE)--> [EVENT_BEFORE_ACTUAL_POS],"""inflammation"" --(CONTAINS)--> ""diagnostic"" | ""diagnostic"" --(BEFORE)--> ""traitée"" | ""traitée"" --(BEFORE)--> ""bilan"""
131,62,FR100003,[EVENT_BEFORE_ACTUAL_POS] --(BEFORE)--> [EVENT_BEFORE_ACTUAL_POS] | [EVENT_BEFORE_ACTUAL_POS] --(BEFORE)--> [EVENT_BEFORE_ACTUAL_POS] | [EVENT_BEFORE_ACTUAL_POS] --(BEFORE)--> [EVENT_BEFORE_ACTUAL_POS],"""injection"" --(BEFORE)--> ""ponction"" | ""ponction"" --(BEFORE)--> ""examen"" | ""examen"" --(BEFORE)--> ""examen"""
131,62,FR100092,[EVENT_BEFORE_ACTUAL_POS] --(BEFORE)--> [EVENT_BEFORE_ACTUAL_POS] | [EVENT_BEFORE_ACTUAL_POS] --(BEFORE)--> [EVENT_BEFORE_ACTUAL_POS] | [EVENT_BEFORE_ACTUAL_POS] --(BEFORE)--> [EVENT_BEFORE_ACTUAL_POS],"""échographie"" --(BEFORE)--> ""tableau"" | ""tableau"" --(BEFORE)--> ""reste"" | ""reste"" --(BEFORE)--> ""minilaparotomie"""
131,62,FR100120,[EVENT_BEFORE_ACTUAL_POS] --(BEFORE)--> [EVENT_BEFORE_ACTUAL_POS] | [EVENT_BEFORE_ACTUAL_POS] --(BEFORE)--> [EVENT_BEFORE_ACTUAL_POS] | [EVENT_BEFORE_ACTUAL_POS] --(BEFORE)--> [EVENT_BEFORE_ACTUAL_POS],"""rattaché"" --(BEFORE)--> ""traitement"" | ""traitement"" --(BEFORE)--> ""retirées"" | ""retirées"" --(BEFORE)--> ""conclure"""
131,62,FR100130,[EVENT_BEFORE_ACTUAL_POS] --(BEFORE)--> [EVENT_BEFORE_ACTUAL_POS] | [EVENT_BEFORE_ACTUAL_POS] --(BEFORE)--> [EVENT_BEFORE_ACTUAL_POS] | [EVENT_BEFORE_ACTUAL_POS] --(BEFORE)--> [EVENT_BEFORE_ACTUAL_POS],"""admis"" --(BEFORE)--> ""plaignait"" | ""plaignait"" --(BEFORE)--> ""examen"" | ""examen"" --(BEFORE)--> ""biologie"""
131,62,FR100132,[EVENT_BEFORE_ACTUAL_POS] --(BEFORE)--> [EVENT_BEFORE_ACTUAL_POS] | [EVENT_BEFORE_ACTUAL_POS] --(BEFORE)--> [EVENT_BEFORE_ACTUAL_POS] | [EVENT_BEFORE_ACTUAL_POS] --(BEFORE)--> [EVENT_BEFORE_ACTUAL_POS],"""palpation"" --(BEFORE)--> ""histologie"" | ""histologie"" --(BEFORE)--> ""examen"" | ""examen"" --(BEFORE)--> ""écho-Doppler"""
131,62,FR100142,[EVENT_BEFORE_ACTUAL_POS] --(BEFORE)--> [EVENT_BEFORE_ACTUAL_POS] | [EVENT_BEFORE_ACTUAL_POS] --(BEFORE)--> [EVENT_BEFORE_ACTUAL_POS] | [EVENT_BEFORE_ACTUAL_POS] --(BEFORE)--> [EVENT_BEFORE_ACTUAL_POS],"""scanner"" --(BEFORE)--> ""fibroscopie"" | ""fibroscopie"" --(BEFORE)--> ""biopsie"" | ""biopsie"" --(BEFORE)--> ""mis"""
131,62,FR100161,[EVENT_BEFORE_ACTUAL_POS] --(BEFORE)--> [EVENT_BEFORE_ACTUAL_POS] | [EVENT_BEFORE_ACTUAL_POS] --(BEFORE)--> [EVENT_BEFORE_ACTUAL_POS] | [EVENT_BEFORE_ACTUAL_POS] --(BEFORE)--> [EVENT_BEFORE_ACTUAL_POS],"""complément"" --(BEFORE)--> ""cortisol"" | ""cortisol"" --(BEFORE)--> ""exérèse"" | ""exérèse"" --(BEFORE)--> ""examen"""
131,62,FR100168,[EVENT_BEFORE_ACTUAL_POS] --(BEFORE)--> [EVENT_BEFORE_ACTUAL_POS] | [EVENT_BEFORE_ACTUAL_POS] --(BEFORE)--> [EVENT_BEFORE_ACTUAL_POS] | [EVENT_BEFORE_ACTUAL_POS] --(BEFORE)--> [EVENT_BEFORE_ACTUAL_POS],"""transfusion"" --(BEFORE)--> ""bilan"" | ""bilan"" --(BEFORE)--> ""tests"" | ""tests"" --(BEFORE)--> ""entretien"""
131,62,FR100255,[EVENT_BEFORE_ACTUAL_POS] --(BEFORE)--> [EVENT_BEFORE_ACTUAL_POS] | [EVENT_BEFORE_ACTUAL_POS] --(BEFORE)--> [EVENT_BEFORE_ACTUAL_POS] | [EVENT_BEFORE_ACTUAL_POS] --(BEFORE)--> [EVENT_BEFORE_ACTUAL_POS],"""examen"" --(BEFORE)--> ""examen"" | ""examen"" --(BEFORE)--> ""échographie"" | ""échographie"" --(BEFORE)--> ""mise"""
131,62,FR100275,[EVENT_BEFORE_ACTUAL_POS] --(BEFORE)--> [EVENT_BEFORE_ACTUAL_POS] | [EVENT_BEFORE_ACTUAL_POS] --(BEFORE)--> [EVENT_BEFORE_ACTUAL_POS] | [EVENT_BEFORE_ACTUAL_POS] --(BEFORE)--> [EVENT_BEFORE_ACTUAL_POS],"""établi"" --(BEFORE)--> ""manœuvres"" | ""manœuvres"" --(BEFORE)--> ""transféré"" | ""transféré"" --(BEFORE)--> ""anamnèse"""
131,62,FR100276,[EVENT_BEFORE_ACTUAL_POS] --(BEFORE)--> [EVENT_BEFORE_ACTUAL_POS] | [EVENT_BEFORE_ACTUAL_POS] --(BEFORE)--> [EVENT_BEFORE_ACTUAL_POS] | [EVENT_BEFORE_ACTUAL_POS] --(BEFORE)--> [EVENT_BEFORE_ACTUAL_POS],"""accouchement"" --(BEFORE)--> ""reste"" | ""reste"" --(BEFORE)--> ""bilan"" | ""bilan"" --(BEFORE)--> ""régression"""
131,62,FR100282,[EVENT_BEFORE_ACTUAL_POS] --(BEFORE)--> [EVENT_BEFORE_ACTUAL_POS] | [EVENT_BEFORE_ACTUAL_POS] --(BEFORE)--> [EVENT_BEFORE_ACTUAL_POS] | [EVENT_BEFORE_ACTUAL_POS] --(BEFORE)--> [EVENT_BEFORE_ACTUAL_POS],"""scanner"" --(BEFORE)--> ""conclus"" | ""conclus"" --(BEFORE)--> ""instauré"" | ""instauré"" --(BEFORE)--> ""suivi"""
131,62,FR100283,[EVENT_BEFORE_ACTUAL_POS] --(BEFORE)--> [EVENT_BEFORE_ACTUAL_POS] | [EVENT_BEFORE_ACTUAL_POS] --(BEFORE)--> [EVENT_BEFORE_ACTUAL_POS] | [EVENT_BEFORE_ACTUAL_POS] --(BEFORE)--> [EVENT_BEFORE_ACTUAL_POS],"""bilan"" --(BEFORE)--> ""IRM"" | ""IRM"" --(BEFORE)--> ""hypophysiogramme"" | ""hypophysiogramme"" --(BEFORE)--> ""traitement"""
131,62,FR100296,[EVENT_BEFORE_ACTUAL_POS] --(BEFORE)--> [EVENT_BEFORE_ACTUAL_POS] | [EVENT_BEFORE_ACTUAL_POS] --(BEFORE)--> [EVENT_BEFORE_ACTUAL_POS] | [EVENT_BEFORE_ACTUAL_POS] --(BEFORE)--> [EVENT_BEFORE_ACTUAL_POS],"""examen"" --(BEFORE)--> ""IRM"" | ""IRM"" --(BEFORE)--> ""fenestration"" | ""fenestration"" --(BEFORE)--> ""suites"""
131,62,FR100314,[EVENT_BEFORE_ACTUAL_POS] --(BEFORE)--> [EVENT_BEFORE_ACTUAL_POS] | [EVENT_BEFORE_ACTUAL_POS] --(BEFORE)--> [EVENT_BEFORE_ACTUAL_POS] | [EVENT_BEFORE_ACTUAL_POS] --(BEFORE)--> [EVENT_BEFORE_ACTUAL_POS],"""drainage"" --(BEFORE)--> ""angio-scanner"" | ""angio-scanner"" --(BEFORE)--> ""amputation"" | ""amputation"" --(BEFORE)--> ""mise"""
131,62,FR100344,[EVENT_BEFORE_ACTUAL_POS] --(BEFORE)--> [EVENT_BEFORE_ACTUAL_POS] | [EVENT_BEFORE_ACTUAL_POS] --(BEFORE)--> [EVENT_BEFORE_ACTUAL_POS] | [EVENT_BEFORE_ACTUAL_POS] --(BEFORE)--> [EVENT_BEFORE_ACTUAL_POS],"""développé"" --(BEFORE)--> ""contrôle"" | ""contrôle"" --(BEFORE)--> ""tombée"" | ""tombée"" --(BEFORE)--> ""interruption"""
131,62,FR100346,[EVENT_BEFORE_ACTUAL_POS] --(BEFORE)--> [EVENT_BEFORE_ACTUAL_POS] | [EVENT_BEFORE_ACTUAL_POS] --(BEFORE)--> [EVENT_BEFORE_ACTUAL_POS] | [EVENT_BEFORE_ACTUAL_POS] --(BEFORE)--> [EVENT_BEFORE_ACTUAL_POS],"""posé"" --(BEFORE)--> ""bilan"" | ""bilan"" --(BEFORE)--> ""héparinothérapie"" | ""héparinothérapie"" --(BEFORE)--> ""anti-vitamine"""
131,62,FR100360,[EVENT_BEFORE_ACTUAL_POS] --(BEFORE)--> [EVENT_BEFORE_ACTUAL_POS] | [EVENT_BEFORE_ACTUAL_POS] --(BEFORE)--> [EVENT_BEFORE_ACTUAL_POS] | [EVENT_BEFORE_ACTUAL_POS] --(BEFORE)--> [EVENT_BEFORE_ACTUAL_POS],"""biopsie"" --(BEFORE)--> ""tomodensitométrie"" | ""tomodensitométrie"" --(BEFORE)--> ""radiothérapie"" | ""radiothérapie"" --(BEFORE)--> ""cures"""
131,62,FR100361,[EVENT_BEFORE_ACTUAL_POS] --(BEFORE)--> [EVENT_BEFORE_ACTUAL_POS] | [EVENT_BEFORE_ACTUAL_POS] --(BEFORE)--> [EVENT_BEFORE_ACTUAL_POS] | [EVENT_BEFORE_ACTUAL_POS] --(BEFORE)--> [EVENT_BEFORE_ACTUAL_POS],"""examen"" --(BEFORE)--> ""examen"" | ""examen"" --(BEFORE)--> ""culture"" | ""culture"" --(BEFORE)--> ""protéine"""
131,62,FR100371,[EVENT_BEFORE_ACTUAL_POS] --(BEFORE)--> [EVENT_BEFORE_ACTUAL_POS] | [EVENT_BEFORE_ACTUAL_POS] --(BEFORE)--> [EVENT_BEFORE_ACTUAL_POS] | [EVENT_BEFORE_ACTUAL_POS] --(BEFORE)--> [EVENT_BEFORE_ACTUAL_POS],"""adressée"" --(BEFORE)--> ""admission"" | ""admission"" --(BEFORE)--> ""examen"" | ""examen"" --(BEFORE)--> ""examen"""
131,62,FR100400,[EVENT_BEFORE_ACTUAL_POS] --(BEFORE)--> [EVENT_BEFORE_ACTUAL_POS] | [EVENT_BEFORE_ACTUAL_POS] --(BEFORE)--> [EVENT_BEFORE_ACTUAL_POS] | [EVENT_BEFORE_ACTUAL_POS] --(BEFORE)--> [EVENT_BEFORE_ACTUAL_POS],"""Radiographie"" --(BEFORE)--> ""échographie"" | ""échographie"" --(BEFORE)--> ""scanner"" | ""scanner"" --(BEFORE)--> ""diagnostic"""
131,62,FR100439,[EVENT_BEFORE_ACTUAL_POS] --(BEFORE)--> [EVENT_BEFORE_ACTUAL_POS] | [EVENT_BEFORE_ACTUAL_POS] --(BEFORE)--> [EVENT_BEFORE_ACTUAL_POS] | [EVENT_BEFORE_ACTUAL_POS] --(BEFORE)--> [EVENT_BEFORE_ACTUAL_POS],"""classée"" --(BEFORE)--> ""bénéficier"" | ""bénéficier"" --(BEFORE)--> ""nasofibroscopie"" | ""nasofibroscopie"" --(BEFORE)--> ""contrôles"""
131,62,FR100448,[EVENT_BEFORE_ACTUAL_POS] --(BEFORE)--> [EVENT_BEFORE_ACTUAL_POS] | [EVENT_BEFORE_ACTUAL_POS] --(BEFORE)--> [EVENT_BEFORE_ACTUAL_POS] | [EVENT_BEFORE_ACTUAL_POS] --(BEFORE)--> [EVENT_BEFORE_ACTUAL_POS],"""examen"" --(BEFORE)--> ""histochimie"" | ""histochimie"" --(BEFORE)--> ""scanner"" | ""scanner"" --(BEFORE)--> ""tomographie"""
131,62,FR100453,[EVENT_BEFORE_ACTUAL_POS] --(BEFORE)--> [EVENT_BEFORE_ACTUAL_POS] | [EVENT_BEFORE_ACTUAL_POS] --(BEFORE)--> [EVENT_BEFORE_ACTUAL_POS] | [EVENT_BEFORE_ACTUAL_POS] --(BEFORE)--> [EVENT_BEFORE_ACTUAL_POS],"""examen"" --(BEFORE)--> ""radiographies"" | ""radiographies"" --(BEFORE)--> ""porté"" | ""porté"" --(BEFORE)--> ""hospitalisé"""
131,62,FR100480,[EVENT_BEFORE_ACTUAL_POS] --(BEFORE)--> [EVENT_BEFORE_ACTUAL_POS] | [EVENT_BEFORE_ACTUAL_POS] --(BEFORE)--> [EVENT_BEFORE_ACTUAL_POS] | [EVENT_BEFORE_ACTUAL_POS] --(BEFORE)--> [EVENT_BEFORE_ACTUAL_POS],"""scanner"" --(BEFORE)--> ""Tomographie"" | ""Tomographie"" --(BEFORE)--> ""reprise"" | ""reprise"" --(BEFORE)--> ""débuté"""
131,62,FR100515,[EVENT_BEFORE_ACTUAL_POS] --(BEFORE)--> [EVENT_BEFORE_ACTUAL_POS] | [EVENT_BEFORE_ACTUAL_POS] --(BEFORE)--> [EVENT_BEFORE_ACTUAL_POS] | [EVENT_BEFORE_ACTUAL_POS] --(BEFORE)--> [EVENT_BEFORE_ACTUAL_POS],"""retenu"" --(BEFORE)--> ""bilan"" | ""bilan"" --(BEFORE)--> ""bilan"" | ""bilan"" --(BEFORE)--> ""prescrits"""
131,62,FR100517,[EVENT_BEFORE_ACTUAL_POS] --(BEFORE)--> [EVENT_BEFORE_ACTUAL_POS] | [EVENT_BEFORE_ACTUAL_POS] --(BEFORE)--> [EVENT_BEFORE_ACTUAL_POS] | [EVENT_BEFORE_ACTUAL_POS] --(BEFORE)--> [EVENT_BEFORE_ACTUAL_POS],"""électromyogramme"" --(BEFORE)--> ""bilan"" | ""bilan"" --(BEFORE)--> ""explorations"" | ""explorations"" --(BEFORE)--> ""porté"""
131,62,FR100519,[EVENT_BEFORE_ACTUAL_POS] --(BEFORE)--> [EVENT_BEFORE_ACTUAL_POS] | [EVENT_BEFORE_ACTUAL_POS] --(BEFORE)--> [EVENT_BEFORE_ACTUAL_POS] | [EVENT_BEFORE_ACTUAL_POS] --(BEFORE)--> [EVENT_BEFORE_ACTUAL_POS],"""transfusion"" --(BEFORE)--> ""tomodensitométrie"" | ""tomodensitométrie"" --(BEFORE)--> ""laparotomie"" | ""laparotomie"" --(BEFORE)--> ""suites"""
131,62,FR100579,[EVENT_BEFORE_ACTUAL_POS] --(BEFORE)--> [EVENT_BEFORE_ACTUAL_POS] | [EVENT_BEFORE_ACTUAL_POS] --(BEFORE)--> [EVENT_BEFORE_ACTUAL_POS] | [EVENT_BEFORE_ACTUAL_POS] --(BEFORE)--> [EVENT_BEFORE_ACTUAL_POS],"""radiographie"" --(BEFORE)--> ""échocardiographie"" | ""échocardiographie"" --(BEFORE)--> ""angio-scanner"" | ""angio-scanner"" --(BEFORE)--> ""imagerie"""
131,62,FR100589,[EVENT_BEFORE_ACTUAL_POS] --(BEFORE)--> [EVENT_BEFORE_ACTUAL_POS] | [EVENT_BEFORE_ACTUAL_POS] --(BEFORE)--> [EVENT_BEFORE_ACTUAL_POS] | [EVENT_BEFORE_ACTUAL_POS] --(BEFORE)--> [EVENT_BEFORE_ACTUAL_POS],"""biopsies"" --(BEFORE)--> ""exploration"" | ""exploration"" --(BEFORE)--> ""hémogramme"" | ""hémogramme"" --(BEFORE)--> ""Cytométrie"""
131,62,FR100597,[EVENT_BEFORE_ACTUAL_POS] --(BEFORE)--> [EVENT_BEFORE_ACTUAL_POS] | [EVENT_BEFORE_ACTUAL_POS] --(BEFORE)--> [EVENT_BEFORE_ACTUAL_POS] | [EVENT_BEFORE_ACTUAL_POS] --(BEFORE)--> [EVENT_BEFORE_ACTUAL_POS],"""examen"" --(BEFORE)--> ""examen"" | ""examen"" --(BEFORE)--> ""examen"" | ""examen"" --(BEFORE)--> ""toucher"""
131,62,FR100611,[EVENT_BEFORE_ACTUAL_POS] --(BEFORE)--> [EVENT_BEFORE_ACTUAL_POS] | [EVENT_BEFORE_ACTUAL_POS] --(BEFORE)--> [EVENT_BEFORE_ACTUAL_POS] | [EVENT_BEFORE_ACTUAL_POS] --(BEFORE)--> [EVENT_BEFORE_ACTUAL_POS],"""IRM"" --(BEFORE)--> ""étude"" | ""étude"" --(BEFORE)--> ""examen"" | ""examen"" --(BEFORE)--> ""cultures"""
131,62,FR100614,[EVENT_BEFORE_ACTUAL_POS] --(BEFORE)--> [EVENT_BEFORE_ACTUAL_POS] | [EVENT_BEFORE_ACTUAL_POS] --(BEFORE)--> [EVENT_BEFORE_ACTUAL_POS] | [EVENT_BEFORE_ACTUAL_POS] --(BEFORE)--> [EVENT_BEFORE_ACTUAL_POS],"""étude"" --(BEFORE)--> ""suites"" | ""suites"" --(BEFORE)--> ""sérologie"" | ""sérologie"" --(BEFORE)--> ""traitement"""
131,62,FR100620,[EVENT_BEFORE_ACTUAL_POS] --(BEFORE)--> [EVENT_BEFORE_ACTUAL_POS] | [EVENT_BEFORE_ACTUAL_POS] --(BEFORE)--> [EVENT_BEFORE_ACTUAL_POS] | [EVENT_BEFORE_ACTUAL_POS] --(BEFORE)--> [EVENT_BEFORE_ACTUAL_POS],"""bilan"" --(BEFORE)--> ""bilan"" | ""bilan"" --(BEFORE)--> ""bilan"" | ""bilan"" --(BEFORE)--> ""évolution"""
131,62,FR100623,[EVENT_BEFORE_ACTUAL_POS] --(BEFORE)--> [EVENT_BEFORE_ACTUAL_POS] | [EVENT_BEFORE_ACTUAL_POS] --(BEFORE)--> [EVENT_BEFORE_ACTUAL_POS] | [EVENT_BEFORE_ACTUAL_POS] --(BEFORE)--> [EVENT_BEFORE_ACTUAL_POS],"""consulté"" --(BEFORE)--> ""examen"" | ""examen"" --(BEFORE)--> ""échographie"" | ""échographie"" --(BEFORE)--> ""tomodensitométrie"""
131,62,FR100629,[EVENT_BEFORE_ACTUAL_POS] --(BEFORE)--> [EVENT_BEFORE_ACTUAL_POS] | [EVENT_BEFORE_ACTUAL_POS] --(BEFORE)--> [EVENT_BEFORE_ACTUAL_POS] | [EVENT_BEFORE_ACTUAL_POS] --(BEFORE)--> [EVENT_BEFORE_ACTUAL_POS],"""thoracoscopie"" --(BEFORE)--> ""marquage"" | ""marquage"" --(BEFORE)--> ""bilan"" | ""bilan"" --(BEFORE)--> ""décision"""
131,62,FR100632,[EVENT_BEFORE_ACTUAL_POS] --(BEFORE)--> [EVENT_BEFORE_ACTUAL_POS] | [EVENT_BEFORE_ACTUAL_POS] --(BEFORE)--> [EVENT_BEFORE_ACTUAL_POS] | [EVENT_BEFORE_ACTUAL_POS] --(BEFORE)--> [EVENT_BEFORE_ACTUAL_POS],"""interrogatoire"" --(BEFORE)--> ""examen"" | ""examen"" --(BEFORE)--> ""examen"" | ""examen"" --(BEFORE)--> ""IRM"""
131,62,FR100658,[EVENT_BEFORE_ACTUAL_POS] --(BEFORE)--> [EVENT_BEFORE_ACTUAL_POS] | [EVENT_BEFORE_ACTUAL_POS] --(BEFORE)--> [EVENT_BEFORE_ACTUAL_POS] | [EVENT_BEFORE_ACTUAL_POS] --(BEFORE)--> [EVENT_BEFORE_ACTUAL_POS],"""début"" --(BEFORE)--> ""examen"" | ""examen"" --(BEFORE)--> ""laryngoscopie"" | ""laryngoscopie"" --(BEFORE)--> ""tomodensitométrie"""
131,62,FR100663,[EVENT_BEFORE_ACTUAL_POS] --(BEFORE)--> [EVENT_BEFORE_ACTUAL_POS] | [EVENT_BEFORE_ACTUAL_POS] --(BEFORE)--> [EVENT_BEFORE_ACTUAL_POS] | [EVENT_BEFORE_ACTUAL_POS] --(BEFORE)--> [EVENT_BEFORE_ACTUAL_POS],"""incisée"" --(BEFORE)--> ""vérifié"" | ""vérifié"" --(BEFORE)--> ""reprise"" | ""reprise"" --(BEFORE)--> ""fermé"""
131,62,FR100666,[EVENT_BEFORE_ACTUAL_POS] --(BEFORE)--> [EVENT_BEFORE_ACTUAL_POS] | [EVENT_BEFORE_ACTUAL_POS] --(BEFORE)--> [EVENT_BEFORE_ACTUAL_POS] | [EVENT_BEFORE_ACTUAL_POS] --(BEFORE)--> [EVENT_BEFORE_ACTUAL_POS],"""étude"" --(BEFORE)--> ""adressé"" | ""adressé"" --(BEFORE)--> ""bilan"" | ""bilan"" --(BEFORE)--> ""myologramme"""
131,62,FR100683,[EVENT_BEFORE_ACTUAL_POS] --(BEFORE)--> [EVENT_BEFORE_ACTUAL_POS] | [EVENT_BEFORE_ACTUAL_POS] --(BEFORE)--> [EVENT_BEFORE_ACTUAL_POS] | [EVENT_BEFORE_ACTUAL_POS] --(BEFORE)--> [EVENT_BEFORE_ACTUAL_POS],"""exploration"" --(BEFORE)--> ""IRM"" | ""IRM"" --(BEFORE)--> ""écho-mammographie"" | ""écho-mammographie"" --(BEFORE)--> ""osteodensitométrie"""
131,62,FR100688,[EVENT_BEFORE_ACTUAL_POS] --(BEFORE)--> [EVENT_BEFORE_ACTUAL_POS] | [EVENT_BEFORE_ACTUAL_POS] --(BEFORE)--> [EVENT_BEFORE_ACTUAL_POS] | [EVENT_BEFORE_ACTUAL_POS] --(BEFORE)--> [EVENT_BEFORE_ACTUAL_POS],"""examen"" --(BEFORE)--> ""examen"" | ""examen"" --(BEFORE)--> ""examen"" | ""examen"" --(BEFORE)--> ""sérologie"""
131,62,FR100689,[EVENT_BEFORE_ACTUAL_POS] --(BEFORE)--> [EVENT_BEFORE_ACTUAL_POS] | [EVENT_BEFORE_ACTUAL_POS] --(BEFORE)--> [EVENT_BEFORE_ACTUAL_POS] | [EVENT_BEFORE_ACTUAL_POS] --(BEFORE)--> [EVENT_BEFORE_ACTUAL_POS],"""examen"" --(BEFORE)--> ""PCR"" | ""PCR"" --(BEFORE)--> ""scanner"" | ""scanner"" --(BEFORE)--> ""hémogramme"""
131,62,FR100697,[EVENT_BEFORE_ACTUAL_POS] --(BEFORE)--> [EVENT_BEFORE_ACTUAL_POS] | [EVENT_BEFORE_ACTUAL_POS] --(BEFORE)--> [EVENT_BEFORE_ACTUAL_POS] | [EVENT_BEFORE_ACTUAL_POS] --(BEFORE)--> [EVENT_BEFORE_ACTUAL_POS],"""apparition"" --(BEFORE)--> ""inspection"" | ""inspection"" --(BEFORE)--> ""palpation"" | ""palpation"" --(BEFORE)--> ""examen"""
131,62,FR100708,[EVENT_BEFORE_ACTUAL_POS] --(BEFORE)--> [EVENT_BEFORE_ACTUAL_POS] | [EVENT_BEFORE_ACTUAL_POS] --(BEFORE)--> [EVENT_BEFORE_ACTUAL_POS] | [EVENT_BEFORE_ACTUAL_POS] --(BEFORE)--> [EVENT_BEFORE_ACTUAL_POS],"""examen"" --(BEFORE)--> ""mammographie"" | ""mammographie"" --(BEFORE)--> ""échographie"" | ""échographie"" --(BEFORE)--> ""ponction"""
131,62,FR100717,[EVENT_BEFORE_ACTUAL_POS] --(BEFORE)--> [EVENT_BEFORE_ACTUAL_POS] | [EVENT_BEFORE_ACTUAL_POS] --(BEFORE)--> [EVENT_BEFORE_ACTUAL_POS] | [EVENT_BEFORE_ACTUAL_POS] --(BEFORE)--> [EVENT_BEFORE_ACTUAL_POS],"""examens"" --(BEFORE)--> ""scanner"" | ""scanner"" --(BEFORE)--> ""IRM"" | ""IRM"" --(BEFORE)--> ""laminectomie"""
131,62,FR100748,[EVENT_BEFORE_ACTUAL_POS] --(BEFORE)--> [EVENT_BEFORE_ACTUAL_POS] | [EVENT_BEFORE_ACTUAL_POS] --(BEFORE)--> [EVENT_BEFORE_ACTUAL_POS] | [EVENT_BEFORE_ACTUAL_POS] --(BEFORE)--> [EVENT_BEFORE_ACTUAL_POS],"""suites"" --(BEFORE)--> ""transférée"" | ""transférée"" --(BEFORE)--> ""regagné"" | ""regagné"" --(BEFORE)--> ""recul"""
131,62,FR100780,[EVENT_BEFORE_ACTUAL_POS] --(BEFORE)--> [EVENT_BEFORE_ACTUAL_POS] | [EVENT_BEFORE_ACTUAL_POS] --(BEFORE)--> [EVENT_BEFORE_ACTUAL_POS] | [EVENT_BEFORE_ACTUAL_POS] --(BEFORE)--> [EVENT_BEFORE_ACTUAL_POS],"""admise"" --(BEFORE)--> ""examen"" | ""examen"" --(BEFORE)--> ""toucher"" | ""toucher"" --(BEFORE)--> ""échographie"""
131,62,FR100806,[EVENT_BEFORE_ACTUAL_POS] --(BEFORE)--> [EVENT_BEFORE_ACTUAL_POS] | [EVENT_BEFORE_ACTUAL_POS] --(BEFORE)--> [EVENT_BEFORE_ACTUAL_POS] | [EVENT_BEFORE_ACTUAL_POS] --(BEFORE)--> [EVENT_BEFORE_ACTUAL_POS],"""tomodensitométrie"" --(BEFORE)--> ""prise"" | ""prise"" --(BEFORE)--> ""examen"" | ""examen"" --(BEFORE)--> ""suites"""
131,62,FR100814,[EVENT_BEFORE_ACTUAL_POS] --(BEFORE)--> [EVENT_BEFORE_ACTUAL_POS] | [EVENT_BEFORE_ACTUAL_POS] --(BEFORE)--> [EVENT_BEFORE_ACTUAL_POS] | [EVENT_BEFORE_ACTUAL_POS] --(BEFORE)--> [EVENT_BEFORE_ACTUAL_POS],"""IRM"" --(BEFORE)--> ""diagnostic"" | ""diagnostic"" --(BEFORE)--> ""réséquée"" | ""réséquée"" --(BEFORE)--> ""examen"""
131,62,FR100826,[EVENT_BEFORE_ACTUAL_POS] --(BEFORE)--> [EVENT_BEFORE_ACTUAL_POS] | [EVENT_BEFORE_ACTUAL_POS] --(BEFORE)--> [EVENT_BEFORE_ACTUAL_POS] | [EVENT_BEFORE_ACTUAL_POS] --(BEFORE)--> [EVENT_BEFORE_ACTUAL_POS],"""examen"" --(BEFORE)--> ""bilan"" | ""bilan"" --(BEFORE)--> ""bilan"" | ""bilan"" --(BEFORE)--> ""retenue"""
131,62,FR100845,[EVENT_BEFORE_ACTUAL_POS] --(BEFORE)--> [EVENT_BEFORE_ACTUAL_POS] | [EVENT_BEFORE_ACTUAL_POS] --(BEFORE)--> [EVENT_BEFORE_ACTUAL_POS] | [EVENT_BEFORE_ACTUAL_POS] --(BEFORE)--> [EVENT_BEFORE_ACTUAL_POS],"""examen"" --(BEFORE)--> ""échographie"" | ""échographie"" --(BEFORE)--> ""radiographie"" | ""radiographie"" --(BEFORE)--> ""décision"""
131,62,FR100849,[EVENT_BEFORE_ACTUAL_POS] --(BEFORE)--> [EVENT_BEFORE_ACTUAL_POS] | [EVENT_BEFORE_ACTUAL_POS] --(BEFORE)--> [EVENT_BEFORE_ACTUAL_POS] | [EVENT_BEFORE_ACTUAL_POS] --(BEFORE)--> [EVENT_BEFORE_ACTUAL_POS],"""admission"" --(BEFORE)--> ""tomodensitométrie"" | ""tomodensitométrie"" --(BEFORE)--> ""acheminé"" | ""acheminé"" --(BEFORE)--> ""suites"""
131,62,FR100870,[EVENT_BEFORE_ACTUAL_POS] --(BEFORE)--> [EVENT_BEFORE_ACTUAL_POS] | [EVENT_BEFORE_ACTUAL_POS] --(BEFORE)--> [EVENT_BEFORE_ACTUAL_POS] | [EVENT_BEFORE_ACTUAL_POS] --(BEFORE)--> [EVENT_BEFORE_ACTUAL_POS],"""hémogramme"" --(BEFORE)--> ""bilan"" | ""bilan"" --(BEFORE)--> ""IRM"" | ""IRM"" --(BEFORE)--> ""électrophorèse"""
131,62,FR100874,[EVENT_BEFORE_ACTUAL_POS] --(BEFORE)--> [EVENT_BEFORE_ACTUAL_POS] | [EVENT_BEFORE_ACTUAL_POS] --(BEFORE)--> [EVENT_BEFORE_ACTUAL_POS] | [EVENT_BEFORE_ACTUAL_POS] --(BEFORE)--> [EVENT_BEFORE_ACTUAL_POS],"""fibroscopie"" --(BEFORE)--> ""transit"" | ""transit"" --(BEFORE)--> ""tomodensitométrie"" | ""tomodensitométrie"" --(BEFORE)--> ""retenu"""
131,62,FR100882,[EVENT_BEFORE_ACTUAL_POS] --(BEFORE)--> [EVENT_BEFORE_ACTUAL_POS] | [EVENT_BEFORE_ACTUAL_POS] --(BEFORE)--> [EVENT_BEFORE_ACTUAL_POS] | [EVENT_BEFORE_ACTUAL_POS] --(BEFORE)--> [EVENT_BEFORE_ACTUAL_POS],"""Imagerie"" --(BEFORE)--> ""bilan"" | ""bilan"" --(BEFORE)--> ""sérologies"" | ""sérologies"" --(BEFORE)--> ""sclérothérapie"""
131,62,FR100883,[EVENT_BEFORE_ACTUAL_POS] --(BEFORE)--> [EVENT_BEFORE_ACTUAL_POS] | [EVENT_BEFORE_ACTUAL_POS] --(BEFORE)--> [EVENT_BEFORE_ACTUAL_POS] | [EVENT_BEFORE_ACTUAL_POS] --(BEFORE)--> [EVENT_BEFORE_ACTUAL_POS],"""TDM"" --(BEFORE)--> ""biopsie"" | ""biopsie"" --(BEFORE)--> ""bilan"" | ""bilan"" --(BEFORE)--> ""reçu"""
131,62,FR100894,[EVENT_BEFORE_ACTUAL_POS] --(BEFORE)--> [EVENT_BEFORE_ACTUAL_POS] | [EVENT_BEFORE_ACTUAL_POS] --(BEFORE)--> [EVENT_BEFORE_ACTUAL_POS] | [EVENT_BEFORE_ACTUAL_POS] --(BEFORE)--> [EVENT_BEFORE_ACTUAL_POS],"""imagerie"" --(BEFORE)--> ""prescrit"" | ""prescrit"" --(BEFORE)--> ""rejoint"" | ""rejoint"" --(BEFORE)--> ""trajet"""
131,62,FR100903,[EVENT_BEFORE_ACTUAL_POS] --(BEFORE)--> [EVENT_BEFORE_ACTUAL_POS] | [EVENT_BEFORE_ACTUAL_POS] --(BEFORE)--> [EVENT_BEFORE_ACTUAL_POS] | [EVENT_BEFORE_ACTUAL_POS] --(BEFORE)--> [EVENT_BEFORE_ACTUAL_POS],"""diagnostic"" --(BEFORE)--> ""écarté"" | ""écarté"" --(BEFORE)--> ""contrôles"" | ""contrôles"" --(BEFORE)--> ""accouchement"""
131,62,FR100946,[EVENT_BEFORE_ACTUAL_POS] --(BEFORE)--> [EVENT_BEFORE_ACTUAL_POS] | [EVENT_BEFORE_ACTUAL_POS] --(BEFORE)--> [EVENT_BEFORE_ACTUAL_POS] | [EVENT_BEFORE_ACTUAL_POS] --(BEFORE)--> [EVENT_BEFORE_ACTUAL_POS],"""IRM"" --(BEFORE)--> ""analyse"" | ""analyse"" --(BEFORE)--> ""mise"" | ""mise"" --(BEFORE)--> ""exérèse"""
131,62,FR100996,[EVENT_BEFORE_ACTUAL_POS] --(BEFORE)--> [EVENT_BEFORE_ACTUAL_POS] | [EVENT_BEFORE_ACTUAL_POS] --(BEFORE)--> [EVENT_BEFORE_ACTUAL_POS] | [EVENT_BEFORE_ACTUAL_POS] --(BEFORE)--> [EVENT_BEFORE_ACTUAL_POS],"""examen"" --(BEFORE)--> ""tomodensitométrie"" | ""tomodensitométrie"" --(BEFORE)--> ""injection"" | ""injection"" --(BEFORE)--> ""retenu"""
131,62,FR100998,[EVENT_BEFORE_ACTUAL_POS] --(BEFORE)--> [EVENT_BEFORE_ACTUAL_POS] | [EVENT_BEFORE_ACTUAL_POS] --(BEFORE)--> [EVENT_BEFORE_ACTUAL_POS] | [EVENT_BEFORE_ACTUAL_POS] --(BEFORE)--> [EVENT_BEFORE_ACTUAL_POS],"""test"" --(BEFORE)--> ""diagnostic"" | ""diagnostic"" --(BEFORE)--> ""traitée"" | ""traitée"" --(BEFORE)--> ""bilan"""
0,59,FR100003,[EVENT_BEFORE_ACTUAL_POS] --(CONTAINS)--> [EVENT_BEFORE_ACTUAL_POS] | [EVENT_BEFORE_ACTUAL_POS] --(CONTAINS)--> [EVENT_BEFORE_ACTUAL_POS],"""bloc"" --(CONTAINS)--> ""abordé"" | ""bloc"" --(CONTAINS)--> ""drainé"""
0,59,FR100078,[EVENT_BEFORE_ACTUAL_POS] --(CONTAINS)--> [EVENT_BEFORE_ACTUAL_POS] | [EVENT_BEFORE_ACTUAL_POS] --(CONTAINS)--> [EVENT_BEFORE_ACTUAL_POS],"""signes"" --(CONTAINS)--> ""diagnostic"" | ""signes"" --(CONTAINS)--> ""C-réactive"""
0,59,FR100092,[EVENT_BEFORE_ACTUAL_POS] --(CONTAINS)--> [EVENT_BEFORE_ACTUAL_POS] | [EVENT_BEFORE_ACTUAL_POS] --(CONTAINS)--> [EVENT_BEFORE_ACTUAL_POS],"""examen"" --(CONTAINS)--> ""fréquence"" | ""examen"" --(CONTAINS)--> ""tension"""
0,59,FR100130,[EVENT_BEFORE_ACTUAL_POS] --(CONTAINS)--> [EVENT_BEFORE_ACTUAL_POS] | [EVENT_BEFORE_ACTUAL_POS] --(CONTAINS)--> [EVENT_BEFORE_ACTUAL_POS],"""activité"" --(CONTAINS)--> ""électromyogramme"" | ""activité"" --(CONTAINS)--> ""décharges"""
0,59,FR100132,[EVENT_BEFORE_ACTUAL_POS] --(CONTAINS)--> [EVENT_BEFORE_ACTUAL_POS] | [EVENT_BEFORE_ACTUAL_POS] --(CONTAINS)--> [EVENT_BEFORE_ACTUAL_POS],"""examen"" --(CONTAINS)--> ""angiographie"" | ""examen"" --(CONTAINS)--> ""tension"""
0,59,FR100142,[EVENT_BEFORE_ACTUAL_POS] --(CONTAINS)--> [EVENT_BEFORE_ACTUAL_POS] | [EVENT_BEFORE_ACTUAL_POS] --(CONTAINS)--> [EVENT_BEFORE_ACTUAL_POS],"""évolution"" --(CONTAINS)--> ""notait"" | ""évolution"" --(CONTAINS)--> ""taux"""
0,59,FR100161,[EVENT_BEFORE_ACTUAL_POS] --(CONTAINS)--> [EVENT_BEFORE_ACTUAL_POS] | [EVENT_BEFORE_ACTUAL_POS] --(CONTAINS)--> [EVENT_BEFORE_ACTUAL_POS],"""génotype"" --(CONTAINS)--> ""Acti tests"" | ""génotype"" --(CONTAINS)--> ""Fibro"""
0,59,FR100168,[EVENT_BEFORE_ACTUAL_POS] --(CONTAINS)--> [EVENT_BEFORE_ACTUAL_POS] | [EVENT_BEFORE_ACTUAL_POS] --(CONTAINS)--> [EVENT_BEFORE_ACTUAL_POS],"""circonstances"" --(CONTAINS)--> ""technique"" | ""circonstances"" --(CONTAINS)--> ""expérimenté"""
0,59,FR100185,[EVENT_BEFORE_ACTUAL_POS] --(CONTAINS)--> [EVENT_BEFORE_ACTUAL_POS] | [EVENT_BEFORE_ACTUAL_POS] --(CONTAINS)--> [EVENT_BEFORE_ACTUAL_POS],"""accuse"" --(CONTAINS)--> ""examen"" | ""accuse"" --(CONTAINS)--> ""Electromyogramme"""
0,59,FR100255,[EVENT_BEFORE_ACTUAL_POS] --(CONTAINS)--> [EVENT_BEFORE_ACTUAL_POS] | [EVENT_BEFORE_ACTUAL_POS] --(CONTAINS)--> [EVENT_BEFORE_ACTUAL_POS],"""bilan"" --(CONTAINS)--> ""NFS"" | ""bilan"" --(CONTAINS)--> ""bilan"""
0,59,FR100275,[EVENT_BEFORE_ACTUAL_POS] --(CONTAINS)--> [EVENT_BEFORE_ACTUAL_POS] | [EVENT_BEFORE_ACTUAL_POS] --(CONTAINS)--> [EVENT_BEFORE_ACTUAL_POS],"""manœuvres"" --(CONTAINS)--> ""massages"" | ""manœuvres"" --(CONTAINS)--> ""insufflations"""
0,59,FR100276,[EVENT_BEFORE_ACTUAL_POS] --(CONTAINS)--> [EVENT_BEFORE_ACTUAL_POS] | [EVENT_BEFORE_ACTUAL_POS] --(CONTAINS)--> [EVENT_BEFORE_ACTUAL_POS],"""grossesse"" --(CONTAINS)--> ""éruption"" | ""grossesse"" --(CONTAINS)--> ""posé"""
0,59,FR100283,[EVENT_BEFORE_ACTUAL_POS] --(CONTAINS)--> [EVENT_BEFORE_ACTUAL_POS] | [EVENT_BEFORE_ACTUAL_POS] --(CONTAINS)--> [EVENT_BEFORE_ACTUAL_POS],"""consulté"" --(CONTAINS)--> ""bilan"" | ""consulté"" --(CONTAINS)--> ""examen"""
0,59,FR100296,[EVENT_BEFORE_ACTUAL_POS] --(CONTAINS)--> [EVENT_BEFORE_ACTUAL_POS] | [EVENT_BEFORE_ACTUAL_POS] --(CONTAINS)--> [EVENT_BEFORE_ACTUAL_POS],"""fenestration"" --(CONTAINS)--> ""ablation"" | ""fenestration"" --(CONTAINS)--> ""geste"""
0,59,FR100344,[EVENT_BEFORE_ACTUAL_POS] --(CONTAINS)--> [EVENT_BEFORE_ACTUAL_POS] | [EVENT_BEFORE_ACTUAL_POS] --(CONTAINS)--> [EVENT_BEFORE_ACTUAL_POS],"""césarienne"" --(CONTAINS)--> ""laissé"" | ""césarienne"" --(CONTAINS)--> ""extraction"""
0,59,FR100346,[EVENT_BEFORE_ACTUAL_POS] --(CONTAINS)--> [EVENT_BEFORE_ACTUAL_POS] | [EVENT_BEFORE_ACTUAL_POS] --(CONTAINS)--> [EVENT_BEFORE_ACTUAL_POS],"""enquête"" --(CONTAINS)--> ""bilan"" | ""enquête"" --(CONTAINS)--> ""réalisé"""
0,59,FR100360,[EVENT_BEFORE_ACTUAL_POS] --(CONTAINS)--> [EVENT_BEFORE_ACTUAL_POS] | [EVENT_BEFORE_ACTUAL_POS] --(CONTAINS)--> [EVENT_BEFORE_ACTUAL_POS],"""colpohystérectomie"" --(CONTAINS)--> ""annexectomie"" | ""colpohystérectomie"" --(CONTAINS)--> ""curage"""
0,59,FR100361,[EVENT_BEFORE_ACTUAL_POS] --(CONTAINS)--> [EVENT_BEFORE_ACTUAL_POS] | [EVENT_BEFORE_ACTUAL_POS] --(CONTAINS)--> [EVENT_BEFORE_ACTUAL_POS],"""méningo-vascularite"" --(CONTAINS)--> ""révélant"" | ""méningo-vascularite"" --(CONTAINS)--> ""diagnostic"""
0,59,FR100371,[EVENT_BEFORE_ACTUAL_POS] --(CONTAINS)--> [EVENT_BEFORE_ACTUAL_POS] | [EVENT_BEFORE_ACTUAL_POS] --(CONTAINS)--> [EVENT_BEFORE_ACTUAL_POS],"""ablation"" --(CONTAINS)--> ""hémostase"" | ""ablation"" --(CONTAINS)--> ""incision"""
0,59,FR100400,[EVENT_BEFORE_ACTUAL_POS] --(CONTAINS)--> [EVENT_BEFORE_ACTUAL_POS] | [EVENT_BEFORE_ACTUAL_POS] --(CONTAINS)--> [EVENT_BEFORE_ACTUAL_POS],"""suivie"" --(CONTAINS)--> ""consultation"" | ""suivie"" --(CONTAINS)--> ""contrôles"""
0,59,FR100439,[EVENT_BEFORE_ACTUAL_POS] --(CONTAINS)--> [EVENT_BEFORE_ACTUAL_POS] | [EVENT_BEFORE_ACTUAL_POS] --(CONTAINS)--> [EVENT_BEFORE_ACTUAL_POS],"""obstruction"" --(CONTAINS)--> ""voix"" | ""obstruction"" --(CONTAINS)--> ""examen"""
0,59,FR100453,[EVENT_BEFORE_ACTUAL_POS] --(CONTAINS)--> [EVENT_BEFORE_ACTUAL_POS] | [EVENT_BEFORE_ACTUAL_POS] --(CONTAINS)--> [EVENT_BEFORE_ACTUAL_POS],"""développement"" --(CONTAINS)--> ""examen"" | ""développement"" --(CONTAINS)--> ""examen"""
0,59,FR100510,[EVENT_BEFORE_ACTUAL_POS] --(CONTAINS)--> [EVENT_BEFORE_ACTUAL_POS] | [EVENT_BEFORE_ACTUAL_POS] --(CONTAINS)--> [EVENT_BEFORE_ACTUAL_POS],"""bilan"" --(CONTAINS)--> ""radiographie"" | ""bilan"" --(CONTAINS)--> ""données"""
0,59,FR100515,[EVENT_BEFORE_ACTUAL_POS] --(CONTAINS)--> [EVENT_BEFORE_ACTUAL_POS] | [EVENT_BEFORE_ACTUAL_POS] --(CONTAINS)--> [EVENT_BEFORE_ACTUAL_POS],"""atteinte"" --(CONTAINS)--> ""testing"" | ""atteinte"" --(CONTAINS)--> ""hospitalisée"""
0,59,FR100517,[EVENT_BEFORE_ACTUAL_POS] --(CONTAINS)--> [EVENT_BEFORE_ACTUAL_POS] | [EVENT_BEFORE_ACTUAL_POS] --(CONTAINS)--> [EVENT_BEFORE_ACTUAL_POS],"""bilan"" --(CONTAINS)--> ""fibroscopie"" | ""bilan"" --(CONTAINS)--> ""examen"""
0,59,FR100519,[EVENT_BEFORE_ACTUAL_POS] --(CONTAINS)--> [EVENT_BEFORE_ACTUAL_POS] | [EVENT_BEFORE_ACTUAL_POS] --(CONTAINS)--> [EVENT_BEFORE_ACTUAL_POS],"""déglobulisation"" --(CONTAINS)--> ""hémoglobine"" | ""déglobulisation"" --(CONTAINS)--> ""hémogramme"""
0,59,FR100579,[EVENT_BEFORE_ACTUAL_POS] --(CONTAINS)--> [EVENT_BEFORE_ACTUAL_POS] | [EVENT_BEFORE_ACTUAL_POS] --(CONTAINS)--> [EVENT_BEFORE_ACTUAL_POS],"""processus"" --(CONTAINS)--> ""échocardiographie"" | ""processus"" --(CONTAINS)--> ""imagerie"""
0,59,FR100589,[EVENT_BEFORE_ACTUAL_POS] --(CONTAINS)--> [EVENT_BEFORE_ACTUAL_POS] | [EVENT_BEFORE_ACTUAL_POS] --(CONTAINS)--> [EVENT_BEFORE_ACTUAL_POS],"""aspect"" --(CONTAINS)--> ""évoquer"" | ""aspect"" --(CONTAINS)--> ""tomodensitométrie"""
0,59,FR100597,[EVENT_BEFORE_ACTUAL_POS] --(CONTAINS)--> [EVENT_BEFORE_ACTUAL_POS] | [EVENT_BEFORE_ACTUAL_POS] --(CONTAINS)--> [EVENT_BEFORE_ACTUAL_POS],"""masse"" --(CONTAINS)--> ""scanner"" | ""masse"" --(CONTAINS)--> ""rehaussant"""
0,59,FR100611,[EVENT_BEFORE_ACTUAL_POS] --(CONTAINS)--> [EVENT_BEFORE_ACTUAL_POS] | [EVENT_BEFORE_ACTUAL_POS] --(CONTAINS)--> [EVENT_BEFORE_ACTUAL_POS],"""traitement"" --(CONTAINS)--> ""quadrithérapie"" | ""traitement"" --(CONTAINS)--> ""corticothérapie"""
0,59,FR100620,[EVENT_BEFORE_ACTUAL_POS] --(CONTAINS)--> [EVENT_BEFORE_ACTUAL_POS] | [EVENT_BEFORE_ACTUAL_POS] --(CONTAINS)--> [EVENT_BEFORE_ACTUAL_POS],"""bilan"" --(CONTAINS)--> ""TM6M"" | ""bilan"" --(CONTAINS)--> ""pléthysmographie"""
0,59,FR100629,[EVENT_BEFORE_ACTUAL_POS] --(CONTAINS)--> [EVENT_BEFORE_ACTUAL_POS] | [EVENT_BEFORE_ACTUAL_POS] --(CONTAINS)--> [EVENT_BEFORE_ACTUAL_POS],"""thoracoscopie"" --(CONTAINS)--> ""biopsie"" | ""thoracoscopie"" --(CONTAINS)--> ""immuno histochimie"""
0,59,FR100632,[EVENT_BEFORE_ACTUAL_POS] --(CONTAINS)--> [EVENT_BEFORE_ACTUAL_POS] | [EVENT_BEFORE_ACTUAL_POS] --(CONTAINS)--> [EVENT_BEFORE_ACTUAL_POS],"""enquête"" --(CONTAINS)--> ""taux"" | ""enquête"" --(CONTAINS)--> ""bilan"""
0,59,FR100658,[EVENT_BEFORE_ACTUAL_POS] --(CONTAINS)--> [EVENT_BEFORE_ACTUAL_POS] | [EVENT_BEFORE_ACTUAL_POS] --(CONTAINS)--> [EVENT_BEFORE_ACTUAL_POS],"""examens"" --(CONTAINS)--> ""fonction"" | ""examens"" --(CONTAINS)--> ""numération"""
0,59,FR100663,[EVENT_BEFORE_ACTUAL_POS] --(CONTAINS)--> [EVENT_BEFORE_ACTUAL_POS] | [EVENT_BEFORE_ACTUAL_POS] --(CONTAINS)--> [EVENT_BEFORE_ACTUAL_POS],"""grossesse"" --(CONTAINS)--> ""consultation"" | ""grossesse"" --(CONTAINS)--> ""examen"""
0,59,FR100666,[EVENT_BEFORE_ACTUAL_POS] --(CONTAINS)--> [EVENT_BEFORE_ACTUAL_POS] | [EVENT_BEFORE_ACTUAL_POS] --(CONTAINS)--> [EVENT_BEFORE_ACTUAL_POS],"""COPADEM"" --(CONTAINS)--> ""doxorubicine"" | ""COPADEM"" --(CONTAINS)--> ""vincristine"""
0,59,FR100683,[EVENT_BEFORE_ACTUAL_POS] --(CONTAINS)--> [EVENT_BEFORE_ACTUAL_POS] | [EVENT_BEFORE_ACTUAL_POS] --(CONTAINS)--> [EVENT_BEFORE_ACTUAL_POS],"""augmentation"" --(CONTAINS)--> ""FSH"" | ""augmentation"" --(CONTAINS)--> ""LH"""
0,59,FR100688,[EVENT_BEFORE_ACTUAL_POS] --(CONTAINS)--> [EVENT_BEFORE_ACTUAL_POS] | [EVENT_BEFORE_ACTUAL_POS] --(CONTAINS)--> [EVENT_BEFORE_ACTUAL_POS],"""bacille"" --(CONTAINS)--> ""analyse"" | ""bacille"" --(CONTAINS)--> ""examen"""
0,59,FR100689,[EVENT_BEFORE_ACTUAL_POS] --(CONTAINS)--> [EVENT_BEFORE_ACTUAL_POS] | [EVENT_BEFORE_ACTUAL_POS] --(CONTAINS)--> [EVENT_BEFORE_ACTUAL_POS],"""évolution"" --(CONTAINS)--> ""disparition"" | ""évolution"" --(CONTAINS)--> ""effacement"""
0,59,FR100697,[EVENT_BEFORE_ACTUAL_POS] --(CONTAINS)--> [EVENT_BEFORE_ACTUAL_POS] | [EVENT_BEFORE_ACTUAL_POS] --(CONTAINS)--> [EVENT_BEFORE_ACTUAL_POS],"""bilan"" --(CONTAINS)--> ""TDM"" | ""bilan"" --(CONTAINS)--> ""biopsie"""
0,59,FR100717,[EVENT_BEFORE_ACTUAL_POS] --(CONTAINS)--> [EVENT_BEFORE_ACTUAL_POS] | [EVENT_BEFORE_ACTUAL_POS] --(CONTAINS)--> [EVENT_BEFORE_ACTUAL_POS],"""intervention"" --(CONTAINS)--> ""laminectomie"" | ""intervention"" --(CONTAINS)--> ""laminectomie"""
0,59,FR100748,[EVENT_BEFORE_ACTUAL_POS] --(CONTAINS)--> [EVENT_BEFORE_ACTUAL_POS] | [EVENT_BEFORE_ACTUAL_POS] --(CONTAINS)--> [EVENT_BEFORE_ACTUAL_POS],"""examen"" --(CONTAINS)--> ""tension"" | ""examen"" --(CONTAINS)--> ""auscultation"""
0,59,FR100780,[EVENT_BEFORE_ACTUAL_POS] --(CONTAINS)--> [EVENT_BEFORE_ACTUAL_POS] | [EVENT_BEFORE_ACTUAL_POS] --(CONTAINS)--> [EVENT_BEFORE_ACTUAL_POS],"""circuit"" --(CONTAINS)--> ""héparine"" | ""circuit"" --(CONTAINS)--> ""héparine"""
0,59,FR100814,[EVENT_BEFORE_ACTUAL_POS] --(CONTAINS)--> [EVENT_BEFORE_ACTUAL_POS] | [EVENT_BEFORE_ACTUAL_POS] --(CONTAINS)--> [EVENT_BEFORE_ACTUAL_POS],"""IRM"" --(CONTAINS)--> ""iso-signal"" | ""IRM"" --(CONTAINS)--> ""hypersignal"""
0,59,FR100845,[EVENT_BEFORE_ACTUAL_POS] --(CONTAINS)--> [EVENT_BEFORE_ACTUAL_POS] | [EVENT_BEFORE_ACTUAL_POS] --(CONTAINS)--> [EVENT_BEFORE_ACTUAL_POS],"""examen"" --(CONTAINS)--> ""toucher"" | ""examen"" --(CONTAINS)--> ""BCF"""
0,59,FR100874,[EVENT_BEFORE_ACTUAL_POS] --(CONTAINS)--> [EVENT_BEFORE_ACTUAL_POS] | [EVENT_BEFORE_ACTUAL_POS] --(CONTAINS)--> [EVENT_BEFORE_ACTUAL_POS],"""examen"" --(CONTAINS)--> ""reste"" | ""examen"" --(CONTAINS)--> ""constantes"""
0,59,FR100882,[EVENT_BEFORE_ACTUAL_POS] --(CONTAINS)--> [EVENT_BEFORE_ACTUAL_POS] | [EVENT_BEFORE_ACTUAL_POS] --(CONTAINS)--> [EVENT_BEFORE_ACTUAL_POS],"""troubles"" --(CONTAINS)--> ""admise"" | ""troubles"" --(CONTAINS)--> ""miction"""
0,59,FR100883,[EVENT_BEFORE_ACTUAL_POS] --(CONTAINS)--> [EVENT_BEFORE_ACTUAL_POS] | [EVENT_BEFORE_ACTUAL_POS] --(CONTAINS)--> [EVENT_BEFORE_ACTUAL_POS],"""reçu"" --(CONTAINS)--> ""radiothérapie"" | ""reçu"" --(CONTAINS)--> ""cures"""
0,59,FR100894,[EVENT_BEFORE_ACTUAL_POS] --(CONTAINS)--> [EVENT_BEFORE_ACTUAL_POS] | [EVENT_BEFORE_ACTUAL_POS] --(CONTAINS)--> [EVENT_BEFORE_ACTUAL_POS],"""incision"" --(CONTAINS)--> ""décompression"" | ""incision"" --(CONTAINS)--> ""section"""
0,59,FR100903,[EVENT_BEFORE_ACTUAL_POS] --(CONTAINS)--> [EVENT_BEFORE_ACTUAL_POS] | [EVENT_BEFORE_ACTUAL_POS] --(CONTAINS)--> [EVENT_BEFORE_ACTUAL_POS],"""hydrops"" --(CONTAINS)--> ""échographie"" | ""hydrops"" --(CONTAINS)--> ""circonférence"""
0,59,FR100925,[EVENT_BEFORE_ACTUAL_POS] --(CONTAINS)--> [EVENT_BEFORE_ACTUAL_POS] | [EVENT_BEFORE_ACTUAL_POS] --(CONTAINS)--> [EVENT_BEFORE_ACTUAL_POS],"""pic"" --(CONTAINS)--> ""électrophorèse"" | ""pic"" --(CONTAINS)--> ""arguments"""
0,59,FR100930,[EVENT_BEFORE_ACTUAL_POS] --(CONTAINS)--> [EVENT_BEFORE_ACTUAL_POS] | [EVENT_BEFORE_ACTUAL_POS] --(CONTAINS)--> [EVENT_BEFORE_ACTUAL_POS],"""recours"" --(CONTAINS)--> ""permis"" | ""recours"" --(CONTAINS)--> ""évolution"""
0,59,FR100944,[EVENT_BEFORE_ACTUAL_POS] --(CONTAINS)--> [EVENT_BEFORE_ACTUAL_POS] | [EVENT_BEFORE_ACTUAL_POS] --(CONTAINS)--> [EVENT_BEFORE_ACTUAL_POS],"""suivi"" --(CONTAINS)--> ""hospitalisé"" | ""suivi"" --(CONTAINS)--> ""échocardiographique"""
0,59,FR100959,[EVENT_BEFORE_ACTUAL_POS] --(CONTAINS)--> [EVENT_BEFORE_ACTUAL_POS] | [EVENT_BEFORE_ACTUAL_POS] --(CONTAINS)--> [EVENT_BEFORE_ACTUAL_POS],"""œsophagoscopie"" --(CONTAINS)--> ""permis"" | ""œsophagoscopie"" --(CONTAINS)--> ""extraction"""
0,59,FR100960,[EVENT_BEFORE_ACTUAL_POS] --(CONTAINS)--> [EVENT_BEFORE_ACTUAL_POS] | [EVENT_BEFORE_ACTUAL_POS] --(CONTAINS)--> [EVENT_BEFORE_ACTUAL_POS],"""consulté"" --(CONTAINS)--> ""scanner"" | ""consulté"" --(CONTAINS)--> ""étude"""
0,59,FR100998,[EVENT_BEFORE_ACTUAL_POS] --(CONTAINS)--> [EVENT_BEFORE_ACTUAL_POS] | [EVENT_BEFORE_ACTUAL_POS] --(CONTAINS)--> [EVENT_BEFORE_ACTUAL_POS],"""traitée"" --(CONTAINS)--> ""cures"" | ""traitée"" --(CONTAINS)--> ""développé"""
16,58,FR100003,[EVENT_BEFORE_ACTUAL_POS] --(CONTAINS)--> [EVENT_BEFORE_ACTUAL_POS] | [EVENT_BEFORE_ACTUAL_POS] --(BEFORE)--> [EVENT_BEFORE_ACTUAL_POS] | [EVENT_BEFORE_ACTUAL_POS] --(BEFORE)--> [EVENT_BEFORE_ACTUAL_POS] | [EVENT_BEFORE_ACTUAL_POS] --(BEFORE)--> [EVENT_BEFORE_ACTUAL_POS],"""granulome"" --(CONTAINS)--> ""panoramique"" | ""panoramique"" --(BEFORE)--> ""ponction"" | ""ponction"" --(BEFORE)--> ""examen"" | ""examen"" --(BEFORE)--> ""examen"""
16,58,FR100092,[EVENT_BEFORE_ACTUAL_POS] --(CONTAINS)--> [EVENT_BEFORE_ACTUAL_POS] | [EVENT_BEFORE_ACTUAL_POS] --(BEFORE)--> [EVENT_BEFORE_ACTUAL_POS] | [EVENT_BEFORE_ACTUAL_POS] --(BEFORE)--> [EVENT_BEFORE_ACTUAL_POS] | [EVENT_BEFORE_ACTUAL_POS] --(BEFORE)--> [EVENT_BEFORE_ACTUAL_POS],"""conjonctives"" --(CONTAINS)--> ""examen"" | ""examen"" --(BEFORE)--> ""examen"" | ""examen"" --(BEFORE)--> ""examen"" | ""examen"" --(BEFORE)--> ""échographie"""
16,58,FR100120,[EVENT_BEFORE_ACTUAL_POS] --(CONTAINS)--> [EVENT_BEFORE_ACTUAL_POS] | [EVENT_BEFORE_ACTUAL_POS] --(BEFORE)--> [EVENT_BEFORE_ACTUAL_POS] | [EVENT_BEFORE_ACTUAL_POS] --(BEFORE)--> [EVENT_BEFORE_ACTUAL_POS] | [EVENT_BEFORE_ACTUAL_POS] --(BEFORE)--> [EVENT_BEFORE_ACTUAL_POS],"""retard"" --(CONTAINS)--> ""rattaché"" | ""rattaché"" --(BEFORE)--> ""traitement"" | ""traitement"" --(BEFORE)--> ""retirées"" | ""retirées"" --(BEFORE)--> ""conclure"""
16,58,FR100130,[EVENT_BEFORE_ACTUAL_POS] --(CONTAINS)--> [EVENT_BEFORE_ACTUAL_POS] | [EVENT_BEFORE_ACTUAL_POS] --(BEFORE)--> [EVENT_BEFORE_ACTUAL_POS] | [EVENT_BEFORE_ACTUAL_POS] --(BEFORE)--> [EVENT_BEFORE_ACTUAL_POS] | [EVENT_BEFORE_ACTUAL_POS] --(BEFORE)--> [EVENT_BEFORE_ACTUAL_POS],"""marqueurs"" --(CONTAINS)--> ""bilan"" | ""bilan"" --(BEFORE)--> ""suspectée"" | ""suspectée"" --(BEFORE)--> ""bilan"" | ""bilan"" --(BEFORE)--> ""traité"""
16,58,FR100132,[EVENT_BEFORE_ACTUAL_POS] --(CONTAINS)--> [EVENT_BEFORE_ACTUAL_POS] | [EVENT_BEFORE_ACTUAL_POS] --(BEFORE)--> [EVENT_BEFORE_ACTUAL_POS] | [EVENT_BEFORE_ACTUAL_POS] --(BEFORE)--> [EVENT_BEFORE_ACTUAL_POS] | [EVENT_BEFORE_ACTUAL_POS] --(BEFORE)--> [EVENT_BEFORE_ACTUAL_POS],"""examen"" --(CONTAINS)--> ""palpation"" | ""palpation"" --(BEFORE)--> ""histologie"" | ""histologie"" --(BEFORE)--> ""examen"" | ""examen"" --(BEFORE)--> ""écho-Doppler"""
16,58,FR100142,[EVENT_BEFORE_ACTUAL_POS] --(CONTAINS)--> [EVENT_BEFORE_ACTUAL_POS] | [EVENT_BEFORE_ACTUAL_POS] --(BEFORE)--> [EVENT_BEFORE_ACTUAL_POS] | [EVENT_BEFORE_ACTUAL_POS] --(BEFORE)--> [EVENT_BEFORE_ACTUAL_POS] | [EVENT_BEFORE_ACTUAL_POS] --(BEFORE)--> [EVENT_BEFORE_ACTUAL_POS],"""lésions"" --(CONTAINS)--> ""examen"" | ""examen"" --(BEFORE)--> ""électrophorèse"" | ""électrophorèse"" --(BEFORE)--> ""scanner"" | ""scanner"" --(BEFORE)--> ""fibroscopie"""
16,58,FR100161,[EVENT_BEFORE_ACTUAL_POS] --(CONTAINS)--> [EVENT_BEFORE_ACTUAL_POS] | [EVENT_BEFORE_ACTUAL_POS] --(BEFORE)--> [EVENT_BEFORE_ACTUAL_POS] | [EVENT_BEFORE_ACTUAL_POS] --(BEFORE)--> [EVENT_BEFORE_ACTUAL_POS] | [EVENT_BEFORE_ACTUAL_POS] --(BEFORE)--> [EVENT_BEFORE_ACTUAL_POS],"""sérologie"" --(CONTAINS)--> ""examens"" | ""examens"" --(BEFORE)--> ""radiographie"" | ""radiographie"" --(BEFORE)--> ""complément"" | ""complément"" --(BEFORE)--> ""cortisol"""
16,58,FR100255,[EVENT_BEFORE_ACTUAL_POS] --(CONTAINS)--> [EVENT_BEFORE_ACTUAL_POS] | [EVENT_BEFORE_ACTUAL_POS] --(BEFORE)--> [EVENT_BEFORE_ACTUAL_POS] | [EVENT_BEFORE_ACTUAL_POS] --(BEFORE)--> [EVENT_BEFORE_ACTUAL_POS] | [EVENT_BEFORE_ACTUAL_POS] --(BEFORE)--> [EVENT_BEFORE_ACTUAL_POS],"""fréquence"" --(CONTAINS)--> ""examen"" | ""examen"" --(BEFORE)--> ""examen"" | ""examen"" --(BEFORE)--> ""échographie"" | ""échographie"" --(BEFORE)--> ""mise"""
16,58,FR100275,[EVENT_BEFORE_ACTUAL_POS] --(CONTAINS)--> [EVENT_BEFORE_ACTUAL_POS] | [EVENT_BEFORE_ACTUAL_POS] --(BEFORE)--> [EVENT_BEFORE_ACTUAL_POS] | [EVENT_BEFORE_ACTUAL_POS] --(BEFORE)--> [EVENT_BEFORE_ACTUAL_POS] | [EVENT_BEFORE_ACTUAL_POS] --(BEFORE)--> [EVENT_BEFORE_ACTUAL_POS],"""mort"" --(CONTAINS)--> ""établi"" | ""établi"" --(BEFORE)--> ""manœuvres"" | ""manœuvres"" --(BEFORE)--> ""transféré"" | ""transféré"" --(BEFORE)--> ""anamnèse"""
16,58,FR100276,[EVENT_BEFORE_ACTUAL_POS] --(CONTAINS)--> [EVENT_BEFORE_ACTUAL_POS] | [EVENT_BEFORE_ACTUAL_POS] --(BEFORE)--> [EVENT_BEFORE_ACTUAL_POS] | [EVENT_BEFORE_ACTUAL_POS] --(BEFORE)--> [EVENT_BEFORE_ACTUAL_POS] | [EVENT_BEFORE_ACTUAL_POS] --(BEFORE)--> [EVENT_BEFORE_ACTUAL_POS],"""aplasie"" --(CONTAINS)--> ""accouchement"" | ""accouchement"" --(BEFORE)--> ""reste"" | ""reste"" --(BEFORE)--> ""bilan"" | ""bilan"" --(BEFORE)--> ""régression"""
16,58,FR100282,[EVENT_BEFORE_ACTUAL_POS] --(CONTAINS)--> [EVENT_BEFORE_ACTUAL_POS] | [EVENT_BEFORE_ACTUAL_POS] --(BEFORE)--> [EVENT_BEFORE_ACTUAL_POS] | [EVENT_BEFORE_ACTUAL_POS] --(BEFORE)--> [EVENT_BEFORE_ACTUAL_POS] | [EVENT_BEFORE_ACTUAL_POS] --(BEFORE)--> [EVENT_BEFORE_ACTUAL_POS],"""tracé"" --(CONTAINS)--> ""électroencéphalogramme"" | ""électroencéphalogramme"" --(BEFORE)--> ""scanner"" | ""scanner"" --(BEFORE)--> ""conclus"" | ""conclus"" --(BEFORE)--> ""instauré"""
16,58,FR100283,[EVENT_BEFORE_ACTUAL_POS] --(CONTAINS)--> [EVENT_BEFORE_ACTUAL_POS] | [EVENT_BEFORE_ACTUAL_POS] --(BEFORE)--> [EVENT_BEFORE_ACTUAL_POS] | [EVENT_BEFORE_ACTUAL_POS] --(BEFORE)--> [EVENT_BEFORE_ACTUAL_POS] | [EVENT_BEFORE_ACTUAL_POS] --(BEFORE)--> [EVENT_BEFORE_ACTUAL_POS],"""syndrome"" --(CONTAINS)--> ""bilan"" | ""bilan"" --(BEFORE)--> ""IRM"" | ""IRM"" --(BEFORE)--> ""hypophysiogramme"" | ""hypophysiogramme"" --(BEFORE)--> ""traitement"""
16,58,FR100296,[EVENT_BEFORE_ACTUAL_POS] --(CONTAINS)--> [EVENT_BEFORE_ACTUAL_POS] | [EVENT_BEFORE_ACTUAL_POS] --(BEFORE)--> [EVENT_BEFORE_ACTUAL_POS] | [EVENT_BEFORE_ACTUAL_POS] --(BEFORE)--> [EVENT_BEFORE_ACTUAL_POS] | [EVENT_BEFORE_ACTUAL_POS] --(BEFORE)--> [EVENT_BEFORE_ACTUAL_POS],"""phénomènes"" --(CONTAINS)--> ""examen"" | ""examen"" --(BEFORE)--> ""IRM"" | ""IRM"" --(BEFORE)--> ""fenestration"" | ""fenestration"" --(BEFORE)--> ""suites"""
16,58,FR100314,[EVENT_BEFORE_ACTUAL_POS] --(CONTAINS)--> [EVENT_BEFORE_ACTUAL_POS] | [EVENT_BEFORE_ACTUAL_POS] --(BEFORE)--> [EVENT_BEFORE_ACTUAL_POS] | [EVENT_BEFORE_ACTUAL_POS] --(BEFORE)--> [EVENT_BEFORE_ACTUAL_POS] | [EVENT_BEFORE_ACTUAL_POS] --(BEFORE)--> [EVENT_BEFORE_ACTUAL_POS],"""fracture"" --(CONTAINS)--> ""bilan"" | ""bilan"" --(BEFORE)--> ""drainage"" | ""drainage"" --(BEFORE)--> ""angio-scanner"" | ""angio-scanner"" --(BEFORE)--> ""amputation"""
16,58,FR100344,[EVENT_BEFORE_ACTUAL_POS] --(CONTAINS)--> [EVENT_BEFORE_ACTUAL_POS] | [EVENT_BEFORE_ACTUAL_POS] --(BEFORE)--> [EVENT_BEFORE_ACTUAL_POS] | [EVENT_BEFORE_ACTUAL_POS] --(BEFORE)--> [EVENT_BEFORE_ACTUAL_POS] | [EVENT_BEFORE_ACTUAL_POS] --(BEFORE)--> [EVENT_BEFORE_ACTUAL_POS],"""insuffisance"" --(CONTAINS)--> ""développé"" | ""développé"" --(BEFORE)--> ""contrôle"" | ""contrôle"" --(BEFORE)--> ""tombée"" | ""tombée"" --(BEFORE)--> ""interruption"""
16,58,FR100346,[EVENT_BEFORE_ACTUAL_POS] --(CONTAINS)--> [EVENT_BEFORE_ACTUAL_POS] | [EVENT_BEFORE_ACTUAL_POS] --(BEFORE)--> [EVENT_BEFORE_ACTUAL_POS] | [EVENT_BEFORE_ACTUAL_POS] --(BEFORE)--> [EVENT_BEFORE_ACTUAL_POS] | [EVENT_BEFORE_ACTUAL_POS] --(BEFORE)--> [EVENT_BEFORE_ACTUAL_POS],"""lésions"" --(CONTAINS)--> ""angioscanner"" | ""angioscanner"" --(BEFORE)--> ""echo-dopler"" | ""echo-dopler"" --(BEFORE)--> ""IRM"" | ""IRM"" --(BEFORE)--> ""scanner"""
16,58,FR100360,[EVENT_BEFORE_ACTUAL_POS] --(CONTAINS)--> [EVENT_BEFORE_ACTUAL_POS] | [EVENT_BEFORE_ACTUAL_POS] --(BEFORE)--> [EVENT_BEFORE_ACTUAL_POS] | [EVENT_BEFORE_ACTUAL_POS] --(BEFORE)--> [EVENT_BEFORE_ACTUAL_POS] | [EVENT_BEFORE_ACTUAL_POS] --(BEFORE)--> [EVENT_BEFORE_ACTUAL_POS],"""adénocarcinome"" --(CONTAINS)--> ""examen"" | ""examen"" --(BEFORE)--> ""curage"" | ""curage"" --(BEFORE)--> ""radiothérapie"" | ""radiothérapie"" --(BEFORE)--> ""curiethérapie"""
16,58,FR100361,[EVENT_BEFORE_ACTUAL_POS] --(CONTAINS)--> [EVENT_BEFORE_ACTUAL_POS] | [EVENT_BEFORE_ACTUAL_POS] --(BEFORE)--> [EVENT_BEFORE_ACTUAL_POS] | [EVENT_BEFORE_ACTUAL_POS] --(BEFORE)--> [EVENT_BEFORE_ACTUAL_POS] | [EVENT_BEFORE_ACTUAL_POS] --(BEFORE)--> [EVENT_BEFORE_ACTUAL_POS],"""GCS"" --(CONTAINS)--> ""examen"" | ""examen"" --(BEFORE)--> ""TDM"" | ""TDM"" --(BEFORE)--> ""ponction"" | ""ponction"" --(BEFORE)--> ""examen"""
16,58,FR100371,[EVENT_BEFORE_ACTUAL_POS] --(CONTAINS)--> [EVENT_BEFORE_ACTUAL_POS] | [EVENT_BEFORE_ACTUAL_POS] --(BEFORE)--> [EVENT_BEFORE_ACTUAL_POS] | [EVENT_BEFORE_ACTUAL_POS] --(BEFORE)--> [EVENT_BEFORE_ACTUAL_POS] | [EVENT_BEFORE_ACTUAL_POS] --(BEFORE)--> [EVENT_BEFORE_ACTUAL_POS],"""tension"" --(CONTAINS)--> ""examen"" | ""examen"" --(BEFORE)--> ""examen"" | ""examen"" --(BEFORE)--> ""bilan"" | ""bilan"" --(BEFORE)--> ""bilan"""
16,58,FR100400,[EVENT_BEFORE_ACTUAL_POS] --(CONTAINS)--> [EVENT_BEFORE_ACTUAL_POS] | [EVENT_BEFORE_ACTUAL_POS] --(BEFORE)--> [EVENT_BEFORE_ACTUAL_POS] | [EVENT_BEFORE_ACTUAL_POS] --(BEFORE)--> [EVENT_BEFORE_ACTUAL_POS] | [EVENT_BEFORE_ACTUAL_POS] --(BEFORE)--> [EVENT_BEFORE_ACTUAL_POS],"""lésion"" --(CONTAINS)--> ""échographie"" | ""échographie"" --(BEFORE)--> ""scanner"" | ""scanner"" --(BEFORE)--> ""diagnostic"" | ""diagnostic"" --(BEFORE)--> ""exploration"""
16,58,FR100439,[EVENT_BEFORE_ACTUAL_POS] --(CONTAINS)--> [EVENT_BEFORE_ACTUAL_POS] | [EVENT_BEFORE_ACTUAL_POS] --(BEFORE)--> [EVENT_BEFORE_ACTUAL_POS] | [EVENT_BEFORE_ACTUAL_POS] --(BEFORE)--> [EVENT_BEFORE_ACTUAL_POS] | [EVENT_BEFORE_ACTUAL_POS] --(BEFORE)--> [EVENT_BEFORE_ACTUAL_POS],"""anesthésie"" --(CONTAINS)--> ""endoscopie"" | ""endoscopie"" --(BEFORE)--> ""biopsies"" | ""biopsies"" --(BEFORE)--> ""analyse"" | ""analyse"" --(BEFORE)--> ""exploration"""
16,58,FR100453,[EVENT_BEFORE_ACTUAL_POS] --(CONTAINS)--> [EVENT_BEFORE_ACTUAL_POS] | [EVENT_BEFORE_ACTUAL_POS] --(BEFORE)--> [EVENT_BEFORE_ACTUAL_POS] | [EVENT_BEFORE_ACTUAL_POS] --(BEFORE)--> [EVENT_BEFORE_ACTUAL_POS] | [EVENT_BEFORE_ACTUAL_POS] --(BEFORE)--> [EVENT_BEFORE_ACTUAL_POS],"""développement"" --(CONTAINS)--> ""examen"" | ""examen"" --(BEFORE)--> ""radiographies"" | ""radiographies"" --(BEFORE)--> ""porté"" | ""porté"" --(BEFORE)--> ""hospitalisé"""
16,58,FR100480,[EVENT_BEFORE_ACTUAL_POS] --(CONTAINS)--> [EVENT_BEFORE_ACTUAL_POS] | [EVENT_BEFORE_ACTUAL_POS] --(BEFORE)--> [EVENT_BEFORE_ACTUAL_POS] | [EVENT_BEFORE_ACTUAL_POS] --(BEFORE)--> [EVENT_BEFORE_ACTUAL_POS] | [EVENT_BEFORE_ACTUAL_POS] --(BEFORE)--> [EVENT_BEFORE_ACTUAL_POS],"""nodules"" --(CONTAINS)--> ""Tomographie"" | ""Tomographie"" --(BEFORE)--> ""reprise"" | ""reprise"" --(BEFORE)--> ""débuté"" | ""débuté"" --(BEFORE)--> ""réadaptation"""
16,58,FR100515,[EVENT_BEFORE_ACTUAL_POS] --(CONTAINS)--> [EVENT_BEFORE_ACTUAL_POS] | [EVENT_BEFORE_ACTUAL_POS] --(BEFORE)--> [EVENT_BEFORE_ACTUAL_POS] | [EVENT_BEFORE_ACTUAL_POS] --(BEFORE)--> [EVENT_BEFORE_ACTUAL_POS] | [EVENT_BEFORE_ACTUAL_POS] --(BEFORE)--> [EVENT_BEFORE_ACTUAL_POS],"""atteinte"" --(CONTAINS)--> ""testing"" | ""testing"" --(BEFORE)--> ""dosage"" | ""dosage"" --(BEFORE)--> ""bilan"" | ""bilan"" --(BEFORE)--> ""biopsie"""
16,58,FR100517,[EVENT_BEFORE_ACTUAL_POS] --(CONTAINS)--> [EVENT_BEFORE_ACTUAL_POS] | [EVENT_BEFORE_ACTUAL_POS] --(BEFORE)--> [EVENT_BEFORE_ACTUAL_POS] | [EVENT_BEFORE_ACTUAL_POS] --(BEFORE)--> [EVENT_BEFORE_ACTUAL_POS] | [EVENT_BEFORE_ACTUAL_POS] --(BEFORE)--> [EVENT_BEFORE_ACTUAL_POS],"""plaques"" --(CONTAINS)--> ""examen"" | ""examen"" --(BEFORE)--> ""bilan"" | ""bilan"" --(BEFORE)--> ""électromyogramme"" | ""électromyogramme"" --(BEFORE)--> ""bilan"""
16,58,FR100519,[EVENT_BEFORE_ACTUAL_POS] --(CONTAINS)--> [EVENT_BEFORE_ACTUAL_POS] | [EVENT_BEFORE_ACTUAL_POS] --(BEFORE)--> [EVENT_BEFORE_ACTUAL_POS] | [EVENT_BEFORE_ACTUAL_POS] --(BEFORE)--> [EVENT_BEFORE_ACTUAL_POS] | [EVENT_BEFORE_ACTUAL_POS] --(BEFORE)--> [EVENT_BEFORE_ACTUAL_POS],"""aspect"" --(CONTAINS)--> ""bilan"" | ""bilan"" --(BEFORE)--> ""angioscanner"" | ""angioscanner"" --(BEFORE)--> ""échodoppler"" | ""échodoppler"" --(BEFORE)--> ""retenue"""
16,58,FR100579,[EVENT_BEFORE_ACTUAL_POS] --(CONTAINS)--> [EVENT_BEFORE_ACTUAL_POS] | [EVENT_BEFORE_ACTUAL_POS] --(BEFORE)--> [EVENT_BEFORE_ACTUAL_POS] | [EVENT_BEFORE_ACTUAL_POS] --(BEFORE)--> [EVENT_BEFORE_ACTUAL_POS] | [EVENT_BEFORE_ACTUAL_POS] --(BEFORE)--> [EVENT_BEFORE_ACTUAL_POS],"""consulte"" --(CONTAINS)--> ""radiographie"" | ""radiographie"" --(BEFORE)--> ""échocardiographie"" | ""échocardiographie"" --(BEFORE)--> ""angio-scanner"" | ""angio-scanner"" --(BEFORE)--> ""imagerie"""
16,58,FR100589,[EVENT_BEFORE_ACTUAL_POS] --(CONTAINS)--> [EVENT_BEFORE_ACTUAL_POS] | [EVENT_BEFORE_ACTUAL_POS] --(BEFORE)--> [EVENT_BEFORE_ACTUAL_POS] | [EVENT_BEFORE_ACTUAL_POS] --(BEFORE)--> [EVENT_BEFORE_ACTUAL_POS] | [EVENT_BEFORE_ACTUAL_POS] --(BEFORE)--> [EVENT_BEFORE_ACTUAL_POS],"""syndrome"" --(CONTAINS)--> ""Cytométrie"" | ""Cytométrie"" --(BEFORE)--> ""biopsie"" | ""biopsie"" --(BEFORE)--> ""bilan"" | ""bilan"" --(BEFORE)--> ""caryotype"""
16,58,FR100597,[EVENT_BEFORE_ACTUAL_POS] --(CONTAINS)--> [EVENT_BEFORE_ACTUAL_POS] | [EVENT_BEFORE_ACTUAL_POS] --(BEFORE)--> [EVENT_BEFORE_ACTUAL_POS] | [EVENT_BEFORE_ACTUAL_POS] --(BEFORE)--> [EVENT_BEFORE_ACTUAL_POS] | [EVENT_BEFORE_ACTUAL_POS] --(BEFORE)--> [EVENT_BEFORE_ACTUAL_POS],"""consultation"" --(CONTAINS)--> ""examen"" | ""examen"" --(BEFORE)--> ""examen"" | ""examen"" --(BEFORE)--> ""examen"" | ""examen"" --(BEFORE)--> ""toucher"""
16,58,FR100611,[EVENT_BEFORE_ACTUAL_POS] --(CONTAINS)--> [EVENT_BEFORE_ACTUAL_POS] | [EVENT_BEFORE_ACTUAL_POS] --(BEFORE)--> [EVENT_BEFORE_ACTUAL_POS] | [EVENT_BEFORE_ACTUAL_POS] --(BEFORE)--> [EVENT_BEFORE_ACTUAL_POS] | [EVENT_BEFORE_ACTUAL_POS] --(BEFORE)--> [EVENT_BEFORE_ACTUAL_POS],"""syndrome"" --(CONTAINS)--> ""examen"" | ""examen"" --(BEFORE)--> ""IRM"" | ""IRM"" --(BEFORE)--> ""étude"" | ""étude"" --(BEFORE)--> ""examen"""
16,58,FR100614,[EVENT_BEFORE_ACTUAL_POS] --(CONTAINS)--> [EVENT_BEFORE_ACTUAL_POS] | [EVENT_BEFORE_ACTUAL_POS] --(BEFORE)--> [EVENT_BEFORE_ACTUAL_POS] | [EVENT_BEFORE_ACTUAL_POS] --(BEFORE)--> [EVENT_BEFORE_ACTUAL_POS] | [EVENT_BEFORE_ACTUAL_POS] --(BEFORE)--> [EVENT_BEFORE_ACTUAL_POS],"""kyste"" --(CONTAINS)--> ""exploration"" | ""exploration"" --(BEFORE)--> ""rupture"" | ""rupture"" --(BEFORE)--> ""intervention"" | ""intervention"" --(BEFORE)--> ""résection"""
16,58,FR100620,[EVENT_BEFORE_ACTUAL_POS] --(CONTAINS)--> [EVENT_BEFORE_ACTUAL_POS] | [EVENT_BEFORE_ACTUAL_POS] --(BEFORE)--> [EVENT_BEFORE_ACTUAL_POS] | [EVENT_BEFORE_ACTUAL_POS] --(BEFORE)--> [EVENT_BEFORE_ACTUAL_POS] | [EVENT_BEFORE_ACTUAL_POS] --(BEFORE)--> [EVENT_BEFORE_ACTUAL_POS],"""conservation"" --(CONTAINS)--> ""présenté"" | ""présenté"" --(BEFORE)--> ""examen"" | ""examen"" --(BEFORE)--> ""radiographie"" | ""radiographie"" --(BEFORE)--> ""drainage"""
16,58,FR100623,[EVENT_BEFORE_ACTUAL_POS] --(CONTAINS)--> [EVENT_BEFORE_ACTUAL_POS] | [EVENT_BEFORE_ACTUAL_POS] --(BEFORE)--> [EVENT_BEFORE_ACTUAL_POS] | [EVENT_BEFORE_ACTUAL_POS] --(BEFORE)--> [EVENT_BEFORE_ACTUAL_POS] | [EVENT_BEFORE_ACTUAL_POS] --(BEFORE)--> [EVENT_BEFORE_ACTUAL_POS],"""douleur"" --(CONTAINS)--> ""consulté"" | ""consulté"" --(BEFORE)--> ""examen"" | ""examen"" --(BEFORE)--> ""échographie"" | ""échographie"" --(BEFORE)--> ""tomodensitométrie"""
16,58,FR100629,[EVENT_BEFORE_ACTUAL_POS] --(CONTAINS)--> [EVENT_BEFORE_ACTUAL_POS] | [EVENT_BEFORE_ACTUAL_POS] --(BEFORE)--> [EVENT_BEFORE_ACTUAL_POS] | [EVENT_BEFORE_ACTUAL_POS] --(BEFORE)--> [EVENT_BEFORE_ACTUAL_POS] | [EVENT_BEFORE_ACTUAL_POS] --(BEFORE)--> [EVENT_BEFORE_ACTUAL_POS],"""opacité"" --(CONTAINS)--> ""radiographie"" | ""radiographie"" --(BEFORE)--> ""thoracoscopie"" | ""thoracoscopie"" --(BEFORE)--> ""marquage"" | ""marquage"" --(BEFORE)--> ""étude"""
16,58,FR100632,[EVENT_BEFORE_ACTUAL_POS] --(CONTAINS)--> [EVENT_BEFORE_ACTUAL_POS] | [EVENT_BEFORE_ACTUAL_POS] --(BEFORE)--> [EVENT_BEFORE_ACTUAL_POS] | [EVENT_BEFORE_ACTUAL_POS] --(BEFORE)--> [EVENT_BEFORE_ACTUAL_POS] | [EVENT_BEFORE_ACTUAL_POS] --(BEFORE)--> [EVENT_BEFORE_ACTUAL_POS],"""apyrétique"" --(CONTAINS)--> ""examen"" | ""examen"" --(BEFORE)--> ""examen"" | ""examen"" --(BEFORE)--> ""IRM"" | ""IRM"" --(BEFORE)--> ""IRM"""
16,58,FR100663,[EVENT_BEFORE_ACTUAL_POS] --(CONTAINS)--> [EVENT_BEFORE_ACTUAL_POS] | [EVENT_BEFORE_ACTUAL_POS] --(BEFORE)--> [EVENT_BEFORE_ACTUAL_POS] | [EVENT_BEFORE_ACTUAL_POS] --(BEFORE)--> [EVENT_BEFORE_ACTUAL_POS] | [EVENT_BEFORE_ACTUAL_POS] --(BEFORE)--> [EVENT_BEFORE_ACTUAL_POS],"""stable"" --(CONTAINS)--> ""examen"" | ""examen"" --(BEFORE)--> ""examen"" | ""examen"" --(BEFORE)--> ""échographie"" | ""échographie"" --(BEFORE)--> ""taux"""
16,58,FR100666,[EVENT_BEFORE_ACTUAL_POS] --(CONTAINS)--> [EVENT_BEFORE_ACTUAL_POS] | [EVENT_BEFORE_ACTUAL_POS] --(BEFORE)--> [EVENT_BEFORE_ACTUAL_POS] | [EVENT_BEFORE_ACTUAL_POS] --(BEFORE)--> [EVENT_BEFORE_ACTUAL_POS] | [EVENT_BEFORE_ACTUAL_POS] --(BEFORE)--> [EVENT_BEFORE_ACTUAL_POS],"""asymétrie"" --(CONTAINS)--> ""examen"" | ""examen"" --(BEFORE)--> ""examen"" | ""examen"" --(BEFORE)--> ""palpation"" | ""palpation"" --(BEFORE)--> ""radiographie"""
16,58,FR100683,[EVENT_BEFORE_ACTUAL_POS] --(CONTAINS)--> [EVENT_BEFORE_ACTUAL_POS] | [EVENT_BEFORE_ACTUAL_POS] --(BEFORE)--> [EVENT_BEFORE_ACTUAL_POS] | [EVENT_BEFORE_ACTUAL_POS] --(BEFORE)--> [EVENT_BEFORE_ACTUAL_POS] | [EVENT_BEFORE_ACTUAL_POS] --(BEFORE)--> [EVENT_BEFORE_ACTUAL_POS],"""pouls"" --(CONTAINS)--> ""examen"" | ""examen"" --(BEFORE)--> ""exploration"" | ""exploration"" --(BEFORE)--> ""exploration"" | ""exploration"" --(BEFORE)--> ""IRM"""
16,58,FR100688,[EVENT_BEFORE_ACTUAL_POS] --(CONTAINS)--> [EVENT_BEFORE_ACTUAL_POS] | [EVENT_BEFORE_ACTUAL_POS] --(BEFORE)--> [EVENT_BEFORE_ACTUAL_POS] | [EVENT_BEFORE_ACTUAL_POS] --(BEFORE)--> [EVENT_BEFORE_ACTUAL_POS] | [EVENT_BEFORE_ACTUAL_POS] --(BEFORE)--> [EVENT_BEFORE_ACTUAL_POS],"""indice"" --(CONTAINS)--> ""examen"" | ""examen"" --(BEFORE)--> ""examen"" | ""examen"" --(BEFORE)--> ""examen"" | ""examen"" --(BEFORE)--> ""sérologie"""
16,58,FR100689,[EVENT_BEFORE_ACTUAL_POS] --(CONTAINS)--> [EVENT_BEFORE_ACTUAL_POS] | [EVENT_BEFORE_ACTUAL_POS] --(BEFORE)--> [EVENT_BEFORE_ACTUAL_POS] | [EVENT_BEFORE_ACTUAL_POS] --(BEFORE)--> [EVENT_BEFORE_ACTUAL_POS] | [EVENT_BEFORE_ACTUAL_POS] --(BEFORE)--> [EVENT_BEFORE_ACTUAL_POS],"""foyers"" --(CONTAINS)--> ""scanner"" | ""scanner"" --(BEFORE)--> ""hémogramme"" | ""hémogramme"" --(BEFORE)--> ""ionogramme"" | ""ionogramme"" --(BEFORE)--> ""examen"""
16,58,FR100697,[EVENT_BEFORE_ACTUAL_POS] --(CONTAINS)--> [EVENT_BEFORE_ACTUAL_POS] | [EVENT_BEFORE_ACTUAL_POS] --(BEFORE)--> [EVENT_BEFORE_ACTUAL_POS] | [EVENT_BEFORE_ACTUAL_POS] --(BEFORE)--> [EVENT_BEFORE_ACTUAL_POS] | [EVENT_BEFORE_ACTUAL_POS] --(BEFORE)--> [EVENT_BEFORE_ACTUAL_POS],"""surcroît"" --(CONTAINS)--> ""mammographie"" | ""mammographie"" --(BEFORE)--> ""échographie"" | ""échographie"" --(BEFORE)--> ""examen"" | ""examen"" --(BEFORE)--> ""immunomarquage"""
16,58,FR100708,[EVENT_BEFORE_ACTUAL_POS] --(CONTAINS)--> [EVENT_BEFORE_ACTUAL_POS] | [EVENT_BEFORE_ACTUAL_POS] --(BEFORE)--> [EVENT_BEFORE_ACTUAL_POS] | [EVENT_BEFORE_ACTUAL_POS] --(BEFORE)--> [EVENT_BEFORE_ACTUAL_POS] | [EVENT_BEFORE_ACTUAL_POS] --(BEFORE)--> [EVENT_BEFORE_ACTUAL_POS],"""consulté"" --(CONTAINS)--> ""examen"" | ""examen"" --(BEFORE)--> ""mammographie"" | ""mammographie"" --(BEFORE)--> ""échographie"" | ""échographie"" --(BEFORE)--> ""ponction"""
16,58,FR100717,[EVENT_BEFORE_ACTUAL_POS] --(CONTAINS)--> [EVENT_BEFORE_ACTUAL_POS] | [EVENT_BEFORE_ACTUAL_POS] --(BEFORE)--> [EVENT_BEFORE_ACTUAL_POS] | [EVENT_BEFORE_ACTUAL_POS] --(BEFORE)--> [EVENT_BEFORE_ACTUAL_POS] | [EVENT_BEFORE_ACTUAL_POS] --(BEFORE)--> [EVENT_BEFORE_ACTUAL_POS],"""Lasègue"" --(CONTAINS)--> ""examen"" | ""examen"" --(BEFORE)--> ""examens"" | ""examens"" --(BEFORE)--> ""scanner"" | ""scanner"" --(BEFORE)--> ""IRM"""
16,58,FR100748,[EVENT_BEFORE_ACTUAL_POS] --(CONTAINS)--> [EVENT_BEFORE_ACTUAL_POS] | [EVENT_BEFORE_ACTUAL_POS] --(BEFORE)--> [EVENT_BEFORE_ACTUAL_POS] | [EVENT_BEFORE_ACTUAL_POS] --(BEFORE)--> [EVENT_BEFORE_ACTUAL_POS] | [EVENT_BEFORE_ACTUAL_POS] --(BEFORE)--> [EVENT_BEFORE_ACTUAL_POS],"""intervention"" --(CONTAINS)--> ""mobilisation"" | ""mobilisation"" --(BEFORE)--> ""suites"" | ""suites"" --(BEFORE)--> ""transférée"" | ""transférée"" --(BEFORE)--> ""regagné"""
16,58,FR100806,[EVENT_BEFORE_ACTUAL_POS] --(CONTAINS)--> [EVENT_BEFORE_ACTUAL_POS] | [EVENT_BEFORE_ACTUAL_POS] --(BEFORE)--> [EVENT_BEFORE_ACTUAL_POS] | [EVENT_BEFORE_ACTUAL_POS] --(BEFORE)--> [EVENT_BEFORE_ACTUAL_POS] | [EVENT_BEFORE_ACTUAL_POS] --(BEFORE)--> [EVENT_BEFORE_ACTUAL_POS],"""TP"" --(CONTAINS)--> ""biologie"" | ""biologie"" --(BEFORE)--> ""tomodensitométrie"" | ""tomodensitométrie"" --(BEFORE)--> ""prise"" | ""prise"" --(BEFORE)--> ""examen"""
16,58,FR100814,[EVENT_BEFORE_ACTUAL_POS] --(CONTAINS)--> [EVENT_BEFORE_ACTUAL_POS] | [EVENT_BEFORE_ACTUAL_POS] --(BEFORE)--> [EVENT_BEFORE_ACTUAL_POS] | [EVENT_BEFORE_ACTUAL_POS] --(BEFORE)--> [EVENT_BEFORE_ACTUAL_POS] | [EVENT_BEFORE_ACTUAL_POS] --(BEFORE)--> [EVENT_BEFORE_ACTUAL_POS],"""processus"" --(CONTAINS)--> ""IRM"" | ""IRM"" --(BEFORE)--> ""diagnostic"" | ""diagnostic"" --(BEFORE)--> ""réséquée"" | ""réséquée"" --(BEFORE)--> ""examen"""
16,58,FR100826,[EVENT_BEFORE_ACTUAL_POS] --(CONTAINS)--> [EVENT_BEFORE_ACTUAL_POS] | [EVENT_BEFORE_ACTUAL_POS] --(BEFORE)--> [EVENT_BEFORE_ACTUAL_POS] | [EVENT_BEFORE_ACTUAL_POS] --(BEFORE)--> [EVENT_BEFORE_ACTUAL_POS] | [EVENT_BEFORE_ACTUAL_POS] --(BEFORE)--> [EVENT_BEFORE_ACTUAL_POS],"""draine"" --(CONTAINS)--> ""bilan"" | ""bilan"" --(BEFORE)--> ""bilan"" | ""bilan"" --(BEFORE)--> ""retenue"" | ""retenue"" --(BEFORE)--> ""exploration"""
16,58,FR100845,[EVENT_BEFORE_ACTUAL_POS] --(CONTAINS)--> [EVENT_BEFORE_ACTUAL_POS] | [EVENT_BEFORE_ACTUAL_POS] --(BEFORE)--> [EVENT_BEFORE_ACTUAL_POS] | [EVENT_BEFORE_ACTUAL_POS] --(BEFORE)--> [EVENT_BEFORE_ACTUAL_POS] | [EVENT_BEFORE_ACTUAL_POS] --(BEFORE)--> [EVENT_BEFORE_ACTUAL_POS],"""eupnéique"" --(CONTAINS)--> ""examen"" | ""examen"" --(BEFORE)--> ""examen"" | ""examen"" --(BEFORE)--> ""échographie"" | ""échographie"" --(BEFORE)--> ""radiographie"""
16,58,FR100849,[EVENT_BEFORE_ACTUAL_POS] --(CONTAINS)--> [EVENT_BEFORE_ACTUAL_POS] | [EVENT_BEFORE_ACTUAL_POS] --(BEFORE)--> [EVENT_BEFORE_ACTUAL_POS] | [EVENT_BEFORE_ACTUAL_POS] --(BEFORE)--> [EVENT_BEFORE_ACTUAL_POS] | [EVENT_BEFORE_ACTUAL_POS] --(BEFORE)--> [EVENT_BEFORE_ACTUAL_POS],"""IMC"" --(CONTAINS)--> ""admission"" | ""admission"" --(BEFORE)--> ""tomodensitométrie"" | ""tomodensitométrie"" --(BEFORE)--> ""acheminé"" | ""acheminé"" --(BEFORE)--> ""suites"""
16,58,FR100870,[EVENT_BEFORE_ACTUAL_POS] --(CONTAINS)--> [EVENT_BEFORE_ACTUAL_POS] | [EVENT_BEFORE_ACTUAL_POS] --(BEFORE)--> [EVENT_BEFORE_ACTUAL_POS] | [EVENT_BEFORE_ACTUAL_POS] --(BEFORE)--> [EVENT_BEFORE_ACTUAL_POS] | [EVENT_BEFORE_ACTUAL_POS] --(BEFORE)--> [EVENT_BEFORE_ACTUAL_POS],"""apparition"" --(CONTAINS)--> ""retenu"" | ""retenu"" --(BEFORE)--> ""radiothérapie"" | ""radiothérapie"" --(BEFORE)--> ""admis"" | ""admis"" --(BEFORE)--> ""imagerie"""
16,58,FR100874,[EVENT_BEFORE_ACTUAL_POS] --(CONTAINS)--> [EVENT_BEFORE_ACTUAL_POS] | [EVENT_BEFORE_ACTUAL_POS] --(BEFORE)--> [EVENT_BEFORE_ACTUAL_POS] | [EVENT_BEFORE_ACTUAL_POS] --(BEFORE)--> [EVENT_BEFORE_ACTUAL_POS] | [EVENT_BEFORE_ACTUAL_POS] --(BEFORE)--> [EVENT_BEFORE_ACTUAL_POS],"""diverticule"" --(CONTAINS)--> ""retenu"" | ""retenu"" --(BEFORE)--> ""mise"" | ""mise"" --(BEFORE)--> ""diverticulectomie"" | ""diverticulectomie"" --(BEFORE)--> ""décédée"""
16,58,FR100882,[EVENT_BEFORE_ACTUAL_POS] --(CONTAINS)--> [EVENT_BEFORE_ACTUAL_POS] | [EVENT_BEFORE_ACTUAL_POS] --(BEFORE)--> [EVENT_BEFORE_ACTUAL_POS] | [EVENT_BEFORE_ACTUAL_POS] --(BEFORE)--> [EVENT_BEFORE_ACTUAL_POS] | [EVENT_BEFORE_ACTUAL_POS] --(BEFORE)--> [EVENT_BEFORE_ACTUAL_POS],"""signe"" --(CONTAINS)--> ""examen"" | ""examen"" --(BEFORE)--> ""examen"" | ""examen"" --(BEFORE)--> ""examen"" | ""examen"" --(BEFORE)--> ""conclu"""
16,58,FR100883,[EVENT_BEFORE_ACTUAL_POS] --(CONTAINS)--> [EVENT_BEFORE_ACTUAL_POS] | [EVENT_BEFORE_ACTUAL_POS] --(BEFORE)--> [EVENT_BEFORE_ACTUAL_POS] | [EVENT_BEFORE_ACTUAL_POS] --(BEFORE)--> [EVENT_BEFORE_ACTUAL_POS] | [EVENT_BEFORE_ACTUAL_POS] --(BEFORE)--> [EVENT_BEFORE_ACTUAL_POS],"""admission"" --(CONTAINS)--> ""TDM"" | ""TDM"" --(BEFORE)--> ""biopsie"" | ""biopsie"" --(BEFORE)--> ""bilan"" | ""bilan"" --(BEFORE)--> ""reçu"""
16,58,FR100894,[EVENT_BEFORE_ACTUAL_POS] --(CONTAINS)--> [EVENT_BEFORE_ACTUAL_POS] | [EVENT_BEFORE_ACTUAL_POS] --(BEFORE)--> [EVENT_BEFORE_ACTUAL_POS] | [EVENT_BEFORE_ACTUAL_POS] --(BEFORE)--> [EVENT_BEFORE_ACTUAL_POS] | [EVENT_BEFORE_ACTUAL_POS] --(BEFORE)--> [EVENT_BEFORE_ACTUAL_POS],"""désinsertion"" --(CONTAINS)--> ""imagerie"" | ""imagerie"" --(BEFORE)--> ""prescrit"" | ""prescrit"" --(BEFORE)--> ""rejoint"" | ""rejoint"" --(BEFORE)--> ""trajet"""
16,58,FR100903,[EVENT_BEFORE_ACTUAL_POS] --(CONTAINS)--> [EVENT_BEFORE_ACTUAL_POS] | [EVENT_BEFORE_ACTUAL_POS] --(BEFORE)--> [EVENT_BEFORE_ACTUAL_POS] | [EVENT_BEFORE_ACTUAL_POS] --(BEFORE)--> [EVENT_BEFORE_ACTUAL_POS] | [EVENT_BEFORE_ACTUAL_POS] --(BEFORE)--> [EVENT_BEFORE_ACTUAL_POS],"""syndrome"" --(CONTAINS)--> ""IRM"" | ""IRM"" --(BEFORE)--> ""diagnostic"" | ""diagnostic"" --(BEFORE)--> ""écarté"" | ""écarté"" --(BEFORE)--> ""réfléchir"""
16,58,FR100946,[EVENT_BEFORE_ACTUAL_POS] --(CONTAINS)--> [EVENT_BEFORE_ACTUAL_POS] | [EVENT_BEFORE_ACTUAL_POS] --(BEFORE)--> [EVENT_BEFORE_ACTUAL_POS] | [EVENT_BEFORE_ACTUAL_POS] --(BEFORE)--> [EVENT_BEFORE_ACTUAL_POS] | [EVENT_BEFORE_ACTUAL_POS] --(BEFORE)--> [EVENT_BEFORE_ACTUAL_POS],"""marche"" --(CONTAINS)--> ""examen"" | ""examen"" --(BEFORE)--> ""IRM"" | ""IRM"" --(BEFORE)--> ""analyse"" | ""analyse"" --(BEFORE)--> ""mise"""
16,58,FR100996,[EVENT_BEFORE_ACTUAL_POS] --(CONTAINS)--> [EVENT_BEFORE_ACTUAL_POS] | [EVENT_BEFORE_ACTUAL_POS] --(BEFORE)--> [EVENT_BEFORE_ACTUAL_POS] | [EVENT_BEFORE_ACTUAL_POS] --(BEFORE)--> [EVENT_BEFORE_ACTUAL_POS] | [EVENT_BEFORE_ACTUAL_POS] --(BEFORE)--> [EVENT_BEFORE_ACTUAL_POS],"""masse"" --(CONTAINS)--> ""examen"" | ""examen"" --(BEFORE)--> ""tomodensitométrie"" | ""tomodensitométrie"" --(BEFORE)--> ""injection"" | ""injection"" --(BEFORE)--> ""retenu"""
16,58,FR100998,[EVENT_BEFORE_ACTUAL_POS] --(CONTAINS)--> [EVENT_BEFORE_ACTUAL_POS] | [EVENT_BEFORE_ACTUAL_POS] --(BEFORE)--> [EVENT_BEFORE_ACTUAL_POS] | [EVENT_BEFORE_ACTUAL_POS] --(BEFORE)--> [EVENT_BEFORE_ACTUAL_POS] | [EVENT_BEFORE_ACTUAL_POS] --(BEFORE)--> [EVENT_BEFORE_ACTUAL_POS],"""inflammation"" --(CONTAINS)--> ""diagnostic"" | ""diagnostic"" --(BEFORE)--> ""traitée"" | ""traitée"" --(BEFORE)--> ""bilan"" | ""bilan"" --(BEFORE)--> ""démarré"""
208,56,FR100003,[EVENT_BEFORE_ACTUAL_POS] --(BEFORE)--> [EVENT_BEFORE_ACTUAL_POS] | [EVENT_BEFORE_ACTUAL_POS] --(BEFORE)--> [EVENT_BEFORE_ACTUAL_POS],"""drainage"" --(BEFORE)--> ""extraction"" | ""drainage"" --(BEFORE)--> ""traitement"""
208,56,FR100120,[EVENT_BEFORE_ACTUAL_POS] --(BEFORE)--> [EVENT_BEFORE_ACTUAL_POS] | [EVENT_BEFORE_ACTUAL_POS] --(BEFORE)--> [EVENT_BEFORE_ACTUAL_POS],"""rattaché"" --(BEFORE)--> ""traitement"" | ""rattaché"" --(BEFORE)--> ""traitées"""
208,56,FR100130,[EVENT_BEFORE_ACTUAL_POS] --(BEFORE)--> [EVENT_BEFORE_ACTUAL_POS] | [EVENT_BEFORE_ACTUAL_POS] --(BEFORE)--> [EVENT_BEFORE_ACTUAL_POS],"""admis"" --(BEFORE)--> ""plaignait"" | ""admis"" --(BEFORE)--> ""exploration"""
208,56,FR100142,[EVENT_BEFORE_ACTUAL_POS] --(BEFORE)--> [EVENT_BEFORE_ACTUAL_POS] | [EVENT_BEFORE_ACTUAL_POS] --(BEFORE)--> [EVENT_BEFORE_ACTUAL_POS],"""mis"" --(BEFORE)--> ""bithérapie"" | ""mis"" --(BEFORE)--> ""évolution"""
208,56,FR100161,[EVENT_BEFORE_ACTUAL_POS] --(BEFORE)--> [EVENT_BEFORE_ACTUAL_POS] | [EVENT_BEFORE_ACTUAL_POS] --(BEFORE)--> [EVENT_BEFORE_ACTUAL_POS],"""radiographie"" --(BEFORE)--> ""échographie"" | ""radiographie"" --(BEFORE)--> ""complément"""
208,56,FR100168,[EVENT_BEFORE_ACTUAL_POS] --(BEFORE)--> [EVENT_BEFORE_ACTUAL_POS] | [EVENT_BEFORE_ACTUAL_POS] --(BEFORE)--> [EVENT_BEFORE_ACTUAL_POS],"""examen"" --(BEFORE)--> ""ostéosynthèse"" | ""examen"" --(BEFORE)--> ""bilan"""
208,56,FR100255,[EVENT_BEFORE_ACTUAL_POS] --(BEFORE)--> [EVENT_BEFORE_ACTUAL_POS] | [EVENT_BEFORE_ACTUAL_POS] --(BEFORE)--> [EVENT_BEFORE_ACTUAL_POS],"""mise"" --(BEFORE)--> ""traitement"" | ""mise"" --(BEFORE)--> ""traitement"""
208,56,FR100275,[EVENT_BEFORE_ACTUAL_POS] --(BEFORE)--> [EVENT_BEFORE_ACTUAL_POS] | [EVENT_BEFORE_ACTUAL_POS] --(BEFORE)--> [EVENT_BEFORE_ACTUAL_POS],"""pris"" --(BEFORE)--> ""instauré"" | ""pris"" --(BEFORE)--> ""électroencéphalogramme"""
208,56,FR100276,[EVENT_BEFORE_ACTUAL_POS] --(BEFORE)--> [EVENT_BEFORE_ACTUAL_POS] | [EVENT_BEFORE_ACTUAL_POS] --(BEFORE)--> [EVENT_BEFORE_ACTUAL_POS],"""arrêt"" --(BEFORE)--> ""consulté"" | ""arrêt"" --(BEFORE)--> ""menée"""
208,56,FR100282,[EVENT_BEFORE_ACTUAL_POS] --(BEFORE)--> [EVENT_BEFORE_ACTUAL_POS] | [EVENT_BEFORE_ACTUAL_POS] --(BEFORE)--> [EVENT_BEFORE_ACTUAL_POS],"""monothérapie"" --(BEFORE)--> ""consulte"" | ""monothérapie"" --(BEFORE)--> ""multithérapie"""
208,56,FR100283,[EVENT_BEFORE_ACTUAL_POS] --(BEFORE)--> [EVENT_BEFORE_ACTUAL_POS] | [EVENT_BEFORE_ACTUAL_POS] --(BEFORE)--> [EVENT_BEFORE_ACTUAL_POS],"""bilan"" --(BEFORE)--> ""IRM"" | ""bilan"" --(BEFORE)--> ""ponction"""
208,56,FR100344,[EVENT_BEFORE_ACTUAL_POS] --(BEFORE)--> [EVENT_BEFORE_ACTUAL_POS] | [EVENT_BEFORE_ACTUAL_POS] --(BEFORE)--> [EVENT_BEFORE_ACTUAL_POS],"""développé"" --(BEFORE)--> ""suivie"" | ""développé"" --(BEFORE)--> ""contrôle"""
208,56,FR100360,[EVENT_BEFORE_ACTUAL_POS] --(BEFORE)--> [EVENT_BEFORE_ACTUAL_POS] | [EVENT_BEFORE_ACTUAL_POS] --(BEFORE)--> [EVENT_BEFORE_ACTUAL_POS],"""biopsie"" --(BEFORE)--> ""tomodensitométrie"" | ""biopsie"" --(BEFORE)--> ""étude"""
208,56,FR100361,[EVENT_BEFORE_ACTUAL_POS] --(BEFORE)--> [EVENT_BEFORE_ACTUAL_POS] | [EVENT_BEFORE_ACTUAL_POS] --(BEFORE)--> [EVENT_BEFORE_ACTUAL_POS],"""ponction"" --(BEFORE)--> ""examen"" | ""ponction"" --(BEFORE)--> ""étude"""
208,56,FR100371,[EVENT_BEFORE_ACTUAL_POS] --(BEFORE)--> [EVENT_BEFORE_ACTUAL_POS] | [EVENT_BEFORE_ACTUAL_POS] --(BEFORE)--> [EVENT_BEFORE_ACTUAL_POS],"""envoyée"" --(BEFORE)--> ""examen"" | ""envoyée"" --(BEFORE)--> ""résultat"""
208,56,FR100400,[EVENT_BEFORE_ACTUAL_POS] --(BEFORE)--> [EVENT_BEFORE_ACTUAL_POS] | [EVENT_BEFORE_ACTUAL_POS] --(BEFORE)--> [EVENT_BEFORE_ACTUAL_POS],"""histoire"" --(BEFORE)--> ""examen"" | ""histoire"" --(BEFORE)--> ""admise"""
208,56,FR100439,[EVENT_BEFORE_ACTUAL_POS] --(BEFORE)--> [EVENT_BEFORE_ACTUAL_POS] | [EVENT_BEFORE_ACTUAL_POS] --(BEFORE)--> [EVENT_BEFORE_ACTUAL_POS],"""nasofibroscopie"" --(BEFORE)--> ""contrôles"" | ""nasofibroscopie"" --(BEFORE)--> ""scanner"""
208,56,FR100480,[EVENT_BEFORE_ACTUAL_POS] --(BEFORE)--> [EVENT_BEFORE_ACTUAL_POS] | [EVENT_BEFORE_ACTUAL_POS] --(BEFORE)--> [EVENT_BEFORE_ACTUAL_POS],"""reprise"" --(BEFORE)--> ""débuté"" | ""reprise"" --(BEFORE)--> ""présenté"""
208,56,FR100510,[EVENT_BEFORE_ACTUAL_POS] --(BEFORE)--> [EVENT_BEFORE_ACTUAL_POS] | [EVENT_BEFORE_ACTUAL_POS] --(BEFORE)--> [EVENT_BEFORE_ACTUAL_POS],"""décision"" --(BEFORE)--> ""intervention"" | ""décision"" --(BEFORE)--> ""exerce"""
208,56,FR100515,[EVENT_BEFORE_ACTUAL_POS] --(BEFORE)--> [EVENT_BEFORE_ACTUAL_POS] | [EVENT_BEFORE_ACTUAL_POS] --(BEFORE)--> [EVENT_BEFORE_ACTUAL_POS],"""prescrits"" --(BEFORE)--> ""évolution"" | ""prescrits"" --(BEFORE)--> ""corticothérapie"""
208,56,FR100517,[EVENT_BEFORE_ACTUAL_POS] --(BEFORE)--> [EVENT_BEFORE_ACTUAL_POS] | [EVENT_BEFORE_ACTUAL_POS] --(BEFORE)--> [EVENT_BEFORE_ACTUAL_POS],"""bilan"" --(BEFORE)--> ""mise"" | ""bilan"" --(BEFORE)--> ""mise"""
208,56,FR100519,[EVENT_BEFORE_ACTUAL_POS] --(BEFORE)--> [EVENT_BEFORE_ACTUAL_POS] | [EVENT_BEFORE_ACTUAL_POS] --(BEFORE)--> [EVENT_BEFORE_ACTUAL_POS],"""hospitalisée"" --(BEFORE)--> ""entrée"" | ""hospitalisée"" --(BEFORE)--> ""transférée"""
208,56,FR100579,[EVENT_BEFORE_ACTUAL_POS] --(BEFORE)--> [EVENT_BEFORE_ACTUAL_POS] | [EVENT_BEFORE_ACTUAL_POS] --(BEFORE)--> [EVENT_BEFORE_ACTUAL_POS],"""bilan"" --(BEFORE)--> ""recherche"" | ""bilan"" --(BEFORE)--> ""étude"""
208,56,FR100589,[EVENT_BEFORE_ACTUAL_POS] --(BEFORE)--> [EVENT_BEFORE_ACTUAL_POS] | [EVENT_BEFORE_ACTUAL_POS] --(BEFORE)--> [EVENT_BEFORE_ACTUAL_POS],"""caryotype"" --(BEFORE)--> ""sérologie"" | ""caryotype"" --(BEFORE)--> ""biopsie"""
208,56,FR100597,[EVENT_BEFORE_ACTUAL_POS] --(BEFORE)--> [EVENT_BEFORE_ACTUAL_POS] | [EVENT_BEFORE_ACTUAL_POS] --(BEFORE)--> [EVENT_BEFORE_ACTUAL_POS],"""accouchements"" --(BEFORE)--> ""ligature"" | ""accouchements"" --(BEFORE)--> ""ménopausée"""
208,56,FR100611,[EVENT_BEFORE_ACTUAL_POS] --(BEFORE)--> [EVENT_BEFORE_ACTUAL_POS] | [EVENT_BEFORE_ACTUAL_POS] --(BEFORE)--> [EVENT_BEFORE_ACTUAL_POS],"""examen"" --(BEFORE)--> ""cultures"" | ""examen"" --(BEFORE)--> ""PCR"""
208,56,FR100614,[EVENT_BEFORE_ACTUAL_POS] --(BEFORE)--> [EVENT_BEFORE_ACTUAL_POS] | [EVENT_BEFORE_ACTUAL_POS] --(BEFORE)--> [EVENT_BEFORE_ACTUAL_POS],"""exploration"" --(BEFORE)--> ""rupture"" | ""exploration"" --(BEFORE)--> ""exploration"""
208,56,FR100620,[EVENT_BEFORE_ACTUAL_POS] --(BEFORE)--> [EVENT_BEFORE_ACTUAL_POS] | [EVENT_BEFORE_ACTUAL_POS] --(BEFORE)--> [EVENT_BEFORE_ACTUAL_POS],"""pleurodèse"" --(BEFORE)--> ""biopsie"" | ""pleurodèse"" --(BEFORE)--> ""biopsie"""
208,56,FR100623,[EVENT_BEFORE_ACTUAL_POS] --(BEFORE)--> [EVENT_BEFORE_ACTUAL_POS] | [EVENT_BEFORE_ACTUAL_POS] --(BEFORE)--> [EVENT_BEFORE_ACTUAL_POS],"""examen"" --(BEFORE)--> ""bilan"" | ""examen"" --(BEFORE)--> ""échographie"""
208,56,FR100629,[EVENT_BEFORE_ACTUAL_POS] --(BEFORE)--> [EVENT_BEFORE_ACTUAL_POS] | [EVENT_BEFORE_ACTUAL_POS] --(BEFORE)--> [EVENT_BEFORE_ACTUAL_POS],"""marquage"" --(BEFORE)--> ""étude"" | ""marquage"" --(BEFORE)--> ""bilan"""
208,56,FR100632,[EVENT_BEFORE_ACTUAL_POS] --(BEFORE)--> [EVENT_BEFORE_ACTUAL_POS] | [EVENT_BEFORE_ACTUAL_POS] --(BEFORE)--> [EVENT_BEFORE_ACTUAL_POS],"""numération"" --(BEFORE)--> ""bilan"" | ""numération"" --(BEFORE)--> ""vitesse"""
208,56,FR100658,[EVENT_BEFORE_ACTUAL_POS] --(BEFORE)--> [EVENT_BEFORE_ACTUAL_POS] | [EVENT_BEFORE_ACTUAL_POS] --(BEFORE)--> [EVENT_BEFORE_ACTUAL_POS],"""fin"" --(BEFORE)--> ""administration"" | ""fin"" --(BEFORE)--> ""arrêt"""
208,56,FR100663,[EVENT_BEFORE_ACTUAL_POS] --(BEFORE)--> [EVENT_BEFORE_ACTUAL_POS] | [EVENT_BEFORE_ACTUAL_POS] --(BEFORE)--> [EVENT_BEFORE_ACTUAL_POS],"""incisée"" --(BEFORE)--> ""vérifié"" | ""incisée"" --(BEFORE)--> ""aspiration"""
208,56,FR100666,[EVENT_BEFORE_ACTUAL_POS] --(BEFORE)--> [EVENT_BEFORE_ACTUAL_POS] | [EVENT_BEFORE_ACTUAL_POS] --(BEFORE)--> [EVENT_BEFORE_ACTUAL_POS],"""biopsie"" --(BEFORE)--> ""étude"" | ""biopsie"" --(BEFORE)--> ""examen"""
208,56,FR100683,[EVENT_BEFORE_ACTUAL_POS] --(BEFORE)--> [EVENT_BEFORE_ACTUAL_POS] | [EVENT_BEFORE_ACTUAL_POS] --(BEFORE)--> [EVENT_BEFORE_ACTUAL_POS],"""osteodensitométrie"" --(BEFORE)--> ""IRM"" | ""osteodensitométrie"" --(BEFORE)--> ""traitée"""
208,56,FR100688,[EVENT_BEFORE_ACTUAL_POS] --(BEFORE)--> [EVENT_BEFORE_ACTUAL_POS] | [EVENT_BEFORE_ACTUAL_POS] --(BEFORE)--> [EVENT_BEFORE_ACTUAL_POS],"""sérologie"" --(BEFORE)--> ""recherche"" | ""sérologie"" --(BEFORE)--> ""radiographie"""
208,56,FR100689,[EVENT_BEFORE_ACTUAL_POS] --(BEFORE)--> [EVENT_BEFORE_ACTUAL_POS] | [EVENT_BEFORE_ACTUAL_POS] --(BEFORE)--> [EVENT_BEFORE_ACTUAL_POS],"""examen"" --(BEFORE)--> ""PCR"" | ""examen"" --(BEFORE)--> ""cultures"""
208,56,FR100697,[EVENT_BEFORE_ACTUAL_POS] --(BEFORE)--> [EVENT_BEFORE_ACTUAL_POS] | [EVENT_BEFORE_ACTUAL_POS] --(BEFORE)--> [EVENT_BEFORE_ACTUAL_POS],"""examen"" --(BEFORE)--> ""reste"" | ""examen"" --(BEFORE)--> ""mammographie"""
208,56,FR100708,[EVENT_BEFORE_ACTUAL_POS] --(BEFORE)--> [EVENT_BEFORE_ACTUAL_POS] | [EVENT_BEFORE_ACTUAL_POS] --(BEFORE)--> [EVENT_BEFORE_ACTUAL_POS],"""demandée"" --(BEFORE)--> ""IRM"" | ""demandée"" --(BEFORE)--> ""tests"""
208,56,FR100748,[EVENT_BEFORE_ACTUAL_POS] --(BEFORE)--> [EVENT_BEFORE_ACTUAL_POS] | [EVENT_BEFORE_ACTUAL_POS] --(BEFORE)--> [EVENT_BEFORE_ACTUAL_POS],"""chiffres"" --(BEFORE)--> ""Nicardipine"" | ""chiffres"" --(BEFORE)--> ""propranolol"""
208,56,FR100766,[EVENT_BEFORE_ACTUAL_POS] --(BEFORE)--> [EVENT_BEFORE_ACTUAL_POS] | [EVENT_BEFORE_ACTUAL_POS] --(BEFORE)--> [EVENT_BEFORE_ACTUAL_POS],"""amputation"" --(BEFORE)--> ""décision"" | ""amputation"" --(BEFORE)--> ""état"""
208,56,FR100780,[EVENT_BEFORE_ACTUAL_POS] --(BEFORE)--> [EVENT_BEFORE_ACTUAL_POS] | [EVENT_BEFORE_ACTUAL_POS] --(BEFORE)--> [EVENT_BEFORE_ACTUAL_POS],"""geste"" --(BEFORE)--> ""geste"" | ""geste"" --(BEFORE)--> ""gestes"""
208,56,FR100806,[EVENT_BEFORE_ACTUAL_POS] --(BEFORE)--> [EVENT_BEFORE_ACTUAL_POS] | [EVENT_BEFORE_ACTUAL_POS] --(BEFORE)--> [EVENT_BEFORE_ACTUAL_POS],"""hospitalisée"" --(BEFORE)--> ""hémodialyse"" | ""hospitalisée"" --(BEFORE)--> ""transfusion"""
208,56,FR100826,[EVENT_BEFORE_ACTUAL_POS] --(BEFORE)--> [EVENT_BEFORE_ACTUAL_POS] | [EVENT_BEFORE_ACTUAL_POS] --(BEFORE)--> [EVENT_BEFORE_ACTUAL_POS],"""admis"" --(BEFORE)--> ""examen"" | ""admis"" --(BEFORE)--> ""don"""
208,56,FR100845,[EVENT_BEFORE_ACTUAL_POS] --(BEFORE)--> [EVENT_BEFORE_ACTUAL_POS] | [EVENT_BEFORE_ACTUAL_POS] --(BEFORE)--> [EVENT_BEFORE_ACTUAL_POS],"""extraction"" --(BEFORE)--> ""examen"" | ""extraction"" --(BEFORE)--> ""Apgar"""
208,56,FR100849,[EVENT_BEFORE_ACTUAL_POS] --(BEFORE)--> [EVENT_BEFORE_ACTUAL_POS] | [EVENT_BEFORE_ACTUAL_POS] --(BEFORE)--> [EVENT_BEFORE_ACTUAL_POS],"""acheminé"" --(BEFORE)--> ""suites"" | ""acheminé"" --(BEFORE)--> ""découverte"""
208,56,FR100870,[EVENT_BEFORE_ACTUAL_POS] --(BEFORE)--> [EVENT_BEFORE_ACTUAL_POS] | [EVENT_BEFORE_ACTUAL_POS] --(BEFORE)--> [EVENT_BEFORE_ACTUAL_POS],"""immunosoustraction"" --(BEFORE)--> ""immunofixation"" | ""immunosoustraction"" --(BEFORE)--> ""typer"""
208,56,FR100882,[EVENT_BEFORE_ACTUAL_POS] --(BEFORE)--> [EVENT_BEFORE_ACTUAL_POS] | [EVENT_BEFORE_ACTUAL_POS] --(BEFORE)--> [EVENT_BEFORE_ACTUAL_POS],"""laminectomie"" --(BEFORE)--> ""suites"" | ""laminectomie"" --(BEFORE)--> ""Imagerie"""
208,56,FR100883,[EVENT_BEFORE_ACTUAL_POS] --(BEFORE)--> [EVENT_BEFORE_ACTUAL_POS] | [EVENT_BEFORE_ACTUAL_POS] --(BEFORE)--> [EVENT_BEFORE_ACTUAL_POS],"""bilan"" --(BEFORE)--> ""reçu"" | ""bilan"" --(BEFORE)--> ""sérologie"""
208,56,FR100894,[EVENT_BEFORE_ACTUAL_POS] --(BEFORE)--> [EVENT_BEFORE_ACTUAL_POS] | [EVENT_BEFORE_ACTUAL_POS] --(BEFORE)--> [EVENT_BEFORE_ACTUAL_POS],"""rejoint"" --(BEFORE)--> ""trajet"" | ""rejoint"" --(BEFORE)--> ""reçu"""
208,56,FR100903,[EVENT_BEFORE_ACTUAL_POS] --(BEFORE)--> [EVENT_BEFORE_ACTUAL_POS] | [EVENT_BEFORE_ACTUAL_POS] --(BEFORE)--> [EVENT_BEFORE_ACTUAL_POS],"""écarté"" --(BEFORE)--> ""contrôles"" | ""écarté"" --(BEFORE)--> ""réfléchir"""
208,56,FR100919,[EVENT_BEFORE_ACTUAL_POS] --(BEFORE)--> [EVENT_BEFORE_ACTUAL_POS] | [EVENT_BEFORE_ACTUAL_POS] --(BEFORE)--> [EVENT_BEFORE_ACTUAL_POS],"""correction"" --(BEFORE)--> ""normalisation"" | ""correction"" --(BEFORE)--> ""disparition"""
208,56,FR100921,[EVENT_BEFORE_ACTUAL_POS] --(BEFORE)--> [EVENT_BEFORE_ACTUAL_POS] | [EVENT_BEFORE_ACTUAL_POS] --(BEFORE)--> [EVENT_BEFORE_ACTUAL_POS],"""exérèse"" --(BEFORE)--> ""examen"" | ""exérèse"" --(BEFORE)--> ""disparition"""
208,56,FR100932,[EVENT_BEFORE_ACTUAL_POS] --(BEFORE)--> [EVENT_BEFORE_ACTUAL_POS] | [EVENT_BEFORE_ACTUAL_POS] --(BEFORE)--> [EVENT_BEFORE_ACTUAL_POS],"""mise"" --(BEFORE)--> ""installation"" | ""mise"" --(BEFORE)--> ""opérée"""
208,56,FR100946,[EVENT_BEFORE_ACTUAL_POS] --(BEFORE)--> [EVENT_BEFORE_ACTUAL_POS] | [EVENT_BEFORE_ACTUAL_POS] --(BEFORE)--> [EVENT_BEFORE_ACTUAL_POS],"""mise"" --(BEFORE)--> ""arrêt"" | ""mise"" --(BEFORE)--> ""récupération"""
208,56,FR100979,[EVENT_BEFORE_ACTUAL_POS] --(BEFORE)--> [EVENT_BEFORE_ACTUAL_POS] | [EVENT_BEFORE_ACTUAL_POS] --(BEFORE)--> [EVENT_BEFORE_ACTUAL_POS],"""admise"" --(BEFORE)--> ""accident"" | ""admise"" --(BEFORE)--> ""accident"""
133,52,FR100003,[EVENT_BEFORE_ACTUAL_POS] --(BEFORE)--> [EVENT_BEFORE_ACTUAL_POS] | [EVENT_BEFORE_ACTUAL_POS] --(BEFORE)--> [EVENT_BEFORE_ACTUAL_POS] | [EVENT_BEFORE_ACTUAL_POS] --(BEFORE)--> [EVENT_BEFORE_ACTUAL_POS] | [EVENT_BEFORE_ACTUAL_POS] --(BEFORE)--> [EVENT_BEFORE_ACTUAL_POS],"""injection"" --(BEFORE)--> ""ponction"" | ""ponction"" --(BEFORE)--> ""examen"" | ""examen"" --(BEFORE)--> ""examen"" | ""examen"" --(BEFORE)--> ""antibiothérapie"""
133,52,FR100092,[EVENT_BEFORE_ACTUAL_POS] --(BEFORE)--> [EVENT_BEFORE_ACTUAL_POS] | [EVENT_BEFORE_ACTUAL_POS] --(BEFORE)--> [EVENT_BEFORE_ACTUAL_POS] | [EVENT_BEFORE_ACTUAL_POS] --(BEFORE)--> [EVENT_BEFORE_ACTUAL_POS] | [EVENT_BEFORE_ACTUAL_POS] --(BEFORE)--> [EVENT_BEFORE_ACTUAL_POS],"""admise"" --(BEFORE)--> ""examen"" | ""examen"" --(BEFORE)--> ""examen"" | ""examen"" --(BEFORE)--> ""examen"" | ""examen"" --(BEFORE)--> ""échographie"""
133,52,FR100130,[EVENT_BEFORE_ACTUAL_POS] --(BEFORE)--> [EVENT_BEFORE_ACTUAL_POS] | [EVENT_BEFORE_ACTUAL_POS] --(BEFORE)--> [EVENT_BEFORE_ACTUAL_POS] | [EVENT_BEFORE_ACTUAL_POS] --(BEFORE)--> [EVENT_BEFORE_ACTUAL_POS] | [EVENT_BEFORE_ACTUAL_POS] --(BEFORE)--> [EVENT_BEFORE_ACTUAL_POS],"""admis"" --(BEFORE)--> ""plaignait"" | ""plaignait"" --(BEFORE)--> ""examen"" | ""examen"" --(BEFORE)--> ""biologie"" | ""biologie"" --(BEFORE)--> ""glycémie"""
133,52,FR100132,[EVENT_BEFORE_ACTUAL_POS] --(BEFORE)--> [EVENT_BEFORE_ACTUAL_POS] | [EVENT_BEFORE_ACTUAL_POS] --(BEFORE)--> [EVENT_BEFORE_ACTUAL_POS] | [EVENT_BEFORE_ACTUAL_POS] --(BEFORE)--> [EVENT_BEFORE_ACTUAL_POS] | [EVENT_BEFORE_ACTUAL_POS] --(BEFORE)--> [EVENT_BEFORE_ACTUAL_POS],"""palpation"" --(BEFORE)--> ""histologie"" | ""histologie"" --(BEFORE)--> ""examen"" | ""examen"" --(BEFORE)--> ""écho-Doppler"" | ""écho-Doppler"" --(BEFORE)--> ""reçu"""
133,52,FR100142,[EVENT_BEFORE_ACTUAL_POS] --(BEFORE)--> [EVENT_BEFORE_ACTUAL_POS] | [EVENT_BEFORE_ACTUAL_POS] --(BEFORE)--> [EVENT_BEFORE_ACTUAL_POS] | [EVENT_BEFORE_ACTUAL_POS] --(BEFORE)--> [EVENT_BEFORE_ACTUAL_POS] | [EVENT_BEFORE_ACTUAL_POS] --(BEFORE)--> [EVENT_BEFORE_ACTUAL_POS],"""scanner"" --(BEFORE)--> ""fibroscopie"" | ""fibroscopie"" --(BEFORE)--> ""biopsie"" | ""biopsie"" --(BEFORE)--> ""mis"" | ""mis"" --(BEFORE)--> ""bithérapie"""
133,52,FR100161,[EVENT_BEFORE_ACTUAL_POS] --(BEFORE)--> [EVENT_BEFORE_ACTUAL_POS] | [EVENT_BEFORE_ACTUAL_POS] --(BEFORE)--> [EVENT_BEFORE_ACTUAL_POS] | [EVENT_BEFORE_ACTUAL_POS] --(BEFORE)--> [EVENT_BEFORE_ACTUAL_POS] | [EVENT_BEFORE_ACTUAL_POS] --(BEFORE)--> [EVENT_BEFORE_ACTUAL_POS],"""examen"" --(BEFORE)--> ""examens"" | ""examens"" --(BEFORE)--> ""radiographie"" | ""radiographie"" --(BEFORE)--> ""complément"" | ""complément"" --(BEFORE)--> ""cortisol"""
133,52,FR100255,[EVENT_BEFORE_ACTUAL_POS] --(BEFORE)--> [EVENT_BEFORE_ACTUAL_POS] | [EVENT_BEFORE_ACTUAL_POS] --(BEFORE)--> [EVENT_BEFORE_ACTUAL_POS] | [EVENT_BEFORE_ACTUAL_POS] --(BEFORE)--> [EVENT_BEFORE_ACTUAL_POS] | [EVENT_BEFORE_ACTUAL_POS] --(BEFORE)--> [EVENT_BEFORE_ACTUAL_POS],"""examen"" --(BEFORE)--> ""examen"" | ""examen"" --(BEFORE)--> ""échographie"" | ""échographie"" --(BEFORE)--> ""mise"" | ""mise"" --(BEFORE)--> ""traitement"""
133,52,FR100275,[EVENT_BEFORE_ACTUAL_POS] --(BEFORE)--> [EVENT_BEFORE_ACTUAL_POS] | [EVENT_BEFORE_ACTUAL_POS] --(BEFORE)--> [EVENT_BEFORE_ACTUAL_POS] | [EVENT_BEFORE_ACTUAL_POS] --(BEFORE)--> [EVENT_BEFORE_ACTUAL_POS] | [EVENT_BEFORE_ACTUAL_POS] --(BEFORE)--> [EVENT_BEFORE_ACTUAL_POS],"""établi"" --(BEFORE)--> ""manœuvres"" | ""manœuvres"" --(BEFORE)--> ""transféré"" | ""transféré"" --(BEFORE)--> ""anamnèse"" | ""anamnèse"" --(BEFORE)--> ""examen"""
133,52,FR100282,[EVENT_BEFORE_ACTUAL_POS] --(BEFORE)--> [EVENT_BEFORE_ACTUAL_POS] | [EVENT_BEFORE_ACTUAL_POS] --(BEFORE)--> [EVENT_BEFORE_ACTUAL_POS] | [EVENT_BEFORE_ACTUAL_POS] --(BEFORE)--> [EVENT_BEFORE_ACTUAL_POS] | [EVENT_BEFORE_ACTUAL_POS] --(BEFORE)--> [EVENT_BEFORE_ACTUAL_POS],"""électroencéphalogramme"" --(BEFORE)--> ""scanner"" | ""scanner"" --(BEFORE)--> ""conclus"" | ""conclus"" --(BEFORE)--> ""instauré"" | ""instauré"" --(BEFORE)--> ""suivi"""
133,52,FR100283,[EVENT_BEFORE_ACTUAL_POS] --(BEFORE)--> [EVENT_BEFORE_ACTUAL_POS] | [EVENT_BEFORE_ACTUAL_POS] --(BEFORE)--> [EVENT_BEFORE_ACTUAL_POS] | [EVENT_BEFORE_ACTUAL_POS] --(BEFORE)--> [EVENT_BEFORE_ACTUAL_POS] | [EVENT_BEFORE_ACTUAL_POS] --(BEFORE)--> [EVENT_BEFORE_ACTUAL_POS],"""bilan"" --(BEFORE)--> ""IRM"" | ""IRM"" --(BEFORE)--> ""hypophysiogramme"" | ""hypophysiogramme"" --(BEFORE)--> ""traitement"" | ""traitement"" --(BEFORE)--> ""évolution"""
133,52,FR100296,[EVENT_BEFORE_ACTUAL_POS] --(BEFORE)--> [EVENT_BEFORE_ACTUAL_POS] | [EVENT_BEFORE_ACTUAL_POS] --(BEFORE)--> [EVENT_BEFORE_ACTUAL_POS] | [EVENT_BEFORE_ACTUAL_POS] --(BEFORE)--> [EVENT_BEFORE_ACTUAL_POS] | [EVENT_BEFORE_ACTUAL_POS] --(BEFORE)--> [EVENT_BEFORE_ACTUAL_POS],"""examen"" --(BEFORE)--> ""IRM"" | ""IRM"" --(BEFORE)--> ""fenestration"" | ""fenestration"" --(BEFORE)--> ""suites"" | ""suites"" --(BEFORE)--> ""exéaté"""
133,52,FR100314,[EVENT_BEFORE_ACTUAL_POS] --(BEFORE)--> [EVENT_BEFORE_ACTUAL_POS] | [EVENT_BEFORE_ACTUAL_POS] --(BEFORE)--> [EVENT_BEFORE_ACTUAL_POS] | [EVENT_BEFORE_ACTUAL_POS] --(BEFORE)--> [EVENT_BEFORE_ACTUAL_POS] | [EVENT_BEFORE_ACTUAL_POS] --(BEFORE)--> [EVENT_BEFORE_ACTUAL_POS],"""bilan"" --(BEFORE)--> ""drainage"" | ""drainage"" --(BEFORE)--> ""angio-scanner"" | ""angio-scanner"" --(BEFORE)--> ""amputation"" | ""amputation"" --(BEFORE)--> ""mise"""
133,52,FR100344,[EVENT_BEFORE_ACTUAL_POS] --(BEFORE)--> [EVENT_BEFORE_ACTUAL_POS] | [EVENT_BEFORE_ACTUAL_POS] --(BEFORE)--> [EVENT_BEFORE_ACTUAL_POS] | [EVENT_BEFORE_ACTUAL_POS] --(BEFORE)--> [EVENT_BEFORE_ACTUAL_POS] | [EVENT_BEFORE_ACTUAL_POS] --(BEFORE)--> [EVENT_BEFORE_ACTUAL_POS],"""déroulée"" --(BEFORE)--> ""plainte"" | ""plainte"" --(BEFORE)--> ""examen"" | ""examen"" --(BEFORE)--> ""césarienne"" | ""césarienne"" --(BEFORE)--> ""pesait"""
133,52,FR100346,[EVENT_BEFORE_ACTUAL_POS] --(BEFORE)--> [EVENT_BEFORE_ACTUAL_POS] | [EVENT_BEFORE_ACTUAL_POS] --(BEFORE)--> [EVENT_BEFORE_ACTUAL_POS] | [EVENT_BEFORE_ACTUAL_POS] --(BEFORE)--> [EVENT_BEFORE_ACTUAL_POS] | [EVENT_BEFORE_ACTUAL_POS] --(BEFORE)--> [EVENT_BEFORE_ACTUAL_POS],"""gazométrie"" --(BEFORE)--> ""reste"" | ""reste"" --(BEFORE)--> ""radiographie"" | ""radiographie"" --(BEFORE)--> ""angioscanner"" | ""angioscanner"" --(BEFORE)--> ""echo-dopler"""
133,52,FR100360,[EVENT_BEFORE_ACTUAL_POS] --(BEFORE)--> [EVENT_BEFORE_ACTUAL_POS] | [EVENT_BEFORE_ACTUAL_POS] --(BEFORE)--> [EVENT_BEFORE_ACTUAL_POS] | [EVENT_BEFORE_ACTUAL_POS] --(BEFORE)--> [EVENT_BEFORE_ACTUAL_POS] | [EVENT_BEFORE_ACTUAL_POS] --(BEFORE)--> [EVENT_BEFORE_ACTUAL_POS],"""complément"" --(BEFORE)--> ""biopsie"" | ""biopsie"" --(BEFORE)--> ""tomodensitométrie"" | ""tomodensitométrie"" --(BEFORE)--> ""radiothérapie"" | ""radiothérapie"" --(BEFORE)--> ""cures"""
133,52,FR100361,[EVENT_BEFORE_ACTUAL_POS] --(BEFORE)--> [EVENT_BEFORE_ACTUAL_POS] | [EVENT_BEFORE_ACTUAL_POS] --(BEFORE)--> [EVENT_BEFORE_ACTUAL_POS] | [EVENT_BEFORE_ACTUAL_POS] --(BEFORE)--> [EVENT_BEFORE_ACTUAL_POS] | [EVENT_BEFORE_ACTUAL_POS] --(BEFORE)--> [EVENT_BEFORE_ACTUAL_POS],"""examen"" --(BEFORE)--> ""TDM"" | ""TDM"" --(BEFORE)--> ""ponction"" | ""ponction"" --(BEFORE)--> ""examen"" | ""examen"" --(BEFORE)--> ""examen"""
133,52,FR100371,[EVENT_BEFORE_ACTUAL_POS] --(BEFORE)--> [EVENT_BEFORE_ACTUAL_POS] | [EVENT_BEFORE_ACTUAL_POS] --(BEFORE)--> [EVENT_BEFORE_ACTUAL_POS] | [EVENT_BEFORE_ACTUAL_POS] --(BEFORE)--> [EVENT_BEFORE_ACTUAL_POS] | [EVENT_BEFORE_ACTUAL_POS] --(BEFORE)--> [EVENT_BEFORE_ACTUAL_POS],"""adressée"" --(BEFORE)--> ""admission"" | ""admission"" --(BEFORE)--> ""examen"" | ""examen"" --(BEFORE)--> ""examen"" | ""examen"" --(BEFORE)--> ""bilan"""
133,52,FR100400,[EVENT_BEFORE_ACTUAL_POS] --(BEFORE)--> [EVENT_BEFORE_ACTUAL_POS] | [EVENT_BEFORE_ACTUAL_POS] --(BEFORE)--> [EVENT_BEFORE_ACTUAL_POS] | [EVENT_BEFORE_ACTUAL_POS] --(BEFORE)--> [EVENT_BEFORE_ACTUAL_POS] | [EVENT_BEFORE_ACTUAL_POS] --(BEFORE)--> [EVENT_BEFORE_ACTUAL_POS],"""Radiographie"" --(BEFORE)--> ""échographie"" | ""échographie"" --(BEFORE)--> ""scanner"" | ""scanner"" --(BEFORE)--> ""diagnostic"" | ""diagnostic"" --(BEFORE)--> ""exploration"""
133,52,FR100439,[EVENT_BEFORE_ACTUAL_POS] --(BEFORE)--> [EVENT_BEFORE_ACTUAL_POS] | [EVENT_BEFORE_ACTUAL_POS] --(BEFORE)--> [EVENT_BEFORE_ACTUAL_POS] | [EVENT_BEFORE_ACTUAL_POS] --(BEFORE)--> [EVENT_BEFORE_ACTUAL_POS] | [EVENT_BEFORE_ACTUAL_POS] --(BEFORE)--> [EVENT_BEFORE_ACTUAL_POS],"""établie"" --(BEFORE)--> ""demandée"" | ""demandée"" --(BEFORE)--> ""examen"" | ""examen"" --(BEFORE)--> ""classée"" | ""classée"" --(BEFORE)--> ""bénéficier"""
133,52,FR100448,[EVENT_BEFORE_ACTUAL_POS] --(BEFORE)--> [EVENT_BEFORE_ACTUAL_POS] | [EVENT_BEFORE_ACTUAL_POS] --(BEFORE)--> [EVENT_BEFORE_ACTUAL_POS] | [EVENT_BEFORE_ACTUAL_POS] --(BEFORE)--> [EVENT_BEFORE_ACTUAL_POS] | [EVENT_BEFORE_ACTUAL_POS] --(BEFORE)--> [EVENT_BEFORE_ACTUAL_POS],"""hémi thyroïdectomie"" --(BEFORE)--> ""examen"" | ""examen"" --(BEFORE)--> ""histochimie"" | ""histochimie"" --(BEFORE)--> ""scanner"" | ""scanner"" --(BEFORE)--> ""tomographie"""
133,52,FR100480,[EVENT_BEFORE_ACTUAL_POS] --(BEFORE)--> [EVENT_BEFORE_ACTUAL_POS] | [EVENT_BEFORE_ACTUAL_POS] --(BEFORE)--> [EVENT_BEFORE_ACTUAL_POS] | [EVENT_BEFORE_ACTUAL_POS] --(BEFORE)--> [EVENT_BEFORE_ACTUAL_POS] | [EVENT_BEFORE_ACTUAL_POS] --(BEFORE)--> [EVENT_BEFORE_ACTUAL_POS],"""scanner"" --(BEFORE)--> ""Tomographie"" | ""Tomographie"" --(BEFORE)--> ""reprise"" | ""reprise"" --(BEFORE)--> ""débuté"" | ""débuté"" --(BEFORE)--> ""réadaptation"""
133,52,FR100515,[EVENT_BEFORE_ACTUAL_POS] --(BEFORE)--> [EVENT_BEFORE_ACTUAL_POS] | [EVENT_BEFORE_ACTUAL_POS] --(BEFORE)--> [EVENT_BEFORE_ACTUAL_POS] | [EVENT_BEFORE_ACTUAL_POS] --(BEFORE)--> [EVENT_BEFORE_ACTUAL_POS] | [EVENT_BEFORE_ACTUAL_POS] --(BEFORE)--> [EVENT_BEFORE_ACTUAL_POS],"""retenu"" --(BEFORE)--> ""bilan"" | ""bilan"" --(BEFORE)--> ""bilan"" | ""bilan"" --(BEFORE)--> ""prescrits"" | ""prescrits"" --(BEFORE)--> ""méthotrexate"""
133,52,FR100517,[EVENT_BEFORE_ACTUAL_POS] --(BEFORE)--> [EVENT_BEFORE_ACTUAL_POS] | [EVENT_BEFORE_ACTUAL_POS] --(BEFORE)--> [EVENT_BEFORE_ACTUAL_POS] | [EVENT_BEFORE_ACTUAL_POS] --(BEFORE)--> [EVENT_BEFORE_ACTUAL_POS] | [EVENT_BEFORE_ACTUAL_POS] --(BEFORE)--> [EVENT_BEFORE_ACTUAL_POS],"""électromyogramme"" --(BEFORE)--> ""bilan"" | ""bilan"" --(BEFORE)--> ""explorations"" | ""explorations"" --(BEFORE)--> ""porté"" | ""porté"" --(BEFORE)--> ""échographie"""
133,52,FR100519,[EVENT_BEFORE_ACTUAL_POS] --(BEFORE)--> [EVENT_BEFORE_ACTUAL_POS] | [EVENT_BEFORE_ACTUAL_POS] --(BEFORE)--> [EVENT_BEFORE_ACTUAL_POS] | [EVENT_BEFORE_ACTUAL_POS] --(BEFORE)--> [EVENT_BEFORE_ACTUAL_POS] | [EVENT_BEFORE_ACTUAL_POS] --(BEFORE)--> [EVENT_BEFORE_ACTUAL_POS],"""hospitalisée"" --(BEFORE)--> ""entrée"" | ""entrée"" --(BEFORE)--> ""bilan"" | ""bilan"" --(BEFORE)--> ""angioscanner"" | ""angioscanner"" --(BEFORE)--> ""échodoppler"""
133,52,FR100589,[EVENT_BEFORE_ACTUAL_POS] --(BEFORE)--> [EVENT_BEFORE_ACTUAL_POS] | [EVENT_BEFORE_ACTUAL_POS] --(BEFORE)--> [EVENT_BEFORE_ACTUAL_POS] | [EVENT_BEFORE_ACTUAL_POS] --(BEFORE)--> [EVENT_BEFORE_ACTUAL_POS] | [EVENT_BEFORE_ACTUAL_POS] --(BEFORE)--> [EVENT_BEFORE_ACTUAL_POS],"""biopsies"" --(BEFORE)--> ""exploration"" | ""exploration"" --(BEFORE)--> ""hémogramme"" | ""hémogramme"" --(BEFORE)--> ""Cytométrie"" | ""Cytométrie"" --(BEFORE)--> ""biopsie"""
133,52,FR100597,[EVENT_BEFORE_ACTUAL_POS] --(BEFORE)--> [EVENT_BEFORE_ACTUAL_POS] | [EVENT_BEFORE_ACTUAL_POS] --(BEFORE)--> [EVENT_BEFORE_ACTUAL_POS] | [EVENT_BEFORE_ACTUAL_POS] --(BEFORE)--> [EVENT_BEFORE_ACTUAL_POS] | [EVENT_BEFORE_ACTUAL_POS] --(BEFORE)--> [EVENT_BEFORE_ACTUAL_POS],"""examen"" --(BEFORE)--> ""examen"" | ""examen"" --(BEFORE)--> ""examen"" | ""examen"" --(BEFORE)--> ""toucher"" | ""toucher"" --(BEFORE)--> ""reste"""
133,52,FR100611,[EVENT_BEFORE_ACTUAL_POS] --(BEFORE)--> [EVENT_BEFORE_ACTUAL_POS] | [EVENT_BEFORE_ACTUAL_POS] --(BEFORE)--> [EVENT_BEFORE_ACTUAL_POS] | [EVENT_BEFORE_ACTUAL_POS] --(BEFORE)--> [EVENT_BEFORE_ACTUAL_POS] | [EVENT_BEFORE_ACTUAL_POS] --(BEFORE)--> [EVENT_BEFORE_ACTUAL_POS],"""IRM"" --(BEFORE)--> ""étude"" | ""étude"" --(BEFORE)--> ""examen"" | ""examen"" --(BEFORE)--> ""PCR"" | ""PCR"" --(BEFORE)--> ""TDM"""
133,52,FR100614,[EVENT_BEFORE_ACTUAL_POS] --(BEFORE)--> [EVENT_BEFORE_ACTUAL_POS] | [EVENT_BEFORE_ACTUAL_POS] --(BEFORE)--> [EVENT_BEFORE_ACTUAL_POS] | [EVENT_BEFORE_ACTUAL_POS] --(BEFORE)--> [EVENT_BEFORE_ACTUAL_POS] | [EVENT_BEFORE_ACTUAL_POS] --(BEFORE)--> [EVENT_BEFORE_ACTUAL_POS],"""examen"" --(BEFORE)--> ""échographique"" | ""échographique"" --(BEFORE)--> ""tomodensitométrie"" | ""tomodensitométrie"" --(BEFORE)--> ""radiographie"" | ""radiographie"" --(BEFORE)--> ""taux"""
133,52,FR100620,[EVENT_BEFORE_ACTUAL_POS] --(BEFORE)--> [EVENT_BEFORE_ACTUAL_POS] | [EVENT_BEFORE_ACTUAL_POS] --(BEFORE)--> [EVENT_BEFORE_ACTUAL_POS] | [EVENT_BEFORE_ACTUAL_POS] --(BEFORE)--> [EVENT_BEFORE_ACTUAL_POS] | [EVENT_BEFORE_ACTUAL_POS] --(BEFORE)--> [EVENT_BEFORE_ACTUAL_POS],"""radiographie"" --(BEFORE)--> ""drainage"" | ""drainage"" --(BEFORE)--> ""radiographie"" | ""radiographie"" --(BEFORE)--> ""demandé"" | ""demandé"" --(BEFORE)--> ""complément"""
133,52,FR100623,[EVENT_BEFORE_ACTUAL_POS] --(BEFORE)--> [EVENT_BEFORE_ACTUAL_POS] | [EVENT_BEFORE_ACTUAL_POS] --(BEFORE)--> [EVENT_BEFORE_ACTUAL_POS] | [EVENT_BEFORE_ACTUAL_POS] --(BEFORE)--> [EVENT_BEFORE_ACTUAL_POS] | [EVENT_BEFORE_ACTUAL_POS] --(BEFORE)--> [EVENT_BEFORE_ACTUAL_POS],"""consulté"" --(BEFORE)--> ""examen"" | ""examen"" --(BEFORE)--> ""échographie"" | ""échographie"" --(BEFORE)--> ""tomodensitométrie"" | ""tomodensitométrie"" --(BEFORE)--> ""retenu"""
133,52,FR100629,[EVENT_BEFORE_ACTUAL_POS] --(BEFORE)--> [EVENT_BEFORE_ACTUAL_POS] | [EVENT_BEFORE_ACTUAL_POS] --(BEFORE)--> [EVENT_BEFORE_ACTUAL_POS] | [EVENT_BEFORE_ACTUAL_POS] --(BEFORE)--> [EVENT_BEFORE_ACTUAL_POS] | [EVENT_BEFORE_ACTUAL_POS] --(BEFORE)--> [EVENT_BEFORE_ACTUAL_POS],"""thoracoscopie"" --(BEFORE)--> ""marquage"" | ""marquage"" --(BEFORE)--> ""bilan"" | ""bilan"" --(BEFORE)--> ""décision"" | ""décision"" --(BEFORE)--> ""évolution"""
133,52,FR100632,[EVENT_BEFORE_ACTUAL_POS] --(BEFORE)--> [EVENT_BEFORE_ACTUAL_POS] | [EVENT_BEFORE_ACTUAL_POS] --(BEFORE)--> [EVENT_BEFORE_ACTUAL_POS] | [EVENT_BEFORE_ACTUAL_POS] --(BEFORE)--> [EVENT_BEFORE_ACTUAL_POS] | [EVENT_BEFORE_ACTUAL_POS] --(BEFORE)--> [EVENT_BEFORE_ACTUAL_POS],"""interrogatoire"" --(BEFORE)--> ""examen"" | ""examen"" --(BEFORE)--> ""examen"" | ""examen"" --(BEFORE)--> ""IRM"" | ""IRM"" --(BEFORE)--> ""IRM"""
133,52,FR100663,[EVENT_BEFORE_ACTUAL_POS] --(BEFORE)--> [EVENT_BEFORE_ACTUAL_POS] | [EVENT_BEFORE_ACTUAL_POS] --(BEFORE)--> [EVENT_BEFORE_ACTUAL_POS] | [EVENT_BEFORE_ACTUAL_POS] --(BEFORE)--> [EVENT_BEFORE_ACTUAL_POS] | [EVENT_BEFORE_ACTUAL_POS] --(BEFORE)--> [EVENT_BEFORE_ACTUAL_POS],"""incisée"" --(BEFORE)--> ""vérifié"" | ""vérifié"" --(BEFORE)--> ""reprise"" | ""reprise"" --(BEFORE)--> ""fermé"" | ""fermé"" --(BEFORE)--> ""sortie"""
133,52,FR100666,[EVENT_BEFORE_ACTUAL_POS] --(BEFORE)--> [EVENT_BEFORE_ACTUAL_POS] | [EVENT_BEFORE_ACTUAL_POS] --(BEFORE)--> [EVENT_BEFORE_ACTUAL_POS] | [EVENT_BEFORE_ACTUAL_POS] --(BEFORE)--> [EVENT_BEFORE_ACTUAL_POS] | [EVENT_BEFORE_ACTUAL_POS] --(BEFORE)--> [EVENT_BEFORE_ACTUAL_POS],"""étude"" --(BEFORE)--> ""adressé"" | ""adressé"" --(BEFORE)--> ""bilan"" | ""bilan"" --(BEFORE)--> ""myologramme"" | ""myologramme"" --(BEFORE)--> ""bilan"""
133,52,FR100683,[EVENT_BEFORE_ACTUAL_POS] --(BEFORE)--> [EVENT_BEFORE_ACTUAL_POS] | [EVENT_BEFORE_ACTUAL_POS] --(BEFORE)--> [EVENT_BEFORE_ACTUAL_POS] | [EVENT_BEFORE_ACTUAL_POS] --(BEFORE)--> [EVENT_BEFORE_ACTUAL_POS] | [EVENT_BEFORE_ACTUAL_POS] --(BEFORE)--> [EVENT_BEFORE_ACTUAL_POS],"""exploration"" --(BEFORE)--> ""IRM"" | ""IRM"" --(BEFORE)--> ""écho-mammographie"" | ""écho-mammographie"" --(BEFORE)--> ""osteodensitométrie"" | ""osteodensitométrie"" --(BEFORE)--> ""IRM"""
133,52,FR100688,[EVENT_BEFORE_ACTUAL_POS] --(BEFORE)--> [EVENT_BEFORE_ACTUAL_POS] | [EVENT_BEFORE_ACTUAL_POS] --(BEFORE)--> [EVENT_BEFORE_ACTUAL_POS] | [EVENT_BEFORE_ACTUAL_POS] --(BEFORE)--> [EVENT_BEFORE_ACTUAL_POS] | [EVENT_BEFORE_ACTUAL_POS] --(BEFORE)--> [EVENT_BEFORE_ACTUAL_POS],"""examen"" --(BEFORE)--> ""examen"" | ""examen"" --(BEFORE)--> ""examen"" | ""examen"" --(BEFORE)--> ""sérologie"" | ""sérologie"" --(BEFORE)--> ""recherche"""
133,52,FR100689,[EVENT_BEFORE_ACTUAL_POS] --(BEFORE)--> [EVENT_BEFORE_ACTUAL_POS] | [EVENT_BEFORE_ACTUAL_POS] --(BEFORE)--> [EVENT_BEFORE_ACTUAL_POS] | [EVENT_BEFORE_ACTUAL_POS] --(BEFORE)--> [EVENT_BEFORE_ACTUAL_POS] | [EVENT_BEFORE_ACTUAL_POS] --(BEFORE)--> [EVENT_BEFORE_ACTUAL_POS],"""examen"" --(BEFORE)--> ""PCR"" | ""PCR"" --(BEFORE)--> ""scanner"" | ""scanner"" --(BEFORE)--> ""hémogramme"" | ""hémogramme"" --(BEFORE)--> ""ionogramme"""
133,52,FR100697,[EVENT_BEFORE_ACTUAL_POS] --(BEFORE)--> [EVENT_BEFORE_ACTUAL_POS] | [EVENT_BEFORE_ACTUAL_POS] --(BEFORE)--> [EVENT_BEFORE_ACTUAL_POS] | [EVENT_BEFORE_ACTUAL_POS] --(BEFORE)--> [EVENT_BEFORE_ACTUAL_POS] | [EVENT_BEFORE_ACTUAL_POS] --(BEFORE)--> [EVENT_BEFORE_ACTUAL_POS],"""apparition"" --(BEFORE)--> ""inspection"" | ""inspection"" --(BEFORE)--> ""palpation"" | ""palpation"" --(BEFORE)--> ""examen"" | ""examen"" --(BEFORE)--> ""reste"""
133,52,FR100708,[EVENT_BEFORE_ACTUAL_POS] --(BEFORE)--> [EVENT_BEFORE_ACTUAL_POS] | [EVENT_BEFORE_ACTUAL_POS] --(BEFORE)--> [EVENT_BEFORE_ACTUAL_POS] | [EVENT_BEFORE_ACTUAL_POS] --(BEFORE)--> [EVENT_BEFORE_ACTUAL_POS] | [EVENT_BEFORE_ACTUAL_POS] --(BEFORE)--> [EVENT_BEFORE_ACTUAL_POS],"""examen"" --(BEFORE)--> ""mammographie"" | ""mammographie"" --(BEFORE)--> ""échographie"" | ""échographie"" --(BEFORE)--> ""ponction"" | ""ponction"" --(BEFORE)--> ""redémarré"""
133,52,FR100717,[EVENT_BEFORE_ACTUAL_POS] --(BEFORE)--> [EVENT_BEFORE_ACTUAL_POS] | [EVENT_BEFORE_ACTUAL_POS] --(BEFORE)--> [EVENT_BEFORE_ACTUAL_POS] | [EVENT_BEFORE_ACTUAL_POS] --(BEFORE)--> [EVENT_BEFORE_ACTUAL_POS] | [EVENT_BEFORE_ACTUAL_POS] --(BEFORE)--> [EVENT_BEFORE_ACTUAL_POS],"""traitement"" --(BEFORE)--> ""examen"" | ""examen"" --(BEFORE)--> ""examens"" | ""examens"" --(BEFORE)--> ""scanner"" | ""scanner"" --(BEFORE)--> ""IRM"""
133,52,FR100748,[EVENT_BEFORE_ACTUAL_POS] --(BEFORE)--> [EVENT_BEFORE_ACTUAL_POS] | [EVENT_BEFORE_ACTUAL_POS] --(BEFORE)--> [EVENT_BEFORE_ACTUAL_POS] | [EVENT_BEFORE_ACTUAL_POS] --(BEFORE)--> [EVENT_BEFORE_ACTUAL_POS] | [EVENT_BEFORE_ACTUAL_POS] --(BEFORE)--> [EVENT_BEFORE_ACTUAL_POS],"""mobilisation"" --(BEFORE)--> ""suites"" | ""suites"" --(BEFORE)--> ""transférée"" | ""transférée"" --(BEFORE)--> ""regagné"" | ""regagné"" --(BEFORE)--> ""recul"""
133,52,FR100806,[EVENT_BEFORE_ACTUAL_POS] --(BEFORE)--> [EVENT_BEFORE_ACTUAL_POS] | [EVENT_BEFORE_ACTUAL_POS] --(BEFORE)--> [EVENT_BEFORE_ACTUAL_POS] | [EVENT_BEFORE_ACTUAL_POS] --(BEFORE)--> [EVENT_BEFORE_ACTUAL_POS] | [EVENT_BEFORE_ACTUAL_POS] --(BEFORE)--> [EVENT_BEFORE_ACTUAL_POS],"""prise"" --(BEFORE)--> ""référée"" | ""référée"" --(BEFORE)--> ""examen"" | ""examen"" --(BEFORE)--> ""biologie"" | ""biologie"" --(BEFORE)--> ""hospitalisée"""
133,52,FR100826,[EVENT_BEFORE_ACTUAL_POS] --(BEFORE)--> [EVENT_BEFORE_ACTUAL_POS] | [EVENT_BEFORE_ACTUAL_POS] --(BEFORE)--> [EVENT_BEFORE_ACTUAL_POS] | [EVENT_BEFORE_ACTUAL_POS] --(BEFORE)--> [EVENT_BEFORE_ACTUAL_POS] | [EVENT_BEFORE_ACTUAL_POS] --(BEFORE)--> [EVENT_BEFORE_ACTUAL_POS],"""examen"" --(BEFORE)--> ""bilan"" | ""bilan"" --(BEFORE)--> ""bilan"" | ""bilan"" --(BEFORE)--> ""retenue"" | ""retenue"" --(BEFORE)--> ""exploration"""
133,52,FR100845,[EVENT_BEFORE_ACTUAL_POS] --(BEFORE)--> [EVENT_BEFORE_ACTUAL_POS] | [EVENT_BEFORE_ACTUAL_POS] --(BEFORE)--> [EVENT_BEFORE_ACTUAL_POS] | [EVENT_BEFORE_ACTUAL_POS] --(BEFORE)--> [EVENT_BEFORE_ACTUAL_POS] | [EVENT_BEFORE_ACTUAL_POS] --(BEFORE)--> [EVENT_BEFORE_ACTUAL_POS],"""examen"" --(BEFORE)--> ""échographie"" | ""échographie"" --(BEFORE)--> ""radiographie"" | ""radiographie"" --(BEFORE)--> ""décision"" | ""décision"" --(BEFORE)--> ""extraction"""
133,52,FR100870,[EVENT_BEFORE_ACTUAL_POS] --(BEFORE)--> [EVENT_BEFORE_ACTUAL_POS] | [EVENT_BEFORE_ACTUAL_POS] --(BEFORE)--> [EVENT_BEFORE_ACTUAL_POS] | [EVENT_BEFORE_ACTUAL_POS] --(BEFORE)--> [EVENT_BEFORE_ACTUAL_POS] | [EVENT_BEFORE_ACTUAL_POS] --(BEFORE)--> [EVENT_BEFORE_ACTUAL_POS],"""hémogramme"" --(BEFORE)--> ""bilan"" | ""bilan"" --(BEFORE)--> ""IRM"" | ""IRM"" --(BEFORE)--> ""électrophorèse"" | ""électrophorèse"" --(BEFORE)--> ""immunosoustraction"""
133,52,FR100874,[EVENT_BEFORE_ACTUAL_POS] --(BEFORE)--> [EVENT_BEFORE_ACTUAL_POS] | [EVENT_BEFORE_ACTUAL_POS] --(BEFORE)--> [EVENT_BEFORE_ACTUAL_POS] | [EVENT_BEFORE_ACTUAL_POS] --(BEFORE)--> [EVENT_BEFORE_ACTUAL_POS] | [EVENT_BEFORE_ACTUAL_POS] --(BEFORE)--> [EVENT_BEFORE_ACTUAL_POS],"""fibroscopie"" --(BEFORE)--> ""transit"" | ""transit"" --(BEFORE)--> ""tomodensitométrie"" | ""tomodensitométrie"" --(BEFORE)--> ""retenu"" | ""retenu"" --(BEFORE)--> ""mise"""
133,52,FR100882,[EVENT_BEFORE_ACTUAL_POS] --(BEFORE)--> [EVENT_BEFORE_ACTUAL_POS] | [EVENT_BEFORE_ACTUAL_POS] --(BEFORE)--> [EVENT_BEFORE_ACTUAL_POS] | [EVENT_BEFORE_ACTUAL_POS] --(BEFORE)--> [EVENT_BEFORE_ACTUAL_POS] | [EVENT_BEFORE_ACTUAL_POS] --(BEFORE)--> [EVENT_BEFORE_ACTUAL_POS],"""Imagerie"" --(BEFORE)--> ""bilan"" | ""bilan"" --(BEFORE)--> ""sérologies"" | ""sérologies"" --(BEFORE)--> ""sclérothérapie"" | ""sclérothérapie"" --(BEFORE)--> ""évolution"""
133,52,FR100894,[EVENT_BEFORE_ACTUAL_POS] --(BEFORE)--> [EVENT_BEFORE_ACTUAL_POS] | [EVENT_BEFORE_ACTUAL_POS] --(BEFORE)--> [EVENT_BEFORE_ACTUAL_POS] | [EVENT_BEFORE_ACTUAL_POS] --(BEFORE)--> [EVENT_BEFORE_ACTUAL_POS] | [EVENT_BEFORE_ACTUAL_POS] --(BEFORE)--> [EVENT_BEFORE_ACTUAL_POS],"""IRM"" --(BEFORE)--> ""appuyés"" | ""appuyés"" --(BEFORE)--> ""diagnostic"" | ""diagnostic"" --(BEFORE)--> ""pris"" | ""pris"" --(BEFORE)--> ""incision"""
133,52,FR100903,[EVENT_BEFORE_ACTUAL_POS] --(BEFORE)--> [EVENT_BEFORE_ACTUAL_POS] | [EVENT_BEFORE_ACTUAL_POS] --(BEFORE)--> [EVENT_BEFORE_ACTUAL_POS] | [EVENT_BEFORE_ACTUAL_POS] --(BEFORE)--> [EVENT_BEFORE_ACTUAL_POS] | [EVENT_BEFORE_ACTUAL_POS] --(BEFORE)--> [EVENT_BEFORE_ACTUAL_POS],"""diagnostic"" --(BEFORE)--> ""écarté"" | ""écarté"" --(BEFORE)--> ""contrôles"" | ""contrôles"" --(BEFORE)--> ""accouchement"" | ""accouchement"" --(BEFORE)--> ""décédé"""
133,52,FR100946,[EVENT_BEFORE_ACTUAL_POS] --(BEFORE)--> [EVENT_BEFORE_ACTUAL_POS] | [EVENT_BEFORE_ACTUAL_POS] --(BEFORE)--> [EVENT_BEFORE_ACTUAL_POS] | [EVENT_BEFORE_ACTUAL_POS] --(BEFORE)--> [EVENT_BEFORE_ACTUAL_POS] | [EVENT_BEFORE_ACTUAL_POS] --(BEFORE)--> [EVENT_BEFORE_ACTUAL_POS],"""IRM"" --(BEFORE)--> ""analyse"" | ""analyse"" --(BEFORE)--> ""mise"" | ""mise"" --(BEFORE)--> ""analyse"" | ""analyse"" --(BEFORE)--> ""mise"""
133,52,FR100996,[EVENT_BEFORE_ACTUAL_POS] --(BEFORE)--> [EVENT_BEFORE_ACTUAL_POS] | [EVENT_BEFORE_ACTUAL_POS] --(BEFORE)--> [EVENT_BEFORE_ACTUAL_POS] | [EVENT_BEFORE_ACTUAL_POS] --(BEFORE)--> [EVENT_BEFORE_ACTUAL_POS] | [EVENT_BEFORE_ACTUAL_POS] --(BEFORE)--> [EVENT_BEFORE_ACTUAL_POS],"""examen"" --(BEFORE)--> ""tomodensitométrie"" | ""tomodensitométrie"" --(BEFORE)--> ""injection"" | ""injection"" --(BEFORE)--> ""retenu"" | ""retenu"" --(BEFORE)--> ""chirurgical"""
133,52,FR100998,[EVENT_BEFORE_ACTUAL_POS] --(BEFORE)--> [EVENT_BEFORE_ACTUAL_POS] | [EVENT_BEFORE_ACTUAL_POS] --(BEFORE)--> [EVENT_BEFORE_ACTUAL_POS] | [EVENT_BEFORE_ACTUAL_POS] --(BEFORE)--> [EVENT_BEFORE_ACTUAL_POS] | [EVENT_BEFORE_ACTUAL_POS] --(BEFORE)--> [EVENT_BEFORE_ACTUAL_POS],"""test"" --(BEFORE)--> ""diagnostic"" | ""diagnostic"" --(BEFORE)--> ""traitée"" | ""traitée"" --(BEFORE)--> ""bilan"" | ""bilan"" --(BEFORE)--> ""démarré"""
205,52,FR100003,[EVENT_BEFORE_ACTUAL_POS] --(BEFORE)--> [EVENT_BEFORE_ACTUAL_POS] | [EVENT_BEFORE_ACTUAL_POS] --(CONTAINS)--> [EVENT_BEFORE_ACTUAL_POS],"""injection"" --(BEFORE)--> ""ponction"" | ""ponction"" --(CONTAINS)--> ""ramené"""
205,52,FR100092,[EVENT_BEFORE_ACTUAL_POS] --(BEFORE)--> [EVENT_BEFORE_ACTUAL_POS] | [EVENT_BEFORE_ACTUAL_POS] --(CONTAINS)--> [EVENT_BEFORE_ACTUAL_POS],"""admise"" --(BEFORE)--> ""examen"" | ""examen"" --(CONTAINS)--> ""fréquence"""
205,52,FR100120,[EVENT_BEFORE_ACTUAL_POS] --(BEFORE)--> [EVENT_BEFORE_ACTUAL_POS] | [EVENT_BEFORE_ACTUAL_POS] --(CONTAINS)--> [EVENT_BEFORE_ACTUAL_POS],"""reste"" --(BEFORE)--> ""traitement"" | ""traitement"" --(CONTAINS)--> ""soins"""
205,52,FR100130,[EVENT_BEFORE_ACTUAL_POS] --(BEFORE)--> [EVENT_BEFORE_ACTUAL_POS] | [EVENT_BEFORE_ACTUAL_POS] --(CONTAINS)--> [EVENT_BEFORE_ACTUAL_POS],"""recherche"" --(BEFORE)--> ""séjour"" | ""séjour"" --(CONTAINS)--> ""réconforté"""
205,52,FR100132,[EVENT_BEFORE_ACTUAL_POS] --(BEFORE)--> [EVENT_BEFORE_ACTUAL_POS] | [EVENT_BEFORE_ACTUAL_POS] --(CONTAINS)--> [EVENT_BEFORE_ACTUAL_POS],"""consultation"" --(BEFORE)--> ""examen"" | ""examen"" --(CONTAINS)--> ""palpation"""
205,52,FR100142,[EVENT_BEFORE_ACTUAL_POS] --(BEFORE)--> [EVENT_BEFORE_ACTUAL_POS] | [EVENT_BEFORE_ACTUAL_POS] --(CONTAINS)--> [EVENT_BEFORE_ACTUAL_POS],"""mis"" --(BEFORE)--> ""évolution"" | ""évolution"" --(CONTAINS)--> ""taux"""
205,52,FR100161,[EVENT_BEFORE_ACTUAL_POS] --(BEFORE)--> [EVENT_BEFORE_ACTUAL_POS] | [EVENT_BEFORE_ACTUAL_POS] --(CONTAINS)--> [EVENT_BEFORE_ACTUAL_POS],"""examen"" --(BEFORE)--> ""examens"" | ""examens"" --(CONTAINS)--> ""Acti tests"""
205,52,FR100168,[EVENT_BEFORE_ACTUAL_POS] --(BEFORE)--> [EVENT_BEFORE_ACTUAL_POS] | [EVENT_BEFORE_ACTUAL_POS] --(CONTAINS)--> [EVENT_BEFORE_ACTUAL_POS],"""administrées"" --(BEFORE)--> ""suites"" | ""suites"" --(CONTAINS)--> ""bilan"""
205,52,FR100185,[EVENT_BEFORE_ACTUAL_POS] --(BEFORE)--> [EVENT_BEFORE_ACTUAL_POS] | [EVENT_BEFORE_ACTUAL_POS] --(CONTAINS)--> [EVENT_BEFORE_ACTUAL_POS],"""Electromyogramme"" --(BEFORE)--> ""IRM"" | ""IRM"" --(CONTAINS)--> ""aspect"""
205,52,FR100255,[EVENT_BEFORE_ACTUAL_POS] --(BEFORE)--> [EVENT_BEFORE_ACTUAL_POS] | [EVENT_BEFORE_ACTUAL_POS] --(CONTAINS)--> [EVENT_BEFORE_ACTUAL_POS],"""examen"" --(BEFORE)--> ""échographie"" | ""échographie"" --(CONTAINS)--> ""confirmation"""
205,52,FR100275,[EVENT_BEFORE_ACTUAL_POS] --(BEFORE)--> [EVENT_BEFORE_ACTUAL_POS] | [EVENT_BEFORE_ACTUAL_POS] --(CONTAINS)--> [EVENT_BEFORE_ACTUAL_POS],"""établi"" --(BEFORE)--> ""manœuvres"" | ""manœuvres"" --(CONTAINS)--> ""massages"""
205,52,FR100276,[EVENT_BEFORE_ACTUAL_POS] --(BEFORE)--> [EVENT_BEFORE_ACTUAL_POS] | [EVENT_BEFORE_ACTUAL_POS] --(CONTAINS)--> [EVENT_BEFORE_ACTUAL_POS],"""grossesses"" --(BEFORE)--> ""grossesse"" | ""grossesse"" --(CONTAINS)--> ""éruption"""
205,52,FR100283,[EVENT_BEFORE_ACTUAL_POS] --(BEFORE)--> [EVENT_BEFORE_ACTUAL_POS] | [EVENT_BEFORE_ACTUAL_POS] --(CONTAINS)--> [EVENT_BEFORE_ACTUAL_POS],"""hypophysiogramme"" --(BEFORE)--> ""traitement"" | ""traitement"" --(CONTAINS)--> ""opothérapie"""
205,52,FR100296,[EVENT_BEFORE_ACTUAL_POS] --(BEFORE)--> [EVENT_BEFORE_ACTUAL_POS] | [EVENT_BEFORE_ACTUAL_POS] --(CONTAINS)--> [EVENT_BEFORE_ACTUAL_POS],"""fenestration"" --(BEFORE)--> ""suites"" | ""suites"" --(CONTAINS)--> ""rétrocession"""
205,52,FR100314,[EVENT_BEFORE_ACTUAL_POS] --(BEFORE)--> [EVENT_BEFORE_ACTUAL_POS] | [EVENT_BEFORE_ACTUAL_POS] --(CONTAINS)--> [EVENT_BEFORE_ACTUAL_POS],"""accident"" --(BEFORE)--> ""traumatisme"" | ""traumatisme"" --(CONTAINS)--> ""admise"""
205,52,FR100344,[EVENT_BEFORE_ACTUAL_POS] --(BEFORE)--> [EVENT_BEFORE_ACTUAL_POS] | [EVENT_BEFORE_ACTUAL_POS] --(CONTAINS)--> [EVENT_BEFORE_ACTUAL_POS],"""développé"" --(BEFORE)--> ""suivie"" | ""suivie"" --(CONTAINS)--> ""traitement"""
205,52,FR100361,[EVENT_BEFORE_ACTUAL_POS] --(BEFORE)--> [EVENT_BEFORE_ACTUAL_POS] | [EVENT_BEFORE_ACTUAL_POS] --(CONTAINS)--> [EVENT_BEFORE_ACTUAL_POS],"""admise"" --(BEFORE)--> ""examen"" | ""examen"" --(CONTAINS)--> ""mobilisait"""
205,52,FR100371,[EVENT_BEFORE_ACTUAL_POS] --(BEFORE)--> [EVENT_BEFORE_ACTUAL_POS] | [EVENT_BEFORE_ACTUAL_POS] --(CONTAINS)--> [EVENT_BEFORE_ACTUAL_POS],"""examen"" --(BEFORE)--> ""bilan"" | ""bilan"" --(CONTAINS)--> ""bilan"""
205,52,FR100400,[EVENT_BEFORE_ACTUAL_POS] --(BEFORE)--> [EVENT_BEFORE_ACTUAL_POS] | [EVENT_BEFORE_ACTUAL_POS] --(CONTAINS)--> [EVENT_BEFORE_ACTUAL_POS],"""suites"" --(BEFORE)--> ""suivie"" | ""suivie"" --(CONTAINS)--> ""consultation"""
205,52,FR100510,[EVENT_BEFORE_ACTUAL_POS] --(BEFORE)--> [EVENT_BEFORE_ACTUAL_POS] | [EVENT_BEFORE_ACTUAL_POS] --(CONTAINS)--> [EVENT_BEFORE_ACTUAL_POS],"""décision"" --(BEFORE)--> ""intervention"" | ""intervention"" --(CONTAINS)--> ""résection"""
205,52,FR100515,[EVENT_BEFORE_ACTUAL_POS] --(BEFORE)--> [EVENT_BEFORE_ACTUAL_POS] | [EVENT_BEFORE_ACTUAL_POS] --(CONTAINS)--> [EVENT_BEFORE_ACTUAL_POS],"""retenu"" --(BEFORE)--> ""bilan"" | ""bilan"" --(CONTAINS)--> ""recherche"""
205,52,FR100519,[EVENT_BEFORE_ACTUAL_POS] --(BEFORE)--> [EVENT_BEFORE_ACTUAL_POS] | [EVENT_BEFORE_ACTUAL_POS] --(CONTAINS)--> [EVENT_BEFORE_ACTUAL_POS],"""entrée"" --(BEFORE)--> ""bilan"" | ""bilan"" --(CONTAINS)--> ""ECG"""
205,52,FR100589,[EVENT_BEFORE_ACTUAL_POS] --(BEFORE)--> [EVENT_BEFORE_ACTUAL_POS] | [EVENT_BEFORE_ACTUAL_POS] --(CONTAINS)--> [EVENT_BEFORE_ACTUAL_POS],"""admis"" --(BEFORE)--> ""examen"" | ""examen"" --(CONTAINS)--> ""examen"""
205,52,FR100597,[EVENT_BEFORE_ACTUAL_POS] --(BEFORE)--> [EVENT_BEFORE_ACTUAL_POS] | [EVENT_BEFORE_ACTUAL_POS] --(CONTAINS)--> [EVENT_BEFORE_ACTUAL_POS],"""hystérectomie"" --(BEFORE)--> ""suites"" | ""suites"" --(CONTAINS)--> ""transfert"""
205,52,FR100611,[EVENT_BEFORE_ACTUAL_POS] --(BEFORE)--> [EVENT_BEFORE_ACTUAL_POS] | [EVENT_BEFORE_ACTUAL_POS] --(CONTAINS)--> [EVENT_BEFORE_ACTUAL_POS],"""PCR"" --(BEFORE)--> ""TDM"" | ""TDM"" --(CONTAINS)--> ""image"""
205,52,FR100614,[EVENT_BEFORE_ACTUAL_POS] --(BEFORE)--> [EVENT_BEFORE_ACTUAL_POS] | [EVENT_BEFORE_ACTUAL_POS] --(CONTAINS)--> [EVENT_BEFORE_ACTUAL_POS],"""rupture"" --(BEFORE)--> ""intervention"" | ""intervention"" --(CONTAINS)--> ""éviter"""
205,52,FR100620,[EVENT_BEFORE_ACTUAL_POS] --(BEFORE)--> [EVENT_BEFORE_ACTUAL_POS] | [EVENT_BEFORE_ACTUAL_POS] --(CONTAINS)--> [EVENT_BEFORE_ACTUAL_POS],"""bilan"" --(BEFORE)--> ""bilan"" | ""bilan"" --(CONTAINS)--> ""scintigraphie"""
205,52,FR100629,[EVENT_BEFORE_ACTUAL_POS] --(BEFORE)--> [EVENT_BEFORE_ACTUAL_POS] | [EVENT_BEFORE_ACTUAL_POS] --(CONTAINS)--> [EVENT_BEFORE_ACTUAL_POS],"""radiographie"" --(BEFORE)--> ""thoracoscopie"" | ""thoracoscopie"" --(CONTAINS)--> ""biopsie"""
205,52,FR100632,[EVENT_BEFORE_ACTUAL_POS] --(BEFORE)--> [EVENT_BEFORE_ACTUAL_POS] | [EVENT_BEFORE_ACTUAL_POS] --(CONTAINS)--> [EVENT_BEFORE_ACTUAL_POS],"""interrogatoire"" --(BEFORE)--> ""examen"" | ""examen"" --(CONTAINS)--> ""constantes"""
205,52,FR100658,[EVENT_BEFORE_ACTUAL_POS] --(BEFORE)--> [EVENT_BEFORE_ACTUAL_POS] | [EVENT_BEFORE_ACTUAL_POS] --(CONTAINS)--> [EVENT_BEFORE_ACTUAL_POS],"""évaluation"" --(BEFORE)--> ""auscultation"" | ""auscultation"" --(CONTAINS)--> ""saturation"""
205,52,FR100663,[EVENT_BEFORE_ACTUAL_POS] --(BEFORE)--> [EVENT_BEFORE_ACTUAL_POS] | [EVENT_BEFORE_ACTUAL_POS] --(CONTAINS)--> [EVENT_BEFORE_ACTUAL_POS],"""décidé"" --(BEFORE)--> ""traitement"" | ""traitement"" --(CONTAINS)--> ""reprise"""
205,52,FR100666,[EVENT_BEFORE_ACTUAL_POS] --(BEFORE)--> [EVENT_BEFORE_ACTUAL_POS] | [EVENT_BEFORE_ACTUAL_POS] --(CONTAINS)--> [EVENT_BEFORE_ACTUAL_POS],"""classé"" --(BEFORE)--> ""traitement"" | ""traitement"" --(CONTAINS)--> ""polychimiothérapie"""
205,52,FR100688,[EVENT_BEFORE_ACTUAL_POS] --(BEFORE)--> [EVENT_BEFORE_ACTUAL_POS] | [EVENT_BEFORE_ACTUAL_POS] --(CONTAINS)--> [EVENT_BEFORE_ACTUAL_POS],"""traitement"" --(BEFORE)--> ""évolution"" | ""évolution"" --(CONTAINS)--> ""amélioration"""
205,52,FR100689,[EVENT_BEFORE_ACTUAL_POS] --(BEFORE)--> [EVENT_BEFORE_ACTUAL_POS] | [EVENT_BEFORE_ACTUAL_POS] --(CONTAINS)--> [EVENT_BEFORE_ACTUAL_POS],"""retenu"" --(BEFORE)--> ""évolution"" | ""évolution"" --(CONTAINS)--> ""disparition"""
205,52,FR100697,[EVENT_BEFORE_ACTUAL_POS] --(BEFORE)--> [EVENT_BEFORE_ACTUAL_POS] | [EVENT_BEFORE_ACTUAL_POS] --(CONTAINS)--> [EVENT_BEFORE_ACTUAL_POS],"""tout"" --(BEFORE)--> ""bilan"" | ""bilan"" --(CONTAINS)--> ""TDM"""
205,52,FR100708,[EVENT_BEFORE_ACTUAL_POS] --(BEFORE)--> [EVENT_BEFORE_ACTUAL_POS] | [EVENT_BEFORE_ACTUAL_POS] --(CONTAINS)--> [EVENT_BEFORE_ACTUAL_POS],"""échographie"" --(BEFORE)--> ""ponction"" | ""ponction"" --(CONTAINS)--> ""ramenant"""
205,52,FR100717,[EVENT_BEFORE_ACTUAL_POS] --(BEFORE)--> [EVENT_BEFORE_ACTUAL_POS] | [EVENT_BEFORE_ACTUAL_POS] --(CONTAINS)--> [EVENT_BEFORE_ACTUAL_POS],"""exploration"" --(BEFORE)--> ""suites"" | ""suites"" --(CONTAINS)--> ""régression"""
205,52,FR100748,[EVENT_BEFORE_ACTUAL_POS] --(BEFORE)--> [EVENT_BEFORE_ACTUAL_POS] | [EVENT_BEFORE_ACTUAL_POS] --(CONTAINS)--> [EVENT_BEFORE_ACTUAL_POS],"""adressée"" --(BEFORE)--> ""hospitalisation"" | ""hospitalisation"" --(CONTAINS)--> ""dosage"""
205,52,FR100766,[EVENT_BEFORE_ACTUAL_POS] --(BEFORE)--> [EVENT_BEFORE_ACTUAL_POS] | [EVENT_BEFORE_ACTUAL_POS] --(CONTAINS)--> [EVENT_BEFORE_ACTUAL_POS],"""retenu"" --(BEFORE)--> ""bénéficié"" | ""bénéficié"" --(CONTAINS)--> ""mucosectomie"""
205,52,FR100780,[EVENT_BEFORE_ACTUAL_POS] --(BEFORE)--> [EVENT_BEFORE_ACTUAL_POS] | [EVENT_BEFORE_ACTUAL_POS] --(CONTAINS)--> [EVENT_BEFORE_ACTUAL_POS],"""admise"" --(BEFORE)--> ""examen"" | ""examen"" --(CONTAINS)--> ""température"""
205,52,FR100806,[EVENT_BEFORE_ACTUAL_POS] --(BEFORE)--> [EVENT_BEFORE_ACTUAL_POS] | [EVENT_BEFORE_ACTUAL_POS] --(CONTAINS)--> [EVENT_BEFORE_ACTUAL_POS],"""tomodensitométrie"" --(BEFORE)--> ""prise"" | ""prise"" --(CONTAINS)--> ""splénectomie"""
205,52,FR100826,[EVENT_BEFORE_ACTUAL_POS] --(BEFORE)--> [EVENT_BEFORE_ACTUAL_POS] | [EVENT_BEFORE_ACTUAL_POS] --(CONTAINS)--> [EVENT_BEFORE_ACTUAL_POS],"""examen"" --(BEFORE)--> ""bilan"" | ""bilan"" --(CONTAINS)--> ""tomodensitométrie"""
205,52,FR100845,[EVENT_BEFORE_ACTUAL_POS] --(BEFORE)--> [EVENT_BEFORE_ACTUAL_POS] | [EVENT_BEFORE_ACTUAL_POS] --(CONTAINS)--> [EVENT_BEFORE_ACTUAL_POS],"""examen"" --(BEFORE)--> ""examen"" | ""examen"" --(CONTAINS)--> ""toucher"""
205,52,FR100870,[EVENT_BEFORE_ACTUAL_POS] --(BEFORE)--> [EVENT_BEFORE_ACTUAL_POS] | [EVENT_BEFORE_ACTUAL_POS] --(CONTAINS)--> [EVENT_BEFORE_ACTUAL_POS],"""IRM"" --(BEFORE)--> ""électrophorèse"" | ""électrophorèse"" --(CONTAINS)--> ""découverte"""
205,52,FR100874,[EVENT_BEFORE_ACTUAL_POS] --(BEFORE)--> [EVENT_BEFORE_ACTUAL_POS] | [EVENT_BEFORE_ACTUAL_POS] --(CONTAINS)--> [EVENT_BEFORE_ACTUAL_POS],"""fibroscopie"" --(BEFORE)--> ""transit"" | ""transit"" --(CONTAINS)--> ""image"""
205,52,FR100882,[EVENT_BEFORE_ACTUAL_POS] --(BEFORE)--> [EVENT_BEFORE_ACTUAL_POS] | [EVENT_BEFORE_ACTUAL_POS] --(CONTAINS)--> [EVENT_BEFORE_ACTUAL_POS],"""sclérothérapie"" --(BEFORE)--> ""évolution"" | ""évolution"" --(CONTAINS)--> ""amélioration"""
205,52,FR100883,[EVENT_BEFORE_ACTUAL_POS] --(BEFORE)--> [EVENT_BEFORE_ACTUAL_POS] | [EVENT_BEFORE_ACTUAL_POS] --(CONTAINS)--> [EVENT_BEFORE_ACTUAL_POS],"""bilan"" --(BEFORE)--> ""reçu"" | ""reçu"" --(CONTAINS)--> ""radiothérapie"""
205,52,FR100894,[EVENT_BEFORE_ACTUAL_POS] --(BEFORE)--> [EVENT_BEFORE_ACTUAL_POS] | [EVENT_BEFORE_ACTUAL_POS] --(CONTAINS)--> [EVENT_BEFORE_ACTUAL_POS],"""pris"" --(BEFORE)--> ""incision"" | ""incision"" --(CONTAINS)--> ""décompression"""
205,52,FR100903,[EVENT_BEFORE_ACTUAL_POS] --(BEFORE)--> [EVENT_BEFORE_ACTUAL_POS] | [EVENT_BEFORE_ACTUAL_POS] --(CONTAINS)--> [EVENT_BEFORE_ACTUAL_POS],"""contrôles"" --(BEFORE)--> ""accouchement"" | ""accouchement"" --(CONTAINS)--> ""naissance"""
205,52,FR100946,[EVENT_BEFORE_ACTUAL_POS] --(BEFORE)--> [EVENT_BEFORE_ACTUAL_POS] | [EVENT_BEFORE_ACTUAL_POS] --(CONTAINS)--> [EVENT_BEFORE_ACTUAL_POS],"""examen"" --(BEFORE)--> ""IRM"" | ""IRM"" --(CONTAINS)--> ""prise"""
205,52,FR100960,[EVENT_BEFORE_ACTUAL_POS] --(BEFORE)--> [EVENT_BEFORE_ACTUAL_POS] | [EVENT_BEFORE_ACTUAL_POS] --(CONTAINS)--> [EVENT_BEFORE_ACTUAL_POS],"""opéré"" --(BEFORE)--> ""consulté"" | ""consulté"" --(CONTAINS)--> ""scanner"""
205,52,FR100998,[EVENT_BEFORE_ACTUAL_POS] --(BEFORE)--> [EVENT_BEFORE_ACTUAL_POS] | [EVENT_BEFORE_ACTUAL_POS] --(CONTAINS)--> [EVENT_BEFORE_ACTUAL_POS],"""diagnostic"" --(BEFORE)--> ""traitée"" | ""traitée"" --(CONTAINS)--> ""cures"""
88,51,FR100003,[EVENT_BEFORE_ACTUAL_POS] --(CONTAINS)--> [EVENT_BEFORE_ACTUAL_POS] | [EVENT_BEFORE_ACTUAL_POS] --(BEFORE)--> [EVENT_BEFORE_ACTUAL_POS],"""ponction"" --(CONTAINS)--> ""ramené"" | ""ponction"" --(BEFORE)--> ""examen"""
88,51,FR100092,[EVENT_BEFORE_ACTUAL_POS] --(CONTAINS)--> [EVENT_BEFORE_ACTUAL_POS] | [EVENT_BEFORE_ACTUAL_POS] --(BEFORE)--> [EVENT_BEFORE_ACTUAL_POS],"""examen"" --(CONTAINS)--> ""fréquence"" | ""examen"" --(BEFORE)--> ""examen"""
88,51,FR100130,[EVENT_BEFORE_ACTUAL_POS] --(CONTAINS)--> [EVENT_BEFORE_ACTUAL_POS] | [EVENT_BEFORE_ACTUAL_POS] --(BEFORE)--> [EVENT_BEFORE_ACTUAL_POS],"""examen"" --(CONTAINS)--> ""notait"" | ""examen"" --(BEFORE)--> ""biologie"""
88,51,FR100132,[EVENT_BEFORE_ACTUAL_POS] --(CONTAINS)--> [EVENT_BEFORE_ACTUAL_POS] | [EVENT_BEFORE_ACTUAL_POS] --(BEFORE)--> [EVENT_BEFORE_ACTUAL_POS],"""examen"" --(CONTAINS)--> ""angiographie"" | ""examen"" --(BEFORE)--> ""écho-Doppler"""
88,51,FR100161,[EVENT_BEFORE_ACTUAL_POS] --(CONTAINS)--> [EVENT_BEFORE_ACTUAL_POS] | [EVENT_BEFORE_ACTUAL_POS] --(BEFORE)--> [EVENT_BEFORE_ACTUAL_POS],"""examens"" --(CONTAINS)--> ""Acti tests"" | ""examens"" --(BEFORE)--> ""radiographie"""
88,51,FR100168,[EVENT_BEFORE_ACTUAL_POS] --(CONTAINS)--> [EVENT_BEFORE_ACTUAL_POS] | [EVENT_BEFORE_ACTUAL_POS] --(BEFORE)--> [EVENT_BEFORE_ACTUAL_POS],"""tests"" --(CONTAINS)--> ""recherche"" | ""tests"" --(BEFORE)--> ""entretien"""
88,51,FR100255,[EVENT_BEFORE_ACTUAL_POS] --(CONTAINS)--> [EVENT_BEFORE_ACTUAL_POS] | [EVENT_BEFORE_ACTUAL_POS] --(BEFORE)--> [EVENT_BEFORE_ACTUAL_POS],"""échographie"" --(CONTAINS)--> ""confirmation"" | ""échographie"" --(BEFORE)--> ""mise"""
88,51,FR100275,[EVENT_BEFORE_ACTUAL_POS] --(CONTAINS)--> [EVENT_BEFORE_ACTUAL_POS] | [EVENT_BEFORE_ACTUAL_POS] --(BEFORE)--> [EVENT_BEFORE_ACTUAL_POS],"""manœuvres"" --(CONTAINS)--> ""massages"" | ""manœuvres"" --(BEFORE)--> ""retour"""
88,51,FR100276,[EVENT_BEFORE_ACTUAL_POS] --(CONTAINS)--> [EVENT_BEFORE_ACTUAL_POS] | [EVENT_BEFORE_ACTUAL_POS] --(BEFORE)--> [EVENT_BEFORE_ACTUAL_POS],"""biopsie"" --(CONTAINS)--> ""examen"" | ""biopsie"" --(BEFORE)--> ""posé"""
88,51,FR100283,[EVENT_BEFORE_ACTUAL_POS] --(CONTAINS)--> [EVENT_BEFORE_ACTUAL_POS] | [EVENT_BEFORE_ACTUAL_POS] --(BEFORE)--> [EVENT_BEFORE_ACTUAL_POS],"""traitement"" --(CONTAINS)--> ""opothérapie"" | ""traitement"" --(BEFORE)--> ""évolution"""
88,51,FR100296,[EVENT_BEFORE_ACTUAL_POS] --(CONTAINS)--> [EVENT_BEFORE_ACTUAL_POS] | [EVENT_BEFORE_ACTUAL_POS] --(BEFORE)--> [EVENT_BEFORE_ACTUAL_POS],"""fenestration"" --(CONTAINS)--> ""ablation"" | ""fenestration"" --(BEFORE)--> ""suites"""
88,51,FR100344,[EVENT_BEFORE_ACTUAL_POS] --(CONTAINS)--> [EVENT_BEFORE_ACTUAL_POS] | [EVENT_BEFORE_ACTUAL_POS] --(BEFORE)--> [EVENT_BEFORE_ACTUAL_POS],"""bilan"" --(CONTAINS)--> ""échographie"" | ""bilan"" --(BEFORE)--> ""contrôle"""
88,51,FR100346,[EVENT_BEFORE_ACTUAL_POS] --(CONTAINS)--> [EVENT_BEFORE_ACTUAL_POS] | [EVENT_BEFORE_ACTUAL_POS] --(BEFORE)--> [EVENT_BEFORE_ACTUAL_POS],"""examen"" --(CONTAINS)--> ""reste"" | ""examen"" --(BEFORE)--> ""gazométrie"""
88,51,FR100360,[EVENT_BEFORE_ACTUAL_POS] --(CONTAINS)--> [EVENT_BEFORE_ACTUAL_POS] | [EVENT_BEFORE_ACTUAL_POS] --(BEFORE)--> [EVENT_BEFORE_ACTUAL_POS],"""colpohystérectomie"" --(CONTAINS)--> ""annexectomie"" | ""colpohystérectomie"" --(BEFORE)--> ""examen"""
88,51,FR100361,[EVENT_BEFORE_ACTUAL_POS] --(CONTAINS)--> [EVENT_BEFORE_ACTUAL_POS] | [EVENT_BEFORE_ACTUAL_POS] --(BEFORE)--> [EVENT_BEFORE_ACTUAL_POS],"""prolactinémie"" --(CONTAINS)--> ""passée"" | ""prolactinémie"" --(BEFORE)--> ""améliorée"""
88,51,FR100371,[EVENT_BEFORE_ACTUAL_POS] --(CONTAINS)--> [EVENT_BEFORE_ACTUAL_POS] | [EVENT_BEFORE_ACTUAL_POS] --(BEFORE)--> [EVENT_BEFORE_ACTUAL_POS],"""suite"" --(CONTAINS)--> ""tension"" | ""suite"" --(BEFORE)--> ""sortie"""
88,51,FR100400,[EVENT_BEFORE_ACTUAL_POS] --(CONTAINS)--> [EVENT_BEFORE_ACTUAL_POS] | [EVENT_BEFORE_ACTUAL_POS] --(BEFORE)--> [EVENT_BEFORE_ACTUAL_POS],"""suites"" --(CONTAINS)--> ""sortante"" | ""suites"" --(BEFORE)--> ""suivie"""
88,51,FR100448,[EVENT_BEFORE_ACTUAL_POS] --(CONTAINS)--> [EVENT_BEFORE_ACTUAL_POS] | [EVENT_BEFORE_ACTUAL_POS] --(BEFORE)--> [EVENT_BEFORE_ACTUAL_POS],"""examen"" --(CONTAINS)--> ""reste"" | ""examen"" --(BEFORE)--> ""échotomographie"""
88,51,FR100515,[EVENT_BEFORE_ACTUAL_POS] --(CONTAINS)--> [EVENT_BEFORE_ACTUAL_POS] | [EVENT_BEFORE_ACTUAL_POS] --(BEFORE)--> [EVENT_BEFORE_ACTUAL_POS],"""bilan"" --(CONTAINS)--> ""scanner"" | ""bilan"" --(BEFORE)--> ""prescrits"""
88,51,FR100517,[EVENT_BEFORE_ACTUAL_POS] --(CONTAINS)--> [EVENT_BEFORE_ACTUAL_POS] | [EVENT_BEFORE_ACTUAL_POS] --(BEFORE)--> [EVENT_BEFORE_ACTUAL_POS],"""bilan"" --(CONTAINS)--> ""fibroscopie"" | ""bilan"" --(BEFORE)--> ""mise"""
88,51,FR100519,[EVENT_BEFORE_ACTUAL_POS] --(CONTAINS)--> [EVENT_BEFORE_ACTUAL_POS] | [EVENT_BEFORE_ACTUAL_POS] --(BEFORE)--> [EVENT_BEFORE_ACTUAL_POS],"""hémogramme"" --(CONTAINS)--> ""bilan"" | ""hémogramme"" --(BEFORE)--> ""remplissage"""
88,51,FR100589,[EVENT_BEFORE_ACTUAL_POS] --(CONTAINS)--> [EVENT_BEFORE_ACTUAL_POS] | [EVENT_BEFORE_ACTUAL_POS] --(BEFORE)--> [EVENT_BEFORE_ACTUAL_POS],"""bilan"" --(CONTAINS)--> ""tomodensitométrie"" | ""bilan"" --(BEFORE)--> ""caryotype"""
88,51,FR100597,[EVENT_BEFORE_ACTUAL_POS] --(CONTAINS)--> [EVENT_BEFORE_ACTUAL_POS] | [EVENT_BEFORE_ACTUAL_POS] --(BEFORE)--> [EVENT_BEFORE_ACTUAL_POS],"""suites"" --(CONTAINS)--> ""transfert"" | ""suites"" --(BEFORE)--> ""décédée"""
88,51,FR100603,[EVENT_BEFORE_ACTUAL_POS] --(CONTAINS)--> [EVENT_BEFORE_ACTUAL_POS] | [EVENT_BEFORE_ACTUAL_POS] --(BEFORE)--> [EVENT_BEFORE_ACTUAL_POS],"""chirurgie"" --(CONTAINS)--> ""remplacée"" | ""chirurgie"" --(BEFORE)--> ""hémocultures"""
88,51,FR100611,[EVENT_BEFORE_ACTUAL_POS] --(CONTAINS)--> [EVENT_BEFORE_ACTUAL_POS] | [EVENT_BEFORE_ACTUAL_POS] --(BEFORE)--> [EVENT_BEFORE_ACTUAL_POS],"""TDM"" --(CONTAINS)--> ""image"" | ""TDM"" --(BEFORE)--> ""biopsie"""
88,51,FR100614,[EVENT_BEFORE_ACTUAL_POS] --(CONTAINS)--> [EVENT_BEFORE_ACTUAL_POS] | [EVENT_BEFORE_ACTUAL_POS] --(BEFORE)--> [EVENT_BEFORE_ACTUAL_POS],"""intervention"" --(CONTAINS)--> ""éviter"" | ""intervention"" --(BEFORE)--> ""résection"""
88,51,FR100620,[EVENT_BEFORE_ACTUAL_POS] --(CONTAINS)--> [EVENT_BEFORE_ACTUAL_POS] | [EVENT_BEFORE_ACTUAL_POS] --(BEFORE)--> [EVENT_BEFORE_ACTUAL_POS],"""bilan"" --(CONTAINS)--> ""TM6M"" | ""bilan"" --(BEFORE)--> ""bilan"""
88,51,FR100629,[EVENT_BEFORE_ACTUAL_POS] --(CONTAINS)--> [EVENT_BEFORE_ACTUAL_POS] | [EVENT_BEFORE_ACTUAL_POS] --(BEFORE)--> [EVENT_BEFORE_ACTUAL_POS],"""thoracoscopie"" --(CONTAINS)--> ""biopsie"" | ""thoracoscopie"" --(BEFORE)--> ""marquage"""
88,51,FR100632,[EVENT_BEFORE_ACTUAL_POS] --(CONTAINS)--> [EVENT_BEFORE_ACTUAL_POS] | [EVENT_BEFORE_ACTUAL_POS] --(BEFORE)--> [EVENT_BEFORE_ACTUAL_POS],"""enquête"" --(CONTAINS)--> ""taux"" | ""enquête"" --(BEFORE)--> ""étude"""
88,51,FR100658,[EVENT_BEFORE_ACTUAL_POS] --(CONTAINS)--> [EVENT_BEFORE_ACTUAL_POS] | [EVENT_BEFORE_ACTUAL_POS] --(BEFORE)--> [EVENT_BEFORE_ACTUAL_POS],"""évaluation"" --(CONTAINS)--> ""examen"" | ""évaluation"" --(BEFORE)--> ""auscultation"""
88,51,FR100663,[EVENT_BEFORE_ACTUAL_POS] --(CONTAINS)--> [EVENT_BEFORE_ACTUAL_POS] | [EVENT_BEFORE_ACTUAL_POS] --(BEFORE)--> [EVENT_BEFORE_ACTUAL_POS],"""traitement"" --(CONTAINS)--> ""ouverture"" | ""traitement"" --(BEFORE)--> ""exploration"""
88,51,FR100666,[EVENT_BEFORE_ACTUAL_POS] --(CONTAINS)--> [EVENT_BEFORE_ACTUAL_POS] | [EVENT_BEFORE_ACTUAL_POS] --(BEFORE)--> [EVENT_BEFORE_ACTUAL_POS],"""polychimiothérapie"" --(CONTAINS)--> ""radiothérapie"" | ""polychimiothérapie"" --(BEFORE)--> ""COPADEM"""
88,51,FR100688,[EVENT_BEFORE_ACTUAL_POS] --(CONTAINS)--> [EVENT_BEFORE_ACTUAL_POS] | [EVENT_BEFORE_ACTUAL_POS] --(BEFORE)--> [EVENT_BEFORE_ACTUAL_POS],"""traitement"" --(CONTAINS)--> ""phase"" | ""traitement"" --(BEFORE)--> ""évolution"""
88,51,FR100689,[EVENT_BEFORE_ACTUAL_POS] --(CONTAINS)--> [EVENT_BEFORE_ACTUAL_POS] | [EVENT_BEFORE_ACTUAL_POS] --(BEFORE)--> [EVENT_BEFORE_ACTUAL_POS],"""IRM"" --(CONTAINS)--> ""injection"" | ""IRM"" --(BEFORE)--> ""étude"""
88,51,FR100697,[EVENT_BEFORE_ACTUAL_POS] --(CONTAINS)--> [EVENT_BEFORE_ACTUAL_POS] | [EVENT_BEFORE_ACTUAL_POS] --(BEFORE)--> [EVENT_BEFORE_ACTUAL_POS],"""bilan"" --(CONTAINS)--> ""TDM"" | ""bilan"" --(BEFORE)--> ""test"""
88,51,FR100708,[EVENT_BEFORE_ACTUAL_POS] --(CONTAINS)--> [EVENT_BEFORE_ACTUAL_POS] | [EVENT_BEFORE_ACTUAL_POS] --(BEFORE)--> [EVENT_BEFORE_ACTUAL_POS],"""ponction"" --(CONTAINS)--> ""ramenant"" | ""ponction"" --(BEFORE)--> ""redémarré"""
88,51,FR100748,[EVENT_BEFORE_ACTUAL_POS] --(CONTAINS)--> [EVENT_BEFORE_ACTUAL_POS] | [EVENT_BEFORE_ACTUAL_POS] --(BEFORE)--> [EVENT_BEFORE_ACTUAL_POS],"""préparation"" --(CONTAINS)--> ""régime"" | ""préparation"" --(BEFORE)--> ""salle"""
88,51,FR100766,[EVENT_BEFORE_ACTUAL_POS] --(CONTAINS)--> [EVENT_BEFORE_ACTUAL_POS] | [EVENT_BEFORE_ACTUAL_POS] --(BEFORE)--> [EVENT_BEFORE_ACTUAL_POS],"""amputation"" --(CONTAINS)--> ""confection"" | ""amputation"" --(BEFORE)--> ""décision"""
88,51,FR100780,[EVENT_BEFORE_ACTUAL_POS] --(CONTAINS)--> [EVENT_BEFORE_ACTUAL_POS] | [EVENT_BEFORE_ACTUAL_POS] --(BEFORE)--> [EVENT_BEFORE_ACTUAL_POS],"""examen"" --(CONTAINS)--> ""température"" | ""examen"" --(BEFORE)--> ""toucher"""
88,51,FR100806,[EVENT_BEFORE_ACTUAL_POS] --(CONTAINS)--> [EVENT_BEFORE_ACTUAL_POS] | [EVENT_BEFORE_ACTUAL_POS] --(BEFORE)--> [EVENT_BEFORE_ACTUAL_POS],"""prise"" --(CONTAINS)--> ""splénectomie"" | ""prise"" --(BEFORE)--> ""examen"""
88,51,FR100814,[EVENT_BEFORE_ACTUAL_POS] --(CONTAINS)--> [EVENT_BEFORE_ACTUAL_POS] | [EVENT_BEFORE_ACTUAL_POS] --(BEFORE)--> [EVENT_BEFORE_ACTUAL_POS],"""IRM"" --(CONTAINS)--> ""iso-signal"" | ""IRM"" --(BEFORE)--> ""diagnostic"""
88,51,FR100826,[EVENT_BEFORE_ACTUAL_POS] --(CONTAINS)--> [EVENT_BEFORE_ACTUAL_POS] | [EVENT_BEFORE_ACTUAL_POS] --(BEFORE)--> [EVENT_BEFORE_ACTUAL_POS],"""bilan"" --(CONTAINS)--> ""tomodensitométrie"" | ""bilan"" --(BEFORE)--> ""bilan"""
88,51,FR100845,[EVENT_BEFORE_ACTUAL_POS] --(CONTAINS)--> [EVENT_BEFORE_ACTUAL_POS] | [EVENT_BEFORE_ACTUAL_POS] --(BEFORE)--> [EVENT_BEFORE_ACTUAL_POS],"""examen"" --(CONTAINS)--> ""toucher"" | ""examen"" --(BEFORE)--> ""échographie"""
88,51,FR100849,[EVENT_BEFORE_ACTUAL_POS] --(CONTAINS)--> [EVENT_BEFORE_ACTUAL_POS] | [EVENT_BEFORE_ACTUAL_POS] --(BEFORE)--> [EVENT_BEFORE_ACTUAL_POS],"""admission"" --(CONTAINS)--> ""examen"" | ""admission"" --(BEFORE)--> ""tomodensitométrie"""
88,51,FR100870,[EVENT_BEFORE_ACTUAL_POS] --(CONTAINS)--> [EVENT_BEFORE_ACTUAL_POS] | [EVENT_BEFORE_ACTUAL_POS] --(BEFORE)--> [EVENT_BEFORE_ACTUAL_POS],"""électrophorèse"" --(CONTAINS)--> ""découverte"" | ""électrophorèse"" --(BEFORE)--> ""immunosoustraction"""
88,51,FR100874,[EVENT_BEFORE_ACTUAL_POS] --(CONTAINS)--> [EVENT_BEFORE_ACTUAL_POS] | [EVENT_BEFORE_ACTUAL_POS] --(BEFORE)--> [EVENT_BEFORE_ACTUAL_POS],"""admission"" --(CONTAINS)--> ""interrogatoire"" | ""admission"" --(BEFORE)--> ""examen"""
88,51,FR100903,[EVENT_BEFORE_ACTUAL_POS] --(CONTAINS)--> [EVENT_BEFORE_ACTUAL_POS] | [EVENT_BEFORE_ACTUAL_POS] --(BEFORE)--> [EVENT_BEFORE_ACTUAL_POS],"""contrôles"" --(CONTAINS)--> ""biométrie"" | ""contrôles"" --(BEFORE)--> ""accouchement"""
88,51,FR100919,[EVENT_BEFORE_ACTUAL_POS] --(CONTAINS)--> [EVENT_BEFORE_ACTUAL_POS] | [EVENT_BEFORE_ACTUAL_POS] --(BEFORE)--> [EVENT_BEFORE_ACTUAL_POS],"""correction"" --(CONTAINS)--> ""injection"" | ""correction"" --(BEFORE)--> ""normalisation"""
88,51,FR100946,[EVENT_BEFORE_ACTUAL_POS] --(CONTAINS)--> [EVENT_BEFORE_ACTUAL_POS] | [EVENT_BEFORE_ACTUAL_POS] --(BEFORE)--> [EVENT_BEFORE_ACTUAL_POS],"""IRM"" --(CONTAINS)--> ""prise"" | ""IRM"" --(BEFORE)--> ""analyse"""
88,51,FR100959,[EVENT_BEFORE_ACTUAL_POS] --(CONTAINS)--> [EVENT_BEFORE_ACTUAL_POS] | [EVENT_BEFORE_ACTUAL_POS] --(BEFORE)--> [EVENT_BEFORE_ACTUAL_POS],"""œsophagoscopie"" --(CONTAINS)--> ""permis"" | ""œsophagoscopie"" --(BEFORE)--> ""Transit"""
88,51,FR100998,[EVENT_BEFORE_ACTUAL_POS] --(CONTAINS)--> [EVENT_BEFORE_ACTUAL_POS] | [EVENT_BEFORE_ACTUAL_POS] --(BEFORE)--> [EVENT_BEFORE_ACTUAL_POS],"""traitée"" --(CONTAINS)--> ""cures"" | ""traitée"" --(BEFORE)--> ""bilan"""
97,51,FR100003,[EVENT_BEFORE_ACTUAL_POS] --(CONTAINS)--> [EVENT_BEFORE_ACTUAL_POS] | [EVENT_BEFORE_ACTUAL_POS] --(CONTAINS)--> [EVENT_BEFORE_ACTUAL_POS],"""foyer"" --(CONTAINS)--> ""abordé"" | ""abordé"" --(CONTAINS)--> ""incision"""
97,51,FR100092,[EVENT_BEFORE_ACTUAL_POS] --(CONTAINS)--> [EVENT_BEFORE_ACTUAL_POS] | [EVENT_BEFORE_ACTUAL_POS] --(CONTAINS)--> [EVENT_BEFORE_ACTUAL_POS],"""conjonctives"" --(CONTAINS)--> ""examen"" | ""examen"" --(CONTAINS)--> ""fréquence"""
97,51,FR100120,[EVENT_BEFORE_ACTUAL_POS] --(CONTAINS)--> [EVENT_BEFORE_ACTUAL_POS] | [EVENT_BEFORE_ACTUAL_POS] --(CONTAINS)--> [EVENT_BEFORE_ACTUAL_POS],"""antécédents"" --(CONTAINS)--> ""diabète"" | ""diabète"" --(CONTAINS)--> ""antidiabétiques"""
97,51,FR100130,[EVENT_BEFORE_ACTUAL_POS] --(CONTAINS)--> [EVENT_BEFORE_ACTUAL_POS] | [EVENT_BEFORE_ACTUAL_POS] --(CONTAINS)--> [EVENT_BEFORE_ACTUAL_POS],"""marqueurs"" --(CONTAINS)--> ""bilan"" | ""bilan"" --(CONTAINS)--> ""recherchée"""
97,51,FR100132,[EVENT_BEFORE_ACTUAL_POS] --(CONTAINS)--> [EVENT_BEFORE_ACTUAL_POS] | [EVENT_BEFORE_ACTUAL_POS] --(CONTAINS)--> [EVENT_BEFORE_ACTUAL_POS],"""baisse"" --(CONTAINS)--> ""consultation"" | ""consultation"" --(CONTAINS)--> ""référée"""
97,51,FR100142,[EVENT_BEFORE_ACTUAL_POS] --(CONTAINS)--> [EVENT_BEFORE_ACTUAL_POS] | [EVENT_BEFORE_ACTUAL_POS] --(CONTAINS)--> [EVENT_BEFORE_ACTUAL_POS],"""évolution"" --(CONTAINS)--> ""taux"" | ""taux"" --(CONTAINS)--> ""passé"""
97,51,FR100161,[EVENT_BEFORE_ACTUAL_POS] --(CONTAINS)--> [EVENT_BEFORE_ACTUAL_POS] | [EVENT_BEFORE_ACTUAL_POS] --(CONTAINS)--> [EVENT_BEFORE_ACTUAL_POS],"""sérologie"" --(CONTAINS)--> ""examens"" | ""examens"" --(CONTAINS)--> ""Acti tests"""
97,51,FR100168,[EVENT_BEFORE_ACTUAL_POS] --(CONTAINS)--> [EVENT_BEFORE_ACTUAL_POS] | [EVENT_BEFORE_ACTUAL_POS] --(CONTAINS)--> [EVENT_BEFORE_ACTUAL_POS],"""prise"" --(CONTAINS)--> ""entretien"" | ""entretien"" --(CONTAINS)--> ""dévoiler"""
97,51,FR100275,[EVENT_BEFORE_ACTUAL_POS] --(CONTAINS)--> [EVENT_BEFORE_ACTUAL_POS] | [EVENT_BEFORE_ACTUAL_POS] --(CONTAINS)--> [EVENT_BEFORE_ACTUAL_POS],"""poids"" --(CONTAINS)--> ""examen"" | ""examen"" --(CONTAINS)--> ""pression"""
97,51,FR100276,[EVENT_BEFORE_ACTUAL_POS] --(CONTAINS)--> [EVENT_BEFORE_ACTUAL_POS] | [EVENT_BEFORE_ACTUAL_POS] --(CONTAINS)--> [EVENT_BEFORE_ACTUAL_POS],"""pemphigoïde"" --(CONTAINS)--> ""signe"" | ""signe"" --(CONTAINS)--> ""posé"""
97,51,FR100283,[EVENT_BEFORE_ACTUAL_POS] --(CONTAINS)--> [EVENT_BEFORE_ACTUAL_POS] | [EVENT_BEFORE_ACTUAL_POS] --(CONTAINS)--> [EVENT_BEFORE_ACTUAL_POS],"""diplopie"" --(CONTAINS)--> ""consulté"" | ""consulté"" --(CONTAINS)--> ""bilan"""
97,51,FR100296,[EVENT_BEFORE_ACTUAL_POS] --(CONTAINS)--> [EVENT_BEFORE_ACTUAL_POS] | [EVENT_BEFORE_ACTUAL_POS] --(CONTAINS)--> [EVENT_BEFORE_ACTUAL_POS],"""émergence"" --(CONTAINS)--> ""fenestration"" | ""fenestration"" --(CONTAINS)--> ""ablation"""
97,51,FR100346,[EVENT_BEFORE_ACTUAL_POS] --(CONTAINS)--> [EVENT_BEFORE_ACTUAL_POS] | [EVENT_BEFORE_ACTUAL_POS] --(CONTAINS)--> [EVENT_BEFORE_ACTUAL_POS],"""pouls"" --(CONTAINS)--> ""examen"" | ""examen"" --(CONTAINS)--> ""reste"""
97,51,FR100361,[EVENT_BEFORE_ACTUAL_POS] --(CONTAINS)--> [EVENT_BEFORE_ACTUAL_POS] | [EVENT_BEFORE_ACTUAL_POS] --(CONTAINS)--> [EVENT_BEFORE_ACTUAL_POS],"""GCS"" --(CONTAINS)--> ""examen"" | ""examen"" --(CONTAINS)--> ""mobilisait"""
97,51,FR100371,[EVENT_BEFORE_ACTUAL_POS] --(CONTAINS)--> [EVENT_BEFORE_ACTUAL_POS] | [EVENT_BEFORE_ACTUAL_POS] --(CONTAINS)--> [EVENT_BEFORE_ACTUAL_POS],"""taux"" --(CONTAINS)--> ""bilan"" | ""bilan"" --(CONTAINS)--> ""bilan"""
97,51,FR100400,[EVENT_BEFORE_ACTUAL_POS] --(CONTAINS)--> [EVENT_BEFORE_ACTUAL_POS] | [EVENT_BEFORE_ACTUAL_POS] --(CONTAINS)--> [EVENT_BEFORE_ACTUAL_POS],"""kyste"" --(CONTAINS)--> ""étude"" | ""étude"" --(CONTAINS)--> ""conclu"""
97,51,FR100439,[EVENT_BEFORE_ACTUAL_POS] --(CONTAINS)--> [EVENT_BEFORE_ACTUAL_POS] | [EVENT_BEFORE_ACTUAL_POS] --(CONTAINS)--> [EVENT_BEFORE_ACTUAL_POS],"""obstruction"" --(CONTAINS)--> ""examen"" | ""examen"" --(CONTAINS)--> ""fibroscopie"""
97,51,FR100510,[EVENT_BEFORE_ACTUAL_POS] --(CONTAINS)--> [EVENT_BEFORE_ACTUAL_POS] | [EVENT_BEFORE_ACTUAL_POS] --(CONTAINS)--> [EVENT_BEFORE_ACTUAL_POS],"""lésion"" --(CONTAINS)--> ""examen"" | ""examen"" --(CONTAINS)--> ""caractéristiques"""
97,51,FR100515,[EVENT_BEFORE_ACTUAL_POS] --(CONTAINS)--> [EVENT_BEFORE_ACTUAL_POS] | [EVENT_BEFORE_ACTUAL_POS] --(CONTAINS)--> [EVENT_BEFORE_ACTUAL_POS],"""bilan"" --(CONTAINS)--> ""scanner"" | ""scanner"" --(CONTAINS)--> ""images"""
97,51,FR100519,[EVENT_BEFORE_ACTUAL_POS] --(CONTAINS)--> [EVENT_BEFORE_ACTUAL_POS] | [EVENT_BEFORE_ACTUAL_POS] --(CONTAINS)--> [EVENT_BEFORE_ACTUAL_POS],"""déglobulisation"" --(CONTAINS)--> ""hémogramme"" | ""hémogramme"" --(CONTAINS)--> ""bilan"""
97,51,FR100579,[EVENT_BEFORE_ACTUAL_POS] --(CONTAINS)--> [EVENT_BEFORE_ACTUAL_POS] | [EVENT_BEFORE_ACTUAL_POS] --(CONTAINS)--> [EVENT_BEFORE_ACTUAL_POS],"""hypertension"" --(CONTAINS)--> ""signes"" | ""signes"" --(CONTAINS)--> ""consulte"""
97,51,FR100589,[EVENT_BEFORE_ACTUAL_POS] --(CONTAINS)--> [EVENT_BEFORE_ACTUAL_POS] | [EVENT_BEFORE_ACTUAL_POS] --(CONTAINS)--> [EVENT_BEFORE_ACTUAL_POS],"""taux"" --(CONTAINS)--> ""bilan"" | ""bilan"" --(CONTAINS)--> ""tomodensitométrie"""
97,51,FR100597,[EVENT_BEFORE_ACTUAL_POS] --(CONTAINS)--> [EVENT_BEFORE_ACTUAL_POS] | [EVENT_BEFORE_ACTUAL_POS] --(CONTAINS)--> [EVENT_BEFORE_ACTUAL_POS],"""malignité"" --(CONTAINS)--> ""signes"" | ""signes"" --(CONTAINS)--> ""examen"""
97,51,FR100611,[EVENT_BEFORE_ACTUAL_POS] --(CONTAINS)--> [EVENT_BEFORE_ACTUAL_POS] | [EVENT_BEFORE_ACTUAL_POS] --(CONTAINS)--> [EVENT_BEFORE_ACTUAL_POS],"""micronodules"" --(CONTAINS)--> ""TDM"" | ""TDM"" --(CONTAINS)--> ""image"""
97,51,FR100620,[EVENT_BEFORE_ACTUAL_POS] --(CONTAINS)--> [EVENT_BEFORE_ACTUAL_POS] | [EVENT_BEFORE_ACTUAL_POS] --(CONTAINS)--> [EVENT_BEFORE_ACTUAL_POS],"""aspect"" --(CONTAINS)--> ""bronchoscopie"" | ""bronchoscopie"" --(CONTAINS)--> ""lavage"""
97,51,FR100629,[EVENT_BEFORE_ACTUAL_POS] --(CONTAINS)--> [EVENT_BEFORE_ACTUAL_POS] | [EVENT_BEFORE_ACTUAL_POS] --(CONTAINS)--> [EVENT_BEFORE_ACTUAL_POS],"""chimiothérapie"" --(CONTAINS)--> ""bithérapie"" | ""bithérapie"" --(CONTAINS)--> ""doxorubicine"""
97,51,FR100632,[EVENT_BEFORE_ACTUAL_POS] --(CONTAINS)--> [EVENT_BEFORE_ACTUAL_POS] | [EVENT_BEFORE_ACTUAL_POS] --(CONTAINS)--> [EVENT_BEFORE_ACTUAL_POS],"""apyrétique"" --(CONTAINS)--> ""examen"" | ""examen"" --(CONTAINS)--> ""constantes"""
97,51,FR100658,[EVENT_BEFORE_ACTUAL_POS] --(CONTAINS)--> [EVENT_BEFORE_ACTUAL_POS] | [EVENT_BEFORE_ACTUAL_POS] --(CONTAINS)--> [EVENT_BEFORE_ACTUAL_POS],"""examens"" --(CONTAINS)--> ""bilan"" | ""bilan"" --(CONTAINS)--> ""radiographie"""
97,51,FR100666,[EVENT_BEFORE_ACTUAL_POS] --(CONTAINS)--> [EVENT_BEFORE_ACTUAL_POS] | [EVENT_BEFORE_ACTUAL_POS] --(CONTAINS)--> [EVENT_BEFORE_ACTUAL_POS],"""asymétrie"" --(CONTAINS)--> ""examen"" | ""examen"" --(CONTAINS)--> ""palpation"""
97,51,FR100683,[EVENT_BEFORE_ACTUAL_POS] --(CONTAINS)--> [EVENT_BEFORE_ACTUAL_POS] | [EVENT_BEFORE_ACTUAL_POS] --(CONTAINS)--> [EVENT_BEFORE_ACTUAL_POS],"""aménorrhée"" --(CONTAINS)--> ""consulte"" | ""consulte"" --(CONTAINS)--> ""anamnèse"""
97,51,FR100688,[EVENT_BEFORE_ACTUAL_POS] --(CONTAINS)--> [EVENT_BEFORE_ACTUAL_POS] | [EVENT_BEFORE_ACTUAL_POS] --(CONTAINS)--> [EVENT_BEFORE_ACTUAL_POS],"""séquelle"" --(CONTAINS)--> ""évolution"" | ""évolution"" --(CONTAINS)--> ""disparition"""
97,51,FR100689,[EVENT_BEFORE_ACTUAL_POS] --(CONTAINS)--> [EVENT_BEFORE_ACTUAL_POS] | [EVENT_BEFORE_ACTUAL_POS] --(CONTAINS)--> [EVENT_BEFORE_ACTUAL_POS],"""évolution"" --(CONTAINS)--> ""effacement"" | ""effacement"" --(CONTAINS)--> ""IRM"""
97,51,FR100748,[EVENT_BEFORE_ACTUAL_POS] --(CONTAINS)--> [EVENT_BEFORE_ACTUAL_POS] | [EVENT_BEFORE_ACTUAL_POS] --(CONTAINS)--> [EVENT_BEFORE_ACTUAL_POS],"""consultation"" --(CONTAINS)--> ""examen"" | ""examen"" --(CONTAINS)--> ""tension"""
97,51,FR100766,[EVENT_BEFORE_ACTUAL_POS] --(CONTAINS)--> [EVENT_BEFORE_ACTUAL_POS] | [EVENT_BEFORE_ACTUAL_POS] --(CONTAINS)--> [EVENT_BEFORE_ACTUAL_POS],"""adénocarcinome"" --(CONTAINS)--> ""opéré"" | ""opéré"" --(CONTAINS)--> ""amputation"""
97,51,FR100780,[EVENT_BEFORE_ACTUAL_POS] --(CONTAINS)--> [EVENT_BEFORE_ACTUAL_POS] | [EVENT_BEFORE_ACTUAL_POS] --(CONTAINS)--> [EVENT_BEFORE_ACTUAL_POS],"""poids"" --(CONTAINS)--> ""examen"" | ""examen"" --(CONTAINS)--> ""température"""
97,51,FR100806,[EVENT_BEFORE_ACTUAL_POS] --(CONTAINS)--> [EVENT_BEFORE_ACTUAL_POS] | [EVENT_BEFORE_ACTUAL_POS] --(CONTAINS)--> [EVENT_BEFORE_ACTUAL_POS],"""dédifférenciés"" --(CONTAINS)--> ""échographies"" | ""échographies"" --(CONTAINS)--> ""notait"""
97,51,FR100814,[EVENT_BEFORE_ACTUAL_POS] --(CONTAINS)--> [EVENT_BEFORE_ACTUAL_POS] | [EVENT_BEFORE_ACTUAL_POS] --(CONTAINS)--> [EVENT_BEFORE_ACTUAL_POS],"""processus"" --(CONTAINS)--> ""IRM"" | ""IRM"" --(CONTAINS)--> ""iso-signal"""
97,51,FR100826,[EVENT_BEFORE_ACTUAL_POS] --(CONTAINS)--> [EVENT_BEFORE_ACTUAL_POS] | [EVENT_BEFORE_ACTUAL_POS] --(CONTAINS)--> [EVENT_BEFORE_ACTUAL_POS],"""draine"" --(CONTAINS)--> ""bilan"" | ""bilan"" --(CONTAINS)--> ""tomodensitométrie"""
97,51,FR100845,[EVENT_BEFORE_ACTUAL_POS] --(CONTAINS)--> [EVENT_BEFORE_ACTUAL_POS] | [EVENT_BEFORE_ACTUAL_POS] --(CONTAINS)--> [EVENT_BEFORE_ACTUAL_POS],"""jumeaux"" --(CONTAINS)--> ""aspect"" | ""aspect"" --(CONTAINS)--> ""échographie"""
97,51,FR100849,[EVENT_BEFORE_ACTUAL_POS] --(CONTAINS)--> [EVENT_BEFORE_ACTUAL_POS] | [EVENT_BEFORE_ACTUAL_POS] --(CONTAINS)--> [EVENT_BEFORE_ACTUAL_POS],"""IMC"" --(CONTAINS)--> ""admission"" | ""admission"" --(CONTAINS)--> ""examen"""
97,51,FR100874,[EVENT_BEFORE_ACTUAL_POS] --(CONTAINS)--> [EVENT_BEFORE_ACTUAL_POS] | [EVENT_BEFORE_ACTUAL_POS] --(CONTAINS)--> [EVENT_BEFORE_ACTUAL_POS],"""refoulement"" --(CONTAINS)--> ""transit"" | ""transit"" --(CONTAINS)--> ""image"""
97,51,FR100882,[EVENT_BEFORE_ACTUAL_POS] --(CONTAINS)--> [EVENT_BEFORE_ACTUAL_POS] | [EVENT_BEFORE_ACTUAL_POS] --(CONTAINS)--> [EVENT_BEFORE_ACTUAL_POS],"""évolution"" --(CONTAINS)--> ""amélioration"" | ""amélioration"" --(CONTAINS)--> ""régression"""
97,51,FR100903,[EVENT_BEFORE_ACTUAL_POS] --(CONTAINS)--> [EVENT_BEFORE_ACTUAL_POS] | [EVENT_BEFORE_ACTUAL_POS] --(CONTAINS)--> [EVENT_BEFORE_ACTUAL_POS],"""dilatées"" --(CONTAINS)--> ""échographie"" | ""échographie"" --(CONTAINS)--> ""visualisation"""
97,51,FR100930,[EVENT_BEFORE_ACTUAL_POS] --(CONTAINS)--> [EVENT_BEFORE_ACTUAL_POS] | [EVENT_BEFORE_ACTUAL_POS] --(CONTAINS)--> [EVENT_BEFORE_ACTUAL_POS],"""admis"" --(CONTAINS)--> ""recours"" | ""recours"" --(CONTAINS)--> ""permis"""
97,51,FR100944,[EVENT_BEFORE_ACTUAL_POS] --(CONTAINS)--> [EVENT_BEFORE_ACTUAL_POS] | [EVENT_BEFORE_ACTUAL_POS] --(CONTAINS)--> [EVENT_BEFORE_ACTUAL_POS],"""insuffisance"" --(CONTAINS)--> ""suivi"" | ""suivi"" --(CONTAINS)--> ""hospitalisé"""
97,51,FR100946,[EVENT_BEFORE_ACTUAL_POS] --(CONTAINS)--> [EVENT_BEFORE_ACTUAL_POS] | [EVENT_BEFORE_ACTUAL_POS] --(CONTAINS)--> [EVENT_BEFORE_ACTUAL_POS],"""processus"" --(CONTAINS)--> ""IRM"" | ""IRM"" --(CONTAINS)--> ""prise"""
97,51,FR100959,[EVENT_BEFORE_ACTUAL_POS] --(CONTAINS)--> [EVENT_BEFORE_ACTUAL_POS] | [EVENT_BEFORE_ACTUAL_POS] --(CONTAINS)--> [EVENT_BEFORE_ACTUAL_POS],"""admis"" --(CONTAINS)--> ""œsophagoscopie"" | ""œsophagoscopie"" --(CONTAINS)--> ""extraction"""
97,51,FR100960,[EVENT_BEFORE_ACTUAL_POS] --(CONTAINS)--> [EVENT_BEFORE_ACTUAL_POS] | [EVENT_BEFORE_ACTUAL_POS] --(CONTAINS)--> [EVENT_BEFORE_ACTUAL_POS],"""consulté"" --(CONTAINS)--> ""étude"" | ""étude"" --(CONTAINS)--> ""localisation"""
97,51,FR100994,[EVENT_BEFORE_ACTUAL_POS] --(CONTAINS)--> [EVENT_BEFORE_ACTUAL_POS] | [EVENT_BEFORE_ACTUAL_POS] --(CONTAINS)--> [EVENT_BEFORE_ACTUAL_POS],"""cancer"" --(CONTAINS)--> ""suivi"" | ""suivi"" --(CONTAINS)--> ""opéré"""
22,48,FR100003,[EVENT_BEFORE_ACTUAL_POS] --(CONTAINS)--> [EVENT_BEFORE_ACTUAL_POS] | [EVENT_BEFORE_ACTUAL_POS] --(BEFORE)--> [EVENT_BEFORE_ACTUAL_POS] | [EVENT_BEFORE_ACTUAL_POS] --(BEFORE)--> [EVENT_BEFORE_ACTUAL_POS] | [EVENT_BEFORE_ACTUAL_POS] --(BEFORE)--> [EVENT_BEFORE_ACTUAL_POS] | [EVENT_BEFORE_ACTUAL_POS] --(BEFORE)--> [EVENT_BEFORE_ACTUAL_POS],"""granulome"" --(CONTAINS)--> ""panoramique"" | ""panoramique"" --(BEFORE)--> ""ponction"" | ""ponction"" --(BEFORE)--> ""examen"" | ""examen"" --(BEFORE)--> ""examen"" | ""examen"" --(BEFORE)--> ""antibiothérapie"""
22,48,FR100092,[EVENT_BEFORE_ACTUAL_POS] --(CONTAINS)--> [EVENT_BEFORE_ACTUAL_POS] | [EVENT_BEFORE_ACTUAL_POS] --(BEFORE)--> [EVENT_BEFORE_ACTUAL_POS] | [EVENT_BEFORE_ACTUAL_POS] --(BEFORE)--> [EVENT_BEFORE_ACTUAL_POS] | [EVENT_BEFORE_ACTUAL_POS] --(BEFORE)--> [EVENT_BEFORE_ACTUAL_POS] | [EVENT_BEFORE_ACTUAL_POS] --(BEFORE)--> [EVENT_BEFORE_ACTUAL_POS],"""conjonctives"" --(CONTAINS)--> ""examen"" | ""examen"" --(BEFORE)--> ""examen"" | ""examen"" --(BEFORE)--> ""examen"" | ""examen"" --(BEFORE)--> ""échographie"" | ""échographie"" --(BEFORE)--> ""tableau"""
22,48,FR100130,[EVENT_BEFORE_ACTUAL_POS] --(CONTAINS)--> [EVENT_BEFORE_ACTUAL_POS] | [EVENT_BEFORE_ACTUAL_POS] --(BEFORE)--> [EVENT_BEFORE_ACTUAL_POS] | [EVENT_BEFORE_ACTUAL_POS] --(BEFORE)--> [EVENT_BEFORE_ACTUAL_POS] | [EVENT_BEFORE_ACTUAL_POS] --(BEFORE)--> [EVENT_BEFORE_ACTUAL_POS] | [EVENT_BEFORE_ACTUAL_POS] --(BEFORE)--> [EVENT_BEFORE_ACTUAL_POS],"""lombalgies"" --(CONTAINS)--> ""admis"" | ""admis"" --(BEFORE)--> ""plaignait"" | ""plaignait"" --(BEFORE)--> ""examen"" | ""examen"" --(BEFORE)--> ""biologie"" | ""biologie"" --(BEFORE)--> ""glycémie"""
22,48,FR100132,[EVENT_BEFORE_ACTUAL_POS] --(CONTAINS)--> [EVENT_BEFORE_ACTUAL_POS] | [EVENT_BEFORE_ACTUAL_POS] --(BEFORE)--> [EVENT_BEFORE_ACTUAL_POS] | [EVENT_BEFORE_ACTUAL_POS] --(BEFORE)--> [EVENT_BEFORE_ACTUAL_POS] | [EVENT_BEFORE_ACTUAL_POS] --(BEFORE)--> [EVENT_BEFORE_ACTUAL_POS] | [EVENT_BEFORE_ACTUAL_POS] --(BEFORE)--> [EVENT_BEFORE_ACTUAL_POS],"""examen"" --(CONTAINS)--> ""palpation"" | ""palpation"" --(BEFORE)--> ""histologie"" | ""histologie"" --(BEFORE)--> ""examen"" | ""examen"" --(BEFORE)--> ""écho-Doppler"" | ""écho-Doppler"" --(BEFORE)--> ""reçu"""
22,48,FR100142,[EVENT_BEFORE_ACTUAL_POS] --(CONTAINS)--> [EVENT_BEFORE_ACTUAL_POS] | [EVENT_BEFORE_ACTUAL_POS] --(BEFORE)--> [EVENT_BEFORE_ACTUAL_POS] | [EVENT_BEFORE_ACTUAL_POS] --(BEFORE)--> [EVENT_BEFORE_ACTUAL_POS] | [EVENT_BEFORE_ACTUAL_POS] --(BEFORE)--> [EVENT_BEFORE_ACTUAL_POS] | [EVENT_BEFORE_ACTUAL_POS] --(BEFORE)--> [EVENT_BEFORE_ACTUAL_POS],"""lésions"" --(CONTAINS)--> ""examen"" | ""examen"" --(BEFORE)--> ""électrophorèse"" | ""électrophorèse"" --(BEFORE)--> ""scanner"" | ""scanner"" --(BEFORE)--> ""fibroscopie"" | ""fibroscopie"" --(BEFORE)--> ""colonoscopie"""
22,48,FR100161,[EVENT_BEFORE_ACTUAL_POS] --(CONTAINS)--> [EVENT_BEFORE_ACTUAL_POS] | [EVENT_BEFORE_ACTUAL_POS] --(BEFORE)--> [EVENT_BEFORE_ACTUAL_POS] | [EVENT_BEFORE_ACTUAL_POS] --(BEFORE)--> [EVENT_BEFORE_ACTUAL_POS] | [EVENT_BEFORE_ACTUAL_POS] --(BEFORE)--> [EVENT_BEFORE_ACTUAL_POS] | [EVENT_BEFORE_ACTUAL_POS] --(BEFORE)--> [EVENT_BEFORE_ACTUAL_POS],"""sérologie"" --(CONTAINS)--> ""examens"" | ""examens"" --(BEFORE)--> ""radiographie"" | ""radiographie"" --(BEFORE)--> ""complément"" | ""complément"" --(BEFORE)--> ""cortisol"" | ""cortisol"" --(BEFORE)--> ""exérèse"""
22,48,FR100255,[EVENT_BEFORE_ACTUAL_POS] --(CONTAINS)--> [EVENT_BEFORE_ACTUAL_POS] | [EVENT_BEFORE_ACTUAL_POS] --(BEFORE)--> [EVENT_BEFORE_ACTUAL_POS] | [EVENT_BEFORE_ACTUAL_POS] --(BEFORE)--> [EVENT_BEFORE_ACTUAL_POS] | [EVENT_BEFORE_ACTUAL_POS] --(BEFORE)--> [EVENT_BEFORE_ACTUAL_POS] | [EVENT_BEFORE_ACTUAL_POS] --(BEFORE)--> [EVENT_BEFORE_ACTUAL_POS],"""fréquence"" --(CONTAINS)--> ""examen"" | ""examen"" --(BEFORE)--> ""examen"" | ""examen"" --(BEFORE)--> ""échographie"" | ""échographie"" --(BEFORE)--> ""mise"" | ""mise"" --(BEFORE)--> ""traitement"""
22,48,FR100275,[EVENT_BEFORE_ACTUAL_POS] --(CONTAINS)--> [EVENT_BEFORE_ACTUAL_POS] | [EVENT_BEFORE_ACTUAL_POS] --(BEFORE)--> [EVENT_BEFORE_ACTUAL_POS] | [EVENT_BEFORE_ACTUAL_POS] --(BEFORE)--> [EVENT_BEFORE_ACTUAL_POS] | [EVENT_BEFORE_ACTUAL_POS] --(BEFORE)--> [EVENT_BEFORE_ACTUAL_POS] | [EVENT_BEFORE_ACTUAL_POS] --(BEFORE)--> [EVENT_BEFORE_ACTUAL_POS],"""mort"" --(CONTAINS)--> ""établi"" | ""établi"" --(BEFORE)--> ""manœuvres"" | ""manœuvres"" --(BEFORE)--> ""transféré"" | ""transféré"" --(BEFORE)--> ""anamnèse"" | ""anamnèse"" --(BEFORE)--> ""examen"""
22,48,FR100282,[EVENT_BEFORE_ACTUAL_POS] --(CONTAINS)--> [EVENT_BEFORE_ACTUAL_POS] | [EVENT_BEFORE_ACTUAL_POS] --(BEFORE)--> [EVENT_BEFORE_ACTUAL_POS] | [EVENT_BEFORE_ACTUAL_POS] --(BEFORE)--> [EVENT_BEFORE_ACTUAL_POS] | [EVENT_BEFORE_ACTUAL_POS] --(BEFORE)--> [EVENT_BEFORE_ACTUAL_POS] | [EVENT_BEFORE_ACTUAL_POS] --(BEFORE)--> [EVENT_BEFORE_ACTUAL_POS],"""tracé"" --(CONTAINS)--> ""électroencéphalogramme"" | ""électroencéphalogramme"" --(BEFORE)--> ""scanner"" | ""scanner"" --(BEFORE)--> ""conclus"" | ""conclus"" --(BEFORE)--> ""instauré"" | ""instauré"" --(BEFORE)--> ""suivi"""
22,48,FR100283,[EVENT_BEFORE_ACTUAL_POS] --(CONTAINS)--> [EVENT_BEFORE_ACTUAL_POS] | [EVENT_BEFORE_ACTUAL_POS] --(BEFORE)--> [EVENT_BEFORE_ACTUAL_POS] | [EVENT_BEFORE_ACTUAL_POS] --(BEFORE)--> [EVENT_BEFORE_ACTUAL_POS] | [EVENT_BEFORE_ACTUAL_POS] --(BEFORE)--> [EVENT_BEFORE_ACTUAL_POS] | [EVENT_BEFORE_ACTUAL_POS] --(BEFORE)--> [EVENT_BEFORE_ACTUAL_POS],"""syndrome"" --(CONTAINS)--> ""bilan"" | ""bilan"" --(BEFORE)--> ""IRM"" | ""IRM"" --(BEFORE)--> ""hypophysiogramme"" | ""hypophysiogramme"" --(BEFORE)--> ""traitement"" | ""traitement"" --(BEFORE)--> ""évolution"""
22,48,FR100296,[EVENT_BEFORE_ACTUAL_POS] --(CONTAINS)--> [EVENT_BEFORE_ACTUAL_POS] | [EVENT_BEFORE_ACTUAL_POS] --(BEFORE)--> [EVENT_BEFORE_ACTUAL_POS] | [EVENT_BEFORE_ACTUAL_POS] --(BEFORE)--> [EVENT_BEFORE_ACTUAL_POS] | [EVENT_BEFORE_ACTUAL_POS] --(BEFORE)--> [EVENT_BEFORE_ACTUAL_POS] | [EVENT_BEFORE_ACTUAL_POS] --(BEFORE)--> [EVENT_BEFORE_ACTUAL_POS],"""phénomènes"" --(CONTAINS)--> ""examen"" | ""examen"" --(BEFORE)--> ""IRM"" | ""IRM"" --(BEFORE)--> ""fenestration"" | ""fenestration"" --(BEFORE)--> ""suites"" | ""suites"" --(BEFORE)--> ""exéaté"""
22,48,FR100314,[EVENT_BEFORE_ACTUAL_POS] --(CONTAINS)--> [EVENT_BEFORE_ACTUAL_POS] | [EVENT_BEFORE_ACTUAL_POS] --(BEFORE)--> [EVENT_BEFORE_ACTUAL_POS] | [EVENT_BEFORE_ACTUAL_POS] --(BEFORE)--> [EVENT_BEFORE_ACTUAL_POS] | [EVENT_BEFORE_ACTUAL_POS] --(BEFORE)--> [EVENT_BEFORE_ACTUAL_POS] | [EVENT_BEFORE_ACTUAL_POS] --(BEFORE)--> [EVENT_BEFORE_ACTUAL_POS],"""fracture"" --(CONTAINS)--> ""bilan"" | ""bilan"" --(BEFORE)--> ""drainage"" | ""drainage"" --(BEFORE)--> ""angio-scanner"" | ""angio-scanner"" --(BEFORE)--> ""amputation"" | ""amputation"" --(BEFORE)--> ""mise"""
22,48,FR100344,[EVENT_BEFORE_ACTUAL_POS] --(CONTAINS)--> [EVENT_BEFORE_ACTUAL_POS] | [EVENT_BEFORE_ACTUAL_POS] --(BEFORE)--> [EVENT_BEFORE_ACTUAL_POS] | [EVENT_BEFORE_ACTUAL_POS] --(BEFORE)--> [EVENT_BEFORE_ACTUAL_POS] | [EVENT_BEFORE_ACTUAL_POS] --(BEFORE)--> [EVENT_BEFORE_ACTUAL_POS] | [EVENT_BEFORE_ACTUAL_POS] --(BEFORE)--> [EVENT_BEFORE_ACTUAL_POS],"""évolution"" --(CONTAINS)--> ""déroulée"" | ""déroulée"" --(BEFORE)--> ""plainte"" | ""plainte"" --(BEFORE)--> ""examen"" | ""examen"" --(BEFORE)--> ""césarienne"" | ""césarienne"" --(BEFORE)--> ""pesait"""
22,48,FR100346,[EVENT_BEFORE_ACTUAL_POS] --(CONTAINS)--> [EVENT_BEFORE_ACTUAL_POS] | [EVENT_BEFORE_ACTUAL_POS] --(BEFORE)--> [EVENT_BEFORE_ACTUAL_POS] | [EVENT_BEFORE_ACTUAL_POS] --(BEFORE)--> [EVENT_BEFORE_ACTUAL_POS] | [EVENT_BEFORE_ACTUAL_POS] --(BEFORE)--> [EVENT_BEFORE_ACTUAL_POS] | [EVENT_BEFORE_ACTUAL_POS] --(BEFORE)--> [EVENT_BEFORE_ACTUAL_POS],"""lésions"" --(CONTAINS)--> ""angioscanner"" | ""angioscanner"" --(BEFORE)--> ""echo-dopler"" | ""echo-dopler"" --(BEFORE)--> ""IRM"" | ""IRM"" --(BEFORE)--> ""scanner"" | ""scanner"" --(BEFORE)--> ""posé"""
22,48,FR100360,[EVENT_BEFORE_ACTUAL_POS] --(CONTAINS)--> [EVENT_BEFORE_ACTUAL_POS] | [EVENT_BEFORE_ACTUAL_POS] --(BEFORE)--> [EVENT_BEFORE_ACTUAL_POS] | [EVENT_BEFORE_ACTUAL_POS] --(BEFORE)--> [EVENT_BEFORE_ACTUAL_POS] | [EVENT_BEFORE_ACTUAL_POS] --(BEFORE)--> [EVENT_BEFORE_ACTUAL_POS] | [EVENT_BEFORE_ACTUAL_POS] --(BEFORE)--> [EVENT_BEFORE_ACTUAL_POS],"""adénocarcinome"" --(CONTAINS)--> ""examen"" | ""examen"" --(BEFORE)--> ""curage"" | ""curage"" --(BEFORE)--> ""radiothérapie"" | ""radiothérapie"" --(BEFORE)--> ""fin"" | ""fin"" --(BEFORE)--> ""tomodensitométrie"""
22,48,FR100361,[EVENT_BEFORE_ACTUAL_POS] --(CONTAINS)--> [EVENT_BEFORE_ACTUAL_POS] | [EVENT_BEFORE_ACTUAL_POS] --(BEFORE)--> [EVENT_BEFORE_ACTUAL_POS] | [EVENT_BEFORE_ACTUAL_POS] --(BEFORE)--> [EVENT_BEFORE_ACTUAL_POS] | [EVENT_BEFORE_ACTUAL_POS] --(BEFORE)--> [EVENT_BEFORE_ACTUAL_POS] | [EVENT_BEFORE_ACTUAL_POS] --(BEFORE)--> [EVENT_BEFORE_ACTUAL_POS],"""GCS"" --(CONTAINS)--> ""examen"" | ""examen"" --(BEFORE)--> ""TDM"" | ""TDM"" --(BEFORE)--> ""ponction"" | ""ponction"" --(BEFORE)--> ""examen"" | ""examen"" --(BEFORE)--> ""examen"""
22,48,FR100371,[EVENT_BEFORE_ACTUAL_POS] --(CONTAINS)--> [EVENT_BEFORE_ACTUAL_POS] | [EVENT_BEFORE_ACTUAL_POS] --(BEFORE)--> [EVENT_BEFORE_ACTUAL_POS] | [EVENT_BEFORE_ACTUAL_POS] --(BEFORE)--> [EVENT_BEFORE_ACTUAL_POS] | [EVENT_BEFORE_ACTUAL_POS] --(BEFORE)--> [EVENT_BEFORE_ACTUAL_POS] | [EVENT_BEFORE_ACTUAL_POS] --(BEFORE)--> [EVENT_BEFORE_ACTUAL_POS],"""tension"" --(CONTAINS)--> ""examen"" | ""examen"" --(BEFORE)--> ""examen"" | ""examen"" --(BEFORE)--> ""bilan"" | ""bilan"" --(BEFORE)--> ""bilan"" | ""bilan"" --(BEFORE)--> ""intervention"""
22,48,FR100400,[EVENT_BEFORE_ACTUAL_POS] --(CONTAINS)--> [EVENT_BEFORE_ACTUAL_POS] | [EVENT_BEFORE_ACTUAL_POS] --(BEFORE)--> [EVENT_BEFORE_ACTUAL_POS] | [EVENT_BEFORE_ACTUAL_POS] --(BEFORE)--> [EVENT_BEFORE_ACTUAL_POS] | [EVENT_BEFORE_ACTUAL_POS] --(BEFORE)--> [EVENT_BEFORE_ACTUAL_POS] | [EVENT_BEFORE_ACTUAL_POS] --(BEFORE)--> [EVENT_BEFORE_ACTUAL_POS],"""lésion"" --(CONTAINS)--> ""échographie"" | ""échographie"" --(BEFORE)--> ""scanner"" | ""scanner"" --(BEFORE)--> ""diagnostic"" | ""diagnostic"" --(BEFORE)--> ""exploration"" | ""exploration"" --(BEFORE)--> ""résection"""
22,48,FR100439,[EVENT_BEFORE_ACTUAL_POS] --(CONTAINS)--> [EVENT_BEFORE_ACTUAL_POS] | [EVENT_BEFORE_ACTUAL_POS] --(BEFORE)--> [EVENT_BEFORE_ACTUAL_POS] | [EVENT_BEFORE_ACTUAL_POS] --(BEFORE)--> [EVENT_BEFORE_ACTUAL_POS] | [EVENT_BEFORE_ACTUAL_POS] --(BEFORE)--> [EVENT_BEFORE_ACTUAL_POS] | [EVENT_BEFORE_ACTUAL_POS] --(BEFORE)--> [EVENT_BEFORE_ACTUAL_POS],"""anesthésie"" --(CONTAINS)--> ""endoscopie"" | ""endoscopie"" --(BEFORE)--> ""biopsies"" | ""biopsies"" --(BEFORE)--> ""analyse"" | ""analyse"" --(BEFORE)--> ""exploration"" | ""exploration"" --(BEFORE)--> ""posant"""
22,48,FR100480,[EVENT_BEFORE_ACTUAL_POS] --(CONTAINS)--> [EVENT_BEFORE_ACTUAL_POS] | [EVENT_BEFORE_ACTUAL_POS] --(BEFORE)--> [EVENT_BEFORE_ACTUAL_POS] | [EVENT_BEFORE_ACTUAL_POS] --(BEFORE)--> [EVENT_BEFORE_ACTUAL_POS] | [EVENT_BEFORE_ACTUAL_POS] --(BEFORE)--> [EVENT_BEFORE_ACTUAL_POS] | [EVENT_BEFORE_ACTUAL_POS] --(BEFORE)--> [EVENT_BEFORE_ACTUAL_POS],"""extension"" --(CONTAINS)--> ""imagerie"" | ""imagerie"" --(BEFORE)--> ""bilan"" | ""bilan"" --(BEFORE)--> ""scanner"" | ""scanner"" --(BEFORE)--> ""Tomographie"" | ""Tomographie"" --(BEFORE)--> ""reprise"""
22,48,FR100517,[EVENT_BEFORE_ACTUAL_POS] --(CONTAINS)--> [EVENT_BEFORE_ACTUAL_POS] | [EVENT_BEFORE_ACTUAL_POS] --(BEFORE)--> [EVENT_BEFORE_ACTUAL_POS] | [EVENT_BEFORE_ACTUAL_POS] --(BEFORE)--> [EVENT_BEFORE_ACTUAL_POS] | [EVENT_BEFORE_ACTUAL_POS] --(BEFORE)--> [EVENT_BEFORE_ACTUAL_POS] | [EVENT_BEFORE_ACTUAL_POS] --(BEFORE)--> [EVENT_BEFORE_ACTUAL_POS],"""plaques"" --(CONTAINS)--> ""examen"" | ""examen"" --(BEFORE)--> ""bilan"" | ""bilan"" --(BEFORE)--> ""électromyogramme"" | ""électromyogramme"" --(BEFORE)--> ""bilan"" | ""bilan"" --(BEFORE)--> ""explorations"""
22,48,FR100519,[EVENT_BEFORE_ACTUAL_POS] --(CONTAINS)--> [EVENT_BEFORE_ACTUAL_POS] | [EVENT_BEFORE_ACTUAL_POS] --(BEFORE)--> [EVENT_BEFORE_ACTUAL_POS] | [EVENT_BEFORE_ACTUAL_POS] --(BEFORE)--> [EVENT_BEFORE_ACTUAL_POS] | [EVENT_BEFORE_ACTUAL_POS] --(BEFORE)--> [EVENT_BEFORE_ACTUAL_POS] | [EVENT_BEFORE_ACTUAL_POS] --(BEFORE)--> [EVENT_BEFORE_ACTUAL_POS],"""aspect"" --(CONTAINS)--> ""bilan"" | ""bilan"" --(BEFORE)--> ""angioscanner"" | ""angioscanner"" --(BEFORE)--> ""échodoppler"" | ""échodoppler"" --(BEFORE)--> ""retenue"" | ""retenue"" --(BEFORE)--> ""poursuivie"""
22,48,FR100589,[EVENT_BEFORE_ACTUAL_POS] --(CONTAINS)--> [EVENT_BEFORE_ACTUAL_POS] | [EVENT_BEFORE_ACTUAL_POS] --(BEFORE)--> [EVENT_BEFORE_ACTUAL_POS] | [EVENT_BEFORE_ACTUAL_POS] --(BEFORE)--> [EVENT_BEFORE_ACTUAL_POS] | [EVENT_BEFORE_ACTUAL_POS] --(BEFORE)--> [EVENT_BEFORE_ACTUAL_POS] | [EVENT_BEFORE_ACTUAL_POS] --(BEFORE)--> [EVENT_BEFORE_ACTUAL_POS],"""syndrome"" --(CONTAINS)--> ""Cytométrie"" | ""Cytométrie"" --(BEFORE)--> ""biopsie"" | ""biopsie"" --(BEFORE)--> ""bilan"" | ""bilan"" --(BEFORE)--> ""caryotype"" | ""caryotype"" --(BEFORE)--> ""sérologie"""
22,48,FR100597,[EVENT_BEFORE_ACTUAL_POS] --(CONTAINS)--> [EVENT_BEFORE_ACTUAL_POS] | [EVENT_BEFORE_ACTUAL_POS] --(BEFORE)--> [EVENT_BEFORE_ACTUAL_POS] | [EVENT_BEFORE_ACTUAL_POS] --(BEFORE)--> [EVENT_BEFORE_ACTUAL_POS] | [EVENT_BEFORE_ACTUAL_POS] --(BEFORE)--> [EVENT_BEFORE_ACTUAL_POS] | [EVENT_BEFORE_ACTUAL_POS] --(BEFORE)--> [EVENT_BEFORE_ACTUAL_POS],"""consultation"" --(CONTAINS)--> ""examen"" | ""examen"" --(BEFORE)--> ""examen"" | ""examen"" --(BEFORE)--> ""examen"" | ""examen"" --(BEFORE)--> ""toucher"" | ""toucher"" --(BEFORE)--> ""reste"""
22,48,FR100611,[EVENT_BEFORE_ACTUAL_POS] --(CONTAINS)--> [EVENT_BEFORE_ACTUAL_POS] | [EVENT_BEFORE_ACTUAL_POS] --(BEFORE)--> [EVENT_BEFORE_ACTUAL_POS] | [EVENT_BEFORE_ACTUAL_POS] --(BEFORE)--> [EVENT_BEFORE_ACTUAL_POS] | [EVENT_BEFORE_ACTUAL_POS] --(BEFORE)--> [EVENT_BEFORE_ACTUAL_POS] | [EVENT_BEFORE_ACTUAL_POS] --(BEFORE)--> [EVENT_BEFORE_ACTUAL_POS],"""syndrome"" --(CONTAINS)--> ""examen"" | ""examen"" --(BEFORE)--> ""IRM"" | ""IRM"" --(BEFORE)--> ""étude"" | ""étude"" --(BEFORE)--> ""examen"" | ""examen"" --(BEFORE)--> ""cultures"""
22,48,FR100614,[EVENT_BEFORE_ACTUAL_POS] --(CONTAINS)--> [EVENT_BEFORE_ACTUAL_POS] | [EVENT_BEFORE_ACTUAL_POS] --(BEFORE)--> [EVENT_BEFORE_ACTUAL_POS] | [EVENT_BEFORE_ACTUAL_POS] --(BEFORE)--> [EVENT_BEFORE_ACTUAL_POS] | [EVENT_BEFORE_ACTUAL_POS] --(BEFORE)--> [EVENT_BEFORE_ACTUAL_POS] | [EVENT_BEFORE_ACTUAL_POS] --(BEFORE)--> [EVENT_BEFORE_ACTUAL_POS],"""kyste"" --(CONTAINS)--> ""exploration"" | ""exploration"" --(BEFORE)--> ""rupture"" | ""rupture"" --(BEFORE)--> ""intervention"" | ""intervention"" --(BEFORE)--> ""résection"" | ""résection"" --(BEFORE)--> ""étude"""
22,48,FR100620,[EVENT_BEFORE_ACTUAL_POS] --(CONTAINS)--> [EVENT_BEFORE_ACTUAL_POS] | [EVENT_BEFORE_ACTUAL_POS] --(BEFORE)--> [EVENT_BEFORE_ACTUAL_POS] | [EVENT_BEFORE_ACTUAL_POS] --(BEFORE)--> [EVENT_BEFORE_ACTUAL_POS] | [EVENT_BEFORE_ACTUAL_POS] --(BEFORE)--> [EVENT_BEFORE_ACTUAL_POS] | [EVENT_BEFORE_ACTUAL_POS] --(BEFORE)--> [EVENT_BEFORE_ACTUAL_POS],"""conservation"" --(CONTAINS)--> ""présenté"" | ""présenté"" --(BEFORE)--> ""examen"" | ""examen"" --(BEFORE)--> ""radiographie"" | ""radiographie"" --(BEFORE)--> ""drainage"" | ""drainage"" --(BEFORE)--> ""radiographie"""
22,48,FR100623,[EVENT_BEFORE_ACTUAL_POS] --(CONTAINS)--> [EVENT_BEFORE_ACTUAL_POS] | [EVENT_BEFORE_ACTUAL_POS] --(BEFORE)--> [EVENT_BEFORE_ACTUAL_POS] | [EVENT_BEFORE_ACTUAL_POS] --(BEFORE)--> [EVENT_BEFORE_ACTUAL_POS] | [EVENT_BEFORE_ACTUAL_POS] --(BEFORE)--> [EVENT_BEFORE_ACTUAL_POS] | [EVENT_BEFORE_ACTUAL_POS] --(BEFORE)--> [EVENT_BEFORE_ACTUAL_POS],"""douleur"" --(CONTAINS)--> ""consulté"" | ""consulté"" --(BEFORE)--> ""examen"" | ""examen"" --(BEFORE)--> ""échographie"" | ""échographie"" --(BEFORE)--> ""tomodensitométrie"" | ""tomodensitométrie"" --(BEFORE)--> ""retenu"""
22,48,FR100629,[EVENT_BEFORE_ACTUAL_POS] --(CONTAINS)--> [EVENT_BEFORE_ACTUAL_POS] | [EVENT_BEFORE_ACTUAL_POS] --(BEFORE)--> [EVENT_BEFORE_ACTUAL_POS] | [EVENT_BEFORE_ACTUAL_POS] --(BEFORE)--> [EVENT_BEFORE_ACTUAL_POS] | [EVENT_BEFORE_ACTUAL_POS] --(BEFORE)--> [EVENT_BEFORE_ACTUAL_POS] | [EVENT_BEFORE_ACTUAL_POS] --(BEFORE)--> [EVENT_BEFORE_ACTUAL_POS],"""opacité"" --(CONTAINS)--> ""radiographie"" | ""radiographie"" --(BEFORE)--> ""thoracoscopie"" | ""thoracoscopie"" --(BEFORE)--> ""marquage"" | ""marquage"" --(BEFORE)--> ""bilan"" | ""bilan"" --(BEFORE)--> ""décision"""
22,48,FR100632,[EVENT_BEFORE_ACTUAL_POS] --(CONTAINS)--> [EVENT_BEFORE_ACTUAL_POS] | [EVENT_BEFORE_ACTUAL_POS] --(BEFORE)--> [EVENT_BEFORE_ACTUAL_POS] | [EVENT_BEFORE_ACTUAL_POS] --(BEFORE)--> [EVENT_BEFORE_ACTUAL_POS] | [EVENT_BEFORE_ACTUAL_POS] --(BEFORE)--> [EVENT_BEFORE_ACTUAL_POS] | [EVENT_BEFORE_ACTUAL_POS] --(BEFORE)--> [EVENT_BEFORE_ACTUAL_POS],"""apyrétique"" --(CONTAINS)--> ""examen"" | ""examen"" --(BEFORE)--> ""examen"" | ""examen"" --(BEFORE)--> ""IRM"" | ""IRM"" --(BEFORE)--> ""IRM"" | ""IRM"" --(BEFORE)--> ""étude"""
22,48,FR100663,[EVENT_BEFORE_ACTUAL_POS] --(CONTAINS)--> [EVENT_BEFORE_ACTUAL_POS] | [EVENT_BEFORE_ACTUAL_POS] --(BEFORE)--> [EVENT_BEFORE_ACTUAL_POS] | [EVENT_BEFORE_ACTUAL_POS] --(BEFORE)--> [EVENT_BEFORE_ACTUAL_POS] | [EVENT_BEFORE_ACTUAL_POS] --(BEFORE)--> [EVENT_BEFORE_ACTUAL_POS] | [EVENT_BEFORE_ACTUAL_POS] --(BEFORE)--> [EVENT_BEFORE_ACTUAL_POS],"""stable"" --(CONTAINS)--> ""examen"" | ""examen"" --(BEFORE)--> ""examen"" | ""examen"" --(BEFORE)--> ""échographie"" | ""échographie"" --(BEFORE)--> ""taux"" | ""taux"" --(BEFORE)--> ""tenté"""
22,48,FR100666,[EVENT_BEFORE_ACTUAL_POS] --(CONTAINS)--> [EVENT_BEFORE_ACTUAL_POS] | [EVENT_BEFORE_ACTUAL_POS] --(BEFORE)--> [EVENT_BEFORE_ACTUAL_POS] | [EVENT_BEFORE_ACTUAL_POS] --(BEFORE)--> [EVENT_BEFORE_ACTUAL_POS] | [EVENT_BEFORE_ACTUAL_POS] --(BEFORE)--> [EVENT_BEFORE_ACTUAL_POS] | [EVENT_BEFORE_ACTUAL_POS] --(BEFORE)--> [EVENT_BEFORE_ACTUAL_POS],"""asymétrie"" --(CONTAINS)--> ""examen"" | ""examen"" --(BEFORE)--> ""examen"" | ""examen"" --(BEFORE)--> ""palpation"" | ""palpation"" --(BEFORE)--> ""radiographie"" | ""radiographie"" --(BEFORE)--> ""tomodensitométrie"""
22,48,FR100683,[EVENT_BEFORE_ACTUAL_POS] --(CONTAINS)--> [EVENT_BEFORE_ACTUAL_POS] | [EVENT_BEFORE_ACTUAL_POS] --(BEFORE)--> [EVENT_BEFORE_ACTUAL_POS] | [EVENT_BEFORE_ACTUAL_POS] --(BEFORE)--> [EVENT_BEFORE_ACTUAL_POS] | [EVENT_BEFORE_ACTUAL_POS] --(BEFORE)--> [EVENT_BEFORE_ACTUAL_POS] | [EVENT_BEFORE_ACTUAL_POS] --(BEFORE)--> [EVENT_BEFORE_ACTUAL_POS],"""pouls"" --(CONTAINS)--> ""examen"" | ""examen"" --(BEFORE)--> ""exploration"" | ""exploration"" --(BEFORE)--> ""exploration"" | ""exploration"" --(BEFORE)--> ""IRM"" | ""IRM"" --(BEFORE)--> ""écho-mammographie"""
22,48,FR100688,[EVENT_BEFORE_ACTUAL_POS] --(CONTAINS)--> [EVENT_BEFORE_ACTUAL_POS] | [EVENT_BEFORE_ACTUAL_POS] --(BEFORE)--> [EVENT_BEFORE_ACTUAL_POS] | [EVENT_BEFORE_ACTUAL_POS] --(BEFORE)--> [EVENT_BEFORE_ACTUAL_POS] | [EVENT_BEFORE_ACTUAL_POS] --(BEFORE)--> [EVENT_BEFORE_ACTUAL_POS] | [EVENT_BEFORE_ACTUAL_POS] --(BEFORE)--> [EVENT_BEFORE_ACTUAL_POS],"""indice"" --(CONTAINS)--> ""examen"" | ""examen"" --(BEFORE)--> ""examen"" | ""examen"" --(BEFORE)--> ""examen"" | ""examen"" --(BEFORE)--> ""sérologie"" | ""sérologie"" --(BEFORE)--> ""recherche"""
22,48,FR100689,[EVENT_BEFORE_ACTUAL_POS] --(CONTAINS)--> [EVENT_BEFORE_ACTUAL_POS] | [EVENT_BEFORE_ACTUAL_POS] --(BEFORE)--> [EVENT_BEFORE_ACTUAL_POS] | [EVENT_BEFORE_ACTUAL_POS] --(BEFORE)--> [EVENT_BEFORE_ACTUAL_POS] | [EVENT_BEFORE_ACTUAL_POS] --(BEFORE)--> [EVENT_BEFORE_ACTUAL_POS] | [EVENT_BEFORE_ACTUAL_POS] --(BEFORE)--> [EVENT_BEFORE_ACTUAL_POS],"""foyers"" --(CONTAINS)--> ""scanner"" | ""scanner"" --(BEFORE)--> ""hémogramme"" | ""hémogramme"" --(BEFORE)--> ""ionogramme"" | ""ionogramme"" --(BEFORE)--> ""examen"" | ""examen"" --(BEFORE)--> ""retenu"""
22,48,FR100697,[EVENT_BEFORE_ACTUAL_POS] --(CONTAINS)--> [EVENT_BEFORE_ACTUAL_POS] | [EVENT_BEFORE_ACTUAL_POS] --(BEFORE)--> [EVENT_BEFORE_ACTUAL_POS] | [EVENT_BEFORE_ACTUAL_POS] --(BEFORE)--> [EVENT_BEFORE_ACTUAL_POS] | [EVENT_BEFORE_ACTUAL_POS] --(BEFORE)--> [EVENT_BEFORE_ACTUAL_POS] | [EVENT_BEFORE_ACTUAL_POS] --(BEFORE)--> [EVENT_BEFORE_ACTUAL_POS],"""adénopathies"" --(CONTAINS)--> ""examen"" | ""examen"" --(BEFORE)--> ""mammographie"" | ""mammographie"" --(BEFORE)--> ""échographie"" | ""échographie"" --(BEFORE)--> ""examen"" | ""examen"" --(BEFORE)--> ""immunomarquage"""
22,48,FR100708,[EVENT_BEFORE_ACTUAL_POS] --(CONTAINS)--> [EVENT_BEFORE_ACTUAL_POS] | [EVENT_BEFORE_ACTUAL_POS] --(BEFORE)--> [EVENT_BEFORE_ACTUAL_POS] | [EVENT_BEFORE_ACTUAL_POS] --(BEFORE)--> [EVENT_BEFORE_ACTUAL_POS] | [EVENT_BEFORE_ACTUAL_POS] --(BEFORE)--> [EVENT_BEFORE_ACTUAL_POS] | [EVENT_BEFORE_ACTUAL_POS] --(BEFORE)--> [EVENT_BEFORE_ACTUAL_POS],"""consulté"" --(CONTAINS)--> ""examen"" | ""examen"" --(BEFORE)--> ""mammographie"" | ""mammographie"" --(BEFORE)--> ""échographie"" | ""échographie"" --(BEFORE)--> ""ponction"" | ""ponction"" --(BEFORE)--> ""redémarré"""
22,48,FR100717,[EVENT_BEFORE_ACTUAL_POS] --(CONTAINS)--> [EVENT_BEFORE_ACTUAL_POS] | [EVENT_BEFORE_ACTUAL_POS] --(BEFORE)--> [EVENT_BEFORE_ACTUAL_POS] | [EVENT_BEFORE_ACTUAL_POS] --(BEFORE)--> [EVENT_BEFORE_ACTUAL_POS] | [EVENT_BEFORE_ACTUAL_POS] --(BEFORE)--> [EVENT_BEFORE_ACTUAL_POS] | [EVENT_BEFORE_ACTUAL_POS] --(BEFORE)--> [EVENT_BEFORE_ACTUAL_POS],"""Lasègue"" --(CONTAINS)--> ""examen"" | ""examen"" --(BEFORE)--> ""examens"" | ""examens"" --(BEFORE)--> ""scanner"" | ""scanner"" --(BEFORE)--> ""IRM"" | ""IRM"" --(BEFORE)--> ""laminectomie"""
22,48,FR100748,[EVENT_BEFORE_ACTUAL_POS] --(CONTAINS)--> [EVENT_BEFORE_ACTUAL_POS] | [EVENT_BEFORE_ACTUAL_POS] --(BEFORE)--> [EVENT_BEFORE_ACTUAL_POS] | [EVENT_BEFORE_ACTUAL_POS] --(BEFORE)--> [EVENT_BEFORE_ACTUAL_POS] | [EVENT_BEFORE_ACTUAL_POS] --(BEFORE)--> [EVENT_BEFORE_ACTUAL_POS] | [EVENT_BEFORE_ACTUAL_POS] --(BEFORE)--> [EVENT_BEFORE_ACTUAL_POS],"""intervention"" --(CONTAINS)--> ""mobilisation"" | ""mobilisation"" --(BEFORE)--> ""suites"" | ""suites"" --(BEFORE)--> ""transférée"" | ""transférée"" --(BEFORE)--> ""regagné"" | ""regagné"" --(BEFORE)--> ""recul"""
22,48,FR100806,[EVENT_BEFORE_ACTUAL_POS] --(CONTAINS)--> [EVENT_BEFORE_ACTUAL_POS] | [EVENT_BEFORE_ACTUAL_POS] --(BEFORE)--> [EVENT_BEFORE_ACTUAL_POS] | [EVENT_BEFORE_ACTUAL_POS] --(BEFORE)--> [EVENT_BEFORE_ACTUAL_POS] | [EVENT_BEFORE_ACTUAL_POS] --(BEFORE)--> [EVENT_BEFORE_ACTUAL_POS] | [EVENT_BEFORE_ACTUAL_POS] --(BEFORE)--> [EVENT_BEFORE_ACTUAL_POS],"""TP"" --(CONTAINS)--> ""biologie"" | ""biologie"" --(BEFORE)--> ""tomodensitométrie"" | ""tomodensitométrie"" --(BEFORE)--> ""prise"" | ""prise"" --(BEFORE)--> ""examen"" | ""examen"" --(BEFORE)--> ""suites"""
22,48,FR100826,[EVENT_BEFORE_ACTUAL_POS] --(CONTAINS)--> [EVENT_BEFORE_ACTUAL_POS] | [EVENT_BEFORE_ACTUAL_POS] --(BEFORE)--> [EVENT_BEFORE_ACTUAL_POS] | [EVENT_BEFORE_ACTUAL_POS] --(BEFORE)--> [EVENT_BEFORE_ACTUAL_POS] | [EVENT_BEFORE_ACTUAL_POS] --(BEFORE)--> [EVENT_BEFORE_ACTUAL_POS] | [EVENT_BEFORE_ACTUAL_POS] --(BEFORE)--> [EVENT_BEFORE_ACTUAL_POS],"""draine"" --(CONTAINS)--> ""bilan"" | ""bilan"" --(BEFORE)--> ""bilan"" | ""bilan"" --(BEFORE)--> ""retenue"" | ""retenue"" --(BEFORE)--> ""exploration"" | ""exploration"" --(BEFORE)--> ""suites"""
22,48,FR100845,[EVENT_BEFORE_ACTUAL_POS] --(CONTAINS)--> [EVENT_BEFORE_ACTUAL_POS] | [EVENT_BEFORE_ACTUAL_POS] --(BEFORE)--> [EVENT_BEFORE_ACTUAL_POS] | [EVENT_BEFORE_ACTUAL_POS] --(BEFORE)--> [EVENT_BEFORE_ACTUAL_POS] | [EVENT_BEFORE_ACTUAL_POS] --(BEFORE)--> [EVENT_BEFORE_ACTUAL_POS] | [EVENT_BEFORE_ACTUAL_POS] --(BEFORE)--> [EVENT_BEFORE_ACTUAL_POS],"""eupnéique"" --(CONTAINS)--> ""examen"" | ""examen"" --(BEFORE)--> ""examen"" | ""examen"" --(BEFORE)--> ""échographie"" | ""échographie"" --(BEFORE)--> ""radiographie"" | ""radiographie"" --(BEFORE)--> ""décision"""
22,48,FR100870,[EVENT_BEFORE_ACTUAL_POS] --(CONTAINS)--> [EVENT_BEFORE_ACTUAL_POS] | [EVENT_BEFORE_ACTUAL_POS] --(BEFORE)--> [EVENT_BEFORE_ACTUAL_POS] | [EVENT_BEFORE_ACTUAL_POS] --(BEFORE)--> [EVENT_BEFORE_ACTUAL_POS] | [EVENT_BEFORE_ACTUAL_POS] --(BEFORE)--> [EVENT_BEFORE_ACTUAL_POS] | [EVENT_BEFORE_ACTUAL_POS] --(BEFORE)--> [EVENT_BEFORE_ACTUAL_POS],"""apparition"" --(CONTAINS)--> ""retenu"" | ""retenu"" --(BEFORE)--> ""radiothérapie"" | ""radiothérapie"" --(BEFORE)--> ""admis"" | ""admis"" --(BEFORE)--> ""imagerie"" | ""imagerie"" --(BEFORE)--> ""hémogramme"""
22,48,FR100874,[EVENT_BEFORE_ACTUAL_POS] --(CONTAINS)--> [EVENT_BEFORE_ACTUAL_POS] | [EVENT_BEFORE_ACTUAL_POS] --(BEFORE)--> [EVENT_BEFORE_ACTUAL_POS] | [EVENT_BEFORE_ACTUAL_POS] --(BEFORE)--> [EVENT_BEFORE_ACTUAL_POS] | [EVENT_BEFORE_ACTUAL_POS] --(BEFORE)--> [EVENT_BEFORE_ACTUAL_POS] | [EVENT_BEFORE_ACTUAL_POS] --(BEFORE)--> [EVENT_BEFORE_ACTUAL_POS],"""protéine"" --(CONTAINS)--> ""hémogramme"" | ""hémogramme"" --(BEFORE)--> ""fibroscopie"" | ""fibroscopie"" --(BEFORE)--> ""transit"" | ""transit"" --(BEFORE)--> ""tomodensitométrie"" | ""tomodensitométrie"" --(BEFORE)--> ""retenu"""
22,48,FR100882,[EVENT_BEFORE_ACTUAL_POS] --(CONTAINS)--> [EVENT_BEFORE_ACTUAL_POS] | [EVENT_BEFORE_ACTUAL_POS] --(BEFORE)--> [EVENT_BEFORE_ACTUAL_POS] | [EVENT_BEFORE_ACTUAL_POS] --(BEFORE)--> [EVENT_BEFORE_ACTUAL_POS] | [EVENT_BEFORE_ACTUAL_POS] --(BEFORE)--> [EVENT_BEFORE_ACTUAL_POS] | [EVENT_BEFORE_ACTUAL_POS] --(BEFORE)--> [EVENT_BEFORE_ACTUAL_POS],"""signe"" --(CONTAINS)--> ""examen"" | ""examen"" --(BEFORE)--> ""examen"" | ""examen"" --(BEFORE)--> ""examen"" | ""examen"" --(BEFORE)--> ""conclu"" | ""conclu"" --(BEFORE)--> ""IRM"""
22,48,FR100903,[EVENT_BEFORE_ACTUAL_POS] --(CONTAINS)--> [EVENT_BEFORE_ACTUAL_POS] | [EVENT_BEFORE_ACTUAL_POS] --(BEFORE)--> [EVENT_BEFORE_ACTUAL_POS] | [EVENT_BEFORE_ACTUAL_POS] --(BEFORE)--> [EVENT_BEFORE_ACTUAL_POS] | [EVENT_BEFORE_ACTUAL_POS] --(BEFORE)--> [EVENT_BEFORE_ACTUAL_POS] | [EVENT_BEFORE_ACTUAL_POS] --(BEFORE)--> [EVENT_BEFORE_ACTUAL_POS],"""syndrome"" --(CONTAINS)--> ""IRM"" | ""IRM"" --(BEFORE)--> ""diagnostic"" | ""diagnostic"" --(BEFORE)--> ""écarté"" | ""écarté"" --(BEFORE)--> ""contrôles"" | ""contrôles"" --(BEFORE)--> ""accouchement"""
22,48,FR100946,[EVENT_BEFORE_ACTUAL_POS] --(CONTAINS)--> [EVENT_BEFORE_ACTUAL_POS] | [EVENT_BEFORE_ACTUAL_POS] --(BEFORE)--> [EVENT_BEFORE_ACTUAL_POS] | [EVENT_BEFORE_ACTUAL_POS] --(BEFORE)--> [EVENT_BEFORE_ACTUAL_POS] | [EVENT_BEFORE_ACTUAL_POS] --(BEFORE)--> [EVENT_BEFORE_ACTUAL_POS] | [EVENT_BEFORE_ACTUAL_POS] --(BEFORE)--> [EVENT_BEFORE_ACTUAL_POS],"""marche"" --(CONTAINS)--> ""examen"" | ""examen"" --(BEFORE)--> ""IRM"" | ""IRM"" --(BEFORE)--> ""analyse"" | ""analyse"" --(BEFORE)--> ""mise"" | ""mise"" --(BEFORE)--> ""exérèse"""
22,48,FR100996,[EVENT_BEFORE_ACTUAL_POS] --(CONTAINS)--> [EVENT_BEFORE_ACTUAL_POS] | [EVENT_BEFORE_ACTUAL_POS] --(BEFORE)--> [EVENT_BEFORE_ACTUAL_POS] | [EVENT_BEFORE_ACTUAL_POS] --(BEFORE)--> [EVENT_BEFORE_ACTUAL_POS] | [EVENT_BEFORE_ACTUAL_POS] --(BEFORE)--> [EVENT_BEFORE_ACTUAL_POS] | [EVENT_BEFORE_ACTUAL_POS] --(BEFORE)--> [EVENT_BEFORE_ACTUAL_POS],"""masse"" --(CONTAINS)--> ""examen"" | ""examen"" --(BEFORE)--> ""tomodensitométrie"" | ""tomodensitométrie"" --(BEFORE)--> ""injection"" | ""injection"" --(BEFORE)--> ""retenu"" | ""retenu"" --(BEFORE)--> ""chirurgical"""
212,48,FR100003,[EVENT_BEFORE_ACTUAL_POS] --(BEFORE)--> [EVENT_BEFORE_ACTUAL_POS] | [EVENT_BEFORE_ACTUAL_POS] --(OVERLAP)--> [EVENT_BEFORE_ACTUAL_POS],"""drainage"" --(BEFORE)--> ""traitement"" | ""traitement"" --(OVERLAP)--> ""culture"""
212,48,FR100078,[EVENT_BEFORE_ACTUAL_POS] --(BEFORE)--> [EVENT_BEFORE_ACTUAL_POS] | [EVENT_BEFORE_ACTUAL_POS] --(OVERLAP)--> [EVENT_BEFORE_ACTUAL_POS],"""diagnostic"" --(BEFORE)--> ""traitements"" | ""traitements"" --(OVERLAP)--> ""reprise"""
212,48,FR100120,[EVENT_BEFORE_ACTUAL_POS] --(BEFORE)--> [EVENT_BEFORE_ACTUAL_POS] | [EVENT_BEFORE_ACTUAL_POS] --(OVERLAP)--> [EVENT_BEFORE_ACTUAL_POS],"""reste"" --(BEFORE)--> ""traitement"" | ""traitement"" --(OVERLAP)--> ""rattaché"""
212,48,FR100130,[EVENT_BEFORE_ACTUAL_POS] --(BEFORE)--> [EVENT_BEFORE_ACTUAL_POS] | [EVENT_BEFORE_ACTUAL_POS] --(OVERLAP)--> [EVENT_BEFORE_ACTUAL_POS],"""administrées"" --(BEFORE)--> ""reçu"" | ""reçu"" --(OVERLAP)--> ""disparition"""
212,48,FR100132,[EVENT_BEFORE_ACTUAL_POS] --(BEFORE)--> [EVENT_BEFORE_ACTUAL_POS] | [EVENT_BEFORE_ACTUAL_POS] --(OVERLAP)--> [EVENT_BEFORE_ACTUAL_POS],"""écho-Doppler"" --(BEFORE)--> ""reçu"" | ""reçu"" --(OVERLAP)--> ""psychothérapie"""
212,48,FR100142,[EVENT_BEFORE_ACTUAL_POS] --(BEFORE)--> [EVENT_BEFORE_ACTUAL_POS] | [EVENT_BEFORE_ACTUAL_POS] --(OVERLAP)--> [EVENT_BEFORE_ACTUAL_POS],"""sérologie"" --(BEFORE)--> ""évolution"" | ""évolution"" --(OVERLAP)--> ""altération"""
212,48,FR100161,[EVENT_BEFORE_ACTUAL_POS] --(BEFORE)--> [EVENT_BEFORE_ACTUAL_POS] | [EVENT_BEFORE_ACTUAL_POS] --(OVERLAP)--> [EVENT_BEFORE_ACTUAL_POS],"""interrogatoire"" --(BEFORE)--> ""examen"" | ""examen"" --(OVERLAP)--> ""TA"""
212,48,FR100168,[EVENT_BEFORE_ACTUAL_POS] --(BEFORE)--> [EVENT_BEFORE_ACTUAL_POS] | [EVENT_BEFORE_ACTUAL_POS] --(OVERLAP)--> [EVENT_BEFORE_ACTUAL_POS],"""tests"" --(BEFORE)--> ""entretien"" | ""entretien"" --(OVERLAP)--> ""habitude"""
212,48,FR100255,[EVENT_BEFORE_ACTUAL_POS] --(BEFORE)--> [EVENT_BEFORE_ACTUAL_POS] | [EVENT_BEFORE_ACTUAL_POS] --(OVERLAP)--> [EVENT_BEFORE_ACTUAL_POS],"""admission"" --(BEFORE)--> ""expulsé"" | ""expulsé"" --(OVERLAP)--> ""poids"""
212,48,FR100275,[EVENT_BEFORE_ACTUAL_POS] --(BEFORE)--> [EVENT_BEFORE_ACTUAL_POS] | [EVENT_BEFORE_ACTUAL_POS] --(OVERLAP)--> [EVENT_BEFORE_ACTUAL_POS],"""établi"" --(BEFORE)--> ""manœuvres"" | ""manœuvres"" --(OVERLAP)--> ""permettent"""
212,48,FR100276,[EVENT_BEFORE_ACTUAL_POS] --(BEFORE)--> [EVENT_BEFORE_ACTUAL_POS] | [EVENT_BEFORE_ACTUAL_POS] --(OVERLAP)--> [EVENT_BEFORE_ACTUAL_POS],"""arrêt"" --(BEFORE)--> ""menée"" | ""menée"" --(OVERLAP)--> ""accouchement"""
212,48,FR100314,[EVENT_BEFORE_ACTUAL_POS] --(BEFORE)--> [EVENT_BEFORE_ACTUAL_POS] | [EVENT_BEFORE_ACTUAL_POS] --(OVERLAP)--> [EVENT_BEFORE_ACTUAL_POS],"""bilan"" --(BEFORE)--> ""drainage"" | ""drainage"" --(OVERLAP)--> ""analgésie"""
212,48,FR100344,[EVENT_BEFORE_ACTUAL_POS] --(BEFORE)--> [EVENT_BEFORE_ACTUAL_POS] | [EVENT_BEFORE_ACTUAL_POS] --(OVERLAP)--> [EVENT_BEFORE_ACTUAL_POS],"""laissé"" --(BEFORE)--> ""délivrance"" | ""délivrance"" --(OVERLAP)--> ""transférés"""
212,48,FR100346,[EVENT_BEFORE_ACTUAL_POS] --(BEFORE)--> [EVENT_BEFORE_ACTUAL_POS] | [EVENT_BEFORE_ACTUAL_POS] --(OVERLAP)--> [EVENT_BEFORE_ACTUAL_POS],"""héparinothérapie"" --(BEFORE)--> ""anti-vitamine"" | ""anti-vitamine"" --(OVERLAP)--> ""antibiothérapie"""
212,48,FR100360,[EVENT_BEFORE_ACTUAL_POS] --(BEFORE)--> [EVENT_BEFORE_ACTUAL_POS] | [EVENT_BEFORE_ACTUAL_POS] --(OVERLAP)--> [EVENT_BEFORE_ACTUAL_POS],"""radiothérapie"" --(BEFORE)--> ""cures"" | ""cures"" --(OVERLAP)--> ""tolérance"""
212,48,FR100361,[EVENT_BEFORE_ACTUAL_POS] --(BEFORE)--> [EVENT_BEFORE_ACTUAL_POS] | [EVENT_BEFORE_ACTUAL_POS] --(OVERLAP)--> [EVENT_BEFORE_ACTUAL_POS],"""prolactinémie"" --(BEFORE)--> ""améliorée"" | ""améliorée"" --(OVERLAP)--> ""opérée"""
212,48,FR100400,[EVENT_BEFORE_ACTUAL_POS] --(BEFORE)--> [EVENT_BEFORE_ACTUAL_POS] | [EVENT_BEFORE_ACTUAL_POS] --(OVERLAP)--> [EVENT_BEFORE_ACTUAL_POS],"""résection"" --(BEFORE)--> ""suites"" | ""suites"" --(OVERLAP)--> ""étude"""
212,48,FR100439,[EVENT_BEFORE_ACTUAL_POS] --(BEFORE)--> [EVENT_BEFORE_ACTUAL_POS] | [EVENT_BEFORE_ACTUAL_POS] --(OVERLAP)--> [EVENT_BEFORE_ACTUAL_POS],"""nasofibroscopie"" --(BEFORE)--> ""contrôles"" | ""contrôles"" --(OVERLAP)--> ""recul"""
212,48,FR100453,[EVENT_BEFORE_ACTUAL_POS] --(BEFORE)--> [EVENT_BEFORE_ACTUAL_POS] | [EVENT_BEFORE_ACTUAL_POS] --(OVERLAP)--> [EVENT_BEFORE_ACTUAL_POS],"""porté"" --(BEFORE)--> ""hospitalisé"" | ""hospitalisé"" --(OVERLAP)--> ""évolution"""
212,48,FR100517,[EVENT_BEFORE_ACTUAL_POS] --(BEFORE)--> [EVENT_BEFORE_ACTUAL_POS] | [EVENT_BEFORE_ACTUAL_POS] --(OVERLAP)--> [EVENT_BEFORE_ACTUAL_POS],"""bilan"" --(BEFORE)--> ""mise"" | ""mise"" --(OVERLAP)--> ""faible"""
212,48,FR100519,[EVENT_BEFORE_ACTUAL_POS] --(BEFORE)--> [EVENT_BEFORE_ACTUAL_POS] | [EVENT_BEFORE_ACTUAL_POS] --(OVERLAP)--> [EVENT_BEFORE_ACTUAL_POS],"""retenue"" --(BEFORE)--> ""poursuivie"" | ""poursuivie"" --(OVERLAP)--> ""Fluindione"""
212,48,FR100589,[EVENT_BEFORE_ACTUAL_POS] --(BEFORE)--> [EVENT_BEFORE_ACTUAL_POS] | [EVENT_BEFORE_ACTUAL_POS] --(OVERLAP)--> [EVENT_BEFORE_ACTUAL_POS],"""diagnostic"" --(BEFORE)--> ""corticothérapie"" | ""corticothérapie"" --(OVERLAP)--> ""amélioration"""
212,48,FR100597,[EVENT_BEFORE_ACTUAL_POS] --(BEFORE)--> [EVENT_BEFORE_ACTUAL_POS] | [EVENT_BEFORE_ACTUAL_POS] --(OVERLAP)--> [EVENT_BEFORE_ACTUAL_POS],"""laparotomie"" --(BEFORE)--> ""hystérectomie"" | ""hystérectomie"" --(OVERLAP)--> ""examen"""
212,48,FR100603,[EVENT_BEFORE_ACTUAL_POS] --(BEFORE)--> [EVENT_BEFORE_ACTUAL_POS] | [EVENT_BEFORE_ACTUAL_POS] --(OVERLAP)--> [EVENT_BEFORE_ACTUAL_POS],"""chirurgie"" --(BEFORE)--> ""hémocultures"" | ""hémocultures"" --(OVERLAP)--> ""culture"""
212,48,FR100611,[EVENT_BEFORE_ACTUAL_POS] --(BEFORE)--> [EVENT_BEFORE_ACTUAL_POS] | [EVENT_BEFORE_ACTUAL_POS] --(OVERLAP)--> [EVENT_BEFORE_ACTUAL_POS],"""hémogramme"" --(BEFORE)--> ""ionogramme"" | ""ionogramme"" --(OVERLAP)--> ""reste"""
212,48,FR100620,[EVENT_BEFORE_ACTUAL_POS] --(BEFORE)--> [EVENT_BEFORE_ACTUAL_POS] | [EVENT_BEFORE_ACTUAL_POS] --(OVERLAP)--> [EVENT_BEFORE_ACTUAL_POS],"""biopsie"" --(BEFORE)--> ""prise"" | ""prise"" --(OVERLAP)--> ""sevrage"""
212,48,FR100623,[EVENT_BEFORE_ACTUAL_POS] --(BEFORE)--> [EVENT_BEFORE_ACTUAL_POS] | [EVENT_BEFORE_ACTUAL_POS] --(OVERLAP)--> [EVENT_BEFORE_ACTUAL_POS],"""prise"" --(BEFORE)--> ""analyse"" | ""analyse"" --(OVERLAP)--> ""diagnostic"""
212,48,FR100629,[EVENT_BEFORE_ACTUAL_POS] --(BEFORE)--> [EVENT_BEFORE_ACTUAL_POS] | [EVENT_BEFORE_ACTUAL_POS] --(OVERLAP)--> [EVENT_BEFORE_ACTUAL_POS],"""décision"" --(BEFORE)--> ""évolution"" | ""évolution"" --(OVERLAP)--> ""chimiothérapie"""
212,48,FR100632,[EVENT_BEFORE_ACTUAL_POS] --(BEFORE)--> [EVENT_BEFORE_ACTUAL_POS] | [EVENT_BEFORE_ACTUAL_POS] --(OVERLAP)--> [EVENT_BEFORE_ACTUAL_POS],"""diagnostic"" --(BEFORE)--> ""mis"" | ""mis"" --(OVERLAP)--> ""traitement"""
212,48,FR100658,[EVENT_BEFORE_ACTUAL_POS] --(BEFORE)--> [EVENT_BEFORE_ACTUAL_POS] | [EVENT_BEFORE_ACTUAL_POS] --(OVERLAP)--> [EVENT_BEFORE_ACTUAL_POS],"""noté"" --(BEFORE)--> ""fin"" | ""fin"" --(OVERLAP)--> ""geste"""
212,48,FR100663,[EVENT_BEFORE_ACTUAL_POS] --(BEFORE)--> [EVENT_BEFORE_ACTUAL_POS] | [EVENT_BEFORE_ACTUAL_POS] --(OVERLAP)--> [EVENT_BEFORE_ACTUAL_POS],"""administration"" --(BEFORE)--> ""contrôle"" | ""contrôle"" --(OVERLAP)--> ""stable"""
212,48,FR100666,[EVENT_BEFORE_ACTUAL_POS] --(BEFORE)--> [EVENT_BEFORE_ACTUAL_POS] | [EVENT_BEFORE_ACTUAL_POS] --(OVERLAP)--> [EVENT_BEFORE_ACTUAL_POS],"""étude"" --(BEFORE)--> ""adressé"" | ""adressé"" --(OVERLAP)--> ""prise"""
212,48,FR100683,[EVENT_BEFORE_ACTUAL_POS] --(BEFORE)--> [EVENT_BEFORE_ACTUAL_POS] | [EVENT_BEFORE_ACTUAL_POS] --(OVERLAP)--> [EVENT_BEFORE_ACTUAL_POS],"""osteodensitométrie"" --(BEFORE)--> ""traitée"" | ""traitée"" --(OVERLAP)--> ""évolution"""
212,48,FR100697,[EVENT_BEFORE_ACTUAL_POS] --(BEFORE)--> [EVENT_BEFORE_ACTUAL_POS] | [EVENT_BEFORE_ACTUAL_POS] --(OVERLAP)--> [EVENT_BEFORE_ACTUAL_POS],"""examen"" --(BEFORE)--> ""immunomarquage"" | ""immunomarquage"" --(OVERLAP)--> ""tout"""
212,48,FR100708,[EVENT_BEFORE_ACTUAL_POS] --(BEFORE)--> [EVENT_BEFORE_ACTUAL_POS] | [EVENT_BEFORE_ACTUAL_POS] --(OVERLAP)--> [EVENT_BEFORE_ACTUAL_POS],"""ponction"" --(BEFORE)--> ""redémarré"" | ""redémarré"" --(OVERLAP)--> ""évolution"""
212,48,FR100717,[EVENT_BEFORE_ACTUAL_POS] --(BEFORE)--> [EVENT_BEFORE_ACTUAL_POS] | [EVENT_BEFORE_ACTUAL_POS] --(OVERLAP)--> [EVENT_BEFORE_ACTUAL_POS],"""exploration"" --(BEFORE)--> ""suites"" | ""suites"" --(OVERLAP)--> ""évolution"""
212,48,FR100748,[EVENT_BEFORE_ACTUAL_POS] --(BEFORE)--> [EVENT_BEFORE_ACTUAL_POS] | [EVENT_BEFORE_ACTUAL_POS] --(OVERLAP)--> [EVENT_BEFORE_ACTUAL_POS],"""chiffres"" --(BEFORE)--> ""Nicardipine"" | ""Nicardipine"" --(OVERLAP)--> ""préparation"""
212,48,FR100766,[EVENT_BEFORE_ACTUAL_POS] --(BEFORE)--> [EVENT_BEFORE_ACTUAL_POS] | [EVENT_BEFORE_ACTUAL_POS] --(OVERLAP)--> [EVENT_BEFORE_ACTUAL_POS],"""amputation"" --(BEFORE)--> ""état"" | ""état"" --(OVERLAP)--> ""évolution"""
212,48,FR100780,[EVENT_BEFORE_ACTUAL_POS] --(BEFORE)--> [EVENT_BEFORE_ACTUAL_POS] | [EVENT_BEFORE_ACTUAL_POS] --(OVERLAP)--> [EVENT_BEFORE_ACTUAL_POS],"""admise"" --(BEFORE)--> ""examen"" | ""examen"" --(OVERLAP)--> ""obstétrical"""
212,48,FR100806,[EVENT_BEFORE_ACTUAL_POS] --(BEFORE)--> [EVENT_BEFORE_ACTUAL_POS] | [EVENT_BEFORE_ACTUAL_POS] --(OVERLAP)--> [EVENT_BEFORE_ACTUAL_POS],"""examen"" --(BEFORE)--> ""suites"" | ""suites"" --(OVERLAP)--> ""poursuivies"""
212,48,FR100826,[EVENT_BEFORE_ACTUAL_POS] --(BEFORE)--> [EVENT_BEFORE_ACTUAL_POS] | [EVENT_BEFORE_ACTUAL_POS] --(OVERLAP)--> [EVENT_BEFORE_ACTUAL_POS],"""bilan"" --(BEFORE)--> ""retenue"" | ""retenue"" --(OVERLAP)--> ""indication"""
212,48,FR100845,[EVENT_BEFORE_ACTUAL_POS] --(BEFORE)--> [EVENT_BEFORE_ACTUAL_POS] | [EVENT_BEFORE_ACTUAL_POS] --(OVERLAP)--> [EVENT_BEFORE_ACTUAL_POS],"""intubée"" --(BEFORE)--> ""ventilées"" | ""ventilées"" --(OVERLAP)--> ""échec"""
212,48,FR100849,[EVENT_BEFORE_ACTUAL_POS] --(BEFORE)--> [EVENT_BEFORE_ACTUAL_POS] | [EVENT_BEFORE_ACTUAL_POS] --(OVERLAP)--> [EVENT_BEFORE_ACTUAL_POS],"""acheminé"" --(BEFORE)--> ""découverte"" | ""découverte"" --(OVERLAP)--> ""geste"""
212,48,FR100870,[EVENT_BEFORE_ACTUAL_POS] --(BEFORE)--> [EVENT_BEFORE_ACTUAL_POS] | [EVENT_BEFORE_ACTUAL_POS] --(OVERLAP)--> [EVENT_BEFORE_ACTUAL_POS],"""dosage"" --(BEFORE)--> ""dosage"" | ""dosage"" --(OVERLAP)--> ""rapport"""
212,48,FR100874,[EVENT_BEFORE_ACTUAL_POS] --(BEFORE)--> [EVENT_BEFORE_ACTUAL_POS] | [EVENT_BEFORE_ACTUAL_POS] --(OVERLAP)--> [EVENT_BEFORE_ACTUAL_POS],"""retenu"" --(BEFORE)--> ""mise"" | ""mise"" --(OVERLAP)--> ""transfusions"""
212,48,FR100882,[EVENT_BEFORE_ACTUAL_POS] --(BEFORE)--> [EVENT_BEFORE_ACTUAL_POS] | [EVENT_BEFORE_ACTUAL_POS] --(OVERLAP)--> [EVENT_BEFORE_ACTUAL_POS],"""sclérothérapie"" --(BEFORE)--> ""évolution"" | ""évolution"" --(OVERLAP)--> ""favorable"""
212,48,FR100894,[EVENT_BEFORE_ACTUAL_POS] --(BEFORE)--> [EVENT_BEFORE_ACTUAL_POS] | [EVENT_BEFORE_ACTUAL_POS] --(OVERLAP)--> [EVENT_BEFORE_ACTUAL_POS],"""IRM"" --(BEFORE)--> ""appuyés"" | ""appuyés"" --(OVERLAP)--> ""éliminer"""
212,48,FR100932,[EVENT_BEFORE_ACTUAL_POS] --(BEFORE)--> [EVENT_BEFORE_ACTUAL_POS] | [EVENT_BEFORE_ACTUAL_POS] --(OVERLAP)--> [EVENT_BEFORE_ACTUAL_POS],"""mise"" --(BEFORE)--> ""opérée"" | ""opérée"" --(OVERLAP)--> ""drainage"""
89,46,FR100003,[EVENT_BEFORE_ACTUAL_POS] --(CONTAINS)--> [EVENT_BEFORE_ACTUAL_POS] | [EVENT_BEFORE_ACTUAL_POS] --(BEFORE)--> [EVENT_BEFORE_ACTUAL_POS] | [EVENT_BEFORE_ACTUAL_POS] --(BEFORE)--> [EVENT_BEFORE_ACTUAL_POS],"""ponction"" --(CONTAINS)--> ""ramené"" | ""ponction"" --(BEFORE)--> ""examen"" | ""examen"" --(BEFORE)--> ""examen"""
89,46,FR100092,[EVENT_BEFORE_ACTUAL_POS] --(CONTAINS)--> [EVENT_BEFORE_ACTUAL_POS] | [EVENT_BEFORE_ACTUAL_POS] --(BEFORE)--> [EVENT_BEFORE_ACTUAL_POS] | [EVENT_BEFORE_ACTUAL_POS] --(BEFORE)--> [EVENT_BEFORE_ACTUAL_POS],"""examen"" --(CONTAINS)--> ""fréquence"" | ""examen"" --(BEFORE)--> ""examen"" | ""examen"" --(BEFORE)--> ""examen"""
89,46,FR100130,[EVENT_BEFORE_ACTUAL_POS] --(CONTAINS)--> [EVENT_BEFORE_ACTUAL_POS] | [EVENT_BEFORE_ACTUAL_POS] --(BEFORE)--> [EVENT_BEFORE_ACTUAL_POS] | [EVENT_BEFORE_ACTUAL_POS] --(BEFORE)--> [EVENT_BEFORE_ACTUAL_POS],"""examen"" --(CONTAINS)--> ""notait"" | ""examen"" --(BEFORE)--> ""biologie"" | ""biologie"" --(BEFORE)--> ""glycémie"""
89,46,FR100132,[EVENT_BEFORE_ACTUAL_POS] --(CONTAINS)--> [EVENT_BEFORE_ACTUAL_POS] | [EVENT_BEFORE_ACTUAL_POS] --(BEFORE)--> [EVENT_BEFORE_ACTUAL_POS] | [EVENT_BEFORE_ACTUAL_POS] --(BEFORE)--> [EVENT_BEFORE_ACTUAL_POS],"""examen"" --(CONTAINS)--> ""angiographie"" | ""examen"" --(BEFORE)--> ""écho-Doppler"" | ""écho-Doppler"" --(BEFORE)--> ""reçu"""
89,46,FR100161,[EVENT_BEFORE_ACTUAL_POS] --(CONTAINS)--> [EVENT_BEFORE_ACTUAL_POS] | [EVENT_BEFORE_ACTUAL_POS] --(BEFORE)--> [EVENT_BEFORE_ACTUAL_POS] | [EVENT_BEFORE_ACTUAL_POS] --(BEFORE)--> [EVENT_BEFORE_ACTUAL_POS],"""examens"" --(CONTAINS)--> ""Acti tests"" | ""examens"" --(BEFORE)--> ""radiographie"" | ""radiographie"" --(BEFORE)--> ""échographie"""
89,46,FR100168,[EVENT_BEFORE_ACTUAL_POS] --(CONTAINS)--> [EVENT_BEFORE_ACTUAL_POS] | [EVENT_BEFORE_ACTUAL_POS] --(BEFORE)--> [EVENT_BEFORE_ACTUAL_POS] | [EVENT_BEFORE_ACTUAL_POS] --(BEFORE)--> [EVENT_BEFORE_ACTUAL_POS],"""examen"" --(CONTAINS)--> ""affirmé"" | ""examen"" --(BEFORE)--> ""bilan"" | ""bilan"" --(BEFORE)--> ""dissection"""
89,46,FR100255,[EVENT_BEFORE_ACTUAL_POS] --(CONTAINS)--> [EVENT_BEFORE_ACTUAL_POS] | [EVENT_BEFORE_ACTUAL_POS] --(BEFORE)--> [EVENT_BEFORE_ACTUAL_POS] | [EVENT_BEFORE_ACTUAL_POS] --(BEFORE)--> [EVENT_BEFORE_ACTUAL_POS],"""échographie"" --(CONTAINS)--> ""confirmation"" | ""échographie"" --(BEFORE)--> ""mise"" | ""mise"" --(BEFORE)--> ""traitement"""
89,46,FR100275,[EVENT_BEFORE_ACTUAL_POS] --(CONTAINS)--> [EVENT_BEFORE_ACTUAL_POS] | [EVENT_BEFORE_ACTUAL_POS] --(BEFORE)--> [EVENT_BEFORE_ACTUAL_POS] | [EVENT_BEFORE_ACTUAL_POS] --(BEFORE)--> [EVENT_BEFORE_ACTUAL_POS],"""manœuvres"" --(CONTAINS)--> ""massages"" | ""manœuvres"" --(BEFORE)--> ""transféré"" | ""transféré"" --(BEFORE)--> ""anamnèse"""
89,46,FR100276,[EVENT_BEFORE_ACTUAL_POS] --(CONTAINS)--> [EVENT_BEFORE_ACTUAL_POS] | [EVENT_BEFORE_ACTUAL_POS] --(BEFORE)--> [EVENT_BEFORE_ACTUAL_POS] | [EVENT_BEFORE_ACTUAL_POS] --(BEFORE)--> [EVENT_BEFORE_ACTUAL_POS],"""biopsie"" --(CONTAINS)--> ""examen"" | ""biopsie"" --(BEFORE)--> ""posé"" | ""posé"" --(BEFORE)--> ""application"""
89,46,FR100296,[EVENT_BEFORE_ACTUAL_POS] --(CONTAINS)--> [EVENT_BEFORE_ACTUAL_POS] | [EVENT_BEFORE_ACTUAL_POS] --(BEFORE)--> [EVENT_BEFORE_ACTUAL_POS] | [EVENT_BEFORE_ACTUAL_POS] --(BEFORE)--> [EVENT_BEFORE_ACTUAL_POS],"""fenestration"" --(CONTAINS)--> ""ablation"" | ""fenestration"" --(BEFORE)--> ""suites"" | ""suites"" --(BEFORE)--> ""exéaté"""
89,46,FR100344,[EVENT_BEFORE_ACTUAL_POS] --(CONTAINS)--> [EVENT_BEFORE_ACTUAL_POS] | [EVENT_BEFORE_ACTUAL_POS] --(BEFORE)--> [EVENT_BEFORE_ACTUAL_POS] | [EVENT_BEFORE_ACTUAL_POS] --(BEFORE)--> [EVENT_BEFORE_ACTUAL_POS],"""bilan"" --(CONTAINS)--> ""échographie"" | ""bilan"" --(BEFORE)--> ""contrôle"" | ""contrôle"" --(BEFORE)--> ""échographies"""
89,46,FR100346,[EVENT_BEFORE_ACTUAL_POS] --(CONTAINS)--> [EVENT_BEFORE_ACTUAL_POS] | [EVENT_BEFORE_ACTUAL_POS] --(BEFORE)--> [EVENT_BEFORE_ACTUAL_POS] | [EVENT_BEFORE_ACTUAL_POS] --(BEFORE)--> [EVENT_BEFORE_ACTUAL_POS],"""examen"" --(CONTAINS)--> ""reste"" | ""examen"" --(BEFORE)--> ""gazométrie"" | ""gazométrie"" --(BEFORE)--> ""reste"""
89,46,FR100360,[EVENT_BEFORE_ACTUAL_POS] --(CONTAINS)--> [EVENT_BEFORE_ACTUAL_POS] | [EVENT_BEFORE_ACTUAL_POS] --(BEFORE)--> [EVENT_BEFORE_ACTUAL_POS] | [EVENT_BEFORE_ACTUAL_POS] --(BEFORE)--> [EVENT_BEFORE_ACTUAL_POS],"""colpohystérectomie"" --(CONTAINS)--> ""annexectomie"" | ""colpohystérectomie"" --(BEFORE)--> ""examen"" | ""examen"" --(BEFORE)--> ""curage"""
89,46,FR100361,[EVENT_BEFORE_ACTUAL_POS] --(CONTAINS)--> [EVENT_BEFORE_ACTUAL_POS] | [EVENT_BEFORE_ACTUAL_POS] --(BEFORE)--> [EVENT_BEFORE_ACTUAL_POS] | [EVENT_BEFORE_ACTUAL_POS] --(BEFORE)--> [EVENT_BEFORE_ACTUAL_POS],"""examen"" --(CONTAINS)--> ""mobilisait"" | ""examen"" --(BEFORE)--> ""TDM"" | ""TDM"" --(BEFORE)--> ""ponction"""
89,46,FR100371,[EVENT_BEFORE_ACTUAL_POS] --(CONTAINS)--> [EVENT_BEFORE_ACTUAL_POS] | [EVENT_BEFORE_ACTUAL_POS] --(BEFORE)--> [EVENT_BEFORE_ACTUAL_POS] | [EVENT_BEFORE_ACTUAL_POS] --(BEFORE)--> [EVENT_BEFORE_ACTUAL_POS],"""suite"" --(CONTAINS)--> ""tension"" | ""suite"" --(BEFORE)--> ""sortie"" | ""sortie"" --(BEFORE)--> ""perdue"""
89,46,FR100400,[EVENT_BEFORE_ACTUAL_POS] --(CONTAINS)--> [EVENT_BEFORE_ACTUAL_POS] | [EVENT_BEFORE_ACTUAL_POS] --(BEFORE)--> [EVENT_BEFORE_ACTUAL_POS] | [EVENT_BEFORE_ACTUAL_POS] --(BEFORE)--> [EVENT_BEFORE_ACTUAL_POS],"""histoire"" --(CONTAINS)--> ""douleurs"" | ""histoire"" --(BEFORE)--> ""examen"" | ""examen"" --(BEFORE)--> ""bilan"""
89,46,FR100448,[EVENT_BEFORE_ACTUAL_POS] --(CONTAINS)--> [EVENT_BEFORE_ACTUAL_POS] | [EVENT_BEFORE_ACTUAL_POS] --(BEFORE)--> [EVENT_BEFORE_ACTUAL_POS] | [EVENT_BEFORE_ACTUAL_POS] --(BEFORE)--> [EVENT_BEFORE_ACTUAL_POS],"""examen"" --(CONTAINS)--> ""reste"" | ""examen"" --(BEFORE)--> ""échotomographie"" | ""échotomographie"" --(BEFORE)--> ""hémi thyroïdectomie"""
89,46,FR100515,[EVENT_BEFORE_ACTUAL_POS] --(CONTAINS)--> [EVENT_BEFORE_ACTUAL_POS] | [EVENT_BEFORE_ACTUAL_POS] --(BEFORE)--> [EVENT_BEFORE_ACTUAL_POS] | [EVENT_BEFORE_ACTUAL_POS] --(BEFORE)--> [EVENT_BEFORE_ACTUAL_POS],"""bilan"" --(CONTAINS)--> ""scanner"" | ""bilan"" --(BEFORE)--> ""prescrits"" | ""prescrits"" --(BEFORE)--> ""évolution"""
89,46,FR100517,[EVENT_BEFORE_ACTUAL_POS] --(CONTAINS)--> [EVENT_BEFORE_ACTUAL_POS] | [EVENT_BEFORE_ACTUAL_POS] --(BEFORE)--> [EVENT_BEFORE_ACTUAL_POS] | [EVENT_BEFORE_ACTUAL_POS] --(BEFORE)--> [EVENT_BEFORE_ACTUAL_POS],"""bilan"" --(CONTAINS)--> ""fibroscopie"" | ""bilan"" --(BEFORE)--> ""mise"" | ""mise"" --(BEFORE)--> ""auscultation"""
89,46,FR100519,[EVENT_BEFORE_ACTUAL_POS] --(CONTAINS)--> [EVENT_BEFORE_ACTUAL_POS] | [EVENT_BEFORE_ACTUAL_POS] --(BEFORE)--> [EVENT_BEFORE_ACTUAL_POS] | [EVENT_BEFORE_ACTUAL_POS] --(BEFORE)--> [EVENT_BEFORE_ACTUAL_POS],"""bilan"" --(CONTAINS)--> ""ECG"" | ""bilan"" --(BEFORE)--> ""angioscanner"" | ""angioscanner"" --(BEFORE)--> ""échodoppler"""
89,46,FR100589,[EVENT_BEFORE_ACTUAL_POS] --(CONTAINS)--> [EVENT_BEFORE_ACTUAL_POS] | [EVENT_BEFORE_ACTUAL_POS] --(BEFORE)--> [EVENT_BEFORE_ACTUAL_POS] | [EVENT_BEFORE_ACTUAL_POS] --(BEFORE)--> [EVENT_BEFORE_ACTUAL_POS],"""bilan"" --(CONTAINS)--> ""tomodensitométrie"" | ""bilan"" --(BEFORE)--> ""caryotype"" | ""caryotype"" --(BEFORE)--> ""biopsie"""
89,46,FR100597,[EVENT_BEFORE_ACTUAL_POS] --(CONTAINS)--> [EVENT_BEFORE_ACTUAL_POS] | [EVENT_BEFORE_ACTUAL_POS] --(BEFORE)--> [EVENT_BEFORE_ACTUAL_POS] | [EVENT_BEFORE_ACTUAL_POS] --(BEFORE)--> [EVENT_BEFORE_ACTUAL_POS],"""toucher"" --(CONTAINS)--> ""difficile"" | ""toucher"" --(BEFORE)--> ""reste"" | ""reste"" --(BEFORE)--> ""échographie"""
89,46,FR100603,[EVENT_BEFORE_ACTUAL_POS] --(CONTAINS)--> [EVENT_BEFORE_ACTUAL_POS] | [EVENT_BEFORE_ACTUAL_POS] --(BEFORE)--> [EVENT_BEFORE_ACTUAL_POS] | [EVENT_BEFORE_ACTUAL_POS] --(BEFORE)--> [EVENT_BEFORE_ACTUAL_POS],"""chirurgie"" --(CONTAINS)--> ""remplacée"" | ""chirurgie"" --(BEFORE)--> ""hémocultures"" | ""hémocultures"" --(BEFORE)--> ""évolution"""
89,46,FR100611,[EVENT_BEFORE_ACTUAL_POS] --(CONTAINS)--> [EVENT_BEFORE_ACTUAL_POS] | [EVENT_BEFORE_ACTUAL_POS] --(BEFORE)--> [EVENT_BEFORE_ACTUAL_POS] | [EVENT_BEFORE_ACTUAL_POS] --(BEFORE)--> [EVENT_BEFORE_ACTUAL_POS],"""TDM"" --(CONTAINS)--> ""image"" | ""TDM"" --(BEFORE)--> ""biopsie"" | ""biopsie"" --(BEFORE)--> ""recherche"""
89,46,FR100614,[EVENT_BEFORE_ACTUAL_POS] --(CONTAINS)--> [EVENT_BEFORE_ACTUAL_POS] | [EVENT_BEFORE_ACTUAL_POS] --(BEFORE)--> [EVENT_BEFORE_ACTUAL_POS] | [EVENT_BEFORE_ACTUAL_POS] --(BEFORE)--> [EVENT_BEFORE_ACTUAL_POS],"""intervention"" --(CONTAINS)--> ""éviter"" | ""intervention"" --(BEFORE)--> ""résection"" | ""résection"" --(BEFORE)--> ""étude"""
89,46,FR100620,[EVENT_BEFORE_ACTUAL_POS] --(CONTAINS)--> [EVENT_BEFORE_ACTUAL_POS] | [EVENT_BEFORE_ACTUAL_POS] --(BEFORE)--> [EVENT_BEFORE_ACTUAL_POS] | [EVENT_BEFORE_ACTUAL_POS] --(BEFORE)--> [EVENT_BEFORE_ACTUAL_POS],"""bilan"" --(CONTAINS)--> ""TM6M"" | ""bilan"" --(BEFORE)--> ""bilan"" | ""bilan"" --(BEFORE)--> ""bilan"""
89,46,FR100629,[EVENT_BEFORE_ACTUAL_POS] --(CONTAINS)--> [EVENT_BEFORE_ACTUAL_POS] | [EVENT_BEFORE_ACTUAL_POS] --(BEFORE)--> [EVENT_BEFORE_ACTUAL_POS] | [EVENT_BEFORE_ACTUAL_POS] --(BEFORE)--> [EVENT_BEFORE_ACTUAL_POS],"""thoracoscopie"" --(CONTAINS)--> ""biopsie"" | ""thoracoscopie"" --(BEFORE)--> ""marquage"" | ""marquage"" --(BEFORE)--> ""étude"""
89,46,FR100632,[EVENT_BEFORE_ACTUAL_POS] --(CONTAINS)--> [EVENT_BEFORE_ACTUAL_POS] | [EVENT_BEFORE_ACTUAL_POS] --(BEFORE)--> [EVENT_BEFORE_ACTUAL_POS] | [EVENT_BEFORE_ACTUAL_POS] --(BEFORE)--> [EVENT_BEFORE_ACTUAL_POS],"""enquête"" --(CONTAINS)--> ""taux"" | ""enquête"" --(BEFORE)--> ""étude"" | ""étude"" --(BEFORE)--> ""radiographie"""
89,46,FR100658,[EVENT_BEFORE_ACTUAL_POS] --(CONTAINS)--> [EVENT_BEFORE_ACTUAL_POS] | [EVENT_BEFORE_ACTUAL_POS] --(BEFORE)--> [EVENT_BEFORE_ACTUAL_POS] | [EVENT_BEFORE_ACTUAL_POS] --(BEFORE)--> [EVENT_BEFORE_ACTUAL_POS],"""évaluation"" --(CONTAINS)--> ""examen"" | ""évaluation"" --(BEFORE)--> ""auscultation"" | ""auscultation"" --(BEFORE)--> ""examens"""
89,46,FR100666,[EVENT_BEFORE_ACTUAL_POS] --(CONTAINS)--> [EVENT_BEFORE_ACTUAL_POS] | [EVENT_BEFORE_ACTUAL_POS] --(BEFORE)--> [EVENT_BEFORE_ACTUAL_POS] | [EVENT_BEFORE_ACTUAL_POS] --(BEFORE)--> [EVENT_BEFORE_ACTUAL_POS],"""examen"" --(CONTAINS)--> ""palpation"" | ""examen"" --(BEFORE)--> ""examen"" | ""examen"" --(BEFORE)--> ""palpation"""
89,46,FR100689,[EVENT_BEFORE_ACTUAL_POS] --(CONTAINS)--> [EVENT_BEFORE_ACTUAL_POS] | [EVENT_BEFORE_ACTUAL_POS] --(BEFORE)--> [EVENT_BEFORE_ACTUAL_POS] | [EVENT_BEFORE_ACTUAL_POS] --(BEFORE)--> [EVENT_BEFORE_ACTUAL_POS],"""IRM"" --(CONTAINS)--> ""injection"" | ""IRM"" --(BEFORE)--> ""étude"" | ""étude"" --(BEFORE)--> ""examen"""
89,46,FR100748,[EVENT_BEFORE_ACTUAL_POS] --(CONTAINS)--> [EVENT_BEFORE_ACTUAL_POS] | [EVENT_BEFORE_ACTUAL_POS] --(BEFORE)--> [EVENT_BEFORE_ACTUAL_POS] | [EVENT_BEFORE_ACTUAL_POS] --(BEFORE)--> [EVENT_BEFORE_ACTUAL_POS],"""consultation"" --(CONTAINS)--> ""examen"" | ""consultation"" --(BEFORE)--> ""ASA"" | ""ASA"" --(BEFORE)--> ""Nicardipine"""
89,46,FR100780,[EVENT_BEFORE_ACTUAL_POS] --(CONTAINS)--> [EVENT_BEFORE_ACTUAL_POS] | [EVENT_BEFORE_ACTUAL_POS] --(BEFORE)--> [EVENT_BEFORE_ACTUAL_POS] | [EVENT_BEFORE_ACTUAL_POS] --(BEFORE)--> [EVENT_BEFORE_ACTUAL_POS],"""examen"" --(CONTAINS)--> ""température"" | ""examen"" --(BEFORE)--> ""toucher"" | ""toucher"" --(BEFORE)--> ""échographie"""
89,46,FR100806,[EVENT_BEFORE_ACTUAL_POS] --(CONTAINS)--> [EVENT_BEFORE_ACTUAL_POS] | [EVENT_BEFORE_ACTUAL_POS] --(BEFORE)--> [EVENT_BEFORE_ACTUAL_POS] | [EVENT_BEFORE_ACTUAL_POS] --(BEFORE)--> [EVENT_BEFORE_ACTUAL_POS],"""prise"" --(CONTAINS)--> ""splénectomie"" | ""prise"" --(BEFORE)--> ""examen"" | ""examen"" --(BEFORE)--> ""suites"""
89,46,FR100814,[EVENT_BEFORE_ACTUAL_POS] --(CONTAINS)--> [EVENT_BEFORE_ACTUAL_POS] | [EVENT_BEFORE_ACTUAL_POS] --(BEFORE)--> [EVENT_BEFORE_ACTUAL_POS] | [EVENT_BEFORE_ACTUAL_POS] --(BEFORE)--> [EVENT_BEFORE_ACTUAL_POS],"""IRM"" --(CONTAINS)--> ""iso-signal"" | ""IRM"" --(BEFORE)--> ""diagnostic"" | ""diagnostic"" --(BEFORE)--> ""réséquée"""
89,46,FR100826,[EVENT_BEFORE_ACTUAL_POS] --(CONTAINS)--> [EVENT_BEFORE_ACTUAL_POS] | [EVENT_BEFORE_ACTUAL_POS] --(BEFORE)--> [EVENT_BEFORE_ACTUAL_POS] | [EVENT_BEFORE_ACTUAL_POS] --(BEFORE)--> [EVENT_BEFORE_ACTUAL_POS],"""bilan"" --(CONTAINS)--> ""tomodensitométrie"" | ""bilan"" --(BEFORE)--> ""bilan"" | ""bilan"" --(BEFORE)--> ""retenue"""
89,46,FR100845,[EVENT_BEFORE_ACTUAL_POS] --(CONTAINS)--> [EVENT_BEFORE_ACTUAL_POS] | [EVENT_BEFORE_ACTUAL_POS] --(BEFORE)--> [EVENT_BEFORE_ACTUAL_POS] | [EVENT_BEFORE_ACTUAL_POS] --(BEFORE)--> [EVENT_BEFORE_ACTUAL_POS],"""examen"" --(CONTAINS)--> ""toucher"" | ""examen"" --(BEFORE)--> ""échographie"" | ""échographie"" --(BEFORE)--> ""radiographie"""
89,46,FR100849,[EVENT_BEFORE_ACTUAL_POS] --(CONTAINS)--> [EVENT_BEFORE_ACTUAL_POS] | [EVENT_BEFORE_ACTUAL_POS] --(BEFORE)--> [EVENT_BEFORE_ACTUAL_POS] | [EVENT_BEFORE_ACTUAL_POS] --(BEFORE)--> [EVENT_BEFORE_ACTUAL_POS],"""admission"" --(CONTAINS)--> ""examen"" | ""admission"" --(BEFORE)--> ""tomodensitométrie"" | ""tomodensitométrie"" --(BEFORE)--> ""acheminé"""
89,46,FR100870,[EVENT_BEFORE_ACTUAL_POS] --(CONTAINS)--> [EVENT_BEFORE_ACTUAL_POS] | [EVENT_BEFORE_ACTUAL_POS] --(BEFORE)--> [EVENT_BEFORE_ACTUAL_POS] | [EVENT_BEFORE_ACTUAL_POS] --(BEFORE)--> [EVENT_BEFORE_ACTUAL_POS],"""électrophorèse"" --(CONTAINS)--> ""découverte"" | ""électrophorèse"" --(BEFORE)--> ""immunosoustraction"" | ""immunosoustraction"" --(BEFORE)--> ""immunofixation"""
89,46,FR100874,[EVENT_BEFORE_ACTUAL_POS] --(CONTAINS)--> [EVENT_BEFORE_ACTUAL_POS] | [EVENT_BEFORE_ACTUAL_POS] --(BEFORE)--> [EVENT_BEFORE_ACTUAL_POS] | [EVENT_BEFORE_ACTUAL_POS] --(BEFORE)--> [EVENT_BEFORE_ACTUAL_POS],"""admission"" --(CONTAINS)--> ""interrogatoire"" | ""admission"" --(BEFORE)--> ""examen"" | ""examen"" --(BEFORE)--> ""hémogramme"""
89,46,FR100903,[EVENT_BEFORE_ACTUAL_POS] --(CONTAINS)--> [EVENT_BEFORE_ACTUAL_POS] | [EVENT_BEFORE_ACTUAL_POS] --(BEFORE)--> [EVENT_BEFORE_ACTUAL_POS] | [EVENT_BEFORE_ACTUAL_POS] --(BEFORE)--> [EVENT_BEFORE_ACTUAL_POS],"""contrôles"" --(CONTAINS)--> ""biométrie"" | ""contrôles"" --(BEFORE)--> ""accouchement"" | ""accouchement"" --(BEFORE)--> ""décédé"""
89,46,FR100919,[EVENT_BEFORE_ACTUAL_POS] --(CONTAINS)--> [EVENT_BEFORE_ACTUAL_POS] | [EVENT_BEFORE_ACTUAL_POS] --(BEFORE)--> [EVENT_BEFORE_ACTUAL_POS] | [EVENT_BEFORE_ACTUAL_POS] --(BEFORE)--> [EVENT_BEFORE_ACTUAL_POS],"""correction"" --(CONTAINS)--> ""injection"" | ""correction"" --(BEFORE)--> ""adressée"" | ""adressée"" --(BEFORE)--> ""bilan"""
89,46,FR100946,[EVENT_BEFORE_ACTUAL_POS] --(CONTAINS)--> [EVENT_BEFORE_ACTUAL_POS] | [EVENT_BEFORE_ACTUAL_POS] --(BEFORE)--> [EVENT_BEFORE_ACTUAL_POS] | [EVENT_BEFORE_ACTUAL_POS] --(BEFORE)--> [EVENT_BEFORE_ACTUAL_POS],"""IRM"" --(CONTAINS)--> ""prise"" | ""IRM"" --(BEFORE)--> ""analyse"" | ""analyse"" --(BEFORE)--> ""mise"""
89,46,FR100959,[EVENT_BEFORE_ACTUAL_POS] --(CONTAINS)--> [EVENT_BEFORE_ACTUAL_POS] | [EVENT_BEFORE_ACTUAL_POS] --(BEFORE)--> [EVENT_BEFORE_ACTUAL_POS] | [EVENT_BEFORE_ACTUAL_POS] --(BEFORE)--> [EVENT_BEFORE_ACTUAL_POS],"""œsophagoscopie"" --(CONTAINS)--> ""permis"" | ""œsophagoscopie"" --(BEFORE)--> ""Transit"" | ""Transit"" --(BEFORE)--> ""notée"""
89,46,FR100998,[EVENT_BEFORE_ACTUAL_POS] --(CONTAINS)--> [EVENT_BEFORE_ACTUAL_POS] | [EVENT_BEFORE_ACTUAL_POS] --(BEFORE)--> [EVENT_BEFORE_ACTUAL_POS] | [EVENT_BEFORE_ACTUAL_POS] --(BEFORE)--> [EVENT_BEFORE_ACTUAL_POS],"""traitée"" --(CONTAINS)--> ""cures"" | ""traitée"" --(BEFORE)--> ""bilan"" | ""bilan"" --(BEFORE)--> ""démarré"""
198,45,FR100120,[EVENT_BEFORE_ACTUAL_POS] --(BEFORE)--> [EVENT_BEFORE_ACTUAL_POS] | [EVENT_BEFORE_ACTUAL_POS] --(BEFORE)--> [EVENT_BEFORE_ACTUAL_POS] | [EVENT_BEFORE_ACTUAL_POS] --(BEFORE)--> [EVENT_BEFORE_ACTUAL_POS],"""rattaché"" --(BEFORE)--> ""traitement"" | ""rattaché"" --(BEFORE)--> ""traitées"" | ""traitement"" --(BEFORE)--> ""sailli"""
198,45,FR100130,[EVENT_BEFORE_ACTUAL_POS] --(BEFORE)--> [EVENT_BEFORE_ACTUAL_POS] | [EVENT_BEFORE_ACTUAL_POS] --(BEFORE)--> [EVENT_BEFORE_ACTUAL_POS] | [EVENT_BEFORE_ACTUAL_POS] --(BEFORE)--> [EVENT_BEFORE_ACTUAL_POS],"""admis"" --(BEFORE)--> ""plaignait"" | ""admis"" --(BEFORE)--> ""exploration"" | ""plaignait"" --(BEFORE)--> ""examen"""
198,45,FR100142,[EVENT_BEFORE_ACTUAL_POS] --(BEFORE)--> [EVENT_BEFORE_ACTUAL_POS] | [EVENT_BEFORE_ACTUAL_POS] --(BEFORE)--> [EVENT_BEFORE_ACTUAL_POS] | [EVENT_BEFORE_ACTUAL_POS] --(BEFORE)--> [EVENT_BEFORE_ACTUAL_POS],"""fibroscopie"" --(BEFORE)--> ""biopsie"" | ""fibroscopie"" --(BEFORE)--> ""colonoscopie"" | ""biopsie"" --(BEFORE)--> ""mis"""
198,45,FR100161,[EVENT_BEFORE_ACTUAL_POS] --(BEFORE)--> [EVENT_BEFORE_ACTUAL_POS] | [EVENT_BEFORE_ACTUAL_POS] --(BEFORE)--> [EVENT_BEFORE_ACTUAL_POS] | [EVENT_BEFORE_ACTUAL_POS] --(BEFORE)--> [EVENT_BEFORE_ACTUAL_POS],"""radiographie"" --(BEFORE)--> ""complément"" | ""radiographie"" --(BEFORE)--> ""échographie"" | ""complément"" --(BEFORE)--> ""cortisol"""
198,45,FR100168,[EVENT_BEFORE_ACTUAL_POS] --(BEFORE)--> [EVENT_BEFORE_ACTUAL_POS] | [EVENT_BEFORE_ACTUAL_POS] --(BEFORE)--> [EVENT_BEFORE_ACTUAL_POS] | [EVENT_BEFORE_ACTUAL_POS] --(BEFORE)--> [EVENT_BEFORE_ACTUAL_POS],"""examen"" --(BEFORE)--> ""bilan"" | ""examen"" --(BEFORE)--> ""ostéosynthèse"" | ""bilan"" --(BEFORE)--> ""dissection"""
198,45,FR100255,[EVENT_BEFORE_ACTUAL_POS] --(BEFORE)--> [EVENT_BEFORE_ACTUAL_POS] | [EVENT_BEFORE_ACTUAL_POS] --(BEFORE)--> [EVENT_BEFORE_ACTUAL_POS] | [EVENT_BEFORE_ACTUAL_POS] --(BEFORE)--> [EVENT_BEFORE_ACTUAL_POS],"""mise"" --(BEFORE)--> ""réveillée"" | ""mise"" --(BEFORE)--> ""traitement"" | ""réveillée"" --(BEFORE)--> ""radio"""
198,45,FR100275,[EVENT_BEFORE_ACTUAL_POS] --(BEFORE)--> [EVENT_BEFORE_ACTUAL_POS] | [EVENT_BEFORE_ACTUAL_POS] --(BEFORE)--> [EVENT_BEFORE_ACTUAL_POS] | [EVENT_BEFORE_ACTUAL_POS] --(BEFORE)--> [EVENT_BEFORE_ACTUAL_POS],"""manœuvres"" --(BEFORE)--> ""transféré"" | ""manœuvres"" --(BEFORE)--> ""retour"" | ""transféré"" --(BEFORE)--> ""anamnèse"""
198,45,FR100276,[EVENT_BEFORE_ACTUAL_POS] --(BEFORE)--> [EVENT_BEFORE_ACTUAL_POS] | [EVENT_BEFORE_ACTUAL_POS] --(BEFORE)--> [EVENT_BEFORE_ACTUAL_POS] | [EVENT_BEFORE_ACTUAL_POS] --(BEFORE)--> [EVENT_BEFORE_ACTUAL_POS],"""accouchement"" --(BEFORE)--> ""reste"" | ""accouchement"" --(BEFORE)--> ""poids"" | ""reste"" --(BEFORE)--> ""bilan"""
198,45,FR100283,[EVENT_BEFORE_ACTUAL_POS] --(BEFORE)--> [EVENT_BEFORE_ACTUAL_POS] | [EVENT_BEFORE_ACTUAL_POS] --(BEFORE)--> [EVENT_BEFORE_ACTUAL_POS] | [EVENT_BEFORE_ACTUAL_POS] --(BEFORE)--> [EVENT_BEFORE_ACTUAL_POS],"""bilan"" --(BEFORE)--> ""IRM"" | ""bilan"" --(BEFORE)--> ""ponction"" | ""IRM"" --(BEFORE)--> ""hypophysiogramme"""
198,45,FR100344,[EVENT_BEFORE_ACTUAL_POS] --(BEFORE)--> [EVENT_BEFORE_ACTUAL_POS] | [EVENT_BEFORE_ACTUAL_POS] --(BEFORE)--> [EVENT_BEFORE_ACTUAL_POS] | [EVENT_BEFORE_ACTUAL_POS] --(BEFORE)--> [EVENT_BEFORE_ACTUAL_POS],"""développé"" --(BEFORE)--> ""contrôle"" | ""développé"" --(BEFORE)--> ""suivie"" | ""contrôle"" --(BEFORE)--> ""tombée"""
198,45,FR100360,[EVENT_BEFORE_ACTUAL_POS] --(BEFORE)--> [EVENT_BEFORE_ACTUAL_POS] | [EVENT_BEFORE_ACTUAL_POS] --(BEFORE)--> [EVENT_BEFORE_ACTUAL_POS] | [EVENT_BEFORE_ACTUAL_POS] --(BEFORE)--> [EVENT_BEFORE_ACTUAL_POS],"""biopsie"" --(BEFORE)--> ""tomodensitométrie"" | ""biopsie"" --(BEFORE)--> ""étude"" | ""tomodensitométrie"" --(BEFORE)--> ""radiothérapie"""
198,45,FR100361,[EVENT_BEFORE_ACTUAL_POS] --(BEFORE)--> [EVENT_BEFORE_ACTUAL_POS] | [EVENT_BEFORE_ACTUAL_POS] --(BEFORE)--> [EVENT_BEFORE_ACTUAL_POS] | [EVENT_BEFORE_ACTUAL_POS] --(BEFORE)--> [EVENT_BEFORE_ACTUAL_POS],"""ponction"" --(BEFORE)--> ""examen"" | ""ponction"" --(BEFORE)--> ""étude"" | ""examen"" --(BEFORE)--> ""examen"""
198,45,FR100371,[EVENT_BEFORE_ACTUAL_POS] --(BEFORE)--> [EVENT_BEFORE_ACTUAL_POS] | [EVENT_BEFORE_ACTUAL_POS] --(BEFORE)--> [EVENT_BEFORE_ACTUAL_POS] | [EVENT_BEFORE_ACTUAL_POS] --(BEFORE)--> [EVENT_BEFORE_ACTUAL_POS],"""incision"" --(BEFORE)--> ""envoyée"" | ""incision"" --(BEFORE)--> ""suite"" | ""envoyée"" --(BEFORE)--> ""examen"""
198,45,FR100400,[EVENT_BEFORE_ACTUAL_POS] --(BEFORE)--> [EVENT_BEFORE_ACTUAL_POS] | [EVENT_BEFORE_ACTUAL_POS] --(BEFORE)--> [EVENT_BEFORE_ACTUAL_POS] | [EVENT_BEFORE_ACTUAL_POS] --(BEFORE)--> [EVENT_BEFORE_ACTUAL_POS],"""histoire"" --(BEFORE)--> ""examen"" | ""histoire"" --(BEFORE)--> ""admise"" | ""examen"" --(BEFORE)--> ""bilan"""
198,45,FR100439,[EVENT_BEFORE_ACTUAL_POS] --(BEFORE)--> [EVENT_BEFORE_ACTUAL_POS] | [EVENT_BEFORE_ACTUAL_POS] --(BEFORE)--> [EVENT_BEFORE_ACTUAL_POS] | [EVENT_BEFORE_ACTUAL_POS] --(BEFORE)--> [EVENT_BEFORE_ACTUAL_POS],"""biopsies"" --(BEFORE)--> ""analyse"" | ""biopsies"" --(BEFORE)--> ""envoyées"" | ""analyse"" --(BEFORE)--> ""exploration"""
198,45,FR100480,[EVENT_BEFORE_ACTUAL_POS] --(BEFORE)--> [EVENT_BEFORE_ACTUAL_POS] | [EVENT_BEFORE_ACTUAL_POS] --(BEFORE)--> [EVENT_BEFORE_ACTUAL_POS] | [EVENT_BEFORE_ACTUAL_POS] --(BEFORE)--> [EVENT_BEFORE_ACTUAL_POS],"""reprise"" --(BEFORE)--> ""débuté"" | ""reprise"" --(BEFORE)--> ""présenté"" | ""débuté"" --(BEFORE)--> ""réadaptation"""
198,45,FR100515,[EVENT_BEFORE_ACTUAL_POS] --(BEFORE)--> [EVENT_BEFORE_ACTUAL_POS] | [EVENT_BEFORE_ACTUAL_POS] --(BEFORE)--> [EVENT_BEFORE_ACTUAL_POS] | [EVENT_BEFORE_ACTUAL_POS] --(BEFORE)--> [EVENT_BEFORE_ACTUAL_POS],"""testing"" --(BEFORE)--> ""dosage"" | ""testing"" --(BEFORE)--> ""électromyogramme"" | ""dosage"" --(BEFORE)--> ""bilan"""
198,45,FR100517,[EVENT_BEFORE_ACTUAL_POS] --(BEFORE)--> [EVENT_BEFORE_ACTUAL_POS] | [EVENT_BEFORE_ACTUAL_POS] --(BEFORE)--> [EVENT_BEFORE_ACTUAL_POS] | [EVENT_BEFORE_ACTUAL_POS] --(BEFORE)--> [EVENT_BEFORE_ACTUAL_POS],"""bilan"" --(BEFORE)--> ""mise"" | ""bilan"" --(BEFORE)--> ""mise"" | ""mise"" --(BEFORE)--> ""auscultation"""
198,45,FR100519,[EVENT_BEFORE_ACTUAL_POS] --(BEFORE)--> [EVENT_BEFORE_ACTUAL_POS] | [EVENT_BEFORE_ACTUAL_POS] --(BEFORE)--> [EVENT_BEFORE_ACTUAL_POS] | [EVENT_BEFORE_ACTUAL_POS] --(BEFORE)--> [EVENT_BEFORE_ACTUAL_POS],"""hospitalisée"" --(BEFORE)--> ""entrée"" | ""hospitalisée"" --(BEFORE)--> ""transférée"" | ""entrée"" --(BEFORE)--> ""bilan"""
198,45,FR100579,[EVENT_BEFORE_ACTUAL_POS] --(BEFORE)--> [EVENT_BEFORE_ACTUAL_POS] | [EVENT_BEFORE_ACTUAL_POS] --(BEFORE)--> [EVENT_BEFORE_ACTUAL_POS] | [EVENT_BEFORE_ACTUAL_POS] --(BEFORE)--> [EVENT_BEFORE_ACTUAL_POS],"""échocardiographie"" --(BEFORE)--> ""angio-scanner"" | ""échocardiographie"" --(BEFORE)--> ""bilan"" | ""angio-scanner"" --(BEFORE)--> ""imagerie"""
198,45,FR100589,[EVENT_BEFORE_ACTUAL_POS] --(BEFORE)--> [EVENT_BEFORE_ACTUAL_POS] | [EVENT_BEFORE_ACTUAL_POS] --(BEFORE)--> [EVENT_BEFORE_ACTUAL_POS] | [EVENT_BEFORE_ACTUAL_POS] --(BEFORE)--> [EVENT_BEFORE_ACTUAL_POS],"""caryotype"" --(BEFORE)--> ""sérologie"" | ""caryotype"" --(BEFORE)--> ""biopsie"" | ""sérologie"" --(BEFORE)--> ""diagnostic"""
198,45,FR100597,[EVENT_BEFORE_ACTUAL_POS] --(BEFORE)--> [EVENT_BEFORE_ACTUAL_POS] | [EVENT_BEFORE_ACTUAL_POS] --(BEFORE)--> [EVENT_BEFORE_ACTUAL_POS] | [EVENT_BEFORE_ACTUAL_POS] --(BEFORE)--> [EVENT_BEFORE_ACTUAL_POS],"""accouchements"" --(BEFORE)--> ""ménopausée"" | ""accouchements"" --(BEFORE)--> ""ligature"" | ""ménopausée"" --(BEFORE)--> ""consultation"""
198,45,FR100611,[EVENT_BEFORE_ACTUAL_POS] --(BEFORE)--> [EVENT_BEFORE_ACTUAL_POS] | [EVENT_BEFORE_ACTUAL_POS] --(BEFORE)--> [EVENT_BEFORE_ACTUAL_POS] | [EVENT_BEFORE_ACTUAL_POS] --(BEFORE)--> [EVENT_BEFORE_ACTUAL_POS],"""examen"" --(BEFORE)--> ""PCR"" | ""examen"" --(BEFORE)--> ""cultures"" | ""PCR"" --(BEFORE)--> ""TDM"""
198,45,FR100614,[EVENT_BEFORE_ACTUAL_POS] --(BEFORE)--> [EVENT_BEFORE_ACTUAL_POS] | [EVENT_BEFORE_ACTUAL_POS] --(BEFORE)--> [EVENT_BEFORE_ACTUAL_POS] | [EVENT_BEFORE_ACTUAL_POS] --(BEFORE)--> [EVENT_BEFORE_ACTUAL_POS],"""exploration"" --(BEFORE)--> ""rupture"" | ""exploration"" --(BEFORE)--> ""exploration"" | ""rupture"" --(BEFORE)--> ""intervention"""
198,45,FR100620,[EVENT_BEFORE_ACTUAL_POS] --(BEFORE)--> [EVENT_BEFORE_ACTUAL_POS] | [EVENT_BEFORE_ACTUAL_POS] --(BEFORE)--> [EVENT_BEFORE_ACTUAL_POS] | [EVENT_BEFORE_ACTUAL_POS] --(BEFORE)--> [EVENT_BEFORE_ACTUAL_POS],"""pleurodèse"" --(BEFORE)--> ""biopsie"" | ""pleurodèse"" --(BEFORE)--> ""biopsie"" | ""biopsie"" --(BEFORE)--> ""prise"""
198,45,FR100623,[EVENT_BEFORE_ACTUAL_POS] --(BEFORE)--> [EVENT_BEFORE_ACTUAL_POS] | [EVENT_BEFORE_ACTUAL_POS] --(BEFORE)--> [EVENT_BEFORE_ACTUAL_POS] | [EVENT_BEFORE_ACTUAL_POS] --(BEFORE)--> [EVENT_BEFORE_ACTUAL_POS],"""examen"" --(BEFORE)--> ""échographie"" | ""examen"" --(BEFORE)--> ""bilan"" | ""échographie"" --(BEFORE)--> ""tomodensitométrie"""
198,45,FR100629,[EVENT_BEFORE_ACTUAL_POS] --(BEFORE)--> [EVENT_BEFORE_ACTUAL_POS] | [EVENT_BEFORE_ACTUAL_POS] --(BEFORE)--> [EVENT_BEFORE_ACTUAL_POS] | [EVENT_BEFORE_ACTUAL_POS] --(BEFORE)--> [EVENT_BEFORE_ACTUAL_POS],"""marquage"" --(BEFORE)--> ""bilan"" | ""marquage"" --(BEFORE)--> ""étude"" | ""bilan"" --(BEFORE)--> ""décision"""
198,45,FR100632,[EVENT_BEFORE_ACTUAL_POS] --(BEFORE)--> [EVENT_BEFORE_ACTUAL_POS] | [EVENT_BEFORE_ACTUAL_POS] --(BEFORE)--> [EVENT_BEFORE_ACTUAL_POS] | [EVENT_BEFORE_ACTUAL_POS] --(BEFORE)--> [EVENT_BEFORE_ACTUAL_POS],"""numération"" --(BEFORE)--> ""bilan"" | ""numération"" --(BEFORE)--> ""vitesse"" | ""bilan"" --(BEFORE)--> ""enquête"""
198,45,FR100663,[EVENT_BEFORE_ACTUAL_POS] --(BEFORE)--> [EVENT_BEFORE_ACTUAL_POS] | [EVENT_BEFORE_ACTUAL_POS] --(BEFORE)--> [EVENT_BEFORE_ACTUAL_POS] | [EVENT_BEFORE_ACTUAL_POS] --(BEFORE)--> [EVENT_BEFORE_ACTUAL_POS],"""incisée"" --(BEFORE)--> ""vérifié"" | ""incisée"" --(BEFORE)--> ""aspiration"" | ""vérifié"" --(BEFORE)--> ""reprise"""
198,45,FR100666,[EVENT_BEFORE_ACTUAL_POS] --(BEFORE)--> [EVENT_BEFORE_ACTUAL_POS] | [EVENT_BEFORE_ACTUAL_POS] --(BEFORE)--> [EVENT_BEFORE_ACTUAL_POS] | [EVENT_BEFORE_ACTUAL_POS] --(BEFORE)--> [EVENT_BEFORE_ACTUAL_POS],"""biopsie"" --(BEFORE)--> ""étude"" | ""biopsie"" --(BEFORE)--> ""examen"" | ""étude"" --(BEFORE)--> ""adressé"""
198,45,FR100688,[EVENT_BEFORE_ACTUAL_POS] --(BEFORE)--> [EVENT_BEFORE_ACTUAL_POS] | [EVENT_BEFORE_ACTUAL_POS] --(BEFORE)--> [EVENT_BEFORE_ACTUAL_POS] | [EVENT_BEFORE_ACTUAL_POS] --(BEFORE)--> [EVENT_BEFORE_ACTUAL_POS],"""sérologie"" --(BEFORE)--> ""radiographie"" | ""sérologie"" --(BEFORE)--> ""recherche"" | ""radiographie"" --(BEFORE)--> ""échographie"""
198,45,FR100689,[EVENT_BEFORE_ACTUAL_POS] --(BEFORE)--> [EVENT_BEFORE_ACTUAL_POS] | [EVENT_BEFORE_ACTUAL_POS] --(BEFORE)--> [EVENT_BEFORE_ACTUAL_POS] | [EVENT_BEFORE_ACTUAL_POS] --(BEFORE)--> [EVENT_BEFORE_ACTUAL_POS],"""examen"" --(BEFORE)--> ""PCR"" | ""examen"" --(BEFORE)--> ""cultures"" | ""PCR"" --(BEFORE)--> ""scanner"""
198,45,FR100697,[EVENT_BEFORE_ACTUAL_POS] --(BEFORE)--> [EVENT_BEFORE_ACTUAL_POS] | [EVENT_BEFORE_ACTUAL_POS] --(BEFORE)--> [EVENT_BEFORE_ACTUAL_POS] | [EVENT_BEFORE_ACTUAL_POS] --(BEFORE)--> [EVENT_BEFORE_ACTUAL_POS],"""examen"" --(BEFORE)--> ""mammographie"" | ""examen"" --(BEFORE)--> ""reste"" | ""mammographie"" --(BEFORE)--> ""échographie"""
198,45,FR100708,[EVENT_BEFORE_ACTUAL_POS] --(BEFORE)--> [EVENT_BEFORE_ACTUAL_POS] | [EVENT_BEFORE_ACTUAL_POS] --(BEFORE)--> [EVENT_BEFORE_ACTUAL_POS] | [EVENT_BEFORE_ACTUAL_POS] --(BEFORE)--> [EVENT_BEFORE_ACTUAL_POS],"""demandée"" --(BEFORE)--> ""tests"" | ""demandée"" --(BEFORE)--> ""IRM"" | ""tests"" --(BEFORE)--> ""mise"""
198,45,FR100748,[EVENT_BEFORE_ACTUAL_POS] --(BEFORE)--> [EVENT_BEFORE_ACTUAL_POS] | [EVENT_BEFORE_ACTUAL_POS] --(BEFORE)--> [EVENT_BEFORE_ACTUAL_POS] | [EVENT_BEFORE_ACTUAL_POS] --(BEFORE)--> [EVENT_BEFORE_ACTUAL_POS],"""mobilisation"" --(BEFORE)--> ""suites"" | ""mobilisation"" --(BEFORE)--> ""résection"" | ""suites"" --(BEFORE)--> ""transférée"""
198,45,FR100780,[EVENT_BEFORE_ACTUAL_POS] --(BEFORE)--> [EVENT_BEFORE_ACTUAL_POS] | [EVENT_BEFORE_ACTUAL_POS] --(BEFORE)--> [EVENT_BEFORE_ACTUAL_POS] | [EVENT_BEFORE_ACTUAL_POS] --(BEFORE)--> [EVENT_BEFORE_ACTUAL_POS],"""geste"" --(BEFORE)--> ""geste"" | ""geste"" --(BEFORE)--> ""gestes"" | ""geste"" --(BEFORE)--> ""geste"""
198,45,FR100826,[EVENT_BEFORE_ACTUAL_POS] --(BEFORE)--> [EVENT_BEFORE_ACTUAL_POS] | [EVENT_BEFORE_ACTUAL_POS] --(BEFORE)--> [EVENT_BEFORE_ACTUAL_POS] | [EVENT_BEFORE_ACTUAL_POS] --(BEFORE)--> [EVENT_BEFORE_ACTUAL_POS],"""admis"" --(BEFORE)--> ""examen"" | ""admis"" --(BEFORE)--> ""don"" | ""examen"" --(BEFORE)--> ""bilan"""
198,45,FR100845,[EVENT_BEFORE_ACTUAL_POS] --(BEFORE)--> [EVENT_BEFORE_ACTUAL_POS] | [EVENT_BEFORE_ACTUAL_POS] --(BEFORE)--> [EVENT_BEFORE_ACTUAL_POS] | [EVENT_BEFORE_ACTUAL_POS] --(BEFORE)--> [EVENT_BEFORE_ACTUAL_POS],"""extraction"" --(BEFORE)--> ""examen"" | ""extraction"" --(BEFORE)--> ""Apgar"" | ""examen"" --(BEFORE)--> ""examinés"""
198,45,FR100870,[EVENT_BEFORE_ACTUAL_POS] --(BEFORE)--> [EVENT_BEFORE_ACTUAL_POS] | [EVENT_BEFORE_ACTUAL_POS] --(BEFORE)--> [EVENT_BEFORE_ACTUAL_POS] | [EVENT_BEFORE_ACTUAL_POS] --(BEFORE)--> [EVENT_BEFORE_ACTUAL_POS],"""immunosoustraction"" --(BEFORE)--> ""immunofixation"" | ""immunosoustraction"" --(BEFORE)--> ""typer"" | ""immunofixation"" --(BEFORE)--> ""bilan"""
198,45,FR100882,[EVENT_BEFORE_ACTUAL_POS] --(BEFORE)--> [EVENT_BEFORE_ACTUAL_POS] | [EVENT_BEFORE_ACTUAL_POS] --(BEFORE)--> [EVENT_BEFORE_ACTUAL_POS] | [EVENT_BEFORE_ACTUAL_POS] --(BEFORE)--> [EVENT_BEFORE_ACTUAL_POS],"""laminectomie"" --(BEFORE)--> ""Imagerie"" | ""laminectomie"" --(BEFORE)--> ""suites"" | ""Imagerie"" --(BEFORE)--> ""bilan"""
198,45,FR100903,[EVENT_BEFORE_ACTUAL_POS] --(BEFORE)--> [EVENT_BEFORE_ACTUAL_POS] | [EVENT_BEFORE_ACTUAL_POS] --(BEFORE)--> [EVENT_BEFORE_ACTUAL_POS] | [EVENT_BEFORE_ACTUAL_POS] --(BEFORE)--> [EVENT_BEFORE_ACTUAL_POS],"""écarté"" --(BEFORE)--> ""contrôles"" | ""écarté"" --(BEFORE)--> ""réfléchir"" | ""contrôles"" --(BEFORE)--> ""accouchement"""
198,45,FR100919,[EVENT_BEFORE_ACTUAL_POS] --(BEFORE)--> [EVENT_BEFORE_ACTUAL_POS] | [EVENT_BEFORE_ACTUAL_POS] --(BEFORE)--> [EVENT_BEFORE_ACTUAL_POS] | [EVENT_BEFORE_ACTUAL_POS] --(BEFORE)--> [EVENT_BEFORE_ACTUAL_POS],"""correction"" --(BEFORE)--> ""adressée"" | ""correction"" --(BEFORE)--> ""normalisation"" | ""adressée"" --(BEFORE)--> ""bilan"""
198,45,FR100932,[EVENT_BEFORE_ACTUAL_POS] --(BEFORE)--> [EVENT_BEFORE_ACTUAL_POS] | [EVENT_BEFORE_ACTUAL_POS] --(BEFORE)--> [EVENT_BEFORE_ACTUAL_POS] | [EVENT_BEFORE_ACTUAL_POS] --(BEFORE)--> [EVENT_BEFORE_ACTUAL_POS],"""mise"" --(BEFORE)--> ""opérée"" | ""mise"" --(BEFORE)--> ""installation"" | ""opérée"" --(BEFORE)--> ""évolution"""
198,45,FR100946,[EVENT_BEFORE_ACTUAL_POS] --(BEFORE)--> [EVENT_BEFORE_ACTUAL_POS] | [EVENT_BEFORE_ACTUAL_POS] --(BEFORE)--> [EVENT_BEFORE_ACTUAL_POS] | [EVENT_BEFORE_ACTUAL_POS] --(BEFORE)--> [EVENT_BEFORE_ACTUAL_POS],"""mise"" --(BEFORE)--> ""analyse"" | ""mise"" --(BEFORE)--> ""exérèse"" | ""analyse"" --(BEFORE)--> ""mise"""
134,44,FR100003,[EVENT_BEFORE_ACTUAL_POS] --(BEFORE)--> [EVENT_BEFORE_ACTUAL_POS] | [EVENT_BEFORE_ACTUAL_POS] --(BEFORE)--> [EVENT_BEFORE_ACTUAL_POS] | [EVENT_BEFORE_ACTUAL_POS] --(BEFORE)--> [EVENT_BEFORE_ACTUAL_POS] | [EVENT_BEFORE_ACTUAL_POS] --(BEFORE)--> [EVENT_BEFORE_ACTUAL_POS] | [EVENT_BEFORE_ACTUAL_POS] --(BEFORE)--> [EVENT_BEFORE_ACTUAL_POS],"""injection"" --(BEFORE)--> ""ponction"" | ""ponction"" --(BEFORE)--> ""examen"" | ""examen"" --(BEFORE)--> ""examen"" | ""examen"" --(BEFORE)--> ""antibiothérapie"" | ""antibiothérapie"" --(BEFORE)--> ""bloc"""
134,44,FR100092,[EVENT_BEFORE_ACTUAL_POS] --(BEFORE)--> [EVENT_BEFORE_ACTUAL_POS] | [EVENT_BEFORE_ACTUAL_POS] --(BEFORE)--> [EVENT_BEFORE_ACTUAL_POS] | [EVENT_BEFORE_ACTUAL_POS] --(BEFORE)--> [EVENT_BEFORE_ACTUAL_POS] | [EVENT_BEFORE_ACTUAL_POS] --(BEFORE)--> [EVENT_BEFORE_ACTUAL_POS] | [EVENT_BEFORE_ACTUAL_POS] --(BEFORE)--> [EVENT_BEFORE_ACTUAL_POS],"""admise"" --(BEFORE)--> ""examen"" | ""examen"" --(BEFORE)--> ""examen"" | ""examen"" --(BEFORE)--> ""examen"" | ""examen"" --(BEFORE)--> ""échographie"" | ""échographie"" --(BEFORE)--> ""tableau"""
134,44,FR100130,[EVENT_BEFORE_ACTUAL_POS] --(BEFORE)--> [EVENT_BEFORE_ACTUAL_POS] | [EVENT_BEFORE_ACTUAL_POS] --(BEFORE)--> [EVENT_BEFORE_ACTUAL_POS] | [EVENT_BEFORE_ACTUAL_POS] --(BEFORE)--> [EVENT_BEFORE_ACTUAL_POS] | [EVENT_BEFORE_ACTUAL_POS] --(BEFORE)--> [EVENT_BEFORE_ACTUAL_POS] | [EVENT_BEFORE_ACTUAL_POS] --(BEFORE)--> [EVENT_BEFORE_ACTUAL_POS],"""admis"" --(BEFORE)--> ""plaignait"" | ""plaignait"" --(BEFORE)--> ""examen"" | ""examen"" --(BEFORE)--> ""biologie"" | ""biologie"" --(BEFORE)--> ""glycémie"" | ""glycémie"" --(BEFORE)--> ""bilan"""
134,44,FR100142,[EVENT_BEFORE_ACTUAL_POS] --(BEFORE)--> [EVENT_BEFORE_ACTUAL_POS] | [EVENT_BEFORE_ACTUAL_POS] --(BEFORE)--> [EVENT_BEFORE_ACTUAL_POS] | [EVENT_BEFORE_ACTUAL_POS] --(BEFORE)--> [EVENT_BEFORE_ACTUAL_POS] | [EVENT_BEFORE_ACTUAL_POS] --(BEFORE)--> [EVENT_BEFORE_ACTUAL_POS] | [EVENT_BEFORE_ACTUAL_POS] --(BEFORE)--> [EVENT_BEFORE_ACTUAL_POS],"""électrophorèse"" --(BEFORE)--> ""scanner"" | ""scanner"" --(BEFORE)--> ""fibroscopie"" | ""fibroscopie"" --(BEFORE)--> ""biopsie"" | ""biopsie"" --(BEFORE)--> ""mis"" | ""mis"" --(BEFORE)--> ""bithérapie"""
134,44,FR100161,[EVENT_BEFORE_ACTUAL_POS] --(BEFORE)--> [EVENT_BEFORE_ACTUAL_POS] | [EVENT_BEFORE_ACTUAL_POS] --(BEFORE)--> [EVENT_BEFORE_ACTUAL_POS] | [EVENT_BEFORE_ACTUAL_POS] --(BEFORE)--> [EVENT_BEFORE_ACTUAL_POS] | [EVENT_BEFORE_ACTUAL_POS] --(BEFORE)--> [EVENT_BEFORE_ACTUAL_POS] | [EVENT_BEFORE_ACTUAL_POS] --(BEFORE)--> [EVENT_BEFORE_ACTUAL_POS],"""examen"" --(BEFORE)--> ""examens"" | ""examens"" --(BEFORE)--> ""radiographie"" | ""radiographie"" --(BEFORE)--> ""complément"" | ""complément"" --(BEFORE)--> ""cortisol"" | ""cortisol"" --(BEFORE)--> ""exérèse"""
134,44,FR100255,[EVENT_BEFORE_ACTUAL_POS] --(BEFORE)--> [EVENT_BEFORE_ACTUAL_POS] | [EVENT_BEFORE_ACTUAL_POS] --(BEFORE)--> [EVENT_BEFORE_ACTUAL_POS] | [EVENT_BEFORE_ACTUAL_POS] --(BEFORE)--> [EVENT_BEFORE_ACTUAL_POS] | [EVENT_BEFORE_ACTUAL_POS] --(BEFORE)--> [EVENT_BEFORE_ACTUAL_POS] | [EVENT_BEFORE_ACTUAL_POS] --(BEFORE)--> [EVENT_BEFORE_ACTUAL_POS],"""examen"" --(BEFORE)--> ""examen"" | ""examen"" --(BEFORE)--> ""échographie"" | ""échographie"" --(BEFORE)--> ""mise"" | ""mise"" --(BEFORE)--> ""réveillée"" | ""réveillée"" --(BEFORE)--> ""radio"""
134,44,FR100275,[EVENT_BEFORE_ACTUAL_POS] --(BEFORE)--> [EVENT_BEFORE_ACTUAL_POS] | [EVENT_BEFORE_ACTUAL_POS] --(BEFORE)--> [EVENT_BEFORE_ACTUAL_POS] | [EVENT_BEFORE_ACTUAL_POS] --(BEFORE)--> [EVENT_BEFORE_ACTUAL_POS] | [EVENT_BEFORE_ACTUAL_POS] --(BEFORE)--> [EVENT_BEFORE_ACTUAL_POS] | [EVENT_BEFORE_ACTUAL_POS] --(BEFORE)--> [EVENT_BEFORE_ACTUAL_POS],"""découverte"" --(BEFORE)--> ""arrivée"" | ""arrivée"" --(BEFORE)--> ""établi"" | ""établi"" --(BEFORE)--> ""manœuvres"" | ""manœuvres"" --(BEFORE)--> ""transféré"" | ""transféré"" --(BEFORE)--> ""anamnèse"""
134,44,FR100282,[EVENT_BEFORE_ACTUAL_POS] --(BEFORE)--> [EVENT_BEFORE_ACTUAL_POS] | [EVENT_BEFORE_ACTUAL_POS] --(BEFORE)--> [EVENT_BEFORE_ACTUAL_POS] | [EVENT_BEFORE_ACTUAL_POS] --(BEFORE)--> [EVENT_BEFORE_ACTUAL_POS] | [EVENT_BEFORE_ACTUAL_POS] --(BEFORE)--> [EVENT_BEFORE_ACTUAL_POS] | [EVENT_BEFORE_ACTUAL_POS] --(BEFORE)--> [EVENT_BEFORE_ACTUAL_POS],"""examen"" --(BEFORE)--> ""électroencéphalogramme"" | ""électroencéphalogramme"" --(BEFORE)--> ""scanner"" | ""scanner"" --(BEFORE)--> ""conclus"" | ""conclus"" --(BEFORE)--> ""instauré"" | ""instauré"" --(BEFORE)--> ""suivi"""
134,44,FR100314,[EVENT_BEFORE_ACTUAL_POS] --(BEFORE)--> [EVENT_BEFORE_ACTUAL_POS] | [EVENT_BEFORE_ACTUAL_POS] --(BEFORE)--> [EVENT_BEFORE_ACTUAL_POS] | [EVENT_BEFORE_ACTUAL_POS] --(BEFORE)--> [EVENT_BEFORE_ACTUAL_POS] | [EVENT_BEFORE_ACTUAL_POS] --(BEFORE)--> [EVENT_BEFORE_ACTUAL_POS] | [EVENT_BEFORE_ACTUAL_POS] --(BEFORE)--> [EVENT_BEFORE_ACTUAL_POS],"""admise"" --(BEFORE)--> ""bilan"" | ""bilan"" --(BEFORE)--> ""drainage"" | ""drainage"" --(BEFORE)--> ""angio-scanner"" | ""angio-scanner"" --(BEFORE)--> ""amputation"" | ""amputation"" --(BEFORE)--> ""mise"""
134,44,FR100346,[EVENT_BEFORE_ACTUAL_POS] --(BEFORE)--> [EVENT_BEFORE_ACTUAL_POS] | [EVENT_BEFORE_ACTUAL_POS] --(BEFORE)--> [EVENT_BEFORE_ACTUAL_POS] | [EVENT_BEFORE_ACTUAL_POS] --(BEFORE)--> [EVENT_BEFORE_ACTUAL_POS] | [EVENT_BEFORE_ACTUAL_POS] --(BEFORE)--> [EVENT_BEFORE_ACTUAL_POS] | [EVENT_BEFORE_ACTUAL_POS] --(BEFORE)--> [EVENT_BEFORE_ACTUAL_POS],"""gazométrie"" --(BEFORE)--> ""reste"" | ""reste"" --(BEFORE)--> ""radiographie"" | ""radiographie"" --(BEFORE)--> ""angioscanner"" | ""angioscanner"" --(BEFORE)--> ""echo-dopler"" | ""echo-dopler"" --(BEFORE)--> ""IRM"""
134,44,FR100360,[EVENT_BEFORE_ACTUAL_POS] --(BEFORE)--> [EVENT_BEFORE_ACTUAL_POS] | [EVENT_BEFORE_ACTUAL_POS] --(BEFORE)--> [EVENT_BEFORE_ACTUAL_POS] | [EVENT_BEFORE_ACTUAL_POS] --(BEFORE)--> [EVENT_BEFORE_ACTUAL_POS] | [EVENT_BEFORE_ACTUAL_POS] --(BEFORE)--> [EVENT_BEFORE_ACTUAL_POS] | [EVENT_BEFORE_ACTUAL_POS] --(BEFORE)--> [EVENT_BEFORE_ACTUAL_POS],"""curage"" --(BEFORE)--> ""radiothérapie"" | ""radiothérapie"" --(BEFORE)--> ""fin"" | ""fin"" --(BEFORE)--> ""tomodensitométrie"" | ""tomodensitométrie"" --(BEFORE)--> ""complément"" | ""complément"" --(BEFORE)--> ""biopsie"""
134,44,FR100361,[EVENT_BEFORE_ACTUAL_POS] --(BEFORE)--> [EVENT_BEFORE_ACTUAL_POS] | [EVENT_BEFORE_ACTUAL_POS] --(BEFORE)--> [EVENT_BEFORE_ACTUAL_POS] | [EVENT_BEFORE_ACTUAL_POS] --(BEFORE)--> [EVENT_BEFORE_ACTUAL_POS] | [EVENT_BEFORE_ACTUAL_POS] --(BEFORE)--> [EVENT_BEFORE_ACTUAL_POS] | [EVENT_BEFORE_ACTUAL_POS] --(BEFORE)--> [EVENT_BEFORE_ACTUAL_POS],"""examen"" --(BEFORE)--> ""TDM"" | ""TDM"" --(BEFORE)--> ""ponction"" | ""ponction"" --(BEFORE)--> ""examen"" | ""examen"" --(BEFORE)--> ""examen"" | ""examen"" --(BEFORE)--> ""culture"""
134,44,FR100371,[EVENT_BEFORE_ACTUAL_POS] --(BEFORE)--> [EVENT_BEFORE_ACTUAL_POS] | [EVENT_BEFORE_ACTUAL_POS] --(BEFORE)--> [EVENT_BEFORE_ACTUAL_POS] | [EVENT_BEFORE_ACTUAL_POS] --(BEFORE)--> [EVENT_BEFORE_ACTUAL_POS] | [EVENT_BEFORE_ACTUAL_POS] --(BEFORE)--> [EVENT_BEFORE_ACTUAL_POS] | [EVENT_BEFORE_ACTUAL_POS] --(BEFORE)--> [EVENT_BEFORE_ACTUAL_POS],"""adressée"" --(BEFORE)--> ""admission"" | ""admission"" --(BEFORE)--> ""examen"" | ""examen"" --(BEFORE)--> ""examen"" | ""examen"" --(BEFORE)--> ""bilan"" | ""bilan"" --(BEFORE)--> ""bilan"""
134,44,FR100400,[EVENT_BEFORE_ACTUAL_POS] --(BEFORE)--> [EVENT_BEFORE_ACTUAL_POS] | [EVENT_BEFORE_ACTUAL_POS] --(BEFORE)--> [EVENT_BEFORE_ACTUAL_POS] | [EVENT_BEFORE_ACTUAL_POS] --(BEFORE)--> [EVENT_BEFORE_ACTUAL_POS] | [EVENT_BEFORE_ACTUAL_POS] --(BEFORE)--> [EVENT_BEFORE_ACTUAL_POS] | [EVENT_BEFORE_ACTUAL_POS] --(BEFORE)--> [EVENT_BEFORE_ACTUAL_POS],"""Radiographie"" --(BEFORE)--> ""échographie"" | ""échographie"" --(BEFORE)--> ""scanner"" | ""scanner"" --(BEFORE)--> ""diagnostic"" | ""diagnostic"" --(BEFORE)--> ""exploration"" | ""exploration"" --(BEFORE)--> ""résection"""
134,44,FR100439,[EVENT_BEFORE_ACTUAL_POS] --(BEFORE)--> [EVENT_BEFORE_ACTUAL_POS] | [EVENT_BEFORE_ACTUAL_POS] --(BEFORE)--> [EVENT_BEFORE_ACTUAL_POS] | [EVENT_BEFORE_ACTUAL_POS] --(BEFORE)--> [EVENT_BEFORE_ACTUAL_POS] | [EVENT_BEFORE_ACTUAL_POS] --(BEFORE)--> [EVENT_BEFORE_ACTUAL_POS] | [EVENT_BEFORE_ACTUAL_POS] --(BEFORE)--> [EVENT_BEFORE_ACTUAL_POS],"""établie"" --(BEFORE)--> ""demandée"" | ""demandée"" --(BEFORE)--> ""examen"" | ""examen"" --(BEFORE)--> ""classée"" | ""classée"" --(BEFORE)--> ""bénéficier"" | ""bénéficier"" --(BEFORE)--> ""nasofibroscopie"""
134,44,FR100448,[EVENT_BEFORE_ACTUAL_POS] --(BEFORE)--> [EVENT_BEFORE_ACTUAL_POS] | [EVENT_BEFORE_ACTUAL_POS] --(BEFORE)--> [EVENT_BEFORE_ACTUAL_POS] | [EVENT_BEFORE_ACTUAL_POS] --(BEFORE)--> [EVENT_BEFORE_ACTUAL_POS] | [EVENT_BEFORE_ACTUAL_POS] --(BEFORE)--> [EVENT_BEFORE_ACTUAL_POS] | [EVENT_BEFORE_ACTUAL_POS] --(BEFORE)--> [EVENT_BEFORE_ACTUAL_POS],"""examen"" --(BEFORE)--> ""échotomographie"" | ""échotomographie"" --(BEFORE)--> ""hémi thyroïdectomie"" | ""hémi thyroïdectomie"" --(BEFORE)--> ""examen"" | ""examen"" --(BEFORE)--> ""histochimie"" | ""histochimie"" --(BEFORE)--> ""scanner"""
134,44,FR100480,[EVENT_BEFORE_ACTUAL_POS] --(BEFORE)--> [EVENT_BEFORE_ACTUAL_POS] | [EVENT_BEFORE_ACTUAL_POS] --(BEFORE)--> [EVENT_BEFORE_ACTUAL_POS] | [EVENT_BEFORE_ACTUAL_POS] --(BEFORE)--> [EVENT_BEFORE_ACTUAL_POS] | [EVENT_BEFORE_ACTUAL_POS] --(BEFORE)--> [EVENT_BEFORE_ACTUAL_POS] | [EVENT_BEFORE_ACTUAL_POS] --(BEFORE)--> [EVENT_BEFORE_ACTUAL_POS],"""examen"" --(BEFORE)--> ""imagerie"" | ""imagerie"" --(BEFORE)--> ""bilan"" | ""bilan"" --(BEFORE)--> ""scanner"" | ""scanner"" --(BEFORE)--> ""Tomographie"" | ""Tomographie"" --(BEFORE)--> ""reprise"""
134,44,FR100517,[EVENT_BEFORE_ACTUAL_POS] --(BEFORE)--> [EVENT_BEFORE_ACTUAL_POS] | [EVENT_BEFORE_ACTUAL_POS] --(BEFORE)--> [EVENT_BEFORE_ACTUAL_POS] | [EVENT_BEFORE_ACTUAL_POS] --(BEFORE)--> [EVENT_BEFORE_ACTUAL_POS] | [EVENT_BEFORE_ACTUAL_POS] --(BEFORE)--> [EVENT_BEFORE_ACTUAL_POS] | [EVENT_BEFORE_ACTUAL_POS] --(BEFORE)--> [EVENT_BEFORE_ACTUAL_POS],"""bilan"" --(BEFORE)--> ""mise"" | ""mise"" --(BEFORE)--> ""auscultation"" | ""auscultation"" --(BEFORE)--> ""radiographie"" | ""radiographie"" --(BEFORE)--> ""tomodensitométrie"" | ""tomodensitométrie"" --(BEFORE)--> ""instauré"""
134,44,FR100519,[EVENT_BEFORE_ACTUAL_POS] --(BEFORE)--> [EVENT_BEFORE_ACTUAL_POS] | [EVENT_BEFORE_ACTUAL_POS] --(BEFORE)--> [EVENT_BEFORE_ACTUAL_POS] | [EVENT_BEFORE_ACTUAL_POS] --(BEFORE)--> [EVENT_BEFORE_ACTUAL_POS] | [EVENT_BEFORE_ACTUAL_POS] --(BEFORE)--> [EVENT_BEFORE_ACTUAL_POS] | [EVENT_BEFORE_ACTUAL_POS] --(BEFORE)--> [EVENT_BEFORE_ACTUAL_POS],"""hospitalisée"" --(BEFORE)--> ""entrée"" | ""entrée"" --(BEFORE)--> ""bilan"" | ""bilan"" --(BEFORE)--> ""angioscanner"" | ""angioscanner"" --(BEFORE)--> ""échodoppler"" | ""échodoppler"" --(BEFORE)--> ""retenue"""
134,44,FR100589,[EVENT_BEFORE_ACTUAL_POS] --(BEFORE)--> [EVENT_BEFORE_ACTUAL_POS] | [EVENT_BEFORE_ACTUAL_POS] --(BEFORE)--> [EVENT_BEFORE_ACTUAL_POS] | [EVENT_BEFORE_ACTUAL_POS] --(BEFORE)--> [EVENT_BEFORE_ACTUAL_POS] | [EVENT_BEFORE_ACTUAL_POS] --(BEFORE)--> [EVENT_BEFORE_ACTUAL_POS] | [EVENT_BEFORE_ACTUAL_POS] --(BEFORE)--> [EVENT_BEFORE_ACTUAL_POS],"""biopsies"" --(BEFORE)--> ""exploration"" | ""exploration"" --(BEFORE)--> ""hémogramme"" | ""hémogramme"" --(BEFORE)--> ""Cytométrie"" | ""Cytométrie"" --(BEFORE)--> ""biopsie"" | ""biopsie"" --(BEFORE)--> ""bilan"""
134,44,FR100597,[EVENT_BEFORE_ACTUAL_POS] --(BEFORE)--> [EVENT_BEFORE_ACTUAL_POS] | [EVENT_BEFORE_ACTUAL_POS] --(BEFORE)--> [EVENT_BEFORE_ACTUAL_POS] | [EVENT_BEFORE_ACTUAL_POS] --(BEFORE)--> [EVENT_BEFORE_ACTUAL_POS] | [EVENT_BEFORE_ACTUAL_POS] --(BEFORE)--> [EVENT_BEFORE_ACTUAL_POS] | [EVENT_BEFORE_ACTUAL_POS] --(BEFORE)--> [EVENT_BEFORE_ACTUAL_POS],"""examen"" --(BEFORE)--> ""examen"" | ""examen"" --(BEFORE)--> ""examen"" | ""examen"" --(BEFORE)--> ""toucher"" | ""toucher"" --(BEFORE)--> ""reste"" | ""reste"" --(BEFORE)--> ""échographie"""
134,44,FR100611,[EVENT_BEFORE_ACTUAL_POS] --(BEFORE)--> [EVENT_BEFORE_ACTUAL_POS] | [EVENT_BEFORE_ACTUAL_POS] --(BEFORE)--> [EVENT_BEFORE_ACTUAL_POS] | [EVENT_BEFORE_ACTUAL_POS] --(BEFORE)--> [EVENT_BEFORE_ACTUAL_POS] | [EVENT_BEFORE_ACTUAL_POS] --(BEFORE)--> [EVENT_BEFORE_ACTUAL_POS] | [EVENT_BEFORE_ACTUAL_POS] --(BEFORE)--> [EVENT_BEFORE_ACTUAL_POS],"""IRM"" --(BEFORE)--> ""étude"" | ""étude"" --(BEFORE)--> ""examen"" | ""examen"" --(BEFORE)--> ""PCR"" | ""PCR"" --(BEFORE)--> ""TDM"" | ""TDM"" --(BEFORE)--> ""biopsie"""
134,44,FR100614,[EVENT_BEFORE_ACTUAL_POS] --(BEFORE)--> [EVENT_BEFORE_ACTUAL_POS] | [EVENT_BEFORE_ACTUAL_POS] --(BEFORE)--> [EVENT_BEFORE_ACTUAL_POS] | [EVENT_BEFORE_ACTUAL_POS] --(BEFORE)--> [EVENT_BEFORE_ACTUAL_POS] | [EVENT_BEFORE_ACTUAL_POS] --(BEFORE)--> [EVENT_BEFORE_ACTUAL_POS] | [EVENT_BEFORE_ACTUAL_POS] --(BEFORE)--> [EVENT_BEFORE_ACTUAL_POS],"""examen"" --(BEFORE)--> ""échographique"" | ""échographique"" --(BEFORE)--> ""tomodensitométrie"" | ""tomodensitométrie"" --(BEFORE)--> ""radiographie"" | ""radiographie"" --(BEFORE)--> ""taux"" | ""taux"" --(BEFORE)--> ""exploration"""
134,44,FR100620,[EVENT_BEFORE_ACTUAL_POS] --(BEFORE)--> [EVENT_BEFORE_ACTUAL_POS] | [EVENT_BEFORE_ACTUAL_POS] --(BEFORE)--> [EVENT_BEFORE_ACTUAL_POS] | [EVENT_BEFORE_ACTUAL_POS] --(BEFORE)--> [EVENT_BEFORE_ACTUAL_POS] | [EVENT_BEFORE_ACTUAL_POS] --(BEFORE)--> [EVENT_BEFORE_ACTUAL_POS] | [EVENT_BEFORE_ACTUAL_POS] --(BEFORE)--> [EVENT_BEFORE_ACTUAL_POS],"""radiographie"" --(BEFORE)--> ""drainage"" | ""drainage"" --(BEFORE)--> ""radiographie"" | ""radiographie"" --(BEFORE)--> ""demandé"" | ""demandé"" --(BEFORE)--> ""aspect"" | ""aspect"" --(BEFORE)--> ""bronchoscopie"""
134,44,FR100623,[EVENT_BEFORE_ACTUAL_POS] --(BEFORE)--> [EVENT_BEFORE_ACTUAL_POS] | [EVENT_BEFORE_ACTUAL_POS] --(BEFORE)--> [EVENT_BEFORE_ACTUAL_POS] | [EVENT_BEFORE_ACTUAL_POS] --(BEFORE)--> [EVENT_BEFORE_ACTUAL_POS] | [EVENT_BEFORE_ACTUAL_POS] --(BEFORE)--> [EVENT_BEFORE_ACTUAL_POS] | [EVENT_BEFORE_ACTUAL_POS] --(BEFORE)--> [EVENT_BEFORE_ACTUAL_POS],"""consulté"" --(BEFORE)--> ""examen"" | ""examen"" --(BEFORE)--> ""échographie"" | ""échographie"" --(BEFORE)--> ""tomodensitométrie"" | ""tomodensitométrie"" --(BEFORE)--> ""retenu"" | ""retenu"" --(BEFORE)--> ""prise"""
134,44,FR100629,[EVENT_BEFORE_ACTUAL_POS] --(BEFORE)--> [EVENT_BEFORE_ACTUAL_POS] | [EVENT_BEFORE_ACTUAL_POS] --(BEFORE)--> [EVENT_BEFORE_ACTUAL_POS] | [EVENT_BEFORE_ACTUAL_POS] --(BEFORE)--> [EVENT_BEFORE_ACTUAL_POS] | [EVENT_BEFORE_ACTUAL_POS] --(BEFORE)--> [EVENT_BEFORE_ACTUAL_POS] | [EVENT_BEFORE_ACTUAL_POS] --(BEFORE)--> [EVENT_BEFORE_ACTUAL_POS],"""radiographie"" --(BEFORE)--> ""thoracoscopie"" | ""thoracoscopie"" --(BEFORE)--> ""marquage"" | ""marquage"" --(BEFORE)--> ""bilan"" | ""bilan"" --(BEFORE)--> ""décision"" | ""décision"" --(BEFORE)--> ""évolution"""
134,44,FR100632,[EVENT_BEFORE_ACTUAL_POS] --(BEFORE)--> [EVENT_BEFORE_ACTUAL_POS] | [EVENT_BEFORE_ACTUAL_POS] --(BEFORE)--> [EVENT_BEFORE_ACTUAL_POS] | [EVENT_BEFORE_ACTUAL_POS] --(BEFORE)--> [EVENT_BEFORE_ACTUAL_POS] | [EVENT_BEFORE_ACTUAL_POS] --(BEFORE)--> [EVENT_BEFORE_ACTUAL_POS] | [EVENT_BEFORE_ACTUAL_POS] --(BEFORE)--> [EVENT_BEFORE_ACTUAL_POS],"""interrogatoire"" --(BEFORE)--> ""examen"" | ""examen"" --(BEFORE)--> ""examen"" | ""examen"" --(BEFORE)--> ""IRM"" | ""IRM"" --(BEFORE)--> ""IRM"" | ""IRM"" --(BEFORE)--> ""étude"""
134,44,FR100663,[EVENT_BEFORE_ACTUAL_POS] --(BEFORE)--> [EVENT_BEFORE_ACTUAL_POS] | [EVENT_BEFORE_ACTUAL_POS] --(BEFORE)--> [EVENT_BEFORE_ACTUAL_POS] | [EVENT_BEFORE_ACTUAL_POS] --(BEFORE)--> [EVENT_BEFORE_ACTUAL_POS] | [EVENT_BEFORE_ACTUAL_POS] --(BEFORE)--> [EVENT_BEFORE_ACTUAL_POS] | [EVENT_BEFORE_ACTUAL_POS] --(BEFORE)--> [EVENT_BEFORE_ACTUAL_POS],"""incisée"" --(BEFORE)--> ""vérifié"" | ""vérifié"" --(BEFORE)--> ""reprise"" | ""reprise"" --(BEFORE)--> ""fermé"" | ""fermé"" --(BEFORE)--> ""sortie"" | ""sortie"" --(BEFORE)--> ""surveillance"""
134,44,FR100666,[EVENT_BEFORE_ACTUAL_POS] --(BEFORE)--> [EVENT_BEFORE_ACTUAL_POS] | [EVENT_BEFORE_ACTUAL_POS] --(BEFORE)--> [EVENT_BEFORE_ACTUAL_POS] | [EVENT_BEFORE_ACTUAL_POS] --(BEFORE)--> [EVENT_BEFORE_ACTUAL_POS] | [EVENT_BEFORE_ACTUAL_POS] --(BEFORE)--> [EVENT_BEFORE_ACTUAL_POS] | [EVENT_BEFORE_ACTUAL_POS] --(BEFORE)--> [EVENT_BEFORE_ACTUAL_POS],"""étude"" --(BEFORE)--> ""adressé"" | ""adressé"" --(BEFORE)--> ""bilan"" | ""bilan"" --(BEFORE)--> ""myologramme"" | ""myologramme"" --(BEFORE)--> ""bilan"" | ""bilan"" --(BEFORE)--> ""classé"""
134,44,FR100683,[EVENT_BEFORE_ACTUAL_POS] --(BEFORE)--> [EVENT_BEFORE_ACTUAL_POS] | [EVENT_BEFORE_ACTUAL_POS] --(BEFORE)--> [EVENT_BEFORE_ACTUAL_POS] | [EVENT_BEFORE_ACTUAL_POS] --(BEFORE)--> [EVENT_BEFORE_ACTUAL_POS] | [EVENT_BEFORE_ACTUAL_POS] --(BEFORE)--> [EVENT_BEFORE_ACTUAL_POS] | [EVENT_BEFORE_ACTUAL_POS] --(BEFORE)--> [EVENT_BEFORE_ACTUAL_POS],"""exploration"" --(BEFORE)--> ""exploration"" | ""exploration"" --(BEFORE)--> ""IRM"" | ""IRM"" --(BEFORE)--> ""écho-mammographie"" | ""écho-mammographie"" --(BEFORE)--> ""osteodensitométrie"" | ""osteodensitométrie"" --(BEFORE)--> ""IRM"""
134,44,FR100688,[EVENT_BEFORE_ACTUAL_POS] --(BEFORE)--> [EVENT_BEFORE_ACTUAL_POS] | [EVENT_BEFORE_ACTUAL_POS] --(BEFORE)--> [EVENT_BEFORE_ACTUAL_POS] | [EVENT_BEFORE_ACTUAL_POS] --(BEFORE)--> [EVENT_BEFORE_ACTUAL_POS] | [EVENT_BEFORE_ACTUAL_POS] --(BEFORE)--> [EVENT_BEFORE_ACTUAL_POS] | [EVENT_BEFORE_ACTUAL_POS] --(BEFORE)--> [EVENT_BEFORE_ACTUAL_POS],"""examen"" --(BEFORE)--> ""examen"" | ""examen"" --(BEFORE)--> ""examen"" | ""examen"" --(BEFORE)--> ""sérologie"" | ""sérologie"" --(BEFORE)--> ""radiographie"" | ""radiographie"" --(BEFORE)--> ""échographie"""
134,44,FR100689,[EVENT_BEFORE_ACTUAL_POS] --(BEFORE)--> [EVENT_BEFORE_ACTUAL_POS] | [EVENT_BEFORE_ACTUAL_POS] --(BEFORE)--> [EVENT_BEFORE_ACTUAL_POS] | [EVENT_BEFORE_ACTUAL_POS] --(BEFORE)--> [EVENT_BEFORE_ACTUAL_POS] | [EVENT_BEFORE_ACTUAL_POS] --(BEFORE)--> [EVENT_BEFORE_ACTUAL_POS] | [EVENT_BEFORE_ACTUAL_POS] --(BEFORE)--> [EVENT_BEFORE_ACTUAL_POS],"""examen"" --(BEFORE)--> ""PCR"" | ""PCR"" --(BEFORE)--> ""scanner"" | ""scanner"" --(BEFORE)--> ""hémogramme"" | ""hémogramme"" --(BEFORE)--> ""ionogramme"" | ""ionogramme"" --(BEFORE)--> ""examen"""
134,44,FR100697,[EVENT_BEFORE_ACTUAL_POS] --(BEFORE)--> [EVENT_BEFORE_ACTUAL_POS] | [EVENT_BEFORE_ACTUAL_POS] --(BEFORE)--> [EVENT_BEFORE_ACTUAL_POS] | [EVENT_BEFORE_ACTUAL_POS] --(BEFORE)--> [EVENT_BEFORE_ACTUAL_POS] | [EVENT_BEFORE_ACTUAL_POS] --(BEFORE)--> [EVENT_BEFORE_ACTUAL_POS] | [EVENT_BEFORE_ACTUAL_POS] --(BEFORE)--> [EVENT_BEFORE_ACTUAL_POS],"""apparition"" --(BEFORE)--> ""inspection"" | ""inspection"" --(BEFORE)--> ""palpation"" | ""palpation"" --(BEFORE)--> ""examen"" | ""examen"" --(BEFORE)--> ""mammographie"" | ""mammographie"" --(BEFORE)--> ""échographie"""
134,44,FR100717,[EVENT_BEFORE_ACTUAL_POS] --(BEFORE)--> [EVENT_BEFORE_ACTUAL_POS] | [EVENT_BEFORE_ACTUAL_POS] --(BEFORE)--> [EVENT_BEFORE_ACTUAL_POS] | [EVENT_BEFORE_ACTUAL_POS] --(BEFORE)--> [EVENT_BEFORE_ACTUAL_POS] | [EVENT_BEFORE_ACTUAL_POS] --(BEFORE)--> [EVENT_BEFORE_ACTUAL_POS] | [EVENT_BEFORE_ACTUAL_POS] --(BEFORE)--> [EVENT_BEFORE_ACTUAL_POS],"""traitement"" --(BEFORE)--> ""examen"" | ""examen"" --(BEFORE)--> ""examens"" | ""examens"" --(BEFORE)--> ""scanner"" | ""scanner"" --(BEFORE)--> ""IRM"" | ""IRM"" --(BEFORE)--> ""laminectomie"""
134,44,FR100806,[EVENT_BEFORE_ACTUAL_POS] --(BEFORE)--> [EVENT_BEFORE_ACTUAL_POS] | [EVENT_BEFORE_ACTUAL_POS] --(BEFORE)--> [EVENT_BEFORE_ACTUAL_POS] | [EVENT_BEFORE_ACTUAL_POS] --(BEFORE)--> [EVENT_BEFORE_ACTUAL_POS] | [EVENT_BEFORE_ACTUAL_POS] --(BEFORE)--> [EVENT_BEFORE_ACTUAL_POS] | [EVENT_BEFORE_ACTUAL_POS] --(BEFORE)--> [EVENT_BEFORE_ACTUAL_POS],"""prise"" --(BEFORE)--> ""référée"" | ""référée"" --(BEFORE)--> ""examen"" | ""examen"" --(BEFORE)--> ""biologie"" | ""biologie"" --(BEFORE)--> ""hospitalisée"" | ""hospitalisée"" --(BEFORE)--> ""hémodialyse"""
134,44,FR100826,[EVENT_BEFORE_ACTUAL_POS] --(BEFORE)--> [EVENT_BEFORE_ACTUAL_POS] | [EVENT_BEFORE_ACTUAL_POS] --(BEFORE)--> [EVENT_BEFORE_ACTUAL_POS] | [EVENT_BEFORE_ACTUAL_POS] --(BEFORE)--> [EVENT_BEFORE_ACTUAL_POS] | [EVENT_BEFORE_ACTUAL_POS] --(BEFORE)--> [EVENT_BEFORE_ACTUAL_POS] | [EVENT_BEFORE_ACTUAL_POS] --(BEFORE)--> [EVENT_BEFORE_ACTUAL_POS],"""examen"" --(BEFORE)--> ""bilan"" | ""bilan"" --(BEFORE)--> ""bilan"" | ""bilan"" --(BEFORE)--> ""retenue"" | ""retenue"" --(BEFORE)--> ""exploration"" | ""exploration"" --(BEFORE)--> ""suites"""
134,44,FR100845,[EVENT_BEFORE_ACTUAL_POS] --(BEFORE)--> [EVENT_BEFORE_ACTUAL_POS] | [EVENT_BEFORE_ACTUAL_POS] --(BEFORE)--> [EVENT_BEFORE_ACTUAL_POS] | [EVENT_BEFORE_ACTUAL_POS] --(BEFORE)--> [EVENT_BEFORE_ACTUAL_POS] | [EVENT_BEFORE_ACTUAL_POS] --(BEFORE)--> [EVENT_BEFORE_ACTUAL_POS] | [EVENT_BEFORE_ACTUAL_POS] --(BEFORE)--> [EVENT_BEFORE_ACTUAL_POS],"""examen"" --(BEFORE)--> ""échographie"" | ""échographie"" --(BEFORE)--> ""radiographie"" | ""radiographie"" --(BEFORE)--> ""décision"" | ""décision"" --(BEFORE)--> ""extraction"" | ""extraction"" --(BEFORE)--> ""examen"""
134,44,FR100870,[EVENT_BEFORE_ACTUAL_POS] --(BEFORE)--> [EVENT_BEFORE_ACTUAL_POS] | [EVENT_BEFORE_ACTUAL_POS] --(BEFORE)--> [EVENT_BEFORE_ACTUAL_POS] | [EVENT_BEFORE_ACTUAL_POS] --(BEFORE)--> [EVENT_BEFORE_ACTUAL_POS] | [EVENT_BEFORE_ACTUAL_POS] --(BEFORE)--> [EVENT_BEFORE_ACTUAL_POS] | [EVENT_BEFORE_ACTUAL_POS] --(BEFORE)--> [EVENT_BEFORE_ACTUAL_POS],"""hémogramme"" --(BEFORE)--> ""bilan"" | ""bilan"" --(BEFORE)--> ""IRM"" | ""IRM"" --(BEFORE)--> ""électrophorèse"" | ""électrophorèse"" --(BEFORE)--> ""immunosoustraction"" | ""immunosoustraction"" --(BEFORE)--> ""immunofixation"""
134,44,FR100874,[EVENT_BEFORE_ACTUAL_POS] --(BEFORE)--> [EVENT_BEFORE_ACTUAL_POS] | [EVENT_BEFORE_ACTUAL_POS] --(BEFORE)--> [EVENT_BEFORE_ACTUAL_POS] | [EVENT_BEFORE_ACTUAL_POS] --(BEFORE)--> [EVENT_BEFORE_ACTUAL_POS] | [EVENT_BEFORE_ACTUAL_POS] --(BEFORE)--> [EVENT_BEFORE_ACTUAL_POS] | [EVENT_BEFORE_ACTUAL_POS] --(BEFORE)--> [EVENT_BEFORE_ACTUAL_POS],"""fibroscopie"" --(BEFORE)--> ""transit"" | ""transit"" --(BEFORE)--> ""tomodensitométrie"" | ""tomodensitométrie"" --(BEFORE)--> ""retenu"" | ""retenu"" --(BEFORE)--> ""mise"" | ""mise"" --(BEFORE)--> ""diverticulectomie"""
134,44,FR100882,[EVENT_BEFORE_ACTUAL_POS] --(BEFORE)--> [EVENT_BEFORE_ACTUAL_POS] | [EVENT_BEFORE_ACTUAL_POS] --(BEFORE)--> [EVENT_BEFORE_ACTUAL_POS] | [EVENT_BEFORE_ACTUAL_POS] --(BEFORE)--> [EVENT_BEFORE_ACTUAL_POS] | [EVENT_BEFORE_ACTUAL_POS] --(BEFORE)--> [EVENT_BEFORE_ACTUAL_POS] | [EVENT_BEFORE_ACTUAL_POS] --(BEFORE)--> [EVENT_BEFORE_ACTUAL_POS],"""examen"" --(BEFORE)--> ""conclu"" | ""conclu"" --(BEFORE)--> ""IRM"" | ""IRM"" --(BEFORE)--> ""scanner"" | ""scanner"" --(BEFORE)--> ""laminectomie"" | ""laminectomie"" --(BEFORE)--> ""suites"""
134,44,FR100903,[EVENT_BEFORE_ACTUAL_POS] --(BEFORE)--> [EVENT_BEFORE_ACTUAL_POS] | [EVENT_BEFORE_ACTUAL_POS] --(BEFORE)--> [EVENT_BEFORE_ACTUAL_POS] | [EVENT_BEFORE_ACTUAL_POS] --(BEFORE)--> [EVENT_BEFORE_ACTUAL_POS] | [EVENT_BEFORE_ACTUAL_POS] --(BEFORE)--> [EVENT_BEFORE_ACTUAL_POS] | [EVENT_BEFORE_ACTUAL_POS] --(BEFORE)--> [EVENT_BEFORE_ACTUAL_POS],"""diagnostic"" --(BEFORE)--> ""écarté"" | ""écarté"" --(BEFORE)--> ""contrôles"" | ""contrôles"" --(BEFORE)--> ""accouchement"" | ""accouchement"" --(BEFORE)--> ""décédé"" | ""décédé"" --(BEFORE)--> ""caryotype"""
134,44,FR100946,[EVENT_BEFORE_ACTUAL_POS] --(BEFORE)--> [EVENT_BEFORE_ACTUAL_POS] | [EVENT_BEFORE_ACTUAL_POS] --(BEFORE)--> [EVENT_BEFORE_ACTUAL_POS] | [EVENT_BEFORE_ACTUAL_POS] --(BEFORE)--> [EVENT_BEFORE_ACTUAL_POS] | [EVENT_BEFORE_ACTUAL_POS] --(BEFORE)--> [EVENT_BEFORE_ACTUAL_POS] | [EVENT_BEFORE_ACTUAL_POS] --(BEFORE)--> [EVENT_BEFORE_ACTUAL_POS],"""IRM"" --(BEFORE)--> ""analyse"" | ""analyse"" --(BEFORE)--> ""mise"" | ""mise"" --(BEFORE)--> ""analyse"" | ""analyse"" --(BEFORE)--> ""mise"" | ""mise"" --(BEFORE)--> ""arrêt"""
134,44,FR100996,[EVENT_BEFORE_ACTUAL_POS] --(BEFORE)--> [EVENT_BEFORE_ACTUAL_POS] | [EVENT_BEFORE_ACTUAL_POS] --(BEFORE)--> [EVENT_BEFORE_ACTUAL_POS] | [EVENT_BEFORE_ACTUAL_POS] --(BEFORE)--> [EVENT_BEFORE_ACTUAL_POS] | [EVENT_BEFORE_ACTUAL_POS] --(BEFORE)--> [EVENT_BEFORE_ACTUAL_POS] | [EVENT_BEFORE_ACTUAL_POS] --(BEFORE)--> [EVENT_BEFORE_ACTUAL_POS],"""examen"" --(BEFORE)--> ""tomodensitométrie"" | ""tomodensitométrie"" --(BEFORE)--> ""injection"" | ""injection"" --(BEFORE)--> ""retenu"" | ""retenu"" --(BEFORE)--> ""chirurgical"" | ""chirurgical"" --(BEFORE)--> ""suites"""
188,42,FR100003,[EVENT_BEFORE_ACTUAL_POS] --(BEFORE)--> [EVENT_BEFORE_ACTUAL_POS] | [EVENT_BEFORE_ACTUAL_POS] --(BEFORE)--> [EVENT_BEFORE_ACTUAL_POS] | [EVENT_BEFORE_ACTUAL_POS] --(CONTAINS)--> [EVENT_BEFORE_ACTUAL_POS],"""examen"" --(BEFORE)--> ""antibiothérapie"" | ""antibiothérapie"" --(BEFORE)--> ""bloc"" | ""bloc"" --(CONTAINS)--> ""abordé"""
188,42,FR100092,[EVENT_BEFORE_ACTUAL_POS] --(BEFORE)--> [EVENT_BEFORE_ACTUAL_POS] | [EVENT_BEFORE_ACTUAL_POS] --(BEFORE)--> [EVENT_BEFORE_ACTUAL_POS] | [EVENT_BEFORE_ACTUAL_POS] --(CONTAINS)--> [EVENT_BEFORE_ACTUAL_POS],"""tableau"" --(BEFORE)--> ""reste"" | ""reste"" --(BEFORE)--> ""minilaparotomie"" | ""minilaparotomie"" --(CONTAINS)--> ""exploration"""
188,42,FR100130,[EVENT_BEFORE_ACTUAL_POS] --(BEFORE)--> [EVENT_BEFORE_ACTUAL_POS] | [EVENT_BEFORE_ACTUAL_POS] --(BEFORE)--> [EVENT_BEFORE_ACTUAL_POS] | [EVENT_BEFORE_ACTUAL_POS] --(CONTAINS)--> [EVENT_BEFORE_ACTUAL_POS],"""admis"" --(BEFORE)--> ""plaignait"" | ""plaignait"" --(BEFORE)--> ""examen"" | ""examen"" --(CONTAINS)--> ""notait"""
188,42,FR100132,[EVENT_BEFORE_ACTUAL_POS] --(BEFORE)--> [EVENT_BEFORE_ACTUAL_POS] | [EVENT_BEFORE_ACTUAL_POS] --(BEFORE)--> [EVENT_BEFORE_ACTUAL_POS] | [EVENT_BEFORE_ACTUAL_POS] --(CONTAINS)--> [EVENT_BEFORE_ACTUAL_POS],"""palpation"" --(BEFORE)--> ""histologie"" | ""histologie"" --(BEFORE)--> ""examen"" | ""examen"" --(CONTAINS)--> ""angiographie"""
188,42,FR100142,[EVENT_BEFORE_ACTUAL_POS] --(BEFORE)--> [EVENT_BEFORE_ACTUAL_POS] | [EVENT_BEFORE_ACTUAL_POS] --(BEFORE)--> [EVENT_BEFORE_ACTUAL_POS] | [EVENT_BEFORE_ACTUAL_POS] --(CONTAINS)--> [EVENT_BEFORE_ACTUAL_POS],"""biopsie"" --(BEFORE)--> ""mis"" | ""mis"" --(BEFORE)--> ""évolution"" | ""évolution"" --(CONTAINS)--> ""taux"""
188,42,FR100161,[EVENT_BEFORE_ACTUAL_POS] --(BEFORE)--> [EVENT_BEFORE_ACTUAL_POS] | [EVENT_BEFORE_ACTUAL_POS] --(BEFORE)--> [EVENT_BEFORE_ACTUAL_POS] | [EVENT_BEFORE_ACTUAL_POS] --(CONTAINS)--> [EVENT_BEFORE_ACTUAL_POS],"""interrogatoire"" --(BEFORE)--> ""examen"" | ""examen"" --(BEFORE)--> ""examens"" | ""examens"" --(CONTAINS)--> ""Acti tests"""
188,42,FR100168,[EVENT_BEFORE_ACTUAL_POS] --(BEFORE)--> [EVENT_BEFORE_ACTUAL_POS] | [EVENT_BEFORE_ACTUAL_POS] --(BEFORE)--> [EVENT_BEFORE_ACTUAL_POS] | [EVENT_BEFORE_ACTUAL_POS] --(CONTAINS)--> [EVENT_BEFORE_ACTUAL_POS],"""bilan"" --(BEFORE)--> ""tests"" | ""tests"" --(BEFORE)--> ""entretien"" | ""entretien"" --(CONTAINS)--> ""dévoiler"""
188,42,FR100255,[EVENT_BEFORE_ACTUAL_POS] --(BEFORE)--> [EVENT_BEFORE_ACTUAL_POS] | [EVENT_BEFORE_ACTUAL_POS] --(BEFORE)--> [EVENT_BEFORE_ACTUAL_POS] | [EVENT_BEFORE_ACTUAL_POS] --(CONTAINS)--> [EVENT_BEFORE_ACTUAL_POS],"""examen"" --(BEFORE)--> ""examen"" | ""examen"" --(BEFORE)--> ""échographie"" | ""échographie"" --(CONTAINS)--> ""confirmation"""
188,42,FR100275,[EVENT_BEFORE_ACTUAL_POS] --(BEFORE)--> [EVENT_BEFORE_ACTUAL_POS] | [EVENT_BEFORE_ACTUAL_POS] --(BEFORE)--> [EVENT_BEFORE_ACTUAL_POS] | [EVENT_BEFORE_ACTUAL_POS] --(CONTAINS)--> [EVENT_BEFORE_ACTUAL_POS],"""transféré"" --(BEFORE)--> ""anamnèse"" | ""anamnèse"" --(BEFORE)--> ""examen"" | ""examen"" --(CONTAINS)--> ""pression"""
188,42,FR100276,[EVENT_BEFORE_ACTUAL_POS] --(BEFORE)--> [EVENT_BEFORE_ACTUAL_POS] | [EVENT_BEFORE_ACTUAL_POS] --(BEFORE)--> [EVENT_BEFORE_ACTUAL_POS] | [EVENT_BEFORE_ACTUAL_POS] --(CONTAINS)--> [EVENT_BEFORE_ACTUAL_POS],"""accouchement"" --(BEFORE)--> ""reste"" | ""reste"" --(BEFORE)--> ""bilan"" | ""bilan"" --(CONTAINS)--> ""recherche"""
188,42,FR100283,[EVENT_BEFORE_ACTUAL_POS] --(BEFORE)--> [EVENT_BEFORE_ACTUAL_POS] | [EVENT_BEFORE_ACTUAL_POS] --(BEFORE)--> [EVENT_BEFORE_ACTUAL_POS] | [EVENT_BEFORE_ACTUAL_POS] --(CONTAINS)--> [EVENT_BEFORE_ACTUAL_POS],"""IRM"" --(BEFORE)--> ""hypophysiogramme"" | ""hypophysiogramme"" --(BEFORE)--> ""traitement"" | ""traitement"" --(CONTAINS)--> ""opothérapie"""
188,42,FR100296,[EVENT_BEFORE_ACTUAL_POS] --(BEFORE)--> [EVENT_BEFORE_ACTUAL_POS] | [EVENT_BEFORE_ACTUAL_POS] --(BEFORE)--> [EVENT_BEFORE_ACTUAL_POS] | [EVENT_BEFORE_ACTUAL_POS] --(CONTAINS)--> [EVENT_BEFORE_ACTUAL_POS],"""examen"" --(BEFORE)--> ""IRM"" | ""IRM"" --(BEFORE)--> ""fenestration"" | ""fenestration"" --(CONTAINS)--> ""ablation"""
188,42,FR100344,[EVENT_BEFORE_ACTUAL_POS] --(BEFORE)--> [EVENT_BEFORE_ACTUAL_POS] | [EVENT_BEFORE_ACTUAL_POS] --(BEFORE)--> [EVENT_BEFORE_ACTUAL_POS] | [EVENT_BEFORE_ACTUAL_POS] --(CONTAINS)--> [EVENT_BEFORE_ACTUAL_POS],"""plainte"" --(BEFORE)--> ""examen"" | ""examen"" --(BEFORE)--> ""césarienne"" | ""césarienne"" --(CONTAINS)--> ""laissé"""
188,42,FR100371,[EVENT_BEFORE_ACTUAL_POS] --(BEFORE)--> [EVENT_BEFORE_ACTUAL_POS] | [EVENT_BEFORE_ACTUAL_POS] --(BEFORE)--> [EVENT_BEFORE_ACTUAL_POS] | [EVENT_BEFORE_ACTUAL_POS] --(CONTAINS)--> [EVENT_BEFORE_ACTUAL_POS],"""examen"" --(BEFORE)--> ""examen"" | ""examen"" --(BEFORE)--> ""bilan"" | ""bilan"" --(CONTAINS)--> ""bilan"""
188,42,FR100400,[EVENT_BEFORE_ACTUAL_POS] --(BEFORE)--> [EVENT_BEFORE_ACTUAL_POS] | [EVENT_BEFORE_ACTUAL_POS] --(BEFORE)--> [EVENT_BEFORE_ACTUAL_POS] | [EVENT_BEFORE_ACTUAL_POS] --(CONTAINS)--> [EVENT_BEFORE_ACTUAL_POS],"""stérilisation"" --(BEFORE)--> ""résection"" | ""résection"" --(BEFORE)--> ""suites"" | ""suites"" --(CONTAINS)--> ""sortante"""
188,42,FR100510,[EVENT_BEFORE_ACTUAL_POS] --(BEFORE)--> [EVENT_BEFORE_ACTUAL_POS] | [EVENT_BEFORE_ACTUAL_POS] --(BEFORE)--> [EVENT_BEFORE_ACTUAL_POS] | [EVENT_BEFORE_ACTUAL_POS] --(CONTAINS)--> [EVENT_BEFORE_ACTUAL_POS],"""résection"" --(BEFORE)--> ""examen"" | ""examen"" --(BEFORE)--> ""examen"" | ""examen"" --(CONTAINS)--> ""caractéristiques"""
188,42,FR100515,[EVENT_BEFORE_ACTUAL_POS] --(BEFORE)--> [EVENT_BEFORE_ACTUAL_POS] | [EVENT_BEFORE_ACTUAL_POS] --(BEFORE)--> [EVENT_BEFORE_ACTUAL_POS] | [EVENT_BEFORE_ACTUAL_POS] --(CONTAINS)--> [EVENT_BEFORE_ACTUAL_POS],"""retenu"" --(BEFORE)--> ""bilan"" | ""bilan"" --(BEFORE)--> ""bilan"" | ""bilan"" --(CONTAINS)--> ""explorations"""
188,42,FR100519,[EVENT_BEFORE_ACTUAL_POS] --(BEFORE)--> [EVENT_BEFORE_ACTUAL_POS] | [EVENT_BEFORE_ACTUAL_POS] --(BEFORE)--> [EVENT_BEFORE_ACTUAL_POS] | [EVENT_BEFORE_ACTUAL_POS] --(CONTAINS)--> [EVENT_BEFORE_ACTUAL_POS],"""hospitalisée"" --(BEFORE)--> ""entrée"" | ""entrée"" --(BEFORE)--> ""bilan"" | ""bilan"" --(CONTAINS)--> ""ECG"""
188,42,FR100589,[EVENT_BEFORE_ACTUAL_POS] --(BEFORE)--> [EVENT_BEFORE_ACTUAL_POS] | [EVENT_BEFORE_ACTUAL_POS] --(BEFORE)--> [EVENT_BEFORE_ACTUAL_POS] | [EVENT_BEFORE_ACTUAL_POS] --(CONTAINS)--> [EVENT_BEFORE_ACTUAL_POS],"""Cytométrie"" --(BEFORE)--> ""biopsie"" | ""biopsie"" --(BEFORE)--> ""bilan"" | ""bilan"" --(CONTAINS)--> ""tomodensitométrie"""
188,42,FR100597,[EVENT_BEFORE_ACTUAL_POS] --(BEFORE)--> [EVENT_BEFORE_ACTUAL_POS] | [EVENT_BEFORE_ACTUAL_POS] --(BEFORE)--> [EVENT_BEFORE_ACTUAL_POS] | [EVENT_BEFORE_ACTUAL_POS] --(CONTAINS)--> [EVENT_BEFORE_ACTUAL_POS],"""accouchements"" --(BEFORE)--> ""ménopausée"" | ""ménopausée"" --(BEFORE)--> ""consultation"" | ""consultation"" --(CONTAINS)--> ""examen"""
188,42,FR100611,[EVENT_BEFORE_ACTUAL_POS] --(BEFORE)--> [EVENT_BEFORE_ACTUAL_POS] | [EVENT_BEFORE_ACTUAL_POS] --(BEFORE)--> [EVENT_BEFORE_ACTUAL_POS] | [EVENT_BEFORE_ACTUAL_POS] --(CONTAINS)--> [EVENT_BEFORE_ACTUAL_POS],"""examen"" --(BEFORE)--> ""PCR"" | ""PCR"" --(BEFORE)--> ""TDM"" | ""TDM"" --(CONTAINS)--> ""image"""
188,42,FR100614,[EVENT_BEFORE_ACTUAL_POS] --(BEFORE)--> [EVENT_BEFORE_ACTUAL_POS] | [EVENT_BEFORE_ACTUAL_POS] --(BEFORE)--> [EVENT_BEFORE_ACTUAL_POS] | [EVENT_BEFORE_ACTUAL_POS] --(CONTAINS)--> [EVENT_BEFORE_ACTUAL_POS],"""exploration"" --(BEFORE)--> ""rupture"" | ""rupture"" --(BEFORE)--> ""intervention"" | ""intervention"" --(CONTAINS)--> ""éviter"""
188,42,FR100620,[EVENT_BEFORE_ACTUAL_POS] --(BEFORE)--> [EVENT_BEFORE_ACTUAL_POS] | [EVENT_BEFORE_ACTUAL_POS] --(BEFORE)--> [EVENT_BEFORE_ACTUAL_POS] | [EVENT_BEFORE_ACTUAL_POS] --(CONTAINS)--> [EVENT_BEFORE_ACTUAL_POS],"""pleurodèse"" --(BEFORE)--> ""biopsie"" | ""biopsie"" --(BEFORE)--> ""prise"" | ""prise"" --(CONTAINS)--> ""corticothérapie"""
188,42,FR100629,[EVENT_BEFORE_ACTUAL_POS] --(BEFORE)--> [EVENT_BEFORE_ACTUAL_POS] | [EVENT_BEFORE_ACTUAL_POS] --(BEFORE)--> [EVENT_BEFORE_ACTUAL_POS] | [EVENT_BEFORE_ACTUAL_POS] --(CONTAINS)--> [EVENT_BEFORE_ACTUAL_POS],"""examen"" --(BEFORE)--> ""radiographie"" | ""radiographie"" --(BEFORE)--> ""thoracoscopie"" | ""thoracoscopie"" --(CONTAINS)--> ""biopsie"""
188,42,FR100632,[EVENT_BEFORE_ACTUAL_POS] --(BEFORE)--> [EVENT_BEFORE_ACTUAL_POS] | [EVENT_BEFORE_ACTUAL_POS] --(BEFORE)--> [EVENT_BEFORE_ACTUAL_POS] | [EVENT_BEFORE_ACTUAL_POS] --(CONTAINS)--> [EVENT_BEFORE_ACTUAL_POS],"""interrogatoire"" --(BEFORE)--> ""examen"" | ""examen"" --(BEFORE)--> ""examen"" | ""examen"" --(CONTAINS)--> ""conservée"""
188,42,FR100658,[EVENT_BEFORE_ACTUAL_POS] --(BEFORE)--> [EVENT_BEFORE_ACTUAL_POS] | [EVENT_BEFORE_ACTUAL_POS] --(BEFORE)--> [EVENT_BEFORE_ACTUAL_POS] | [EVENT_BEFORE_ACTUAL_POS] --(CONTAINS)--> [EVENT_BEFORE_ACTUAL_POS],"""évaluation"" --(BEFORE)--> ""auscultation"" | ""auscultation"" --(BEFORE)--> ""examens"" | ""examens"" --(CONTAINS)--> ""bilan"""
188,42,FR100663,[EVENT_BEFORE_ACTUAL_POS] --(BEFORE)--> [EVENT_BEFORE_ACTUAL_POS] | [EVENT_BEFORE_ACTUAL_POS] --(BEFORE)--> [EVENT_BEFORE_ACTUAL_POS] | [EVENT_BEFORE_ACTUAL_POS] --(CONTAINS)--> [EVENT_BEFORE_ACTUAL_POS],"""taux"" --(BEFORE)--> ""tenté"" | ""tenté"" --(BEFORE)--> ""bilan"" | ""bilan"" --(CONTAINS)--> ""Taux"""
188,42,FR100666,[EVENT_BEFORE_ACTUAL_POS] --(BEFORE)--> [EVENT_BEFORE_ACTUAL_POS] | [EVENT_BEFORE_ACTUAL_POS] --(BEFORE)--> [EVENT_BEFORE_ACTUAL_POS] | [EVENT_BEFORE_ACTUAL_POS] --(CONTAINS)--> [EVENT_BEFORE_ACTUAL_POS],"""bilan"" --(BEFORE)--> ""classé"" | ""classé"" --(BEFORE)--> ""traitement"" | ""traitement"" --(CONTAINS)--> ""polychimiothérapie"""
188,42,FR100688,[EVENT_BEFORE_ACTUAL_POS] --(BEFORE)--> [EVENT_BEFORE_ACTUAL_POS] | [EVENT_BEFORE_ACTUAL_POS] --(BEFORE)--> [EVENT_BEFORE_ACTUAL_POS] | [EVENT_BEFORE_ACTUAL_POS] --(CONTAINS)--> [EVENT_BEFORE_ACTUAL_POS],"""incision"" --(BEFORE)--> ""analyse"" | ""analyse"" --(BEFORE)--> ""traitement"" | ""traitement"" --(CONTAINS)--> ""phase"""
188,42,FR100689,[EVENT_BEFORE_ACTUAL_POS] --(BEFORE)--> [EVENT_BEFORE_ACTUAL_POS] | [EVENT_BEFORE_ACTUAL_POS] --(BEFORE)--> [EVENT_BEFORE_ACTUAL_POS] | [EVENT_BEFORE_ACTUAL_POS] --(CONTAINS)--> [EVENT_BEFORE_ACTUAL_POS],"""examen"" --(BEFORE)--> ""retenu"" | ""retenu"" --(BEFORE)--> ""évolution"" | ""évolution"" --(CONTAINS)--> ""effacement"""
188,42,FR100708,[EVENT_BEFORE_ACTUAL_POS] --(BEFORE)--> [EVENT_BEFORE_ACTUAL_POS] | [EVENT_BEFORE_ACTUAL_POS] --(BEFORE)--> [EVENT_BEFORE_ACTUAL_POS] | [EVENT_BEFORE_ACTUAL_POS] --(CONTAINS)--> [EVENT_BEFORE_ACTUAL_POS],"""mammographie"" --(BEFORE)--> ""échographie"" | ""échographie"" --(BEFORE)--> ""ponction"" | ""ponction"" --(CONTAINS)--> ""ramenant"""
188,42,FR100717,[EVENT_BEFORE_ACTUAL_POS] --(BEFORE)--> [EVENT_BEFORE_ACTUAL_POS] | [EVENT_BEFORE_ACTUAL_POS] --(BEFORE)--> [EVENT_BEFORE_ACTUAL_POS] | [EVENT_BEFORE_ACTUAL_POS] --(CONTAINS)--> [EVENT_BEFORE_ACTUAL_POS],"""enlevée"" --(BEFORE)--> ""exploration"" | ""exploration"" --(BEFORE)--> ""suites"" | ""suites"" --(CONTAINS)--> ""régression"""
188,42,FR100806,[EVENT_BEFORE_ACTUAL_POS] --(BEFORE)--> [EVENT_BEFORE_ACTUAL_POS] | [EVENT_BEFORE_ACTUAL_POS] --(BEFORE)--> [EVENT_BEFORE_ACTUAL_POS] | [EVENT_BEFORE_ACTUAL_POS] --(CONTAINS)--> [EVENT_BEFORE_ACTUAL_POS],"""dosage"" --(BEFORE)--> ""échographies"" | ""échographies"" --(BEFORE)--> ""ponction"" | ""ponction"" --(CONTAINS)--> ""ramené"""
188,42,FR100826,[EVENT_BEFORE_ACTUAL_POS] --(BEFORE)--> [EVENT_BEFORE_ACTUAL_POS] | [EVENT_BEFORE_ACTUAL_POS] --(BEFORE)--> [EVENT_BEFORE_ACTUAL_POS] | [EVENT_BEFORE_ACTUAL_POS] --(CONTAINS)--> [EVENT_BEFORE_ACTUAL_POS],"""admis"" --(BEFORE)--> ""examen"" | ""examen"" --(BEFORE)--> ""bilan"" | ""bilan"" --(CONTAINS)--> ""tomodensitométrie"""
188,42,FR100845,[EVENT_BEFORE_ACTUAL_POS] --(BEFORE)--> [EVENT_BEFORE_ACTUAL_POS] | [EVENT_BEFORE_ACTUAL_POS] --(BEFORE)--> [EVENT_BEFORE_ACTUAL_POS] | [EVENT_BEFORE_ACTUAL_POS] --(CONTAINS)--> [EVENT_BEFORE_ACTUAL_POS],"""Consulte"" --(BEFORE)--> ""examen"" | ""examen"" --(BEFORE)--> ""examen"" | ""examen"" --(CONTAINS)--> ""toucher"""
188,42,FR100870,[EVENT_BEFORE_ACTUAL_POS] --(BEFORE)--> [EVENT_BEFORE_ACTUAL_POS] | [EVENT_BEFORE_ACTUAL_POS] --(BEFORE)--> [EVENT_BEFORE_ACTUAL_POS] | [EVENT_BEFORE_ACTUAL_POS] --(CONTAINS)--> [EVENT_BEFORE_ACTUAL_POS],"""bilan"" --(BEFORE)--> ""IRM"" | ""IRM"" --(BEFORE)--> ""électrophorèse"" | ""électrophorèse"" --(CONTAINS)--> ""découverte"""
188,42,FR100874,[EVENT_BEFORE_ACTUAL_POS] --(BEFORE)--> [EVENT_BEFORE_ACTUAL_POS] | [EVENT_BEFORE_ACTUAL_POS] --(BEFORE)--> [EVENT_BEFORE_ACTUAL_POS] | [EVENT_BEFORE_ACTUAL_POS] --(CONTAINS)--> [EVENT_BEFORE_ACTUAL_POS],"""hémogramme"" --(BEFORE)--> ""fibroscopie"" | ""fibroscopie"" --(BEFORE)--> ""transit"" | ""transit"" --(CONTAINS)--> ""image"""
188,42,FR100882,[EVENT_BEFORE_ACTUAL_POS] --(BEFORE)--> [EVENT_BEFORE_ACTUAL_POS] | [EVENT_BEFORE_ACTUAL_POS] --(BEFORE)--> [EVENT_BEFORE_ACTUAL_POS] | [EVENT_BEFORE_ACTUAL_POS] --(CONTAINS)--> [EVENT_BEFORE_ACTUAL_POS],"""sérologies"" --(BEFORE)--> ""sclérothérapie"" | ""sclérothérapie"" --(BEFORE)--> ""évolution"" | ""évolution"" --(CONTAINS)--> ""correction"""
188,42,FR100883,[EVENT_BEFORE_ACTUAL_POS] --(BEFORE)--> [EVENT_BEFORE_ACTUAL_POS] | [EVENT_BEFORE_ACTUAL_POS] --(BEFORE)--> [EVENT_BEFORE_ACTUAL_POS] | [EVENT_BEFORE_ACTUAL_POS] --(CONTAINS)--> [EVENT_BEFORE_ACTUAL_POS],"""biopsie"" --(BEFORE)--> ""bilan"" | ""bilan"" --(BEFORE)--> ""reçu"" | ""reçu"" --(CONTAINS)--> ""radiothérapie"""
188,42,FR100894,[EVENT_BEFORE_ACTUAL_POS] --(BEFORE)--> [EVENT_BEFORE_ACTUAL_POS] | [EVENT_BEFORE_ACTUAL_POS] --(BEFORE)--> [EVENT_BEFORE_ACTUAL_POS] | [EVENT_BEFORE_ACTUAL_POS] --(CONTAINS)--> [EVENT_BEFORE_ACTUAL_POS],"""arrivée"" --(BEFORE)--> ""pris"" | ""pris"" --(BEFORE)--> ""incision"" | ""incision"" --(CONTAINS)--> ""décompression"""
188,42,FR100903,[EVENT_BEFORE_ACTUAL_POS] --(BEFORE)--> [EVENT_BEFORE_ACTUAL_POS] | [EVENT_BEFORE_ACTUAL_POS] --(BEFORE)--> [EVENT_BEFORE_ACTUAL_POS] | [EVENT_BEFORE_ACTUAL_POS] --(CONTAINS)--> [EVENT_BEFORE_ACTUAL_POS],"""diagnostic"" --(BEFORE)--> ""écarté"" | ""écarté"" --(BEFORE)--> ""contrôles"" | ""contrôles"" --(CONTAINS)--> ""biométrie"""
188,42,FR100998,[EVENT_BEFORE_ACTUAL_POS] --(BEFORE)--> [EVENT_BEFORE_ACTUAL_POS] | [EVENT_BEFORE_ACTUAL_POS] --(BEFORE)--> [EVENT_BEFORE_ACTUAL_POS] | [EVENT_BEFORE_ACTUAL_POS] --(CONTAINS)--> [EVENT_BEFORE_ACTUAL_POS],"""test"" --(BEFORE)--> ""diagnostic"" | ""diagnostic"" --(BEFORE)--> ""traitée"" | ""traitée"" --(CONTAINS)--> ""cures"""
192,42,FR100078,[EVENT_BEFORE_ACTUAL_POS] --(BEFORE)--> [EVENT_BEFORE_ACTUAL_POS] | [EVENT_BEFORE_ACTUAL_POS] --(BEFORE)--> [EVENT_BEFORE_ACTUAL_POS] | [EVENT_BEFORE_ACTUAL_POS] --(OVERLAP)--> [EVENT_BEFORE_ACTUAL_POS],"""examen"" --(BEFORE)--> ""doppler"" | ""doppler"" --(BEFORE)--> ""doppler"" | ""doppler"" --(OVERLAP)--> ""indice"""
192,42,FR100120,[EVENT_BEFORE_ACTUAL_POS] --(BEFORE)--> [EVENT_BEFORE_ACTUAL_POS] | [EVENT_BEFORE_ACTUAL_POS] --(BEFORE)--> [EVENT_BEFORE_ACTUAL_POS] | [EVENT_BEFORE_ACTUAL_POS] --(OVERLAP)--> [EVENT_BEFORE_ACTUAL_POS],"""traitement"" --(BEFORE)--> ""retirées"" | ""retirées"" --(BEFORE)--> ""conclure"" | ""conclure"" --(OVERLAP)--> ""identifiées"""
192,42,FR100130,[EVENT_BEFORE_ACTUAL_POS] --(BEFORE)--> [EVENT_BEFORE_ACTUAL_POS] | [EVENT_BEFORE_ACTUAL_POS] --(BEFORE)--> [EVENT_BEFORE_ACTUAL_POS] | [EVENT_BEFORE_ACTUAL_POS] --(OVERLAP)--> [EVENT_BEFORE_ACTUAL_POS],"""traité"" --(BEFORE)--> ""administrées"" | ""administrées"" --(BEFORE)--> ""reçu"" | ""reçu"" --(OVERLAP)--> ""disparition"""
192,42,FR100132,[EVENT_BEFORE_ACTUAL_POS] --(BEFORE)--> [EVENT_BEFORE_ACTUAL_POS] | [EVENT_BEFORE_ACTUAL_POS] --(BEFORE)--> [EVENT_BEFORE_ACTUAL_POS] | [EVENT_BEFORE_ACTUAL_POS] --(OVERLAP)--> [EVENT_BEFORE_ACTUAL_POS],"""examen"" --(BEFORE)--> ""écho-Doppler"" | ""écho-Doppler"" --(BEFORE)--> ""reçu"" | ""reçu"" --(OVERLAP)--> ""psychothérapie"""
192,42,FR100142,[EVENT_BEFORE_ACTUAL_POS] --(BEFORE)--> [EVENT_BEFORE_ACTUAL_POS] | [EVENT_BEFORE_ACTUAL_POS] --(BEFORE)--> [EVENT_BEFORE_ACTUAL_POS] | [EVENT_BEFORE_ACTUAL_POS] --(OVERLAP)--> [EVENT_BEFORE_ACTUAL_POS],"""étude"" --(BEFORE)--> ""sérologie"" | ""sérologie"" --(BEFORE)--> ""évolution"" | ""évolution"" --(OVERLAP)--> ""altération"""
192,42,FR100168,[EVENT_BEFORE_ACTUAL_POS] --(BEFORE)--> [EVENT_BEFORE_ACTUAL_POS] | [EVENT_BEFORE_ACTUAL_POS] --(BEFORE)--> [EVENT_BEFORE_ACTUAL_POS] | [EVENT_BEFORE_ACTUAL_POS] --(OVERLAP)--> [EVENT_BEFORE_ACTUAL_POS],"""bilan"" --(BEFORE)--> ""tests"" | ""tests"" --(BEFORE)--> ""entretien"" | ""entretien"" --(OVERLAP)--> ""habitude"""
192,42,FR100255,[EVENT_BEFORE_ACTUAL_POS] --(BEFORE)--> [EVENT_BEFORE_ACTUAL_POS] | [EVENT_BEFORE_ACTUAL_POS] --(BEFORE)--> [EVENT_BEFORE_ACTUAL_POS] | [EVENT_BEFORE_ACTUAL_POS] --(OVERLAP)--> [EVENT_BEFORE_ACTUAL_POS],"""TDM"" --(BEFORE)--> ""bilan"" | ""bilan"" --(BEFORE)--> ""expulsé"" | ""expulsé"" --(OVERLAP)--> ""poids"""
192,42,FR100275,[EVENT_BEFORE_ACTUAL_POS] --(BEFORE)--> [EVENT_BEFORE_ACTUAL_POS] | [EVENT_BEFORE_ACTUAL_POS] --(BEFORE)--> [EVENT_BEFORE_ACTUAL_POS] | [EVENT_BEFORE_ACTUAL_POS] --(OVERLAP)--> [EVENT_BEFORE_ACTUAL_POS],"""incident"" --(BEFORE)--> ""pris"" | ""pris"" --(BEFORE)--> ""instauré"" | ""instauré"" --(OVERLAP)--> ""enquête"""
192,42,FR100314,[EVENT_BEFORE_ACTUAL_POS] --(BEFORE)--> [EVENT_BEFORE_ACTUAL_POS] | [EVENT_BEFORE_ACTUAL_POS] --(BEFORE)--> [EVENT_BEFORE_ACTUAL_POS] | [EVENT_BEFORE_ACTUAL_POS] --(OVERLAP)--> [EVENT_BEFORE_ACTUAL_POS],"""admise"" --(BEFORE)--> ""bilan"" | ""bilan"" --(BEFORE)--> ""drainage"" | ""drainage"" --(OVERLAP)--> ""analgésie"""
192,42,FR100344,[EVENT_BEFORE_ACTUAL_POS] --(BEFORE)--> [EVENT_BEFORE_ACTUAL_POS] | [EVENT_BEFORE_ACTUAL_POS] --(BEFORE)--> [EVENT_BEFORE_ACTUAL_POS] | [EVENT_BEFORE_ACTUAL_POS] --(OVERLAP)--> [EVENT_BEFORE_ACTUAL_POS],"""bilan"" --(BEFORE)--> ""contrôle"" | ""contrôle"" --(BEFORE)--> ""échographies"" | ""échographies"" --(OVERLAP)--> ""déroulée"""
192,42,FR100346,[EVENT_BEFORE_ACTUAL_POS] --(BEFORE)--> [EVENT_BEFORE_ACTUAL_POS] | [EVENT_BEFORE_ACTUAL_POS] --(BEFORE)--> [EVENT_BEFORE_ACTUAL_POS] | [EVENT_BEFORE_ACTUAL_POS] --(OVERLAP)--> [EVENT_BEFORE_ACTUAL_POS],"""bilan"" --(BEFORE)--> ""héparinothérapie"" | ""héparinothérapie"" --(BEFORE)--> ""anti-vitamine"" | ""anti-vitamine"" --(OVERLAP)--> ""antibiothérapie"""
192,42,FR100360,[EVENT_BEFORE_ACTUAL_POS] --(BEFORE)--> [EVENT_BEFORE_ACTUAL_POS] | [EVENT_BEFORE_ACTUAL_POS] --(BEFORE)--> [EVENT_BEFORE_ACTUAL_POS] | [EVENT_BEFORE_ACTUAL_POS] --(OVERLAP)--> [EVENT_BEFORE_ACTUAL_POS],"""tomodensitométrie"" --(BEFORE)--> ""radiothérapie"" | ""radiothérapie"" --(BEFORE)--> ""cures"" | ""cures"" --(OVERLAP)--> ""tolérance"""
192,42,FR100361,[EVENT_BEFORE_ACTUAL_POS] --(BEFORE)--> [EVENT_BEFORE_ACTUAL_POS] | [EVENT_BEFORE_ACTUAL_POS] --(BEFORE)--> [EVENT_BEFORE_ACTUAL_POS] | [EVENT_BEFORE_ACTUAL_POS] --(OVERLAP)--> [EVENT_BEFORE_ACTUAL_POS],"""bilan"" --(BEFORE)--> ""diagnostic"" | ""diagnostic"" --(BEFORE)--> ""traitement"" | ""traitement"" --(OVERLAP)--> ""améliorée"""
192,42,FR100400,[EVENT_BEFORE_ACTUAL_POS] --(BEFORE)--> [EVENT_BEFORE_ACTUAL_POS] | [EVENT_BEFORE_ACTUAL_POS] --(BEFORE)--> [EVENT_BEFORE_ACTUAL_POS] | [EVENT_BEFORE_ACTUAL_POS] --(OVERLAP)--> [EVENT_BEFORE_ACTUAL_POS],"""stérilisation"" --(BEFORE)--> ""résection"" | ""résection"" --(BEFORE)--> ""suites"" | ""suites"" --(OVERLAP)--> ""étude"""
192,42,FR100439,[EVENT_BEFORE_ACTUAL_POS] --(BEFORE)--> [EVENT_BEFORE_ACTUAL_POS] | [EVENT_BEFORE_ACTUAL_POS] --(BEFORE)--> [EVENT_BEFORE_ACTUAL_POS] | [EVENT_BEFORE_ACTUAL_POS] --(OVERLAP)--> [EVENT_BEFORE_ACTUAL_POS],"""endoscopie"" --(BEFORE)--> ""biopsies"" | ""biopsies"" --(BEFORE)--> ""analyse"" | ""analyse"" --(OVERLAP)--> ""analyse"""
192,42,FR100453,[EVENT_BEFORE_ACTUAL_POS] --(BEFORE)--> [EVENT_BEFORE_ACTUAL_POS] | [EVENT_BEFORE_ACTUAL_POS] --(BEFORE)--> [EVENT_BEFORE_ACTUAL_POS] | [EVENT_BEFORE_ACTUAL_POS] --(OVERLAP)--> [EVENT_BEFORE_ACTUAL_POS],"""radiographies"" --(BEFORE)--> ""porté"" | ""porté"" --(BEFORE)--> ""hospitalisé"" | ""hospitalisé"" --(OVERLAP)--> ""évolution"""
192,42,FR100517,[EVENT_BEFORE_ACTUAL_POS] --(BEFORE)--> [EVENT_BEFORE_ACTUAL_POS] | [EVENT_BEFORE_ACTUAL_POS] --(BEFORE)--> [EVENT_BEFORE_ACTUAL_POS] | [EVENT_BEFORE_ACTUAL_POS] --(OVERLAP)--> [EVENT_BEFORE_ACTUAL_POS],"""tomodensitométrie"" --(BEFORE)--> ""instauré"" | ""instauré"" --(BEFORE)--> ""évolution"" | ""évolution"" --(OVERLAP)--> ""amélioration"""
192,42,FR100519,[EVENT_BEFORE_ACTUAL_POS] --(BEFORE)--> [EVENT_BEFORE_ACTUAL_POS] | [EVENT_BEFORE_ACTUAL_POS] --(BEFORE)--> [EVENT_BEFORE_ACTUAL_POS] | [EVENT_BEFORE_ACTUAL_POS] --(OVERLAP)--> [EVENT_BEFORE_ACTUAL_POS],"""échodoppler"" --(BEFORE)--> ""retenue"" | ""retenue"" --(BEFORE)--> ""poursuivie"" | ""poursuivie"" --(OVERLAP)--> ""Fluindione"""
192,42,FR100589,[EVENT_BEFORE_ACTUAL_POS] --(BEFORE)--> [EVENT_BEFORE_ACTUAL_POS] | [EVENT_BEFORE_ACTUAL_POS] --(BEFORE)--> [EVENT_BEFORE_ACTUAL_POS] | [EVENT_BEFORE_ACTUAL_POS] --(OVERLAP)--> [EVENT_BEFORE_ACTUAL_POS],"""sérologie"" --(BEFORE)--> ""diagnostic"" | ""diagnostic"" --(BEFORE)--> ""corticothérapie"" | ""corticothérapie"" --(OVERLAP)--> ""amélioration"""
192,42,FR100597,[EVENT_BEFORE_ACTUAL_POS] --(BEFORE)--> [EVENT_BEFORE_ACTUAL_POS] | [EVENT_BEFORE_ACTUAL_POS] --(BEFORE)--> [EVENT_BEFORE_ACTUAL_POS] | [EVENT_BEFORE_ACTUAL_POS] --(OVERLAP)--> [EVENT_BEFORE_ACTUAL_POS],"""décidée"" --(BEFORE)--> ""laparotomie"" | ""laparotomie"" --(BEFORE)--> ""hystérectomie"" | ""hystérectomie"" --(OVERLAP)--> ""examen"""
192,42,FR100611,[EVENT_BEFORE_ACTUAL_POS] --(BEFORE)--> [EVENT_BEFORE_ACTUAL_POS] | [EVENT_BEFORE_ACTUAL_POS] --(BEFORE)--> [EVENT_BEFORE_ACTUAL_POS] | [EVENT_BEFORE_ACTUAL_POS] --(OVERLAP)--> [EVENT_BEFORE_ACTUAL_POS],"""sérologie"" --(BEFORE)--> ""hémogramme"" | ""hémogramme"" --(BEFORE)--> ""ionogramme"" | ""ionogramme"" --(OVERLAP)--> ""reste"""
192,42,FR100620,[EVENT_BEFORE_ACTUAL_POS] --(BEFORE)--> [EVENT_BEFORE_ACTUAL_POS] | [EVENT_BEFORE_ACTUAL_POS] --(BEFORE)--> [EVENT_BEFORE_ACTUAL_POS] | [EVENT_BEFORE_ACTUAL_POS] --(OVERLAP)--> [EVENT_BEFORE_ACTUAL_POS],"""pleurodèse"" --(BEFORE)--> ""biopsie"" | ""biopsie"" --(BEFORE)--> ""prise"" | ""prise"" --(OVERLAP)--> ""sevrage"""
192,42,FR100623,[EVENT_BEFORE_ACTUAL_POS] --(BEFORE)--> [EVENT_BEFORE_ACTUAL_POS] | [EVENT_BEFORE_ACTUAL_POS] --(BEFORE)--> [EVENT_BEFORE_ACTUAL_POS] | [EVENT_BEFORE_ACTUAL_POS] --(OVERLAP)--> [EVENT_BEFORE_ACTUAL_POS],"""retenu"" --(BEFORE)--> ""prise"" | ""prise"" --(BEFORE)--> ""analyse"" | ""analyse"" --(OVERLAP)--> ""diagnostic"""
192,42,FR100629,[EVENT_BEFORE_ACTUAL_POS] --(BEFORE)--> [EVENT_BEFORE_ACTUAL_POS] | [EVENT_BEFORE_ACTUAL_POS] --(BEFORE)--> [EVENT_BEFORE_ACTUAL_POS] | [EVENT_BEFORE_ACTUAL_POS] --(OVERLAP)--> [EVENT_BEFORE_ACTUAL_POS],"""bilan"" --(BEFORE)--> ""décision"" | ""décision"" --(BEFORE)--> ""évolution"" | ""évolution"" --(OVERLAP)--> ""chimiothérapie"""
192,42,FR100632,[EVENT_BEFORE_ACTUAL_POS] --(BEFORE)--> [EVENT_BEFORE_ACTUAL_POS] | [EVENT_BEFORE_ACTUAL_POS] --(BEFORE)--> [EVENT_BEFORE_ACTUAL_POS] | [EVENT_BEFORE_ACTUAL_POS] --(OVERLAP)--> [EVENT_BEFORE_ACTUAL_POS],"""sérologie"" --(BEFORE)--> ""diagnostic"" | ""diagnostic"" --(BEFORE)--> ""mis"" | ""mis"" --(OVERLAP)--> ""traitement"""
192,42,FR100663,[EVENT_BEFORE_ACTUAL_POS] --(BEFORE)--> [EVENT_BEFORE_ACTUAL_POS] | [EVENT_BEFORE_ACTUAL_POS] --(BEFORE)--> [EVENT_BEFORE_ACTUAL_POS] | [EVENT_BEFORE_ACTUAL_POS] --(OVERLAP)--> [EVENT_BEFORE_ACTUAL_POS],"""incisée"" --(BEFORE)--> ""vérifié"" | ""vérifié"" --(BEFORE)--> ""reprise"" | ""reprise"" --(OVERLAP)--> ""assurée"""
192,42,FR100666,[EVENT_BEFORE_ACTUAL_POS] --(BEFORE)--> [EVENT_BEFORE_ACTUAL_POS] | [EVENT_BEFORE_ACTUAL_POS] --(BEFORE)--> [EVENT_BEFORE_ACTUAL_POS] | [EVENT_BEFORE_ACTUAL_POS] --(OVERLAP)--> [EVENT_BEFORE_ACTUAL_POS],"""biopsie"" --(BEFORE)--> ""étude"" | ""étude"" --(BEFORE)--> ""adressé"" | ""adressé"" --(OVERLAP)--> ""prise"""
192,42,FR100683,[EVENT_BEFORE_ACTUAL_POS] --(BEFORE)--> [EVENT_BEFORE_ACTUAL_POS] | [EVENT_BEFORE_ACTUAL_POS] --(BEFORE)--> [EVENT_BEFORE_ACTUAL_POS] | [EVENT_BEFORE_ACTUAL_POS] --(OVERLAP)--> [EVENT_BEFORE_ACTUAL_POS],"""écho-mammographie"" --(BEFORE)--> ""osteodensitométrie"" | ""osteodensitométrie"" --(BEFORE)--> ""traitée"" | ""traitée"" --(OVERLAP)--> ""évolution"""
192,42,FR100697,[EVENT_BEFORE_ACTUAL_POS] --(BEFORE)--> [EVENT_BEFORE_ACTUAL_POS] | [EVENT_BEFORE_ACTUAL_POS] --(BEFORE)--> [EVENT_BEFORE_ACTUAL_POS] | [EVENT_BEFORE_ACTUAL_POS] --(OVERLAP)--> [EVENT_BEFORE_ACTUAL_POS],"""échographie"" --(BEFORE)--> ""examen"" | ""examen"" --(BEFORE)--> ""immunomarquage"" | ""immunomarquage"" --(OVERLAP)--> ""tout"""
192,42,FR100708,[EVENT_BEFORE_ACTUAL_POS] --(BEFORE)--> [EVENT_BEFORE_ACTUAL_POS] | [EVENT_BEFORE_ACTUAL_POS] --(BEFORE)--> [EVENT_BEFORE_ACTUAL_POS] | [EVENT_BEFORE_ACTUAL_POS] --(OVERLAP)--> [EVENT_BEFORE_ACTUAL_POS],"""échographie"" --(BEFORE)--> ""ponction"" | ""ponction"" --(BEFORE)--> ""redémarré"" | ""redémarré"" --(OVERLAP)--> ""évolution"""
192,42,FR100717,[EVENT_BEFORE_ACTUAL_POS] --(BEFORE)--> [EVENT_BEFORE_ACTUAL_POS] | [EVENT_BEFORE_ACTUAL_POS] --(BEFORE)--> [EVENT_BEFORE_ACTUAL_POS] | [EVENT_BEFORE_ACTUAL_POS] --(OVERLAP)--> [EVENT_BEFORE_ACTUAL_POS],"""enlevée"" --(BEFORE)--> ""exploration"" | ""exploration"" --(BEFORE)--> ""suites"" | ""suites"" --(OVERLAP)--> ""évolution"""
192,42,FR100748,[EVENT_BEFORE_ACTUAL_POS] --(BEFORE)--> [EVENT_BEFORE_ACTUAL_POS] | [EVENT_BEFORE_ACTUAL_POS] --(BEFORE)--> [EVENT_BEFORE_ACTUAL_POS] | [EVENT_BEFORE_ACTUAL_POS] --(OVERLAP)--> [EVENT_BEFORE_ACTUAL_POS],"""transférée"" --(BEFORE)--> ""regagné"" | ""regagné"" --(BEFORE)--> ""recul"" | ""recul"" --(OVERLAP)--> ""chiffres"""
192,42,FR100780,[EVENT_BEFORE_ACTUAL_POS] --(BEFORE)--> [EVENT_BEFORE_ACTUAL_POS] | [EVENT_BEFORE_ACTUAL_POS] --(BEFORE)--> [EVENT_BEFORE_ACTUAL_POS] | [EVENT_BEFORE_ACTUAL_POS] --(OVERLAP)--> [EVENT_BEFORE_ACTUAL_POS],"""examen"" --(BEFORE)--> ""toucher"" | ""toucher"" --(BEFORE)--> ""échographie"" | ""échographie"" --(OVERLAP)--> ""doppler"""
192,42,FR100806,[EVENT_BEFORE_ACTUAL_POS] --(BEFORE)--> [EVENT_BEFORE_ACTUAL_POS] | [EVENT_BEFORE_ACTUAL_POS] --(BEFORE)--> [EVENT_BEFORE_ACTUAL_POS] | [EVENT_BEFORE_ACTUAL_POS] --(OVERLAP)--> [EVENT_BEFORE_ACTUAL_POS],"""prise"" --(BEFORE)--> ""référée"" | ""référée"" --(BEFORE)--> ""examen"" | ""examen"" --(OVERLAP)--> ""pression"""
192,42,FR100826,[EVENT_BEFORE_ACTUAL_POS] --(BEFORE)--> [EVENT_BEFORE_ACTUAL_POS] | [EVENT_BEFORE_ACTUAL_POS] --(BEFORE)--> [EVENT_BEFORE_ACTUAL_POS] | [EVENT_BEFORE_ACTUAL_POS] --(OVERLAP)--> [EVENT_BEFORE_ACTUAL_POS],"""bilan"" --(BEFORE)--> ""bilan"" | ""bilan"" --(BEFORE)--> ""retenue"" | ""retenue"" --(OVERLAP)--> ""indication"""
192,42,FR100845,[EVENT_BEFORE_ACTUAL_POS] --(BEFORE)--> [EVENT_BEFORE_ACTUAL_POS] | [EVENT_BEFORE_ACTUAL_POS] --(BEFORE)--> [EVENT_BEFORE_ACTUAL_POS] | [EVENT_BEFORE_ACTUAL_POS] --(OVERLAP)--> [EVENT_BEFORE_ACTUAL_POS],"""détresse"" --(BEFORE)--> ""intubée"" | ""intubée"" --(BEFORE)--> ""ventilées"" | ""ventilées"" --(OVERLAP)--> ""échec"""
192,42,FR100849,[EVENT_BEFORE_ACTUAL_POS] --(BEFORE)--> [EVENT_BEFORE_ACTUAL_POS] | [EVENT_BEFORE_ACTUAL_POS] --(BEFORE)--> [EVENT_BEFORE_ACTUAL_POS] | [EVENT_BEFORE_ACTUAL_POS] --(OVERLAP)--> [EVENT_BEFORE_ACTUAL_POS],"""tomodensitométrie"" --(BEFORE)--> ""acheminé"" | ""acheminé"" --(BEFORE)--> ""découverte"" | ""découverte"" --(OVERLAP)--> ""geste"""
192,42,FR100870,[EVENT_BEFORE_ACTUAL_POS] --(BEFORE)--> [EVENT_BEFORE_ACTUAL_POS] | [EVENT_BEFORE_ACTUAL_POS] --(BEFORE)--> [EVENT_BEFORE_ACTUAL_POS] | [EVENT_BEFORE_ACTUAL_POS] --(OVERLAP)--> [EVENT_BEFORE_ACTUAL_POS],"""sérologie"" --(BEFORE)--> ""retenu"" | ""retenu"" --(BEFORE)--> ""radiothérapie"" | ""radiothérapie"" --(OVERLAP)--> ""chimiothérapie"""
192,42,FR100874,[EVENT_BEFORE_ACTUAL_POS] --(BEFORE)--> [EVENT_BEFORE_ACTUAL_POS] | [EVENT_BEFORE_ACTUAL_POS] --(BEFORE)--> [EVENT_BEFORE_ACTUAL_POS] | [EVENT_BEFORE_ACTUAL_POS] --(OVERLAP)--> [EVENT_BEFORE_ACTUAL_POS],"""tomodensitométrie"" --(BEFORE)--> ""retenu"" | ""retenu"" --(BEFORE)--> ""mise"" | ""mise"" --(OVERLAP)--> ""transfusions"""
192,42,FR100882,[EVENT_BEFORE_ACTUAL_POS] --(BEFORE)--> [EVENT_BEFORE_ACTUAL_POS] | [EVENT_BEFORE_ACTUAL_POS] --(BEFORE)--> [EVENT_BEFORE_ACTUAL_POS] | [EVENT_BEFORE_ACTUAL_POS] --(OVERLAP)--> [EVENT_BEFORE_ACTUAL_POS],"""IRM"" --(BEFORE)--> ""scanner"" | ""scanner"" --(BEFORE)--> ""laminectomie"" | ""laminectomie"" --(OVERLAP)--> ""décompression"""
192,42,FR100894,[EVENT_BEFORE_ACTUAL_POS] --(BEFORE)--> [EVENT_BEFORE_ACTUAL_POS] | [EVENT_BEFORE_ACTUAL_POS] --(BEFORE)--> [EVENT_BEFORE_ACTUAL_POS] | [EVENT_BEFORE_ACTUAL_POS] --(OVERLAP)--> [EVENT_BEFORE_ACTUAL_POS],"""arrivée"" --(BEFORE)--> ""pris"" | ""pris"" --(BEFORE)--> ""incision"" | ""incision"" --(OVERLAP)--> ""rompu"""
192,42,FR100932,[EVENT_BEFORE_ACTUAL_POS] --(BEFORE)--> [EVENT_BEFORE_ACTUAL_POS] | [EVENT_BEFORE_ACTUAL_POS] --(BEFORE)--> [EVENT_BEFORE_ACTUAL_POS] | [EVENT_BEFORE_ACTUAL_POS] --(OVERLAP)--> [EVENT_BEFORE_ACTUAL_POS],"""mise"" --(BEFORE)--> ""opérée"" | ""opérée"" --(BEFORE)--> ""évolution"" | ""évolution"" --(OVERLAP)--> ""suivie"""
12,41,FR100003,[EVENT_BEFORE_ACTUAL_POS] --(CONTAINS)--> [EVENT_BEFORE_ACTUAL_POS] | [EVENT_BEFORE_ACTUAL_POS] --(OVERLAP)--> [EVENT_BEFORE_ACTUAL_POS],"""état"" --(CONTAINS)--> ""Lexamen"" | ""état"" --(OVERLAP)--> ""bilan"""
12,41,FR100078,[EVENT_BEFORE_ACTUAL_POS] --(CONTAINS)--> [EVENT_BEFORE_ACTUAL_POS] | [EVENT_BEFORE_ACTUAL_POS] --(OVERLAP)--> [EVENT_BEFORE_ACTUAL_POS],"""ulcères"" --(CONTAINS)--> ""hospitalisation"" | ""ulcères"" --(OVERLAP)--> ""récidives"""
12,41,FR100092,[EVENT_BEFORE_ACTUAL_POS] --(CONTAINS)--> [EVENT_BEFORE_ACTUAL_POS] | [EVENT_BEFORE_ACTUAL_POS] --(OVERLAP)--> [EVENT_BEFORE_ACTUAL_POS],"""appendicite"" --(CONTAINS)--> ""étude"" | ""appendicite"" --(OVERLAP)--> ""réaction"""
12,41,FR100120,[EVENT_BEFORE_ACTUAL_POS] --(CONTAINS)--> [EVENT_BEFORE_ACTUAL_POS] | [EVENT_BEFORE_ACTUAL_POS] --(OVERLAP)--> [EVENT_BEFORE_ACTUAL_POS],"""antécédents"" --(CONTAINS)--> ""diabète"" | ""antécédents"" --(OVERLAP)--> ""détachement"""
12,41,FR100130,[EVENT_BEFORE_ACTUAL_POS] --(CONTAINS)--> [EVENT_BEFORE_ACTUAL_POS] | [EVENT_BEFORE_ACTUAL_POS] --(OVERLAP)--> [EVENT_BEFORE_ACTUAL_POS],"""réflexes"" --(CONTAINS)--> ""examen"" | ""réflexes"" --(OVERLAP)--> ""réflexe"""
12,41,FR100132,[EVENT_BEFORE_ACTUAL_POS] --(CONTAINS)--> [EVENT_BEFORE_ACTUAL_POS] | [EVENT_BEFORE_ACTUAL_POS] --(OVERLAP)--> [EVENT_BEFORE_ACTUAL_POS],"""consultation"" --(CONTAINS)--> ""référée"" | ""consultation"" --(OVERLAP)--> ""antécédents"""
12,41,FR100142,[EVENT_BEFORE_ACTUAL_POS] --(CONTAINS)--> [EVENT_BEFORE_ACTUAL_POS] | [EVENT_BEFORE_ACTUAL_POS] --(OVERLAP)--> [EVENT_BEFORE_ACTUAL_POS],"""marquage"" --(CONTAINS)--> ""étude"" | ""marquage"" --(OVERLAP)--> ""maladie"""
12,41,FR100161,[EVENT_BEFORE_ACTUAL_POS] --(CONTAINS)--> [EVENT_BEFORE_ACTUAL_POS] | [EVENT_BEFORE_ACTUAL_POS] --(OVERLAP)--> [EVENT_BEFORE_ACTUAL_POS],"""sérologie"" --(CONTAINS)--> ""examens"" | ""sérologie"" --(OVERLAP)--> ""charge"""
12,41,FR100168,[EVENT_BEFORE_ACTUAL_POS] --(CONTAINS)--> [EVENT_BEFORE_ACTUAL_POS] | [EVENT_BEFORE_ACTUAL_POS] --(OVERLAP)--> [EVENT_BEFORE_ACTUAL_POS],"""entretien"" --(CONTAINS)--> ""dévoiler"" | ""entretien"" --(OVERLAP)--> ""habitude"""
12,41,FR100275,[EVENT_BEFORE_ACTUAL_POS] --(CONTAINS)--> [EVENT_BEFORE_ACTUAL_POS] | [EVENT_BEFORE_ACTUAL_POS] --(OVERLAP)--> [EVENT_BEFORE_ACTUAL_POS],"""manœuvres"" --(CONTAINS)--> ""massages"" | ""manœuvres"" --(OVERLAP)--> ""permettent"""
12,41,FR100282,[EVENT_BEFORE_ACTUAL_POS] --(CONTAINS)--> [EVENT_BEFORE_ACTUAL_POS] | [EVENT_BEFORE_ACTUAL_POS] --(OVERLAP)--> [EVENT_BEFORE_ACTUAL_POS],"""crises"" --(CONTAINS)--> ""soumis"" | ""crises"" --(OVERLAP)--> ""perte"""
12,41,FR100296,[EVENT_BEFORE_ACTUAL_POS] --(CONTAINS)--> [EVENT_BEFORE_ACTUAL_POS] | [EVENT_BEFORE_ACTUAL_POS] --(OVERLAP)--> [EVENT_BEFORE_ACTUAL_POS],"""émergence"" --(CONTAINS)--> ""fenestration"" | ""émergence"" --(OVERLAP)--> ""conflit"""
12,41,FR100361,[EVENT_BEFORE_ACTUAL_POS] --(CONTAINS)--> [EVENT_BEFORE_ACTUAL_POS] | [EVENT_BEFORE_ACTUAL_POS] --(OVERLAP)--> [EVENT_BEFORE_ACTUAL_POS],"""méningo-vascularite"" --(CONTAINS)--> ""révélant"" | ""méningo-vascularite"" --(OVERLAP)--> ""adénome"""
12,41,FR100371,[EVENT_BEFORE_ACTUAL_POS] --(CONTAINS)--> [EVENT_BEFORE_ACTUAL_POS] | [EVENT_BEFORE_ACTUAL_POS] --(OVERLAP)--> [EVENT_BEFORE_ACTUAL_POS],"""tension"" --(CONTAINS)--> ""examen"" | ""tension"" --(OVERLAP)--> ""pulsation"""
12,41,FR100400,[EVENT_BEFORE_ACTUAL_POS] --(CONTAINS)--> [EVENT_BEFORE_ACTUAL_POS] | [EVENT_BEFORE_ACTUAL_POS] --(OVERLAP)--> [EVENT_BEFORE_ACTUAL_POS],"""suites"" --(CONTAINS)--> ""sortante"" | ""suites"" --(OVERLAP)--> ""étude"""
12,41,FR100517,[EVENT_BEFORE_ACTUAL_POS] --(CONTAINS)--> [EVENT_BEFORE_ACTUAL_POS] | [EVENT_BEFORE_ACTUAL_POS] --(OVERLAP)--> [EVENT_BEFORE_ACTUAL_POS],"""bilan"" --(CONTAINS)--> ""fibroscopie"" | ""bilan"" --(OVERLAP)--> ""amélioration"""
12,41,FR100579,[EVENT_BEFORE_ACTUAL_POS] --(CONTAINS)--> [EVENT_BEFORE_ACTUAL_POS] | [EVENT_BEFORE_ACTUAL_POS] --(OVERLAP)--> [EVENT_BEFORE_ACTUAL_POS],"""antécédents"" --(CONTAINS)--> ""traumatisme"" | ""antécédents"" --(OVERLAP)--> ""consulte"""
12,41,FR100589,[EVENT_BEFORE_ACTUAL_POS] --(CONTAINS)--> [EVENT_BEFORE_ACTUAL_POS] | [EVENT_BEFORE_ACTUAL_POS] --(OVERLAP)--> [EVENT_BEFORE_ACTUAL_POS],"""toux"" --(CONTAINS)--> ""hospitalisation"" | ""toux"" --(OVERLAP)--> ""dyspnée"""
12,41,FR100597,[EVENT_BEFORE_ACTUAL_POS] --(CONTAINS)--> [EVENT_BEFORE_ACTUAL_POS] | [EVENT_BEFORE_ACTUAL_POS] --(OVERLAP)--> [EVENT_BEFORE_ACTUAL_POS],"""hystérectomie"" --(CONTAINS)--> ""annexectomie"" | ""hystérectomie"" --(OVERLAP)--> ""examen"""
12,41,FR100620,[EVENT_BEFORE_ACTUAL_POS] --(CONTAINS)--> [EVENT_BEFORE_ACTUAL_POS] | [EVENT_BEFORE_ACTUAL_POS] --(OVERLAP)--> [EVENT_BEFORE_ACTUAL_POS],"""évolution"" --(CONTAINS)--> ""récidive"" | ""évolution"" --(OVERLAP)--> ""pleurodèse"""
12,41,FR100632,[EVENT_BEFORE_ACTUAL_POS] --(CONTAINS)--> [EVENT_BEFORE_ACTUAL_POS] | [EVENT_BEFORE_ACTUAL_POS] --(OVERLAP)--> [EVENT_BEFORE_ACTUAL_POS],"""myélite"" --(CONTAINS)--> ""diagnostic"" | ""myélite"" --(OVERLAP)--> ""hépatite"""
12,41,FR100658,[EVENT_BEFORE_ACTUAL_POS] --(CONTAINS)--> [EVENT_BEFORE_ACTUAL_POS] | [EVENT_BEFORE_ACTUAL_POS] --(OVERLAP)--> [EVENT_BEFORE_ACTUAL_POS],"""Opéré"" --(CONTAINS)--> ""exérèse"" | ""Opéré"" --(OVERLAP)--> ""antécédents"""
12,41,FR100666,[EVENT_BEFORE_ACTUAL_POS] --(CONTAINS)--> [EVENT_BEFORE_ACTUAL_POS] | [EVENT_BEFORE_ACTUAL_POS] --(OVERLAP)--> [EVENT_BEFORE_ACTUAL_POS],"""COPADEM"" --(CONTAINS)--> ""doxorubicine"" | ""COPADEM"" --(OVERLAP)--> ""CYVE"""
12,41,FR100683,[EVENT_BEFORE_ACTUAL_POS] --(CONTAINS)--> [EVENT_BEFORE_ACTUAL_POS] | [EVENT_BEFORE_ACTUAL_POS] --(OVERLAP)--> [EVENT_BEFORE_ACTUAL_POS],"""taux"" --(CONTAINS)--> ""exploration"" | ""taux"" --(OVERLAP)--> ""LH"""
12,41,FR100689,[EVENT_BEFORE_ACTUAL_POS] --(CONTAINS)--> [EVENT_BEFORE_ACTUAL_POS] | [EVENT_BEFORE_ACTUAL_POS] --(OVERLAP)--> [EVENT_BEFORE_ACTUAL_POS],"""épisode"" --(CONTAINS)--> ""évolution"" | ""épisode"" --(OVERLAP)--> ""mis"""
12,41,FR100697,[EVENT_BEFORE_ACTUAL_POS] --(CONTAINS)--> [EVENT_BEFORE_ACTUAL_POS] | [EVENT_BEFORE_ACTUAL_POS] --(OVERLAP)--> [EVENT_BEFORE_ACTUAL_POS],"""adénopathies"" --(CONTAINS)--> ""échographie"" | ""adénopathies"" --(OVERLAP)--> ""épaississement"""
12,41,FR100717,[EVENT_BEFORE_ACTUAL_POS] --(CONTAINS)--> [EVENT_BEFORE_ACTUAL_POS] | [EVENT_BEFORE_ACTUAL_POS] --(OVERLAP)--> [EVENT_BEFORE_ACTUAL_POS],"""évolution"" --(CONTAINS)--> ""installation"" | ""évolution"" --(OVERLAP)--> ""rééducation"""
12,41,FR100748,[EVENT_BEFORE_ACTUAL_POS] --(CONTAINS)--> [EVENT_BEFORE_ACTUAL_POS] | [EVENT_BEFORE_ACTUAL_POS] --(OVERLAP)--> [EVENT_BEFORE_ACTUAL_POS],"""ouverture"" --(CONTAINS)--> ""aborder"" | ""ouverture"" --(OVERLAP)--> ""libération"""
12,41,FR100780,[EVENT_BEFORE_ACTUAL_POS] --(CONTAINS)--> [EVENT_BEFORE_ACTUAL_POS] | [EVENT_BEFORE_ACTUAL_POS] --(OVERLAP)--> [EVENT_BEFORE_ACTUAL_POS],"""examen"" --(CONTAINS)--> ""température"" | ""examen"" --(OVERLAP)--> ""obstétrical"""
12,41,FR100849,[EVENT_BEFORE_ACTUAL_POS] --(CONTAINS)--> [EVENT_BEFORE_ACTUAL_POS] | [EVENT_BEFORE_ACTUAL_POS] --(OVERLAP)--> [EVENT_BEFORE_ACTUAL_POS],"""admission"" --(CONTAINS)--> ""examen"" | ""admission"" --(OVERLAP)--> ""pouls"""
12,41,FR100870,[EVENT_BEFORE_ACTUAL_POS] --(CONTAINS)--> [EVENT_BEFORE_ACTUAL_POS] | [EVENT_BEFORE_ACTUAL_POS] --(OVERLAP)--> [EVENT_BEFORE_ACTUAL_POS],"""anomalie"" --(CONTAINS)--> ""imagerie"" | ""anomalie"" --(OVERLAP)--> ""processus"""
12,41,FR100882,[EVENT_BEFORE_ACTUAL_POS] --(CONTAINS)--> [EVENT_BEFORE_ACTUAL_POS] | [EVENT_BEFORE_ACTUAL_POS] --(OVERLAP)--> [EVENT_BEFORE_ACTUAL_POS],"""troubles"" --(CONTAINS)--> ""admise"" | ""troubles"" --(OVERLAP)--> ""aggravation"""
12,41,FR100894,[EVENT_BEFORE_ACTUAL_POS] --(CONTAINS)--> [EVENT_BEFORE_ACTUAL_POS] | [EVENT_BEFORE_ACTUAL_POS] --(OVERLAP)--> [EVENT_BEFORE_ACTUAL_POS],"""incision"" --(CONTAINS)--> ""décompression"" | ""incision"" --(OVERLAP)--> ""rompu"""
12,41,FR100903,[EVENT_BEFORE_ACTUAL_POS] --(CONTAINS)--> [EVENT_BEFORE_ACTUAL_POS] | [EVENT_BEFORE_ACTUAL_POS] --(OVERLAP)--> [EVENT_BEFORE_ACTUAL_POS],"""protubérance"" --(CONTAINS)--> ""échographie"" | ""protubérance"" --(OVERLAP)--> ""inversée"""
12,41,FR100919,[EVENT_BEFORE_ACTUAL_POS] --(CONTAINS)--> [EVENT_BEFORE_ACTUAL_POS] | [EVENT_BEFORE_ACTUAL_POS] --(OVERLAP)--> [EVENT_BEFORE_ACTUAL_POS],"""prise"" --(CONTAINS)--> ""considérée"" | ""prise"" --(OVERLAP)--> ""correction"""
12,41,FR100925,[EVENT_BEFORE_ACTUAL_POS] --(CONTAINS)--> [EVENT_BEFORE_ACTUAL_POS] | [EVENT_BEFORE_ACTUAL_POS] --(OVERLAP)--> [EVENT_BEFORE_ACTUAL_POS],"""évolution"" --(CONTAINS)--> ""apparition"" | ""évolution"" --(OVERLAP)--> ""rémission"""
12,41,FR100996,[EVENT_BEFORE_ACTUAL_POS] --(CONTAINS)--> [EVENT_BEFORE_ACTUAL_POS] | [EVENT_BEFORE_ACTUAL_POS] --(OVERLAP)--> [EVENT_BEFORE_ACTUAL_POS],"""hernie"" --(CONTAINS)--> ""retenu"" | ""hernie"" --(OVERLAP)--> ""signe"""
135,40,FR100003,[EVENT_BEFORE_ACTUAL_POS] --(BEFORE)--> [EVENT_BEFORE_ACTUAL_POS] | [EVENT_BEFORE_ACTUAL_POS] --(BEFORE)--> [EVENT_BEFORE_ACTUAL_POS] | [EVENT_BEFORE_ACTUAL_POS] --(BEFORE)--> [EVENT_BEFORE_ACTUAL_POS] | [EVENT_BEFORE_ACTUAL_POS] --(BEFORE)--> [EVENT_BEFORE_ACTUAL_POS] | [EVENT_BEFORE_ACTUAL_POS] --(BEFORE)--> [EVENT_BEFORE_ACTUAL_POS] | [EVENT_BEFORE_ACTUAL_POS] --(BEFORE)--> [EVENT_BEFORE_ACTUAL_POS],"""TDM"" --(BEFORE)--> ""panoramique"" | ""panoramique"" --(BEFORE)--> ""ponction"" | ""ponction"" --(BEFORE)--> ""examen"" | ""examen"" --(BEFORE)--> ""examen"" | ""examen"" --(BEFORE)--> ""antibiothérapie"" | ""antibiothérapie"" --(BEFORE)--> ""bloc"""
135,40,FR100092,[EVENT_BEFORE_ACTUAL_POS] --(BEFORE)--> [EVENT_BEFORE_ACTUAL_POS] | [EVENT_BEFORE_ACTUAL_POS] --(BEFORE)--> [EVENT_BEFORE_ACTUAL_POS] | [EVENT_BEFORE_ACTUAL_POS] --(BEFORE)--> [EVENT_BEFORE_ACTUAL_POS] | [EVENT_BEFORE_ACTUAL_POS] --(BEFORE)--> [EVENT_BEFORE_ACTUAL_POS] | [EVENT_BEFORE_ACTUAL_POS] --(BEFORE)--> [EVENT_BEFORE_ACTUAL_POS] | [EVENT_BEFORE_ACTUAL_POS] --(BEFORE)--> [EVENT_BEFORE_ACTUAL_POS],"""admise"" --(BEFORE)--> ""examen"" | ""examen"" --(BEFORE)--> ""examen"" | ""examen"" --(BEFORE)--> ""examen"" | ""examen"" --(BEFORE)--> ""échographie"" | ""échographie"" --(BEFORE)--> ""tableau"" | ""tableau"" --(BEFORE)--> ""reste"""
135,40,FR100130,[EVENT_BEFORE_ACTUAL_POS] --(BEFORE)--> [EVENT_BEFORE_ACTUAL_POS] | [EVENT_BEFORE_ACTUAL_POS] --(BEFORE)--> [EVENT_BEFORE_ACTUAL_POS] | [EVENT_BEFORE_ACTUAL_POS] --(BEFORE)--> [EVENT_BEFORE_ACTUAL_POS] | [EVENT_BEFORE_ACTUAL_POS] --(BEFORE)--> [EVENT_BEFORE_ACTUAL_POS] | [EVENT_BEFORE_ACTUAL_POS] --(BEFORE)--> [EVENT_BEFORE_ACTUAL_POS] | [EVENT_BEFORE_ACTUAL_POS] --(BEFORE)--> [EVENT_BEFORE_ACTUAL_POS],"""admis"" --(BEFORE)--> ""plaignait"" | ""plaignait"" --(BEFORE)--> ""examen"" | ""examen"" --(BEFORE)--> ""biologie"" | ""biologie"" --(BEFORE)--> ""glycémie"" | ""glycémie"" --(BEFORE)--> ""confirmé"" | ""confirmé"" --(BEFORE)--> ""recherche"""
135,40,FR100142,[EVENT_BEFORE_ACTUAL_POS] --(BEFORE)--> [EVENT_BEFORE_ACTUAL_POS] | [EVENT_BEFORE_ACTUAL_POS] --(BEFORE)--> [EVENT_BEFORE_ACTUAL_POS] | [EVENT_BEFORE_ACTUAL_POS] --(BEFORE)--> [EVENT_BEFORE_ACTUAL_POS] | [EVENT_BEFORE_ACTUAL_POS] --(BEFORE)--> [EVENT_BEFORE_ACTUAL_POS] | [EVENT_BEFORE_ACTUAL_POS] --(BEFORE)--> [EVENT_BEFORE_ACTUAL_POS] | [EVENT_BEFORE_ACTUAL_POS] --(BEFORE)--> [EVENT_BEFORE_ACTUAL_POS],"""examen"" --(BEFORE)--> ""électrophorèse"" | ""électrophorèse"" --(BEFORE)--> ""scanner"" | ""scanner"" --(BEFORE)--> ""fibroscopie"" | ""fibroscopie"" --(BEFORE)--> ""biopsie"" | ""biopsie"" --(BEFORE)--> ""mis"" | ""mis"" --(BEFORE)--> ""bithérapie"""
135,40,FR100161,[EVENT_BEFORE_ACTUAL_POS] --(BEFORE)--> [EVENT_BEFORE_ACTUAL_POS] | [EVENT_BEFORE_ACTUAL_POS] --(BEFORE)--> [EVENT_BEFORE_ACTUAL_POS] | [EVENT_BEFORE_ACTUAL_POS] --(BEFORE)--> [EVENT_BEFORE_ACTUAL_POS] | [EVENT_BEFORE_ACTUAL_POS] --(BEFORE)--> [EVENT_BEFORE_ACTUAL_POS] | [EVENT_BEFORE_ACTUAL_POS] --(BEFORE)--> [EVENT_BEFORE_ACTUAL_POS] | [EVENT_BEFORE_ACTUAL_POS] --(BEFORE)--> [EVENT_BEFORE_ACTUAL_POS],"""examen"" --(BEFORE)--> ""examens"" | ""examens"" --(BEFORE)--> ""radiographie"" | ""radiographie"" --(BEFORE)--> ""complément"" | ""complément"" --(BEFORE)--> ""cortisol"" | ""cortisol"" --(BEFORE)--> ""exérèse"" | ""exérèse"" --(BEFORE)--> ""examen"""
135,40,FR100255,[EVENT_BEFORE_ACTUAL_POS] --(BEFORE)--> [EVENT_BEFORE_ACTUAL_POS] | [EVENT_BEFORE_ACTUAL_POS] --(BEFORE)--> [EVENT_BEFORE_ACTUAL_POS] | [EVENT_BEFORE_ACTUAL_POS] --(BEFORE)--> [EVENT_BEFORE_ACTUAL_POS] | [EVENT_BEFORE_ACTUAL_POS] --(BEFORE)--> [EVENT_BEFORE_ACTUAL_POS] | [EVENT_BEFORE_ACTUAL_POS] --(BEFORE)--> [EVENT_BEFORE_ACTUAL_POS] | [EVENT_BEFORE_ACTUAL_POS] --(BEFORE)--> [EVENT_BEFORE_ACTUAL_POS],"""examen"" --(BEFORE)--> ""examen"" | ""examen"" --(BEFORE)--> ""échographie"" | ""échographie"" --(BEFORE)--> ""mise"" | ""mise"" --(BEFORE)--> ""réveillée"" | ""réveillée"" --(BEFORE)--> ""radio"" | ""radio"" --(BEFORE)--> ""TDM"""
135,40,FR100275,[EVENT_BEFORE_ACTUAL_POS] --(BEFORE)--> [EVENT_BEFORE_ACTUAL_POS] | [EVENT_BEFORE_ACTUAL_POS] --(BEFORE)--> [EVENT_BEFORE_ACTUAL_POS] | [EVENT_BEFORE_ACTUAL_POS] --(BEFORE)--> [EVENT_BEFORE_ACTUAL_POS] | [EVENT_BEFORE_ACTUAL_POS] --(BEFORE)--> [EVENT_BEFORE_ACTUAL_POS] | [EVENT_BEFORE_ACTUAL_POS] --(BEFORE)--> [EVENT_BEFORE_ACTUAL_POS] | [EVENT_BEFORE_ACTUAL_POS] --(BEFORE)--> [EVENT_BEFORE_ACTUAL_POS],"""découverte"" --(BEFORE)--> ""arrivée"" | ""arrivée"" --(BEFORE)--> ""établi"" | ""établi"" --(BEFORE)--> ""manœuvres"" | ""manœuvres"" --(BEFORE)--> ""transféré"" | ""transféré"" --(BEFORE)--> ""anamnèse"" | ""anamnèse"" --(BEFORE)--> ""examen"""
135,40,FR100346,[EVENT_BEFORE_ACTUAL_POS] --(BEFORE)--> [EVENT_BEFORE_ACTUAL_POS] | [EVENT_BEFORE_ACTUAL_POS] --(BEFORE)--> [EVENT_BEFORE_ACTUAL_POS] | [EVENT_BEFORE_ACTUAL_POS] --(BEFORE)--> [EVENT_BEFORE_ACTUAL_POS] | [EVENT_BEFORE_ACTUAL_POS] --(BEFORE)--> [EVENT_BEFORE_ACTUAL_POS] | [EVENT_BEFORE_ACTUAL_POS] --(BEFORE)--> [EVENT_BEFORE_ACTUAL_POS] | [EVENT_BEFORE_ACTUAL_POS] --(BEFORE)--> [EVENT_BEFORE_ACTUAL_POS],"""gazométrie"" --(BEFORE)--> ""reste"" | ""reste"" --(BEFORE)--> ""radiographie"" | ""radiographie"" --(BEFORE)--> ""angioscanner"" | ""angioscanner"" --(BEFORE)--> ""echo-dopler"" | ""echo-dopler"" --(BEFORE)--> ""IRM"" | ""IRM"" --(BEFORE)--> ""scanner"""
135,40,FR100360,[EVENT_BEFORE_ACTUAL_POS] --(BEFORE)--> [EVENT_BEFORE_ACTUAL_POS] | [EVENT_BEFORE_ACTUAL_POS] --(BEFORE)--> [EVENT_BEFORE_ACTUAL_POS] | [EVENT_BEFORE_ACTUAL_POS] --(BEFORE)--> [EVENT_BEFORE_ACTUAL_POS] | [EVENT_BEFORE_ACTUAL_POS] --(BEFORE)--> [EVENT_BEFORE_ACTUAL_POS] | [EVENT_BEFORE_ACTUAL_POS] --(BEFORE)--> [EVENT_BEFORE_ACTUAL_POS] | [EVENT_BEFORE_ACTUAL_POS] --(BEFORE)--> [EVENT_BEFORE_ACTUAL_POS],"""curage"" --(BEFORE)--> ""radiothérapie"" | ""radiothérapie"" --(BEFORE)--> ""fin"" | ""fin"" --(BEFORE)--> ""tomodensitométrie"" | ""tomodensitométrie"" --(BEFORE)--> ""complément"" | ""complément"" --(BEFORE)--> ""biopsie"" | ""biopsie"" --(BEFORE)--> ""étude"""
135,40,FR100361,[EVENT_BEFORE_ACTUAL_POS] --(BEFORE)--> [EVENT_BEFORE_ACTUAL_POS] | [EVENT_BEFORE_ACTUAL_POS] --(BEFORE)--> [EVENT_BEFORE_ACTUAL_POS] | [EVENT_BEFORE_ACTUAL_POS] --(BEFORE)--> [EVENT_BEFORE_ACTUAL_POS] | [EVENT_BEFORE_ACTUAL_POS] --(BEFORE)--> [EVENT_BEFORE_ACTUAL_POS] | [EVENT_BEFORE_ACTUAL_POS] --(BEFORE)--> [EVENT_BEFORE_ACTUAL_POS] | [EVENT_BEFORE_ACTUAL_POS] --(BEFORE)--> [EVENT_BEFORE_ACTUAL_POS],"""examen"" --(BEFORE)--> ""TDM"" | ""TDM"" --(BEFORE)--> ""ponction"" | ""ponction"" --(BEFORE)--> ""examen"" | ""examen"" --(BEFORE)--> ""examen"" | ""examen"" --(BEFORE)--> ""culture"" | ""culture"" --(BEFORE)--> ""protéine"""
135,40,FR100371,[EVENT_BEFORE_ACTUAL_POS] --(BEFORE)--> [EVENT_BEFORE_ACTUAL_POS] | [EVENT_BEFORE_ACTUAL_POS] --(BEFORE)--> [EVENT_BEFORE_ACTUAL_POS] | [EVENT_BEFORE_ACTUAL_POS] --(BEFORE)--> [EVENT_BEFORE_ACTUAL_POS] | [EVENT_BEFORE_ACTUAL_POS] --(BEFORE)--> [EVENT_BEFORE_ACTUAL_POS] | [EVENT_BEFORE_ACTUAL_POS] --(BEFORE)--> [EVENT_BEFORE_ACTUAL_POS] | [EVENT_BEFORE_ACTUAL_POS] --(BEFORE)--> [EVENT_BEFORE_ACTUAL_POS],"""adressée"" --(BEFORE)--> ""admission"" | ""admission"" --(BEFORE)--> ""examen"" | ""examen"" --(BEFORE)--> ""examen"" | ""examen"" --(BEFORE)--> ""bilan"" | ""bilan"" --(BEFORE)--> ""bilan"" | ""bilan"" --(BEFORE)--> ""intervention"""
135,40,FR100400,[EVENT_BEFORE_ACTUAL_POS] --(BEFORE)--> [EVENT_BEFORE_ACTUAL_POS] | [EVENT_BEFORE_ACTUAL_POS] --(BEFORE)--> [EVENT_BEFORE_ACTUAL_POS] | [EVENT_BEFORE_ACTUAL_POS] --(BEFORE)--> [EVENT_BEFORE_ACTUAL_POS] | [EVENT_BEFORE_ACTUAL_POS] --(BEFORE)--> [EVENT_BEFORE_ACTUAL_POS] | [EVENT_BEFORE_ACTUAL_POS] --(BEFORE)--> [EVENT_BEFORE_ACTUAL_POS] | [EVENT_BEFORE_ACTUAL_POS] --(BEFORE)--> [EVENT_BEFORE_ACTUAL_POS],"""Radiographie"" --(BEFORE)--> ""échographie"" | ""échographie"" --(BEFORE)--> ""scanner"" | ""scanner"" --(BEFORE)--> ""diagnostic"" | ""diagnostic"" --(BEFORE)--> ""exploration"" | ""exploration"" --(BEFORE)--> ""résection"" | ""résection"" --(BEFORE)--> ""drainage"""
135,40,FR100439,[EVENT_BEFORE_ACTUAL_POS] --(BEFORE)--> [EVENT_BEFORE_ACTUAL_POS] | [EVENT_BEFORE_ACTUAL_POS] --(BEFORE)--> [EVENT_BEFORE_ACTUAL_POS] | [EVENT_BEFORE_ACTUAL_POS] --(BEFORE)--> [EVENT_BEFORE_ACTUAL_POS] | [EVENT_BEFORE_ACTUAL_POS] --(BEFORE)--> [EVENT_BEFORE_ACTUAL_POS] | [EVENT_BEFORE_ACTUAL_POS] --(BEFORE)--> [EVENT_BEFORE_ACTUAL_POS] | [EVENT_BEFORE_ACTUAL_POS] --(BEFORE)--> [EVENT_BEFORE_ACTUAL_POS],"""établie"" --(BEFORE)--> ""demandée"" | ""demandée"" --(BEFORE)--> ""examen"" | ""examen"" --(BEFORE)--> ""classée"" | ""classée"" --(BEFORE)--> ""bénéficier"" | ""bénéficier"" --(BEFORE)--> ""nasofibroscopie"" | ""nasofibroscopie"" --(BEFORE)--> ""contrôles"""
135,40,FR100448,[EVENT_BEFORE_ACTUAL_POS] --(BEFORE)--> [EVENT_BEFORE_ACTUAL_POS] | [EVENT_BEFORE_ACTUAL_POS] --(BEFORE)--> [EVENT_BEFORE_ACTUAL_POS] | [EVENT_BEFORE_ACTUAL_POS] --(BEFORE)--> [EVENT_BEFORE_ACTUAL_POS] | [EVENT_BEFORE_ACTUAL_POS] --(BEFORE)--> [EVENT_BEFORE_ACTUAL_POS] | [EVENT_BEFORE_ACTUAL_POS] --(BEFORE)--> [EVENT_BEFORE_ACTUAL_POS] | [EVENT_BEFORE_ACTUAL_POS] --(BEFORE)--> [EVENT_BEFORE_ACTUAL_POS],"""examen"" --(BEFORE)--> ""échotomographie"" | ""échotomographie"" --(BEFORE)--> ""hémi thyroïdectomie"" | ""hémi thyroïdectomie"" --(BEFORE)--> ""examen"" | ""examen"" --(BEFORE)--> ""histochimie"" | ""histochimie"" --(BEFORE)--> ""scanner"" | ""scanner"" --(BEFORE)--> ""tomographie"""
135,40,FR100480,[EVENT_BEFORE_ACTUAL_POS] --(BEFORE)--> [EVENT_BEFORE_ACTUAL_POS] | [EVENT_BEFORE_ACTUAL_POS] --(BEFORE)--> [EVENT_BEFORE_ACTUAL_POS] | [EVENT_BEFORE_ACTUAL_POS] --(BEFORE)--> [EVENT_BEFORE_ACTUAL_POS] | [EVENT_BEFORE_ACTUAL_POS] --(BEFORE)--> [EVENT_BEFORE_ACTUAL_POS] | [EVENT_BEFORE_ACTUAL_POS] --(BEFORE)--> [EVENT_BEFORE_ACTUAL_POS] | [EVENT_BEFORE_ACTUAL_POS] --(BEFORE)--> [EVENT_BEFORE_ACTUAL_POS],"""examen"" --(BEFORE)--> ""imagerie"" | ""imagerie"" --(BEFORE)--> ""bilan"" | ""bilan"" --(BEFORE)--> ""scanner"" | ""scanner"" --(BEFORE)--> ""Tomographie"" | ""Tomographie"" --(BEFORE)--> ""reprise"" | ""reprise"" --(BEFORE)--> ""débuté"""
135,40,FR100517,[EVENT_BEFORE_ACTUAL_POS] --(BEFORE)--> [EVENT_BEFORE_ACTUAL_POS] | [EVENT_BEFORE_ACTUAL_POS] --(BEFORE)--> [EVENT_BEFORE_ACTUAL_POS] | [EVENT_BEFORE_ACTUAL_POS] --(BEFORE)--> [EVENT_BEFORE_ACTUAL_POS] | [EVENT_BEFORE_ACTUAL_POS] --(BEFORE)--> [EVENT_BEFORE_ACTUAL_POS] | [EVENT_BEFORE_ACTUAL_POS] --(BEFORE)--> [EVENT_BEFORE_ACTUAL_POS] | [EVENT_BEFORE_ACTUAL_POS] --(BEFORE)--> [EVENT_BEFORE_ACTUAL_POS],"""bilan"" --(BEFORE)--> ""mise"" | ""mise"" --(BEFORE)--> ""auscultation"" | ""auscultation"" --(BEFORE)--> ""radiographie"" | ""radiographie"" --(BEFORE)--> ""tomodensitométrie"" | ""tomodensitométrie"" --(BEFORE)--> ""instauré"" | ""instauré"" --(BEFORE)--> ""remise"""
135,40,FR100519,[EVENT_BEFORE_ACTUAL_POS] --(BEFORE)--> [EVENT_BEFORE_ACTUAL_POS] | [EVENT_BEFORE_ACTUAL_POS] --(BEFORE)--> [EVENT_BEFORE_ACTUAL_POS] | [EVENT_BEFORE_ACTUAL_POS] --(BEFORE)--> [EVENT_BEFORE_ACTUAL_POS] | [EVENT_BEFORE_ACTUAL_POS] --(BEFORE)--> [EVENT_BEFORE_ACTUAL_POS] | [EVENT_BEFORE_ACTUAL_POS] --(BEFORE)--> [EVENT_BEFORE_ACTUAL_POS] | [EVENT_BEFORE_ACTUAL_POS] --(BEFORE)--> [EVENT_BEFORE_ACTUAL_POS],"""hospitalisée"" --(BEFORE)--> ""entrée"" | ""entrée"" --(BEFORE)--> ""bilan"" | ""bilan"" --(BEFORE)--> ""angioscanner"" | ""angioscanner"" --(BEFORE)--> ""échodoppler"" | ""échodoppler"" --(BEFORE)--> ""retenue"" | ""retenue"" --(BEFORE)--> ""poursuivie"""
135,40,FR100589,[EVENT_BEFORE_ACTUAL_POS] --(BEFORE)--> [EVENT_BEFORE_ACTUAL_POS] | [EVENT_BEFORE_ACTUAL_POS] --(BEFORE)--> [EVENT_BEFORE_ACTUAL_POS] | [EVENT_BEFORE_ACTUAL_POS] --(BEFORE)--> [EVENT_BEFORE_ACTUAL_POS] | [EVENT_BEFORE_ACTUAL_POS] --(BEFORE)--> [EVENT_BEFORE_ACTUAL_POS] | [EVENT_BEFORE_ACTUAL_POS] --(BEFORE)--> [EVENT_BEFORE_ACTUAL_POS] | [EVENT_BEFORE_ACTUAL_POS] --(BEFORE)--> [EVENT_BEFORE_ACTUAL_POS],"""biopsies"" --(BEFORE)--> ""exploration"" | ""exploration"" --(BEFORE)--> ""hémogramme"" | ""hémogramme"" --(BEFORE)--> ""Cytométrie"" | ""Cytométrie"" --(BEFORE)--> ""biopsie"" | ""biopsie"" --(BEFORE)--> ""bilan"" | ""bilan"" --(BEFORE)--> ""caryotype"""
135,40,FR100597,[EVENT_BEFORE_ACTUAL_POS] --(BEFORE)--> [EVENT_BEFORE_ACTUAL_POS] | [EVENT_BEFORE_ACTUAL_POS] --(BEFORE)--> [EVENT_BEFORE_ACTUAL_POS] | [EVENT_BEFORE_ACTUAL_POS] --(BEFORE)--> [EVENT_BEFORE_ACTUAL_POS] | [EVENT_BEFORE_ACTUAL_POS] --(BEFORE)--> [EVENT_BEFORE_ACTUAL_POS] | [EVENT_BEFORE_ACTUAL_POS] --(BEFORE)--> [EVENT_BEFORE_ACTUAL_POS] | [EVENT_BEFORE_ACTUAL_POS] --(BEFORE)--> [EVENT_BEFORE_ACTUAL_POS],"""examen"" --(BEFORE)--> ""examen"" | ""examen"" --(BEFORE)--> ""examen"" | ""examen"" --(BEFORE)--> ""toucher"" | ""toucher"" --(BEFORE)--> ""reste"" | ""reste"" --(BEFORE)--> ""échographie"" | ""échographie"" --(BEFORE)--> ""complété"""
135,40,FR100611,[EVENT_BEFORE_ACTUAL_POS] --(BEFORE)--> [EVENT_BEFORE_ACTUAL_POS] | [EVENT_BEFORE_ACTUAL_POS] --(BEFORE)--> [EVENT_BEFORE_ACTUAL_POS] | [EVENT_BEFORE_ACTUAL_POS] --(BEFORE)--> [EVENT_BEFORE_ACTUAL_POS] | [EVENT_BEFORE_ACTUAL_POS] --(BEFORE)--> [EVENT_BEFORE_ACTUAL_POS] | [EVENT_BEFORE_ACTUAL_POS] --(BEFORE)--> [EVENT_BEFORE_ACTUAL_POS] | [EVENT_BEFORE_ACTUAL_POS] --(BEFORE)--> [EVENT_BEFORE_ACTUAL_POS],"""IRM"" --(BEFORE)--> ""étude"" | ""étude"" --(BEFORE)--> ""examen"" | ""examen"" --(BEFORE)--> ""PCR"" | ""PCR"" --(BEFORE)--> ""TDM"" | ""TDM"" --(BEFORE)--> ""biopsie"" | ""biopsie"" --(BEFORE)--> ""recherche"""
135,40,FR100614,[EVENT_BEFORE_ACTUAL_POS] --(BEFORE)--> [EVENT_BEFORE_ACTUAL_POS] | [EVENT_BEFORE_ACTUAL_POS] --(BEFORE)--> [EVENT_BEFORE_ACTUAL_POS] | [EVENT_BEFORE_ACTUAL_POS] --(BEFORE)--> [EVENT_BEFORE_ACTUAL_POS] | [EVENT_BEFORE_ACTUAL_POS] --(BEFORE)--> [EVENT_BEFORE_ACTUAL_POS] | [EVENT_BEFORE_ACTUAL_POS] --(BEFORE)--> [EVENT_BEFORE_ACTUAL_POS] | [EVENT_BEFORE_ACTUAL_POS] --(BEFORE)--> [EVENT_BEFORE_ACTUAL_POS],"""examen"" --(BEFORE)--> ""échographique"" | ""échographique"" --(BEFORE)--> ""tomodensitométrie"" | ""tomodensitométrie"" --(BEFORE)--> ""radiographie"" | ""radiographie"" --(BEFORE)--> ""taux"" | ""taux"" --(BEFORE)--> ""exploration"" | ""exploration"" --(BEFORE)--> ""rupture"""
135,40,FR100620,[EVENT_BEFORE_ACTUAL_POS] --(BEFORE)--> [EVENT_BEFORE_ACTUAL_POS] | [EVENT_BEFORE_ACTUAL_POS] --(BEFORE)--> [EVENT_BEFORE_ACTUAL_POS] | [EVENT_BEFORE_ACTUAL_POS] --(BEFORE)--> [EVENT_BEFORE_ACTUAL_POS] | [EVENT_BEFORE_ACTUAL_POS] --(BEFORE)--> [EVENT_BEFORE_ACTUAL_POS] | [EVENT_BEFORE_ACTUAL_POS] --(BEFORE)--> [EVENT_BEFORE_ACTUAL_POS] | [EVENT_BEFORE_ACTUAL_POS] --(BEFORE)--> [EVENT_BEFORE_ACTUAL_POS],"""radiographie"" --(BEFORE)--> ""drainage"" | ""drainage"" --(BEFORE)--> ""radiographie"" | ""radiographie"" --(BEFORE)--> ""demandé"" | ""demandé"" --(BEFORE)--> ""aspect"" | ""aspect"" --(BEFORE)--> ""bronchoscopie"" | ""bronchoscopie"" --(BEFORE)--> ""bilan"""
135,40,FR100623,[EVENT_BEFORE_ACTUAL_POS] --(BEFORE)--> [EVENT_BEFORE_ACTUAL_POS] | [EVENT_BEFORE_ACTUAL_POS] --(BEFORE)--> [EVENT_BEFORE_ACTUAL_POS] | [EVENT_BEFORE_ACTUAL_POS] --(BEFORE)--> [EVENT_BEFORE_ACTUAL_POS] | [EVENT_BEFORE_ACTUAL_POS] --(BEFORE)--> [EVENT_BEFORE_ACTUAL_POS] | [EVENT_BEFORE_ACTUAL_POS] --(BEFORE)--> [EVENT_BEFORE_ACTUAL_POS] | [EVENT_BEFORE_ACTUAL_POS] --(BEFORE)--> [EVENT_BEFORE_ACTUAL_POS],"""consulté"" --(BEFORE)--> ""examen"" | ""examen"" --(BEFORE)--> ""échographie"" | ""échographie"" --(BEFORE)--> ""tomodensitométrie"" | ""tomodensitométrie"" --(BEFORE)--> ""retenu"" | ""retenu"" --(BEFORE)--> ""prise"" | ""prise"" --(BEFORE)--> ""analyse"""
135,40,FR100629,[EVENT_BEFORE_ACTUAL_POS] --(BEFORE)--> [EVENT_BEFORE_ACTUAL_POS] | [EVENT_BEFORE_ACTUAL_POS] --(BEFORE)--> [EVENT_BEFORE_ACTUAL_POS] | [EVENT_BEFORE_ACTUAL_POS] --(BEFORE)--> [EVENT_BEFORE_ACTUAL_POS] | [EVENT_BEFORE_ACTUAL_POS] --(BEFORE)--> [EVENT_BEFORE_ACTUAL_POS] | [EVENT_BEFORE_ACTUAL_POS] --(BEFORE)--> [EVENT_BEFORE_ACTUAL_POS] | [EVENT_BEFORE_ACTUAL_POS] --(BEFORE)--> [EVENT_BEFORE_ACTUAL_POS],"""examen"" --(BEFORE)--> ""radiographie"" | ""radiographie"" --(BEFORE)--> ""thoracoscopie"" | ""thoracoscopie"" --(BEFORE)--> ""marquage"" | ""marquage"" --(BEFORE)--> ""bilan"" | ""bilan"" --(BEFORE)--> ""décision"" | ""décision"" --(BEFORE)--> ""évolution"""
135,40,FR100632,[EVENT_BEFORE_ACTUAL_POS] --(BEFORE)--> [EVENT_BEFORE_ACTUAL_POS] | [EVENT_BEFORE_ACTUAL_POS] --(BEFORE)--> [EVENT_BEFORE_ACTUAL_POS] | [EVENT_BEFORE_ACTUAL_POS] --(BEFORE)--> [EVENT_BEFORE_ACTUAL_POS] | [EVENT_BEFORE_ACTUAL_POS] --(BEFORE)--> [EVENT_BEFORE_ACTUAL_POS] | [EVENT_BEFORE_ACTUAL_POS] --(BEFORE)--> [EVENT_BEFORE_ACTUAL_POS] | [EVENT_BEFORE_ACTUAL_POS] --(BEFORE)--> [EVENT_BEFORE_ACTUAL_POS],"""interrogatoire"" --(BEFORE)--> ""examen"" | ""examen"" --(BEFORE)--> ""examen"" | ""examen"" --(BEFORE)--> ""IRM"" | ""IRM"" --(BEFORE)--> ""IRM"" | ""IRM"" --(BEFORE)--> ""étude"" | ""étude"" --(BEFORE)--> ""numération"""
135,40,FR100663,[EVENT_BEFORE_ACTUAL_POS] --(BEFORE)--> [EVENT_BEFORE_ACTUAL_POS] | [EVENT_BEFORE_ACTUAL_POS] --(BEFORE)--> [EVENT_BEFORE_ACTUAL_POS] | [EVENT_BEFORE_ACTUAL_POS] --(BEFORE)--> [EVENT_BEFORE_ACTUAL_POS] | [EVENT_BEFORE_ACTUAL_POS] --(BEFORE)--> [EVENT_BEFORE_ACTUAL_POS] | [EVENT_BEFORE_ACTUAL_POS] --(BEFORE)--> [EVENT_BEFORE_ACTUAL_POS] | [EVENT_BEFORE_ACTUAL_POS] --(BEFORE)--> [EVENT_BEFORE_ACTUAL_POS],"""ligature"" --(BEFORE)--> ""incisée"" | ""incisée"" --(BEFORE)--> ""vérifié"" | ""vérifié"" --(BEFORE)--> ""reprise"" | ""reprise"" --(BEFORE)--> ""fermé"" | ""fermé"" --(BEFORE)--> ""sortie"" | ""sortie"" --(BEFORE)--> ""surveillance"""
135,40,FR100666,[EVENT_BEFORE_ACTUAL_POS] --(BEFORE)--> [EVENT_BEFORE_ACTUAL_POS] | [EVENT_BEFORE_ACTUAL_POS] --(BEFORE)--> [EVENT_BEFORE_ACTUAL_POS] | [EVENT_BEFORE_ACTUAL_POS] --(BEFORE)--> [EVENT_BEFORE_ACTUAL_POS] | [EVENT_BEFORE_ACTUAL_POS] --(BEFORE)--> [EVENT_BEFORE_ACTUAL_POS] | [EVENT_BEFORE_ACTUAL_POS] --(BEFORE)--> [EVENT_BEFORE_ACTUAL_POS] | [EVENT_BEFORE_ACTUAL_POS] --(BEFORE)--> [EVENT_BEFORE_ACTUAL_POS],"""étude"" --(BEFORE)--> ""adressé"" | ""adressé"" --(BEFORE)--> ""bilan"" | ""bilan"" --(BEFORE)--> ""myologramme"" | ""myologramme"" --(BEFORE)--> ""bilan"" | ""bilan"" --(BEFORE)--> ""classé"" | ""classé"" --(BEFORE)--> ""traitement"""
135,40,FR100683,[EVENT_BEFORE_ACTUAL_POS] --(BEFORE)--> [EVENT_BEFORE_ACTUAL_POS] | [EVENT_BEFORE_ACTUAL_POS] --(BEFORE)--> [EVENT_BEFORE_ACTUAL_POS] | [EVENT_BEFORE_ACTUAL_POS] --(BEFORE)--> [EVENT_BEFORE_ACTUAL_POS] | [EVENT_BEFORE_ACTUAL_POS] --(BEFORE)--> [EVENT_BEFORE_ACTUAL_POS] | [EVENT_BEFORE_ACTUAL_POS] --(BEFORE)--> [EVENT_BEFORE_ACTUAL_POS] | [EVENT_BEFORE_ACTUAL_POS] --(BEFORE)--> [EVENT_BEFORE_ACTUAL_POS],"""examen"" --(BEFORE)--> ""exploration"" | ""exploration"" --(BEFORE)--> ""exploration"" | ""exploration"" --(BEFORE)--> ""IRM"" | ""IRM"" --(BEFORE)--> ""écho-mammographie"" | ""écho-mammographie"" --(BEFORE)--> ""osteodensitométrie"" | ""osteodensitométrie"" --(BEFORE)--> ""IRM"""
135,40,FR100688,[EVENT_BEFORE_ACTUAL_POS] --(BEFORE)--> [EVENT_BEFORE_ACTUAL_POS] | [EVENT_BEFORE_ACTUAL_POS] --(BEFORE)--> [EVENT_BEFORE_ACTUAL_POS] | [EVENT_BEFORE_ACTUAL_POS] --(BEFORE)--> [EVENT_BEFORE_ACTUAL_POS] | [EVENT_BEFORE_ACTUAL_POS] --(BEFORE)--> [EVENT_BEFORE_ACTUAL_POS] | [EVENT_BEFORE_ACTUAL_POS] --(BEFORE)--> [EVENT_BEFORE_ACTUAL_POS] | [EVENT_BEFORE_ACTUAL_POS] --(BEFORE)--> [EVENT_BEFORE_ACTUAL_POS],"""examen"" --(BEFORE)--> ""examen"" | ""examen"" --(BEFORE)--> ""examen"" | ""examen"" --(BEFORE)--> ""sérologie"" | ""sérologie"" --(BEFORE)--> ""radiographie"" | ""radiographie"" --(BEFORE)--> ""échographie"" | ""échographie"" --(BEFORE)--> ""radiographie"""
135,40,FR100689,[EVENT_BEFORE_ACTUAL_POS] --(BEFORE)--> [EVENT_BEFORE_ACTUAL_POS] | [EVENT_BEFORE_ACTUAL_POS] --(BEFORE)--> [EVENT_BEFORE_ACTUAL_POS] | [EVENT_BEFORE_ACTUAL_POS] --(BEFORE)--> [EVENT_BEFORE_ACTUAL_POS] | [EVENT_BEFORE_ACTUAL_POS] --(BEFORE)--> [EVENT_BEFORE_ACTUAL_POS] | [EVENT_BEFORE_ACTUAL_POS] --(BEFORE)--> [EVENT_BEFORE_ACTUAL_POS] | [EVENT_BEFORE_ACTUAL_POS] --(BEFORE)--> [EVENT_BEFORE_ACTUAL_POS],"""examen"" --(BEFORE)--> ""PCR"" | ""PCR"" --(BEFORE)--> ""scanner"" | ""scanner"" --(BEFORE)--> ""hémogramme"" | ""hémogramme"" --(BEFORE)--> ""ionogramme"" | ""ionogramme"" --(BEFORE)--> ""examen"" | ""examen"" --(BEFORE)--> ""retenu"""
135,40,FR100697,[EVENT_BEFORE_ACTUAL_POS] --(BEFORE)--> [EVENT_BEFORE_ACTUAL_POS] | [EVENT_BEFORE_ACTUAL_POS] --(BEFORE)--> [EVENT_BEFORE_ACTUAL_POS] | [EVENT_BEFORE_ACTUAL_POS] --(BEFORE)--> [EVENT_BEFORE_ACTUAL_POS] | [EVENT_BEFORE_ACTUAL_POS] --(BEFORE)--> [EVENT_BEFORE_ACTUAL_POS] | [EVENT_BEFORE_ACTUAL_POS] --(BEFORE)--> [EVENT_BEFORE_ACTUAL_POS] | [EVENT_BEFORE_ACTUAL_POS] --(BEFORE)--> [EVENT_BEFORE_ACTUAL_POS],"""apparition"" --(BEFORE)--> ""inspection"" | ""inspection"" --(BEFORE)--> ""palpation"" | ""palpation"" --(BEFORE)--> ""examen"" | ""examen"" --(BEFORE)--> ""mammographie"" | ""mammographie"" --(BEFORE)--> ""échographie"" | ""échographie"" --(BEFORE)--> ""examen"""
135,40,FR100717,[EVENT_BEFORE_ACTUAL_POS] --(BEFORE)--> [EVENT_BEFORE_ACTUAL_POS] | [EVENT_BEFORE_ACTUAL_POS] --(BEFORE)--> [EVENT_BEFORE_ACTUAL_POS] | [EVENT_BEFORE_ACTUAL_POS] --(BEFORE)--> [EVENT_BEFORE_ACTUAL_POS] | [EVENT_BEFORE_ACTUAL_POS] --(BEFORE)--> [EVENT_BEFORE_ACTUAL_POS] | [EVENT_BEFORE_ACTUAL_POS] --(BEFORE)--> [EVENT_BEFORE_ACTUAL_POS] | [EVENT_BEFORE_ACTUAL_POS] --(BEFORE)--> [EVENT_BEFORE_ACTUAL_POS],"""consulté"" --(BEFORE)--> ""traitement"" | ""traitement"" --(BEFORE)--> ""examen"" | ""examen"" --(BEFORE)--> ""examens"" | ""examens"" --(BEFORE)--> ""scanner"" | ""scanner"" --(BEFORE)--> ""IRM"" | ""IRM"" --(BEFORE)--> ""laminectomie"""
135,40,FR100826,[EVENT_BEFORE_ACTUAL_POS] --(BEFORE)--> [EVENT_BEFORE_ACTUAL_POS] | [EVENT_BEFORE_ACTUAL_POS] --(BEFORE)--> [EVENT_BEFORE_ACTUAL_POS] | [EVENT_BEFORE_ACTUAL_POS] --(BEFORE)--> [EVENT_BEFORE_ACTUAL_POS] | [EVENT_BEFORE_ACTUAL_POS] --(BEFORE)--> [EVENT_BEFORE_ACTUAL_POS] | [EVENT_BEFORE_ACTUAL_POS] --(BEFORE)--> [EVENT_BEFORE_ACTUAL_POS] | [EVENT_BEFORE_ACTUAL_POS] --(BEFORE)--> [EVENT_BEFORE_ACTUAL_POS],"""admis"" --(BEFORE)--> ""examen"" | ""examen"" --(BEFORE)--> ""bilan"" | ""bilan"" --(BEFORE)--> ""bilan"" | ""bilan"" --(BEFORE)--> ""retenue"" | ""retenue"" --(BEFORE)--> ""exploration"" | ""exploration"" --(BEFORE)--> ""suites"""
135,40,FR100845,[EVENT_BEFORE_ACTUAL_POS] --(BEFORE)--> [EVENT_BEFORE_ACTUAL_POS] | [EVENT_BEFORE_ACTUAL_POS] --(BEFORE)--> [EVENT_BEFORE_ACTUAL_POS] | [EVENT_BEFORE_ACTUAL_POS] --(BEFORE)--> [EVENT_BEFORE_ACTUAL_POS] | [EVENT_BEFORE_ACTUAL_POS] --(BEFORE)--> [EVENT_BEFORE_ACTUAL_POS] | [EVENT_BEFORE_ACTUAL_POS] --(BEFORE)--> [EVENT_BEFORE_ACTUAL_POS] | [EVENT_BEFORE_ACTUAL_POS] --(BEFORE)--> [EVENT_BEFORE_ACTUAL_POS],"""examen"" --(BEFORE)--> ""échographie"" | ""échographie"" --(BEFORE)--> ""radiographie"" | ""radiographie"" --(BEFORE)--> ""décision"" | ""décision"" --(BEFORE)--> ""extraction"" | ""extraction"" --(BEFORE)--> ""examen"" | ""examen"" --(BEFORE)--> ""examinés"""
135,40,FR100870,[EVENT_BEFORE_ACTUAL_POS] --(BEFORE)--> [EVENT_BEFORE_ACTUAL_POS] | [EVENT_BEFORE_ACTUAL_POS] --(BEFORE)--> [EVENT_BEFORE_ACTUAL_POS] | [EVENT_BEFORE_ACTUAL_POS] --(BEFORE)--> [EVENT_BEFORE_ACTUAL_POS] | [EVENT_BEFORE_ACTUAL_POS] --(BEFORE)--> [EVENT_BEFORE_ACTUAL_POS] | [EVENT_BEFORE_ACTUAL_POS] --(BEFORE)--> [EVENT_BEFORE_ACTUAL_POS] | [EVENT_BEFORE_ACTUAL_POS] --(BEFORE)--> [EVENT_BEFORE_ACTUAL_POS],"""hémogramme"" --(BEFORE)--> ""bilan"" | ""bilan"" --(BEFORE)--> ""IRM"" | ""IRM"" --(BEFORE)--> ""électrophorèse"" | ""électrophorèse"" --(BEFORE)--> ""immunosoustraction"" | ""immunosoustraction"" --(BEFORE)--> ""immunofixation"" | ""immunofixation"" --(BEFORE)--> ""bilan"""
135,40,FR100874,[EVENT_BEFORE_ACTUAL_POS] --(BEFORE)--> [EVENT_BEFORE_ACTUAL_POS] | [EVENT_BEFORE_ACTUAL_POS] --(BEFORE)--> [EVENT_BEFORE_ACTUAL_POS] | [EVENT_BEFORE_ACTUAL_POS] --(BEFORE)--> [EVENT_BEFORE_ACTUAL_POS] | [EVENT_BEFORE_ACTUAL_POS] --(BEFORE)--> [EVENT_BEFORE_ACTUAL_POS] | [EVENT_BEFORE_ACTUAL_POS] --(BEFORE)--> [EVENT_BEFORE_ACTUAL_POS] | [EVENT_BEFORE_ACTUAL_POS] --(BEFORE)--> [EVENT_BEFORE_ACTUAL_POS],"""fibroscopie"" --(BEFORE)--> ""transit"" | ""transit"" --(BEFORE)--> ""tomodensitométrie"" | ""tomodensitométrie"" --(BEFORE)--> ""retenu"" | ""retenu"" --(BEFORE)--> ""mise"" | ""mise"" --(BEFORE)--> ""diverticulectomie"" | ""diverticulectomie"" --(BEFORE)--> ""décédée"""
135,40,FR100882,[EVENT_BEFORE_ACTUAL_POS] --(BEFORE)--> [EVENT_BEFORE_ACTUAL_POS] | [EVENT_BEFORE_ACTUAL_POS] --(BEFORE)--> [EVENT_BEFORE_ACTUAL_POS] | [EVENT_BEFORE_ACTUAL_POS] --(BEFORE)--> [EVENT_BEFORE_ACTUAL_POS] | [EVENT_BEFORE_ACTUAL_POS] --(BEFORE)--> [EVENT_BEFORE_ACTUAL_POS] | [EVENT_BEFORE_ACTUAL_POS] --(BEFORE)--> [EVENT_BEFORE_ACTUAL_POS] | [EVENT_BEFORE_ACTUAL_POS] --(BEFORE)--> [EVENT_BEFORE_ACTUAL_POS],"""examen"" --(BEFORE)--> ""conclu"" | ""conclu"" --(BEFORE)--> ""IRM"" | ""IRM"" --(BEFORE)--> ""scanner"" | ""scanner"" --(BEFORE)--> ""laminectomie"" | ""laminectomie"" --(BEFORE)--> ""Imagerie"" | ""Imagerie"" --(BEFORE)--> ""bilan"""
135,40,FR100903,[EVENT_BEFORE_ACTUAL_POS] --(BEFORE)--> [EVENT_BEFORE_ACTUAL_POS] | [EVENT_BEFORE_ACTUAL_POS] --(BEFORE)--> [EVENT_BEFORE_ACTUAL_POS] | [EVENT_BEFORE_ACTUAL_POS] --(BEFORE)--> [EVENT_BEFORE_ACTUAL_POS] | [EVENT_BEFORE_ACTUAL_POS] --(BEFORE)--> [EVENT_BEFORE_ACTUAL_POS] | [EVENT_BEFORE_ACTUAL_POS] --(BEFORE)--> [EVENT_BEFORE_ACTUAL_POS] | [EVENT_BEFORE_ACTUAL_POS] --(BEFORE)--> [EVENT_BEFORE_ACTUAL_POS],"""échographie"" --(BEFORE)--> ""IRM"" | ""IRM"" --(BEFORE)--> ""diagnostic"" | ""diagnostic"" --(BEFORE)--> ""écarté"" | ""écarté"" --(BEFORE)--> ""contrôles"" | ""contrôles"" --(BEFORE)--> ""accouchement"" | ""accouchement"" --(BEFORE)--> ""décédé"""
135,40,FR100946,[EVENT_BEFORE_ACTUAL_POS] --(BEFORE)--> [EVENT_BEFORE_ACTUAL_POS] | [EVENT_BEFORE_ACTUAL_POS] --(BEFORE)--> [EVENT_BEFORE_ACTUAL_POS] | [EVENT_BEFORE_ACTUAL_POS] --(BEFORE)--> [EVENT_BEFORE_ACTUAL_POS] | [EVENT_BEFORE_ACTUAL_POS] --(BEFORE)--> [EVENT_BEFORE_ACTUAL_POS] | [EVENT_BEFORE_ACTUAL_POS] --(BEFORE)--> [EVENT_BEFORE_ACTUAL_POS] | [EVENT_BEFORE_ACTUAL_POS] --(BEFORE)--> [EVENT_BEFORE_ACTUAL_POS],"""examen"" --(BEFORE)--> ""IRM"" | ""IRM"" --(BEFORE)--> ""analyse"" | ""analyse"" --(BEFORE)--> ""mise"" | ""mise"" --(BEFORE)--> ""analyse"" | ""analyse"" --(BEFORE)--> ""mise"" | ""mise"" --(BEFORE)--> ""arrêt"""
135,40,FR100996,[EVENT_BEFORE_ACTUAL_POS] --(BEFORE)--> [EVENT_BEFORE_ACTUAL_POS] | [EVENT_BEFORE_ACTUAL_POS] --(BEFORE)--> [EVENT_BEFORE_ACTUAL_POS] | [EVENT_BEFORE_ACTUAL_POS] --(BEFORE)--> [EVENT_BEFORE_ACTUAL_POS] | [EVENT_BEFORE_ACTUAL_POS] --(BEFORE)--> [EVENT_BEFORE_ACTUAL_POS] | [EVENT_BEFORE_ACTUAL_POS] --(BEFORE)--> [EVENT_BEFORE_ACTUAL_POS] | [EVENT_BEFORE_ACTUAL_POS] --(BEFORE)--> [EVENT_BEFORE_ACTUAL_POS],"""consulté"" --(BEFORE)--> ""examen"" | ""examen"" --(BEFORE)--> ""tomodensitométrie"" | ""tomodensitométrie"" --(BEFORE)--> ""injection"" | ""injection"" --(BEFORE)--> ""retenu"" | ""retenu"" --(BEFORE)--> ""chirurgical"" | ""chirurgical"" --(BEFORE)--> ""suites"""
194,40,FR100120,[EVENT_BEFORE_ACTUAL_POS] --(BEFORE)--> [EVENT_BEFORE_ACTUAL_POS] | [EVENT_BEFORE_ACTUAL_POS] --(BEFORE)--> [EVENT_BEFORE_ACTUAL_POS] | [EVENT_BEFORE_ACTUAL_POS] --(BEFORE)--> [EVENT_BEFORE_ACTUAL_POS],"""rattaché"" --(BEFORE)--> ""traitement"" | ""traitement"" --(BEFORE)--> ""sailli"" | ""traitement"" --(BEFORE)--> ""retirées"""
194,40,FR100130,[EVENT_BEFORE_ACTUAL_POS] --(BEFORE)--> [EVENT_BEFORE_ACTUAL_POS] | [EVENT_BEFORE_ACTUAL_POS] --(BEFORE)--> [EVENT_BEFORE_ACTUAL_POS] | [EVENT_BEFORE_ACTUAL_POS] --(BEFORE)--> [EVENT_BEFORE_ACTUAL_POS],"""biologie"" --(BEFORE)--> ""glycémie"" | ""glycémie"" --(BEFORE)--> ""confirmé"" | ""glycémie"" --(BEFORE)--> ""bilan"""
194,40,FR100142,[EVENT_BEFORE_ACTUAL_POS] --(BEFORE)--> [EVENT_BEFORE_ACTUAL_POS] | [EVENT_BEFORE_ACTUAL_POS] --(BEFORE)--> [EVENT_BEFORE_ACTUAL_POS] | [EVENT_BEFORE_ACTUAL_POS] --(BEFORE)--> [EVENT_BEFORE_ACTUAL_POS],"""scanner"" --(BEFORE)--> ""fibroscopie"" | ""fibroscopie"" --(BEFORE)--> ""colonoscopie"" | ""fibroscopie"" --(BEFORE)--> ""biopsie"""
194,40,FR100161,[EVENT_BEFORE_ACTUAL_POS] --(BEFORE)--> [EVENT_BEFORE_ACTUAL_POS] | [EVENT_BEFORE_ACTUAL_POS] --(BEFORE)--> [EVENT_BEFORE_ACTUAL_POS] | [EVENT_BEFORE_ACTUAL_POS] --(BEFORE)--> [EVENT_BEFORE_ACTUAL_POS],"""complément"" --(BEFORE)--> ""cortisol"" | ""cortisol"" --(BEFORE)--> ""cortisol"" | ""cortisol"" --(BEFORE)--> ""exérèse"""
194,40,FR100255,[EVENT_BEFORE_ACTUAL_POS] --(BEFORE)--> [EVENT_BEFORE_ACTUAL_POS] | [EVENT_BEFORE_ACTUAL_POS] --(BEFORE)--> [EVENT_BEFORE_ACTUAL_POS] | [EVENT_BEFORE_ACTUAL_POS] --(BEFORE)--> [EVENT_BEFORE_ACTUAL_POS],"""échographie"" --(BEFORE)--> ""mise"" | ""mise"" --(BEFORE)--> ""traitement"" | ""mise"" --(BEFORE)--> ""traitement"""
194,40,FR100275,[EVENT_BEFORE_ACTUAL_POS] --(BEFORE)--> [EVENT_BEFORE_ACTUAL_POS] | [EVENT_BEFORE_ACTUAL_POS] --(BEFORE)--> [EVENT_BEFORE_ACTUAL_POS] | [EVENT_BEFORE_ACTUAL_POS] --(BEFORE)--> [EVENT_BEFORE_ACTUAL_POS],"""établi"" --(BEFORE)--> ""manœuvres"" | ""manœuvres"" --(BEFORE)--> ""retour"" | ""manœuvres"" --(BEFORE)--> ""reprise"""
194,40,FR100360,[EVENT_BEFORE_ACTUAL_POS] --(BEFORE)--> [EVENT_BEFORE_ACTUAL_POS] | [EVENT_BEFORE_ACTUAL_POS] --(BEFORE)--> [EVENT_BEFORE_ACTUAL_POS] | [EVENT_BEFORE_ACTUAL_POS] --(BEFORE)--> [EVENT_BEFORE_ACTUAL_POS],"""complément"" --(BEFORE)--> ""biopsie"" | ""biopsie"" --(BEFORE)--> ""tomodensitométrie"" | ""biopsie"" --(BEFORE)--> ""étude"""
194,40,FR100361,[EVENT_BEFORE_ACTUAL_POS] --(BEFORE)--> [EVENT_BEFORE_ACTUAL_POS] | [EVENT_BEFORE_ACTUAL_POS] --(BEFORE)--> [EVENT_BEFORE_ACTUAL_POS] | [EVENT_BEFORE_ACTUAL_POS] --(BEFORE)--> [EVENT_BEFORE_ACTUAL_POS],"""TDM"" --(BEFORE)--> ""ponction"" | ""ponction"" --(BEFORE)--> ""examen"" | ""ponction"" --(BEFORE)--> ""étude"""
194,40,FR100371,[EVENT_BEFORE_ACTUAL_POS] --(BEFORE)--> [EVENT_BEFORE_ACTUAL_POS] | [EVENT_BEFORE_ACTUAL_POS] --(BEFORE)--> [EVENT_BEFORE_ACTUAL_POS] | [EVENT_BEFORE_ACTUAL_POS] --(BEFORE)--> [EVENT_BEFORE_ACTUAL_POS],"""fixation"" --(BEFORE)--> ""envoyée"" | ""envoyée"" --(BEFORE)--> ""examen"" | ""envoyée"" --(BEFORE)--> ""résultat"""
194,40,FR100400,[EVENT_BEFORE_ACTUAL_POS] --(BEFORE)--> [EVENT_BEFORE_ACTUAL_POS] | [EVENT_BEFORE_ACTUAL_POS] --(BEFORE)--> [EVENT_BEFORE_ACTUAL_POS] | [EVENT_BEFORE_ACTUAL_POS] --(BEFORE)--> [EVENT_BEFORE_ACTUAL_POS],"""stérilisation"" --(BEFORE)--> ""résection"" | ""résection"" --(BEFORE)--> ""drainage"" | ""résection"" --(BEFORE)--> ""suites"""
194,40,FR100439,[EVENT_BEFORE_ACTUAL_POS] --(BEFORE)--> [EVENT_BEFORE_ACTUAL_POS] | [EVENT_BEFORE_ACTUAL_POS] --(BEFORE)--> [EVENT_BEFORE_ACTUAL_POS] | [EVENT_BEFORE_ACTUAL_POS] --(BEFORE)--> [EVENT_BEFORE_ACTUAL_POS],"""établie"" --(BEFORE)--> ""demandée"" | ""demandée"" --(BEFORE)--> ""examen"" | ""demandée"" --(BEFORE)--> ""déterminer"""
194,40,FR100480,[EVENT_BEFORE_ACTUAL_POS] --(BEFORE)--> [EVENT_BEFORE_ACTUAL_POS] | [EVENT_BEFORE_ACTUAL_POS] --(BEFORE)--> [EVENT_BEFORE_ACTUAL_POS] | [EVENT_BEFORE_ACTUAL_POS] --(BEFORE)--> [EVENT_BEFORE_ACTUAL_POS],"""installation"" --(BEFORE)--> ""bilan"" | ""bilan"" --(BEFORE)--> ""analyse"" | ""bilan"" --(BEFORE)--> ""biopsie"""
194,40,FR100510,[EVENT_BEFORE_ACTUAL_POS] --(BEFORE)--> [EVENT_BEFORE_ACTUAL_POS] | [EVENT_BEFORE_ACTUAL_POS] --(BEFORE)--> [EVENT_BEFORE_ACTUAL_POS] | [EVENT_BEFORE_ACTUAL_POS] --(BEFORE)--> [EVENT_BEFORE_ACTUAL_POS],"""biopsie"" --(BEFORE)--> ""décision"" | ""décision"" --(BEFORE)--> ""intervention"" | ""décision"" --(BEFORE)--> ""exerce"""
194,40,FR100515,[EVENT_BEFORE_ACTUAL_POS] --(BEFORE)--> [EVENT_BEFORE_ACTUAL_POS] | [EVENT_BEFORE_ACTUAL_POS] --(BEFORE)--> [EVENT_BEFORE_ACTUAL_POS] | [EVENT_BEFORE_ACTUAL_POS] --(BEFORE)--> [EVENT_BEFORE_ACTUAL_POS],"""bilan"" --(BEFORE)--> ""prescrits"" | ""prescrits"" --(BEFORE)--> ""évolution"" | ""prescrits"" --(BEFORE)--> ""méthotrexate"""
194,40,FR100517,[EVENT_BEFORE_ACTUAL_POS] --(BEFORE)--> [EVENT_BEFORE_ACTUAL_POS] | [EVENT_BEFORE_ACTUAL_POS] --(BEFORE)--> [EVENT_BEFORE_ACTUAL_POS] | [EVENT_BEFORE_ACTUAL_POS] --(BEFORE)--> [EVENT_BEFORE_ACTUAL_POS],"""tomodensitométrie"" --(BEFORE)--> ""instauré"" | ""instauré"" --(BEFORE)--> ""remise"" | ""instauré"" --(BEFORE)--> ""évolution"""
194,40,FR100579,[EVENT_BEFORE_ACTUAL_POS] --(BEFORE)--> [EVENT_BEFORE_ACTUAL_POS] | [EVENT_BEFORE_ACTUAL_POS] --(BEFORE)--> [EVENT_BEFORE_ACTUAL_POS] | [EVENT_BEFORE_ACTUAL_POS] --(BEFORE)--> [EVENT_BEFORE_ACTUAL_POS],"""échocardiographie"" --(BEFORE)--> ""bilan"" | ""bilan"" --(BEFORE)--> ""recherche"" | ""bilan"" --(BEFORE)--> ""étude"""
194,40,FR100589,[EVENT_BEFORE_ACTUAL_POS] --(BEFORE)--> [EVENT_BEFORE_ACTUAL_POS] | [EVENT_BEFORE_ACTUAL_POS] --(BEFORE)--> [EVENT_BEFORE_ACTUAL_POS] | [EVENT_BEFORE_ACTUAL_POS] --(BEFORE)--> [EVENT_BEFORE_ACTUAL_POS],"""bilan"" --(BEFORE)--> ""caryotype"" | ""caryotype"" --(BEFORE)--> ""sérologie"" | ""caryotype"" --(BEFORE)--> ""biopsie"""
194,40,FR100597,[EVENT_BEFORE_ACTUAL_POS] --(BEFORE)--> [EVENT_BEFORE_ACTUAL_POS] | [EVENT_BEFORE_ACTUAL_POS] --(BEFORE)--> [EVENT_BEFORE_ACTUAL_POS] | [EVENT_BEFORE_ACTUAL_POS] --(BEFORE)--> [EVENT_BEFORE_ACTUAL_POS],"""évoqué"" --(BEFORE)--> ""fibroscopie"" | ""fibroscopie"" --(BEFORE)--> ""coloscopie"" | ""fibroscopie"" --(BEFORE)--> ""marqueurs"""
194,40,FR100611,[EVENT_BEFORE_ACTUAL_POS] --(BEFORE)--> [EVENT_BEFORE_ACTUAL_POS] | [EVENT_BEFORE_ACTUAL_POS] --(BEFORE)--> [EVENT_BEFORE_ACTUAL_POS] | [EVENT_BEFORE_ACTUAL_POS] --(BEFORE)--> [EVENT_BEFORE_ACTUAL_POS],"""étude"" --(BEFORE)--> ""examen"" | ""examen"" --(BEFORE)--> ""cultures"" | ""examen"" --(BEFORE)--> ""PCR"""
194,40,FR100614,[EVENT_BEFORE_ACTUAL_POS] --(BEFORE)--> [EVENT_BEFORE_ACTUAL_POS] | [EVENT_BEFORE_ACTUAL_POS] --(BEFORE)--> [EVENT_BEFORE_ACTUAL_POS] | [EVENT_BEFORE_ACTUAL_POS] --(BEFORE)--> [EVENT_BEFORE_ACTUAL_POS],"""tomodensitométrie"" --(BEFORE)--> ""radiographie"" | ""radiographie"" --(BEFORE)--> ""taux"" | ""radiographie"" --(BEFORE)--> ""échographie"""
194,40,FR100620,[EVENT_BEFORE_ACTUAL_POS] --(BEFORE)--> [EVENT_BEFORE_ACTUAL_POS] | [EVENT_BEFORE_ACTUAL_POS] --(BEFORE)--> [EVENT_BEFORE_ACTUAL_POS] | [EVENT_BEFORE_ACTUAL_POS] --(BEFORE)--> [EVENT_BEFORE_ACTUAL_POS],"""radiographie"" --(BEFORE)--> ""demandé"" | ""demandé"" --(BEFORE)--> ""complément"" | ""demandé"" --(BEFORE)--> ""aspect"""
194,40,FR100623,[EVENT_BEFORE_ACTUAL_POS] --(BEFORE)--> [EVENT_BEFORE_ACTUAL_POS] | [EVENT_BEFORE_ACTUAL_POS] --(BEFORE)--> [EVENT_BEFORE_ACTUAL_POS] | [EVENT_BEFORE_ACTUAL_POS] --(BEFORE)--> [EVENT_BEFORE_ACTUAL_POS],"""consulté"" --(BEFORE)--> ""examen"" | ""examen"" --(BEFORE)--> ""bilan"" | ""examen"" --(BEFORE)--> ""échographie"""
194,40,FR100629,[EVENT_BEFORE_ACTUAL_POS] --(BEFORE)--> [EVENT_BEFORE_ACTUAL_POS] | [EVENT_BEFORE_ACTUAL_POS] --(BEFORE)--> [EVENT_BEFORE_ACTUAL_POS] | [EVENT_BEFORE_ACTUAL_POS] --(BEFORE)--> [EVENT_BEFORE_ACTUAL_POS],"""thoracoscopie"" --(BEFORE)--> ""marquage"" | ""marquage"" --(BEFORE)--> ""étude"" | ""marquage"" --(BEFORE)--> ""bilan"""
194,40,FR100632,[EVENT_BEFORE_ACTUAL_POS] --(BEFORE)--> [EVENT_BEFORE_ACTUAL_POS] | [EVENT_BEFORE_ACTUAL_POS] --(BEFORE)--> [EVENT_BEFORE_ACTUAL_POS] | [EVENT_BEFORE_ACTUAL_POS] --(BEFORE)--> [EVENT_BEFORE_ACTUAL_POS],"""étude"" --(BEFORE)--> ""radiographie"" | ""radiographie"" --(BEFORE)--> ""tomodensitométrie"" | ""radiographie"" --(BEFORE)--> ""examen"""
194,40,FR100658,[EVENT_BEFORE_ACTUAL_POS] --(BEFORE)--> [EVENT_BEFORE_ACTUAL_POS] | [EVENT_BEFORE_ACTUAL_POS] --(BEFORE)--> [EVENT_BEFORE_ACTUAL_POS] | [EVENT_BEFORE_ACTUAL_POS] --(BEFORE)--> [EVENT_BEFORE_ACTUAL_POS],"""noté"" --(BEFORE)--> ""fin"" | ""fin"" --(BEFORE)--> ""administration"" | ""fin"" --(BEFORE)--> ""arrêt"""
194,40,FR100663,[EVENT_BEFORE_ACTUAL_POS] --(BEFORE)--> [EVENT_BEFORE_ACTUAL_POS] | [EVENT_BEFORE_ACTUAL_POS] --(BEFORE)--> [EVENT_BEFORE_ACTUAL_POS] | [EVENT_BEFORE_ACTUAL_POS] --(BEFORE)--> [EVENT_BEFORE_ACTUAL_POS],"""incisée"" --(BEFORE)--> ""vérifié"" | ""vérifié"" --(BEFORE)--> ""reprise"" | ""vérifié"" --(BEFORE)--> ""assuré"""
194,40,FR100683,[EVENT_BEFORE_ACTUAL_POS] --(BEFORE)--> [EVENT_BEFORE_ACTUAL_POS] | [EVENT_BEFORE_ACTUAL_POS] --(BEFORE)--> [EVENT_BEFORE_ACTUAL_POS] | [EVENT_BEFORE_ACTUAL_POS] --(BEFORE)--> [EVENT_BEFORE_ACTUAL_POS],"""écho-mammographie"" --(BEFORE)--> ""osteodensitométrie"" | ""osteodensitométrie"" --(BEFORE)--> ""IRM"" | ""osteodensitométrie"" --(BEFORE)--> ""traitée"""
194,40,FR100688,[EVENT_BEFORE_ACTUAL_POS] --(BEFORE)--> [EVENT_BEFORE_ACTUAL_POS] | [EVENT_BEFORE_ACTUAL_POS] --(BEFORE)--> [EVENT_BEFORE_ACTUAL_POS] | [EVENT_BEFORE_ACTUAL_POS] --(BEFORE)--> [EVENT_BEFORE_ACTUAL_POS],"""examen"" --(BEFORE)--> ""sérologie"" | ""sérologie"" --(BEFORE)--> ""recherche"" | ""sérologie"" --(BEFORE)--> ""radiographie"""
194,40,FR100689,[EVENT_BEFORE_ACTUAL_POS] --(BEFORE)--> [EVENT_BEFORE_ACTUAL_POS] | [EVENT_BEFORE_ACTUAL_POS] --(BEFORE)--> [EVENT_BEFORE_ACTUAL_POS] | [EVENT_BEFORE_ACTUAL_POS] --(BEFORE)--> [EVENT_BEFORE_ACTUAL_POS],"""examen"" --(BEFORE)--> ""retenu"" | ""retenu"" --(BEFORE)--> ""évolution"" | ""retenu"" --(BEFORE)--> ""traitement"""
194,40,FR100697,[EVENT_BEFORE_ACTUAL_POS] --(BEFORE)--> [EVENT_BEFORE_ACTUAL_POS] | [EVENT_BEFORE_ACTUAL_POS] --(BEFORE)--> [EVENT_BEFORE_ACTUAL_POS] | [EVENT_BEFORE_ACTUAL_POS] --(BEFORE)--> [EVENT_BEFORE_ACTUAL_POS],"""palpation"" --(BEFORE)--> ""examen"" | ""examen"" --(BEFORE)--> ""reste"" | ""examen"" --(BEFORE)--> ""mammographie"""
194,40,FR100708,[EVENT_BEFORE_ACTUAL_POS] --(BEFORE)--> [EVENT_BEFORE_ACTUAL_POS] | [EVENT_BEFORE_ACTUAL_POS] --(BEFORE)--> [EVENT_BEFORE_ACTUAL_POS] | [EVENT_BEFORE_ACTUAL_POS] --(BEFORE)--> [EVENT_BEFORE_ACTUAL_POS],"""échographie"" --(BEFORE)--> ""ponction"" | ""ponction"" --(BEFORE)--> ""redémarré"" | ""ponction"" --(BEFORE)--> ""étude"""
194,40,FR100806,[EVENT_BEFORE_ACTUAL_POS] --(BEFORE)--> [EVENT_BEFORE_ACTUAL_POS] | [EVENT_BEFORE_ACTUAL_POS] --(BEFORE)--> [EVENT_BEFORE_ACTUAL_POS] | [EVENT_BEFORE_ACTUAL_POS] --(BEFORE)--> [EVENT_BEFORE_ACTUAL_POS],"""biologie"" --(BEFORE)--> ""hospitalisée"" | ""hospitalisée"" --(BEFORE)--> ""hémodialyse"" | ""hospitalisée"" --(BEFORE)--> ""transfusion"""
194,40,FR100845,[EVENT_BEFORE_ACTUAL_POS] --(BEFORE)--> [EVENT_BEFORE_ACTUAL_POS] | [EVENT_BEFORE_ACTUAL_POS] --(BEFORE)--> [EVENT_BEFORE_ACTUAL_POS] | [EVENT_BEFORE_ACTUAL_POS] --(BEFORE)--> [EVENT_BEFORE_ACTUAL_POS],"""décision"" --(BEFORE)--> ""extraction"" | ""extraction"" --(BEFORE)--> ""examen"" | ""extraction"" --(BEFORE)--> ""Apgar"""
194,40,FR100849,[EVENT_BEFORE_ACTUAL_POS] --(BEFORE)--> [EVENT_BEFORE_ACTUAL_POS] | [EVENT_BEFORE_ACTUAL_POS] --(BEFORE)--> [EVENT_BEFORE_ACTUAL_POS] | [EVENT_BEFORE_ACTUAL_POS] --(BEFORE)--> [EVENT_BEFORE_ACTUAL_POS],"""tomodensitométrie"" --(BEFORE)--> ""acheminé"" | ""acheminé"" --(BEFORE)--> ""suites"" | ""acheminé"" --(BEFORE)--> ""découverte"""
194,40,FR100870,[EVENT_BEFORE_ACTUAL_POS] --(BEFORE)--> [EVENT_BEFORE_ACTUAL_POS] | [EVENT_BEFORE_ACTUAL_POS] --(BEFORE)--> [EVENT_BEFORE_ACTUAL_POS] | [EVENT_BEFORE_ACTUAL_POS] --(BEFORE)--> [EVENT_BEFORE_ACTUAL_POS],"""immunofixation"" --(BEFORE)--> ""bilan"" | ""bilan"" --(BEFORE)--> ""fonction"" | ""bilan"" --(BEFORE)--> ""B2"""
194,40,FR100882,[EVENT_BEFORE_ACTUAL_POS] --(BEFORE)--> [EVENT_BEFORE_ACTUAL_POS] | [EVENT_BEFORE_ACTUAL_POS] --(BEFORE)--> [EVENT_BEFORE_ACTUAL_POS] | [EVENT_BEFORE_ACTUAL_POS] --(BEFORE)--> [EVENT_BEFORE_ACTUAL_POS],"""prise"" --(BEFORE)--> ""laminectomie"" | ""laminectomie"" --(BEFORE)--> ""suites"" | ""laminectomie"" --(BEFORE)--> ""Imagerie"""
194,40,FR100883,[EVENT_BEFORE_ACTUAL_POS] --(BEFORE)--> [EVENT_BEFORE_ACTUAL_POS] | [EVENT_BEFORE_ACTUAL_POS] --(BEFORE)--> [EVENT_BEFORE_ACTUAL_POS] | [EVENT_BEFORE_ACTUAL_POS] --(BEFORE)--> [EVENT_BEFORE_ACTUAL_POS],"""biopsie"" --(BEFORE)--> ""bilan"" | ""bilan"" --(BEFORE)--> ""reçu"" | ""bilan"" --(BEFORE)--> ""sérologie"""
194,40,FR100894,[EVENT_BEFORE_ACTUAL_POS] --(BEFORE)--> [EVENT_BEFORE_ACTUAL_POS] | [EVENT_BEFORE_ACTUAL_POS] --(BEFORE)--> [EVENT_BEFORE_ACTUAL_POS] | [EVENT_BEFORE_ACTUAL_POS] --(BEFORE)--> [EVENT_BEFORE_ACTUAL_POS],"""prescrit"" --(BEFORE)--> ""rejoint"" | ""rejoint"" --(BEFORE)--> ""trajet"" | ""rejoint"" --(BEFORE)--> ""reçu"""
194,40,FR100903,[EVENT_BEFORE_ACTUAL_POS] --(BEFORE)--> [EVENT_BEFORE_ACTUAL_POS] | [EVENT_BEFORE_ACTUAL_POS] --(BEFORE)--> [EVENT_BEFORE_ACTUAL_POS] | [EVENT_BEFORE_ACTUAL_POS] --(BEFORE)--> [EVENT_BEFORE_ACTUAL_POS],"""diagnostic"" --(BEFORE)--> ""écarté"" | ""écarté"" --(BEFORE)--> ""contrôles"" | ""écarté"" --(BEFORE)--> ""réfléchir"""
194,40,FR100946,[EVENT_BEFORE_ACTUAL_POS] --(BEFORE)--> [EVENT_BEFORE_ACTUAL_POS] | [EVENT_BEFORE_ACTUAL_POS] --(BEFORE)--> [EVENT_BEFORE_ACTUAL_POS] | [EVENT_BEFORE_ACTUAL_POS] --(BEFORE)--> [EVENT_BEFORE_ACTUAL_POS],"""analyse"" --(BEFORE)--> ""mise"" | ""mise"" --(BEFORE)--> ""arrêt"" | ""mise"" --(BEFORE)--> ""récupération"""
215,40,FR100003,[EVENT_BEFORE_ACTUAL_POS] --(BEFORE)--> [EVENT_BEFORE_ACTUAL_POS] | [EVENT_BEFORE_ACTUAL_POS] --(SIMULTANEOUS)--> [EVENT_BEFORE_ACTUAL_POS],"""drainage"" --(BEFORE)--> ""traitement"" | ""traitement"" --(SIMULTANEOUS)--> ""nécessaire"""
215,40,FR100120,[EVENT_BEFORE_ACTUAL_POS] --(BEFORE)--> [EVENT_BEFORE_ACTUAL_POS] | [EVENT_BEFORE_ACTUAL_POS] --(SIMULTANEOUS)--> [EVENT_BEFORE_ACTUAL_POS],"""reste"" --(BEFORE)--> ""traitement"" | ""traitement"" --(SIMULTANEOUS)--> ""inefficace"""
215,40,FR100130,[EVENT_BEFORE_ACTUAL_POS] --(BEFORE)--> [EVENT_BEFORE_ACTUAL_POS] | [EVENT_BEFORE_ACTUAL_POS] --(SIMULTANEOUS)--> [EVENT_BEFORE_ACTUAL_POS],"""administrées"" --(BEFORE)--> ""reçu"" | ""reçu"" --(SIMULTANEOUS)--> ""cures"""
215,40,FR100142,[EVENT_BEFORE_ACTUAL_POS] --(BEFORE)--> [EVENT_BEFORE_ACTUAL_POS] | [EVENT_BEFORE_ACTUAL_POS] --(SIMULTANEOUS)--> [EVENT_BEFORE_ACTUAL_POS],"""mis"" --(BEFORE)--> ""évolution"" | ""évolution"" --(SIMULTANEOUS)--> ""favorable"""
215,40,FR100161,[EVENT_BEFORE_ACTUAL_POS] --(BEFORE)--> [EVENT_BEFORE_ACTUAL_POS] | [EVENT_BEFORE_ACTUAL_POS] --(SIMULTANEOUS)--> [EVENT_BEFORE_ACTUAL_POS],"""cortisol"" --(BEFORE)--> ""exérèse"" | ""exérèse"" --(SIMULTANEOUS)--> ""laparotomie"""
215,40,FR100168,[EVENT_BEFORE_ACTUAL_POS] --(BEFORE)--> [EVENT_BEFORE_ACTUAL_POS] | [EVENT_BEFORE_ACTUAL_POS] --(SIMULTANEOUS)--> [EVENT_BEFORE_ACTUAL_POS],"""administrées"" --(BEFORE)--> ""suites"" | ""suites"" --(SIMULTANEOUS)--> ""simples"""
215,40,FR100275,[EVENT_BEFORE_ACTUAL_POS] --(BEFORE)--> [EVENT_BEFORE_ACTUAL_POS] | [EVENT_BEFORE_ACTUAL_POS] --(SIMULTANEOUS)--> [EVENT_BEFORE_ACTUAL_POS],"""pris"" --(BEFORE)--> ""trouvée"" | ""trouvée"" --(SIMULTANEOUS)--> ""découverte"""
215,40,FR100276,[EVENT_BEFORE_ACTUAL_POS] --(BEFORE)--> [EVENT_BEFORE_ACTUAL_POS] | [EVENT_BEFORE_ACTUAL_POS] --(SIMULTANEOUS)--> [EVENT_BEFORE_ACTUAL_POS],"""bilan"" --(BEFORE)--> ""régression"" | ""régression"" --(SIMULTANEOUS)--> ""rapide"""
215,40,FR100282,[EVENT_BEFORE_ACTUAL_POS] --(BEFORE)--> [EVENT_BEFORE_ACTUAL_POS] | [EVENT_BEFORE_ACTUAL_POS] --(SIMULTANEOUS)--> [EVENT_BEFORE_ACTUAL_POS],"""monothérapie"" --(BEFORE)--> ""multithérapie"" | ""multithérapie"" --(SIMULTANEOUS)--> ""administrée"""
215,40,FR100283,[EVENT_BEFORE_ACTUAL_POS] --(BEFORE)--> [EVENT_BEFORE_ACTUAL_POS] | [EVENT_BEFORE_ACTUAL_POS] --(SIMULTANEOUS)--> [EVENT_BEFORE_ACTUAL_POS],"""traitement"" --(BEFORE)--> ""évolution"" | ""évolution"" --(SIMULTANEOUS)--> ""favorable"""
215,40,FR100296,[EVENT_BEFORE_ACTUAL_POS] --(BEFORE)--> [EVENT_BEFORE_ACTUAL_POS] | [EVENT_BEFORE_ACTUAL_POS] --(SIMULTANEOUS)--> [EVENT_BEFORE_ACTUAL_POS],"""fenestration"" --(BEFORE)--> ""suites"" | ""suites"" --(SIMULTANEOUS)--> ""simples"""
215,40,FR100344,[EVENT_BEFORE_ACTUAL_POS] --(BEFORE)--> [EVENT_BEFORE_ACTUAL_POS] | [EVENT_BEFORE_ACTUAL_POS] --(SIMULTANEOUS)--> [EVENT_BEFORE_ACTUAL_POS],"""contrôle"" --(BEFORE)--> ""échographies"" | ""échographies"" --(SIMULTANEOUS)--> ""difficiles"""
215,40,FR100346,[EVENT_BEFORE_ACTUAL_POS] --(BEFORE)--> [EVENT_BEFORE_ACTUAL_POS] | [EVENT_BEFORE_ACTUAL_POS] --(SIMULTANEOUS)--> [EVENT_BEFORE_ACTUAL_POS],"""gazométrie"" --(BEFORE)--> ""reste"" | ""reste"" --(SIMULTANEOUS)--> ""normal"""
215,40,FR100361,[EVENT_BEFORE_ACTUAL_POS] --(BEFORE)--> [EVENT_BEFORE_ACTUAL_POS] | [EVENT_BEFORE_ACTUAL_POS] --(SIMULTANEOUS)--> [EVENT_BEFORE_ACTUAL_POS],"""culture"" --(BEFORE)--> ""protéine"" | ""protéine"" --(SIMULTANEOUS)--> ""CRP"""
215,40,FR100371,[EVENT_BEFORE_ACTUAL_POS] --(BEFORE)--> [EVENT_BEFORE_ACTUAL_POS] | [EVENT_BEFORE_ACTUAL_POS] --(SIMULTANEOUS)--> [EVENT_BEFORE_ACTUAL_POS],"""incision"" --(BEFORE)--> ""suite"" | ""suite"" --(SIMULTANEOUS)--> ""simple"""
215,40,FR100400,[EVENT_BEFORE_ACTUAL_POS] --(BEFORE)--> [EVENT_BEFORE_ACTUAL_POS] | [EVENT_BEFORE_ACTUAL_POS] --(SIMULTANEOUS)--> [EVENT_BEFORE_ACTUAL_POS],"""résection"" --(BEFORE)--> ""suites"" | ""suites"" --(SIMULTANEOUS)--> ""favorables"""
215,40,FR100439,[EVENT_BEFORE_ACTUAL_POS] --(BEFORE)--> [EVENT_BEFORE_ACTUAL_POS] | [EVENT_BEFORE_ACTUAL_POS] --(SIMULTANEOUS)--> [EVENT_BEFORE_ACTUAL_POS],"""classée"" --(BEFORE)--> ""bénéficier"" | ""bénéficier"" --(SIMULTANEOUS)--> ""traitement"""
215,40,FR100515,[EVENT_BEFORE_ACTUAL_POS] --(BEFORE)--> [EVENT_BEFORE_ACTUAL_POS] | [EVENT_BEFORE_ACTUAL_POS] --(SIMULTANEOUS)--> [EVENT_BEFORE_ACTUAL_POS],"""résistance"" --(BEFORE)--> ""évolution"" | ""évolution"" --(SIMULTANEOUS)--> ""spectaculaire"""
215,40,FR100517,[EVENT_BEFORE_ACTUAL_POS] --(BEFORE)--> [EVENT_BEFORE_ACTUAL_POS] | [EVENT_BEFORE_ACTUAL_POS] --(SIMULTANEOUS)--> [EVENT_BEFORE_ACTUAL_POS],"""instauré"" --(BEFORE)--> ""évolution"" | ""évolution"" --(SIMULTANEOUS)--> ""favorable"""
215,40,FR100519,[EVENT_BEFORE_ACTUAL_POS] --(BEFORE)--> [EVENT_BEFORE_ACTUAL_POS] | [EVENT_BEFORE_ACTUAL_POS] --(SIMULTANEOUS)--> [EVENT_BEFORE_ACTUAL_POS],"""transfusion"" --(BEFORE)--> ""tomodensitométrie"" | ""tomodensitométrie"" --(SIMULTANEOUS)--> ""TDM"""
215,40,FR100597,[EVENT_BEFORE_ACTUAL_POS] --(BEFORE)--> [EVENT_BEFORE_ACTUAL_POS] | [EVENT_BEFORE_ACTUAL_POS] --(SIMULTANEOUS)--> [EVENT_BEFORE_ACTUAL_POS],"""échographie"" --(BEFORE)--> ""complété"" | ""complété"" --(SIMULTANEOUS)--> ""scanner"""
215,40,FR100603,[EVENT_BEFORE_ACTUAL_POS] --(BEFORE)--> [EVENT_BEFORE_ACTUAL_POS] | [EVENT_BEFORE_ACTUAL_POS] --(SIMULTANEOUS)--> [EVENT_BEFORE_ACTUAL_POS],"""hémocultures"" --(BEFORE)--> ""évolution"" | ""évolution"" --(SIMULTANEOUS)--> ""favorable"""
215,40,FR100614,[EVENT_BEFORE_ACTUAL_POS] --(BEFORE)--> [EVENT_BEFORE_ACTUAL_POS] | [EVENT_BEFORE_ACTUAL_POS] --(SIMULTANEOUS)--> [EVENT_BEFORE_ACTUAL_POS],"""rupture"" --(BEFORE)--> ""intervention"" | ""intervention"" --(SIMULTANEOUS)--> ""mesures"""
215,40,FR100629,[EVENT_BEFORE_ACTUAL_POS] --(BEFORE)--> [EVENT_BEFORE_ACTUAL_POS] | [EVENT_BEFORE_ACTUAL_POS] --(SIMULTANEOUS)--> [EVENT_BEFORE_ACTUAL_POS],"""radiographie"" --(BEFORE)--> ""TDM"" | ""TDM"" --(SIMULTANEOUS)--> ""tomodensitométrie"""
215,40,FR100658,[EVENT_BEFORE_ACTUAL_POS] --(BEFORE)--> [EVENT_BEFORE_ACTUAL_POS] | [EVENT_BEFORE_ACTUAL_POS] --(SIMULTANEOUS)--> [EVENT_BEFORE_ACTUAL_POS],"""fin"" --(BEFORE)--> ""décurarisation"" | ""décurarisation"" --(SIMULTANEOUS)--> ""rapide"""
215,40,FR100688,[EVENT_BEFORE_ACTUAL_POS] --(BEFORE)--> [EVENT_BEFORE_ACTUAL_POS] | [EVENT_BEFORE_ACTUAL_POS] --(SIMULTANEOUS)--> [EVENT_BEFORE_ACTUAL_POS],"""traitement"" --(BEFORE)--> ""évolution"" | ""évolution"" --(SIMULTANEOUS)--> ""favorable"""
215,40,FR100689,[EVENT_BEFORE_ACTUAL_POS] --(BEFORE)--> [EVENT_BEFORE_ACTUAL_POS] | [EVENT_BEFORE_ACTUAL_POS] --(SIMULTANEOUS)--> [EVENT_BEFORE_ACTUAL_POS],"""traitement"" --(BEFORE)--> ""bithérapie"" | ""bithérapie"" --(SIMULTANEOUS)--> ""traitement"""
215,40,FR100717,[EVENT_BEFORE_ACTUAL_POS] --(BEFORE)--> [EVENT_BEFORE_ACTUAL_POS] | [EVENT_BEFORE_ACTUAL_POS] --(SIMULTANEOUS)--> [EVENT_BEFORE_ACTUAL_POS],"""exploration"" --(BEFORE)--> ""suites"" | ""suites"" --(SIMULTANEOUS)--> ""simples"""
215,40,FR100748,[EVENT_BEFORE_ACTUAL_POS] --(BEFORE)--> [EVENT_BEFORE_ACTUAL_POS] | [EVENT_BEFORE_ACTUAL_POS] --(SIMULTANEOUS)--> [EVENT_BEFORE_ACTUAL_POS],"""préparation"" --(BEFORE)--> ""salle"" | ""salle"" --(SIMULTANEOUS)--> ""intervention"""
215,40,FR100780,[EVENT_BEFORE_ACTUAL_POS] --(BEFORE)--> [EVENT_BEFORE_ACTUAL_POS] | [EVENT_BEFORE_ACTUAL_POS] --(SIMULTANEOUS)--> [EVENT_BEFORE_ACTUAL_POS],"""geste"" --(BEFORE)--> ""geste"" | ""geste"" --(SIMULTANEOUS)--> ""grossesse"""
215,40,FR100806,[EVENT_BEFORE_ACTUAL_POS] --(BEFORE)--> [EVENT_BEFORE_ACTUAL_POS] | [EVENT_BEFORE_ACTUAL_POS] --(SIMULTANEOUS)--> [EVENT_BEFORE_ACTUAL_POS],"""examen"" --(BEFORE)--> ""suites"" | ""suites"" --(SIMULTANEOUS)--> ""simples"""
215,40,FR100826,[EVENT_BEFORE_ACTUAL_POS] --(BEFORE)--> [EVENT_BEFORE_ACTUAL_POS] | [EVENT_BEFORE_ACTUAL_POS] --(SIMULTANEOUS)--> [EVENT_BEFORE_ACTUAL_POS],"""exploration"" --(BEFORE)--> ""suites"" | ""suites"" --(SIMULTANEOUS)--> ""simples"""
215,40,FR100845,[EVENT_BEFORE_ACTUAL_POS] --(BEFORE)--> [EVENT_BEFORE_ACTUAL_POS] | [EVENT_BEFORE_ACTUAL_POS] --(SIMULTANEOUS)--> [EVENT_BEFORE_ACTUAL_POS],"""informé"" --(BEFORE)--> ""décision"" | ""décision"" --(SIMULTANEOUS)--> ""césarisée"""
215,40,FR100849,[EVENT_BEFORE_ACTUAL_POS] --(BEFORE)--> [EVENT_BEFORE_ACTUAL_POS] | [EVENT_BEFORE_ACTUAL_POS] --(SIMULTANEOUS)--> [EVENT_BEFORE_ACTUAL_POS],"""acheminé"" --(BEFORE)--> ""suites"" | ""suites"" --(SIMULTANEOUS)--> ""simples"""
215,40,FR100870,[EVENT_BEFORE_ACTUAL_POS] --(BEFORE)--> [EVENT_BEFORE_ACTUAL_POS] | [EVENT_BEFORE_ACTUAL_POS] --(SIMULTANEOUS)--> [EVENT_BEFORE_ACTUAL_POS],"""admis"" --(BEFORE)--> ""imagerie"" | ""imagerie"" --(SIMULTANEOUS)--> ""IRM"""
215,40,FR100882,[EVENT_BEFORE_ACTUAL_POS] --(BEFORE)--> [EVENT_BEFORE_ACTUAL_POS] | [EVENT_BEFORE_ACTUAL_POS] --(SIMULTANEOUS)--> [EVENT_BEFORE_ACTUAL_POS],"""laminectomie"" --(BEFORE)--> ""Imagerie"" | ""Imagerie"" --(SIMULTANEOUS)--> ""IRM"""
215,40,FR100894,[EVENT_BEFORE_ACTUAL_POS] --(BEFORE)--> [EVENT_BEFORE_ACTUAL_POS] | [EVENT_BEFORE_ACTUAL_POS] --(SIMULTANEOUS)--> [EVENT_BEFORE_ACTUAL_POS],"""incision"" --(BEFORE)--> ""immobilisé"" | ""immobilisé"" --(SIMULTANEOUS)--> ""plâtre"""
215,40,FR100921,[EVENT_BEFORE_ACTUAL_POS] --(BEFORE)--> [EVENT_BEFORE_ACTUAL_POS] | [EVENT_BEFORE_ACTUAL_POS] --(SIMULTANEOUS)--> [EVENT_BEFORE_ACTUAL_POS],"""imagerie"" --(BEFORE)--> ""exérèse"" | ""exérèse"" --(SIMULTANEOUS)--> ""exérèse"""
215,40,FR100932,[EVENT_BEFORE_ACTUAL_POS] --(BEFORE)--> [EVENT_BEFORE_ACTUAL_POS] | [EVENT_BEFORE_ACTUAL_POS] --(SIMULTANEOUS)--> [EVENT_BEFORE_ACTUAL_POS],"""mise"" --(BEFORE)--> ""imagerie"" | ""imagerie"" --(SIMULTANEOUS)--> ""IRM"""
215,40,FR100959,[EVENT_BEFORE_ACTUAL_POS] --(BEFORE)--> [EVENT_BEFORE_ACTUAL_POS] | [EVENT_BEFORE_ACTUAL_POS] --(SIMULTANEOUS)--> [EVENT_BEFORE_ACTUAL_POS],"""œsophagoscopie"" --(BEFORE)--> ""Transit"" | ""Transit"" --(SIMULTANEOUS)--> ""TOGD"""
