ID_Motif,Support,Document,Structure_Abstraite,Mot_1,Relation_1,Mot_2,Relation_2,Mot_3,Relation_3,Mot_4,Relation_4,Mot_5,Relation_5,Mot_6
12,70,FR100003,[EVENT_BEFORE_N/A_ACTUAL_POS] --(CONTAINS)--> [EVENT_BEFORE_N/A_ACTUAL_POS] | [EVENT_BEFORE_N/A_ACTUAL_POS] --(BEFORE)--> [EVENT_BEFORE_N/A_ACTUAL_POS],bactéries,CONTAINS,examen,BEFORE,examen,,,,,,
12,70,FR100078,[EVENT_BEFORE_N/A_ACTUAL_POS] --(CONTAINS)--> [EVENT_BEFORE_N/A_ACTUAL_POS] | [EVENT_BEFORE_N/A_ACTUAL_POS] --(BEFORE)--> [EVENT_BEFORE_N/A_ACTUAL_POS],pouls,CONTAINS,examen,BEFORE,doppler,,,,,,
12,70,FR100092,[EVENT_BEFORE_N/A_ACTUAL_POS] --(CONTAINS)--> [EVENT_BEFORE_N/A_ACTUAL_POS] | [EVENT_BEFORE_N/A_ACTUAL_POS] --(BEFORE)--> [EVENT_BEFORE_N/A_ACTUAL_POS],empâtement,CONTAINS,examen,BEFORE,échographie,,,,,,
12,70,FR100120,[EVENT_BEFORE_N/A_ACTUAL_POS] --(CONTAINS)--> [EVENT_BEFORE_N/A_ACTUAL_POS] | [EVENT_BEFORE_N/A_ACTUAL_POS] --(BEFORE)--> [EVENT_BEFORE_N/A_ACTUAL_POS],examen,CONTAINS,reste,BEFORE,traitement,,,,,,
12,70,FR100130,[EVENT_BEFORE_N/A_ACTUAL_POS] --(CONTAINS)--> [EVENT_BEFORE_N/A_ACTUAL_POS] | [EVENT_BEFORE_N/A_ACTUAL_POS] --(BEFORE)--> [EVENT_BEFORE_N/A_ACTUAL_POS],activité,CONTAINS,électromyogramme,BEFORE,confirmé,,,,,,
12,70,FR100132,[EVENT_BEFORE_N/A_ACTUAL_POS] --(CONTAINS)--> [EVENT_BEFORE_N/A_ACTUAL_POS] | [EVENT_BEFORE_N/A_ACTUAL_POS] --(BEFORE)--> [EVENT_BEFORE_N/A_ACTUAL_POS],examen,CONTAINS,palpation,BEFORE,histologie,,,,,,
12,70,FR100142,[EVENT_BEFORE_N/A_ACTUAL_POS] --(CONTAINS)--> [EVENT_BEFORE_N/A_ACTUAL_POS] | [EVENT_BEFORE_N/A_ACTUAL_POS] --(BEFORE)--> [EVENT_BEFORE_N/A_ACTUAL_POS],tuberculose,CONTAINS,biopsie,BEFORE,mis,,,,,,
12,70,FR100161,[EVENT_BEFORE_N/A_ACTUAL_POS] --(CONTAINS)--> [EVENT_BEFORE_N/A_ACTUAL_POS] | [EVENT_BEFORE_N/A_ACTUAL_POS] --(BEFORE)--> [EVENT_BEFORE_N/A_ACTUAL_POS],cytolyse,CONTAINS,examens,BEFORE,radiographie,,,,,,
12,70,FR100168,[EVENT_BEFORE_N/A_ACTUAL_POS] --(CONTAINS)--> [EVENT_BEFORE_N/A_ACTUAL_POS] | [EVENT_BEFORE_N/A_ACTUAL_POS] --(BEFORE)--> [EVENT_BEFORE_N/A_ACTUAL_POS],plaquettes,CONTAINS,bilan,BEFORE,tests,,,,,,
12,70,FR100185,[EVENT_BEFORE_N/A_ACTUAL_POS] --(CONTAINS)--> [EVENT_BEFORE_N/A_ACTUAL_POS] | [EVENT_BEFORE_N/A_ACTUAL_POS] --(BEFORE)--> [EVENT_BEFORE_N/A_ACTUAL_POS],accuse,CONTAINS,Electromyogramme,BEFORE,IRM,,,,,,
12,70,FR100255,[EVENT_BEFORE_N/A_ACTUAL_POS] --(CONTAINS)--> [EVENT_BEFORE_N/A_ACTUAL_POS] | [EVENT_BEFORE_N/A_ACTUAL_POS] --(BEFORE)--> [EVENT_BEFORE_N/A_ACTUAL_POS],diminution,CONTAINS,examen,BEFORE,examen,,,,,,
12,70,FR100275,[EVENT_BEFORE_N/A_ACTUAL_POS] --(CONTAINS)--> [EVENT_BEFORE_N/A_ACTUAL_POS] | [EVENT_BEFORE_N/A_ACTUAL_POS] --(BEFORE)--> [EVENT_BEFORE_N/A_ACTUAL_POS],mort,CONTAINS,posé,BEFORE,pris,,,,,,
12,70,FR100276,[EVENT_BEFORE_N/A_ACTUAL_POS] --(CONTAINS)--> [EVENT_BEFORE_N/A_ACTUAL_POS] | [EVENT_BEFORE_N/A_ACTUAL_POS] --(BEFORE)--> [EVENT_BEFORE_N/A_ACTUAL_POS],signe,CONTAINS,posé,BEFORE,application,,,,,,
12,70,FR100282,[EVENT_BEFORE_N/A_ACTUAL_POS] --(CONTAINS)--> [EVENT_BEFORE_N/A_ACTUAL_POS] | [EVENT_BEFORE_N/A_ACTUAL_POS] --(BEFORE)--> [EVENT_BEFORE_N/A_ACTUAL_POS],crises,CONTAINS,soumis,BEFORE,consultation,,,,,,
12,70,FR100283,[EVENT_BEFORE_N/A_ACTUAL_POS] --(CONTAINS)--> [EVENT_BEFORE_N/A_ACTUAL_POS] | [EVENT_BEFORE_N/A_ACTUAL_POS] --(BEFORE)--> [EVENT_BEFORE_N/A_ACTUAL_POS],consulté,CONTAINS,bilan,BEFORE,IRM,,,,,,
12,70,FR100296,[EVENT_BEFORE_N/A_ACTUAL_POS] --(CONTAINS)--> [EVENT_BEFORE_N/A_ACTUAL_POS] | [EVENT_BEFORE_N/A_ACTUAL_POS] --(BEFORE)--> [EVENT_BEFORE_N/A_ACTUAL_POS],phénomènes,CONTAINS,examen,BEFORE,IRM,,,,,,
12,70,FR100314,[EVENT_BEFORE_N/A_ACTUAL_POS] --(CONTAINS)--> [EVENT_BEFORE_N/A_ACTUAL_POS] | [EVENT_BEFORE_N/A_ACTUAL_POS] --(BEFORE)--> [EVENT_BEFORE_N/A_ACTUAL_POS],thrombose,CONTAINS,angio-scanner,BEFORE,amputation,,,,,,
12,70,FR100344,[EVENT_BEFORE_N/A_ACTUAL_POS] --(CONTAINS)--> [EVENT_BEFORE_N/A_ACTUAL_POS] | [EVENT_BEFORE_N/A_ACTUAL_POS] --(BEFORE)--> [EVENT_BEFORE_N/A_ACTUAL_POS],évolution,CONTAINS,déroulée,BEFORE,plainte,,,,,,
12,70,FR100346,[EVENT_BEFORE_N/A_ACTUAL_POS] --(CONTAINS)--> [EVENT_BEFORE_N/A_ACTUAL_POS] | [EVENT_BEFORE_N/A_ACTUAL_POS] --(BEFORE)--> [EVENT_BEFORE_N/A_ACTUAL_POS],pouls,CONTAINS,examen,BEFORE,gazométrie,,,,,,
12,70,FR100360,[EVENT_BEFORE_N/A_ACTUAL_POS] --(CONTAINS)--> [EVENT_BEFORE_N/A_ACTUAL_POS] | [EVENT_BEFORE_N/A_ACTUAL_POS] --(BEFORE)--> [EVENT_BEFORE_N/A_ACTUAL_POS],lésion,CONTAINS,tomodensitométrie,BEFORE,complément,,,,,,
12,70,FR100361,[EVENT_BEFORE_N/A_ACTUAL_POS] --(CONTAINS)--> [EVENT_BEFORE_N/A_ACTUAL_POS] | [EVENT_BEFORE_N/A_ACTUAL_POS] --(BEFORE)--> [EVENT_BEFORE_N/A_ACTUAL_POS],processus,CONTAINS,TDM,BEFORE,ponction,,,,,,
12,70,FR100371,[EVENT_BEFORE_N/A_ACTUAL_POS] --(CONTAINS)--> [EVENT_BEFORE_N/A_ACTUAL_POS] | [EVENT_BEFORE_N/A_ACTUAL_POS] --(BEFORE)--> [EVENT_BEFORE_N/A_ACTUAL_POS],opacité,CONTAINS,bilan,BEFORE,intervention,,,,,,
12,70,FR100400,[EVENT_BEFORE_N/A_ACTUAL_POS] --(CONTAINS)--> [EVENT_BEFORE_N/A_ACTUAL_POS] | [EVENT_BEFORE_N/A_ACTUAL_POS] --(BEFORE)--> [EVENT_BEFORE_N/A_ACTUAL_POS],état,CONTAINS,examen,BEFORE,bilan,,,,,,
12,70,FR100439,[EVENT_BEFORE_N/A_ACTUAL_POS] --(CONTAINS)--> [EVENT_BEFORE_N/A_ACTUAL_POS] | [EVENT_BEFORE_N/A_ACTUAL_POS] --(BEFORE)--> [EVENT_BEFORE_N/A_ACTUAL_POS],expriment,CONTAINS,exploration,BEFORE,posant,,,,,,
12,70,FR100453,[EVENT_BEFORE_N/A_ACTUAL_POS] --(CONTAINS)--> [EVENT_BEFORE_N/A_ACTUAL_POS] | [EVENT_BEFORE_N/A_ACTUAL_POS] --(BEFORE)--> [EVENT_BEFORE_N/A_ACTUAL_POS],développement,CONTAINS,examen,BEFORE,radiographies,,,,,,
12,70,FR100480,[EVENT_BEFORE_N/A_ACTUAL_POS] --(CONTAINS)--> [EVENT_BEFORE_N/A_ACTUAL_POS] | [EVENT_BEFORE_N/A_ACTUAL_POS] --(BEFORE)--> [EVENT_BEFORE_N/A_ACTUAL_POS],nodules,CONTAINS,scanner,BEFORE,Tomographie,,,,,,
12,70,FR100510,[EVENT_BEFORE_N/A_ACTUAL_POS] --(CONTAINS)--> [EVENT_BEFORE_N/A_ACTUAL_POS] | [EVENT_BEFORE_N/A_ACTUAL_POS] --(BEFORE)--> [EVENT_BEFORE_N/A_ACTUAL_POS],masse,CONTAINS,examen,BEFORE,radiographie,,,,,,
12,70,FR100515,[EVENT_BEFORE_N/A_ACTUAL_POS] --(CONTAINS)--> [EVENT_BEFORE_N/A_ACTUAL_POS] | [EVENT_BEFORE_N/A_ACTUAL_POS] --(BEFORE)--> [EVENT_BEFORE_N/A_ACTUAL_POS],lactate,CONTAINS,dosage,BEFORE,bilan,,,,,,
12,70,FR100517,[EVENT_BEFORE_N/A_ACTUAL_POS] --(CONTAINS)--> [EVENT_BEFORE_N/A_ACTUAL_POS] | [EVENT_BEFORE_N/A_ACTUAL_POS] --(BEFORE)--> [EVENT_BEFORE_N/A_ACTUAL_POS],syndrome,CONTAINS,bilan,BEFORE,électromyogramme,,,,,,
12,70,FR100519,[EVENT_BEFORE_N/A_ACTUAL_POS] --(CONTAINS)--> [EVENT_BEFORE_N/A_ACTUAL_POS] | [EVENT_BEFORE_N/A_ACTUAL_POS] --(BEFORE)--> [EVENT_BEFORE_N/A_ACTUAL_POS],thrombose,CONTAINS,échodoppler,BEFORE,retenue,,,,,,
12,70,FR100579,[EVENT_BEFORE_N/A_ACTUAL_POS] --(CONTAINS)--> [EVENT_BEFORE_N/A_ACTUAL_POS] | [EVENT_BEFORE_N/A_ACTUAL_POS] --(BEFORE)--> [EVENT_BEFORE_N/A_ACTUAL_POS],dilatation,CONTAINS,radiographie,BEFORE,échocardiographie,,,,,,
12,70,FR100589,[EVENT_BEFORE_N/A_ACTUAL_POS] --(CONTAINS)--> [EVENT_BEFORE_N/A_ACTUAL_POS] | [EVENT_BEFORE_N/A_ACTUAL_POS] --(BEFORE)--> [EVENT_BEFORE_N/A_ACTUAL_POS],discuté,CONTAINS,évoqué,BEFORE,rechercher,,,,,,
12,70,FR100597,[EVENT_BEFORE_N/A_ACTUAL_POS] --(CONTAINS)--> [EVENT_BEFORE_N/A_ACTUAL_POS] | [EVENT_BEFORE_N/A_ACTUAL_POS] --(BEFORE)--> [EVENT_BEFORE_N/A_ACTUAL_POS],consultation,CONTAINS,examen,BEFORE,examen,,,,,,
12,70,FR100603,[EVENT_BEFORE_N/A_ACTUAL_POS] --(CONTAINS)--> [EVENT_BEFORE_N/A_ACTUAL_POS] | [EVENT_BEFORE_N/A_ACTUAL_POS] --(BEFORE)--> [EVENT_BEFORE_N/A_ACTUAL_POS],staphylococcus,CONTAINS,hémocultures,BEFORE,évolution,,,,,,
12,70,FR100611,[EVENT_BEFORE_N/A_ACTUAL_POS] --(CONTAINS)--> [EVENT_BEFORE_N/A_ACTUAL_POS] | [EVENT_BEFORE_N/A_ACTUAL_POS] --(BEFORE)--> [EVENT_BEFORE_N/A_ACTUAL_POS],trouble,CONTAINS,admission,BEFORE,examen,,,,,,
12,70,FR100614,[EVENT_BEFORE_N/A_ACTUAL_POS] --(CONTAINS)--> [EVENT_BEFORE_N/A_ACTUAL_POS] | [EVENT_BEFORE_N/A_ACTUAL_POS] --(BEFORE)--> [EVENT_BEFORE_N/A_ACTUAL_POS],masse,CONTAINS,examen,BEFORE,échographique,,,,,,
12,70,FR100620,[EVENT_BEFORE_N/A_ACTUAL_POS] --(CONTAINS)--> [EVENT_BEFORE_N/A_ACTUAL_POS] | [EVENT_BEFORE_N/A_ACTUAL_POS] --(BEFORE)--> [EVENT_BEFORE_N/A_ACTUAL_POS],DEP,CONTAINS,examen,BEFORE,radiographie,,,,,,
12,70,FR100623,[EVENT_BEFORE_N/A_ACTUAL_POS] --(CONTAINS)--> [EVENT_BEFORE_N/A_ACTUAL_POS] | [EVENT_BEFORE_N/A_ACTUAL_POS] --(BEFORE)--> [EVENT_BEFORE_N/A_ACTUAL_POS],disposition,CONTAINS,tomodensitométrie,BEFORE,retenu,,,,,,
12,70,FR100629,[EVENT_BEFORE_N/A_ACTUAL_POS] --(CONTAINS)--> [EVENT_BEFORE_N/A_ACTUAL_POS] | [EVENT_BEFORE_N/A_ACTUAL_POS] --(BEFORE)--> [EVENT_BEFORE_N/A_ACTUAL_POS],métastases,CONTAINS,bilan,BEFORE,décision,,,,,,
12,70,FR100632,[EVENT_BEFORE_N/A_ACTUAL_POS] --(CONTAINS)--> [EVENT_BEFORE_N/A_ACTUAL_POS] | [EVENT_BEFORE_N/A_ACTUAL_POS] --(BEFORE)--> [EVENT_BEFORE_N/A_ACTUAL_POS],état,CONTAINS,examen,BEFORE,examen,,,,,,
12,70,FR100658,[EVENT_BEFORE_N/A_ACTUAL_POS] --(CONTAINS)--> [EVENT_BEFORE_N/A_ACTUAL_POS] | [EVENT_BEFORE_N/A_ACTUAL_POS] --(BEFORE)--> [EVENT_BEFORE_N/A_ACTUAL_POS],tolérance,CONTAINS,évaluation,BEFORE,auscultation,,,,,,
12,70,FR100663,[EVENT_BEFORE_N/A_ACTUAL_POS] --(CONTAINS)--> [EVENT_BEFORE_N/A_ACTUAL_POS] | [EVENT_BEFORE_N/A_ACTUAL_POS] --(BEFORE)--> [EVENT_BEFORE_N/A_ACTUAL_POS],stable,CONTAINS,examen,BEFORE,examen,,,,,,
12,70,FR100666,[EVENT_BEFORE_N/A_ACTUAL_POS] --(CONTAINS)--> [EVENT_BEFORE_N/A_ACTUAL_POS] | [EVENT_BEFORE_N/A_ACTUAL_POS] --(BEFORE)--> [EVENT_BEFORE_N/A_ACTUAL_POS],asymétrie,CONTAINS,examen,BEFORE,examen,,,,,,
12,70,FR100683,[EVENT_BEFORE_N/A_ACTUAL_POS] --(CONTAINS)--> [EVENT_BEFORE_N/A_ACTUAL_POS] | [EVENT_BEFORE_N/A_ACTUAL_POS] --(BEFORE)--> [EVENT_BEFORE_N/A_ACTUAL_POS],glycémie,CONTAINS,exploration,BEFORE,exploration,,,,,,
12,70,FR100688,[EVENT_BEFORE_N/A_ACTUAL_POS] --(CONTAINS)--> [EVENT_BEFORE_N/A_ACTUAL_POS] | [EVENT_BEFORE_N/A_ACTUAL_POS] --(BEFORE)--> [EVENT_BEFORE_N/A_ACTUAL_POS],poids,CONTAINS,examen,BEFORE,examen,,,,,,
12,70,FR100689,[EVENT_BEFORE_N/A_ACTUAL_POS] --(CONTAINS)--> [EVENT_BEFORE_N/A_ACTUAL_POS] | [EVENT_BEFORE_N/A_ACTUAL_POS] --(BEFORE)--> [EVENT_BEFORE_N/A_ACTUAL_POS],positive,CONTAINS,PCR,BEFORE,scanner,,,,,,
12,70,FR100697,[EVENT_BEFORE_N/A_ACTUAL_POS] --(CONTAINS)--> [EVENT_BEFORE_N/A_ACTUAL_POS] | [EVENT_BEFORE_N/A_ACTUAL_POS] --(BEFORE)--> [EVENT_BEFORE_N/A_ACTUAL_POS],adénopathies,CONTAINS,palpation,BEFORE,examen,,,,,,
12,70,FR100708,[EVENT_BEFORE_N/A_ACTUAL_POS] --(CONTAINS)--> [EVENT_BEFORE_N/A_ACTUAL_POS] | [EVENT_BEFORE_N/A_ACTUAL_POS] --(BEFORE)--> [EVENT_BEFORE_N/A_ACTUAL_POS],masse,CONTAINS,mammographie,BEFORE,échographie,,,,,,
12,70,FR100717,[EVENT_BEFORE_N/A_ACTUAL_POS] --(CONTAINS)--> [EVENT_BEFORE_N/A_ACTUAL_POS] | [EVENT_BEFORE_N/A_ACTUAL_POS] --(BEFORE)--> [EVENT_BEFORE_N/A_ACTUAL_POS],Lasègue,CONTAINS,examen,BEFORE,examens,,,,,,
12,70,FR100748,[EVENT_BEFORE_N/A_ACTUAL_POS] --(CONTAINS)--> [EVENT_BEFORE_N/A_ACTUAL_POS] | [EVENT_BEFORE_N/A_ACTUAL_POS] --(BEFORE)--> [EVENT_BEFORE_N/A_ACTUAL_POS],hospitalisation,CONTAINS,indication,BEFORE,consultation,,,,,,
12,70,FR100766,[EVENT_BEFORE_N/A_ACTUAL_POS] --(CONTAINS)--> [EVENT_BEFORE_N/A_ACTUAL_POS] | [EVENT_BEFORE_N/A_ACTUAL_POS] --(BEFORE)--> [EVENT_BEFORE_N/A_ACTUAL_POS],prolabé,CONTAINS,examen,BEFORE,hospitalisation,,,,,,
12,70,FR100780,[EVENT_BEFORE_N/A_ACTUAL_POS] --(CONTAINS)--> [EVENT_BEFORE_N/A_ACTUAL_POS] | [EVENT_BEFORE_N/A_ACTUAL_POS] --(BEFORE)--> [EVENT_BEFORE_N/A_ACTUAL_POS],poids,CONTAINS,examen,BEFORE,toucher,,,,,,
12,70,FR100806,[EVENT_BEFORE_N/A_ACTUAL_POS] --(CONTAINS)--> [EVENT_BEFORE_N/A_ACTUAL_POS] | [EVENT_BEFORE_N/A_ACTUAL_POS] --(BEFORE)--> [EVENT_BEFORE_N/A_ACTUAL_POS],hématome,CONTAINS,tomodensitométrie,BEFORE,prise,,,,,,
12,70,FR100814,[EVENT_BEFORE_N/A_ACTUAL_POS] --(CONTAINS)--> [EVENT_BEFORE_N/A_ACTUAL_POS] | [EVENT_BEFORE_N/A_ACTUAL_POS] --(BEFORE)--> [EVENT_BEFORE_N/A_ACTUAL_POS],processus,CONTAINS,IRM,BEFORE,diagnostic,,,,,,
12,70,FR100826,[EVENT_BEFORE_N/A_ACTUAL_POS] --(CONTAINS)--> [EVENT_BEFORE_N/A_ACTUAL_POS] | [EVENT_BEFORE_N/A_ACTUAL_POS] --(BEFORE)--> [EVENT_BEFORE_N/A_ACTUAL_POS],termine,CONTAINS,bilan,BEFORE,bilan,,,,,,
12,70,FR100845,[EVENT_BEFORE_N/A_ACTUAL_POS] --(CONTAINS)--> [EVENT_BEFORE_N/A_ACTUAL_POS] | [EVENT_BEFORE_N/A_ACTUAL_POS] --(BEFORE)--> [EVENT_BEFORE_N/A_ACTUAL_POS],grossesse,CONTAINS,échographie,BEFORE,radiographie,,,,,,
12,70,FR100849,[EVENT_BEFORE_N/A_ACTUAL_POS] --(CONTAINS)--> [EVENT_BEFORE_N/A_ACTUAL_POS] | [EVENT_BEFORE_N/A_ACTUAL_POS] --(BEFORE)--> [EVENT_BEFORE_N/A_ACTUAL_POS],IMC,CONTAINS,admission,BEFORE,tomodensitométrie,,,,,,
12,70,FR100870,[EVENT_BEFORE_N/A_ACTUAL_POS] --(CONTAINS)--> [EVENT_BEFORE_N/A_ACTUAL_POS] | [EVENT_BEFORE_N/A_ACTUAL_POS] --(BEFORE)--> [EVENT_BEFORE_N/A_ACTUAL_POS],bilan,CONTAINS,hémogramme,BEFORE,bilan,,,,,,
12,70,FR100874,[EVENT_BEFORE_N/A_ACTUAL_POS] --(CONTAINS)--> [EVENT_BEFORE_N/A_ACTUAL_POS] | [EVENT_BEFORE_N/A_ACTUAL_POS] --(BEFORE)--> [EVENT_BEFORE_N/A_ACTUAL_POS],perte,CONTAINS,examen,BEFORE,hémogramme,,,,,,
12,70,FR100882,[EVENT_BEFORE_N/A_ACTUAL_POS] --(CONTAINS)--> [EVENT_BEFORE_N/A_ACTUAL_POS] | [EVENT_BEFORE_N/A_ACTUAL_POS] --(BEFORE)--> [EVENT_BEFORE_N/A_ACTUAL_POS],troubles,CONTAINS,admise,BEFORE,examen,,,,,,
12,70,FR100883,[EVENT_BEFORE_N/A_ACTUAL_POS] --(CONTAINS)--> [EVENT_BEFORE_N/A_ACTUAL_POS] | [EVENT_BEFORE_N/A_ACTUAL_POS] --(BEFORE)--> [EVENT_BEFORE_N/A_ACTUAL_POS],prolifération,CONTAINS,biopsie,BEFORE,bilan,,,,,,
12,70,FR100894,[EVENT_BEFORE_N/A_ACTUAL_POS] --(CONTAINS)--> [EVENT_BEFORE_N/A_ACTUAL_POS] | [EVENT_BEFORE_N/A_ACTUAL_POS] --(BEFORE)--> [EVENT_BEFORE_N/A_ACTUAL_POS],incision,CONTAINS,décompression,BEFORE,palpation,,,,,,
12,70,FR100903,[EVENT_BEFORE_N/A_ACTUAL_POS] --(CONTAINS)--> [EVENT_BEFORE_N/A_ACTUAL_POS] | [EVENT_BEFORE_N/A_ACTUAL_POS] --(BEFORE)--> [EVENT_BEFORE_N/A_ACTUAL_POS],anatomie,CONTAINS,échographie,BEFORE,IRM,,,,,,
12,70,FR100921,[EVENT_BEFORE_N/A_ACTUAL_POS] --(CONTAINS)--> [EVENT_BEFORE_N/A_ACTUAL_POS] | [EVENT_BEFORE_N/A_ACTUAL_POS] --(BEFORE)--> [EVENT_BEFORE_N/A_ACTUAL_POS],signe,CONTAINS,palpation,BEFORE,imagerie,,,,,,
12,70,FR100944,[EVENT_BEFORE_N/A_ACTUAL_POS] --(CONTAINS)--> [EVENT_BEFORE_N/A_ACTUAL_POS] | [EVENT_BEFORE_N/A_ACTUAL_POS] --(BEFORE)--> [EVENT_BEFORE_N/A_ACTUAL_POS],fuite,CONTAINS,échocardiographique,BEFORE,remplacement,,,,,,
12,70,FR100946,[EVENT_BEFORE_N/A_ACTUAL_POS] --(CONTAINS)--> [EVENT_BEFORE_N/A_ACTUAL_POS] | [EVENT_BEFORE_N/A_ACTUAL_POS] --(BEFORE)--> [EVENT_BEFORE_N/A_ACTUAL_POS],traitement,CONTAINS,mise,BEFORE,récupération,,,,,,
12,70,FR100959,[EVENT_BEFORE_N/A_ACTUAL_POS] --(CONTAINS)--> [EVENT_BEFORE_N/A_ACTUAL_POS] | [EVENT_BEFORE_N/A_ACTUAL_POS] --(BEFORE)--> [EVENT_BEFORE_N/A_ACTUAL_POS],admis,CONTAINS,œsophagoscopie,BEFORE,Transit,,,,,,
12,70,FR100979,[EVENT_BEFORE_N/A_ACTUAL_POS] --(CONTAINS)--> [EVENT_BEFORE_N/A_ACTUAL_POS] | [EVENT_BEFORE_N/A_ACTUAL_POS] --(BEFORE)--> [EVENT_BEFORE_N/A_ACTUAL_POS],grossesse,CONTAINS,admise,BEFORE,accident,,,,,,
12,70,FR100996,[EVENT_BEFORE_N/A_ACTUAL_POS] --(CONTAINS)--> [EVENT_BEFORE_N/A_ACTUAL_POS] | [EVENT_BEFORE_N/A_ACTUAL_POS] --(BEFORE)--> [EVENT_BEFORE_N/A_ACTUAL_POS],paroi,CONTAINS,injection,BEFORE,retenu,,,,,,
12,70,FR100998,[EVENT_BEFORE_N/A_ACTUAL_POS] --(CONTAINS)--> [EVENT_BEFORE_N/A_ACTUAL_POS] | [EVENT_BEFORE_N/A_ACTUAL_POS] --(BEFORE)--> [EVENT_BEFORE_N/A_ACTUAL_POS],inflammation,CONTAINS,diagnostic,BEFORE,traitée,,,,,,
113,69,FR100003,[EVENT_BEFORE_N/A_ACTUAL_POS] --(BEFORE)--> [EVENT_BEFORE_N/A_ACTUAL_POS] | [EVENT_BEFORE_N/A_ACTUAL_POS] --(BEFORE)--> [EVENT_BEFORE_N/A_ACTUAL_POS],examen,BEFORE,examen,BEFORE,antibiothérapie,,,,,,
113,69,FR100078,[EVENT_BEFORE_N/A_ACTUAL_POS] --(BEFORE)--> [EVENT_BEFORE_N/A_ACTUAL_POS] | [EVENT_BEFORE_N/A_ACTUAL_POS] --(BEFORE)--> [EVENT_BEFORE_N/A_ACTUAL_POS],examen,BEFORE,doppler,BEFORE,doppler,,,,,,
113,69,FR100092,[EVENT_BEFORE_N/A_ACTUAL_POS] --(BEFORE)--> [EVENT_BEFORE_N/A_ACTUAL_POS] | [EVENT_BEFORE_N/A_ACTUAL_POS] --(BEFORE)--> [EVENT_BEFORE_N/A_ACTUAL_POS],examen,BEFORE,échographie,BEFORE,tableau,,,,,,
113,69,FR100120,[EVENT_BEFORE_N/A_ACTUAL_POS] --(BEFORE)--> [EVENT_BEFORE_N/A_ACTUAL_POS] | [EVENT_BEFORE_N/A_ACTUAL_POS] --(BEFORE)--> [EVENT_BEFORE_N/A_ACTUAL_POS],traitement,BEFORE,retirées,BEFORE,conclure,,,,,,
113,69,FR100130,[EVENT_BEFORE_N/A_ACTUAL_POS] --(BEFORE)--> [EVENT_BEFORE_N/A_ACTUAL_POS] | [EVENT_BEFORE_N/A_ACTUAL_POS] --(BEFORE)--> [EVENT_BEFORE_N/A_ACTUAL_POS],suspectée,BEFORE,bilan,BEFORE,traité,,,,,,
113,69,FR100132,[EVENT_BEFORE_N/A_ACTUAL_POS] --(BEFORE)--> [EVENT_BEFORE_N/A_ACTUAL_POS] | [EVENT_BEFORE_N/A_ACTUAL_POS] --(BEFORE)--> [EVENT_BEFORE_N/A_ACTUAL_POS],palpation,BEFORE,histologie,BEFORE,examen,,,,,,
113,69,FR100142,[EVENT_BEFORE_N/A_ACTUAL_POS] --(BEFORE)--> [EVENT_BEFORE_N/A_ACTUAL_POS] | [EVENT_BEFORE_N/A_ACTUAL_POS] --(BEFORE)--> [EVENT_BEFORE_N/A_ACTUAL_POS],électrophorèse,BEFORE,scanner,BEFORE,fibroscopie,,,,,,
113,69,FR100161,[EVENT_BEFORE_N/A_ACTUAL_POS] --(BEFORE)--> [EVENT_BEFORE_N/A_ACTUAL_POS] | [EVENT_BEFORE_N/A_ACTUAL_POS] --(BEFORE)--> [EVENT_BEFORE_N/A_ACTUAL_POS],examen,BEFORE,examens,BEFORE,radiographie,,,,,,
113,69,FR100168,[EVENT_BEFORE_N/A_ACTUAL_POS] --(BEFORE)--> [EVENT_BEFORE_N/A_ACTUAL_POS] | [EVENT_BEFORE_N/A_ACTUAL_POS] --(BEFORE)--> [EVENT_BEFORE_N/A_ACTUAL_POS],bilan,BEFORE,tests,BEFORE,entretien,,,,,,
113,69,FR100255,[EVENT_BEFORE_N/A_ACTUAL_POS] --(BEFORE)--> [EVENT_BEFORE_N/A_ACTUAL_POS] | [EVENT_BEFORE_N/A_ACTUAL_POS] --(BEFORE)--> [EVENT_BEFORE_N/A_ACTUAL_POS],expulsé,BEFORE,contrôle,BEFORE,quitté,,,,,,
113,69,FR100275,[EVENT_BEFORE_N/A_ACTUAL_POS] --(BEFORE)--> [EVENT_BEFORE_N/A_ACTUAL_POS] | [EVENT_BEFORE_N/A_ACTUAL_POS] --(BEFORE)--> [EVENT_BEFORE_N/A_ACTUAL_POS],incident,BEFORE,pris,BEFORE,électroencéphalogramme,,,,,,
113,69,FR100276,[EVENT_BEFORE_N/A_ACTUAL_POS] --(BEFORE)--> [EVENT_BEFORE_N/A_ACTUAL_POS] | [EVENT_BEFORE_N/A_ACTUAL_POS] --(BEFORE)--> [EVENT_BEFORE_N/A_ACTUAL_POS],accouchement,BEFORE,reste,BEFORE,bilan,,,,,,
113,69,FR100282,[EVENT_BEFORE_N/A_ACTUAL_POS] --(BEFORE)--> [EVENT_BEFORE_N/A_ACTUAL_POS] | [EVENT_BEFORE_N/A_ACTUAL_POS] --(BEFORE)--> [EVENT_BEFORE_N/A_ACTUAL_POS],électroencéphalogramme,BEFORE,scanner,BEFORE,conclus,,,,,,
113,69,FR100283,[EVENT_BEFORE_N/A_ACTUAL_POS] --(BEFORE)--> [EVENT_BEFORE_N/A_ACTUAL_POS] | [EVENT_BEFORE_N/A_ACTUAL_POS] --(BEFORE)--> [EVENT_BEFORE_N/A_ACTUAL_POS],hypophysiogramme,BEFORE,traitement,BEFORE,évolution,,,,,,
113,69,FR100296,[EVENT_BEFORE_N/A_ACTUAL_POS] --(BEFORE)--> [EVENT_BEFORE_N/A_ACTUAL_POS] | [EVENT_BEFORE_N/A_ACTUAL_POS] --(BEFORE)--> [EVENT_BEFORE_N/A_ACTUAL_POS],IRM,BEFORE,fenestration,BEFORE,suites,,,,,,
113,69,FR100314,[EVENT_BEFORE_N/A_ACTUAL_POS] --(BEFORE)--> [EVENT_BEFORE_N/A_ACTUAL_POS] | [EVENT_BEFORE_N/A_ACTUAL_POS] --(BEFORE)--> [EVENT_BEFORE_N/A_ACTUAL_POS],drainage,BEFORE,angio-scanner,BEFORE,amputation,,,,,,
113,69,FR100344,[EVENT_BEFORE_N/A_ACTUAL_POS] --(BEFORE)--> [EVENT_BEFORE_N/A_ACTUAL_POS] | [EVENT_BEFORE_N/A_ACTUAL_POS] --(BEFORE)--> [EVENT_BEFORE_N/A_ACTUAL_POS],déroulée,BEFORE,plainte,BEFORE,examen,,,,,,
113,69,FR100346,[EVENT_BEFORE_N/A_ACTUAL_POS] --(BEFORE)--> [EVENT_BEFORE_N/A_ACTUAL_POS] | [EVENT_BEFORE_N/A_ACTUAL_POS] --(BEFORE)--> [EVENT_BEFORE_N/A_ACTUAL_POS],examen,BEFORE,gazométrie,BEFORE,reste,,,,,,
113,69,FR100360,[EVENT_BEFORE_N/A_ACTUAL_POS] --(BEFORE)--> [EVENT_BEFORE_N/A_ACTUAL_POS] | [EVENT_BEFORE_N/A_ACTUAL_POS] --(BEFORE)--> [EVENT_BEFORE_N/A_ACTUAL_POS],examen,BEFORE,curage,BEFORE,radiothérapie,,,,,,
113,69,FR100361,[EVENT_BEFORE_N/A_ACTUAL_POS] --(BEFORE)--> [EVENT_BEFORE_N/A_ACTUAL_POS] | [EVENT_BEFORE_N/A_ACTUAL_POS] --(BEFORE)--> [EVENT_BEFORE_N/A_ACTUAL_POS],TDM,BEFORE,ponction,BEFORE,examen,,,,,,
113,69,FR100371,[EVENT_BEFORE_N/A_ACTUAL_POS] --(BEFORE)--> [EVENT_BEFORE_N/A_ACTUAL_POS] | [EVENT_BEFORE_N/A_ACTUAL_POS] --(BEFORE)--> [EVENT_BEFORE_N/A_ACTUAL_POS],bilan,BEFORE,bilan,BEFORE,intervention,,,,,,
113,69,FR100400,[EVENT_BEFORE_N/A_ACTUAL_POS] --(BEFORE)--> [EVENT_BEFORE_N/A_ACTUAL_POS] | [EVENT_BEFORE_N/A_ACTUAL_POS] --(BEFORE)--> [EVENT_BEFORE_N/A_ACTUAL_POS],aspiration,BEFORE,résection,BEFORE,drainage,,,,,,
113,69,FR100439,[EVENT_BEFORE_N/A_ACTUAL_POS] --(BEFORE)--> [EVENT_BEFORE_N/A_ACTUAL_POS] | [EVENT_BEFORE_N/A_ACTUAL_POS] --(BEFORE)--> [EVENT_BEFORE_N/A_ACTUAL_POS],classée,BEFORE,bénéficier,BEFORE,nasofibroscopie,,,,,,
113,69,FR100448,[EVENT_BEFORE_N/A_ACTUAL_POS] --(BEFORE)--> [EVENT_BEFORE_N/A_ACTUAL_POS] | [EVENT_BEFORE_N/A_ACTUAL_POS] --(BEFORE)--> [EVENT_BEFORE_N/A_ACTUAL_POS],hémi thyroïdectomie,BEFORE,examen,BEFORE,histochimie,,,,,,
113,69,FR100480,[EVENT_BEFORE_N/A_ACTUAL_POS] --(BEFORE)--> [EVENT_BEFORE_N/A_ACTUAL_POS] | [EVENT_BEFORE_N/A_ACTUAL_POS] --(BEFORE)--> [EVENT_BEFORE_N/A_ACTUAL_POS],examen,BEFORE,imagerie,BEFORE,bilan,,,,,,
113,69,FR100510,[EVENT_BEFORE_N/A_ACTUAL_POS] --(BEFORE)--> [EVENT_BEFORE_N/A_ACTUAL_POS] | [EVENT_BEFORE_N/A_ACTUAL_POS] --(BEFORE)--> [EVENT_BEFORE_N/A_ACTUAL_POS],biopsie,BEFORE,décision,BEFORE,intervention,,,,,,
113,69,FR100515,[EVENT_BEFORE_N/A_ACTUAL_POS] --(BEFORE)--> [EVENT_BEFORE_N/A_ACTUAL_POS] | [EVENT_BEFORE_N/A_ACTUAL_POS] --(BEFORE)--> [EVENT_BEFORE_N/A_ACTUAL_POS],bilan,BEFORE,bilan,BEFORE,prescrits,,,,,,
113,69,FR100517,[EVENT_BEFORE_N/A_ACTUAL_POS] --(BEFORE)--> [EVENT_BEFORE_N/A_ACTUAL_POS] | [EVENT_BEFORE_N/A_ACTUAL_POS] --(BEFORE)--> [EVENT_BEFORE_N/A_ACTUAL_POS],bilan,BEFORE,explorations,BEFORE,porté,,,,,,
113,69,FR100519,[EVENT_BEFORE_N/A_ACTUAL_POS] --(BEFORE)--> [EVENT_BEFORE_N/A_ACTUAL_POS] | [EVENT_BEFORE_N/A_ACTUAL_POS] --(BEFORE)--> [EVENT_BEFORE_N/A_ACTUAL_POS],hospitalisée,BEFORE,entrée,BEFORE,bilan,,,,,,
113,69,FR100579,[EVENT_BEFORE_N/A_ACTUAL_POS] --(BEFORE)--> [EVENT_BEFORE_N/A_ACTUAL_POS] | [EVENT_BEFORE_N/A_ACTUAL_POS] --(BEFORE)--> [EVENT_BEFORE_N/A_ACTUAL_POS],échocardiographie,BEFORE,angio-scanner,BEFORE,imagerie,,,,,,
113,69,FR100589,[EVENT_BEFORE_N/A_ACTUAL_POS] --(BEFORE)--> [EVENT_BEFORE_N/A_ACTUAL_POS] | [EVENT_BEFORE_N/A_ACTUAL_POS] --(BEFORE)--> [EVENT_BEFORE_N/A_ACTUAL_POS],rechercher,BEFORE,bronchoscopie,BEFORE,lavage,,,,,,
113,69,FR100597,[EVENT_BEFORE_N/A_ACTUAL_POS] --(BEFORE)--> [EVENT_BEFORE_N/A_ACTUAL_POS] | [EVENT_BEFORE_N/A_ACTUAL_POS] --(BEFORE)--> [EVENT_BEFORE_N/A_ACTUAL_POS],examen,BEFORE,toucher,BEFORE,reste,,,,,,
113,69,FR100603,[EVENT_BEFORE_N/A_ACTUAL_POS] --(BEFORE)--> [EVENT_BEFORE_N/A_ACTUAL_POS] | [EVENT_BEFORE_N/A_ACTUAL_POS] --(BEFORE)--> [EVENT_BEFORE_N/A_ACTUAL_POS],chirurgie,BEFORE,hémocultures,BEFORE,évolution,,,,,,
113,69,FR100611,[EVENT_BEFORE_N/A_ACTUAL_POS] --(BEFORE)--> [EVENT_BEFORE_N/A_ACTUAL_POS] | [EVENT_BEFORE_N/A_ACTUAL_POS] --(BEFORE)--> [EVENT_BEFORE_N/A_ACTUAL_POS],biopsie,BEFORE,recherche,BEFORE,sérologie,,,,,,
113,69,FR100614,[EVENT_BEFORE_N/A_ACTUAL_POS] --(BEFORE)--> [EVENT_BEFORE_N/A_ACTUAL_POS] | [EVENT_BEFORE_N/A_ACTUAL_POS] --(BEFORE)--> [EVENT_BEFORE_N/A_ACTUAL_POS],admission,BEFORE,examen,BEFORE,échographique,,,,,,
113,69,FR100620,[EVENT_BEFORE_N/A_ACTUAL_POS] --(BEFORE)--> [EVENT_BEFORE_N/A_ACTUAL_POS] | [EVENT_BEFORE_N/A_ACTUAL_POS] --(BEFORE)--> [EVENT_BEFORE_N/A_ACTUAL_POS],radiographie,BEFORE,drainage,BEFORE,radiographie,,,,,,
113,69,FR100623,[EVENT_BEFORE_N/A_ACTUAL_POS] --(BEFORE)--> [EVENT_BEFORE_N/A_ACTUAL_POS] | [EVENT_BEFORE_N/A_ACTUAL_POS] --(BEFORE)--> [EVENT_BEFORE_N/A_ACTUAL_POS],tomodensitométrie,BEFORE,retenu,BEFORE,prise,,,,,,
113,69,FR100629,[EVENT_BEFORE_N/A_ACTUAL_POS] --(BEFORE)--> [EVENT_BEFORE_N/A_ACTUAL_POS] | [EVENT_BEFORE_N/A_ACTUAL_POS] --(BEFORE)--> [EVENT_BEFORE_N/A_ACTUAL_POS],examen,BEFORE,radiographie,BEFORE,thoracoscopie,,,,,,
113,69,FR100632,[EVENT_BEFORE_N/A_ACTUAL_POS] --(BEFORE)--> [EVENT_BEFORE_N/A_ACTUAL_POS] | [EVENT_BEFORE_N/A_ACTUAL_POS] --(BEFORE)--> [EVENT_BEFORE_N/A_ACTUAL_POS],bilan,BEFORE,enquête,BEFORE,étude,,,,,,
113,69,FR100658,[EVENT_BEFORE_N/A_ACTUAL_POS] --(BEFORE)--> [EVENT_BEFORE_N/A_ACTUAL_POS] | [EVENT_BEFORE_N/A_ACTUAL_POS] --(BEFORE)--> [EVENT_BEFORE_N/A_ACTUAL_POS],évaluation,BEFORE,auscultation,BEFORE,examens,,,,,,
113,69,FR100663,[EVENT_BEFORE_N/A_ACTUAL_POS] --(BEFORE)--> [EVENT_BEFORE_N/A_ACTUAL_POS] | [EVENT_BEFORE_N/A_ACTUAL_POS] --(BEFORE)--> [EVENT_BEFORE_N/A_ACTUAL_POS],décidé,BEFORE,ligature,BEFORE,décollé,,,,,,
113,69,FR100666,[EVENT_BEFORE_N/A_ACTUAL_POS] --(BEFORE)--> [EVENT_BEFORE_N/A_ACTUAL_POS] | [EVENT_BEFORE_N/A_ACTUAL_POS] --(BEFORE)--> [EVENT_BEFORE_N/A_ACTUAL_POS],adressé,BEFORE,bilan,BEFORE,myologramme,,,,,,
113,69,FR100683,[EVENT_BEFORE_N/A_ACTUAL_POS] --(BEFORE)--> [EVENT_BEFORE_N/A_ACTUAL_POS] | [EVENT_BEFORE_N/A_ACTUAL_POS] --(BEFORE)--> [EVENT_BEFORE_N/A_ACTUAL_POS],exploration,BEFORE,exploration,BEFORE,IRM,,,,,,
113,69,FR100688,[EVENT_BEFORE_N/A_ACTUAL_POS] --(BEFORE)--> [EVENT_BEFORE_N/A_ACTUAL_POS] | [EVENT_BEFORE_N/A_ACTUAL_POS] --(BEFORE)--> [EVENT_BEFORE_N/A_ACTUAL_POS],analyse,BEFORE,traitement,BEFORE,évolution,,,,,,
113,69,FR100689,[EVENT_BEFORE_N/A_ACTUAL_POS] --(BEFORE)--> [EVENT_BEFORE_N/A_ACTUAL_POS] | [EVENT_BEFORE_N/A_ACTUAL_POS] --(BEFORE)--> [EVENT_BEFORE_N/A_ACTUAL_POS],hémogramme,BEFORE,ionogramme,BEFORE,examen,,,,,,
113,69,FR100697,[EVENT_BEFORE_N/A_ACTUAL_POS] --(BEFORE)--> [EVENT_BEFORE_N/A_ACTUAL_POS] | [EVENT_BEFORE_N/A_ACTUAL_POS] --(BEFORE)--> [EVENT_BEFORE_N/A_ACTUAL_POS],palpation,BEFORE,examen,BEFORE,mammographie,,,,,,
113,69,FR100708,[EVENT_BEFORE_N/A_ACTUAL_POS] --(BEFORE)--> [EVENT_BEFORE_N/A_ACTUAL_POS] | [EVENT_BEFORE_N/A_ACTUAL_POS] --(BEFORE)--> [EVENT_BEFORE_N/A_ACTUAL_POS],échographie,BEFORE,ponction,BEFORE,étude,,,,,,
113,69,FR100717,[EVENT_BEFORE_N/A_ACTUAL_POS] --(BEFORE)--> [EVENT_BEFORE_N/A_ACTUAL_POS] | [EVENT_BEFORE_N/A_ACTUAL_POS] --(BEFORE)--> [EVENT_BEFORE_N/A_ACTUAL_POS],examen,BEFORE,examens,BEFORE,scanner,,,,,,
113,69,FR100748,[EVENT_BEFORE_N/A_ACTUAL_POS] --(BEFORE)--> [EVENT_BEFORE_N/A_ACTUAL_POS] | [EVENT_BEFORE_N/A_ACTUAL_POS] --(BEFORE)--> [EVENT_BEFORE_N/A_ACTUAL_POS],mobilisation,BEFORE,suites,BEFORE,transférée,,,,,,
113,69,FR100766,[EVENT_BEFORE_N/A_ACTUAL_POS] --(BEFORE)--> [EVENT_BEFORE_N/A_ACTUAL_POS] | [EVENT_BEFORE_N/A_ACTUAL_POS] --(BEFORE)--> [EVENT_BEFORE_N/A_ACTUAL_POS],examen,BEFORE,hospitalisation,BEFORE,traitement,,,,,,
113,69,FR100780,[EVENT_BEFORE_N/A_ACTUAL_POS] --(BEFORE)--> [EVENT_BEFORE_N/A_ACTUAL_POS] | [EVENT_BEFORE_N/A_ACTUAL_POS] --(BEFORE)--> [EVENT_BEFORE_N/A_ACTUAL_POS],admise,BEFORE,examen,BEFORE,toucher,,,,,,
113,69,FR100806,[EVENT_BEFORE_N/A_ACTUAL_POS] --(BEFORE)--> [EVENT_BEFORE_N/A_ACTUAL_POS] | [EVENT_BEFORE_N/A_ACTUAL_POS] --(BEFORE)--> [EVENT_BEFORE_N/A_ACTUAL_POS],référée,BEFORE,examen,BEFORE,biologie,,,,,,
113,69,FR100814,[EVENT_BEFORE_N/A_ACTUAL_POS] --(BEFORE)--> [EVENT_BEFORE_N/A_ACTUAL_POS] | [EVENT_BEFORE_N/A_ACTUAL_POS] --(BEFORE)--> [EVENT_BEFORE_N/A_ACTUAL_POS],diagnostic,BEFORE,réséquée,BEFORE,examen,,,,,,
113,69,FR100826,[EVENT_BEFORE_N/A_ACTUAL_POS] --(BEFORE)--> [EVENT_BEFORE_N/A_ACTUAL_POS] | [EVENT_BEFORE_N/A_ACTUAL_POS] --(BEFORE)--> [EVENT_BEFORE_N/A_ACTUAL_POS],bilan,BEFORE,bilan,BEFORE,retenue,,,,,,
113,69,FR100845,[EVENT_BEFORE_N/A_ACTUAL_POS] --(BEFORE)--> [EVENT_BEFORE_N/A_ACTUAL_POS] | [EVENT_BEFORE_N/A_ACTUAL_POS] --(BEFORE)--> [EVENT_BEFORE_N/A_ACTUAL_POS],examen,BEFORE,examen,BEFORE,échographie,,,,,,
113,69,FR100849,[EVENT_BEFORE_N/A_ACTUAL_POS] --(BEFORE)--> [EVENT_BEFORE_N/A_ACTUAL_POS] | [EVENT_BEFORE_N/A_ACTUAL_POS] --(BEFORE)--> [EVENT_BEFORE_N/A_ACTUAL_POS],admission,BEFORE,tomodensitométrie,BEFORE,acheminé,,,,,,
113,69,FR100870,[EVENT_BEFORE_N/A_ACTUAL_POS] --(BEFORE)--> [EVENT_BEFORE_N/A_ACTUAL_POS] | [EVENT_BEFORE_N/A_ACTUAL_POS] --(BEFORE)--> [EVENT_BEFORE_N/A_ACTUAL_POS],immunosoustraction,BEFORE,immunofixation,BEFORE,bilan,,,,,,
113,69,FR100874,[EVENT_BEFORE_N/A_ACTUAL_POS] --(BEFORE)--> [EVENT_BEFORE_N/A_ACTUAL_POS] | [EVENT_BEFORE_N/A_ACTUAL_POS] --(BEFORE)--> [EVENT_BEFORE_N/A_ACTUAL_POS],examen,BEFORE,hémogramme,BEFORE,fibroscopie,,,,,,
113,69,FR100882,[EVENT_BEFORE_N/A_ACTUAL_POS] --(BEFORE)--> [EVENT_BEFORE_N/A_ACTUAL_POS] | [EVENT_BEFORE_N/A_ACTUAL_POS] --(BEFORE)--> [EVENT_BEFORE_N/A_ACTUAL_POS],sérologies,BEFORE,sclérothérapie,BEFORE,évolution,,,,,,
113,69,FR100883,[EVENT_BEFORE_N/A_ACTUAL_POS] --(BEFORE)--> [EVENT_BEFORE_N/A_ACTUAL_POS] | [EVENT_BEFORE_N/A_ACTUAL_POS] --(BEFORE)--> [EVENT_BEFORE_N/A_ACTUAL_POS],TDM,BEFORE,biopsie,BEFORE,bilan,,,,,,
113,69,FR100894,[EVENT_BEFORE_N/A_ACTUAL_POS] --(BEFORE)--> [EVENT_BEFORE_N/A_ACTUAL_POS] | [EVENT_BEFORE_N/A_ACTUAL_POS] --(BEFORE)--> [EVENT_BEFORE_N/A_ACTUAL_POS],diagnostic,BEFORE,pris,BEFORE,incision,,,,,,
113,69,FR100903,[EVENT_BEFORE_N/A_ACTUAL_POS] --(BEFORE)--> [EVENT_BEFORE_N/A_ACTUAL_POS] | [EVENT_BEFORE_N/A_ACTUAL_POS] --(BEFORE)--> [EVENT_BEFORE_N/A_ACTUAL_POS],écarté,BEFORE,contrôles,BEFORE,accouchement,,,,,,
113,69,FR100919,[EVENT_BEFORE_N/A_ACTUAL_POS] --(BEFORE)--> [EVENT_BEFORE_N/A_ACTUAL_POS] | [EVENT_BEFORE_N/A_ACTUAL_POS] --(BEFORE)--> [EVENT_BEFORE_N/A_ACTUAL_POS],correction,BEFORE,adressée,BEFORE,bilan,,,,,,
113,69,FR100921,[EVENT_BEFORE_N/A_ACTUAL_POS] --(BEFORE)--> [EVENT_BEFORE_N/A_ACTUAL_POS] | [EVENT_BEFORE_N/A_ACTUAL_POS] --(BEFORE)--> [EVENT_BEFORE_N/A_ACTUAL_POS],palpation,BEFORE,imagerie,BEFORE,exérèse,,,,,,
113,69,FR100932,[EVENT_BEFORE_N/A_ACTUAL_POS] --(BEFORE)--> [EVENT_BEFORE_N/A_ACTUAL_POS] | [EVENT_BEFORE_N/A_ACTUAL_POS] --(BEFORE)--> [EVENT_BEFORE_N/A_ACTUAL_POS],mise,BEFORE,opérée,BEFORE,évolution,,,,,,
113,69,FR100946,[EVENT_BEFORE_N/A_ACTUAL_POS] --(BEFORE)--> [EVENT_BEFORE_N/A_ACTUAL_POS] | [EVENT_BEFORE_N/A_ACTUAL_POS] --(BEFORE)--> [EVENT_BEFORE_N/A_ACTUAL_POS],IRM,BEFORE,analyse,BEFORE,mise,,,,,,
113,69,FR100959,[EVENT_BEFORE_N/A_ACTUAL_POS] --(BEFORE)--> [EVENT_BEFORE_N/A_ACTUAL_POS] | [EVENT_BEFORE_N/A_ACTUAL_POS] --(BEFORE)--> [EVENT_BEFORE_N/A_ACTUAL_POS],œsophagoscopie,BEFORE,Transit,BEFORE,notée,,,,,,
113,69,FR100996,[EVENT_BEFORE_N/A_ACTUAL_POS] --(BEFORE)--> [EVENT_BEFORE_N/A_ACTUAL_POS] | [EVENT_BEFORE_N/A_ACTUAL_POS] --(BEFORE)--> [EVENT_BEFORE_N/A_ACTUAL_POS],tomodensitométrie,BEFORE,injection,BEFORE,retenu,,,,,,
113,69,FR100998,[EVENT_BEFORE_N/A_ACTUAL_POS] --(BEFORE)--> [EVENT_BEFORE_N/A_ACTUAL_POS] | [EVENT_BEFORE_N/A_ACTUAL_POS] --(BEFORE)--> [EVENT_BEFORE_N/A_ACTUAL_POS],diagnostic,BEFORE,traitée,BEFORE,bilan,,,,,,
13,65,FR100003,[EVENT_BEFORE_N/A_ACTUAL_POS] --(CONTAINS)--> [EVENT_BEFORE_N/A_ACTUAL_POS] | [EVENT_BEFORE_N/A_ACTUAL_POS] --(BEFORE)--> [EVENT_BEFORE_N/A_ACTUAL_POS] | [EVENT_BEFORE_N/A_ACTUAL_POS] --(BEFORE)--> [EVENT_BEFORE_N/A_ACTUAL_POS],bactéries,CONTAINS,examen,BEFORE,examen,BEFORE,antibiothérapie,,,,
13,65,FR100078,[EVENT_BEFORE_N/A_ACTUAL_POS] --(CONTAINS)--> [EVENT_BEFORE_N/A_ACTUAL_POS] | [EVENT_BEFORE_N/A_ACTUAL_POS] --(BEFORE)--> [EVENT_BEFORE_N/A_ACTUAL_POS] | [EVENT_BEFORE_N/A_ACTUAL_POS] --(BEFORE)--> [EVENT_BEFORE_N/A_ACTUAL_POS],pouls,CONTAINS,examen,BEFORE,doppler,BEFORE,doppler,,,,
13,65,FR100092,[EVENT_BEFORE_N/A_ACTUAL_POS] --(CONTAINS)--> [EVENT_BEFORE_N/A_ACTUAL_POS] | [EVENT_BEFORE_N/A_ACTUAL_POS] --(BEFORE)--> [EVENT_BEFORE_N/A_ACTUAL_POS] | [EVENT_BEFORE_N/A_ACTUAL_POS] --(BEFORE)--> [EVENT_BEFORE_N/A_ACTUAL_POS],empâtement,CONTAINS,examen,BEFORE,échographie,BEFORE,tableau,,,,
13,65,FR100120,[EVENT_BEFORE_N/A_ACTUAL_POS] --(CONTAINS)--> [EVENT_BEFORE_N/A_ACTUAL_POS] | [EVENT_BEFORE_N/A_ACTUAL_POS] --(BEFORE)--> [EVENT_BEFORE_N/A_ACTUAL_POS] | [EVENT_BEFORE_N/A_ACTUAL_POS] --(BEFORE)--> [EVENT_BEFORE_N/A_ACTUAL_POS],retard,CONTAINS,rattaché,BEFORE,traitement,BEFORE,sailli,,,,
13,65,FR100130,[EVENT_BEFORE_N/A_ACTUAL_POS] --(CONTAINS)--> [EVENT_BEFORE_N/A_ACTUAL_POS] | [EVENT_BEFORE_N/A_ACTUAL_POS] --(BEFORE)--> [EVENT_BEFORE_N/A_ACTUAL_POS] | [EVENT_BEFORE_N/A_ACTUAL_POS] --(BEFORE)--> [EVENT_BEFORE_N/A_ACTUAL_POS],activité,CONTAINS,électromyogramme,BEFORE,confirmé,BEFORE,recherche,,,,
13,65,FR100132,[EVENT_BEFORE_N/A_ACTUAL_POS] --(CONTAINS)--> [EVENT_BEFORE_N/A_ACTUAL_POS] | [EVENT_BEFORE_N/A_ACTUAL_POS] --(BEFORE)--> [EVENT_BEFORE_N/A_ACTUAL_POS] | [EVENT_BEFORE_N/A_ACTUAL_POS] --(BEFORE)--> [EVENT_BEFORE_N/A_ACTUAL_POS],examen,CONTAINS,palpation,BEFORE,histologie,BEFORE,examen,,,,
13,65,FR100142,[EVENT_BEFORE_N/A_ACTUAL_POS] --(CONTAINS)--> [EVENT_BEFORE_N/A_ACTUAL_POS] | [EVENT_BEFORE_N/A_ACTUAL_POS] --(BEFORE)--> [EVENT_BEFORE_N/A_ACTUAL_POS] | [EVENT_BEFORE_N/A_ACTUAL_POS] --(BEFORE)--> [EVENT_BEFORE_N/A_ACTUAL_POS],tuberculose,CONTAINS,biopsie,BEFORE,mis,BEFORE,bithérapie,,,,
13,65,FR100161,[EVENT_BEFORE_N/A_ACTUAL_POS] --(CONTAINS)--> [EVENT_BEFORE_N/A_ACTUAL_POS] | [EVENT_BEFORE_N/A_ACTUAL_POS] --(BEFORE)--> [EVENT_BEFORE_N/A_ACTUAL_POS] | [EVENT_BEFORE_N/A_ACTUAL_POS] --(BEFORE)--> [EVENT_BEFORE_N/A_ACTUAL_POS],cytolyse,CONTAINS,examens,BEFORE,radiographie,BEFORE,complément,,,,
13,65,FR100168,[EVENT_BEFORE_N/A_ACTUAL_POS] --(CONTAINS)--> [EVENT_BEFORE_N/A_ACTUAL_POS] | [EVENT_BEFORE_N/A_ACTUAL_POS] --(BEFORE)--> [EVENT_BEFORE_N/A_ACTUAL_POS] | [EVENT_BEFORE_N/A_ACTUAL_POS] --(BEFORE)--> [EVENT_BEFORE_N/A_ACTUAL_POS],plaquettes,CONTAINS,bilan,BEFORE,tests,BEFORE,entretien,,,,
13,65,FR100255,[EVENT_BEFORE_N/A_ACTUAL_POS] --(CONTAINS)--> [EVENT_BEFORE_N/A_ACTUAL_POS] | [EVENT_BEFORE_N/A_ACTUAL_POS] --(BEFORE)--> [EVENT_BEFORE_N/A_ACTUAL_POS] | [EVENT_BEFORE_N/A_ACTUAL_POS] --(BEFORE)--> [EVENT_BEFORE_N/A_ACTUAL_POS],diminution,CONTAINS,examen,BEFORE,examen,BEFORE,échographie,,,,
13,65,FR100275,[EVENT_BEFORE_N/A_ACTUAL_POS] --(CONTAINS)--> [EVENT_BEFORE_N/A_ACTUAL_POS] | [EVENT_BEFORE_N/A_ACTUAL_POS] --(BEFORE)--> [EVENT_BEFORE_N/A_ACTUAL_POS] | [EVENT_BEFORE_N/A_ACTUAL_POS] --(BEFORE)--> [EVENT_BEFORE_N/A_ACTUAL_POS],mort,CONTAINS,posé,BEFORE,pris,BEFORE,électroencéphalogramme,,,,
13,65,FR100276,[EVENT_BEFORE_N/A_ACTUAL_POS] --(CONTAINS)--> [EVENT_BEFORE_N/A_ACTUAL_POS] | [EVENT_BEFORE_N/A_ACTUAL_POS] --(BEFORE)--> [EVENT_BEFORE_N/A_ACTUAL_POS] | [EVENT_BEFORE_N/A_ACTUAL_POS] --(BEFORE)--> [EVENT_BEFORE_N/A_ACTUAL_POS],aplasie,CONTAINS,accouchement,BEFORE,reste,BEFORE,bilan,,,,
13,65,FR100282,[EVENT_BEFORE_N/A_ACTUAL_POS] --(CONTAINS)--> [EVENT_BEFORE_N/A_ACTUAL_POS] | [EVENT_BEFORE_N/A_ACTUAL_POS] --(BEFORE)--> [EVENT_BEFORE_N/A_ACTUAL_POS] | [EVENT_BEFORE_N/A_ACTUAL_POS] --(BEFORE)--> [EVENT_BEFORE_N/A_ACTUAL_POS],tracé,CONTAINS,électroencéphalogramme,BEFORE,scanner,BEFORE,conclus,,,,
13,65,FR100283,[EVENT_BEFORE_N/A_ACTUAL_POS] --(CONTAINS)--> [EVENT_BEFORE_N/A_ACTUAL_POS] | [EVENT_BEFORE_N/A_ACTUAL_POS] --(BEFORE)--> [EVENT_BEFORE_N/A_ACTUAL_POS] | [EVENT_BEFORE_N/A_ACTUAL_POS] --(BEFORE)--> [EVENT_BEFORE_N/A_ACTUAL_POS],consulté,CONTAINS,bilan,BEFORE,IRM,BEFORE,hypophysiogramme,,,,
13,65,FR100296,[EVENT_BEFORE_N/A_ACTUAL_POS] --(CONTAINS)--> [EVENT_BEFORE_N/A_ACTUAL_POS] | [EVENT_BEFORE_N/A_ACTUAL_POS] --(BEFORE)--> [EVENT_BEFORE_N/A_ACTUAL_POS] | [EVENT_BEFORE_N/A_ACTUAL_POS] --(BEFORE)--> [EVENT_BEFORE_N/A_ACTUAL_POS],phénomènes,CONTAINS,examen,BEFORE,IRM,BEFORE,fenestration,,,,
13,65,FR100314,[EVENT_BEFORE_N/A_ACTUAL_POS] --(CONTAINS)--> [EVENT_BEFORE_N/A_ACTUAL_POS] | [EVENT_BEFORE_N/A_ACTUAL_POS] --(BEFORE)--> [EVENT_BEFORE_N/A_ACTUAL_POS] | [EVENT_BEFORE_N/A_ACTUAL_POS] --(BEFORE)--> [EVENT_BEFORE_N/A_ACTUAL_POS],thrombose,CONTAINS,angio-scanner,BEFORE,amputation,BEFORE,mise,,,,
13,65,FR100344,[EVENT_BEFORE_N/A_ACTUAL_POS] --(CONTAINS)--> [EVENT_BEFORE_N/A_ACTUAL_POS] | [EVENT_BEFORE_N/A_ACTUAL_POS] --(BEFORE)--> [EVENT_BEFORE_N/A_ACTUAL_POS] | [EVENT_BEFORE_N/A_ACTUAL_POS] --(BEFORE)--> [EVENT_BEFORE_N/A_ACTUAL_POS],évolution,CONTAINS,déroulée,BEFORE,plainte,BEFORE,examen,,,,
13,65,FR100346,[EVENT_BEFORE_N/A_ACTUAL_POS] --(CONTAINS)--> [EVENT_BEFORE_N/A_ACTUAL_POS] | [EVENT_BEFORE_N/A_ACTUAL_POS] --(BEFORE)--> [EVENT_BEFORE_N/A_ACTUAL_POS] | [EVENT_BEFORE_N/A_ACTUAL_POS] --(BEFORE)--> [EVENT_BEFORE_N/A_ACTUAL_POS],pouls,CONTAINS,examen,BEFORE,gazométrie,BEFORE,reste,,,,
13,65,FR100360,[EVENT_BEFORE_N/A_ACTUAL_POS] --(CONTAINS)--> [EVENT_BEFORE_N/A_ACTUAL_POS] | [EVENT_BEFORE_N/A_ACTUAL_POS] --(BEFORE)--> [EVENT_BEFORE_N/A_ACTUAL_POS] | [EVENT_BEFORE_N/A_ACTUAL_POS] --(BEFORE)--> [EVENT_BEFORE_N/A_ACTUAL_POS],lésion,CONTAINS,tomodensitométrie,BEFORE,complément,BEFORE,biopsie,,,,
13,65,FR100361,[EVENT_BEFORE_N/A_ACTUAL_POS] --(CONTAINS)--> [EVENT_BEFORE_N/A_ACTUAL_POS] | [EVENT_BEFORE_N/A_ACTUAL_POS] --(BEFORE)--> [EVENT_BEFORE_N/A_ACTUAL_POS] | [EVENT_BEFORE_N/A_ACTUAL_POS] --(BEFORE)--> [EVENT_BEFORE_N/A_ACTUAL_POS],processus,CONTAINS,TDM,BEFORE,ponction,BEFORE,examen,,,,
13,65,FR100371,[EVENT_BEFORE_N/A_ACTUAL_POS] --(CONTAINS)--> [EVENT_BEFORE_N/A_ACTUAL_POS] | [EVENT_BEFORE_N/A_ACTUAL_POS] --(BEFORE)--> [EVENT_BEFORE_N/A_ACTUAL_POS] | [EVENT_BEFORE_N/A_ACTUAL_POS] --(BEFORE)--> [EVENT_BEFORE_N/A_ACTUAL_POS],nombre,CONTAINS,bilan,BEFORE,bilan,BEFORE,intervention,,,,
13,65,FR100400,[EVENT_BEFORE_N/A_ACTUAL_POS] --(CONTAINS)--> [EVENT_BEFORE_N/A_ACTUAL_POS] | [EVENT_BEFORE_N/A_ACTUAL_POS] --(BEFORE)--> [EVENT_BEFORE_N/A_ACTUAL_POS] | [EVENT_BEFORE_N/A_ACTUAL_POS] --(BEFORE)--> [EVENT_BEFORE_N/A_ACTUAL_POS],état,CONTAINS,examen,BEFORE,bilan,BEFORE,Radiographie,,,,
13,65,FR100439,[EVENT_BEFORE_N/A_ACTUAL_POS] --(CONTAINS)--> [EVENT_BEFORE_N/A_ACTUAL_POS] | [EVENT_BEFORE_N/A_ACTUAL_POS] --(BEFORE)--> [EVENT_BEFORE_N/A_ACTUAL_POS] | [EVENT_BEFORE_N/A_ACTUAL_POS] --(BEFORE)--> [EVENT_BEFORE_N/A_ACTUAL_POS],anesthésie,CONTAINS,endoscopie,BEFORE,biopsies,BEFORE,envoyées,,,,
13,65,FR100480,[EVENT_BEFORE_N/A_ACTUAL_POS] --(CONTAINS)--> [EVENT_BEFORE_N/A_ACTUAL_POS] | [EVENT_BEFORE_N/A_ACTUAL_POS] --(BEFORE)--> [EVENT_BEFORE_N/A_ACTUAL_POS] | [EVENT_BEFORE_N/A_ACTUAL_POS] --(BEFORE)--> [EVENT_BEFORE_N/A_ACTUAL_POS],libres,CONTAINS,examen,BEFORE,imagerie,BEFORE,bilan,,,,
13,65,FR100510,[EVENT_BEFORE_N/A_ACTUAL_POS] --(CONTAINS)--> [EVENT_BEFORE_N/A_ACTUAL_POS] | [EVENT_BEFORE_N/A_ACTUAL_POS] --(BEFORE)--> [EVENT_BEFORE_N/A_ACTUAL_POS] | [EVENT_BEFORE_N/A_ACTUAL_POS] --(BEFORE)--> [EVENT_BEFORE_N/A_ACTUAL_POS],kyste,CONTAINS,biopsie,BEFORE,décision,BEFORE,intervention,,,,
13,65,FR100515,[EVENT_BEFORE_N/A_ACTUAL_POS] --(CONTAINS)--> [EVENT_BEFORE_N/A_ACTUAL_POS] | [EVENT_BEFORE_N/A_ACTUAL_POS] --(BEFORE)--> [EVENT_BEFORE_N/A_ACTUAL_POS] | [EVENT_BEFORE_N/A_ACTUAL_POS] --(BEFORE)--> [EVENT_BEFORE_N/A_ACTUAL_POS],lactate,CONTAINS,dosage,BEFORE,bilan,BEFORE,biopsie,,,,
13,65,FR100517,[EVENT_BEFORE_N/A_ACTUAL_POS] --(CONTAINS)--> [EVENT_BEFORE_N/A_ACTUAL_POS] | [EVENT_BEFORE_N/A_ACTUAL_POS] --(BEFORE)--> [EVENT_BEFORE_N/A_ACTUAL_POS] | [EVENT_BEFORE_N/A_ACTUAL_POS] --(BEFORE)--> [EVENT_BEFORE_N/A_ACTUAL_POS],syndrome,CONTAINS,bilan,BEFORE,électromyogramme,BEFORE,bilan,,,,
13,65,FR100519,[EVENT_BEFORE_N/A_ACTUAL_POS] --(CONTAINS)--> [EVENT_BEFORE_N/A_ACTUAL_POS] | [EVENT_BEFORE_N/A_ACTUAL_POS] --(BEFORE)--> [EVENT_BEFORE_N/A_ACTUAL_POS] | [EVENT_BEFORE_N/A_ACTUAL_POS] --(BEFORE)--> [EVENT_BEFORE_N/A_ACTUAL_POS],opacité,CONTAINS,bilan,BEFORE,angioscanner,BEFORE,échodoppler,,,,
13,65,FR100579,[EVENT_BEFORE_N/A_ACTUAL_POS] --(CONTAINS)--> [EVENT_BEFORE_N/A_ACTUAL_POS] | [EVENT_BEFORE_N/A_ACTUAL_POS] --(BEFORE)--> [EVENT_BEFORE_N/A_ACTUAL_POS] | [EVENT_BEFORE_N/A_ACTUAL_POS] --(BEFORE)--> [EVENT_BEFORE_N/A_ACTUAL_POS],dilatation,CONTAINS,radiographie,BEFORE,échocardiographie,BEFORE,angio-scanner,,,,
13,65,FR100589,[EVENT_BEFORE_N/A_ACTUAL_POS] --(CONTAINS)--> [EVENT_BEFORE_N/A_ACTUAL_POS] | [EVENT_BEFORE_N/A_ACTUAL_POS] --(BEFORE)--> [EVENT_BEFORE_N/A_ACTUAL_POS] | [EVENT_BEFORE_N/A_ACTUAL_POS] --(BEFORE)--> [EVENT_BEFORE_N/A_ACTUAL_POS],discuté,CONTAINS,évoqué,BEFORE,rechercher,BEFORE,bronchoscopie,,,,
13,65,FR100597,[EVENT_BEFORE_N/A_ACTUAL_POS] --(CONTAINS)--> [EVENT_BEFORE_N/A_ACTUAL_POS] | [EVENT_BEFORE_N/A_ACTUAL_POS] --(BEFORE)--> [EVENT_BEFORE_N/A_ACTUAL_POS] | [EVENT_BEFORE_N/A_ACTUAL_POS] --(BEFORE)--> [EVENT_BEFORE_N/A_ACTUAL_POS],consultation,CONTAINS,examen,BEFORE,examen,BEFORE,examen,,,,
13,65,FR100611,[EVENT_BEFORE_N/A_ACTUAL_POS] --(CONTAINS)--> [EVENT_BEFORE_N/A_ACTUAL_POS] | [EVENT_BEFORE_N/A_ACTUAL_POS] --(BEFORE)--> [EVENT_BEFORE_N/A_ACTUAL_POS] | [EVENT_BEFORE_N/A_ACTUAL_POS] --(BEFORE)--> [EVENT_BEFORE_N/A_ACTUAL_POS],trouble,CONTAINS,admission,BEFORE,examen,BEFORE,IRM,,,,
13,65,FR100614,[EVENT_BEFORE_N/A_ACTUAL_POS] --(CONTAINS)--> [EVENT_BEFORE_N/A_ACTUAL_POS] | [EVENT_BEFORE_N/A_ACTUAL_POS] --(BEFORE)--> [EVENT_BEFORE_N/A_ACTUAL_POS] | [EVENT_BEFORE_N/A_ACTUAL_POS] --(BEFORE)--> [EVENT_BEFORE_N/A_ACTUAL_POS],masse,CONTAINS,examen,BEFORE,échographique,BEFORE,tomodensitométrie,,,,
13,65,FR100620,[EVENT_BEFORE_N/A_ACTUAL_POS] --(CONTAINS)--> [EVENT_BEFORE_N/A_ACTUAL_POS] | [EVENT_BEFORE_N/A_ACTUAL_POS] --(BEFORE)--> [EVENT_BEFORE_N/A_ACTUAL_POS] | [EVENT_BEFORE_N/A_ACTUAL_POS] --(BEFORE)--> [EVENT_BEFORE_N/A_ACTUAL_POS],DEP,CONTAINS,examen,BEFORE,radiographie,BEFORE,drainage,,,,
13,65,FR100623,[EVENT_BEFORE_N/A_ACTUAL_POS] --(CONTAINS)--> [EVENT_BEFORE_N/A_ACTUAL_POS] | [EVENT_BEFORE_N/A_ACTUAL_POS] --(BEFORE)--> [EVENT_BEFORE_N/A_ACTUAL_POS] | [EVENT_BEFORE_N/A_ACTUAL_POS] --(BEFORE)--> [EVENT_BEFORE_N/A_ACTUAL_POS],disposition,CONTAINS,tomodensitométrie,BEFORE,retenu,BEFORE,prise,,,,
13,65,FR100629,[EVENT_BEFORE_N/A_ACTUAL_POS] --(CONTAINS)--> [EVENT_BEFORE_N/A_ACTUAL_POS] | [EVENT_BEFORE_N/A_ACTUAL_POS] --(BEFORE)--> [EVENT_BEFORE_N/A_ACTUAL_POS] | [EVENT_BEFORE_N/A_ACTUAL_POS] --(BEFORE)--> [EVENT_BEFORE_N/A_ACTUAL_POS],métastases,CONTAINS,bilan,BEFORE,décision,BEFORE,évolution,,,,
13,65,FR100632,[EVENT_BEFORE_N/A_ACTUAL_POS] --(CONTAINS)--> [EVENT_BEFORE_N/A_ACTUAL_POS] | [EVENT_BEFORE_N/A_ACTUAL_POS] --(BEFORE)--> [EVENT_BEFORE_N/A_ACTUAL_POS] | [EVENT_BEFORE_N/A_ACTUAL_POS] --(BEFORE)--> [EVENT_BEFORE_N/A_ACTUAL_POS],état,CONTAINS,examen,BEFORE,examen,BEFORE,IRM,,,,
13,65,FR100658,[EVENT_BEFORE_N/A_ACTUAL_POS] --(CONTAINS)--> [EVENT_BEFORE_N/A_ACTUAL_POS] | [EVENT_BEFORE_N/A_ACTUAL_POS] --(BEFORE)--> [EVENT_BEFORE_N/A_ACTUAL_POS] | [EVENT_BEFORE_N/A_ACTUAL_POS] --(BEFORE)--> [EVENT_BEFORE_N/A_ACTUAL_POS],tolérance,CONTAINS,évaluation,BEFORE,auscultation,BEFORE,examens,,,,
13,65,FR100663,[EVENT_BEFORE_N/A_ACTUAL_POS] --(CONTAINS)--> [EVENT_BEFORE_N/A_ACTUAL_POS] | [EVENT_BEFORE_N/A_ACTUAL_POS] --(BEFORE)--> [EVENT_BEFORE_N/A_ACTUAL_POS] | [EVENT_BEFORE_N/A_ACTUAL_POS] --(BEFORE)--> [EVENT_BEFORE_N/A_ACTUAL_POS],stable,CONTAINS,examen,BEFORE,examen,BEFORE,échographie,,,,
13,65,FR100666,[EVENT_BEFORE_N/A_ACTUAL_POS] --(CONTAINS)--> [EVENT_BEFORE_N/A_ACTUAL_POS] | [EVENT_BEFORE_N/A_ACTUAL_POS] --(BEFORE)--> [EVENT_BEFORE_N/A_ACTUAL_POS] | [EVENT_BEFORE_N/A_ACTUAL_POS] --(BEFORE)--> [EVENT_BEFORE_N/A_ACTUAL_POS],asymétrie,CONTAINS,examen,BEFORE,examen,BEFORE,palpation,,,,
13,65,FR100683,[EVENT_BEFORE_N/A_ACTUAL_POS] --(CONTAINS)--> [EVENT_BEFORE_N/A_ACTUAL_POS] | [EVENT_BEFORE_N/A_ACTUAL_POS] --(BEFORE)--> [EVENT_BEFORE_N/A_ACTUAL_POS] | [EVENT_BEFORE_N/A_ACTUAL_POS] --(BEFORE)--> [EVENT_BEFORE_N/A_ACTUAL_POS],glycémie,CONTAINS,exploration,BEFORE,exploration,BEFORE,IRM,,,,
13,65,FR100688,[EVENT_BEFORE_N/A_ACTUAL_POS] --(CONTAINS)--> [EVENT_BEFORE_N/A_ACTUAL_POS] | [EVENT_BEFORE_N/A_ACTUAL_POS] --(BEFORE)--> [EVENT_BEFORE_N/A_ACTUAL_POS] | [EVENT_BEFORE_N/A_ACTUAL_POS] --(BEFORE)--> [EVENT_BEFORE_N/A_ACTUAL_POS],poids,CONTAINS,examen,BEFORE,examen,BEFORE,examen,,,,
13,65,FR100689,[EVENT_BEFORE_N/A_ACTUAL_POS] --(CONTAINS)--> [EVENT_BEFORE_N/A_ACTUAL_POS] | [EVENT_BEFORE_N/A_ACTUAL_POS] --(BEFORE)--> [EVENT_BEFORE_N/A_ACTUAL_POS] | [EVENT_BEFORE_N/A_ACTUAL_POS] --(BEFORE)--> [EVENT_BEFORE_N/A_ACTUAL_POS],positive,CONTAINS,PCR,BEFORE,scanner,BEFORE,hémogramme,,,,
13,65,FR100697,[EVENT_BEFORE_N/A_ACTUAL_POS] --(CONTAINS)--> [EVENT_BEFORE_N/A_ACTUAL_POS] | [EVENT_BEFORE_N/A_ACTUAL_POS] --(BEFORE)--> [EVENT_BEFORE_N/A_ACTUAL_POS] | [EVENT_BEFORE_N/A_ACTUAL_POS] --(BEFORE)--> [EVENT_BEFORE_N/A_ACTUAL_POS],adénopathies,CONTAINS,palpation,BEFORE,examen,BEFORE,mammographie,,,,
13,65,FR100708,[EVENT_BEFORE_N/A_ACTUAL_POS] --(CONTAINS)--> [EVENT_BEFORE_N/A_ACTUAL_POS] | [EVENT_BEFORE_N/A_ACTUAL_POS] --(BEFORE)--> [EVENT_BEFORE_N/A_ACTUAL_POS] | [EVENT_BEFORE_N/A_ACTUAL_POS] --(BEFORE)--> [EVENT_BEFORE_N/A_ACTUAL_POS],masse,CONTAINS,mammographie,BEFORE,échographie,BEFORE,ponction,,,,
13,65,FR100717,[EVENT_BEFORE_N/A_ACTUAL_POS] --(CONTAINS)--> [EVENT_BEFORE_N/A_ACTUAL_POS] | [EVENT_BEFORE_N/A_ACTUAL_POS] --(BEFORE)--> [EVENT_BEFORE_N/A_ACTUAL_POS] | [EVENT_BEFORE_N/A_ACTUAL_POS] --(BEFORE)--> [EVENT_BEFORE_N/A_ACTUAL_POS],Lasègue,CONTAINS,examen,BEFORE,examens,BEFORE,scanner,,,,
13,65,FR100748,[EVENT_BEFORE_N/A_ACTUAL_POS] --(CONTAINS)--> [EVENT_BEFORE_N/A_ACTUAL_POS] | [EVENT_BEFORE_N/A_ACTUAL_POS] --(BEFORE)--> [EVENT_BEFORE_N/A_ACTUAL_POS] | [EVENT_BEFORE_N/A_ACTUAL_POS] --(BEFORE)--> [EVENT_BEFORE_N/A_ACTUAL_POS],hospitalisation,CONTAINS,indication,BEFORE,consultation,BEFORE,ASA,,,,
13,65,FR100766,[EVENT_BEFORE_N/A_ACTUAL_POS] --(CONTAINS)--> [EVENT_BEFORE_N/A_ACTUAL_POS] | [EVENT_BEFORE_N/A_ACTUAL_POS] --(BEFORE)--> [EVENT_BEFORE_N/A_ACTUAL_POS] | [EVENT_BEFORE_N/A_ACTUAL_POS] --(BEFORE)--> [EVENT_BEFORE_N/A_ACTUAL_POS],prolabé,CONTAINS,examen,BEFORE,hospitalisation,BEFORE,traitement,,,,
13,65,FR100780,[EVENT_BEFORE_N/A_ACTUAL_POS] --(CONTAINS)--> [EVENT_BEFORE_N/A_ACTUAL_POS] | [EVENT_BEFORE_N/A_ACTUAL_POS] --(BEFORE)--> [EVENT_BEFORE_N/A_ACTUAL_POS] | [EVENT_BEFORE_N/A_ACTUAL_POS] --(BEFORE)--> [EVENT_BEFORE_N/A_ACTUAL_POS],poids,CONTAINS,examen,BEFORE,toucher,BEFORE,échographie,,,,
13,65,FR100806,[EVENT_BEFORE_N/A_ACTUAL_POS] --(CONTAINS)--> [EVENT_BEFORE_N/A_ACTUAL_POS] | [EVENT_BEFORE_N/A_ACTUAL_POS] --(BEFORE)--> [EVENT_BEFORE_N/A_ACTUAL_POS] | [EVENT_BEFORE_N/A_ACTUAL_POS] --(BEFORE)--> [EVENT_BEFORE_N/A_ACTUAL_POS],hématome,CONTAINS,tomodensitométrie,BEFORE,prise,BEFORE,examen,,,,
13,65,FR100814,[EVENT_BEFORE_N/A_ACTUAL_POS] --(CONTAINS)--> [EVENT_BEFORE_N/A_ACTUAL_POS] | [EVENT_BEFORE_N/A_ACTUAL_POS] --(BEFORE)--> [EVENT_BEFORE_N/A_ACTUAL_POS] | [EVENT_BEFORE_N/A_ACTUAL_POS] --(BEFORE)--> [EVENT_BEFORE_N/A_ACTUAL_POS],processus,CONTAINS,IRM,BEFORE,diagnostic,BEFORE,réséquée,,,,
13,65,FR100826,[EVENT_BEFORE_N/A_ACTUAL_POS] --(CONTAINS)--> [EVENT_BEFORE_N/A_ACTUAL_POS] | [EVENT_BEFORE_N/A_ACTUAL_POS] --(BEFORE)--> [EVENT_BEFORE_N/A_ACTUAL_POS] | [EVENT_BEFORE_N/A_ACTUAL_POS] --(BEFORE)--> [EVENT_BEFORE_N/A_ACTUAL_POS],termine,CONTAINS,bilan,BEFORE,bilan,BEFORE,retenue,,,,
13,65,FR100845,[EVENT_BEFORE_N/A_ACTUAL_POS] --(CONTAINS)--> [EVENT_BEFORE_N/A_ACTUAL_POS] | [EVENT_BEFORE_N/A_ACTUAL_POS] --(BEFORE)--> [EVENT_BEFORE_N/A_ACTUAL_POS] | [EVENT_BEFORE_N/A_ACTUAL_POS] --(BEFORE)--> [EVENT_BEFORE_N/A_ACTUAL_POS],grossesse,CONTAINS,échographie,BEFORE,radiographie,BEFORE,décision,,,,
13,65,FR100849,[EVENT_BEFORE_N/A_ACTUAL_POS] --(CONTAINS)--> [EVENT_BEFORE_N/A_ACTUAL_POS] | [EVENT_BEFORE_N/A_ACTUAL_POS] --(BEFORE)--> [EVENT_BEFORE_N/A_ACTUAL_POS] | [EVENT_BEFORE_N/A_ACTUAL_POS] --(BEFORE)--> [EVENT_BEFORE_N/A_ACTUAL_POS],IMC,CONTAINS,admission,BEFORE,tomodensitométrie,BEFORE,acheminé,,,,
13,65,FR100870,[EVENT_BEFORE_N/A_ACTUAL_POS] --(CONTAINS)--> [EVENT_BEFORE_N/A_ACTUAL_POS] | [EVENT_BEFORE_N/A_ACTUAL_POS] --(BEFORE)--> [EVENT_BEFORE_N/A_ACTUAL_POS] | [EVENT_BEFORE_N/A_ACTUAL_POS] --(BEFORE)--> [EVENT_BEFORE_N/A_ACTUAL_POS],bilan,CONTAINS,hémogramme,BEFORE,bilan,BEFORE,IRM,,,,
13,65,FR100874,[EVENT_BEFORE_N/A_ACTUAL_POS] --(CONTAINS)--> [EVENT_BEFORE_N/A_ACTUAL_POS] | [EVENT_BEFORE_N/A_ACTUAL_POS] --(BEFORE)--> [EVENT_BEFORE_N/A_ACTUAL_POS] | [EVENT_BEFORE_N/A_ACTUAL_POS] --(BEFORE)--> [EVENT_BEFORE_N/A_ACTUAL_POS],perte,CONTAINS,examen,BEFORE,hémogramme,BEFORE,fibroscopie,,,,
13,65,FR100882,[EVENT_BEFORE_N/A_ACTUAL_POS] --(CONTAINS)--> [EVENT_BEFORE_N/A_ACTUAL_POS] | [EVENT_BEFORE_N/A_ACTUAL_POS] --(BEFORE)--> [EVENT_BEFORE_N/A_ACTUAL_POS] | [EVENT_BEFORE_N/A_ACTUAL_POS] --(BEFORE)--> [EVENT_BEFORE_N/A_ACTUAL_POS],troubles,CONTAINS,admise,BEFORE,examen,BEFORE,examen,,,,
13,65,FR100883,[EVENT_BEFORE_N/A_ACTUAL_POS] --(CONTAINS)--> [EVENT_BEFORE_N/A_ACTUAL_POS] | [EVENT_BEFORE_N/A_ACTUAL_POS] --(BEFORE)--> [EVENT_BEFORE_N/A_ACTUAL_POS] | [EVENT_BEFORE_N/A_ACTUAL_POS] --(BEFORE)--> [EVENT_BEFORE_N/A_ACTUAL_POS],prolifération,CONTAINS,biopsie,BEFORE,bilan,BEFORE,sérologie,,,,
13,65,FR100894,[EVENT_BEFORE_N/A_ACTUAL_POS] --(CONTAINS)--> [EVENT_BEFORE_N/A_ACTUAL_POS] | [EVENT_BEFORE_N/A_ACTUAL_POS] --(BEFORE)--> [EVENT_BEFORE_N/A_ACTUAL_POS] | [EVENT_BEFORE_N/A_ACTUAL_POS] --(BEFORE)--> [EVENT_BEFORE_N/A_ACTUAL_POS],désinsertion,CONTAINS,diagnostic,BEFORE,pris,BEFORE,incision,,,,
13,65,FR100903,[EVENT_BEFORE_N/A_ACTUAL_POS] --(CONTAINS)--> [EVENT_BEFORE_N/A_ACTUAL_POS] | [EVENT_BEFORE_N/A_ACTUAL_POS] --(BEFORE)--> [EVENT_BEFORE_N/A_ACTUAL_POS] | [EVENT_BEFORE_N/A_ACTUAL_POS] --(BEFORE)--> [EVENT_BEFORE_N/A_ACTUAL_POS],anatomie,CONTAINS,échographie,BEFORE,IRM,BEFORE,diagnostic,,,,
13,65,FR100921,[EVENT_BEFORE_N/A_ACTUAL_POS] --(CONTAINS)--> [EVENT_BEFORE_N/A_ACTUAL_POS] | [EVENT_BEFORE_N/A_ACTUAL_POS] --(BEFORE)--> [EVENT_BEFORE_N/A_ACTUAL_POS] | [EVENT_BEFORE_N/A_ACTUAL_POS] --(BEFORE)--> [EVENT_BEFORE_N/A_ACTUAL_POS],signe,CONTAINS,palpation,BEFORE,imagerie,BEFORE,exérèse,,,,
13,65,FR100946,[EVENT_BEFORE_N/A_ACTUAL_POS] --(CONTAINS)--> [EVENT_BEFORE_N/A_ACTUAL_POS] | [EVENT_BEFORE_N/A_ACTUAL_POS] --(BEFORE)--> [EVENT_BEFORE_N/A_ACTUAL_POS] | [EVENT_BEFORE_N/A_ACTUAL_POS] --(BEFORE)--> [EVENT_BEFORE_N/A_ACTUAL_POS],tuberculome,CONTAINS,analyse,BEFORE,mise,BEFORE,récupération,,,,
13,65,FR100959,[EVENT_BEFORE_N/A_ACTUAL_POS] --(CONTAINS)--> [EVENT_BEFORE_N/A_ACTUAL_POS] | [EVENT_BEFORE_N/A_ACTUAL_POS] --(BEFORE)--> [EVENT_BEFORE_N/A_ACTUAL_POS] | [EVENT_BEFORE_N/A_ACTUAL_POS] --(BEFORE)--> [EVENT_BEFORE_N/A_ACTUAL_POS],admis,CONTAINS,œsophagoscopie,BEFORE,Transit,BEFORE,notée,,,,
13,65,FR100996,[EVENT_BEFORE_N/A_ACTUAL_POS] --(CONTAINS)--> [EVENT_BEFORE_N/A_ACTUAL_POS] | [EVENT_BEFORE_N/A_ACTUAL_POS] --(BEFORE)--> [EVENT_BEFORE_N/A_ACTUAL_POS] | [EVENT_BEFORE_N/A_ACTUAL_POS] --(BEFORE)--> [EVENT_BEFORE_N/A_ACTUAL_POS],paroi,CONTAINS,injection,BEFORE,retenu,BEFORE,chirurgical,,,,
13,65,FR100998,[EVENT_BEFORE_N/A_ACTUAL_POS] --(CONTAINS)--> [EVENT_BEFORE_N/A_ACTUAL_POS] | [EVENT_BEFORE_N/A_ACTUAL_POS] --(BEFORE)--> [EVENT_BEFORE_N/A_ACTUAL_POS] | [EVENT_BEFORE_N/A_ACTUAL_POS] --(BEFORE)--> [EVENT_BEFORE_N/A_ACTUAL_POS],inflammation,CONTAINS,diagnostic,BEFORE,traitée,BEFORE,bilan,,,,
114,60,FR100003,[EVENT_BEFORE_N/A_ACTUAL_POS] --(BEFORE)--> [EVENT_BEFORE_N/A_ACTUAL_POS] | [EVENT_BEFORE_N/A_ACTUAL_POS] --(BEFORE)--> [EVENT_BEFORE_N/A_ACTUAL_POS] | [EVENT_BEFORE_N/A_ACTUAL_POS] --(BEFORE)--> [EVENT_BEFORE_N/A_ACTUAL_POS],examen,BEFORE,examen,BEFORE,antibiothérapie,BEFORE,bloc,,,,
114,60,FR100092,[EVENT_BEFORE_N/A_ACTUAL_POS] --(BEFORE)--> [EVENT_BEFORE_N/A_ACTUAL_POS] | [EVENT_BEFORE_N/A_ACTUAL_POS] --(BEFORE)--> [EVENT_BEFORE_N/A_ACTUAL_POS] | [EVENT_BEFORE_N/A_ACTUAL_POS] --(BEFORE)--> [EVENT_BEFORE_N/A_ACTUAL_POS],examen,BEFORE,échographie,BEFORE,tableau,BEFORE,reste,,,,
114,60,FR100120,[EVENT_BEFORE_N/A_ACTUAL_POS] --(BEFORE)--> [EVENT_BEFORE_N/A_ACTUAL_POS] | [EVENT_BEFORE_N/A_ACTUAL_POS] --(BEFORE)--> [EVENT_BEFORE_N/A_ACTUAL_POS] | [EVENT_BEFORE_N/A_ACTUAL_POS] --(BEFORE)--> [EVENT_BEFORE_N/A_ACTUAL_POS],rattaché,BEFORE,traitement,BEFORE,retirées,BEFORE,conclure,,,,
114,60,FR100130,[EVENT_BEFORE_N/A_ACTUAL_POS] --(BEFORE)--> [EVENT_BEFORE_N/A_ACTUAL_POS] | [EVENT_BEFORE_N/A_ACTUAL_POS] --(BEFORE)--> [EVENT_BEFORE_N/A_ACTUAL_POS] | [EVENT_BEFORE_N/A_ACTUAL_POS] --(BEFORE)--> [EVENT_BEFORE_N/A_ACTUAL_POS],glycémie,BEFORE,confirmé,BEFORE,recherche,BEFORE,séjour,,,,
114,60,FR100132,[EVENT_BEFORE_N/A_ACTUAL_POS] --(BEFORE)--> [EVENT_BEFORE_N/A_ACTUAL_POS] | [EVENT_BEFORE_N/A_ACTUAL_POS] --(BEFORE)--> [EVENT_BEFORE_N/A_ACTUAL_POS] | [EVENT_BEFORE_N/A_ACTUAL_POS] --(BEFORE)--> [EVENT_BEFORE_N/A_ACTUAL_POS],palpation,BEFORE,histologie,BEFORE,examen,BEFORE,écho-Doppler,,,,
114,60,FR100142,[EVENT_BEFORE_N/A_ACTUAL_POS] --(BEFORE)--> [EVENT_BEFORE_N/A_ACTUAL_POS] | [EVENT_BEFORE_N/A_ACTUAL_POS] --(BEFORE)--> [EVENT_BEFORE_N/A_ACTUAL_POS] | [EVENT_BEFORE_N/A_ACTUAL_POS] --(BEFORE)--> [EVENT_BEFORE_N/A_ACTUAL_POS],électrophorèse,BEFORE,scanner,BEFORE,fibroscopie,BEFORE,biopsie,,,,
114,60,FR100161,[EVENT_BEFORE_N/A_ACTUAL_POS] --(BEFORE)--> [EVENT_BEFORE_N/A_ACTUAL_POS] | [EVENT_BEFORE_N/A_ACTUAL_POS] --(BEFORE)--> [EVENT_BEFORE_N/A_ACTUAL_POS] | [EVENT_BEFORE_N/A_ACTUAL_POS] --(BEFORE)--> [EVENT_BEFORE_N/A_ACTUAL_POS],examen,BEFORE,examens,BEFORE,radiographie,BEFORE,complément,,,,
114,60,FR100168,[EVENT_BEFORE_N/A_ACTUAL_POS] --(BEFORE)--> [EVENT_BEFORE_N/A_ACTUAL_POS] | [EVENT_BEFORE_N/A_ACTUAL_POS] --(BEFORE)--> [EVENT_BEFORE_N/A_ACTUAL_POS] | [EVENT_BEFORE_N/A_ACTUAL_POS] --(BEFORE)--> [EVENT_BEFORE_N/A_ACTUAL_POS],transfusion,BEFORE,bilan,BEFORE,tests,BEFORE,entretien,,,,
114,60,FR100255,[EVENT_BEFORE_N/A_ACTUAL_POS] --(BEFORE)--> [EVENT_BEFORE_N/A_ACTUAL_POS] | [EVENT_BEFORE_N/A_ACTUAL_POS] --(BEFORE)--> [EVENT_BEFORE_N/A_ACTUAL_POS] | [EVENT_BEFORE_N/A_ACTUAL_POS] --(BEFORE)--> [EVENT_BEFORE_N/A_ACTUAL_POS],admise,BEFORE,examen,BEFORE,examen,BEFORE,échographie,,,,
114,60,FR100275,[EVENT_BEFORE_N/A_ACTUAL_POS] --(BEFORE)--> [EVENT_BEFORE_N/A_ACTUAL_POS] | [EVENT_BEFORE_N/A_ACTUAL_POS] --(BEFORE)--> [EVENT_BEFORE_N/A_ACTUAL_POS] | [EVENT_BEFORE_N/A_ACTUAL_POS] --(BEFORE)--> [EVENT_BEFORE_N/A_ACTUAL_POS],établi,BEFORE,manœuvres,BEFORE,transféré,BEFORE,anamnèse,,,,
114,60,FR100276,[EVENT_BEFORE_N/A_ACTUAL_POS] --(BEFORE)--> [EVENT_BEFORE_N/A_ACTUAL_POS] | [EVENT_BEFORE_N/A_ACTUAL_POS] --(BEFORE)--> [EVENT_BEFORE_N/A_ACTUAL_POS] | [EVENT_BEFORE_N/A_ACTUAL_POS] --(BEFORE)--> [EVENT_BEFORE_N/A_ACTUAL_POS],accouchement,BEFORE,reste,BEFORE,bilan,BEFORE,régression,,,,
114,60,FR100282,[EVENT_BEFORE_N/A_ACTUAL_POS] --(BEFORE)--> [EVENT_BEFORE_N/A_ACTUAL_POS] | [EVENT_BEFORE_N/A_ACTUAL_POS] --(BEFORE)--> [EVENT_BEFORE_N/A_ACTUAL_POS] | [EVENT_BEFORE_N/A_ACTUAL_POS] --(BEFORE)--> [EVENT_BEFORE_N/A_ACTUAL_POS],examen,BEFORE,électroencéphalogramme,BEFORE,scanner,BEFORE,conclus,,,,
114,60,FR100283,[EVENT_BEFORE_N/A_ACTUAL_POS] --(BEFORE)--> [EVENT_BEFORE_N/A_ACTUAL_POS] | [EVENT_BEFORE_N/A_ACTUAL_POS] --(BEFORE)--> [EVENT_BEFORE_N/A_ACTUAL_POS] | [EVENT_BEFORE_N/A_ACTUAL_POS] --(BEFORE)--> [EVENT_BEFORE_N/A_ACTUAL_POS],bilan,BEFORE,IRM,BEFORE,hypophysiogramme,BEFORE,traitement,,,,
114,60,FR100296,[EVENT_BEFORE_N/A_ACTUAL_POS] --(BEFORE)--> [EVENT_BEFORE_N/A_ACTUAL_POS] | [EVENT_BEFORE_N/A_ACTUAL_POS] --(BEFORE)--> [EVENT_BEFORE_N/A_ACTUAL_POS] | [EVENT_BEFORE_N/A_ACTUAL_POS] --(BEFORE)--> [EVENT_BEFORE_N/A_ACTUAL_POS],IRM,BEFORE,fenestration,BEFORE,suites,BEFORE,exéaté,,,,
114,60,FR100314,[EVENT_BEFORE_N/A_ACTUAL_POS] --(BEFORE)--> [EVENT_BEFORE_N/A_ACTUAL_POS] | [EVENT_BEFORE_N/A_ACTUAL_POS] --(BEFORE)--> [EVENT_BEFORE_N/A_ACTUAL_POS] | [EVENT_BEFORE_N/A_ACTUAL_POS] --(BEFORE)--> [EVENT_BEFORE_N/A_ACTUAL_POS],drainage,BEFORE,angio-scanner,BEFORE,amputation,BEFORE,mise,,,,
114,60,FR100344,[EVENT_BEFORE_N/A_ACTUAL_POS] --(BEFORE)--> [EVENT_BEFORE_N/A_ACTUAL_POS] | [EVENT_BEFORE_N/A_ACTUAL_POS] --(BEFORE)--> [EVENT_BEFORE_N/A_ACTUAL_POS] | [EVENT_BEFORE_N/A_ACTUAL_POS] --(BEFORE)--> [EVENT_BEFORE_N/A_ACTUAL_POS],déroulée,BEFORE,plainte,BEFORE,examen,BEFORE,césarienne,,,,
114,60,FR100346,[EVENT_BEFORE_N/A_ACTUAL_POS] --(BEFORE)--> [EVENT_BEFORE_N/A_ACTUAL_POS] | [EVENT_BEFORE_N/A_ACTUAL_POS] --(BEFORE)--> [EVENT_BEFORE_N/A_ACTUAL_POS] | [EVENT_BEFORE_N/A_ACTUAL_POS] --(BEFORE)--> [EVENT_BEFORE_N/A_ACTUAL_POS],examen,BEFORE,gazométrie,BEFORE,reste,BEFORE,radiographie,,,,
114,60,FR100360,[EVENT_BEFORE_N/A_ACTUAL_POS] --(BEFORE)--> [EVENT_BEFORE_N/A_ACTUAL_POS] | [EVENT_BEFORE_N/A_ACTUAL_POS] --(BEFORE)--> [EVENT_BEFORE_N/A_ACTUAL_POS] | [EVENT_BEFORE_N/A_ACTUAL_POS] --(BEFORE)--> [EVENT_BEFORE_N/A_ACTUAL_POS],examen,BEFORE,curage,BEFORE,radiothérapie,BEFORE,curiethérapie,,,,
114,60,FR100361,[EVENT_BEFORE_N/A_ACTUAL_POS] --(BEFORE)--> [EVENT_BEFORE_N/A_ACTUAL_POS] | [EVENT_BEFORE_N/A_ACTUAL_POS] --(BEFORE)--> [EVENT_BEFORE_N/A_ACTUAL_POS] | [EVENT_BEFORE_N/A_ACTUAL_POS] --(BEFORE)--> [EVENT_BEFORE_N/A_ACTUAL_POS],TDM,BEFORE,ponction,BEFORE,examen,BEFORE,examen,,,,
114,60,FR100371,[EVENT_BEFORE_N/A_ACTUAL_POS] --(BEFORE)--> [EVENT_BEFORE_N/A_ACTUAL_POS] | [EVENT_BEFORE_N/A_ACTUAL_POS] --(BEFORE)--> [EVENT_BEFORE_N/A_ACTUAL_POS] | [EVENT_BEFORE_N/A_ACTUAL_POS] --(BEFORE)--> [EVENT_BEFORE_N/A_ACTUAL_POS],examen,BEFORE,bilan,BEFORE,bilan,BEFORE,intervention,,,,
114,60,FR100400,[EVENT_BEFORE_N/A_ACTUAL_POS] --(BEFORE)--> [EVENT_BEFORE_N/A_ACTUAL_POS] | [EVENT_BEFORE_N/A_ACTUAL_POS] --(BEFORE)--> [EVENT_BEFORE_N/A_ACTUAL_POS] | [EVENT_BEFORE_N/A_ACTUAL_POS] --(BEFORE)--> [EVENT_BEFORE_N/A_ACTUAL_POS],aspiration,BEFORE,résection,BEFORE,suites,BEFORE,suivie,,,,
114,60,FR100439,[EVENT_BEFORE_N/A_ACTUAL_POS] --(BEFORE)--> [EVENT_BEFORE_N/A_ACTUAL_POS] | [EVENT_BEFORE_N/A_ACTUAL_POS] --(BEFORE)--> [EVENT_BEFORE_N/A_ACTUAL_POS] | [EVENT_BEFORE_N/A_ACTUAL_POS] --(BEFORE)--> [EVENT_BEFORE_N/A_ACTUAL_POS],classée,BEFORE,bénéficier,BEFORE,nasofibroscopie,BEFORE,scanner,,,,
114,60,FR100448,[EVENT_BEFORE_N/A_ACTUAL_POS] --(BEFORE)--> [EVENT_BEFORE_N/A_ACTUAL_POS] | [EVENT_BEFORE_N/A_ACTUAL_POS] --(BEFORE)--> [EVENT_BEFORE_N/A_ACTUAL_POS] | [EVENT_BEFORE_N/A_ACTUAL_POS] --(BEFORE)--> [EVENT_BEFORE_N/A_ACTUAL_POS],hémi thyroïdectomie,BEFORE,examen,BEFORE,histochimie,BEFORE,scanner,,,,
114,60,FR100480,[EVENT_BEFORE_N/A_ACTUAL_POS] --(BEFORE)--> [EVENT_BEFORE_N/A_ACTUAL_POS] | [EVENT_BEFORE_N/A_ACTUAL_POS] --(BEFORE)--> [EVENT_BEFORE_N/A_ACTUAL_POS] | [EVENT_BEFORE_N/A_ACTUAL_POS] --(BEFORE)--> [EVENT_BEFORE_N/A_ACTUAL_POS],examen,BEFORE,imagerie,BEFORE,bilan,BEFORE,scanner,,,,
114,60,FR100515,[EVENT_BEFORE_N/A_ACTUAL_POS] --(BEFORE)--> [EVENT_BEFORE_N/A_ACTUAL_POS] | [EVENT_BEFORE_N/A_ACTUAL_POS] --(BEFORE)--> [EVENT_BEFORE_N/A_ACTUAL_POS] | [EVENT_BEFORE_N/A_ACTUAL_POS] --(BEFORE)--> [EVENT_BEFORE_N/A_ACTUAL_POS],bilan,BEFORE,bilan,BEFORE,prescrits,BEFORE,évolution,,,,
114,60,FR100517,[EVENT_BEFORE_N/A_ACTUAL_POS] --(BEFORE)--> [EVENT_BEFORE_N/A_ACTUAL_POS] | [EVENT_BEFORE_N/A_ACTUAL_POS] --(BEFORE)--> [EVENT_BEFORE_N/A_ACTUAL_POS] | [EVENT_BEFORE_N/A_ACTUAL_POS] --(BEFORE)--> [EVENT_BEFORE_N/A_ACTUAL_POS],bilan,BEFORE,explorations,BEFORE,porté,BEFORE,échographie,,,,
114,60,FR100519,[EVENT_BEFORE_N/A_ACTUAL_POS] --(BEFORE)--> [EVENT_BEFORE_N/A_ACTUAL_POS] | [EVENT_BEFORE_N/A_ACTUAL_POS] --(BEFORE)--> [EVENT_BEFORE_N/A_ACTUAL_POS] | [EVENT_BEFORE_N/A_ACTUAL_POS] --(BEFORE)--> [EVENT_BEFORE_N/A_ACTUAL_POS],hospitalisée,BEFORE,entrée,BEFORE,bilan,BEFORE,angioscanner,,,,
114,60,FR100579,[EVENT_BEFORE_N/A_ACTUAL_POS] --(BEFORE)--> [EVENT_BEFORE_N/A_ACTUAL_POS] | [EVENT_BEFORE_N/A_ACTUAL_POS] --(BEFORE)--> [EVENT_BEFORE_N/A_ACTUAL_POS] | [EVENT_BEFORE_N/A_ACTUAL_POS] --(BEFORE)--> [EVENT_BEFORE_N/A_ACTUAL_POS],radiographie,BEFORE,échocardiographie,BEFORE,angio-scanner,BEFORE,imagerie,,,,
114,60,FR100589,[EVENT_BEFORE_N/A_ACTUAL_POS] --(BEFORE)--> [EVENT_BEFORE_N/A_ACTUAL_POS] | [EVENT_BEFORE_N/A_ACTUAL_POS] --(BEFORE)--> [EVENT_BEFORE_N/A_ACTUAL_POS] | [EVENT_BEFORE_N/A_ACTUAL_POS] --(BEFORE)--> [EVENT_BEFORE_N/A_ACTUAL_POS],rechercher,BEFORE,bronchoscopie,BEFORE,lavage,BEFORE,biopsies,,,,
114,60,FR100597,[EVENT_BEFORE_N/A_ACTUAL_POS] --(BEFORE)--> [EVENT_BEFORE_N/A_ACTUAL_POS] | [EVENT_BEFORE_N/A_ACTUAL_POS] --(BEFORE)--> [EVENT_BEFORE_N/A_ACTUAL_POS] | [EVENT_BEFORE_N/A_ACTUAL_POS] --(BEFORE)--> [EVENT_BEFORE_N/A_ACTUAL_POS],examen,BEFORE,toucher,BEFORE,reste,BEFORE,échographie,,,,
114,60,FR100611,[EVENT_BEFORE_N/A_ACTUAL_POS] --(BEFORE)--> [EVENT_BEFORE_N/A_ACTUAL_POS] | [EVENT_BEFORE_N/A_ACTUAL_POS] --(BEFORE)--> [EVENT_BEFORE_N/A_ACTUAL_POS] | [EVENT_BEFORE_N/A_ACTUAL_POS] --(BEFORE)--> [EVENT_BEFORE_N/A_ACTUAL_POS],biopsie,BEFORE,recherche,BEFORE,sérologie,BEFORE,hémogramme,,,,
114,60,FR100614,[EVENT_BEFORE_N/A_ACTUAL_POS] --(BEFORE)--> [EVENT_BEFORE_N/A_ACTUAL_POS] | [EVENT_BEFORE_N/A_ACTUAL_POS] --(BEFORE)--> [EVENT_BEFORE_N/A_ACTUAL_POS] | [EVENT_BEFORE_N/A_ACTUAL_POS] --(BEFORE)--> [EVENT_BEFORE_N/A_ACTUAL_POS],admission,BEFORE,examen,BEFORE,échographique,BEFORE,tomodensitométrie,,,,
114,60,FR100620,[EVENT_BEFORE_N/A_ACTUAL_POS] --(BEFORE)--> [EVENT_BEFORE_N/A_ACTUAL_POS] | [EVENT_BEFORE_N/A_ACTUAL_POS] --(BEFORE)--> [EVENT_BEFORE_N/A_ACTUAL_POS] | [EVENT_BEFORE_N/A_ACTUAL_POS] --(BEFORE)--> [EVENT_BEFORE_N/A_ACTUAL_POS],radiographie,BEFORE,drainage,BEFORE,radiographie,BEFORE,demandé,,,,
114,60,FR100623,[EVENT_BEFORE_N/A_ACTUAL_POS] --(BEFORE)--> [EVENT_BEFORE_N/A_ACTUAL_POS] | [EVENT_BEFORE_N/A_ACTUAL_POS] --(BEFORE)--> [EVENT_BEFORE_N/A_ACTUAL_POS] | [EVENT_BEFORE_N/A_ACTUAL_POS] --(BEFORE)--> [EVENT_BEFORE_N/A_ACTUAL_POS],tomodensitométrie,BEFORE,retenu,BEFORE,prise,BEFORE,analyse,,,,
114,60,FR100629,[EVENT_BEFORE_N/A_ACTUAL_POS] --(BEFORE)--> [EVENT_BEFORE_N/A_ACTUAL_POS] | [EVENT_BEFORE_N/A_ACTUAL_POS] --(BEFORE)--> [EVENT_BEFORE_N/A_ACTUAL_POS] | [EVENT_BEFORE_N/A_ACTUAL_POS] --(BEFORE)--> [EVENT_BEFORE_N/A_ACTUAL_POS],examen,BEFORE,radiographie,BEFORE,thoracoscopie,BEFORE,marquage,,,,
114,60,FR100632,[EVENT_BEFORE_N/A_ACTUAL_POS] --(BEFORE)--> [EVENT_BEFORE_N/A_ACTUAL_POS] | [EVENT_BEFORE_N/A_ACTUAL_POS] --(BEFORE)--> [EVENT_BEFORE_N/A_ACTUAL_POS] | [EVENT_BEFORE_N/A_ACTUAL_POS] --(BEFORE)--> [EVENT_BEFORE_N/A_ACTUAL_POS],bilan,BEFORE,enquête,BEFORE,étude,BEFORE,radiographie,,,,
114,60,FR100663,[EVENT_BEFORE_N/A_ACTUAL_POS] --(BEFORE)--> [EVENT_BEFORE_N/A_ACTUAL_POS] | [EVENT_BEFORE_N/A_ACTUAL_POS] --(BEFORE)--> [EVENT_BEFORE_N/A_ACTUAL_POS] | [EVENT_BEFORE_N/A_ACTUAL_POS] --(BEFORE)--> [EVENT_BEFORE_N/A_ACTUAL_POS],décidé,BEFORE,ligature,BEFORE,incisée,BEFORE,aspiration,,,,
114,60,FR100666,[EVENT_BEFORE_N/A_ACTUAL_POS] --(BEFORE)--> [EVENT_BEFORE_N/A_ACTUAL_POS] | [EVENT_BEFORE_N/A_ACTUAL_POS] --(BEFORE)--> [EVENT_BEFORE_N/A_ACTUAL_POS] | [EVENT_BEFORE_N/A_ACTUAL_POS] --(BEFORE)--> [EVENT_BEFORE_N/A_ACTUAL_POS],adressé,BEFORE,bilan,BEFORE,myologramme,BEFORE,bilan,,,,
114,60,FR100683,[EVENT_BEFORE_N/A_ACTUAL_POS] --(BEFORE)--> [EVENT_BEFORE_N/A_ACTUAL_POS] | [EVENT_BEFORE_N/A_ACTUAL_POS] --(BEFORE)--> [EVENT_BEFORE_N/A_ACTUAL_POS] | [EVENT_BEFORE_N/A_ACTUAL_POS] --(BEFORE)--> [EVENT_BEFORE_N/A_ACTUAL_POS],exploration,BEFORE,exploration,BEFORE,IRM,BEFORE,écho-mammographie,,,,
114,60,FR100688,[EVENT_BEFORE_N/A_ACTUAL_POS] --(BEFORE)--> [EVENT_BEFORE_N/A_ACTUAL_POS] | [EVENT_BEFORE_N/A_ACTUAL_POS] --(BEFORE)--> [EVENT_BEFORE_N/A_ACTUAL_POS] | [EVENT_BEFORE_N/A_ACTUAL_POS] --(BEFORE)--> [EVENT_BEFORE_N/A_ACTUAL_POS],incision,BEFORE,analyse,BEFORE,traitement,BEFORE,évolution,,,,
114,60,FR100689,[EVENT_BEFORE_N/A_ACTUAL_POS] --(BEFORE)--> [EVENT_BEFORE_N/A_ACTUAL_POS] | [EVENT_BEFORE_N/A_ACTUAL_POS] --(BEFORE)--> [EVENT_BEFORE_N/A_ACTUAL_POS] | [EVENT_BEFORE_N/A_ACTUAL_POS] --(BEFORE)--> [EVENT_BEFORE_N/A_ACTUAL_POS],hémogramme,BEFORE,ionogramme,BEFORE,examen,BEFORE,sérologie,,,,
114,60,FR100697,[EVENT_BEFORE_N/A_ACTUAL_POS] --(BEFORE)--> [EVENT_BEFORE_N/A_ACTUAL_POS] | [EVENT_BEFORE_N/A_ACTUAL_POS] --(BEFORE)--> [EVENT_BEFORE_N/A_ACTUAL_POS] | [EVENT_BEFORE_N/A_ACTUAL_POS] --(BEFORE)--> [EVENT_BEFORE_N/A_ACTUAL_POS],palpation,BEFORE,examen,BEFORE,mammographie,BEFORE,échographie,,,,
114,60,FR100708,[EVENT_BEFORE_N/A_ACTUAL_POS] --(BEFORE)--> [EVENT_BEFORE_N/A_ACTUAL_POS] | [EVENT_BEFORE_N/A_ACTUAL_POS] --(BEFORE)--> [EVENT_BEFORE_N/A_ACTUAL_POS] | [EVENT_BEFORE_N/A_ACTUAL_POS] --(BEFORE)--> [EVENT_BEFORE_N/A_ACTUAL_POS],mammographie,BEFORE,échographie,BEFORE,ponction,BEFORE,étude,,,,
114,60,FR100717,[EVENT_BEFORE_N/A_ACTUAL_POS] --(BEFORE)--> [EVENT_BEFORE_N/A_ACTUAL_POS] | [EVENT_BEFORE_N/A_ACTUAL_POS] --(BEFORE)--> [EVENT_BEFORE_N/A_ACTUAL_POS] | [EVENT_BEFORE_N/A_ACTUAL_POS] --(BEFORE)--> [EVENT_BEFORE_N/A_ACTUAL_POS],examen,BEFORE,examens,BEFORE,scanner,BEFORE,IRM,,,,
114,60,FR100748,[EVENT_BEFORE_N/A_ACTUAL_POS] --(BEFORE)--> [EVENT_BEFORE_N/A_ACTUAL_POS] | [EVENT_BEFORE_N/A_ACTUAL_POS] --(BEFORE)--> [EVENT_BEFORE_N/A_ACTUAL_POS] | [EVENT_BEFORE_N/A_ACTUAL_POS] --(BEFORE)--> [EVENT_BEFORE_N/A_ACTUAL_POS],mobilisation,BEFORE,suites,BEFORE,transférée,BEFORE,regagné,,,,
114,60,FR100780,[EVENT_BEFORE_N/A_ACTUAL_POS] --(BEFORE)--> [EVENT_BEFORE_N/A_ACTUAL_POS] | [EVENT_BEFORE_N/A_ACTUAL_POS] --(BEFORE)--> [EVENT_BEFORE_N/A_ACTUAL_POS] | [EVENT_BEFORE_N/A_ACTUAL_POS] --(BEFORE)--> [EVENT_BEFORE_N/A_ACTUAL_POS],admise,BEFORE,examen,BEFORE,toucher,BEFORE,échographie,,,,
114,60,FR100806,[EVENT_BEFORE_N/A_ACTUAL_POS] --(BEFORE)--> [EVENT_BEFORE_N/A_ACTUAL_POS] | [EVENT_BEFORE_N/A_ACTUAL_POS] --(BEFORE)--> [EVENT_BEFORE_N/A_ACTUAL_POS] | [EVENT_BEFORE_N/A_ACTUAL_POS] --(BEFORE)--> [EVENT_BEFORE_N/A_ACTUAL_POS],référée,BEFORE,examen,BEFORE,biologie,BEFORE,hospitalisée,,,,
114,60,FR100814,[EVENT_BEFORE_N/A_ACTUAL_POS] --(BEFORE)--> [EVENT_BEFORE_N/A_ACTUAL_POS] | [EVENT_BEFORE_N/A_ACTUAL_POS] --(BEFORE)--> [EVENT_BEFORE_N/A_ACTUAL_POS] | [EVENT_BEFORE_N/A_ACTUAL_POS] --(BEFORE)--> [EVENT_BEFORE_N/A_ACTUAL_POS],IRM,BEFORE,diagnostic,BEFORE,réséquée,BEFORE,examen,,,,
114,60,FR100826,[EVENT_BEFORE_N/A_ACTUAL_POS] --(BEFORE)--> [EVENT_BEFORE_N/A_ACTUAL_POS] | [EVENT_BEFORE_N/A_ACTUAL_POS] --(BEFORE)--> [EVENT_BEFORE_N/A_ACTUAL_POS] | [EVENT_BEFORE_N/A_ACTUAL_POS] --(BEFORE)--> [EVENT_BEFORE_N/A_ACTUAL_POS],bilan,BEFORE,bilan,BEFORE,retenue,BEFORE,exploration,,,,
114,60,FR100845,[EVENT_BEFORE_N/A_ACTUAL_POS] --(BEFORE)--> [EVENT_BEFORE_N/A_ACTUAL_POS] | [EVENT_BEFORE_N/A_ACTUAL_POS] --(BEFORE)--> [EVENT_BEFORE_N/A_ACTUAL_POS] | [EVENT_BEFORE_N/A_ACTUAL_POS] --(BEFORE)--> [EVENT_BEFORE_N/A_ACTUAL_POS],examen,BEFORE,examen,BEFORE,échographie,BEFORE,radiographie,,,,
114,60,FR100849,[EVENT_BEFORE_N/A_ACTUAL_POS] --(BEFORE)--> [EVENT_BEFORE_N/A_ACTUAL_POS] | [EVENT_BEFORE_N/A_ACTUAL_POS] --(BEFORE)--> [EVENT_BEFORE_N/A_ACTUAL_POS] | [EVENT_BEFORE_N/A_ACTUAL_POS] --(BEFORE)--> [EVENT_BEFORE_N/A_ACTUAL_POS],admission,BEFORE,tomodensitométrie,BEFORE,acheminé,BEFORE,suites,,,,
114,60,FR100870,[EVENT_BEFORE_N/A_ACTUAL_POS] --(BEFORE)--> [EVENT_BEFORE_N/A_ACTUAL_POS] | [EVENT_BEFORE_N/A_ACTUAL_POS] --(BEFORE)--> [EVENT_BEFORE_N/A_ACTUAL_POS] | [EVENT_BEFORE_N/A_ACTUAL_POS] --(BEFORE)--> [EVENT_BEFORE_N/A_ACTUAL_POS],immunosoustraction,BEFORE,immunofixation,BEFORE,bilan,BEFORE,B2,,,,
114,60,FR100874,[EVENT_BEFORE_N/A_ACTUAL_POS] --(BEFORE)--> [EVENT_BEFORE_N/A_ACTUAL_POS] | [EVENT_BEFORE_N/A_ACTUAL_POS] --(BEFORE)--> [EVENT_BEFORE_N/A_ACTUAL_POS] | [EVENT_BEFORE_N/A_ACTUAL_POS] --(BEFORE)--> [EVENT_BEFORE_N/A_ACTUAL_POS],examen,BEFORE,hémogramme,BEFORE,fibroscopie,BEFORE,transit,,,,
114,60,FR100882,[EVENT_BEFORE_N/A_ACTUAL_POS] --(BEFORE)--> [EVENT_BEFORE_N/A_ACTUAL_POS] | [EVENT_BEFORE_N/A_ACTUAL_POS] --(BEFORE)--> [EVENT_BEFORE_N/A_ACTUAL_POS] | [EVENT_BEFORE_N/A_ACTUAL_POS] --(BEFORE)--> [EVENT_BEFORE_N/A_ACTUAL_POS],bilan,BEFORE,sérologies,BEFORE,sclérothérapie,BEFORE,évolution,,,,
114,60,FR100883,[EVENT_BEFORE_N/A_ACTUAL_POS] --(BEFORE)--> [EVENT_BEFORE_N/A_ACTUAL_POS] | [EVENT_BEFORE_N/A_ACTUAL_POS] --(BEFORE)--> [EVENT_BEFORE_N/A_ACTUAL_POS] | [EVENT_BEFORE_N/A_ACTUAL_POS] --(BEFORE)--> [EVENT_BEFORE_N/A_ACTUAL_POS],TDM,BEFORE,biopsie,BEFORE,bilan,BEFORE,sérologie,,,,
114,60,FR100894,[EVENT_BEFORE_N/A_ACTUAL_POS] --(BEFORE)--> [EVENT_BEFORE_N/A_ACTUAL_POS] | [EVENT_BEFORE_N/A_ACTUAL_POS] --(BEFORE)--> [EVENT_BEFORE_N/A_ACTUAL_POS] | [EVENT_BEFORE_N/A_ACTUAL_POS] --(BEFORE)--> [EVENT_BEFORE_N/A_ACTUAL_POS],IRM,BEFORE,appuyés,BEFORE,diagnostic,BEFORE,pris,,,,
114,60,FR100903,[EVENT_BEFORE_N/A_ACTUAL_POS] --(BEFORE)--> [EVENT_BEFORE_N/A_ACTUAL_POS] | [EVENT_BEFORE_N/A_ACTUAL_POS] --(BEFORE)--> [EVENT_BEFORE_N/A_ACTUAL_POS] | [EVENT_BEFORE_N/A_ACTUAL_POS] --(BEFORE)--> [EVENT_BEFORE_N/A_ACTUAL_POS],écarté,BEFORE,contrôles,BEFORE,accouchement,BEFORE,décédé,,,,
114,60,FR100946,[EVENT_BEFORE_N/A_ACTUAL_POS] --(BEFORE)--> [EVENT_BEFORE_N/A_ACTUAL_POS] | [EVENT_BEFORE_N/A_ACTUAL_POS] --(BEFORE)--> [EVENT_BEFORE_N/A_ACTUAL_POS] | [EVENT_BEFORE_N/A_ACTUAL_POS] --(BEFORE)--> [EVENT_BEFORE_N/A_ACTUAL_POS],IRM,BEFORE,analyse,BEFORE,mise,BEFORE,exérèse,,,,
114,60,FR100996,[EVENT_BEFORE_N/A_ACTUAL_POS] --(BEFORE)--> [EVENT_BEFORE_N/A_ACTUAL_POS] | [EVENT_BEFORE_N/A_ACTUAL_POS] --(BEFORE)--> [EVENT_BEFORE_N/A_ACTUAL_POS] | [EVENT_BEFORE_N/A_ACTUAL_POS] --(BEFORE)--> [EVENT_BEFORE_N/A_ACTUAL_POS],tomodensitométrie,BEFORE,injection,BEFORE,retenu,BEFORE,chirurgical,,,,
114,60,FR100998,[EVENT_BEFORE_N/A_ACTUAL_POS] --(BEFORE)--> [EVENT_BEFORE_N/A_ACTUAL_POS] | [EVENT_BEFORE_N/A_ACTUAL_POS] --(BEFORE)--> [EVENT_BEFORE_N/A_ACTUAL_POS] | [EVENT_BEFORE_N/A_ACTUAL_POS] --(BEFORE)--> [EVENT_BEFORE_N/A_ACTUAL_POS],test,BEFORE,diagnostic,BEFORE,traitée,BEFORE,bilan,,,,
0,58,FR100003,[EVENT_BEFORE_N/A_ACTUAL_POS] --(CONTAINS)--> [EVENT_BEFORE_N/A_ACTUAL_POS] | [EVENT_BEFORE_N/A_ACTUAL_POS] --(CONTAINS)--> [EVENT_BEFORE_N/A_ACTUAL_POS],bloc,CONTAINS,drainé,[RETOUR],bloc,CONTAINS,abordé,,,,
0,58,FR100078,[EVENT_BEFORE_N/A_ACTUAL_POS] --(CONTAINS)--> [EVENT_BEFORE_N/A_ACTUAL_POS] | [EVENT_BEFORE_N/A_ACTUAL_POS] --(CONTAINS)--> [EVENT_BEFORE_N/A_ACTUAL_POS],signes,CONTAINS,diagnostic,[RETOUR],signes,CONTAINS,C-réactive,,,,
0,58,FR100092,[EVENT_BEFORE_N/A_ACTUAL_POS] --(CONTAINS)--> [EVENT_BEFORE_N/A_ACTUAL_POS] | [EVENT_BEFORE_N/A_ACTUAL_POS] --(CONTAINS)--> [EVENT_BEFORE_N/A_ACTUAL_POS],examen,CONTAINS,fréquence,[RETOUR],examen,CONTAINS,tension,,,,
0,58,FR100130,[EVENT_BEFORE_N/A_ACTUAL_POS] --(CONTAINS)--> [EVENT_BEFORE_N/A_ACTUAL_POS] | [EVENT_BEFORE_N/A_ACTUAL_POS] --(CONTAINS)--> [EVENT_BEFORE_N/A_ACTUAL_POS],activité,CONTAINS,décharges,[RETOUR],activité,CONTAINS,électromyogramme,,,,
0,58,FR100132,[EVENT_BEFORE_N/A_ACTUAL_POS] --(CONTAINS)--> [EVENT_BEFORE_N/A_ACTUAL_POS] | [EVENT_BEFORE_N/A_ACTUAL_POS] --(CONTAINS)--> [EVENT_BEFORE_N/A_ACTUAL_POS],examen,CONTAINS,angiographie,[RETOUR],examen,CONTAINS,tension,,,,
0,58,FR100161,[EVENT_BEFORE_N/A_ACTUAL_POS] --(CONTAINS)--> [EVENT_BEFORE_N/A_ACTUAL_POS] | [EVENT_BEFORE_N/A_ACTUAL_POS] --(CONTAINS)--> [EVENT_BEFORE_N/A_ACTUAL_POS],examens,CONTAINS,Fibro,[RETOUR],examens,CONTAINS,Acti tests,,,,
0,58,FR100168,[EVENT_BEFORE_N/A_ACTUAL_POS] --(CONTAINS)--> [EVENT_BEFORE_N/A_ACTUAL_POS] | [EVENT_BEFORE_N/A_ACTUAL_POS] --(CONTAINS)--> [EVENT_BEFORE_N/A_ACTUAL_POS],tests,CONTAINS,recherche,[RETOUR],tests,CONTAINS,temps,,,,
0,58,FR100185,[EVENT_BEFORE_N/A_ACTUAL_POS] --(CONTAINS)--> [EVENT_BEFORE_N/A_ACTUAL_POS] | [EVENT_BEFORE_N/A_ACTUAL_POS] --(CONTAINS)--> [EVENT_BEFORE_N/A_ACTUAL_POS],accuse,CONTAINS,examen,[RETOUR],accuse,CONTAINS,Electromyogramme,,,,
0,58,FR100255,[EVENT_BEFORE_N/A_ACTUAL_POS] --(CONTAINS)--> [EVENT_BEFORE_N/A_ACTUAL_POS] | [EVENT_BEFORE_N/A_ACTUAL_POS] --(CONTAINS)--> [EVENT_BEFORE_N/A_ACTUAL_POS],bilan,CONTAINS,TP,[RETOUR],bilan,CONTAINS,TCA,,,,
0,58,FR100275,[EVENT_BEFORE_N/A_ACTUAL_POS] --(CONTAINS)--> [EVENT_BEFORE_N/A_ACTUAL_POS] | [EVENT_BEFORE_N/A_ACTUAL_POS] --(CONTAINS)--> [EVENT_BEFORE_N/A_ACTUAL_POS],examen,CONTAINS,température,[RETOUR],examen,CONTAINS,fréquence,,,,
0,58,FR100276,[EVENT_BEFORE_N/A_ACTUAL_POS] --(CONTAINS)--> [EVENT_BEFORE_N/A_ACTUAL_POS] | [EVENT_BEFORE_N/A_ACTUAL_POS] --(CONTAINS)--> [EVENT_BEFORE_N/A_ACTUAL_POS],grossesse,CONTAINS,lésions,[RETOUR],grossesse,CONTAINS,éruption,,,,
0,58,FR100283,[EVENT_BEFORE_N/A_ACTUAL_POS] --(CONTAINS)--> [EVENT_BEFORE_N/A_ACTUAL_POS] | [EVENT_BEFORE_N/A_ACTUAL_POS] --(CONTAINS)--> [EVENT_BEFORE_N/A_ACTUAL_POS],traitement,CONTAINS,opothérapie,[RETOUR],traitement,CONTAINS,antibiothérapie,,,,
0,58,FR100296,[EVENT_BEFORE_N/A_ACTUAL_POS] --(CONTAINS)--> [EVENT_BEFORE_N/A_ACTUAL_POS] | [EVENT_BEFORE_N/A_ACTUAL_POS] --(CONTAINS)--> [EVENT_BEFORE_N/A_ACTUAL_POS],phénomènes,CONTAINS,froid,[RETOUR],phénomènes,CONTAINS,décharges,,,,
0,58,FR100344,[EVENT_BEFORE_N/A_ACTUAL_POS] --(CONTAINS)--> [EVENT_BEFORE_N/A_ACTUAL_POS] | [EVENT_BEFORE_N/A_ACTUAL_POS] --(CONTAINS)--> [EVENT_BEFORE_N/A_ACTUAL_POS],césarienne,CONTAINS,laissé,[RETOUR],césarienne,CONTAINS,extraction,,,,
0,58,FR100346,[EVENT_BEFORE_N/A_ACTUAL_POS] --(CONTAINS)--> [EVENT_BEFORE_N/A_ACTUAL_POS] | [EVENT_BEFORE_N/A_ACTUAL_POS] --(CONTAINS)--> [EVENT_BEFORE_N/A_ACTUAL_POS],enquête,CONTAINS,bilan,[RETOUR],enquête,CONTAINS,réalisé,,,,
0,58,FR100360,[EVENT_BEFORE_N/A_ACTUAL_POS] --(CONTAINS)--> [EVENT_BEFORE_N/A_ACTUAL_POS] | [EVENT_BEFORE_N/A_ACTUAL_POS] --(CONTAINS)--> [EVENT_BEFORE_N/A_ACTUAL_POS],processus,CONTAINS,complément,[RETOUR],processus,CONTAINS,engagement,,,,
0,58,FR100361,[EVENT_BEFORE_N/A_ACTUAL_POS] --(CONTAINS)--> [EVENT_BEFORE_N/A_ACTUAL_POS] | [EVENT_BEFORE_N/A_ACTUAL_POS] --(CONTAINS)--> [EVENT_BEFORE_N/A_ACTUAL_POS],antécédent,CONTAINS,stérilité,[RETOUR],antécédent,CONTAINS,céphalées,,,,
0,58,FR100371,[EVENT_BEFORE_N/A_ACTUAL_POS] --(CONTAINS)--> [EVENT_BEFORE_N/A_ACTUAL_POS] | [EVENT_BEFORE_N/A_ACTUAL_POS] --(CONTAINS)--> [EVENT_BEFORE_N/A_ACTUAL_POS],tumeur,CONTAINS,exérèse,[RETOUR],tumeur,CONTAINS,anamnèse,,,,
0,58,FR100400,[EVENT_BEFORE_N/A_ACTUAL_POS] --(CONTAINS)--> [EVENT_BEFORE_N/A_ACTUAL_POS] | [EVENT_BEFORE_N/A_ACTUAL_POS] --(CONTAINS)--> [EVENT_BEFORE_N/A_ACTUAL_POS],suivie,CONTAINS,consultation,[RETOUR],suivie,CONTAINS,contrôles,,,,
0,58,FR100439,[EVENT_BEFORE_N/A_ACTUAL_POS] --(CONTAINS)--> [EVENT_BEFORE_N/A_ACTUAL_POS] | [EVENT_BEFORE_N/A_ACTUAL_POS] --(CONTAINS)--> [EVENT_BEFORE_N/A_ACTUAL_POS],obstruction,CONTAINS,examen,[RETOUR],obstruction,CONTAINS,voix,,,,
0,58,FR100453,[EVENT_BEFORE_N/A_ACTUAL_POS] --(CONTAINS)--> [EVENT_BEFORE_N/A_ACTUAL_POS] | [EVENT_BEFORE_N/A_ACTUAL_POS] --(CONTAINS)--> [EVENT_BEFORE_N/A_ACTUAL_POS],développement,CONTAINS,examen,[RETOUR],développement,CONTAINS,examen,,,,
0,58,FR100510,[EVENT_BEFORE_N/A_ACTUAL_POS] --(CONTAINS)--> [EVENT_BEFORE_N/A_ACTUAL_POS] | [EVENT_BEFORE_N/A_ACTUAL_POS] --(CONTAINS)--> [EVENT_BEFORE_N/A_ACTUAL_POS],lésion,CONTAINS,examen,[RETOUR],lésion,CONTAINS,ostéoblastes,,,,
0,58,FR100515,[EVENT_BEFORE_N/A_ACTUAL_POS] --(CONTAINS)--> [EVENT_BEFORE_N/A_ACTUAL_POS] | [EVENT_BEFORE_N/A_ACTUAL_POS] --(CONTAINS)--> [EVENT_BEFORE_N/A_ACTUAL_POS],bilan,CONTAINS,fibroscopie,[RETOUR],bilan,CONTAINS,échographie,,,,
0,58,FR100517,[EVENT_BEFORE_N/A_ACTUAL_POS] --(CONTAINS)--> [EVENT_BEFORE_N/A_ACTUAL_POS] | [EVENT_BEFORE_N/A_ACTUAL_POS] --(CONTAINS)--> [EVENT_BEFORE_N/A_ACTUAL_POS],traitement,CONTAINS,nivaquine,[RETOUR],traitement,CONTAINS,corticothérapie,,,,
0,58,FR100519,[EVENT_BEFORE_N/A_ACTUAL_POS] --(CONTAINS)--> [EVENT_BEFORE_N/A_ACTUAL_POS] | [EVENT_BEFORE_N/A_ACTUAL_POS] --(CONTAINS)--> [EVENT_BEFORE_N/A_ACTUAL_POS],bilan,CONTAINS,radiographie,[RETOUR],bilan,CONTAINS,ECG,,,,
0,58,FR100579,[EVENT_BEFORE_N/A_ACTUAL_POS] --(CONTAINS)--> [EVENT_BEFORE_N/A_ACTUAL_POS] | [EVENT_BEFORE_N/A_ACTUAL_POS] --(CONTAINS)--> [EVENT_BEFORE_N/A_ACTUAL_POS],processus,CONTAINS,imagerie,[RETOUR],processus,CONTAINS,échocardiographie,,,,
0,58,FR100589,[EVENT_BEFORE_N/A_ACTUAL_POS] --(CONTAINS)--> [EVENT_BEFORE_N/A_ACTUAL_POS] | [EVENT_BEFORE_N/A_ACTUAL_POS] --(CONTAINS)--> [EVENT_BEFORE_N/A_ACTUAL_POS],bilan,CONTAINS,frottis,[RETOUR],bilan,CONTAINS,myélogramme,,,,
0,58,FR100597,[EVENT_BEFORE_N/A_ACTUAL_POS] --(CONTAINS)--> [EVENT_BEFORE_N/A_ACTUAL_POS] | [EVENT_BEFORE_N/A_ACTUAL_POS] --(CONTAINS)--> [EVENT_BEFORE_N/A_ACTUAL_POS],masse,CONTAINS,scanner,[RETOUR],masse,CONTAINS,rehaussant,,,,
0,58,FR100611,[EVENT_BEFORE_N/A_ACTUAL_POS] --(CONTAINS)--> [EVENT_BEFORE_N/A_ACTUAL_POS] | [EVENT_BEFORE_N/A_ACTUAL_POS] --(CONTAINS)--> [EVENT_BEFORE_N/A_ACTUAL_POS],traitement,CONTAINS,corticothérapie,[RETOUR],traitement,CONTAINS,bithérapie,,,,
0,58,FR100620,[EVENT_BEFORE_N/A_ACTUAL_POS] --(CONTAINS)--> [EVENT_BEFORE_N/A_ACTUAL_POS] | [EVENT_BEFORE_N/A_ACTUAL_POS] --(CONTAINS)--> [EVENT_BEFORE_N/A_ACTUAL_POS],aspect,CONTAINS,bronchoscopie,[RETOUR],aspect,CONTAINS,résultats,,,,
0,58,FR100629,[EVENT_BEFORE_N/A_ACTUAL_POS] --(CONTAINS)--> [EVENT_BEFORE_N/A_ACTUAL_POS] | [EVENT_BEFORE_N/A_ACTUAL_POS] --(CONTAINS)--> [EVENT_BEFORE_N/A_ACTUAL_POS],thoracoscopie,CONTAINS,immuno histochimie,[RETOUR],thoracoscopie,CONTAINS,biopsie,,,,
0,58,FR100632,[EVENT_BEFORE_N/A_ACTUAL_POS] --(CONTAINS)--> [EVENT_BEFORE_N/A_ACTUAL_POS] | [EVENT_BEFORE_N/A_ACTUAL_POS] --(CONTAINS)--> [EVENT_BEFORE_N/A_ACTUAL_POS],enquête,CONTAINS,taux,[RETOUR],enquête,CONTAINS,bilan,,,,
0,58,FR100658,[EVENT_BEFORE_N/A_ACTUAL_POS] --(CONTAINS)--> [EVENT_BEFORE_N/A_ACTUAL_POS] | [EVENT_BEFORE_N/A_ACTUAL_POS] --(CONTAINS)--> [EVENT_BEFORE_N/A_ACTUAL_POS],anesthésie,CONTAINS,intubé,[RETOUR],anesthésie,CONTAINS,monitorage,,,,
0,58,FR100663,[EVENT_BEFORE_N/A_ACTUAL_POS] --(CONTAINS)--> [EVENT_BEFORE_N/A_ACTUAL_POS] | [EVENT_BEFORE_N/A_ACTUAL_POS] --(CONTAINS)--> [EVENT_BEFORE_N/A_ACTUAL_POS],grossesse,CONTAINS,consultation,[RETOUR],grossesse,CONTAINS,examen,,,,
0,58,FR100666,[EVENT_BEFORE_N/A_ACTUAL_POS] --(CONTAINS)--> [EVENT_BEFORE_N/A_ACTUAL_POS] | [EVENT_BEFORE_N/A_ACTUAL_POS] --(CONTAINS)--> [EVENT_BEFORE_N/A_ACTUAL_POS],polychimiothérapie,CONTAINS,COP,[RETOUR],polychimiothérapie,CONTAINS,radiothérapie,,,,
0,58,FR100683,[EVENT_BEFORE_N/A_ACTUAL_POS] --(CONTAINS)--> [EVENT_BEFORE_N/A_ACTUAL_POS] | [EVENT_BEFORE_N/A_ACTUAL_POS] --(CONTAINS)--> [EVENT_BEFORE_N/A_ACTUAL_POS],augmentation,CONTAINS,FSH,[RETOUR],augmentation,CONTAINS,LH,,,,
0,58,FR100688,[EVENT_BEFORE_N/A_ACTUAL_POS] --(CONTAINS)--> [EVENT_BEFORE_N/A_ACTUAL_POS] | [EVENT_BEFORE_N/A_ACTUAL_POS] --(CONTAINS)--> [EVENT_BEFORE_N/A_ACTUAL_POS],Bacille,CONTAINS,culture,[RETOUR],Bacille,CONTAINS,analyse,,,,
0,58,FR100689,[EVENT_BEFORE_N/A_ACTUAL_POS] --(CONTAINS)--> [EVENT_BEFORE_N/A_ACTUAL_POS] | [EVENT_BEFORE_N/A_ACTUAL_POS] --(CONTAINS)--> [EVENT_BEFORE_N/A_ACTUAL_POS],évolution,CONTAINS,apparition,[RETOUR],évolution,CONTAINS,admission,,,,
0,58,FR100697,[EVENT_BEFORE_N/A_ACTUAL_POS] --(CONTAINS)--> [EVENT_BEFORE_N/A_ACTUAL_POS] | [EVENT_BEFORE_N/A_ACTUAL_POS] --(CONTAINS)--> [EVENT_BEFORE_N/A_ACTUAL_POS],bilan,CONTAINS,TDM,[RETOUR],bilan,CONTAINS,biopsie,,,,
0,58,FR100717,[EVENT_BEFORE_N/A_ACTUAL_POS] --(CONTAINS)--> [EVENT_BEFORE_N/A_ACTUAL_POS] | [EVENT_BEFORE_N/A_ACTUAL_POS] --(CONTAINS)--> [EVENT_BEFORE_N/A_ACTUAL_POS],épaississement,CONTAINS,hypersignal,[RETOUR],épaississement,CONTAINS,IRM,,,,
0,58,FR100748,[EVENT_BEFORE_N/A_ACTUAL_POS] --(CONTAINS)--> [EVENT_BEFORE_N/A_ACTUAL_POS] | [EVENT_BEFORE_N/A_ACTUAL_POS] --(CONTAINS)--> [EVENT_BEFORE_N/A_ACTUAL_POS],monitorage,CONTAINS,diurèse,[RETOUR],monitorage,CONTAINS,capnométrie,,,,
0,58,FR100780,[EVENT_BEFORE_N/A_ACTUAL_POS] --(CONTAINS)--> [EVENT_BEFORE_N/A_ACTUAL_POS] | [EVENT_BEFORE_N/A_ACTUAL_POS] --(CONTAINS)--> [EVENT_BEFORE_N/A_ACTUAL_POS],examen,CONTAINS,tension,[RETOUR],examen,CONTAINS,température,,,,
0,58,FR100814,[EVENT_BEFORE_N/A_ACTUAL_POS] --(CONTAINS)--> [EVENT_BEFORE_N/A_ACTUAL_POS] | [EVENT_BEFORE_N/A_ACTUAL_POS] --(CONTAINS)--> [EVENT_BEFORE_N/A_ACTUAL_POS],IRM,CONTAINS,hypersignal,[RETOUR],IRM,CONTAINS,iso-signal,,,,
0,58,FR100845,[EVENT_BEFORE_N/A_ACTUAL_POS] --(CONTAINS)--> [EVENT_BEFORE_N/A_ACTUAL_POS] | [EVENT_BEFORE_N/A_ACTUAL_POS] --(CONTAINS)--> [EVENT_BEFORE_N/A_ACTUAL_POS],examen,CONTAINS,spéculum,[RETOUR],examen,CONTAINS,toucher,,,,
0,58,FR100874,[EVENT_BEFORE_N/A_ACTUAL_POS] --(CONTAINS)--> [EVENT_BEFORE_N/A_ACTUAL_POS] | [EVENT_BEFORE_N/A_ACTUAL_POS] --(CONTAINS)--> [EVENT_BEFORE_N/A_ACTUAL_POS],examen,CONTAINS,reste,[RETOUR],examen,CONTAINS,constantes,,,,
0,58,FR100882,[EVENT_BEFORE_N/A_ACTUAL_POS] --(CONTAINS)--> [EVENT_BEFORE_N/A_ACTUAL_POS] | [EVENT_BEFORE_N/A_ACTUAL_POS] --(CONTAINS)--> [EVENT_BEFORE_N/A_ACTUAL_POS],troubles,CONTAINS,miction,[RETOUR],troubles,CONTAINS,admise,,,,
0,58,FR100883,[EVENT_BEFORE_N/A_ACTUAL_POS] --(CONTAINS)--> [EVENT_BEFORE_N/A_ACTUAL_POS] | [EVENT_BEFORE_N/A_ACTUAL_POS] --(CONTAINS)--> [EVENT_BEFORE_N/A_ACTUAL_POS],reçu,CONTAINS,cures,[RETOUR],reçu,CONTAINS,radiothérapie,,,,
0,58,FR100894,[EVENT_BEFORE_N/A_ACTUAL_POS] --(CONTAINS)--> [EVENT_BEFORE_N/A_ACTUAL_POS] | [EVENT_BEFORE_N/A_ACTUAL_POS] --(CONTAINS)--> [EVENT_BEFORE_N/A_ACTUAL_POS],incision,CONTAINS,décompression,[RETOUR],incision,CONTAINS,section,,,,
0,58,FR100903,[EVENT_BEFORE_N/A_ACTUAL_POS] --(CONTAINS)--> [EVENT_BEFORE_N/A_ACTUAL_POS] | [EVENT_BEFORE_N/A_ACTUAL_POS] --(CONTAINS)--> [EVENT_BEFORE_N/A_ACTUAL_POS],échographie,CONTAINS,visualisé,[RETOUR],échographie,CONTAINS,visualisation,,,,
0,58,FR100925,[EVENT_BEFORE_N/A_ACTUAL_POS] --(CONTAINS)--> [EVENT_BEFORE_N/A_ACTUAL_POS] | [EVENT_BEFORE_N/A_ACTUAL_POS] --(CONTAINS)--> [EVENT_BEFORE_N/A_ACTUAL_POS],pic,CONTAINS,électrophorèse,[RETOUR],pic,CONTAINS,arguments,,,,
0,58,FR100944,[EVENT_BEFORE_N/A_ACTUAL_POS] --(CONTAINS)--> [EVENT_BEFORE_N/A_ACTUAL_POS] | [EVENT_BEFORE_N/A_ACTUAL_POS] --(CONTAINS)--> [EVENT_BEFORE_N/A_ACTUAL_POS],suivi,CONTAINS,hospitalisé,[RETOUR],suivi,CONTAINS,échocardiographique,,,,
0,58,FR100959,[EVENT_BEFORE_N/A_ACTUAL_POS] --(CONTAINS)--> [EVENT_BEFORE_N/A_ACTUAL_POS] | [EVENT_BEFORE_N/A_ACTUAL_POS] --(CONTAINS)--> [EVENT_BEFORE_N/A_ACTUAL_POS],œsophagoscopie,CONTAINS,extraction,[RETOUR],œsophagoscopie,CONTAINS,permis,,,,
0,58,FR100960,[EVENT_BEFORE_N/A_ACTUAL_POS] --(CONTAINS)--> [EVENT_BEFORE_N/A_ACTUAL_POS] | [EVENT_BEFORE_N/A_ACTUAL_POS] --(CONTAINS)--> [EVENT_BEFORE_N/A_ACTUAL_POS],consulté,CONTAINS,étude,[RETOUR],consulté,CONTAINS,scanner,,,,
0,58,FR100998,[EVENT_BEFORE_N/A_ACTUAL_POS] --(CONTAINS)--> [EVENT_BEFORE_N/A_ACTUAL_POS] | [EVENT_BEFORE_N/A_ACTUAL_POS] --(CONTAINS)--> [EVENT_BEFORE_N/A_ACTUAL_POS],traitée,CONTAINS,développé,[RETOUR],traitée,CONTAINS,cures,,,,
14,55,FR100003,[EVENT_BEFORE_N/A_ACTUAL_POS] --(CONTAINS)--> [EVENT_BEFORE_N/A_ACTUAL_POS] | [EVENT_BEFORE_N/A_ACTUAL_POS] --(BEFORE)--> [EVENT_BEFORE_N/A_ACTUAL_POS] | [EVENT_BEFORE_N/A_ACTUAL_POS] --(BEFORE)--> [EVENT_BEFORE_N/A_ACTUAL_POS] | [EVENT_BEFORE_N/A_ACTUAL_POS] --(BEFORE)--> [EVENT_BEFORE_N/A_ACTUAL_POS],bactéries,CONTAINS,examen,BEFORE,examen,BEFORE,antibiothérapie,BEFORE,bloc,,
14,55,FR100092,[EVENT_BEFORE_N/A_ACTUAL_POS] --(CONTAINS)--> [EVENT_BEFORE_N/A_ACTUAL_POS] | [EVENT_BEFORE_N/A_ACTUAL_POS] --(BEFORE)--> [EVENT_BEFORE_N/A_ACTUAL_POS] | [EVENT_BEFORE_N/A_ACTUAL_POS] --(BEFORE)--> [EVENT_BEFORE_N/A_ACTUAL_POS] | [EVENT_BEFORE_N/A_ACTUAL_POS] --(BEFORE)--> [EVENT_BEFORE_N/A_ACTUAL_POS],empâtement,CONTAINS,examen,BEFORE,échographie,BEFORE,tableau,BEFORE,reste,,
14,55,FR100120,[EVENT_BEFORE_N/A_ACTUAL_POS] --(CONTAINS)--> [EVENT_BEFORE_N/A_ACTUAL_POS] | [EVENT_BEFORE_N/A_ACTUAL_POS] --(BEFORE)--> [EVENT_BEFORE_N/A_ACTUAL_POS] | [EVENT_BEFORE_N/A_ACTUAL_POS] --(BEFORE)--> [EVENT_BEFORE_N/A_ACTUAL_POS] | [EVENT_BEFORE_N/A_ACTUAL_POS] --(BEFORE)--> [EVENT_BEFORE_N/A_ACTUAL_POS],retard,CONTAINS,rattaché,BEFORE,traitement,BEFORE,retirées,BEFORE,conclure,,
14,55,FR100130,[EVENT_BEFORE_N/A_ACTUAL_POS] --(CONTAINS)--> [EVENT_BEFORE_N/A_ACTUAL_POS] | [EVENT_BEFORE_N/A_ACTUAL_POS] --(BEFORE)--> [EVENT_BEFORE_N/A_ACTUAL_POS] | [EVENT_BEFORE_N/A_ACTUAL_POS] --(BEFORE)--> [EVENT_BEFORE_N/A_ACTUAL_POS] | [EVENT_BEFORE_N/A_ACTUAL_POS] --(BEFORE)--> [EVENT_BEFORE_N/A_ACTUAL_POS],activité,CONTAINS,électromyogramme,BEFORE,confirmé,BEFORE,recherche,BEFORE,séjour,,
14,55,FR100132,[EVENT_BEFORE_N/A_ACTUAL_POS] --(CONTAINS)--> [EVENT_BEFORE_N/A_ACTUAL_POS] | [EVENT_BEFORE_N/A_ACTUAL_POS] --(BEFORE)--> [EVENT_BEFORE_N/A_ACTUAL_POS] | [EVENT_BEFORE_N/A_ACTUAL_POS] --(BEFORE)--> [EVENT_BEFORE_N/A_ACTUAL_POS] | [EVENT_BEFORE_N/A_ACTUAL_POS] --(BEFORE)--> [EVENT_BEFORE_N/A_ACTUAL_POS],examen,CONTAINS,palpation,BEFORE,histologie,BEFORE,examen,BEFORE,écho-Doppler,,
14,55,FR100142,[EVENT_BEFORE_N/A_ACTUAL_POS] --(CONTAINS)--> [EVENT_BEFORE_N/A_ACTUAL_POS] | [EVENT_BEFORE_N/A_ACTUAL_POS] --(BEFORE)--> [EVENT_BEFORE_N/A_ACTUAL_POS] | [EVENT_BEFORE_N/A_ACTUAL_POS] --(BEFORE)--> [EVENT_BEFORE_N/A_ACTUAL_POS] | [EVENT_BEFORE_N/A_ACTUAL_POS] --(BEFORE)--> [EVENT_BEFORE_N/A_ACTUAL_POS],lésions,CONTAINS,examen,BEFORE,électrophorèse,BEFORE,scanner,BEFORE,fibroscopie,,
14,55,FR100161,[EVENT_BEFORE_N/A_ACTUAL_POS] --(CONTAINS)--> [EVENT_BEFORE_N/A_ACTUAL_POS] | [EVENT_BEFORE_N/A_ACTUAL_POS] --(BEFORE)--> [EVENT_BEFORE_N/A_ACTUAL_POS] | [EVENT_BEFORE_N/A_ACTUAL_POS] --(BEFORE)--> [EVENT_BEFORE_N/A_ACTUAL_POS] | [EVENT_BEFORE_N/A_ACTUAL_POS] --(BEFORE)--> [EVENT_BEFORE_N/A_ACTUAL_POS],cytolyse,CONTAINS,examens,BEFORE,radiographie,BEFORE,complément,BEFORE,cortisol,,
14,55,FR100255,[EVENT_BEFORE_N/A_ACTUAL_POS] --(CONTAINS)--> [EVENT_BEFORE_N/A_ACTUAL_POS] | [EVENT_BEFORE_N/A_ACTUAL_POS] --(BEFORE)--> [EVENT_BEFORE_N/A_ACTUAL_POS] | [EVENT_BEFORE_N/A_ACTUAL_POS] --(BEFORE)--> [EVENT_BEFORE_N/A_ACTUAL_POS] | [EVENT_BEFORE_N/A_ACTUAL_POS] --(BEFORE)--> [EVENT_BEFORE_N/A_ACTUAL_POS],diminution,CONTAINS,examen,BEFORE,examen,BEFORE,échographie,BEFORE,mise,,
14,55,FR100275,[EVENT_BEFORE_N/A_ACTUAL_POS] --(CONTAINS)--> [EVENT_BEFORE_N/A_ACTUAL_POS] | [EVENT_BEFORE_N/A_ACTUAL_POS] --(BEFORE)--> [EVENT_BEFORE_N/A_ACTUAL_POS] | [EVENT_BEFORE_N/A_ACTUAL_POS] --(BEFORE)--> [EVENT_BEFORE_N/A_ACTUAL_POS] | [EVENT_BEFORE_N/A_ACTUAL_POS] --(BEFORE)--> [EVENT_BEFORE_N/A_ACTUAL_POS],ouverts,CONTAINS,arrivée,BEFORE,établi,BEFORE,manœuvres,BEFORE,transféré,,
14,55,FR100276,[EVENT_BEFORE_N/A_ACTUAL_POS] --(CONTAINS)--> [EVENT_BEFORE_N/A_ACTUAL_POS] | [EVENT_BEFORE_N/A_ACTUAL_POS] --(BEFORE)--> [EVENT_BEFORE_N/A_ACTUAL_POS] | [EVENT_BEFORE_N/A_ACTUAL_POS] --(BEFORE)--> [EVENT_BEFORE_N/A_ACTUAL_POS] | [EVENT_BEFORE_N/A_ACTUAL_POS] --(BEFORE)--> [EVENT_BEFORE_N/A_ACTUAL_POS],aplasie,CONTAINS,accouchement,BEFORE,reste,BEFORE,bilan,BEFORE,régression,,
14,55,FR100283,[EVENT_BEFORE_N/A_ACTUAL_POS] --(CONTAINS)--> [EVENT_BEFORE_N/A_ACTUAL_POS] | [EVENT_BEFORE_N/A_ACTUAL_POS] --(BEFORE)--> [EVENT_BEFORE_N/A_ACTUAL_POS] | [EVENT_BEFORE_N/A_ACTUAL_POS] --(BEFORE)--> [EVENT_BEFORE_N/A_ACTUAL_POS] | [EVENT_BEFORE_N/A_ACTUAL_POS] --(BEFORE)--> [EVENT_BEFORE_N/A_ACTUAL_POS],consulté,CONTAINS,bilan,BEFORE,IRM,BEFORE,hypophysiogramme,BEFORE,traitement,,
14,55,FR100296,[EVENT_BEFORE_N/A_ACTUAL_POS] --(CONTAINS)--> [EVENT_BEFORE_N/A_ACTUAL_POS] | [EVENT_BEFORE_N/A_ACTUAL_POS] --(BEFORE)--> [EVENT_BEFORE_N/A_ACTUAL_POS] | [EVENT_BEFORE_N/A_ACTUAL_POS] --(BEFORE)--> [EVENT_BEFORE_N/A_ACTUAL_POS] | [EVENT_BEFORE_N/A_ACTUAL_POS] --(BEFORE)--> [EVENT_BEFORE_N/A_ACTUAL_POS],phénomènes,CONTAINS,examen,BEFORE,IRM,BEFORE,fenestration,BEFORE,suites,,
14,55,FR100314,[EVENT_BEFORE_N/A_ACTUAL_POS] --(CONTAINS)--> [EVENT_BEFORE_N/A_ACTUAL_POS] | [EVENT_BEFORE_N/A_ACTUAL_POS] --(BEFORE)--> [EVENT_BEFORE_N/A_ACTUAL_POS] | [EVENT_BEFORE_N/A_ACTUAL_POS] --(BEFORE)--> [EVENT_BEFORE_N/A_ACTUAL_POS] | [EVENT_BEFORE_N/A_ACTUAL_POS] --(BEFORE)--> [EVENT_BEFORE_N/A_ACTUAL_POS],fracture,CONTAINS,bilan,BEFORE,drainage,BEFORE,angio-scanner,BEFORE,amputation,,
14,55,FR100344,[EVENT_BEFORE_N/A_ACTUAL_POS] --(CONTAINS)--> [EVENT_BEFORE_N/A_ACTUAL_POS] | [EVENT_BEFORE_N/A_ACTUAL_POS] --(BEFORE)--> [EVENT_BEFORE_N/A_ACTUAL_POS] | [EVENT_BEFORE_N/A_ACTUAL_POS] --(BEFORE)--> [EVENT_BEFORE_N/A_ACTUAL_POS] | [EVENT_BEFORE_N/A_ACTUAL_POS] --(BEFORE)--> [EVENT_BEFORE_N/A_ACTUAL_POS],évolution,CONTAINS,déroulée,BEFORE,plainte,BEFORE,examen,BEFORE,césarienne,,
14,55,FR100346,[EVENT_BEFORE_N/A_ACTUAL_POS] --(CONTAINS)--> [EVENT_BEFORE_N/A_ACTUAL_POS] | [EVENT_BEFORE_N/A_ACTUAL_POS] --(BEFORE)--> [EVENT_BEFORE_N/A_ACTUAL_POS] | [EVENT_BEFORE_N/A_ACTUAL_POS] --(BEFORE)--> [EVENT_BEFORE_N/A_ACTUAL_POS] | [EVENT_BEFORE_N/A_ACTUAL_POS] --(BEFORE)--> [EVENT_BEFORE_N/A_ACTUAL_POS],pouls,CONTAINS,examen,BEFORE,gazométrie,BEFORE,reste,BEFORE,radiographie,,
14,55,FR100360,[EVENT_BEFORE_N/A_ACTUAL_POS] --(CONTAINS)--> [EVENT_BEFORE_N/A_ACTUAL_POS] | [EVENT_BEFORE_N/A_ACTUAL_POS] --(BEFORE)--> [EVENT_BEFORE_N/A_ACTUAL_POS] | [EVENT_BEFORE_N/A_ACTUAL_POS] --(BEFORE)--> [EVENT_BEFORE_N/A_ACTUAL_POS] | [EVENT_BEFORE_N/A_ACTUAL_POS] --(BEFORE)--> [EVENT_BEFORE_N/A_ACTUAL_POS],lésion,CONTAINS,tomodensitométrie,BEFORE,complément,BEFORE,biopsie,BEFORE,étude,,
14,55,FR100361,[EVENT_BEFORE_N/A_ACTUAL_POS] --(CONTAINS)--> [EVENT_BEFORE_N/A_ACTUAL_POS] | [EVENT_BEFORE_N/A_ACTUAL_POS] --(BEFORE)--> [EVENT_BEFORE_N/A_ACTUAL_POS] | [EVENT_BEFORE_N/A_ACTUAL_POS] --(BEFORE)--> [EVENT_BEFORE_N/A_ACTUAL_POS] | [EVENT_BEFORE_N/A_ACTUAL_POS] --(BEFORE)--> [EVENT_BEFORE_N/A_ACTUAL_POS],processus,CONTAINS,TDM,BEFORE,ponction,BEFORE,examen,BEFORE,examen,,
14,55,FR100371,[EVENT_BEFORE_N/A_ACTUAL_POS] --(CONTAINS)--> [EVENT_BEFORE_N/A_ACTUAL_POS] | [EVENT_BEFORE_N/A_ACTUAL_POS] --(BEFORE)--> [EVENT_BEFORE_N/A_ACTUAL_POS] | [EVENT_BEFORE_N/A_ACTUAL_POS] --(BEFORE)--> [EVENT_BEFORE_N/A_ACTUAL_POS] | [EVENT_BEFORE_N/A_ACTUAL_POS] --(BEFORE)--> [EVENT_BEFORE_N/A_ACTUAL_POS],tachycardie,CONTAINS,examen,BEFORE,bilan,BEFORE,bilan,BEFORE,intervention,,
14,55,FR100400,[EVENT_BEFORE_N/A_ACTUAL_POS] --(CONTAINS)--> [EVENT_BEFORE_N/A_ACTUAL_POS] | [EVENT_BEFORE_N/A_ACTUAL_POS] --(BEFORE)--> [EVENT_BEFORE_N/A_ACTUAL_POS] | [EVENT_BEFORE_N/A_ACTUAL_POS] --(BEFORE)--> [EVENT_BEFORE_N/A_ACTUAL_POS] | [EVENT_BEFORE_N/A_ACTUAL_POS] --(BEFORE)--> [EVENT_BEFORE_N/A_ACTUAL_POS],état,CONTAINS,examen,BEFORE,bilan,BEFORE,Radiographie,BEFORE,échographie,,
14,55,FR100439,[EVENT_BEFORE_N/A_ACTUAL_POS] --(CONTAINS)--> [EVENT_BEFORE_N/A_ACTUAL_POS] | [EVENT_BEFORE_N/A_ACTUAL_POS] --(BEFORE)--> [EVENT_BEFORE_N/A_ACTUAL_POS] | [EVENT_BEFORE_N/A_ACTUAL_POS] --(BEFORE)--> [EVENT_BEFORE_N/A_ACTUAL_POS] | [EVENT_BEFORE_N/A_ACTUAL_POS] --(BEFORE)--> [EVENT_BEFORE_N/A_ACTUAL_POS],anesthésie,CONTAINS,endoscopie,BEFORE,biopsies,BEFORE,envoyées,BEFORE,analyse,,
14,55,FR100480,[EVENT_BEFORE_N/A_ACTUAL_POS] --(CONTAINS)--> [EVENT_BEFORE_N/A_ACTUAL_POS] | [EVENT_BEFORE_N/A_ACTUAL_POS] --(BEFORE)--> [EVENT_BEFORE_N/A_ACTUAL_POS] | [EVENT_BEFORE_N/A_ACTUAL_POS] --(BEFORE)--> [EVENT_BEFORE_N/A_ACTUAL_POS] | [EVENT_BEFORE_N/A_ACTUAL_POS] --(BEFORE)--> [EVENT_BEFORE_N/A_ACTUAL_POS],libres,CONTAINS,examen,BEFORE,imagerie,BEFORE,bilan,BEFORE,scanner,,
14,55,FR100515,[EVENT_BEFORE_N/A_ACTUAL_POS] --(CONTAINS)--> [EVENT_BEFORE_N/A_ACTUAL_POS] | [EVENT_BEFORE_N/A_ACTUAL_POS] --(BEFORE)--> [EVENT_BEFORE_N/A_ACTUAL_POS] | [EVENT_BEFORE_N/A_ACTUAL_POS] --(BEFORE)--> [EVENT_BEFORE_N/A_ACTUAL_POS] | [EVENT_BEFORE_N/A_ACTUAL_POS] --(BEFORE)--> [EVENT_BEFORE_N/A_ACTUAL_POS],atteinte,CONTAINS,testing,BEFORE,dosage,BEFORE,bilan,BEFORE,biopsie,,
14,55,FR100517,[EVENT_BEFORE_N/A_ACTUAL_POS] --(CONTAINS)--> [EVENT_BEFORE_N/A_ACTUAL_POS] | [EVENT_BEFORE_N/A_ACTUAL_POS] --(BEFORE)--> [EVENT_BEFORE_N/A_ACTUAL_POS] | [EVENT_BEFORE_N/A_ACTUAL_POS] --(BEFORE)--> [EVENT_BEFORE_N/A_ACTUAL_POS] | [EVENT_BEFORE_N/A_ACTUAL_POS] --(BEFORE)--> [EVENT_BEFORE_N/A_ACTUAL_POS],syndrome,CONTAINS,bilan,BEFORE,électromyogramme,BEFORE,bilan,BEFORE,explorations,,
14,55,FR100519,[EVENT_BEFORE_N/A_ACTUAL_POS] --(CONTAINS)--> [EVENT_BEFORE_N/A_ACTUAL_POS] | [EVENT_BEFORE_N/A_ACTUAL_POS] --(BEFORE)--> [EVENT_BEFORE_N/A_ACTUAL_POS] | [EVENT_BEFORE_N/A_ACTUAL_POS] --(BEFORE)--> [EVENT_BEFORE_N/A_ACTUAL_POS] | [EVENT_BEFORE_N/A_ACTUAL_POS] --(BEFORE)--> [EVENT_BEFORE_N/A_ACTUAL_POS],opacité,CONTAINS,bilan,BEFORE,angioscanner,BEFORE,échodoppler,BEFORE,retenue,,
14,55,FR100579,[EVENT_BEFORE_N/A_ACTUAL_POS] --(CONTAINS)--> [EVENT_BEFORE_N/A_ACTUAL_POS] | [EVENT_BEFORE_N/A_ACTUAL_POS] --(BEFORE)--> [EVENT_BEFORE_N/A_ACTUAL_POS] | [EVENT_BEFORE_N/A_ACTUAL_POS] --(BEFORE)--> [EVENT_BEFORE_N/A_ACTUAL_POS] | [EVENT_BEFORE_N/A_ACTUAL_POS] --(BEFORE)--> [EVENT_BEFORE_N/A_ACTUAL_POS],dilatation,CONTAINS,radiographie,BEFORE,échocardiographie,BEFORE,angio-scanner,BEFORE,imagerie,,
14,55,FR100589,[EVENT_BEFORE_N/A_ACTUAL_POS] --(CONTAINS)--> [EVENT_BEFORE_N/A_ACTUAL_POS] | [EVENT_BEFORE_N/A_ACTUAL_POS] --(BEFORE)--> [EVENT_BEFORE_N/A_ACTUAL_POS] | [EVENT_BEFORE_N/A_ACTUAL_POS] --(BEFORE)--> [EVENT_BEFORE_N/A_ACTUAL_POS] | [EVENT_BEFORE_N/A_ACTUAL_POS] --(BEFORE)--> [EVENT_BEFORE_N/A_ACTUAL_POS],discuté,CONTAINS,évoqué,BEFORE,rechercher,BEFORE,bronchoscopie,BEFORE,lavage,,
14,55,FR100597,[EVENT_BEFORE_N/A_ACTUAL_POS] --(CONTAINS)--> [EVENT_BEFORE_N/A_ACTUAL_POS] | [EVENT_BEFORE_N/A_ACTUAL_POS] --(BEFORE)--> [EVENT_BEFORE_N/A_ACTUAL_POS] | [EVENT_BEFORE_N/A_ACTUAL_POS] --(BEFORE)--> [EVENT_BEFORE_N/A_ACTUAL_POS] | [EVENT_BEFORE_N/A_ACTUAL_POS] --(BEFORE)--> [EVENT_BEFORE_N/A_ACTUAL_POS],consultation,CONTAINS,examen,BEFORE,examen,BEFORE,examen,BEFORE,toucher,,
14,55,FR100611,[EVENT_BEFORE_N/A_ACTUAL_POS] --(CONTAINS)--> [EVENT_BEFORE_N/A_ACTUAL_POS] | [EVENT_BEFORE_N/A_ACTUAL_POS] --(BEFORE)--> [EVENT_BEFORE_N/A_ACTUAL_POS] | [EVENT_BEFORE_N/A_ACTUAL_POS] --(BEFORE)--> [EVENT_BEFORE_N/A_ACTUAL_POS] | [EVENT_BEFORE_N/A_ACTUAL_POS] --(BEFORE)--> [EVENT_BEFORE_N/A_ACTUAL_POS],trouble,CONTAINS,admission,BEFORE,examen,BEFORE,IRM,BEFORE,étude,,
14,55,FR100614,[EVENT_BEFORE_N/A_ACTUAL_POS] --(CONTAINS)--> [EVENT_BEFORE_N/A_ACTUAL_POS] | [EVENT_BEFORE_N/A_ACTUAL_POS] --(BEFORE)--> [EVENT_BEFORE_N/A_ACTUAL_POS] | [EVENT_BEFORE_N/A_ACTUAL_POS] --(BEFORE)--> [EVENT_BEFORE_N/A_ACTUAL_POS] | [EVENT_BEFORE_N/A_ACTUAL_POS] --(BEFORE)--> [EVENT_BEFORE_N/A_ACTUAL_POS],masse,CONTAINS,examen,BEFORE,échographique,BEFORE,tomodensitométrie,BEFORE,radiographie,,
14,55,FR100620,[EVENT_BEFORE_N/A_ACTUAL_POS] --(CONTAINS)--> [EVENT_BEFORE_N/A_ACTUAL_POS] | [EVENT_BEFORE_N/A_ACTUAL_POS] --(BEFORE)--> [EVENT_BEFORE_N/A_ACTUAL_POS] | [EVENT_BEFORE_N/A_ACTUAL_POS] --(BEFORE)--> [EVENT_BEFORE_N/A_ACTUAL_POS] | [EVENT_BEFORE_N/A_ACTUAL_POS] --(BEFORE)--> [EVENT_BEFORE_N/A_ACTUAL_POS],DEP,CONTAINS,examen,BEFORE,radiographie,BEFORE,drainage,BEFORE,radiographie,,
14,55,FR100623,[EVENT_BEFORE_N/A_ACTUAL_POS] --(CONTAINS)--> [EVENT_BEFORE_N/A_ACTUAL_POS] | [EVENT_BEFORE_N/A_ACTUAL_POS] --(BEFORE)--> [EVENT_BEFORE_N/A_ACTUAL_POS] | [EVENT_BEFORE_N/A_ACTUAL_POS] --(BEFORE)--> [EVENT_BEFORE_N/A_ACTUAL_POS] | [EVENT_BEFORE_N/A_ACTUAL_POS] --(BEFORE)--> [EVENT_BEFORE_N/A_ACTUAL_POS],disposition,CONTAINS,tomodensitométrie,BEFORE,retenu,BEFORE,prise,BEFORE,analyse,,
14,55,FR100629,[EVENT_BEFORE_N/A_ACTUAL_POS] --(CONTAINS)--> [EVENT_BEFORE_N/A_ACTUAL_POS] | [EVENT_BEFORE_N/A_ACTUAL_POS] --(BEFORE)--> [EVENT_BEFORE_N/A_ACTUAL_POS] | [EVENT_BEFORE_N/A_ACTUAL_POS] --(BEFORE)--> [EVENT_BEFORE_N/A_ACTUAL_POS] | [EVENT_BEFORE_N/A_ACTUAL_POS] --(BEFORE)--> [EVENT_BEFORE_N/A_ACTUAL_POS],sarcome,CONTAINS,thoracoscopie,BEFORE,marquage,BEFORE,bilan,BEFORE,décision,,
14,55,FR100632,[EVENT_BEFORE_N/A_ACTUAL_POS] --(CONTAINS)--> [EVENT_BEFORE_N/A_ACTUAL_POS] | [EVENT_BEFORE_N/A_ACTUAL_POS] --(BEFORE)--> [EVENT_BEFORE_N/A_ACTUAL_POS] | [EVENT_BEFORE_N/A_ACTUAL_POS] --(BEFORE)--> [EVENT_BEFORE_N/A_ACTUAL_POS] | [EVENT_BEFORE_N/A_ACTUAL_POS] --(BEFORE)--> [EVENT_BEFORE_N/A_ACTUAL_POS],état,CONTAINS,examen,BEFORE,examen,BEFORE,IRM,BEFORE,IRM,,
14,55,FR100663,[EVENT_BEFORE_N/A_ACTUAL_POS] --(CONTAINS)--> [EVENT_BEFORE_N/A_ACTUAL_POS] | [EVENT_BEFORE_N/A_ACTUAL_POS] --(BEFORE)--> [EVENT_BEFORE_N/A_ACTUAL_POS] | [EVENT_BEFORE_N/A_ACTUAL_POS] --(BEFORE)--> [EVENT_BEFORE_N/A_ACTUAL_POS] | [EVENT_BEFORE_N/A_ACTUAL_POS] --(BEFORE)--> [EVENT_BEFORE_N/A_ACTUAL_POS],stable,CONTAINS,examen,BEFORE,examen,BEFORE,échographie,BEFORE,taux,,
14,55,FR100666,[EVENT_BEFORE_N/A_ACTUAL_POS] --(CONTAINS)--> [EVENT_BEFORE_N/A_ACTUAL_POS] | [EVENT_BEFORE_N/A_ACTUAL_POS] --(BEFORE)--> [EVENT_BEFORE_N/A_ACTUAL_POS] | [EVENT_BEFORE_N/A_ACTUAL_POS] --(BEFORE)--> [EVENT_BEFORE_N/A_ACTUAL_POS] | [EVENT_BEFORE_N/A_ACTUAL_POS] --(BEFORE)--> [EVENT_BEFORE_N/A_ACTUAL_POS],asymétrie,CONTAINS,examen,BEFORE,examen,BEFORE,palpation,BEFORE,radiographie,,
14,55,FR100683,[EVENT_BEFORE_N/A_ACTUAL_POS] --(CONTAINS)--> [EVENT_BEFORE_N/A_ACTUAL_POS] | [EVENT_BEFORE_N/A_ACTUAL_POS] --(BEFORE)--> [EVENT_BEFORE_N/A_ACTUAL_POS] | [EVENT_BEFORE_N/A_ACTUAL_POS] --(BEFORE)--> [EVENT_BEFORE_N/A_ACTUAL_POS] | [EVENT_BEFORE_N/A_ACTUAL_POS] --(BEFORE)--> [EVENT_BEFORE_N/A_ACTUAL_POS],glycémie,CONTAINS,exploration,BEFORE,exploration,BEFORE,IRM,BEFORE,écho-mammographie,,
14,55,FR100688,[EVENT_BEFORE_N/A_ACTUAL_POS] --(CONTAINS)--> [EVENT_BEFORE_N/A_ACTUAL_POS] | [EVENT_BEFORE_N/A_ACTUAL_POS] --(BEFORE)--> [EVENT_BEFORE_N/A_ACTUAL_POS] | [EVENT_BEFORE_N/A_ACTUAL_POS] --(BEFORE)--> [EVENT_BEFORE_N/A_ACTUAL_POS] | [EVENT_BEFORE_N/A_ACTUAL_POS] --(BEFORE)--> [EVENT_BEFORE_N/A_ACTUAL_POS],poids,CONTAINS,examen,BEFORE,examen,BEFORE,examen,BEFORE,sérologie,,
14,55,FR100689,[EVENT_BEFORE_N/A_ACTUAL_POS] --(CONTAINS)--> [EVENT_BEFORE_N/A_ACTUAL_POS] | [EVENT_BEFORE_N/A_ACTUAL_POS] --(BEFORE)--> [EVENT_BEFORE_N/A_ACTUAL_POS] | [EVENT_BEFORE_N/A_ACTUAL_POS] --(BEFORE)--> [EVENT_BEFORE_N/A_ACTUAL_POS] | [EVENT_BEFORE_N/A_ACTUAL_POS] --(BEFORE)--> [EVENT_BEFORE_N/A_ACTUAL_POS],positive,CONTAINS,PCR,BEFORE,scanner,BEFORE,hémogramme,BEFORE,ionogramme,,
14,55,FR100697,[EVENT_BEFORE_N/A_ACTUAL_POS] --(CONTAINS)--> [EVENT_BEFORE_N/A_ACTUAL_POS] | [EVENT_BEFORE_N/A_ACTUAL_POS] --(BEFORE)--> [EVENT_BEFORE_N/A_ACTUAL_POS] | [EVENT_BEFORE_N/A_ACTUAL_POS] --(BEFORE)--> [EVENT_BEFORE_N/A_ACTUAL_POS] | [EVENT_BEFORE_N/A_ACTUAL_POS] --(BEFORE)--> [EVENT_BEFORE_N/A_ACTUAL_POS],adénopathies,CONTAINS,palpation,BEFORE,examen,BEFORE,mammographie,BEFORE,échographie,,
14,55,FR100708,[EVENT_BEFORE_N/A_ACTUAL_POS] --(CONTAINS)--> [EVENT_BEFORE_N/A_ACTUAL_POS] | [EVENT_BEFORE_N/A_ACTUAL_POS] --(BEFORE)--> [EVENT_BEFORE_N/A_ACTUAL_POS] | [EVENT_BEFORE_N/A_ACTUAL_POS] --(BEFORE)--> [EVENT_BEFORE_N/A_ACTUAL_POS] | [EVENT_BEFORE_N/A_ACTUAL_POS] --(BEFORE)--> [EVENT_BEFORE_N/A_ACTUAL_POS],masse,CONTAINS,mammographie,BEFORE,échographie,BEFORE,ponction,BEFORE,étude,,
14,55,FR100717,[EVENT_BEFORE_N/A_ACTUAL_POS] --(CONTAINS)--> [EVENT_BEFORE_N/A_ACTUAL_POS] | [EVENT_BEFORE_N/A_ACTUAL_POS] --(BEFORE)--> [EVENT_BEFORE_N/A_ACTUAL_POS] | [EVENT_BEFORE_N/A_ACTUAL_POS] --(BEFORE)--> [EVENT_BEFORE_N/A_ACTUAL_POS] | [EVENT_BEFORE_N/A_ACTUAL_POS] --(BEFORE)--> [EVENT_BEFORE_N/A_ACTUAL_POS],Lasègue,CONTAINS,examen,BEFORE,examens,BEFORE,scanner,BEFORE,IRM,,
14,55,FR100748,[EVENT_BEFORE_N/A_ACTUAL_POS] --(CONTAINS)--> [EVENT_BEFORE_N/A_ACTUAL_POS] | [EVENT_BEFORE_N/A_ACTUAL_POS] --(BEFORE)--> [EVENT_BEFORE_N/A_ACTUAL_POS] | [EVENT_BEFORE_N/A_ACTUAL_POS] --(BEFORE)--> [EVENT_BEFORE_N/A_ACTUAL_POS] | [EVENT_BEFORE_N/A_ACTUAL_POS] --(BEFORE)--> [EVENT_BEFORE_N/A_ACTUAL_POS],hospitalisation,CONTAINS,indication,BEFORE,consultation,BEFORE,ASA,BEFORE,Nicardipine,,
14,55,FR100806,[EVENT_BEFORE_N/A_ACTUAL_POS] --(CONTAINS)--> [EVENT_BEFORE_N/A_ACTUAL_POS] | [EVENT_BEFORE_N/A_ACTUAL_POS] --(BEFORE)--> [EVENT_BEFORE_N/A_ACTUAL_POS] | [EVENT_BEFORE_N/A_ACTUAL_POS] --(BEFORE)--> [EVENT_BEFORE_N/A_ACTUAL_POS] | [EVENT_BEFORE_N/A_ACTUAL_POS] --(BEFORE)--> [EVENT_BEFORE_N/A_ACTUAL_POS],hématome,CONTAINS,tomodensitométrie,BEFORE,prise,BEFORE,examen,BEFORE,suites,,
14,55,FR100814,[EVENT_BEFORE_N/A_ACTUAL_POS] --(CONTAINS)--> [EVENT_BEFORE_N/A_ACTUAL_POS] | [EVENT_BEFORE_N/A_ACTUAL_POS] --(BEFORE)--> [EVENT_BEFORE_N/A_ACTUAL_POS] | [EVENT_BEFORE_N/A_ACTUAL_POS] --(BEFORE)--> [EVENT_BEFORE_N/A_ACTUAL_POS] | [EVENT_BEFORE_N/A_ACTUAL_POS] --(BEFORE)--> [EVENT_BEFORE_N/A_ACTUAL_POS],processus,CONTAINS,IRM,BEFORE,diagnostic,BEFORE,réséquée,BEFORE,examen,,
14,55,FR100826,[EVENT_BEFORE_N/A_ACTUAL_POS] --(CONTAINS)--> [EVENT_BEFORE_N/A_ACTUAL_POS] | [EVENT_BEFORE_N/A_ACTUAL_POS] --(BEFORE)--> [EVENT_BEFORE_N/A_ACTUAL_POS] | [EVENT_BEFORE_N/A_ACTUAL_POS] --(BEFORE)--> [EVENT_BEFORE_N/A_ACTUAL_POS] | [EVENT_BEFORE_N/A_ACTUAL_POS] --(BEFORE)--> [EVENT_BEFORE_N/A_ACTUAL_POS],termine,CONTAINS,bilan,BEFORE,bilan,BEFORE,retenue,BEFORE,exploration,,
14,55,FR100845,[EVENT_BEFORE_N/A_ACTUAL_POS] --(CONTAINS)--> [EVENT_BEFORE_N/A_ACTUAL_POS] | [EVENT_BEFORE_N/A_ACTUAL_POS] --(BEFORE)--> [EVENT_BEFORE_N/A_ACTUAL_POS] | [EVENT_BEFORE_N/A_ACTUAL_POS] --(BEFORE)--> [EVENT_BEFORE_N/A_ACTUAL_POS] | [EVENT_BEFORE_N/A_ACTUAL_POS] --(BEFORE)--> [EVENT_BEFORE_N/A_ACTUAL_POS],grossesse,CONTAINS,échographie,BEFORE,radiographie,BEFORE,décision,BEFORE,extraction,,
14,55,FR100849,[EVENT_BEFORE_N/A_ACTUAL_POS] --(CONTAINS)--> [EVENT_BEFORE_N/A_ACTUAL_POS] | [EVENT_BEFORE_N/A_ACTUAL_POS] --(BEFORE)--> [EVENT_BEFORE_N/A_ACTUAL_POS] | [EVENT_BEFORE_N/A_ACTUAL_POS] --(BEFORE)--> [EVENT_BEFORE_N/A_ACTUAL_POS] | [EVENT_BEFORE_N/A_ACTUAL_POS] --(BEFORE)--> [EVENT_BEFORE_N/A_ACTUAL_POS],IMC,CONTAINS,admission,BEFORE,tomodensitométrie,BEFORE,acheminé,BEFORE,suites,,
14,55,FR100870,[EVENT_BEFORE_N/A_ACTUAL_POS] --(CONTAINS)--> [EVENT_BEFORE_N/A_ACTUAL_POS] | [EVENT_BEFORE_N/A_ACTUAL_POS] --(BEFORE)--> [EVENT_BEFORE_N/A_ACTUAL_POS] | [EVENT_BEFORE_N/A_ACTUAL_POS] --(BEFORE)--> [EVENT_BEFORE_N/A_ACTUAL_POS] | [EVENT_BEFORE_N/A_ACTUAL_POS] --(BEFORE)--> [EVENT_BEFORE_N/A_ACTUAL_POS],bilan,CONTAINS,hémogramme,BEFORE,bilan,BEFORE,IRM,BEFORE,électrophorèse,,
14,55,FR100874,[EVENT_BEFORE_N/A_ACTUAL_POS] --(CONTAINS)--> [EVENT_BEFORE_N/A_ACTUAL_POS] | [EVENT_BEFORE_N/A_ACTUAL_POS] --(BEFORE)--> [EVENT_BEFORE_N/A_ACTUAL_POS] | [EVENT_BEFORE_N/A_ACTUAL_POS] --(BEFORE)--> [EVENT_BEFORE_N/A_ACTUAL_POS] | [EVENT_BEFORE_N/A_ACTUAL_POS] --(BEFORE)--> [EVENT_BEFORE_N/A_ACTUAL_POS],perte,CONTAINS,examen,BEFORE,hémogramme,BEFORE,fibroscopie,BEFORE,transit,,
14,55,FR100882,[EVENT_BEFORE_N/A_ACTUAL_POS] --(CONTAINS)--> [EVENT_BEFORE_N/A_ACTUAL_POS] | [EVENT_BEFORE_N/A_ACTUAL_POS] --(BEFORE)--> [EVENT_BEFORE_N/A_ACTUAL_POS] | [EVENT_BEFORE_N/A_ACTUAL_POS] --(BEFORE)--> [EVENT_BEFORE_N/A_ACTUAL_POS] | [EVENT_BEFORE_N/A_ACTUAL_POS] --(BEFORE)--> [EVENT_BEFORE_N/A_ACTUAL_POS],troubles,CONTAINS,admise,BEFORE,examen,BEFORE,examen,BEFORE,examen,,
14,55,FR100883,[EVENT_BEFORE_N/A_ACTUAL_POS] --(CONTAINS)--> [EVENT_BEFORE_N/A_ACTUAL_POS] | [EVENT_BEFORE_N/A_ACTUAL_POS] --(BEFORE)--> [EVENT_BEFORE_N/A_ACTUAL_POS] | [EVENT_BEFORE_N/A_ACTUAL_POS] --(BEFORE)--> [EVENT_BEFORE_N/A_ACTUAL_POS] | [EVENT_BEFORE_N/A_ACTUAL_POS] --(BEFORE)--> [EVENT_BEFORE_N/A_ACTUAL_POS],admission,CONTAINS,TDM,BEFORE,biopsie,BEFORE,bilan,BEFORE,sérologie,,
14,55,FR100894,[EVENT_BEFORE_N/A_ACTUAL_POS] --(CONTAINS)--> [EVENT_BEFORE_N/A_ACTUAL_POS] | [EVENT_BEFORE_N/A_ACTUAL_POS] --(BEFORE)--> [EVENT_BEFORE_N/A_ACTUAL_POS] | [EVENT_BEFORE_N/A_ACTUAL_POS] --(BEFORE)--> [EVENT_BEFORE_N/A_ACTUAL_POS] | [EVENT_BEFORE_N/A_ACTUAL_POS] --(BEFORE)--> [EVENT_BEFORE_N/A_ACTUAL_POS],reçu,CONTAINS,appuyés,BEFORE,diagnostic,BEFORE,pris,BEFORE,incision,,
14,55,FR100903,[EVENT_BEFORE_N/A_ACTUAL_POS] --(CONTAINS)--> [EVENT_BEFORE_N/A_ACTUAL_POS] | [EVENT_BEFORE_N/A_ACTUAL_POS] --(BEFORE)--> [EVENT_BEFORE_N/A_ACTUAL_POS] | [EVENT_BEFORE_N/A_ACTUAL_POS] --(BEFORE)--> [EVENT_BEFORE_N/A_ACTUAL_POS] | [EVENT_BEFORE_N/A_ACTUAL_POS] --(BEFORE)--> [EVENT_BEFORE_N/A_ACTUAL_POS],anatomie,CONTAINS,échographie,BEFORE,IRM,BEFORE,diagnostic,BEFORE,écarté,,
14,55,FR100946,[EVENT_BEFORE_N/A_ACTUAL_POS] --(CONTAINS)--> [EVENT_BEFORE_N/A_ACTUAL_POS] | [EVENT_BEFORE_N/A_ACTUAL_POS] --(BEFORE)--> [EVENT_BEFORE_N/A_ACTUAL_POS] | [EVENT_BEFORE_N/A_ACTUAL_POS] --(BEFORE)--> [EVENT_BEFORE_N/A_ACTUAL_POS] | [EVENT_BEFORE_N/A_ACTUAL_POS] --(BEFORE)--> [EVENT_BEFORE_N/A_ACTUAL_POS],processus,CONTAINS,IRM,BEFORE,analyse,BEFORE,mise,BEFORE,exérèse,,
14,55,FR100996,[EVENT_BEFORE_N/A_ACTUAL_POS] --(CONTAINS)--> [EVENT_BEFORE_N/A_ACTUAL_POS] | [EVENT_BEFORE_N/A_ACTUAL_POS] --(BEFORE)--> [EVENT_BEFORE_N/A_ACTUAL_POS] | [EVENT_BEFORE_N/A_ACTUAL_POS] --(BEFORE)--> [EVENT_BEFORE_N/A_ACTUAL_POS] | [EVENT_BEFORE_N/A_ACTUAL_POS] --(BEFORE)--> [EVENT_BEFORE_N/A_ACTUAL_POS],paroi,CONTAINS,injection,BEFORE,retenu,BEFORE,chirurgical,BEFORE,suites,,
170,52,FR100003,[EVENT_BEFORE_N/A_ACTUAL_POS] --(BEFORE)--> [EVENT_BEFORE_N/A_ACTUAL_POS] | [EVENT_BEFORE_N/A_ACTUAL_POS] --(CONTAINS)--> [EVENT_BEFORE_N/A_ACTUAL_POS],antibiothérapie,BEFORE,bloc,CONTAINS,drainé,,,,,,
170,52,FR100092,[EVENT_BEFORE_N/A_ACTUAL_POS] --(BEFORE)--> [EVENT_BEFORE_N/A_ACTUAL_POS] | [EVENT_BEFORE_N/A_ACTUAL_POS] --(CONTAINS)--> [EVENT_BEFORE_N/A_ACTUAL_POS],reste,BEFORE,minilaparotomie,CONTAINS,salpingectomie,,,,,,
170,52,FR100120,[EVENT_BEFORE_N/A_ACTUAL_POS] --(BEFORE)--> [EVENT_BEFORE_N/A_ACTUAL_POS] | [EVENT_BEFORE_N/A_ACTUAL_POS] --(CONTAINS)--> [EVENT_BEFORE_N/A_ACTUAL_POS],reste,BEFORE,traitement,CONTAINS,soins,,,,,,
170,52,FR100130,[EVENT_BEFORE_N/A_ACTUAL_POS] --(BEFORE)--> [EVENT_BEFORE_N/A_ACTUAL_POS] | [EVENT_BEFORE_N/A_ACTUAL_POS] --(CONTAINS)--> [EVENT_BEFORE_N/A_ACTUAL_POS],séjour,BEFORE,bilan,CONTAINS,recherchée,,,,,,
170,52,FR100132,[EVENT_BEFORE_N/A_ACTUAL_POS] --(BEFORE)--> [EVENT_BEFORE_N/A_ACTUAL_POS] | [EVENT_BEFORE_N/A_ACTUAL_POS] --(CONTAINS)--> [EVENT_BEFORE_N/A_ACTUAL_POS],consultation,BEFORE,examen,CONTAINS,palpation,,,,,,
170,52,FR100142,[EVENT_BEFORE_N/A_ACTUAL_POS] --(BEFORE)--> [EVENT_BEFORE_N/A_ACTUAL_POS] | [EVENT_BEFORE_N/A_ACTUAL_POS] --(CONTAINS)--> [EVENT_BEFORE_N/A_ACTUAL_POS],mis,BEFORE,évolution,CONTAINS,taux,,,,,,
170,52,FR100161,[EVENT_BEFORE_N/A_ACTUAL_POS] --(BEFORE)--> [EVENT_BEFORE_N/A_ACTUAL_POS] | [EVENT_BEFORE_N/A_ACTUAL_POS] --(CONTAINS)--> [EVENT_BEFORE_N/A_ACTUAL_POS],examen,BEFORE,examens,CONTAINS,Fibro,,,,,,
170,52,FR100168,[EVENT_BEFORE_N/A_ACTUAL_POS] --(BEFORE)--> [EVENT_BEFORE_N/A_ACTUAL_POS] | [EVENT_BEFORE_N/A_ACTUAL_POS] --(CONTAINS)--> [EVENT_BEFORE_N/A_ACTUAL_POS],administrées,BEFORE,suites,CONTAINS,extubé,,,,,,
170,52,FR100185,[EVENT_BEFORE_N/A_ACTUAL_POS] --(BEFORE)--> [EVENT_BEFORE_N/A_ACTUAL_POS] | [EVENT_BEFORE_N/A_ACTUAL_POS] --(CONTAINS)--> [EVENT_BEFORE_N/A_ACTUAL_POS],Electromyogramme,BEFORE,IRM,CONTAINS,aspect,,,,,,
170,52,FR100255,[EVENT_BEFORE_N/A_ACTUAL_POS] --(BEFORE)--> [EVENT_BEFORE_N/A_ACTUAL_POS] | [EVENT_BEFORE_N/A_ACTUAL_POS] --(CONTAINS)--> [EVENT_BEFORE_N/A_ACTUAL_POS],mise,BEFORE,traitement,CONTAINS,bolus,,,,,,
170,52,FR100275,[EVENT_BEFORE_N/A_ACTUAL_POS] --(BEFORE)--> [EVENT_BEFORE_N/A_ACTUAL_POS] | [EVENT_BEFORE_N/A_ACTUAL_POS] --(CONTAINS)--> [EVENT_BEFORE_N/A_ACTUAL_POS],anamnèse,BEFORE,examen,CONTAINS,température,,,,,,
170,52,FR100276,[EVENT_BEFORE_N/A_ACTUAL_POS] --(BEFORE)--> [EVENT_BEFORE_N/A_ACTUAL_POS] | [EVENT_BEFORE_N/A_ACTUAL_POS] --(CONTAINS)--> [EVENT_BEFORE_N/A_ACTUAL_POS],reste,BEFORE,bilan,CONTAINS,bilan,,,,,,
170,52,FR100283,[EVENT_BEFORE_N/A_ACTUAL_POS] --(BEFORE)--> [EVENT_BEFORE_N/A_ACTUAL_POS] | [EVENT_BEFORE_N/A_ACTUAL_POS] --(CONTAINS)--> [EVENT_BEFORE_N/A_ACTUAL_POS],hypophysiogramme,BEFORE,traitement,CONTAINS,opothérapie,,,,,,
170,52,FR100296,[EVENT_BEFORE_N/A_ACTUAL_POS] --(BEFORE)--> [EVENT_BEFORE_N/A_ACTUAL_POS] | [EVENT_BEFORE_N/A_ACTUAL_POS] --(CONTAINS)--> [EVENT_BEFORE_N/A_ACTUAL_POS],IRM,BEFORE,fenestration,CONTAINS,geste,,,,,,
170,52,FR100314,[EVENT_BEFORE_N/A_ACTUAL_POS] --(BEFORE)--> [EVENT_BEFORE_N/A_ACTUAL_POS] | [EVENT_BEFORE_N/A_ACTUAL_POS] --(CONTAINS)--> [EVENT_BEFORE_N/A_ACTUAL_POS],accident,BEFORE,traumatisme,CONTAINS,admise,,,,,,
170,52,FR100344,[EVENT_BEFORE_N/A_ACTUAL_POS] --(BEFORE)--> [EVENT_BEFORE_N/A_ACTUAL_POS] | [EVENT_BEFORE_N/A_ACTUAL_POS] --(CONTAINS)--> [EVENT_BEFORE_N/A_ACTUAL_POS],développé,BEFORE,suivie,CONTAINS,traitement,,,,,,
170,52,FR100361,[EVENT_BEFORE_N/A_ACTUAL_POS] --(BEFORE)--> [EVENT_BEFORE_N/A_ACTUAL_POS] | [EVENT_BEFORE_N/A_ACTUAL_POS] --(CONTAINS)--> [EVENT_BEFORE_N/A_ACTUAL_POS],admise,BEFORE,examen,CONTAINS,mobilisait,,,,,,
170,52,FR100371,[EVENT_BEFORE_N/A_ACTUAL_POS] --(BEFORE)--> [EVENT_BEFORE_N/A_ACTUAL_POS] | [EVENT_BEFORE_N/A_ACTUAL_POS] --(CONTAINS)--> [EVENT_BEFORE_N/A_ACTUAL_POS],bilan,BEFORE,bilan,CONTAINS,radiographie,,,,,,
170,52,FR100400,[EVENT_BEFORE_N/A_ACTUAL_POS] --(BEFORE)--> [EVENT_BEFORE_N/A_ACTUAL_POS] | [EVENT_BEFORE_N/A_ACTUAL_POS] --(CONTAINS)--> [EVENT_BEFORE_N/A_ACTUAL_POS],résection,BEFORE,suites,CONTAINS,retiré,,,,,,
170,52,FR100510,[EVENT_BEFORE_N/A_ACTUAL_POS] --(BEFORE)--> [EVENT_BEFORE_N/A_ACTUAL_POS] | [EVENT_BEFORE_N/A_ACTUAL_POS] --(CONTAINS)--> [EVENT_BEFORE_N/A_ACTUAL_POS],décision,BEFORE,intervention,CONTAINS,exposée,,,,,,
170,52,FR100515,[EVENT_BEFORE_N/A_ACTUAL_POS] --(BEFORE)--> [EVENT_BEFORE_N/A_ACTUAL_POS] | [EVENT_BEFORE_N/A_ACTUAL_POS] --(CONTAINS)--> [EVENT_BEFORE_N/A_ACTUAL_POS],bilan,BEFORE,bilan,CONTAINS,échographie,,,,,,
170,52,FR100519,[EVENT_BEFORE_N/A_ACTUAL_POS] --(BEFORE)--> [EVENT_BEFORE_N/A_ACTUAL_POS] | [EVENT_BEFORE_N/A_ACTUAL_POS] --(CONTAINS)--> [EVENT_BEFORE_N/A_ACTUAL_POS],entrée,BEFORE,bilan,CONTAINS,radiographie,,,,,,
170,52,FR100589,[EVENT_BEFORE_N/A_ACTUAL_POS] --(BEFORE)--> [EVENT_BEFORE_N/A_ACTUAL_POS] | [EVENT_BEFORE_N/A_ACTUAL_POS] --(CONTAINS)--> [EVENT_BEFORE_N/A_ACTUAL_POS],biopsie,BEFORE,bilan,CONTAINS,frottis,,,,,,
170,52,FR100597,[EVENT_BEFORE_N/A_ACTUAL_POS] --(BEFORE)--> [EVENT_BEFORE_N/A_ACTUAL_POS] | [EVENT_BEFORE_N/A_ACTUAL_POS] --(CONTAINS)--> [EVENT_BEFORE_N/A_ACTUAL_POS],examen,BEFORE,toucher,CONTAINS,difficile,,,,,,
170,52,FR100611,[EVENT_BEFORE_N/A_ACTUAL_POS] --(BEFORE)--> [EVENT_BEFORE_N/A_ACTUAL_POS] | [EVENT_BEFORE_N/A_ACTUAL_POS] --(CONTAINS)--> [EVENT_BEFORE_N/A_ACTUAL_POS],PCR,BEFORE,TDM,CONTAINS,image,,,,,,
170,52,FR100614,[EVENT_BEFORE_N/A_ACTUAL_POS] --(BEFORE)--> [EVENT_BEFORE_N/A_ACTUAL_POS] | [EVENT_BEFORE_N/A_ACTUAL_POS] --(CONTAINS)--> [EVENT_BEFORE_N/A_ACTUAL_POS],rupture,BEFORE,intervention,CONTAINS,éviter,,,,,,
170,52,FR100620,[EVENT_BEFORE_N/A_ACTUAL_POS] --(BEFORE)--> [EVENT_BEFORE_N/A_ACTUAL_POS] | [EVENT_BEFORE_N/A_ACTUAL_POS] --(CONTAINS)--> [EVENT_BEFORE_N/A_ACTUAL_POS],bronchoscopie,BEFORE,bilan,CONTAINS,TM6M,,,,,,
170,52,FR100629,[EVENT_BEFORE_N/A_ACTUAL_POS] --(BEFORE)--> [EVENT_BEFORE_N/A_ACTUAL_POS] | [EVENT_BEFORE_N/A_ACTUAL_POS] --(CONTAINS)--> [EVENT_BEFORE_N/A_ACTUAL_POS],décision,BEFORE,chimiothérapie,CONTAINS,bithérapie,,,,,,
170,52,FR100632,[EVENT_BEFORE_N/A_ACTUAL_POS] --(BEFORE)--> [EVENT_BEFORE_N/A_ACTUAL_POS] | [EVENT_BEFORE_N/A_ACTUAL_POS] --(CONTAINS)--> [EVENT_BEFORE_N/A_ACTUAL_POS],bilan,BEFORE,enquête,CONTAINS,taux,,,,,,
170,52,FR100658,[EVENT_BEFORE_N/A_ACTUAL_POS] --(BEFORE)--> [EVENT_BEFORE_N/A_ACTUAL_POS] | [EVENT_BEFORE_N/A_ACTUAL_POS] --(CONTAINS)--> [EVENT_BEFORE_N/A_ACTUAL_POS],évaluation,BEFORE,auscultation,CONTAINS,fréquence,,,,,,
170,52,FR100663,[EVENT_BEFORE_N/A_ACTUAL_POS] --(BEFORE)--> [EVENT_BEFORE_N/A_ACTUAL_POS] | [EVENT_BEFORE_N/A_ACTUAL_POS] --(CONTAINS)--> [EVENT_BEFORE_N/A_ACTUAL_POS],décidé,BEFORE,traitement,CONTAINS,reprise,,,,,,
170,52,FR100666,[EVENT_BEFORE_N/A_ACTUAL_POS] --(BEFORE)--> [EVENT_BEFORE_N/A_ACTUAL_POS] | [EVENT_BEFORE_N/A_ACTUAL_POS] --(CONTAINS)--> [EVENT_BEFORE_N/A_ACTUAL_POS],classé,BEFORE,traitement,CONTAINS,polychimiothérapie,,,,,,
170,52,FR100688,[EVENT_BEFORE_N/A_ACTUAL_POS] --(BEFORE)--> [EVENT_BEFORE_N/A_ACTUAL_POS] | [EVENT_BEFORE_N/A_ACTUAL_POS] --(CONTAINS)--> [EVENT_BEFORE_N/A_ACTUAL_POS],analyse,BEFORE,traitement,CONTAINS,phase,,,,,,
170,52,FR100689,[EVENT_BEFORE_N/A_ACTUAL_POS] --(BEFORE)--> [EVENT_BEFORE_N/A_ACTUAL_POS] | [EVENT_BEFORE_N/A_ACTUAL_POS] --(CONTAINS)--> [EVENT_BEFORE_N/A_ACTUAL_POS],scanner,BEFORE,IRM,CONTAINS,injection,,,,,,
170,52,FR100697,[EVENT_BEFORE_N/A_ACTUAL_POS] --(BEFORE)--> [EVENT_BEFORE_N/A_ACTUAL_POS] | [EVENT_BEFORE_N/A_ACTUAL_POS] --(CONTAINS)--> [EVENT_BEFORE_N/A_ACTUAL_POS],tout,BEFORE,bilan,CONTAINS,TDM,,,,,,
170,52,FR100708,[EVENT_BEFORE_N/A_ACTUAL_POS] --(BEFORE)--> [EVENT_BEFORE_N/A_ACTUAL_POS] | [EVENT_BEFORE_N/A_ACTUAL_POS] --(CONTAINS)--> [EVENT_BEFORE_N/A_ACTUAL_POS],échographie,BEFORE,ponction,CONTAINS,ramenant,,,,,,
170,52,FR100717,[EVENT_BEFORE_N/A_ACTUAL_POS] --(BEFORE)--> [EVENT_BEFORE_N/A_ACTUAL_POS] | [EVENT_BEFORE_N/A_ACTUAL_POS] --(CONTAINS)--> [EVENT_BEFORE_N/A_ACTUAL_POS],exploration,BEFORE,suites,CONTAINS,régression,,,,,,
170,52,FR100748,[EVENT_BEFORE_N/A_ACTUAL_POS] --(BEFORE)--> [EVENT_BEFORE_N/A_ACTUAL_POS] | [EVENT_BEFORE_N/A_ACTUAL_POS] --(CONTAINS)--> [EVENT_BEFORE_N/A_ACTUAL_POS],adressée,BEFORE,hospitalisation,CONTAINS,scanner,,,,,,
170,52,FR100766,[EVENT_BEFORE_N/A_ACTUAL_POS] --(BEFORE)--> [EVENT_BEFORE_N/A_ACTUAL_POS] | [EVENT_BEFORE_N/A_ACTUAL_POS] --(CONTAINS)--> [EVENT_BEFORE_N/A_ACTUAL_POS],retenu,BEFORE,bénéficié,CONTAINS,fixation,,,,,,
170,52,FR100780,[EVENT_BEFORE_N/A_ACTUAL_POS] --(BEFORE)--> [EVENT_BEFORE_N/A_ACTUAL_POS] | [EVENT_BEFORE_N/A_ACTUAL_POS] --(CONTAINS)--> [EVENT_BEFORE_N/A_ACTUAL_POS],admise,BEFORE,examen,CONTAINS,tension,,,,,,
170,52,FR100806,[EVENT_BEFORE_N/A_ACTUAL_POS] --(BEFORE)--> [EVENT_BEFORE_N/A_ACTUAL_POS] | [EVENT_BEFORE_N/A_ACTUAL_POS] --(CONTAINS)--> [EVENT_BEFORE_N/A_ACTUAL_POS],tomodensitométrie,BEFORE,prise,CONTAINS,splénectomie,,,,,,
170,52,FR100826,[EVENT_BEFORE_N/A_ACTUAL_POS] --(BEFORE)--> [EVENT_BEFORE_N/A_ACTUAL_POS] | [EVENT_BEFORE_N/A_ACTUAL_POS] --(CONTAINS)--> [EVENT_BEFORE_N/A_ACTUAL_POS],exploration,BEFORE,suites,CONTAINS,sortie,,,,,,
170,52,FR100845,[EVENT_BEFORE_N/A_ACTUAL_POS] --(BEFORE)--> [EVENT_BEFORE_N/A_ACTUAL_POS] | [EVENT_BEFORE_N/A_ACTUAL_POS] --(CONTAINS)--> [EVENT_BEFORE_N/A_ACTUAL_POS],examen,BEFORE,examen,CONTAINS,spéculum,,,,,,
170,52,FR100870,[EVENT_BEFORE_N/A_ACTUAL_POS] --(BEFORE)--> [EVENT_BEFORE_N/A_ACTUAL_POS] | [EVENT_BEFORE_N/A_ACTUAL_POS] --(CONTAINS)--> [EVENT_BEFORE_N/A_ACTUAL_POS],IRM,BEFORE,électrophorèse,CONTAINS,découverte,,,,,,
170,52,FR100874,[EVENT_BEFORE_N/A_ACTUAL_POS] --(BEFORE)--> [EVENT_BEFORE_N/A_ACTUAL_POS] | [EVENT_BEFORE_N/A_ACTUAL_POS] --(CONTAINS)--> [EVENT_BEFORE_N/A_ACTUAL_POS],admission,BEFORE,examen,CONTAINS,reste,,,,,,
170,52,FR100882,[EVENT_BEFORE_N/A_ACTUAL_POS] --(BEFORE)--> [EVENT_BEFORE_N/A_ACTUAL_POS] | [EVENT_BEFORE_N/A_ACTUAL_POS] --(CONTAINS)--> [EVENT_BEFORE_N/A_ACTUAL_POS],sclérothérapie,BEFORE,évolution,CONTAINS,amélioration,,,,,,
170,52,FR100883,[EVENT_BEFORE_N/A_ACTUAL_POS] --(BEFORE)--> [EVENT_BEFORE_N/A_ACTUAL_POS] | [EVENT_BEFORE_N/A_ACTUAL_POS] --(CONTAINS)--> [EVENT_BEFORE_N/A_ACTUAL_POS],bilan,BEFORE,reçu,CONTAINS,cures,,,,,,
170,52,FR100894,[EVENT_BEFORE_N/A_ACTUAL_POS] --(BEFORE)--> [EVENT_BEFORE_N/A_ACTUAL_POS] | [EVENT_BEFORE_N/A_ACTUAL_POS] --(CONTAINS)--> [EVENT_BEFORE_N/A_ACTUAL_POS],pris,BEFORE,incision,CONTAINS,décompression,,,,,,
170,52,FR100903,[EVENT_BEFORE_N/A_ACTUAL_POS] --(BEFORE)--> [EVENT_BEFORE_N/A_ACTUAL_POS] | [EVENT_BEFORE_N/A_ACTUAL_POS] --(CONTAINS)--> [EVENT_BEFORE_N/A_ACTUAL_POS],écarté,BEFORE,contrôles,CONTAINS,biométrie,,,,,,
170,52,FR100946,[EVENT_BEFORE_N/A_ACTUAL_POS] --(BEFORE)--> [EVENT_BEFORE_N/A_ACTUAL_POS] | [EVENT_BEFORE_N/A_ACTUAL_POS] --(CONTAINS)--> [EVENT_BEFORE_N/A_ACTUAL_POS],examen,BEFORE,IRM,CONTAINS,prise,,,,,,
170,52,FR100960,[EVENT_BEFORE_N/A_ACTUAL_POS] --(BEFORE)--> [EVENT_BEFORE_N/A_ACTUAL_POS] | [EVENT_BEFORE_N/A_ACTUAL_POS] --(CONTAINS)--> [EVENT_BEFORE_N/A_ACTUAL_POS],opéré,BEFORE,consulté,CONTAINS,étude,,,,,,
170,52,FR100998,[EVENT_BEFORE_N/A_ACTUAL_POS] --(BEFORE)--> [EVENT_BEFORE_N/A_ACTUAL_POS] | [EVENT_BEFORE_N/A_ACTUAL_POS] --(CONTAINS)--> [EVENT_BEFORE_N/A_ACTUAL_POS],diagnostic,BEFORE,traitée,CONTAINS,développé,,,,,,
76,51,FR100003,[EVENT_BEFORE_N/A_ACTUAL_POS] --(CONTAINS)--> [EVENT_BEFORE_N/A_ACTUAL_POS] | [EVENT_BEFORE_N/A_ACTUAL_POS] --(BEFORE)--> [EVENT_BEFORE_N/A_ACTUAL_POS],ponction,CONTAINS,ramené,[RETOUR],ponction,BEFORE,examen,,,,
76,51,FR100092,[EVENT_BEFORE_N/A_ACTUAL_POS] --(CONTAINS)--> [EVENT_BEFORE_N/A_ACTUAL_POS] | [EVENT_BEFORE_N/A_ACTUAL_POS] --(BEFORE)--> [EVENT_BEFORE_N/A_ACTUAL_POS],examen,CONTAINS,fréquence,[RETOUR],examen,BEFORE,examen,,,,
76,51,FR100130,[EVENT_BEFORE_N/A_ACTUAL_POS] --(CONTAINS)--> [EVENT_BEFORE_N/A_ACTUAL_POS] | [EVENT_BEFORE_N/A_ACTUAL_POS] --(BEFORE)--> [EVENT_BEFORE_N/A_ACTUAL_POS],bilan,CONTAINS,recherchée,[RETOUR],bilan,BEFORE,suspectée,,,,
76,51,FR100132,[EVENT_BEFORE_N/A_ACTUAL_POS] --(CONTAINS)--> [EVENT_BEFORE_N/A_ACTUAL_POS] | [EVENT_BEFORE_N/A_ACTUAL_POS] --(BEFORE)--> [EVENT_BEFORE_N/A_ACTUAL_POS],examen,CONTAINS,angiographie,[RETOUR],examen,BEFORE,écho-Doppler,,,,
76,51,FR100161,[EVENT_BEFORE_N/A_ACTUAL_POS] --(CONTAINS)--> [EVENT_BEFORE_N/A_ACTUAL_POS] | [EVENT_BEFORE_N/A_ACTUAL_POS] --(BEFORE)--> [EVENT_BEFORE_N/A_ACTUAL_POS],examens,CONTAINS,Fibro,[RETOUR],examens,BEFORE,radiographie,,,,
76,51,FR100168,[EVENT_BEFORE_N/A_ACTUAL_POS] --(CONTAINS)--> [EVENT_BEFORE_N/A_ACTUAL_POS] | [EVENT_BEFORE_N/A_ACTUAL_POS] --(BEFORE)--> [EVENT_BEFORE_N/A_ACTUAL_POS],tests,CONTAINS,recherche,[RETOUR],tests,BEFORE,entretien,,,,
76,51,FR100255,[EVENT_BEFORE_N/A_ACTUAL_POS] --(CONTAINS)--> [EVENT_BEFORE_N/A_ACTUAL_POS] | [EVENT_BEFORE_N/A_ACTUAL_POS] --(BEFORE)--> [EVENT_BEFORE_N/A_ACTUAL_POS],échographie,CONTAINS,confirmation,[RETOUR],échographie,BEFORE,mise,,,,
76,51,FR100275,[EVENT_BEFORE_N/A_ACTUAL_POS] --(CONTAINS)--> [EVENT_BEFORE_N/A_ACTUAL_POS] | [EVENT_BEFORE_N/A_ACTUAL_POS] --(BEFORE)--> [EVENT_BEFORE_N/A_ACTUAL_POS],bilan,CONTAINS,électrocardiogramme,[RETOUR],bilan,BEFORE,bilan,,,,
76,51,FR100276,[EVENT_BEFORE_N/A_ACTUAL_POS] --(CONTAINS)--> [EVENT_BEFORE_N/A_ACTUAL_POS] | [EVENT_BEFORE_N/A_ACTUAL_POS] --(BEFORE)--> [EVENT_BEFORE_N/A_ACTUAL_POS],bilan,CONTAINS,bilan,[RETOUR],bilan,BEFORE,régression,,,,
76,51,FR100283,[EVENT_BEFORE_N/A_ACTUAL_POS] --(CONTAINS)--> [EVENT_BEFORE_N/A_ACTUAL_POS] | [EVENT_BEFORE_N/A_ACTUAL_POS] --(BEFORE)--> [EVENT_BEFORE_N/A_ACTUAL_POS],traitement,CONTAINS,opothérapie,[RETOUR],traitement,BEFORE,évolution,,,,
76,51,FR100296,[EVENT_BEFORE_N/A_ACTUAL_POS] --(CONTAINS)--> [EVENT_BEFORE_N/A_ACTUAL_POS] | [EVENT_BEFORE_N/A_ACTUAL_POS] --(BEFORE)--> [EVENT_BEFORE_N/A_ACTUAL_POS],fenestration,CONTAINS,geste,[RETOUR],fenestration,BEFORE,suites,,,,
76,51,FR100344,[EVENT_BEFORE_N/A_ACTUAL_POS] --(CONTAINS)--> [EVENT_BEFORE_N/A_ACTUAL_POS] | [EVENT_BEFORE_N/A_ACTUAL_POS] --(BEFORE)--> [EVENT_BEFORE_N/A_ACTUAL_POS],bilan,CONTAINS,échographie,[RETOUR],bilan,BEFORE,contrôle,,,,
76,51,FR100346,[EVENT_BEFORE_N/A_ACTUAL_POS] --(CONTAINS)--> [EVENT_BEFORE_N/A_ACTUAL_POS] | [EVENT_BEFORE_N/A_ACTUAL_POS] --(BEFORE)--> [EVENT_BEFORE_N/A_ACTUAL_POS],examen,CONTAINS,reste,[RETOUR],examen,BEFORE,gazométrie,,,,
76,51,FR100360,[EVENT_BEFORE_N/A_ACTUAL_POS] --(CONTAINS)--> [EVENT_BEFORE_N/A_ACTUAL_POS] | [EVENT_BEFORE_N/A_ACTUAL_POS] --(BEFORE)--> [EVENT_BEFORE_N/A_ACTUAL_POS],colpohystérectomie,CONTAINS,annexectomie,[RETOUR],colpohystérectomie,BEFORE,examen,,,,
76,51,FR100361,[EVENT_BEFORE_N/A_ACTUAL_POS] --(CONTAINS)--> [EVENT_BEFORE_N/A_ACTUAL_POS] | [EVENT_BEFORE_N/A_ACTUAL_POS] --(BEFORE)--> [EVENT_BEFORE_N/A_ACTUAL_POS],prolactinémie,CONTAINS,passée,[RETOUR],prolactinémie,BEFORE,améliorée,,,,
76,51,FR100371,[EVENT_BEFORE_N/A_ACTUAL_POS] --(CONTAINS)--> [EVENT_BEFORE_N/A_ACTUAL_POS] | [EVENT_BEFORE_N/A_ACTUAL_POS] --(BEFORE)--> [EVENT_BEFORE_N/A_ACTUAL_POS],bilan,CONTAINS,bilan,[RETOUR],bilan,BEFORE,bilan,,,,
76,51,FR100400,[EVENT_BEFORE_N/A_ACTUAL_POS] --(CONTAINS)--> [EVENT_BEFORE_N/A_ACTUAL_POS] | [EVENT_BEFORE_N/A_ACTUAL_POS] --(BEFORE)--> [EVENT_BEFORE_N/A_ACTUAL_POS],histoire,CONTAINS,douleurs,[RETOUR],histoire,BEFORE,admise,,,,
76,51,FR100448,[EVENT_BEFORE_N/A_ACTUAL_POS] --(CONTAINS)--> [EVENT_BEFORE_N/A_ACTUAL_POS] | [EVENT_BEFORE_N/A_ACTUAL_POS] --(BEFORE)--> [EVENT_BEFORE_N/A_ACTUAL_POS],examen,CONTAINS,reste,[RETOUR],examen,BEFORE,échotomographie,,,,
76,51,FR100515,[EVENT_BEFORE_N/A_ACTUAL_POS] --(CONTAINS)--> [EVENT_BEFORE_N/A_ACTUAL_POS] | [EVENT_BEFORE_N/A_ACTUAL_POS] --(BEFORE)--> [EVENT_BEFORE_N/A_ACTUAL_POS],bilan,CONTAINS,fibroscopie,[RETOUR],bilan,BEFORE,bilan,,,,
76,51,FR100517,[EVENT_BEFORE_N/A_ACTUAL_POS] --(CONTAINS)--> [EVENT_BEFORE_N/A_ACTUAL_POS] | [EVENT_BEFORE_N/A_ACTUAL_POS] --(BEFORE)--> [EVENT_BEFORE_N/A_ACTUAL_POS],bilan,CONTAINS,coloscopie,[RETOUR],bilan,BEFORE,mise,,,,
76,51,FR100519,[EVENT_BEFORE_N/A_ACTUAL_POS] --(CONTAINS)--> [EVENT_BEFORE_N/A_ACTUAL_POS] | [EVENT_BEFORE_N/A_ACTUAL_POS] --(BEFORE)--> [EVENT_BEFORE_N/A_ACTUAL_POS],bilan,CONTAINS,radiographie,[RETOUR],bilan,BEFORE,angioscanner,,,,
76,51,FR100589,[EVENT_BEFORE_N/A_ACTUAL_POS] --(CONTAINS)--> [EVENT_BEFORE_N/A_ACTUAL_POS] | [EVENT_BEFORE_N/A_ACTUAL_POS] --(BEFORE)--> [EVENT_BEFORE_N/A_ACTUAL_POS],lavage,CONTAINS,recherche,[RETOUR],lavage,BEFORE,biopsies,,,,
76,51,FR100597,[EVENT_BEFORE_N/A_ACTUAL_POS] --(CONTAINS)--> [EVENT_BEFORE_N/A_ACTUAL_POS] | [EVENT_BEFORE_N/A_ACTUAL_POS] --(BEFORE)--> [EVENT_BEFORE_N/A_ACTUAL_POS],laparotomie,CONTAINS,exploration,[RETOUR],laparotomie,BEFORE,hystérectomie,,,,
76,51,FR100603,[EVENT_BEFORE_N/A_ACTUAL_POS] --(CONTAINS)--> [EVENT_BEFORE_N/A_ACTUAL_POS] | [EVENT_BEFORE_N/A_ACTUAL_POS] --(BEFORE)--> [EVENT_BEFORE_N/A_ACTUAL_POS],chirurgie,CONTAINS,remplacée,[RETOUR],chirurgie,BEFORE,hémocultures,,,,
76,51,FR100611,[EVENT_BEFORE_N/A_ACTUAL_POS] --(CONTAINS)--> [EVENT_BEFORE_N/A_ACTUAL_POS] | [EVENT_BEFORE_N/A_ACTUAL_POS] --(BEFORE)--> [EVENT_BEFORE_N/A_ACTUAL_POS],TDM,CONTAINS,image,[RETOUR],TDM,BEFORE,biopsie,,,,
76,51,FR100614,[EVENT_BEFORE_N/A_ACTUAL_POS] --(CONTAINS)--> [EVENT_BEFORE_N/A_ACTUAL_POS] | [EVENT_BEFORE_N/A_ACTUAL_POS] --(BEFORE)--> [EVENT_BEFORE_N/A_ACTUAL_POS],intervention,CONTAINS,éviter,[RETOUR],intervention,BEFORE,résection,,,,
76,51,FR100620,[EVENT_BEFORE_N/A_ACTUAL_POS] --(CONTAINS)--> [EVENT_BEFORE_N/A_ACTUAL_POS] | [EVENT_BEFORE_N/A_ACTUAL_POS] --(BEFORE)--> [EVENT_BEFORE_N/A_ACTUAL_POS],bronchoscopie,CONTAINS,lavage,[RETOUR],bronchoscopie,BEFORE,bilan,,,,
76,51,FR100629,[EVENT_BEFORE_N/A_ACTUAL_POS] --(CONTAINS)--> [EVENT_BEFORE_N/A_ACTUAL_POS] | [EVENT_BEFORE_N/A_ACTUAL_POS] --(BEFORE)--> [EVENT_BEFORE_N/A_ACTUAL_POS],examen,CONTAINS,examen,[RETOUR],examen,BEFORE,radiographie,,,,
76,51,FR100632,[EVENT_BEFORE_N/A_ACTUAL_POS] --(CONTAINS)--> [EVENT_BEFORE_N/A_ACTUAL_POS] | [EVENT_BEFORE_N/A_ACTUAL_POS] --(BEFORE)--> [EVENT_BEFORE_N/A_ACTUAL_POS],examen,CONTAINS,constantes,[RETOUR],examen,BEFORE,examen,,,,
76,51,FR100658,[EVENT_BEFORE_N/A_ACTUAL_POS] --(CONTAINS)--> [EVENT_BEFORE_N/A_ACTUAL_POS] | [EVENT_BEFORE_N/A_ACTUAL_POS] --(BEFORE)--> [EVENT_BEFORE_N/A_ACTUAL_POS],évaluation,CONTAINS,examen,[RETOUR],évaluation,BEFORE,auscultation,,,,
76,51,FR100663,[EVENT_BEFORE_N/A_ACTUAL_POS] --(CONTAINS)--> [EVENT_BEFORE_N/A_ACTUAL_POS] | [EVENT_BEFORE_N/A_ACTUAL_POS] --(BEFORE)--> [EVENT_BEFORE_N/A_ACTUAL_POS],traitement,CONTAINS,ouverture,[RETOUR],traitement,BEFORE,exploration,,,,
76,51,FR100666,[EVENT_BEFORE_N/A_ACTUAL_POS] --(CONTAINS)--> [EVENT_BEFORE_N/A_ACTUAL_POS] | [EVENT_BEFORE_N/A_ACTUAL_POS] --(BEFORE)--> [EVENT_BEFORE_N/A_ACTUAL_POS],polychimiothérapie,CONTAINS,COP,[RETOUR],polychimiothérapie,BEFORE,COPADEM,,,,
76,51,FR100688,[EVENT_BEFORE_N/A_ACTUAL_POS] --(CONTAINS)--> [EVENT_BEFORE_N/A_ACTUAL_POS] | [EVENT_BEFORE_N/A_ACTUAL_POS] --(BEFORE)--> [EVENT_BEFORE_N/A_ACTUAL_POS],traitement,CONTAINS,phase,[RETOUR],traitement,BEFORE,évolution,,,,
76,51,FR100689,[EVENT_BEFORE_N/A_ACTUAL_POS] --(CONTAINS)--> [EVENT_BEFORE_N/A_ACTUAL_POS] | [EVENT_BEFORE_N/A_ACTUAL_POS] --(BEFORE)--> [EVENT_BEFORE_N/A_ACTUAL_POS],IRM,CONTAINS,injection,[RETOUR],IRM,BEFORE,étude,,,,
76,51,FR100697,[EVENT_BEFORE_N/A_ACTUAL_POS] --(CONTAINS)--> [EVENT_BEFORE_N/A_ACTUAL_POS] | [EVENT_BEFORE_N/A_ACTUAL_POS] --(BEFORE)--> [EVENT_BEFORE_N/A_ACTUAL_POS],bilan,CONTAINS,TDM,[RETOUR],bilan,BEFORE,test,,,,
76,51,FR100708,[EVENT_BEFORE_N/A_ACTUAL_POS] --(CONTAINS)--> [EVENT_BEFORE_N/A_ACTUAL_POS] | [EVENT_BEFORE_N/A_ACTUAL_POS] --(BEFORE)--> [EVENT_BEFORE_N/A_ACTUAL_POS],ponction,CONTAINS,ramenant,[RETOUR],ponction,BEFORE,étude,,,,
76,51,FR100748,[EVENT_BEFORE_N/A_ACTUAL_POS] --(CONTAINS)--> [EVENT_BEFORE_N/A_ACTUAL_POS] | [EVENT_BEFORE_N/A_ACTUAL_POS] --(BEFORE)--> [EVENT_BEFORE_N/A_ACTUAL_POS],préparation,CONTAINS,laxatifs,[RETOUR],préparation,BEFORE,salle,,,,
76,51,FR100766,[EVENT_BEFORE_N/A_ACTUAL_POS] --(CONTAINS)--> [EVENT_BEFORE_N/A_ACTUAL_POS] | [EVENT_BEFORE_N/A_ACTUAL_POS] --(BEFORE)--> [EVENT_BEFORE_N/A_ACTUAL_POS],amputation,CONTAINS,confection,[RETOUR],amputation,BEFORE,état,,,,
76,51,FR100780,[EVENT_BEFORE_N/A_ACTUAL_POS] --(CONTAINS)--> [EVENT_BEFORE_N/A_ACTUAL_POS] | [EVENT_BEFORE_N/A_ACTUAL_POS] --(BEFORE)--> [EVENT_BEFORE_N/A_ACTUAL_POS],examen,CONTAINS,tension,[RETOUR],examen,BEFORE,toucher,,,,
76,51,FR100806,[EVENT_BEFORE_N/A_ACTUAL_POS] --(CONTAINS)--> [EVENT_BEFORE_N/A_ACTUAL_POS] | [EVENT_BEFORE_N/A_ACTUAL_POS] --(BEFORE)--> [EVENT_BEFORE_N/A_ACTUAL_POS],prise,CONTAINS,splénectomie,[RETOUR],prise,BEFORE,examen,,,,
76,51,FR100814,[EVENT_BEFORE_N/A_ACTUAL_POS] --(CONTAINS)--> [EVENT_BEFORE_N/A_ACTUAL_POS] | [EVENT_BEFORE_N/A_ACTUAL_POS] --(BEFORE)--> [EVENT_BEFORE_N/A_ACTUAL_POS],IRM,CONTAINS,hypersignal,[RETOUR],IRM,BEFORE,diagnostic,,,,
76,51,FR100826,[EVENT_BEFORE_N/A_ACTUAL_POS] --(CONTAINS)--> [EVENT_BEFORE_N/A_ACTUAL_POS] | [EVENT_BEFORE_N/A_ACTUAL_POS] --(BEFORE)--> [EVENT_BEFORE_N/A_ACTUAL_POS],bilan,CONTAINS,tomodensitométrie,[RETOUR],bilan,BEFORE,bilan,,,,
76,51,FR100845,[EVENT_BEFORE_N/A_ACTUAL_POS] --(CONTAINS)--> [EVENT_BEFORE_N/A_ACTUAL_POS] | [EVENT_BEFORE_N/A_ACTUAL_POS] --(BEFORE)--> [EVENT_BEFORE_N/A_ACTUAL_POS],examen,CONTAINS,spéculum,[RETOUR],examen,BEFORE,échographie,,,,
76,51,FR100849,[EVENT_BEFORE_N/A_ACTUAL_POS] --(CONTAINS)--> [EVENT_BEFORE_N/A_ACTUAL_POS] | [EVENT_BEFORE_N/A_ACTUAL_POS] --(BEFORE)--> [EVENT_BEFORE_N/A_ACTUAL_POS],admission,CONTAINS,examen,[RETOUR],admission,BEFORE,tomodensitométrie,,,,
76,51,FR100870,[EVENT_BEFORE_N/A_ACTUAL_POS] --(CONTAINS)--> [EVENT_BEFORE_N/A_ACTUAL_POS] | [EVENT_BEFORE_N/A_ACTUAL_POS] --(BEFORE)--> [EVENT_BEFORE_N/A_ACTUAL_POS],électrophorèse,CONTAINS,découverte,[RETOUR],électrophorèse,BEFORE,immunosoustraction,,,,
76,51,FR100874,[EVENT_BEFORE_N/A_ACTUAL_POS] --(CONTAINS)--> [EVENT_BEFORE_N/A_ACTUAL_POS] | [EVENT_BEFORE_N/A_ACTUAL_POS] --(BEFORE)--> [EVENT_BEFORE_N/A_ACTUAL_POS],examen,CONTAINS,reste,[RETOUR],examen,BEFORE,hémogramme,,,,
76,51,FR100903,[EVENT_BEFORE_N/A_ACTUAL_POS] --(CONTAINS)--> [EVENT_BEFORE_N/A_ACTUAL_POS] | [EVENT_BEFORE_N/A_ACTUAL_POS] --(BEFORE)--> [EVENT_BEFORE_N/A_ACTUAL_POS],contrôles,CONTAINS,biométrie,[RETOUR],contrôles,BEFORE,accouchement,,,,
76,51,FR100919,[EVENT_BEFORE_N/A_ACTUAL_POS] --(CONTAINS)--> [EVENT_BEFORE_N/A_ACTUAL_POS] | [EVENT_BEFORE_N/A_ACTUAL_POS] --(BEFORE)--> [EVENT_BEFORE_N/A_ACTUAL_POS],correction,CONTAINS,injection,[RETOUR],correction,BEFORE,normalisation,,,,
76,51,FR100946,[EVENT_BEFORE_N/A_ACTUAL_POS] --(CONTAINS)--> [EVENT_BEFORE_N/A_ACTUAL_POS] | [EVENT_BEFORE_N/A_ACTUAL_POS] --(BEFORE)--> [EVENT_BEFORE_N/A_ACTUAL_POS],IRM,CONTAINS,prise,[RETOUR],IRM,BEFORE,analyse,,,,
76,51,FR100959,[EVENT_BEFORE_N/A_ACTUAL_POS] --(CONTAINS)--> [EVENT_BEFORE_N/A_ACTUAL_POS] | [EVENT_BEFORE_N/A_ACTUAL_POS] --(BEFORE)--> [EVENT_BEFORE_N/A_ACTUAL_POS],œsophagoscopie,CONTAINS,extraction,[RETOUR],œsophagoscopie,BEFORE,Transit,,,,
76,51,FR100998,[EVENT_BEFORE_N/A_ACTUAL_POS] --(CONTAINS)--> [EVENT_BEFORE_N/A_ACTUAL_POS] | [EVENT_BEFORE_N/A_ACTUAL_POS] --(BEFORE)--> [EVENT_BEFORE_N/A_ACTUAL_POS],traitée,CONTAINS,développé,[RETOUR],traitée,BEFORE,bilan,,,,
173,50,FR100003,[EVENT_BEFORE_N/A_ACTUAL_POS] --(BEFORE)--> [EVENT_BEFORE_N/A_ACTUAL_POS] | [EVENT_BEFORE_N/A_ACTUAL_POS] --(BEFORE)--> [EVENT_BEFORE_N/A_ACTUAL_POS],drainage,BEFORE,traitement,[RETOUR],drainage,BEFORE,extraction,,,,
173,50,FR100120,[EVENT_BEFORE_N/A_ACTUAL_POS] --(BEFORE)--> [EVENT_BEFORE_N/A_ACTUAL_POS] | [EVENT_BEFORE_N/A_ACTUAL_POS] --(BEFORE)--> [EVENT_BEFORE_N/A_ACTUAL_POS],traitement,BEFORE,sailli,[RETOUR],traitement,BEFORE,retirées,,,,
173,50,FR100130,[EVENT_BEFORE_N/A_ACTUAL_POS] --(BEFORE)--> [EVENT_BEFORE_N/A_ACTUAL_POS] | [EVENT_BEFORE_N/A_ACTUAL_POS] --(BEFORE)--> [EVENT_BEFORE_N/A_ACTUAL_POS],glycémie,BEFORE,bilan,[RETOUR],glycémie,BEFORE,confirmé,,,,
173,50,FR100142,[EVENT_BEFORE_N/A_ACTUAL_POS] --(BEFORE)--> [EVENT_BEFORE_N/A_ACTUAL_POS] | [EVENT_BEFORE_N/A_ACTUAL_POS] --(BEFORE)--> [EVENT_BEFORE_N/A_ACTUAL_POS],fibroscopie,BEFORE,biopsie,[RETOUR],fibroscopie,BEFORE,colonoscopie,,,,
173,50,FR100161,[EVENT_BEFORE_N/A_ACTUAL_POS] --(BEFORE)--> [EVENT_BEFORE_N/A_ACTUAL_POS] | [EVENT_BEFORE_N/A_ACTUAL_POS] --(BEFORE)--> [EVENT_BEFORE_N/A_ACTUAL_POS],cortisol,BEFORE,exérèse,[RETOUR],cortisol,BEFORE,cortisol,,,,
173,50,FR100168,[EVENT_BEFORE_N/A_ACTUAL_POS] --(BEFORE)--> [EVENT_BEFORE_N/A_ACTUAL_POS] | [EVENT_BEFORE_N/A_ACTUAL_POS] --(BEFORE)--> [EVENT_BEFORE_N/A_ACTUAL_POS],examen,BEFORE,bilan,[RETOUR],examen,BEFORE,ostéosynthèse,,,,
173,50,FR100255,[EVENT_BEFORE_N/A_ACTUAL_POS] --(BEFORE)--> [EVENT_BEFORE_N/A_ACTUAL_POS] | [EVENT_BEFORE_N/A_ACTUAL_POS] --(BEFORE)--> [EVENT_BEFORE_N/A_ACTUAL_POS],mise,BEFORE,décubitus,[RETOUR],mise,BEFORE,réveillée,,,,
173,50,FR100276,[EVENT_BEFORE_N/A_ACTUAL_POS] --(BEFORE)--> [EVENT_BEFORE_N/A_ACTUAL_POS] | [EVENT_BEFORE_N/A_ACTUAL_POS] --(BEFORE)--> [EVENT_BEFORE_N/A_ACTUAL_POS],accouchement,BEFORE,poids,[RETOUR],accouchement,BEFORE,reste,,,,
173,50,FR100282,[EVENT_BEFORE_N/A_ACTUAL_POS] --(BEFORE)--> [EVENT_BEFORE_N/A_ACTUAL_POS] | [EVENT_BEFORE_N/A_ACTUAL_POS] --(BEFORE)--> [EVENT_BEFORE_N/A_ACTUAL_POS],monothérapie,BEFORE,consulte,[RETOUR],monothérapie,BEFORE,multithérapie,,,,
173,50,FR100283,[EVENT_BEFORE_N/A_ACTUAL_POS] --(BEFORE)--> [EVENT_BEFORE_N/A_ACTUAL_POS] | [EVENT_BEFORE_N/A_ACTUAL_POS] --(BEFORE)--> [EVENT_BEFORE_N/A_ACTUAL_POS],bilan,BEFORE,IRM,[RETOUR],bilan,BEFORE,ponction,,,,
173,50,FR100344,[EVENT_BEFORE_N/A_ACTUAL_POS] --(BEFORE)--> [EVENT_BEFORE_N/A_ACTUAL_POS] | [EVENT_BEFORE_N/A_ACTUAL_POS] --(BEFORE)--> [EVENT_BEFORE_N/A_ACTUAL_POS],développé,BEFORE,suivie,[RETOUR],développé,BEFORE,contrôle,,,,
173,50,FR100360,[EVENT_BEFORE_N/A_ACTUAL_POS] --(BEFORE)--> [EVENT_BEFORE_N/A_ACTUAL_POS] | [EVENT_BEFORE_N/A_ACTUAL_POS] --(BEFORE)--> [EVENT_BEFORE_N/A_ACTUAL_POS],biopsie,BEFORE,étude,[RETOUR],biopsie,BEFORE,tomodensitométrie,,,,
173,50,FR100371,[EVENT_BEFORE_N/A_ACTUAL_POS] --(BEFORE)--> [EVENT_BEFORE_N/A_ACTUAL_POS] | [EVENT_BEFORE_N/A_ACTUAL_POS] --(BEFORE)--> [EVENT_BEFORE_N/A_ACTUAL_POS],incision,BEFORE,suite,[RETOUR],incision,BEFORE,envoyée,,,,
173,50,FR100400,[EVENT_BEFORE_N/A_ACTUAL_POS] --(BEFORE)--> [EVENT_BEFORE_N/A_ACTUAL_POS] | [EVENT_BEFORE_N/A_ACTUAL_POS] --(BEFORE)--> [EVENT_BEFORE_N/A_ACTUAL_POS],bilan,BEFORE,Radiographie,[RETOUR],bilan,BEFORE,sérologie,,,,
173,50,FR100439,[EVENT_BEFORE_N/A_ACTUAL_POS] --(BEFORE)--> [EVENT_BEFORE_N/A_ACTUAL_POS] | [EVENT_BEFORE_N/A_ACTUAL_POS] --(BEFORE)--> [EVENT_BEFORE_N/A_ACTUAL_POS],analyse,BEFORE,exploration,[RETOUR],analyse,BEFORE,demandée,,,,
173,50,FR100480,[EVENT_BEFORE_N/A_ACTUAL_POS] --(BEFORE)--> [EVENT_BEFORE_N/A_ACTUAL_POS] | [EVENT_BEFORE_N/A_ACTUAL_POS] --(BEFORE)--> [EVENT_BEFORE_N/A_ACTUAL_POS],bilan,BEFORE,biopsie,[RETOUR],bilan,BEFORE,analyse,,,,
173,50,FR100510,[EVENT_BEFORE_N/A_ACTUAL_POS] --(BEFORE)--> [EVENT_BEFORE_N/A_ACTUAL_POS] | [EVENT_BEFORE_N/A_ACTUAL_POS] --(BEFORE)--> [EVENT_BEFORE_N/A_ACTUAL_POS],décision,BEFORE,intervention,[RETOUR],décision,BEFORE,exerce,,,,
173,50,FR100515,[EVENT_BEFORE_N/A_ACTUAL_POS] --(BEFORE)--> [EVENT_BEFORE_N/A_ACTUAL_POS] | [EVENT_BEFORE_N/A_ACTUAL_POS] --(BEFORE)--> [EVENT_BEFORE_N/A_ACTUAL_POS],prescrits,BEFORE,évolution,[RETOUR],prescrits,BEFORE,corticothérapie,,,,
173,50,FR100519,[EVENT_BEFORE_N/A_ACTUAL_POS] --(BEFORE)--> [EVENT_BEFORE_N/A_ACTUAL_POS] | [EVENT_BEFORE_N/A_ACTUAL_POS] --(BEFORE)--> [EVENT_BEFORE_N/A_ACTUAL_POS],hospitalisée,BEFORE,entrée,[RETOUR],hospitalisée,BEFORE,transférée,,,,
173,50,FR100579,[EVENT_BEFORE_N/A_ACTUAL_POS] --(BEFORE)--> [EVENT_BEFORE_N/A_ACTUAL_POS] | [EVENT_BEFORE_N/A_ACTUAL_POS] --(BEFORE)--> [EVENT_BEFORE_N/A_ACTUAL_POS],bilan,BEFORE,recherche,[RETOUR],bilan,BEFORE,étude,,,,
173,50,FR100589,[EVENT_BEFORE_N/A_ACTUAL_POS] --(BEFORE)--> [EVENT_BEFORE_N/A_ACTUAL_POS] | [EVENT_BEFORE_N/A_ACTUAL_POS] --(BEFORE)--> [EVENT_BEFORE_N/A_ACTUAL_POS],admis,BEFORE,reste,[RETOUR],admis,BEFORE,examen,,,,
173,50,FR100597,[EVENT_BEFORE_N/A_ACTUAL_POS] --(BEFORE)--> [EVENT_BEFORE_N/A_ACTUAL_POS] | [EVENT_BEFORE_N/A_ACTUAL_POS] --(BEFORE)--> [EVENT_BEFORE_N/A_ACTUAL_POS],échographie,BEFORE,étayer,[RETOUR],échographie,BEFORE,complété,,,,
173,50,FR100611,[EVENT_BEFORE_N/A_ACTUAL_POS] --(BEFORE)--> [EVENT_BEFORE_N/A_ACTUAL_POS] | [EVENT_BEFORE_N/A_ACTUAL_POS] --(BEFORE)--> [EVENT_BEFORE_N/A_ACTUAL_POS],instauré,BEFORE,disparition,[RETOUR],instauré,BEFORE,effacement,,,,
173,50,FR100614,[EVENT_BEFORE_N/A_ACTUAL_POS] --(BEFORE)--> [EVENT_BEFORE_N/A_ACTUAL_POS] | [EVENT_BEFORE_N/A_ACTUAL_POS] --(BEFORE)--> [EVENT_BEFORE_N/A_ACTUAL_POS],radiographie,BEFORE,échographie,[RETOUR],radiographie,BEFORE,taux,,,,
173,50,FR100620,[EVENT_BEFORE_N/A_ACTUAL_POS] --(BEFORE)--> [EVENT_BEFORE_N/A_ACTUAL_POS] | [EVENT_BEFORE_N/A_ACTUAL_POS] --(BEFORE)--> [EVENT_BEFORE_N/A_ACTUAL_POS],demandé,BEFORE,explorer,[RETOUR],demandé,BEFORE,aspect,,,,
173,50,FR100623,[EVENT_BEFORE_N/A_ACTUAL_POS] --(BEFORE)--> [EVENT_BEFORE_N/A_ACTUAL_POS] | [EVENT_BEFORE_N/A_ACTUAL_POS] --(BEFORE)--> [EVENT_BEFORE_N/A_ACTUAL_POS],examen,BEFORE,bilan,[RETOUR],examen,BEFORE,échographie,,,,
173,50,FR100629,[EVENT_BEFORE_N/A_ACTUAL_POS] --(BEFORE)--> [EVENT_BEFORE_N/A_ACTUAL_POS] | [EVENT_BEFORE_N/A_ACTUAL_POS] --(BEFORE)--> [EVENT_BEFORE_N/A_ACTUAL_POS],marquage,BEFORE,étude,[RETOUR],marquage,BEFORE,bilan,,,,
173,50,FR100632,[EVENT_BEFORE_N/A_ACTUAL_POS] --(BEFORE)--> [EVENT_BEFORE_N/A_ACTUAL_POS] | [EVENT_BEFORE_N/A_ACTUAL_POS] --(BEFORE)--> [EVENT_BEFORE_N/A_ACTUAL_POS],examen,BEFORE,sérologie,[RETOUR],examen,BEFORE,bilan,,,,
173,50,FR100663,[EVENT_BEFORE_N/A_ACTUAL_POS] --(BEFORE)--> [EVENT_BEFORE_N/A_ACTUAL_POS] | [EVENT_BEFORE_N/A_ACTUAL_POS] --(BEFORE)--> [EVENT_BEFORE_N/A_ACTUAL_POS],décidé,BEFORE,ligature,[RETOUR],décidé,BEFORE,traitement,,,,
173,50,FR100666,[EVENT_BEFORE_N/A_ACTUAL_POS] --(BEFORE)--> [EVENT_BEFORE_N/A_ACTUAL_POS] | [EVENT_BEFORE_N/A_ACTUAL_POS] --(BEFORE)--> [EVENT_BEFORE_N/A_ACTUAL_POS],biopsie,BEFORE,étude,[RETOUR],biopsie,BEFORE,examen,,,,
173,50,FR100683,[EVENT_BEFORE_N/A_ACTUAL_POS] --(BEFORE)--> [EVENT_BEFORE_N/A_ACTUAL_POS] | [EVENT_BEFORE_N/A_ACTUAL_POS] --(BEFORE)--> [EVENT_BEFORE_N/A_ACTUAL_POS],osteodensitométrie,BEFORE,traitée,[RETOUR],osteodensitométrie,BEFORE,IRM,,,,
173,50,FR100688,[EVENT_BEFORE_N/A_ACTUAL_POS] --(BEFORE)--> [EVENT_BEFORE_N/A_ACTUAL_POS] | [EVENT_BEFORE_N/A_ACTUAL_POS] --(BEFORE)--> [EVENT_BEFORE_N/A_ACTUAL_POS],sérologie,BEFORE,intradermoréaction,[RETOUR],sérologie,BEFORE,radiographie,,,,
173,50,FR100689,[EVENT_BEFORE_N/A_ACTUAL_POS] --(BEFORE)--> [EVENT_BEFORE_N/A_ACTUAL_POS] | [EVENT_BEFORE_N/A_ACTUAL_POS] --(BEFORE)--> [EVENT_BEFORE_N/A_ACTUAL_POS],demandé,BEFORE,avis,[RETOUR],demandé,BEFORE,examen,,,,
173,50,FR100697,[EVENT_BEFORE_N/A_ACTUAL_POS] --(BEFORE)--> [EVENT_BEFORE_N/A_ACTUAL_POS] | [EVENT_BEFORE_N/A_ACTUAL_POS] --(BEFORE)--> [EVENT_BEFORE_N/A_ACTUAL_POS],examen,BEFORE,mammographie,[RETOUR],examen,BEFORE,reste,,,,
173,50,FR100708,[EVENT_BEFORE_N/A_ACTUAL_POS] --(BEFORE)--> [EVENT_BEFORE_N/A_ACTUAL_POS] | [EVENT_BEFORE_N/A_ACTUAL_POS] --(BEFORE)--> [EVENT_BEFORE_N/A_ACTUAL_POS],demandée,BEFORE,IRM,[RETOUR],demandée,BEFORE,tests,,,,
173,50,FR100748,[EVENT_BEFORE_N/A_ACTUAL_POS] --(BEFORE)--> [EVENT_BEFORE_N/A_ACTUAL_POS] | [EVENT_BEFORE_N/A_ACTUAL_POS] --(BEFORE)--> [EVENT_BEFORE_N/A_ACTUAL_POS],mobilisation,BEFORE,résection,[RETOUR],mobilisation,BEFORE,suites,,,,
173,50,FR100766,[EVENT_BEFORE_N/A_ACTUAL_POS] --(BEFORE)--> [EVENT_BEFORE_N/A_ACTUAL_POS] | [EVENT_BEFORE_N/A_ACTUAL_POS] --(BEFORE)--> [EVENT_BEFORE_N/A_ACTUAL_POS],amputation,BEFORE,état,[RETOUR],amputation,BEFORE,décision,,,,
173,50,FR100780,[EVENT_BEFORE_N/A_ACTUAL_POS] --(BEFORE)--> [EVENT_BEFORE_N/A_ACTUAL_POS] | [EVENT_BEFORE_N/A_ACTUAL_POS] --(BEFORE)--> [EVENT_BEFORE_N/A_ACTUAL_POS],geste,BEFORE,accouchement,[RETOUR],geste,BEFORE,gestes,,,,
173,50,FR100806,[EVENT_BEFORE_N/A_ACTUAL_POS] --(BEFORE)--> [EVENT_BEFORE_N/A_ACTUAL_POS] | [EVENT_BEFORE_N/A_ACTUAL_POS] --(BEFORE)--> [EVENT_BEFORE_N/A_ACTUAL_POS],hospitalisée,BEFORE,transfusion,[RETOUR],hospitalisée,BEFORE,hémodialyse,,,,
173,50,FR100826,[EVENT_BEFORE_N/A_ACTUAL_POS] --(BEFORE)--> [EVENT_BEFORE_N/A_ACTUAL_POS] | [EVENT_BEFORE_N/A_ACTUAL_POS] --(BEFORE)--> [EVENT_BEFORE_N/A_ACTUAL_POS],admis,BEFORE,transplantation,[RETOUR],admis,BEFORE,don,,,,
173,50,FR100845,[EVENT_BEFORE_N/A_ACTUAL_POS] --(BEFORE)--> [EVENT_BEFORE_N/A_ACTUAL_POS] | [EVENT_BEFORE_N/A_ACTUAL_POS] --(BEFORE)--> [EVENT_BEFORE_N/A_ACTUAL_POS],extraction,BEFORE,Apgar,[RETOUR],extraction,BEFORE,examen,,,,
173,50,FR100870,[EVENT_BEFORE_N/A_ACTUAL_POS] --(BEFORE)--> [EVENT_BEFORE_N/A_ACTUAL_POS] | [EVENT_BEFORE_N/A_ACTUAL_POS] --(BEFORE)--> [EVENT_BEFORE_N/A_ACTUAL_POS],immunosoustraction,BEFORE,immunofixation,[RETOUR],immunosoustraction,BEFORE,typer,,,,
173,50,FR100882,[EVENT_BEFORE_N/A_ACTUAL_POS] --(BEFORE)--> [EVENT_BEFORE_N/A_ACTUAL_POS] | [EVENT_BEFORE_N/A_ACTUAL_POS] --(BEFORE)--> [EVENT_BEFORE_N/A_ACTUAL_POS],laminectomie,BEFORE,Imagerie,[RETOUR],laminectomie,BEFORE,suites,,,,
173,50,FR100883,[EVENT_BEFORE_N/A_ACTUAL_POS] --(BEFORE)--> [EVENT_BEFORE_N/A_ACTUAL_POS] | [EVENT_BEFORE_N/A_ACTUAL_POS] --(BEFORE)--> [EVENT_BEFORE_N/A_ACTUAL_POS],bilan,BEFORE,sérologie,[RETOUR],bilan,BEFORE,reçu,,,,
173,50,FR100894,[EVENT_BEFORE_N/A_ACTUAL_POS] --(BEFORE)--> [EVENT_BEFORE_N/A_ACTUAL_POS] | [EVENT_BEFORE_N/A_ACTUAL_POS] --(BEFORE)--> [EVENT_BEFORE_N/A_ACTUAL_POS],rejoint,BEFORE,trajet,[RETOUR],rejoint,BEFORE,reçu,,,,
173,50,FR100903,[EVENT_BEFORE_N/A_ACTUAL_POS] --(BEFORE)--> [EVENT_BEFORE_N/A_ACTUAL_POS] | [EVENT_BEFORE_N/A_ACTUAL_POS] --(BEFORE)--> [EVENT_BEFORE_N/A_ACTUAL_POS],écarté,BEFORE,réfléchir,[RETOUR],écarté,BEFORE,contrôles,,,,
173,50,FR100919,[EVENT_BEFORE_N/A_ACTUAL_POS] --(BEFORE)--> [EVENT_BEFORE_N/A_ACTUAL_POS] | [EVENT_BEFORE_N/A_ACTUAL_POS] --(BEFORE)--> [EVENT_BEFORE_N/A_ACTUAL_POS],correction,BEFORE,normalisation,[RETOUR],correction,BEFORE,adressée,,,,
173,50,FR100932,[EVENT_BEFORE_N/A_ACTUAL_POS] --(BEFORE)--> [EVENT_BEFORE_N/A_ACTUAL_POS] | [EVENT_BEFORE_N/A_ACTUAL_POS] --(BEFORE)--> [EVENT_BEFORE_N/A_ACTUAL_POS],mise,BEFORE,opérée,[RETOUR],mise,BEFORE,imagerie,,,,
173,50,FR100946,[EVENT_BEFORE_N/A_ACTUAL_POS] --(BEFORE)--> [EVENT_BEFORE_N/A_ACTUAL_POS] | [EVENT_BEFORE_N/A_ACTUAL_POS] --(BEFORE)--> [EVENT_BEFORE_N/A_ACTUAL_POS],mise,BEFORE,exérèse,[RETOUR],mise,BEFORE,abord,,,,
173,50,FR100979,[EVENT_BEFORE_N/A_ACTUAL_POS] --(BEFORE)--> [EVENT_BEFORE_N/A_ACTUAL_POS] | [EVENT_BEFORE_N/A_ACTUAL_POS] --(BEFORE)--> [EVENT_BEFORE_N/A_ACTUAL_POS],admise,BEFORE,accident,[RETOUR],admise,BEFORE,césarienne,,,,
84,49,FR100003,[EVENT_BEFORE_N/A_ACTUAL_POS] --(CONTAINS)--> [EVENT_BEFORE_N/A_ACTUAL_POS] | [EVENT_BEFORE_N/A_ACTUAL_POS] --(CONTAINS)--> [EVENT_BEFORE_N/A_ACTUAL_POS],bloc,CONTAINS,abordé,CONTAINS,incision,,,,,,
84,49,FR100092,[EVENT_BEFORE_N/A_ACTUAL_POS] --(CONTAINS)--> [EVENT_BEFORE_N/A_ACTUAL_POS] | [EVENT_BEFORE_N/A_ACTUAL_POS] --(CONTAINS)--> [EVENT_BEFORE_N/A_ACTUAL_POS],minilaparotomie,CONTAINS,exploration,CONTAINS,grossesse,,,,,,
84,49,FR100120,[EVENT_BEFORE_N/A_ACTUAL_POS] --(CONTAINS)--> [EVENT_BEFORE_N/A_ACTUAL_POS] | [EVENT_BEFORE_N/A_ACTUAL_POS] --(CONTAINS)--> [EVENT_BEFORE_N/A_ACTUAL_POS],antécédents,CONTAINS,diabète,CONTAINS,antidiabétiques,,,,,,
84,49,FR100130,[EVENT_BEFORE_N/A_ACTUAL_POS] --(CONTAINS)--> [EVENT_BEFORE_N/A_ACTUAL_POS] | [EVENT_BEFORE_N/A_ACTUAL_POS] --(CONTAINS)--> [EVENT_BEFORE_N/A_ACTUAL_POS],marqueurs,CONTAINS,bilan,CONTAINS,recherchée,,,,,,
84,49,FR100132,[EVENT_BEFORE_N/A_ACTUAL_POS] --(CONTAINS)--> [EVENT_BEFORE_N/A_ACTUAL_POS] | [EVENT_BEFORE_N/A_ACTUAL_POS] --(CONTAINS)--> [EVENT_BEFORE_N/A_ACTUAL_POS],état,CONTAINS,examen,CONTAINS,palpation,,,,,,
84,49,FR100142,[EVENT_BEFORE_N/A_ACTUAL_POS] --(CONTAINS)--> [EVENT_BEFORE_N/A_ACTUAL_POS] | [EVENT_BEFORE_N/A_ACTUAL_POS] --(CONTAINS)--> [EVENT_BEFORE_N/A_ACTUAL_POS],évolution,CONTAINS,taux,CONTAINS,passé,,,,,,
84,49,FR100161,[EVENT_BEFORE_N/A_ACTUAL_POS] --(CONTAINS)--> [EVENT_BEFORE_N/A_ACTUAL_POS] | [EVENT_BEFORE_N/A_ACTUAL_POS] --(CONTAINS)--> [EVENT_BEFORE_N/A_ACTUAL_POS],cytolyse,CONTAINS,examens,CONTAINS,Acti tests,,,,,,
84,49,FR100168,[EVENT_BEFORE_N/A_ACTUAL_POS] --(CONTAINS)--> [EVENT_BEFORE_N/A_ACTUAL_POS] | [EVENT_BEFORE_N/A_ACTUAL_POS] --(CONTAINS)--> [EVENT_BEFORE_N/A_ACTUAL_POS],prise,CONTAINS,entretien,CONTAINS,dévoiler,,,,,,
84,49,FR100275,[EVENT_BEFORE_N/A_ACTUAL_POS] --(CONTAINS)--> [EVENT_BEFORE_N/A_ACTUAL_POS] | [EVENT_BEFORE_N/A_ACTUAL_POS] --(CONTAINS)--> [EVENT_BEFORE_N/A_ACTUAL_POS],poids,CONTAINS,examen,CONTAINS,température,,,,,,
84,49,FR100276,[EVENT_BEFORE_N/A_ACTUAL_POS] --(CONTAINS)--> [EVENT_BEFORE_N/A_ACTUAL_POS] | [EVENT_BEFORE_N/A_ACTUAL_POS] --(CONTAINS)--> [EVENT_BEFORE_N/A_ACTUAL_POS],pemphigoïde,CONTAINS,signe,CONTAINS,posé,,,,,,
84,49,FR100283,[EVENT_BEFORE_N/A_ACTUAL_POS] --(CONTAINS)--> [EVENT_BEFORE_N/A_ACTUAL_POS] | [EVENT_BEFORE_N/A_ACTUAL_POS] --(CONTAINS)--> [EVENT_BEFORE_N/A_ACTUAL_POS],diplopie,CONTAINS,consulté,CONTAINS,bilan,,,,,,
84,49,FR100296,[EVENT_BEFORE_N/A_ACTUAL_POS] --(CONTAINS)--> [EVENT_BEFORE_N/A_ACTUAL_POS] | [EVENT_BEFORE_N/A_ACTUAL_POS] --(CONTAINS)--> [EVENT_BEFORE_N/A_ACTUAL_POS],fin,CONTAINS,signe,CONTAINS,examen,,,,,,
84,49,FR100346,[EVENT_BEFORE_N/A_ACTUAL_POS] --(CONTAINS)--> [EVENT_BEFORE_N/A_ACTUAL_POS] | [EVENT_BEFORE_N/A_ACTUAL_POS] --(CONTAINS)--> [EVENT_BEFORE_N/A_ACTUAL_POS],pouls,CONTAINS,examen,CONTAINS,reste,,,,,,
84,49,FR100361,[EVENT_BEFORE_N/A_ACTUAL_POS] --(CONTAINS)--> [EVENT_BEFORE_N/A_ACTUAL_POS] | [EVENT_BEFORE_N/A_ACTUAL_POS] --(CONTAINS)--> [EVENT_BEFORE_N/A_ACTUAL_POS],GCS,CONTAINS,examen,CONTAINS,mobilisait,,,,,,
84,49,FR100371,[EVENT_BEFORE_N/A_ACTUAL_POS] --(CONTAINS)--> [EVENT_BEFORE_N/A_ACTUAL_POS] | [EVENT_BEFORE_N/A_ACTUAL_POS] --(CONTAINS)--> [EVENT_BEFORE_N/A_ACTUAL_POS],opacité,CONTAINS,bilan,CONTAINS,radiographie,,,,,,
84,49,FR100400,[EVENT_BEFORE_N/A_ACTUAL_POS] --(CONTAINS)--> [EVENT_BEFORE_N/A_ACTUAL_POS] | [EVENT_BEFORE_N/A_ACTUAL_POS] --(CONTAINS)--> [EVENT_BEFORE_N/A_ACTUAL_POS],kyste,CONTAINS,étude,CONTAINS,conclu,,,,,,
84,49,FR100439,[EVENT_BEFORE_N/A_ACTUAL_POS] --(CONTAINS)--> [EVENT_BEFORE_N/A_ACTUAL_POS] | [EVENT_BEFORE_N/A_ACTUAL_POS] --(CONTAINS)--> [EVENT_BEFORE_N/A_ACTUAL_POS],obstruction,CONTAINS,examen,CONTAINS,fibroscopie,,,,,,
84,49,FR100510,[EVENT_BEFORE_N/A_ACTUAL_POS] --(CONTAINS)--> [EVENT_BEFORE_N/A_ACTUAL_POS] | [EVENT_BEFORE_N/A_ACTUAL_POS] --(CONTAINS)--> [EVENT_BEFORE_N/A_ACTUAL_POS],lésion,CONTAINS,examen,CONTAINS,caractéristiques,,,,,,
84,49,FR100515,[EVENT_BEFORE_N/A_ACTUAL_POS] --(CONTAINS)--> [EVENT_BEFORE_N/A_ACTUAL_POS] | [EVENT_BEFORE_N/A_ACTUAL_POS] --(CONTAINS)--> [EVENT_BEFORE_N/A_ACTUAL_POS],évolution,CONTAINS,amélioration,CONTAINS,disparition,,,,,,
84,49,FR100519,[EVENT_BEFORE_N/A_ACTUAL_POS] --(CONTAINS)--> [EVENT_BEFORE_N/A_ACTUAL_POS] | [EVENT_BEFORE_N/A_ACTUAL_POS] --(CONTAINS)--> [EVENT_BEFORE_N/A_ACTUAL_POS],hémogramme,CONTAINS,bilan,CONTAINS,INR,,,,,,
84,49,FR100589,[EVENT_BEFORE_N/A_ACTUAL_POS] --(CONTAINS)--> [EVENT_BEFORE_N/A_ACTUAL_POS] | [EVENT_BEFORE_N/A_ACTUAL_POS] --(CONTAINS)--> [EVENT_BEFORE_N/A_ACTUAL_POS],taux,CONTAINS,bilan,CONTAINS,frottis,,,,,,
84,49,FR100611,[EVENT_BEFORE_N/A_ACTUAL_POS] --(CONTAINS)--> [EVENT_BEFORE_N/A_ACTUAL_POS] | [EVENT_BEFORE_N/A_ACTUAL_POS] --(CONTAINS)--> [EVENT_BEFORE_N/A_ACTUAL_POS],micronodules,CONTAINS,TDM,CONTAINS,image,,,,,,
84,49,FR100620,[EVENT_BEFORE_N/A_ACTUAL_POS] --(CONTAINS)--> [EVENT_BEFORE_N/A_ACTUAL_POS] | [EVENT_BEFORE_N/A_ACTUAL_POS] --(CONTAINS)--> [EVENT_BEFORE_N/A_ACTUAL_POS],aspect,CONTAINS,bronchoscopie,CONTAINS,lavage,,,,,,
84,49,FR100629,[EVENT_BEFORE_N/A_ACTUAL_POS] --(CONTAINS)--> [EVENT_BEFORE_N/A_ACTUAL_POS] | [EVENT_BEFORE_N/A_ACTUAL_POS] --(CONTAINS)--> [EVENT_BEFORE_N/A_ACTUAL_POS],chimiothérapie,CONTAINS,bithérapie,CONTAINS,doxorubicine,,,,,,
84,49,FR100632,[EVENT_BEFORE_N/A_ACTUAL_POS] --(CONTAINS)--> [EVENT_BEFORE_N/A_ACTUAL_POS] | [EVENT_BEFORE_N/A_ACTUAL_POS] --(CONTAINS)--> [EVENT_BEFORE_N/A_ACTUAL_POS],état,CONTAINS,examen,CONTAINS,constantes,,,,,,
84,49,FR100658,[EVENT_BEFORE_N/A_ACTUAL_POS] --(CONTAINS)--> [EVENT_BEFORE_N/A_ACTUAL_POS] | [EVENT_BEFORE_N/A_ACTUAL_POS] --(CONTAINS)--> [EVENT_BEFORE_N/A_ACTUAL_POS],tolérance,CONTAINS,évaluation,CONTAINS,examen,,,,,,
84,49,FR100666,[EVENT_BEFORE_N/A_ACTUAL_POS] --(CONTAINS)--> [EVENT_BEFORE_N/A_ACTUAL_POS] | [EVENT_BEFORE_N/A_ACTUAL_POS] --(CONTAINS)--> [EVENT_BEFORE_N/A_ACTUAL_POS],asymétrie,CONTAINS,examen,CONTAINS,palpation,,,,,,
84,49,FR100683,[EVENT_BEFORE_N/A_ACTUAL_POS] --(CONTAINS)--> [EVENT_BEFORE_N/A_ACTUAL_POS] | [EVENT_BEFORE_N/A_ACTUAL_POS] --(CONTAINS)--> [EVENT_BEFORE_N/A_ACTUAL_POS],aménorrhée,CONTAINS,consulte,CONTAINS,anamnèse,,,,,,
84,49,FR100688,[EVENT_BEFORE_N/A_ACTUAL_POS] --(CONTAINS)--> [EVENT_BEFORE_N/A_ACTUAL_POS] | [EVENT_BEFORE_N/A_ACTUAL_POS] --(CONTAINS)--> [EVENT_BEFORE_N/A_ACTUAL_POS],séquelle,CONTAINS,évolution,CONTAINS,disparition,,,,,,
84,49,FR100689,[EVENT_BEFORE_N/A_ACTUAL_POS] --(CONTAINS)--> [EVENT_BEFORE_N/A_ACTUAL_POS] | [EVENT_BEFORE_N/A_ACTUAL_POS] --(CONTAINS)--> [EVENT_BEFORE_N/A_ACTUAL_POS],tendance,CONTAINS,consultation,CONTAINS,entretien,,,,,,
84,49,FR100748,[EVENT_BEFORE_N/A_ACTUAL_POS] --(CONTAINS)--> [EVENT_BEFORE_N/A_ACTUAL_POS] | [EVENT_BEFORE_N/A_ACTUAL_POS] --(CONTAINS)--> [EVENT_BEFORE_N/A_ACTUAL_POS],intervention,CONTAINS,surrénalectomie,CONTAINS,incision,,,,,,
84,49,FR100766,[EVENT_BEFORE_N/A_ACTUAL_POS] --(CONTAINS)--> [EVENT_BEFORE_N/A_ACTUAL_POS] | [EVENT_BEFORE_N/A_ACTUAL_POS] --(CONTAINS)--> [EVENT_BEFORE_N/A_ACTUAL_POS],adénocarcinome,CONTAINS,opéré,CONTAINS,amputation,,,,,,
84,49,FR100780,[EVENT_BEFORE_N/A_ACTUAL_POS] --(CONTAINS)--> [EVENT_BEFORE_N/A_ACTUAL_POS] | [EVENT_BEFORE_N/A_ACTUAL_POS] --(CONTAINS)--> [EVENT_BEFORE_N/A_ACTUAL_POS],séances,CONTAINS,circuit,CONTAINS,héparine,,,,,,
84,49,FR100806,[EVENT_BEFORE_N/A_ACTUAL_POS] --(CONTAINS)--> [EVENT_BEFORE_N/A_ACTUAL_POS] | [EVENT_BEFORE_N/A_ACTUAL_POS] --(CONTAINS)--> [EVENT_BEFORE_N/A_ACTUAL_POS],urée,CONTAINS,biologie,CONTAINS,NFS,,,,,,
84,49,FR100814,[EVENT_BEFORE_N/A_ACTUAL_POS] --(CONTAINS)--> [EVENT_BEFORE_N/A_ACTUAL_POS] | [EVENT_BEFORE_N/A_ACTUAL_POS] --(CONTAINS)--> [EVENT_BEFORE_N/A_ACTUAL_POS],processus,CONTAINS,IRM,CONTAINS,hypersignal,,,,,,
84,49,FR100826,[EVENT_BEFORE_N/A_ACTUAL_POS] --(CONTAINS)--> [EVENT_BEFORE_N/A_ACTUAL_POS] | [EVENT_BEFORE_N/A_ACTUAL_POS] --(CONTAINS)--> [EVENT_BEFORE_N/A_ACTUAL_POS],termine,CONTAINS,bilan,CONTAINS,tomodensitométrie,,,,,,
84,49,FR100845,[EVENT_BEFORE_N/A_ACTUAL_POS] --(CONTAINS)--> [EVENT_BEFORE_N/A_ACTUAL_POS] | [EVENT_BEFORE_N/A_ACTUAL_POS] --(CONTAINS)--> [EVENT_BEFORE_N/A_ACTUAL_POS],hauteur,CONTAINS,examen,CONTAINS,spéculum,,,,,,
84,49,FR100849,[EVENT_BEFORE_N/A_ACTUAL_POS] --(CONTAINS)--> [EVENT_BEFORE_N/A_ACTUAL_POS] | [EVENT_BEFORE_N/A_ACTUAL_POS] --(CONTAINS)--> [EVENT_BEFORE_N/A_ACTUAL_POS],IMC,CONTAINS,admission,CONTAINS,examen,,,,,,
84,49,FR100874,[EVENT_BEFORE_N/A_ACTUAL_POS] --(CONTAINS)--> [EVENT_BEFORE_N/A_ACTUAL_POS] | [EVENT_BEFORE_N/A_ACTUAL_POS] --(CONTAINS)--> [EVENT_BEFORE_N/A_ACTUAL_POS],perte,CONTAINS,examen,CONTAINS,reste,,,,,,
84,49,FR100882,[EVENT_BEFORE_N/A_ACTUAL_POS] --(CONTAINS)--> [EVENT_BEFORE_N/A_ACTUAL_POS] | [EVENT_BEFORE_N/A_ACTUAL_POS] --(CONTAINS)--> [EVENT_BEFORE_N/A_ACTUAL_POS],évolution,CONTAINS,amélioration,CONTAINS,régression,,,,,,
84,49,FR100903,[EVENT_BEFORE_N/A_ACTUAL_POS] --(CONTAINS)--> [EVENT_BEFORE_N/A_ACTUAL_POS] | [EVENT_BEFORE_N/A_ACTUAL_POS] --(CONTAINS)--> [EVENT_BEFORE_N/A_ACTUAL_POS],anatomie,CONTAINS,échographie,CONTAINS,visualisation,,,,,,
84,49,FR100930,[EVENT_BEFORE_N/A_ACTUAL_POS] --(CONTAINS)--> [EVENT_BEFORE_N/A_ACTUAL_POS] | [EVENT_BEFORE_N/A_ACTUAL_POS] --(CONTAINS)--> [EVENT_BEFORE_N/A_ACTUAL_POS],admis,CONTAINS,recours,CONTAINS,évolution,,,,,,
84,49,FR100944,[EVENT_BEFORE_N/A_ACTUAL_POS] --(CONTAINS)--> [EVENT_BEFORE_N/A_ACTUAL_POS] | [EVENT_BEFORE_N/A_ACTUAL_POS] --(CONTAINS)--> [EVENT_BEFORE_N/A_ACTUAL_POS],insuffisance,CONTAINS,suivi,CONTAINS,hospitalisé,,,,,,
84,49,FR100946,[EVENT_BEFORE_N/A_ACTUAL_POS] --(CONTAINS)--> [EVENT_BEFORE_N/A_ACTUAL_POS] | [EVENT_BEFORE_N/A_ACTUAL_POS] --(CONTAINS)--> [EVENT_BEFORE_N/A_ACTUAL_POS],processus,CONTAINS,IRM,CONTAINS,prise,,,,,,
84,49,FR100959,[EVENT_BEFORE_N/A_ACTUAL_POS] --(CONTAINS)--> [EVENT_BEFORE_N/A_ACTUAL_POS] | [EVENT_BEFORE_N/A_ACTUAL_POS] --(CONTAINS)--> [EVENT_BEFORE_N/A_ACTUAL_POS],admis,CONTAINS,œsophagoscopie,CONTAINS,permis,,,,,,
84,49,FR100960,[EVENT_BEFORE_N/A_ACTUAL_POS] --(CONTAINS)--> [EVENT_BEFORE_N/A_ACTUAL_POS] | [EVENT_BEFORE_N/A_ACTUAL_POS] --(CONTAINS)--> [EVENT_BEFORE_N/A_ACTUAL_POS],consulté,CONTAINS,étude,CONTAINS,localisation,,,,,,
84,49,FR100994,[EVENT_BEFORE_N/A_ACTUAL_POS] --(CONTAINS)--> [EVENT_BEFORE_N/A_ACTUAL_POS] | [EVENT_BEFORE_N/A_ACTUAL_POS] --(CONTAINS)--> [EVENT_BEFORE_N/A_ACTUAL_POS],cancer,CONTAINS,suivi,CONTAINS,opéré,,,,,,
116,49,FR100003,[EVENT_BEFORE_N/A_ACTUAL_POS] --(BEFORE)--> [EVENT_BEFORE_N/A_ACTUAL_POS] | [EVENT_BEFORE_N/A_ACTUAL_POS] --(BEFORE)--> [EVENT_BEFORE_N/A_ACTUAL_POS] | [EVENT_BEFORE_N/A_ACTUAL_POS] --(BEFORE)--> [EVENT_BEFORE_N/A_ACTUAL_POS] | [EVENT_BEFORE_N/A_ACTUAL_POS] --(BEFORE)--> [EVENT_BEFORE_N/A_ACTUAL_POS],ponction,BEFORE,examen,BEFORE,examen,BEFORE,antibiothérapie,BEFORE,bloc,,
116,49,FR100092,[EVENT_BEFORE_N/A_ACTUAL_POS] --(BEFORE)--> [EVENT_BEFORE_N/A_ACTUAL_POS] | [EVENT_BEFORE_N/A_ACTUAL_POS] --(BEFORE)--> [EVENT_BEFORE_N/A_ACTUAL_POS] | [EVENT_BEFORE_N/A_ACTUAL_POS] --(BEFORE)--> [EVENT_BEFORE_N/A_ACTUAL_POS] | [EVENT_BEFORE_N/A_ACTUAL_POS] --(BEFORE)--> [EVENT_BEFORE_N/A_ACTUAL_POS],examen,BEFORE,échographie,BEFORE,tableau,BEFORE,reste,BEFORE,minilaparotomie,,
116,49,FR100130,[EVENT_BEFORE_N/A_ACTUAL_POS] --(BEFORE)--> [EVENT_BEFORE_N/A_ACTUAL_POS] | [EVENT_BEFORE_N/A_ACTUAL_POS] --(BEFORE)--> [EVENT_BEFORE_N/A_ACTUAL_POS] | [EVENT_BEFORE_N/A_ACTUAL_POS] --(BEFORE)--> [EVENT_BEFORE_N/A_ACTUAL_POS] | [EVENT_BEFORE_N/A_ACTUAL_POS] --(BEFORE)--> [EVENT_BEFORE_N/A_ACTUAL_POS],glycémie,BEFORE,confirmé,BEFORE,recherche,BEFORE,séjour,BEFORE,bilan,,
116,49,FR100142,[EVENT_BEFORE_N/A_ACTUAL_POS] --(BEFORE)--> [EVENT_BEFORE_N/A_ACTUAL_POS] | [EVENT_BEFORE_N/A_ACTUAL_POS] --(BEFORE)--> [EVENT_BEFORE_N/A_ACTUAL_POS] | [EVENT_BEFORE_N/A_ACTUAL_POS] --(BEFORE)--> [EVENT_BEFORE_N/A_ACTUAL_POS] | [EVENT_BEFORE_N/A_ACTUAL_POS] --(BEFORE)--> [EVENT_BEFORE_N/A_ACTUAL_POS],électrophorèse,BEFORE,scanner,BEFORE,fibroscopie,BEFORE,biopsie,BEFORE,mis,,
116,49,FR100161,[EVENT_BEFORE_N/A_ACTUAL_POS] --(BEFORE)--> [EVENT_BEFORE_N/A_ACTUAL_POS] | [EVENT_BEFORE_N/A_ACTUAL_POS] --(BEFORE)--> [EVENT_BEFORE_N/A_ACTUAL_POS] | [EVENT_BEFORE_N/A_ACTUAL_POS] --(BEFORE)--> [EVENT_BEFORE_N/A_ACTUAL_POS] | [EVENT_BEFORE_N/A_ACTUAL_POS] --(BEFORE)--> [EVENT_BEFORE_N/A_ACTUAL_POS],examen,BEFORE,examens,BEFORE,radiographie,BEFORE,complément,BEFORE,cortisol,,
116,49,FR100255,[EVENT_BEFORE_N/A_ACTUAL_POS] --(BEFORE)--> [EVENT_BEFORE_N/A_ACTUAL_POS] | [EVENT_BEFORE_N/A_ACTUAL_POS] --(BEFORE)--> [EVENT_BEFORE_N/A_ACTUAL_POS] | [EVENT_BEFORE_N/A_ACTUAL_POS] --(BEFORE)--> [EVENT_BEFORE_N/A_ACTUAL_POS] | [EVENT_BEFORE_N/A_ACTUAL_POS] --(BEFORE)--> [EVENT_BEFORE_N/A_ACTUAL_POS],admise,BEFORE,examen,BEFORE,examen,BEFORE,échographie,BEFORE,mise,,
116,49,FR100275,[EVENT_BEFORE_N/A_ACTUAL_POS] --(BEFORE)--> [EVENT_BEFORE_N/A_ACTUAL_POS] | [EVENT_BEFORE_N/A_ACTUAL_POS] --(BEFORE)--> [EVENT_BEFORE_N/A_ACTUAL_POS] | [EVENT_BEFORE_N/A_ACTUAL_POS] --(BEFORE)--> [EVENT_BEFORE_N/A_ACTUAL_POS] | [EVENT_BEFORE_N/A_ACTUAL_POS] --(BEFORE)--> [EVENT_BEFORE_N/A_ACTUAL_POS],établi,BEFORE,manœuvres,BEFORE,transféré,BEFORE,anamnèse,BEFORE,examen,,
116,49,FR100283,[EVENT_BEFORE_N/A_ACTUAL_POS] --(BEFORE)--> [EVENT_BEFORE_N/A_ACTUAL_POS] | [EVENT_BEFORE_N/A_ACTUAL_POS] --(BEFORE)--> [EVENT_BEFORE_N/A_ACTUAL_POS] | [EVENT_BEFORE_N/A_ACTUAL_POS] --(BEFORE)--> [EVENT_BEFORE_N/A_ACTUAL_POS] | [EVENT_BEFORE_N/A_ACTUAL_POS] --(BEFORE)--> [EVENT_BEFORE_N/A_ACTUAL_POS],bilan,BEFORE,IRM,BEFORE,hypophysiogramme,BEFORE,traitement,BEFORE,évolution,,
116,49,FR100296,[EVENT_BEFORE_N/A_ACTUAL_POS] --(BEFORE)--> [EVENT_BEFORE_N/A_ACTUAL_POS] | [EVENT_BEFORE_N/A_ACTUAL_POS] --(BEFORE)--> [EVENT_BEFORE_N/A_ACTUAL_POS] | [EVENT_BEFORE_N/A_ACTUAL_POS] --(BEFORE)--> [EVENT_BEFORE_N/A_ACTUAL_POS] | [EVENT_BEFORE_N/A_ACTUAL_POS] --(BEFORE)--> [EVENT_BEFORE_N/A_ACTUAL_POS],examen,BEFORE,IRM,BEFORE,fenestration,BEFORE,suites,BEFORE,exéaté,,
116,49,FR100314,[EVENT_BEFORE_N/A_ACTUAL_POS] --(BEFORE)--> [EVENT_BEFORE_N/A_ACTUAL_POS] | [EVENT_BEFORE_N/A_ACTUAL_POS] --(BEFORE)--> [EVENT_BEFORE_N/A_ACTUAL_POS] | [EVENT_BEFORE_N/A_ACTUAL_POS] --(BEFORE)--> [EVENT_BEFORE_N/A_ACTUAL_POS] | [EVENT_BEFORE_N/A_ACTUAL_POS] --(BEFORE)--> [EVENT_BEFORE_N/A_ACTUAL_POS],admise,BEFORE,bilan,BEFORE,drainage,BEFORE,angio-scanner,BEFORE,amputation,,
116,49,FR100344,[EVENT_BEFORE_N/A_ACTUAL_POS] --(BEFORE)--> [EVENT_BEFORE_N/A_ACTUAL_POS] | [EVENT_BEFORE_N/A_ACTUAL_POS] --(BEFORE)--> [EVENT_BEFORE_N/A_ACTUAL_POS] | [EVENT_BEFORE_N/A_ACTUAL_POS] --(BEFORE)--> [EVENT_BEFORE_N/A_ACTUAL_POS] | [EVENT_BEFORE_N/A_ACTUAL_POS] --(BEFORE)--> [EVENT_BEFORE_N/A_ACTUAL_POS],déroulée,BEFORE,plainte,BEFORE,examen,BEFORE,césarienne,BEFORE,pesait,,
116,49,FR100346,[EVENT_BEFORE_N/A_ACTUAL_POS] --(BEFORE)--> [EVENT_BEFORE_N/A_ACTUAL_POS] | [EVENT_BEFORE_N/A_ACTUAL_POS] --(BEFORE)--> [EVENT_BEFORE_N/A_ACTUAL_POS] | [EVENT_BEFORE_N/A_ACTUAL_POS] --(BEFORE)--> [EVENT_BEFORE_N/A_ACTUAL_POS] | [EVENT_BEFORE_N/A_ACTUAL_POS] --(BEFORE)--> [EVENT_BEFORE_N/A_ACTUAL_POS],examen,BEFORE,gazométrie,BEFORE,reste,BEFORE,radiographie,BEFORE,angioscanner,,
116,49,FR100360,[EVENT_BEFORE_N/A_ACTUAL_POS] --(BEFORE)--> [EVENT_BEFORE_N/A_ACTUAL_POS] | [EVENT_BEFORE_N/A_ACTUAL_POS] --(BEFORE)--> [EVENT_BEFORE_N/A_ACTUAL_POS] | [EVENT_BEFORE_N/A_ACTUAL_POS] --(BEFORE)--> [EVENT_BEFORE_N/A_ACTUAL_POS] | [EVENT_BEFORE_N/A_ACTUAL_POS] --(BEFORE)--> [EVENT_BEFORE_N/A_ACTUAL_POS],colpohystérectomie,BEFORE,examen,BEFORE,curage,BEFORE,radiothérapie,BEFORE,curiethérapie,,
116,49,FR100361,[EVENT_BEFORE_N/A_ACTUAL_POS] --(BEFORE)--> [EVENT_BEFORE_N/A_ACTUAL_POS] | [EVENT_BEFORE_N/A_ACTUAL_POS] --(BEFORE)--> [EVENT_BEFORE_N/A_ACTUAL_POS] | [EVENT_BEFORE_N/A_ACTUAL_POS] --(BEFORE)--> [EVENT_BEFORE_N/A_ACTUAL_POS] | [EVENT_BEFORE_N/A_ACTUAL_POS] --(BEFORE)--> [EVENT_BEFORE_N/A_ACTUAL_POS],TDM,BEFORE,ponction,BEFORE,examen,BEFORE,examen,BEFORE,culture,,
116,49,FR100371,[EVENT_BEFORE_N/A_ACTUAL_POS] --(BEFORE)--> [EVENT_BEFORE_N/A_ACTUAL_POS] | [EVENT_BEFORE_N/A_ACTUAL_POS] --(BEFORE)--> [EVENT_BEFORE_N/A_ACTUAL_POS] | [EVENT_BEFORE_N/A_ACTUAL_POS] --(BEFORE)--> [EVENT_BEFORE_N/A_ACTUAL_POS] | [EVENT_BEFORE_N/A_ACTUAL_POS] --(BEFORE)--> [EVENT_BEFORE_N/A_ACTUAL_POS],adressée,BEFORE,admission,BEFORE,examen,BEFORE,examen,BEFORE,bilan,,
116,49,FR100400,[EVENT_BEFORE_N/A_ACTUAL_POS] --(BEFORE)--> [EVENT_BEFORE_N/A_ACTUAL_POS] | [EVENT_BEFORE_N/A_ACTUAL_POS] --(BEFORE)--> [EVENT_BEFORE_N/A_ACTUAL_POS] | [EVENT_BEFORE_N/A_ACTUAL_POS] --(BEFORE)--> [EVENT_BEFORE_N/A_ACTUAL_POS] | [EVENT_BEFORE_N/A_ACTUAL_POS] --(BEFORE)--> [EVENT_BEFORE_N/A_ACTUAL_POS],bilan,BEFORE,Radiographie,BEFORE,échographie,BEFORE,scanner,BEFORE,diagnostic,,
116,49,FR100439,[EVENT_BEFORE_N/A_ACTUAL_POS] --(BEFORE)--> [EVENT_BEFORE_N/A_ACTUAL_POS] | [EVENT_BEFORE_N/A_ACTUAL_POS] --(BEFORE)--> [EVENT_BEFORE_N/A_ACTUAL_POS] | [EVENT_BEFORE_N/A_ACTUAL_POS] --(BEFORE)--> [EVENT_BEFORE_N/A_ACTUAL_POS] | [EVENT_BEFORE_N/A_ACTUAL_POS] --(BEFORE)--> [EVENT_BEFORE_N/A_ACTUAL_POS],analyse,BEFORE,demandée,BEFORE,examen,BEFORE,classée,BEFORE,bénéficier,,
116,49,FR100448,[EVENT_BEFORE_N/A_ACTUAL_POS] --(BEFORE)--> [EVENT_BEFORE_N/A_ACTUAL_POS] | [EVENT_BEFORE_N/A_ACTUAL_POS] --(BEFORE)--> [EVENT_BEFORE_N/A_ACTUAL_POS] | [EVENT_BEFORE_N/A_ACTUAL_POS] --(BEFORE)--> [EVENT_BEFORE_N/A_ACTUAL_POS] | [EVENT_BEFORE_N/A_ACTUAL_POS] --(BEFORE)--> [EVENT_BEFORE_N/A_ACTUAL_POS],hémi thyroïdectomie,BEFORE,examen,BEFORE,histochimie,BEFORE,scanner,BEFORE,tomographie,,
116,49,FR100480,[EVENT_BEFORE_N/A_ACTUAL_POS] --(BEFORE)--> [EVENT_BEFORE_N/A_ACTUAL_POS] | [EVENT_BEFORE_N/A_ACTUAL_POS] --(BEFORE)--> [EVENT_BEFORE_N/A_ACTUAL_POS] | [EVENT_BEFORE_N/A_ACTUAL_POS] --(BEFORE)--> [EVENT_BEFORE_N/A_ACTUAL_POS] | [EVENT_BEFORE_N/A_ACTUAL_POS] --(BEFORE)--> [EVENT_BEFORE_N/A_ACTUAL_POS],examen,BEFORE,imagerie,BEFORE,bilan,BEFORE,scanner,BEFORE,Tomographie,,
116,49,FR100515,[EVENT_BEFORE_N/A_ACTUAL_POS] --(BEFORE)--> [EVENT_BEFORE_N/A_ACTUAL_POS] | [EVENT_BEFORE_N/A_ACTUAL_POS] --(BEFORE)--> [EVENT_BEFORE_N/A_ACTUAL_POS] | [EVENT_BEFORE_N/A_ACTUAL_POS] --(BEFORE)--> [EVENT_BEFORE_N/A_ACTUAL_POS] | [EVENT_BEFORE_N/A_ACTUAL_POS] --(BEFORE)--> [EVENT_BEFORE_N/A_ACTUAL_POS],retenu,BEFORE,bilan,BEFORE,bilan,BEFORE,prescrits,BEFORE,évolution,,
116,49,FR100517,[EVENT_BEFORE_N/A_ACTUAL_POS] --(BEFORE)--> [EVENT_BEFORE_N/A_ACTUAL_POS] | [EVENT_BEFORE_N/A_ACTUAL_POS] --(BEFORE)--> [EVENT_BEFORE_N/A_ACTUAL_POS] | [EVENT_BEFORE_N/A_ACTUAL_POS] --(BEFORE)--> [EVENT_BEFORE_N/A_ACTUAL_POS] | [EVENT_BEFORE_N/A_ACTUAL_POS] --(BEFORE)--> [EVENT_BEFORE_N/A_ACTUAL_POS],examen,BEFORE,bilan,BEFORE,électromyogramme,BEFORE,bilan,BEFORE,explorations,,
116,49,FR100519,[EVENT_BEFORE_N/A_ACTUAL_POS] --(BEFORE)--> [EVENT_BEFORE_N/A_ACTUAL_POS] | [EVENT_BEFORE_N/A_ACTUAL_POS] --(BEFORE)--> [EVENT_BEFORE_N/A_ACTUAL_POS] | [EVENT_BEFORE_N/A_ACTUAL_POS] --(BEFORE)--> [EVENT_BEFORE_N/A_ACTUAL_POS] | [EVENT_BEFORE_N/A_ACTUAL_POS] --(BEFORE)--> [EVENT_BEFORE_N/A_ACTUAL_POS],hospitalisée,BEFORE,entrée,BEFORE,bilan,BEFORE,angioscanner,BEFORE,échodoppler,,
116,49,FR100589,[EVENT_BEFORE_N/A_ACTUAL_POS] --(BEFORE)--> [EVENT_BEFORE_N/A_ACTUAL_POS] | [EVENT_BEFORE_N/A_ACTUAL_POS] --(BEFORE)--> [EVENT_BEFORE_N/A_ACTUAL_POS] | [EVENT_BEFORE_N/A_ACTUAL_POS] --(BEFORE)--> [EVENT_BEFORE_N/A_ACTUAL_POS] | [EVENT_BEFORE_N/A_ACTUAL_POS] --(BEFORE)--> [EVENT_BEFORE_N/A_ACTUAL_POS],rechercher,BEFORE,bronchoscopie,BEFORE,lavage,BEFORE,biopsies,BEFORE,exploration,,
116,49,FR100597,[EVENT_BEFORE_N/A_ACTUAL_POS] --(BEFORE)--> [EVENT_BEFORE_N/A_ACTUAL_POS] | [EVENT_BEFORE_N/A_ACTUAL_POS] --(BEFORE)--> [EVENT_BEFORE_N/A_ACTUAL_POS] | [EVENT_BEFORE_N/A_ACTUAL_POS] --(BEFORE)--> [EVENT_BEFORE_N/A_ACTUAL_POS] | [EVENT_BEFORE_N/A_ACTUAL_POS] --(BEFORE)--> [EVENT_BEFORE_N/A_ACTUAL_POS],examen,BEFORE,toucher,BEFORE,reste,BEFORE,échographie,BEFORE,étayer,,
116,49,FR100611,[EVENT_BEFORE_N/A_ACTUAL_POS] --(BEFORE)--> [EVENT_BEFORE_N/A_ACTUAL_POS] | [EVENT_BEFORE_N/A_ACTUAL_POS] --(BEFORE)--> [EVENT_BEFORE_N/A_ACTUAL_POS] | [EVENT_BEFORE_N/A_ACTUAL_POS] --(BEFORE)--> [EVENT_BEFORE_N/A_ACTUAL_POS] | [EVENT_BEFORE_N/A_ACTUAL_POS] --(BEFORE)--> [EVENT_BEFORE_N/A_ACTUAL_POS],biopsie,BEFORE,recherche,BEFORE,sérologie,BEFORE,hémogramme,BEFORE,ionogramme,,
116,49,FR100614,[EVENT_BEFORE_N/A_ACTUAL_POS] --(BEFORE)--> [EVENT_BEFORE_N/A_ACTUAL_POS] | [EVENT_BEFORE_N/A_ACTUAL_POS] --(BEFORE)--> [EVENT_BEFORE_N/A_ACTUAL_POS] | [EVENT_BEFORE_N/A_ACTUAL_POS] --(BEFORE)--> [EVENT_BEFORE_N/A_ACTUAL_POS] | [EVENT_BEFORE_N/A_ACTUAL_POS] --(BEFORE)--> [EVENT_BEFORE_N/A_ACTUAL_POS],admission,BEFORE,examen,BEFORE,échographique,BEFORE,tomodensitométrie,BEFORE,radiographie,,
116,49,FR100620,[EVENT_BEFORE_N/A_ACTUAL_POS] --(BEFORE)--> [EVENT_BEFORE_N/A_ACTUAL_POS] | [EVENT_BEFORE_N/A_ACTUAL_POS] --(BEFORE)--> [EVENT_BEFORE_N/A_ACTUAL_POS] | [EVENT_BEFORE_N/A_ACTUAL_POS] --(BEFORE)--> [EVENT_BEFORE_N/A_ACTUAL_POS] | [EVENT_BEFORE_N/A_ACTUAL_POS] --(BEFORE)--> [EVENT_BEFORE_N/A_ACTUAL_POS],radiographie,BEFORE,drainage,BEFORE,radiographie,BEFORE,demandé,BEFORE,explorer,,
116,49,FR100623,[EVENT_BEFORE_N/A_ACTUAL_POS] --(BEFORE)--> [EVENT_BEFORE_N/A_ACTUAL_POS] | [EVENT_BEFORE_N/A_ACTUAL_POS] --(BEFORE)--> [EVENT_BEFORE_N/A_ACTUAL_POS] | [EVENT_BEFORE_N/A_ACTUAL_POS] --(BEFORE)--> [EVENT_BEFORE_N/A_ACTUAL_POS] | [EVENT_BEFORE_N/A_ACTUAL_POS] --(BEFORE)--> [EVENT_BEFORE_N/A_ACTUAL_POS],examen,BEFORE,échographie,BEFORE,tomodensitométrie,BEFORE,retenu,BEFORE,prise,,
116,49,FR100629,[EVENT_BEFORE_N/A_ACTUAL_POS] --(BEFORE)--> [EVENT_BEFORE_N/A_ACTUAL_POS] | [EVENT_BEFORE_N/A_ACTUAL_POS] --(BEFORE)--> [EVENT_BEFORE_N/A_ACTUAL_POS] | [EVENT_BEFORE_N/A_ACTUAL_POS] --(BEFORE)--> [EVENT_BEFORE_N/A_ACTUAL_POS] | [EVENT_BEFORE_N/A_ACTUAL_POS] --(BEFORE)--> [EVENT_BEFORE_N/A_ACTUAL_POS],examen,BEFORE,radiographie,BEFORE,thoracoscopie,BEFORE,marquage,BEFORE,étude,,
116,49,FR100632,[EVENT_BEFORE_N/A_ACTUAL_POS] --(BEFORE)--> [EVENT_BEFORE_N/A_ACTUAL_POS] | [EVENT_BEFORE_N/A_ACTUAL_POS] --(BEFORE)--> [EVENT_BEFORE_N/A_ACTUAL_POS] | [EVENT_BEFORE_N/A_ACTUAL_POS] --(BEFORE)--> [EVENT_BEFORE_N/A_ACTUAL_POS] | [EVENT_BEFORE_N/A_ACTUAL_POS] --(BEFORE)--> [EVENT_BEFORE_N/A_ACTUAL_POS],bilan,BEFORE,enquête,BEFORE,étude,BEFORE,radiographie,BEFORE,examen,,
116,49,FR100663,[EVENT_BEFORE_N/A_ACTUAL_POS] --(BEFORE)--> [EVENT_BEFORE_N/A_ACTUAL_POS] | [EVENT_BEFORE_N/A_ACTUAL_POS] --(BEFORE)--> [EVENT_BEFORE_N/A_ACTUAL_POS] | [EVENT_BEFORE_N/A_ACTUAL_POS] --(BEFORE)--> [EVENT_BEFORE_N/A_ACTUAL_POS] | [EVENT_BEFORE_N/A_ACTUAL_POS] --(BEFORE)--> [EVENT_BEFORE_N/A_ACTUAL_POS],décidé,BEFORE,ligature,BEFORE,incisée,BEFORE,vérifié,BEFORE,assuré,,
116,49,FR100666,[EVENT_BEFORE_N/A_ACTUAL_POS] --(BEFORE)--> [EVENT_BEFORE_N/A_ACTUAL_POS] | [EVENT_BEFORE_N/A_ACTUAL_POS] --(BEFORE)--> [EVENT_BEFORE_N/A_ACTUAL_POS] | [EVENT_BEFORE_N/A_ACTUAL_POS] --(BEFORE)--> [EVENT_BEFORE_N/A_ACTUAL_POS] | [EVENT_BEFORE_N/A_ACTUAL_POS] --(BEFORE)--> [EVENT_BEFORE_N/A_ACTUAL_POS],adressé,BEFORE,bilan,BEFORE,myologramme,BEFORE,bilan,BEFORE,classé,,
116,49,FR100683,[EVENT_BEFORE_N/A_ACTUAL_POS] --(BEFORE)--> [EVENT_BEFORE_N/A_ACTUAL_POS] | [EVENT_BEFORE_N/A_ACTUAL_POS] --(BEFORE)--> [EVENT_BEFORE_N/A_ACTUAL_POS] | [EVENT_BEFORE_N/A_ACTUAL_POS] --(BEFORE)--> [EVENT_BEFORE_N/A_ACTUAL_POS] | [EVENT_BEFORE_N/A_ACTUAL_POS] --(BEFORE)--> [EVENT_BEFORE_N/A_ACTUAL_POS],exploration,BEFORE,exploration,BEFORE,IRM,BEFORE,écho-mammographie,BEFORE,osteodensitométrie,,
116,49,FR100688,[EVENT_BEFORE_N/A_ACTUAL_POS] --(BEFORE)--> [EVENT_BEFORE_N/A_ACTUAL_POS] | [EVENT_BEFORE_N/A_ACTUAL_POS] --(BEFORE)--> [EVENT_BEFORE_N/A_ACTUAL_POS] | [EVENT_BEFORE_N/A_ACTUAL_POS] --(BEFORE)--> [EVENT_BEFORE_N/A_ACTUAL_POS] | [EVENT_BEFORE_N/A_ACTUAL_POS] --(BEFORE)--> [EVENT_BEFORE_N/A_ACTUAL_POS],radiographie,BEFORE,incision,BEFORE,analyse,BEFORE,traitement,BEFORE,évolution,,
116,49,FR100689,[EVENT_BEFORE_N/A_ACTUAL_POS] --(BEFORE)--> [EVENT_BEFORE_N/A_ACTUAL_POS] | [EVENT_BEFORE_N/A_ACTUAL_POS] --(BEFORE)--> [EVENT_BEFORE_N/A_ACTUAL_POS] | [EVENT_BEFORE_N/A_ACTUAL_POS] --(BEFORE)--> [EVENT_BEFORE_N/A_ACTUAL_POS] | [EVENT_BEFORE_N/A_ACTUAL_POS] --(BEFORE)--> [EVENT_BEFORE_N/A_ACTUAL_POS],hémogramme,BEFORE,ionogramme,BEFORE,examen,BEFORE,retenu,BEFORE,traitement,,
116,49,FR100697,[EVENT_BEFORE_N/A_ACTUAL_POS] --(BEFORE)--> [EVENT_BEFORE_N/A_ACTUAL_POS] | [EVENT_BEFORE_N/A_ACTUAL_POS] --(BEFORE)--> [EVENT_BEFORE_N/A_ACTUAL_POS] | [EVENT_BEFORE_N/A_ACTUAL_POS] --(BEFORE)--> [EVENT_BEFORE_N/A_ACTUAL_POS] | [EVENT_BEFORE_N/A_ACTUAL_POS] --(BEFORE)--> [EVENT_BEFORE_N/A_ACTUAL_POS],palpation,BEFORE,examen,BEFORE,mammographie,BEFORE,échographie,BEFORE,examen,,
116,49,FR100708,[EVENT_BEFORE_N/A_ACTUAL_POS] --(BEFORE)--> [EVENT_BEFORE_N/A_ACTUAL_POS] | [EVENT_BEFORE_N/A_ACTUAL_POS] --(BEFORE)--> [EVENT_BEFORE_N/A_ACTUAL_POS] | [EVENT_BEFORE_N/A_ACTUAL_POS] --(BEFORE)--> [EVENT_BEFORE_N/A_ACTUAL_POS] | [EVENT_BEFORE_N/A_ACTUAL_POS] --(BEFORE)--> [EVENT_BEFORE_N/A_ACTUAL_POS],examen,BEFORE,mammographie,BEFORE,échographie,BEFORE,ponction,BEFORE,étude,,
116,49,FR100717,[EVENT_BEFORE_N/A_ACTUAL_POS] --(BEFORE)--> [EVENT_BEFORE_N/A_ACTUAL_POS] | [EVENT_BEFORE_N/A_ACTUAL_POS] --(BEFORE)--> [EVENT_BEFORE_N/A_ACTUAL_POS] | [EVENT_BEFORE_N/A_ACTUAL_POS] --(BEFORE)--> [EVENT_BEFORE_N/A_ACTUAL_POS] | [EVENT_BEFORE_N/A_ACTUAL_POS] --(BEFORE)--> [EVENT_BEFORE_N/A_ACTUAL_POS],examen,BEFORE,examens,BEFORE,scanner,BEFORE,IRM,BEFORE,laminectomie,,
116,49,FR100748,[EVENT_BEFORE_N/A_ACTUAL_POS] --(BEFORE)--> [EVENT_BEFORE_N/A_ACTUAL_POS] | [EVENT_BEFORE_N/A_ACTUAL_POS] --(BEFORE)--> [EVENT_BEFORE_N/A_ACTUAL_POS] | [EVENT_BEFORE_N/A_ACTUAL_POS] --(BEFORE)--> [EVENT_BEFORE_N/A_ACTUAL_POS] | [EVENT_BEFORE_N/A_ACTUAL_POS] --(BEFORE)--> [EVENT_BEFORE_N/A_ACTUAL_POS],mobilisation,BEFORE,suites,BEFORE,transférée,BEFORE,regagné,BEFORE,recul,,
116,49,FR100806,[EVENT_BEFORE_N/A_ACTUAL_POS] --(BEFORE)--> [EVENT_BEFORE_N/A_ACTUAL_POS] | [EVENT_BEFORE_N/A_ACTUAL_POS] --(BEFORE)--> [EVENT_BEFORE_N/A_ACTUAL_POS] | [EVENT_BEFORE_N/A_ACTUAL_POS] --(BEFORE)--> [EVENT_BEFORE_N/A_ACTUAL_POS] | [EVENT_BEFORE_N/A_ACTUAL_POS] --(BEFORE)--> [EVENT_BEFORE_N/A_ACTUAL_POS],référée,BEFORE,examen,BEFORE,biologie,BEFORE,hospitalisée,BEFORE,transfusion,,
116,49,FR100826,[EVENT_BEFORE_N/A_ACTUAL_POS] --(BEFORE)--> [EVENT_BEFORE_N/A_ACTUAL_POS] | [EVENT_BEFORE_N/A_ACTUAL_POS] --(BEFORE)--> [EVENT_BEFORE_N/A_ACTUAL_POS] | [EVENT_BEFORE_N/A_ACTUAL_POS] --(BEFORE)--> [EVENT_BEFORE_N/A_ACTUAL_POS] | [EVENT_BEFORE_N/A_ACTUAL_POS] --(BEFORE)--> [EVENT_BEFORE_N/A_ACTUAL_POS],bilan,BEFORE,bilan,BEFORE,retenue,BEFORE,exploration,BEFORE,suites,,
116,49,FR100845,[EVENT_BEFORE_N/A_ACTUAL_POS] --(BEFORE)--> [EVENT_BEFORE_N/A_ACTUAL_POS] | [EVENT_BEFORE_N/A_ACTUAL_POS] --(BEFORE)--> [EVENT_BEFORE_N/A_ACTUAL_POS] | [EVENT_BEFORE_N/A_ACTUAL_POS] --(BEFORE)--> [EVENT_BEFORE_N/A_ACTUAL_POS] | [EVENT_BEFORE_N/A_ACTUAL_POS] --(BEFORE)--> [EVENT_BEFORE_N/A_ACTUAL_POS],examen,BEFORE,examen,BEFORE,échographie,BEFORE,radiographie,BEFORE,décision,,
116,49,FR100870,[EVENT_BEFORE_N/A_ACTUAL_POS] --(BEFORE)--> [EVENT_BEFORE_N/A_ACTUAL_POS] | [EVENT_BEFORE_N/A_ACTUAL_POS] --(BEFORE)--> [EVENT_BEFORE_N/A_ACTUAL_POS] | [EVENT_BEFORE_N/A_ACTUAL_POS] --(BEFORE)--> [EVENT_BEFORE_N/A_ACTUAL_POS] | [EVENT_BEFORE_N/A_ACTUAL_POS] --(BEFORE)--> [EVENT_BEFORE_N/A_ACTUAL_POS],immunosoustraction,BEFORE,immunofixation,BEFORE,bilan,BEFORE,B2,BEFORE,myélogramme,,
116,49,FR100874,[EVENT_BEFORE_N/A_ACTUAL_POS] --(BEFORE)--> [EVENT_BEFORE_N/A_ACTUAL_POS] | [EVENT_BEFORE_N/A_ACTUAL_POS] --(BEFORE)--> [EVENT_BEFORE_N/A_ACTUAL_POS] | [EVENT_BEFORE_N/A_ACTUAL_POS] --(BEFORE)--> [EVENT_BEFORE_N/A_ACTUAL_POS] | [EVENT_BEFORE_N/A_ACTUAL_POS] --(BEFORE)--> [EVENT_BEFORE_N/A_ACTUAL_POS],examen,BEFORE,hémogramme,BEFORE,fibroscopie,BEFORE,transit,BEFORE,tomodensitométrie,,
116,49,FR100882,[EVENT_BEFORE_N/A_ACTUAL_POS] --(BEFORE)--> [EVENT_BEFORE_N/A_ACTUAL_POS] | [EVENT_BEFORE_N/A_ACTUAL_POS] --(BEFORE)--> [EVENT_BEFORE_N/A_ACTUAL_POS] | [EVENT_BEFORE_N/A_ACTUAL_POS] --(BEFORE)--> [EVENT_BEFORE_N/A_ACTUAL_POS] | [EVENT_BEFORE_N/A_ACTUAL_POS] --(BEFORE)--> [EVENT_BEFORE_N/A_ACTUAL_POS],laminectomie,BEFORE,Imagerie,BEFORE,bilan,BEFORE,sérologies,BEFORE,sclérothérapie,,
116,49,FR100894,[EVENT_BEFORE_N/A_ACTUAL_POS] --(BEFORE)--> [EVENT_BEFORE_N/A_ACTUAL_POS] | [EVENT_BEFORE_N/A_ACTUAL_POS] --(BEFORE)--> [EVENT_BEFORE_N/A_ACTUAL_POS] | [EVENT_BEFORE_N/A_ACTUAL_POS] --(BEFORE)--> [EVENT_BEFORE_N/A_ACTUAL_POS] | [EVENT_BEFORE_N/A_ACTUAL_POS] --(BEFORE)--> [EVENT_BEFORE_N/A_ACTUAL_POS],IRM,BEFORE,appuyés,BEFORE,diagnostic,BEFORE,pris,BEFORE,incision,,
116,49,FR100903,[EVENT_BEFORE_N/A_ACTUAL_POS] --(BEFORE)--> [EVENT_BEFORE_N/A_ACTUAL_POS] | [EVENT_BEFORE_N/A_ACTUAL_POS] --(BEFORE)--> [EVENT_BEFORE_N/A_ACTUAL_POS] | [EVENT_BEFORE_N/A_ACTUAL_POS] --(BEFORE)--> [EVENT_BEFORE_N/A_ACTUAL_POS] | [EVENT_BEFORE_N/A_ACTUAL_POS] --(BEFORE)--> [EVENT_BEFORE_N/A_ACTUAL_POS],écarté,BEFORE,contrôles,BEFORE,accouchement,BEFORE,décédé,BEFORE,caryotype,,
116,49,FR100946,[EVENT_BEFORE_N/A_ACTUAL_POS] --(BEFORE)--> [EVENT_BEFORE_N/A_ACTUAL_POS] | [EVENT_BEFORE_N/A_ACTUAL_POS] --(BEFORE)--> [EVENT_BEFORE_N/A_ACTUAL_POS] | [EVENT_BEFORE_N/A_ACTUAL_POS] --(BEFORE)--> [EVENT_BEFORE_N/A_ACTUAL_POS] | [EVENT_BEFORE_N/A_ACTUAL_POS] --(BEFORE)--> [EVENT_BEFORE_N/A_ACTUAL_POS],IRM,BEFORE,analyse,BEFORE,mise,BEFORE,analyse,BEFORE,mise,,
116,49,FR100996,[EVENT_BEFORE_N/A_ACTUAL_POS] --(BEFORE)--> [EVENT_BEFORE_N/A_ACTUAL_POS] | [EVENT_BEFORE_N/A_ACTUAL_POS] --(BEFORE)--> [EVENT_BEFORE_N/A_ACTUAL_POS] | [EVENT_BEFORE_N/A_ACTUAL_POS] --(BEFORE)--> [EVENT_BEFORE_N/A_ACTUAL_POS] | [EVENT_BEFORE_N/A_ACTUAL_POS] --(BEFORE)--> [EVENT_BEFORE_N/A_ACTUAL_POS],tomodensitométrie,BEFORE,injection,BEFORE,retenu,BEFORE,chirurgical,BEFORE,suites,,
20,45,FR100003,[EVENT_BEFORE_N/A_ACTUAL_POS] --(CONTAINS)--> [EVENT_BEFORE_N/A_ACTUAL_POS] | [EVENT_BEFORE_N/A_ACTUAL_POS] --(BEFORE)--> [EVENT_BEFORE_N/A_ACTUAL_POS] | [EVENT_BEFORE_N/A_ACTUAL_POS] --(BEFORE)--> [EVENT_BEFORE_N/A_ACTUAL_POS] | [EVENT_BEFORE_N/A_ACTUAL_POS] --(BEFORE)--> [EVENT_BEFORE_N/A_ACTUAL_POS] | [EVENT_BEFORE_N/A_ACTUAL_POS] --(BEFORE)--> [EVENT_BEFORE_N/A_ACTUAL_POS],CRP,CONTAINS,bilan,BEFORE,TDM,BEFORE,panoramique,BEFORE,ponction,BEFORE,examen
20,45,FR100092,[EVENT_BEFORE_N/A_ACTUAL_POS] --(CONTAINS)--> [EVENT_BEFORE_N/A_ACTUAL_POS] | [EVENT_BEFORE_N/A_ACTUAL_POS] --(BEFORE)--> [EVENT_BEFORE_N/A_ACTUAL_POS] | [EVENT_BEFORE_N/A_ACTUAL_POS] --(BEFORE)--> [EVENT_BEFORE_N/A_ACTUAL_POS] | [EVENT_BEFORE_N/A_ACTUAL_POS] --(BEFORE)--> [EVENT_BEFORE_N/A_ACTUAL_POS] | [EVENT_BEFORE_N/A_ACTUAL_POS] --(BEFORE)--> [EVENT_BEFORE_N/A_ACTUAL_POS],empâtement,CONTAINS,examen,BEFORE,échographie,BEFORE,tableau,BEFORE,reste,BEFORE,minilaparotomie
20,45,FR100130,[EVENT_BEFORE_N/A_ACTUAL_POS] --(CONTAINS)--> [EVENT_BEFORE_N/A_ACTUAL_POS] | [EVENT_BEFORE_N/A_ACTUAL_POS] --(BEFORE)--> [EVENT_BEFORE_N/A_ACTUAL_POS] | [EVENT_BEFORE_N/A_ACTUAL_POS] --(BEFORE)--> [EVENT_BEFORE_N/A_ACTUAL_POS] | [EVENT_BEFORE_N/A_ACTUAL_POS] --(BEFORE)--> [EVENT_BEFORE_N/A_ACTUAL_POS] | [EVENT_BEFORE_N/A_ACTUAL_POS] --(BEFORE)--> [EVENT_BEFORE_N/A_ACTUAL_POS],activité,CONTAINS,électromyogramme,BEFORE,confirmé,BEFORE,recherche,BEFORE,séjour,BEFORE,bilan
20,45,FR100142,[EVENT_BEFORE_N/A_ACTUAL_POS] --(CONTAINS)--> [EVENT_BEFORE_N/A_ACTUAL_POS] | [EVENT_BEFORE_N/A_ACTUAL_POS] --(BEFORE)--> [EVENT_BEFORE_N/A_ACTUAL_POS] | [EVENT_BEFORE_N/A_ACTUAL_POS] --(BEFORE)--> [EVENT_BEFORE_N/A_ACTUAL_POS] | [EVENT_BEFORE_N/A_ACTUAL_POS] --(BEFORE)--> [EVENT_BEFORE_N/A_ACTUAL_POS] | [EVENT_BEFORE_N/A_ACTUAL_POS] --(BEFORE)--> [EVENT_BEFORE_N/A_ACTUAL_POS],lésions,CONTAINS,examen,BEFORE,électrophorèse,BEFORE,scanner,BEFORE,fibroscopie,BEFORE,biopsie
20,45,FR100161,[EVENT_BEFORE_N/A_ACTUAL_POS] --(CONTAINS)--> [EVENT_BEFORE_N/A_ACTUAL_POS] | [EVENT_BEFORE_N/A_ACTUAL_POS] --(BEFORE)--> [EVENT_BEFORE_N/A_ACTUAL_POS] | [EVENT_BEFORE_N/A_ACTUAL_POS] --(BEFORE)--> [EVENT_BEFORE_N/A_ACTUAL_POS] | [EVENT_BEFORE_N/A_ACTUAL_POS] --(BEFORE)--> [EVENT_BEFORE_N/A_ACTUAL_POS] | [EVENT_BEFORE_N/A_ACTUAL_POS] --(BEFORE)--> [EVENT_BEFORE_N/A_ACTUAL_POS],cytolyse,CONTAINS,examens,BEFORE,radiographie,BEFORE,complément,BEFORE,cortisol,BEFORE,cortisol
20,45,FR100255,[EVENT_BEFORE_N/A_ACTUAL_POS] --(CONTAINS)--> [EVENT_BEFORE_N/A_ACTUAL_POS] | [EVENT_BEFORE_N/A_ACTUAL_POS] --(BEFORE)--> [EVENT_BEFORE_N/A_ACTUAL_POS] | [EVENT_BEFORE_N/A_ACTUAL_POS] --(BEFORE)--> [EVENT_BEFORE_N/A_ACTUAL_POS] | [EVENT_BEFORE_N/A_ACTUAL_POS] --(BEFORE)--> [EVENT_BEFORE_N/A_ACTUAL_POS] | [EVENT_BEFORE_N/A_ACTUAL_POS] --(BEFORE)--> [EVENT_BEFORE_N/A_ACTUAL_POS],diminution,CONTAINS,examen,BEFORE,examen,BEFORE,échographie,BEFORE,mise,BEFORE,décubitus
20,45,FR100275,[EVENT_BEFORE_N/A_ACTUAL_POS] --(CONTAINS)--> [EVENT_BEFORE_N/A_ACTUAL_POS] | [EVENT_BEFORE_N/A_ACTUAL_POS] --(BEFORE)--> [EVENT_BEFORE_N/A_ACTUAL_POS] | [EVENT_BEFORE_N/A_ACTUAL_POS] --(BEFORE)--> [EVENT_BEFORE_N/A_ACTUAL_POS] | [EVENT_BEFORE_N/A_ACTUAL_POS] --(BEFORE)--> [EVENT_BEFORE_N/A_ACTUAL_POS] | [EVENT_BEFORE_N/A_ACTUAL_POS] --(BEFORE)--> [EVENT_BEFORE_N/A_ACTUAL_POS],ouverts,CONTAINS,arrivée,BEFORE,établi,BEFORE,manœuvres,BEFORE,transféré,BEFORE,anamnèse
20,45,FR100283,[EVENT_BEFORE_N/A_ACTUAL_POS] --(CONTAINS)--> [EVENT_BEFORE_N/A_ACTUAL_POS] | [EVENT_BEFORE_N/A_ACTUAL_POS] --(BEFORE)--> [EVENT_BEFORE_N/A_ACTUAL_POS] | [EVENT_BEFORE_N/A_ACTUAL_POS] --(BEFORE)--> [EVENT_BEFORE_N/A_ACTUAL_POS] | [EVENT_BEFORE_N/A_ACTUAL_POS] --(BEFORE)--> [EVENT_BEFORE_N/A_ACTUAL_POS] | [EVENT_BEFORE_N/A_ACTUAL_POS] --(BEFORE)--> [EVENT_BEFORE_N/A_ACTUAL_POS],consulté,CONTAINS,bilan,BEFORE,IRM,BEFORE,hypophysiogramme,BEFORE,traitement,BEFORE,évolution
20,45,FR100296,[EVENT_BEFORE_N/A_ACTUAL_POS] --(CONTAINS)--> [EVENT_BEFORE_N/A_ACTUAL_POS] | [EVENT_BEFORE_N/A_ACTUAL_POS] --(BEFORE)--> [EVENT_BEFORE_N/A_ACTUAL_POS] | [EVENT_BEFORE_N/A_ACTUAL_POS] --(BEFORE)--> [EVENT_BEFORE_N/A_ACTUAL_POS] | [EVENT_BEFORE_N/A_ACTUAL_POS] --(BEFORE)--> [EVENT_BEFORE_N/A_ACTUAL_POS] | [EVENT_BEFORE_N/A_ACTUAL_POS] --(BEFORE)--> [EVENT_BEFORE_N/A_ACTUAL_POS],phénomènes,CONTAINS,examen,BEFORE,IRM,BEFORE,fenestration,BEFORE,suites,BEFORE,exéaté
20,45,FR100314,[EVENT_BEFORE_N/A_ACTUAL_POS] --(CONTAINS)--> [EVENT_BEFORE_N/A_ACTUAL_POS] | [EVENT_BEFORE_N/A_ACTUAL_POS] --(BEFORE)--> [EVENT_BEFORE_N/A_ACTUAL_POS] | [EVENT_BEFORE_N/A_ACTUAL_POS] --(BEFORE)--> [EVENT_BEFORE_N/A_ACTUAL_POS] | [EVENT_BEFORE_N/A_ACTUAL_POS] --(BEFORE)--> [EVENT_BEFORE_N/A_ACTUAL_POS] | [EVENT_BEFORE_N/A_ACTUAL_POS] --(BEFORE)--> [EVENT_BEFORE_N/A_ACTUAL_POS],fracture,CONTAINS,bilan,BEFORE,drainage,BEFORE,angio-scanner,BEFORE,amputation,BEFORE,mise
20,45,FR100344,[EVENT_BEFORE_N/A_ACTUAL_POS] --(CONTAINS)--> [EVENT_BEFORE_N/A_ACTUAL_POS] | [EVENT_BEFORE_N/A_ACTUAL_POS] --(BEFORE)--> [EVENT_BEFORE_N/A_ACTUAL_POS] | [EVENT_BEFORE_N/A_ACTUAL_POS] --(BEFORE)--> [EVENT_BEFORE_N/A_ACTUAL_POS] | [EVENT_BEFORE_N/A_ACTUAL_POS] --(BEFORE)--> [EVENT_BEFORE_N/A_ACTUAL_POS] | [EVENT_BEFORE_N/A_ACTUAL_POS] --(BEFORE)--> [EVENT_BEFORE_N/A_ACTUAL_POS],évolution,CONTAINS,déroulée,BEFORE,plainte,BEFORE,examen,BEFORE,césarienne,BEFORE,pesait
20,45,FR100346,[EVENT_BEFORE_N/A_ACTUAL_POS] --(CONTAINS)--> [EVENT_BEFORE_N/A_ACTUAL_POS] | [EVENT_BEFORE_N/A_ACTUAL_POS] --(BEFORE)--> [EVENT_BEFORE_N/A_ACTUAL_POS] | [EVENT_BEFORE_N/A_ACTUAL_POS] --(BEFORE)--> [EVENT_BEFORE_N/A_ACTUAL_POS] | [EVENT_BEFORE_N/A_ACTUAL_POS] --(BEFORE)--> [EVENT_BEFORE_N/A_ACTUAL_POS] | [EVENT_BEFORE_N/A_ACTUAL_POS] --(BEFORE)--> [EVENT_BEFORE_N/A_ACTUAL_POS],pouls,CONTAINS,examen,BEFORE,gazométrie,BEFORE,reste,BEFORE,radiographie,BEFORE,angioscanner
20,45,FR100360,[EVENT_BEFORE_N/A_ACTUAL_POS] --(CONTAINS)--> [EVENT_BEFORE_N/A_ACTUAL_POS] | [EVENT_BEFORE_N/A_ACTUAL_POS] --(BEFORE)--> [EVENT_BEFORE_N/A_ACTUAL_POS] | [EVENT_BEFORE_N/A_ACTUAL_POS] --(BEFORE)--> [EVENT_BEFORE_N/A_ACTUAL_POS] | [EVENT_BEFORE_N/A_ACTUAL_POS] --(BEFORE)--> [EVENT_BEFORE_N/A_ACTUAL_POS] | [EVENT_BEFORE_N/A_ACTUAL_POS] --(BEFORE)--> [EVENT_BEFORE_N/A_ACTUAL_POS],lésion,CONTAINS,tomodensitométrie,BEFORE,complément,BEFORE,biopsie,BEFORE,tomodensitométrie,BEFORE,radiothérapie
20,45,FR100361,[EVENT_BEFORE_N/A_ACTUAL_POS] --(CONTAINS)--> [EVENT_BEFORE_N/A_ACTUAL_POS] | [EVENT_BEFORE_N/A_ACTUAL_POS] --(BEFORE)--> [EVENT_BEFORE_N/A_ACTUAL_POS] | [EVENT_BEFORE_N/A_ACTUAL_POS] --(BEFORE)--> [EVENT_BEFORE_N/A_ACTUAL_POS] | [EVENT_BEFORE_N/A_ACTUAL_POS] --(BEFORE)--> [EVENT_BEFORE_N/A_ACTUAL_POS] | [EVENT_BEFORE_N/A_ACTUAL_POS] --(BEFORE)--> [EVENT_BEFORE_N/A_ACTUAL_POS],processus,CONTAINS,TDM,BEFORE,ponction,BEFORE,examen,BEFORE,examen,BEFORE,culture
20,45,FR100371,[EVENT_BEFORE_N/A_ACTUAL_POS] --(CONTAINS)--> [EVENT_BEFORE_N/A_ACTUAL_POS] | [EVENT_BEFORE_N/A_ACTUAL_POS] --(BEFORE)--> [EVENT_BEFORE_N/A_ACTUAL_POS] | [EVENT_BEFORE_N/A_ACTUAL_POS] --(BEFORE)--> [EVENT_BEFORE_N/A_ACTUAL_POS] | [EVENT_BEFORE_N/A_ACTUAL_POS] --(BEFORE)--> [EVENT_BEFORE_N/A_ACTUAL_POS] | [EVENT_BEFORE_N/A_ACTUAL_POS] --(BEFORE)--> [EVENT_BEFORE_N/A_ACTUAL_POS],pesait,CONTAINS,examen,BEFORE,examen,BEFORE,bilan,BEFORE,bilan,BEFORE,intervention
20,45,FR100400,[EVENT_BEFORE_N/A_ACTUAL_POS] --(CONTAINS)--> [EVENT_BEFORE_N/A_ACTUAL_POS] | [EVENT_BEFORE_N/A_ACTUAL_POS] --(BEFORE)--> [EVENT_BEFORE_N/A_ACTUAL_POS] | [EVENT_BEFORE_N/A_ACTUAL_POS] --(BEFORE)--> [EVENT_BEFORE_N/A_ACTUAL_POS] | [EVENT_BEFORE_N/A_ACTUAL_POS] --(BEFORE)--> [EVENT_BEFORE_N/A_ACTUAL_POS] | [EVENT_BEFORE_N/A_ACTUAL_POS] --(BEFORE)--> [EVENT_BEFORE_N/A_ACTUAL_POS],état,CONTAINS,examen,BEFORE,bilan,BEFORE,Radiographie,BEFORE,échographie,BEFORE,scanner
20,45,FR100439,[EVENT_BEFORE_N/A_ACTUAL_POS] --(CONTAINS)--> [EVENT_BEFORE_N/A_ACTUAL_POS] | [EVENT_BEFORE_N/A_ACTUAL_POS] --(BEFORE)--> [EVENT_BEFORE_N/A_ACTUAL_POS] | [EVENT_BEFORE_N/A_ACTUAL_POS] --(BEFORE)--> [EVENT_BEFORE_N/A_ACTUAL_POS] | [EVENT_BEFORE_N/A_ACTUAL_POS] --(BEFORE)--> [EVENT_BEFORE_N/A_ACTUAL_POS] | [EVENT_BEFORE_N/A_ACTUAL_POS] --(BEFORE)--> [EVENT_BEFORE_N/A_ACTUAL_POS],anesthésie,CONTAINS,endoscopie,BEFORE,biopsies,BEFORE,analyse,BEFORE,exploration,BEFORE,posant
20,45,FR100480,[EVENT_BEFORE_N/A_ACTUAL_POS] --(CONTAINS)--> [EVENT_BEFORE_N/A_ACTUAL_POS] | [EVENT_BEFORE_N/A_ACTUAL_POS] --(BEFORE)--> [EVENT_BEFORE_N/A_ACTUAL_POS] | [EVENT_BEFORE_N/A_ACTUAL_POS] --(BEFORE)--> [EVENT_BEFORE_N/A_ACTUAL_POS] | [EVENT_BEFORE_N/A_ACTUAL_POS] --(BEFORE)--> [EVENT_BEFORE_N/A_ACTUAL_POS] | [EVENT_BEFORE_N/A_ACTUAL_POS] --(BEFORE)--> [EVENT_BEFORE_N/A_ACTUAL_POS],libres,CONTAINS,examen,BEFORE,imagerie,BEFORE,bilan,BEFORE,scanner,BEFORE,Tomographie
20,45,FR100517,[EVENT_BEFORE_N/A_ACTUAL_POS] --(CONTAINS)--> [EVENT_BEFORE_N/A_ACTUAL_POS] | [EVENT_BEFORE_N/A_ACTUAL_POS] --(BEFORE)--> [EVENT_BEFORE_N/A_ACTUAL_POS] | [EVENT_BEFORE_N/A_ACTUAL_POS] --(BEFORE)--> [EVENT_BEFORE_N/A_ACTUAL_POS] | [EVENT_BEFORE_N/A_ACTUAL_POS] --(BEFORE)--> [EVENT_BEFORE_N/A_ACTUAL_POS] | [EVENT_BEFORE_N/A_ACTUAL_POS] --(BEFORE)--> [EVENT_BEFORE_N/A_ACTUAL_POS],syndrome,CONTAINS,bilan,BEFORE,électromyogramme,BEFORE,bilan,BEFORE,explorations,BEFORE,porté
20,45,FR100589,[EVENT_BEFORE_N/A_ACTUAL_POS] --(CONTAINS)--> [EVENT_BEFORE_N/A_ACTUAL_POS] | [EVENT_BEFORE_N/A_ACTUAL_POS] --(BEFORE)--> [EVENT_BEFORE_N/A_ACTUAL_POS] | [EVENT_BEFORE_N/A_ACTUAL_POS] --(BEFORE)--> [EVENT_BEFORE_N/A_ACTUAL_POS] | [EVENT_BEFORE_N/A_ACTUAL_POS] --(BEFORE)--> [EVENT_BEFORE_N/A_ACTUAL_POS] | [EVENT_BEFORE_N/A_ACTUAL_POS] --(BEFORE)--> [EVENT_BEFORE_N/A_ACTUAL_POS],discuté,CONTAINS,évoqué,BEFORE,rechercher,BEFORE,bronchoscopie,BEFORE,lavage,BEFORE,biopsies
20,45,FR100597,[EVENT_BEFORE_N/A_ACTUAL_POS] --(CONTAINS)--> [EVENT_BEFORE_N/A_ACTUAL_POS] | [EVENT_BEFORE_N/A_ACTUAL_POS] --(BEFORE)--> [EVENT_BEFORE_N/A_ACTUAL_POS] | [EVENT_BEFORE_N/A_ACTUAL_POS] --(BEFORE)--> [EVENT_BEFORE_N/A_ACTUAL_POS] | [EVENT_BEFORE_N/A_ACTUAL_POS] --(BEFORE)--> [EVENT_BEFORE_N/A_ACTUAL_POS] | [EVENT_BEFORE_N/A_ACTUAL_POS] --(BEFORE)--> [EVENT_BEFORE_N/A_ACTUAL_POS],consultation,CONTAINS,examen,BEFORE,examen,BEFORE,examen,BEFORE,toucher,BEFORE,reste
20,45,FR100611,[EVENT_BEFORE_N/A_ACTUAL_POS] --(CONTAINS)--> [EVENT_BEFORE_N/A_ACTUAL_POS] | [EVENT_BEFORE_N/A_ACTUAL_POS] --(BEFORE)--> [EVENT_BEFORE_N/A_ACTUAL_POS] | [EVENT_BEFORE_N/A_ACTUAL_POS] --(BEFORE)--> [EVENT_BEFORE_N/A_ACTUAL_POS] | [EVENT_BEFORE_N/A_ACTUAL_POS] --(BEFORE)--> [EVENT_BEFORE_N/A_ACTUAL_POS] | [EVENT_BEFORE_N/A_ACTUAL_POS] --(BEFORE)--> [EVENT_BEFORE_N/A_ACTUAL_POS],trouble,CONTAINS,admission,BEFORE,examen,BEFORE,IRM,BEFORE,étude,BEFORE,examen
20,45,FR100614,[EVENT_BEFORE_N/A_ACTUAL_POS] --(CONTAINS)--> [EVENT_BEFORE_N/A_ACTUAL_POS] | [EVENT_BEFORE_N/A_ACTUAL_POS] --(BEFORE)--> [EVENT_BEFORE_N/A_ACTUAL_POS] | [EVENT_BEFORE_N/A_ACTUAL_POS] --(BEFORE)--> [EVENT_BEFORE_N/A_ACTUAL_POS] | [EVENT_BEFORE_N/A_ACTUAL_POS] --(BEFORE)--> [EVENT_BEFORE_N/A_ACTUAL_POS] | [EVENT_BEFORE_N/A_ACTUAL_POS] --(BEFORE)--> [EVENT_BEFORE_N/A_ACTUAL_POS],masse,CONTAINS,examen,BEFORE,échographique,BEFORE,tomodensitométrie,BEFORE,radiographie,BEFORE,échographie
20,45,FR100620,[EVENT_BEFORE_N/A_ACTUAL_POS] --(CONTAINS)--> [EVENT_BEFORE_N/A_ACTUAL_POS] | [EVENT_BEFORE_N/A_ACTUAL_POS] --(BEFORE)--> [EVENT_BEFORE_N/A_ACTUAL_POS] | [EVENT_BEFORE_N/A_ACTUAL_POS] --(BEFORE)--> [EVENT_BEFORE_N/A_ACTUAL_POS] | [EVENT_BEFORE_N/A_ACTUAL_POS] --(BEFORE)--> [EVENT_BEFORE_N/A_ACTUAL_POS] | [EVENT_BEFORE_N/A_ACTUAL_POS] --(BEFORE)--> [EVENT_BEFORE_N/A_ACTUAL_POS],DEP,CONTAINS,examen,BEFORE,radiographie,BEFORE,drainage,BEFORE,radiographie,BEFORE,demandé
20,45,FR100623,[EVENT_BEFORE_N/A_ACTUAL_POS] --(CONTAINS)--> [EVENT_BEFORE_N/A_ACTUAL_POS] | [EVENT_BEFORE_N/A_ACTUAL_POS] --(BEFORE)--> [EVENT_BEFORE_N/A_ACTUAL_POS] | [EVENT_BEFORE_N/A_ACTUAL_POS] --(BEFORE)--> [EVENT_BEFORE_N/A_ACTUAL_POS] | [EVENT_BEFORE_N/A_ACTUAL_POS] --(BEFORE)--> [EVENT_BEFORE_N/A_ACTUAL_POS] | [EVENT_BEFORE_N/A_ACTUAL_POS] --(BEFORE)--> [EVENT_BEFORE_N/A_ACTUAL_POS],matières,CONTAINS,consulté,BEFORE,examen,BEFORE,échographie,BEFORE,tomodensitométrie,BEFORE,retenu
20,45,FR100629,[EVENT_BEFORE_N/A_ACTUAL_POS] --(CONTAINS)--> [EVENT_BEFORE_N/A_ACTUAL_POS] | [EVENT_BEFORE_N/A_ACTUAL_POS] --(BEFORE)--> [EVENT_BEFORE_N/A_ACTUAL_POS] | [EVENT_BEFORE_N/A_ACTUAL_POS] --(BEFORE)--> [EVENT_BEFORE_N/A_ACTUAL_POS] | [EVENT_BEFORE_N/A_ACTUAL_POS] --(BEFORE)--> [EVENT_BEFORE_N/A_ACTUAL_POS] | [EVENT_BEFORE_N/A_ACTUAL_POS] --(BEFORE)--> [EVENT_BEFORE_N/A_ACTUAL_POS],sarcome,CONTAINS,thoracoscopie,BEFORE,marquage,BEFORE,bilan,BEFORE,décision,BEFORE,chimiothérapie
20,45,FR100632,[EVENT_BEFORE_N/A_ACTUAL_POS] --(CONTAINS)--> [EVENT_BEFORE_N/A_ACTUAL_POS] | [EVENT_BEFORE_N/A_ACTUAL_POS] --(BEFORE)--> [EVENT_BEFORE_N/A_ACTUAL_POS] | [EVENT_BEFORE_N/A_ACTUAL_POS] --(BEFORE)--> [EVENT_BEFORE_N/A_ACTUAL_POS] | [EVENT_BEFORE_N/A_ACTUAL_POS] --(BEFORE)--> [EVENT_BEFORE_N/A_ACTUAL_POS] | [EVENT_BEFORE_N/A_ACTUAL_POS] --(BEFORE)--> [EVENT_BEFORE_N/A_ACTUAL_POS],état,CONTAINS,examen,BEFORE,examen,BEFORE,IRM,BEFORE,IRM,BEFORE,étude
20,45,FR100663,[EVENT_BEFORE_N/A_ACTUAL_POS] --(CONTAINS)--> [EVENT_BEFORE_N/A_ACTUAL_POS] | [EVENT_BEFORE_N/A_ACTUAL_POS] --(BEFORE)--> [EVENT_BEFORE_N/A_ACTUAL_POS] | [EVENT_BEFORE_N/A_ACTUAL_POS] --(BEFORE)--> [EVENT_BEFORE_N/A_ACTUAL_POS] | [EVENT_BEFORE_N/A_ACTUAL_POS] --(BEFORE)--> [EVENT_BEFORE_N/A_ACTUAL_POS] | [EVENT_BEFORE_N/A_ACTUAL_POS] --(BEFORE)--> [EVENT_BEFORE_N/A_ACTUAL_POS],stable,CONTAINS,examen,BEFORE,examen,BEFORE,échographie,BEFORE,taux,BEFORE,tenté
20,45,FR100666,[EVENT_BEFORE_N/A_ACTUAL_POS] --(CONTAINS)--> [EVENT_BEFORE_N/A_ACTUAL_POS] | [EVENT_BEFORE_N/A_ACTUAL_POS] --(BEFORE)--> [EVENT_BEFORE_N/A_ACTUAL_POS] | [EVENT_BEFORE_N/A_ACTUAL_POS] --(BEFORE)--> [EVENT_BEFORE_N/A_ACTUAL_POS] | [EVENT_BEFORE_N/A_ACTUAL_POS] --(BEFORE)--> [EVENT_BEFORE_N/A_ACTUAL_POS] | [EVENT_BEFORE_N/A_ACTUAL_POS] --(BEFORE)--> [EVENT_BEFORE_N/A_ACTUAL_POS],asymétrie,CONTAINS,examen,BEFORE,examen,BEFORE,palpation,BEFORE,radiographie,BEFORE,tomodensitométrie
20,45,FR100683,[EVENT_BEFORE_N/A_ACTUAL_POS] --(CONTAINS)--> [EVENT_BEFORE_N/A_ACTUAL_POS] | [EVENT_BEFORE_N/A_ACTUAL_POS] --(BEFORE)--> [EVENT_BEFORE_N/A_ACTUAL_POS] | [EVENT_BEFORE_N/A_ACTUAL_POS] --(BEFORE)--> [EVENT_BEFORE_N/A_ACTUAL_POS] | [EVENT_BEFORE_N/A_ACTUAL_POS] --(BEFORE)--> [EVENT_BEFORE_N/A_ACTUAL_POS] | [EVENT_BEFORE_N/A_ACTUAL_POS] --(BEFORE)--> [EVENT_BEFORE_N/A_ACTUAL_POS],glycémie,CONTAINS,exploration,BEFORE,exploration,BEFORE,IRM,BEFORE,écho-mammographie,BEFORE,osteodensitométrie
20,45,FR100688,[EVENT_BEFORE_N/A_ACTUAL_POS] --(CONTAINS)--> [EVENT_BEFORE_N/A_ACTUAL_POS] | [EVENT_BEFORE_N/A_ACTUAL_POS] --(BEFORE)--> [EVENT_BEFORE_N/A_ACTUAL_POS] | [EVENT_BEFORE_N/A_ACTUAL_POS] --(BEFORE)--> [EVENT_BEFORE_N/A_ACTUAL_POS] | [EVENT_BEFORE_N/A_ACTUAL_POS] --(BEFORE)--> [EVENT_BEFORE_N/A_ACTUAL_POS] | [EVENT_BEFORE_N/A_ACTUAL_POS] --(BEFORE)--> [EVENT_BEFORE_N/A_ACTUAL_POS],poids,CONTAINS,examen,BEFORE,examen,BEFORE,examen,BEFORE,sérologie,BEFORE,intradermoréaction
20,45,FR100689,[EVENT_BEFORE_N/A_ACTUAL_POS] --(CONTAINS)--> [EVENT_BEFORE_N/A_ACTUAL_POS] | [EVENT_BEFORE_N/A_ACTUAL_POS] --(BEFORE)--> [EVENT_BEFORE_N/A_ACTUAL_POS] | [EVENT_BEFORE_N/A_ACTUAL_POS] --(BEFORE)--> [EVENT_BEFORE_N/A_ACTUAL_POS] | [EVENT_BEFORE_N/A_ACTUAL_POS] --(BEFORE)--> [EVENT_BEFORE_N/A_ACTUAL_POS] | [EVENT_BEFORE_N/A_ACTUAL_POS] --(BEFORE)--> [EVENT_BEFORE_N/A_ACTUAL_POS],positive,CONTAINS,PCR,BEFORE,scanner,BEFORE,hémogramme,BEFORE,ionogramme,BEFORE,examen
20,45,FR100697,[EVENT_BEFORE_N/A_ACTUAL_POS] --(CONTAINS)--> [EVENT_BEFORE_N/A_ACTUAL_POS] | [EVENT_BEFORE_N/A_ACTUAL_POS] --(BEFORE)--> [EVENT_BEFORE_N/A_ACTUAL_POS] | [EVENT_BEFORE_N/A_ACTUAL_POS] --(BEFORE)--> [EVENT_BEFORE_N/A_ACTUAL_POS] | [EVENT_BEFORE_N/A_ACTUAL_POS] --(BEFORE)--> [EVENT_BEFORE_N/A_ACTUAL_POS] | [EVENT_BEFORE_N/A_ACTUAL_POS] --(BEFORE)--> [EVENT_BEFORE_N/A_ACTUAL_POS],adénopathies,CONTAINS,palpation,BEFORE,examen,BEFORE,mammographie,BEFORE,échographie,BEFORE,examen
20,45,FR100708,[EVENT_BEFORE_N/A_ACTUAL_POS] --(CONTAINS)--> [EVENT_BEFORE_N/A_ACTUAL_POS] | [EVENT_BEFORE_N/A_ACTUAL_POS] --(BEFORE)--> [EVENT_BEFORE_N/A_ACTUAL_POS] | [EVENT_BEFORE_N/A_ACTUAL_POS] --(BEFORE)--> [EVENT_BEFORE_N/A_ACTUAL_POS] | [EVENT_BEFORE_N/A_ACTUAL_POS] --(BEFORE)--> [EVENT_BEFORE_N/A_ACTUAL_POS] | [EVENT_BEFORE_N/A_ACTUAL_POS] --(BEFORE)--> [EVENT_BEFORE_N/A_ACTUAL_POS],consulté,CONTAINS,examen,BEFORE,mammographie,BEFORE,échographie,BEFORE,ponction,BEFORE,étude
20,45,FR100717,[EVENT_BEFORE_N/A_ACTUAL_POS] --(CONTAINS)--> [EVENT_BEFORE_N/A_ACTUAL_POS] | [EVENT_BEFORE_N/A_ACTUAL_POS] --(BEFORE)--> [EVENT_BEFORE_N/A_ACTUAL_POS] | [EVENT_BEFORE_N/A_ACTUAL_POS] --(BEFORE)--> [EVENT_BEFORE_N/A_ACTUAL_POS] | [EVENT_BEFORE_N/A_ACTUAL_POS] --(BEFORE)--> [EVENT_BEFORE_N/A_ACTUAL_POS] | [EVENT_BEFORE_N/A_ACTUAL_POS] --(BEFORE)--> [EVENT_BEFORE_N/A_ACTUAL_POS],Lasègue,CONTAINS,examen,BEFORE,examens,BEFORE,scanner,BEFORE,IRM,BEFORE,laminectomie
20,45,FR100748,[EVENT_BEFORE_N/A_ACTUAL_POS] --(CONTAINS)--> [EVENT_BEFORE_N/A_ACTUAL_POS] | [EVENT_BEFORE_N/A_ACTUAL_POS] --(BEFORE)--> [EVENT_BEFORE_N/A_ACTUAL_POS] | [EVENT_BEFORE_N/A_ACTUAL_POS] --(BEFORE)--> [EVENT_BEFORE_N/A_ACTUAL_POS] | [EVENT_BEFORE_N/A_ACTUAL_POS] --(BEFORE)--> [EVENT_BEFORE_N/A_ACTUAL_POS] | [EVENT_BEFORE_N/A_ACTUAL_POS] --(BEFORE)--> [EVENT_BEFORE_N/A_ACTUAL_POS],intervention,CONTAINS,mobilisation,BEFORE,suites,BEFORE,transférée,BEFORE,regagné,BEFORE,recul
20,45,FR100806,[EVENT_BEFORE_N/A_ACTUAL_POS] --(CONTAINS)--> [EVENT_BEFORE_N/A_ACTUAL_POS] | [EVENT_BEFORE_N/A_ACTUAL_POS] --(BEFORE)--> [EVENT_BEFORE_N/A_ACTUAL_POS] | [EVENT_BEFORE_N/A_ACTUAL_POS] --(BEFORE)--> [EVENT_BEFORE_N/A_ACTUAL_POS] | [EVENT_BEFORE_N/A_ACTUAL_POS] --(BEFORE)--> [EVENT_BEFORE_N/A_ACTUAL_POS] | [EVENT_BEFORE_N/A_ACTUAL_POS] --(BEFORE)--> [EVENT_BEFORE_N/A_ACTUAL_POS],LDH,CONTAINS,biologie,BEFORE,tomodensitométrie,BEFORE,prise,BEFORE,examen,BEFORE,suites
20,45,FR100826,[EVENT_BEFORE_N/A_ACTUAL_POS] --(CONTAINS)--> [EVENT_BEFORE_N/A_ACTUAL_POS] | [EVENT_BEFORE_N/A_ACTUAL_POS] --(BEFORE)--> [EVENT_BEFORE_N/A_ACTUAL_POS] | [EVENT_BEFORE_N/A_ACTUAL_POS] --(BEFORE)--> [EVENT_BEFORE_N/A_ACTUAL_POS] | [EVENT_BEFORE_N/A_ACTUAL_POS] --(BEFORE)--> [EVENT_BEFORE_N/A_ACTUAL_POS] | [EVENT_BEFORE_N/A_ACTUAL_POS] --(BEFORE)--> [EVENT_BEFORE_N/A_ACTUAL_POS],termine,CONTAINS,bilan,BEFORE,bilan,BEFORE,retenue,BEFORE,exploration,BEFORE,suites
20,45,FR100845,[EVENT_BEFORE_N/A_ACTUAL_POS] --(CONTAINS)--> [EVENT_BEFORE_N/A_ACTUAL_POS] | [EVENT_BEFORE_N/A_ACTUAL_POS] --(BEFORE)--> [EVENT_BEFORE_N/A_ACTUAL_POS] | [EVENT_BEFORE_N/A_ACTUAL_POS] --(BEFORE)--> [EVENT_BEFORE_N/A_ACTUAL_POS] | [EVENT_BEFORE_N/A_ACTUAL_POS] --(BEFORE)--> [EVENT_BEFORE_N/A_ACTUAL_POS] | [EVENT_BEFORE_N/A_ACTUAL_POS] --(BEFORE)--> [EVENT_BEFORE_N/A_ACTUAL_POS],grossesse,CONTAINS,échographie,BEFORE,radiographie,BEFORE,décision,BEFORE,extraction,BEFORE,Apgar
20,45,FR100870,[EVENT_BEFORE_N/A_ACTUAL_POS] --(CONTAINS)--> [EVENT_BEFORE_N/A_ACTUAL_POS] | [EVENT_BEFORE_N/A_ACTUAL_POS] --(BEFORE)--> [EVENT_BEFORE_N/A_ACTUAL_POS] | [EVENT_BEFORE_N/A_ACTUAL_POS] --(BEFORE)--> [EVENT_BEFORE_N/A_ACTUAL_POS] | [EVENT_BEFORE_N/A_ACTUAL_POS] --(BEFORE)--> [EVENT_BEFORE_N/A_ACTUAL_POS] | [EVENT_BEFORE_N/A_ACTUAL_POS] --(BEFORE)--> [EVENT_BEFORE_N/A_ACTUAL_POS],bilan,CONTAINS,hémogramme,BEFORE,bilan,BEFORE,IRM,BEFORE,électrophorèse,BEFORE,immunosoustraction
20,45,FR100874,[EVENT_BEFORE_N/A_ACTUAL_POS] --(CONTAINS)--> [EVENT_BEFORE_N/A_ACTUAL_POS] | [EVENT_BEFORE_N/A_ACTUAL_POS] --(BEFORE)--> [EVENT_BEFORE_N/A_ACTUAL_POS] | [EVENT_BEFORE_N/A_ACTUAL_POS] --(BEFORE)--> [EVENT_BEFORE_N/A_ACTUAL_POS] | [EVENT_BEFORE_N/A_ACTUAL_POS] --(BEFORE)--> [EVENT_BEFORE_N/A_ACTUAL_POS] | [EVENT_BEFORE_N/A_ACTUAL_POS] --(BEFORE)--> [EVENT_BEFORE_N/A_ACTUAL_POS],perte,CONTAINS,examen,BEFORE,hémogramme,BEFORE,fibroscopie,BEFORE,transit,BEFORE,tomodensitométrie
20,45,FR100882,[EVENT_BEFORE_N/A_ACTUAL_POS] --(CONTAINS)--> [EVENT_BEFORE_N/A_ACTUAL_POS] | [EVENT_BEFORE_N/A_ACTUAL_POS] --(BEFORE)--> [EVENT_BEFORE_N/A_ACTUAL_POS] | [EVENT_BEFORE_N/A_ACTUAL_POS] --(BEFORE)--> [EVENT_BEFORE_N/A_ACTUAL_POS] | [EVENT_BEFORE_N/A_ACTUAL_POS] --(BEFORE)--> [EVENT_BEFORE_N/A_ACTUAL_POS] | [EVENT_BEFORE_N/A_ACTUAL_POS] --(BEFORE)--> [EVENT_BEFORE_N/A_ACTUAL_POS],recherche,CONTAINS,scanner,BEFORE,laminectomie,BEFORE,Imagerie,BEFORE,bilan,BEFORE,sérologies
20,45,FR100903,[EVENT_BEFORE_N/A_ACTUAL_POS] --(CONTAINS)--> [EVENT_BEFORE_N/A_ACTUAL_POS] | [EVENT_BEFORE_N/A_ACTUAL_POS] --(BEFORE)--> [EVENT_BEFORE_N/A_ACTUAL_POS] | [EVENT_BEFORE_N/A_ACTUAL_POS] --(BEFORE)--> [EVENT_BEFORE_N/A_ACTUAL_POS] | [EVENT_BEFORE_N/A_ACTUAL_POS] --(BEFORE)--> [EVENT_BEFORE_N/A_ACTUAL_POS] | [EVENT_BEFORE_N/A_ACTUAL_POS] --(BEFORE)--> [EVENT_BEFORE_N/A_ACTUAL_POS],anatomie,CONTAINS,échographie,BEFORE,IRM,BEFORE,diagnostic,BEFORE,écarté,BEFORE,contrôles
20,45,FR100946,[EVENT_BEFORE_N/A_ACTUAL_POS] --(CONTAINS)--> [EVENT_BEFORE_N/A_ACTUAL_POS] | [EVENT_BEFORE_N/A_ACTUAL_POS] --(BEFORE)--> [EVENT_BEFORE_N/A_ACTUAL_POS] | [EVENT_BEFORE_N/A_ACTUAL_POS] --(BEFORE)--> [EVENT_BEFORE_N/A_ACTUAL_POS] | [EVENT_BEFORE_N/A_ACTUAL_POS] --(BEFORE)--> [EVENT_BEFORE_N/A_ACTUAL_POS] | [EVENT_BEFORE_N/A_ACTUAL_POS] --(BEFORE)--> [EVENT_BEFORE_N/A_ACTUAL_POS],processus,CONTAINS,IRM,BEFORE,analyse,BEFORE,mise,BEFORE,analyse,BEFORE,mise
20,45,FR100996,[EVENT_BEFORE_N/A_ACTUAL_POS] --(CONTAINS)--> [EVENT_BEFORE_N/A_ACTUAL_POS] | [EVENT_BEFORE_N/A_ACTUAL_POS] --(BEFORE)--> [EVENT_BEFORE_N/A_ACTUAL_POS] | [EVENT_BEFORE_N/A_ACTUAL_POS] --(BEFORE)--> [EVENT_BEFORE_N/A_ACTUAL_POS] | [EVENT_BEFORE_N/A_ACTUAL_POS] --(BEFORE)--> [EVENT_BEFORE_N/A_ACTUAL_POS] | [EVENT_BEFORE_N/A_ACTUAL_POS] --(BEFORE)--> [EVENT_BEFORE_N/A_ACTUAL_POS],masse,CONTAINS,examen,BEFORE,tomodensitométrie,BEFORE,injection,BEFORE,retenu,BEFORE,chirurgical
177,44,FR100003,[EVENT_BEFORE_N/A_ACTUAL_POS] --(BEFORE)--> [EVENT_BEFORE_N/A_ACTUAL_POS] | [EVENT_BEFORE_N/A_ACTUAL_POS] --(OVERLAP)--> [EVENT_BEFORE_N/A_ACTUAL_POS],drainage,BEFORE,traitement,OVERLAP,prévenir,,,,,,
177,44,FR100078,[EVENT_BEFORE_N/A_ACTUAL_POS] --(BEFORE)--> [EVENT_BEFORE_N/A_ACTUAL_POS] | [EVENT_BEFORE_N/A_ACTUAL_POS] --(OVERLAP)--> [EVENT_BEFORE_N/A_ACTUAL_POS],doppler,BEFORE,doppler,OVERLAP,indice,,,,,,
177,44,FR100120,[EVENT_BEFORE_N/A_ACTUAL_POS] --(BEFORE)--> [EVENT_BEFORE_N/A_ACTUAL_POS] | [EVENT_BEFORE_N/A_ACTUAL_POS] --(OVERLAP)--> [EVENT_BEFORE_N/A_ACTUAL_POS],retirées,BEFORE,conclure,OVERLAP,identifiées,,,,,,
177,44,FR100130,[EVENT_BEFORE_N/A_ACTUAL_POS] --(BEFORE)--> [EVENT_BEFORE_N/A_ACTUAL_POS] | [EVENT_BEFORE_N/A_ACTUAL_POS] --(OVERLAP)--> [EVENT_BEFORE_N/A_ACTUAL_POS],administrées,BEFORE,reçu,OVERLAP,amélioration,,,,,,
177,44,FR100132,[EVENT_BEFORE_N/A_ACTUAL_POS] --(BEFORE)--> [EVENT_BEFORE_N/A_ACTUAL_POS] | [EVENT_BEFORE_N/A_ACTUAL_POS] --(OVERLAP)--> [EVENT_BEFORE_N/A_ACTUAL_POS],examen,BEFORE,écho-Doppler,OVERLAP,fibroscopie,,,,,,
177,44,FR100142,[EVENT_BEFORE_N/A_ACTUAL_POS] --(BEFORE)--> [EVENT_BEFORE_N/A_ACTUAL_POS] | [EVENT_BEFORE_N/A_ACTUAL_POS] --(OVERLAP)--> [EVENT_BEFORE_N/A_ACTUAL_POS],sérologie,BEFORE,évolution,OVERLAP,altération,,,,,,
177,44,FR100161,[EVENT_BEFORE_N/A_ACTUAL_POS] --(BEFORE)--> [EVENT_BEFORE_N/A_ACTUAL_POS] | [EVENT_BEFORE_N/A_ACTUAL_POS] --(OVERLAP)--> [EVENT_BEFORE_N/A_ACTUAL_POS],interrogatoire,BEFORE,examen,OVERLAP,TA,,,,,,
177,44,FR100168,[EVENT_BEFORE_N/A_ACTUAL_POS] --(BEFORE)--> [EVENT_BEFORE_N/A_ACTUAL_POS] | [EVENT_BEFORE_N/A_ACTUAL_POS] --(OVERLAP)--> [EVENT_BEFORE_N/A_ACTUAL_POS],tests,BEFORE,entretien,OVERLAP,habitude,,,,,,
177,44,FR100255,[EVENT_BEFORE_N/A_ACTUAL_POS] --(BEFORE)--> [EVENT_BEFORE_N/A_ACTUAL_POS] | [EVENT_BEFORE_N/A_ACTUAL_POS] --(OVERLAP)--> [EVENT_BEFORE_N/A_ACTUAL_POS],admission,BEFORE,expulsé,OVERLAP,poids,,,,,,
177,44,FR100275,[EVENT_BEFORE_N/A_ACTUAL_POS] --(BEFORE)--> [EVENT_BEFORE_N/A_ACTUAL_POS] | [EVENT_BEFORE_N/A_ACTUAL_POS] --(OVERLAP)--> [EVENT_BEFORE_N/A_ACTUAL_POS],anamnèse,BEFORE,examen,OVERLAP,bilan,,,,,,
177,44,FR100314,[EVENT_BEFORE_N/A_ACTUAL_POS] --(BEFORE)--> [EVENT_BEFORE_N/A_ACTUAL_POS] | [EVENT_BEFORE_N/A_ACTUAL_POS] --(OVERLAP)--> [EVENT_BEFORE_N/A_ACTUAL_POS],bilan,BEFORE,drainage,OVERLAP,analgésie,,,,,,
177,44,FR100344,[EVENT_BEFORE_N/A_ACTUAL_POS] --(BEFORE)--> [EVENT_BEFORE_N/A_ACTUAL_POS] | [EVENT_BEFORE_N/A_ACTUAL_POS] --(OVERLAP)--> [EVENT_BEFORE_N/A_ACTUAL_POS],déroulée,BEFORE,plainte,OVERLAP,apparition,,,,,,
177,44,FR100346,[EVENT_BEFORE_N/A_ACTUAL_POS] --(BEFORE)--> [EVENT_BEFORE_N/A_ACTUAL_POS] | [EVENT_BEFORE_N/A_ACTUAL_POS] --(OVERLAP)--> [EVENT_BEFORE_N/A_ACTUAL_POS],héparinothérapie,BEFORE,anti-vitamine,OVERLAP,antibiothérapie,,,,,,
177,44,FR100360,[EVENT_BEFORE_N/A_ACTUAL_POS] --(BEFORE)--> [EVENT_BEFORE_N/A_ACTUAL_POS] | [EVENT_BEFORE_N/A_ACTUAL_POS] --(OVERLAP)--> [EVENT_BEFORE_N/A_ACTUAL_POS],radiothérapie,BEFORE,cures,OVERLAP,tolérance,,,,,,
177,44,FR100361,[EVENT_BEFORE_N/A_ACTUAL_POS] --(BEFORE)--> [EVENT_BEFORE_N/A_ACTUAL_POS] | [EVENT_BEFORE_N/A_ACTUAL_POS] --(OVERLAP)--> [EVENT_BEFORE_N/A_ACTUAL_POS],culture,BEFORE,protéine,OVERLAP,traitée,,,,,,
177,44,FR100400,[EVENT_BEFORE_N/A_ACTUAL_POS] --(BEFORE)--> [EVENT_BEFORE_N/A_ACTUAL_POS] | [EVENT_BEFORE_N/A_ACTUAL_POS] --(OVERLAP)--> [EVENT_BEFORE_N/A_ACTUAL_POS],résection,BEFORE,suites,OVERLAP,étude,,,,,,
177,44,FR100439,[EVENT_BEFORE_N/A_ACTUAL_POS] --(BEFORE)--> [EVENT_BEFORE_N/A_ACTUAL_POS] | [EVENT_BEFORE_N/A_ACTUAL_POS] --(OVERLAP)--> [EVENT_BEFORE_N/A_ACTUAL_POS],biopsies,BEFORE,analyse,OVERLAP,analyse,,,,,,
177,44,FR100517,[EVENT_BEFORE_N/A_ACTUAL_POS] --(BEFORE)--> [EVENT_BEFORE_N/A_ACTUAL_POS] | [EVENT_BEFORE_N/A_ACTUAL_POS] --(OVERLAP)--> [EVENT_BEFORE_N/A_ACTUAL_POS],adressée,BEFORE,examen,OVERLAP,éléments,,,,,,
177,44,FR100519,[EVENT_BEFORE_N/A_ACTUAL_POS] --(BEFORE)--> [EVENT_BEFORE_N/A_ACTUAL_POS] | [EVENT_BEFORE_N/A_ACTUAL_POS] --(OVERLAP)--> [EVENT_BEFORE_N/A_ACTUAL_POS],hémogramme,BEFORE,remplissage,OVERLAP,décidé,,,,,,
177,44,FR100589,[EVENT_BEFORE_N/A_ACTUAL_POS] --(BEFORE)--> [EVENT_BEFORE_N/A_ACTUAL_POS] | [EVENT_BEFORE_N/A_ACTUAL_POS] --(OVERLAP)--> [EVENT_BEFORE_N/A_ACTUAL_POS],diagnostic,BEFORE,corticothérapie,OVERLAP,amélioration,,,,,,
177,44,FR100597,[EVENT_BEFORE_N/A_ACTUAL_POS] --(BEFORE)--> [EVENT_BEFORE_N/A_ACTUAL_POS] | [EVENT_BEFORE_N/A_ACTUAL_POS] --(OVERLAP)--> [EVENT_BEFORE_N/A_ACTUAL_POS],laparotomie,BEFORE,hystérectomie,OVERLAP,examen,,,,,,
177,44,FR100603,[EVENT_BEFORE_N/A_ACTUAL_POS] --(BEFORE)--> [EVENT_BEFORE_N/A_ACTUAL_POS] | [EVENT_BEFORE_N/A_ACTUAL_POS] --(OVERLAP)--> [EVENT_BEFORE_N/A_ACTUAL_POS],chirurgie,BEFORE,hémocultures,OVERLAP,culture,,,,,,
177,44,FR100611,[EVENT_BEFORE_N/A_ACTUAL_POS] --(BEFORE)--> [EVENT_BEFORE_N/A_ACTUAL_POS] | [EVENT_BEFORE_N/A_ACTUAL_POS] --(OVERLAP)--> [EVENT_BEFORE_N/A_ACTUAL_POS],hémogramme,BEFORE,ionogramme,OVERLAP,reste,,,,,,
177,44,FR100620,[EVENT_BEFORE_N/A_ACTUAL_POS] --(BEFORE)--> [EVENT_BEFORE_N/A_ACTUAL_POS] | [EVENT_BEFORE_N/A_ACTUAL_POS] --(OVERLAP)--> [EVENT_BEFORE_N/A_ACTUAL_POS],bilan,BEFORE,évolution,OVERLAP,pleurodèse,,,,,,
177,44,FR100623,[EVENT_BEFORE_N/A_ACTUAL_POS] --(BEFORE)--> [EVENT_BEFORE_N/A_ACTUAL_POS] | [EVENT_BEFORE_N/A_ACTUAL_POS] --(OVERLAP)--> [EVENT_BEFORE_N/A_ACTUAL_POS],prise,BEFORE,analyse,OVERLAP,diagnostic,,,,,,
177,44,FR100629,[EVENT_BEFORE_N/A_ACTUAL_POS] --(BEFORE)--> [EVENT_BEFORE_N/A_ACTUAL_POS] | [EVENT_BEFORE_N/A_ACTUAL_POS] --(OVERLAP)--> [EVENT_BEFORE_N/A_ACTUAL_POS],décision,BEFORE,évolution,OVERLAP,chimiothérapie,,,,,,
177,44,FR100632,[EVENT_BEFORE_N/A_ACTUAL_POS] --(BEFORE)--> [EVENT_BEFORE_N/A_ACTUAL_POS] | [EVENT_BEFORE_N/A_ACTUAL_POS] --(OVERLAP)--> [EVENT_BEFORE_N/A_ACTUAL_POS],diagnostic,BEFORE,mis,OVERLAP,traitement,,,,,,
177,44,FR100663,[EVENT_BEFORE_N/A_ACTUAL_POS] --(BEFORE)--> [EVENT_BEFORE_N/A_ACTUAL_POS] | [EVENT_BEFORE_N/A_ACTUAL_POS] --(OVERLAP)--> [EVENT_BEFORE_N/A_ACTUAL_POS],mini-hystérotomie,BEFORE,reprise,OVERLAP,assurée,,,,,,
177,44,FR100666,[EVENT_BEFORE_N/A_ACTUAL_POS] --(BEFORE)--> [EVENT_BEFORE_N/A_ACTUAL_POS] | [EVENT_BEFORE_N/A_ACTUAL_POS] --(OVERLAP)--> [EVENT_BEFORE_N/A_ACTUAL_POS],bilan,BEFORE,myologramme,OVERLAP,cytoponction,,,,,,
177,44,FR100683,[EVENT_BEFORE_N/A_ACTUAL_POS] --(BEFORE)--> [EVENT_BEFORE_N/A_ACTUAL_POS] | [EVENT_BEFORE_N/A_ACTUAL_POS] --(OVERLAP)--> [EVENT_BEFORE_N/A_ACTUAL_POS],osteodensitométrie,BEFORE,traitée,OVERLAP,évolution,,,,,,
177,44,FR100697,[EVENT_BEFORE_N/A_ACTUAL_POS] --(BEFORE)--> [EVENT_BEFORE_N/A_ACTUAL_POS] | [EVENT_BEFORE_N/A_ACTUAL_POS] --(OVERLAP)--> [EVENT_BEFORE_N/A_ACTUAL_POS],examen,BEFORE,immunomarquage,OVERLAP,tout,,,,,,
177,44,FR100708,[EVENT_BEFORE_N/A_ACTUAL_POS] --(BEFORE)--> [EVENT_BEFORE_N/A_ACTUAL_POS] | [EVENT_BEFORE_N/A_ACTUAL_POS] --(OVERLAP)--> [EVENT_BEFORE_N/A_ACTUAL_POS],tests,BEFORE,mise,OVERLAP,évolution,,,,,,
177,44,FR100717,[EVENT_BEFORE_N/A_ACTUAL_POS] --(BEFORE)--> [EVENT_BEFORE_N/A_ACTUAL_POS] | [EVENT_BEFORE_N/A_ACTUAL_POS] --(OVERLAP)--> [EVENT_BEFORE_N/A_ACTUAL_POS],exploration,BEFORE,suites,OVERLAP,évolution,,,,,,
177,44,FR100748,[EVENT_BEFORE_N/A_ACTUAL_POS] --(BEFORE)--> [EVENT_BEFORE_N/A_ACTUAL_POS] | [EVENT_BEFORE_N/A_ACTUAL_POS] --(OVERLAP)--> [EVENT_BEFORE_N/A_ACTUAL_POS],chiffres,BEFORE,Nicardipine,OVERLAP,préparation,,,,,,
177,44,FR100766,[EVENT_BEFORE_N/A_ACTUAL_POS] --(BEFORE)--> [EVENT_BEFORE_N/A_ACTUAL_POS] | [EVENT_BEFORE_N/A_ACTUAL_POS] --(OVERLAP)--> [EVENT_BEFORE_N/A_ACTUAL_POS],irrigation,BEFORE,propre,OVERLAP,satisfait,,,,,,
177,44,FR100780,[EVENT_BEFORE_N/A_ACTUAL_POS] --(BEFORE)--> [EVENT_BEFORE_N/A_ACTUAL_POS] | [EVENT_BEFORE_N/A_ACTUAL_POS] --(OVERLAP)--> [EVENT_BEFORE_N/A_ACTUAL_POS],geste,BEFORE,geste,OVERLAP,antécédent,,,,,,
177,44,FR100806,[EVENT_BEFORE_N/A_ACTUAL_POS] --(BEFORE)--> [EVENT_BEFORE_N/A_ACTUAL_POS] | [EVENT_BEFORE_N/A_ACTUAL_POS] --(OVERLAP)--> [EVENT_BEFORE_N/A_ACTUAL_POS],référée,BEFORE,examen,OVERLAP,pression,,,,,,
177,44,FR100826,[EVENT_BEFORE_N/A_ACTUAL_POS] --(BEFORE)--> [EVENT_BEFORE_N/A_ACTUAL_POS] | [EVENT_BEFORE_N/A_ACTUAL_POS] --(OVERLAP)--> [EVENT_BEFORE_N/A_ACTUAL_POS],bilan,BEFORE,retenue,OVERLAP,indication,,,,,,
177,44,FR100845,[EVENT_BEFORE_N/A_ACTUAL_POS] --(BEFORE)--> [EVENT_BEFORE_N/A_ACTUAL_POS] | [EVENT_BEFORE_N/A_ACTUAL_POS] --(OVERLAP)--> [EVENT_BEFORE_N/A_ACTUAL_POS],intubée,BEFORE,ventilées,OVERLAP,échec,,,,,,
177,44,FR100870,[EVENT_BEFORE_N/A_ACTUAL_POS] --(BEFORE)--> [EVENT_BEFORE_N/A_ACTUAL_POS] | [EVENT_BEFORE_N/A_ACTUAL_POS] --(OVERLAP)--> [EVENT_BEFORE_N/A_ACTUAL_POS],retenu,BEFORE,radiothérapie,OVERLAP,chimiothérapie,,,,,,
177,44,FR100874,[EVENT_BEFORE_N/A_ACTUAL_POS] --(BEFORE)--> [EVENT_BEFORE_N/A_ACTUAL_POS] | [EVENT_BEFORE_N/A_ACTUAL_POS] --(OVERLAP)--> [EVENT_BEFORE_N/A_ACTUAL_POS],retenu,BEFORE,mise,OVERLAP,transfusions,,,,,,
177,44,FR100882,[EVENT_BEFORE_N/A_ACTUAL_POS] --(BEFORE)--> [EVENT_BEFORE_N/A_ACTUAL_POS] | [EVENT_BEFORE_N/A_ACTUAL_POS] --(OVERLAP)--> [EVENT_BEFORE_N/A_ACTUAL_POS],sérologies,BEFORE,sclérothérapie,OVERLAP,cimentoplastie,,,,,,
177,44,FR100894,[EVENT_BEFORE_N/A_ACTUAL_POS] --(BEFORE)--> [EVENT_BEFORE_N/A_ACTUAL_POS] | [EVENT_BEFORE_N/A_ACTUAL_POS] --(OVERLAP)--> [EVENT_BEFORE_N/A_ACTUAL_POS],pris,BEFORE,incision,OVERLAP,rompu,,,,,,
177,44,FR100932,[EVENT_BEFORE_N/A_ACTUAL_POS] --(BEFORE)--> [EVENT_BEFORE_N/A_ACTUAL_POS] | [EVENT_BEFORE_N/A_ACTUAL_POS] --(OVERLAP)--> [EVENT_BEFORE_N/A_ACTUAL_POS],opérée,BEFORE,évolution,OVERLAP,suivie,,,,,,
77,43,FR100003,[EVENT_BEFORE_N/A_ACTUAL_POS] --(CONTAINS)--> [EVENT_BEFORE_N/A_ACTUAL_POS] | [EVENT_BEFORE_N/A_ACTUAL_POS] --(BEFORE)--> [EVENT_BEFORE_N/A_ACTUAL_POS] | [EVENT_BEFORE_N/A_ACTUAL_POS] --(BEFORE)--> [EVENT_BEFORE_N/A_ACTUAL_POS],ponction,CONTAINS,ramené,[RETOUR],ponction,BEFORE,examen,BEFORE,examen,,
77,43,FR100092,[EVENT_BEFORE_N/A_ACTUAL_POS] --(CONTAINS)--> [EVENT_BEFORE_N/A_ACTUAL_POS] | [EVENT_BEFORE_N/A_ACTUAL_POS] --(BEFORE)--> [EVENT_BEFORE_N/A_ACTUAL_POS] | [EVENT_BEFORE_N/A_ACTUAL_POS] --(BEFORE)--> [EVENT_BEFORE_N/A_ACTUAL_POS],examen,CONTAINS,fréquence,[RETOUR],examen,BEFORE,examen,BEFORE,examen,,
77,43,FR100130,[EVENT_BEFORE_N/A_ACTUAL_POS] --(CONTAINS)--> [EVENT_BEFORE_N/A_ACTUAL_POS] | [EVENT_BEFORE_N/A_ACTUAL_POS] --(BEFORE)--> [EVENT_BEFORE_N/A_ACTUAL_POS] | [EVENT_BEFORE_N/A_ACTUAL_POS] --(BEFORE)--> [EVENT_BEFORE_N/A_ACTUAL_POS],bilan,CONTAINS,recherchée,[RETOUR],bilan,BEFORE,suspectée,BEFORE,bilan,,
77,43,FR100161,[EVENT_BEFORE_N/A_ACTUAL_POS] --(CONTAINS)--> [EVENT_BEFORE_N/A_ACTUAL_POS] | [EVENT_BEFORE_N/A_ACTUAL_POS] --(BEFORE)--> [EVENT_BEFORE_N/A_ACTUAL_POS] | [EVENT_BEFORE_N/A_ACTUAL_POS] --(BEFORE)--> [EVENT_BEFORE_N/A_ACTUAL_POS],examens,CONTAINS,Fibro,[RETOUR],examens,BEFORE,radiographie,BEFORE,complément,,
77,43,FR100255,[EVENT_BEFORE_N/A_ACTUAL_POS] --(CONTAINS)--> [EVENT_BEFORE_N/A_ACTUAL_POS] | [EVENT_BEFORE_N/A_ACTUAL_POS] --(BEFORE)--> [EVENT_BEFORE_N/A_ACTUAL_POS] | [EVENT_BEFORE_N/A_ACTUAL_POS] --(BEFORE)--> [EVENT_BEFORE_N/A_ACTUAL_POS],échographie,CONTAINS,confirmation,[RETOUR],échographie,BEFORE,mise,BEFORE,décubitus,,
77,43,FR100275,[EVENT_BEFORE_N/A_ACTUAL_POS] --(CONTAINS)--> [EVENT_BEFORE_N/A_ACTUAL_POS] | [EVENT_BEFORE_N/A_ACTUAL_POS] --(BEFORE)--> [EVENT_BEFORE_N/A_ACTUAL_POS] | [EVENT_BEFORE_N/A_ACTUAL_POS] --(BEFORE)--> [EVENT_BEFORE_N/A_ACTUAL_POS],manœuvres,CONTAINS,dégagement,[RETOUR],manœuvres,BEFORE,transféré,BEFORE,anamnèse,,
77,43,FR100276,[EVENT_BEFORE_N/A_ACTUAL_POS] --(CONTAINS)--> [EVENT_BEFORE_N/A_ACTUAL_POS] | [EVENT_BEFORE_N/A_ACTUAL_POS] --(BEFORE)--> [EVENT_BEFORE_N/A_ACTUAL_POS] | [EVENT_BEFORE_N/A_ACTUAL_POS] --(BEFORE)--> [EVENT_BEFORE_N/A_ACTUAL_POS],biopsie,CONTAINS,examen,[RETOUR],biopsie,BEFORE,posé,BEFORE,application,,
77,43,FR100296,[EVENT_BEFORE_N/A_ACTUAL_POS] --(CONTAINS)--> [EVENT_BEFORE_N/A_ACTUAL_POS] | [EVENT_BEFORE_N/A_ACTUAL_POS] --(BEFORE)--> [EVENT_BEFORE_N/A_ACTUAL_POS] | [EVENT_BEFORE_N/A_ACTUAL_POS] --(BEFORE)--> [EVENT_BEFORE_N/A_ACTUAL_POS],fenestration,CONTAINS,geste,[RETOUR],fenestration,BEFORE,suites,BEFORE,exéaté,,
77,43,FR100344,[EVENT_BEFORE_N/A_ACTUAL_POS] --(CONTAINS)--> [EVENT_BEFORE_N/A_ACTUAL_POS] | [EVENT_BEFORE_N/A_ACTUAL_POS] --(BEFORE)--> [EVENT_BEFORE_N/A_ACTUAL_POS] | [EVENT_BEFORE_N/A_ACTUAL_POS] --(BEFORE)--> [EVENT_BEFORE_N/A_ACTUAL_POS],bilan,CONTAINS,échographie,[RETOUR],bilan,BEFORE,contrôle,BEFORE,échographies,,
77,43,FR100346,[EVENT_BEFORE_N/A_ACTUAL_POS] --(CONTAINS)--> [EVENT_BEFORE_N/A_ACTUAL_POS] | [EVENT_BEFORE_N/A_ACTUAL_POS] --(BEFORE)--> [EVENT_BEFORE_N/A_ACTUAL_POS] | [EVENT_BEFORE_N/A_ACTUAL_POS] --(BEFORE)--> [EVENT_BEFORE_N/A_ACTUAL_POS],examen,CONTAINS,reste,[RETOUR],examen,BEFORE,gazométrie,BEFORE,reste,,
77,43,FR100360,[EVENT_BEFORE_N/A_ACTUAL_POS] --(CONTAINS)--> [EVENT_BEFORE_N/A_ACTUAL_POS] | [EVENT_BEFORE_N/A_ACTUAL_POS] --(BEFORE)--> [EVENT_BEFORE_N/A_ACTUAL_POS] | [EVENT_BEFORE_N/A_ACTUAL_POS] --(BEFORE)--> [EVENT_BEFORE_N/A_ACTUAL_POS],colpohystérectomie,CONTAINS,annexectomie,[RETOUR],colpohystérectomie,BEFORE,examen,BEFORE,curage,,
77,43,FR100361,[EVENT_BEFORE_N/A_ACTUAL_POS] --(CONTAINS)--> [EVENT_BEFORE_N/A_ACTUAL_POS] | [EVENT_BEFORE_N/A_ACTUAL_POS] --(BEFORE)--> [EVENT_BEFORE_N/A_ACTUAL_POS] | [EVENT_BEFORE_N/A_ACTUAL_POS] --(BEFORE)--> [EVENT_BEFORE_N/A_ACTUAL_POS],examen,CONTAINS,mobilisait,[RETOUR],examen,BEFORE,TDM,BEFORE,ponction,,
77,43,FR100371,[EVENT_BEFORE_N/A_ACTUAL_POS] --(CONTAINS)--> [EVENT_BEFORE_N/A_ACTUAL_POS] | [EVENT_BEFORE_N/A_ACTUAL_POS] --(BEFORE)--> [EVENT_BEFORE_N/A_ACTUAL_POS] | [EVENT_BEFORE_N/A_ACTUAL_POS] --(BEFORE)--> [EVENT_BEFORE_N/A_ACTUAL_POS],bilan,CONTAINS,bilan,[RETOUR],bilan,BEFORE,bilan,BEFORE,intervention,,
77,43,FR100400,[EVENT_BEFORE_N/A_ACTUAL_POS] --(CONTAINS)--> [EVENT_BEFORE_N/A_ACTUAL_POS] | [EVENT_BEFORE_N/A_ACTUAL_POS] --(BEFORE)--> [EVENT_BEFORE_N/A_ACTUAL_POS] | [EVENT_BEFORE_N/A_ACTUAL_POS] --(BEFORE)--> [EVENT_BEFORE_N/A_ACTUAL_POS],histoire,CONTAINS,douleurs,[RETOUR],histoire,BEFORE,examen,BEFORE,bilan,,
77,43,FR100448,[EVENT_BEFORE_N/A_ACTUAL_POS] --(CONTAINS)--> [EVENT_BEFORE_N/A_ACTUAL_POS] | [EVENT_BEFORE_N/A_ACTUAL_POS] --(BEFORE)--> [EVENT_BEFORE_N/A_ACTUAL_POS] | [EVENT_BEFORE_N/A_ACTUAL_POS] --(BEFORE)--> [EVENT_BEFORE_N/A_ACTUAL_POS],examen,CONTAINS,reste,[RETOUR],examen,BEFORE,échotomographie,BEFORE,hémi thyroïdectomie,,
77,43,FR100515,[EVENT_BEFORE_N/A_ACTUAL_POS] --(CONTAINS)--> [EVENT_BEFORE_N/A_ACTUAL_POS] | [EVENT_BEFORE_N/A_ACTUAL_POS] --(BEFORE)--> [EVENT_BEFORE_N/A_ACTUAL_POS] | [EVENT_BEFORE_N/A_ACTUAL_POS] --(BEFORE)--> [EVENT_BEFORE_N/A_ACTUAL_POS],bilan,CONTAINS,fibroscopie,[RETOUR],bilan,BEFORE,bilan,BEFORE,prescrits,,
77,43,FR100517,[EVENT_BEFORE_N/A_ACTUAL_POS] --(CONTAINS)--> [EVENT_BEFORE_N/A_ACTUAL_POS] | [EVENT_BEFORE_N/A_ACTUAL_POS] --(BEFORE)--> [EVENT_BEFORE_N/A_ACTUAL_POS] | [EVENT_BEFORE_N/A_ACTUAL_POS] --(BEFORE)--> [EVENT_BEFORE_N/A_ACTUAL_POS],bilan,CONTAINS,coloscopie,[RETOUR],bilan,BEFORE,mise,BEFORE,auscultation,,
77,43,FR100519,[EVENT_BEFORE_N/A_ACTUAL_POS] --(CONTAINS)--> [EVENT_BEFORE_N/A_ACTUAL_POS] | [EVENT_BEFORE_N/A_ACTUAL_POS] --(BEFORE)--> [EVENT_BEFORE_N/A_ACTUAL_POS] | [EVENT_BEFORE_N/A_ACTUAL_POS] --(BEFORE)--> [EVENT_BEFORE_N/A_ACTUAL_POS],bilan,CONTAINS,radiographie,[RETOUR],bilan,BEFORE,angioscanner,BEFORE,échodoppler,,
77,43,FR100589,[EVENT_BEFORE_N/A_ACTUAL_POS] --(CONTAINS)--> [EVENT_BEFORE_N/A_ACTUAL_POS] | [EVENT_BEFORE_N/A_ACTUAL_POS] --(BEFORE)--> [EVENT_BEFORE_N/A_ACTUAL_POS] | [EVENT_BEFORE_N/A_ACTUAL_POS] --(BEFORE)--> [EVENT_BEFORE_N/A_ACTUAL_POS],lavage,CONTAINS,recherche,[RETOUR],lavage,BEFORE,biopsies,BEFORE,exploration,,
77,43,FR100597,[EVENT_BEFORE_N/A_ACTUAL_POS] --(CONTAINS)--> [EVENT_BEFORE_N/A_ACTUAL_POS] | [EVENT_BEFORE_N/A_ACTUAL_POS] --(BEFORE)--> [EVENT_BEFORE_N/A_ACTUAL_POS] | [EVENT_BEFORE_N/A_ACTUAL_POS] --(BEFORE)--> [EVENT_BEFORE_N/A_ACTUAL_POS],laparotomie,CONTAINS,exploration,[RETOUR],laparotomie,BEFORE,hystérectomie,BEFORE,suites,,
77,43,FR100603,[EVENT_BEFORE_N/A_ACTUAL_POS] --(CONTAINS)--> [EVENT_BEFORE_N/A_ACTUAL_POS] | [EVENT_BEFORE_N/A_ACTUAL_POS] --(BEFORE)--> [EVENT_BEFORE_N/A_ACTUAL_POS] | [EVENT_BEFORE_N/A_ACTUAL_POS] --(BEFORE)--> [EVENT_BEFORE_N/A_ACTUAL_POS],chirurgie,CONTAINS,remplacée,[RETOUR],chirurgie,BEFORE,hémocultures,BEFORE,évolution,,
77,43,FR100611,[EVENT_BEFORE_N/A_ACTUAL_POS] --(CONTAINS)--> [EVENT_BEFORE_N/A_ACTUAL_POS] | [EVENT_BEFORE_N/A_ACTUAL_POS] --(BEFORE)--> [EVENT_BEFORE_N/A_ACTUAL_POS] | [EVENT_BEFORE_N/A_ACTUAL_POS] --(BEFORE)--> [EVENT_BEFORE_N/A_ACTUAL_POS],TDM,CONTAINS,image,[RETOUR],TDM,BEFORE,biopsie,BEFORE,recherche,,
77,43,FR100614,[EVENT_BEFORE_N/A_ACTUAL_POS] --(CONTAINS)--> [EVENT_BEFORE_N/A_ACTUAL_POS] | [EVENT_BEFORE_N/A_ACTUAL_POS] --(BEFORE)--> [EVENT_BEFORE_N/A_ACTUAL_POS] | [EVENT_BEFORE_N/A_ACTUAL_POS] --(BEFORE)--> [EVENT_BEFORE_N/A_ACTUAL_POS],intervention,CONTAINS,éviter,[RETOUR],intervention,BEFORE,résection,BEFORE,étude,,
77,43,FR100620,[EVENT_BEFORE_N/A_ACTUAL_POS] --(CONTAINS)--> [EVENT_BEFORE_N/A_ACTUAL_POS] | [EVENT_BEFORE_N/A_ACTUAL_POS] --(BEFORE)--> [EVENT_BEFORE_N/A_ACTUAL_POS] | [EVENT_BEFORE_N/A_ACTUAL_POS] --(BEFORE)--> [EVENT_BEFORE_N/A_ACTUAL_POS],bronchoscopie,CONTAINS,lavage,[RETOUR],bronchoscopie,BEFORE,bilan,BEFORE,bilan,,
77,43,FR100629,[EVENT_BEFORE_N/A_ACTUAL_POS] --(CONTAINS)--> [EVENT_BEFORE_N/A_ACTUAL_POS] | [EVENT_BEFORE_N/A_ACTUAL_POS] --(BEFORE)--> [EVENT_BEFORE_N/A_ACTUAL_POS] | [EVENT_BEFORE_N/A_ACTUAL_POS] --(BEFORE)--> [EVENT_BEFORE_N/A_ACTUAL_POS],examen,CONTAINS,examen,[RETOUR],examen,BEFORE,radiographie,BEFORE,thoracoscopie,,
77,43,FR100632,[EVENT_BEFORE_N/A_ACTUAL_POS] --(CONTAINS)--> [EVENT_BEFORE_N/A_ACTUAL_POS] | [EVENT_BEFORE_N/A_ACTUAL_POS] --(BEFORE)--> [EVENT_BEFORE_N/A_ACTUAL_POS] | [EVENT_BEFORE_N/A_ACTUAL_POS] --(BEFORE)--> [EVENT_BEFORE_N/A_ACTUAL_POS],examen,CONTAINS,constantes,[RETOUR],examen,BEFORE,examen,BEFORE,IRM,,
77,43,FR100658,[EVENT_BEFORE_N/A_ACTUAL_POS] --(CONTAINS)--> [EVENT_BEFORE_N/A_ACTUAL_POS] | [EVENT_BEFORE_N/A_ACTUAL_POS] --(BEFORE)--> [EVENT_BEFORE_N/A_ACTUAL_POS] | [EVENT_BEFORE_N/A_ACTUAL_POS] --(BEFORE)--> [EVENT_BEFORE_N/A_ACTUAL_POS],évaluation,CONTAINS,examen,[RETOUR],évaluation,BEFORE,auscultation,BEFORE,examens,,
77,43,FR100666,[EVENT_BEFORE_N/A_ACTUAL_POS] --(CONTAINS)--> [EVENT_BEFORE_N/A_ACTUAL_POS] | [EVENT_BEFORE_N/A_ACTUAL_POS] --(BEFORE)--> [EVENT_BEFORE_N/A_ACTUAL_POS] | [EVENT_BEFORE_N/A_ACTUAL_POS] --(BEFORE)--> [EVENT_BEFORE_N/A_ACTUAL_POS],examen,CONTAINS,palpation,[RETOUR],examen,BEFORE,examen,BEFORE,palpation,,
77,43,FR100689,[EVENT_BEFORE_N/A_ACTUAL_POS] --(CONTAINS)--> [EVENT_BEFORE_N/A_ACTUAL_POS] | [EVENT_BEFORE_N/A_ACTUAL_POS] --(BEFORE)--> [EVENT_BEFORE_N/A_ACTUAL_POS] | [EVENT_BEFORE_N/A_ACTUAL_POS] --(BEFORE)--> [EVENT_BEFORE_N/A_ACTUAL_POS],IRM,CONTAINS,injection,[RETOUR],IRM,BEFORE,étude,BEFORE,examen,,
77,43,FR100748,[EVENT_BEFORE_N/A_ACTUAL_POS] --(CONTAINS)--> [EVENT_BEFORE_N/A_ACTUAL_POS] | [EVENT_BEFORE_N/A_ACTUAL_POS] --(BEFORE)--> [EVENT_BEFORE_N/A_ACTUAL_POS] | [EVENT_BEFORE_N/A_ACTUAL_POS] --(BEFORE)--> [EVENT_BEFORE_N/A_ACTUAL_POS],consultation,CONTAINS,examen,[RETOUR],consultation,BEFORE,ASA,BEFORE,Nicardipine,,
77,43,FR100780,[EVENT_BEFORE_N/A_ACTUAL_POS] --(CONTAINS)--> [EVENT_BEFORE_N/A_ACTUAL_POS] | [EVENT_BEFORE_N/A_ACTUAL_POS] --(BEFORE)--> [EVENT_BEFORE_N/A_ACTUAL_POS] | [EVENT_BEFORE_N/A_ACTUAL_POS] --(BEFORE)--> [EVENT_BEFORE_N/A_ACTUAL_POS],examen,CONTAINS,tension,[RETOUR],examen,BEFORE,toucher,BEFORE,échographie,,
77,43,FR100806,[EVENT_BEFORE_N/A_ACTUAL_POS] --(CONTAINS)--> [EVENT_BEFORE_N/A_ACTUAL_POS] | [EVENT_BEFORE_N/A_ACTUAL_POS] --(BEFORE)--> [EVENT_BEFORE_N/A_ACTUAL_POS] | [EVENT_BEFORE_N/A_ACTUAL_POS] --(BEFORE)--> [EVENT_BEFORE_N/A_ACTUAL_POS],prise,CONTAINS,splénectomie,[RETOUR],prise,BEFORE,examen,BEFORE,suites,,
77,43,FR100814,[EVENT_BEFORE_N/A_ACTUAL_POS] --(CONTAINS)--> [EVENT_BEFORE_N/A_ACTUAL_POS] | [EVENT_BEFORE_N/A_ACTUAL_POS] --(BEFORE)--> [EVENT_BEFORE_N/A_ACTUAL_POS] | [EVENT_BEFORE_N/A_ACTUAL_POS] --(BEFORE)--> [EVENT_BEFORE_N/A_ACTUAL_POS],IRM,CONTAINS,hypersignal,[RETOUR],IRM,BEFORE,diagnostic,BEFORE,réséquée,,
77,43,FR100826,[EVENT_BEFORE_N/A_ACTUAL_POS] --(CONTAINS)--> [EVENT_BEFORE_N/A_ACTUAL_POS] | [EVENT_BEFORE_N/A_ACTUAL_POS] --(BEFORE)--> [EVENT_BEFORE_N/A_ACTUAL_POS] | [EVENT_BEFORE_N/A_ACTUAL_POS] --(BEFORE)--> [EVENT_BEFORE_N/A_ACTUAL_POS],bilan,CONTAINS,tomodensitométrie,[RETOUR],bilan,BEFORE,bilan,BEFORE,retenue,,
77,43,FR100845,[EVENT_BEFORE_N/A_ACTUAL_POS] --(CONTAINS)--> [EVENT_BEFORE_N/A_ACTUAL_POS] | [EVENT_BEFORE_N/A_ACTUAL_POS] --(BEFORE)--> [EVENT_BEFORE_N/A_ACTUAL_POS] | [EVENT_BEFORE_N/A_ACTUAL_POS] --(BEFORE)--> [EVENT_BEFORE_N/A_ACTUAL_POS],examen,CONTAINS,spéculum,[RETOUR],examen,BEFORE,échographie,BEFORE,radiographie,,
77,43,FR100849,[EVENT_BEFORE_N/A_ACTUAL_POS] --(CONTAINS)--> [EVENT_BEFORE_N/A_ACTUAL_POS] | [EVENT_BEFORE_N/A_ACTUAL_POS] --(BEFORE)--> [EVENT_BEFORE_N/A_ACTUAL_POS] | [EVENT_BEFORE_N/A_ACTUAL_POS] --(BEFORE)--> [EVENT_BEFORE_N/A_ACTUAL_POS],admission,CONTAINS,examen,[RETOUR],admission,BEFORE,tomodensitométrie,BEFORE,acheminé,,
77,43,FR100870,[EVENT_BEFORE_N/A_ACTUAL_POS] --(CONTAINS)--> [EVENT_BEFORE_N/A_ACTUAL_POS] | [EVENT_BEFORE_N/A_ACTUAL_POS] --(BEFORE)--> [EVENT_BEFORE_N/A_ACTUAL_POS] | [EVENT_BEFORE_N/A_ACTUAL_POS] --(BEFORE)--> [EVENT_BEFORE_N/A_ACTUAL_POS],électrophorèse,CONTAINS,découverte,[RETOUR],électrophorèse,BEFORE,immunosoustraction,BEFORE,immunofixation,,
77,43,FR100874,[EVENT_BEFORE_N/A_ACTUAL_POS] --(CONTAINS)--> [EVENT_BEFORE_N/A_ACTUAL_POS] | [EVENT_BEFORE_N/A_ACTUAL_POS] --(BEFORE)--> [EVENT_BEFORE_N/A_ACTUAL_POS] | [EVENT_BEFORE_N/A_ACTUAL_POS] --(BEFORE)--> [EVENT_BEFORE_N/A_ACTUAL_POS],examen,CONTAINS,reste,[RETOUR],examen,BEFORE,hémogramme,BEFORE,fibroscopie,,
77,43,FR100903,[EVENT_BEFORE_N/A_ACTUAL_POS] --(CONTAINS)--> [EVENT_BEFORE_N/A_ACTUAL_POS] | [EVENT_BEFORE_N/A_ACTUAL_POS] --(BEFORE)--> [EVENT_BEFORE_N/A_ACTUAL_POS] | [EVENT_BEFORE_N/A_ACTUAL_POS] --(BEFORE)--> [EVENT_BEFORE_N/A_ACTUAL_POS],contrôles,CONTAINS,biométrie,[RETOUR],contrôles,BEFORE,accouchement,BEFORE,décédé,,
77,43,FR100919,[EVENT_BEFORE_N/A_ACTUAL_POS] --(CONTAINS)--> [EVENT_BEFORE_N/A_ACTUAL_POS] | [EVENT_BEFORE_N/A_ACTUAL_POS] --(BEFORE)--> [EVENT_BEFORE_N/A_ACTUAL_POS] | [EVENT_BEFORE_N/A_ACTUAL_POS] --(BEFORE)--> [EVENT_BEFORE_N/A_ACTUAL_POS],correction,CONTAINS,injection,[RETOUR],correction,BEFORE,adressée,BEFORE,bilan,,
77,43,FR100946,[EVENT_BEFORE_N/A_ACTUAL_POS] --(CONTAINS)--> [EVENT_BEFORE_N/A_ACTUAL_POS] | [EVENT_BEFORE_N/A_ACTUAL_POS] --(BEFORE)--> [EVENT_BEFORE_N/A_ACTUAL_POS] | [EVENT_BEFORE_N/A_ACTUAL_POS] --(BEFORE)--> [EVENT_BEFORE_N/A_ACTUAL_POS],IRM,CONTAINS,prise,[RETOUR],IRM,BEFORE,analyse,BEFORE,mise,,
77,43,FR100959,[EVENT_BEFORE_N/A_ACTUAL_POS] --(CONTAINS)--> [EVENT_BEFORE_N/A_ACTUAL_POS] | [EVENT_BEFORE_N/A_ACTUAL_POS] --(BEFORE)--> [EVENT_BEFORE_N/A_ACTUAL_POS] | [EVENT_BEFORE_N/A_ACTUAL_POS] --(BEFORE)--> [EVENT_BEFORE_N/A_ACTUAL_POS],œsophagoscopie,CONTAINS,extraction,[RETOUR],œsophagoscopie,BEFORE,Transit,BEFORE,notée,,
117,43,FR100003,[EVENT_BEFORE_N/A_ACTUAL_POS] --(BEFORE)--> [EVENT_BEFORE_N/A_ACTUAL_POS] | [EVENT_BEFORE_N/A_ACTUAL_POS] --(BEFORE)--> [EVENT_BEFORE_N/A_ACTUAL_POS] | [EVENT_BEFORE_N/A_ACTUAL_POS] --(BEFORE)--> [EVENT_BEFORE_N/A_ACTUAL_POS] | [EVENT_BEFORE_N/A_ACTUAL_POS] --(BEFORE)--> [EVENT_BEFORE_N/A_ACTUAL_POS] | [EVENT_BEFORE_N/A_ACTUAL_POS] --(BEFORE)--> [EVENT_BEFORE_N/A_ACTUAL_POS],panoramique,BEFORE,ponction,BEFORE,examen,BEFORE,examen,BEFORE,antibiothérapie,BEFORE,bloc
117,43,FR100092,[EVENT_BEFORE_N/A_ACTUAL_POS] --(BEFORE)--> [EVENT_BEFORE_N/A_ACTUAL_POS] | [EVENT_BEFORE_N/A_ACTUAL_POS] --(BEFORE)--> [EVENT_BEFORE_N/A_ACTUAL_POS] | [EVENT_BEFORE_N/A_ACTUAL_POS] --(BEFORE)--> [EVENT_BEFORE_N/A_ACTUAL_POS] | [EVENT_BEFORE_N/A_ACTUAL_POS] --(BEFORE)--> [EVENT_BEFORE_N/A_ACTUAL_POS] | [EVENT_BEFORE_N/A_ACTUAL_POS] --(BEFORE)--> [EVENT_BEFORE_N/A_ACTUAL_POS],examen,BEFORE,examen,BEFORE,examen,BEFORE,échographie,BEFORE,tableau,BEFORE,reste
117,43,FR100130,[EVENT_BEFORE_N/A_ACTUAL_POS] --(BEFORE)--> [EVENT_BEFORE_N/A_ACTUAL_POS] | [EVENT_BEFORE_N/A_ACTUAL_POS] --(BEFORE)--> [EVENT_BEFORE_N/A_ACTUAL_POS] | [EVENT_BEFORE_N/A_ACTUAL_POS] --(BEFORE)--> [EVENT_BEFORE_N/A_ACTUAL_POS] | [EVENT_BEFORE_N/A_ACTUAL_POS] --(BEFORE)--> [EVENT_BEFORE_N/A_ACTUAL_POS] | [EVENT_BEFORE_N/A_ACTUAL_POS] --(BEFORE)--> [EVENT_BEFORE_N/A_ACTUAL_POS],glycémie,BEFORE,confirmé,BEFORE,recherche,BEFORE,séjour,BEFORE,bilan,BEFORE,suspectée
117,43,FR100142,[EVENT_BEFORE_N/A_ACTUAL_POS] --(BEFORE)--> [EVENT_BEFORE_N/A_ACTUAL_POS] | [EVENT_BEFORE_N/A_ACTUAL_POS] --(BEFORE)--> [EVENT_BEFORE_N/A_ACTUAL_POS] | [EVENT_BEFORE_N/A_ACTUAL_POS] --(BEFORE)--> [EVENT_BEFORE_N/A_ACTUAL_POS] | [EVENT_BEFORE_N/A_ACTUAL_POS] --(BEFORE)--> [EVENT_BEFORE_N/A_ACTUAL_POS] | [EVENT_BEFORE_N/A_ACTUAL_POS] --(BEFORE)--> [EVENT_BEFORE_N/A_ACTUAL_POS],électrophorèse,BEFORE,scanner,BEFORE,fibroscopie,BEFORE,biopsie,BEFORE,mis,BEFORE,bithérapie
117,43,FR100161,[EVENT_BEFORE_N/A_ACTUAL_POS] --(BEFORE)--> [EVENT_BEFORE_N/A_ACTUAL_POS] | [EVENT_BEFORE_N/A_ACTUAL_POS] --(BEFORE)--> [EVENT_BEFORE_N/A_ACTUAL_POS] | [EVENT_BEFORE_N/A_ACTUAL_POS] --(BEFORE)--> [EVENT_BEFORE_N/A_ACTUAL_POS] | [EVENT_BEFORE_N/A_ACTUAL_POS] --(BEFORE)--> [EVENT_BEFORE_N/A_ACTUAL_POS] | [EVENT_BEFORE_N/A_ACTUAL_POS] --(BEFORE)--> [EVENT_BEFORE_N/A_ACTUAL_POS],examen,BEFORE,examens,BEFORE,radiographie,BEFORE,complément,BEFORE,cortisol,BEFORE,cortisol
117,43,FR100255,[EVENT_BEFORE_N/A_ACTUAL_POS] --(BEFORE)--> [EVENT_BEFORE_N/A_ACTUAL_POS] | [EVENT_BEFORE_N/A_ACTUAL_POS] --(BEFORE)--> [EVENT_BEFORE_N/A_ACTUAL_POS] | [EVENT_BEFORE_N/A_ACTUAL_POS] --(BEFORE)--> [EVENT_BEFORE_N/A_ACTUAL_POS] | [EVENT_BEFORE_N/A_ACTUAL_POS] --(BEFORE)--> [EVENT_BEFORE_N/A_ACTUAL_POS] | [EVENT_BEFORE_N/A_ACTUAL_POS] --(BEFORE)--> [EVENT_BEFORE_N/A_ACTUAL_POS],admise,BEFORE,examen,BEFORE,examen,BEFORE,échographie,BEFORE,mise,BEFORE,oxygénothérapie
117,43,FR100275,[EVENT_BEFORE_N/A_ACTUAL_POS] --(BEFORE)--> [EVENT_BEFORE_N/A_ACTUAL_POS] | [EVENT_BEFORE_N/A_ACTUAL_POS] --(BEFORE)--> [EVENT_BEFORE_N/A_ACTUAL_POS] | [EVENT_BEFORE_N/A_ACTUAL_POS] --(BEFORE)--> [EVENT_BEFORE_N/A_ACTUAL_POS] | [EVENT_BEFORE_N/A_ACTUAL_POS] --(BEFORE)--> [EVENT_BEFORE_N/A_ACTUAL_POS] | [EVENT_BEFORE_N/A_ACTUAL_POS] --(BEFORE)--> [EVENT_BEFORE_N/A_ACTUAL_POS],arrivée,BEFORE,établi,BEFORE,manœuvres,BEFORE,transféré,BEFORE,anamnèse,BEFORE,examen
117,43,FR100314,[EVENT_BEFORE_N/A_ACTUAL_POS] --(BEFORE)--> [EVENT_BEFORE_N/A_ACTUAL_POS] | [EVENT_BEFORE_N/A_ACTUAL_POS] --(BEFORE)--> [EVENT_BEFORE_N/A_ACTUAL_POS] | [EVENT_BEFORE_N/A_ACTUAL_POS] --(BEFORE)--> [EVENT_BEFORE_N/A_ACTUAL_POS] | [EVENT_BEFORE_N/A_ACTUAL_POS] --(BEFORE)--> [EVENT_BEFORE_N/A_ACTUAL_POS] | [EVENT_BEFORE_N/A_ACTUAL_POS] --(BEFORE)--> [EVENT_BEFORE_N/A_ACTUAL_POS],admise,BEFORE,bilan,BEFORE,drainage,BEFORE,angio-scanner,BEFORE,amputation,BEFORE,mise
117,43,FR100346,[EVENT_BEFORE_N/A_ACTUAL_POS] --(BEFORE)--> [EVENT_BEFORE_N/A_ACTUAL_POS] | [EVENT_BEFORE_N/A_ACTUAL_POS] --(BEFORE)--> [EVENT_BEFORE_N/A_ACTUAL_POS] | [EVENT_BEFORE_N/A_ACTUAL_POS] --(BEFORE)--> [EVENT_BEFORE_N/A_ACTUAL_POS] | [EVENT_BEFORE_N/A_ACTUAL_POS] --(BEFORE)--> [EVENT_BEFORE_N/A_ACTUAL_POS] | [EVENT_BEFORE_N/A_ACTUAL_POS] --(BEFORE)--> [EVENT_BEFORE_N/A_ACTUAL_POS],examen,BEFORE,gazométrie,BEFORE,reste,BEFORE,radiographie,BEFORE,angioscanner,BEFORE,echo-dopler
117,43,FR100360,[EVENT_BEFORE_N/A_ACTUAL_POS] --(BEFORE)--> [EVENT_BEFORE_N/A_ACTUAL_POS] | [EVENT_BEFORE_N/A_ACTUAL_POS] --(BEFORE)--> [EVENT_BEFORE_N/A_ACTUAL_POS] | [EVENT_BEFORE_N/A_ACTUAL_POS] --(BEFORE)--> [EVENT_BEFORE_N/A_ACTUAL_POS] | [EVENT_BEFORE_N/A_ACTUAL_POS] --(BEFORE)--> [EVENT_BEFORE_N/A_ACTUAL_POS] | [EVENT_BEFORE_N/A_ACTUAL_POS] --(BEFORE)--> [EVENT_BEFORE_N/A_ACTUAL_POS],tomodensitométrie,BEFORE,complément,BEFORE,biopsie,BEFORE,tomodensitométrie,BEFORE,radiothérapie,BEFORE,cures
117,43,FR100361,[EVENT_BEFORE_N/A_ACTUAL_POS] --(BEFORE)--> [EVENT_BEFORE_N/A_ACTUAL_POS] | [EVENT_BEFORE_N/A_ACTUAL_POS] --(BEFORE)--> [EVENT_BEFORE_N/A_ACTUAL_POS] | [EVENT_BEFORE_N/A_ACTUAL_POS] --(BEFORE)--> [EVENT_BEFORE_N/A_ACTUAL_POS] | [EVENT_BEFORE_N/A_ACTUAL_POS] --(BEFORE)--> [EVENT_BEFORE_N/A_ACTUAL_POS] | [EVENT_BEFORE_N/A_ACTUAL_POS] --(BEFORE)--> [EVENT_BEFORE_N/A_ACTUAL_POS],TDM,BEFORE,ponction,BEFORE,examen,BEFORE,examen,BEFORE,culture,BEFORE,protéine
117,43,FR100371,[EVENT_BEFORE_N/A_ACTUAL_POS] --(BEFORE)--> [EVENT_BEFORE_N/A_ACTUAL_POS] | [EVENT_BEFORE_N/A_ACTUAL_POS] --(BEFORE)--> [EVENT_BEFORE_N/A_ACTUAL_POS] | [EVENT_BEFORE_N/A_ACTUAL_POS] --(BEFORE)--> [EVENT_BEFORE_N/A_ACTUAL_POS] | [EVENT_BEFORE_N/A_ACTUAL_POS] --(BEFORE)--> [EVENT_BEFORE_N/A_ACTUAL_POS] | [EVENT_BEFORE_N/A_ACTUAL_POS] --(BEFORE)--> [EVENT_BEFORE_N/A_ACTUAL_POS],adressée,BEFORE,admission,BEFORE,examen,BEFORE,examen,BEFORE,bilan,BEFORE,bilan
117,43,FR100400,[EVENT_BEFORE_N/A_ACTUAL_POS] --(BEFORE)--> [EVENT_BEFORE_N/A_ACTUAL_POS] | [EVENT_BEFORE_N/A_ACTUAL_POS] --(BEFORE)--> [EVENT_BEFORE_N/A_ACTUAL_POS] | [EVENT_BEFORE_N/A_ACTUAL_POS] --(BEFORE)--> [EVENT_BEFORE_N/A_ACTUAL_POS] | [EVENT_BEFORE_N/A_ACTUAL_POS] --(BEFORE)--> [EVENT_BEFORE_N/A_ACTUAL_POS] | [EVENT_BEFORE_N/A_ACTUAL_POS] --(BEFORE)--> [EVENT_BEFORE_N/A_ACTUAL_POS],bilan,BEFORE,Radiographie,BEFORE,échographie,BEFORE,scanner,BEFORE,diagnostic,BEFORE,exploration
117,43,FR100439,[EVENT_BEFORE_N/A_ACTUAL_POS] --(BEFORE)--> [EVENT_BEFORE_N/A_ACTUAL_POS] | [EVENT_BEFORE_N/A_ACTUAL_POS] --(BEFORE)--> [EVENT_BEFORE_N/A_ACTUAL_POS] | [EVENT_BEFORE_N/A_ACTUAL_POS] --(BEFORE)--> [EVENT_BEFORE_N/A_ACTUAL_POS] | [EVENT_BEFORE_N/A_ACTUAL_POS] --(BEFORE)--> [EVENT_BEFORE_N/A_ACTUAL_POS] | [EVENT_BEFORE_N/A_ACTUAL_POS] --(BEFORE)--> [EVENT_BEFORE_N/A_ACTUAL_POS],analyse,BEFORE,demandée,BEFORE,examen,BEFORE,classée,BEFORE,bénéficier,BEFORE,nasofibroscopie
117,43,FR100448,[EVENT_BEFORE_N/A_ACTUAL_POS] --(BEFORE)--> [EVENT_BEFORE_N/A_ACTUAL_POS] | [EVENT_BEFORE_N/A_ACTUAL_POS] --(BEFORE)--> [EVENT_BEFORE_N/A_ACTUAL_POS] | [EVENT_BEFORE_N/A_ACTUAL_POS] --(BEFORE)--> [EVENT_BEFORE_N/A_ACTUAL_POS] | [EVENT_BEFORE_N/A_ACTUAL_POS] --(BEFORE)--> [EVENT_BEFORE_N/A_ACTUAL_POS] | [EVENT_BEFORE_N/A_ACTUAL_POS] --(BEFORE)--> [EVENT_BEFORE_N/A_ACTUAL_POS],échotomographie,BEFORE,hémi thyroïdectomie,BEFORE,examen,BEFORE,histochimie,BEFORE,scanner,BEFORE,tomographie
117,43,FR100480,[EVENT_BEFORE_N/A_ACTUAL_POS] --(BEFORE)--> [EVENT_BEFORE_N/A_ACTUAL_POS] | [EVENT_BEFORE_N/A_ACTUAL_POS] --(BEFORE)--> [EVENT_BEFORE_N/A_ACTUAL_POS] | [EVENT_BEFORE_N/A_ACTUAL_POS] --(BEFORE)--> [EVENT_BEFORE_N/A_ACTUAL_POS] | [EVENT_BEFORE_N/A_ACTUAL_POS] --(BEFORE)--> [EVENT_BEFORE_N/A_ACTUAL_POS] | [EVENT_BEFORE_N/A_ACTUAL_POS] --(BEFORE)--> [EVENT_BEFORE_N/A_ACTUAL_POS],installation,BEFORE,bilan,BEFORE,analyse,BEFORE,amputation,BEFORE,examen,BEFORE,bilan
117,43,FR100517,[EVENT_BEFORE_N/A_ACTUAL_POS] --(BEFORE)--> [EVENT_BEFORE_N/A_ACTUAL_POS] | [EVENT_BEFORE_N/A_ACTUAL_POS] --(BEFORE)--> [EVENT_BEFORE_N/A_ACTUAL_POS] | [EVENT_BEFORE_N/A_ACTUAL_POS] --(BEFORE)--> [EVENT_BEFORE_N/A_ACTUAL_POS] | [EVENT_BEFORE_N/A_ACTUAL_POS] --(BEFORE)--> [EVENT_BEFORE_N/A_ACTUAL_POS] | [EVENT_BEFORE_N/A_ACTUAL_POS] --(BEFORE)--> [EVENT_BEFORE_N/A_ACTUAL_POS],examen,BEFORE,bilan,BEFORE,électromyogramme,BEFORE,bilan,BEFORE,explorations,BEFORE,porté
117,43,FR100519,[EVENT_BEFORE_N/A_ACTUAL_POS] --(BEFORE)--> [EVENT_BEFORE_N/A_ACTUAL_POS] | [EVENT_BEFORE_N/A_ACTUAL_POS] --(BEFORE)--> [EVENT_BEFORE_N/A_ACTUAL_POS] | [EVENT_BEFORE_N/A_ACTUAL_POS] --(BEFORE)--> [EVENT_BEFORE_N/A_ACTUAL_POS] | [EVENT_BEFORE_N/A_ACTUAL_POS] --(BEFORE)--> [EVENT_BEFORE_N/A_ACTUAL_POS] | [EVENT_BEFORE_N/A_ACTUAL_POS] --(BEFORE)--> [EVENT_BEFORE_N/A_ACTUAL_POS],hospitalisée,BEFORE,entrée,BEFORE,bilan,BEFORE,angioscanner,BEFORE,échodoppler,BEFORE,retenue
117,43,FR100589,[EVENT_BEFORE_N/A_ACTUAL_POS] --(BEFORE)--> [EVENT_BEFORE_N/A_ACTUAL_POS] | [EVENT_BEFORE_N/A_ACTUAL_POS] --(BEFORE)--> [EVENT_BEFORE_N/A_ACTUAL_POS] | [EVENT_BEFORE_N/A_ACTUAL_POS] --(BEFORE)--> [EVENT_BEFORE_N/A_ACTUAL_POS] | [EVENT_BEFORE_N/A_ACTUAL_POS] --(BEFORE)--> [EVENT_BEFORE_N/A_ACTUAL_POS] | [EVENT_BEFORE_N/A_ACTUAL_POS] --(BEFORE)--> [EVENT_BEFORE_N/A_ACTUAL_POS],rechercher,BEFORE,bronchoscopie,BEFORE,lavage,BEFORE,biopsies,BEFORE,exploration,BEFORE,hémogramme
117,43,FR100597,[EVENT_BEFORE_N/A_ACTUAL_POS] --(BEFORE)--> [EVENT_BEFORE_N/A_ACTUAL_POS] | [EVENT_BEFORE_N/A_ACTUAL_POS] --(BEFORE)--> [EVENT_BEFORE_N/A_ACTUAL_POS] | [EVENT_BEFORE_N/A_ACTUAL_POS] --(BEFORE)--> [EVENT_BEFORE_N/A_ACTUAL_POS] | [EVENT_BEFORE_N/A_ACTUAL_POS] --(BEFORE)--> [EVENT_BEFORE_N/A_ACTUAL_POS] | [EVENT_BEFORE_N/A_ACTUAL_POS] --(BEFORE)--> [EVENT_BEFORE_N/A_ACTUAL_POS],fibroscopie,BEFORE,marqueurs,BEFORE,décidée,BEFORE,laparotomie,BEFORE,hystérectomie,BEFORE,suites
117,43,FR100611,[EVENT_BEFORE_N/A_ACTUAL_POS] --(BEFORE)--> [EVENT_BEFORE_N/A_ACTUAL_POS] | [EVENT_BEFORE_N/A_ACTUAL_POS] --(BEFORE)--> [EVENT_BEFORE_N/A_ACTUAL_POS] | [EVENT_BEFORE_N/A_ACTUAL_POS] --(BEFORE)--> [EVENT_BEFORE_N/A_ACTUAL_POS] | [EVENT_BEFORE_N/A_ACTUAL_POS] --(BEFORE)--> [EVENT_BEFORE_N/A_ACTUAL_POS] | [EVENT_BEFORE_N/A_ACTUAL_POS] --(BEFORE)--> [EVENT_BEFORE_N/A_ACTUAL_POS],examen,BEFORE,IRM,BEFORE,étude,BEFORE,examen,BEFORE,PCR,BEFORE,TDM
117,43,FR100614,[EVENT_BEFORE_N/A_ACTUAL_POS] --(BEFORE)--> [EVENT_BEFORE_N/A_ACTUAL_POS] | [EVENT_BEFORE_N/A_ACTUAL_POS] --(BEFORE)--> [EVENT_BEFORE_N/A_ACTUAL_POS] | [EVENT_BEFORE_N/A_ACTUAL_POS] --(BEFORE)--> [EVENT_BEFORE_N/A_ACTUAL_POS] | [EVENT_BEFORE_N/A_ACTUAL_POS] --(BEFORE)--> [EVENT_BEFORE_N/A_ACTUAL_POS] | [EVENT_BEFORE_N/A_ACTUAL_POS] --(BEFORE)--> [EVENT_BEFORE_N/A_ACTUAL_POS],admission,BEFORE,examen,BEFORE,échographique,BEFORE,tomodensitométrie,BEFORE,radiographie,BEFORE,échographie
117,43,FR100620,[EVENT_BEFORE_N/A_ACTUAL_POS] --(BEFORE)--> [EVENT_BEFORE_N/A_ACTUAL_POS] | [EVENT_BEFORE_N/A_ACTUAL_POS] --(BEFORE)--> [EVENT_BEFORE_N/A_ACTUAL_POS] | [EVENT_BEFORE_N/A_ACTUAL_POS] --(BEFORE)--> [EVENT_BEFORE_N/A_ACTUAL_POS] | [EVENT_BEFORE_N/A_ACTUAL_POS] --(BEFORE)--> [EVENT_BEFORE_N/A_ACTUAL_POS] | [EVENT_BEFORE_N/A_ACTUAL_POS] --(BEFORE)--> [EVENT_BEFORE_N/A_ACTUAL_POS],radiographie,BEFORE,drainage,BEFORE,radiographie,BEFORE,demandé,BEFORE,aspect,BEFORE,bronchoscopie
117,43,FR100623,[EVENT_BEFORE_N/A_ACTUAL_POS] --(BEFORE)--> [EVENT_BEFORE_N/A_ACTUAL_POS] | [EVENT_BEFORE_N/A_ACTUAL_POS] --(BEFORE)--> [EVENT_BEFORE_N/A_ACTUAL_POS] | [EVENT_BEFORE_N/A_ACTUAL_POS] --(BEFORE)--> [EVENT_BEFORE_N/A_ACTUAL_POS] | [EVENT_BEFORE_N/A_ACTUAL_POS] --(BEFORE)--> [EVENT_BEFORE_N/A_ACTUAL_POS] | [EVENT_BEFORE_N/A_ACTUAL_POS] --(BEFORE)--> [EVENT_BEFORE_N/A_ACTUAL_POS],examen,BEFORE,échographie,BEFORE,tomodensitométrie,BEFORE,retenu,BEFORE,prise,BEFORE,analyse
117,43,FR100629,[EVENT_BEFORE_N/A_ACTUAL_POS] --(BEFORE)--> [EVENT_BEFORE_N/A_ACTUAL_POS] | [EVENT_BEFORE_N/A_ACTUAL_POS] --(BEFORE)--> [EVENT_BEFORE_N/A_ACTUAL_POS] | [EVENT_BEFORE_N/A_ACTUAL_POS] --(BEFORE)--> [EVENT_BEFORE_N/A_ACTUAL_POS] | [EVENT_BEFORE_N/A_ACTUAL_POS] --(BEFORE)--> [EVENT_BEFORE_N/A_ACTUAL_POS] | [EVENT_BEFORE_N/A_ACTUAL_POS] --(BEFORE)--> [EVENT_BEFORE_N/A_ACTUAL_POS],examen,BEFORE,radiographie,BEFORE,thoracoscopie,BEFORE,marquage,BEFORE,bilan,BEFORE,décision
117,43,FR100632,[EVENT_BEFORE_N/A_ACTUAL_POS] --(BEFORE)--> [EVENT_BEFORE_N/A_ACTUAL_POS] | [EVENT_BEFORE_N/A_ACTUAL_POS] --(BEFORE)--> [EVENT_BEFORE_N/A_ACTUAL_POS] | [EVENT_BEFORE_N/A_ACTUAL_POS] --(BEFORE)--> [EVENT_BEFORE_N/A_ACTUAL_POS] | [EVENT_BEFORE_N/A_ACTUAL_POS] --(BEFORE)--> [EVENT_BEFORE_N/A_ACTUAL_POS] | [EVENT_BEFORE_N/A_ACTUAL_POS] --(BEFORE)--> [EVENT_BEFORE_N/A_ACTUAL_POS],bilan,BEFORE,enquête,BEFORE,étude,BEFORE,radiographie,BEFORE,examen,BEFORE,sérologie
117,43,FR100663,[EVENT_BEFORE_N/A_ACTUAL_POS] --(BEFORE)--> [EVENT_BEFORE_N/A_ACTUAL_POS] | [EVENT_BEFORE_N/A_ACTUAL_POS] --(BEFORE)--> [EVENT_BEFORE_N/A_ACTUAL_POS] | [EVENT_BEFORE_N/A_ACTUAL_POS] --(BEFORE)--> [EVENT_BEFORE_N/A_ACTUAL_POS] | [EVENT_BEFORE_N/A_ACTUAL_POS] --(BEFORE)--> [EVENT_BEFORE_N/A_ACTUAL_POS] | [EVENT_BEFORE_N/A_ACTUAL_POS] --(BEFORE)--> [EVENT_BEFORE_N/A_ACTUAL_POS],décidé,BEFORE,ligature,BEFORE,incisée,BEFORE,vérifié,BEFORE,reprise,BEFORE,fermé
117,43,FR100666,[EVENT_BEFORE_N/A_ACTUAL_POS] --(BEFORE)--> [EVENT_BEFORE_N/A_ACTUAL_POS] | [EVENT_BEFORE_N/A_ACTUAL_POS] --(BEFORE)--> [EVENT_BEFORE_N/A_ACTUAL_POS] | [EVENT_BEFORE_N/A_ACTUAL_POS] --(BEFORE)--> [EVENT_BEFORE_N/A_ACTUAL_POS] | [EVENT_BEFORE_N/A_ACTUAL_POS] --(BEFORE)--> [EVENT_BEFORE_N/A_ACTUAL_POS] | [EVENT_BEFORE_N/A_ACTUAL_POS] --(BEFORE)--> [EVENT_BEFORE_N/A_ACTUAL_POS],adressé,BEFORE,bilan,BEFORE,myologramme,BEFORE,bilan,BEFORE,classé,BEFORE,traitement
117,43,FR100683,[EVENT_BEFORE_N/A_ACTUAL_POS] --(BEFORE)--> [EVENT_BEFORE_N/A_ACTUAL_POS] | [EVENT_BEFORE_N/A_ACTUAL_POS] --(BEFORE)--> [EVENT_BEFORE_N/A_ACTUAL_POS] | [EVENT_BEFORE_N/A_ACTUAL_POS] --(BEFORE)--> [EVENT_BEFORE_N/A_ACTUAL_POS] | [EVENT_BEFORE_N/A_ACTUAL_POS] --(BEFORE)--> [EVENT_BEFORE_N/A_ACTUAL_POS] | [EVENT_BEFORE_N/A_ACTUAL_POS] --(BEFORE)--> [EVENT_BEFORE_N/A_ACTUAL_POS],exploration,BEFORE,exploration,BEFORE,IRM,BEFORE,écho-mammographie,BEFORE,osteodensitométrie,BEFORE,traitée
117,43,FR100688,[EVENT_BEFORE_N/A_ACTUAL_POS] --(BEFORE)--> [EVENT_BEFORE_N/A_ACTUAL_POS] | [EVENT_BEFORE_N/A_ACTUAL_POS] --(BEFORE)--> [EVENT_BEFORE_N/A_ACTUAL_POS] | [EVENT_BEFORE_N/A_ACTUAL_POS] --(BEFORE)--> [EVENT_BEFORE_N/A_ACTUAL_POS] | [EVENT_BEFORE_N/A_ACTUAL_POS] --(BEFORE)--> [EVENT_BEFORE_N/A_ACTUAL_POS] | [EVENT_BEFORE_N/A_ACTUAL_POS] --(BEFORE)--> [EVENT_BEFORE_N/A_ACTUAL_POS],examen,BEFORE,examen,BEFORE,sérologie,BEFORE,radiographie,BEFORE,échographie,BEFORE,radiographie
117,43,FR100689,[EVENT_BEFORE_N/A_ACTUAL_POS] --(BEFORE)--> [EVENT_BEFORE_N/A_ACTUAL_POS] | [EVENT_BEFORE_N/A_ACTUAL_POS] --(BEFORE)--> [EVENT_BEFORE_N/A_ACTUAL_POS] | [EVENT_BEFORE_N/A_ACTUAL_POS] --(BEFORE)--> [EVENT_BEFORE_N/A_ACTUAL_POS] | [EVENT_BEFORE_N/A_ACTUAL_POS] --(BEFORE)--> [EVENT_BEFORE_N/A_ACTUAL_POS] | [EVENT_BEFORE_N/A_ACTUAL_POS] --(BEFORE)--> [EVENT_BEFORE_N/A_ACTUAL_POS],hémogramme,BEFORE,ionogramme,BEFORE,examen,BEFORE,retenu,BEFORE,traitement,BEFORE,bithérapie
117,43,FR100697,[EVENT_BEFORE_N/A_ACTUAL_POS] --(BEFORE)--> [EVENT_BEFORE_N/A_ACTUAL_POS] | [EVENT_BEFORE_N/A_ACTUAL_POS] --(BEFORE)--> [EVENT_BEFORE_N/A_ACTUAL_POS] | [EVENT_BEFORE_N/A_ACTUAL_POS] --(BEFORE)--> [EVENT_BEFORE_N/A_ACTUAL_POS] | [EVENT_BEFORE_N/A_ACTUAL_POS] --(BEFORE)--> [EVENT_BEFORE_N/A_ACTUAL_POS] | [EVENT_BEFORE_N/A_ACTUAL_POS] --(BEFORE)--> [EVENT_BEFORE_N/A_ACTUAL_POS],palpation,BEFORE,examen,BEFORE,mammographie,BEFORE,échographie,BEFORE,examen,BEFORE,immunomarquage
117,43,FR100717,[EVENT_BEFORE_N/A_ACTUAL_POS] --(BEFORE)--> [EVENT_BEFORE_N/A_ACTUAL_POS] | [EVENT_BEFORE_N/A_ACTUAL_POS] --(BEFORE)--> [EVENT_BEFORE_N/A_ACTUAL_POS] | [EVENT_BEFORE_N/A_ACTUAL_POS] --(BEFORE)--> [EVENT_BEFORE_N/A_ACTUAL_POS] | [EVENT_BEFORE_N/A_ACTUAL_POS] --(BEFORE)--> [EVENT_BEFORE_N/A_ACTUAL_POS] | [EVENT_BEFORE_N/A_ACTUAL_POS] --(BEFORE)--> [EVENT_BEFORE_N/A_ACTUAL_POS],traitement,BEFORE,examen,BEFORE,examens,BEFORE,scanner,BEFORE,IRM,BEFORE,laminectomie
117,43,FR100806,[EVENT_BEFORE_N/A_ACTUAL_POS] --(BEFORE)--> [EVENT_BEFORE_N/A_ACTUAL_POS] | [EVENT_BEFORE_N/A_ACTUAL_POS] --(BEFORE)--> [EVENT_BEFORE_N/A_ACTUAL_POS] | [EVENT_BEFORE_N/A_ACTUAL_POS] --(BEFORE)--> [EVENT_BEFORE_N/A_ACTUAL_POS] | [EVENT_BEFORE_N/A_ACTUAL_POS] --(BEFORE)--> [EVENT_BEFORE_N/A_ACTUAL_POS] | [EVENT_BEFORE_N/A_ACTUAL_POS] --(BEFORE)--> [EVENT_BEFORE_N/A_ACTUAL_POS],prise,BEFORE,référée,BEFORE,examen,BEFORE,biologie,BEFORE,hospitalisée,BEFORE,transfusion
117,43,FR100826,[EVENT_BEFORE_N/A_ACTUAL_POS] --(BEFORE)--> [EVENT_BEFORE_N/A_ACTUAL_POS] | [EVENT_BEFORE_N/A_ACTUAL_POS] --(BEFORE)--> [EVENT_BEFORE_N/A_ACTUAL_POS] | [EVENT_BEFORE_N/A_ACTUAL_POS] --(BEFORE)--> [EVENT_BEFORE_N/A_ACTUAL_POS] | [EVENT_BEFORE_N/A_ACTUAL_POS] --(BEFORE)--> [EVENT_BEFORE_N/A_ACTUAL_POS] | [EVENT_BEFORE_N/A_ACTUAL_POS] --(BEFORE)--> [EVENT_BEFORE_N/A_ACTUAL_POS],admis,BEFORE,examen,BEFORE,bilan,BEFORE,bilan,BEFORE,retenue,BEFORE,exploration
117,43,FR100845,[EVENT_BEFORE_N/A_ACTUAL_POS] --(BEFORE)--> [EVENT_BEFORE_N/A_ACTUAL_POS] | [EVENT_BEFORE_N/A_ACTUAL_POS] --(BEFORE)--> [EVENT_BEFORE_N/A_ACTUAL_POS] | [EVENT_BEFORE_N/A_ACTUAL_POS] --(BEFORE)--> [EVENT_BEFORE_N/A_ACTUAL_POS] | [EVENT_BEFORE_N/A_ACTUAL_POS] --(BEFORE)--> [EVENT_BEFORE_N/A_ACTUAL_POS] | [EVENT_BEFORE_N/A_ACTUAL_POS] --(BEFORE)--> [EVENT_BEFORE_N/A_ACTUAL_POS],examen,BEFORE,examen,BEFORE,échographie,BEFORE,radiographie,BEFORE,décision,BEFORE,extraction
117,43,FR100870,[EVENT_BEFORE_N/A_ACTUAL_POS] --(BEFORE)--> [EVENT_BEFORE_N/A_ACTUAL_POS] | [EVENT_BEFORE_N/A_ACTUAL_POS] --(BEFORE)--> [EVENT_BEFORE_N/A_ACTUAL_POS] | [EVENT_BEFORE_N/A_ACTUAL_POS] --(BEFORE)--> [EVENT_BEFORE_N/A_ACTUAL_POS] | [EVENT_BEFORE_N/A_ACTUAL_POS] --(BEFORE)--> [EVENT_BEFORE_N/A_ACTUAL_POS] | [EVENT_BEFORE_N/A_ACTUAL_POS] --(BEFORE)--> [EVENT_BEFORE_N/A_ACTUAL_POS],immunosoustraction,BEFORE,immunofixation,BEFORE,bilan,BEFORE,B2,BEFORE,myélogramme,BEFORE,dosage
117,43,FR100874,[EVENT_BEFORE_N/A_ACTUAL_POS] --(BEFORE)--> [EVENT_BEFORE_N/A_ACTUAL_POS] | [EVENT_BEFORE_N/A_ACTUAL_POS] --(BEFORE)--> [EVENT_BEFORE_N/A_ACTUAL_POS] | [EVENT_BEFORE_N/A_ACTUAL_POS] --(BEFORE)--> [EVENT_BEFORE_N/A_ACTUAL_POS] | [EVENT_BEFORE_N/A_ACTUAL_POS] --(BEFORE)--> [EVENT_BEFORE_N/A_ACTUAL_POS] | [EVENT_BEFORE_N/A_ACTUAL_POS] --(BEFORE)--> [EVENT_BEFORE_N/A_ACTUAL_POS],examen,BEFORE,hémogramme,BEFORE,fibroscopie,BEFORE,transit,BEFORE,tomodensitométrie,BEFORE,retenu
117,43,FR100882,[EVENT_BEFORE_N/A_ACTUAL_POS] --(BEFORE)--> [EVENT_BEFORE_N/A_ACTUAL_POS] | [EVENT_BEFORE_N/A_ACTUAL_POS] --(BEFORE)--> [EVENT_BEFORE_N/A_ACTUAL_POS] | [EVENT_BEFORE_N/A_ACTUAL_POS] --(BEFORE)--> [EVENT_BEFORE_N/A_ACTUAL_POS] | [EVENT_BEFORE_N/A_ACTUAL_POS] --(BEFORE)--> [EVENT_BEFORE_N/A_ACTUAL_POS] | [EVENT_BEFORE_N/A_ACTUAL_POS] --(BEFORE)--> [EVENT_BEFORE_N/A_ACTUAL_POS],laminectomie,BEFORE,Imagerie,BEFORE,bilan,BEFORE,sérologies,BEFORE,sclérothérapie,BEFORE,évolution
117,43,FR100903,[EVENT_BEFORE_N/A_ACTUAL_POS] --(BEFORE)--> [EVENT_BEFORE_N/A_ACTUAL_POS] | [EVENT_BEFORE_N/A_ACTUAL_POS] --(BEFORE)--> [EVENT_BEFORE_N/A_ACTUAL_POS] | [EVENT_BEFORE_N/A_ACTUAL_POS] --(BEFORE)--> [EVENT_BEFORE_N/A_ACTUAL_POS] | [EVENT_BEFORE_N/A_ACTUAL_POS] --(BEFORE)--> [EVENT_BEFORE_N/A_ACTUAL_POS] | [EVENT_BEFORE_N/A_ACTUAL_POS] --(BEFORE)--> [EVENT_BEFORE_N/A_ACTUAL_POS],diagnostic,BEFORE,écarté,BEFORE,contrôles,BEFORE,accouchement,BEFORE,décédé,BEFORE,caryotype
117,43,FR100946,[EVENT_BEFORE_N/A_ACTUAL_POS] --(BEFORE)--> [EVENT_BEFORE_N/A_ACTUAL_POS] | [EVENT_BEFORE_N/A_ACTUAL_POS] --(BEFORE)--> [EVENT_BEFORE_N/A_ACTUAL_POS] | [EVENT_BEFORE_N/A_ACTUAL_POS] --(BEFORE)--> [EVENT_BEFORE_N/A_ACTUAL_POS] | [EVENT_BEFORE_N/A_ACTUAL_POS] --(BEFORE)--> [EVENT_BEFORE_N/A_ACTUAL_POS] | [EVENT_BEFORE_N/A_ACTUAL_POS] --(BEFORE)--> [EVENT_BEFORE_N/A_ACTUAL_POS],IRM,BEFORE,analyse,BEFORE,mise,BEFORE,analyse,BEFORE,mise,BEFORE,récupération
117,43,FR100996,[EVENT_BEFORE_N/A_ACTUAL_POS] --(BEFORE)--> [EVENT_BEFORE_N/A_ACTUAL_POS] | [EVENT_BEFORE_N/A_ACTUAL_POS] --(BEFORE)--> [EVENT_BEFORE_N/A_ACTUAL_POS] | [EVENT_BEFORE_N/A_ACTUAL_POS] --(BEFORE)--> [EVENT_BEFORE_N/A_ACTUAL_POS] | [EVENT_BEFORE_N/A_ACTUAL_POS] --(BEFORE)--> [EVENT_BEFORE_N/A_ACTUAL_POS] | [EVENT_BEFORE_N/A_ACTUAL_POS] --(BEFORE)--> [EVENT_BEFORE_N/A_ACTUAL_POS],examen,BEFORE,tomodensitométrie,BEFORE,injection,BEFORE,retenu,BEFORE,chirurgical,BEFORE,suites
158,42,FR100003,[EVENT_BEFORE_N/A_ACTUAL_POS] --(BEFORE)--> [EVENT_BEFORE_N/A_ACTUAL_POS] | [EVENT_BEFORE_N/A_ACTUAL_POS] --(BEFORE)--> [EVENT_BEFORE_N/A_ACTUAL_POS] | [EVENT_BEFORE_N/A_ACTUAL_POS] --(CONTAINS)--> [EVENT_BEFORE_N/A_ACTUAL_POS],TDM,BEFORE,panoramique,BEFORE,ponction,CONTAINS,ramené,,,,
158,42,FR100092,[EVENT_BEFORE_N/A_ACTUAL_POS] --(BEFORE)--> [EVENT_BEFORE_N/A_ACTUAL_POS] | [EVENT_BEFORE_N/A_ACTUAL_POS] --(BEFORE)--> [EVENT_BEFORE_N/A_ACTUAL_POS] | [EVENT_BEFORE_N/A_ACTUAL_POS] --(CONTAINS)--> [EVENT_BEFORE_N/A_ACTUAL_POS],tableau,BEFORE,reste,BEFORE,minilaparotomie,CONTAINS,salpingectomie,,,,
158,42,FR100130,[EVENT_BEFORE_N/A_ACTUAL_POS] --(BEFORE)--> [EVENT_BEFORE_N/A_ACTUAL_POS] | [EVENT_BEFORE_N/A_ACTUAL_POS] --(BEFORE)--> [EVENT_BEFORE_N/A_ACTUAL_POS] | [EVENT_BEFORE_N/A_ACTUAL_POS] --(CONTAINS)--> [EVENT_BEFORE_N/A_ACTUAL_POS],suspectée,BEFORE,bilan,BEFORE,traité,CONTAINS,kinésithérapie,,,,
158,42,FR100132,[EVENT_BEFORE_N/A_ACTUAL_POS] --(BEFORE)--> [EVENT_BEFORE_N/A_ACTUAL_POS] | [EVENT_BEFORE_N/A_ACTUAL_POS] --(BEFORE)--> [EVENT_BEFORE_N/A_ACTUAL_POS] | [EVENT_BEFORE_N/A_ACTUAL_POS] --(CONTAINS)--> [EVENT_BEFORE_N/A_ACTUAL_POS],palpation,BEFORE,histologie,BEFORE,examen,CONTAINS,angiographie,,,,
158,42,FR100142,[EVENT_BEFORE_N/A_ACTUAL_POS] --(BEFORE)--> [EVENT_BEFORE_N/A_ACTUAL_POS] | [EVENT_BEFORE_N/A_ACTUAL_POS] --(BEFORE)--> [EVENT_BEFORE_N/A_ACTUAL_POS] | [EVENT_BEFORE_N/A_ACTUAL_POS] --(CONTAINS)--> [EVENT_BEFORE_N/A_ACTUAL_POS],biopsie,BEFORE,mis,BEFORE,évolution,CONTAINS,taux,,,,
158,42,FR100161,[EVENT_BEFORE_N/A_ACTUAL_POS] --(BEFORE)--> [EVENT_BEFORE_N/A_ACTUAL_POS] | [EVENT_BEFORE_N/A_ACTUAL_POS] --(BEFORE)--> [EVENT_BEFORE_N/A_ACTUAL_POS] | [EVENT_BEFORE_N/A_ACTUAL_POS] --(CONTAINS)--> [EVENT_BEFORE_N/A_ACTUAL_POS],interrogatoire,BEFORE,examen,BEFORE,examens,CONTAINS,Acti tests,,,,
158,42,FR100168,[EVENT_BEFORE_N/A_ACTUAL_POS] --(BEFORE)--> [EVENT_BEFORE_N/A_ACTUAL_POS] | [EVENT_BEFORE_N/A_ACTUAL_POS] --(BEFORE)--> [EVENT_BEFORE_N/A_ACTUAL_POS] | [EVENT_BEFORE_N/A_ACTUAL_POS] --(CONTAINS)--> [EVENT_BEFORE_N/A_ACTUAL_POS],bilan,BEFORE,tests,BEFORE,entretien,CONTAINS,dévoiler,,,,
158,42,FR100255,[EVENT_BEFORE_N/A_ACTUAL_POS] --(BEFORE)--> [EVENT_BEFORE_N/A_ACTUAL_POS] | [EVENT_BEFORE_N/A_ACTUAL_POS] --(BEFORE)--> [EVENT_BEFORE_N/A_ACTUAL_POS] | [EVENT_BEFORE_N/A_ACTUAL_POS] --(CONTAINS)--> [EVENT_BEFORE_N/A_ACTUAL_POS],radio,BEFORE,TDM,BEFORE,bilan,CONTAINS,TP,,,,
158,42,FR100275,[EVENT_BEFORE_N/A_ACTUAL_POS] --(BEFORE)--> [EVENT_BEFORE_N/A_ACTUAL_POS] | [EVENT_BEFORE_N/A_ACTUAL_POS] --(BEFORE)--> [EVENT_BEFORE_N/A_ACTUAL_POS] | [EVENT_BEFORE_N/A_ACTUAL_POS] --(CONTAINS)--> [EVENT_BEFORE_N/A_ACTUAL_POS],arrivée,BEFORE,établi,BEFORE,manœuvres,CONTAINS,dégagement,,,,
158,42,FR100276,[EVENT_BEFORE_N/A_ACTUAL_POS] --(BEFORE)--> [EVENT_BEFORE_N/A_ACTUAL_POS] | [EVENT_BEFORE_N/A_ACTUAL_POS] --(BEFORE)--> [EVENT_BEFORE_N/A_ACTUAL_POS] | [EVENT_BEFORE_N/A_ACTUAL_POS] --(CONTAINS)--> [EVENT_BEFORE_N/A_ACTUAL_POS],accouchement,BEFORE,reste,BEFORE,bilan,CONTAINS,bilan,,,,
158,42,FR100283,[EVENT_BEFORE_N/A_ACTUAL_POS] --(BEFORE)--> [EVENT_BEFORE_N/A_ACTUAL_POS] | [EVENT_BEFORE_N/A_ACTUAL_POS] --(BEFORE)--> [EVENT_BEFORE_N/A_ACTUAL_POS] | [EVENT_BEFORE_N/A_ACTUAL_POS] --(CONTAINS)--> [EVENT_BEFORE_N/A_ACTUAL_POS],IRM,BEFORE,hypophysiogramme,BEFORE,traitement,CONTAINS,opothérapie,,,,
158,42,FR100296,[EVENT_BEFORE_N/A_ACTUAL_POS] --(BEFORE)--> [EVENT_BEFORE_N/A_ACTUAL_POS] | [EVENT_BEFORE_N/A_ACTUAL_POS] --(BEFORE)--> [EVENT_BEFORE_N/A_ACTUAL_POS] | [EVENT_BEFORE_N/A_ACTUAL_POS] --(CONTAINS)--> [EVENT_BEFORE_N/A_ACTUAL_POS],IRM,BEFORE,fenestration,BEFORE,suites,CONTAINS,diminution,,,,
158,42,FR100344,[EVENT_BEFORE_N/A_ACTUAL_POS] --(BEFORE)--> [EVENT_BEFORE_N/A_ACTUAL_POS] | [EVENT_BEFORE_N/A_ACTUAL_POS] --(BEFORE)--> [EVENT_BEFORE_N/A_ACTUAL_POS] | [EVENT_BEFORE_N/A_ACTUAL_POS] --(CONTAINS)--> [EVENT_BEFORE_N/A_ACTUAL_POS],plainte,BEFORE,examen,BEFORE,césarienne,CONTAINS,laissé,,,,
158,42,FR100371,[EVENT_BEFORE_N/A_ACTUAL_POS] --(BEFORE)--> [EVENT_BEFORE_N/A_ACTUAL_POS] | [EVENT_BEFORE_N/A_ACTUAL_POS] --(BEFORE)--> [EVENT_BEFORE_N/A_ACTUAL_POS] | [EVENT_BEFORE_N/A_ACTUAL_POS] --(CONTAINS)--> [EVENT_BEFORE_N/A_ACTUAL_POS],bilan,BEFORE,bilan,BEFORE,intervention,CONTAINS,exérèse,,,,
158,42,FR100400,[EVENT_BEFORE_N/A_ACTUAL_POS] --(BEFORE)--> [EVENT_BEFORE_N/A_ACTUAL_POS] | [EVENT_BEFORE_N/A_ACTUAL_POS] --(BEFORE)--> [EVENT_BEFORE_N/A_ACTUAL_POS] | [EVENT_BEFORE_N/A_ACTUAL_POS] --(CONTAINS)--> [EVENT_BEFORE_N/A_ACTUAL_POS],aspiration,BEFORE,résection,BEFORE,suites,CONTAINS,retiré,,,,
158,42,FR100510,[EVENT_BEFORE_N/A_ACTUAL_POS] --(BEFORE)--> [EVENT_BEFORE_N/A_ACTUAL_POS] | [EVENT_BEFORE_N/A_ACTUAL_POS] --(BEFORE)--> [EVENT_BEFORE_N/A_ACTUAL_POS] | [EVENT_BEFORE_N/A_ACTUAL_POS] --(CONTAINS)--> [EVENT_BEFORE_N/A_ACTUAL_POS],biopsie,BEFORE,décision,BEFORE,intervention,CONTAINS,exposée,,,,
158,42,FR100515,[EVENT_BEFORE_N/A_ACTUAL_POS] --(BEFORE)--> [EVENT_BEFORE_N/A_ACTUAL_POS] | [EVENT_BEFORE_N/A_ACTUAL_POS] --(BEFORE)--> [EVENT_BEFORE_N/A_ACTUAL_POS] | [EVENT_BEFORE_N/A_ACTUAL_POS] --(CONTAINS)--> [EVENT_BEFORE_N/A_ACTUAL_POS],retenu,BEFORE,bilan,BEFORE,bilan,CONTAINS,échographie,,,,
158,42,FR100519,[EVENT_BEFORE_N/A_ACTUAL_POS] --(BEFORE)--> [EVENT_BEFORE_N/A_ACTUAL_POS] | [EVENT_BEFORE_N/A_ACTUAL_POS] --(BEFORE)--> [EVENT_BEFORE_N/A_ACTUAL_POS] | [EVENT_BEFORE_N/A_ACTUAL_POS] --(CONTAINS)--> [EVENT_BEFORE_N/A_ACTUAL_POS],hospitalisée,BEFORE,entrée,BEFORE,bilan,CONTAINS,radiographie,,,,
158,42,FR100589,[EVENT_BEFORE_N/A_ACTUAL_POS] --(BEFORE)--> [EVENT_BEFORE_N/A_ACTUAL_POS] | [EVENT_BEFORE_N/A_ACTUAL_POS] --(BEFORE)--> [EVENT_BEFORE_N/A_ACTUAL_POS] | [EVENT_BEFORE_N/A_ACTUAL_POS] --(CONTAINS)--> [EVENT_BEFORE_N/A_ACTUAL_POS],rechercher,BEFORE,bronchoscopie,BEFORE,lavage,CONTAINS,recherche,,,,
158,42,FR100597,[EVENT_BEFORE_N/A_ACTUAL_POS] --(BEFORE)--> [EVENT_BEFORE_N/A_ACTUAL_POS] | [EVENT_BEFORE_N/A_ACTUAL_POS] --(BEFORE)--> [EVENT_BEFORE_N/A_ACTUAL_POS] | [EVENT_BEFORE_N/A_ACTUAL_POS] --(CONTAINS)--> [EVENT_BEFORE_N/A_ACTUAL_POS],décidée,BEFORE,laparotomie,BEFORE,hystérectomie,CONTAINS,exérèse,,,,
158,42,FR100611,[EVENT_BEFORE_N/A_ACTUAL_POS] --(BEFORE)--> [EVENT_BEFORE_N/A_ACTUAL_POS] | [EVENT_BEFORE_N/A_ACTUAL_POS] --(BEFORE)--> [EVENT_BEFORE_N/A_ACTUAL_POS] | [EVENT_BEFORE_N/A_ACTUAL_POS] --(CONTAINS)--> [EVENT_BEFORE_N/A_ACTUAL_POS],examen,BEFORE,PCR,BEFORE,TDM,CONTAINS,image,,,,
158,42,FR100614,[EVENT_BEFORE_N/A_ACTUAL_POS] --(BEFORE)--> [EVENT_BEFORE_N/A_ACTUAL_POS] | [EVENT_BEFORE_N/A_ACTUAL_POS] --(BEFORE)--> [EVENT_BEFORE_N/A_ACTUAL_POS] | [EVENT_BEFORE_N/A_ACTUAL_POS] --(CONTAINS)--> [EVENT_BEFORE_N/A_ACTUAL_POS],exploration,BEFORE,rupture,BEFORE,intervention,CONTAINS,éviter,,,,
158,42,FR100620,[EVENT_BEFORE_N/A_ACTUAL_POS] --(BEFORE)--> [EVENT_BEFORE_N/A_ACTUAL_POS] | [EVENT_BEFORE_N/A_ACTUAL_POS] --(BEFORE)--> [EVENT_BEFORE_N/A_ACTUAL_POS] | [EVENT_BEFORE_N/A_ACTUAL_POS] --(CONTAINS)--> [EVENT_BEFORE_N/A_ACTUAL_POS],bronchoscopie,BEFORE,bilan,BEFORE,bilan,CONTAINS,panoramique,,,,
158,42,FR100629,[EVENT_BEFORE_N/A_ACTUAL_POS] --(BEFORE)--> [EVENT_BEFORE_N/A_ACTUAL_POS] | [EVENT_BEFORE_N/A_ACTUAL_POS] --(BEFORE)--> [EVENT_BEFORE_N/A_ACTUAL_POS] | [EVENT_BEFORE_N/A_ACTUAL_POS] --(CONTAINS)--> [EVENT_BEFORE_N/A_ACTUAL_POS],examen,BEFORE,radiographie,BEFORE,thoracoscopie,CONTAINS,biopsie,,,,
158,42,FR100632,[EVENT_BEFORE_N/A_ACTUAL_POS] --(BEFORE)--> [EVENT_BEFORE_N/A_ACTUAL_POS] | [EVENT_BEFORE_N/A_ACTUAL_POS] --(BEFORE)--> [EVENT_BEFORE_N/A_ACTUAL_POS] | [EVENT_BEFORE_N/A_ACTUAL_POS] --(CONTAINS)--> [EVENT_BEFORE_N/A_ACTUAL_POS],interrogatoire,BEFORE,examen,BEFORE,examen,CONTAINS,conservée,,,,
158,42,FR100658,[EVENT_BEFORE_N/A_ACTUAL_POS] --(BEFORE)--> [EVENT_BEFORE_N/A_ACTUAL_POS] | [EVENT_BEFORE_N/A_ACTUAL_POS] --(BEFORE)--> [EVENT_BEFORE_N/A_ACTUAL_POS] | [EVENT_BEFORE_N/A_ACTUAL_POS] --(CONTAINS)--> [EVENT_BEFORE_N/A_ACTUAL_POS],évaluation,BEFORE,auscultation,BEFORE,examens,CONTAINS,bilan,,,,
158,42,FR100663,[EVENT_BEFORE_N/A_ACTUAL_POS] --(BEFORE)--> [EVENT_BEFORE_N/A_ACTUAL_POS] | [EVENT_BEFORE_N/A_ACTUAL_POS] --(BEFORE)--> [EVENT_BEFORE_N/A_ACTUAL_POS] | [EVENT_BEFORE_N/A_ACTUAL_POS] --(CONTAINS)--> [EVENT_BEFORE_N/A_ACTUAL_POS],taux,BEFORE,tenté,BEFORE,bilan,CONTAINS,Numération,,,,
158,42,FR100666,[EVENT_BEFORE_N/A_ACTUAL_POS] --(BEFORE)--> [EVENT_BEFORE_N/A_ACTUAL_POS] | [EVENT_BEFORE_N/A_ACTUAL_POS] --(BEFORE)--> [EVENT_BEFORE_N/A_ACTUAL_POS] | [EVENT_BEFORE_N/A_ACTUAL_POS] --(CONTAINS)--> [EVENT_BEFORE_N/A_ACTUAL_POS],bilan,BEFORE,classé,BEFORE,traitement,CONTAINS,polychimiothérapie,,,,
158,42,FR100688,[EVENT_BEFORE_N/A_ACTUAL_POS] --(BEFORE)--> [EVENT_BEFORE_N/A_ACTUAL_POS] | [EVENT_BEFORE_N/A_ACTUAL_POS] --(BEFORE)--> [EVENT_BEFORE_N/A_ACTUAL_POS] | [EVENT_BEFORE_N/A_ACTUAL_POS] --(CONTAINS)--> [EVENT_BEFORE_N/A_ACTUAL_POS],analyse,BEFORE,traitement,BEFORE,évolution,CONTAINS,amélioration,,,,
158,42,FR100689,[EVENT_BEFORE_N/A_ACTUAL_POS] --(BEFORE)--> [EVENT_BEFORE_N/A_ACTUAL_POS] | [EVENT_BEFORE_N/A_ACTUAL_POS] --(BEFORE)--> [EVENT_BEFORE_N/A_ACTUAL_POS] | [EVENT_BEFORE_N/A_ACTUAL_POS] --(CONTAINS)--> [EVENT_BEFORE_N/A_ACTUAL_POS],examen,BEFORE,retenu,BEFORE,évolution,CONTAINS,disparition,,,,
158,42,FR100708,[EVENT_BEFORE_N/A_ACTUAL_POS] --(BEFORE)--> [EVENT_BEFORE_N/A_ACTUAL_POS] | [EVENT_BEFORE_N/A_ACTUAL_POS] --(BEFORE)--> [EVENT_BEFORE_N/A_ACTUAL_POS] | [EVENT_BEFORE_N/A_ACTUAL_POS] --(CONTAINS)--> [EVENT_BEFORE_N/A_ACTUAL_POS],mammographie,BEFORE,échographie,BEFORE,ponction,CONTAINS,ramenant,,,,
158,42,FR100717,[EVENT_BEFORE_N/A_ACTUAL_POS] --(BEFORE)--> [EVENT_BEFORE_N/A_ACTUAL_POS] | [EVENT_BEFORE_N/A_ACTUAL_POS] --(BEFORE)--> [EVENT_BEFORE_N/A_ACTUAL_POS] | [EVENT_BEFORE_N/A_ACTUAL_POS] --(CONTAINS)--> [EVENT_BEFORE_N/A_ACTUAL_POS],enlevée,BEFORE,exploration,BEFORE,suites,CONTAINS,régression,,,,
158,42,FR100806,[EVENT_BEFORE_N/A_ACTUAL_POS] --(BEFORE)--> [EVENT_BEFORE_N/A_ACTUAL_POS] | [EVENT_BEFORE_N/A_ACTUAL_POS] --(BEFORE)--> [EVENT_BEFORE_N/A_ACTUAL_POS] | [EVENT_BEFORE_N/A_ACTUAL_POS] --(CONTAINS)--> [EVENT_BEFORE_N/A_ACTUAL_POS],référée,BEFORE,examen,BEFORE,biologie,CONTAINS,NFS,,,,
158,42,FR100826,[EVENT_BEFORE_N/A_ACTUAL_POS] --(BEFORE)--> [EVENT_BEFORE_N/A_ACTUAL_POS] | [EVENT_BEFORE_N/A_ACTUAL_POS] --(BEFORE)--> [EVENT_BEFORE_N/A_ACTUAL_POS] | [EVENT_BEFORE_N/A_ACTUAL_POS] --(CONTAINS)--> [EVENT_BEFORE_N/A_ACTUAL_POS],admis,BEFORE,examen,BEFORE,bilan,CONTAINS,tomodensitométrie,,,,
158,42,FR100845,[EVENT_BEFORE_N/A_ACTUAL_POS] --(BEFORE)--> [EVENT_BEFORE_N/A_ACTUAL_POS] | [EVENT_BEFORE_N/A_ACTUAL_POS] --(BEFORE)--> [EVENT_BEFORE_N/A_ACTUAL_POS] | [EVENT_BEFORE_N/A_ACTUAL_POS] --(CONTAINS)--> [EVENT_BEFORE_N/A_ACTUAL_POS],extraction,BEFORE,examen,BEFORE,examinés,CONTAINS,examen,,,,
158,42,FR100870,[EVENT_BEFORE_N/A_ACTUAL_POS] --(BEFORE)--> [EVENT_BEFORE_N/A_ACTUAL_POS] | [EVENT_BEFORE_N/A_ACTUAL_POS] --(BEFORE)--> [EVENT_BEFORE_N/A_ACTUAL_POS] | [EVENT_BEFORE_N/A_ACTUAL_POS] --(CONTAINS)--> [EVENT_BEFORE_N/A_ACTUAL_POS],bilan,BEFORE,IRM,BEFORE,électrophorèse,CONTAINS,découverte,,,,
158,42,FR100874,[EVENT_BEFORE_N/A_ACTUAL_POS] --(BEFORE)--> [EVENT_BEFORE_N/A_ACTUAL_POS] | [EVENT_BEFORE_N/A_ACTUAL_POS] --(BEFORE)--> [EVENT_BEFORE_N/A_ACTUAL_POS] | [EVENT_BEFORE_N/A_ACTUAL_POS] --(CONTAINS)--> [EVENT_BEFORE_N/A_ACTUAL_POS],hémogramme,BEFORE,fibroscopie,BEFORE,transit,CONTAINS,image,,,,
158,42,FR100882,[EVENT_BEFORE_N/A_ACTUAL_POS] --(BEFORE)--> [EVENT_BEFORE_N/A_ACTUAL_POS] | [EVENT_BEFORE_N/A_ACTUAL_POS] --(BEFORE)--> [EVENT_BEFORE_N/A_ACTUAL_POS] | [EVENT_BEFORE_N/A_ACTUAL_POS] --(CONTAINS)--> [EVENT_BEFORE_N/A_ACTUAL_POS],sérologies,BEFORE,sclérothérapie,BEFORE,évolution,CONTAINS,amélioration,,,,
158,42,FR100883,[EVENT_BEFORE_N/A_ACTUAL_POS] --(BEFORE)--> [EVENT_BEFORE_N/A_ACTUAL_POS] | [EVENT_BEFORE_N/A_ACTUAL_POS] --(BEFORE)--> [EVENT_BEFORE_N/A_ACTUAL_POS] | [EVENT_BEFORE_N/A_ACTUAL_POS] --(CONTAINS)--> [EVENT_BEFORE_N/A_ACTUAL_POS],biopsie,BEFORE,bilan,BEFORE,reçu,CONTAINS,cures,,,,
158,42,FR100894,[EVENT_BEFORE_N/A_ACTUAL_POS] --(BEFORE)--> [EVENT_BEFORE_N/A_ACTUAL_POS] | [EVENT_BEFORE_N/A_ACTUAL_POS] --(BEFORE)--> [EVENT_BEFORE_N/A_ACTUAL_POS] | [EVENT_BEFORE_N/A_ACTUAL_POS] --(CONTAINS)--> [EVENT_BEFORE_N/A_ACTUAL_POS],diagnostic,BEFORE,pris,BEFORE,incision,CONTAINS,décompression,,,,
158,42,FR100903,[EVENT_BEFORE_N/A_ACTUAL_POS] --(BEFORE)--> [EVENT_BEFORE_N/A_ACTUAL_POS] | [EVENT_BEFORE_N/A_ACTUAL_POS] --(BEFORE)--> [EVENT_BEFORE_N/A_ACTUAL_POS] | [EVENT_BEFORE_N/A_ACTUAL_POS] --(CONTAINS)--> [EVENT_BEFORE_N/A_ACTUAL_POS],écarté,BEFORE,contrôles,BEFORE,accouchement,CONTAINS,naissance,,,,
158,42,FR100998,[EVENT_BEFORE_N/A_ACTUAL_POS] --(BEFORE)--> [EVENT_BEFORE_N/A_ACTUAL_POS] | [EVENT_BEFORE_N/A_ACTUAL_POS] --(BEFORE)--> [EVENT_BEFORE_N/A_ACTUAL_POS] | [EVENT_BEFORE_N/A_ACTUAL_POS] --(CONTAINS)--> [EVENT_BEFORE_N/A_ACTUAL_POS],test,BEFORE,diagnostic,BEFORE,traitée,CONTAINS,développé,,,,
164,42,FR100120,[EVENT_BEFORE_N/A_ACTUAL_POS] --(BEFORE)--> [EVENT_BEFORE_N/A_ACTUAL_POS] | [EVENT_BEFORE_N/A_ACTUAL_POS] --(BEFORE)--> [EVENT_BEFORE_N/A_ACTUAL_POS] | [EVENT_BEFORE_N/A_ACTUAL_POS] --(BEFORE)--> [EVENT_BEFORE_N/A_ACTUAL_POS],traitement,BEFORE,retirées,[RETOUR],traitement,BEFORE,sailli,[RETOUR],retirées,BEFORE,conclure
164,42,FR100130,[EVENT_BEFORE_N/A_ACTUAL_POS] --(BEFORE)--> [EVENT_BEFORE_N/A_ACTUAL_POS] | [EVENT_BEFORE_N/A_ACTUAL_POS] --(BEFORE)--> [EVENT_BEFORE_N/A_ACTUAL_POS] | [EVENT_BEFORE_N/A_ACTUAL_POS] --(BEFORE)--> [EVENT_BEFORE_N/A_ACTUAL_POS],glycémie,BEFORE,confirmé,[RETOUR],glycémie,BEFORE,bilan,[RETOUR],confirmé,BEFORE,recherche
164,42,FR100142,[EVENT_BEFORE_N/A_ACTUAL_POS] --(BEFORE)--> [EVENT_BEFORE_N/A_ACTUAL_POS] | [EVENT_BEFORE_N/A_ACTUAL_POS] --(BEFORE)--> [EVENT_BEFORE_N/A_ACTUAL_POS] | [EVENT_BEFORE_N/A_ACTUAL_POS] --(BEFORE)--> [EVENT_BEFORE_N/A_ACTUAL_POS],fibroscopie,BEFORE,biopsie,[RETOUR],fibroscopie,BEFORE,colonoscopie,[RETOUR],biopsie,BEFORE,mis
164,42,FR100161,[EVENT_BEFORE_N/A_ACTUAL_POS] --(BEFORE)--> [EVENT_BEFORE_N/A_ACTUAL_POS] | [EVENT_BEFORE_N/A_ACTUAL_POS] --(BEFORE)--> [EVENT_BEFORE_N/A_ACTUAL_POS] | [EVENT_BEFORE_N/A_ACTUAL_POS] --(BEFORE)--> [EVENT_BEFORE_N/A_ACTUAL_POS],cortisol,BEFORE,exérèse,[RETOUR],cortisol,BEFORE,cortisol,[RETOUR],exérèse,BEFORE,examen
164,42,FR100168,[EVENT_BEFORE_N/A_ACTUAL_POS] --(BEFORE)--> [EVENT_BEFORE_N/A_ACTUAL_POS] | [EVENT_BEFORE_N/A_ACTUAL_POS] --(BEFORE)--> [EVENT_BEFORE_N/A_ACTUAL_POS] | [EVENT_BEFORE_N/A_ACTUAL_POS] --(BEFORE)--> [EVENT_BEFORE_N/A_ACTUAL_POS],examen,BEFORE,bilan,[RETOUR],examen,BEFORE,ostéosynthèse,[RETOUR],bilan,BEFORE,dissection
164,42,FR100255,[EVENT_BEFORE_N/A_ACTUAL_POS] --(BEFORE)--> [EVENT_BEFORE_N/A_ACTUAL_POS] | [EVENT_BEFORE_N/A_ACTUAL_POS] --(BEFORE)--> [EVENT_BEFORE_N/A_ACTUAL_POS] | [EVENT_BEFORE_N/A_ACTUAL_POS] --(BEFORE)--> [EVENT_BEFORE_N/A_ACTUAL_POS],mise,BEFORE,réveillée,[RETOUR],mise,BEFORE,décubitus,[RETOUR],réveillée,BEFORE,radio
164,42,FR100276,[EVENT_BEFORE_N/A_ACTUAL_POS] --(BEFORE)--> [EVENT_BEFORE_N/A_ACTUAL_POS] | [EVENT_BEFORE_N/A_ACTUAL_POS] --(BEFORE)--> [EVENT_BEFORE_N/A_ACTUAL_POS] | [EVENT_BEFORE_N/A_ACTUAL_POS] --(BEFORE)--> [EVENT_BEFORE_N/A_ACTUAL_POS],accouchement,BEFORE,reste,[RETOUR],accouchement,BEFORE,poids,[RETOUR],reste,BEFORE,bilan
164,42,FR100283,[EVENT_BEFORE_N/A_ACTUAL_POS] --(BEFORE)--> [EVENT_BEFORE_N/A_ACTUAL_POS] | [EVENT_BEFORE_N/A_ACTUAL_POS] --(BEFORE)--> [EVENT_BEFORE_N/A_ACTUAL_POS] | [EVENT_BEFORE_N/A_ACTUAL_POS] --(BEFORE)--> [EVENT_BEFORE_N/A_ACTUAL_POS],bilan,BEFORE,IRM,[RETOUR],bilan,BEFORE,ponction,[RETOUR],IRM,BEFORE,hypophysiogramme
164,42,FR100344,[EVENT_BEFORE_N/A_ACTUAL_POS] --(BEFORE)--> [EVENT_BEFORE_N/A_ACTUAL_POS] | [EVENT_BEFORE_N/A_ACTUAL_POS] --(BEFORE)--> [EVENT_BEFORE_N/A_ACTUAL_POS] | [EVENT_BEFORE_N/A_ACTUAL_POS] --(BEFORE)--> [EVENT_BEFORE_N/A_ACTUAL_POS],développé,BEFORE,contrôle,[RETOUR],développé,BEFORE,suivie,[RETOUR],contrôle,BEFORE,tombée
164,42,FR100360,[EVENT_BEFORE_N/A_ACTUAL_POS] --(BEFORE)--> [EVENT_BEFORE_N/A_ACTUAL_POS] | [EVENT_BEFORE_N/A_ACTUAL_POS] --(BEFORE)--> [EVENT_BEFORE_N/A_ACTUAL_POS] | [EVENT_BEFORE_N/A_ACTUAL_POS] --(BEFORE)--> [EVENT_BEFORE_N/A_ACTUAL_POS],biopsie,BEFORE,tomodensitométrie,[RETOUR],biopsie,BEFORE,étude,[RETOUR],tomodensitométrie,BEFORE,radiothérapie
164,42,FR100371,[EVENT_BEFORE_N/A_ACTUAL_POS] --(BEFORE)--> [EVENT_BEFORE_N/A_ACTUAL_POS] | [EVENT_BEFORE_N/A_ACTUAL_POS] --(BEFORE)--> [EVENT_BEFORE_N/A_ACTUAL_POS] | [EVENT_BEFORE_N/A_ACTUAL_POS] --(BEFORE)--> [EVENT_BEFORE_N/A_ACTUAL_POS],incision,BEFORE,suite,[RETOUR],incision,BEFORE,envoyée,[RETOUR],suite,BEFORE,sortie
164,42,FR100400,[EVENT_BEFORE_N/A_ACTUAL_POS] --(BEFORE)--> [EVENT_BEFORE_N/A_ACTUAL_POS] | [EVENT_BEFORE_N/A_ACTUAL_POS] --(BEFORE)--> [EVENT_BEFORE_N/A_ACTUAL_POS] | [EVENT_BEFORE_N/A_ACTUAL_POS] --(BEFORE)--> [EVENT_BEFORE_N/A_ACTUAL_POS],bilan,BEFORE,Radiographie,[RETOUR],bilan,BEFORE,sérologie,[RETOUR],Radiographie,BEFORE,échographie
164,42,FR100439,[EVENT_BEFORE_N/A_ACTUAL_POS] --(BEFORE)--> [EVENT_BEFORE_N/A_ACTUAL_POS] | [EVENT_BEFORE_N/A_ACTUAL_POS] --(BEFORE)--> [EVENT_BEFORE_N/A_ACTUAL_POS] | [EVENT_BEFORE_N/A_ACTUAL_POS] --(BEFORE)--> [EVENT_BEFORE_N/A_ACTUAL_POS],analyse,BEFORE,exploration,[RETOUR],analyse,BEFORE,demandée,[RETOUR],exploration,BEFORE,posant
164,42,FR100480,[EVENT_BEFORE_N/A_ACTUAL_POS] --(BEFORE)--> [EVENT_BEFORE_N/A_ACTUAL_POS] | [EVENT_BEFORE_N/A_ACTUAL_POS] --(BEFORE)--> [EVENT_BEFORE_N/A_ACTUAL_POS] | [EVENT_BEFORE_N/A_ACTUAL_POS] --(BEFORE)--> [EVENT_BEFORE_N/A_ACTUAL_POS],bilan,BEFORE,analyse,[RETOUR],bilan,BEFORE,biopsie,[RETOUR],analyse,BEFORE,amputation
164,42,FR100515,[EVENT_BEFORE_N/A_ACTUAL_POS] --(BEFORE)--> [EVENT_BEFORE_N/A_ACTUAL_POS] | [EVENT_BEFORE_N/A_ACTUAL_POS] --(BEFORE)--> [EVENT_BEFORE_N/A_ACTUAL_POS] | [EVENT_BEFORE_N/A_ACTUAL_POS] --(BEFORE)--> [EVENT_BEFORE_N/A_ACTUAL_POS],testing,BEFORE,dosage,[RETOUR],testing,BEFORE,électromyogramme,[RETOUR],dosage,BEFORE,bilan
164,42,FR100519,[EVENT_BEFORE_N/A_ACTUAL_POS] --(BEFORE)--> [EVENT_BEFORE_N/A_ACTUAL_POS] | [EVENT_BEFORE_N/A_ACTUAL_POS] --(BEFORE)--> [EVENT_BEFORE_N/A_ACTUAL_POS] | [EVENT_BEFORE_N/A_ACTUAL_POS] --(BEFORE)--> [EVENT_BEFORE_N/A_ACTUAL_POS],hospitalisée,BEFORE,entrée,[RETOUR],hospitalisée,BEFORE,transférée,[RETOUR],entrée,BEFORE,bilan
164,42,FR100579,[EVENT_BEFORE_N/A_ACTUAL_POS] --(BEFORE)--> [EVENT_BEFORE_N/A_ACTUAL_POS] | [EVENT_BEFORE_N/A_ACTUAL_POS] --(BEFORE)--> [EVENT_BEFORE_N/A_ACTUAL_POS] | [EVENT_BEFORE_N/A_ACTUAL_POS] --(BEFORE)--> [EVENT_BEFORE_N/A_ACTUAL_POS],échocardiographie,BEFORE,angio-scanner,[RETOUR],échocardiographie,BEFORE,bilan,[RETOUR],angio-scanner,BEFORE,imagerie
164,42,FR100589,[EVENT_BEFORE_N/A_ACTUAL_POS] --(BEFORE)--> [EVENT_BEFORE_N/A_ACTUAL_POS] | [EVENT_BEFORE_N/A_ACTUAL_POS] --(BEFORE)--> [EVENT_BEFORE_N/A_ACTUAL_POS] | [EVENT_BEFORE_N/A_ACTUAL_POS] --(BEFORE)--> [EVENT_BEFORE_N/A_ACTUAL_POS],admis,BEFORE,reste,[RETOUR],admis,BEFORE,examen,[RETOUR],reste,BEFORE,radiographie
164,42,FR100597,[EVENT_BEFORE_N/A_ACTUAL_POS] --(BEFORE)--> [EVENT_BEFORE_N/A_ACTUAL_POS] | [EVENT_BEFORE_N/A_ACTUAL_POS] --(BEFORE)--> [EVENT_BEFORE_N/A_ACTUAL_POS] | [EVENT_BEFORE_N/A_ACTUAL_POS] --(BEFORE)--> [EVENT_BEFORE_N/A_ACTUAL_POS],fibroscopie,BEFORE,marqueurs,[RETOUR],fibroscopie,BEFORE,coloscopie,[RETOUR],marqueurs,BEFORE,décidée
164,42,FR100611,[EVENT_BEFORE_N/A_ACTUAL_POS] --(BEFORE)--> [EVENT_BEFORE_N/A_ACTUAL_POS] | [EVENT_BEFORE_N/A_ACTUAL_POS] --(BEFORE)--> [EVENT_BEFORE_N/A_ACTUAL_POS] | [EVENT_BEFORE_N/A_ACTUAL_POS] --(BEFORE)--> [EVENT_BEFORE_N/A_ACTUAL_POS],examen,BEFORE,PCR,[RETOUR],examen,BEFORE,cultures,[RETOUR],PCR,BEFORE,TDM
164,42,FR100614,[EVENT_BEFORE_N/A_ACTUAL_POS] --(BEFORE)--> [EVENT_BEFORE_N/A_ACTUAL_POS] | [EVENT_BEFORE_N/A_ACTUAL_POS] --(BEFORE)--> [EVENT_BEFORE_N/A_ACTUAL_POS] | [EVENT_BEFORE_N/A_ACTUAL_POS] --(BEFORE)--> [EVENT_BEFORE_N/A_ACTUAL_POS],radiographie,BEFORE,taux,[RETOUR],radiographie,BEFORE,échographie,[RETOUR],taux,BEFORE,exploration
164,42,FR100620,[EVENT_BEFORE_N/A_ACTUAL_POS] --(BEFORE)--> [EVENT_BEFORE_N/A_ACTUAL_POS] | [EVENT_BEFORE_N/A_ACTUAL_POS] --(BEFORE)--> [EVENT_BEFORE_N/A_ACTUAL_POS] | [EVENT_BEFORE_N/A_ACTUAL_POS] --(BEFORE)--> [EVENT_BEFORE_N/A_ACTUAL_POS],demandé,BEFORE,aspect,[RETOUR],demandé,BEFORE,explorer,[RETOUR],aspect,BEFORE,bronchoscopie
164,42,FR100623,[EVENT_BEFORE_N/A_ACTUAL_POS] --(BEFORE)--> [EVENT_BEFORE_N/A_ACTUAL_POS] | [EVENT_BEFORE_N/A_ACTUAL_POS] --(BEFORE)--> [EVENT_BEFORE_N/A_ACTUAL_POS] | [EVENT_BEFORE_N/A_ACTUAL_POS] --(BEFORE)--> [EVENT_BEFORE_N/A_ACTUAL_POS],examen,BEFORE,échographie,[RETOUR],examen,BEFORE,bilan,[RETOUR],échographie,BEFORE,tomodensitométrie
164,42,FR100629,[EVENT_BEFORE_N/A_ACTUAL_POS] --(BEFORE)--> [EVENT_BEFORE_N/A_ACTUAL_POS] | [EVENT_BEFORE_N/A_ACTUAL_POS] --(BEFORE)--> [EVENT_BEFORE_N/A_ACTUAL_POS] | [EVENT_BEFORE_N/A_ACTUAL_POS] --(BEFORE)--> [EVENT_BEFORE_N/A_ACTUAL_POS],marquage,BEFORE,bilan,[RETOUR],marquage,BEFORE,étude,[RETOUR],bilan,BEFORE,décision
164,42,FR100632,[EVENT_BEFORE_N/A_ACTUAL_POS] --(BEFORE)--> [EVENT_BEFORE_N/A_ACTUAL_POS] | [EVENT_BEFORE_N/A_ACTUAL_POS] --(BEFORE)--> [EVENT_BEFORE_N/A_ACTUAL_POS] | [EVENT_BEFORE_N/A_ACTUAL_POS] --(BEFORE)--> [EVENT_BEFORE_N/A_ACTUAL_POS],examen,BEFORE,sérologie,[RETOUR],examen,BEFORE,bilan,[RETOUR],sérologie,BEFORE,diagnostic
164,42,FR100663,[EVENT_BEFORE_N/A_ACTUAL_POS] --(BEFORE)--> [EVENT_BEFORE_N/A_ACTUAL_POS] | [EVENT_BEFORE_N/A_ACTUAL_POS] --(BEFORE)--> [EVENT_BEFORE_N/A_ACTUAL_POS] | [EVENT_BEFORE_N/A_ACTUAL_POS] --(BEFORE)--> [EVENT_BEFORE_N/A_ACTUAL_POS],décidé,BEFORE,ligature,[RETOUR],décidé,BEFORE,traitement,[RETOUR],ligature,BEFORE,décollé
164,42,FR100666,[EVENT_BEFORE_N/A_ACTUAL_POS] --(BEFORE)--> [EVENT_BEFORE_N/A_ACTUAL_POS] | [EVENT_BEFORE_N/A_ACTUAL_POS] --(BEFORE)--> [EVENT_BEFORE_N/A_ACTUAL_POS] | [EVENT_BEFORE_N/A_ACTUAL_POS] --(BEFORE)--> [EVENT_BEFORE_N/A_ACTUAL_POS],biopsie,BEFORE,étude,[RETOUR],biopsie,BEFORE,examen,[RETOUR],étude,BEFORE,adressé
164,42,FR100688,[EVENT_BEFORE_N/A_ACTUAL_POS] --(BEFORE)--> [EVENT_BEFORE_N/A_ACTUAL_POS] | [EVENT_BEFORE_N/A_ACTUAL_POS] --(BEFORE)--> [EVENT_BEFORE_N/A_ACTUAL_POS] | [EVENT_BEFORE_N/A_ACTUAL_POS] --(BEFORE)--> [EVENT_BEFORE_N/A_ACTUAL_POS],sérologie,BEFORE,radiographie,[RETOUR],sérologie,BEFORE,intradermoréaction,[RETOUR],radiographie,BEFORE,échographie
164,42,FR100689,[EVENT_BEFORE_N/A_ACTUAL_POS] --(BEFORE)--> [EVENT_BEFORE_N/A_ACTUAL_POS] | [EVENT_BEFORE_N/A_ACTUAL_POS] --(BEFORE)--> [EVENT_BEFORE_N/A_ACTUAL_POS] | [EVENT_BEFORE_N/A_ACTUAL_POS] --(BEFORE)--> [EVENT_BEFORE_N/A_ACTUAL_POS],demandé,BEFORE,examen,[RETOUR],demandé,BEFORE,avis,[RETOUR],examen,BEFORE,scanner
164,42,FR100697,[EVENT_BEFORE_N/A_ACTUAL_POS] --(BEFORE)--> [EVENT_BEFORE_N/A_ACTUAL_POS] | [EVENT_BEFORE_N/A_ACTUAL_POS] --(BEFORE)--> [EVENT_BEFORE_N/A_ACTUAL_POS] | [EVENT_BEFORE_N/A_ACTUAL_POS] --(BEFORE)--> [EVENT_BEFORE_N/A_ACTUAL_POS],examen,BEFORE,mammographie,[RETOUR],examen,BEFORE,reste,[RETOUR],mammographie,BEFORE,échographie
164,42,FR100708,[EVENT_BEFORE_N/A_ACTUAL_POS] --(BEFORE)--> [EVENT_BEFORE_N/A_ACTUAL_POS] | [EVENT_BEFORE_N/A_ACTUAL_POS] --(BEFORE)--> [EVENT_BEFORE_N/A_ACTUAL_POS] | [EVENT_BEFORE_N/A_ACTUAL_POS] --(BEFORE)--> [EVENT_BEFORE_N/A_ACTUAL_POS],demandée,BEFORE,tests,[RETOUR],demandée,BEFORE,IRM,[RETOUR],tests,BEFORE,mise
164,42,FR100748,[EVENT_BEFORE_N/A_ACTUAL_POS] --(BEFORE)--> [EVENT_BEFORE_N/A_ACTUAL_POS] | [EVENT_BEFORE_N/A_ACTUAL_POS] --(BEFORE)--> [EVENT_BEFORE_N/A_ACTUAL_POS] | [EVENT_BEFORE_N/A_ACTUAL_POS] --(BEFORE)--> [EVENT_BEFORE_N/A_ACTUAL_POS],mobilisation,BEFORE,suites,[RETOUR],mobilisation,BEFORE,résection,[RETOUR],suites,BEFORE,transférée
164,42,FR100780,[EVENT_BEFORE_N/A_ACTUAL_POS] --(BEFORE)--> [EVENT_BEFORE_N/A_ACTUAL_POS] | [EVENT_BEFORE_N/A_ACTUAL_POS] --(BEFORE)--> [EVENT_BEFORE_N/A_ACTUAL_POS] | [EVENT_BEFORE_N/A_ACTUAL_POS] --(BEFORE)--> [EVENT_BEFORE_N/A_ACTUAL_POS],geste,BEFORE,geste,[RETOUR],geste,BEFORE,accouchement,[RETOUR],geste,BEFORE,geste
164,42,FR100826,[EVENT_BEFORE_N/A_ACTUAL_POS] --(BEFORE)--> [EVENT_BEFORE_N/A_ACTUAL_POS] | [EVENT_BEFORE_N/A_ACTUAL_POS] --(BEFORE)--> [EVENT_BEFORE_N/A_ACTUAL_POS] | [EVENT_BEFORE_N/A_ACTUAL_POS] --(BEFORE)--> [EVENT_BEFORE_N/A_ACTUAL_POS],admis,BEFORE,examen,[RETOUR],admis,BEFORE,transplantation,[RETOUR],examen,BEFORE,bilan
164,42,FR100845,[EVENT_BEFORE_N/A_ACTUAL_POS] --(BEFORE)--> [EVENT_BEFORE_N/A_ACTUAL_POS] | [EVENT_BEFORE_N/A_ACTUAL_POS] --(BEFORE)--> [EVENT_BEFORE_N/A_ACTUAL_POS] | [EVENT_BEFORE_N/A_ACTUAL_POS] --(BEFORE)--> [EVENT_BEFORE_N/A_ACTUAL_POS],extraction,BEFORE,examen,[RETOUR],extraction,BEFORE,Apgar,[RETOUR],examen,BEFORE,examinés
164,42,FR100870,[EVENT_BEFORE_N/A_ACTUAL_POS] --(BEFORE)--> [EVENT_BEFORE_N/A_ACTUAL_POS] | [EVENT_BEFORE_N/A_ACTUAL_POS] --(BEFORE)--> [EVENT_BEFORE_N/A_ACTUAL_POS] | [EVENT_BEFORE_N/A_ACTUAL_POS] --(BEFORE)--> [EVENT_BEFORE_N/A_ACTUAL_POS],immunosoustraction,BEFORE,immunofixation,[RETOUR],immunosoustraction,BEFORE,typer,[RETOUR],immunofixation,BEFORE,bilan
164,42,FR100882,[EVENT_BEFORE_N/A_ACTUAL_POS] --(BEFORE)--> [EVENT_BEFORE_N/A_ACTUAL_POS] | [EVENT_BEFORE_N/A_ACTUAL_POS] --(BEFORE)--> [EVENT_BEFORE_N/A_ACTUAL_POS] | [EVENT_BEFORE_N/A_ACTUAL_POS] --(BEFORE)--> [EVENT_BEFORE_N/A_ACTUAL_POS],laminectomie,BEFORE,Imagerie,[RETOUR],laminectomie,BEFORE,suites,[RETOUR],Imagerie,BEFORE,bilan
164,42,FR100903,[EVENT_BEFORE_N/A_ACTUAL_POS] --(BEFORE)--> [EVENT_BEFORE_N/A_ACTUAL_POS] | [EVENT_BEFORE_N/A_ACTUAL_POS] --(BEFORE)--> [EVENT_BEFORE_N/A_ACTUAL_POS] | [EVENT_BEFORE_N/A_ACTUAL_POS] --(BEFORE)--> [EVENT_BEFORE_N/A_ACTUAL_POS],écarté,BEFORE,contrôles,[RETOUR],écarté,BEFORE,réfléchir,[RETOUR],contrôles,BEFORE,accouchement
164,42,FR100919,[EVENT_BEFORE_N/A_ACTUAL_POS] --(BEFORE)--> [EVENT_BEFORE_N/A_ACTUAL_POS] | [EVENT_BEFORE_N/A_ACTUAL_POS] --(BEFORE)--> [EVENT_BEFORE_N/A_ACTUAL_POS] | [EVENT_BEFORE_N/A_ACTUAL_POS] --(BEFORE)--> [EVENT_BEFORE_N/A_ACTUAL_POS],correction,BEFORE,adressée,[RETOUR],correction,BEFORE,normalisation,[RETOUR],adressée,BEFORE,bilan
164,42,FR100932,[EVENT_BEFORE_N/A_ACTUAL_POS] --(BEFORE)--> [EVENT_BEFORE_N/A_ACTUAL_POS] | [EVENT_BEFORE_N/A_ACTUAL_POS] --(BEFORE)--> [EVENT_BEFORE_N/A_ACTUAL_POS] | [EVENT_BEFORE_N/A_ACTUAL_POS] --(BEFORE)--> [EVENT_BEFORE_N/A_ACTUAL_POS],mise,BEFORE,opérée,[RETOUR],mise,BEFORE,imagerie,[RETOUR],opérée,BEFORE,évolution
164,42,FR100946,[EVENT_BEFORE_N/A_ACTUAL_POS] --(BEFORE)--> [EVENT_BEFORE_N/A_ACTUAL_POS] | [EVENT_BEFORE_N/A_ACTUAL_POS] --(BEFORE)--> [EVENT_BEFORE_N/A_ACTUAL_POS] | [EVENT_BEFORE_N/A_ACTUAL_POS] --(BEFORE)--> [EVENT_BEFORE_N/A_ACTUAL_POS],mise,BEFORE,analyse,[RETOUR],mise,BEFORE,exérèse,[RETOUR],analyse,BEFORE,mise
10,41,FR100003,[EVENT_BEFORE_N/A_ACTUAL_POS] --(CONTAINS)--> [EVENT_BEFORE_N/A_ACTUAL_POS] | [EVENT_BEFORE_N/A_ACTUAL_POS] --(OVERLAP)--> [EVENT_BEFORE_N/A_ACTUAL_POS],état,CONTAINS,Lexamen,[RETOUR],état,OVERLAP,SaO2,,,,
10,41,FR100078,[EVENT_BEFORE_N/A_ACTUAL_POS] --(CONTAINS)--> [EVENT_BEFORE_N/A_ACTUAL_POS] | [EVENT_BEFORE_N/A_ACTUAL_POS] --(OVERLAP)--> [EVENT_BEFORE_N/A_ACTUAL_POS],ulcères,CONTAINS,hospitalisation,[RETOUR],ulcères,OVERLAP,récidives,,,,
10,41,FR100092,[EVENT_BEFORE_N/A_ACTUAL_POS] --(CONTAINS)--> [EVENT_BEFORE_N/A_ACTUAL_POS] | [EVENT_BEFORE_N/A_ACTUAL_POS] --(OVERLAP)--> [EVENT_BEFORE_N/A_ACTUAL_POS],appendicite,CONTAINS,étude,[RETOUR],appendicite,OVERLAP,réaction,,,,
10,41,FR100120,[EVENT_BEFORE_N/A_ACTUAL_POS] --(CONTAINS)--> [EVENT_BEFORE_N/A_ACTUAL_POS] | [EVENT_BEFORE_N/A_ACTUAL_POS] --(OVERLAP)--> [EVENT_BEFORE_N/A_ACTUAL_POS],antécédents,CONTAINS,diabète,[RETOUR],antécédents,OVERLAP,détachement,,,,
10,41,FR100130,[EVENT_BEFORE_N/A_ACTUAL_POS] --(CONTAINS)--> [EVENT_BEFORE_N/A_ACTUAL_POS] | [EVENT_BEFORE_N/A_ACTUAL_POS] --(OVERLAP)--> [EVENT_BEFORE_N/A_ACTUAL_POS],réflexes,CONTAINS,examen,[RETOUR],réflexes,OVERLAP,réflexe,,,,
10,41,FR100132,[EVENT_BEFORE_N/A_ACTUAL_POS] --(CONTAINS)--> [EVENT_BEFORE_N/A_ACTUAL_POS] | [EVENT_BEFORE_N/A_ACTUAL_POS] --(OVERLAP)--> [EVENT_BEFORE_N/A_ACTUAL_POS],consultation,CONTAINS,référée,[RETOUR],consultation,OVERLAP,antécédents,,,,
10,41,FR100142,[EVENT_BEFORE_N/A_ACTUAL_POS] --(CONTAINS)--> [EVENT_BEFORE_N/A_ACTUAL_POS] | [EVENT_BEFORE_N/A_ACTUAL_POS] --(OVERLAP)--> [EVENT_BEFORE_N/A_ACTUAL_POS],taux,CONTAINS,passé,[RETOUR],taux,OVERLAP,ferritinémie,,,,
10,41,FR100161,[EVENT_BEFORE_N/A_ACTUAL_POS] --(CONTAINS)--> [EVENT_BEFORE_N/A_ACTUAL_POS] | [EVENT_BEFORE_N/A_ACTUAL_POS] --(OVERLAP)--> [EVENT_BEFORE_N/A_ACTUAL_POS],cytolyse,CONTAINS,examens,[RETOUR],cytolyse,OVERLAP,ALAT,,,,
10,41,FR100168,[EVENT_BEFORE_N/A_ACTUAL_POS] --(CONTAINS)--> [EVENT_BEFORE_N/A_ACTUAL_POS] | [EVENT_BEFORE_N/A_ACTUAL_POS] --(OVERLAP)--> [EVENT_BEFORE_N/A_ACTUAL_POS],entretien,CONTAINS,dévoiler,[RETOUR],entretien,OVERLAP,habitude,,,,
10,41,FR100275,[EVENT_BEFORE_N/A_ACTUAL_POS] --(CONTAINS)--> [EVENT_BEFORE_N/A_ACTUAL_POS] | [EVENT_BEFORE_N/A_ACTUAL_POS] --(OVERLAP)--> [EVENT_BEFORE_N/A_ACTUAL_POS],examen,CONTAINS,température,[RETOUR],examen,OVERLAP,bilan,,,,
10,41,FR100282,[EVENT_BEFORE_N/A_ACTUAL_POS] --(CONTAINS)--> [EVENT_BEFORE_N/A_ACTUAL_POS] | [EVENT_BEFORE_N/A_ACTUAL_POS] --(OVERLAP)--> [EVENT_BEFORE_N/A_ACTUAL_POS],crises,CONTAINS,soumis,[RETOUR],crises,OVERLAP,perte,,,,
10,41,FR100296,[EVENT_BEFORE_N/A_ACTUAL_POS] --(CONTAINS)--> [EVENT_BEFORE_N/A_ACTUAL_POS] | [EVENT_BEFORE_N/A_ACTUAL_POS] --(OVERLAP)--> [EVENT_BEFORE_N/A_ACTUAL_POS],émergence,CONTAINS,fenestration,[RETOUR],émergence,OVERLAP,sténosé,,,,
10,41,FR100361,[EVENT_BEFORE_N/A_ACTUAL_POS] --(CONTAINS)--> [EVENT_BEFORE_N/A_ACTUAL_POS] | [EVENT_BEFORE_N/A_ACTUAL_POS] --(OVERLAP)--> [EVENT_BEFORE_N/A_ACTUAL_POS],envahit,CONTAINS,étude,[RETOUR],envahit,OVERLAP,perméable,,,,
10,41,FR100371,[EVENT_BEFORE_N/A_ACTUAL_POS] --(CONTAINS)--> [EVENT_BEFORE_N/A_ACTUAL_POS] | [EVENT_BEFORE_N/A_ACTUAL_POS] --(OVERLAP)--> [EVENT_BEFORE_N/A_ACTUAL_POS],pesait,CONTAINS,examen,[RETOUR],pesait,OVERLAP,taille,,,,
10,41,FR100400,[EVENT_BEFORE_N/A_ACTUAL_POS] --(CONTAINS)--> [EVENT_BEFORE_N/A_ACTUAL_POS] | [EVENT_BEFORE_N/A_ACTUAL_POS] --(OVERLAP)--> [EVENT_BEFORE_N/A_ACTUAL_POS],suites,CONTAINS,retiré,[RETOUR],suites,OVERLAP,étude,,,,
10,41,FR100517,[EVENT_BEFORE_N/A_ACTUAL_POS] --(CONTAINS)--> [EVENT_BEFORE_N/A_ACTUAL_POS] | [EVENT_BEFORE_N/A_ACTUAL_POS] --(OVERLAP)--> [EVENT_BEFORE_N/A_ACTUAL_POS],bilan,CONTAINS,coloscopie,[RETOUR],bilan,OVERLAP,amélioration,,,,
10,41,FR100579,[EVENT_BEFORE_N/A_ACTUAL_POS] --(CONTAINS)--> [EVENT_BEFORE_N/A_ACTUAL_POS] | [EVENT_BEFORE_N/A_ACTUAL_POS] --(OVERLAP)--> [EVENT_BEFORE_N/A_ACTUAL_POS],antécédents,CONTAINS,traumatisme,[RETOUR],antécédents,OVERLAP,consulte,,,,
10,41,FR100589,[EVENT_BEFORE_N/A_ACTUAL_POS] --(CONTAINS)--> [EVENT_BEFORE_N/A_ACTUAL_POS] | [EVENT_BEFORE_N/A_ACTUAL_POS] --(OVERLAP)--> [EVENT_BEFORE_N/A_ACTUAL_POS],toux,CONTAINS,hospitalisation,[RETOUR],toux,OVERLAP,douleurs,,,,
10,41,FR100597,[EVENT_BEFORE_N/A_ACTUAL_POS] --(CONTAINS)--> [EVENT_BEFORE_N/A_ACTUAL_POS] | [EVENT_BEFORE_N/A_ACTUAL_POS] --(OVERLAP)--> [EVENT_BEFORE_N/A_ACTUAL_POS],hystérectomie,CONTAINS,exérèse,[RETOUR],hystérectomie,OVERLAP,examen,,,,
10,41,FR100620,[EVENT_BEFORE_N/A_ACTUAL_POS] --(CONTAINS)--> [EVENT_BEFORE_N/A_ACTUAL_POS] | [EVENT_BEFORE_N/A_ACTUAL_POS] --(OVERLAP)--> [EVENT_BEFORE_N/A_ACTUAL_POS],lésions,CONTAINS,radiographie,[RETOUR],lésions,OVERLAP,visibles,,,,
10,41,FR100632,[EVENT_BEFORE_N/A_ACTUAL_POS] --(CONTAINS)--> [EVENT_BEFORE_N/A_ACTUAL_POS] | [EVENT_BEFORE_N/A_ACTUAL_POS] --(OVERLAP)--> [EVENT_BEFORE_N/A_ACTUAL_POS],myélite,CONTAINS,diagnostic,[RETOUR],myélite,OVERLAP,hépatite,,,,
10,41,FR100658,[EVENT_BEFORE_N/A_ACTUAL_POS] --(CONTAINS)--> [EVENT_BEFORE_N/A_ACTUAL_POS] | [EVENT_BEFORE_N/A_ACTUAL_POS] --(OVERLAP)--> [EVENT_BEFORE_N/A_ACTUAL_POS],Opéré,CONTAINS,exérèse,[RETOUR],Opéré,OVERLAP,antécédents,,,,
10,41,FR100666,[EVENT_BEFORE_N/A_ACTUAL_POS] --(CONTAINS)--> [EVENT_BEFORE_N/A_ACTUAL_POS] | [EVENT_BEFORE_N/A_ACTUAL_POS] --(OVERLAP)--> [EVENT_BEFORE_N/A_ACTUAL_POS],traitement,CONTAINS,polychimiothérapie,[RETOUR],traitement,OVERLAP,pris,,,,
10,41,FR100683,[EVENT_BEFORE_N/A_ACTUAL_POS] --(CONTAINS)--> [EVENT_BEFORE_N/A_ACTUAL_POS] | [EVENT_BEFORE_N/A_ACTUAL_POS] --(OVERLAP)--> [EVENT_BEFORE_N/A_ACTUAL_POS],taux,CONTAINS,exploration,[RETOUR],taux,OVERLAP,LH,,,,
10,41,FR100689,[EVENT_BEFORE_N/A_ACTUAL_POS] --(CONTAINS)--> [EVENT_BEFORE_N/A_ACTUAL_POS] | [EVENT_BEFORE_N/A_ACTUAL_POS] --(OVERLAP)--> [EVENT_BEFORE_N/A_ACTUAL_POS],évolution,CONTAINS,apparition,[RETOUR],évolution,OVERLAP,symptomatologie,,,,
10,41,FR100697,[EVENT_BEFORE_N/A_ACTUAL_POS] --(CONTAINS)--> [EVENT_BEFORE_N/A_ACTUAL_POS] | [EVENT_BEFORE_N/A_ACTUAL_POS] --(OVERLAP)--> [EVENT_BEFORE_N/A_ACTUAL_POS],adénopathies,CONTAINS,échographie,[RETOUR],adénopathies,OVERLAP,épaississement,,,,
10,41,FR100717,[EVENT_BEFORE_N/A_ACTUAL_POS] --(CONTAINS)--> [EVENT_BEFORE_N/A_ACTUAL_POS] | [EVENT_BEFORE_N/A_ACTUAL_POS] --(OVERLAP)--> [EVENT_BEFORE_N/A_ACTUAL_POS],suites,CONTAINS,régression,[RETOUR],suites,OVERLAP,évolution,,,,
10,41,FR100748,[EVENT_BEFORE_N/A_ACTUAL_POS] --(CONTAINS)--> [EVENT_BEFORE_N/A_ACTUAL_POS] | [EVENT_BEFORE_N/A_ACTUAL_POS] --(OVERLAP)--> [EVENT_BEFORE_N/A_ACTUAL_POS],ouverture,CONTAINS,récliner,[RETOUR],ouverture,OVERLAP,libération,,,,
10,41,FR100780,[EVENT_BEFORE_N/A_ACTUAL_POS] --(CONTAINS)--> [EVENT_BEFORE_N/A_ACTUAL_POS] | [EVENT_BEFORE_N/A_ACTUAL_POS] --(OVERLAP)--> [EVENT_BEFORE_N/A_ACTUAL_POS],grossesse,CONTAINS,séances,[RETOUR],grossesse,OVERLAP,admise,,,,
10,41,FR100849,[EVENT_BEFORE_N/A_ACTUAL_POS] --(CONTAINS)--> [EVENT_BEFORE_N/A_ACTUAL_POS] | [EVENT_BEFORE_N/A_ACTUAL_POS] --(OVERLAP)--> [EVENT_BEFORE_N/A_ACTUAL_POS],admission,CONTAINS,examen,[RETOUR],admission,OVERLAP,pouls,,,,
10,41,FR100870,[EVENT_BEFORE_N/A_ACTUAL_POS] --(CONTAINS)--> [EVENT_BEFORE_N/A_ACTUAL_POS] | [EVENT_BEFORE_N/A_ACTUAL_POS] --(OVERLAP)--> [EVENT_BEFORE_N/A_ACTUAL_POS],anomalie,CONTAINS,imagerie,[RETOUR],anomalie,OVERLAP,processus,,,,
10,41,FR100882,[EVENT_BEFORE_N/A_ACTUAL_POS] --(CONTAINS)--> [EVENT_BEFORE_N/A_ACTUAL_POS] | [EVENT_BEFORE_N/A_ACTUAL_POS] --(OVERLAP)--> [EVENT_BEFORE_N/A_ACTUAL_POS],parésie,CONTAINS,examen,[RETOUR],parésie,OVERLAP,force,,,,
10,41,FR100894,[EVENT_BEFORE_N/A_ACTUAL_POS] --(CONTAINS)--> [EVENT_BEFORE_N/A_ACTUAL_POS] | [EVENT_BEFORE_N/A_ACTUAL_POS] --(OVERLAP)--> [EVENT_BEFORE_N/A_ACTUAL_POS],incision,CONTAINS,décompression,[RETOUR],incision,OVERLAP,rompu,,,,
10,41,FR100903,[EVENT_BEFORE_N/A_ACTUAL_POS] --(CONTAINS)--> [EVENT_BEFORE_N/A_ACTUAL_POS] | [EVENT_BEFORE_N/A_ACTUAL_POS] --(OVERLAP)--> [EVENT_BEFORE_N/A_ACTUAL_POS],anatomie,CONTAINS,échographie,[RETOUR],anatomie,OVERLAP,augmentation,,,,
10,41,FR100919,[EVENT_BEFORE_N/A_ACTUAL_POS] --(CONTAINS)--> [EVENT_BEFORE_N/A_ACTUAL_POS] | [EVENT_BEFORE_N/A_ACTUAL_POS] --(OVERLAP)--> [EVENT_BEFORE_N/A_ACTUAL_POS],signes,CONTAINS,bilans,[RETOUR],signes,OVERLAP,prise,,,,
10,41,FR100925,[EVENT_BEFORE_N/A_ACTUAL_POS] --(CONTAINS)--> [EVENT_BEFORE_N/A_ACTUAL_POS] | [EVENT_BEFORE_N/A_ACTUAL_POS] --(OVERLAP)--> [EVENT_BEFORE_N/A_ACTUAL_POS],infection,CONTAINS,bilan,[RETOUR],infection,OVERLAP,Ac,,,,
10,41,FR100996,[EVENT_BEFORE_N/A_ACTUAL_POS] --(CONTAINS)--> [EVENT_BEFORE_N/A_ACTUAL_POS] | [EVENT_BEFORE_N/A_ACTUAL_POS] --(OVERLAP)--> [EVENT_BEFORE_N/A_ACTUAL_POS],hernie,CONTAINS,retenu,[RETOUR],hernie,OVERLAP,signe,,,,
180,40,FR100003,[EVENT_BEFORE_N/A_ACTUAL_POS] --(BEFORE)--> [EVENT_BEFORE_N/A_ACTUAL_POS] | [EVENT_BEFORE_N/A_ACTUAL_POS] --(SIMULTANEOUS)--> [EVENT_BEFORE_N/A_ACTUAL_POS],drainage,BEFORE,traitement,SIMULTANEOUS,nécessaire,,,,,,
180,40,FR100120,[EVENT_BEFORE_N/A_ACTUAL_POS] --(BEFORE)--> [EVENT_BEFORE_N/A_ACTUAL_POS] | [EVENT_BEFORE_N/A_ACTUAL_POS] --(SIMULTANEOUS)--> [EVENT_BEFORE_N/A_ACTUAL_POS],reste,BEFORE,traitement,SIMULTANEOUS,inefficace,,,,,,
180,40,FR100130,[EVENT_BEFORE_N/A_ACTUAL_POS] --(BEFORE)--> [EVENT_BEFORE_N/A_ACTUAL_POS] | [EVENT_BEFORE_N/A_ACTUAL_POS] --(SIMULTANEOUS)--> [EVENT_BEFORE_N/A_ACTUAL_POS],administrées,BEFORE,reçu,SIMULTANEOUS,cures,,,,,,
180,40,FR100142,[EVENT_BEFORE_N/A_ACTUAL_POS] --(BEFORE)--> [EVENT_BEFORE_N/A_ACTUAL_POS] | [EVENT_BEFORE_N/A_ACTUAL_POS] --(SIMULTANEOUS)--> [EVENT_BEFORE_N/A_ACTUAL_POS],biopsie,BEFORE,mis,SIMULTANEOUS,quadrithérapie,,,,,,
180,40,FR100161,[EVENT_BEFORE_N/A_ACTUAL_POS] --(BEFORE)--> [EVENT_BEFORE_N/A_ACTUAL_POS] | [EVENT_BEFORE_N/A_ACTUAL_POS] --(SIMULTANEOUS)--> [EVENT_BEFORE_N/A_ACTUAL_POS],cortisol,BEFORE,exérèse,SIMULTANEOUS,laparotomie,,,,,,
180,40,FR100168,[EVENT_BEFORE_N/A_ACTUAL_POS] --(BEFORE)--> [EVENT_BEFORE_N/A_ACTUAL_POS] | [EVENT_BEFORE_N/A_ACTUAL_POS] --(SIMULTANEOUS)--> [EVENT_BEFORE_N/A_ACTUAL_POS],administrées,BEFORE,suites,SIMULTANEOUS,simples,,,,,,
180,40,FR100275,[EVENT_BEFORE_N/A_ACTUAL_POS] --(BEFORE)--> [EVENT_BEFORE_N/A_ACTUAL_POS] | [EVENT_BEFORE_N/A_ACTUAL_POS] --(SIMULTANEOUS)--> [EVENT_BEFORE_N/A_ACTUAL_POS],pris,BEFORE,trouvée,SIMULTANEOUS,découverte,,,,,,
180,40,FR100276,[EVENT_BEFORE_N/A_ACTUAL_POS] --(BEFORE)--> [EVENT_BEFORE_N/A_ACTUAL_POS] | [EVENT_BEFORE_N/A_ACTUAL_POS] --(SIMULTANEOUS)--> [EVENT_BEFORE_N/A_ACTUAL_POS],bilan,BEFORE,régression,SIMULTANEOUS,rapide,,,,,,
180,40,FR100282,[EVENT_BEFORE_N/A_ACTUAL_POS] --(BEFORE)--> [EVENT_BEFORE_N/A_ACTUAL_POS] | [EVENT_BEFORE_N/A_ACTUAL_POS] --(SIMULTANEOUS)--> [EVENT_BEFORE_N/A_ACTUAL_POS],monothérapie,BEFORE,multithérapie,SIMULTANEOUS,administrée,,,,,,
180,40,FR100283,[EVENT_BEFORE_N/A_ACTUAL_POS] --(BEFORE)--> [EVENT_BEFORE_N/A_ACTUAL_POS] | [EVENT_BEFORE_N/A_ACTUAL_POS] --(SIMULTANEOUS)--> [EVENT_BEFORE_N/A_ACTUAL_POS],traitement,BEFORE,évolution,SIMULTANEOUS,favorable,,,,,,
180,40,FR100296,[EVENT_BEFORE_N/A_ACTUAL_POS] --(BEFORE)--> [EVENT_BEFORE_N/A_ACTUAL_POS] | [EVENT_BEFORE_N/A_ACTUAL_POS] --(SIMULTANEOUS)--> [EVENT_BEFORE_N/A_ACTUAL_POS],interrogatoire,BEFORE,examen,SIMULTANEOUS,examen,,,,,,
180,40,FR100344,[EVENT_BEFORE_N/A_ACTUAL_POS] --(BEFORE)--> [EVENT_BEFORE_N/A_ACTUAL_POS] | [EVENT_BEFORE_N/A_ACTUAL_POS] --(SIMULTANEOUS)--> [EVENT_BEFORE_N/A_ACTUAL_POS],développé,BEFORE,hospitalisation,SIMULTANEOUS,suivi,,,,,,
180,40,FR100346,[EVENT_BEFORE_N/A_ACTUAL_POS] --(BEFORE)--> [EVENT_BEFORE_N/A_ACTUAL_POS] | [EVENT_BEFORE_N/A_ACTUAL_POS] --(SIMULTANEOUS)--> [EVENT_BEFORE_N/A_ACTUAL_POS],gazométrie,BEFORE,reste,SIMULTANEOUS,normal,,,,,,
180,40,FR100361,[EVENT_BEFORE_N/A_ACTUAL_POS] --(BEFORE)--> [EVENT_BEFORE_N/A_ACTUAL_POS] | [EVENT_BEFORE_N/A_ACTUAL_POS] --(SIMULTANEOUS)--> [EVENT_BEFORE_N/A_ACTUAL_POS],culture,BEFORE,protéine,SIMULTANEOUS,CRP,,,,,,
180,40,FR100371,[EVENT_BEFORE_N/A_ACTUAL_POS] --(BEFORE)--> [EVENT_BEFORE_N/A_ACTUAL_POS] | [EVENT_BEFORE_N/A_ACTUAL_POS] --(SIMULTANEOUS)--> [EVENT_BEFORE_N/A_ACTUAL_POS],incision,BEFORE,suite,SIMULTANEOUS,simple,,,,,,
180,40,FR100400,[EVENT_BEFORE_N/A_ACTUAL_POS] --(BEFORE)--> [EVENT_BEFORE_N/A_ACTUAL_POS] | [EVENT_BEFORE_N/A_ACTUAL_POS] --(SIMULTANEOUS)--> [EVENT_BEFORE_N/A_ACTUAL_POS],résection,BEFORE,suites,SIMULTANEOUS,favorables,,,,,,
180,40,FR100439,[EVENT_BEFORE_N/A_ACTUAL_POS] --(BEFORE)--> [EVENT_BEFORE_N/A_ACTUAL_POS] | [EVENT_BEFORE_N/A_ACTUAL_POS] --(SIMULTANEOUS)--> [EVENT_BEFORE_N/A_ACTUAL_POS],classée,BEFORE,bénéficier,SIMULTANEOUS,traitement,,,,,,
180,40,FR100515,[EVENT_BEFORE_N/A_ACTUAL_POS] --(BEFORE)--> [EVENT_BEFORE_N/A_ACTUAL_POS] | [EVENT_BEFORE_N/A_ACTUAL_POS] --(SIMULTANEOUS)--> [EVENT_BEFORE_N/A_ACTUAL_POS],corticothérapie,BEFORE,corticothérapie,SIMULTANEOUS,méthotrexate,,,,,,
180,40,FR100517,[EVENT_BEFORE_N/A_ACTUAL_POS] --(BEFORE)--> [EVENT_BEFORE_N/A_ACTUAL_POS] | [EVENT_BEFORE_N/A_ACTUAL_POS] --(SIMULTANEOUS)--> [EVENT_BEFORE_N/A_ACTUAL_POS],radiographie,BEFORE,tomodensitométrie,SIMULTANEOUS,coupes,,,,,,
180,40,FR100519,[EVENT_BEFORE_N/A_ACTUAL_POS] --(BEFORE)--> [EVENT_BEFORE_N/A_ACTUAL_POS] | [EVENT_BEFORE_N/A_ACTUAL_POS] --(SIMULTANEOUS)--> [EVENT_BEFORE_N/A_ACTUAL_POS],persistance,BEFORE,tomodensitométrie,SIMULTANEOUS,TDM,,,,,,
180,40,FR100597,[EVENT_BEFORE_N/A_ACTUAL_POS] --(BEFORE)--> [EVENT_BEFORE_N/A_ACTUAL_POS] | [EVENT_BEFORE_N/A_ACTUAL_POS] --(SIMULTANEOUS)--> [EVENT_BEFORE_N/A_ACTUAL_POS],échographie,BEFORE,complété,SIMULTANEOUS,scanner,,,,,,
180,40,FR100603,[EVENT_BEFORE_N/A_ACTUAL_POS] --(BEFORE)--> [EVENT_BEFORE_N/A_ACTUAL_POS] | [EVENT_BEFORE_N/A_ACTUAL_POS] --(SIMULTANEOUS)--> [EVENT_BEFORE_N/A_ACTUAL_POS],hémocultures,BEFORE,évolution,SIMULTANEOUS,favorable,,,,,,
180,40,FR100614,[EVENT_BEFORE_N/A_ACTUAL_POS] --(BEFORE)--> [EVENT_BEFORE_N/A_ACTUAL_POS] | [EVENT_BEFORE_N/A_ACTUAL_POS] --(SIMULTANEOUS)--> [EVENT_BEFORE_N/A_ACTUAL_POS],rupture,BEFORE,intervention,SIMULTANEOUS,mesures,,,,,,
180,40,FR100629,[EVENT_BEFORE_N/A_ACTUAL_POS] --(BEFORE)--> [EVENT_BEFORE_N/A_ACTUAL_POS] | [EVENT_BEFORE_N/A_ACTUAL_POS] --(SIMULTANEOUS)--> [EVENT_BEFORE_N/A_ACTUAL_POS],radiographie,BEFORE,TDM,SIMULTANEOUS,tomodensitométrie,,,,,,
180,40,FR100658,[EVENT_BEFORE_N/A_ACTUAL_POS] --(BEFORE)--> [EVENT_BEFORE_N/A_ACTUAL_POS] | [EVENT_BEFORE_N/A_ACTUAL_POS] --(SIMULTANEOUS)--> [EVENT_BEFORE_N/A_ACTUAL_POS],laryngoscopie,BEFORE,tomodensitométrie,SIMULTANEOUS,TDM,,,,,,
180,40,FR100688,[EVENT_BEFORE_N/A_ACTUAL_POS] --(BEFORE)--> [EVENT_BEFORE_N/A_ACTUAL_POS] | [EVENT_BEFORE_N/A_ACTUAL_POS] --(SIMULTANEOUS)--> [EVENT_BEFORE_N/A_ACTUAL_POS],traitement,BEFORE,évolution,SIMULTANEOUS,favorable,,,,,,
180,40,FR100689,[EVENT_BEFORE_N/A_ACTUAL_POS] --(BEFORE)--> [EVENT_BEFORE_N/A_ACTUAL_POS] | [EVENT_BEFORE_N/A_ACTUAL_POS] --(SIMULTANEOUS)--> [EVENT_BEFORE_N/A_ACTUAL_POS],traitement,BEFORE,bithérapie,SIMULTANEOUS,traitement,,,,,,
180,40,FR100717,[EVENT_BEFORE_N/A_ACTUAL_POS] --(BEFORE)--> [EVENT_BEFORE_N/A_ACTUAL_POS] | [EVENT_BEFORE_N/A_ACTUAL_POS] --(SIMULTANEOUS)--> [EVENT_BEFORE_N/A_ACTUAL_POS],exploration,BEFORE,suites,SIMULTANEOUS,simples,,,,,,
180,40,FR100748,[EVENT_BEFORE_N/A_ACTUAL_POS] --(BEFORE)--> [EVENT_BEFORE_N/A_ACTUAL_POS] | [EVENT_BEFORE_N/A_ACTUAL_POS] --(SIMULTANEOUS)--> [EVENT_BEFORE_N/A_ACTUAL_POS],mobilisation,BEFORE,suites,SIMULTANEOUS,simples,,,,,,
180,40,FR100780,[EVENT_BEFORE_N/A_ACTUAL_POS] --(BEFORE)--> [EVENT_BEFORE_N/A_ACTUAL_POS] | [EVENT_BEFORE_N/A_ACTUAL_POS] --(SIMULTANEOUS)--> [EVENT_BEFORE_N/A_ACTUAL_POS],geste,BEFORE,geste,SIMULTANEOUS,grossesse,,,,,,
180,40,FR100806,[EVENT_BEFORE_N/A_ACTUAL_POS] --(BEFORE)--> [EVENT_BEFORE_N/A_ACTUAL_POS] | [EVENT_BEFORE_N/A_ACTUAL_POS] --(SIMULTANEOUS)--> [EVENT_BEFORE_N/A_ACTUAL_POS],examen,BEFORE,suites,SIMULTANEOUS,simples,,,,,,
180,40,FR100826,[EVENT_BEFORE_N/A_ACTUAL_POS] --(BEFORE)--> [EVENT_BEFORE_N/A_ACTUAL_POS] | [EVENT_BEFORE_N/A_ACTUAL_POS] --(SIMULTANEOUS)--> [EVENT_BEFORE_N/A_ACTUAL_POS],exploration,BEFORE,suites,SIMULTANEOUS,simples,,,,,,
180,40,FR100845,[EVENT_BEFORE_N/A_ACTUAL_POS] --(BEFORE)--> [EVENT_BEFORE_N/A_ACTUAL_POS] | [EVENT_BEFORE_N/A_ACTUAL_POS] --(SIMULTANEOUS)--> [EVENT_BEFORE_N/A_ACTUAL_POS],décision,BEFORE,extraction,SIMULTANEOUS,difficile,,,,,,
180,40,FR100849,[EVENT_BEFORE_N/A_ACTUAL_POS] --(BEFORE)--> [EVENT_BEFORE_N/A_ACTUAL_POS] | [EVENT_BEFORE_N/A_ACTUAL_POS] --(SIMULTANEOUS)--> [EVENT_BEFORE_N/A_ACTUAL_POS],acheminé,BEFORE,suites,SIMULTANEOUS,simples,,,,,,
180,40,FR100870,[EVENT_BEFORE_N/A_ACTUAL_POS] --(BEFORE)--> [EVENT_BEFORE_N/A_ACTUAL_POS] | [EVENT_BEFORE_N/A_ACTUAL_POS] --(SIMULTANEOUS)--> [EVENT_BEFORE_N/A_ACTUAL_POS],dosage,BEFORE,étude,SIMULTANEOUS,FISH,,,,,,
180,40,FR100882,[EVENT_BEFORE_N/A_ACTUAL_POS] --(BEFORE)--> [EVENT_BEFORE_N/A_ACTUAL_POS] | [EVENT_BEFORE_N/A_ACTUAL_POS] --(SIMULTANEOUS)--> [EVENT_BEFORE_N/A_ACTUAL_POS],laminectomie,BEFORE,Imagerie,SIMULTANEOUS,IRM,,,,,,
180,40,FR100894,[EVENT_BEFORE_N/A_ACTUAL_POS] --(BEFORE)--> [EVENT_BEFORE_N/A_ACTUAL_POS] | [EVENT_BEFORE_N/A_ACTUAL_POS] --(SIMULTANEOUS)--> [EVENT_BEFORE_N/A_ACTUAL_POS],incision,BEFORE,immobilisé,SIMULTANEOUS,plâtre,,,,,,
180,40,FR100921,[EVENT_BEFORE_N/A_ACTUAL_POS] --(BEFORE)--> [EVENT_BEFORE_N/A_ACTUAL_POS] | [EVENT_BEFORE_N/A_ACTUAL_POS] --(SIMULTANEOUS)--> [EVENT_BEFORE_N/A_ACTUAL_POS],imagerie,BEFORE,exérèse,SIMULTANEOUS,exérèse,,,,,,
180,40,FR100932,[EVENT_BEFORE_N/A_ACTUAL_POS] --(BEFORE)--> [EVENT_BEFORE_N/A_ACTUAL_POS] | [EVENT_BEFORE_N/A_ACTUAL_POS] --(SIMULTANEOUS)--> [EVENT_BEFORE_N/A_ACTUAL_POS],opérée,BEFORE,évolution,SIMULTANEOUS,favorable,,,,,,
180,40,FR100959,[EVENT_BEFORE_N/A_ACTUAL_POS] --(BEFORE)--> [EVENT_BEFORE_N/A_ACTUAL_POS] | [EVENT_BEFORE_N/A_ACTUAL_POS] --(SIMULTANEOUS)--> [EVENT_BEFORE_N/A_ACTUAL_POS],œsophagoscopie,BEFORE,Transit,SIMULTANEOUS,TOGD,,,,,,
